combination_id,n,k,p,q,thrshld,p1,p2,beta,seeds,case_A_count,case_B_count,case_C_count,case_Invalid_count,delta_star_mean,delta_star_std,status
1,2000,8,3,2.0,4.0,0.1,0.5,1.0,4,277,223,0,0,,,success
2,2000,8,3,2.0,4.0,0.1,0.5,1.2,4,206,234,60,0,0.9221557587146193,0.18552095301285562,success
4,2000,8,3,2.0,4.0,0.1,0.5,1.5999999999999999,4,127,275,98,0,0.8359417042925225,0.24542975110243692,success
3,2000,8,3,2.0,4.0,0.1,0.5,1.4,4,158,268,74,0,0.8362451122639417,0.24158117187902942,success
6,2000,8,3,2.0,4.0,0.1,0.5,1.9999999999999998,4,63,338,99,0,0.7670490129605356,0.23314698748791032,success
7,2000,8,3,2.0,4.0,0.1,0.5,2.1999999999999997,4,41,359,100,0,0.7290074023735543,0.25715676515410324,success
5,2000,8,3,2.0,4.0,0.1,0.5,1.7999999999999998,4,93,308,99,0,0.8076374317461031,0.23226054795511866,success
8,2000,8,3,2.0,4.0,0.1,0.5,2.3999999999999995,4,19,387,94,0,0.6532301854008294,0.26707091850835113,success
30,2000,8,3,2.0,4.0,0.1,0.5,6.799999999999999,4,0,441,59,0,0.3867738534984016,0.14755175563582892,success
27,2000,8,3,2.0,4.0,0.1,0.5,6.199999999999999,4,0,441,59,0,0.3860716659092978,0.1447485505108426,success
29,2000,8,3,2.0,4.0,0.1,0.5,6.599999999999999,4,0,441,59,0,0.38788640784659867,0.14882252538881025,success
32,2000,8,3,2.0,4.0,0.1,0.5,7.199999999999998,4,0,441,59,0,0.3865204886290508,0.14780101653726996,success
28,2000,8,3,2.0,4.0,0.1,0.5,6.399999999999999,4,0,441,59,0,0.38729029663718556,0.14754377590596832,success
25,2000,8,3,2.0,4.0,0.1,0.5,5.799999999999999,4,0,441,59,0,0.38940251416525157,0.15174607516554822,success
9,2000,8,3,2.0,4.0,0.1,0.5,2.5999999999999996,4,8,408,84,0,0.6527453806881619,0.2398395731618879,success
22,2000,8,3,2.0,4.0,0.1,0.5,5.199999999999999,4,0,441,59,0,0.391724350547307,0.1492782692095397,success
26,2000,8,3,2.0,4.0,0.1,0.5,5.999999999999999,4,0,441,59,0,0.3900850476451427,0.150052799053975,success
21,2000,8,3,2.0,4.0,0.1,0.5,4.999999999999999,4,0,441,59,0,0.39510971788325144,0.1484597310118677,success
23,2000,8,3,2.0,4.0,0.1,0.5,5.399999999999999,4,0,441,59,0,0.3892970638532202,0.14833121898635826,success
24,2000,8,3,2.0,4.0,0.1,0.5,5.599999999999999,4,0,441,59,0,0.3888909668916342,0.14969331983864473,success
20,2000,8,3,2.0,4.0,0.1,0.5,4.799999999999999,4,0,441,59,0,0.4002700816978197,0.155232203679037,success
31,2000,8,3,2.0,4.0,0.1,0.5,6.999999999999998,4,0,441,59,0,0.38675657852264284,0.14704330784925504,success
18,2000,8,3,2.0,4.0,0.1,0.5,4.3999999999999995,4,0,441,59,0,0.39581647660512714,0.14799502519721539,success
19,2000,8,3,2.0,4.0,0.1,0.5,4.6,4,0,442,58,0,0.3969322861578727,0.1479715105078165,success
16,2000,8,3,2.0,4.0,0.1,0.5,3.999999999999999,4,0,441,59,0,0.40053531501311695,0.16182607693227408,success
17,2000,8,3,2.0,4.0,0.1,0.5,4.199999999999999,4,0,441,59,0,0.40202055029625194,0.1500009869174285,success
10,2000,8,3,2.0,4.0,0.1,0.5,2.8,4,2,424,74,0,0.5474544859349753,0.23709866987940106,success
14,2000,8,3,2.0,4.0,0.1,0.5,3.5999999999999996,4,0,439,61,0,0.4172767553390927,0.17432766316506754,success
13,2000,8,3,2.0,4.0,0.1,0.5,3.3999999999999995,4,1,440,59,0,0.4263972775893907,0.16964998537352927,success
12,2000,8,3,2.0,4.0,0.1,0.5,3.1999999999999993,4,1,440,59,0,0.4390135243865181,0.16225367191266077,success
15,2000,8,3,2.0,4.0,0.1,0.5,3.7999999999999994,4,0,440,60,0,0.4174590092916442,0.15993221256981582,success
11,2000,8,3,2.0,4.0,0.1,0.5,2.9999999999999996,4,0,438,62,0,0.47365964322248905,0.18834762774568442,success
35,2000,8,3,2.0,4.0,0.1,0.5,7.799999999999999,4,0,441,59,0,0.3867423929064737,0.14816769789117976,success
47,2000,8,3,2.0,4.0,0.1,0.51,1.0,4,278,222,0,0,,,success
33,2000,8,3,2.0,4.0,0.1,0.5,7.399999999999999,4,0,441,59,0,0.3864697555513345,0.14770235671519738,success
34,2000,8,3,2.0,4.0,0.1,0.5,7.599999999999999,4,0,441,59,0,0.38701156492278194,0.1480034907775241,success
38,2000,8,3,2.0,4.0,0.1,0.5,8.399999999999999,4,0,441,59,0,0.3855530242277572,0.14584766296073387,success
36,2000,8,3,2.0,4.0,0.1,0.5,7.999999999999998,4,0,441,59,0,0.3857141161325763,0.1464045646894537,success
37,2000,8,3,2.0,4.0,0.1,0.5,8.2,4,0,441,59,0,0.38601401572625593,0.14665890082753189,success
51,2000,8,3,2.0,4.0,0.1,0.51,1.7999999999999998,4,94,306,100,0,0.8037030191224628,0.23440994816406482,success
48,2000,8,3,2.0,4.0,0.1,0.51,1.2,4,207,234,59,0,0.920836364794528,0.18682930542855433,success
50,2000,8,3,2.0,4.0,0.1,0.51,1.5999999999999999,4,127,275,98,0,0.8359417042925222,0.24542975110243692,success
49,2000,8,3,2.0,4.0,0.1,0.51,1.4,4,158,268,74,0,0.8362451122639417,0.24158117187902942,success
40,2000,8,3,2.0,4.0,0.1,0.5,8.799999999999997,4,0,441,59,0,0.386209682077638,0.1473197441469916,success
52,2000,8,3,2.0,4.0,0.1,0.51,1.9999999999999998,4,63,335,102,0,0.7598657067028529,0.2364292698726531,success
39,2000,8,3,2.0,4.0,0.1,0.5,8.599999999999998,4,0,441,59,0,0.38621058717448903,0.14728489783452448,success
53,2000,8,3,2.0,4.0,0.1,0.51,2.1999999999999997,4,41,357,102,0,0.7216828897117802,0.25973778488832183,success
42,2000,8,3,2.0,4.0,0.1,0.5,9.199999999999998,4,0,441,59,0,0.3856067503447853,0.14617236814675727,success
43,2000,8,3,2.0,4.0,0.1,0.5,9.399999999999999,4,0,441,59,0,0.385820338931614,0.14662188761539915,success
41,2000,8,3,2.0,4.0,0.1,0.5,8.999999999999998,4,0,441,59,0,0.38596351680276464,0.14653738154399495,success
45,2000,8,3,2.0,4.0,0.1,0.5,9.799999999999997,4,0,441,59,0,0.38630037567441405,0.14736830166859727,success
44,2000,8,3,2.0,4.0,0.1,0.5,9.599999999999998,4,0,441,59,0,0.38602309122333583,0.14679947100858046,success
54,2000,8,3,2.0,4.0,0.1,0.51,2.3999999999999995,4,19,386,95,0,0.6442369676348819,0.2685810712574149,success
46,2000,8,3,2.0,4.0,0.1,0.5,9.999999999999998,4,0,441,59,0,0.38622132942013404,0.14735675494722492,success
55,2000,8,3,2.0,4.0,0.1,0.51,2.5999999999999996,4,8,407,85,0,0.641196718034981,0.24029131339737028,success
64,2000,8,3,2.0,4.0,0.1,0.51,4.3999999999999995,4,0,439,61,0,0.3954602985569451,0.14981069533515143,success
56,2000,8,3,2.0,4.0,0.1,0.51,2.8,4,2,422,76,0,0.5440445827631376,0.23757819264115168,success
57,2000,8,3,2.0,4.0,0.1,0.51,2.9999999999999996,4,0,436,64,0,0.4722609938291169,0.19406278062487042,success
63,2000,8,3,2.0,4.0,0.1,0.51,4.199999999999999,4,0,439,61,0,0.40195230853781,0.1515511167493095,success
62,2000,8,3,2.0,4.0,0.1,0.51,3.999999999999999,4,0,439,61,0,0.39995447287781566,0.1644612045617472,success
61,2000,8,3,2.0,4.0,0.1,0.51,3.7999999999999994,4,0,438,62,0,0.41553858024307944,0.16187058268633178,success
60,2000,8,3,2.0,4.0,0.1,0.51,3.5999999999999996,4,0,437,63,0,0.41538320636329307,0.17655982510214008,success
59,2000,8,3,2.0,4.0,0.1,0.51,3.3999999999999995,4,1,438,61,0,0.4255784173530323,0.17552021829888284,success
58,2000,8,3,2.0,4.0,0.1,0.51,3.1999999999999993,4,1,438,61,0,0.43831535676229805,0.16890366123461703,success
66,2000,8,3,2.0,4.0,0.1,0.51,4.799999999999999,4,0,439,61,0,0.39825722062316243,0.15672718978392436,success
65,2000,8,3,2.0,4.0,0.1,0.51,4.6,4,0,440,60,0,0.3952633607838133,0.1499809532185517,success
69,2000,8,3,2.0,4.0,0.1,0.51,5.399999999999999,4,0,439,61,0,0.3885400500956824,0.15098743196766887,success
74,2000,8,3,2.0,4.0,0.1,0.51,6.399999999999999,4,0,439,61,0,0.38661579078109287,0.1503862299268825,success
71,2000,8,3,2.0,4.0,0.1,0.51,5.799999999999999,4,0,439,61,0,0.3887556743614865,0.15458665248735906,success
72,2000,8,3,2.0,4.0,0.1,0.51,5.999999999999999,4,0,439,61,0,0.38918978459568365,0.15259888234622063,success
67,2000,8,3,2.0,4.0,0.1,0.51,4.999999999999999,4,0,439,61,0,0.3937894229113396,0.15047300002827044,success
73,2000,8,3,2.0,4.0,0.1,0.51,6.199999999999999,4,0,439,61,0,0.3856560126379527,0.14843725719452905,success
75,2000,8,3,2.0,4.0,0.1,0.51,6.599999999999999,4,0,439,61,0,0.3867408313344939,0.15101909344610398,success
76,2000,8,3,2.0,4.0,0.1,0.51,6.799999999999999,4,0,439,61,0,0.3861255708973148,0.15033641905158743,success
70,2000,8,3,2.0,4.0,0.1,0.51,5.599999999999999,4,0,439,61,0,0.38815265347279565,0.15213604860410018,success
68,2000,8,3,2.0,4.0,0.1,0.51,5.199999999999999,4,0,439,61,0,0.3906179027922466,0.15113565550348107,success
77,2000,8,3,2.0,4.0,0.1,0.51,6.999999999999998,4,0,439,61,0,0.3852849846204563,0.1485793329846992,success
79,2000,8,3,2.0,4.0,0.1,0.51,7.399999999999999,4,0,439,61,0,0.38443657287469035,0.1474646341813588,success
80,2000,8,3,2.0,4.0,0.1,0.51,7.599999999999999,4,0,439,61,0,0.38606842572897154,0.1503405396412828,success
81,2000,8,3,2.0,4.0,0.1,0.51,7.799999999999999,4,0,439,61,0,0.3853251066163356,0.14939798552384384,success
82,2000,8,3,2.0,4.0,0.1,0.51,7.999999999999998,4,0,439,61,0,0.38416306043485116,0.14753676376743255,success
78,2000,8,3,2.0,4.0,0.1,0.51,7.199999999999998,4,0,439,61,0,0.38500584056879383,0.14857558255161296,success
86,2000,8,3,2.0,4.0,0.1,0.51,8.799999999999997,4,0,439,61,0,0.3847421753532646,0.1484644265872705,success
83,2000,8,3,2.0,4.0,0.1,0.51,8.2,4,0,439,61,0,0.3843673503312143,0.14775892147241523,success
84,2000,8,3,2.0,4.0,0.1,0.51,8.399999999999999,4,0,439,61,0,0.3844336483398085,0.14795424975008462,success
85,2000,8,3,2.0,4.0,0.1,0.51,8.599999999999998,4,0,439,61,0,0.38487529735921383,0.14857781121259495,success
87,2000,8,3,2.0,4.0,0.1,0.51,8.999999999999998,4,0,439,61,0,0.38491366586913556,0.14889133036795618,success
93,2000,8,3,2.0,4.0,0.1,0.52,1.0,4,278,222,0,0,,,success
94,2000,8,3,2.0,4.0,0.1,0.52,1.2,4,207,234,59,0,0.920836364794528,0.18682930542855433,success
95,2000,8,3,2.0,4.0,0.1,0.52,1.4,4,158,268,74,0,0.8362451122639417,0.24158117187902942,success
96,2000,8,3,2.0,4.0,0.1,0.52,1.5999999999999999,4,127,275,98,0,0.8359417042925222,0.24542975110243692,success
90,2000,8,3,2.0,4.0,0.1,0.51,9.599999999999998,4,0,439,61,0,0.3847073440985914,0.14841949453398165,success
88,2000,8,3,2.0,4.0,0.1,0.51,9.199999999999998,4,0,439,61,0,0.3845297436593858,0.1481869229689625,success
92,2000,8,3,2.0,4.0,0.1,0.51,9.999999999999998,4,0,439,61,0,0.38495325598668617,0.14887801139392506,success
89,2000,8,3,2.0,4.0,0.1,0.51,9.399999999999999,4,0,439,61,0,0.3846615294872281,0.14848449048366238,success
91,2000,8,3,2.0,4.0,0.1,0.51,9.799999999999997,4,0,439,61,0,0.38506793040516135,0.1489800826865967,success
97,2000,8,3,2.0,4.0,0.1,0.52,1.7999999999999998,4,94,306,100,0,0.8037030191224628,0.23440994816406482,success
98,2000,8,3,2.0,4.0,0.1,0.52,1.9999999999999998,4,63,335,102,0,0.7598657067028529,0.2364292698726531,success
99,2000,8,3,2.0,4.0,0.1,0.52,2.1999999999999997,4,41,357,102,0,0.7216828897117802,0.25973778488832183,success
100,2000,8,3,2.0,4.0,0.1,0.52,2.3999999999999995,4,19,386,95,0,0.64562629950454,0.2679472874169701,success
101,2000,8,3,2.0,4.0,0.1,0.52,2.5999999999999996,4,8,407,85,0,0.6426848674612099,0.23951125752166375,success
110,2000,8,3,2.0,4.0,0.1,0.52,4.3999999999999995,4,0,438,62,0,0.39246981405999415,0.15134254570193303,success
117,2000,8,3,2.0,4.0,0.1,0.52,5.799999999999999,4,0,438,62,0,0.3863775599417012,0.15598981742537213,success
109,2000,8,3,2.0,4.0,0.1,0.52,4.199999999999999,4,0,438,62,0,0.3988542499515044,0.1534310921242765,success
111,2000,8,3,2.0,4.0,0.1,0.52,4.6,4,0,439,61,0,0.39224926710713115,0.15141415699917618,success
113,2000,8,3,2.0,4.0,0.1,0.52,4.999999999999999,4,0,438,62,0,0.3908188274834189,0.15143395838252344,success
112,2000,8,3,2.0,4.0,0.1,0.52,4.799999999999999,4,0,438,62,0,0.39520458727780555,0.15760199522371302,success
115,2000,8,3,2.0,4.0,0.1,0.52,5.399999999999999,4,0,438,62,0,0.38565549825432144,0.1512935956661839,success
116,2000,8,3,2.0,4.0,0.1,0.52,5.599999999999999,4,0,438,62,0,0.38551685101287003,0.1532407659004469,success
102,2000,8,3,2.0,4.0,0.1,0.52,2.8,4,2,422,76,0,0.5456225534283132,0.2361461917322892,success
108,2000,8,3,2.0,4.0,0.1,0.52,3.999999999999999,4,0,438,62,0,0.3966935773436545,0.16569184936831438,success
114,2000,8,3,2.0,4.0,0.1,0.52,5.199999999999999,4,0,438,62,0,0.387833125118687,0.15210955206531251,success
107,2000,8,3,2.0,4.0,0.1,0.52,3.7999999999999994,4,0,437,63,0,0.4119945477560043,0.16196710666827502,success
118,2000,8,3,2.0,4.0,0.1,0.52,5.999999999999999,4,0,438,62,0,0.38676364251629736,0.15386312246555336,success
106,2000,8,3,2.0,4.0,0.1,0.52,3.5999999999999996,4,0,436,64,0,0.4126325973306235,0.17674890495950718,success
119,2000,8,3,2.0,4.0,0.1,0.52,6.199999999999999,4,0,438,62,0,0.38320532867307655,0.14961883140243376,success
105,2000,8,3,2.0,4.0,0.1,0.52,3.3999999999999995,4,1,437,62,0,0.4222605239657245,0.17605387114381688,success
103,2000,8,3,2.0,4.0,0.1,0.52,2.9999999999999996,4,0,435,65,0,0.4695609728655016,0.1937134554996152,success
104,2000,8,3,2.0,4.0,0.1,0.52,3.1999999999999993,4,1,437,62,0,0.43586877873290897,0.16856211849347366,success
120,2000,8,3,2.0,4.0,0.1,0.52,6.399999999999999,4,0,438,62,0,0.3842648103234409,0.15192985797095776,success
122,2000,8,3,2.0,4.0,0.1,0.52,6.799999999999999,4,0,438,62,0,0.3837231797216847,0.1514591618604606,success
123,2000,8,3,2.0,4.0,0.1,0.52,6.999999999999998,4,0,438,62,0,0.3832224788336142,0.1504940861861165,success
121,2000,8,3,2.0,4.0,0.1,0.52,6.599999999999999,4,0,438,62,0,0.3843984775088588,0.15223875050230729,success
124,2000,8,3,2.0,4.0,0.1,0.52,7.199999999999998,4,0,438,62,0,0.38257052469832825,0.14984207123016616,success
126,2000,8,3,2.0,4.0,0.1,0.52,7.599999999999999,4,0,438,62,0,0.38374838962145247,0.15143857204582709,success
127,2000,8,3,2.0,4.0,0.1,0.52,7.799999999999999,4,0,438,62,0,0.3829899926348348,0.1506603370508179,success
125,2000,8,3,2.0,4.0,0.1,0.52,7.399999999999999,4,0,438,62,0,0.3824652112463809,0.14945110600833802,success
128,2000,8,3,2.0,4.0,0.1,0.52,7.999999999999998,4,0,438,62,0,0.3822025713606132,0.14941195467130852,success
129,2000,8,3,2.0,4.0,0.1,0.52,8.2,4,0,438,62,0,0.38190020478112313,0.14891819709787155,success
130,2000,8,3,2.0,4.0,0.1,0.52,8.399999999999999,4,0,438,62,0,0.3826202712937404,0.15008617641795358,success
131,2000,8,3,2.0,4.0,0.1,0.52,8.599999999999998,4,0,438,62,0,0.38251567302491235,0.1498544668209335,success
132,2000,8,3,2.0,4.0,0.1,0.52,8.799999999999997,4,0,438,62,0,0.3824043387611873,0.14978234625307962,success
139,2000,8,3,2.0,4.0,0.1,0.53,1.0,4,278,222,0,0,,,success
142,2000,8,3,2.0,4.0,0.1,0.53,1.5999999999999999,4,127,275,98,0,0.8359417042925222,0.24542975110243692,success
140,2000,8,3,2.0,4.0,0.1,0.53,1.2,4,207,234,59,0,0.920836364794528,0.18682930542855433,success
141,2000,8,3,2.0,4.0,0.1,0.53,1.4,4,158,268,74,0,0.8362451122639417,0.24158117187902942,success
143,2000,8,3,2.0,4.0,0.1,0.53,1.7999999999999998,4,94,305,101,0,0.8003550496048176,0.23564940579024582,success
133,2000,8,3,2.0,4.0,0.1,0.52,8.999999999999998,4,0,438,62,0,0.3827006222634282,0.15034098876039106,success
144,2000,8,3,2.0,4.0,0.1,0.53,1.9999999999999998,4,63,334,103,0,0.7589902118604136,0.24163038151835065,success
145,2000,8,3,2.0,4.0,0.1,0.53,2.1999999999999997,4,41,356,103,0,0.7183097857383149,0.26179177674577214,success
134,2000,8,3,2.0,4.0,0.1,0.52,9.199999999999998,4,0,438,62,0,0.3826017234667588,0.15010148351895936,success
146,2000,8,3,2.0,4.0,0.1,0.53,2.3999999999999995,4,19,386,95,0,0.640219723390581,0.2690883109489074,success
135,2000,8,3,2.0,4.0,0.1,0.52,9.399999999999999,4,0,438,62,0,0.3824688041265228,0.1498331931016767,success
137,2000,8,3,2.0,4.0,0.1,0.52,9.799999999999997,4,0,438,62,0,0.3828815822518225,0.15073520496124915,success
136,2000,8,3,2.0,4.0,0.1,0.52,9.599999999999998,4,0,438,62,0,0.3825891883365163,0.15005278587958948,success
138,2000,8,3,2.0,4.0,0.1,0.52,9.999999999999998,4,0,438,62,0,0.3825334467920239,0.1500287984421382,success
147,2000,8,3,2.0,4.0,0.1,0.53,2.5999999999999996,4,8,406,86,0,0.6391913674977524,0.2408245344046428,success
148,2000,8,3,2.0,4.0,0.1,0.53,2.8,4,2,421,77,0,0.5437844414276517,0.2364685212132171,success
155,2000,8,3,2.0,4.0,0.1,0.53,4.199999999999999,4,0,437,63,0,0.3980276270504327,0.15307511037642027,success
154,2000,8,3,2.0,4.0,0.1,0.53,3.999999999999999,4,0,437,63,0,0.395887531296353,0.16515178491982796,success
153,2000,8,3,2.0,4.0,0.1,0.53,3.7999999999999994,4,0,436,64,0,0.41111126745152987,0.16171939317870127,success
151,2000,8,3,2.0,4.0,0.1,0.53,3.3999999999999995,4,1,436,63,0,0.4211514986347185,0.17581106388995837,success
156,2000,8,3,2.0,4.0,0.1,0.53,4.3999999999999995,4,0,437,63,0,0.3914266403565788,0.15067892318343565,success
150,2000,8,3,2.0,4.0,0.1,0.53,3.1999999999999993,4,1,436,63,0,0.43470943137125995,0.16876332226896115,success
149,2000,8,3,2.0,4.0,0.1,0.53,2.9999999999999996,4,0,434,66,0,0.46844747662041153,0.19393534209074662,success
152,2000,8,3,2.0,4.0,0.1,0.53,3.5999999999999996,4,0,435,65,0,0.41161708223012733,0.17642348572009364,success
157,2000,8,3,2.0,4.0,0.1,0.53,4.6,4,0,438,62,0,0.3914879818020143,0.15118399932537513,success
160,2000,8,3,2.0,4.0,0.1,0.53,5.199999999999999,4,0,437,63,0,0.38699545154538023,0.15161029063765313,success
159,2000,8,3,2.0,4.0,0.1,0.53,4.999999999999999,4,0,437,63,0,0.39013961463122804,0.15096043186992555,success
158,2000,8,3,2.0,4.0,0.1,0.53,4.799999999999999,4,0,437,63,0,0.39446531042468796,0.15715140651802698,success
161,2000,8,3,2.0,4.0,0.1,0.53,5.399999999999999,4,0,436,64,0,0.3942041171760867,0.16659842937619215,success
162,2000,8,3,2.0,4.0,0.1,0.53,5.599999999999999,4,0,437,63,0,0.38561558541825364,0.1537684410953231,success
163,2000,8,3,2.0,4.0,0.1,0.53,5.799999999999999,4,0,437,63,0,0.385496771318482,0.15505644126332235,success
164,2000,8,3,2.0,4.0,0.1,0.53,5.999999999999999,4,0,437,63,0,0.3859008454443302,0.15324272291563887,success
165,2000,8,3,2.0,4.0,0.1,0.53,6.199999999999999,4,0,437,63,0,0.3822699201047739,0.1488284713694573,success
166,2000,8,3,2.0,4.0,0.1,0.53,6.399999999999999,4,0,437,63,0,0.3833441464788734,0.15115320742202226,success
167,2000,8,3,2.0,4.0,0.1,0.53,6.599999999999999,4,0,437,63,0,0.383451519359032,0.1514169063463006,success
168,2000,8,3,2.0,4.0,0.1,0.53,6.799999999999999,4,0,437,63,0,0.3828611473836384,0.15090701021790667,success
169,2000,8,3,2.0,4.0,0.1,0.53,6.999999999999998,4,0,437,63,0,0.38243147016589063,0.15003955158917157,success
174,2000,8,3,2.0,4.0,0.1,0.53,7.999999999999998,4,0,437,63,0,0.3818316755509094,0.14956617049933765,success
173,2000,8,3,2.0,4.0,0.1,0.53,7.799999999999999,4,0,437,63,0,0.3822213737530204,0.1503694051021064,success
170,2000,8,3,2.0,4.0,0.1,0.53,7.199999999999998,4,0,437,63,0,0.3819352323948705,0.14958440409756035,success
172,2000,8,3,2.0,4.0,0.1,0.53,7.599999999999999,4,0,437,63,0,0.3831404369503512,0.15139084306426187,success
175,2000,8,3,2.0,4.0,0.1,0.53,8.2,4,0,437,63,0,0.3813737556628779,0.1486648417646779,success
177,2000,8,3,2.0,4.0,0.1,0.53,8.599999999999998,4,0,437,63,0,0.3819354365003601,0.14964381767100246,success
176,2000,8,3,2.0,4.0,0.1,0.53,8.399999999999999,4,0,437,63,0,0.3817217944525028,0.14928025170211576,success
178,2000,8,3,2.0,4.0,0.1,0.53,8.799999999999997,4,0,437,63,0,0.3818309961006277,0.14957766274560447,success
171,2000,8,3,2.0,4.0,0.1,0.53,7.399999999999999,4,0,437,63,0,0.38152542240229365,0.14873004463967116,success
179,2000,8,3,2.0,4.0,0.1,0.53,8.999999999999998,4,0,437,63,0,0.3819797275172862,0.14991524552734697,success
185,2000,8,3,2.0,4.0,0.1,0.54,1.0,4,279,221,0,0,,,success
188,2000,8,3,2.0,4.0,0.1,0.54,1.5999999999999999,4,127,275,98,0,0.8359417042925222,0.24542975110243692,success
186,2000,8,3,2.0,4.0,0.1,0.54,1.2,4,208,233,59,0,0.920836364794528,0.18682930542855433,success
187,2000,8,3,2.0,4.0,0.1,0.54,1.4,4,158,268,74,0,0.8362451122639417,0.24158117187902942,success
189,2000,8,3,2.0,4.0,0.1,0.54,1.7999999999999998,4,94,305,101,0,0.8003550496048176,0.23564940579024582,success
180,2000,8,3,2.0,4.0,0.1,0.53,9.199999999999998,4,0,437,63,0,0.381990118182789,0.14987833895065364,success
190,2000,8,3,2.0,4.0,0.1,0.54,1.9999999999999998,4,63,333,104,0,0.761307613669448,0.24161314283185378,success
191,2000,8,3,2.0,4.0,0.1,0.54,2.1999999999999997,4,41,356,103,0,0.7183097857383149,0.26179177674577214,success
184,2000,8,3,2.0,4.0,0.1,0.53,9.999999999999998,4,0,437,63,0,0.38173491461840187,0.14944653018659504,success
182,2000,8,3,2.0,4.0,0.1,0.53,9.599999999999998,4,0,437,63,0,0.38194739872800043,0.14991910564411728,success
181,2000,8,3,2.0,4.0,0.1,0.53,9.399999999999999,4,0,437,63,0,0.3819367645467718,0.14975708403019478,success
183,2000,8,3,2.0,4.0,0.1,0.53,9.799999999999997,4,0,437,63,0,0.381988890412092,0.149907463378437,success
192,2000,8,3,2.0,4.0,0.1,0.54,2.3999999999999995,4,19,386,95,0,0.6426352902556031,0.26846107981734757,success
193,2000,8,3,2.0,4.0,0.1,0.54,2.5999999999999996,4,8,404,88,0,0.6445376011958246,0.24014082877198636,success
194,2000,8,3,2.0,4.0,0.1,0.54,2.8,4,2,421,77,0,0.5473536650666563,0.23545109063319125,success
202,2000,8,3,2.0,4.0,0.1,0.54,4.3999999999999995,4,0,436,64,0,0.39511665584136624,0.15118909429115054,success
203,2000,8,3,2.0,4.0,0.1,0.54,4.6,4,0,437,63,0,0.3949089852420696,0.15187510165582202,success
199,2000,8,3,2.0,4.0,0.1,0.54,3.7999999999999994,4,0,435,65,0,0.4126539323719154,0.16102983182523822,success
208,2000,8,3,2.0,4.0,0.1,0.54,5.599999999999999,4,0,436,64,0,0.3878895026867174,0.1533352592319807,success
200,2000,8,3,2.0,4.0,0.1,0.54,3.999999999999999,4,0,436,64,0,0.39841644523593955,0.1650079520330698,success
209,2000,8,3,2.0,4.0,0.1,0.54,5.799999999999999,4,0,436,64,0,0.3879736930074655,0.15527332883924005,success
198,2000,8,3,2.0,4.0,0.1,0.54,3.5999999999999996,4,0,434,66,0,0.41511691786021343,0.17742467651647098,success
206,2000,8,3,2.0,4.0,0.1,0.54,5.199999999999999,4,0,436,64,0,0.38951684634337946,0.1516429616171246,success
204,2000,8,3,2.0,4.0,0.1,0.54,4.799999999999999,4,0,436,64,0,0.39656645999787177,0.15693137151533182,success
197,2000,8,3,2.0,4.0,0.1,0.54,3.3999999999999995,4,1,435,64,0,0.4244488568523421,0.17632513673034483,success
207,2000,8,3,2.0,4.0,0.1,0.54,5.399999999999999,4,0,436,64,0,0.38774885291843664,0.15155127795402334,success
201,2000,8,3,2.0,4.0,0.1,0.54,4.199999999999999,4,0,436,64,0,0.4003247563046438,0.1527747718297473,success
195,2000,8,3,2.0,4.0,0.1,0.54,2.9999999999999996,4,0,433,67,0,0.47162854465541365,0.1942135485322439,success
196,2000,8,3,2.0,4.0,0.1,0.54,3.1999999999999993,4,1,435,64,0,0.4382537525280844,0.16980218099045313,success
205,2000,8,3,2.0,4.0,0.1,0.54,4.999999999999999,4,0,436,64,0,0.39293703925442286,0.1513640184643244,success
210,2000,8,3,2.0,4.0,0.1,0.54,5.999999999999999,4,0,436,64,0,0.3890006542522212,0.15436548057233196,success
212,2000,8,3,2.0,4.0,0.1,0.54,6.399999999999999,4,0,436,64,0,0.38662181384454775,0.1525060824175703,success
211,2000,8,3,2.0,4.0,0.1,0.54,6.199999999999999,4,0,436,64,0,0.38532070239095956,0.14970134882806466,success
213,2000,8,3,2.0,4.0,0.1,0.54,6.599999999999999,4,0,436,64,0,0.385639964161786,0.15108382095756853,success
215,2000,8,3,2.0,4.0,0.1,0.54,6.999999999999998,4,0,436,64,0,0.38462873424838573,0.14957853110942343,success
214,2000,8,3,2.0,4.0,0.1,0.54,6.799999999999999,4,0,436,64,0,0.3848202122174874,0.14995456058807044,success
216,2000,8,3,2.0,4.0,0.1,0.54,7.199999999999998,4,0,436,64,0,0.38428750451725036,0.1495946897588257,success
217,2000,8,3,2.0,4.0,0.1,0.54,7.399999999999999,4,0,436,64,0,0.3838176375523039,0.1486886211890151,success
218,2000,8,3,2.0,4.0,0.1,0.54,7.599999999999999,4,0,436,64,0,0.3851045881284099,0.15076226727467087,success
219,2000,8,3,2.0,4.0,0.1,0.54,7.799999999999999,4,0,436,64,0,0.3840846868471943,0.14952201667423623,success
220,2000,8,3,2.0,4.0,0.1,0.54,7.999999999999998,4,0,436,64,0,0.384155824491638,0.14954803630330393,success
222,2000,8,3,2.0,4.0,0.1,0.54,8.399999999999999,4,0,436,64,0,0.38385123209122374,0.1489782874020335,success
221,2000,8,3,2.0,4.0,0.1,0.54,8.2,4,0,436,64,0,0.3836371293117487,0.14864751018116762,success
223,2000,8,3,2.0,4.0,0.1,0.54,8.599999999999998,4,0,436,64,0,0.38398960550134875,0.149082420217418,success
224,2000,8,3,2.0,4.0,0.1,0.54,8.799999999999997,4,0,436,64,0,0.3838901221520631,0.1490285844545626,success
225,2000,8,3,2.0,4.0,0.1,0.54,8.999999999999998,4,0,436,64,0,0.38440257118656357,0.1500313867068022,success
231,2000,8,3,2.0,4.0,0.1,0.55,1.0,4,280,220,0,0,,,success
232,2000,8,3,2.0,4.0,0.1,0.55,1.2,4,209,232,59,0,0.920836364794528,0.18682930542855433,success
233,2000,8,3,2.0,4.0,0.1,0.55,1.4,4,158,268,74,0,0.8362451122639417,0.24158117187902942,success
234,2000,8,3,2.0,4.0,0.1,0.55,1.5999999999999999,4,127,275,98,0,0.8374972975473086,0.2435337605425927,success
226,2000,8,3,2.0,4.0,0.1,0.54,9.199999999999998,4,0,436,64,0,0.38438166225007875,0.14996376246494728,success
235,2000,8,3,2.0,4.0,0.1,0.55,1.7999999999999998,4,94,305,101,0,0.8016876132583071,0.23400942199827457,success
236,2000,8,3,2.0,4.0,0.1,0.55,1.9999999999999998,4,63,333,104,0,0.7622198882600048,0.24049237572045984,success
237,2000,8,3,2.0,4.0,0.1,0.55,2.1999999999999997,4,41,356,103,0,0.718907218463755,0.26108250689621404,success
227,2000,8,3,2.0,4.0,0.1,0.54,9.399999999999999,4,0,436,64,0,0.3844573377899737,0.15002896986615977,success
238,2000,8,3,2.0,4.0,0.1,0.55,2.3999999999999995,4,19,387,94,0,0.6399243524671719,0.2668569967924443,success
228,2000,8,3,2.0,4.0,0.1,0.54,9.599999999999998,4,0,436,64,0,0.38425427700421566,0.14974727099817928,success
230,2000,8,3,2.0,4.0,0.1,0.54,9.999999999999998,4,0,436,64,0,0.38408351621357084,0.14941254182380428,success
229,2000,8,3,2.0,4.0,0.1,0.54,9.799999999999997,4,0,436,64,0,0.38427909691863005,0.14972360764682452,success
239,2000,8,3,2.0,4.0,0.1,0.55,2.5999999999999996,4,8,404,88,0,0.6445328673255841,0.23976103604370042,success
240,2000,8,3,2.0,4.0,0.1,0.55,2.8,4,2,421,77,0,0.5485443823609135,0.236749994797995,success
245,2000,8,3,2.0,4.0,0.1,0.55,3.7999999999999994,4,0,435,65,0,0.4133957094709988,0.16084327905858928,success
241,2000,8,3,2.0,4.0,0.1,0.55,2.9999999999999996,4,0,433,67,0,0.47197681777637224,0.19400335203675523,success
249,2000,8,3,2.0,4.0,0.1,0.55,4.6,4,0,437,63,0,0.3963731381080462,0.15258896718774986,success
243,2000,8,3,2.0,4.0,0.1,0.55,3.3999999999999995,4,1,435,64,0,0.4249922115775223,0.17605226798551588,success
248,2000,8,3,2.0,4.0,0.1,0.55,4.3999999999999995,4,0,435,65,0,0.4049387494496119,0.16676160307132915,success
244,2000,8,3,2.0,4.0,0.1,0.55,3.5999999999999996,4,0,434,66,0,0.4157583710983549,0.177243479729705,success
247,2000,8,3,2.0,4.0,0.1,0.55,4.199999999999999,4,0,436,64,0,0.40129132712785187,0.15300222124675797,success
246,2000,8,3,2.0,4.0,0.1,0.55,3.999999999999999,4,0,436,64,0,0.39934981794834196,0.16524717790394414,success
242,2000,8,3,2.0,4.0,0.1,0.55,3.1999999999999993,4,1,435,64,0,0.4388035618074922,0.1695347170181708,success
250,2000,8,3,2.0,4.0,0.1,0.55,4.799999999999999,4,0,436,64,0,0.39710050245560574,0.15712752790975051,success
252,2000,8,3,2.0,4.0,0.1,0.55,5.199999999999999,4,0,436,64,0,0.39081501760386433,0.15325467634428233,success
251,2000,8,3,2.0,4.0,0.1,0.55,4.999999999999999,4,0,435,65,0,0.40240689380190886,0.1662716185302994,success
255,2000,8,3,2.0,4.0,0.1,0.55,5.799999999999999,4,0,436,64,0,0.3880346087288401,0.15411147508363165,success
254,2000,8,3,2.0,4.0,0.1,0.55,5.599999999999999,4,0,436,64,0,0.38882341965903666,0.15288621495768354,success
253,2000,8,3,2.0,4.0,0.1,0.55,5.399999999999999,4,0,436,64,0,0.38850003581569503,0.15167848198015746,success
256,2000,8,3,2.0,4.0,0.1,0.55,5.999999999999999,4,0,436,64,0,0.3892431234562651,0.15346655047295607,success
257,2000,8,3,2.0,4.0,0.1,0.55,6.199999999999999,4,0,436,64,0,0.38523326209213776,0.14831951521996048,success
258,2000,8,3,2.0,4.0,0.1,0.55,6.399999999999999,4,0,436,64,0,0.38687798441451215,0.15159072053351094,success
260,2000,8,3,2.0,4.0,0.1,0.55,6.799999999999999,4,0,436,64,0,0.3853461409257276,0.14960264538660215,success
259,2000,8,3,2.0,4.0,0.1,0.55,6.599999999999999,4,0,436,64,0,0.3854632255842444,0.14932663170385244,success
261,2000,8,3,2.0,4.0,0.1,0.55,6.999999999999998,4,0,436,64,0,0.3849295129500313,0.14909807161211813,success
262,2000,8,3,2.0,4.0,0.1,0.55,7.199999999999998,4,0,436,64,0,0.3847067752239984,0.14916730852751328,success
263,2000,8,3,2.0,4.0,0.1,0.55,7.399999999999999,4,0,436,64,0,0.3846121010219319,0.14907624266381928,success
264,2000,8,3,2.0,4.0,0.1,0.55,7.599999999999999,4,0,436,64,0,0.3853884916656992,0.14998607099067252,success
265,2000,8,3,2.0,4.0,0.1,0.55,7.799999999999999,4,0,436,64,0,0.3846458884442947,0.14931953086962965,success
266,2000,8,3,2.0,4.0,0.1,0.55,7.999999999999998,4,0,436,64,0,0.38494916105020494,0.1499807842124899,success
269,2000,8,3,2.0,4.0,0.1,0.55,8.599999999999998,4,0,436,64,0,0.3848021815820823,0.149442314968899,success
268,2000,8,3,2.0,4.0,0.1,0.55,8.399999999999999,4,0,436,64,0,0.38480480072718926,0.14958026304705602,success
267,2000,8,3,2.0,4.0,0.1,0.55,8.2,4,0,436,64,0,0.38411556765049804,0.14839824886247002,success
270,2000,8,3,2.0,4.0,0.1,0.55,8.799999999999997,4,0,436,64,0,0.3846863684017825,0.1491987734166216,success
271,2000,8,3,2.0,4.0,0.1,0.55,8.999999999999998,4,0,436,64,0,0.38466494742386126,0.14929172669946578,success
277,2000,8,3,2.0,4.0,0.1,0.56,1.0,4,280,220,0,0,,,success
278,2000,8,3,2.0,4.0,0.1,0.56,1.2,4,209,232,59,0,0.920836364794528,0.18682930542855433,success
279,2000,8,3,2.0,4.0,0.1,0.56,1.4,4,158,268,74,0,0.8362451122639417,0.24158117187902942,success
280,2000,8,3,2.0,4.0,0.1,0.56,1.5999999999999999,4,127,275,98,0,0.8374972975473086,0.2435337605425927,success
272,2000,8,3,2.0,4.0,0.1,0.55,9.199999999999998,4,0,436,64,0,0.38479301827360424,0.14954251792239956,success
282,2000,8,3,2.0,4.0,0.1,0.56,1.9999999999999998,4,63,332,105,0,0.7638347994516654,0.23990476297456995,success
281,2000,8,3,2.0,4.0,0.1,0.56,1.7999999999999998,4,94,304,102,0,0.8036318523440099,0.23367454718976172,success
283,2000,8,3,2.0,4.0,0.1,0.56,2.1999999999999997,4,41,356,103,0,0.7200017563019896,0.26014493006426426,success
276,2000,8,3,2.0,4.0,0.1,0.55,9.999999999999998,4,0,436,64,0,0.38476281775059495,0.1497185913741372,success
284,2000,8,3,2.0,4.0,0.1,0.56,2.3999999999999995,4,19,387,94,0,0.6399243524671719,0.2668569967924443,success
273,2000,8,3,2.0,4.0,0.1,0.55,9.399999999999999,4,0,436,64,0,0.3850247326429698,0.14996836926360438,success
274,2000,8,3,2.0,4.0,0.1,0.55,9.599999999999998,4,0,436,64,0,0.3849024367371857,0.14986370317587555,success
275,2000,8,3,2.0,4.0,0.1,0.55,9.799999999999997,4,0,436,64,0,0.3848372446506059,0.14969636653569218,success
285,2000,8,3,2.0,4.0,0.1,0.56,2.5999999999999996,4,8,404,88,0,0.6436278734379066,0.2396104967292828,success
286,2000,8,3,2.0,4.0,0.1,0.56,2.8,4,2,420,78,0,0.546489569243549,0.23590669076978316,success
287,2000,8,3,2.0,4.0,0.1,0.56,2.9999999999999996,4,0,433,67,0,0.4719674365018384,0.19398797888843722,success
288,2000,8,3,2.0,4.0,0.1,0.56,3.1999999999999993,4,1,435,64,0,0.4388134947550115,0.1695318725064631,success
289,2000,8,3,2.0,4.0,0.1,0.56,3.3999999999999995,4,1,435,64,0,0.4249974645180178,0.17605524623117294,success
296,2000,8,3,2.0,4.0,0.1,0.56,4.799999999999999,4,0,436,64,0,0.39751011783042817,0.15706946117403875,success
293,2000,8,3,2.0,4.0,0.1,0.56,4.199999999999999,4,0,436,64,0,0.4012743570483538,0.15294784532264308,success
292,2000,8,3,2.0,4.0,0.1,0.56,3.999999999999999,4,0,436,64,0,0.4001689502133028,0.1658163559911113,success
291,2000,8,3,2.0,4.0,0.1,0.56,3.7999999999999994,4,0,435,65,0,0.41428875930923187,0.16200521126942835,success
298,2000,8,3,2.0,4.0,0.1,0.56,5.199999999999999,4,0,436,64,0,0.3895277829275382,0.15184953577594343,success
299,2000,8,3,2.0,4.0,0.1,0.56,5.399999999999999,4,0,436,64,0,0.3879550319748345,0.15135188051150353,success
295,2000,8,3,2.0,4.0,0.1,0.56,4.6,4,0,437,63,0,0.3972070495074808,0.1533546766763429,success
294,2000,8,3,2.0,4.0,0.1,0.56,4.3999999999999995,4,0,436,64,0,0.39798638195062347,0.15280780607609656,success
297,2000,8,3,2.0,4.0,0.1,0.56,4.999999999999999,4,0,436,64,0,0.3934572863246786,0.15157413513334425,success
300,2000,8,3,2.0,4.0,0.1,0.56,5.599999999999999,4,0,436,64,0,0.3868902155247995,0.15119040621313654,success
290,2000,8,3,2.0,4.0,0.1,0.56,3.5999999999999996,4,0,434,66,0,0.41574966672194813,0.1772585129569085,success
302,2000,8,3,2.0,4.0,0.1,0.56,5.999999999999999,4,0,436,64,0,0.3892930441570041,0.1538706791899374,success
301,2000,8,3,2.0,4.0,0.1,0.56,5.799999999999999,4,0,436,64,0,0.3882564495973799,0.15384988086092266,success
303,2000,8,3,2.0,4.0,0.1,0.56,6.199999999999999,4,0,436,64,0,0.38553373158175475,0.1486768093524944,success
304,2000,8,3,2.0,4.0,0.1,0.56,6.399999999999999,4,0,436,64,0,0.3866070765662449,0.15120361149568495,success
305,2000,8,3,2.0,4.0,0.1,0.56,6.599999999999999,4,0,436,64,0,0.3862198812326171,0.15038160793122632,success
307,2000,8,3,2.0,4.0,0.1,0.56,6.999999999999998,4,0,436,64,0,0.3853496570482931,0.14936862214878585,success
306,2000,8,3,2.0,4.0,0.1,0.56,6.799999999999999,4,0,436,64,0,0.38567803884830054,0.14981897095717994,success
308,2000,8,3,2.0,4.0,0.1,0.56,7.199999999999998,4,0,436,64,0,0.3850662888998412,0.14927766122199235,success
309,2000,8,3,2.0,4.0,0.1,0.56,7.399999999999999,4,0,436,64,0,0.3846071191975066,0.14862083006897786,success
311,2000,8,3,2.0,4.0,0.1,0.56,7.799999999999999,4,0,436,64,0,0.38487318715501484,0.14918349758967409,success
310,2000,8,3,2.0,4.0,0.1,0.56,7.599999999999999,4,0,436,64,0,0.38559194712473155,0.14995555775689534,success
314,2000,8,3,2.0,4.0,0.1,0.56,8.399999999999999,4,0,436,64,0,0.3846717396497111,0.1488940686604625,success
312,2000,8,3,2.0,4.0,0.1,0.56,7.999999999999998,4,0,436,64,0,0.3851538294279002,0.14978258256294566,success
316,2000,8,3,2.0,4.0,0.1,0.56,8.799999999999997,4,0,436,64,0,0.3850286382577618,0.14963458784219014,success
313,2000,8,3,2.0,4.0,0.1,0.56,8.2,4,0,436,64,0,0.38440238616368727,0.1485457360630086,success
315,2000,8,3,2.0,4.0,0.1,0.56,8.599999999999998,4,0,436,64,0,0.3851759532824135,0.14971166355242954,success
317,2000,8,3,2.0,4.0,0.1,0.56,8.999999999999998,4,0,436,64,0,0.38503095221648964,0.14955447887357723,success
318,2000,8,3,2.0,4.0,0.1,0.56,9.199999999999998,4,0,436,64,0,0.38531038875447515,0.14999029311093745,success
319,2000,8,3,2.0,4.0,0.1,0.56,9.399999999999999,4,0,436,64,0,0.3854860210294716,0.15028423475092983,success
320,2000,8,3,2.0,4.0,0.1,0.56,9.599999999999998,4,0,436,64,0,0.3852797754980339,0.14990444336081593,success
323,2000,8,3,2.0,4.0,0.1,0.5700000000000001,1.0,4,280,220,0,0,,,success
325,2000,8,3,2.0,4.0,0.1,0.5700000000000001,1.4,4,158,268,74,0,0.8362451122639417,0.24158117187902942,success
326,2000,8,3,2.0,4.0,0.1,0.5700000000000001,1.5999999999999999,4,127,275,98,0,0.8374972975473086,0.2435337605425927,success
324,2000,8,3,2.0,4.0,0.1,0.5700000000000001,1.2,4,209,232,59,0,0.920836364794528,0.18682930542855433,success
327,2000,8,3,2.0,4.0,0.1,0.5700000000000001,1.7999999999999998,4,94,304,102,0,0.8036318523440099,0.23367454718976172,success
328,2000,8,3,2.0,4.0,0.1,0.5700000000000001,1.9999999999999998,4,63,332,105,0,0.7638347994516654,0.23990476297456995,success
329,2000,8,3,2.0,4.0,0.1,0.5700000000000001,2.1999999999999997,4,41,356,103,0,0.7200017563019896,0.26014493006426426,success
321,2000,8,3,2.0,4.0,0.1,0.56,9.799999999999997,4,0,436,64,0,0.3855427192229559,0.15060424520897672,success
330,2000,8,3,2.0,4.0,0.1,0.5700000000000001,2.3999999999999995,4,19,387,94,0,0.6399243524671719,0.2668569967924443,success
322,2000,8,3,2.0,4.0,0.1,0.56,9.999999999999998,4,0,436,64,0,0.3849429961648057,0.14949338802037496,success
331,2000,8,3,2.0,4.0,0.1,0.5700000000000001,2.5999999999999996,4,8,404,88,0,0.6436278734379066,0.2396104967292828,success
332,2000,8,3,2.0,4.0,0.1,0.5700000000000001,2.8,4,2,420,78,0,0.546489569243549,0.23590669076978316,success
333,2000,8,3,2.0,4.0,0.1,0.5700000000000001,2.9999999999999996,4,0,433,67,0,0.4719675443927956,0.19398812675951196,success
340,2000,8,3,2.0,4.0,0.1,0.5700000000000001,4.3999999999999995,4,0,436,64,0,0.39804364312703383,0.15291380067884866,success
342,2000,8,3,2.0,4.0,0.1,0.5700000000000001,4.799999999999999,4,0,436,64,0,0.3975856583797095,0.15681334326640708,success
336,2000,8,3,2.0,4.0,0.1,0.5700000000000001,3.5999999999999996,4,0,434,66,0,0.41568556634872367,0.1771163268314782,success
334,2000,8,3,2.0,4.0,0.1,0.5700000000000001,3.1999999999999993,4,1,435,64,0,0.43881585755942343,0.16953327168644883,success
341,2000,8,3,2.0,4.0,0.1,0.5700000000000001,4.6,4,0,437,63,0,0.3973765889723039,0.15351887141508394,success
339,2000,8,3,2.0,4.0,0.1,0.5700000000000001,4.199999999999999,4,0,436,64,0,0.4013674389462958,0.1529646190855341,success
337,2000,8,3,2.0,4.0,0.1,0.5700000000000001,3.7999999999999994,4,0,435,65,0,0.4142083067311336,0.16184229579655254,success
335,2000,8,3,2.0,4.0,0.1,0.5700000000000001,3.3999999999999995,4,1,435,64,0,0.42499585721082866,0.17605472623378116,success
338,2000,8,3,2.0,4.0,0.1,0.5700000000000001,3.999999999999999,4,0,436,64,0,0.4005697376211479,0.16595910946525594,success
345,2000,8,3,2.0,4.0,0.1,0.5700000000000001,5.399999999999999,4,0,436,64,0,0.3882088232692239,0.15145397315412504,success
346,2000,8,3,2.0,4.0,0.1,0.5700000000000001,5.599999999999999,4,0,436,64,0,0.38799550933899707,0.15280815348729795,success
344,2000,8,3,2.0,4.0,0.1,0.5700000000000001,5.199999999999999,4,0,436,64,0,0.3900721174702948,0.152416912180581,success
347,2000,8,3,2.0,4.0,0.1,0.5700000000000001,5.799999999999999,4,0,436,64,0,0.3884359501660723,0.15370663273778523,success
343,2000,8,3,2.0,4.0,0.1,0.5700000000000001,4.999999999999999,4,0,436,64,0,0.39385986126827965,0.1517618209403625,success
348,2000,8,3,2.0,4.0,0.1,0.5700000000000001,5.999999999999999,4,0,436,64,0,0.38921268817056043,0.15317820754085731,success
349,2000,8,3,2.0,4.0,0.1,0.5700000000000001,6.199999999999999,4,0,436,64,0,0.3857409063174558,0.14855387216753507,success
350,2000,8,3,2.0,4.0,0.1,0.5700000000000001,6.399999999999999,4,0,436,64,0,0.38698763026563054,0.15156939326763896,success
351,2000,8,3,2.0,4.0,0.1,0.5700000000000001,6.599999999999999,4,0,436,64,0,0.38679066588029937,0.15095693105163424,success
352,2000,8,3,2.0,4.0,0.1,0.5700000000000001,6.799999999999999,4,0,436,64,0,0.3854514475211682,0.14915587023096255,success
357,2000,8,3,2.0,4.0,0.1,0.5700000000000001,7.799999999999999,4,0,436,64,0,0.3856744905966656,0.15038933315368472,success
353,2000,8,3,2.0,4.0,0.1,0.5700000000000001,6.999999999999998,4,0,436,64,0,0.38551313599986675,0.14910509884629702,success
355,2000,8,3,2.0,4.0,0.1,0.5700000000000001,7.399999999999999,4,0,436,64,0,0.3852118123833034,0.14921945035293582,success
354,2000,8,3,2.0,4.0,0.1,0.5700000000000001,7.199999999999998,4,0,436,64,0,0.385634201837039,0.1500181940450345,success
356,2000,8,3,2.0,4.0,0.1,0.5700000000000001,7.599999999999999,4,0,436,64,0,0.3858966573117084,0.15015399449089412,success
359,2000,8,3,2.0,4.0,0.1,0.5700000000000001,8.2,4,0,436,64,0,0.384989880950858,0.14910083367892576,success
358,2000,8,3,2.0,4.0,0.1,0.5700000000000001,7.999999999999998,4,0,436,64,0,0.3857492891744577,0.1503561133674992,success
360,2000,8,3,2.0,4.0,0.1,0.5700000000000001,8.399999999999999,4,0,436,64,0,0.385364857931752,0.14968580849308866,success
361,2000,8,3,2.0,4.0,0.1,0.5700000000000001,8.599999999999998,4,0,436,64,0,0.38566120738806087,0.15009954052769228,success
362,2000,8,3,2.0,4.0,0.1,0.5700000000000001,8.799999999999997,4,0,436,64,0,0.38520410953640766,0.14953066239015383,success
363,2000,8,3,2.0,4.0,0.1,0.5700000000000001,8.999999999999998,4,0,436,64,0,0.3857530833658809,0.15038680088144502,success
369,2000,8,3,2.0,4.0,0.1,0.5800000000000001,1.0,4,281,219,0,0,,,success
370,2000,8,3,2.0,4.0,0.1,0.5800000000000001,1.2,4,210,232,58,0,0.9194714745323648,0.18816407791798598,success
372,2000,8,3,2.0,4.0,0.1,0.5800000000000001,1.5999999999999999,4,127,275,98,0,0.8374972975473086,0.2435337605425927,success
371,2000,8,3,2.0,4.0,0.1,0.5800000000000001,1.4,4,158,268,74,0,0.8362451122639417,0.24158117187902942,success
373,2000,8,3,2.0,4.0,0.1,0.5800000000000001,1.7999999999999998,4,94,304,102,0,0.8036318523440099,0.23367454718976172,success
374,2000,8,3,2.0,4.0,0.1,0.5800000000000001,1.9999999999999998,4,64,332,104,0,0.7623938548541193,0.24060952700515706,success
364,2000,8,3,2.0,4.0,0.1,0.5700000000000001,9.199999999999998,4,0,436,64,0,0.385791567212865,0.1503413708152158,success
375,2000,8,3,2.0,4.0,0.1,0.5800000000000001,2.1999999999999997,4,41,355,104,0,0.7194987054140789,0.2580903318193486,success
365,2000,8,3,2.0,4.0,0.1,0.5700000000000001,9.399999999999999,4,0,436,64,0,0.3858756303568578,0.15058956464941667,success
367,2000,8,3,2.0,4.0,0.1,0.5700000000000001,9.799999999999997,4,0,436,64,0,0.3856174809487931,0.15006737459595257,success
376,2000,8,3,2.0,4.0,0.1,0.5800000000000001,2.3999999999999995,4,19,387,94,0,0.6375000762376436,0.2645457954849105,success
366,2000,8,3,2.0,4.0,0.1,0.5700000000000001,9.599999999999998,4,0,436,64,0,0.3859676556487939,0.15072529339854593,success
368,2000,8,3,2.0,4.0,0.1,0.5700000000000001,9.999999999999998,4,0,436,64,0,0.3856256491690221,0.15011325011202817,success
377,2000,8,3,2.0,4.0,0.1,0.5800000000000001,2.5999999999999996,4,8,405,87,0,0.6396630956392575,0.2380670606881899,success
378,2000,8,3,2.0,4.0,0.1,0.5800000000000001,2.8,4,2,420,78,0,0.546489569243549,0.23590669076978316,success
379,2000,8,3,2.0,4.0,0.1,0.5800000000000001,2.9999999999999996,4,0,433,67,0,0.4719681960394568,0.19398867815208543,success
380,2000,8,3,2.0,4.0,0.1,0.5800000000000001,3.1999999999999993,4,1,435,64,0,0.43881533606232204,0.169532642312795,success
381,2000,8,3,2.0,4.0,0.1,0.5800000000000001,3.3999999999999995,4,1,435,64,0,0.4249966190564794,0.17605538724243328,success
382,2000,8,3,2.0,4.0,0.1,0.5800000000000001,3.5999999999999996,4,0,434,66,0,0.41578568000069643,0.17713999200837144,success
383,2000,8,3,2.0,4.0,0.1,0.5800000000000001,3.7999999999999994,4,0,435,65,0,0.4146126855875524,0.16170046102022312,success
384,2000,8,3,2.0,4.0,0.1,0.5800000000000001,3.999999999999999,4,0,436,64,0,0.400561338468812,0.16592273166290497,success
385,2000,8,3,2.0,4.0,0.1,0.5800000000000001,4.199999999999999,4,0,436,64,0,0.4013802538555289,0.15297288228588263,success
388,2000,8,3,2.0,4.0,0.1,0.5800000000000001,4.799999999999999,4,0,436,64,0,0.3976391502840668,0.15688002870050768,success
387,2000,8,3,2.0,4.0,0.1,0.5800000000000001,4.6,4,0,437,63,0,0.39730244581148383,0.15327842633431174,success
386,2000,8,3,2.0,4.0,0.1,0.5800000000000001,4.3999999999999995,4,0,436,64,0,0.3980629678125168,0.15285847658399124,success
390,2000,8,3,2.0,4.0,0.1,0.5800000000000001,5.199999999999999,4,0,436,64,0,0.3905188424233398,0.15245534672379413,success
389,2000,8,3,2.0,4.0,0.1,0.5800000000000001,4.999999999999999,4,0,436,64,0,0.39422986541142613,0.1518313976247528,success
392,2000,8,3,2.0,4.0,0.1,0.5800000000000001,5.599999999999999,4,0,436,64,0,0.38802641823716694,0.15294449538250518,success
394,2000,8,3,2.0,4.0,0.1,0.5800000000000001,5.999999999999999,4,0,436,64,0,0.389459963640432,0.15313190579108688,success
393,2000,8,3,2.0,4.0,0.1,0.5800000000000001,5.799999999999999,4,0,436,64,0,0.38894910250788695,0.15443690475687782,success
391,2000,8,3,2.0,4.0,0.1,0.5800000000000001,5.399999999999999,4,0,436,64,0,0.3884240337109849,0.1516139853264693,success
395,2000,8,3,2.0,4.0,0.1,0.5800000000000001,6.199999999999999,4,0,436,64,0,0.3859803068891698,0.14855859657170167,success
396,2000,8,3,2.0,4.0,0.1,0.5800000000000001,6.399999999999999,4,0,436,64,0,0.38742254449275504,0.1521329369467213,success
398,2000,8,3,2.0,4.0,0.1,0.5800000000000001,6.799999999999999,4,0,436,64,0,0.38571419403675167,0.1493740008280731,success
397,2000,8,3,2.0,4.0,0.1,0.5800000000000001,6.599999999999999,4,0,436,64,0,0.3867284615752346,0.15057187926458182,success
399,2000,8,3,2.0,4.0,0.1,0.5800000000000001,6.999999999999998,4,0,436,64,0,0.38580839549234247,0.14962083227567338,success
403,2000,8,3,2.0,4.0,0.1,0.5800000000000001,7.799999999999999,4,0,436,64,0,0.3854483944308689,0.14953699258451536,success
401,2000,8,3,2.0,4.0,0.1,0.5800000000000001,7.399999999999999,4,0,436,64,0,0.38564281568488995,0.14988044609496914,success
400,2000,8,3,2.0,4.0,0.1,0.5800000000000001,7.199999999999998,4,0,436,64,0,0.38549223693925605,0.14962076558409546,success
402,2000,8,3,2.0,4.0,0.1,0.5800000000000001,7.599999999999999,4,0,436,64,0,0.386045055705347,0.1502551771989979,success
404,2000,8,3,2.0,4.0,0.1,0.5800000000000001,7.999999999999998,4,0,436,64,0,0.3856272895925733,0.14961707280577025,success
405,2000,8,3,2.0,4.0,0.1,0.5800000000000001,8.2,4,0,436,64,0,0.3851634640772563,0.148943453234741,success
407,2000,8,3,2.0,4.0,0.1,0.5800000000000001,8.599999999999998,4,0,436,64,0,0.3856786199525064,0.14984641112495622,success
406,2000,8,3,2.0,4.0,0.1,0.5800000000000001,8.399999999999999,4,0,436,64,0,0.3855080242097677,0.14952509932926017,success
408,2000,8,3,2.0,4.0,0.1,0.5800000000000001,8.799999999999997,4,0,436,64,0,0.3853629822117729,0.1495062222246859,success
409,2000,8,3,2.0,4.0,0.1,0.5800000000000001,8.999999999999998,4,0,436,64,0,0.38562185313006797,0.1498480486444516,success
410,2000,8,3,2.0,4.0,0.1,0.5800000000000001,9.199999999999998,4,0,436,64,0,0.3856816757491042,0.14985690034212965,success
412,2000,8,3,2.0,4.0,0.1,0.5800000000000001,9.599999999999998,4,0,436,64,0,0.3860792579587683,0.15047317823379244,success
411,2000,8,3,2.0,4.0,0.1,0.5800000000000001,9.399999999999999,4,0,436,64,0,0.38567839431748074,0.14979020771917037,success
413,2000,8,3,2.0,4.0,0.1,0.5800000000000001,9.799999999999997,4,0,436,64,0,0.385603657290003,0.14972562784180168,success
415,2000,8,3,2.0,4.0,0.1,0.5900000000000001,1.0,4,281,219,0,0,,,success
414,2000,8,3,2.0,4.0,0.1,0.5800000000000001,9.999999999999998,4,0,436,64,0,0.38566801242292315,0.14992035838667211,success
416,2000,8,3,2.0,4.0,0.1,0.5900000000000001,1.2,4,210,232,58,0,0.9194714745323648,0.18816407791798598,success
417,2000,8,3,2.0,4.0,0.1,0.5900000000000001,1.4,4,158,268,74,0,0.8362451122639417,0.24158117187902942,success
418,2000,8,3,2.0,4.0,0.1,0.5900000000000001,1.5999999999999999,4,127,275,98,0,0.8374972975473086,0.2435337605425927,success
419,2000,8,3,2.0,4.0,0.1,0.5900000000000001,1.7999999999999998,4,94,303,103,0,0.8010282052861054,0.23402285662898814,success
420,2000,8,3,2.0,4.0,0.1,0.5900000000000001,1.9999999999999998,4,64,330,106,0,0.7668769896681924,0.2405104928248793,success
421,2000,8,3,2.0,4.0,0.1,0.5900000000000001,2.1999999999999997,4,41,354,105,0,0.717728951967724,0.2574859132384139,success
422,2000,8,3,2.0,4.0,0.1,0.5900000000000001,2.3999999999999995,4,19,385,96,0,0.6398090725432303,0.26475978540682854,success
423,2000,8,3,2.0,4.0,0.1,0.5900000000000001,2.5999999999999996,4,8,405,87,0,0.6296074305550117,0.23467157390956958,success
424,2000,8,3,2.0,4.0,0.1,0.5900000000000001,2.8,4,2,419,79,0,0.5444673054902556,0.23507776266820407,success
426,2000,8,3,2.0,4.0,0.1,0.5900000000000001,3.1999999999999993,4,1,434,65,0,0.43722330879911503,0.1687026301162458,success
427,2000,8,3,2.0,4.0,0.1,0.5900000000000001,3.3999999999999995,4,1,434,65,0,0.4240611493963535,0.1757918417238843,success
425,2000,8,3,2.0,4.0,0.1,0.5900000000000001,2.9999999999999996,4,0,432,68,0,0.4699754279481837,0.19329103590031654,success
438,2000,8,3,2.0,4.0,0.1,0.5900000000000001,5.599999999999999,4,0,435,65,0,0.38696934048481296,0.15182008541053615,success
440,2000,8,3,2.0,4.0,0.1,0.5900000000000001,5.999999999999999,4,0,435,65,0,0.38870807369565413,0.15243357968745458,success
436,2000,8,3,2.0,4.0,0.1,0.5900000000000001,5.199999999999999,4,0,435,65,0,0.3896326036304362,0.15165869933335577,success
431,2000,8,3,2.0,4.0,0.1,0.5900000000000001,4.199999999999999,4,0,435,65,0,0.4002431583087579,0.15215254204903178,success
432,2000,8,3,2.0,4.0,0.1,0.5900000000000001,4.3999999999999995,4,0,435,65,0,0.39712646516283157,0.15219416070263095,success
433,2000,8,3,2.0,4.0,0.1,0.5900000000000001,4.6,4,0,436,64,0,0.39631330621265415,0.15255703737990625,success
439,2000,8,3,2.0,4.0,0.1,0.5900000000000001,5.799999999999999,4,0,435,65,0,0.38811982621008595,0.15356468439464085,success
430,2000,8,3,2.0,4.0,0.1,0.5900000000000001,3.999999999999999,4,0,435,65,0,0.39931995786992697,0.16476556482975224,success
434,2000,8,3,2.0,4.0,0.1,0.5900000000000001,4.799999999999999,4,0,435,65,0,0.39682086797845634,0.1561198558883913,success
435,2000,8,3,2.0,4.0,0.1,0.5900000000000001,4.999999999999999,4,0,435,65,0,0.39414430725002353,0.15226481503853026,success
437,2000,8,3,2.0,4.0,0.1,0.5900000000000001,5.399999999999999,4,0,435,65,0,0.3874727258174018,0.15059914686342793,success
429,2000,8,3,2.0,4.0,0.1,0.5900000000000001,3.7999999999999994,4,0,434,66,0,0.4132847220521141,0.16062764809971286,success
428,2000,8,3,2.0,4.0,0.1,0.5900000000000001,3.5999999999999996,4,0,433,67,0,0.4155237376176397,0.1784435082684989,success
441,2000,8,3,2.0,4.0,0.1,0.5900000000000001,6.199999999999999,4,0,435,65,0,0.3852412865522616,0.14774947161735313,success
442,2000,8,3,2.0,4.0,0.1,0.5900000000000001,6.399999999999999,4,0,435,65,0,0.386308288123757,0.15059222927621727,success
443,2000,8,3,2.0,4.0,0.1,0.5900000000000001,6.599999999999999,4,0,435,65,0,0.3860988905198356,0.15001392380013032,success
445,2000,8,3,2.0,4.0,0.1,0.5900000000000001,6.999999999999998,4,0,435,65,0,0.3850370759080028,0.14879623143504103,success
444,2000,8,3,2.0,4.0,0.1,0.5900000000000001,6.799999999999999,4,0,435,65,0,0.38515367219191277,0.14896148347736135,success
446,2000,8,3,2.0,4.0,0.1,0.5900000000000001,7.199999999999998,4,0,435,65,0,0.3845628667820611,0.1486577479465086,success
447,2000,8,3,2.0,4.0,0.1,0.5900000000000001,7.399999999999999,4,0,435,65,0,0.3847794458282743,0.1488981766064229,success
448,2000,8,3,2.0,4.0,0.1,0.5900000000000001,7.599999999999999,4,0,435,65,0,0.38527561701116864,0.1494009813064786,success
449,2000,8,3,2.0,4.0,0.1,0.5900000000000001,7.799999999999999,4,0,435,65,0,0.38462822282648845,0.148610488192598,success
451,2000,8,3,2.0,4.0,0.1,0.5900000000000001,8.2,4,0,435,65,0,0.3845510147342299,0.1483040928752341,success
450,2000,8,3,2.0,4.0,0.1,0.5900000000000001,7.999999999999998,4,0,435,65,0,0.38485338383337175,0.14875653859947002,success
452,2000,8,3,2.0,4.0,0.1,0.5900000000000001,8.399999999999999,4,0,435,65,0,0.38459296777749874,0.1483629303775671,success
453,2000,8,3,2.0,4.0,0.1,0.5900000000000001,8.599999999999998,4,0,435,65,0,0.38480825514941386,0.14881652409881582,success
454,2000,8,3,2.0,4.0,0.1,0.5900000000000001,8.799999999999997,4,0,435,65,0,0.3846014396202157,0.14873004633621925,success
455,2000,8,3,2.0,4.0,0.1,0.5900000000000001,8.999999999999998,4,0,435,65,0,0.3847957931812263,0.14894546210654547,success
461,2000,8,3,2.0,4.0,0.1,0.6000000000000001,1.0,4,281,219,0,0,,,success
463,2000,8,3,2.0,4.0,0.1,0.6000000000000001,1.4,4,158,268,74,0,0.8362451122639417,0.24158117187902942,success
462,2000,8,3,2.0,4.0,0.1,0.6000000000000001,1.2,4,210,232,58,0,0.9194714745323648,0.18816407791798598,success
456,2000,8,3,2.0,4.0,0.1,0.5900000000000001,9.199999999999998,4,0,435,65,0,0.38474112240271374,0.14873142303097164,success
464,2000,8,3,2.0,4.0,0.1,0.6000000000000001,1.5999999999999999,4,127,275,98,0,0.8374972975473086,0.2435337605425927,success
465,2000,8,3,2.0,4.0,0.1,0.6000000000000001,1.7999999999999998,4,94,303,103,0,0.8010282052861054,0.23402285662898814,success
466,2000,8,3,2.0,4.0,0.1,0.6000000000000001,1.9999999999999998,4,64,330,106,0,0.7668769896681924,0.2405104928248793,success
467,2000,8,3,2.0,4.0,0.1,0.6000000000000001,2.1999999999999997,4,41,354,105,0,0.717728951967724,0.2574859132384139,success
458,2000,8,3,2.0,4.0,0.1,0.5900000000000001,9.599999999999998,4,0,435,65,0,0.38522686633117864,0.1494349968778074,success
457,2000,8,3,2.0,4.0,0.1,0.5900000000000001,9.399999999999999,4,0,435,65,0,0.38498287060889075,0.14907429135425165,success
459,2000,8,3,2.0,4.0,0.1,0.5900000000000001,9.799999999999997,4,0,435,65,0,0.384790786424902,0.1488100009910348,success
468,2000,8,3,2.0,4.0,0.1,0.6000000000000001,2.3999999999999995,4,19,385,96,0,0.6398090725432303,0.26475978540682854,success
460,2000,8,3,2.0,4.0,0.1,0.5900000000000001,9.999999999999998,4,0,435,65,0,0.38485024332719503,0.14901290223152425,success
469,2000,8,3,2.0,4.0,0.1,0.6000000000000001,2.5999999999999996,4,8,405,87,0,0.6296097977679339,0.23467507857012165,success
470,2000,8,3,2.0,4.0,0.1,0.6000000000000001,2.8,4,2,418,80,0,0.5477947843508189,0.23544779380307565,success
471,2000,8,3,2.0,4.0,0.1,0.6000000000000001,2.9999999999999996,4,0,432,68,0,0.46997542795029323,0.19329103590159885,success
472,2000,8,3,2.0,4.0,0.1,0.6000000000000001,3.1999999999999993,4,1,434,65,0,0.4370886376143344,0.16853836788878193,success
473,2000,8,3,2.0,4.0,0.1,0.6000000000000001,3.3999999999999995,4,1,434,65,0,0.42410211486206717,0.17583243835768927,success
474,2000,8,3,2.0,4.0,0.1,0.6000000000000001,3.5999999999999996,4,0,433,67,0,0.4155587963709383,0.17851185004564488,success
476,2000,8,3,2.0,4.0,0.1,0.6000000000000001,3.999999999999999,4,0,435,65,0,0.39947257185678997,0.16489272107861552,success
475,2000,8,3,2.0,4.0,0.1,0.6000000000000001,3.7999999999999994,4,0,434,66,0,0.4133032719229471,0.16063455140695668,success
477,2000,8,3,2.0,4.0,0.1,0.6000000000000001,4.199999999999999,4,0,435,65,0,0.40066041485771997,0.15242699208374774,success
479,2000,8,3,2.0,4.0,0.1,0.6000000000000001,4.6,4,0,436,64,0,0.3962804991696148,0.1525000784728378,success
478,2000,8,3,2.0,4.0,0.1,0.6000000000000001,4.3999999999999995,4,0,435,65,0,0.39708721888025106,0.15204185018368097,success
480,2000,8,3,2.0,4.0,0.1,0.6000000000000001,4.799999999999999,4,0,435,65,0,0.3971818357418063,0.15657180475565757,success
481,2000,8,3,2.0,4.0,0.1,0.6000000000000001,4.999999999999999,4,0,434,66,0,0.4029426038136993,0.16699395841003511,success
482,2000,8,3,2.0,4.0,0.1,0.6000000000000001,5.199999999999999,4,0,435,65,0,0.38979520488569863,0.1519010709947986,success
483,2000,8,3,2.0,4.0,0.1,0.6000000000000001,5.399999999999999,4,0,435,65,0,0.38739794695101953,0.15050874254277563,success
484,2000,8,3,2.0,4.0,0.1,0.6000000000000001,5.599999999999999,4,0,435,65,0,0.38698446717698837,0.1517121177320655,success
485,2000,8,3,2.0,4.0,0.1,0.6000000000000001,5.799999999999999,4,0,435,65,0,0.38823863750637444,0.15359534270662112,success
486,2000,8,3,2.0,4.0,0.1,0.6000000000000001,5.999999999999999,4,0,435,65,0,0.38839070569246026,0.15180112914208005,success
487,2000,8,3,2.0,4.0,0.1,0.6000000000000001,6.199999999999999,4,0,435,65,0,0.3854928034987702,0.1480781671066245,success
488,2000,8,3,2.0,4.0,0.1,0.6000000000000001,6.399999999999999,4,0,435,65,0,0.3862530670353322,0.15060607707548326,success
490,2000,8,3,2.0,4.0,0.1,0.6000000000000001,6.799999999999999,4,0,435,65,0,0.38509859780569583,0.14888029277698936,success
491,2000,8,3,2.0,4.0,0.1,0.6000000000000001,6.999999999999998,4,0,435,65,0,0.38525073466390813,0.14915036258640949,success
492,2000,8,3,2.0,4.0,0.1,0.6000000000000001,7.199999999999998,4,0,435,65,0,0.3847064376035633,0.14884747006196722,success
489,2000,8,3,2.0,4.0,0.1,0.6000000000000001,6.599999999999999,4,0,435,65,0,0.38622139823892554,0.15018890349673697,success
493,2000,8,3,2.0,4.0,0.1,0.6000000000000001,7.399999999999999,4,0,435,65,0,0.3850810786125198,0.14937577307335334,success
494,2000,8,3,2.0,4.0,0.1,0.6000000000000001,7.599999999999999,4,0,435,65,0,0.385443544168786,0.14965169224646122,success
496,2000,8,3,2.0,4.0,0.1,0.6000000000000001,7.999999999999998,4,0,435,65,0,0.38458936428197676,0.1482554134331633,success
497,2000,8,3,2.0,4.0,0.1,0.6000000000000001,8.2,4,0,435,65,0,0.38471228749694997,0.14846178693987086,success
495,2000,8,3,2.0,4.0,0.1,0.6000000000000001,7.799999999999999,4,0,435,65,0,0.3846253918270338,0.14853090510417083,success
500,2000,8,3,2.0,4.0,0.1,0.6000000000000001,8.799999999999997,4,0,435,65,0,0.3847148728837155,0.14860473867133508,success
499,2000,8,3,2.0,4.0,0.1,0.6000000000000001,8.599999999999998,4,0,435,65,0,0.3853261265125542,0.14954842070450694,success
498,2000,8,3,2.0,4.0,0.1,0.6000000000000001,8.399999999999999,4,0,435,65,0,0.38498020637261376,0.14902882653169577,success
501,2000,8,3,2.0,4.0,0.1,0.6000000000000001,8.999999999999998,4,0,435,65,0,0.3850479693970812,0.14918286259229763,success
502,2000,8,3,2.0,4.0,0.1,0.6000000000000001,9.199999999999998,4,0,435,65,0,0.384890160923901,0.14888461565989894,success
503,2000,8,3,2.0,4.0,0.1,0.6000000000000001,9.399999999999999,4,0,435,65,0,0.3847857479720604,0.14866109375418962,success
504,2000,8,3,2.0,4.0,0.1,0.6000000000000001,9.599999999999998,4,0,435,65,0,0.38539576071014414,0.14971186171581122,success
505,2000,8,3,2.0,4.0,0.1,0.6000000000000001,9.799999999999997,4,0,435,65,0,0.38498002436083395,0.1489657313609719,success
507,2000,8,3,2.0,4.0,0.1,0.6100000000000001,1.0,4,282,218,0,0,,,success
508,2000,8,3,2.0,4.0,0.1,0.6100000000000001,1.2,4,211,231,58,0,0.9194714745323648,0.18816407791798598,success
506,2000,8,3,2.0,4.0,0.1,0.6000000000000001,9.999999999999998,4,0,435,65,0,0.38507349803217256,0.14924417831344391,success
509,2000,8,3,2.0,4.0,0.1,0.6100000000000001,1.4,4,159,267,74,0,0.8362451122639417,0.24158117187902942,success
511,2000,8,3,2.0,4.0,0.1,0.6100000000000001,1.7999999999999998,4,94,302,104,0,0.7973085875297727,0.2359531304436304,success
510,2000,8,3,2.0,4.0,0.1,0.6100000000000001,1.5999999999999999,4,128,274,98,0,0.8374972975473086,0.2435337605425927,success
512,2000,8,3,2.0,4.0,0.1,0.6100000000000001,1.9999999999999998,4,64,330,106,0,0.7653043458004466,0.24280621190536747,success
513,2000,8,3,2.0,4.0,0.1,0.6100000000000001,2.1999999999999997,4,41,353,106,0,0.7203918863831229,0.25771931592253516,success
514,2000,8,3,2.0,4.0,0.1,0.6100000000000001,2.3999999999999995,4,19,385,96,0,0.6398090725432303,0.26475978540682854,success
515,2000,8,3,2.0,4.0,0.1,0.6100000000000001,2.5999999999999996,4,8,405,87,0,0.6296097977679339,0.23467507857012165,success
516,2000,8,3,2.0,4.0,0.1,0.6100000000000001,2.8,4,2,418,80,0,0.5477947802536501,0.2354477939634057,success
517,2000,8,3,2.0,4.0,0.1,0.6100000000000001,2.9999999999999996,4,0,432,68,0,0.46997542795031727,0.19329103590160293,success
518,2000,8,3,2.0,4.0,0.1,0.6100000000000001,3.1999999999999993,4,1,434,65,0,0.4374395116168305,0.16859809975042714,success
519,2000,8,3,2.0,4.0,0.1,0.6100000000000001,3.3999999999999995,4,1,434,65,0,0.42394217988330857,0.17555351776610695,success
527,2000,8,3,2.0,4.0,0.1,0.6100000000000001,4.999999999999999,4,0,435,65,0,0.39486796894056714,0.1530984047664817,success
526,2000,8,3,2.0,4.0,0.1,0.6100000000000001,4.799999999999999,4,0,435,65,0,0.39735543376373605,0.15669055208031457,success
525,2000,8,3,2.0,4.0,0.1,0.6100000000000001,4.6,4,0,436,64,0,0.39678593059756984,0.1530295081558601,success
528,2000,8,3,2.0,4.0,0.1,0.6100000000000001,5.199999999999999,4,0,435,65,0,0.390257792750128,0.15248373797475884,success
529,2000,8,3,2.0,4.0,0.1,0.6100000000000001,5.399999999999999,4,0,435,65,0,0.3896628182518827,0.1527975492262186,success
524,2000,8,3,2.0,4.0,0.1,0.6100000000000001,4.3999999999999995,4,0,435,65,0,0.3971897512805217,0.1519789964989313,success
521,2000,8,3,2.0,4.0,0.1,0.6100000000000001,3.7999999999999994,4,0,434,66,0,0.4140384945469886,0.1612428655308069,success
523,2000,8,3,2.0,4.0,0.1,0.6100000000000001,4.199999999999999,4,0,435,65,0,0.40081279449136953,0.15246148987919564,success
520,2000,8,3,2.0,4.0,0.1,0.6100000000000001,3.5999999999999996,4,0,433,67,0,0.41670132754178496,0.17788898453589141,success
530,2000,8,3,2.0,4.0,0.1,0.6100000000000001,5.599999999999999,4,0,435,65,0,0.3887772878036122,0.15259910631892298,success
532,2000,8,3,2.0,4.0,0.1,0.6100000000000001,5.999999999999999,4,0,435,65,0,0.3899367323188411,0.1532759198304952,success
531,2000,8,3,2.0,4.0,0.1,0.6100000000000001,5.799999999999999,4,0,435,65,0,0.3893428680748163,0.15378360189069906,success
522,2000,8,3,2.0,4.0,0.1,0.6100000000000001,3.999999999999999,4,0,435,65,0,0.3998594223361913,0.16520299354313803,success
533,2000,8,3,2.0,4.0,0.1,0.6100000000000001,6.199999999999999,4,0,435,65,0,0.3879482712097368,0.15074088937211094,success
534,2000,8,3,2.0,4.0,0.1,0.6100000000000001,6.399999999999999,4,0,435,65,0,0.3874493374571565,0.15103494946432625,success
535,2000,8,3,2.0,4.0,0.1,0.6100000000000001,6.599999999999999,4,0,435,65,0,0.3875160428668718,0.15083487679213342,success
537,2000,8,3,2.0,4.0,0.1,0.6100000000000001,6.999999999999998,4,0,435,65,0,0.38630180883956955,0.14933273117334359,success
536,2000,8,3,2.0,4.0,0.1,0.6100000000000001,6.799999999999999,4,0,435,65,0,0.3865321025591596,0.14976430987313893,success
538,2000,8,3,2.0,4.0,0.1,0.6100000000000001,7.199999999999998,4,0,435,65,0,0.386052930593128,0.14916893563845002,success
539,2000,8,3,2.0,4.0,0.1,0.6100000000000001,7.399999999999999,4,0,435,65,0,0.3862155257084257,0.14945355055366355,success
540,2000,8,3,2.0,4.0,0.1,0.6100000000000001,7.599999999999999,4,0,435,65,0,0.3868718668855611,0.15042583801697962,success
541,2000,8,3,2.0,4.0,0.1,0.6100000000000001,7.799999999999999,4,0,435,65,0,0.38627115821211333,0.14978469141060996,success
542,2000,8,3,2.0,4.0,0.1,0.6100000000000001,7.999999999999998,4,0,435,65,0,0.38559162339585046,0.14838733160356163,success
543,2000,8,3,2.0,4.0,0.1,0.6100000000000001,8.2,4,0,435,65,0,0.38575448348642377,0.1486655756909044,success
544,2000,8,3,2.0,4.0,0.1,0.6100000000000001,8.399999999999999,4,0,435,65,0,0.38606046576976816,0.14932194306399085,success
545,2000,8,3,2.0,4.0,0.1,0.6100000000000001,8.599999999999998,4,0,435,65,0,0.385873191621159,0.1489231041598763,success
546,2000,8,3,2.0,4.0,0.1,0.6100000000000001,8.799999999999997,4,0,435,65,0,0.3859079829873331,0.14893445874324213,success
547,2000,8,3,2.0,4.0,0.1,0.6100000000000001,8.999999999999998,4,0,435,65,0,0.3862162261729266,0.14942117517474102,success
548,2000,8,3,2.0,4.0,0.1,0.6100000000000001,9.199999999999998,4,0,435,65,0,0.3860058310713102,0.1491263227653656,success
553,2000,8,3,2.0,4.0,0.1,0.6200000000000001,1.0,4,283,217,0,0,,,success
554,2000,8,3,2.0,4.0,0.1,0.6200000000000001,1.2,4,212,231,57,0,0.9180586933838097,0.18952607434027022,success
549,2000,8,3,2.0,4.0,0.1,0.6100000000000001,9.399999999999999,4,0,435,65,0,0.3857475239359777,0.1486993055355633,success
555,2000,8,3,2.0,4.0,0.1,0.6200000000000001,1.4,4,159,267,74,0,0.8362451122639417,0.24158117187902942,success
556,2000,8,3,2.0,4.0,0.1,0.6200000000000001,1.5999999999999999,4,128,274,98,0,0.8346599109199522,0.24324061015794737,success
557,2000,8,3,2.0,4.0,0.1,0.6200000000000001,1.7999999999999998,4,94,301,105,0,0.790125626354263,0.2399717368578067,success
550,2000,8,3,2.0,4.0,0.1,0.6100000000000001,9.599999999999998,4,0,435,65,0,0.3862686957559946,0.14951418253512308,success
558,2000,8,3,2.0,4.0,0.1,0.6200000000000001,1.9999999999999998,4,64,329,107,0,0.7578503596775779,0.25080424882426855,success
559,2000,8,3,2.0,4.0,0.1,0.6200000000000001,2.1999999999999997,4,41,352,107,0,0.7151814767373917,0.2621021262589452,success
560,2000,8,3,2.0,4.0,0.1,0.6200000000000001,2.3999999999999995,4,18,383,99,0,0.6406790066123647,0.26835339908234435,success
552,2000,8,3,2.0,4.0,0.1,0.6100000000000001,9.999999999999998,4,0,435,65,0,0.38579033555716036,0.14881101695885388,success
551,2000,8,3,2.0,4.0,0.1,0.6100000000000001,9.799999999999997,4,0,435,65,0,0.38609567428063785,0.14928799473724874,success
561,2000,8,3,2.0,4.0,0.1,0.6200000000000001,2.5999999999999996,4,8,404,88,0,0.6239452906919298,0.2383897794469668,success
562,2000,8,3,2.0,4.0,0.1,0.6200000000000001,2.8,4,2,417,81,0,0.5436660742023536,0.23836044359202976,success
564,2000,8,3,2.0,4.0,0.1,0.6200000000000001,3.1999999999999993,4,1,433,66,0,0.4342079612035793,0.16976304559446287,success
563,2000,8,3,2.0,4.0,0.1,0.6200000000000001,2.9999999999999996,4,0,431,69,0,0.4671305161764082,0.19491040834021334,success
565,2000,8,3,2.0,4.0,0.1,0.6200000000000001,3.3999999999999995,4,1,433,66,0,0.4226391976215302,0.17750186854316996,success
566,2000,8,3,2.0,4.0,0.1,0.6200000000000001,3.5999999999999996,4,0,432,68,0,0.4152276456653336,0.18061045371703172,success
567,2000,8,3,2.0,4.0,0.1,0.6200000000000001,3.7999999999999994,4,0,433,67,0,0.4113024915541259,0.16129315162716457,success
568,2000,8,3,2.0,4.0,0.1,0.6200000000000001,3.999999999999999,4,0,434,66,0,0.39647456474527815,0.16523894016466797,success
569,2000,8,3,2.0,4.0,0.1,0.6200000000000001,4.199999999999999,4,0,434,66,0,0.39679647106957433,0.1514897465616622,success
570,2000,8,3,2.0,4.0,0.1,0.6200000000000001,4.3999999999999995,4,0,434,66,0,0.39272868214343976,0.1497148206872603,success
572,2000,8,3,2.0,4.0,0.1,0.6200000000000001,4.799999999999999,4,0,434,66,0,0.39312603708735966,0.15472052996382066,success
571,2000,8,3,2.0,4.0,0.1,0.6200000000000001,4.6,4,0,435,65,0,0.3935745901442578,0.15289798395652435,success
574,2000,8,3,2.0,4.0,0.1,0.6200000000000001,5.199999999999999,4,0,434,66,0,0.38646514255491576,0.15065188712960773,success
573,2000,8,3,2.0,4.0,0.1,0.6200000000000001,4.999999999999999,4,0,434,66,0,0.39161258062292476,0.1525047423210283,success
576,2000,8,3,2.0,4.0,0.1,0.6200000000000001,5.599999999999999,4,0,434,66,0,0.38521184851667256,0.15089716504355294,success
575,2000,8,3,2.0,4.0,0.1,0.6200000000000001,5.399999999999999,4,0,434,66,0,0.3864060628348115,0.15166125123122529,success
577,2000,8,3,2.0,4.0,0.1,0.6200000000000001,5.799999999999999,4,0,434,66,0,0.3856779445933633,0.1521139124994868,success
578,2000,8,3,2.0,4.0,0.1,0.6200000000000001,5.999999999999999,4,0,434,66,0,0.38747852679298994,0.152952763953469,success
579,2000,8,3,2.0,4.0,0.1,0.6200000000000001,6.199999999999999,4,0,434,66,0,0.38559183539715,0.15082491538745996,success
580,2000,8,3,2.0,4.0,0.1,0.6200000000000001,6.399999999999999,4,0,434,66,0,0.3853507695768834,0.15174977794035507,success
581,2000,8,3,2.0,4.0,0.1,0.6200000000000001,6.599999999999999,4,0,434,66,0,0.3850141056486094,0.15073413815267966,success
583,2000,8,3,2.0,4.0,0.1,0.6200000000000001,6.999999999999998,4,0,434,66,0,0.38318621561559835,0.14823068850126198,success
582,2000,8,3,2.0,4.0,0.1,0.6200000000000001,6.799999999999999,4,0,434,66,0,0.3837842146707927,0.14955587160352168,success
585,2000,8,3,2.0,4.0,0.1,0.6200000000000001,7.399999999999999,4,0,434,66,0,0.382973377433347,0.14815951982228373,success
584,2000,8,3,2.0,4.0,0.1,0.6200000000000001,7.199999999999998,4,0,434,66,0,0.38313243686836407,0.14841939680081512,success
587,2000,8,3,2.0,4.0,0.1,0.6200000000000001,7.799999999999999,4,0,434,66,0,0.3834373804989456,0.1491324389329504,success
588,2000,8,3,2.0,4.0,0.1,0.6200000000000001,7.999999999999998,4,0,434,66,0,0.38308343133792355,0.1484033254071351,success
586,2000,8,3,2.0,4.0,0.1,0.6200000000000001,7.599999999999999,4,0,434,66,0,0.38398174954974984,0.1496768945892146,success
589,2000,8,3,2.0,4.0,0.1,0.6200000000000001,8.2,4,0,434,66,0,0.3828791938099843,0.14809322424056173,success
590,2000,8,3,2.0,4.0,0.1,0.6200000000000001,8.399999999999999,4,0,434,66,0,0.3832378499143607,0.14867010958655905,success
591,2000,8,3,2.0,4.0,0.1,0.6200000000000001,8.599999999999998,4,0,434,66,0,0.3832213546178532,0.14863691316274158,success
592,2000,8,3,2.0,4.0,0.1,0.6200000000000001,8.799999999999997,4,0,434,66,0,0.3833838908502789,0.14880432858847933,success
593,2000,8,3,2.0,4.0,0.1,0.6200000000000001,8.999999999999998,4,0,434,66,0,0.38374026983488657,0.1493394048138817,success
594,2000,8,3,2.0,4.0,0.1,0.6200000000000001,9.199999999999998,4,0,434,66,0,0.38365536113386234,0.149250372600713,success
599,2000,8,3,2.0,4.0,0.1,0.6300000000000001,1.0,4,283,217,0,0,,,success
596,2000,8,3,2.0,4.0,0.1,0.6200000000000001,9.599999999999998,4,0,434,66,0,0.3834371212571504,0.14884598650238662,success
595,2000,8,3,2.0,4.0,0.1,0.6200000000000001,9.399999999999999,4,0,434,66,0,0.3832600696462903,0.14853505935628142,success
600,2000,8,3,2.0,4.0,0.1,0.6300000000000001,1.2,4,212,230,58,0,0.9194714745323648,0.18816407791798598,success
601,2000,8,3,2.0,4.0,0.1,0.6300000000000001,1.4,4,159,266,75,0,0.8384285107670892,0.24068721688035388,success
602,2000,8,3,2.0,4.0,0.1,0.6300000000000001,1.5999999999999999,4,129,273,98,0,0.8346599109199522,0.24324061015794737,success
603,2000,8,3,2.0,4.0,0.1,0.6300000000000001,1.7999999999999998,4,94,301,105,0,0.790125626354263,0.2399717368578067,success
598,2000,8,3,2.0,4.0,0.1,0.6200000000000001,9.999999999999998,4,0,434,66,0,0.38343474617331064,0.14892701614694226,success
604,2000,8,3,2.0,4.0,0.1,0.6300000000000001,1.9999999999999998,4,65,328,107,0,0.7530968535257933,0.25089071688723663,success
597,2000,8,3,2.0,4.0,0.1,0.6200000000000001,9.799999999999997,4,0,434,66,0,0.3832040345732293,0.1485123136238694,success
605,2000,8,3,2.0,4.0,0.1,0.6300000000000001,2.1999999999999997,4,42,351,107,0,0.7158588477559871,0.26467349141240515,success
606,2000,8,3,2.0,4.0,0.1,0.6300000000000001,2.3999999999999995,4,19,382,99,0,0.6397717892700864,0.2709600756842955,success
607,2000,8,3,2.0,4.0,0.1,0.6300000000000001,2.5999999999999996,4,8,403,89,0,0.6214782047424983,0.23653273388155877,success
608,2000,8,3,2.0,4.0,0.1,0.6300000000000001,2.8,4,2,416,82,0,0.5516885577831933,0.24339840889808148,success
609,2000,8,3,2.0,4.0,0.1,0.6300000000000001,2.9999999999999996,4,0,430,70,0,0.4710903729588146,0.19387578074686884,success
610,2000,8,3,2.0,4.0,0.1,0.6300000000000001,3.1999999999999993,4,1,432,67,0,0.44016887325466664,0.1708165117471286,success
611,2000,8,3,2.0,4.0,0.1,0.6300000000000001,3.3999999999999995,4,1,432,67,0,0.4272618708040349,0.17703199297525635,success
612,2000,8,3,2.0,4.0,0.1,0.6300000000000001,3.5999999999999996,4,0,431,69,0,0.4178296495926968,0.17940544922940632,success
619,2000,8,3,2.0,4.0,0.1,0.6300000000000001,4.999999999999999,4,0,433,67,0,0.3943924536180738,0.1518812538252928,success
620,2000,8,3,2.0,4.0,0.1,0.6300000000000001,5.199999999999999,4,0,433,67,0,0.38876354132716445,0.14973625878878277,success
618,2000,8,3,2.0,4.0,0.1,0.6300000000000001,4.799999999999999,4,0,433,67,0,0.39763331140140745,0.15620345840562763,success
616,2000,8,3,2.0,4.0,0.1,0.6300000000000001,4.3999999999999995,4,0,433,67,0,0.3955884100623101,0.14875231585899734,success
621,2000,8,3,2.0,4.0,0.1,0.6300000000000001,5.399999999999999,4,0,433,67,0,0.3891729962250507,0.15116561299558479,success
622,2000,8,3,2.0,4.0,0.1,0.6300000000000001,5.599999999999999,4,0,433,67,0,0.38809030342401135,0.15043690589486727,success
623,2000,8,3,2.0,4.0,0.1,0.6300000000000001,5.799999999999999,4,0,433,67,0,0.38922481369375095,0.15253433703526809,success
617,2000,8,3,2.0,4.0,0.1,0.6300000000000001,4.6,4,0,434,66,0,0.39566953611843886,0.15175484863707062,success
613,2000,8,3,2.0,4.0,0.1,0.6300000000000001,3.7999999999999994,4,0,432,68,0,0.41660588905664103,0.16216919641853098,success
614,2000,8,3,2.0,4.0,0.1,0.6300000000000001,3.999999999999999,4,0,433,67,0,0.40100033348213454,0.16499281027844662,success
615,2000,8,3,2.0,4.0,0.1,0.6300000000000001,4.199999999999999,4,0,433,67,0,0.4004996114805551,0.15145484320650424,success
624,2000,8,3,2.0,4.0,0.1,0.6300000000000001,5.999999999999999,4,0,433,67,0,0.3904397384772066,0.1525443109376265,success
625,2000,8,3,2.0,4.0,0.1,0.6300000000000001,6.199999999999999,4,0,433,67,0,0.38811001879495466,0.1497228235342267,success
626,2000,8,3,2.0,4.0,0.1,0.6300000000000001,6.399999999999999,4,0,433,67,0,0.3879246808826095,0.1507805998803866,success
627,2000,8,3,2.0,4.0,0.1,0.6300000000000001,6.599999999999999,4,0,433,67,0,0.38774407682064094,0.14984857976479934,success
628,2000,8,3,2.0,4.0,0.1,0.6300000000000001,6.799999999999999,4,0,433,67,0,0.38668375017462775,0.14901666631854488,success
629,2000,8,3,2.0,4.0,0.1,0.6300000000000001,6.999999999999998,4,0,433,67,0,0.38654664711799747,0.14817375261630913,success
630,2000,8,3,2.0,4.0,0.1,0.6300000000000001,7.199999999999998,4,0,433,67,0,0.3859350115738045,0.14767178715388962,success
631,2000,8,3,2.0,4.0,0.1,0.6300000000000001,7.399999999999999,4,0,433,67,0,0.3862044966304142,0.14817266624932937,success
632,2000,8,3,2.0,4.0,0.1,0.6300000000000001,7.599999999999999,4,0,433,67,0,0.3870302559348414,0.1492379842887743,success
634,2000,8,3,2.0,4.0,0.1,0.6300000000000001,7.999999999999998,4,0,433,67,0,0.38606124196801594,0.14794232032259846,success
633,2000,8,3,2.0,4.0,0.1,0.6300000000000001,7.799999999999999,4,0,433,67,0,0.38641546475941324,0.14862693238094105,success
635,2000,8,3,2.0,4.0,0.1,0.6300000000000001,8.2,4,0,433,67,0,0.3859475967330341,0.14788444919067667,success
636,2000,8,3,2.0,4.0,0.1,0.6300000000000001,8.399999999999999,4,0,433,67,0,0.38586431114156533,0.14765532084481234,success
637,2000,8,3,2.0,4.0,0.1,0.6300000000000001,8.599999999999998,4,0,433,67,0,0.38632002766435586,0.14831520307123203,success
638,2000,8,3,2.0,4.0,0.1,0.6300000000000001,8.799999999999997,4,0,433,67,0,0.38600098487673407,0.14775963477344065,success
639,2000,8,3,2.0,4.0,0.1,0.6300000000000001,8.999999999999998,4,0,433,67,0,0.38647295367063217,0.148460734724551,success
640,2000,8,3,2.0,4.0,0.1,0.6300000000000001,9.199999999999998,4,0,433,67,0,0.38640449712760483,0.14827808000998646,success
641,2000,8,3,2.0,4.0,0.1,0.6300000000000001,9.399999999999999,4,0,433,67,0,0.38627459870839126,0.14810018473482145,success
642,2000,8,3,2.0,4.0,0.1,0.6300000000000001,9.599999999999998,4,0,433,67,0,0.3864669025567507,0.14842865711404898,success
645,2000,8,3,2.0,4.0,0.1,0.6400000000000001,1.0,4,283,217,0,0,,,success
647,2000,8,3,2.0,4.0,0.1,0.6400000000000001,1.4,4,159,266,75,0,0.8384285107670892,0.24068721688035388,success
646,2000,8,3,2.0,4.0,0.1,0.6400000000000001,1.2,4,212,230,58,0,0.9194714745323648,0.18816407791798598,success
643,2000,8,3,2.0,4.0,0.1,0.6300000000000001,9.799999999999997,4,0,433,67,0,0.38617714433198597,0.1480576740995288,success
648,2000,8,3,2.0,4.0,0.1,0.6400000000000001,1.5999999999999999,4,129,273,98,0,0.8346599109199522,0.24324061015794737,success
649,2000,8,3,2.0,4.0,0.1,0.6400000000000001,1.7999999999999998,4,94,301,105,0,0.790125626354263,0.2399717368578067,success
650,2000,8,3,2.0,4.0,0.1,0.6400000000000001,1.9999999999999998,4,65,328,107,0,0.7530968535257933,0.25089071688723663,success
651,2000,8,3,2.0,4.0,0.1,0.6400000000000001,2.1999999999999997,4,42,351,107,0,0.7158588477559871,0.26467349141240515,success
644,2000,8,3,2.0,4.0,0.1,0.6300000000000001,9.999999999999998,4,0,433,67,0,0.3861910268536311,0.14805975469851812,success
652,2000,8,3,2.0,4.0,0.1,0.6400000000000001,2.3999999999999995,4,19,382,99,0,0.6397717892700864,0.2709600756842955,success
653,2000,8,3,2.0,4.0,0.1,0.6400000000000001,2.5999999999999996,4,8,403,89,0,0.6214782047424983,0.23653273388155877,success
654,2000,8,3,2.0,4.0,0.1,0.6400000000000001,2.8,4,2,416,82,0,0.5516885577831933,0.24339840889808148,success
655,2000,8,3,2.0,4.0,0.1,0.6400000000000001,2.9999999999999996,4,0,430,70,0,0.47109037464598313,0.19387578175913772,success
656,2000,8,3,2.0,4.0,0.1,0.6400000000000001,3.1999999999999993,4,1,432,67,0,0.4401715865873787,0.17082054094875268,success
657,2000,8,3,2.0,4.0,0.1,0.6400000000000001,3.3999999999999995,4,1,432,67,0,0.42767252717289533,0.1774709553988836,success
658,2000,8,3,2.0,4.0,0.1,0.6400000000000001,3.5999999999999996,4,0,431,69,0,0.4197069447936725,0.17915531022892134,success
660,2000,8,3,2.0,4.0,0.1,0.6400000000000001,3.999999999999999,4,0,433,67,0,0.40211208632458073,0.16498144955275318,success
661,2000,8,3,2.0,4.0,0.1,0.6400000000000001,4.199999999999999,4,0,433,67,0,0.4011190220445784,0.15082770740507542,success
665,2000,8,3,2.0,4.0,0.1,0.6400000000000001,4.999999999999999,4,0,432,68,0,0.40329141783457123,0.16556690047769787,success
662,2000,8,3,2.0,4.0,0.1,0.6400000000000001,4.3999999999999995,4,0,433,67,0,0.3965508529341166,0.14832621233018434,success
663,2000,8,3,2.0,4.0,0.1,0.6400000000000001,4.6,4,0,434,66,0,0.39622889500884956,0.15139980616288287,success
666,2000,8,3,2.0,4.0,0.1,0.6400000000000001,5.199999999999999,4,0,433,67,0,0.3893980486308236,0.14922068648482995,success
659,2000,8,3,2.0,4.0,0.1,0.6400000000000001,3.7999999999999994,4,0,432,68,0,0.4175680368930808,0.1613449375170538,success
667,2000,8,3,2.0,4.0,0.1,0.6400000000000001,5.399999999999999,4,0,433,67,0,0.3898457637587517,0.15069435595774422,success
664,2000,8,3,2.0,4.0,0.1,0.6400000000000001,4.799999999999999,4,0,433,67,0,0.3983561005527973,0.15584786032722547,success
668,2000,8,3,2.0,4.0,0.1,0.6400000000000001,5.599999999999999,4,0,433,67,0,0.3887260213706972,0.14997522555242632,success
669,2000,8,3,2.0,4.0,0.1,0.6400000000000001,5.799999999999999,4,0,433,67,0,0.3896212958108654,0.15152444898629527,success
670,2000,8,3,2.0,4.0,0.1,0.6400000000000001,5.999999999999999,4,0,433,67,0,0.390924371165278,0.1515245620868477,success
671,2000,8,3,2.0,4.0,0.1,0.6400000000000001,6.199999999999999,4,0,433,67,0,0.38900185752011834,0.1492351814035442,success
672,2000,8,3,2.0,4.0,0.1,0.6400000000000001,6.399999999999999,4,0,433,67,0,0.3890137270090163,0.15043114557077517,success
673,2000,8,3,2.0,4.0,0.1,0.6400000000000001,6.599999999999999,4,0,433,67,0,0.3890604493112387,0.150083917429322,success
674,2000,8,3,2.0,4.0,0.1,0.6400000000000001,6.799999999999999,4,0,433,67,0,0.3877411898473633,0.14879397014872395,success
675,2000,8,3,2.0,4.0,0.1,0.6400000000000001,6.999999999999998,4,0,433,67,0,0.38803458380195976,0.14856544543829647,success
676,2000,8,3,2.0,4.0,0.1,0.6400000000000001,7.199999999999998,4,0,433,67,0,0.38740241985824314,0.1481908328533938,success
680,2000,8,3,2.0,4.0,0.1,0.6400000000000001,7.999999999999998,4,0,433,67,0,0.3867859935151442,0.14731949043243797,success
678,2000,8,3,2.0,4.0,0.1,0.6400000000000001,7.599999999999999,4,0,433,67,0,0.38840347895188776,0.14948021153852292,success
681,2000,8,3,2.0,4.0,0.1,0.6400000000000001,8.2,4,0,433,67,0,0.3865951899447814,0.14715510352216477,success
677,2000,8,3,2.0,4.0,0.1,0.6400000000000001,7.399999999999999,4,0,433,67,0,0.38749763589065295,0.1483098090385525,success
679,2000,8,3,2.0,4.0,0.1,0.6400000000000001,7.799999999999999,4,0,433,67,0,0.3873244399376847,0.14828816179527568,success
682,2000,8,3,2.0,4.0,0.1,0.6400000000000001,8.399999999999999,4,0,433,67,0,0.38681383132586444,0.1473952702356723,success
683,2000,8,3,2.0,4.0,0.1,0.6400000000000001,8.599999999999998,4,0,433,67,0,0.38738278843444424,0.14822981889867068,success
684,2000,8,3,2.0,4.0,0.1,0.6400000000000001,8.799999999999997,4,0,433,67,0,0.3869992797330466,0.14750131012920828,success
685,2000,8,3,2.0,4.0,0.1,0.6400000000000001,8.999999999999998,4,0,433,67,0,0.38748902765930965,0.14829769732984913,success
686,2000,8,3,2.0,4.0,0.1,0.6400000000000001,9.199999999999998,4,0,433,67,0,0.3870253303695697,0.14758483147782753,success
687,2000,8,3,2.0,4.0,0.1,0.6400000000000001,9.399999999999999,4,0,433,67,0,0.3872053164098599,0.14781822369846573,success
688,2000,8,3,2.0,4.0,0.1,0.6400000000000001,9.599999999999998,4,0,433,67,0,0.3871722167950568,0.1478042658182152,success
689,2000,8,3,2.0,4.0,0.1,0.6400000000000001,9.799999999999997,4,0,433,67,0,0.387118010373953,0.14787941338839067,success
691,2000,8,3,2.0,4.0,0.1,0.6500000000000001,1.0,4,283,217,0,0,,,success
693,2000,8,3,2.0,4.0,0.1,0.6500000000000001,1.4,4,159,265,76,0,0.8395058068036012,0.23926164539621472,success
692,2000,8,3,2.0,4.0,0.1,0.6500000000000001,1.2,4,212,230,58,0,0.9194714745323648,0.18816407791798598,success
694,2000,8,3,2.0,4.0,0.1,0.6500000000000001,1.5999999999999999,4,129,273,98,0,0.8346599109199522,0.24324061015794737,success
695,2000,8,3,2.0,4.0,0.1,0.6500000000000001,1.7999999999999998,4,94,301,105,0,0.790125626354263,0.2399717368578067,success
696,2000,8,3,2.0,4.0,0.1,0.6500000000000001,1.9999999999999998,4,65,327,108,0,0.7532280762941304,0.24940292662428354,success
697,2000,8,3,2.0,4.0,0.1,0.6500000000000001,2.1999999999999997,4,42,350,108,0,0.717800116954441,0.26420515845324305,success
698,2000,8,3,2.0,4.0,0.1,0.6500000000000001,2.3999999999999995,4,19,382,99,0,0.6421621080750348,0.2697291459993104,success
690,2000,8,3,2.0,4.0,0.1,0.6400000000000001,9.999999999999998,4,0,433,67,0,0.3870161301903141,0.14768683402069388,success
699,2000,8,3,2.0,4.0,0.1,0.6500000000000001,2.5999999999999996,4,8,403,89,0,0.6214782047424983,0.23653273388155877,success
700,2000,8,3,2.0,4.0,0.1,0.6500000000000001,2.8,4,2,416,82,0,0.551697247521876,0.2434028659918378,success
701,2000,8,3,2.0,4.0,0.1,0.6500000000000001,2.9999999999999996,4,0,430,70,0,0.4713922548872973,0.19356367424883725,success
702,2000,8,3,2.0,4.0,0.1,0.6500000000000001,3.1999999999999993,4,1,432,67,0,0.44046174509235064,0.17056508021683153,success
703,2000,8,3,2.0,4.0,0.1,0.6500000000000001,3.3999999999999995,4,1,432,67,0,0.4279360028438284,0.17717326261589586,success
704,2000,8,3,2.0,4.0,0.1,0.6500000000000001,3.5999999999999996,4,0,431,69,0,0.420073086872327,0.17887137643768375,success
705,2000,8,3,2.0,4.0,0.1,0.6500000000000001,3.7999999999999994,4,0,432,68,0,0.41797300719704145,0.1614098779418421,success
706,2000,8,3,2.0,4.0,0.1,0.6500000000000001,3.999999999999999,4,0,433,67,0,0.4024302343997659,0.1650052885313382,success
707,2000,8,3,2.0,4.0,0.1,0.6500000000000001,4.199999999999999,4,0,433,67,0,0.40130926262495165,0.15069721614796017,success
714,2000,8,3,2.0,4.0,0.1,0.6500000000000001,5.599999999999999,4,0,433,67,0,0.3888643389677466,0.14977798241268261,success
711,2000,8,3,2.0,4.0,0.1,0.6500000000000001,4.999999999999999,4,0,432,68,0,0.4033042887805586,0.16479884770547143,success
715,2000,8,3,2.0,4.0,0.1,0.6500000000000001,5.799999999999999,4,0,433,67,0,0.3898641246503539,0.15151055052369664,success
713,2000,8,3,2.0,4.0,0.1,0.6500000000000001,5.399999999999999,4,0,433,67,0,0.3901769207395577,0.15064879675950155,success
708,2000,8,3,2.0,4.0,0.1,0.6500000000000001,4.3999999999999995,4,0,433,67,0,0.3967987375031243,0.14824591453977629,success
712,2000,8,3,2.0,4.0,0.1,0.6500000000000001,5.199999999999999,4,0,433,67,0,0.3894846620841669,0.1489382977378013,success
710,2000,8,3,2.0,4.0,0.1,0.6500000000000001,4.799999999999999,4,0,433,67,0,0.3986351912777704,0.15573786101111772,success
709,2000,8,3,2.0,4.0,0.1,0.6500000000000001,4.6,4,0,434,66,0,0.3964556808205867,0.15129721643128424,success
716,2000,8,3,2.0,4.0,0.1,0.6500000000000001,5.999999999999999,4,0,433,67,0,0.39144453177646804,0.15181698386566753,success
717,2000,8,3,2.0,4.0,0.1,0.6500000000000001,6.199999999999999,4,0,433,67,0,0.3894080560109052,0.14937529920779744,success
718,2000,8,3,2.0,4.0,0.1,0.6500000000000001,6.399999999999999,4,0,433,67,0,0.38931703768428033,0.1504297544415988,success
720,2000,8,3,2.0,4.0,0.1,0.6500000000000001,6.799999999999999,4,0,433,67,0,0.38798382832485445,0.14863626915851408,success
721,2000,8,3,2.0,4.0,0.1,0.6500000000000001,6.999999999999998,4,0,433,67,0,0.3883065219560217,0.14843805504873855,success
719,2000,8,3,2.0,4.0,0.1,0.6500000000000001,6.599999999999999,4,0,433,67,0,0.38926057382112783,0.15000645488225667,success
723,2000,8,3,2.0,4.0,0.1,0.6500000000000001,7.399999999999999,4,0,433,67,0,0.3875213503954191,0.14791317014298527,success
722,2000,8,3,2.0,4.0,0.1,0.6500000000000001,7.199999999999998,4,0,433,67,0,0.38753540637470807,0.14781467926472147,success
724,2000,8,3,2.0,4.0,0.1,0.6500000000000001,7.599999999999999,4,0,433,67,0,0.3885862131961258,0.1491955472816981,success
725,2000,8,3,2.0,4.0,0.1,0.6500000000000001,7.799999999999999,4,0,433,67,0,0.38800574680618094,0.1489513088196444,success
727,2000,8,3,2.0,4.0,0.1,0.6500000000000001,8.2,4,0,433,67,0,0.38709008753125623,0.14752045553024967,success
726,2000,8,3,2.0,4.0,0.1,0.6500000000000001,7.999999999999998,4,0,433,67,0,0.3874364465785059,0.1480726074231912,success
728,2000,8,3,2.0,4.0,0.1,0.6500000000000001,8.399999999999999,4,0,433,67,0,0.38732827900005856,0.1478658976253569,success
729,2000,8,3,2.0,4.0,0.1,0.6500000000000001,8.599999999999998,4,0,433,67,0,0.3875000550205375,0.14802469656110526,success
730,2000,8,3,2.0,4.0,0.1,0.6500000000000001,8.799999999999997,4,0,433,67,0,0.3874427892757057,0.14779812641216383,success
731,2000,8,3,2.0,4.0,0.1,0.6500000000000001,8.999999999999998,4,0,433,67,0,0.38757397727126003,0.14799830416401066,success
732,2000,8,3,2.0,4.0,0.1,0.6500000000000001,9.199999999999998,4,0,433,67,0,0.38727479798439407,0.14766150929357164,success
733,2000,8,3,2.0,4.0,0.1,0.6500000000000001,9.399999999999999,4,0,433,67,0,0.38731096558992184,0.14762869095853537,success
734,2000,8,3,2.0,4.0,0.1,0.6500000000000001,9.599999999999998,4,0,433,67,0,0.38728083865423846,0.14761361616267699,success
735,2000,8,3,2.0,4.0,0.1,0.6500000000000001,9.799999999999997,4,0,433,67,0,0.38722962540582095,0.14764673355361863,success
736,2000,8,3,2.0,4.0,0.1,0.6500000000000001,9.999999999999998,4,0,433,67,0,0.3869499182510405,0.14718084185361105,success
737,2000,8,3,2.0,4.0,0.1,0.6600000000000001,1.0,4,283,217,0,0,,,success
738,2000,8,3,2.0,4.0,0.1,0.6600000000000001,1.2,4,212,230,58,0,0.9194714745323648,0.18816407791798598,success
739,2000,8,3,2.0,4.0,0.1,0.6600000000000001,1.4,4,159,265,76,0,0.8395058068036012,0.23926164539621472,success
740,2000,8,3,2.0,4.0,0.1,0.6600000000000001,1.5999999999999999,4,129,273,98,0,0.8346599109199522,0.24324061015794737,success
741,2000,8,3,2.0,4.0,0.1,0.6600000000000001,1.7999999999999998,4,94,300,106,0,0.7873885921433738,0.24048300568251466,success
742,2000,8,3,2.0,4.0,0.1,0.6600000000000001,1.9999999999999998,4,65,325,110,0,0.7532477461339593,0.24933534124704823,success
743,2000,8,3,2.0,4.0,0.1,0.6600000000000001,2.1999999999999997,4,42,348,110,0,0.7153709674813139,0.2643068093369644,success
744,2000,8,3,2.0,4.0,0.1,0.6600000000000001,2.3999999999999995,4,19,381,100,0,0.6379345514413012,0.2716728707816172,success
745,2000,8,3,2.0,4.0,0.1,0.6600000000000001,2.5999999999999996,4,8,402,90,0,0.6169894920457454,0.239024008671107,success
746,2000,8,3,2.0,4.0,0.1,0.6600000000000001,2.8,4,2,415,83,0,0.5489831459443187,0.24317455161199458,success
747,2000,8,3,2.0,4.0,0.1,0.6600000000000001,2.9999999999999996,4,0,429,71,0,0.4701771280132233,0.1920703758432168,success
749,2000,8,3,2.0,4.0,0.1,0.6600000000000001,3.3999999999999995,4,1,431,68,0,0.4259597415175818,0.17643491727782545,success
748,2000,8,3,2.0,4.0,0.1,0.6600000000000001,3.1999999999999993,4,1,431,68,0,0.4391322866950599,0.16922439603534414,success
754,2000,8,3,2.0,4.0,0.1,0.6600000000000001,4.3999999999999995,4,0,432,68,0,0.3952210748940086,0.14732152292441983,success
755,2000,8,3,2.0,4.0,0.1,0.6600000000000001,4.6,4,0,433,67,0,0.3954817630259554,0.15097557032183223,success
752,2000,8,3,2.0,4.0,0.1,0.6600000000000001,3.999999999999999,4,0,432,68,0,0.40100961431947585,0.1639508203830053,success
753,2000,8,3,2.0,4.0,0.1,0.6600000000000001,4.199999999999999,4,0,432,68,0,0.39986158032741814,0.149866100671069,success
750,2000,8,3,2.0,4.0,0.1,0.6600000000000001,3.5999999999999996,4,0,430,70,0,0.41903810328950275,0.17864943086189114,success
756,2000,8,3,2.0,4.0,0.1,0.6600000000000001,4.799999999999999,4,0,432,68,0,0.3970263303284189,0.154831251319487,success
751,2000,8,3,2.0,4.0,0.1,0.6600000000000001,3.7999999999999994,4,0,431,69,0,0.41652156758036657,0.16058546054230613,success
758,2000,8,3,2.0,4.0,0.1,0.6600000000000001,5.199999999999999,4,0,432,68,0,0.3879134391438925,0.1479849966133105,success
760,2000,8,3,2.0,4.0,0.1,0.6600000000000001,5.599999999999999,4,0,432,68,0,0.38787433003098515,0.1491425725824791,success
757,2000,8,3,2.0,4.0,0.1,0.6600000000000001,4.999999999999999,4,0,432,68,0,0.3936112826410429,0.15057061535327482,success
759,2000,8,3,2.0,4.0,0.1,0.6600000000000001,5.399999999999999,4,0,432,68,0,0.388757574397299,0.14997620714492507,success
761,2000,8,3,2.0,4.0,0.1,0.6600000000000001,5.799999999999999,4,0,432,68,0,0.3885156888499916,0.150761688679464,success
762,2000,8,3,2.0,4.0,0.1,0.6600000000000001,5.999999999999999,4,0,432,68,0,0.390773764658894,0.15188290733263274,success
763,2000,8,3,2.0,4.0,0.1,0.6600000000000001,6.199999999999999,4,0,432,68,0,0.38869295411170557,0.14952323383991978,success
764,2000,8,3,2.0,4.0,0.1,0.6600000000000001,6.399999999999999,4,0,432,68,0,0.38902407345349005,0.15094053057824128,success
765,2000,8,3,2.0,4.0,0.1,0.6600000000000001,6.599999999999999,4,0,432,68,0,0.38796351178722716,0.14968451328649196,success
766,2000,8,3,2.0,4.0,0.1,0.6600000000000001,6.799999999999999,4,0,432,68,0,0.3871356288353963,0.1484918815685443,success
767,2000,8,3,2.0,4.0,0.1,0.6600000000000001,6.999999999999998,4,0,432,68,0,0.38699800392382067,0.1477378111934934,success
768,2000,8,3,2.0,4.0,0.1,0.6600000000000001,7.199999999999998,4,0,432,68,0,0.38595624792856353,0.146706925760141,success
769,2000,8,3,2.0,4.0,0.1,0.6600000000000001,7.399999999999999,4,0,432,68,0,0.3862993903874327,0.1471834156526726,success
770,2000,8,3,2.0,4.0,0.1,0.6600000000000001,7.599999999999999,4,0,432,68,0,0.3872542513115181,0.14856091033019506,success
771,2000,8,3,2.0,4.0,0.1,0.6600000000000001,7.799999999999999,4,0,432,68,0,0.38648168247493114,0.14793865266859094,success
772,2000,8,3,2.0,4.0,0.1,0.6600000000000001,7.999999999999998,4,0,432,68,0,0.3860421279167506,0.14737424246564515,success
773,2000,8,3,2.0,4.0,0.1,0.6600000000000001,8.2,4,0,432,68,0,0.3854585520142741,0.14634803302661517,success
774,2000,8,3,2.0,4.0,0.1,0.6600000000000001,8.399999999999999,4,0,432,68,0,0.38595900775945247,0.1471093813479176,success
775,2000,8,3,2.0,4.0,0.1,0.6600000000000001,8.599999999999998,4,0,432,68,0,0.3857983446383781,0.14671799734251575,success
776,2000,8,3,2.0,4.0,0.1,0.6600000000000001,8.799999999999997,4,0,432,68,0,0.3859926535957864,0.14702813412107796,success
777,2000,8,3,2.0,4.0,0.1,0.6600000000000001,8.999999999999998,4,0,432,68,0,0.38607593648541955,0.147040873248553,success
778,2000,8,3,2.0,4.0,0.1,0.6600000000000001,9.199999999999998,4,0,432,68,0,0.3860273021551757,0.1470714645326368,success
779,2000,8,3,2.0,4.0,0.1,0.6600000000000001,9.399999999999999,4,0,432,68,0,0.3863116285540271,0.1474809701413259,success
783,2000,8,3,2.0,4.0,0.1,0.6700000000000002,1.0,4,285,215,0,0,,,success
780,2000,8,3,2.0,4.0,0.1,0.6600000000000001,9.599999999999998,4,0,432,68,0,0.3859143417267404,0.14690450632311053,success
784,2000,8,3,2.0,4.0,0.1,0.6700000000000002,1.2,4,213,229,58,0,0.9194714745323648,0.18816407791798598,success
781,2000,8,3,2.0,4.0,0.1,0.6600000000000001,9.799999999999997,4,0,432,68,0,0.38582235313981994,0.146779669181704,success
785,2000,8,3,2.0,4.0,0.1,0.6700000000000002,1.4,4,160,264,76,0,0.8395058068036012,0.23926164539621472,success
786,2000,8,3,2.0,4.0,0.1,0.6700000000000002,1.5999999999999999,4,129,273,98,0,0.8346599109199522,0.24324061015794737,success
787,2000,8,3,2.0,4.0,0.1,0.6700000000000002,1.7999999999999998,4,94,299,107,0,0.7828591008860883,0.24388877288956484,success
788,2000,8,3,2.0,4.0,0.1,0.6700000000000002,1.9999999999999998,4,65,324,111,0,0.7487220505150035,0.25273788981745676,success
789,2000,8,3,2.0,4.0,0.1,0.6700000000000002,2.1999999999999997,4,42,346,112,0,0.7137611565775211,0.26697189344381506,success
782,2000,8,3,2.0,4.0,0.1,0.6600000000000001,9.999999999999998,4,0,432,68,0,0.38574204120895256,0.146662083678654,success
790,2000,8,3,2.0,4.0,0.1,0.6700000000000002,2.3999999999999995,4,19,379,102,0,0.6373053522281376,0.27361621833887084,success
791,2000,8,3,2.0,4.0,0.1,0.6700000000000002,2.5999999999999996,4,8,401,91,0,0.6118880700237951,0.2414149353670248,success
792,2000,8,3,2.0,4.0,0.1,0.6700000000000002,2.8,4,2,414,84,0,0.5431863894373039,0.2411068916423707,success
793,2000,8,3,2.0,4.0,0.1,0.6700000000000002,2.9999999999999996,4,0,428,72,0,0.4668397350216751,0.1926017914964009,success
794,2000,8,3,2.0,4.0,0.1,0.6700000000000002,3.1999999999999993,4,1,430,69,0,0.43618092845135004,0.16975711296451182,success
795,2000,8,3,2.0,4.0,0.1,0.6700000000000002,3.3999999999999995,4,1,430,69,0,0.4240084831469455,0.17750162197937058,success
796,2000,8,3,2.0,4.0,0.1,0.6700000000000002,3.5999999999999996,4,0,429,71,0,0.416520213794601,0.17884261935358203,success
797,2000,8,3,2.0,4.0,0.1,0.6700000000000002,3.7999999999999994,4,0,430,70,0,0.41377145253434977,0.16086659739043008,success
798,2000,8,3,2.0,4.0,0.1,0.6700000000000002,3.999999999999999,4,0,431,69,0,0.3988160104283054,0.16421283332457418,success
799,2000,8,3,2.0,4.0,0.1,0.6700000000000002,4.199999999999999,4,0,431,69,0,0.3975591856937571,0.15029476773208325,success
800,2000,8,3,2.0,4.0,0.1,0.6700000000000002,4.3999999999999995,4,0,431,69,0,0.39324449571612313,0.14798931687890315,success
802,2000,8,3,2.0,4.0,0.1,0.6700000000000002,4.799999999999999,4,0,431,69,0,0.3966426970130961,0.15767916820728872,success
801,2000,8,3,2.0,4.0,0.1,0.6700000000000002,4.6,4,0,432,68,0,0.39319114317275844,0.15124562422698784,success
803,2000,8,3,2.0,4.0,0.1,0.6700000000000002,4.999999999999999,4,0,431,69,0,0.39164127958284106,0.15098349119045051,success
804,2000,8,3,2.0,4.0,0.1,0.6700000000000002,5.199999999999999,4,0,431,69,0,0.3860956827779412,0.14826742957824307,success
806,2000,8,3,2.0,4.0,0.1,0.6700000000000002,5.599999999999999,4,0,431,69,0,0.38580675612060505,0.14923499841158802,success
805,2000,8,3,2.0,4.0,0.1,0.6700000000000002,5.399999999999999,4,0,431,69,0,0.3871816583404757,0.15055063446029326,success
807,2000,8,3,2.0,4.0,0.1,0.6700000000000002,5.799999999999999,4,0,431,69,0,0.38793034297490075,0.15297678808838627,success
808,2000,8,3,2.0,4.0,0.1,0.6700000000000002,5.999999999999999,4,0,431,69,0,0.3888701272989342,0.15247800939066583,success
809,2000,8,3,2.0,4.0,0.1,0.6700000000000002,6.199999999999999,4,0,431,69,0,0.38698608911544535,0.1503640055327957,success
810,2000,8,3,2.0,4.0,0.1,0.6700000000000002,6.399999999999999,4,0,431,69,0,0.3872967897771996,0.15183001160158657,success
811,2000,8,3,2.0,4.0,0.1,0.6700000000000002,6.599999999999999,4,0,431,69,0,0.386142105170838,0.15015199547606375,success
813,2000,8,3,2.0,4.0,0.1,0.6700000000000002,6.999999999999998,4,0,431,69,0,0.38487567567195297,0.14791862577389966,success
812,2000,8,3,2.0,4.0,0.1,0.6700000000000002,6.799999999999999,4,0,431,69,0,0.3850940134148034,0.14874076745713918,success
814,2000,8,3,2.0,4.0,0.1,0.6700000000000002,7.199999999999998,4,0,431,69,0,0.38425536611337885,0.14744180999256323,success
815,2000,8,3,2.0,4.0,0.1,0.6700000000000002,7.399999999999999,4,0,431,69,0,0.38460157790973376,0.14792698680328212,success
816,2000,8,3,2.0,4.0,0.1,0.6700000000000002,7.599999999999999,4,0,431,69,0,0.3854603097684774,0.14936975380104137,success
817,2000,8,3,2.0,4.0,0.1,0.6700000000000002,7.799999999999999,4,0,431,69,0,0.3846777639857685,0.14858137105568264,success
819,2000,8,3,2.0,4.0,0.1,0.6700000000000002,8.2,4,0,431,69,0,0.383453316575569,0.14662993008427228,success
818,2000,8,3,2.0,4.0,0.1,0.6700000000000002,7.999999999999998,4,0,431,69,0,0.3839549259348461,0.14755411037231508,success
820,2000,8,3,2.0,4.0,0.1,0.6700000000000002,8.399999999999999,4,0,431,69,0,0.3838962965750744,0.14725823684530084,success
821,2000,8,3,2.0,4.0,0.1,0.6700000000000002,8.599999999999998,4,0,431,69,0,0.38383366562581966,0.14708764986513714,success
822,2000,8,3,2.0,4.0,0.1,0.6700000000000002,8.799999999999997,4,0,431,69,0,0.3840649665436766,0.14743007108543604,success
823,2000,8,3,2.0,4.0,0.1,0.6700000000000002,8.999999999999998,4,0,431,69,0,0.3838801838740903,0.1471452480419822,success
824,2000,8,3,2.0,4.0,0.1,0.6700000000000002,9.199999999999998,4,0,431,69,0,0.3836482028137877,0.14690490202085218,success
825,2000,8,3,2.0,4.0,0.1,0.6700000000000002,9.399999999999999,4,0,431,69,0,0.38388424225155443,0.14727254958248373,success
826,2000,8,3,2.0,4.0,0.1,0.6700000000000002,9.599999999999998,4,0,431,69,0,0.3839779639515631,0.14739970869690341,success
827,2000,8,3,2.0,4.0,0.1,0.6700000000000002,9.799999999999997,4,0,431,69,0,0.3837423161428343,0.14706571817730357,success
828,2000,8,3,2.0,4.0,0.1,0.6700000000000002,9.999999999999998,4,0,431,69,0,0.3835324439801808,0.14667798103455496,success
829,2000,8,3,2.0,4.0,0.1,0.6800000000000002,1.0,4,285,215,0,0,,,success
830,2000,8,3,2.0,4.0,0.1,0.6800000000000002,1.2,4,213,228,59,0,0.920836364794528,0.18682930542855433,success
831,2000,8,3,2.0,4.0,0.1,0.6800000000000002,1.4,4,160,263,77,0,0.8415901469749829,0.23838502644669662,success
832,2000,8,3,2.0,4.0,0.1,0.6800000000000002,1.5999999999999999,4,129,273,98,0,0.8346599109199522,0.24324061015794737,success
833,2000,8,3,2.0,4.0,0.1,0.6800000000000002,1.7999999999999998,4,94,297,109,0,0.7833388601205525,0.2430394613872546,success
834,2000,8,3,2.0,4.0,0.1,0.6800000000000002,1.9999999999999998,4,67,321,112,0,0.7515027874719126,0.25093155569741676,success
835,2000,8,3,2.0,4.0,0.1,0.6800000000000002,2.1999999999999997,4,42,344,114,0,0.7164453419775719,0.2635899763993547,success
836,2000,8,3,2.0,4.0,0.1,0.6800000000000002,2.3999999999999995,4,19,376,105,0,0.6429315540242175,0.2697826198994655,success
837,2000,8,3,2.0,4.0,0.1,0.6800000000000002,2.5999999999999996,4,8,398,94,0,0.6098646676024871,0.24332947159515092,success
838,2000,8,3,2.0,4.0,0.1,0.6800000000000002,2.8,4,2,412,86,0,0.540431157240241,0.241543250613963,success
839,2000,8,3,2.0,4.0,0.1,0.6800000000000002,2.9999999999999996,4,0,426,74,0,0.46717235547196095,0.19153391458231694,success
840,2000,8,3,2.0,4.0,0.1,0.6800000000000002,3.1999999999999993,4,1,428,71,0,0.4360228608252269,0.16910785094313835,success
841,2000,8,3,2.0,4.0,0.1,0.6800000000000002,3.3999999999999995,4,1,428,71,0,0.42445452825487023,0.17661811003258499,success
846,2000,8,3,2.0,4.0,0.1,0.6800000000000002,4.3999999999999995,4,0,429,71,0,0.394008662620742,0.14770412742438563,success
850,2000,8,3,2.0,4.0,0.1,0.6800000000000002,5.199999999999999,4,0,429,71,0,0.3867102222810771,0.1479055993329736,success
842,2000,8,3,2.0,4.0,0.1,0.6800000000000002,3.5999999999999996,4,0,427,73,0,0.4172458483853022,0.1784786178281195,success
843,2000,8,3,2.0,4.0,0.1,0.6800000000000002,3.7999999999999994,4,0,428,72,0,0.4144490628356175,0.15924438621444875,success
844,2000,8,3,2.0,4.0,0.1,0.6800000000000002,3.999999999999999,4,0,429,71,0,0.39929275313340373,0.16333657800684184,success
847,2000,8,3,2.0,4.0,0.1,0.6800000000000002,4.6,4,0,430,70,0,0.39336042777139885,0.1500814639092827,success
845,2000,8,3,2.0,4.0,0.1,0.6800000000000002,4.199999999999999,4,0,429,71,0,0.39776560580460407,0.14951014893080794,success
849,2000,8,3,2.0,4.0,0.1,0.6800000000000002,4.999999999999999,4,0,429,71,0,0.3923036066124279,0.15096176065860514,success
848,2000,8,3,2.0,4.0,0.1,0.6800000000000002,4.799999999999999,4,0,429,71,0,0.3977988186313266,0.15836562898339857,success
851,2000,8,3,2.0,4.0,0.1,0.6800000000000002,5.399999999999999,4,0,429,71,0,0.38807884527147496,0.15035615651259643,success
853,2000,8,3,2.0,4.0,0.1,0.6800000000000002,5.799999999999999,4,0,429,71,0,0.3874387477940507,0.15041274267307891,success
852,2000,8,3,2.0,4.0,0.1,0.6800000000000002,5.599999999999999,4,0,429,71,0,0.38618647870351813,0.14843119181388698,success
854,2000,8,3,2.0,4.0,0.1,0.6800000000000002,5.999999999999999,4,0,429,71,0,0.3885957232434166,0.15076637284338562,success
855,2000,8,3,2.0,4.0,0.1,0.6800000000000002,6.199999999999999,4,0,429,71,0,0.3865156650266777,0.14798486298231786,success
856,2000,8,3,2.0,4.0,0.1,0.6800000000000002,6.399999999999999,4,0,429,71,0,0.3871536680969692,0.1501098220246755,success
857,2000,8,3,2.0,4.0,0.1,0.6800000000000002,6.599999999999999,4,0,429,71,0,0.3866257527535739,0.14950847822644994,success
858,2000,8,3,2.0,4.0,0.1,0.6800000000000002,6.799999999999999,4,0,429,71,0,0.3858413235960509,0.14872670145039335,success
859,2000,8,3,2.0,4.0,0.1,0.6800000000000002,6.999999999999998,4,0,429,71,0,0.38592072117689546,0.14845406301921366,success
860,2000,8,3,2.0,4.0,0.1,0.6800000000000002,7.199999999999998,4,0,429,71,0,0.3850995988431925,0.14759630584765213,success
861,2000,8,3,2.0,4.0,0.1,0.6800000000000002,7.399999999999999,4,0,429,71,0,0.38563607797983296,0.14836231743163952,success
862,2000,8,3,2.0,4.0,0.1,0.6800000000000002,7.599999999999999,4,0,429,71,0,0.3862054564264016,0.14922328379994748,success
863,2000,8,3,2.0,4.0,0.1,0.6800000000000002,7.799999999999999,4,0,429,71,0,0.385486260014742,0.14882953656798303,success
865,2000,8,3,2.0,4.0,0.1,0.6800000000000002,8.2,4,0,429,71,0,0.3841989783166596,0.14649497277524617,success
864,2000,8,3,2.0,4.0,0.1,0.6800000000000002,7.999999999999998,4,0,429,71,0,0.3845955118886524,0.14720247845109408,success
866,2000,8,3,2.0,4.0,0.1,0.6800000000000002,8.399999999999999,4,0,429,71,0,0.3845702409127266,0.1470049425552815,success
867,2000,8,3,2.0,4.0,0.1,0.6800000000000002,8.599999999999998,4,0,429,71,0,0.3846167697503009,0.14711995053602805,success
868,2000,8,3,2.0,4.0,0.1,0.6800000000000002,8.799999999999997,4,0,429,71,0,0.3847166543456266,0.14702051841325678,success
869,2000,8,3,2.0,4.0,0.1,0.6800000000000002,8.999999999999998,4,0,429,71,0,0.3843958583477866,0.14669545474047815,success
870,2000,8,3,2.0,4.0,0.1,0.6800000000000002,9.199999999999998,4,0,429,71,0,0.3841757147126005,0.1464517855779106,success
871,2000,8,3,2.0,4.0,0.1,0.6800000000000002,9.399999999999999,4,0,429,71,0,0.3846291324561754,0.14710957401584085,success
872,2000,8,3,2.0,4.0,0.1,0.6800000000000002,9.599999999999998,4,0,429,71,0,0.38474208316511277,0.14749543252509464,success
875,2000,8,3,2.0,4.0,0.1,0.6900000000000002,1.0,4,286,214,0,0,,,success
876,2000,8,3,2.0,4.0,0.1,0.6900000000000002,1.2,4,214,227,59,0,0.920836364794528,0.18682930542855433,success
877,2000,8,3,2.0,4.0,0.1,0.6900000000000002,1.4,4,161,262,77,0,0.8415901469749829,0.23838502644669662,success
878,2000,8,3,2.0,4.0,0.1,0.6900000000000002,1.5999999999999999,4,130,272,98,0,0.8346599109199522,0.24324061015794737,success
879,2000,8,3,2.0,4.0,0.1,0.6900000000000002,1.7999999999999998,4,94,297,109,0,0.7833388601205525,0.2430394613872546,success
880,2000,8,3,2.0,4.0,0.1,0.6900000000000002,1.9999999999999998,4,67,321,112,0,0.7515027874719126,0.25093155569741676,success
881,2000,8,3,2.0,4.0,0.1,0.6900000000000002,2.1999999999999997,4,42,344,114,0,0.7164453419775719,0.2635899763993547,success
874,2000,8,3,2.0,4.0,0.1,0.6800000000000002,9.999999999999998,4,0,429,71,0,0.38429151650268095,0.1466394181302995,success
873,2000,8,3,2.0,4.0,0.1,0.6800000000000002,9.799999999999997,4,0,429,71,0,0.38418951358902875,0.14641985793831552,success
882,2000,8,3,2.0,4.0,0.1,0.6900000000000002,2.3999999999999995,4,19,376,105,0,0.6429315540242175,0.2697826198994655,success
883,2000,8,3,2.0,4.0,0.1,0.6900000000000002,2.5999999999999996,4,8,398,94,0,0.6098646676024871,0.24332947159515092,success
884,2000,8,3,2.0,4.0,0.1,0.6900000000000002,2.8,4,2,411,87,0,0.5454331594843811,0.24462517314177895,success
885,2000,8,3,2.0,4.0,0.1,0.6900000000000002,2.9999999999999996,4,0,425,75,0,0.4734350070358953,0.19781414978681328,success
886,2000,8,3,2.0,4.0,0.1,0.6900000000000002,3.1999999999999993,4,1,428,71,0,0.4360055200552947,0.16908202477238862,success
887,2000,8,3,2.0,4.0,0.1,0.6900000000000002,3.3999999999999995,4,1,428,71,0,0.4244740719566705,0.1766528535986464,success
888,2000,8,3,2.0,4.0,0.1,0.6900000000000002,3.5999999999999996,4,0,427,73,0,0.41732098907674864,0.17861191216557915,success
889,2000,8,3,2.0,4.0,0.1,0.6900000000000002,3.7999999999999994,4,0,428,72,0,0.41446067984445256,0.15926146827154306,success
890,2000,8,3,2.0,4.0,0.1,0.6900000000000002,3.999999999999999,4,0,429,71,0,0.3992686978657034,0.1632980647513513,success
891,2000,8,3,2.0,4.0,0.1,0.6900000000000002,4.199999999999999,4,0,429,71,0,0.3977650089470134,0.1495200590047172,success
892,2000,8,3,2.0,4.0,0.1,0.6900000000000002,4.3999999999999995,4,0,429,71,0,0.3940560894589885,0.14772252345193043,success
895,2000,8,3,2.0,4.0,0.1,0.6900000000000002,4.999999999999999,4,0,429,71,0,0.3921423354346233,0.1507338607475368,success
893,2000,8,3,2.0,4.0,0.1,0.6900000000000002,4.6,4,0,430,70,0,0.3934528116638004,0.15008607454292183,success
894,2000,8,3,2.0,4.0,0.1,0.6900000000000002,4.799999999999999,4,0,429,71,0,0.39833402631478504,0.15933841015657815,success
896,2000,8,3,2.0,4.0,0.1,0.6900000000000002,5.199999999999999,4,0,429,71,0,0.38683726631472565,0.14806013411357355,success
898,2000,8,3,2.0,4.0,0.1,0.6900000000000002,5.599999999999999,4,0,429,71,0,0.3862501260070763,0.14844484517274514,success
897,2000,8,3,2.0,4.0,0.1,0.6900000000000002,5.399999999999999,4,0,429,71,0,0.3881192989015414,0.15035979597274446,success
899,2000,8,3,2.0,4.0,0.1,0.6900000000000002,5.799999999999999,4,0,429,71,0,0.38800325617766784,0.1512438070948348,success
900,2000,8,3,2.0,4.0,0.1,0.6900000000000002,5.999999999999999,4,0,429,71,0,0.3886382875422397,0.15072115061494198,success
901,2000,8,3,2.0,4.0,0.1,0.6900000000000002,6.199999999999999,4,0,429,71,0,0.38643531687685995,0.14782420398158197,success
902,2000,8,3,2.0,4.0,0.1,0.6900000000000002,6.399999999999999,4,0,429,71,0,0.3874717734203097,0.15060852523551357,success
903,2000,8,3,2.0,4.0,0.1,0.6900000000000002,6.599999999999999,4,0,429,71,0,0.3869476057804802,0.15007547407971897,success
904,2000,8,3,2.0,4.0,0.1,0.6900000000000002,6.799999999999999,4,0,429,71,0,0.3858377807336658,0.14867521928799432,success
909,2000,8,3,2.0,4.0,0.1,0.6900000000000002,7.799999999999999,4,0,429,71,0,0.3856597317663971,0.14890206117903412,success
906,2000,8,3,2.0,4.0,0.1,0.6900000000000002,7.199999999999998,4,0,429,71,0,0.38521125114453114,0.14771668652960798,success
908,2000,8,3,2.0,4.0,0.1,0.6900000000000002,7.599999999999999,4,0,429,71,0,0.38633998859574936,0.1493043937265645,success
905,2000,8,3,2.0,4.0,0.1,0.6900000000000002,6.999999999999998,4,0,429,71,0,0.3859411203199737,0.14839889398052783,success
907,2000,8,3,2.0,4.0,0.1,0.6900000000000002,7.399999999999999,4,0,429,71,0,0.38549045910660823,0.1479542059621485,success
910,2000,8,3,2.0,4.0,0.1,0.6900000000000002,7.999999999999998,4,0,429,71,0,0.3845934619058212,0.14708394300716288,success
912,2000,8,3,2.0,4.0,0.1,0.6900000000000002,8.399999999999999,4,0,429,71,0,0.3847091446843951,0.14713361654682117,success
911,2000,8,3,2.0,4.0,0.1,0.6900000000000002,8.2,4,0,429,71,0,0.3844621218916265,0.14679257881457458,success
913,2000,8,3,2.0,4.0,0.1,0.6900000000000002,8.599999999999998,4,0,429,71,0,0.3848178331159643,0.1474464055732226,success
914,2000,8,3,2.0,4.0,0.1,0.6900000000000002,8.799999999999997,4,0,429,71,0,0.3848208727523654,0.14719478427294258,success
915,2000,8,3,2.0,4.0,0.1,0.6900000000000002,8.999999999999998,4,0,429,71,0,0.3844913148789591,0.14677457293722498,success
916,2000,8,3,2.0,4.0,0.1,0.6900000000000002,9.199999999999998,4,0,429,71,0,0.38431357928884874,0.1466280333641485,success
917,2000,8,3,2.0,4.0,0.1,0.6900000000000002,9.399999999999999,4,0,429,71,0,0.38449578308945537,0.14687236569964188,success
918,2000,8,3,2.0,4.0,0.1,0.6900000000000002,9.599999999999998,4,0,429,71,0,0.3846632284655206,0.14735750227968827,success
919,2000,8,3,2.0,4.0,0.1,0.6900000000000002,9.799999999999997,4,0,429,71,0,0.3843158444707395,0.14665166455501275,success
921,2000,8,3,2.0,4.0,0.1,0.7000000000000002,1.0,4,286,214,0,0,,,success
922,2000,8,3,2.0,4.0,0.1,0.7000000000000002,1.2,4,214,227,59,0,0.920836364794528,0.18682930542855433,success
923,2000,8,3,2.0,4.0,0.1,0.7000000000000002,1.4,4,161,262,77,0,0.8415901469749829,0.23838502644669662,success
920,2000,8,3,2.0,4.0,0.1,0.6900000000000002,9.999999999999998,4,0,429,71,0,0.3840910370159535,0.14631716389054703,success
924,2000,8,3,2.0,4.0,0.1,0.7000000000000002,1.5999999999999999,4,130,272,98,0,0.8346599109199522,0.24324061015794737,success
925,2000,8,3,2.0,4.0,0.1,0.7000000000000002,1.7999999999999998,4,94,297,109,0,0.7833388601205525,0.2430394613872546,success
926,2000,8,3,2.0,4.0,0.1,0.7000000000000002,1.9999999999999998,4,67,321,112,0,0.7515027874719126,0.25093155569741676,success
927,2000,8,3,2.0,4.0,0.1,0.7000000000000002,2.1999999999999997,4,42,344,114,0,0.7164453419775719,0.2635899763993547,success
928,2000,8,3,2.0,4.0,0.1,0.7000000000000002,2.3999999999999995,4,19,376,105,0,0.6429921195294116,0.26973559199766844,success
929,2000,8,3,2.0,4.0,0.1,0.7000000000000002,2.5999999999999996,4,8,398,94,0,0.6098646676024871,0.24332947159515092,success
930,2000,8,3,2.0,4.0,0.1,0.7000000000000002,2.8,4,2,411,87,0,0.5452935459452529,0.24436667241586604,success
931,2000,8,3,2.0,4.0,0.1,0.7000000000000002,2.9999999999999996,4,0,425,75,0,0.4734869841861748,0.1978058535201837,success
932,2000,8,3,2.0,4.0,0.1,0.7000000000000002,3.1999999999999993,4,1,428,71,0,0.436006963523492,0.16908368249129357,success
933,2000,8,3,2.0,4.0,0.1,0.7000000000000002,3.3999999999999995,4,1,428,71,0,0.4244862103559925,0.17666675788714195,success
934,2000,8,3,2.0,4.0,0.1,0.7000000000000002,3.5999999999999996,4,0,427,73,0,0.4171646254689721,0.17829255405064273,success
940,2000,8,3,2.0,4.0,0.1,0.7000000000000002,4.799999999999999,4,0,429,71,0,0.39866353386920983,0.15962316030627824,success
936,2000,8,3,2.0,4.0,0.1,0.7000000000000002,3.999999999999999,4,0,429,71,0,0.3995255777713635,0.16326214645486092,success
939,2000,8,3,2.0,4.0,0.1,0.7000000000000002,4.6,4,0,430,70,0,0.3935083771722494,0.149921086361767,success
937,2000,8,3,2.0,4.0,0.1,0.7000000000000002,4.199999999999999,4,0,429,71,0,0.39922222527142637,0.15141895290810847,success
941,2000,8,3,2.0,4.0,0.1,0.7000000000000002,4.999999999999999,4,0,429,71,0,0.39242452734963734,0.15094684386751833,success
935,2000,8,3,2.0,4.0,0.1,0.7000000000000002,3.7999999999999994,4,0,428,72,0,0.41454090415316713,0.1594274159539519,success
938,2000,8,3,2.0,4.0,0.1,0.7000000000000002,4.3999999999999995,4,0,429,71,0,0.39395696678428416,0.14708445013784163,success
942,2000,8,3,2.0,4.0,0.1,0.7000000000000002,5.199999999999999,4,0,429,71,0,0.38736643935468745,0.1486256707436402,success
943,2000,8,3,2.0,4.0,0.1,0.7000000000000002,5.399999999999999,4,0,429,71,0,0.3880960053434119,0.15025762801241646,success
944,2000,8,3,2.0,4.0,0.1,0.7000000000000002,5.599999999999999,4,0,429,71,0,0.3863782870345353,0.1484621873638212,success
946,2000,8,3,2.0,4.0,0.1,0.7000000000000002,5.999999999999999,4,0,429,71,0,0.3889092837851888,0.1508995110465239,success
945,2000,8,3,2.0,4.0,0.1,0.7000000000000002,5.799999999999999,4,0,429,71,0,0.3886734641238488,0.1521071696430776,success
947,2000,8,3,2.0,4.0,0.1,0.7000000000000002,6.199999999999999,4,0,429,71,0,0.386826850438555,0.14824836206157238,success
948,2000,8,3,2.0,4.0,0.1,0.7000000000000002,6.399999999999999,4,0,429,71,0,0.38761038764997374,0.15052575106143645,success
949,2000,8,3,2.0,4.0,0.1,0.7000000000000002,6.599999999999999,4,0,429,71,0,0.3870906300927077,0.1501034281801902,success
950,2000,8,3,2.0,4.0,0.1,0.7000000000000002,6.799999999999999,4,0,429,71,0,0.38595329599003353,0.14861433079767003,success
952,2000,8,3,2.0,4.0,0.1,0.7000000000000002,7.199999999999998,4,0,429,71,0,0.38552919964118654,0.14781380475421005,success
951,2000,8,3,2.0,4.0,0.1,0.7000000000000002,6.999999999999998,4,0,429,71,0,0.38646296810691,0.14875006228532142,success
954,2000,8,3,2.0,4.0,0.1,0.7000000000000002,7.599999999999999,4,0,429,71,0,0.3865893158008065,0.14947386791941733,success
953,2000,8,3,2.0,4.0,0.1,0.7000000000000002,7.399999999999999,4,0,429,71,0,0.3854510689629177,0.14759877929696633,success
955,2000,8,3,2.0,4.0,0.1,0.7000000000000002,7.799999999999999,4,0,429,71,0,0.3856289115459903,0.14844013887341606,success
956,2000,8,3,2.0,4.0,0.1,0.7000000000000002,7.999999999999998,4,0,429,71,0,0.3848997627590815,0.14723655222389823,success
957,2000,8,3,2.0,4.0,0.1,0.7000000000000002,8.2,4,0,429,71,0,0.3847359897453524,0.14691341593585655,success
958,2000,8,3,2.0,4.0,0.1,0.7000000000000002,8.399999999999999,4,0,429,71,0,0.38503582814689313,0.14736326573278152,success
959,2000,8,3,2.0,4.0,0.1,0.7000000000000002,8.599999999999998,4,0,429,71,0,0.3848742854825696,0.14723996444883186,success
960,2000,8,3,2.0,4.0,0.1,0.7000000000000002,8.799999999999997,4,0,429,71,0,0.3852209226943883,0.14762891690945978,success
961,2000,8,3,2.0,4.0,0.1,0.7000000000000002,8.999999999999998,4,0,429,71,0,0.3849856795086875,0.1473408906921577,success
962,2000,8,3,2.0,4.0,0.1,0.7000000000000002,9.199999999999998,4,0,429,71,0,0.3847547234623576,0.14707074966576833,success
963,2000,8,3,2.0,4.0,0.1,0.7000000000000002,9.399999999999999,4,0,429,71,0,0.38488523462111945,0.14728948941781542,success
964,2000,8,3,2.0,4.0,0.1,0.7000000000000002,9.599999999999998,4,0,429,71,0,0.384541138600557,0.14664963269667752,success
965,2000,8,3,2.0,4.0,0.1,0.7000000000000002,9.799999999999997,4,0,429,71,0,0.38458009764354634,0.14679565911132578,success
967,2000,8,3,2.0,4.0,0.1,0.7100000000000002,1.0,4,286,214,0,0,,,success
968,2000,8,3,2.0,4.0,0.1,0.7100000000000002,1.2,4,214,227,59,0,0.920836364794528,0.18682930542855433,success
969,2000,8,3,2.0,4.0,0.1,0.7100000000000002,1.4,4,161,262,77,0,0.8415901469749829,0.23838502644669662,success
966,2000,8,3,2.0,4.0,0.1,0.7000000000000002,9.999999999999998,4,0,429,71,0,0.38447992020127986,0.14660679429383278,success
970,2000,8,3,2.0,4.0,0.1,0.7100000000000002,1.5999999999999999,4,130,272,98,0,0.8346599109199522,0.24324061015794737,success
971,2000,8,3,2.0,4.0,0.1,0.7100000000000002,1.7999999999999998,4,94,297,109,0,0.7833388601205525,0.2430394613872546,success
972,2000,8,3,2.0,4.0,0.1,0.7100000000000002,1.9999999999999998,4,67,320,113,0,0.7537018778482674,0.2509002018334995,success
973,2000,8,3,2.0,4.0,0.1,0.7100000000000002,2.1999999999999997,4,42,344,114,0,0.7164453419775719,0.2635899763993547,success
974,2000,8,3,2.0,4.0,0.1,0.7100000000000002,2.3999999999999995,4,19,377,104,0,0.6399319700114051,0.26920410585600485,success
975,2000,8,3,2.0,4.0,0.1,0.7100000000000002,2.5999999999999996,4,8,398,94,0,0.6098646676024871,0.24332947159515092,success
976,2000,8,3,2.0,4.0,0.1,0.7100000000000002,2.8,4,2,410,88,0,0.5391538465595113,0.24969167070222184,success
979,2000,8,3,2.0,4.0,0.1,0.7100000000000002,3.3999999999999995,4,1,425,74,0,0.42079640025896664,0.1744146074090712,success
977,2000,8,3,2.0,4.0,0.1,0.7100000000000002,2.9999999999999996,4,0,423,77,0,0.47126556221988897,0.19609510433735244,success
978,2000,8,3,2.0,4.0,0.1,0.7100000000000002,3.1999999999999993,4,1,425,74,0,0.43491911196267435,0.16625239880955342,success
980,2000,8,3,2.0,4.0,0.1,0.7100000000000002,3.5999999999999996,4,0,424,76,0,0.4155223188255828,0.1797740041419335,success
982,2000,8,3,2.0,4.0,0.1,0.7100000000000002,3.999999999999999,4,0,428,72,0,0.4001398380170507,0.16198294667473517,success
981,2000,8,3,2.0,4.0,0.1,0.7100000000000002,3.7999999999999994,4,0,426,74,0,0.4136778671126283,0.15757156888415888,success
984,2000,8,3,2.0,4.0,0.1,0.7100000000000002,4.3999999999999995,4,0,427,73,0,0.4024079834460955,0.16058964525674155,success
983,2000,8,3,2.0,4.0,0.1,0.7100000000000002,4.199999999999999,4,0,428,72,0,0.4006572513853655,0.15101035569792262,success
985,2000,8,3,2.0,4.0,0.1,0.7100000000000002,4.6,4,0,429,71,0,0.39398229693344883,0.14922347780500828,success
986,2000,8,3,2.0,4.0,0.1,0.7100000000000002,4.799999999999999,4,0,428,72,0,0.39795101841503755,0.15639042861047955,success
987,2000,8,3,2.0,4.0,0.1,0.7100000000000002,4.999999999999999,4,0,428,72,0,0.3934137596288037,0.1481342042722064,success
988,2000,8,3,2.0,4.0,0.1,0.7100000000000002,5.199999999999999,4,0,428,72,0,0.38946764634212383,0.14727298279854617,success
989,2000,8,3,2.0,4.0,0.1,0.7100000000000002,5.399999999999999,4,0,428,72,0,0.38847404404618846,0.14625621443641468,success
990,2000,8,3,2.0,4.0,0.1,0.7100000000000002,5.599999999999999,4,0,428,72,0,0.38891214302739613,0.14738944429092307,success
991,2000,8,3,2.0,4.0,0.1,0.7100000000000002,5.799999999999999,4,0,428,72,0,0.3909086291301535,0.15037312927591448,success
992,2000,8,3,2.0,4.0,0.1,0.7100000000000002,5.999999999999999,4,0,428,72,0,0.3902460533798691,0.1477120771554648,success
993,2000,8,3,2.0,4.0,0.1,0.7100000000000002,6.199999999999999,4,0,428,72,0,0.3885966926918444,0.14583589063528632,success
994,2000,8,3,2.0,4.0,0.1,0.7100000000000002,6.399999999999999,4,0,428,72,0,0.3900468500023124,0.14896662902602384,success
995,2000,8,3,2.0,4.0,0.1,0.7100000000000002,6.599999999999999,4,0,428,72,0,0.3891382128067062,0.14810395719081576,success
996,2000,8,3,2.0,4.0,0.1,0.7100000000000002,6.799999999999999,4,0,428,72,0,0.38762500711308717,0.14619828192686896,success
997,2000,8,3,2.0,4.0,0.1,0.7100000000000002,6.999999999999998,4,0,428,72,0,0.38908599110507225,0.14760096554804544,success
999,2000,8,3,2.0,4.0,0.1,0.7100000000000002,7.399999999999999,4,0,428,72,0,0.38889049210169735,0.14746382155182985,success
998,2000,8,3,2.0,4.0,0.1,0.7100000000000002,7.199999999999998,4,0,428,72,0,0.38837961610063815,0.14694541638755126,success
1001,2000,8,3,2.0,4.0,0.1,0.7100000000000002,7.799999999999999,4,0,428,72,0,0.3883081924282677,0.14729461912899267,success
1000,2000,8,3,2.0,4.0,0.1,0.7100000000000002,7.599999999999999,4,0,428,72,0,0.38966970065924483,0.14914355943671614,success
1002,2000,8,3,2.0,4.0,0.1,0.7100000000000002,7.999999999999998,4,0,428,72,0,0.38768042839884564,0.14593573750298505,success
1003,2000,8,3,2.0,4.0,0.1,0.7100000000000002,8.2,4,0,428,72,0,0.3878605848511643,0.14623697673914532,success
1004,2000,8,3,2.0,4.0,0.1,0.7100000000000002,8.399999999999999,4,0,428,72,0,0.3877878013372826,0.14597067011646575,success
1005,2000,8,3,2.0,4.0,0.1,0.7100000000000002,8.599999999999998,4,0,428,72,0,0.3878950072690337,0.14622751638635784,success
1006,2000,8,3,2.0,4.0,0.1,0.7100000000000002,8.799999999999997,4,0,428,72,0,0.38800564060513976,0.1465002161166945,success
1007,2000,8,3,2.0,4.0,0.1,0.7100000000000002,8.999999999999998,4,0,428,72,0,0.3879420222408317,0.14635098650619305,success
1008,2000,8,3,2.0,4.0,0.1,0.7100000000000002,9.199999999999998,4,0,428,72,0,0.38778003595846816,0.14610872450546744,success
1009,2000,8,3,2.0,4.0,0.1,0.7100000000000002,9.399999999999999,4,0,428,72,0,0.38794829990325685,0.14631834889417902,success
1013,2000,8,3,2.0,4.0,0.1,0.7200000000000002,1.0,4,288,212,0,0,,,success
1010,2000,8,3,2.0,4.0,0.1,0.7100000000000002,9.599999999999998,4,0,428,72,0,0.3876846784512826,0.14596667742859934,success
1011,2000,8,3,2.0,4.0,0.1,0.7100000000000002,9.799999999999997,4,0,428,72,0,0.3878141901536355,0.14610937310939648,success
1014,2000,8,3,2.0,4.0,0.1,0.7200000000000002,1.2,4,216,225,59,0,0.920836364794528,0.18682930542855433,success
1012,2000,8,3,2.0,4.0,0.1,0.7100000000000002,9.999999999999998,4,0,428,72,0,0.3873993869211373,0.14547240659146946,success
1015,2000,8,3,2.0,4.0,0.1,0.7200000000000002,1.4,4,161,261,78,0,0.841560442136742,0.2368321583042326,success
1016,2000,8,3,2.0,4.0,0.1,0.7200000000000002,1.5999999999999999,4,130,270,100,0,0.8379667127015531,0.2418924265462474,success
1017,2000,8,3,2.0,4.0,0.1,0.7200000000000002,1.7999999999999998,4,94,298,108,0,0.7813327384550022,0.2432641485608981,success
1018,2000,8,3,2.0,4.0,0.1,0.7200000000000002,1.9999999999999998,4,67,320,113,0,0.7537018778482674,0.2509002018334995,success
1019,2000,8,3,2.0,4.0,0.1,0.7200000000000002,2.1999999999999997,4,42,343,115,0,0.7189110346560278,0.26376004902815214,success
1020,2000,8,3,2.0,4.0,0.1,0.7200000000000002,2.3999999999999995,4,19,377,104,0,0.6399319700114051,0.26920410585600485,success
1021,2000,8,3,2.0,4.0,0.1,0.7200000000000002,2.5999999999999996,4,8,398,94,0,0.6098646676024871,0.24332947159515092,success
1022,2000,8,3,2.0,4.0,0.1,0.7200000000000002,2.8,4,2,410,88,0,0.5372298679636903,0.2488851660565374,success
1024,2000,8,3,2.0,4.0,0.1,0.7200000000000002,3.1999999999999993,4,1,423,76,0,0.4336085113203675,0.16420785027270327,success
1023,2000,8,3,2.0,4.0,0.1,0.7200000000000002,2.9999999999999996,4,0,422,78,0,0.470324991017547,0.19478946537745914,success
1025,2000,8,3,2.0,4.0,0.1,0.7200000000000002,3.3999999999999995,4,1,423,76,0,0.41894104346792443,0.17249324224621304,success
1027,2000,8,3,2.0,4.0,0.1,0.7200000000000002,3.7999999999999994,4,0,425,75,0,0.412173704642638,0.15766456602921775,success
1028,2000,8,3,2.0,4.0,0.1,0.7200000000000002,3.999999999999999,4,0,427,73,0,0.39623697446629413,0.16277186653883652,success
1026,2000,8,3,2.0,4.0,0.1,0.7200000000000002,3.5999999999999996,4,0,423,77,0,0.41414986824948324,0.17830304083606766,success
1029,2000,8,3,2.0,4.0,0.1,0.7200000000000002,4.199999999999999,4,0,427,73,0,0.3977959259260685,0.1530024202582704,success
1032,2000,8,3,2.0,4.0,0.1,0.7200000000000002,4.799999999999999,4,0,427,73,0,0.39207056454915035,0.15592394331374101,success
1034,2000,8,3,2.0,4.0,0.1,0.7200000000000002,5.199999999999999,4,0,427,73,0,0.3851603118494358,0.14860420674997524,success
1031,2000,8,3,2.0,4.0,0.1,0.7200000000000002,4.6,4,0,428,72,0,0.391175336374388,0.1519864608899247,success
1033,2000,8,3,2.0,4.0,0.1,0.7200000000000002,4.999999999999999,4,0,426,74,0,0.398201983562985,0.16399214470630336,success
1030,2000,8,3,2.0,4.0,0.1,0.7200000000000002,4.3999999999999995,4,0,426,74,0,0.39945172398547235,0.16319956257476878,success
1035,2000,8,3,2.0,4.0,0.1,0.7200000000000002,5.399999999999999,4,0,427,73,0,0.3858273570970425,0.14897651248790508,success
1036,2000,8,3,2.0,4.0,0.1,0.7200000000000002,5.599999999999999,4,0,427,73,0,0.38494765080120036,0.14942004968906608,success
1037,2000,8,3,2.0,4.0,0.1,0.7200000000000002,5.799999999999999,4,0,427,73,0,0.3868776765299512,0.15248288229242954,success
1038,2000,8,3,2.0,4.0,0.1,0.7200000000000002,5.999999999999999,4,0,427,73,0,0.38676628915829525,0.14934259527898364,success
1039,2000,8,3,2.0,4.0,0.1,0.7200000000000002,6.199999999999999,4,0,427,73,0,0.3856599859859488,0.1482156057602602,success
1040,2000,8,3,2.0,4.0,0.1,0.7200000000000002,6.399999999999999,4,0,427,73,0,0.38656626144447875,0.15102703447206198,success
1041,2000,8,3,2.0,4.0,0.1,0.7200000000000002,6.599999999999999,4,0,427,73,0,0.3864201413707497,0.15026631526277423,success
1042,2000,8,3,2.0,4.0,0.1,0.7200000000000002,6.799999999999999,4,0,427,73,0,0.384965331628696,0.148022361702825,success
1043,2000,8,3,2.0,4.0,0.1,0.7200000000000002,6.999999999999998,4,0,427,73,0,0.38558930546456566,0.1493871175742266,success
1045,2000,8,3,2.0,4.0,0.1,0.7200000000000002,7.399999999999999,4,0,427,73,0,0.3854906645510283,0.1496097893071325,success
1044,2000,8,3,2.0,4.0,0.1,0.7200000000000002,7.199999999999998,4,0,427,73,0,0.38521049585212236,0.1492912919511681,success
1046,2000,8,3,2.0,4.0,0.1,0.7200000000000002,7.599999999999999,4,0,427,73,0,0.3866901230115565,0.15185715323906607,success
1047,2000,8,3,2.0,4.0,0.1,0.7200000000000002,7.799999999999999,4,0,427,73,0,0.38511940046155096,0.1495887105878478,success
1048,2000,8,3,2.0,4.0,0.1,0.7200000000000002,7.999999999999998,4,0,427,73,0,0.38461031744985164,0.14878165425706047,success
1049,2000,8,3,2.0,4.0,0.1,0.7200000000000002,8.2,4,0,427,73,0,0.38432100371463057,0.14833439166071716,success
1050,2000,8,3,2.0,4.0,0.1,0.7200000000000002,8.399999999999999,4,0,427,73,0,0.3844049467153397,0.14827599422836296,success
1051,2000,8,3,2.0,4.0,0.1,0.7200000000000002,8.599999999999998,4,0,427,73,0,0.38469108650169276,0.1489052960502174,success
1052,2000,8,3,2.0,4.0,0.1,0.7200000000000002,8.799999999999997,4,0,427,73,0,0.3844395573774144,0.14868053738877712,success
1053,2000,8,3,2.0,4.0,0.1,0.7200000000000002,8.999999999999998,4,0,427,73,0,0.38423902407775673,0.14823686812690987,success
1054,2000,8,3,2.0,4.0,0.1,0.7200000000000002,9.199999999999998,4,0,427,73,0,0.38417593610547685,0.1482139892954495,success
1055,2000,8,3,2.0,4.0,0.1,0.7200000000000002,9.399999999999999,4,0,427,73,0,0.3844084930370841,0.14853547353647606,success
1056,2000,8,3,2.0,4.0,0.1,0.7200000000000002,9.599999999999998,4,0,427,73,0,0.38439459260802084,0.14858059977030996,success
1057,2000,8,3,2.0,4.0,0.1,0.7200000000000002,9.799999999999997,4,0,427,73,0,0.3843848512582725,0.14854781328884692,success
1059,2000,8,3,2.0,4.0,0.1,0.7300000000000002,1.0,4,288,212,0,0,,,success
1060,2000,8,3,2.0,4.0,0.1,0.7300000000000002,1.2,4,216,225,59,0,0.920836364794528,0.18682930542855433,success
1061,2000,8,3,2.0,4.0,0.1,0.7300000000000002,1.4,4,161,261,78,0,0.841560442136742,0.2368321583042326,success
1058,2000,8,3,2.0,4.0,0.1,0.7200000000000002,9.999999999999998,4,0,427,73,0,0.3838717726170679,0.1477048412494758,success
1062,2000,8,3,2.0,4.0,0.1,0.7300000000000002,1.5999999999999999,4,130,270,100,0,0.8379667127015531,0.2418924265462474,success
1063,2000,8,3,2.0,4.0,0.1,0.7300000000000002,1.7999999999999998,4,94,298,108,0,0.7813327384550022,0.2432641485608981,success
1064,2000,8,3,2.0,4.0,0.1,0.7300000000000002,1.9999999999999998,4,67,319,114,0,0.7551499735607531,0.2502656177456158,success
1065,2000,8,3,2.0,4.0,0.1,0.7300000000000002,2.1999999999999997,4,42,343,115,0,0.7189110346560278,0.26376004902815214,success
1066,2000,8,3,2.0,4.0,0.1,0.7300000000000002,2.3999999999999995,4,19,377,104,0,0.6399319700114051,0.26920410585600485,success
1067,2000,8,3,2.0,4.0,0.1,0.7300000000000002,2.5999999999999996,4,8,398,94,0,0.6098646676024871,0.24332947159515092,success
1068,2000,8,3,2.0,4.0,0.1,0.7300000000000002,2.8,4,2,410,88,0,0.5374898760215245,0.24929767113205192,success
1070,2000,8,3,2.0,4.0,0.1,0.7300000000000002,3.1999999999999993,4,1,423,76,0,0.4336090331226188,0.16420789937233726,success
1069,2000,8,3,2.0,4.0,0.1,0.7300000000000002,2.9999999999999996,4,0,422,78,0,0.47032523649358454,0.1947898023491204,success
1071,2000,8,3,2.0,4.0,0.1,0.7300000000000002,3.3999999999999995,4,1,423,76,0,0.4191773710797322,0.17240587526470658,success
1073,2000,8,3,2.0,4.0,0.1,0.7300000000000002,3.7999999999999994,4,0,425,75,0,0.4135190818937506,0.1568713094008221,success
1078,2000,8,3,2.0,4.0,0.1,0.7300000000000002,4.799999999999999,4,0,427,73,0,0.3935075607825417,0.15262075296115063,success
1072,2000,8,3,2.0,4.0,0.1,0.7300000000000002,3.5999999999999996,4,0,423,77,0,0.4139439516649839,0.17783340817573562,success
1074,2000,8,3,2.0,4.0,0.1,0.7300000000000002,3.999999999999999,4,0,427,73,0,0.397736612395751,0.1610875443927287,success
1079,2000,8,3,2.0,4.0,0.1,0.7300000000000002,4.999999999999999,4,0,427,73,0,0.39178432135568464,0.14795212839116056,success
1076,2000,8,3,2.0,4.0,0.1,0.7300000000000002,4.3999999999999995,4,0,427,73,0,0.3931906479443853,0.14704690768967332,success
1075,2000,8,3,2.0,4.0,0.1,0.7300000000000002,4.199999999999999,4,0,427,73,0,0.39924206896935616,0.15127288950492596,success
1077,2000,8,3,2.0,4.0,0.1,0.7300000000000002,4.6,4,0,428,72,0,0.3928362966018579,0.15021048069644816,success
1080,2000,8,3,2.0,4.0,0.1,0.7300000000000002,5.199999999999999,4,0,427,73,0,0.3868368165871436,0.14669994289853555,success
1081,2000,8,3,2.0,4.0,0.1,0.7300000000000002,5.399999999999999,4,0,427,73,0,0.3875787871628297,0.14708701390538056,success
1083,2000,8,3,2.0,4.0,0.1,0.7300000000000002,5.799999999999999,4,0,427,73,0,0.38745120110594233,0.14855087225521765,success
1082,2000,8,3,2.0,4.0,0.1,0.7300000000000002,5.599999999999999,4,0,427,73,0,0.38621619131843177,0.14666127549659266,success
1084,2000,8,3,2.0,4.0,0.1,0.7300000000000002,5.999999999999999,4,0,427,73,0,0.38826224557539685,0.14709620421007424,success
1085,2000,8,3,2.0,4.0,0.1,0.7300000000000002,6.199999999999999,4,0,427,73,0,0.38705127922845317,0.1456376789850881,success
1087,2000,8,3,2.0,4.0,0.1,0.7300000000000002,6.599999999999999,4,0,427,73,0,0.38833150041712794,0.1489800379892672,success
1086,2000,8,3,2.0,4.0,0.1,0.7300000000000002,6.399999999999999,4,0,427,73,0,0.38786916548517525,0.14850432915363412,success
1089,2000,8,3,2.0,4.0,0.1,0.7300000000000002,6.999999999999998,4,0,427,73,0,0.3867678127473011,0.14670554259700952,success
1088,2000,8,3,2.0,4.0,0.1,0.7300000000000002,6.799999999999999,4,0,427,73,0,0.3868463018117119,0.14658361636540757,success
1090,2000,8,3,2.0,4.0,0.1,0.7300000000000002,7.199999999999998,4,0,427,73,0,0.3862648476432239,0.14628675336402386,success
1092,2000,8,3,2.0,4.0,0.1,0.7300000000000002,7.599999999999999,4,0,427,73,0,0.3882639161545714,0.14993986929407105,success
1091,2000,8,3,2.0,4.0,0.1,0.7300000000000002,7.399999999999999,4,0,427,73,0,0.38680563865188466,0.14713624089279026,success
1093,2000,8,3,2.0,4.0,0.1,0.7300000000000002,7.799999999999999,4,0,427,73,0,0.38689673079601716,0.14809523748689016,success
1094,2000,8,3,2.0,4.0,0.1,0.7300000000000002,7.999999999999998,4,0,427,73,0,0.3862941651606923,0.14718337152948238,success
1095,2000,8,3,2.0,4.0,0.1,0.7300000000000002,8.2,4,0,427,73,0,0.3860680258234522,0.14689117207556626,success
1096,2000,8,3,2.0,4.0,0.1,0.7300000000000002,8.399999999999999,4,0,427,73,0,0.38591574787216953,0.14630383659019056,success
1097,2000,8,3,2.0,4.0,0.1,0.7300000000000002,8.599999999999998,4,0,427,73,0,0.3862817677435171,0.14697840073077786,success
1098,2000,8,3,2.0,4.0,0.1,0.7300000000000002,8.799999999999997,4,0,427,73,0,0.38584002672746515,0.14655247788061196,success
1099,2000,8,3,2.0,4.0,0.1,0.7300000000000002,8.999999999999998,4,0,427,73,0,0.38599499511639934,0.14672707261597306,success
1100,2000,8,3,2.0,4.0,0.1,0.7300000000000002,9.199999999999998,4,0,427,73,0,0.38612360997054357,0.14709858928436997,success
1101,2000,8,3,2.0,4.0,0.1,0.7300000000000002,9.399999999999999,4,0,427,73,0,0.3861299011447083,0.14708911487638598,success
1102,2000,8,3,2.0,4.0,0.1,0.7300000000000002,9.599999999999998,4,0,427,73,0,0.3862406130383665,0.14732077507520078,success
1103,2000,8,3,2.0,4.0,0.1,0.7300000000000002,9.799999999999997,4,0,427,73,0,0.3860217744651751,0.14690581561606295,success
1105,2000,8,3,2.0,4.0,0.1,0.7400000000000002,1.0,4,288,212,0,0,,,success
1106,2000,8,3,2.0,4.0,0.1,0.7400000000000002,1.2,4,216,225,59,0,0.9123617885233416,0.19436457300739235,success
1107,2000,8,3,2.0,4.0,0.1,0.7400000000000002,1.4,4,161,261,78,0,0.8351501857264856,0.23924243523368205,success
1108,2000,8,3,2.0,4.0,0.1,0.7400000000000002,1.5999999999999999,4,130,270,100,0,0.8363002120765648,0.24365228241436138,success
1109,2000,8,3,2.0,4.0,0.1,0.7400000000000002,1.7999999999999998,4,94,298,108,0,0.7797896823207537,0.24452367510497405,success
1110,2000,8,3,2.0,4.0,0.1,0.7400000000000002,1.9999999999999998,4,67,319,114,0,0.7539706231203749,0.2497812976060337,success
1104,2000,8,3,2.0,4.0,0.1,0.7300000000000002,9.999999999999998,4,0,427,73,0,0.38565034583097463,0.14632948742292848,success
1111,2000,8,3,2.0,4.0,0.1,0.7400000000000002,2.1999999999999997,4,42,343,115,0,0.7211609805600915,0.26141534722000637,success
1112,2000,8,3,2.0,4.0,0.1,0.7400000000000002,2.3999999999999995,4,19,377,104,0,0.6406746539287247,0.2685111021630345,success
1113,2000,8,3,2.0,4.0,0.1,0.7400000000000002,2.5999999999999996,4,8,397,95,0,0.6075639204619422,0.24318190538660864,success
1114,2000,8,3,2.0,4.0,0.1,0.7400000000000002,2.8,4,2,409,89,0,0.5343251152194568,0.2477693743465535,success
1115,2000,8,3,2.0,4.0,0.1,0.7400000000000002,2.9999999999999996,4,0,421,79,0,0.47112677738768705,0.1931294876623971,success
1116,2000,8,3,2.0,4.0,0.1,0.7400000000000002,3.1999999999999993,4,1,422,77,0,0.43325544563559587,0.1633823108010469,success
1117,2000,8,3,2.0,4.0,0.1,0.7400000000000002,3.3999999999999995,4,1,422,77,0,0.41741522978193923,0.17317325589298685,success
1118,2000,8,3,2.0,4.0,0.1,0.7400000000000002,3.5999999999999996,4,0,422,78,0,0.41231281408631476,0.17882566129545657,success
1119,2000,8,3,2.0,4.0,0.1,0.7400000000000002,3.7999999999999994,4,0,424,76,0,0.4110239114187966,0.15865158294040446,success
1120,2000,8,3,2.0,4.0,0.1,0.7400000000000002,3.999999999999999,4,0,426,74,0,0.39499386946615345,0.16362652999193666,success
1121,2000,8,3,2.0,4.0,0.1,0.7400000000000002,4.199999999999999,4,0,426,74,0,0.3962118366409352,0.15369904027558984,success
1122,2000,8,3,2.0,4.0,0.1,0.7400000000000002,4.3999999999999995,4,0,426,74,0,0.390260346410869,0.14934570208876302,success
1123,2000,8,3,2.0,4.0,0.1,0.7400000000000002,4.6,4,0,427,73,0,0.39005800133527324,0.15272233815428451,success
1128,2000,8,3,2.0,4.0,0.1,0.7400000000000002,5.599999999999999,4,0,426,74,0,0.3843243901416182,0.14925192414550512,success
1127,2000,8,3,2.0,4.0,0.1,0.7400000000000002,5.399999999999999,4,0,426,74,0,0.3855698938165616,0.14955040195123,success
1126,2000,8,3,2.0,4.0,0.1,0.7400000000000002,5.199999999999999,4,0,426,74,0,0.3848760049399269,0.1490597174236564,success
1125,2000,8,3,2.0,4.0,0.1,0.7400000000000002,4.999999999999999,4,0,426,74,0,0.3893912224318744,0.15035531372212818,success
1124,2000,8,3,2.0,4.0,0.1,0.7400000000000002,4.799999999999999,4,0,426,74,0,0.3908591263711463,0.15545619695454485,success
1129,2000,8,3,2.0,4.0,0.1,0.7400000000000002,5.799999999999999,4,0,426,74,0,0.385120712912826,0.15157984665286053,success
1130,2000,8,3,2.0,4.0,0.1,0.7400000000000002,5.999999999999999,4,0,426,74,0,0.38609158481655687,0.15065131596237202,success
1131,2000,8,3,2.0,4.0,0.1,0.7400000000000002,6.199999999999999,4,0,426,74,0,0.38418198999313324,0.1481614169416364,success
1133,2000,8,3,2.0,4.0,0.1,0.7400000000000002,6.599999999999999,4,0,426,74,0,0.3861844654803771,0.15248294703767282,success
1132,2000,8,3,2.0,4.0,0.1,0.7400000000000002,6.399999999999999,4,0,426,74,0,0.38472163915463453,0.1502431259345706,success
1134,2000,8,3,2.0,4.0,0.1,0.7400000000000002,6.799999999999999,4,0,426,74,0,0.3844944788917375,0.14962964810559917,success
1135,2000,8,3,2.0,4.0,0.1,0.7400000000000002,6.999999999999998,4,0,426,74,0,0.3837718094388807,0.1487719167644404,success
1136,2000,8,3,2.0,4.0,0.1,0.7400000000000002,7.199999999999998,4,0,426,74,0,0.3835378103089102,0.14890639823094418,success
1137,2000,8,3,2.0,4.0,0.1,0.7400000000000002,7.399999999999999,4,0,426,74,0,0.38401787105368856,0.14955992306814822,success
1138,2000,8,3,2.0,4.0,0.1,0.7400000000000002,7.599999999999999,4,0,426,74,0,0.3852839578330311,0.1520358769919128,success
1139,2000,8,3,2.0,4.0,0.1,0.7400000000000002,7.799999999999999,4,0,426,74,0,0.3840154490477894,0.15039052426561125,success
1140,2000,8,3,2.0,4.0,0.1,0.7400000000000002,7.999999999999998,4,0,426,74,0,0.38346628223674883,0.14932744212602284,success
1142,2000,8,3,2.0,4.0,0.1,0.7400000000000002,8.399999999999999,4,0,426,74,0,0.38320522533173523,0.14881947095316558,success
1141,2000,8,3,2.0,4.0,0.1,0.7400000000000002,8.2,4,0,426,74,0,0.38294610096260484,0.14841951998978437,success
1143,2000,8,3,2.0,4.0,0.1,0.7400000000000002,8.599999999999998,4,0,426,74,0,0.383444964705546,0.14927788309586243,success
1144,2000,8,3,2.0,4.0,0.1,0.7400000000000002,8.799999999999997,4,0,426,74,0,0.3829307464281692,0.14873990163533407,success
1145,2000,8,3,2.0,4.0,0.1,0.7400000000000002,8.999999999999998,4,0,426,74,0,0.38295508825853647,0.1487312814292186,success
1146,2000,8,3,2.0,4.0,0.1,0.7400000000000002,9.199999999999998,4,0,426,74,0,0.3832336769029683,0.14929280431453204,success
1147,2000,8,3,2.0,4.0,0.1,0.7400000000000002,9.399999999999999,4,0,426,74,0,0.3834431048995407,0.149603239348184,success
1148,2000,8,3,2.0,4.0,0.1,0.7400000000000002,9.599999999999998,4,0,426,74,0,0.3831416071438511,0.14907968448750095,success
1149,2000,8,3,2.0,4.0,0.1,0.7400000000000002,9.799999999999997,4,0,426,74,0,0.38306958036438366,0.1489607994635283,success
1152,2000,8,3,2.0,4.0,0.1,0.7500000000000002,1.2,4,216,225,59,0,0.9123617885233416,0.19436457300739235,success
1151,2000,8,3,2.0,4.0,0.1,0.7500000000000002,1.0,4,288,212,0,0,,,success
1150,2000,8,3,2.0,4.0,0.1,0.7400000000000002,9.999999999999998,4,0,426,74,0,0.3829573348799785,0.1488474567388301,success
1154,2000,8,3,2.0,4.0,0.1,0.7500000000000002,1.5999999999999999,4,130,270,100,0,0.8363002120765648,0.24365228241436138,success
1153,2000,8,3,2.0,4.0,0.1,0.7500000000000002,1.4,4,161,261,78,0,0.8366966338264209,0.2399209151528863,success
1155,2000,8,3,2.0,4.0,0.1,0.7500000000000002,1.7999999999999998,4,94,298,108,0,0.7797896823207537,0.24452367510497405,success
1156,2000,8,3,2.0,4.0,0.1,0.7500000000000002,1.9999999999999998,4,67,319,114,0,0.7539706231203749,0.2497812976060337,success
1157,2000,8,3,2.0,4.0,0.1,0.7500000000000002,2.1999999999999997,4,42,343,115,0,0.7211609805600915,0.26141534722000637,success
1158,2000,8,3,2.0,4.0,0.1,0.7500000000000002,2.3999999999999995,4,19,377,104,0,0.6406746539287247,0.2685111021630345,success
1159,2000,8,3,2.0,4.0,0.1,0.7500000000000002,2.5999999999999996,4,8,397,95,0,0.6075639204619422,0.24318190538660864,success
1160,2000,8,3,2.0,4.0,0.1,0.7500000000000002,2.8,4,2,409,89,0,0.5343251152269437,0.24776937433795987,success
1161,2000,8,3,2.0,4.0,0.1,0.7500000000000002,2.9999999999999996,4,0,421,79,0,0.4711267770181091,0.19312948727119808,success
1162,2000,8,3,2.0,4.0,0.1,0.7500000000000002,3.1999999999999993,4,1,422,77,0,0.4332543995949184,0.16338062581777693,success
1163,2000,8,3,2.0,4.0,0.1,0.7500000000000002,3.3999999999999995,4,1,422,77,0,0.4175720372495999,0.17306470790350167,success
1164,2000,8,3,2.0,4.0,0.1,0.7500000000000002,3.5999999999999996,4,0,422,78,0,0.4122805620990865,0.17877184182821312,success
1167,2000,8,3,2.0,4.0,0.1,0.7500000000000002,4.199999999999999,4,0,426,74,0,0.39694180317753175,0.1541257018913062,success
1166,2000,8,3,2.0,4.0,0.1,0.7500000000000002,3.999999999999999,4,0,426,74,0,0.395240035574965,0.1634392971868123,success
1165,2000,8,3,2.0,4.0,0.1,0.7500000000000002,3.7999999999999994,4,0,424,76,0,0.41106795204185376,0.158714943802781,success
1168,2000,8,3,2.0,4.0,0.1,0.7500000000000002,4.3999999999999995,4,0,426,74,0,0.3903744643458467,0.1493922920082781,success
1170,2000,8,3,2.0,4.0,0.1,0.7500000000000002,4.799999999999999,4,0,426,74,0,0.39066382801916777,0.1548927603334667,success
1169,2000,8,3,2.0,4.0,0.1,0.7500000000000002,4.6,4,0,427,73,0,0.3901958911795291,0.152848844464827,success
1172,2000,8,3,2.0,4.0,0.1,0.7500000000000002,5.199999999999999,4,0,426,74,0,0.38492131185929607,0.14892384800348754,success
1171,2000,8,3,2.0,4.0,0.1,0.7500000000000002,4.999999999999999,4,0,426,74,0,0.38946786721538157,0.15032248836898973,success
1173,2000,8,3,2.0,4.0,0.1,0.7500000000000002,5.399999999999999,4,0,426,74,0,0.385631478165266,0.1495158819692093,success
1174,2000,8,3,2.0,4.0,0.1,0.7500000000000002,5.599999999999999,4,0,426,74,0,0.3844140962692605,0.14921056376815886,success
1175,2000,8,3,2.0,4.0,0.1,0.7500000000000002,5.799999999999999,4,0,426,74,0,0.3848418652920144,0.15071266819278192,success
1176,2000,8,3,2.0,4.0,0.1,0.7500000000000002,5.999999999999999,4,0,426,74,0,0.3863731021131082,0.15096583107819517,success
1177,2000,8,3,2.0,4.0,0.1,0.7500000000000002,6.199999999999999,4,0,426,74,0,0.3844432871544544,0.1484193120741286,success
1178,2000,8,3,2.0,4.0,0.1,0.7500000000000002,6.399999999999999,4,0,426,74,0,0.3847154828491419,0.15005208473325635,success
1179,2000,8,3,2.0,4.0,0.1,0.7500000000000002,6.599999999999999,4,0,426,74,0,0.38615665385281844,0.152219623496261,success
1180,2000,8,3,2.0,4.0,0.1,0.7500000000000002,6.799999999999999,4,0,426,74,0,0.3845999651242588,0.14968650981735482,success
1181,2000,8,3,2.0,4.0,0.1,0.7500000000000002,6.999999999999998,4,0,426,74,0,0.3839291119265878,0.1488566006234719,success
1182,2000,8,3,2.0,4.0,0.1,0.7500000000000002,7.199999999999998,4,0,426,74,0,0.383702119025707,0.14892045670056014,success
1184,2000,8,3,2.0,4.0,0.1,0.7500000000000002,7.599999999999999,4,0,426,74,0,0.38532164164151606,0.1518026525775047,success
1183,2000,8,3,2.0,4.0,0.1,0.7500000000000002,7.399999999999999,4,0,426,74,0,0.38406161187700844,0.1493891112972128,success
1185,2000,8,3,2.0,4.0,0.1,0.7500000000000002,7.799999999999999,4,0,426,74,0,0.38429715527330355,0.150730891890832,success
1186,2000,8,3,2.0,4.0,0.1,0.7500000000000002,7.999999999999998,4,0,426,74,0,0.3836589432561593,0.14943907447216448,success
1187,2000,8,3,2.0,4.0,0.1,0.7500000000000002,8.2,4,0,426,74,0,0.3833713778283956,0.14903088764666103,success
1188,2000,8,3,2.0,4.0,0.1,0.7500000000000002,8.399999999999999,4,0,426,74,0,0.38376469190594087,0.1496637205606415,success
1190,2000,8,3,2.0,4.0,0.1,0.7500000000000002,8.799999999999997,4,0,426,74,0,0.3830788744721552,0.14872293636136602,success
1189,2000,8,3,2.0,4.0,0.1,0.7500000000000002,8.599999999999998,4,0,426,74,0,0.3834900752665617,0.14909093068791635,success
1191,2000,8,3,2.0,4.0,0.1,0.7500000000000002,8.999999999999998,4,0,426,74,0,0.3833441797366978,0.14917581745771016,success
1192,2000,8,3,2.0,4.0,0.1,0.7500000000000002,9.199999999999998,4,0,426,74,0,0.38302506877643117,0.14868893899460092,success
1193,2000,8,3,2.0,4.0,0.1,0.7500000000000002,9.399999999999999,4,0,426,74,0,0.38335017994932774,0.14918976593338773,success
1194,2000,8,3,2.0,4.0,0.1,0.7500000000000002,9.599999999999998,4,0,426,74,0,0.383251951119435,0.1490251210195909,success
1197,2000,8,3,2.0,4.0,0.1,0.7600000000000002,1.0,4,288,212,0,0,,,success
1198,2000,8,3,2.0,4.0,0.1,0.7600000000000002,1.2,4,216,225,59,0,0.9123617885233416,0.19436457300739235,success
1199,2000,8,3,2.0,4.0,0.1,0.7600000000000002,1.4,4,161,261,78,0,0.8366966338264209,0.2399209151528863,success
1200,2000,8,3,2.0,4.0,0.1,0.7600000000000002,1.5999999999999999,4,130,269,101,0,0.8379210020560048,0.24297755730596438,success
1195,2000,8,3,2.0,4.0,0.1,0.7500000000000002,9.799999999999997,4,0,426,74,0,0.3832547404041773,0.1490295211554341,success
1201,2000,8,3,2.0,4.0,0.1,0.7600000000000002,1.7999999999999998,4,94,298,108,0,0.7797896823207537,0.24452367510497405,success
1202,2000,8,3,2.0,4.0,0.1,0.7600000000000002,1.9999999999999998,4,67,319,114,0,0.7539706231203749,0.2497812976060337,success
1196,2000,8,3,2.0,4.0,0.1,0.7500000000000002,9.999999999999998,4,0,426,74,0,0.38321552428312405,0.14901924291022722,success
1203,2000,8,3,2.0,4.0,0.1,0.7600000000000002,2.1999999999999997,4,42,343,115,0,0.7211609805600915,0.26141534722000637,success
1204,2000,8,3,2.0,4.0,0.1,0.7600000000000002,2.3999999999999995,4,19,377,104,0,0.6406746539287247,0.2685111021630345,success
1205,2000,8,3,2.0,4.0,0.1,0.7600000000000002,2.5999999999999996,4,8,397,95,0,0.6075639204619422,0.24318190538660864,success
1206,2000,8,3,2.0,4.0,0.1,0.7600000000000002,2.8,4,2,409,89,0,0.5364587199846922,0.24573196612604006,success
1207,2000,8,3,2.0,4.0,0.1,0.7600000000000002,2.9999999999999996,4,0,421,79,0,0.4761117741408588,0.19697450850097015,success
1208,2000,8,3,2.0,4.0,0.1,0.7600000000000002,3.1999999999999993,4,1,422,77,0,0.43526804925710155,0.16291443487781296,success
1209,2000,8,3,2.0,4.0,0.1,0.7600000000000002,3.3999999999999995,4,1,422,77,0,0.4182867168582902,0.17242846445978752,success
1210,2000,8,3,2.0,4.0,0.1,0.7600000000000002,3.5999999999999996,4,1,422,77,0,0.40682194204694616,0.1698445731967003,success
1211,2000,8,3,2.0,4.0,0.1,0.7600000000000002,3.7999999999999994,4,0,424,76,0,0.4122451077832521,0.15878718313642118,success
1212,2000,8,3,2.0,4.0,0.1,0.7600000000000002,3.999999999999999,4,0,426,74,0,0.39643464215666463,0.16361512035095424,success
1213,2000,8,3,2.0,4.0,0.1,0.7600000000000002,4.199999999999999,4,0,426,74,0,0.3982600547036517,0.154311044781008,success
1215,2000,8,3,2.0,4.0,0.1,0.7600000000000002,4.6,4,0,427,73,0,0.3903093636844648,0.15173946061354018,success
1214,2000,8,3,2.0,4.0,0.1,0.7600000000000002,4.3999999999999995,4,0,426,74,0,0.39145317531170326,0.14956639141170222,success
1217,2000,8,3,2.0,4.0,0.1,0.7600000000000002,4.999999999999999,4,0,425,75,0,0.3996148428374353,0.16408578281067804,success
1216,2000,8,3,2.0,4.0,0.1,0.7600000000000002,4.799999999999999,4,0,424,76,0,0.4084701590066881,0.18025740898770795,success
1219,2000,8,3,2.0,4.0,0.1,0.7600000000000002,5.399999999999999,4,0,426,74,0,0.3882482900451832,0.1507095304517778,success
1218,2000,8,3,2.0,4.0,0.1,0.7600000000000002,5.199999999999999,4,0,426,74,0,0.3869841064649587,0.14945248037545125,success
1220,2000,8,3,2.0,4.0,0.1,0.7600000000000002,5.599999999999999,4,0,426,74,0,0.38668717477890335,0.14984390499437922,success
1221,2000,8,3,2.0,4.0,0.1,0.7600000000000002,5.799999999999999,4,0,426,74,0,0.3871597010658971,0.15156038461321714,success
1222,2000,8,3,2.0,4.0,0.1,0.7600000000000002,5.999999999999999,4,0,426,74,0,0.388914670534382,0.15197503814978558,success
1223,2000,8,3,2.0,4.0,0.1,0.7600000000000002,6.199999999999999,4,0,426,74,0,0.3869237305911204,0.1495355566860921,success
1224,2000,8,3,2.0,4.0,0.1,0.7600000000000002,6.399999999999999,4,0,426,74,0,0.38811940369067605,0.15255597807287458,success
1225,2000,8,3,2.0,4.0,0.1,0.7600000000000002,6.599999999999999,4,0,426,74,0,0.3888872258008295,0.15342150034944874,success
1226,2000,8,3,2.0,4.0,0.1,0.7600000000000002,6.799999999999999,4,0,426,74,0,0.38752279723858907,0.15130554970631097,success
1227,2000,8,3,2.0,4.0,0.1,0.7600000000000002,6.999999999999998,4,0,426,74,0,0.3864780034200031,0.14987316939157877,success
1228,2000,8,3,2.0,4.0,0.1,0.7600000000000002,7.199999999999998,4,0,426,74,0,0.3861891463804284,0.1498434687340645,success
1230,2000,8,3,2.0,4.0,0.1,0.7600000000000002,7.599999999999999,4,0,426,74,0,0.3877699499536845,0.15267082288529427,success
1231,2000,8,3,2.0,4.0,0.1,0.7600000000000002,7.799999999999999,4,0,426,74,0,0.38666157652475064,0.15146688102798858,success
1229,2000,8,3,2.0,4.0,0.1,0.7600000000000002,7.399999999999999,4,0,426,74,0,0.3860288604048065,0.14944278582293344,success
1232,2000,8,3,2.0,4.0,0.1,0.7600000000000002,7.999999999999998,4,0,426,74,0,0.38630841955632006,0.15071355850423035,success
1233,2000,8,3,2.0,4.0,0.1,0.7600000000000002,8.2,4,0,426,74,0,0.3856855848998361,0.14966787216925065,success
1234,2000,8,3,2.0,4.0,0.1,0.7600000000000002,8.399999999999999,4,0,426,74,0,0.38625835664756136,0.1505400874592753,success
1235,2000,8,3,2.0,4.0,0.1,0.7600000000000002,8.599999999999998,4,0,426,74,0,0.38595916300539834,0.1499928587544728,success
1236,2000,8,3,2.0,4.0,0.1,0.7600000000000002,8.799999999999997,4,0,426,74,0,0.3856605844317781,0.1497198311247849,success
1237,2000,8,3,2.0,4.0,0.1,0.7600000000000002,8.999999999999998,4,0,426,74,0,0.38580513721092974,0.15004458890514644,success
1238,2000,8,3,2.0,4.0,0.1,0.7600000000000002,9.199999999999998,4,0,426,74,0,0.3854469036362587,0.14956189492102737,success
1239,2000,8,3,2.0,4.0,0.1,0.7600000000000002,9.399999999999999,4,0,426,74,0,0.38563993680582626,0.1498145054645829,success
1240,2000,8,3,2.0,4.0,0.1,0.7600000000000002,9.599999999999998,4,0,426,74,0,0.3856408989889837,0.14988863294037597,success
1241,2000,8,3,2.0,4.0,0.1,0.7600000000000002,9.799999999999997,4,0,426,74,0,0.3856037354164664,0.1497441779180149,success
1243,2000,8,3,2.0,4.0,0.1,0.7700000000000002,1.0,4,288,212,0,0,,,success
1244,2000,8,3,2.0,4.0,0.1,0.7700000000000002,1.2,4,216,225,59,0,0.9123617885233416,0.19436457300739235,success
1242,2000,8,3,2.0,4.0,0.1,0.7600000000000002,9.999999999999998,4,0,426,74,0,0.3854338753310474,0.14951159763509728,success
1245,2000,8,3,2.0,4.0,0.1,0.7700000000000002,1.4,4,161,261,78,0,0.8366966338264209,0.2399209151528863,success
1246,2000,8,3,2.0,4.0,0.1,0.7700000000000002,1.5999999999999999,4,130,269,101,0,0.8379210020560048,0.24297755730596438,success
1247,2000,8,3,2.0,4.0,0.1,0.7700000000000002,1.7999999999999998,4,94,297,109,0,0.7818099604645999,0.24430121928586912,success
1248,2000,8,3,2.0,4.0,0.1,0.7700000000000002,1.9999999999999998,4,67,318,115,0,0.7561100090062847,0.2497393873572862,success
1249,2000,8,3,2.0,4.0,0.1,0.7700000000000002,2.1999999999999997,4,43,342,115,0,0.7211609805600915,0.26141534722000637,success
1250,2000,8,3,2.0,4.0,0.1,0.7700000000000002,2.3999999999999995,4,20,377,103,0,0.6371860583357998,0.26744520401359706,success
1251,2000,8,3,2.0,4.0,0.1,0.7700000000000002,2.5999999999999996,4,9,397,94,0,0.6074530173041925,0.24448342383886332,success
1252,2000,8,3,2.0,4.0,0.1,0.7700000000000002,2.8,4,2,409,89,0,0.5438585947085838,0.23938009621512057,success
1253,2000,8,3,2.0,4.0,0.1,0.7700000000000002,2.9999999999999996,4,0,420,80,0,0.47769734575751943,0.19589978991243864,success
1254,2000,8,3,2.0,4.0,0.1,0.7700000000000002,3.1999999999999993,4,1,422,77,0,0.43800204085020655,0.16332268382826148,success
1255,2000,8,3,2.0,4.0,0.1,0.7700000000000002,3.3999999999999995,4,1,422,77,0,0.42141017491050453,0.17186806452549888,success
1256,2000,8,3,2.0,4.0,0.1,0.7700000000000002,3.5999999999999996,4,1,422,77,0,0.41137642064245494,0.16726465351897368,success
1257,2000,8,3,2.0,4.0,0.1,0.7700000000000002,3.7999999999999994,4,0,423,77,0,0.41215882337034565,0.1574649147957937,success
1258,2000,8,3,2.0,4.0,0.1,0.7700000000000002,3.999999999999999,4,0,425,75,0,0.39727498613333573,0.16263466031355908,success
1259,2000,8,3,2.0,4.0,0.1,0.7700000000000002,4.199999999999999,4,0,425,75,0,0.3992044173051863,0.15325369147706566,success
1260,2000,8,3,2.0,4.0,0.1,0.7700000000000002,4.3999999999999995,4,0,425,75,0,0.39204483577695776,0.1485260535787932,success
1264,2000,8,3,2.0,4.0,0.1,0.7700000000000002,5.199999999999999,4,0,425,75,0,0.38793412054931814,0.14872243856719508,success
1261,2000,8,3,2.0,4.0,0.1,0.7700000000000002,4.6,4,0,426,74,0,0.3906950354744776,0.1508193033121546,success
1262,2000,8,3,2.0,4.0,0.1,0.7700000000000002,4.799999999999999,4,0,425,75,0,0.39338825518993414,0.15535915303906156,success
1265,2000,8,3,2.0,4.0,0.1,0.7700000000000002,5.399999999999999,4,0,425,75,0,0.3886946369311221,0.14977780130925678,success
1266,2000,8,3,2.0,4.0,0.1,0.7700000000000002,5.599999999999999,4,0,425,75,0,0.38718231111845075,0.14929833213979887,success
1263,2000,8,3,2.0,4.0,0.1,0.7700000000000002,4.999999999999999,4,0,424,76,0,0.40005320087310386,0.1637114479181333,success
1267,2000,8,3,2.0,4.0,0.1,0.7700000000000002,5.799999999999999,4,0,425,75,0,0.3870335401273017,0.1500978123898128,success
1268,2000,8,3,2.0,4.0,0.1,0.7700000000000002,5.999999999999999,4,0,425,75,0,0.38923442997462904,0.15138983610056636,success
1269,2000,8,3,2.0,4.0,0.1,0.7700000000000002,6.199999999999999,4,0,425,75,0,0.3872808277503454,0.14884846761214265,success
1270,2000,8,3,2.0,4.0,0.1,0.7700000000000002,6.399999999999999,4,0,425,75,0,0.3883328110457944,0.1516917636744754,success
1271,2000,8,3,2.0,4.0,0.1,0.7700000000000002,6.599999999999999,4,0,425,75,0,0.3886818914429339,0.15190214854769446,success
1272,2000,8,3,2.0,4.0,0.1,0.7700000000000002,6.799999999999999,4,0,425,75,0,0.38807699996143497,0.1508913368330543,success
1273,2000,8,3,2.0,4.0,0.1,0.7700000000000002,6.999999999999998,4,0,425,75,0,0.38663843000564435,0.14909177772760435,success
1274,2000,8,3,2.0,4.0,0.1,0.7700000000000002,7.199999999999998,4,0,425,75,0,0.38687017161502885,0.14971992551052885,success
1276,2000,8,3,2.0,4.0,0.1,0.7700000000000002,7.599999999999999,4,0,425,75,0,0.3880437101869084,0.1518299950171865,success
1275,2000,8,3,2.0,4.0,0.1,0.7700000000000002,7.399999999999999,4,0,425,75,0,0.386599412921604,0.14916124141749135,success
1277,2000,8,3,2.0,4.0,0.1,0.7700000000000002,7.799999999999999,4,0,425,75,0,0.38675459797667944,0.15037181276624542,success
1278,2000,8,3,2.0,4.0,0.1,0.7700000000000002,7.999999999999998,4,0,425,75,0,0.3863204857448893,0.14969023295293263,success
1279,2000,8,3,2.0,4.0,0.1,0.7700000000000002,8.2,4,0,425,75,0,0.3858047906188567,0.14860600597006624,success
1280,2000,8,3,2.0,4.0,0.1,0.7700000000000002,8.399999999999999,4,0,425,75,0,0.3860317993111328,0.1488915458358675,success
1281,2000,8,3,2.0,4.0,0.1,0.7700000000000002,8.599999999999998,4,0,425,75,0,0.3865953854989588,0.1500127786559519,success
1282,2000,8,3,2.0,4.0,0.1,0.7700000000000002,8.799999999999997,4,0,425,75,0,0.3858587559238637,0.148976068343209,success
1283,2000,8,3,2.0,4.0,0.1,0.7700000000000002,8.999999999999998,4,0,425,75,0,0.3860553894382587,0.14942222719167791,success
1284,2000,8,3,2.0,4.0,0.1,0.7700000000000002,9.199999999999998,4,0,425,75,0,0.38568822750313214,0.14884705937094023,success
1285,2000,8,3,2.0,4.0,0.1,0.7700000000000002,9.399999999999999,4,0,425,75,0,0.38591092448035785,0.14913811101178406,success
1286,2000,8,3,2.0,4.0,0.1,0.7700000000000002,9.599999999999998,4,0,425,75,0,0.38567738395638246,0.1487029171105073,success
1289,2000,8,3,2.0,4.0,0.1,0.7800000000000002,1.0,4,288,212,0,0,,,success
1287,2000,8,3,2.0,4.0,0.1,0.7700000000000002,9.799999999999997,4,0,425,75,0,0.38582997897508825,0.14890670358540428,success
1290,2000,8,3,2.0,4.0,0.1,0.7800000000000002,1.2,4,216,225,59,0,0.9123617885233416,0.19436457300739235,success
1288,2000,8,3,2.0,4.0,0.1,0.7700000000000002,9.999999999999998,4,0,425,75,0,0.38541266816994263,0.14826322024348684,success
1291,2000,8,3,2.0,4.0,0.1,0.7800000000000002,1.4,4,161,261,78,0,0.8366966338264209,0.2399209151528863,success
1292,2000,8,3,2.0,4.0,0.1,0.7800000000000002,1.5999999999999999,4,130,269,101,0,0.8379210020560048,0.24297755730596438,success
1293,2000,8,3,2.0,4.0,0.1,0.7800000000000002,1.7999999999999998,4,94,297,109,0,0.7818099604645999,0.24430121928586912,success
1294,2000,8,3,2.0,4.0,0.1,0.7800000000000002,1.9999999999999998,4,67,318,115,0,0.7561100090062847,0.2497393873572862,success
1295,2000,8,3,2.0,4.0,0.1,0.7800000000000002,2.1999999999999997,4,43,342,115,0,0.7211609805600915,0.26141534722000637,success
1296,2000,8,3,2.0,4.0,0.1,0.7800000000000002,2.3999999999999995,4,20,377,103,0,0.6371860583357998,0.26744520401359706,success
1297,2000,8,3,2.0,4.0,0.1,0.7800000000000002,2.5999999999999996,4,9,397,94,0,0.6074971119693559,0.2445261823357296,success
1298,2000,8,3,2.0,4.0,0.1,0.7800000000000002,2.8,4,2,409,89,0,0.5438595368072556,0.23937942727363204,success
1299,2000,8,3,2.0,4.0,0.1,0.7800000000000002,2.9999999999999996,4,0,420,80,0,0.47850001500264694,0.1961316141679543,success
1300,2000,8,3,2.0,4.0,0.1,0.7800000000000002,3.1999999999999993,4,1,422,77,0,0.43945757110726835,0.16446504525129305,success
1301,2000,8,3,2.0,4.0,0.1,0.7800000000000002,3.3999999999999995,4,1,422,77,0,0.4222043997464209,0.17216077296808524,success
1303,2000,8,3,2.0,4.0,0.1,0.7800000000000002,3.7999999999999994,4,0,423,77,0,0.411691805179268,0.1564604264427413,success
1304,2000,8,3,2.0,4.0,0.1,0.7800000000000002,3.999999999999999,4,0,425,75,0,0.3974904728939407,0.16277871708247624,success
1302,2000,8,3,2.0,4.0,0.1,0.7800000000000002,3.5999999999999996,4,1,422,77,0,0.41271869161675906,0.16785333987549725,success
1305,2000,8,3,2.0,4.0,0.1,0.7800000000000002,4.199999999999999,4,0,425,75,0,0.39907761860331653,0.15307859330182227,success
1306,2000,8,3,2.0,4.0,0.1,0.7800000000000002,4.3999999999999995,4,0,425,75,0,0.39219289590334794,0.1485604766544917,success
1308,2000,8,3,2.0,4.0,0.1,0.7800000000000002,4.799999999999999,4,0,424,76,0,0.40168213387641116,0.16888578902590817,success
1307,2000,8,3,2.0,4.0,0.1,0.7800000000000002,4.6,4,0,426,74,0,0.39071066008874106,0.15084020892213482,success
1310,2000,8,3,2.0,4.0,0.1,0.7800000000000002,5.199999999999999,4,0,424,76,0,0.3966941115611817,0.16347313966520957,success
1309,2000,8,3,2.0,4.0,0.1,0.7800000000000002,4.999999999999999,4,0,425,75,0,0.39301938744315074,0.15139811805050488,success
1311,2000,8,3,2.0,4.0,0.1,0.7800000000000002,5.399999999999999,4,0,425,75,0,0.38914015560214904,0.15038343178633987,success
1312,2000,8,3,2.0,4.0,0.1,0.7800000000000002,5.599999999999999,4,0,425,75,0,0.3876278391617143,0.14952697513567742,success
1313,2000,8,3,2.0,4.0,0.1,0.7800000000000002,5.799999999999999,4,0,425,75,0,0.3878127251022413,0.15099819651641402,success
1314,2000,8,3,2.0,4.0,0.1,0.7800000000000002,5.999999999999999,4,0,425,75,0,0.38933766107031076,0.15131968624759715,success
1315,2000,8,3,2.0,4.0,0.1,0.7800000000000002,6.199999999999999,4,0,425,75,0,0.38758525281385015,0.14925143982132455,success
1316,2000,8,3,2.0,4.0,0.1,0.7800000000000002,6.399999999999999,4,0,425,75,0,0.38878385921758446,0.15187306756897886,success
1317,2000,8,3,2.0,4.0,0.1,0.7800000000000002,6.599999999999999,4,0,425,75,0,0.38816904479568504,0.1503100231144069,success
1318,2000,8,3,2.0,4.0,0.1,0.7800000000000002,6.799999999999999,4,0,425,75,0,0.388295373143471,0.15049925245753984,success
1319,2000,8,3,2.0,4.0,0.1,0.7800000000000002,6.999999999999998,4,0,425,75,0,0.38723695715087725,0.14967407893961607,success
1320,2000,8,3,2.0,4.0,0.1,0.7800000000000002,7.199999999999998,4,0,425,75,0,0.3875924812583873,0.1504524905412316,success
1322,2000,8,3,2.0,4.0,0.1,0.7800000000000002,7.599999999999999,4,0,425,75,0,0.38841022443999207,0.1518852460166184,success
1321,2000,8,3,2.0,4.0,0.1,0.7800000000000002,7.399999999999999,4,0,425,75,0,0.38760523897769106,0.1502844593063945,success
1323,2000,8,3,2.0,4.0,0.1,0.7800000000000002,7.799999999999999,4,0,425,75,0,0.38672533390348285,0.14947011658883122,success
1324,2000,8,3,2.0,4.0,0.1,0.7800000000000002,7.999999999999998,4,0,425,75,0,0.386361775139658,0.1489130872930487,success
1325,2000,8,3,2.0,4.0,0.1,0.7800000000000002,8.2,4,0,425,75,0,0.3860317607416052,0.14827289361521656,success
1326,2000,8,3,2.0,4.0,0.1,0.7800000000000002,8.399999999999999,4,0,425,75,0,0.38627217360375177,0.14859658019112093,success
1327,2000,8,3,2.0,4.0,0.1,0.7800000000000002,8.599999999999998,4,0,425,75,0,0.38657592184631584,0.1492297425998647,success
1328,2000,8,3,2.0,4.0,0.1,0.7800000000000002,8.799999999999997,4,0,425,75,0,0.38618154026597257,0.148814099003058,success
1329,2000,8,3,2.0,4.0,0.1,0.7800000000000002,8.999999999999998,4,0,425,75,0,0.38677454199699485,0.1499207724572248,success
1330,2000,8,3,2.0,4.0,0.1,0.7800000000000002,9.199999999999998,4,0,425,75,0,0.38634884018621,0.14922708388605074,success
1331,2000,8,3,2.0,4.0,0.1,0.7800000000000002,9.399999999999999,4,0,425,75,0,0.3865404033624908,0.14946000382068936,success
1332,2000,8,3,2.0,4.0,0.1,0.7800000000000002,9.599999999999998,4,0,425,75,0,0.3864539648703172,0.14931512983670844,success
1333,2000,8,3,2.0,4.0,0.1,0.7800000000000002,9.799999999999997,4,0,425,75,0,0.38649428028340727,0.14939232199433744,success
1335,2000,8,3,2.0,4.0,0.1,0.7900000000000003,1.0,4,288,212,0,0,,,success
1336,2000,8,3,2.0,4.0,0.1,0.7900000000000003,1.2,4,216,225,59,0,0.9123617885233416,0.19436457300739235,success
1334,2000,8,3,2.0,4.0,0.1,0.7800000000000002,9.999999999999998,4,0,425,75,0,0.38653783779343476,0.1496094948765127,success
1337,2000,8,3,2.0,4.0,0.1,0.7900000000000003,1.4,4,161,260,79,0,0.8299376008363882,0.24583154438558574,success
1338,2000,8,3,2.0,4.0,0.1,0.7900000000000003,1.5999999999999999,4,130,267,103,0,0.8336232905701372,0.2484045350525913,success
1339,2000,8,3,2.0,4.0,0.1,0.7900000000000003,1.7999999999999998,4,94,296,110,0,0.7763847369225199,0.24974621128691563,success
1340,2000,8,3,2.0,4.0,0.1,0.7900000000000003,1.9999999999999998,4,67,316,117,0,0.7483887933195404,0.2550118812851932,success
1341,2000,8,3,2.0,4.0,0.1,0.7900000000000003,2.1999999999999997,4,43,340,117,0,0.713747332257003,0.26554881816021764,success
1342,2000,8,3,2.0,4.0,0.1,0.7900000000000003,2.3999999999999995,4,20,375,105,0,0.6302364858179607,0.26972572709813963,success
1343,2000,8,3,2.0,4.0,0.1,0.7900000000000003,2.5999999999999996,4,9,395,96,0,0.6011225672021656,0.24630793199838538,success
1344,2000,8,3,2.0,4.0,0.1,0.7900000000000003,2.8,4,2,407,91,0,0.5384245641580317,0.2400601504668978,success
1346,2000,8,3,2.0,4.0,0.1,0.7900000000000003,3.1999999999999993,4,1,420,79,0,0.4357459041291104,0.16487665112113054,success
1345,2000,8,3,2.0,4.0,0.1,0.7900000000000003,2.9999999999999996,4,0,418,82,0,0.4736359880877269,0.1966982591254967,success
1348,2000,8,3,2.0,4.0,0.1,0.7900000000000003,3.5999999999999996,4,1,420,79,0,0.40988284971121625,0.1674162685880909,success
1349,2000,8,3,2.0,4.0,0.1,0.7900000000000003,3.7999999999999994,4,0,421,79,0,0.4085162474896701,0.15724100991207787,success
1347,2000,8,3,2.0,4.0,0.1,0.7900000000000003,3.3999999999999995,4,1,420,79,0,0.4185054584814086,0.17210683141384123,success
1352,2000,8,3,2.0,4.0,0.1,0.7900000000000003,4.3999999999999995,4,0,423,77,0,0.3892645267581,0.14863368293212795,success
1353,2000,8,3,2.0,4.0,0.1,0.7900000000000003,4.6,4,0,423,77,0,0.3965959968563495,0.16627637718796334,success
1351,2000,8,3,2.0,4.0,0.1,0.7900000000000003,4.199999999999999,4,0,423,77,0,0.3958967444990215,0.15324036342819677,success
1354,2000,8,3,2.0,4.0,0.1,0.7900000000000003,4.799999999999999,4,0,422,78,0,0.3981080442726559,0.16763950140010683,success
1355,2000,8,3,2.0,4.0,0.1,0.7900000000000003,4.999999999999999,4,0,422,78,0,0.3975842334494378,0.16433714700656415,success
1350,2000,8,3,2.0,4.0,0.1,0.7900000000000003,3.999999999999999,4,0,423,77,0,0.3944352176394367,0.1627948288376497,success
1356,2000,8,3,2.0,4.0,0.1,0.7900000000000003,5.199999999999999,4,0,423,77,0,0.38580796427014846,0.14953321613444173,success
1358,2000,8,3,2.0,4.0,0.1,0.7900000000000003,5.599999999999999,4,0,423,77,0,0.38471193415501476,0.14925008102227924,success
1357,2000,8,3,2.0,4.0,0.1,0.7900000000000003,5.399999999999999,4,0,422,78,0,0.3936372361262519,0.16308359512296572,success
1359,2000,8,3,2.0,4.0,0.1,0.7900000000000003,5.799999999999999,4,0,423,77,0,0.3851703171658501,0.15090073275501378,success
1360,2000,8,3,2.0,4.0,0.1,0.7900000000000003,5.999999999999999,4,0,423,77,0,0.3867885583103284,0.15169280535066365,success
1361,2000,8,3,2.0,4.0,0.1,0.7900000000000003,6.199999999999999,4,0,423,77,0,0.3850648124315745,0.14962714872849575,success
1362,2000,8,3,2.0,4.0,0.1,0.7900000000000003,6.399999999999999,4,0,423,77,0,0.3859794074018765,0.15190614426017357,success
1363,2000,8,3,2.0,4.0,0.1,0.7900000000000003,6.599999999999999,4,0,423,77,0,0.38580627304122495,0.1509567456679213,success
1364,2000,8,3,2.0,4.0,0.1,0.7900000000000003,6.799999999999999,4,0,423,77,0,0.3858788918239271,0.1508791724194097,success
1365,2000,8,3,2.0,4.0,0.1,0.7900000000000003,6.999999999999998,4,0,423,77,0,0.385171032346124,0.15047458533822403,success
1366,2000,8,3,2.0,4.0,0.1,0.7900000000000003,7.199999999999998,4,0,423,77,0,0.3851391415897745,0.1506456217091159,success
1367,2000,8,3,2.0,4.0,0.1,0.7900000000000003,7.399999999999999,4,0,423,77,0,0.3851349674288137,0.15050006764237933,success
1368,2000,8,3,2.0,4.0,0.1,0.7900000000000003,7.599999999999999,4,0,423,77,0,0.38607902559479124,0.15220474067899306,success
1369,2000,8,3,2.0,4.0,0.1,0.7900000000000003,7.799999999999999,4,0,423,77,0,0.38479443192874685,0.15058596667676077,success
1370,2000,8,3,2.0,4.0,0.1,0.7900000000000003,7.999999999999998,4,0,423,77,0,0.38444822012845653,0.14984973492070344,success
1371,2000,8,3,2.0,4.0,0.1,0.7900000000000003,8.2,4,0,423,77,0,0.38390881047844183,0.14898081706773153,success
1372,2000,8,3,2.0,4.0,0.1,0.7900000000000003,8.399999999999999,4,0,423,77,0,0.38380683414495764,0.14878590789063895,success
1373,2000,8,3,2.0,4.0,0.1,0.7900000000000003,8.599999999999998,4,0,423,77,0,0.38417831895717697,0.14949529634838188,success
1374,2000,8,3,2.0,4.0,0.1,0.7900000000000003,8.799999999999997,4,0,423,77,0,0.38435175881770556,0.14999271543634377,success
1375,2000,8,3,2.0,4.0,0.1,0.7900000000000003,8.999999999999998,4,0,423,77,0,0.38445770037953736,0.1502262661782546,success
1376,2000,8,3,2.0,4.0,0.1,0.7900000000000003,9.199999999999998,4,0,423,77,0,0.3840689467888292,0.1496487276199307,success
1377,2000,8,3,2.0,4.0,0.1,0.7900000000000003,9.399999999999999,4,0,423,77,0,0.3841900331729763,0.14979025262665704,success
1378,2000,8,3,2.0,4.0,0.1,0.7900000000000003,9.599999999999998,4,0,423,77,0,0.38431889532746916,0.15001565564284766,success
1382,2000,8,3,2.0,4.0,0.1,0.8000000000000003,1.2,4,216,225,59,0,0.9123617885233416,0.19436457300739235,success
1383,2000,8,3,2.0,4.0,0.1,0.8000000000000003,1.4,4,161,260,79,0,0.8299376008363882,0.24583154438558574,success
1381,2000,8,3,2.0,4.0,0.1,0.8000000000000003,1.0,4,288,212,0,0,,,success
1384,2000,8,3,2.0,4.0,0.1,0.8000000000000003,1.5999999999999999,4,130,266,104,0,0.8304153743146551,0.2493511033803855,success
1385,2000,8,3,2.0,4.0,0.1,0.8000000000000003,1.7999999999999998,4,94,295,111,0,0.7783992888421367,0.24951277680912656,success
1386,2000,8,3,2.0,4.0,0.1,0.8000000000000003,1.9999999999999998,4,67,316,117,0,0.7483887933195404,0.2550118812851932,success
1379,2000,8,3,2.0,4.0,0.1,0.7900000000000003,9.799999999999997,4,0,423,77,0,0.3843627570095014,0.1500534981017917,success
1387,2000,8,3,2.0,4.0,0.1,0.8000000000000003,2.1999999999999997,4,43,340,117,0,0.713747332257003,0.26554881816021764,success
1380,2000,8,3,2.0,4.0,0.1,0.7900000000000003,9.999999999999998,4,0,423,77,0,0.3843141300018473,0.15008917743844374,success
1388,2000,8,3,2.0,4.0,0.1,0.8000000000000003,2.3999999999999995,4,20,375,105,0,0.6303366392008781,0.2697108236607486,success
1389,2000,8,3,2.0,4.0,0.1,0.8000000000000003,2.5999999999999996,4,9,395,96,0,0.6011225672021656,0.24630793199838538,success
1390,2000,8,3,2.0,4.0,0.1,0.8000000000000003,2.8,4,2,407,91,0,0.5385194819600231,0.24013457368141325,success
1392,2000,8,3,2.0,4.0,0.1,0.8000000000000003,3.1999999999999993,4,1,420,79,0,0.4346792336146085,0.16305790972811768,success
1391,2000,8,3,2.0,4.0,0.1,0.8000000000000003,2.9999999999999996,4,0,418,82,0,0.47308267102114077,0.19587739251299818,success
1393,2000,8,3,2.0,4.0,0.1,0.8000000000000003,3.3999999999999995,4,1,420,79,0,0.4177339618693575,0.17084767268648202,success
1397,2000,8,3,2.0,4.0,0.1,0.8000000000000003,4.199999999999999,4,0,423,77,0,0.396854592668878,0.1540528233754824,success
1396,2000,8,3,2.0,4.0,0.1,0.8000000000000003,3.999999999999999,4,0,423,77,0,0.3948069484603962,0.16289321241251772,success
1395,2000,8,3,2.0,4.0,0.1,0.8000000000000003,3.7999999999999994,4,0,421,79,0,0.40886030383309013,0.15762325375717162,success
1394,2000,8,3,2.0,4.0,0.1,0.8000000000000003,3.5999999999999996,4,1,420,79,0,0.41104598224608707,0.1689341733343467,success
1398,2000,8,3,2.0,4.0,0.1,0.8000000000000003,4.3999999999999995,4,0,423,77,0,0.38988297210328565,0.14928588909823928,success
1399,2000,8,3,2.0,4.0,0.1,0.8000000000000003,4.6,4,0,424,76,0,0.3897072936513889,0.15393372564025448,success
1400,2000,8,3,2.0,4.0,0.1,0.8000000000000003,4.799999999999999,4,0,423,77,0,0.39154194670733755,0.15638551240825085,success
1402,2000,8,3,2.0,4.0,0.1,0.8000000000000003,5.199999999999999,4,0,423,77,0,0.38631344166716647,0.150185471208183,success
1401,2000,8,3,2.0,4.0,0.1,0.8000000000000003,4.999999999999999,4,0,423,77,0,0.39070035818544513,0.15236781454309636,success
1404,2000,8,3,2.0,4.0,0.1,0.8000000000000003,5.599999999999999,4,0,423,77,0,0.385095305339967,0.14961206957811973,success
1403,2000,8,3,2.0,4.0,0.1,0.8000000000000003,5.399999999999999,4,0,423,77,0,0.38655968580147193,0.15067712689299476,success
1405,2000,8,3,2.0,4.0,0.1,0.8000000000000003,5.799999999999999,4,0,423,77,0,0.38572847174193203,0.15173340747150227,success
1406,2000,8,3,2.0,4.0,0.1,0.8000000000000003,5.999999999999999,4,0,423,77,0,0.3868326221909404,0.15187553657008937,success
1407,2000,8,3,2.0,4.0,0.1,0.8000000000000003,6.199999999999999,4,0,423,77,0,0.38545308964475117,0.1502006206155364,success
1408,2000,8,3,2.0,4.0,0.1,0.8000000000000003,6.399999999999999,4,0,423,77,0,0.386012965493949,0.1517089014955195,success
1409,2000,8,3,2.0,4.0,0.1,0.8000000000000003,6.599999999999999,4,0,423,77,0,0.3856146366348383,0.15040150320341694,success
1410,2000,8,3,2.0,4.0,0.1,0.8000000000000003,6.799999999999999,4,0,423,77,0,0.38623416078527634,0.15142636610069973,success
1411,2000,8,3,2.0,4.0,0.1,0.8000000000000003,6.999999999999998,4,0,423,77,0,0.3856526978166611,0.15132103714801406,success
1412,2000,8,3,2.0,4.0,0.1,0.8000000000000003,7.199999999999998,4,0,423,77,0,0.38522239572796857,0.15071773093249854,success
1414,2000,8,3,2.0,4.0,0.1,0.8000000000000003,7.599999999999999,4,0,423,77,0,0.38644705222880726,0.15277522762773943,success
1415,2000,8,3,2.0,4.0,0.1,0.8000000000000003,7.799999999999999,4,0,423,77,0,0.38511345125423463,0.15105907157346224,success
1416,2000,8,3,2.0,4.0,0.1,0.8000000000000003,7.999999999999998,4,0,423,77,0,0.3846017083525615,0.15000711610376216,success
1417,2000,8,3,2.0,4.0,0.1,0.8000000000000003,8.2,4,0,423,77,0,0.38394655135833455,0.14894619866995645,success
1413,2000,8,3,2.0,4.0,0.1,0.8000000000000003,7.399999999999999,4,0,423,77,0,0.3854569502192633,0.15115815608062827,success
1418,2000,8,3,2.0,4.0,0.1,0.8000000000000003,8.399999999999999,4,0,423,77,0,0.38419531783649685,0.1494395523924623,success
1419,2000,8,3,2.0,4.0,0.1,0.8000000000000003,8.599999999999998,4,0,423,77,0,0.38424227548152146,0.1496956336514551,success
1420,2000,8,3,2.0,4.0,0.1,0.8000000000000003,8.799999999999997,4,0,423,77,0,0.3846326393160649,0.15042025396101907,success
1421,2000,8,3,2.0,4.0,0.1,0.8000000000000003,8.999999999999998,4,0,423,77,0,0.3844157434567067,0.15021889643137717,success
1422,2000,8,3,2.0,4.0,0.1,0.8000000000000003,9.199999999999998,4,0,423,77,0,0.3845537164344303,0.150603183021251,success
1423,2000,8,3,2.0,4.0,0.1,0.8000000000000003,9.399999999999999,4,0,423,77,0,0.38436779018901496,0.1501881123602439,success
1424,2000,8,3,2.0,4.0,0.1,0.8000000000000003,9.599999999999998,4,0,423,77,0,0.38477588037512395,0.15112072243345828,success
1427,2000,8,3,2.0,4.0,0.1,0.8100000000000003,1.0,4,290,210,0,0,,,success
1425,2000,8,3,2.0,4.0,0.1,0.8000000000000003,9.799999999999997,4,0,423,77,0,0.38474233464505864,0.15087144335794203,success
1428,2000,8,3,2.0,4.0,0.1,0.8100000000000003,1.2,4,217,224,59,0,0.9123617885233416,0.19436457300739235,success
1429,2000,8,3,2.0,4.0,0.1,0.8100000000000003,1.4,4,161,260,79,0,0.8299376008363882,0.24583154438558574,success
1426,2000,8,3,2.0,4.0,0.1,0.8000000000000003,9.999999999999998,4,0,423,77,0,0.3846649178903822,0.1508611577200454,success
1430,2000,8,3,2.0,4.0,0.1,0.8100000000000003,1.5999999999999999,4,130,266,104,0,0.8304153743146551,0.2493511033803855,success
1431,2000,8,3,2.0,4.0,0.1,0.8100000000000003,1.7999999999999998,4,94,295,111,0,0.7783992888421367,0.24951277680912656,success
1432,2000,8,3,2.0,4.0,0.1,0.8100000000000003,1.9999999999999998,4,67,316,117,0,0.7483887933195404,0.2550118812851932,success
1433,2000,8,3,2.0,4.0,0.1,0.8100000000000003,2.1999999999999997,4,43,339,118,0,0.7158285573900875,0.26537631629025676,success
1434,2000,8,3,2.0,4.0,0.1,0.8100000000000003,2.3999999999999995,4,20,375,105,0,0.6303366392008781,0.2697108236607486,success
1435,2000,8,3,2.0,4.0,0.1,0.8100000000000003,2.5999999999999996,4,9,395,96,0,0.6011225672021656,0.24630793199838538,success
1436,2000,8,3,2.0,4.0,0.1,0.8100000000000003,2.8,4,2,407,91,0,0.5385194819600231,0.24013457368141325,success
1437,2000,8,3,2.0,4.0,0.1,0.8100000000000003,2.9999999999999996,4,0,417,83,0,0.47396723157042825,0.19473769367221186,success
1439,2000,8,3,2.0,4.0,0.1,0.8100000000000003,3.3999999999999995,4,1,419,80,0,0.4159853642745852,0.1709924515680892,success
1438,2000,8,3,2.0,4.0,0.1,0.8100000000000003,3.1999999999999993,4,1,419,80,0,0.43263849421349,0.1635496716599123,success
1440,2000,8,3,2.0,4.0,0.1,0.8100000000000003,3.5999999999999996,4,1,419,80,0,0.4093511199945956,0.16890602495449875,success
1441,2000,8,3,2.0,4.0,0.1,0.8100000000000003,3.7999999999999994,4,0,420,80,0,0.4073601604844976,0.15747634291768872,success
1443,2000,8,3,2.0,4.0,0.1,0.8100000000000003,4.199999999999999,4,0,422,78,0,0.3960313996626203,0.15411789372720416,success
1444,2000,8,3,2.0,4.0,0.1,0.8100000000000003,4.3999999999999995,4,0,422,78,0,0.38879002210799046,0.1491693303791737,success
1447,2000,8,3,2.0,4.0,0.1,0.8100000000000003,4.999999999999999,4,0,422,78,0,0.3896945905856665,0.15254206149820787,success
1448,2000,8,3,2.0,4.0,0.1,0.8100000000000003,5.199999999999999,4,0,422,78,0,0.38508034868527136,0.15023232234482267,success
1445,2000,8,3,2.0,4.0,0.1,0.8100000000000003,4.6,4,0,423,77,0,0.3878737411508681,0.15311719493734122,success
1446,2000,8,3,2.0,4.0,0.1,0.8100000000000003,4.799999999999999,4,0,421,79,0,0.3977361941608947,0.1687819069944831,success
1450,2000,8,3,2.0,4.0,0.1,0.8100000000000003,5.599999999999999,4,0,422,78,0,0.38390638772734614,0.14970586717079945,success
1442,2000,8,3,2.0,4.0,0.1,0.8100000000000003,3.999999999999999,4,0,422,78,0,0.39338740227730984,0.16256518055167254,success
1451,2000,8,3,2.0,4.0,0.1,0.8100000000000003,5.799999999999999,4,0,422,78,0,0.384411865574299,0.15159420786228298,success
1449,2000,8,3,2.0,4.0,0.1,0.8100000000000003,5.399999999999999,4,0,422,78,0,0.38529191112222894,0.15067590091493238,success
1452,2000,8,3,2.0,4.0,0.1,0.8100000000000003,5.999999999999999,4,0,422,78,0,0.38527774862319053,0.1513966683190893,success
1453,2000,8,3,2.0,4.0,0.1,0.8100000000000003,6.199999999999999,4,0,422,78,0,0.38367743752812505,0.1494161839858465,success
1454,2000,8,3,2.0,4.0,0.1,0.8100000000000003,6.399999999999999,4,0,422,78,0,0.3845364789206041,0.15140960234173378,success
1456,2000,8,3,2.0,4.0,0.1,0.8100000000000003,6.799999999999999,4,0,422,78,0,0.38551215402031386,0.1525526080195553,success
1455,2000,8,3,2.0,4.0,0.1,0.8100000000000003,6.599999999999999,4,0,422,78,0,0.3849298961816252,0.15155874856888601,success
1457,2000,8,3,2.0,4.0,0.1,0.8100000000000003,6.999999999999998,4,0,422,78,0,0.3847135890294042,0.15192647896257883,success
1459,2000,8,3,2.0,4.0,0.1,0.8100000000000003,7.399999999999999,4,0,422,78,0,0.3840502999863572,0.15089998695630455,success
1458,2000,8,3,2.0,4.0,0.1,0.8100000000000003,7.199999999999998,4,0,422,78,0,0.38461261606399033,0.1522048117973197,success
1461,2000,8,3,2.0,4.0,0.1,0.8100000000000003,7.799999999999999,4,0,422,78,0,0.3837266570912107,0.150889436638584,success
1460,2000,8,3,2.0,4.0,0.1,0.8100000000000003,7.599999999999999,4,0,422,78,0,0.384853752373444,0.15228233948230116,success
1462,2000,8,3,2.0,4.0,0.1,0.8100000000000003,7.999999999999998,4,0,422,78,0,0.3835118641624518,0.15036943624533816,success
1463,2000,8,3,2.0,4.0,0.1,0.8100000000000003,8.2,4,0,422,78,0,0.3826271284250424,0.14899642828978737,success
1464,2000,8,3,2.0,4.0,0.1,0.8100000000000003,8.399999999999999,4,0,422,78,0,0.38278189429624565,0.14924733521994413,success
1466,2000,8,3,2.0,4.0,0.1,0.8100000000000003,8.799999999999997,4,0,422,78,0,0.3829041305504948,0.14967149369895902,success
1465,2000,8,3,2.0,4.0,0.1,0.8100000000000003,8.599999999999998,4,0,422,78,0,0.38298641162169206,0.14982576989901153,success
1467,2000,8,3,2.0,4.0,0.1,0.8100000000000003,8.999999999999998,4,0,422,78,0,0.38312167348257464,0.1502454777304757,success
1468,2000,8,3,2.0,4.0,0.1,0.8100000000000003,9.199999999999998,4,0,422,78,0,0.3831694821726445,0.15036042521493226,success
1469,2000,8,3,2.0,4.0,0.1,0.8100000000000003,9.399999999999999,4,0,422,78,0,0.38347917973416157,0.15081431171505927,success
1470,2000,8,3,2.0,4.0,0.1,0.8100000000000003,9.599999999999998,4,0,422,78,0,0.3835021043436438,0.15110324660825233,success
1471,2000,8,3,2.0,4.0,0.1,0.8100000000000003,9.799999999999997,4,0,422,78,0,0.38345078863109383,0.15083484631273328,success
1472,2000,8,3,2.0,4.0,0.1,0.8100000000000003,9.999999999999998,4,0,422,78,0,0.3832319711358458,0.1506004823324313,success
1473,2000,8,3,2.0,4.0,0.1,0.8200000000000003,1.0,4,290,210,0,0,,,success
1474,2000,8,3,2.0,4.0,0.1,0.8200000000000003,1.2,4,217,224,59,0,0.9123617885233416,0.19436457300739235,success
1475,2000,8,3,2.0,4.0,0.1,0.8200000000000003,1.4,4,161,260,79,0,0.8299376008363882,0.24583154438558574,success
1476,2000,8,3,2.0,4.0,0.1,0.8200000000000003,1.5999999999999999,4,131,266,103,0,0.8287689216380983,0.2500017065754089,success
1477,2000,8,3,2.0,4.0,0.1,0.8200000000000003,1.7999999999999998,4,94,295,111,0,0.7792688064085349,0.24981708193221924,success
1478,2000,8,3,2.0,4.0,0.1,0.8200000000000003,1.9999999999999998,4,67,316,117,0,0.7483887933195404,0.2550118812851932,success
1479,2000,8,3,2.0,4.0,0.1,0.8200000000000003,2.1999999999999997,4,44,339,117,0,0.7163694452857415,0.2664523937319524,success
1480,2000,8,3,2.0,4.0,0.1,0.8200000000000003,2.3999999999999995,4,21,375,104,0,0.6318937559728426,0.2705422778641747,success
1481,2000,8,3,2.0,4.0,0.1,0.8200000000000003,2.5999999999999996,4,9,395,96,0,0.5994857376092324,0.24374328699410547,success
1482,2000,8,3,2.0,4.0,0.1,0.8200000000000003,2.8,4,2,407,91,0,0.5414885502807869,0.23736401336602628,success
1484,2000,8,3,2.0,4.0,0.1,0.8200000000000003,3.1999999999999993,4,1,419,80,0,0.4357221561794768,0.1610146355344572,success
1483,2000,8,3,2.0,4.0,0.1,0.8200000000000003,2.9999999999999996,4,0,417,83,0,0.4769569324067695,0.19211701970673942,success
1485,2000,8,3,2.0,4.0,0.1,0.8200000000000003,3.3999999999999995,4,1,419,80,0,0.41904939053838336,0.16897229162588345,success
1486,2000,8,3,2.0,4.0,0.1,0.8200000000000003,3.5999999999999996,4,1,419,80,0,0.41079616829540583,0.16898437086775536,success
1488,2000,8,3,2.0,4.0,0.1,0.8200000000000003,3.999999999999999,4,0,422,78,0,0.3959318544334165,0.1613884526019495,success
1489,2000,8,3,2.0,4.0,0.1,0.8200000000000003,4.199999999999999,4,0,422,78,0,0.39902487488890986,0.1537265842161992,success
1487,2000,8,3,2.0,4.0,0.1,0.8200000000000003,3.7999999999999994,4,0,420,80,0,0.40944488086693387,0.15686887783079442,success
1490,2000,8,3,2.0,4.0,0.1,0.8200000000000003,4.3999999999999995,4,0,421,79,0,0.3977829215605372,0.161037072046954,success
1491,2000,8,3,2.0,4.0,0.1,0.8200000000000003,4.6,4,0,423,77,0,0.3902322190334905,0.15202663835948538,success
1492,2000,8,3,2.0,4.0,0.1,0.8200000000000003,4.799999999999999,4,0,421,79,0,0.3999640939642884,0.16786203916672265,success
1493,2000,8,3,2.0,4.0,0.1,0.8200000000000003,4.999999999999999,4,0,422,78,0,0.3934634708005243,0.15416126747875653,success
1495,2000,8,3,2.0,4.0,0.1,0.8200000000000003,5.399999999999999,4,0,422,78,0,0.38784450573404083,0.15029715247074998,success
1494,2000,8,3,2.0,4.0,0.1,0.8200000000000003,5.199999999999999,4,0,421,79,0,0.39494017837893963,0.16252964536587827,success
1496,2000,8,3,2.0,4.0,0.1,0.8200000000000003,5.599999999999999,4,0,422,78,0,0.38641948942441307,0.14927167797668317,success
1497,2000,8,3,2.0,4.0,0.1,0.8200000000000003,5.799999999999999,4,0,422,78,0,0.38700948149023945,0.1513122437608635,success
1498,2000,8,3,2.0,4.0,0.1,0.8200000000000003,5.999999999999999,4,0,422,78,0,0.3878046719413346,0.15078502722169917,success
1499,2000,8,3,2.0,4.0,0.1,0.8200000000000003,6.199999999999999,4,0,422,78,0,0.3858112816956098,0.1483183688252288,success
1500,2000,8,3,2.0,4.0,0.1,0.8200000000000003,6.399999999999999,4,0,422,78,0,0.3868485396278581,0.15044086791186428,success
1501,2000,8,3,2.0,4.0,0.1,0.8200000000000003,6.599999999999999,4,0,422,78,0,0.3872153996750015,0.15098180581351825,success
1502,2000,8,3,2.0,4.0,0.1,0.8200000000000003,6.799999999999999,4,0,422,78,0,0.3876816468244718,0.15194546374606005,success
1503,2000,8,3,2.0,4.0,0.1,0.8200000000000003,6.999999999999998,4,0,422,78,0,0.3866482088216309,0.15094111690031853,success
1504,2000,8,3,2.0,4.0,0.1,0.8200000000000003,7.199999999999998,4,0,422,78,0,0.38631678416601695,0.150846049924829,success
1505,2000,8,3,2.0,4.0,0.1,0.8200000000000003,7.399999999999999,4,0,422,78,0,0.3851758020016125,0.14832898978806852,success
1506,2000,8,3,2.0,4.0,0.1,0.8200000000000003,7.599999999999999,4,0,422,78,0,0.3861183638611496,0.15008663777077544,success
1507,2000,8,3,2.0,4.0,0.1,0.8200000000000003,7.799999999999999,4,0,422,78,0,0.38495615253284987,0.14883264738248023,success
1508,2000,8,3,2.0,4.0,0.1,0.8200000000000003,7.999999999999998,4,0,422,78,0,0.38523705994798496,0.14913275361442963,success
1509,2000,8,3,2.0,4.0,0.1,0.8200000000000003,8.2,4,0,422,78,0,0.38431087625432336,0.1475485913681539,success
1510,2000,8,3,2.0,4.0,0.1,0.8200000000000003,8.399999999999999,4,0,422,78,0,0.3841091867489487,0.14730801426009005,success
1511,2000,8,3,2.0,4.0,0.1,0.8200000000000003,8.599999999999998,4,0,422,78,0,0.3844748611727214,0.14811786803488453,success
1512,2000,8,3,2.0,4.0,0.1,0.8200000000000003,8.799999999999997,4,0,422,78,0,0.38449811573376114,0.14821822200168372,success
1513,2000,8,3,2.0,4.0,0.1,0.8200000000000003,8.999999999999998,4,0,422,78,0,0.3847282295600022,0.1487848069917147,success
1514,2000,8,3,2.0,4.0,0.1,0.8200000000000003,9.199999999999998,4,0,422,78,0,0.38477422054422245,0.14894456487072083,success
1515,2000,8,3,2.0,4.0,0.1,0.8200000000000003,9.399999999999999,4,0,422,78,0,0.38493323932828616,0.14911151717136928,success
1517,2000,8,3,2.0,4.0,0.1,0.8200000000000003,9.799999999999997,4,0,422,78,0,0.38490121378269015,0.14915290008979268,success
1516,2000,8,3,2.0,4.0,0.1,0.8200000000000003,9.599999999999998,4,0,422,78,0,0.3849297263422922,0.1492345628618084,success
1519,2000,8,3,2.0,4.0,0.1,0.8300000000000003,1.0,4,290,210,0,0,,,success
1521,2000,8,3,2.0,4.0,0.1,0.8300000000000003,1.4,4,161,260,79,0,0.8299376008363882,0.24583154438558574,success
1520,2000,8,3,2.0,4.0,0.1,0.8300000000000003,1.2,4,217,224,59,0,0.9123617885233416,0.19436457300739235,success
1518,2000,8,3,2.0,4.0,0.1,0.8200000000000003,9.999999999999998,4,0,422,78,0,0.3848303879614484,0.14907612486097435,success
1522,2000,8,3,2.0,4.0,0.1,0.8300000000000003,1.5999999999999999,4,131,266,103,0,0.8287689216380983,0.2500017065754089,success
1523,2000,8,3,2.0,4.0,0.1,0.8300000000000003,1.7999999999999998,4,94,295,111,0,0.7792688064085349,0.24981708193221924,success
1524,2000,8,3,2.0,4.0,0.1,0.8300000000000003,1.9999999999999998,4,67,315,118,0,0.746283803545646,0.254947238550073,success
1525,2000,8,3,2.0,4.0,0.1,0.8300000000000003,2.1999999999999997,4,44,338,118,0,0.7187730940545064,0.26659297709234764,success
1526,2000,8,3,2.0,4.0,0.1,0.8300000000000003,2.3999999999999995,4,21,375,104,0,0.6318937559728426,0.2705422778641747,success
1527,2000,8,3,2.0,4.0,0.1,0.8300000000000003,2.5999999999999996,4,9,395,96,0,0.6034650380365666,0.24714313503716676,success
1528,2000,8,3,2.0,4.0,0.1,0.8300000000000003,2.8,4,2,406,92,0,0.5398839060549875,0.23654159020784946,success
1529,2000,8,3,2.0,4.0,0.1,0.8300000000000003,2.9999999999999996,4,0,416,84,0,0.4788579329368271,0.19162190044425836,success
1530,2000,8,3,2.0,4.0,0.1,0.8300000000000003,3.1999999999999993,4,1,419,80,0,0.4380985257089877,0.16353874189286335,success
1531,2000,8,3,2.0,4.0,0.1,0.8300000000000003,3.3999999999999995,4,1,418,81,0,0.4196339024787965,0.16713756790921097,success
1533,2000,8,3,2.0,4.0,0.1,0.8300000000000003,3.7999999999999994,4,0,419,81,0,0.410095322469518,0.15515669190423445,success
1532,2000,8,3,2.0,4.0,0.1,0.8300000000000003,3.5999999999999996,4,1,418,81,0,0.41148636997563703,0.16710901903145556,success
1534,2000,8,3,2.0,4.0,0.1,0.8300000000000003,3.999999999999999,4,0,421,79,0,0.39684596947607587,0.16024982309917982,success
1536,2000,8,3,2.0,4.0,0.1,0.8300000000000003,4.3999999999999995,4,0,421,79,0,0.39121319851918007,0.1470272136375337,success
1535,2000,8,3,2.0,4.0,0.1,0.8300000000000003,4.199999999999999,4,0,421,79,0,0.40017136248383006,0.15282598565794703,success
1537,2000,8,3,2.0,4.0,0.1,0.8300000000000003,4.6,4,0,421,79,0,0.39828201260598506,0.16353161114025838,success
1539,2000,8,3,2.0,4.0,0.1,0.8300000000000003,4.999999999999999,4,0,421,79,0,0.3948983730720273,0.15423827388490496,success
1538,2000,8,3,2.0,4.0,0.1,0.8300000000000003,4.799999999999999,4,0,421,79,0,0.393351316734748,0.15455613465965506,success
1541,2000,8,3,2.0,4.0,0.1,0.8300000000000003,5.399999999999999,4,0,421,79,0,0.3883979783659923,0.14890137142367377,success
1540,2000,8,3,2.0,4.0,0.1,0.8300000000000003,5.199999999999999,4,0,421,79,0,0.38880860748555834,0.14951928189523378,success
1542,2000,8,3,2.0,4.0,0.1,0.8300000000000003,5.599999999999999,4,0,421,79,0,0.3879238252655063,0.14926344970711855,success
1543,2000,8,3,2.0,4.0,0.1,0.8300000000000003,5.799999999999999,4,0,421,79,0,0.38781878997065306,0.15047717377682385,success
1544,2000,8,3,2.0,4.0,0.1,0.8300000000000003,5.999999999999999,4,0,421,79,0,0.38832682427043075,0.14935674708254684,success
1545,2000,8,3,2.0,4.0,0.1,0.8300000000000003,6.199999999999999,4,0,421,79,0,0.3865851980234691,0.1473341308185227,success
1546,2000,8,3,2.0,4.0,0.1,0.8300000000000003,6.399999999999999,4,0,421,79,0,0.3876433059056622,0.1495515993454499,success
1547,2000,8,3,2.0,4.0,0.1,0.8300000000000003,6.599999999999999,4,0,421,79,0,0.38752443831421396,0.14943786455011798,success
1548,2000,8,3,2.0,4.0,0.1,0.8300000000000003,6.799999999999999,4,0,421,79,0,0.38733187227375854,0.1492081035569714,success
1549,2000,8,3,2.0,4.0,0.1,0.8300000000000003,6.999999999999998,4,0,421,79,0,0.3863102495856028,0.14832338913611176,success
1550,2000,8,3,2.0,4.0,0.1,0.8300000000000003,7.199999999999998,4,0,421,79,0,0.38605787874530906,0.14792828230249486,success
1551,2000,8,3,2.0,4.0,0.1,0.8300000000000003,7.399999999999999,4,0,421,79,0,0.38553937441974206,0.14674052302110693,success
1552,2000,8,3,2.0,4.0,0.1,0.8300000000000003,7.599999999999999,4,0,421,79,0,0.38645180740397306,0.1484655865884271,success
1554,2000,8,3,2.0,4.0,0.1,0.8300000000000003,7.999999999999998,4,0,421,79,0,0.38540476143747815,0.14734177949271868,success
1553,2000,8,3,2.0,4.0,0.1,0.8300000000000003,7.799999999999999,4,0,421,79,0,0.3855041701101745,0.14747804740462334,success
1556,2000,8,3,2.0,4.0,0.1,0.8300000000000003,8.399999999999999,4,0,421,79,0,0.3845922111486265,0.14608092960379246,success
1555,2000,8,3,2.0,4.0,0.1,0.8300000000000003,8.2,4,0,421,79,0,0.3848077187034272,0.14647380087315887,success
1557,2000,8,3,2.0,4.0,0.1,0.8300000000000003,8.599999999999998,4,0,421,79,0,0.38525974063039015,0.147392671215019,success
1558,2000,8,3,2.0,4.0,0.1,0.8300000000000003,8.799999999999997,4,0,421,79,0,0.3846722519876391,0.14638987687176752,success
1559,2000,8,3,2.0,4.0,0.1,0.8300000000000003,8.999999999999998,4,0,421,79,0,0.3852503411159345,0.14736148967473828,success
1560,2000,8,3,2.0,4.0,0.1,0.8300000000000003,9.199999999999998,4,0,421,79,0,0.3851416142886288,0.147270333667854,success
1561,2000,8,3,2.0,4.0,0.1,0.8300000000000003,9.399999999999999,4,0,421,79,0,0.38577944612318055,0.1483149341110295,success
1565,2000,8,3,2.0,4.0,0.1,0.8400000000000003,1.0,4,290,210,0,0,,,success
1562,2000,8,3,2.0,4.0,0.1,0.8300000000000003,9.599999999999998,4,0,421,79,0,0.38556003757818313,0.1480209537660578,success
1563,2000,8,3,2.0,4.0,0.1,0.8300000000000003,9.799999999999997,4,0,421,79,0,0.385572617320037,0.14809589782124208,success
1564,2000,8,3,2.0,4.0,0.1,0.8300000000000003,9.999999999999998,4,0,421,79,0,0.3852856527497862,0.14750087257572772,success
1566,2000,8,3,2.0,4.0,0.1,0.8400000000000003,1.2,4,217,224,59,0,0.9123617885233416,0.19436457300739235,success
1567,2000,8,3,2.0,4.0,0.1,0.8400000000000003,1.4,4,161,260,79,0,0.8299376008363882,0.24583154438558574,success
1568,2000,8,3,2.0,4.0,0.1,0.8400000000000003,1.5999999999999999,4,131,266,103,0,0.8287689216380983,0.2500017065754089,success
1569,2000,8,3,2.0,4.0,0.1,0.8400000000000003,1.7999999999999998,4,94,295,111,0,0.7819572747174998,0.25057801554212283,success
1570,2000,8,3,2.0,4.0,0.1,0.8400000000000003,1.9999999999999998,4,67,315,118,0,0.746283803545646,0.25494723855007295,success
1571,2000,8,3,2.0,4.0,0.1,0.8400000000000003,2.1999999999999997,4,45,338,117,0,0.7163694452857415,0.2664523937319524,success
1572,2000,8,3,2.0,4.0,0.1,0.8400000000000003,2.3999999999999995,4,22,375,103,0,0.6283199089434527,0.269386995137707,success
1573,2000,8,3,2.0,4.0,0.1,0.8400000000000003,2.5999999999999996,4,10,395,95,0,0.6030454944994936,0.24842137292504227,success
1574,2000,8,3,2.0,4.0,0.1,0.8400000000000003,2.8,4,3,406,91,0,0.534827685242405,0.23279919354207562,success
1575,2000,8,3,2.0,4.0,0.1,0.8400000000000003,2.9999999999999996,4,0,416,84,0,0.4794631641865032,0.19236867219697865,success
1576,2000,8,3,2.0,4.0,0.1,0.8400000000000003,3.1999999999999993,4,1,419,80,0,0.4386421389477867,0.16420206993206474,success
1578,2000,8,3,2.0,4.0,0.1,0.8400000000000003,3.5999999999999996,4,1,418,81,0,0.41188613739168395,0.16762482422021274,success
1577,2000,8,3,2.0,4.0,0.1,0.8400000000000003,3.3999999999999995,4,1,418,81,0,0.4199147456205324,0.1674746554469568,success
1579,2000,8,3,2.0,4.0,0.1,0.8400000000000003,3.7999999999999994,4,0,419,81,0,0.4113294451458858,0.1563796300467165,success
1582,2000,8,3,2.0,4.0,0.1,0.8400000000000003,4.3999999999999995,4,0,421,79,0,0.3919719387876497,0.14770855858999474,success
1580,2000,8,3,2.0,4.0,0.1,0.8400000000000003,3.999999999999999,4,0,421,79,0,0.397603848204185,0.16100443208567158,success
1581,2000,8,3,2.0,4.0,0.1,0.8400000000000003,4.199999999999999,4,0,421,79,0,0.4010109689790319,0.15377082973049877,success
1584,2000,8,3,2.0,4.0,0.1,0.8400000000000003,4.799999999999999,4,0,420,80,0,0.4010735065486483,0.16686402510308235,success
1587,2000,8,3,2.0,4.0,0.1,0.8400000000000003,5.399999999999999,4,0,421,79,0,0.3892634063168255,0.1489135043751724,success
1586,2000,8,3,2.0,4.0,0.1,0.8400000000000003,5.199999999999999,4,0,421,79,0,0.3901024149295525,0.15041316499081583,success
1583,2000,8,3,2.0,4.0,0.1,0.8400000000000003,4.6,4,0,422,78,0,0.39169377507950986,0.1515640534197819,success
1585,2000,8,3,2.0,4.0,0.1,0.8400000000000003,4.999999999999999,4,0,421,79,0,0.3960585162165068,0.1548709339124353,success
1588,2000,8,3,2.0,4.0,0.1,0.8400000000000003,5.599999999999999,4,0,421,79,0,0.38999053235353603,0.151525062542133,success
1589,2000,8,3,2.0,4.0,0.1,0.8400000000000003,5.799999999999999,4,0,421,79,0,0.3890085310668804,0.1515701756453746,success
1590,2000,8,3,2.0,4.0,0.1,0.8400000000000003,5.999999999999999,4,0,421,79,0,0.3899531056589567,0.15174935216672378,success
1591,2000,8,3,2.0,4.0,0.1,0.8400000000000003,6.199999999999999,4,0,421,79,0,0.3875519817125227,0.14856735917358715,success
1592,2000,8,3,2.0,4.0,0.1,0.8400000000000003,6.399999999999999,4,0,421,79,0,0.38867173880674954,0.15091679314347103,success
1593,2000,8,3,2.0,4.0,0.1,0.8400000000000003,6.599999999999999,4,0,421,79,0,0.3883435163926219,0.15042554582439185,success
1596,2000,8,3,2.0,4.0,0.1,0.8400000000000003,7.199999999999998,4,0,421,79,0,0.3874702734106682,0.1499405273055796,success
1594,2000,8,3,2.0,4.0,0.1,0.8400000000000003,6.799999999999999,4,0,421,79,0,0.38751230542748033,0.14873585823592825,success
1595,2000,8,3,2.0,4.0,0.1,0.8400000000000003,6.999999999999998,4,0,421,79,0,0.38822533525590525,0.15118696707287133,success
1597,2000,8,3,2.0,4.0,0.1,0.8400000000000003,7.399999999999999,4,0,421,79,0,0.3869338317561899,0.14866949638315843,success
1599,2000,8,3,2.0,4.0,0.1,0.8400000000000003,7.799999999999999,4,0,421,79,0,0.38643742787668406,0.14861557179785584,success
1598,2000,8,3,2.0,4.0,0.1,0.8400000000000003,7.599999999999999,4,0,421,79,0,0.38747316058845604,0.14982161241504766,success
1600,2000,8,3,2.0,4.0,0.1,0.8400000000000003,7.999999999999998,4,0,421,79,0,0.3867342030127059,0.14918102782982112,success
1601,2000,8,3,2.0,4.0,0.1,0.8400000000000003,8.2,4,0,421,79,0,0.3861289512187827,0.14818266048756573,success
1602,2000,8,3,2.0,4.0,0.1,0.8400000000000003,8.399999999999999,4,0,421,79,0,0.3859501487516885,0.14789638044466913,success
1603,2000,8,3,2.0,4.0,0.1,0.8400000000000003,8.599999999999998,4,0,421,79,0,0.38654547382383936,0.14891330389847265,success
1604,2000,8,3,2.0,4.0,0.1,0.8400000000000003,8.799999999999997,4,0,421,79,0,0.3864284450839078,0.14897224668910938,success
1605,2000,8,3,2.0,4.0,0.1,0.8400000000000003,8.999999999999998,4,0,421,79,0,0.386775698285143,0.14988473463562843,success
1606,2000,8,3,2.0,4.0,0.1,0.8400000000000003,9.199999999999998,4,0,421,79,0,0.3867848601150298,0.14994770747728542,success
1608,2000,8,3,2.0,4.0,0.1,0.8400000000000003,9.599999999999998,4,0,421,79,0,0.3869332515268004,0.15032056705070967,success
1607,2000,8,3,2.0,4.0,0.1,0.8400000000000003,9.399999999999999,4,0,421,79,0,0.38694315180609123,0.15013652280928586,success
1612,2000,8,3,2.0,4.0,0.1,0.8500000000000003,1.2,4,217,224,59,0,0.9123617885233416,0.19436457300739235,success
1614,2000,8,3,2.0,4.0,0.1,0.8500000000000003,1.5999999999999999,4,131,266,103,0,0.8287689216380983,0.2500017065754089,success
1611,2000,8,3,2.0,4.0,0.1,0.8500000000000003,1.0,4,290,210,0,0,,,success
1613,2000,8,3,2.0,4.0,0.1,0.8500000000000003,1.4,4,161,260,79,0,0.8299376008363882,0.24583154438558574,success
1609,2000,8,3,2.0,4.0,0.1,0.8400000000000003,9.799999999999997,4,0,421,79,0,0.38696989971744045,0.15019638274749875,success
1610,2000,8,3,2.0,4.0,0.1,0.8400000000000003,9.999999999999998,4,0,421,79,0,0.38670961171287066,0.1496172666978237,success
1617,2000,8,3,2.0,4.0,0.1,0.8500000000000003,2.1999999999999997,4,45,338,117,0,0.7142075038560689,0.26729710124622913,success
1615,2000,8,3,2.0,4.0,0.1,0.8500000000000003,1.7999999999999998,4,94,295,111,0,0.7819572747174998,0.25057801554212283,success
1616,2000,8,3,2.0,4.0,0.1,0.8500000000000003,1.9999999999999998,4,68,315,117,0,0.747380227052185,0.25576424089751704,success
1618,2000,8,3,2.0,4.0,0.1,0.8500000000000003,2.3999999999999995,4,22,375,103,0,0.6283199089434527,0.269386995137707,success
1619,2000,8,3,2.0,4.0,0.1,0.8500000000000003,2.5999999999999996,4,10,395,95,0,0.6030454944994936,0.24842137292504227,success
1620,2000,8,3,2.0,4.0,0.1,0.8500000000000003,2.8,4,3,406,91,0,0.5382112418884326,0.2346008200238743,success
1623,2000,8,3,2.0,4.0,0.1,0.8500000000000003,3.3999999999999995,4,1,417,82,0,0.41816520624698317,0.16750483334395708,success
1621,2000,8,3,2.0,4.0,0.1,0.8500000000000003,2.9999999999999996,4,0,415,85,0,0.47731470620933697,0.19225989816045905,success
1624,2000,8,3,2.0,4.0,0.1,0.8500000000000003,3.5999999999999996,4,1,417,82,0,0.40932217323367504,0.16881571779246665,success
1622,2000,8,3,2.0,4.0,0.1,0.8500000000000003,3.1999999999999993,4,1,418,81,0,0.43628831609578383,0.16470649801225865,success
1626,2000,8,3,2.0,4.0,0.1,0.8500000000000003,3.999999999999999,4,0,420,80,0,0.39462076054812323,0.16254377036883377,success
1625,2000,8,3,2.0,4.0,0.1,0.8500000000000003,3.7999999999999994,4,0,418,82,0,0.40864342999105896,0.15797851093409662,success
1627,2000,8,3,2.0,4.0,0.1,0.8500000000000003,4.199999999999999,4,0,419,81,0,0.4052802783455577,0.16775472752964768,success
1630,2000,8,3,2.0,4.0,0.1,0.8500000000000003,4.799999999999999,4,0,420,80,0,0.3912631092861499,0.15708059803327798,success
1629,2000,8,3,2.0,4.0,0.1,0.8500000000000003,4.6,4,0,420,80,0,0.3962028665474483,0.16594622424643457,success
1631,2000,8,3,2.0,4.0,0.1,0.8500000000000003,4.999999999999999,4,0,420,80,0,0.3927552882958195,0.1559283829666472,success
1628,2000,8,3,2.0,4.0,0.1,0.8500000000000003,4.3999999999999995,4,0,419,81,0,0.3961706144009991,0.16174638673253874,success
1632,2000,8,3,2.0,4.0,0.1,0.8500000000000003,5.199999999999999,4,0,420,80,0,0.3871122617184664,0.15190834221467248,success
1634,2000,8,3,2.0,4.0,0.1,0.8500000000000003,5.599999999999999,4,0,420,80,0,0.38647286854406493,0.15194651355863648,success
1636,2000,8,3,2.0,4.0,0.1,0.8500000000000003,5.999999999999999,4,0,420,80,0,0.387148751575017,0.1535225974098554,success
1633,2000,8,3,2.0,4.0,0.1,0.8500000000000003,5.399999999999999,4,0,420,80,0,0.38629996145712736,0.15044872382361235,success
1635,2000,8,3,2.0,4.0,0.1,0.8500000000000003,5.799999999999999,4,0,420,80,0,0.38613509286425024,0.15340309272725902,success
1637,2000,8,3,2.0,4.0,0.1,0.8500000000000003,6.199999999999999,4,0,420,80,0,0.38463418913899095,0.15018279506860138,success
1639,2000,8,3,2.0,4.0,0.1,0.8500000000000003,6.599999999999999,4,0,420,80,0,0.3855641266406301,0.15215923597179543,success
1638,2000,8,3,2.0,4.0,0.1,0.8500000000000003,6.399999999999999,4,0,420,80,0,0.3857231776047527,0.15251718798949518,success
1640,2000,8,3,2.0,4.0,0.1,0.8500000000000003,6.799999999999999,4,0,420,80,0,0.38466757799701934,0.1504675492617684,success
1641,2000,8,3,2.0,4.0,0.1,0.8500000000000003,6.999999999999998,4,0,420,80,0,0.3857186009085214,0.153408830374313,success
1645,2000,8,3,2.0,4.0,0.1,0.8500000000000003,7.799999999999999,4,0,420,80,0,0.3833740529456761,0.14981323257946175,success
1642,2000,8,3,2.0,4.0,0.1,0.8500000000000003,7.199999999999998,4,0,420,80,0,0.38466958258717865,0.15163118944697002,success
1646,2000,8,3,2.0,4.0,0.1,0.8500000000000003,7.999999999999998,4,0,420,80,0,0.3839488137621121,0.15087411124311273,success
1647,2000,8,3,2.0,4.0,0.1,0.8500000000000003,8.2,4,0,420,80,0,0.38313165301917473,0.14947894877192258,success
1648,2000,8,3,2.0,4.0,0.1,0.8500000000000003,8.399999999999999,4,0,420,80,0,0.3829772670850311,0.14928389298866465,success
1643,2000,8,3,2.0,4.0,0.1,0.8500000000000003,7.399999999999999,4,0,420,80,0,0.384230886201447,0.15062958537708665,success
1644,2000,8,3,2.0,4.0,0.1,0.8500000000000003,7.599999999999999,4,0,420,80,0,0.3847383672496954,0.1515322779154392,success
1649,2000,8,3,2.0,4.0,0.1,0.8500000000000003,8.599999999999998,4,0,420,80,0,0.383548959530287,0.1502610687222418,success
1650,2000,8,3,2.0,4.0,0.1,0.8500000000000003,8.799999999999997,4,0,420,80,0,0.383810240274328,0.15093570041600024,success
1651,2000,8,3,2.0,4.0,0.1,0.8500000000000003,8.999999999999998,4,0,420,80,0,0.3839728866201784,0.15160618461185316,success
1652,2000,8,3,2.0,4.0,0.1,0.8500000000000003,9.199999999999998,4,0,420,80,0,0.3840255262754175,0.1517902695442128,success
1653,2000,8,3,2.0,4.0,0.1,0.8500000000000003,9.399999999999999,4,0,420,80,0,0.384091025819209,0.15177548314036812,success
1655,2000,8,3,2.0,4.0,0.1,0.8500000000000003,9.799999999999997,4,0,420,80,0,0.38394620173623484,0.15136766821944342,success
1654,2000,8,3,2.0,4.0,0.1,0.8500000000000003,9.599999999999998,4,0,420,80,0,0.3836099847557317,0.1508766108488439,success
1656,2000,8,3,2.0,4.0,0.1,0.8500000000000003,9.999999999999998,4,0,420,80,0,0.3839836504501925,0.15141222752877667,success
1657,2000,8,3,2.0,4.0,0.1,0.8600000000000003,1.0,4,290,210,0,0,,,success
1658,2000,8,3,2.0,4.0,0.1,0.8600000000000003,1.2,4,217,224,59,0,0.9123617885233416,0.19436457300739235,success
1659,2000,8,3,2.0,4.0,0.1,0.8600000000000003,1.4,4,161,260,79,0,0.8299376008363882,0.24583154438558574,success
1660,2000,8,3,2.0,4.0,0.1,0.8600000000000003,1.5999999999999999,4,131,266,103,0,0.8246652646248871,0.25063169838677707,success
1661,2000,8,3,2.0,4.0,0.1,0.8600000000000003,1.7999999999999998,4,95,294,111,0,0.785398695859116,0.25092871809097417,success
1662,2000,8,3,2.0,4.0,0.1,0.8600000000000003,1.9999999999999998,4,68,313,119,0,0.7516259375218962,0.25567571889574703,success
1663,2000,8,3,2.0,4.0,0.1,0.8600000000000003,2.1999999999999997,4,45,337,118,0,0.7166294741623733,0.267449540711435,success
1664,2000,8,3,2.0,4.0,0.1,0.8600000000000003,2.3999999999999995,4,22,374,104,0,0.6318937559728426,0.2705422778641747,success
1665,2000,8,3,2.0,4.0,0.1,0.8600000000000003,2.5999999999999996,4,10,395,95,0,0.6030454944994936,0.24842137292504227,success
1666,2000,8,3,2.0,4.0,0.1,0.8600000000000003,2.8,4,3,407,90,0,0.5338146235859877,0.2321144685447212,success
1667,2000,8,3,2.0,4.0,0.1,0.8600000000000003,2.9999999999999996,4,0,415,85,0,0.47706219847963965,0.1919594495535393,success
1668,2000,8,3,2.0,4.0,0.1,0.8600000000000003,3.1999999999999993,4,1,418,81,0,0.43628883727302414,0.16470785174980493,success
1669,2000,8,3,2.0,4.0,0.1,0.8600000000000003,3.3999999999999995,4,1,417,82,0,0.4181581990967613,0.16748974936265532,success
1670,2000,8,3,2.0,4.0,0.1,0.8600000000000003,3.5999999999999996,4,1,417,82,0,0.4093886283658772,0.16896744701394634,success
1671,2000,8,3,2.0,4.0,0.1,0.8600000000000003,3.7999999999999994,4,0,418,82,0,0.4086450387470173,0.15797791956410068,success
1673,2000,8,3,2.0,4.0,0.1,0.8600000000000003,4.199999999999999,4,0,420,80,0,0.39806076510817934,0.15555701994857532,success
1674,2000,8,3,2.0,4.0,0.1,0.8600000000000003,4.3999999999999995,4,0,420,80,0,0.38943417420145127,0.14999950947930787,success
1677,2000,8,3,2.0,4.0,0.1,0.8600000000000003,4.999999999999999,4,0,420,80,0,0.3929238742434998,0.15601495789069944,success
1678,2000,8,3,2.0,4.0,0.1,0.8600000000000003,5.199999999999999,4,0,419,81,0,0.3943969454220894,0.16445918929753345,success
1672,2000,8,3,2.0,4.0,0.1,0.8600000000000003,3.999999999999999,4,0,420,80,0,0.39468553012572183,0.16263730600914622,success
1675,2000,8,3,2.0,4.0,0.1,0.8600000000000003,4.6,4,0,420,80,0,0.396243104916617,0.16591246506048718,success
1676,2000,8,3,2.0,4.0,0.1,0.8600000000000003,4.799999999999999,4,0,419,81,0,0.3983874168520024,0.1682702843694812,success
1680,2000,8,3,2.0,4.0,0.1,0.8600000000000003,5.599999999999999,4,0,420,80,0,0.3866755127900163,0.15211462742439485,success
1679,2000,8,3,2.0,4.0,0.1,0.8600000000000003,5.399999999999999,4,0,420,80,0,0.3867593862486606,0.15099427430707493,success
1681,2000,8,3,2.0,4.0,0.1,0.8600000000000003,5.799999999999999,4,0,420,80,0,0.38630998109485565,0.1534979601509169,success
1682,2000,8,3,2.0,4.0,0.1,0.8600000000000003,5.999999999999999,4,0,420,80,0,0.387319545957142,0.15341460393525735,success
1683,2000,8,3,2.0,4.0,0.1,0.8600000000000003,6.199999999999999,4,0,420,80,0,0.3850345273611425,0.15049759023053502,success
1684,2000,8,3,2.0,4.0,0.1,0.8600000000000003,6.399999999999999,4,0,420,80,0,0.38599597258689966,0.1525795688649578,success
1685,2000,8,3,2.0,4.0,0.1,0.8600000000000003,6.599999999999999,4,0,420,80,0,0.3858837862092995,0.15235538798553855,success
1687,2000,8,3,2.0,4.0,0.1,0.8600000000000003,6.999999999999998,4,0,420,80,0,0.38583026091535605,0.1535302187818282,success
1686,2000,8,3,2.0,4.0,0.1,0.8600000000000003,6.799999999999999,4,0,420,80,0,0.3852168606987493,0.1512281611606853,success
1689,2000,8,3,2.0,4.0,0.1,0.8600000000000003,7.399999999999999,4,0,420,80,0,0.38415601483188266,0.1502094110556002,success
1690,2000,8,3,2.0,4.0,0.1,0.8600000000000003,7.599999999999999,4,0,420,80,0,0.38471128796352394,0.15118118896943145,success
1688,2000,8,3,2.0,4.0,0.1,0.8600000000000003,7.199999999999998,4,0,420,80,0,0.38477135026742226,0.15153031092223743,success
1692,2000,8,3,2.0,4.0,0.1,0.8600000000000003,7.999999999999998,4,0,420,80,0,0.3842362918551284,0.15106983525434906,success
1691,2000,8,3,2.0,4.0,0.1,0.8600000000000003,7.799999999999999,4,0,420,80,0,0.38414112885479235,0.15091414889935684,success
1694,2000,8,3,2.0,4.0,0.1,0.8600000000000003,8.399999999999999,4,0,420,80,0,0.3835205393877356,0.14992003963042877,success
1693,2000,8,3,2.0,4.0,0.1,0.8600000000000003,8.2,4,0,420,80,0,0.3834918579659398,0.14974065357199448,success
1696,2000,8,3,2.0,4.0,0.1,0.8600000000000003,8.799999999999997,4,0,420,80,0,0.38368074121040735,0.15039197817586736,success
1695,2000,8,3,2.0,4.0,0.1,0.8600000000000003,8.599999999999998,4,0,420,80,0,0.3835730102873355,0.14993304742712332,success
1697,2000,8,3,2.0,4.0,0.1,0.8600000000000003,8.999999999999998,4,0,420,80,0,0.3845208189120774,0.1522960196027823,success
1698,2000,8,3,2.0,4.0,0.1,0.8600000000000003,9.199999999999998,4,0,420,80,0,0.38443869009308307,0.15218881507614554,success
1700,2000,8,3,2.0,4.0,0.1,0.8600000000000003,9.599999999999998,4,0,420,80,0,0.38450033545141266,0.15224934120316927,success
1703,2000,8,3,2.0,4.0,0.1,0.8700000000000003,1.0,4,290,210,0,0,,,success
1699,2000,8,3,2.0,4.0,0.1,0.8600000000000003,9.399999999999999,4,0,420,80,0,0.3844938635330288,0.1520825803393968,success
1704,2000,8,3,2.0,4.0,0.1,0.8700000000000003,1.2,4,217,224,59,0,0.9123617885233416,0.19436457300739235,success
1701,2000,8,3,2.0,4.0,0.1,0.8600000000000003,9.799999999999997,4,0,420,80,0,0.3848059779990248,0.15283335962372976,success
1702,2000,8,3,2.0,4.0,0.1,0.8600000000000003,9.999999999999998,4,0,420,80,0,0.3845055840781104,0.15221325461355076,success
1705,2000,8,3,2.0,4.0,0.1,0.8700000000000003,1.4,4,161,260,79,0,0.8299376008363882,0.24583154438558574,success
1706,2000,8,3,2.0,4.0,0.1,0.8700000000000003,1.5999999999999999,4,131,266,103,0,0.8246652646248871,0.25063169838677707,success
1707,2000,8,3,2.0,4.0,0.1,0.8700000000000003,1.7999999999999998,4,95,294,111,0,0.785398695859116,0.25092871809097417,success
1709,2000,8,3,2.0,4.0,0.1,0.8700000000000003,2.1999999999999997,4,45,337,118,0,0.7166294741623733,0.267449540711435,success
1708,2000,8,3,2.0,4.0,0.1,0.8700000000000003,1.9999999999999998,4,68,313,119,0,0.7516259375218962,0.25567571889574703,success
1710,2000,8,3,2.0,4.0,0.1,0.8700000000000003,2.3999999999999995,4,22,374,104,0,0.6318937559728426,0.2705422778641747,success
1711,2000,8,3,2.0,4.0,0.1,0.8700000000000003,2.5999999999999996,4,10,395,95,0,0.6032940903970841,0.24829999730781147,success
1712,2000,8,3,2.0,4.0,0.1,0.8700000000000003,2.8,4,3,407,90,0,0.5353925614773613,0.23293184644180442,success
1715,2000,8,3,2.0,4.0,0.1,0.8700000000000003,3.3999999999999995,4,1,417,82,0,0.418733181729058,0.1668450462579665,success
1713,2000,8,3,2.0,4.0,0.1,0.8700000000000003,2.9999999999999996,4,0,415,85,0,0.477062198480689,0.19195944955383995,success
1714,2000,8,3,2.0,4.0,0.1,0.8700000000000003,3.1999999999999993,4,1,418,81,0,0.43689837870978554,0.1640639154358003,success
1716,2000,8,3,2.0,4.0,0.1,0.8700000000000003,3.5999999999999996,4,1,417,82,0,0.409673524107699,0.16928129917723747,success
1719,2000,8,3,2.0,4.0,0.1,0.8700000000000003,4.199999999999999,4,0,420,80,0,0.3979309339199248,0.15537682455933127,success
1717,2000,8,3,2.0,4.0,0.1,0.8700000000000003,3.7999999999999994,4,0,418,82,0,0.4087479258522717,0.1581593375017389,success
1718,2000,8,3,2.0,4.0,0.1,0.8700000000000003,3.999999999999999,4,0,420,80,0,0.39476230801216705,0.16273687767548597,success
1721,2000,8,3,2.0,4.0,0.1,0.8700000000000003,4.6,4,0,420,80,0,0.39628332615844475,0.16590806804713248,success
1720,2000,8,3,2.0,4.0,0.1,0.8700000000000003,4.3999999999999995,4,0,419,81,0,0.3965971153484573,0.16234149501054976,success
1722,2000,8,3,2.0,4.0,0.1,0.8700000000000003,4.799999999999999,4,0,418,82,0,0.4057161738740454,0.17943639301300585,success
1723,2000,8,3,2.0,4.0,0.1,0.8700000000000003,4.999999999999999,4,0,420,80,0,0.3927843723051141,0.1556815206814161,success
1724,2000,8,3,2.0,4.0,0.1,0.8700000000000003,5.199999999999999,4,0,420,80,0,0.38715428422898335,0.1519761211175255,success
1725,2000,8,3,2.0,4.0,0.1,0.8700000000000003,5.399999999999999,4,0,420,80,0,0.38665991105591885,0.1507998601546831,success
1726,2000,8,3,2.0,4.0,0.1,0.8700000000000003,5.599999999999999,4,0,420,80,0,0.3871604128522002,0.15284602197828365,success
1727,2000,8,3,2.0,4.0,0.1,0.8700000000000003,5.799999999999999,4,0,420,80,0,0.3865847509656143,0.15360988785765142,success
1728,2000,8,3,2.0,4.0,0.1,0.8700000000000003,5.999999999999999,4,0,420,80,0,0.3876700960669061,0.15384695557923475,success
1729,2000,8,3,2.0,4.0,0.1,0.8700000000000003,6.199999999999999,4,0,420,80,0,0.38525919559514776,0.15059918963095287,success
1730,2000,8,3,2.0,4.0,0.1,0.8700000000000003,6.399999999999999,4,0,420,80,0,0.3861846490673041,0.15276362836577595,success
1731,2000,8,3,2.0,4.0,0.1,0.8700000000000003,6.599999999999999,4,0,420,80,0,0.3858945176643238,0.1523881014328736,success
1732,2000,8,3,2.0,4.0,0.1,0.8700000000000003,6.799999999999999,4,0,420,80,0,0.3853679557233528,0.15144399961637972,success
1734,2000,8,3,2.0,4.0,0.1,0.8700000000000003,7.199999999999998,4,0,420,80,0,0.38465880166631844,0.15135661195117497,success
1733,2000,8,3,2.0,4.0,0.1,0.8700000000000003,6.999999999999998,4,0,420,80,0,0.38590998260067555,0.1536642712750578,success
1735,2000,8,3,2.0,4.0,0.1,0.8700000000000003,7.399999999999999,4,0,420,80,0,0.3843746719966358,0.15048301427219035,success
1736,2000,8,3,2.0,4.0,0.1,0.8700000000000003,7.599999999999999,4,0,420,80,0,0.38467320062504895,0.15107653898187018,success
1737,2000,8,3,2.0,4.0,0.1,0.8700000000000003,7.799999999999999,4,0,420,80,0,0.38421940365112467,0.15098857739092528,success
1738,2000,8,3,2.0,4.0,0.1,0.8700000000000003,7.999999999999998,4,0,420,80,0,0.3843984781572643,0.15121011035798068,success
1739,2000,8,3,2.0,4.0,0.1,0.8700000000000003,8.2,4,0,420,80,0,0.3837043932124036,0.15008954731781377,success
1741,2000,8,3,2.0,4.0,0.1,0.8700000000000003,8.599999999999998,4,0,420,80,0,0.3838090405825185,0.15015388631970533,success
1740,2000,8,3,2.0,4.0,0.1,0.8700000000000003,8.399999999999999,4,0,420,80,0,0.3837363662944564,0.1501801711713716,success
1742,2000,8,3,2.0,4.0,0.1,0.8700000000000003,8.799999999999997,4,0,420,80,0,0.3837376744777552,0.15044686049523648,success
1743,2000,8,3,2.0,4.0,0.1,0.8700000000000003,8.999999999999998,4,0,420,80,0,0.38439197987549695,0.15192435541319543,success
1744,2000,8,3,2.0,4.0,0.1,0.8700000000000003,9.199999999999998,4,0,420,80,0,0.3842944672037139,0.15180238967966983,success
1745,2000,8,3,2.0,4.0,0.1,0.8700000000000003,9.399999999999999,4,0,420,80,0,0.38452676632767885,0.1520614095129618,success
1746,2000,8,3,2.0,4.0,0.1,0.8700000000000003,9.599999999999998,4,0,420,80,0,0.3846435335900184,0.15236216538425046,success
1747,2000,8,3,2.0,4.0,0.1,0.8700000000000003,9.799999999999997,4,0,420,80,0,0.38495674843012895,0.15295327272088266,success
1748,2000,8,3,2.0,4.0,0.1,0.8700000000000003,9.999999999999998,4,0,420,80,0,0.38456609613805715,0.1521768917426525,success
1749,2000,8,3,2.0,4.0,0.1,0.8800000000000003,1.0,4,290,210,0,0,,,success
1750,2000,8,3,2.0,4.0,0.1,0.8800000000000003,1.2,4,217,224,59,0,0.9123617885233416,0.19436457300739235,success
1751,2000,8,3,2.0,4.0,0.1,0.8800000000000003,1.4,4,161,260,79,0,0.8299376008363882,0.24583154438558574,success
1752,2000,8,3,2.0,4.0,0.1,0.8800000000000003,1.5999999999999999,4,131,266,103,0,0.8246652646248871,0.25063169838677707,success
1753,2000,8,3,2.0,4.0,0.1,0.8800000000000003,1.7999999999999998,4,95,295,110,0,0.7809073660334672,0.25043178692743684,success
1754,2000,8,3,2.0,4.0,0.1,0.8800000000000003,1.9999999999999998,4,68,313,119,0,0.7516259375218962,0.25567571889574703,success
1755,2000,8,3,2.0,4.0,0.1,0.8800000000000003,2.1999999999999997,4,45,337,118,0,0.7166294741623733,0.267449540711435,success
1756,2000,8,3,2.0,4.0,0.1,0.8800000000000003,2.3999999999999995,4,22,374,104,0,0.6318937559728426,0.2705422778641747,success
1757,2000,8,3,2.0,4.0,0.1,0.8800000000000003,2.5999999999999996,4,10,395,95,0,0.6032940903970841,0.24829999730781147,success
1758,2000,8,3,2.0,4.0,0.1,0.8800000000000003,2.8,4,3,407,90,0,0.5352983798161743,0.2327685325266054,success
1760,2000,8,3,2.0,4.0,0.1,0.8800000000000003,3.1999999999999993,4,1,418,81,0,0.4367545860505588,0.16389800339042565,success
1761,2000,8,3,2.0,4.0,0.1,0.8800000000000003,3.3999999999999995,4,1,417,82,0,0.41874287660032067,0.1668688957093313,success
1759,2000,8,3,2.0,4.0,0.1,0.8800000000000003,2.9999999999999996,4,0,415,85,0,0.47651805001322967,0.19290580160849816,success
1762,2000,8,3,2.0,4.0,0.1,0.8800000000000003,3.5999999999999996,4,1,417,82,0,0.40967281088050767,0.1689000861761417,success
1764,2000,8,3,2.0,4.0,0.1,0.8800000000000003,3.999999999999999,4,0,420,80,0,0.3949909782126065,0.16278016416188368,success
1765,2000,8,3,2.0,4.0,0.1,0.8800000000000003,4.199999999999999,4,0,418,82,0,0.41223139484965327,0.17824010701797316,success
1763,2000,8,3,2.0,4.0,0.1,0.8800000000000003,3.7999999999999994,4,0,418,82,0,0.4089806230524334,0.15776997971298673,success
1767,2000,8,3,2.0,4.0,0.1,0.8800000000000003,4.6,4,0,420,80,0,0.3962430494727362,0.16540720598837338,success
1766,2000,8,3,2.0,4.0,0.1,0.8800000000000003,4.3999999999999995,4,0,420,80,0,0.3896589784970244,0.15011862506249773,success
1770,2000,8,3,2.0,4.0,0.1,0.8800000000000003,5.199999999999999,4,0,420,80,0,0.38773281037888424,0.1526700244694159,success
1769,2000,8,3,2.0,4.0,0.1,0.8800000000000003,4.999999999999999,4,0,420,80,0,0.39289944608028116,0.15561105970399108,success
1768,2000,8,3,2.0,4.0,0.1,0.8800000000000003,4.799999999999999,4,0,418,82,0,0.4058381875999771,0.1794079152641549,success
1771,2000,8,3,2.0,4.0,0.1,0.8800000000000003,5.399999999999999,4,0,420,80,0,0.3874161265042332,0.15170481475930367,success
1772,2000,8,3,2.0,4.0,0.1,0.8800000000000003,5.599999999999999,4,0,420,80,0,0.3874014478034704,0.1528643059387771,success
1774,2000,8,3,2.0,4.0,0.1,0.8800000000000003,5.999999999999999,4,0,420,80,0,0.3879317276309216,0.15361854489636678,success
1773,2000,8,3,2.0,4.0,0.1,0.8800000000000003,5.799999999999999,4,0,420,80,0,0.38684064338086344,0.1535776877100319,success
1775,2000,8,3,2.0,4.0,0.1,0.8800000000000003,6.199999999999999,4,0,420,80,0,0.38542761678117204,0.15017544026743163,success
1776,2000,8,3,2.0,4.0,0.1,0.8800000000000003,6.399999999999999,4,0,420,80,0,0.38655722557018884,0.1527997230194079,success
1777,2000,8,3,2.0,4.0,0.1,0.8800000000000003,6.599999999999999,4,0,420,80,0,0.38644168491855213,0.15275598426135056,success
1778,2000,8,3,2.0,4.0,0.1,0.8800000000000003,6.799999999999999,4,0,420,80,0,0.38568271937178855,0.15142479133508202,success
1779,2000,8,3,2.0,4.0,0.1,0.8800000000000003,6.999999999999998,4,0,420,80,0,0.38611478492641416,0.1535712841572671,success
1780,2000,8,3,2.0,4.0,0.1,0.8800000000000003,7.199999999999998,4,0,420,80,0,0.38515172705066225,0.15191898578060647,success
1781,2000,8,3,2.0,4.0,0.1,0.8800000000000003,7.399999999999999,4,0,420,80,0,0.3844714332659104,0.15037715099655288,success
1782,2000,8,3,2.0,4.0,0.1,0.8800000000000003,7.599999999999999,4,0,420,80,0,0.3854208682473691,0.15199940010334745,success
1783,2000,8,3,2.0,4.0,0.1,0.8800000000000003,7.799999999999999,4,0,420,80,0,0.3844084015834909,0.1508793220491832,success
1784,2000,8,3,2.0,4.0,0.1,0.8800000000000003,7.999999999999998,4,0,420,80,0,0.384546454117182,0.1509945184722105,success
1785,2000,8,3,2.0,4.0,0.1,0.8800000000000003,8.2,4,0,420,80,0,0.3840176428651368,0.1501739255612506,success
1786,2000,8,3,2.0,4.0,0.1,0.8800000000000003,8.399999999999999,4,0,420,80,0,0.3840387293370855,0.15017213253841236,success
1787,2000,8,3,2.0,4.0,0.1,0.8800000000000003,8.599999999999998,4,0,420,80,0,0.3841479020016235,0.15024079870890056,success
1788,2000,8,3,2.0,4.0,0.1,0.8800000000000003,8.799999999999997,4,0,420,80,0,0.38425817002171714,0.15082851871082573,success
1789,2000,8,3,2.0,4.0,0.1,0.8800000000000003,8.999999999999998,4,0,420,80,0,0.38509744778283095,0.15270509404988708,success
1790,2000,8,3,2.0,4.0,0.1,0.8800000000000003,9.199999999999998,4,0,420,80,0,0.3848610285320307,0.15227142650727898,success
1791,2000,8,3,2.0,4.0,0.1,0.8800000000000003,9.399999999999999,4,0,420,80,0,0.3851644452794557,0.152742372248216,success
1792,2000,8,3,2.0,4.0,0.1,0.8800000000000003,9.599999999999998,4,0,420,80,0,0.38519529413517034,0.15281897108509074,success
1793,2000,8,3,2.0,4.0,0.1,0.8800000000000003,9.799999999999997,4,0,420,80,0,0.38532248994477497,0.15305825471136947,success
1795,2000,8,3,2.0,4.0,0.1,0.8900000000000003,1.0,4,290,210,0,0,,,success
1794,2000,8,3,2.0,4.0,0.1,0.8800000000000003,9.999999999999998,4,0,420,80,0,0.38493973346901794,0.15232472258782578,success
1796,2000,8,3,2.0,4.0,0.1,0.8900000000000003,1.2,4,217,224,59,0,0.9123617885233416,0.19436457300739235,success
1797,2000,8,3,2.0,4.0,0.1,0.8900000000000003,1.4,4,161,260,79,0,0.8299376008363882,0.24583154438558574,success
1798,2000,8,3,2.0,4.0,0.1,0.8900000000000003,1.5999999999999999,4,131,266,103,0,0.8246652646248871,0.25063169838677707,success
1799,2000,8,3,2.0,4.0,0.1,0.8900000000000003,1.7999999999999998,4,95,295,110,0,0.7809073660334672,0.25043178692743684,success
1800,2000,8,3,2.0,4.0,0.1,0.8900000000000003,1.9999999999999998,4,68,313,119,0,0.7516259375218962,0.25567571889574703,success
1801,2000,8,3,2.0,4.0,0.1,0.8900000000000003,2.1999999999999997,4,45,336,119,0,0.7190107390853785,0.2675777587497671,success
1802,2000,8,3,2.0,4.0,0.1,0.8900000000000003,2.3999999999999995,4,22,373,105,0,0.6353995297254823,0.27162444897485133,success
1803,2000,8,3,2.0,4.0,0.1,0.8900000000000003,2.5999999999999996,4,10,395,95,0,0.6032940903970841,0.24829999730781147,success
1804,2000,8,3,2.0,4.0,0.1,0.8900000000000003,2.8,4,3,407,90,0,0.5368284012685555,0.23285717392059213,success
1805,2000,8,3,2.0,4.0,0.1,0.8900000000000003,2.9999999999999996,4,0,414,86,0,0.47843568179027435,0.192366661920279,success
1806,2000,8,3,2.0,4.0,0.1,0.8900000000000003,3.1999999999999993,4,1,418,81,0,0.43899984665523095,0.16498772059464592,success
1807,2000,8,3,2.0,4.0,0.1,0.8900000000000003,3.3999999999999995,4,1,417,82,0,0.42080323376859463,0.16627353675539017,success
1808,2000,8,3,2.0,4.0,0.1,0.8900000000000003,3.5999999999999996,4,1,417,82,0,0.4110827056810097,0.1690433089857946,success
1810,2000,8,3,2.0,4.0,0.1,0.8900000000000003,3.999999999999999,4,0,420,80,0,0.39672188608944897,0.16413392249231026,success
1811,2000,8,3,2.0,4.0,0.1,0.8900000000000003,4.199999999999999,4,0,420,80,0,0.3991566824763075,0.15589982632086527,success
1812,2000,8,3,2.0,4.0,0.1,0.8900000000000003,4.3999999999999995,4,0,418,82,0,0.4053087861906264,0.1738943940362127,success
1809,2000,8,3,2.0,4.0,0.1,0.8900000000000003,3.7999999999999994,4,0,418,82,0,0.40898666222991614,0.15763916143357357,success
1813,2000,8,3,2.0,4.0,0.1,0.8900000000000003,4.6,4,0,420,80,0,0.39683422456907297,0.16549149398286025,success
1814,2000,8,3,2.0,4.0,0.1,0.8900000000000003,4.799999999999999,4,0,418,82,0,0.40631893511055683,0.17946803391403857,success
1815,2000,8,3,2.0,4.0,0.1,0.8900000000000003,4.999999999999999,4,0,420,80,0,0.3926650468386388,0.15455506495799948,success
1816,2000,8,3,2.0,4.0,0.1,0.8900000000000003,5.199999999999999,4,0,420,80,0,0.3876426649274465,0.15159141753815436,success
1817,2000,8,3,2.0,4.0,0.1,0.8900000000000003,5.399999999999999,4,0,420,80,0,0.38831964248941314,0.1524314517465224,success
1818,2000,8,3,2.0,4.0,0.1,0.8900000000000003,5.599999999999999,4,0,420,80,0,0.3879994293763815,0.15301061901571467,success
1819,2000,8,3,2.0,4.0,0.1,0.8900000000000003,5.799999999999999,4,0,420,80,0,0.38765670808278313,0.15435274967015414,success
1820,2000,8,3,2.0,4.0,0.1,0.8900000000000003,5.999999999999999,4,0,420,80,0,0.38875584070747865,0.15409671905850275,success
1821,2000,8,3,2.0,4.0,0.1,0.8900000000000003,6.199999999999999,4,0,420,80,0,0.3862789321181063,0.15083888674354018,success
1822,2000,8,3,2.0,4.0,0.1,0.8900000000000003,6.399999999999999,4,0,420,80,0,0.3869948151093752,0.15274719931958028,success
1823,2000,8,3,2.0,4.0,0.1,0.8900000000000003,6.599999999999999,4,0,420,80,0,0.387470615002323,0.15337910080977835,success
1824,2000,8,3,2.0,4.0,0.1,0.8900000000000003,6.799999999999999,4,0,420,80,0,0.38658763193512397,0.152019463157602,success
1825,2000,8,3,2.0,4.0,0.1,0.8900000000000003,6.999999999999998,4,0,420,80,0,0.3869433901726998,0.15362311086526564,success
1826,2000,8,3,2.0,4.0,0.1,0.8900000000000003,7.199999999999998,4,0,420,80,0,0.38612150243868426,0.1523659323259611,success
1827,2000,8,3,2.0,4.0,0.1,0.8900000000000003,7.399999999999999,4,0,420,80,0,0.38564746374393266,0.15138981683153965,success
1828,2000,8,3,2.0,4.0,0.1,0.8900000000000003,7.599999999999999,4,0,420,80,0,0.3867176678492392,0.1531611672334586,success
1829,2000,8,3,2.0,4.0,0.1,0.8900000000000003,7.799999999999999,4,0,420,80,0,0.38637783835791933,0.1531616051968903,success
1830,2000,8,3,2.0,4.0,0.1,0.8900000000000003,7.999999999999998,4,0,420,80,0,0.3861554238631928,0.1527274915541144,success
1831,2000,8,3,2.0,4.0,0.1,0.8900000000000003,8.2,4,0,420,80,0,0.38563489921808347,0.15185944890106104,success
1832,2000,8,3,2.0,4.0,0.1,0.8900000000000003,8.399999999999999,4,0,420,80,0,0.38591397440112685,0.15236915674021448,success
1833,2000,8,3,2.0,4.0,0.1,0.8900000000000003,8.599999999999998,4,0,420,80,0,0.3855905396319168,0.15176613119967847,success
1834,2000,8,3,2.0,4.0,0.1,0.8900000000000003,8.799999999999997,4,0,420,80,0,0.3854827040676181,0.15188427940960839,success
1835,2000,8,3,2.0,4.0,0.1,0.8900000000000003,8.999999999999998,4,0,420,80,0,0.3867624493411415,0.15487793776519715,success
1836,2000,8,3,2.0,4.0,0.1,0.8900000000000003,9.199999999999998,4,0,420,80,0,0.3866016666361798,0.15453023153272505,success
1837,2000,8,3,2.0,4.0,0.1,0.8900000000000003,9.399999999999999,4,0,420,80,0,0.3867876318831216,0.15480084831194496,success
1841,2000,8,3,2.0,4.0,0.1,0.9000000000000004,1.0,4,290,210,0,0,,,success
1839,2000,8,3,2.0,4.0,0.1,0.8900000000000003,9.799999999999997,4,0,420,80,0,0.38653632749374134,0.15408992008164293,success
1838,2000,8,3,2.0,4.0,0.1,0.8900000000000003,9.599999999999998,4,0,420,80,0,0.38671502576147376,0.1545533009501481,success
1842,2000,8,3,2.0,4.0,0.1,0.9000000000000004,1.2,4,217,224,59,0,0.9123617885233416,0.19436457300739235,success
1843,2000,8,3,2.0,4.0,0.1,0.9000000000000004,1.4,4,161,260,79,0,0.8299376008363882,0.24583154438558574,success
1844,2000,8,3,2.0,4.0,0.1,0.9000000000000004,1.5999999999999999,4,131,266,103,0,0.8246652646248871,0.25063169838677707,success
1840,2000,8,3,2.0,4.0,0.1,0.8900000000000003,9.999999999999998,4,0,420,80,0,0.3861418962642554,0.1533159878113168,success
1845,2000,8,3,2.0,4.0,0.1,0.9000000000000004,1.7999999999999998,4,95,295,110,0,0.7809073660334672,0.25043178692743684,success
1846,2000,8,3,2.0,4.0,0.1,0.9000000000000004,1.9999999999999998,4,69,313,118,0,0.752758341625636,0.2564661560531353,success
1847,2000,8,3,2.0,4.0,0.1,0.9000000000000004,2.1999999999999997,4,45,335,120,0,0.7182886181582708,0.26656850779841884,success
1848,2000,8,3,2.0,4.0,0.1,0.9000000000000004,2.3999999999999995,4,22,371,107,0,0.633903654526878,0.26937742986044416,success
1849,2000,8,3,2.0,4.0,0.1,0.9000000000000004,2.5999999999999996,4,10,393,97,0,0.600727176864676,0.24636180272449348,success
1850,2000,8,3,2.0,4.0,0.1,0.9000000000000004,2.8,4,3,405,92,0,0.5337761010588996,0.2312661820451948,success
1851,2000,8,3,2.0,4.0,0.1,0.9000000000000004,2.9999999999999996,4,0,413,87,0,0.4780768889449395,0.1927487390960455,success
1852,2000,8,3,2.0,4.0,0.1,0.9000000000000004,3.1999999999999993,4,1,417,82,0,0.4379872671198324,0.1673952996183099,success
1853,2000,8,3,2.0,4.0,0.1,0.9000000000000004,3.3999999999999995,4,1,416,83,0,0.420531128074235,0.16803751338455628,success
1854,2000,8,3,2.0,4.0,0.1,0.9000000000000004,3.5999999999999996,4,1,416,83,0,0.41095430270692296,0.17037398380312485,success
1861,2000,8,3,2.0,4.0,0.1,0.9000000000000004,4.999999999999999,4,0,419,81,0,0.3920082767103558,0.15513074417736814,success
1856,2000,8,3,2.0,4.0,0.1,0.9000000000000004,3.999999999999999,4,0,418,82,0,0.3974035791163945,0.1645323122742143,success
1855,2000,8,3,2.0,4.0,0.1,0.9000000000000004,3.7999999999999994,4,0,417,83,0,0.4089411207100559,0.15783530114278393,success
1860,2000,8,3,2.0,4.0,0.1,0.9000000000000004,4.799999999999999,4,0,418,82,0,0.39933281739860643,0.17122857793276264,success
1862,2000,8,3,2.0,4.0,0.1,0.9000000000000004,5.199999999999999,4,0,419,81,0,0.38757344479439326,0.15298011651030227,success
1863,2000,8,3,2.0,4.0,0.1,0.9000000000000004,5.399999999999999,4,0,419,81,0,0.38834628165069107,0.1540393042137321,success
1858,2000,8,3,2.0,4.0,0.1,0.9000000000000004,4.3999999999999995,4,0,419,81,0,0.39125847781496703,0.1523651461258711,success
1857,2000,8,3,2.0,4.0,0.1,0.9000000000000004,4.199999999999999,4,0,419,81,0,0.3989451616620993,0.15725957784088407,success
1859,2000,8,3,2.0,4.0,0.1,0.9000000000000004,4.6,4,0,418,82,0,0.4034275385066926,0.1781418199326862,success
1864,2000,8,3,2.0,4.0,0.1,0.9000000000000004,5.599999999999999,4,0,419,81,0,0.387398851507236,0.15383319461033204,success
1865,2000,8,3,2.0,4.0,0.1,0.9000000000000004,5.799999999999999,4,0,419,81,0,0.3875592039483548,0.1559686688170929,success
1866,2000,8,3,2.0,4.0,0.1,0.9000000000000004,5.999999999999999,4,0,419,81,0,0.3889299417025567,0.1563813129492765,success
1867,2000,8,3,2.0,4.0,0.1,0.9000000000000004,6.199999999999999,4,0,419,81,0,0.38607347105985285,0.15218355212626428,success
1868,2000,8,3,2.0,4.0,0.1,0.9000000000000004,6.399999999999999,4,0,419,81,0,0.38705548812580653,0.1545236031512696,success
1869,2000,8,3,2.0,4.0,0.1,0.9000000000000004,6.599999999999999,4,0,419,81,0,0.38732198898917436,0.15497252791261867,success
1870,2000,8,3,2.0,4.0,0.1,0.9000000000000004,6.799999999999999,4,0,419,81,0,0.38646245128080675,0.1535836349621699,success
1871,2000,8,3,2.0,4.0,0.1,0.9000000000000004,6.999999999999998,4,0,419,81,0,0.38736750203795134,0.15638433823410028,success
1873,2000,8,3,2.0,4.0,0.1,0.9000000000000004,7.399999999999999,4,0,419,81,0,0.385639974557204,0.15312323882618217,success
1874,2000,8,3,2.0,4.0,0.1,0.9000000000000004,7.599999999999999,4,0,419,81,0,0.3861748794528734,0.15400466416282776,success
1875,2000,8,3,2.0,4.0,0.1,0.9000000000000004,7.799999999999999,4,0,419,81,0,0.38599544946913983,0.15430349485511258,success
1872,2000,8,3,2.0,4.0,0.1,0.9000000000000004,7.199999999999998,4,0,419,81,0,0.38589790932612344,0.15373947360643384,success
1876,2000,8,3,2.0,4.0,0.1,0.9000000000000004,7.999999999999998,4,0,419,81,0,0.38602323057337545,0.1541077212305678,success
1877,2000,8,3,2.0,4.0,0.1,0.9000000000000004,8.2,4,0,419,81,0,0.3855927133581556,0.15344183764427044,success
1878,2000,8,3,2.0,4.0,0.1,0.9000000000000004,8.399999999999999,4,0,419,81,0,0.3854060291539102,0.15322245680878938,success
1879,2000,8,3,2.0,4.0,0.1,0.9000000000000004,8.599999999999998,4,0,419,81,0,0.38536094248047315,0.1531507130730286,success
1880,2000,8,3,2.0,4.0,0.1,0.9000000000000004,8.799999999999997,4,0,419,81,0,0.38526927155704804,0.1530773970614209,success
1881,2000,8,3,2.0,4.0,0.1,0.9000000000000004,8.999999999999998,4,0,419,81,0,0.3863721183361877,0.15582441798998536,success
1882,2000,8,3,2.0,4.0,0.1,0.9000000000000004,9.199999999999998,4,0,419,81,0,0.386349912378116,0.15573364924826053,success
1883,2000,8,3,2.0,4.0,0.1,0.9000000000000004,9.399999999999999,4,0,419,81,0,0.38665662248424465,0.15611940532835225,success
1884,2000,8,3,2.0,4.0,0.1,0.9000000000000004,9.599999999999998,4,0,419,81,0,0.3863272873432407,0.1554362062546961,success
1885,2000,8,3,2.0,4.0,0.1,0.9000000000000004,9.799999999999997,4,0,419,81,0,0.38642862899592567,0.1555838133085602,success
1887,2000,8,3,2.0,4.0,0.1,0.9100000000000004,1.0,4,291,209,0,0,,,success
1888,2000,8,3,2.0,4.0,0.1,0.9100000000000004,1.2,4,217,224,59,0,0.9123617885233416,0.19436457300739235,success
1889,2000,8,3,2.0,4.0,0.1,0.9100000000000004,1.4,4,161,260,79,0,0.8299376008363882,0.24583154438558574,success
1890,2000,8,3,2.0,4.0,0.1,0.9100000000000004,1.5999999999999999,4,131,265,104,0,0.8263511755419556,0.2500039609546619,success
1891,2000,8,3,2.0,4.0,0.1,0.9100000000000004,1.7999999999999998,4,95,294,111,0,0.7828811735466793,0.25015671170236314,success
1892,2000,8,3,2.0,4.0,0.1,0.9100000000000004,1.9999999999999998,4,69,313,118,0,0.7534159363176516,0.2551674687439634,success
1893,2000,8,3,2.0,4.0,0.1,0.9100000000000004,2.1999999999999997,4,45,335,120,0,0.718746473663917,0.2657648995055826,success
1886,2000,8,3,2.0,4.0,0.1,0.9000000000000004,9.999999999999998,4,0,419,81,0,0.3860948109400313,0.15489370254917384,success
1894,2000,8,3,2.0,4.0,0.1,0.9100000000000004,2.3999999999999995,4,23,371,106,0,0.6364466630135618,0.2689156956390254,success
1895,2000,8,3,2.0,4.0,0.1,0.9100000000000004,2.5999999999999996,4,11,393,96,0,0.6035922448089504,0.2459240792679887,success
1896,2000,8,3,2.0,4.0,0.1,0.9100000000000004,2.8,4,3,405,92,0,0.5380715367389453,0.229881638264542,success
1897,2000,8,3,2.0,4.0,0.1,0.9100000000000004,2.9999999999999996,4,0,413,87,0,0.48126466563629366,0.19291248902319255,success
1898,2000,8,3,2.0,4.0,0.1,0.9100000000000004,3.1999999999999993,4,1,417,82,0,0.44147408175772745,0.1692734969857394,success
1899,2000,8,3,2.0,4.0,0.1,0.9100000000000004,3.3999999999999995,4,1,416,83,0,0.4230532954320341,0.16866657615262554,success
1900,2000,8,3,2.0,4.0,0.1,0.9100000000000004,3.5999999999999996,4,1,416,83,0,0.41449867970575005,0.17281126109188719,success
1906,2000,8,3,2.0,4.0,0.1,0.9100000000000004,4.799999999999999,4,0,417,83,0,0.40845771054134994,0.18233261487356844,success
1905,2000,8,3,2.0,4.0,0.1,0.9100000000000004,4.6,4,0,419,81,0,0.3983365121792609,0.16735789796035075,success
1903,2000,8,3,2.0,4.0,0.1,0.9100000000000004,4.199999999999999,4,0,419,81,0,0.40039701096840274,0.1569933395716278,success
1908,2000,8,3,2.0,4.0,0.1,0.9100000000000004,5.199999999999999,4,0,419,81,0,0.38970905378130355,0.1535238824983787,success
1902,2000,8,3,2.0,4.0,0.1,0.9100000000000004,3.999999999999999,4,0,417,83,0,0.40626069780504775,0.17561922947828684,success
1904,2000,8,3,2.0,4.0,0.1,0.9100000000000004,4.3999999999999995,4,0,419,81,0,0.3940473419640802,0.15340162131456073,success
1907,2000,8,3,2.0,4.0,0.1,0.9100000000000004,4.999999999999999,4,0,419,81,0,0.39545940990200457,0.15827957085363084,success
1901,2000,8,3,2.0,4.0,0.1,0.9100000000000004,3.7999999999999994,4,0,417,83,0,0.4123413683926984,0.16007402730104028,success
1909,2000,8,3,2.0,4.0,0.1,0.9100000000000004,5.399999999999999,4,0,419,81,0,0.38971809300105814,0.15393861257542726,success
1910,2000,8,3,2.0,4.0,0.1,0.9100000000000004,5.599999999999999,4,0,419,81,0,0.3888395215699645,0.15367828809758555,success
1911,2000,8,3,2.0,4.0,0.1,0.9100000000000004,5.799999999999999,4,0,419,81,0,0.38920343848746447,0.15620974607882424,success
1912,2000,8,3,2.0,4.0,0.1,0.9100000000000004,5.999999999999999,4,0,419,81,0,0.39007225657097067,0.15593923994083134,success
1913,2000,8,3,2.0,4.0,0.1,0.9100000000000004,6.199999999999999,4,0,419,81,0,0.38803753675980013,0.1529200986670586,success
1914,2000,8,3,2.0,4.0,0.1,0.9100000000000004,6.399999999999999,4,0,419,81,0,0.38875769171935987,0.15489510057425396,success
1915,2000,8,3,2.0,4.0,0.1,0.9100000000000004,6.599999999999999,4,0,419,81,0,0.38920642598965544,0.15549213139342355,success
1916,2000,8,3,2.0,4.0,0.1,0.9100000000000004,6.799999999999999,4,0,419,81,0,0.3885656979527642,0.15419815081442065,success
1917,2000,8,3,2.0,4.0,0.1,0.9100000000000004,6.999999999999998,4,0,419,81,0,0.38978841472110626,0.15751121988355749,success
1918,2000,8,3,2.0,4.0,0.1,0.9100000000000004,7.199999999999998,4,0,419,81,0,0.3875623498439942,0.15342995905764084,success
1919,2000,8,3,2.0,4.0,0.1,0.9100000000000004,7.399999999999999,4,0,419,81,0,0.38750951893431,0.1531994804029749,success
1921,2000,8,3,2.0,4.0,0.1,0.9100000000000004,7.799999999999999,4,0,419,81,0,0.3879690064407723,0.1545806662589087,success
1920,2000,8,3,2.0,4.0,0.1,0.9100000000000004,7.599999999999999,4,0,419,81,0,0.38796020484577876,0.1539505792854208,success
1922,2000,8,3,2.0,4.0,0.1,0.9100000000000004,7.999999999999998,4,0,419,81,0,0.38765298604329107,0.1540067440980128,success
1923,2000,8,3,2.0,4.0,0.1,0.9100000000000004,8.2,4,0,419,81,0,0.38733328770401165,0.1534545842873473,success
1924,2000,8,3,2.0,4.0,0.1,0.9100000000000004,8.399999999999999,4,0,419,81,0,0.38727730688356615,0.15331705276985602,success
1925,2000,8,3,2.0,4.0,0.1,0.9100000000000004,8.599999999999998,4,0,419,81,0,0.38736135147602146,0.1535060244238652,success
1926,2000,8,3,2.0,4.0,0.1,0.9100000000000004,8.799999999999997,4,0,419,81,0,0.38720518807056437,0.15347378434044037,success
1927,2000,8,3,2.0,4.0,0.1,0.9100000000000004,8.999999999999998,4,0,419,81,0,0.3881622955468261,0.15585269840500918,success
1928,2000,8,3,2.0,4.0,0.1,0.9100000000000004,9.199999999999998,4,0,419,81,0,0.38814979159890095,0.1557361571035175,success
1929,2000,8,3,2.0,4.0,0.1,0.9100000000000004,9.399999999999999,4,0,419,81,0,0.38839893949853044,0.15609028923708285,success
1930,2000,8,3,2.0,4.0,0.1,0.9100000000000004,9.599999999999998,4,0,419,81,0,0.38805905637481874,0.15545538373486828,success
1931,2000,8,3,2.0,4.0,0.1,0.9100000000000004,9.799999999999997,4,0,419,81,0,0.38784793656205635,0.1549029786176047,success
1933,2000,8,3,2.0,4.0,0.1,0.9200000000000004,1.0,4,291,209,0,0,,,success
1934,2000,8,3,2.0,4.0,0.1,0.9200000000000004,1.2,4,217,224,59,0,0.9123617885233416,0.19436457300739235,success
1935,2000,8,3,2.0,4.0,0.1,0.9200000000000004,1.4,4,161,260,79,0,0.8299376008363882,0.24583154438558574,success
1936,2000,8,3,2.0,4.0,0.1,0.9200000000000004,1.5999999999999999,4,131,265,104,0,0.8263511755419556,0.2500039609546619,success
1937,2000,8,3,2.0,4.0,0.1,0.9200000000000004,1.7999999999999998,4,95,293,112,0,0.7814090403300177,0.24951419789685253,success
1932,2000,8,3,2.0,4.0,0.1,0.9100000000000004,9.999999999999998,4,0,419,81,0,0.38807236447750787,0.15511693889447692,success
1938,2000,8,3,2.0,4.0,0.1,0.9200000000000004,1.9999999999999998,4,69,313,118,0,0.7534159363176516,0.2551674687439634,success
1939,2000,8,3,2.0,4.0,0.1,0.9200000000000004,2.1999999999999997,4,45,335,120,0,0.718746473663917,0.2657648995055826,success
1940,2000,8,3,2.0,4.0,0.1,0.9200000000000004,2.3999999999999995,4,23,371,106,0,0.6364466630135618,0.2689156956390254,success
1941,2000,8,3,2.0,4.0,0.1,0.9200000000000004,2.5999999999999996,4,11,393,96,0,0.6035922448089504,0.2459240792679887,success
1942,2000,8,3,2.0,4.0,0.1,0.9200000000000004,2.8,4,3,405,92,0,0.5380715367389453,0.229881638264542,success
1943,2000,8,3,2.0,4.0,0.1,0.9200000000000004,2.9999999999999996,4,0,413,87,0,0.48126873501228923,0.1929192099036943,success
1944,2000,8,3,2.0,4.0,0.1,0.9200000000000004,3.1999999999999993,4,1,417,82,0,0.4414808059770259,0.16928063582624772,success
1945,2000,8,3,2.0,4.0,0.1,0.9200000000000004,3.3999999999999995,4,1,416,83,0,0.4231819156257476,0.16882647179791604,success
1946,2000,8,3,2.0,4.0,0.1,0.9200000000000004,3.5999999999999996,4,1,416,83,0,0.4145907764238413,0.17295054786617753,success
1947,2000,8,3,2.0,4.0,0.1,0.9200000000000004,3.7999999999999994,4,0,417,83,0,0.4127214084329826,0.16075605611044252,success
1948,2000,8,3,2.0,4.0,0.1,0.9200000000000004,3.999999999999999,4,0,417,83,0,0.4069602964093136,0.17694107840442702,success
1949,2000,8,3,2.0,4.0,0.1,0.9200000000000004,4.199999999999999,4,0,419,81,0,0.40058069622480275,0.15721807347977,success
1955,2000,8,3,2.0,4.0,0.1,0.9200000000000004,5.399999999999999,4,0,419,81,0,0.38971307261817745,0.15382856321512692,success
1953,2000,8,3,2.0,4.0,0.1,0.9200000000000004,4.999999999999999,4,0,419,81,0,0.3954797338140826,0.15826103334044328,success
1950,2000,8,3,2.0,4.0,0.1,0.9200000000000004,4.3999999999999995,4,0,419,81,0,0.3941891918592958,0.15352014534749897,success
1954,2000,8,3,2.0,4.0,0.1,0.9200000000000004,5.199999999999999,4,0,419,81,0,0.38974692468377514,0.15361530680771293,success
1957,2000,8,3,2.0,4.0,0.1,0.9200000000000004,5.799999999999999,4,0,419,81,0,0.38969793363077215,0.1569516038466994,success
1952,2000,8,3,2.0,4.0,0.1,0.9200000000000004,4.799999999999999,4,0,418,82,0,0.4029713431147314,0.17523366565136958,success
1956,2000,8,3,2.0,4.0,0.1,0.9200000000000004,5.599999999999999,4,0,419,81,0,0.3886986842803752,0.15348297803780458,success
1951,2000,8,3,2.0,4.0,0.1,0.9200000000000004,4.6,4,0,420,80,0,0.3917832260400286,0.1563474567312273,success
1958,2000,8,3,2.0,4.0,0.1,0.9200000000000004,5.999999999999999,4,0,419,81,0,0.38939480435123963,0.15473373616546107,success
1959,2000,8,3,2.0,4.0,0.1,0.9200000000000004,6.199999999999999,4,0,419,81,0,0.38761118124740024,0.1521371011848912,success
1960,2000,8,3,2.0,4.0,0.1,0.9200000000000004,6.399999999999999,4,0,419,81,0,0.3884687440648462,0.15427972554044078,success
1961,2000,8,3,2.0,4.0,0.1,0.9200000000000004,6.599999999999999,4,0,419,81,0,0.38974367890402994,0.15622949701073421,success
1962,2000,8,3,2.0,4.0,0.1,0.9200000000000004,6.799999999999999,4,0,419,81,0,0.3882481150578734,0.15354933904946602,success
1963,2000,8,3,2.0,4.0,0.1,0.9200000000000004,6.999999999999998,4,0,419,81,0,0.38963218421961954,0.15666135836745537,success
1964,2000,8,3,2.0,4.0,0.1,0.9200000000000004,7.199999999999998,4,0,419,81,0,0.3873723401909258,0.15282899130143585,success
1965,2000,8,3,2.0,4.0,0.1,0.9200000000000004,7.399999999999999,4,0,419,81,0,0.3872388250482074,0.1524556614698777,success
1966,2000,8,3,2.0,4.0,0.1,0.9200000000000004,7.599999999999999,4,0,419,81,0,0.38790026327850824,0.1536270352739594,success
1967,2000,8,3,2.0,4.0,0.1,0.9200000000000004,7.799999999999999,4,0,419,81,0,0.3883491914547932,0.1552682792822005,success
1968,2000,8,3,2.0,4.0,0.1,0.9200000000000004,7.999999999999998,4,0,419,81,0,0.38773719720726446,0.1537259066191953,success
1969,2000,8,3,2.0,4.0,0.1,0.9200000000000004,8.2,4,0,419,81,0,0.387423765685982,0.15315343325286324,success
1970,2000,8,3,2.0,4.0,0.1,0.9200000000000004,8.399999999999999,4,0,419,81,0,0.38743321808628467,0.15317310010243068,success
1971,2000,8,3,2.0,4.0,0.1,0.9200000000000004,8.599999999999998,4,0,419,81,0,0.3875978686073168,0.15359803557330984,success
1972,2000,8,3,2.0,4.0,0.1,0.9200000000000004,8.799999999999997,4,0,419,81,0,0.38716851545729547,0.15306104734044285,success
1973,2000,8,3,2.0,4.0,0.1,0.9200000000000004,8.999999999999998,4,0,419,81,0,0.38773394602142636,0.15456031471448267,success
1974,2000,8,3,2.0,4.0,0.1,0.9200000000000004,9.199999999999998,4,0,419,81,0,0.3881011311473896,0.15522804699708265,success
1975,2000,8,3,2.0,4.0,0.1,0.9200000000000004,9.399999999999999,4,0,419,81,0,0.38835387712626324,0.1555407964984733,success
1976,2000,8,3,2.0,4.0,0.1,0.9200000000000004,9.599999999999998,4,0,419,81,0,0.3880625101400186,0.15485650193050543,success
1977,2000,8,3,2.0,4.0,0.1,0.9200000000000004,9.799999999999997,4,0,419,81,0,0.3881825732144557,0.15505158315300288,success
1979,2000,8,3,2.0,4.0,0.1,0.9300000000000004,1.0,4,291,209,0,0,,,success
1978,2000,8,3,2.0,4.0,0.1,0.9200000000000004,9.999999999999998,4,0,419,81,0,0.3880759592163629,0.15471287558808447,success
1980,2000,8,3,2.0,4.0,0.1,0.9300000000000004,1.2,4,217,224,59,0,0.9123617885233416,0.19436457300739235,success
1981,2000,8,3,2.0,4.0,0.1,0.9300000000000004,1.4,4,161,260,79,0,0.8299376008363882,0.24583154438558574,success
1982,2000,8,3,2.0,4.0,0.1,0.9300000000000004,1.5999999999999999,4,131,265,104,0,0.8263511755419556,0.2500039609546619,success
1983,2000,8,3,2.0,4.0,0.1,0.9300000000000004,1.7999999999999998,4,95,293,112,0,0.7787937302578668,0.2487362677951061,success
1984,2000,8,3,2.0,4.0,0.1,0.9300000000000004,1.9999999999999998,4,69,313,118,0,0.7509336081135761,0.25417096441627773,success
1985,2000,8,3,2.0,4.0,0.1,0.9300000000000004,2.1999999999999997,4,45,335,120,0,0.7163055175965761,0.26450213706406134,success
1986,2000,8,3,2.0,4.0,0.1,0.9300000000000004,2.3999999999999995,4,23,371,106,0,0.6336833165222326,0.2666396311102707,success
1987,2000,8,3,2.0,4.0,0.1,0.9300000000000004,2.5999999999999996,4,12,393,95,0,0.6034405752149276,0.2472242116820472,success
1988,2000,8,3,2.0,4.0,0.1,0.9300000000000004,2.8,4,3,405,92,0,0.5381697172477047,0.22997579705780571,success
1989,2000,8,3,2.0,4.0,0.1,0.9300000000000004,2.9999999999999996,4,0,412,88,0,0.47952407484827864,0.192657946635675,success
1990,2000,8,3,2.0,4.0,0.1,0.9300000000000004,3.1999999999999993,4,1,416,83,0,0.44014192569072924,0.16864561533722625,success
1991,2000,8,3,2.0,4.0,0.1,0.9300000000000004,3.3999999999999995,4,1,415,84,0,0.4214620577997921,0.16864966616665328,success
1992,2000,8,3,2.0,4.0,0.1,0.9300000000000004,3.5999999999999996,4,1,415,84,0,0.412351702799313,0.17366821261613477,success
1993,2000,8,3,2.0,4.0,0.1,0.9300000000000004,3.7999999999999994,4,0,416,84,0,0.41185795402446895,0.15999068752490916,success
1994,2000,8,3,2.0,4.0,0.1,0.9300000000000004,3.999999999999999,4,0,417,83,0,0.40009970053359956,0.1647133055249802,success
1995,2000,8,3,2.0,4.0,0.1,0.9300000000000004,4.199999999999999,4,0,418,82,0,0.400384231037862,0.15600128281414788,success
1996,2000,8,3,2.0,4.0,0.1,0.9300000000000004,4.3999999999999995,4,0,415,85,0,0.4140501117021397,0.1845660443772863,success
2000,2000,8,3,2.0,4.0,0.1,0.9300000000000004,5.199999999999999,4,0,418,82,0,0.38966911293048323,0.15347297803759427,success
1999,2000,8,3,2.0,4.0,0.1,0.9300000000000004,4.999999999999999,4,0,417,83,0,0.4018166073363421,0.1683236197161267,success
2001,2000,8,3,2.0,4.0,0.1,0.9300000000000004,5.399999999999999,4,0,418,82,0,0.3894531094831006,0.15329821873529303,success
1998,2000,8,3,2.0,4.0,0.1,0.9300000000000004,4.799999999999999,4,0,416,84,0,0.40863360584605685,0.18275558975756995,success
1997,2000,8,3,2.0,4.0,0.1,0.9300000000000004,4.6,4,0,419,81,0,0.39149073749229846,0.1563590118800426,success
2002,2000,8,3,2.0,4.0,0.1,0.9300000000000004,5.599999999999999,4,0,418,82,0,0.3888640047870381,0.15450873122580222,success
2003,2000,8,3,2.0,4.0,0.1,0.9300000000000004,5.799999999999999,4,0,418,82,0,0.39003808061064144,0.15608378784572108,success
2004,2000,8,3,2.0,4.0,0.1,0.9300000000000004,5.999999999999999,4,0,418,82,0,0.38959258684522585,0.15540308486909857,success
2005,2000,8,3,2.0,4.0,0.1,0.9300000000000004,6.199999999999999,4,0,418,82,0,0.3864224168414285,0.1501623731550685,success
2006,2000,8,3,2.0,4.0,0.1,0.9300000000000004,6.399999999999999,4,0,418,82,0,0.38737333813545133,0.15274754702479384,success
2007,2000,8,3,2.0,4.0,0.1,0.9300000000000004,6.599999999999999,4,0,418,82,0,0.38883234434743397,0.15495522168747017,success
2008,2000,8,3,2.0,4.0,0.1,0.9300000000000004,6.799999999999999,4,0,418,82,0,0.3874905933374893,0.15245733824837684,success
2009,2000,8,3,2.0,4.0,0.1,0.9300000000000004,6.999999999999998,4,0,418,82,0,0.38878236831098006,0.15532781592336614,success
2010,2000,8,3,2.0,4.0,0.1,0.9300000000000004,7.199999999999998,4,0,418,82,0,0.38717229967090805,0.15268538915642446,success
2011,2000,8,3,2.0,4.0,0.1,0.9300000000000004,7.399999999999999,4,0,418,82,0,0.3868796207432575,0.15204830149707504,success
2012,2000,8,3,2.0,4.0,0.1,0.9300000000000004,7.599999999999999,4,0,418,82,0,0.387655295616854,0.15352850781624217,success
2013,2000,8,3,2.0,4.0,0.1,0.9300000000000004,7.799999999999999,4,0,418,82,0,0.38781894836400604,0.15463275921078637,success
2014,2000,8,3,2.0,4.0,0.1,0.9300000000000004,7.999999999999998,4,0,418,82,0,0.3874426242628433,0.15343968238476963,success
2015,2000,8,3,2.0,4.0,0.1,0.9300000000000004,8.2,4,0,418,82,0,0.38698888794193437,0.15263825261746428,success
2016,2000,8,3,2.0,4.0,0.1,0.9300000000000004,8.399999999999999,4,0,418,82,0,0.3869793389899808,0.1527300486869051,success
2017,2000,8,3,2.0,4.0,0.1,0.9300000000000004,8.599999999999998,4,0,418,82,0,0.3873751396300775,0.1535392908120779,success
2018,2000,8,3,2.0,4.0,0.1,0.9300000000000004,8.799999999999997,4,0,418,82,0,0.3867693598009977,0.1526543594123272,success
2019,2000,8,3,2.0,4.0,0.1,0.9300000000000004,8.999999999999998,4,0,418,82,0,0.387716173731094,0.15488638997999143,success
2020,2000,8,3,2.0,4.0,0.1,0.9300000000000004,9.199999999999998,4,0,418,82,0,0.38785746372920993,0.15509931977025782,success
2021,2000,8,3,2.0,4.0,0.1,0.9300000000000004,9.399999999999999,4,0,418,82,0,0.38801770249279344,0.1553063526728112,success
2022,2000,8,3,2.0,4.0,0.1,0.9300000000000004,9.599999999999998,4,0,418,82,0,0.38781219851404886,0.15467115612261667,success
2025,2000,8,3,2.0,4.0,0.1,0.9400000000000004,1.0,4,291,209,0,0,,,success
2023,2000,8,3,2.0,4.0,0.1,0.9300000000000004,9.799999999999997,4,0,418,82,0,0.3877103641384702,0.15442917265810885,success
2026,2000,8,3,2.0,4.0,0.1,0.9400000000000004,1.2,4,217,224,59,0,0.9123617885233416,0.19436457300739235,success
2027,2000,8,3,2.0,4.0,0.1,0.9400000000000004,1.4,4,161,260,79,0,0.8299376008363882,0.24583154438558574,success
2024,2000,8,3,2.0,4.0,0.1,0.9300000000000004,9.999999999999998,4,0,418,82,0,0.38774533235339714,0.1544283139613647,success
2028,2000,8,3,2.0,4.0,0.1,0.9400000000000004,1.5999999999999999,4,131,265,104,0,0.8263511755419556,0.2500039609546619,success
2029,2000,8,3,2.0,4.0,0.1,0.9400000000000004,1.7999999999999998,4,95,293,112,0,0.7787937302578668,0.2487362677951061,success
2030,2000,8,3,2.0,4.0,0.1,0.9400000000000004,1.9999999999999998,4,69,313,118,0,0.7509336081135761,0.25417096441627773,success
2031,2000,8,3,2.0,4.0,0.1,0.9400000000000004,2.1999999999999997,4,45,335,120,0,0.7178448188128483,0.26314376687948327,success
2032,2000,8,3,2.0,4.0,0.1,0.9400000000000004,2.3999999999999995,4,23,371,106,0,0.6353031378544711,0.2655709970972948,success
2033,2000,8,3,2.0,4.0,0.1,0.9400000000000004,2.5999999999999996,4,12,393,95,0,0.6037824992115852,0.2471334156431665,success
2034,2000,8,3,2.0,4.0,0.1,0.9400000000000004,2.8,4,3,405,92,0,0.5366293987446686,0.22944559154113717,success
2035,2000,8,3,2.0,4.0,0.1,0.9400000000000004,2.9999999999999996,4,0,412,88,0,0.48080325939628865,0.19183531595090203,success
2036,2000,8,3,2.0,4.0,0.1,0.9400000000000004,3.1999999999999993,4,1,416,83,0,0.4415619036919799,0.16791140759722864,success
2037,2000,8,3,2.0,4.0,0.1,0.9400000000000004,3.3999999999999995,4,1,415,84,0,0.4231399815190621,0.16798398201926648,success
2038,2000,8,3,2.0,4.0,0.1,0.9400000000000004,3.5999999999999996,4,1,415,84,0,0.41377439312508074,0.17340366247696434,success
2040,2000,8,3,2.0,4.0,0.1,0.9400000000000004,3.999999999999999,4,0,417,83,0,0.4016569978212705,0.16418451490867486,success
2039,2000,8,3,2.0,4.0,0.1,0.9400000000000004,3.7999999999999994,4,0,416,84,0,0.41308380274676004,0.1601420017127823,success
2041,2000,8,3,2.0,4.0,0.1,0.9400000000000004,4.199999999999999,4,0,418,82,0,0.4024759320356527,0.15577930380428634,success
2042,2000,8,3,2.0,4.0,0.1,0.9400000000000004,4.3999999999999995,4,0,416,84,0,0.40929106768903156,0.17482727075803056,success
2043,2000,8,3,2.0,4.0,0.1,0.9400000000000004,4.6,4,0,418,82,0,0.3996921237784982,0.16751946146691574,success
2044,2000,8,3,2.0,4.0,0.1,0.9400000000000004,4.799999999999999,4,0,416,84,0,0.409990541430831,0.1819118665278849,success
2045,2000,8,3,2.0,4.0,0.1,0.9400000000000004,4.999999999999999,4,0,416,84,0,0.4004663439126838,0.17041528359339284,success
2046,2000,8,3,2.0,4.0,0.1,0.9400000000000004,5.199999999999999,4,0,417,83,0,0.3882590884534488,0.15530148906928182,success
2047,2000,8,3,2.0,4.0,0.1,0.9400000000000004,5.399999999999999,4,0,417,83,0,0.38771894251946754,0.15485218719764687,success
2048,2000,8,3,2.0,4.0,0.1,0.9400000000000004,5.599999999999999,4,0,417,83,0,0.38874186667401756,0.15903809305246297,success
2049,2000,8,3,2.0,4.0,0.1,0.9400000000000004,5.799999999999999,4,0,417,83,0,0.38816194628777523,0.15714382863963186,success
2050,2000,8,3,2.0,4.0,0.1,0.9400000000000004,5.999999999999999,4,0,417,83,0,0.3887738077604191,0.15737041793489592,success
2051,2000,8,3,2.0,4.0,0.1,0.9400000000000004,6.199999999999999,4,0,417,83,0,0.38582978378243166,0.15260001929665495,success
2052,2000,8,3,2.0,4.0,0.1,0.9400000000000004,6.399999999999999,4,0,417,83,0,0.38631297731232334,0.15470520304687063,success
2053,2000,8,3,2.0,4.0,0.1,0.9400000000000004,6.599999999999999,4,0,417,83,0,0.3878866964161399,0.15716561594254155,success
2055,2000,8,3,2.0,4.0,0.1,0.9400000000000004,6.999999999999998,4,0,417,83,0,0.3880702986922657,0.15796656276407525,success
2054,2000,8,3,2.0,4.0,0.1,0.9400000000000004,6.799999999999999,4,0,417,83,0,0.3869096155218345,0.15533370941720376,success
2056,2000,8,3,2.0,4.0,0.1,0.9400000000000004,7.199999999999998,4,0,417,83,0,0.38569571986399814,0.15405514055888164,success
2057,2000,8,3,2.0,4.0,0.1,0.9400000000000004,7.399999999999999,4,0,417,83,0,0.3856744229578325,0.15388475776335947,success
2058,2000,8,3,2.0,4.0,0.1,0.9400000000000004,7.599999999999999,4,0,417,83,0,0.38639262732029395,0.1551484037845859,success
2059,2000,8,3,2.0,4.0,0.1,0.9400000000000004,7.799999999999999,4,0,417,83,0,0.386553421299898,0.1563472150554556,success
2060,2000,8,3,2.0,4.0,0.1,0.9400000000000004,7.999999999999998,4,0,417,83,0,0.3860687057656204,0.155160799524845,success
2061,2000,8,3,2.0,4.0,0.1,0.9400000000000004,8.2,4,0,417,83,0,0.38567748523472134,0.1545388487472164,success
2062,2000,8,3,2.0,4.0,0.1,0.9400000000000004,8.399999999999999,4,0,417,83,0,0.38568997924386383,0.15460062456409812,success
2063,2000,8,3,2.0,4.0,0.1,0.9400000000000004,8.599999999999998,4,0,417,83,0,0.38596753724222227,0.15505862715345714,success
2064,2000,8,3,2.0,4.0,0.1,0.9400000000000004,8.799999999999997,4,0,417,83,0,0.3858607269220599,0.1550042471542998,success
2065,2000,8,3,2.0,4.0,0.1,0.9400000000000004,8.999999999999998,4,0,417,83,0,0.38653589967843865,0.15672502250255557,success
2066,2000,8,3,2.0,4.0,0.1,0.9400000000000004,9.199999999999998,4,0,417,83,0,0.38665456813293925,0.15704111230101148,success
2067,2000,8,3,2.0,4.0,0.1,0.9400000000000004,9.399999999999999,4,0,417,83,0,0.38676055256346314,0.15713927289340804,success
2068,2000,8,3,2.0,4.0,0.1,0.9400000000000004,9.599999999999998,4,0,417,83,0,0.38676943210932097,0.15681184101514706,success
2069,2000,8,3,2.0,4.0,0.1,0.9400000000000004,9.799999999999997,4,0,417,83,0,0.38645458224002344,0.15616111527246837,success
2071,2000,8,3,2.0,4.0,0.1,0.9500000000000004,1.0,4,292,208,0,0,,,success
2072,2000,8,3,2.0,4.0,0.1,0.9500000000000004,1.2,4,218,223,59,0,0.9123617885233416,0.19436457300739235,success
2070,2000,8,3,2.0,4.0,0.1,0.9400000000000004,9.999999999999998,4,0,417,83,0,0.3866301602405874,0.15652771549854572,success
2073,2000,8,3,2.0,4.0,0.1,0.9500000000000004,1.4,4,161,259,80,0,0.8320633808259335,0.24500956491621848,success
2074,2000,8,3,2.0,4.0,0.1,0.9500000000000004,1.5999999999999999,4,131,265,104,0,0.8263511755419556,0.2500039609546619,success
2075,2000,8,3,2.0,4.0,0.1,0.9500000000000004,1.7999999999999998,4,96,291,113,0,0.7798933786674366,0.24789910288960443,success
2076,2000,8,3,2.0,4.0,0.1,0.9500000000000004,1.9999999999999998,4,69,312,119,0,0.7472322223287711,0.25629227002821064,success
2077,2000,8,3,2.0,4.0,0.1,0.9500000000000004,2.1999999999999997,4,45,333,122,0,0.7120353234790409,0.2662641445575547,success
2078,2000,8,3,2.0,4.0,0.1,0.9500000000000004,2.3999999999999995,4,23,369,108,0,0.6310839490682651,0.26705487819631585,success
2079,2000,8,3,2.0,4.0,0.1,0.9500000000000004,2.5999999999999996,4,12,392,96,0,0.6002783343026373,0.24926398242760442,success
2080,2000,8,3,2.0,4.0,0.1,0.9500000000000004,2.8,4,3,404,93,0,0.5334796266766368,0.23094054020520793,success
2081,2000,8,3,2.0,4.0,0.1,0.9500000000000004,2.9999999999999996,4,0,411,89,0,0.47899854016611754,0.19306125088474244,success
2082,2000,8,3,2.0,4.0,0.1,0.9500000000000004,3.1999999999999993,4,1,415,84,0,0.4403075042198428,0.16936955618656843,success
2083,2000,8,3,2.0,4.0,0.1,0.9500000000000004,3.3999999999999995,4,1,414,85,0,0.4217916524265535,0.16934525702029865,success
2084,2000,8,3,2.0,4.0,0.1,0.9500000000000004,3.5999999999999996,4,1,414,85,0,0.4123995673437519,0.1747417249715388,success
2085,2000,8,3,2.0,4.0,0.1,0.9500000000000004,3.7999999999999994,4,0,415,85,0,0.4116759446788472,0.16154807289461884,success
2086,2000,8,3,2.0,4.0,0.1,0.9500000000000004,3.999999999999999,4,0,416,84,0,0.4005363188380845,0.16548584665997132,success
2088,2000,8,3,2.0,4.0,0.1,0.9500000000000004,4.3999999999999995,4,0,417,83,0,0.3945605494514579,0.15407814428200406,success
2087,2000,8,3,2.0,4.0,0.1,0.9500000000000004,4.199999999999999,4,0,417,83,0,0.4012955823048118,0.15725200930215152,success
2091,2000,8,3,2.0,4.0,0.1,0.9500000000000004,4.999999999999999,4,0,415,85,0,0.39951417466812333,0.17156679100573644,success
2090,2000,8,3,2.0,4.0,0.1,0.9500000000000004,4.799999999999999,4,0,415,85,0,0.40905169564714355,0.18325159524198287,success
2089,2000,8,3,2.0,4.0,0.1,0.9500000000000004,4.6,4,0,417,83,0,0.39890337382975155,0.1689026986640992,success
2092,2000,8,3,2.0,4.0,0.1,0.9500000000000004,5.199999999999999,4,0,416,84,0,0.38762745317703867,0.15700596635206462,success
2093,2000,8,3,2.0,4.0,0.1,0.9500000000000004,5.399999999999999,4,0,416,84,0,0.38661790091835163,0.15584651023253326,success
2094,2000,8,3,2.0,4.0,0.1,0.9500000000000004,5.599999999999999,4,0,416,84,0,0.38762367579785595,0.1595139716087302,success
2095,2000,8,3,2.0,4.0,0.1,0.9500000000000004,5.799999999999999,4,0,416,84,0,0.38767536571422423,0.1589229461056679,success
2096,2000,8,3,2.0,4.0,0.1,0.9500000000000004,5.999999999999999,4,0,416,84,0,0.3877700208786598,0.1585028760472824,success
2097,2000,8,3,2.0,4.0,0.1,0.9500000000000004,6.199999999999999,4,0,416,84,0,0.3850470546783446,0.1541874669755625,success
2098,2000,8,3,2.0,4.0,0.1,0.9500000000000004,6.399999999999999,4,0,416,84,0,0.38560011632501634,0.15630992839636013,success
2100,2000,8,3,2.0,4.0,0.1,0.9500000000000004,6.799999999999999,4,0,416,84,0,0.3869357993195654,0.1584144250873904,success
2099,2000,8,3,2.0,4.0,0.1,0.9500000000000004,6.599999999999999,4,0,416,84,0,0.3873513659661158,0.15917608508920603,success
2101,2000,8,3,2.0,4.0,0.1,0.9500000000000004,6.999999999999998,4,0,416,84,0,0.38684487111112265,0.15848889612336617,success
2102,2000,8,3,2.0,4.0,0.1,0.9500000000000004,7.199999999999998,4,0,416,84,0,0.38476198954015617,0.1553165784087865,success
2103,2000,8,3,2.0,4.0,0.1,0.9500000000000004,7.399999999999999,4,0,416,84,0,0.3848934746302032,0.15533333357886397,success
2104,2000,8,3,2.0,4.0,0.1,0.9500000000000004,7.599999999999999,4,0,416,84,0,0.38560188017614505,0.1567274818960676,success
2105,2000,8,3,2.0,4.0,0.1,0.9500000000000004,7.799999999999999,4,0,416,84,0,0.3858318568149806,0.15807352710080275,success
2106,2000,8,3,2.0,4.0,0.1,0.9500000000000004,7.999999999999998,4,0,416,84,0,0.38551064811037544,0.1571197604844356,success
2107,2000,8,3,2.0,4.0,0.1,0.9500000000000004,8.2,4,0,416,84,0,0.3850927865529708,0.15637326652343125,success
2108,2000,8,3,2.0,4.0,0.1,0.9500000000000004,8.399999999999999,4,0,416,84,0,0.3853803574729614,0.15694396862392207,success
2109,2000,8,3,2.0,4.0,0.1,0.9500000000000004,8.599999999999998,4,0,416,84,0,0.3853179581570678,0.15694224982458024,success
2110,2000,8,3,2.0,4.0,0.1,0.9500000000000004,8.799999999999997,4,0,416,84,0,0.38546729519930617,0.15720976957825225,success
2111,2000,8,3,2.0,4.0,0.1,0.9500000000000004,8.999999999999998,4,0,416,84,0,0.3859235550272143,0.15841281807139404,success
2112,2000,8,3,2.0,4.0,0.1,0.9500000000000004,9.199999999999998,4,0,416,84,0,0.3863500440803833,0.1597366147885777,success
2113,2000,8,3,2.0,4.0,0.1,0.9500000000000004,9.399999999999999,4,0,416,84,0,0.38664802744443755,0.16037878240668862,success
2114,2000,8,3,2.0,4.0,0.1,0.9500000000000004,9.599999999999998,4,0,416,84,0,0.3867296615342787,0.1602664981343475,success
2115,2000,8,3,2.0,4.0,0.1,0.9500000000000004,9.799999999999997,4,0,416,84,0,0.38638962455975395,0.15941758823827867,success
2117,2000,8,3,2.0,4.0,0.1,0.9600000000000004,1.0,4,292,208,0,0,,,success
2118,2000,8,3,2.0,4.0,0.1,0.9600000000000004,1.2,4,218,223,59,0,0.9123617885233416,0.19436457300739235,success
2119,2000,8,3,2.0,4.0,0.1,0.9600000000000004,1.4,4,161,259,80,0,0.8320633808259335,0.24500956491621848,success
2116,2000,8,3,2.0,4.0,0.1,0.9500000000000004,9.999999999999998,4,0,416,84,0,0.3862715562164451,0.158978234345278,success
2120,2000,8,3,2.0,4.0,0.1,0.9600000000000004,1.5999999999999999,4,131,264,105,0,0.8280049738701272,0.2493755802939297,success
2121,2000,8,3,2.0,4.0,0.1,0.9600000000000004,1.7999999999999998,4,96,291,113,0,0.7798933786674366,0.24789910288960443,success
2122,2000,8,3,2.0,4.0,0.1,0.9600000000000004,1.9999999999999998,4,69,312,119,0,0.7469972644100064,0.2562555814694956,success
2123,2000,8,3,2.0,4.0,0.1,0.9600000000000004,2.1999999999999997,4,45,333,122,0,0.7120353234790409,0.2662641445575547,success
2124,2000,8,3,2.0,4.0,0.1,0.9600000000000004,2.3999999999999995,4,23,369,108,0,0.6310839490682651,0.26705487819631585,success
2125,2000,8,3,2.0,4.0,0.1,0.9600000000000004,2.5999999999999996,4,12,392,96,0,0.6002783343026373,0.24926398242760442,success
2126,2000,8,3,2.0,4.0,0.1,0.9600000000000004,2.8,4,3,404,93,0,0.5334796266813787,0.23094054020531618,success
2127,2000,8,3,2.0,4.0,0.1,0.9600000000000004,2.9999999999999996,4,0,411,89,0,0.4797762391809184,0.19302748921735186,success
2128,2000,8,3,2.0,4.0,0.1,0.9600000000000004,3.1999999999999993,4,1,415,84,0,0.44034728641678395,0.1693259291756743,success
2129,2000,8,3,2.0,4.0,0.1,0.9600000000000004,3.3999999999999995,4,1,414,85,0,0.42230101459480707,0.16947169980661167,success
2130,2000,8,3,2.0,4.0,0.1,0.9600000000000004,3.5999999999999996,4,1,414,85,0,0.4128622626418375,0.17481702602449026,success
2133,2000,8,3,2.0,4.0,0.1,0.9600000000000004,4.199999999999999,4,0,417,83,0,0.4016819738942881,0.15761120755461727,success
2132,2000,8,3,2.0,4.0,0.1,0.9600000000000004,3.999999999999999,4,0,416,84,0,0.4007601710102926,0.16571068919598927,success
2134,2000,8,3,2.0,4.0,0.1,0.9600000000000004,4.3999999999999995,4,0,416,84,0,0.4017715846080784,0.16583720412477582,success
2131,2000,8,3,2.0,4.0,0.1,0.9600000000000004,3.7999999999999994,4,0,415,85,0,0.411989118165751,0.1616318059962956,success
2135,2000,8,3,2.0,4.0,0.1,0.9600000000000004,4.6,4,0,417,83,0,0.3989380938726498,0.16855064022716984,success
2136,2000,8,3,2.0,4.0,0.1,0.9600000000000004,4.799999999999999,4,0,415,85,0,0.40822558413044935,0.18104500410443583,success
2137,2000,8,3,2.0,4.0,0.1,0.9600000000000004,4.999999999999999,4,0,416,84,0,0.39361716002266545,0.1611436374886151,success
2138,2000,8,3,2.0,4.0,0.1,0.9600000000000004,5.199999999999999,4,0,416,84,0,0.3881601867460512,0.15711996485943402,success
2139,2000,8,3,2.0,4.0,0.1,0.9600000000000004,5.399999999999999,4,0,416,84,0,0.3871934067795037,0.15614048134361838,success
2140,2000,8,3,2.0,4.0,0.1,0.9600000000000004,5.599999999999999,4,0,416,84,0,0.38825178700658103,0.16006750549887672,success
2141,2000,8,3,2.0,4.0,0.1,0.9600000000000004,5.799999999999999,4,0,416,84,0,0.3879747478395974,0.1588878214628552,success
2142,2000,8,3,2.0,4.0,0.1,0.9600000000000004,5.999999999999999,4,0,416,84,0,0.38811936463960717,0.15842828297062703,success
2143,2000,8,3,2.0,4.0,0.1,0.9600000000000004,6.199999999999999,4,0,416,84,0,0.3855434784132239,0.15435682013455604,success
2144,2000,8,3,2.0,4.0,0.1,0.9600000000000004,6.399999999999999,4,0,416,84,0,0.38598612776915076,0.15642741200302204,success
2145,2000,8,3,2.0,4.0,0.1,0.9600000000000004,6.599999999999999,4,0,416,84,0,0.3878094085038308,0.15937030746139264,success
2146,2000,8,3,2.0,4.0,0.1,0.9600000000000004,6.799999999999999,4,0,416,84,0,0.3870022188625447,0.15795570186193367,success
2147,2000,8,3,2.0,4.0,0.1,0.9600000000000004,6.999999999999998,4,0,416,84,0,0.3870361950374391,0.15837290925672384,success
2148,2000,8,3,2.0,4.0,0.1,0.9600000000000004,7.199999999999998,4,0,416,84,0,0.38526691726007023,0.1556768236454255,success
2149,2000,8,3,2.0,4.0,0.1,0.9600000000000004,7.399999999999999,4,0,416,84,0,0.38527285756936036,0.15546707725696302,success
2151,2000,8,3,2.0,4.0,0.1,0.9600000000000004,7.799999999999999,4,0,416,84,0,0.3862543409838377,0.15844763609529192,success
2150,2000,8,3,2.0,4.0,0.1,0.9600000000000004,7.599999999999999,4,0,416,84,0,0.38604166188747113,0.15698150430274338,success
2152,2000,8,3,2.0,4.0,0.1,0.9600000000000004,7.999999999999998,4,0,416,84,0,0.38607695298106104,0.15768790585905776,success
2153,2000,8,3,2.0,4.0,0.1,0.9600000000000004,8.2,4,0,416,84,0,0.386043591577205,0.1575962571868732,success
2154,2000,8,3,2.0,4.0,0.1,0.9600000000000004,8.399999999999999,4,0,416,84,0,0.38560218896667436,0.15673184124907194,success
2155,2000,8,3,2.0,4.0,0.1,0.9600000000000004,8.599999999999998,4,0,416,84,0,0.38564333660949196,0.15708390646460416,success
2156,2000,8,3,2.0,4.0,0.1,0.9600000000000004,8.799999999999997,4,0,416,84,0,0.38581934471390283,0.15745547640192636,success
2157,2000,8,3,2.0,4.0,0.1,0.9600000000000004,8.999999999999998,4,0,416,84,0,0.3861691435742316,0.15850949817005108,success
2158,2000,8,3,2.0,4.0,0.1,0.9600000000000004,9.199999999999998,4,0,416,84,0,0.38600700072148214,0.15841395527943683,success
2159,2000,8,3,2.0,4.0,0.1,0.9600000000000004,9.399999999999999,4,0,416,84,0,0.38643348856743936,0.15916837746645113,success
2160,2000,8,3,2.0,4.0,0.1,0.9600000000000004,9.599999999999998,4,0,416,84,0,0.3869318410255759,0.16034977782064638,success
2161,2000,8,3,2.0,4.0,0.1,0.9600000000000004,9.799999999999997,4,0,416,84,0,0.38655015960395156,0.1592051024528834,success
2162,2000,8,3,2.0,4.0,0.1,0.9600000000000004,9.999999999999998,4,0,416,84,0,0.38604548646548476,0.1581896765734977,success
2163,2000,8,3,2.0,4.0,0.1,0.9700000000000004,1.0,4,292,208,0,0,,,success
2165,2000,8,3,2.0,4.0,0.1,0.9700000000000004,1.4,4,161,259,80,0,0.8320633808259335,0.24500956491621848,success
2164,2000,8,3,2.0,4.0,0.1,0.9700000000000004,1.2,4,218,223,59,0,0.9123617885233416,0.19436457300739235,success
2166,2000,8,3,2.0,4.0,0.1,0.9700000000000004,1.5999999999999999,4,131,264,105,0,0.8280049738701272,0.2493755802939297,success
2167,2000,8,3,2.0,4.0,0.1,0.9700000000000004,1.7999999999999998,4,96,291,113,0,0.7756346757435386,0.24821748383206407,success
2168,2000,8,3,2.0,4.0,0.1,0.9700000000000004,1.9999999999999998,4,69,312,119,0,0.7429532860032796,0.25602617858535387,success
2169,2000,8,3,2.0,4.0,0.1,0.9700000000000004,2.1999999999999997,4,44,333,123,0,0.7104640327970936,0.26574265077429543,success
2170,2000,8,3,2.0,4.0,0.1,0.9700000000000004,2.3999999999999995,4,22,368,110,0,0.6360348770599592,0.2673492051818139,success
2171,2000,8,3,2.0,4.0,0.1,0.9700000000000004,2.5999999999999996,4,11,392,97,0,0.6018721441082061,0.2484586913985225,success
2172,2000,8,3,2.0,4.0,0.1,0.9700000000000004,2.8,4,3,404,93,0,0.5323240621452443,0.23054273863707972,success
2173,2000,8,3,2.0,4.0,0.1,0.9700000000000004,2.9999999999999996,4,0,411,89,0,0.47972253795945524,0.192399063153005,success
2174,2000,8,3,2.0,4.0,0.1,0.9700000000000004,3.1999999999999993,4,1,415,84,0,0.4402672573253445,0.16864975822917552,success
2175,2000,8,3,2.0,4.0,0.1,0.9700000000000004,3.3999999999999995,4,1,414,85,0,0.4222843694349095,0.16893166697712825,success
2176,2000,8,3,2.0,4.0,0.1,0.9700000000000004,3.5999999999999996,4,1,414,85,0,0.413314574349216,0.17455175179001828,success
2177,2000,8,3,2.0,4.0,0.1,0.9700000000000004,3.7999999999999994,4,0,415,85,0,0.41285922420483334,0.16130122580938724,success
2178,2000,8,3,2.0,4.0,0.1,0.9700000000000004,3.999999999999999,4,0,416,84,0,0.4012971970818617,0.16509879126500213,success
2179,2000,8,3,2.0,4.0,0.1,0.9700000000000004,4.199999999999999,4,0,417,83,0,0.402126173449952,0.15704119004626302,success
2180,2000,8,3,2.0,4.0,0.1,0.9700000000000004,4.3999999999999995,4,0,416,84,0,0.4026495621978877,0.1654495996476378,success
2181,2000,8,3,2.0,4.0,0.1,0.9700000000000004,4.6,4,0,418,82,0,0.3926208300846398,0.15631233941834588,success
2182,2000,8,3,2.0,4.0,0.1,0.9700000000000004,4.799999999999999,4,0,413,87,0,0.4224693349397238,0.1987472933780886,success
2183,2000,8,3,2.0,4.0,0.1,0.9700000000000004,4.999999999999999,4,0,416,84,0,0.3942822773379281,0.16060227070350105,success
2185,2000,8,3,2.0,4.0,0.1,0.9700000000000004,5.399999999999999,4,0,416,84,0,0.38818292388270703,0.156005218550591,success
2186,2000,8,3,2.0,4.0,0.1,0.9700000000000004,5.599999999999999,4,0,416,84,0,0.389610165429627,0.16020901601241486,success
2184,2000,8,3,2.0,4.0,0.1,0.9700000000000004,5.199999999999999,4,0,416,84,0,0.38933602876277423,0.15733915493926434,success
2187,2000,8,3,2.0,4.0,0.1,0.9700000000000004,5.799999999999999,4,0,416,84,0,0.38952756136135247,0.1596483808353909,success
2188,2000,8,3,2.0,4.0,0.1,0.9700000000000004,5.999999999999999,4,0,416,84,0,0.3896139649609835,0.1588787047566163,success
2189,2000,8,3,2.0,4.0,0.1,0.9700000000000004,6.199999999999999,4,0,416,84,0,0.3867225137103726,0.15427117533580884,success
2190,2000,8,3,2.0,4.0,0.1,0.9700000000000004,6.399999999999999,4,0,416,84,0,0.3874126762897504,0.1565826029226065,success
2191,2000,8,3,2.0,4.0,0.1,0.9700000000000004,6.599999999999999,4,0,416,84,0,0.38910235087644224,0.15939993107696396,success
2192,2000,8,3,2.0,4.0,0.1,0.9700000000000004,6.799999999999999,4,0,416,84,0,0.3884328565896326,0.158298593331956,success
2193,2000,8,3,2.0,4.0,0.1,0.9700000000000004,6.999999999999998,4,0,416,84,0,0.3880359224701596,0.15807018915741636,success
2194,2000,8,3,2.0,4.0,0.1,0.9700000000000004,7.199999999999998,4,0,416,84,0,0.38627813261045235,0.1553580274693399,success
2195,2000,8,3,2.0,4.0,0.1,0.9700000000000004,7.399999999999999,4,0,416,84,0,0.3864202479733777,0.15547280470393057,success
2196,2000,8,3,2.0,4.0,0.1,0.9700000000000004,7.599999999999999,4,0,416,84,0,0.38720945555907477,0.15687815990074713,success
2197,2000,8,3,2.0,4.0,0.1,0.9700000000000004,7.799999999999999,4,0,416,84,0,0.38712961875545077,0.15778151314723712,success
2198,2000,8,3,2.0,4.0,0.1,0.9700000000000004,7.999999999999998,4,0,416,84,0,0.3867990674775739,0.15681992380275686,success
2199,2000,8,3,2.0,4.0,0.1,0.9700000000000004,8.2,4,0,416,84,0,0.38694287534928345,0.1570898908503188,success
2200,2000,8,3,2.0,4.0,0.1,0.9700000000000004,8.399999999999999,4,0,416,84,0,0.38646567849035757,0.15617438081824048,success
2201,2000,8,3,2.0,4.0,0.1,0.9700000000000004,8.599999999999998,4,0,416,84,0,0.3869744090014459,0.15735091159082193,success
2202,2000,8,3,2.0,4.0,0.1,0.9700000000000004,8.799999999999997,4,0,416,84,0,0.38679402685133224,0.15707444079147836,success
2203,2000,8,3,2.0,4.0,0.1,0.9700000000000004,8.999999999999998,4,0,416,84,0,0.38726800499407465,0.15853568173537572,success
2204,2000,8,3,2.0,4.0,0.1,0.9700000000000004,9.199999999999998,4,0,416,84,0,0.38713747825602146,0.15836661535369057,success
2205,2000,8,3,2.0,4.0,0.1,0.9700000000000004,9.399999999999999,4,0,416,84,0,0.3871601367213708,0.1584500088764614,success
2206,2000,8,3,2.0,4.0,0.1,0.9700000000000004,9.599999999999998,4,0,416,84,0,0.38780316250780716,0.15979233929585968,success
2209,2000,8,3,2.0,4.0,0.1,0.9800000000000004,1.0,4,292,208,0,0,,,success
2210,2000,8,3,2.0,4.0,0.1,0.9800000000000004,1.2,4,218,223,59,0,0.9123617885233416,0.19436457300739235,success
2207,2000,8,3,2.0,4.0,0.1,0.9700000000000004,9.799999999999997,4,0,416,84,0,0.3877253409994725,0.15929518798785458,success
2211,2000,8,3,2.0,4.0,0.1,0.9800000000000004,1.4,4,161,259,80,0,0.8320633808259335,0.24500956491621848,success
2208,2000,8,3,2.0,4.0,0.1,0.9700000000000004,9.999999999999998,4,0,416,84,0,0.38727633165777176,0.1583771819727758,success
2212,2000,8,3,2.0,4.0,0.1,0.9800000000000004,1.5999999999999999,4,131,263,106,0,0.8243921060068249,0.25095718752506196,success
2213,2000,8,3,2.0,4.0,0.1,0.9800000000000004,1.7999999999999998,4,96,290,114,0,0.7727347310471925,0.24904896002548882,success
2214,2000,8,3,2.0,4.0,0.1,0.9800000000000004,1.9999999999999998,4,69,312,119,0,0.7429532860032796,0.25602617858535387,success
2215,2000,8,3,2.0,4.0,0.1,0.9800000000000004,2.1999999999999997,4,44,333,123,0,0.708843265857457,0.26601388801258613,success
2216,2000,8,3,2.0,4.0,0.1,0.9800000000000004,2.3999999999999995,4,22,368,110,0,0.6360348770599592,0.2673492051818139,success
2217,2000,8,3,2.0,4.0,0.1,0.9800000000000004,2.5999999999999996,4,11,392,97,0,0.6018721441082061,0.2484586913985225,success
2218,2000,8,3,2.0,4.0,0.1,0.9800000000000004,2.8,4,3,404,93,0,0.5322985009904442,0.230470240645503,success
2220,2000,8,3,2.0,4.0,0.1,0.9800000000000004,3.1999999999999993,4,1,415,84,0,0.4417094459656125,0.16812805678291778,success
2219,2000,8,3,2.0,4.0,0.1,0.9800000000000004,2.9999999999999996,4,0,411,89,0,0.48100868018780013,0.1917868884687875,success
2221,2000,8,3,2.0,4.0,0.1,0.9800000000000004,3.3999999999999995,4,1,414,85,0,0.4226851291774424,0.1687372834223577,success
2222,2000,8,3,2.0,4.0,0.1,0.9800000000000004,3.5999999999999996,4,1,414,85,0,0.41382841553473254,0.1742204646040599,success
2223,2000,8,3,2.0,4.0,0.1,0.9800000000000004,3.7999999999999994,4,0,414,86,0,0.4200424078337946,0.17155158336017085,success
2224,2000,8,3,2.0,4.0,0.1,0.9800000000000004,3.999999999999999,4,0,416,84,0,0.4020748090578587,0.16502787322819792,success
2225,2000,8,3,2.0,4.0,0.1,0.9800000000000004,4.199999999999999,4,0,416,84,0,0.40963245783233515,0.16788214653153857,success
2226,2000,8,3,2.0,4.0,0.1,0.9800000000000004,4.3999999999999995,4,0,417,83,0,0.3967934083622337,0.154460407195884,success
2227,2000,8,3,2.0,4.0,0.1,0.9800000000000004,4.6,4,0,417,83,0,0.40027499717369797,0.16784599897658734,success
2228,2000,8,3,2.0,4.0,0.1,0.9800000000000004,4.799999999999999,4,0,415,85,0,0.4107606839112258,0.18249122428558548,success
2230,2000,8,3,2.0,4.0,0.1,0.9800000000000004,5.199999999999999,4,0,416,84,0,0.38994473221779785,0.1572752017609019,success
2229,2000,8,3,2.0,4.0,0.1,0.9800000000000004,4.999999999999999,4,0,416,84,0,0.39510134481382714,0.16104781535146773,success
2231,2000,8,3,2.0,4.0,0.1,0.9800000000000004,5.399999999999999,4,0,416,84,0,0.38870538825157963,0.15589441465267911,success
2232,2000,8,3,2.0,4.0,0.1,0.9800000000000004,5.599999999999999,4,0,416,84,0,0.3901782497390903,0.16010875618452336,success
2233,2000,8,3,2.0,4.0,0.1,0.9800000000000004,5.799999999999999,4,0,416,84,0,0.3900252588200068,0.15914249821244633,success
2234,2000,8,3,2.0,4.0,0.1,0.9800000000000004,5.999999999999999,4,0,416,84,0,0.39010296355310076,0.1586359984609029,success
2235,2000,8,3,2.0,4.0,0.1,0.9800000000000004,6.199999999999999,4,0,416,84,0,0.3872381933250398,0.1539817716934586,success
2236,2000,8,3,2.0,4.0,0.1,0.9800000000000004,6.399999999999999,4,0,416,84,0,0.3883080634587271,0.15686882135612082,success
2237,2000,8,3,2.0,4.0,0.1,0.9800000000000004,6.599999999999999,4,0,416,84,0,0.38982618788934253,0.1595022767918522,success
2238,2000,8,3,2.0,4.0,0.1,0.9800000000000004,6.799999999999999,4,0,416,84,0,0.3892569217354834,0.15854876351495326,success
2239,2000,8,3,2.0,4.0,0.1,0.9800000000000004,6.999999999999998,4,0,416,84,0,0.3888901753538586,0.1583138903895667,success
2240,2000,8,3,2.0,4.0,0.1,0.9800000000000004,7.199999999999998,4,0,416,84,0,0.3871811716434711,0.15583957795472048,success
2241,2000,8,3,2.0,4.0,0.1,0.9800000000000004,7.399999999999999,4,0,416,84,0,0.3868799086235648,0.15512372906753982,success
2242,2000,8,3,2.0,4.0,0.1,0.9800000000000004,7.599999999999999,4,0,416,84,0,0.3878349641427756,0.15684401193871514,success
2243,2000,8,3,2.0,4.0,0.1,0.9800000000000004,7.799999999999999,4,0,416,84,0,0.3879450622120618,0.15805917059171143,success
2244,2000,8,3,2.0,4.0,0.1,0.9800000000000004,7.999999999999998,4,0,416,84,0,0.38740726811953696,0.1566005048889855,success
2245,2000,8,3,2.0,4.0,0.1,0.9800000000000004,8.2,4,0,416,84,0,0.388303047440827,0.15832426473956662,success
2246,2000,8,3,2.0,4.0,0.1,0.9800000000000004,8.399999999999999,4,0,416,84,0,0.3875319644285645,0.15697478008203716,success
2247,2000,8,3,2.0,4.0,0.1,0.9800000000000004,8.599999999999998,4,0,416,84,0,0.3876760048217262,0.1570882596159815,success
2248,2000,8,3,2.0,4.0,0.1,0.9800000000000004,8.799999999999997,4,0,416,84,0,0.38774828148944784,0.15741767195238066,success
2249,2000,8,3,2.0,4.0,0.1,0.9800000000000004,8.999999999999998,4,0,416,84,0,0.38831463315220305,0.15896389142545037,success
2250,2000,8,3,2.0,4.0,0.1,0.9800000000000004,9.199999999999998,4,0,416,84,0,0.38814293674845207,0.15879709159711394,success
2251,2000,8,3,2.0,4.0,0.1,0.9800000000000004,9.399999999999999,4,0,416,84,0,0.38787022296257834,0.15833124091527212,success
2252,2000,8,3,2.0,4.0,0.1,0.9800000000000004,9.599999999999998,4,0,416,84,0,0.3883769267473384,0.15955606759672877,success
2253,2000,8,3,2.0,4.0,0.1,0.9800000000000004,9.799999999999997,4,0,416,84,0,0.388937780482773,0.160585356253108,success
2255,2000,8,3,2.0,4.0,0.1,0.9900000000000004,1.0,4,292,208,0,0,,,success
2256,2000,8,3,2.0,4.0,0.1,0.9900000000000004,1.2,4,218,223,59,0,0.9123617885233416,0.19436457300739235,success
2257,2000,8,3,2.0,4.0,0.1,0.9900000000000004,1.4,4,161,259,80,0,0.8320633808259335,0.24500956491621848,success
2254,2000,8,3,2.0,4.0,0.1,0.9800000000000004,9.999999999999998,4,0,416,84,0,0.38827838658377606,0.15900573978084548,success
2258,2000,8,3,2.0,4.0,0.1,0.9900000000000004,1.5999999999999999,4,131,263,106,0,0.8243921060068249,0.25095718752506196,success
2259,2000,8,3,2.0,4.0,0.1,0.9900000000000004,1.7999999999999998,4,96,290,114,0,0.7727347310471925,0.24904896002548882,success
2260,2000,8,3,2.0,4.0,0.1,0.9900000000000004,1.9999999999999998,4,69,312,119,0,0.7429532860032796,0.25602617858535387,success
2261,2000,8,3,2.0,4.0,0.1,0.9900000000000004,2.1999999999999997,4,44,332,124,0,0.7109186208937617,0.26593637722267277,success
2262,2000,8,3,2.0,4.0,0.1,0.9900000000000004,2.3999999999999995,4,22,368,110,0,0.6360348770599592,0.2673492051818139,success
2263,2000,8,3,2.0,4.0,0.1,0.9900000000000004,2.5999999999999996,4,11,391,98,0,0.5974402095228805,0.25103830815580114,success
2264,2000,8,3,2.0,4.0,0.1,0.9900000000000004,2.8,4,3,404,93,0,0.5322985009904442,0.230470240645503,success
2266,2000,8,3,2.0,4.0,0.1,0.9900000000000004,3.1999999999999993,4,1,415,84,0,0.4417195234323863,0.16813468641400253,success
2265,2000,8,3,2.0,4.0,0.1,0.9900000000000004,2.9999999999999996,4,0,411,89,0,0.48114413552319363,0.19187345455479415,success
2267,2000,8,3,2.0,4.0,0.1,0.9900000000000004,3.3999999999999995,4,1,414,85,0,0.42285301764507305,0.16908100078355004,success
2268,2000,8,3,2.0,4.0,0.1,0.9900000000000004,3.5999999999999996,4,1,414,85,0,0.4139107827672014,0.17441768882150785,success
2269,2000,8,3,2.0,4.0,0.1,0.9900000000000004,3.7999999999999994,4,0,415,85,0,0.4138631128258987,0.16161483698741338,success
2270,2000,8,3,2.0,4.0,0.1,0.9900000000000004,3.999999999999999,4,0,415,85,0,0.4089775889228495,0.17584574477341014,success
2273,2000,8,3,2.0,4.0,0.1,0.9900000000000004,4.6,4,0,418,82,0,0.39347149209296156,0.15630768816577018,success
2272,2000,8,3,2.0,4.0,0.1,0.9900000000000004,4.3999999999999995,4,0,417,83,0,0.3970436916486037,0.15478173234186346,success
2271,2000,8,3,2.0,4.0,0.1,0.9900000000000004,4.199999999999999,4,0,417,83,0,0.40295869903598885,0.15699836113023877,success
2275,2000,8,3,2.0,4.0,0.1,0.9900000000000004,4.999999999999999,4,0,416,84,0,0.39551843052961205,0.16160714199918094,success
2274,2000,8,3,2.0,4.0,0.1,0.9900000000000004,4.799999999999999,4,0,414,86,0,0.4172569174303751,0.1909495790341304,success
2276,2000,8,3,2.0,4.0,0.1,0.9900000000000004,5.199999999999999,4,0,416,84,0,0.39034319547543916,0.15772969118481522,success
2277,2000,8,3,2.0,4.0,0.1,0.9900000000000004,5.399999999999999,4,0,416,84,0,0.38895452239395295,0.1561345859674391,success
2278,2000,8,3,2.0,4.0,0.1,0.9900000000000004,5.599999999999999,4,0,416,84,0,0.39088180690080965,0.16116422022851892,success
2280,2000,8,3,2.0,4.0,0.1,0.9900000000000004,5.999999999999999,4,0,416,84,0,0.39049376066584074,0.15961000301488076,success
2279,2000,8,3,2.0,4.0,0.1,0.9900000000000004,5.799999999999999,4,0,416,84,0,0.38979378740274206,0.15868483950087647,success
2281,2000,8,3,2.0,4.0,0.1,0.9900000000000004,6.199999999999999,4,0,416,84,0,0.3871587589419339,0.1536679707790034,success
2282,2000,8,3,2.0,4.0,0.1,0.9900000000000004,6.399999999999999,4,0,416,84,0,0.38837118697941236,0.15681707591732166,success
2283,2000,8,3,2.0,4.0,0.1,0.9900000000000004,6.599999999999999,4,0,416,84,0,0.38971248906929196,0.15916935239874272,success
2284,2000,8,3,2.0,4.0,0.1,0.9900000000000004,6.799999999999999,4,0,416,84,0,0.3889834627573854,0.15799074382862005,success
2285,2000,8,3,2.0,4.0,0.1,0.9900000000000004,6.999999999999998,4,0,416,84,0,0.38876133593748435,0.1579689688345889,success
2286,2000,8,3,2.0,4.0,0.1,0.9900000000000004,7.199999999999998,4,0,416,84,0,0.38729697423322673,0.15587773983863917,success
2287,2000,8,3,2.0,4.0,0.1,0.9900000000000004,7.399999999999999,4,0,416,84,0,0.38741218795837173,0.15586138420614387,success
2288,2000,8,3,2.0,4.0,0.1,0.9900000000000004,7.599999999999999,4,0,416,84,0,0.38860050791277556,0.15829190183261999,success
2289,2000,8,3,2.0,4.0,0.1,0.9900000000000004,7.799999999999999,4,0,416,84,0,0.3876735588128954,0.1575681508328296,success
2290,2000,8,3,2.0,4.0,0.1,0.9900000000000004,7.999999999999998,4,0,416,84,0,0.3875312588855911,0.15670301691069902,success
2291,2000,8,3,2.0,4.0,0.1,0.9900000000000004,8.2,4,0,416,84,0,0.3878243176870582,0.1573066191569626,success
2292,2000,8,3,2.0,4.0,0.1,0.9900000000000004,8.399999999999999,4,0,416,84,0,0.3879173726343731,0.1575594682667554,success
2293,2000,8,3,2.0,4.0,0.1,0.9900000000000004,8.599999999999998,4,0,416,84,0,0.38782137184033455,0.15712391844114404,success
2294,2000,8,3,2.0,4.0,0.1,0.9900000000000004,8.799999999999997,4,0,416,84,0,0.38781924169897325,0.15765909513959994,success
2295,2000,8,3,2.0,4.0,0.1,0.9900000000000004,8.999999999999998,4,0,416,84,0,0.3886451691729382,0.15974452340807258,success
2296,2000,8,3,2.0,4.0,0.1,0.9900000000000004,9.199999999999998,4,0,416,84,0,0.3884651032207511,0.15932934510636113,success
2297,2000,8,3,2.0,4.0,0.1,0.9900000000000004,9.399999999999999,4,0,416,84,0,0.38829386219208073,0.1589901855877341,success
2298,2000,8,3,2.0,4.0,0.1,0.9900000000000004,9.599999999999998,4,0,416,84,0,0.38836707559138567,0.15937013572564887,success
2299,2000,8,3,2.0,4.0,0.1,0.9900000000000004,9.799999999999997,4,0,416,84,0,0.3885715235936401,0.15966969400621822,success
2301,2000,8,3,2.0,4.0,0.1,1.0000000000000004,1.0,4,292,208,0,0,,,success
2302,2000,8,3,2.0,4.0,0.1,1.0000000000000004,1.2,4,218,223,59,0,0.9123617885233416,0.19436457300739235,success
2303,2000,8,3,2.0,4.0,0.1,1.0000000000000004,1.4,4,161,259,80,0,0.8320633808259335,0.24500956491621848,success
2304,2000,8,3,2.0,4.0,0.1,1.0000000000000004,1.5999999999999999,4,131,263,106,0,0.8269890161970948,0.24606941164598486,success
2305,2000,8,3,2.0,4.0,0.1,1.0000000000000004,1.7999999999999998,4,96,290,114,0,0.7727347310471925,0.24904896002548882,success
2300,2000,8,3,2.0,4.0,0.1,0.9900000000000004,9.999999999999998,4,0,416,84,0,0.38820778880070445,0.15880210304911827,success
2306,2000,8,3,2.0,4.0,0.1,1.0000000000000004,1.9999999999999998,4,70,311,119,0,0.7429532860032796,0.25602617858535387,success
2307,2000,8,3,2.0,4.0,0.1,1.0000000000000004,2.1999999999999997,4,44,332,124,0,0.7148385295342448,0.26659070030952386,success
2308,2000,8,3,2.0,4.0,0.1,1.0000000000000004,2.3999999999999995,4,22,368,110,0,0.63881589311475,0.26818331210170604,success
2309,2000,8,3,2.0,4.0,0.1,1.0000000000000004,2.5999999999999996,4,11,390,99,0,0.5946513611746477,0.2518280715253469,success
2310,2000,8,3,2.0,4.0,0.1,1.0000000000000004,2.8,4,3,403,94,0,0.5314392913601591,0.2294481835799353,success
2311,2000,8,3,2.0,4.0,0.1,1.0000000000000004,2.9999999999999996,4,0,410,90,0,0.4836004078792257,0.1912673800545967,success
2312,2000,8,3,2.0,4.0,0.1,1.0000000000000004,3.1999999999999993,4,1,414,85,0,0.443187540561555,0.1675064892692915,success
2313,2000,8,3,2.0,4.0,0.1,1.0000000000000004,3.3999999999999995,4,1,413,86,0,0.4244706431565678,0.16795019161360406,success
2314,2000,8,3,2.0,4.0,0.1,1.0000000000000004,3.5999999999999996,4,1,413,86,0,0.414913904347285,0.1737449359676221,success
2318,2000,8,3,2.0,4.0,0.1,1.0000000000000004,4.3999999999999995,4,0,415,85,0,0.404618681815655,0.16518722596985008,success
2317,2000,8,3,2.0,4.0,0.1,1.0000000000000004,4.199999999999999,4,0,416,84,0,0.4037920511779681,0.1559641154888068,success
2315,2000,8,3,2.0,4.0,0.1,1.0000000000000004,3.7999999999999994,4,0,414,86,0,0.41460858883182483,0.16089014151441686,success
2316,2000,8,3,2.0,4.0,0.1,1.0000000000000004,3.999999999999999,4,0,414,86,0,0.40953884026340487,0.17459444888456774,success
2319,2000,8,3,2.0,4.0,0.1,1.0000000000000004,4.6,4,0,417,83,0,0.3943996048112674,0.15525474433220565,success
2321,2000,8,3,2.0,4.0,0.1,1.0000000000000004,4.999999999999999,4,0,415,85,0,0.39665620825566583,0.16010422593001142,success
2320,2000,8,3,2.0,4.0,0.1,1.0000000000000004,4.799999999999999,4,0,415,85,0,0.4048807712237702,0.17136035959300588,success
2323,2000,8,3,2.0,4.0,0.1,1.0000000000000004,5.399999999999999,4,0,415,85,0,0.3899531033222864,0.15500151037463622,success
2322,2000,8,3,2.0,4.0,0.1,1.0000000000000004,5.199999999999999,4,0,415,85,0,0.39148852079045504,0.15656991649318,success
2324,2000,8,3,2.0,4.0,0.1,1.0000000000000004,5.599999999999999,4,0,415,85,0,0.3921535357217716,0.16042729749721174,success
2325,2000,8,3,2.0,4.0,0.1,1.0000000000000004,5.799999999999999,4,0,415,85,0,0.3911309468887914,0.1580853129706057,success
2326,2000,8,3,2.0,4.0,0.1,1.0000000000000004,5.999999999999999,4,0,415,85,0,0.39136510001079916,0.1584392931397774,success
2327,2000,8,3,2.0,4.0,0.1,1.0000000000000004,6.199999999999999,4,0,415,85,0,0.3882214805077144,0.152915491809888,success
2328,2000,8,3,2.0,4.0,0.1,1.0000000000000004,6.399999999999999,4,0,415,85,0,0.3895808277409142,0.15594560843330837,success
2329,2000,8,3,2.0,4.0,0.1,1.0000000000000004,6.599999999999999,4,0,415,85,0,0.39076547279130275,0.15803430093252116,success
2330,2000,8,3,2.0,4.0,0.1,1.0000000000000004,6.799999999999999,4,0,415,85,0,0.38992630886669216,0.1566341183946322,success
2332,2000,8,3,2.0,4.0,0.1,1.0000000000000004,7.199999999999998,4,0,415,85,0,0.3885083869893962,0.154952725371083,success
2333,2000,8,3,2.0,4.0,0.1,1.0000000000000004,7.399999999999999,4,0,415,85,0,0.3885148409467413,0.1547148196286417,success
2331,2000,8,3,2.0,4.0,0.1,1.0000000000000004,6.999999999999998,4,0,415,85,0,0.3901111648592482,0.15737634726471772,success
2334,2000,8,3,2.0,4.0,0.1,1.0000000000000004,7.599999999999999,4,0,415,85,0,0.38975477296907746,0.15727295490159146,success
2335,2000,8,3,2.0,4.0,0.1,1.0000000000000004,7.799999999999999,4,0,415,85,0,0.3883636814422776,0.1555871607269733,success
2336,2000,8,3,2.0,4.0,0.1,1.0000000000000004,7.999999999999998,4,0,415,85,0,0.3883305917425357,0.15499863303826406,success
2338,2000,8,3,2.0,4.0,0.1,1.0000000000000004,8.399999999999999,4,0,415,85,0,0.38876057032396827,0.1558979585849602,success
2337,2000,8,3,2.0,4.0,0.1,1.0000000000000004,8.2,4,0,415,85,0,0.3886172082124457,0.1555582718395639,success
2339,2000,8,3,2.0,4.0,0.1,1.0000000000000004,8.599999999999998,4,0,415,85,0,0.3888643805280376,0.15578239228240076,success
2340,2000,8,3,2.0,4.0,0.1,1.0000000000000004,8.799999999999997,4,0,415,85,0,0.38844292720564627,0.15548375279743712,success
2341,2000,8,3,2.0,4.0,0.1,1.0000000000000004,8.999999999999998,4,0,415,85,0,0.3896398286739001,0.15843535293402142,success
2342,2000,8,3,2.0,4.0,0.1,1.0000000000000004,9.199999999999998,4,0,415,85,0,0.3898236615118656,0.15913814947309998,success
2343,2000,8,3,2.0,4.0,0.1,1.0000000000000004,9.399999999999999,4,0,415,85,0,0.389517137429516,0.1584486867335899,success
2344,2000,8,3,2.0,4.0,0.1,1.0000000000000004,9.599999999999998,4,0,415,85,0,0.3892351447043512,0.15777491975619004,success
2345,2000,8,3,2.0,4.0,0.1,1.0000000000000004,9.799999999999997,4,0,415,85,0,0.389521617626784,0.158061433090141,success
2346,2000,8,3,2.0,4.0,0.1,1.0000000000000004,9.999999999999998,4,0,415,85,0,0.3895710626525561,0.15825654569769945,success
