combination_id,n,k,p,q,thrshld,p1,p2,beta,seeds,case_A_count,case_B_count,case_C_count,case_Invalid_count,delta_star_mean,delta_star_std,status
1,2000,8,1,6.0,2.0,0.1,0.6,1.0,2,448,52,0,0,,,success
2,2000,8,1,6.0,2.0,0.1,0.6,1.2,2,397,79,24,0,0.9093769601152353,0.19113214839732048,success
3,2000,8,1,6.0,2.0,0.1,0.6,1.4,2,349,104,47,0,0.8157908720023411,0.28222153781584497,success
4,2000,8,1,6.0,2.0,0.1,0.6,1.5999999999999999,2,316,111,73,0,0.8204147110715936,0.24876609365124563,success
5,2000,8,1,6.0,2.0,0.1,0.6,1.7999999999999998,2,294,117,89,0,0.7678431716977029,0.24912105114547958,success
6,2000,8,1,6.0,2.0,0.1,0.6,1.9999999999999998,2,306,102,92,0,0.7989229969621094,0.23590064038641237,success
7,2000,8,1,6.0,2.0,0.1,0.6,2.1999999999999997,2,288,90,122,0,0.7627557796453543,0.23797854592788764,success
23,2000,8,1,6.0,2.0,0.1,0.6,5.399999999999999,2,306,65,129,0,0.46237883943628016,0.17028831566905017,success
28,2000,8,1,6.0,2.0,0.1,0.6,6.399999999999999,2,303,66,131,0,0.45959417791663393,0.17195243581541586,success
22,2000,8,1,6.0,2.0,0.1,0.6,5.199999999999999,2,306,64,130,0,0.4642345535353871,0.16368760222003428,success
24,2000,8,1,6.0,2.0,0.1,0.6,5.599999999999999,2,303,60,137,0,0.47258759660325916,0.17568375113322365,success
25,2000,8,1,6.0,2.0,0.1,0.6,5.799999999999999,2,304,61,135,0,0.459858525666428,0.1687205553653668,success
29,2000,8,1,6.0,2.0,0.1,0.6,6.599999999999999,2,305,64,131,0,0.45420094442800363,0.1668234899680653,success
31,2000,8,1,6.0,2.0,0.1,0.6,6.999999999999998,2,307,70,123,0,0.44104018349991514,0.15490550148061516,success
26,2000,8,1,6.0,2.0,0.1,0.6,5.999999999999999,2,306,63,131,0,0.4605883208862899,0.17302349415463006,success
27,2000,8,1,6.0,2.0,0.1,0.6,6.199999999999999,2,304,64,132,0,0.45216218130911107,0.16113900587894817,success
30,2000,8,1,6.0,2.0,0.1,0.6,6.799999999999999,2,304,66,130,0,0.44647361671168706,0.15766649807618105,success
17,2000,8,1,6.0,2.0,0.1,0.6,4.199999999999999,2,306,56,138,0,0.4698783901517881,0.17403606044692602,success
20,2000,8,1,6.0,2.0,0.1,0.6,4.799999999999999,2,304,58,138,0,0.4749849310513387,0.1760743187734678,success
18,2000,8,1,6.0,2.0,0.1,0.6,4.3999999999999995,2,306,57,137,0,0.47691791095558317,0.18235928987245859,success
21,2000,8,1,6.0,2.0,0.1,0.6,4.999999999999999,2,306,60,134,0,0.4669040155921422,0.1734875277659531,success
32,2000,8,1,6.0,2.0,0.1,0.6,7.199999999999998,2,307,71,122,0,0.4385958530274119,0.15156754407344178,success
16,2000,8,1,6.0,2.0,0.1,0.6,3.999999999999999,2,305,60,135,0,0.46454318939716444,0.16275062952899122,success
15,2000,8,1,6.0,2.0,0.1,0.6,3.7999999999999994,2,308,55,137,0,0.5055713238596801,0.1632526770391374,success
19,2000,8,1,6.0,2.0,0.1,0.6,4.6,2,303,57,140,0,0.4715693898689014,0.1725343074451224,success
14,2000,8,1,6.0,2.0,0.1,0.6,3.5999999999999996,2,303,55,142,0,0.5061728939956954,0.170144478681196,success
8,2000,8,1,6.0,2.0,0.1,0.6,2.3999999999999995,2,275,78,147,0,0.7137951025347171,0.2288580527588791,success
13,2000,8,1,6.0,2.0,0.1,0.6,3.3999999999999995,2,299,51,150,0,0.5345515759375242,0.18499414751737867,success
12,2000,8,1,6.0,2.0,0.1,0.6,3.1999999999999993,2,301,53,146,0,0.5561902524299703,0.18584006042416412,success
11,2000,8,1,6.0,2.0,0.1,0.6,2.9999999999999996,2,301,50,149,0,0.5756879864315562,0.19451006481868394,success
10,2000,8,1,6.0,2.0,0.1,0.6,2.8,2,298,48,154,0,0.6118721089211144,0.21969493632034448,success
9,2000,8,1,6.0,2.0,0.1,0.6,2.5999999999999996,2,284,48,168,0,0.6553424221286935,0.22495827101072127,success
33,2000,8,1,6.0,2.0,0.1,0.6,7.399999999999999,2,306,69,125,0,0.44257621839712435,0.15410693289057523,success
34,2000,8,1,6.0,2.0,0.1,0.6,7.599999999999999,2,307,68,125,0,0.455294701662655,0.17135070917401465,success
47,2000,8,1,6.0,2.1,0.1,0.6,1.0,3,435,65,0,0,,,success
36,2000,8,1,6.0,2.0,0.1,0.6,7.999999999999998,2,307,66,127,0,0.4556425115682423,0.16637893466884893,success
49,2000,8,1,6.0,2.1,0.1,0.6,1.4,3,324,99,77,0,0.788261666327419,0.26171732214958315,success
48,2000,8,1,6.0,2.1,0.1,0.6,1.2,3,365,85,50,0,0.8810985722105599,0.2327098610045735,success
35,2000,8,1,6.0,2.0,0.1,0.6,7.799999999999999,2,305,68,127,0,0.4576444987614617,0.17498426830130587,success
51,2000,8,1,6.0,2.1,0.1,0.6,1.7999999999999998,3,278,106,116,0,0.7767399224544573,0.2524056688360451,success
50,2000,8,1,6.0,2.1,0.1,0.6,1.5999999999999999,3,302,105,93,0,0.7971093319190866,0.25365156778959297,success
37,2000,8,1,6.0,2.0,0.1,0.6,8.2,2,307,68,125,0,0.44951899928798045,0.1609849647257408,success
38,2000,8,1,6.0,2.0,0.1,0.6,8.399999999999999,2,307,66,127,0,0.4535583913842859,0.16138614537746995,success
52,2000,8,1,6.0,2.1,0.1,0.6,1.9999999999999998,3,285,97,118,0,0.7800430638877784,0.23420360518530836,success
39,2000,8,1,6.0,2.0,0.1,0.6,8.599999999999998,2,307,66,127,0,0.45524177123343096,0.16307075367546034,success
41,2000,8,1,6.0,2.0,0.1,0.6,8.999999999999998,2,307,65,128,0,0.457799862183878,0.16640090093927626,success
45,2000,8,1,6.0,2.0,0.1,0.6,9.799999999999997,2,307,67,126,0,0.454597676007596,0.16513473086512892,success
44,2000,8,1,6.0,2.0,0.1,0.6,9.599999999999998,2,307,65,128,0,0.4600571956514373,0.17066366086040585,success
53,2000,8,1,6.0,2.1,0.1,0.6,2.1999999999999997,3,288,65,147,0,0.747614421249574,0.2528593435369398,success
40,2000,8,1,6.0,2.0,0.1,0.6,8.799999999999997,2,307,66,127,0,0.4585165905525675,0.1688462457864152,success
42,2000,8,1,6.0,2.0,0.1,0.6,9.199999999999998,2,307,66,127,0,0.45643199566800596,0.16734792104500315,success
43,2000,8,1,6.0,2.0,0.1,0.6,9.399999999999999,2,307,65,128,0,0.4611415903592513,0.172762568241795,success
46,2000,8,1,6.0,2.0,0.1,0.6,9.999999999999998,2,307,66,127,0,0.46016575386626263,0.17300983660343489,success
60,2000,8,1,6.0,2.1,0.1,0.6,3.5999999999999996,3,314,44,142,0,0.4805257876186134,0.15219228762154413,success
59,2000,8,1,6.0,2.1,0.1,0.6,3.3999999999999995,3,313,39,148,0,0.4975895749895453,0.1527607119093579,success
61,2000,8,1,6.0,2.1,0.1,0.6,3.7999999999999994,3,320,38,142,0,0.47467582819368404,0.15111015868502162,success
62,2000,8,1,6.0,2.1,0.1,0.6,3.999999999999999,3,316,47,137,0,0.45011973237821323,0.15929197864872435,success
58,2000,8,1,6.0,2.1,0.1,0.6,3.1999999999999993,3,307,31,162,0,0.5104673167014108,0.1793584059828113,success
57,2000,8,1,6.0,2.1,0.1,0.6,2.9999999999999996,3,310,39,151,0,0.5377238855948994,0.19132973618625448,success
63,2000,8,1,6.0,2.1,0.1,0.6,4.199999999999999,3,317,43,140,0,0.4663204038020702,0.16679683888736133,success
54,2000,8,1,6.0,2.1,0.1,0.6,2.3999999999999995,3,299,48,153,0,0.6979570518605702,0.22220028551143212,success
64,2000,8,1,6.0,2.1,0.1,0.6,4.3999999999999995,3,313,46,141,0,0.45971251353983833,0.1693550757032317,success
56,2000,8,1,6.0,2.1,0.1,0.6,2.8,3,314,34,152,0,0.5721885318733012,0.19917310177107678,success
55,2000,8,1,6.0,2.1,0.1,0.6,2.5999999999999996,3,297,44,159,0,0.6244345505590846,0.21069470571725088,success
65,2000,8,1,6.0,2.1,0.1,0.6,4.6,3,309,41,150,0,0.4583011949198563,0.16329209105142523,success
67,2000,8,1,6.0,2.1,0.1,0.6,4.999999999999999,3,315,47,138,0,0.4434105942838494,0.16020528322995858,success
66,2000,8,1,6.0,2.1,0.1,0.6,4.799999999999999,3,311,48,141,0,0.4472884115258963,0.16337981983833966,success
68,2000,8,1,6.0,2.1,0.1,0.6,5.199999999999999,3,314,50,136,0,0.4352145990110363,0.15070000226561603,success
73,2000,8,1,6.0,2.1,0.1,0.6,6.199999999999999,3,313,50,137,0,0.43267780986371485,0.17418163300193568,success
72,2000,8,1,6.0,2.1,0.1,0.6,5.999999999999999,3,314,49,137,0,0.43459785276365953,0.17455490997767345,success
70,2000,8,1,6.0,2.1,0.1,0.6,5.599999999999999,3,312,48,140,0,0.4422589833006662,0.16160865237818006,success
69,2000,8,1,6.0,2.1,0.1,0.6,5.399999999999999,3,314,52,134,0,0.4356073379762972,0.16005241854111835,success
71,2000,8,1,6.0,2.1,0.1,0.6,5.799999999999999,3,314,46,140,0,0.44071284792225945,0.17038246565968107,success
74,2000,8,1,6.0,2.1,0.1,0.6,6.399999999999999,3,314,46,140,0,0.4434345334017768,0.17323355422452438,success
75,2000,8,1,6.0,2.1,0.1,0.6,6.599999999999999,3,314,47,139,0,0.4360292602923534,0.1729109051937066,success
76,2000,8,1,6.0,2.1,0.1,0.6,6.799999999999999,3,314,50,136,0,0.4277880774780381,0.17301694494160988,success
77,2000,8,1,6.0,2.1,0.1,0.6,6.999999999999998,3,317,53,130,0,0.42186718503573306,0.16038196328950288,success
78,2000,8,1,6.0,2.1,0.1,0.6,7.199999999999998,3,316,50,134,0,0.4299269292983706,0.16820058296688922,success
81,2000,8,1,6.0,2.1,0.1,0.6,7.799999999999999,3,315,53,132,0,0.4248711840003259,0.16114535141338296,success
82,2000,8,1,6.0,2.1,0.1,0.6,7.999999999999998,3,315,52,133,0,0.4260948932634621,0.1613156776902418,success
80,2000,8,1,6.0,2.1,0.1,0.6,7.599999999999999,3,316,49,135,0,0.4328806184078269,0.16963025723257158,success
79,2000,8,1,6.0,2.1,0.1,0.6,7.399999999999999,3,316,49,135,0,0.4322155642999028,0.16848160575810012,success
93,2000,8,1,6.0,2.2,0.1,0.6,1.0,3,435,65,0,0,,,success
94,2000,8,1,6.0,2.2,0.1,0.6,1.2,3,365,85,50,0,0.8877655709605833,0.23121096619823625,success
95,2000,8,1,6.0,2.2,0.1,0.6,1.4,3,324,98,78,0,0.7931621580027314,0.2598802995617533,success
83,2000,8,1,6.0,2.1,0.1,0.6,8.2,3,315,52,133,0,0.42618326249654537,0.1621397336195254,success
84,2000,8,1,6.0,2.1,0.1,0.6,8.399999999999999,3,314,51,135,0,0.43177130465600294,0.167753397758416,success
85,2000,8,1,6.0,2.1,0.1,0.6,8.599999999999998,3,316,53,131,0,0.4231875302414869,0.16177118471662358,success
87,2000,8,1,6.0,2.1,0.1,0.6,8.999999999999998,3,315,52,133,0,0.4284226786579934,0.16460076789175385,success
86,2000,8,1,6.0,2.1,0.1,0.6,8.799999999999997,3,315,52,133,0,0.42727390901104373,0.16286169590795413,success
88,2000,8,1,6.0,2.1,0.1,0.6,9.199999999999998,3,315,52,133,0,0.4285888771003957,0.16474946222024253,success
96,2000,8,1,6.0,2.2,0.1,0.6,1.5999999999999999,3,303,103,94,0,0.8084814030381893,0.2504440965163064,success
89,2000,8,1,6.0,2.1,0.1,0.6,9.399999999999999,3,315,51,134,0,0.4343275230140276,0.17292249115654343,success
90,2000,8,1,6.0,2.1,0.1,0.6,9.599999999999998,3,315,52,133,0,0.4297506038764208,0.16624359263637084,success
91,2000,8,1,6.0,2.1,0.1,0.6,9.799999999999997,3,315,51,134,0,0.431937496736399,0.16962785020565002,success
92,2000,8,1,6.0,2.1,0.1,0.6,9.999999999999998,3,315,52,133,0,0.42888154125713196,0.16569398885219797,success
97,2000,8,1,6.0,2.2,0.1,0.6,1.7999999999999998,3,283,102,115,0,0.7843962586519284,0.2514706045228814,success
98,2000,8,1,6.0,2.2,0.1,0.6,1.9999999999999998,3,283,95,122,0,0.7697941718085858,0.24001039494660972,success
99,2000,8,1,6.0,2.2,0.1,0.6,2.1999999999999997,3,288,62,150,0,0.7630647058676447,0.2476623136116922,success
105,2000,8,1,6.0,2.2,0.1,0.6,3.3999999999999995,3,315,38,147,0,0.5135589335173737,0.1575796931823686,success
104,2000,8,1,6.0,2.2,0.1,0.6,3.1999999999999993,3,310,33,157,0,0.5187012620195031,0.18385519591211977,success
108,2000,8,1,6.0,2.2,0.1,0.6,3.999999999999999,3,321,53,126,0,0.4458852644197335,0.13776586555193074,success
107,2000,8,1,6.0,2.2,0.1,0.6,3.7999999999999994,3,323,43,134,0,0.47403537327530204,0.14147432637767052,success
106,2000,8,1,6.0,2.2,0.1,0.6,3.5999999999999996,3,319,44,137,0,0.4979065216197282,0.15107904683502904,success
109,2000,8,1,6.0,2.2,0.1,0.6,4.199999999999999,3,322,46,132,0,0.4654501634295512,0.14578729086743533,success
100,2000,8,1,6.0,2.2,0.1,0.6,2.3999999999999995,3,295,47,158,0,0.7094661363579658,0.2145998887510839,success
111,2000,8,1,6.0,2.2,0.1,0.6,4.6,3,316,45,139,0,0.46392209670544815,0.1521026826906502,success
103,2000,8,1,6.0,2.2,0.1,0.6,2.9999999999999996,3,311,36,153,0,0.5531417115080408,0.19130961219229584,success
110,2000,8,1,6.0,2.2,0.1,0.6,4.3999999999999995,3,321,45,134,0,0.4693424165760482,0.15066509810674855,success
102,2000,8,1,6.0,2.2,0.1,0.6,2.8,3,317,27,156,0,0.5799728129117308,0.20306117279057173,success
113,2000,8,1,6.0,2.2,0.1,0.6,4.999999999999999,3,319,44,137,0,0.46139573864799666,0.16551855322466036,success
112,2000,8,1,6.0,2.2,0.1,0.6,4.799999999999999,3,318,49,133,0,0.460147104269104,0.1570400681977608,success
117,2000,8,1,6.0,2.2,0.1,0.6,5.799999999999999,3,320,47,133,0,0.44909264936465915,0.16193219684431184,success
116,2000,8,1,6.0,2.2,0.1,0.6,5.599999999999999,3,320,48,132,0,0.454983503525237,0.16628606645758148,success
114,2000,8,1,6.0,2.2,0.1,0.6,5.199999999999999,3,319,47,134,0,0.44707833560314697,0.15255225183668916,success
118,2000,8,1,6.0,2.2,0.1,0.6,5.999999999999999,3,320,47,133,0,0.44909304774663333,0.17268365689467688,success
115,2000,8,1,6.0,2.2,0.1,0.6,5.399999999999999,3,318,46,136,0,0.4539213212658276,0.16260392857679937,success
119,2000,8,1,6.0,2.2,0.1,0.6,6.199999999999999,3,318,46,136,0,0.44698477554532706,0.16660913325779872,success
120,2000,8,1,6.0,2.2,0.1,0.6,6.399999999999999,3,320,48,132,0,0.4401079633164195,0.15337216314849034,success
101,2000,8,1,6.0,2.2,0.1,0.6,2.5999999999999996,3,301,44,155,0,0.6374397122557172,0.20522961083603963,success
121,2000,8,1,6.0,2.2,0.1,0.6,6.599999999999999,3,319,50,131,0,0.4475389066730361,0.17867215344466883,success
124,2000,8,1,6.0,2.2,0.1,0.6,7.199999999999998,3,321,49,130,0,0.44041393041286275,0.1638482523424845,success
122,2000,8,1,6.0,2.2,0.1,0.6,6.799999999999999,3,318,51,131,0,0.4385939262681252,0.1713648810566634,success
123,2000,8,1,6.0,2.2,0.1,0.6,6.999999999999998,3,322,48,130,0,0.44433436563087786,0.16818574495987337,success
125,2000,8,1,6.0,2.2,0.1,0.6,7.399999999999999,3,321,47,132,0,0.44554823893234824,0.16894499814777922,success
126,2000,8,1,6.0,2.2,0.1,0.6,7.599999999999999,3,321,47,132,0,0.44835074346346065,0.1740932433115879,success
128,2000,8,1,6.0,2.2,0.1,0.6,7.999999999999998,3,320,46,134,0,0.44848152570646205,0.16914099193869533,success
127,2000,8,1,6.0,2.2,0.1,0.6,7.799999999999999,3,320,47,133,0,0.445786911008253,0.1652162650065262,success
129,2000,8,1,6.0,2.2,0.1,0.6,8.2,3,320,46,134,0,0.4444386722883671,0.16206036213819786,success
130,2000,8,1,6.0,2.2,0.1,0.6,8.399999999999999,3,320,45,135,0,0.448437982008416,0.16603053923852204,success
131,2000,8,1,6.0,2.2,0.1,0.6,8.599999999999998,3,320,47,133,0,0.4450688004518353,0.16747646000495225,success
139,2000,8,1,6.0,2.3000000000000003,0.1,0.6,1.0,3,435,65,0,0,,,success
140,2000,8,1,6.0,2.3000000000000003,0.1,0.6,1.2,3,365,86,49,0,0.8854750724087584,0.23303314292922978,success
142,2000,8,1,6.0,2.3000000000000003,0.1,0.6,1.5999999999999999,3,300,107,93,0,0.8098437896112427,0.24954154458286318,success
141,2000,8,1,6.0,2.3000000000000003,0.1,0.6,1.4,3,324,98,78,0,0.7931621580027314,0.2598802995617533,success
143,2000,8,1,6.0,2.3000000000000003,0.1,0.6,1.7999999999999998,3,284,102,114,0,0.7836353110494951,0.25105083223307273,success
144,2000,8,1,6.0,2.3000000000000003,0.1,0.6,1.9999999999999998,3,280,93,127,0,0.7731674879721304,0.2353934617073423,success
132,2000,8,1,6.0,2.2,0.1,0.6,8.799999999999997,3,320,46,134,0,0.44932929361815305,0.16928031045759,success
134,2000,8,1,6.0,2.2,0.1,0.6,9.199999999999998,3,320,48,132,0,0.4455741132425631,0.16841843944895618,success
133,2000,8,1,6.0,2.2,0.1,0.6,8.999999999999998,3,320,49,131,0,0.4425678235461878,0.16538598795946158,success
135,2000,8,1,6.0,2.2,0.1,0.6,9.399999999999999,3,320,49,131,0,0.4423829823328003,0.16474750040242958,success
136,2000,8,1,6.0,2.2,0.1,0.6,9.599999999999998,3,320,46,134,0,0.4529519309136833,0.1771075329241941,success
137,2000,8,1,6.0,2.2,0.1,0.6,9.799999999999997,3,320,48,132,0,0.44354088674511927,0.16394103884783234,success
138,2000,8,1,6.0,2.2,0.1,0.6,9.999999999999998,3,320,48,132,0,0.4434252483127452,0.16349662128680256,success
145,2000,8,1,6.0,2.3000000000000003,0.1,0.6,2.1999999999999997,3,287,63,150,0,0.7697861549731393,0.24490337828633718,success
152,2000,8,1,6.0,2.3000000000000003,0.1,0.6,3.5999999999999996,3,316,40,144,0,0.5200301793607823,0.16267730992887264,success
153,2000,8,1,6.0,2.3000000000000003,0.1,0.6,3.7999999999999994,3,323,42,135,0,0.49747310742120443,0.1588561398844087,success
156,2000,8,1,6.0,2.3000000000000003,0.1,0.6,4.3999999999999995,3,323,44,133,0,0.47896587570953364,0.1460211864724177,success
158,2000,8,1,6.0,2.3000000000000003,0.1,0.6,4.799999999999999,3,320,45,135,0,0.47929951125491843,0.15762653949142347,success
154,2000,8,1,6.0,2.3000000000000003,0.1,0.6,3.999999999999999,3,320,48,132,0,0.4807029509560856,0.16429423767364337,success
155,2000,8,1,6.0,2.3000000000000003,0.1,0.6,4.199999999999999,3,321,48,131,0,0.48132825507152577,0.1598397610513418,success
151,2000,8,1,6.0,2.3000000000000003,0.1,0.6,3.3999999999999995,3,313,38,149,0,0.5162496116700136,0.15401306449066623,success
150,2000,8,1,6.0,2.3000000000000003,0.1,0.6,3.1999999999999993,3,310,30,160,0,0.5394234752438722,0.18868987182475816,success
149,2000,8,1,6.0,2.3000000000000003,0.1,0.6,2.9999999999999996,3,316,29,155,0,0.5743420524578479,0.19832130967454134,success
146,2000,8,1,6.0,2.3000000000000003,0.1,0.6,2.3999999999999995,3,292,47,161,0,0.7089173041566355,0.21963773984002832,success
157,2000,8,1,6.0,2.3000000000000003,0.1,0.6,4.6,3,318,45,137,0,0.4680537975811572,0.14153182362079694,success
159,2000,8,1,6.0,2.3000000000000003,0.1,0.6,4.999999999999999,3,323,43,134,0,0.4653785597631519,0.15315231487029532,success
160,2000,8,1,6.0,2.3000000000000003,0.1,0.6,5.199999999999999,3,320,46,134,0,0.45901345372659075,0.15442604787187092,success
148,2000,8,1,6.0,2.3000000000000003,0.1,0.6,2.8,3,321,27,152,0,0.5868150062803794,0.1992867967958547,success
147,2000,8,1,6.0,2.3000000000000003,0.1,0.6,2.5999999999999996,3,298,42,160,0,0.6423282249625107,0.21642162783608948,success
161,2000,8,1,6.0,2.3000000000000003,0.1,0.6,5.399999999999999,3,318,51,131,0,0.4580829864180906,0.15643379265008875,success
162,2000,8,1,6.0,2.3000000000000003,0.1,0.6,5.599999999999999,3,321,52,127,0,0.4542535380240644,0.15141728081957292,success
166,2000,8,1,6.0,2.3000000000000003,0.1,0.6,6.399999999999999,3,324,50,126,0,0.45827973150132073,0.16075293112028793,success
163,2000,8,1,6.0,2.3000000000000003,0.1,0.6,5.799999999999999,3,322,49,129,0,0.4593354893250474,0.16442752904780053,success
164,2000,8,1,6.0,2.3000000000000003,0.1,0.6,5.999999999999999,3,322,49,129,0,0.45684451583827945,0.1653453998583415,success
165,2000,8,1,6.0,2.3000000000000003,0.1,0.6,6.199999999999999,3,322,51,127,0,0.4552676170624392,0.164815064473786,success
167,2000,8,1,6.0,2.3000000000000003,0.1,0.6,6.599999999999999,3,323,49,128,0,0.4621013667956332,0.1752622180305731,success
168,2000,8,1,6.0,2.3000000000000003,0.1,0.6,6.799999999999999,3,322,50,128,0,0.4499976420261762,0.16542456462618407,success
169,2000,8,1,6.0,2.3000000000000003,0.1,0.6,6.999999999999998,3,323,47,130,0,0.455923396287795,0.16072962695054566,success
171,2000,8,1,6.0,2.3000000000000003,0.1,0.6,7.399999999999999,3,322,48,130,0,0.46087922426746014,0.17068982089456475,success
170,2000,8,1,6.0,2.3000000000000003,0.1,0.6,7.199999999999998,3,322,47,131,0,0.4621266569808653,0.16942924856825298,success
172,2000,8,1,6.0,2.3000000000000003,0.1,0.6,7.599999999999999,3,324,52,124,0,0.4457870928032532,0.15435145597096428,success
174,2000,8,1,6.0,2.3000000000000003,0.1,0.6,7.999999999999998,3,321,49,130,0,0.45625447378784273,0.16172669645336019,success
175,2000,8,1,6.0,2.3000000000000003,0.1,0.6,8.2,3,321,47,132,0,0.46112402142556796,0.16742335941853795,success
185,2000,8,1,6.0,2.4000000000000004,0.1,0.6,1.0,3,435,65,0,0,,,success
186,2000,8,1,6.0,2.4000000000000004,0.1,0.6,1.2,3,365,86,49,0,0.8854750724087584,0.23303314292922978,success
173,2000,8,1,6.0,2.3000000000000003,0.1,0.6,7.799999999999999,3,322,49,129,0,0.4509488272240056,0.15394629830297107,success
176,2000,8,1,6.0,2.3000000000000003,0.1,0.6,8.399999999999999,3,321,48,131,0,0.4589970483341874,0.1652030606053733,success
177,2000,8,1,6.0,2.3000000000000003,0.1,0.6,8.599999999999998,3,321,48,131,0,0.4578818390254171,0.16191867274990626,success
187,2000,8,1,6.0,2.4000000000000004,0.1,0.6,1.4,3,323,97,80,0,0.7983331040526631,0.2586193377999743,success
188,2000,8,1,6.0,2.4000000000000004,0.1,0.6,1.5999999999999999,3,299,107,94,0,0.8186114457452356,0.24532232080799227,success
189,2000,8,1,6.0,2.4000000000000004,0.1,0.6,1.7999999999999998,3,285,99,116,0,0.7793724877674527,0.24949924166410553,success
178,2000,8,1,6.0,2.3000000000000003,0.1,0.6,8.799999999999997,3,322,48,130,0,0.461149032648299,0.16885377362310017,success
179,2000,8,1,6.0,2.3000000000000003,0.1,0.6,8.999999999999998,3,322,52,126,0,0.4501659363719552,0.1590019411345854,success
190,2000,8,1,6.0,2.4000000000000004,0.1,0.6,1.9999999999999998,3,282,91,127,0,0.777911161130331,0.23289774022555762,success
182,2000,8,1,6.0,2.3000000000000003,0.1,0.6,9.599999999999998,3,321,49,130,0,0.4600943231750659,0.16839415115288947,success
181,2000,8,1,6.0,2.3000000000000003,0.1,0.6,9.399999999999999,3,322,51,127,0,0.452745177688204,0.1613020025840271,success
180,2000,8,1,6.0,2.3000000000000003,0.1,0.6,9.199999999999998,3,322,50,128,0,0.45644819424197874,0.1659294084548847,success
183,2000,8,1,6.0,2.3000000000000003,0.1,0.6,9.799999999999997,3,322,51,127,0,0.45141978534533156,0.15898697562341255,success
184,2000,8,1,6.0,2.3000000000000003,0.1,0.6,9.999999999999998,3,322,51,127,0,0.45324594947059565,0.16280894477884222,success
191,2000,8,1,6.0,2.4000000000000004,0.1,0.6,2.1999999999999997,3,291,64,145,0,0.7810757539206491,0.24150909292465833,success
192,2000,8,1,6.0,2.4000000000000004,0.1,0.6,2.3999999999999995,3,294,48,158,0,0.7103831649213609,0.21406943313861365,success
199,2000,8,1,6.0,2.4000000000000004,0.1,0.6,3.7999999999999994,3,319,40,141,0,0.5233764112498221,0.1738022932401481,success
197,2000,8,1,6.0,2.4000000000000004,0.1,0.6,3.3999999999999995,3,312,36,152,0,0.5428500803474573,0.1647909432969859,success
196,2000,8,1,6.0,2.4000000000000004,0.1,0.6,3.1999999999999993,3,311,24,165,0,0.5678637958476844,0.19976547935159966,success
198,2000,8,1,6.0,2.4000000000000004,0.1,0.6,3.5999999999999996,3,319,41,140,0,0.526687361947633,0.15765826562765542,success
193,2000,8,1,6.0,2.4000000000000004,0.1,0.6,2.5999999999999996,3,305,42,153,0,0.6487093203377475,0.2193979250911792,success
195,2000,8,1,6.0,2.4000000000000004,0.1,0.6,2.9999999999999996,3,317,26,157,0,0.5945120116016294,0.2003798240227245,success
200,2000,8,1,6.0,2.4000000000000004,0.1,0.6,3.999999999999999,3,317,47,136,0,0.5000038514456362,0.17057666301482893,success
201,2000,8,1,6.0,2.4000000000000004,0.1,0.6,4.199999999999999,3,319,43,138,0,0.5025902012185234,0.1698940822681902,success
202,2000,8,1,6.0,2.4000000000000004,0.1,0.6,4.3999999999999995,3,318,47,135,0,0.4969919805850293,0.16229067440738884,success
203,2000,8,1,6.0,2.4000000000000004,0.1,0.6,4.6,3,322,43,135,0,0.4833887720584412,0.1436019759620878,success
194,2000,8,1,6.0,2.4000000000000004,0.1,0.6,2.8,3,320,24,156,0,0.5929222782471487,0.206378578883163,success
210,2000,8,1,6.0,2.4000000000000004,0.1,0.6,5.999999999999999,3,321,47,132,0,0.47097854556583135,0.17890606474317994,success
205,2000,8,1,6.0,2.4000000000000004,0.1,0.6,4.999999999999999,3,322,49,129,0,0.4602279936306191,0.15010739577216478,success
209,2000,8,1,6.0,2.4000000000000004,0.1,0.6,5.799999999999999,3,320,55,125,0,0.4531227972703904,0.15124209317622825,success
204,2000,8,1,6.0,2.4000000000000004,0.1,0.6,4.799999999999999,3,319,46,135,0,0.48770242119421636,0.1685765540120684,success
211,2000,8,1,6.0,2.4000000000000004,0.1,0.6,6.199999999999999,3,320,51,129,0,0.4532156539661057,0.15981956063309039,success
206,2000,8,1,6.0,2.4000000000000004,0.1,0.6,5.199999999999999,3,319,50,131,0,0.45406927173803524,0.1516852353175125,success
213,2000,8,1,6.0,2.4000000000000004,0.1,0.6,6.599999999999999,3,319,55,126,0,0.446086790737913,0.1599688593926752,success
208,2000,8,1,6.0,2.4000000000000004,0.1,0.6,5.599999999999999,3,319,50,131,0,0.46839810133285514,0.16971148520259766,success
207,2000,8,1,6.0,2.4000000000000004,0.1,0.6,5.399999999999999,3,319,56,125,0,0.4544787887745777,0.15465082423063145,success
212,2000,8,1,6.0,2.4000000000000004,0.1,0.6,6.399999999999999,3,322,54,124,0,0.4559255654690933,0.1554961428011865,success
214,2000,8,1,6.0,2.4000000000000004,0.1,0.6,6.799999999999999,3,320,50,130,0,0.45462806334925915,0.1756888588350899,success
215,2000,8,1,6.0,2.4000000000000004,0.1,0.6,6.999999999999998,3,320,54,126,0,0.45151222190902834,0.16177339953794478,success
216,2000,8,1,6.0,2.4000000000000004,0.1,0.6,7.199999999999998,3,321,50,129,0,0.4622679610710359,0.1714247283581401,success
217,2000,8,1,6.0,2.4000000000000004,0.1,0.6,7.399999999999999,3,320,51,129,0,0.4602927491711014,0.16774940239620412,success
219,2000,8,1,6.0,2.4000000000000004,0.1,0.6,7.799999999999999,3,320,53,127,0,0.4610972012778245,0.17524648870098034,success
220,2000,8,1,6.0,2.4000000000000004,0.1,0.6,7.999999999999998,3,321,54,125,0,0.4535314968167403,0.16676192315348537,success
222,2000,8,1,6.0,2.4000000000000004,0.1,0.6,8.399999999999999,3,320,54,126,0,0.4517838275011703,0.16161202617904227,success
221,2000,8,1,6.0,2.4000000000000004,0.1,0.6,8.2,3,320,53,127,0,0.4605336242093055,0.1765760107254541,success
218,2000,8,1,6.0,2.4000000000000004,0.1,0.6,7.599999999999999,3,321,57,122,0,0.4459056610867024,0.15860706790245135,success
223,2000,8,1,6.0,2.4000000000000004,0.1,0.6,8.599999999999998,3,319,53,128,0,0.45600854871575236,0.1699466819027985,success
224,2000,8,1,6.0,2.4000000000000004,0.1,0.6,8.799999999999997,3,320,54,126,0,0.4496875108972043,0.16505212151703338,success
231,2000,8,1,6.0,2.5000000000000004,0.1,0.6,1.0,3,437,63,0,0,,,success
233,2000,8,1,6.0,2.5000000000000004,0.1,0.6,1.4,3,325,96,79,0,0.7957803585343424,0.25925555770463493,success
232,2000,8,1,6.0,2.5000000000000004,0.1,0.6,1.2,3,367,84,49,0,0.8854750724087584,0.23303314292922978,success
234,2000,8,1,6.0,2.5000000000000004,0.1,0.6,1.5999999999999999,3,303,105,92,0,0.8136635777972266,0.24826963299503566,success
235,2000,8,1,6.0,2.5000000000000004,0.1,0.6,1.7999999999999998,3,288,99,113,0,0.7792542401184479,0.24829848398880286,success
236,2000,8,1,6.0,2.5000000000000004,0.1,0.6,1.9999999999999998,3,281,93,126,0,0.7900450782196773,0.2269415143008165,success
225,2000,8,1,6.0,2.4000000000000004,0.1,0.6,8.999999999999998,3,320,49,131,0,0.46289118546317015,0.17462835277806799,success
226,2000,8,1,6.0,2.4000000000000004,0.1,0.6,9.199999999999998,3,320,50,130,0,0.46154340571376606,0.17559930426253811,success
227,2000,8,1,6.0,2.4000000000000004,0.1,0.6,9.399999999999999,3,320,49,131,0,0.46586074555461165,0.1803333806278673,success
229,2000,8,1,6.0,2.4000000000000004,0.1,0.6,9.799999999999997,3,320,54,126,0,0.44868565196624405,0.16153344601368144,success
228,2000,8,1,6.0,2.4000000000000004,0.1,0.6,9.599999999999998,3,320,53,127,0,0.4535166479177346,0.16867341742488992,success
230,2000,8,1,6.0,2.4000000000000004,0.1,0.6,9.999999999999998,3,320,54,126,0,0.44994259763030175,0.16407074458568505,success
237,2000,8,1,6.0,2.5000000000000004,0.1,0.6,2.1999999999999997,3,289,64,147,0,0.786827275578166,0.23642681422667175,success
245,2000,8,1,6.0,2.5000000000000004,0.1,0.6,3.7999999999999994,3,315,43,142,0,0.5361952510517838,0.18725690246800675,success
246,2000,8,1,6.0,2.5000000000000004,0.1,0.6,3.999999999999999,3,319,48,133,0,0.490814338805859,0.15101016326262295,success
243,2000,8,1,6.0,2.5000000000000004,0.1,0.6,3.3999999999999995,3,305,37,158,0,0.5547830865818707,0.18037889745399607,success
244,2000,8,1,6.0,2.5000000000000004,0.1,0.6,3.5999999999999996,3,317,43,140,0,0.5410418380325369,0.1630191051119218,success
242,2000,8,1,6.0,2.5000000000000004,0.1,0.6,3.1999999999999993,3,310,23,167,0,0.5798186178192188,0.20344442252801656,success
238,2000,8,1,6.0,2.5000000000000004,0.1,0.6,2.3999999999999995,3,295,52,153,0,0.711327368570457,0.21833267980025098,success
247,2000,8,1,6.0,2.5000000000000004,0.1,0.6,4.199999999999999,3,320,42,138,0,0.5051897835162531,0.15410458511003236,success
248,2000,8,1,6.0,2.5000000000000004,0.1,0.6,4.3999999999999995,3,315,47,138,0,0.5086176080745625,0.1709653992405328,success
250,2000,8,1,6.0,2.5000000000000004,0.1,0.6,4.799999999999999,3,321,48,131,0,0.4843183742139785,0.16238954105466005,success
251,2000,8,1,6.0,2.5000000000000004,0.1,0.6,4.999999999999999,3,325,45,130,0,0.4764023370552065,0.14879258429494369,success
241,2000,8,1,6.0,2.5000000000000004,0.1,0.6,2.9999999999999996,3,317,16,167,0,0.6195466605063953,0.21072003132550368,success
253,2000,8,1,6.0,2.5000000000000004,0.1,0.6,5.399999999999999,3,322,52,126,0,0.471323423651936,0.14910545179746057,success
254,2000,8,1,6.0,2.5000000000000004,0.1,0.6,5.599999999999999,3,323,49,128,0,0.4821223050173117,0.16279066122357733,success
252,2000,8,1,6.0,2.5000000000000004,0.1,0.6,5.199999999999999,3,322,45,133,0,0.481282055438139,0.16047793360910007,success
249,2000,8,1,6.0,2.5000000000000004,0.1,0.6,4.6,3,320,41,139,0,0.5125116045515995,0.16196534232077667,success
240,2000,8,1,6.0,2.5000000000000004,0.1,0.6,2.8,3,324,25,151,0,0.6021708067790983,0.21454593494063895,success
255,2000,8,1,6.0,2.5000000000000004,0.1,0.6,5.799999999999999,3,324,49,127,0,0.47845690895003645,0.1553020706937255,success
239,2000,8,1,6.0,2.5000000000000004,0.1,0.6,2.5999999999999996,3,310,42,148,0,0.6579999465839041,0.22396892145470418,success
256,2000,8,1,6.0,2.5000000000000004,0.1,0.6,5.999999999999999,3,324,43,133,0,0.49260240153492524,0.1710607442592387,success
258,2000,8,1,6.0,2.5000000000000004,0.1,0.6,6.399999999999999,3,324,51,125,0,0.4782749274137507,0.15692018887608072,success
257,2000,8,1,6.0,2.5000000000000004,0.1,0.6,6.199999999999999,3,324,49,127,0,0.4747431611489911,0.16148220699940025,success
259,2000,8,1,6.0,2.5000000000000004,0.1,0.6,6.599999999999999,3,322,49,129,0,0.47424888666977855,0.16584096410946575,success
260,2000,8,1,6.0,2.5000000000000004,0.1,0.6,6.799999999999999,3,322,50,128,0,0.46849789578945167,0.16927085977495532,success
263,2000,8,1,6.0,2.5000000000000004,0.1,0.6,7.399999999999999,3,324,49,127,0,0.46910962213032775,0.15456758874448215,success
261,2000,8,1,6.0,2.5000000000000004,0.1,0.6,6.999999999999998,3,324,47,129,0,0.47251288718858914,0.15622142210323048,success
262,2000,8,1,6.0,2.5000000000000004,0.1,0.6,7.199999999999998,3,323,49,128,0,0.47679665544858224,0.16365085344264627,success
266,2000,8,1,6.0,2.5000000000000004,0.1,0.6,7.999999999999998,3,323,46,131,0,0.47694867564376275,0.16531004235657426,success
268,2000,8,1,6.0,2.5000000000000004,0.1,0.6,8.399999999999999,3,323,47,130,0,0.47296084530865434,0.15791840495524975,success
267,2000,8,1,6.0,2.5000000000000004,0.1,0.6,8.2,3,323,47,130,0,0.4744687890496338,0.1607165482562005,success
264,2000,8,1,6.0,2.5000000000000004,0.1,0.6,7.599999999999999,3,325,46,129,0,0.48187368371280076,0.17017698700283818,success
265,2000,8,1,6.0,2.5000000000000004,0.1,0.6,7.799999999999999,3,323,48,129,0,0.47745290502603616,0.16385608250446485,success
277,2000,8,1,6.0,2.6000000000000005,0.1,0.6,1.0,3,438,62,0,0,,,success
278,2000,8,1,6.0,2.6000000000000005,0.1,0.6,1.2,3,368,83,49,0,0.8854750724087584,0.23303314292922978,success
269,2000,8,1,6.0,2.5000000000000004,0.1,0.6,8.599999999999998,3,323,49,128,0,0.47146237932795404,0.15785115376470665,success
279,2000,8,1,6.0,2.6000000000000005,0.1,0.6,1.4,3,326,97,77,0,0.7969694587560135,0.25938561241025815,success
280,2000,8,1,6.0,2.6000000000000005,0.1,0.6,1.5999999999999999,3,304,106,90,0,0.8150783239704983,0.24804300399302245,success
281,2000,8,1,6.0,2.6000000000000005,0.1,0.6,1.7999999999999998,3,288,100,112,0,0.7787245332554232,0.24836390910937922,success
282,2000,8,1,6.0,2.6000000000000005,0.1,0.6,1.9999999999999998,3,282,92,126,0,0.7954986765912228,0.21611100490920787,success
270,2000,8,1,6.0,2.5000000000000004,0.1,0.6,8.799999999999997,3,323,47,130,0,0.47652930641287444,0.16393698010271476,success
271,2000,8,1,6.0,2.5000000000000004,0.1,0.6,8.999999999999998,3,323,47,130,0,0.47496765097261817,0.1631146763386491,success
272,2000,8,1,6.0,2.5000000000000004,0.1,0.6,9.199999999999998,3,323,48,129,0,0.4728277676489548,0.1612101903939781,success
275,2000,8,1,6.0,2.5000000000000004,0.1,0.6,9.799999999999997,3,322,49,129,0,0.4735905809864097,0.16287876542858423,success
276,2000,8,1,6.0,2.5000000000000004,0.1,0.6,9.999999999999998,3,322,48,130,0,0.47775312605827963,0.16678802152957184,success
273,2000,8,1,6.0,2.5000000000000004,0.1,0.6,9.399999999999999,3,323,49,128,0,0.4698029991548016,0.15866957916945498,success
274,2000,8,1,6.0,2.5000000000000004,0.1,0.6,9.599999999999998,3,322,49,129,0,0.4726710378954392,0.16223614086089191,success
283,2000,8,1,6.0,2.6000000000000005,0.1,0.6,2.1999999999999997,3,284,63,153,0,0.7933325419802602,0.23759565599568544,success
284,2000,8,1,6.0,2.6000000000000005,0.1,0.6,2.3999999999999995,3,297,48,155,0,0.7136940633199181,0.22604162483220594,success
287,2000,8,1,6.0,2.6000000000000005,0.1,0.6,2.9999999999999996,3,323,15,162,0,0.6182965163884783,0.2027895907249976,success
286,2000,8,1,6.0,2.6000000000000005,0.1,0.6,2.8,3,322,21,157,0,0.6159588913659164,0.2230801691434012,success
285,2000,8,1,6.0,2.6000000000000005,0.1,0.6,2.5999999999999996,3,304,45,151,0,0.6625344510779401,0.2266957489649041,success
288,2000,8,1,6.0,2.6000000000000005,0.1,0.6,3.1999999999999993,3,317,18,165,0,0.5833900889537517,0.19742351674976774,success
290,2000,8,1,6.0,2.6000000000000005,0.1,0.6,3.5999999999999996,3,313,39,148,0,0.5734908437404318,0.19001150967727246,success
291,2000,8,1,6.0,2.6000000000000005,0.1,0.6,3.7999999999999994,3,306,40,154,0,0.5848461311237805,0.20997176481838709,success
289,2000,8,1,6.0,2.6000000000000005,0.1,0.6,3.3999999999999995,3,314,31,155,0,0.5587050846928026,0.1738799948350208,success
292,2000,8,1,6.0,2.6000000000000005,0.1,0.6,3.999999999999999,3,317,49,134,0,0.5168701045910036,0.17510564415414684,success
296,2000,8,1,6.0,2.6000000000000005,0.1,0.6,4.799999999999999,3,324,47,129,0,0.4944028529062105,0.16509393552565552,success
298,2000,8,1,6.0,2.6000000000000005,0.1,0.6,5.199999999999999,3,321,44,135,0,0.48777660303226666,0.16324287228524323,success
293,2000,8,1,6.0,2.6000000000000005,0.1,0.6,4.199999999999999,3,319,41,140,0,0.532485738968697,0.17965365312964285,success
297,2000,8,1,6.0,2.6000000000000005,0.1,0.6,4.999999999999999,3,323,46,131,0,0.48611733439544946,0.1656640700437074,success
294,2000,8,1,6.0,2.6000000000000005,0.1,0.6,4.3999999999999995,3,318,42,140,0,0.5249612259636434,0.16920092354812816,success
295,2000,8,1,6.0,2.6000000000000005,0.1,0.6,4.6,3,323,40,137,0,0.5244612186865582,0.1637892149704703,success
299,2000,8,1,6.0,2.6000000000000005,0.1,0.6,5.399999999999999,3,322,51,127,0,0.4814652842792953,0.14895623736304628,success
300,2000,8,1,6.0,2.6000000000000005,0.1,0.6,5.599999999999999,3,321,51,128,0,0.4864602034171851,0.1685881316046398,success
302,2000,8,1,6.0,2.6000000000000005,0.1,0.6,5.999999999999999,3,323,53,124,0,0.47313252333020756,0.15911878172307786,success
301,2000,8,1,6.0,2.6000000000000005,0.1,0.6,5.799999999999999,3,324,56,120,0,0.47248154386355296,0.14656424896663472,success
304,2000,8,1,6.0,2.6000000000000005,0.1,0.6,6.399999999999999,3,324,55,121,0,0.4665048424039354,0.15265579975166815,success
303,2000,8,1,6.0,2.6000000000000005,0.1,0.6,6.199999999999999,3,324,46,130,0,0.4815497055411622,0.1578001418908758,success
306,2000,8,1,6.0,2.6000000000000005,0.1,0.6,6.799999999999999,3,322,52,126,0,0.4607335780130557,0.1577838832097117,success
305,2000,8,1,6.0,2.6000000000000005,0.1,0.6,6.599999999999999,3,323,51,126,0,0.46761438712102615,0.15861488040565944,success
307,2000,8,1,6.0,2.6000000000000005,0.1,0.6,6.999999999999998,3,324,53,123,0,0.4678835904844763,0.15367911055172487,success
312,2000,8,1,6.0,2.6000000000000005,0.1,0.6,7.999999999999998,3,324,51,125,0,0.483545283583218,0.1738766033580506,success
308,2000,8,1,6.0,2.6000000000000005,0.1,0.6,7.199999999999998,3,324,52,124,0,0.47640615230631517,0.16352688730785991,success
309,2000,8,1,6.0,2.6000000000000005,0.1,0.6,7.399999999999999,3,324,52,124,0,0.47149572485188906,0.15789919977969755,success
310,2000,8,1,6.0,2.6000000000000005,0.1,0.6,7.599999999999999,3,324,54,122,0,0.46665436449394665,0.15468628710901594,success
311,2000,8,1,6.0,2.6000000000000005,0.1,0.6,7.799999999999999,3,325,53,122,0,0.47108687716233966,0.15895382159818405,success
313,2000,8,1,6.0,2.6000000000000005,0.1,0.6,8.2,3,325,53,122,0,0.4714907654223989,0.15720443586875782,success
314,2000,8,1,6.0,2.6000000000000005,0.1,0.6,8.399999999999999,3,324,49,127,0,0.4850476356262714,0.1721907019234235,success
315,2000,8,1,6.0,2.6000000000000005,0.1,0.6,8.599999999999998,3,325,56,119,0,0.4599999777374509,0.14704202503990363,success
316,2000,8,1,6.0,2.6000000000000005,0.1,0.6,8.799999999999997,3,325,52,123,0,0.47418293789898164,0.1619382252284603,success
317,2000,8,1,6.0,2.6000000000000005,0.1,0.6,8.999999999999998,3,325,53,122,0,0.4740953645309319,0.16365632468009766,success
318,2000,8,1,6.0,2.6000000000000005,0.1,0.6,9.199999999999998,3,325,52,123,0,0.4769061286778635,0.1665090629296034,success
319,2000,8,1,6.0,2.6000000000000005,0.1,0.6,9.399999999999999,3,325,55,120,0,0.4680297726188544,0.155221540082831,success
320,2000,8,1,6.0,2.6000000000000005,0.1,0.6,9.599999999999998,3,325,49,126,0,0.48615510728450634,0.17425756407427273,success
323,2000,8,1,6.0,2.7000000000000006,0.1,0.6,1.0,3,440,60,0,0,,,success
325,2000,8,1,6.0,2.7000000000000006,0.1,0.6,1.4,3,328,95,77,0,0.7966645348419522,0.2598828267072212,success
324,2000,8,1,6.0,2.7000000000000006,0.1,0.6,1.2,3,371,80,49,0,0.8717013484332421,0.23604598984461733,success
326,2000,8,1,6.0,2.7000000000000006,0.1,0.6,1.5999999999999999,3,307,105,88,0,0.8350539066334695,0.23802739304911602,success
327,2000,8,1,6.0,2.7000000000000006,0.1,0.6,1.7999999999999998,3,291,99,110,0,0.7890134498977974,0.24525435632896556,success
328,2000,8,1,6.0,2.7000000000000006,0.1,0.6,1.9999999999999998,3,286,93,121,0,0.7957368403411046,0.2174829830031445,success
321,2000,8,1,6.0,2.6000000000000005,0.1,0.6,9.799999999999997,3,325,51,124,0,0.47928011720940694,0.16530416034769063,success
322,2000,8,1,6.0,2.6000000000000005,0.1,0.6,9.999999999999998,3,325,53,122,0,0.47403085332639067,0.16291684363009948,success
329,2000,8,1,6.0,2.7000000000000006,0.1,0.6,2.1999999999999997,3,289,62,149,0,0.7932607867923778,0.24020749747210837,success
330,2000,8,1,6.0,2.7000000000000006,0.1,0.6,2.3999999999999995,3,299,48,153,0,0.7170761607108838,0.22968701078840567,success
340,2000,8,1,6.0,2.7000000000000006,0.1,0.6,4.3999999999999995,3,317,39,144,0,0.5372626740038997,0.18104163979041157,success
338,2000,8,1,6.0,2.7000000000000006,0.1,0.6,3.999999999999999,3,317,44,139,0,0.5528635294517936,0.18429930396987998,success
336,2000,8,1,6.0,2.7000000000000006,0.1,0.6,3.5999999999999996,3,320,31,149,0,0.5797363409154535,0.18818688619615456,success
337,2000,8,1,6.0,2.7000000000000006,0.1,0.6,3.7999999999999994,3,312,38,150,0,0.5771865282526686,0.20402600961260808,success
339,2000,8,1,6.0,2.7000000000000006,0.1,0.6,4.199999999999999,3,320,41,139,0,0.5406245731280143,0.18352122826301065,success
334,2000,8,1,6.0,2.7000000000000006,0.1,0.6,3.1999999999999993,3,319,14,167,0,0.5905738662774543,0.19833019180145878,success
335,2000,8,1,6.0,2.7000000000000006,0.1,0.6,3.3999999999999995,3,321,23,156,0,0.5821466178894464,0.18050640885069177,success
342,2000,8,1,6.0,2.7000000000000006,0.1,0.6,4.799999999999999,3,323,48,129,0,0.5161254867835914,0.186433463699697,success
343,2000,8,1,6.0,2.7000000000000006,0.1,0.6,4.999999999999999,3,328,46,126,0,0.496867959555032,0.16826899864550282,success
341,2000,8,1,6.0,2.7000000000000006,0.1,0.6,4.6,3,324,41,135,0,0.5311286403625843,0.16433814432518307,success
346,2000,8,1,6.0,2.7000000000000006,0.1,0.6,5.599999999999999,3,325,53,122,0,0.48572764906346116,0.1681577122191171,success
333,2000,8,1,6.0,2.7000000000000006,0.1,0.6,2.9999999999999996,3,326,14,160,0,0.6205797664101693,0.20854984092940324,success
344,2000,8,1,6.0,2.7000000000000006,0.1,0.6,5.199999999999999,3,329,48,123,0,0.4844511851652967,0.15436501568922759,success
345,2000,8,1,6.0,2.7000000000000006,0.1,0.6,5.399999999999999,3,326,51,123,0,0.4876423103852327,0.16135017881412894,success
347,2000,8,1,6.0,2.7000000000000006,0.1,0.6,5.799999999999999,3,330,51,119,0,0.48642551744534607,0.15020828782155807,success
331,2000,8,1,6.0,2.7000000000000006,0.1,0.6,2.5999999999999996,3,308,44,148,0,0.6725473710497857,0.23116150121800821,success
332,2000,8,1,6.0,2.7000000000000006,0.1,0.6,2.8,3,322,23,155,0,0.6185632732341162,0.22787399186721652,success
348,2000,8,1,6.0,2.7000000000000006,0.1,0.6,5.999999999999999,3,328,49,123,0,0.4851784776009937,0.16071160933447287,success
350,2000,8,1,6.0,2.7000000000000006,0.1,0.6,6.399999999999999,3,330,48,122,0,0.48645962219623773,0.1596403576898524,success
349,2000,8,1,6.0,2.7000000000000006,0.1,0.6,6.199999999999999,3,329,48,123,0,0.48737324229167506,0.16146395751255685,success
351,2000,8,1,6.0,2.7000000000000006,0.1,0.6,6.599999999999999,3,329,47,124,0,0.4854993138214742,0.16476624249480806,success
352,2000,8,1,6.0,2.7000000000000006,0.1,0.6,6.799999999999999,3,328,47,125,0,0.48581307800930734,0.17363728508707083,success
353,2000,8,1,6.0,2.7000000000000006,0.1,0.6,6.999999999999998,3,329,48,123,0,0.48574473136774904,0.16447690384097538,success
354,2000,8,1,6.0,2.7000000000000006,0.1,0.6,7.199999999999998,3,330,45,125,0,0.4973873857270671,0.17174502824494434,success
356,2000,8,1,6.0,2.7000000000000006,0.1,0.6,7.599999999999999,3,330,53,117,0,0.4804575236687586,0.16105414762293147,success
355,2000,8,1,6.0,2.7000000000000006,0.1,0.6,7.399999999999999,3,329,47,124,0,0.492350059058995,0.17073570020043793,success
358,2000,8,1,6.0,2.7000000000000006,0.1,0.6,7.999999999999998,3,331,50,119,0,0.4856506576777138,0.16346189596093244,success
357,2000,8,1,6.0,2.7000000000000006,0.1,0.6,7.799999999999999,3,331,48,121,0,0.48899876932131614,0.16439483221289314,success
360,2000,8,1,6.0,2.7000000000000006,0.1,0.6,8.399999999999999,3,332,52,116,0,0.4798040336208272,0.158975320528825,success
359,2000,8,1,6.0,2.7000000000000006,0.1,0.6,8.2,3,331,50,119,0,0.48470982391127504,0.16197199614976318,success
361,2000,8,1,6.0,2.7000000000000006,0.1,0.6,8.599999999999998,3,331,46,123,0,0.49878047497682076,0.17616495778984914,success
369,2000,8,1,6.0,2.8000000000000007,0.1,0.6,1.0,3,442,58,0,0,,,success
362,2000,8,1,6.0,2.7000000000000006,0.1,0.6,8.799999999999997,3,331,51,118,0,0.4804515301353092,0.15608521337674505,success
370,2000,8,1,6.0,2.8000000000000007,0.1,0.6,1.2,3,372,78,50,0,0.8742673214645772,0.23432845344301556,success
371,2000,8,1,6.0,2.8000000000000007,0.1,0.6,1.4,3,331,95,74,0,0.7990515224410685,0.25399843231065766,success
372,2000,8,1,6.0,2.8000000000000007,0.1,0.6,1.5999999999999999,3,307,108,85,0,0.845713090002253,0.22635670815312212,success
373,2000,8,1,6.0,2.8000000000000007,0.1,0.6,1.7999999999999998,3,293,100,107,0,0.7919369810738551,0.23926264618950174,success
363,2000,8,1,6.0,2.7000000000000006,0.1,0.6,8.999999999999998,3,331,47,122,0,0.4945209449769966,0.17105665915209356,success
374,2000,8,1,6.0,2.8000000000000007,0.1,0.6,1.9999999999999998,3,283,98,119,0,0.7904024096084385,0.21863722125340984,success
364,2000,8,1,6.0,2.7000000000000006,0.1,0.6,9.199999999999998,3,331,48,121,0,0.4915727925328616,0.16840267184170746,success
367,2000,8,1,6.0,2.7000000000000006,0.1,0.6,9.799999999999997,3,331,46,123,0,0.4978117033439333,0.17338987711584972,success
366,2000,8,1,6.0,2.7000000000000006,0.1,0.6,9.599999999999998,3,331,49,120,0,0.4866187426556834,0.16146398202096757,success
368,2000,8,1,6.0,2.7000000000000006,0.1,0.6,9.999999999999998,3,331,49,120,0,0.4881633884406322,0.16390337666606025,success
375,2000,8,1,6.0,2.8000000000000007,0.1,0.6,2.1999999999999997,3,287,65,148,0,0.7989608523002665,0.24093977981870265,success
365,2000,8,1,6.0,2.7000000000000006,0.1,0.6,9.399999999999999,3,331,48,121,0,0.4896617204079117,0.1637829853500874,success
376,2000,8,1,6.0,2.8000000000000007,0.1,0.6,2.3999999999999995,3,298,51,151,0,0.724927794118863,0.23301290253572565,success
377,2000,8,1,6.0,2.8000000000000007,0.1,0.6,2.5999999999999996,3,308,47,145,0,0.6862453565894739,0.2232985289192269,success
380,2000,8,1,6.0,2.8000000000000007,0.1,0.6,3.1999999999999993,3,317,10,173,0,0.6030676783352591,0.20571460533422226,success
379,2000,8,1,6.0,2.8000000000000007,0.1,0.6,2.9999999999999996,3,322,11,167,0,0.6385540625311118,0.2138008810343769,success
378,2000,8,1,6.0,2.8000000000000007,0.1,0.6,2.8,3,321,23,156,0,0.6317689967466809,0.23214736306978087,success
383,2000,8,1,6.0,2.8000000000000007,0.1,0.6,3.7999999999999994,3,318,37,145,0,0.5673379395781742,0.187886312893471,success
384,2000,8,1,6.0,2.8000000000000007,0.1,0.6,3.999999999999999,3,307,44,149,0,0.5815511628151083,0.20379088217994967,success
382,2000,8,1,6.0,2.8000000000000007,0.1,0.6,3.5999999999999996,3,316,26,158,0,0.5946572735997242,0.19642934370049767,success
381,2000,8,1,6.0,2.8000000000000007,0.1,0.6,3.3999999999999995,3,321,13,166,0,0.5996575184918476,0.19462653849884598,success
385,2000,8,1,6.0,2.8000000000000007,0.1,0.6,4.199999999999999,3,310,44,146,0,0.5677715042248321,0.19792419651278326,success
386,2000,8,1,6.0,2.8000000000000007,0.1,0.6,4.3999999999999995,3,313,42,145,0,0.548501107072022,0.19498358178043235,success
388,2000,8,1,6.0,2.8000000000000007,0.1,0.6,4.799999999999999,3,321,43,136,0,0.5332785757603,0.18742212693538765,success
387,2000,8,1,6.0,2.8000000000000007,0.1,0.6,4.6,3,319,43,138,0,0.5390014976430634,0.169811982637167,success
389,2000,8,1,6.0,2.8000000000000007,0.1,0.6,4.999999999999999,3,321,46,133,0,0.5105410108070455,0.18120342611278442,success
390,2000,8,1,6.0,2.8000000000000007,0.1,0.6,5.199999999999999,3,323,47,130,0,0.5039899470579786,0.15945597797985886,success
392,2000,8,1,6.0,2.8000000000000007,0.1,0.6,5.599999999999999,3,321,51,128,0,0.4913206925048445,0.16789542478203484,success
391,2000,8,1,6.0,2.8000000000000007,0.1,0.6,5.399999999999999,3,324,54,122,0,0.485553845948202,0.1519008573681402,success
393,2000,8,1,6.0,2.8000000000000007,0.1,0.6,5.799999999999999,3,325,47,128,0,0.496022839516842,0.15430772330097128,success
394,2000,8,1,6.0,2.8000000000000007,0.1,0.6,5.999999999999999,3,325,47,128,0,0.4868838215684932,0.16744886352575863,success
395,2000,8,1,6.0,2.8000000000000007,0.1,0.6,6.199999999999999,3,322,44,134,0,0.49728810790667155,0.17262320097720554,success
396,2000,8,1,6.0,2.8000000000000007,0.1,0.6,6.399999999999999,3,324,47,129,0,0.5063510724172176,0.16888352032894913,success
400,2000,8,1,6.0,2.8000000000000007,0.1,0.6,7.199999999999998,3,325,46,129,0,0.5010913920838413,0.17290869243404058,success
398,2000,8,1,6.0,2.8000000000000007,0.1,0.6,6.799999999999999,3,324,44,132,0,0.49673268694283695,0.17081363463385643,success
397,2000,8,1,6.0,2.8000000000000007,0.1,0.6,6.599999999999999,3,324,51,125,0,0.48531870128465976,0.15646785818267123,success
399,2000,8,1,6.0,2.8000000000000007,0.1,0.6,6.999999999999998,3,325,41,134,0,0.5069090366004873,0.17098589143122492,success
404,2000,8,1,6.0,2.8000000000000007,0.1,0.6,7.999999999999998,3,326,45,129,0,0.5015609192620428,0.17099245919436165,success
401,2000,8,1,6.0,2.8000000000000007,0.1,0.6,7.399999999999999,3,325,45,130,0,0.5052071575670988,0.1766660685051525,success
403,2000,8,1,6.0,2.8000000000000007,0.1,0.6,7.799999999999999,3,325,46,129,0,0.5026888054322616,0.1711613930209234,success
402,2000,8,1,6.0,2.8000000000000007,0.1,0.6,7.599999999999999,3,324,45,131,0,0.5037450171671591,0.1707976262440873,success
405,2000,8,1,6.0,2.8000000000000007,0.1,0.6,8.2,3,325,47,128,0,0.49965661102403985,0.16910901173867401,success
406,2000,8,1,6.0,2.8000000000000007,0.1,0.6,8.399999999999999,3,327,46,127,0,0.5001382832639883,0.17120902703828064,success
407,2000,8,1,6.0,2.8000000000000007,0.1,0.6,8.599999999999998,3,327,43,130,0,0.5103522456917552,0.18235010144879382,success
408,2000,8,1,6.0,2.8000000000000007,0.1,0.6,8.799999999999997,3,325,50,125,0,0.496750962050599,0.1730581196039976,success
416,2000,8,1,6.0,2.900000000000001,0.1,0.6,1.2,3,375,77,48,0,0.8856951265256013,0.21703356473142824,success
415,2000,8,1,6.0,2.900000000000001,0.1,0.6,1.0,3,444,56,0,0,,,success
409,2000,8,1,6.0,2.8000000000000007,0.1,0.6,8.999999999999998,3,326,45,129,0,0.5017946544631313,0.1705260142873468,success
410,2000,8,1,6.0,2.8000000000000007,0.1,0.6,9.199999999999998,3,327,46,127,0,0.49788371947730964,0.16827545989494913,success
411,2000,8,1,6.0,2.8000000000000007,0.1,0.6,9.399999999999999,3,326,47,127,0,0.49869343791146076,0.1715871306827707,success
412,2000,8,1,6.0,2.8000000000000007,0.1,0.6,9.599999999999998,3,326,48,126,0,0.4945023637835335,0.16850005904774507,success
413,2000,8,1,6.0,2.8000000000000007,0.1,0.6,9.799999999999997,3,327,48,125,0,0.49624570600728285,0.17208770262991344,success
414,2000,8,1,6.0,2.8000000000000007,0.1,0.6,9.999999999999998,3,326,46,128,0,0.5045219585211688,0.17786727794947188,success
417,2000,8,1,6.0,2.900000000000001,0.1,0.6,1.4,3,332,95,73,0,0.8157843967509962,0.24161564474669497,success
418,2000,8,1,6.0,2.900000000000001,0.1,0.6,1.5999999999999999,3,310,108,82,0,0.8476058460514799,0.2233566543196183,success
419,2000,8,1,6.0,2.900000000000001,0.1,0.6,1.7999999999999998,3,293,101,106,0,0.8006027711712155,0.23235768039002663,success
420,2000,8,1,6.0,2.900000000000001,0.1,0.6,1.9999999999999998,3,279,97,124,0,0.7923387908011345,0.2154153296098137,success
421,2000,8,1,6.0,2.900000000000001,0.1,0.6,2.1999999999999997,3,285,65,150,0,0.798624845513498,0.2441296516806264,success
422,2000,8,1,6.0,2.900000000000001,0.1,0.6,2.3999999999999995,3,298,59,143,0,0.7170963351479254,0.23876176587088202,success
429,2000,8,1,6.0,2.900000000000001,0.1,0.6,3.7999999999999994,3,323,29,148,0,0.5918847122058587,0.19511558731706907,success
432,2000,8,1,6.0,2.900000000000001,0.1,0.6,4.3999999999999995,3,310,40,150,0,0.5739291777547832,0.20427550322497484,success
430,2000,8,1,6.0,2.900000000000001,0.1,0.6,3.999999999999999,3,314,37,149,0,0.5863907883614122,0.18692441054568346,success
434,2000,8,1,6.0,2.900000000000001,0.1,0.6,4.799999999999999,3,325,41,134,0,0.5463866510294926,0.1805835444675971,success
431,2000,8,1,6.0,2.900000000000001,0.1,0.6,4.199999999999999,3,305,38,157,0,0.6048801266110245,0.20249623507871525,success
435,2000,8,1,6.0,2.900000000000001,0.1,0.6,4.999999999999999,3,326,44,130,0,0.5180379506547493,0.1605705212255634,success
433,2000,8,1,6.0,2.900000000000001,0.1,0.6,4.6,3,314,45,141,0,0.5639666935025345,0.19122343621595453,success
437,2000,8,1,6.0,2.900000000000001,0.1,0.6,5.399999999999999,3,326,49,125,0,0.5120559763366566,0.162990211080151,success
427,2000,8,1,6.0,2.900000000000001,0.1,0.6,3.3999999999999995,3,320,11,169,0,0.6083200037121377,0.19485189897973076,success
439,2000,8,1,6.0,2.900000000000001,0.1,0.6,5.799999999999999,3,327,46,127,0,0.5141815842840425,0.16615738224351637,success
428,2000,8,1,6.0,2.900000000000001,0.1,0.6,3.5999999999999996,3,327,11,162,0,0.6086324341949041,0.19565670531577914,success
436,2000,8,1,6.0,2.900000000000001,0.1,0.6,5.199999999999999,3,327,43,130,0,0.5206851436683819,0.1625000159452392,success
426,2000,8,1,6.0,2.900000000000001,0.1,0.6,3.1999999999999993,3,316,9,175,0,0.6203968425807156,0.2136484642769773,success
438,2000,8,1,6.0,2.900000000000001,0.1,0.6,5.599999999999999,3,326,48,126,0,0.5083272737613567,0.15681630070343988,success
423,2000,8,1,6.0,2.900000000000001,0.1,0.6,2.5999999999999996,3,306,49,145,0,0.6786605775515742,0.2355579467938626,success
425,2000,8,1,6.0,2.900000000000001,0.1,0.6,2.9999999999999996,3,320,12,168,0,0.6579057462166505,0.21859303708960845,success
424,2000,8,1,6.0,2.900000000000001,0.1,0.6,2.8,3,325,25,150,0,0.6217461700622867,0.23364277088220764,success
440,2000,8,1,6.0,2.900000000000001,0.1,0.6,5.999999999999999,3,327,42,131,0,0.5138992435388278,0.16583004988839692,success
441,2000,8,1,6.0,2.900000000000001,0.1,0.6,6.199999999999999,3,329,41,130,0,0.5180125995040463,0.16161765467445843,success
443,2000,8,1,6.0,2.900000000000001,0.1,0.6,6.599999999999999,3,329,41,130,0,0.5309327756509318,0.16249746956048886,success
442,2000,8,1,6.0,2.900000000000001,0.1,0.6,6.399999999999999,3,332,43,125,0,0.5157296595914781,0.145373942946,success
445,2000,8,1,6.0,2.900000000000001,0.1,0.6,6.999999999999998,3,328,51,121,0,0.4995658417765845,0.151437273243643,success
444,2000,8,1,6.0,2.900000000000001,0.1,0.6,6.799999999999999,3,328,45,127,0,0.5203352291491363,0.16594043442103662,success
446,2000,8,1,6.0,2.900000000000001,0.1,0.6,7.199999999999998,3,329,47,124,0,0.5078852964223799,0.15708212714423644,success
447,2000,8,1,6.0,2.900000000000001,0.1,0.6,7.399999999999999,3,330,43,127,0,0.5203215182808949,0.16762441419165452,success
448,2000,8,1,6.0,2.900000000000001,0.1,0.6,7.599999999999999,3,329,48,123,0,0.511261166285402,0.16138467335233933,success
449,2000,8,1,6.0,2.900000000000001,0.1,0.6,7.799999999999999,3,330,44,126,0,0.5137014070035396,0.159196489772478,success
450,2000,8,1,6.0,2.900000000000001,0.1,0.6,7.999999999999998,3,330,47,123,0,0.5121226587105763,0.16278511076155444,success
451,2000,8,1,6.0,2.900000000000001,0.1,0.6,8.2,3,329,47,124,0,0.5136062836486917,0.16187215207843406,success
452,2000,8,1,6.0,2.900000000000001,0.1,0.6,8.399999999999999,3,331,42,127,0,0.5211214543079646,0.16681408288969504,success
453,2000,8,1,6.0,2.900000000000001,0.1,0.6,8.599999999999998,3,331,45,124,0,0.5133722515257262,0.16217856665280445,success
461,2000,8,1,6.0,3.000000000000001,0.1,0.6,1.0,4,445,55,0,0,,,success
462,2000,8,1,6.0,3.000000000000001,0.1,0.6,1.2,4,366,89,45,0,0.8796902270888082,0.20550412949485555,success
454,2000,8,1,6.0,2.900000000000001,0.1,0.6,8.799999999999997,3,330,48,122,0,0.5098538146169453,0.16038426854645058,success
463,2000,8,1,6.0,3.000000000000001,0.1,0.6,1.4,4,322,92,86,0,0.846903665259837,0.23759106862492368,success
464,2000,8,1,6.0,3.000000000000001,0.1,0.6,1.5999999999999999,4,307,100,93,0,0.8144553703020929,0.22803045063336283,success
465,2000,8,1,6.0,3.000000000000001,0.1,0.6,1.7999999999999998,4,294,99,107,0,0.7858790853968197,0.2131962294873944,success
455,2000,8,1,6.0,2.900000000000001,0.1,0.6,8.999999999999998,3,330,44,126,0,0.5180980519826118,0.16528505484175451,success
466,2000,8,1,6.0,3.000000000000001,0.1,0.6,1.9999999999999998,4,307,75,118,0,0.7779048077180607,0.24255105401772906,success
456,2000,8,1,6.0,2.900000000000001,0.1,0.6,9.199999999999998,3,330,47,123,0,0.5090310928198892,0.15607812995653259,success
467,2000,8,1,6.0,3.000000000000001,0.1,0.6,2.1999999999999997,4,307,53,140,0,0.7307082877156533,0.24146208434655317,success
457,2000,8,1,6.0,2.900000000000001,0.1,0.6,9.399999999999999,3,330,48,122,0,0.5091982321080768,0.15921174770212057,success
458,2000,8,1,6.0,2.900000000000001,0.1,0.6,9.599999999999998,3,330,49,121,0,0.5044288674142037,0.15442327337615647,success
460,2000,8,1,6.0,2.900000000000001,0.1,0.6,9.999999999999998,3,331,47,122,0,0.5094416191151625,0.15827698990915515,success
459,2000,8,1,6.0,2.900000000000001,0.1,0.6,9.799999999999997,3,331,47,122,0,0.5093659462315774,0.15759113822241622,success
468,2000,8,1,6.0,3.000000000000001,0.1,0.6,2.3999999999999995,4,301,42,157,0,0.6851197364724695,0.22172957575777866,success
469,2000,8,1,6.0,3.000000000000001,0.1,0.6,2.5999999999999996,4,315,31,154,0,0.6654690548508748,0.24387254349338272,success
472,2000,8,1,6.0,3.000000000000001,0.1,0.6,3.1999999999999993,4,339,1,160,0,0.6306860051087522,0.2011111436934784,success
471,2000,8,1,6.0,3.000000000000001,0.1,0.6,2.9999999999999996,4,327,1,172,0,0.6593099788664016,0.21523442966649295,success
475,2000,8,1,6.0,3.000000000000001,0.1,0.6,3.7999999999999994,4,333,9,158,0,0.5995766340271403,0.20476127667839536,success
470,2000,8,1,6.0,3.000000000000001,0.1,0.6,2.8,4,322,8,170,0,0.6488211973558239,0.22429702342328917,success
474,2000,8,1,6.0,3.000000000000001,0.1,0.6,3.5999999999999996,4,345,1,154,0,0.5794138196227785,0.2019479240589945,success
476,2000,8,1,6.0,3.000000000000001,0.1,0.6,3.999999999999999,4,338,16,146,0,0.5914739466402067,0.2001453512701036,success
478,2000,8,1,6.0,3.000000000000001,0.1,0.6,4.3999999999999995,4,327,30,143,0,0.5821193944217452,0.21688612165005997,success
477,2000,8,1,6.0,3.000000000000001,0.1,0.6,4.199999999999999,4,333,22,145,0,0.5912152457406072,0.20692299945557,success
473,2000,8,1,6.0,3.000000000000001,0.1,0.6,3.3999999999999995,4,349,1,150,0,0.6040260809545474,0.19000541397596246,success
479,2000,8,1,6.0,3.000000000000001,0.1,0.6,4.6,4,329,27,144,0,0.5888358983746959,0.21156518605440727,success
480,2000,8,1,6.0,3.000000000000001,0.1,0.6,4.799999999999999,4,335,26,139,0,0.5882273333123755,0.19908863360849882,success
481,2000,8,1,6.0,3.000000000000001,0.1,0.6,4.999999999999999,4,344,30,126,0,0.5373780560349818,0.17732365493318555,success
482,2000,8,1,6.0,3.000000000000001,0.1,0.6,5.199999999999999,4,343,31,126,0,0.5349463146849088,0.1808839435504921,success
483,2000,8,1,6.0,3.000000000000001,0.1,0.6,5.399999999999999,4,347,35,118,0,0.5250552745179665,0.17263102211867287,success
484,2000,8,1,6.0,3.000000000000001,0.1,0.6,5.599999999999999,4,348,30,122,0,0.542379759682243,0.17348705869309436,success
485,2000,8,1,6.0,3.000000000000001,0.1,0.6,5.799999999999999,4,348,35,117,0,0.5312176169844758,0.16889859842291438,success
486,2000,8,1,6.0,3.000000000000001,0.1,0.6,5.999999999999999,4,348,40,112,0,0.5126259575531972,0.1652998254780299,success
487,2000,8,1,6.0,3.000000000000001,0.1,0.6,6.199999999999999,4,348,33,119,0,0.5261631952128867,0.168066449392531,success
489,2000,8,1,6.0,3.000000000000001,0.1,0.6,6.599999999999999,4,350,36,114,0,0.5277119763077674,0.16394986413281012,success
488,2000,8,1,6.0,3.000000000000001,0.1,0.6,6.399999999999999,4,350,34,116,0,0.5209562495813177,0.1651157828049321,success
490,2000,8,1,6.0,3.000000000000001,0.1,0.6,6.799999999999999,4,351,35,114,0,0.5207631836784611,0.15608541343982002,success
492,2000,8,1,6.0,3.000000000000001,0.1,0.6,7.199999999999998,4,350,38,112,0,0.5122206538380959,0.14896095714156657,success
491,2000,8,1,6.0,3.000000000000001,0.1,0.6,6.999999999999998,4,351,36,113,0,0.5199451455426587,0.15497352282853596,success
493,2000,8,1,6.0,3.000000000000001,0.1,0.6,7.399999999999999,4,351,36,113,0,0.5195992245383647,0.15350109343196053,success
494,2000,8,1,6.0,3.000000000000001,0.1,0.6,7.599999999999999,4,351,37,112,0,0.5186417239447839,0.1560750006140069,success
495,2000,8,1,6.0,3.000000000000001,0.1,0.6,7.799999999999999,4,351,37,112,0,0.5224810396209884,0.15965280742915405,success
496,2000,8,1,6.0,3.000000000000001,0.1,0.6,7.999999999999998,4,351,37,112,0,0.5238419593285691,0.16069330957294162,success
497,2000,8,1,6.0,3.000000000000001,0.1,0.6,8.2,4,351,37,112,0,0.5213872140811905,0.1588533907079374,success
498,2000,8,1,6.0,3.000000000000001,0.1,0.6,8.399999999999999,4,351,36,113,0,0.5297802152374111,0.16627639724568138,success
499,2000,8,1,6.0,3.000000000000001,0.1,0.6,8.599999999999998,4,351,38,111,0,0.5219423444102721,0.15781158845513168,success
500,2000,8,1,6.0,3.000000000000001,0.1,0.6,8.799999999999997,4,351,38,111,0,0.5248509466726397,0.164673884786595,success
507,2000,8,1,6.0,3.100000000000001,0.1,0.6,1.0,4,445,55,0,0,,,success
501,2000,8,1,6.0,3.000000000000001,0.1,0.6,8.999999999999998,4,351,38,111,0,0.5224674032564828,0.16159568953005304,success
508,2000,8,1,6.0,3.100000000000001,0.1,0.6,1.2,4,366,89,45,0,0.8796902270888082,0.20550412949485555,success
510,2000,8,1,6.0,3.100000000000001,0.1,0.6,1.5999999999999999,4,307,100,93,0,0.8144553703020929,0.22803045063336283,success
509,2000,8,1,6.0,3.100000000000001,0.1,0.6,1.4,4,322,92,86,0,0.846903665259837,0.23759106862492368,success
511,2000,8,1,6.0,3.100000000000001,0.1,0.6,1.7999999999999998,4,294,99,107,0,0.7858790853968197,0.2131962294873944,success
512,2000,8,1,6.0,3.100000000000001,0.1,0.6,1.9999999999999998,4,307,75,118,0,0.7779048077180607,0.24255105401772906,success
503,2000,8,1,6.0,3.000000000000001,0.1,0.6,9.399999999999999,4,351,38,111,0,0.5184049605800791,0.15503960556551613,success
502,2000,8,1,6.0,3.000000000000001,0.1,0.6,9.199999999999998,4,351,38,111,0,0.5195887200258157,0.1578270121649758,success
504,2000,8,1,6.0,3.000000000000001,0.1,0.6,9.599999999999998,4,351,39,110,0,0.5184164184940756,0.15695382093052876,success
505,2000,8,1,6.0,3.000000000000001,0.1,0.6,9.799999999999997,4,351,39,110,0,0.5177044396684352,0.15622793049484193,success
506,2000,8,1,6.0,3.000000000000001,0.1,0.6,9.999999999999998,4,351,37,112,0,0.5239661762007168,0.16378785342456217,success
513,2000,8,1,6.0,3.100000000000001,0.1,0.6,2.1999999999999997,4,307,53,140,0,0.7307082877156533,0.24146208434655317,success
514,2000,8,1,6.0,3.100000000000001,0.1,0.6,2.3999999999999995,4,300,42,158,0,0.6875425136408464,0.22258534826632498,success
515,2000,8,1,6.0,3.100000000000001,0.1,0.6,2.5999999999999996,4,315,31,154,0,0.6656997388220511,0.24397628731470422,success
523,2000,8,1,6.0,3.100000000000001,0.1,0.6,4.199999999999999,4,333,23,144,0,0.596868380021028,0.2100647748267508,success
521,2000,8,1,6.0,3.100000000000001,0.1,0.6,3.7999999999999994,4,338,12,150,0,0.5840463668817076,0.19344821328648076,success
527,2000,8,1,6.0,3.100000000000001,0.1,0.6,4.999999999999999,4,337,29,134,0,0.5652141709582181,0.19641460134698976,success
526,2000,8,1,6.0,3.100000000000001,0.1,0.6,4.799999999999999,4,330,25,145,0,0.6050640095058643,0.20501447889627905,success
522,2000,8,1,6.0,3.100000000000001,0.1,0.6,3.999999999999999,4,337,14,149,0,0.5997713227409571,0.20268985053270103,success
524,2000,8,1,6.0,3.100000000000001,0.1,0.6,4.3999999999999995,4,330,29,141,0,0.5791854216909369,0.2129867810288974,success
520,2000,8,1,6.0,3.100000000000001,0.1,0.6,3.5999999999999996,4,342,2,156,0,0.5870634659625663,0.20757632147116317,success
517,2000,8,1,6.0,3.100000000000001,0.1,0.6,2.9999999999999996,4,330,1,169,0,0.6545021260758799,0.21218348478606797,success
525,2000,8,1,6.0,3.100000000000001,0.1,0.6,4.6,4,317,28,155,0,0.6118347642444103,0.22534301246796268,success
519,2000,8,1,6.0,3.100000000000001,0.1,0.6,3.3999999999999995,4,345,4,151,0,0.610841630647867,0.19576630309961573,success
530,2000,8,1,6.0,3.100000000000001,0.1,0.6,5.599999999999999,4,344,33,123,0,0.5511797970416101,0.1806322303032976,success
516,2000,8,1,6.0,3.100000000000001,0.1,0.6,2.8,4,323,7,170,0,0.648135468072022,0.22389666348486753,success
528,2000,8,1,6.0,3.100000000000001,0.1,0.6,5.199999999999999,4,340,29,131,0,0.5552287219837477,0.19291656569269008,success
518,2000,8,1,6.0,3.100000000000001,0.1,0.6,3.1999999999999993,4,328,1,171,0,0.6560938406064214,0.21523554302622339,success
529,2000,8,1,6.0,3.100000000000001,0.1,0.6,5.399999999999999,4,342,32,126,0,0.5506818457415088,0.18770577861713092,success
531,2000,8,1,6.0,3.100000000000001,0.1,0.6,5.799999999999999,4,346,35,119,0,0.5445890768071165,0.17738255361079114,success
532,2000,8,1,6.0,3.100000000000001,0.1,0.6,5.999999999999999,4,348,38,114,0,0.521426746874375,0.1667189247229395,success
534,2000,8,1,6.0,3.100000000000001,0.1,0.6,6.399999999999999,4,349,36,115,0,0.5252265270091487,0.16601609590721475,success
533,2000,8,1,6.0,3.100000000000001,0.1,0.6,6.199999999999999,4,346,33,121,0,0.5394435241362979,0.17656303207516671,success
536,2000,8,1,6.0,3.100000000000001,0.1,0.6,6.799999999999999,4,350,37,113,0,0.5238371874105578,0.15861967465182922,success
535,2000,8,1,6.0,3.100000000000001,0.1,0.6,6.599999999999999,4,351,36,113,0,0.5255601362131823,0.155678223016902,success
538,2000,8,1,6.0,3.100000000000001,0.1,0.6,7.199999999999998,4,351,38,111,0,0.5226812628876846,0.15739132193148148,success
537,2000,8,1,6.0,3.100000000000001,0.1,0.6,6.999999999999998,4,351,38,111,0,0.520530182986401,0.15431357416152605,success
539,2000,8,1,6.0,3.100000000000001,0.1,0.6,7.399999999999999,4,351,37,112,0,0.5246225581333898,0.15588278561223226,success
540,2000,8,1,6.0,3.100000000000001,0.1,0.6,7.599999999999999,4,351,40,109,0,0.5166664162332102,0.15314535923033196,success
541,2000,8,1,6.0,3.100000000000001,0.1,0.6,7.799999999999999,4,351,39,110,0,0.5198661512449029,0.1543175461698978,success
542,2000,8,1,6.0,3.100000000000001,0.1,0.6,7.999999999999998,4,350,39,111,0,0.5269630905251556,0.1627325331388265,success
543,2000,8,1,6.0,3.100000000000001,0.1,0.6,8.2,4,351,39,110,0,0.5224501337115215,0.15747511712214615,success
544,2000,8,1,6.0,3.100000000000001,0.1,0.6,8.399999999999999,4,350,42,108,0,0.5188103331632887,0.1559397190509398,success
545,2000,8,1,6.0,3.100000000000001,0.1,0.6,8.599999999999998,4,350,40,110,0,0.5235697853574965,0.15922683898975923,success
546,2000,8,1,6.0,3.100000000000001,0.1,0.6,8.799999999999997,4,350,44,106,0,0.5148792298586768,0.15618643678924354,success
553,2000,8,1,6.0,3.200000000000001,0.1,0.6,1.0,4,445,55,0,0,,,success
554,2000,8,1,6.0,3.200000000000001,0.1,0.6,1.2,4,366,89,45,0,0.8796902270888082,0.20550412949485555,success
556,2000,8,1,6.0,3.200000000000001,0.1,0.6,1.5999999999999999,4,307,100,93,0,0.8144553703020929,0.22803045063336283,success
555,2000,8,1,6.0,3.200000000000001,0.1,0.6,1.4,4,322,92,86,0,0.846903665259837,0.23759106862492368,success
547,2000,8,1,6.0,3.100000000000001,0.1,0.6,8.999999999999998,4,350,39,111,0,0.5249327410640813,0.16104761044487656,success
557,2000,8,1,6.0,3.200000000000001,0.1,0.6,1.7999999999999998,4,294,99,107,0,0.7858790853968197,0.2131962294873944,success
558,2000,8,1,6.0,3.200000000000001,0.1,0.6,1.9999999999999998,4,307,75,118,0,0.7779048077180607,0.24255105401772906,success
548,2000,8,1,6.0,3.100000000000001,0.1,0.6,9.199999999999998,4,351,39,110,0,0.5195823672952303,0.1546331333013889,success
549,2000,8,1,6.0,3.100000000000001,0.1,0.6,9.399999999999999,4,351,40,109,0,0.5202751774275036,0.1574754560332115,success
559,2000,8,1,6.0,3.200000000000001,0.1,0.6,2.1999999999999997,4,307,53,140,0,0.7307067665289358,0.241463410806266,success
550,2000,8,1,6.0,3.100000000000001,0.1,0.6,9.599999999999998,4,351,39,110,0,0.5234217767350264,0.16167070246975818,success
551,2000,8,1,6.0,3.100000000000001,0.1,0.6,9.799999999999997,4,351,40,109,0,0.5206856747763301,0.160974231683909,success
552,2000,8,1,6.0,3.100000000000001,0.1,0.6,9.999999999999998,4,351,39,110,0,0.5249005109084571,0.16022669694425695,success
560,2000,8,1,6.0,3.200000000000001,0.1,0.6,2.3999999999999995,4,300,42,158,0,0.6877793396813309,0.22270046411620553,success
561,2000,8,1,6.0,3.200000000000001,0.1,0.6,2.5999999999999996,4,316,31,153,0,0.6640302327445411,0.24387455487677662,success
563,2000,8,1,6.0,3.200000000000001,0.1,0.6,2.9999999999999996,4,320,1,179,0,0.6766131061099321,0.22224373460397948,success
564,2000,8,1,6.0,3.200000000000001,0.1,0.6,3.1999999999999993,4,323,2,175,0,0.6659838971523214,0.22005361321401554,success
562,2000,8,1,6.0,3.200000000000001,0.1,0.6,2.8,4,321,7,172,0,0.6525876472499132,0.22577109927655495,success
568,2000,8,1,6.0,3.200000000000001,0.1,0.6,3.999999999999999,4,344,13,143,0,0.5886439635484385,0.19341070462663182,success
569,2000,8,1,6.0,3.200000000000001,0.1,0.6,4.199999999999999,4,339,22,139,0,0.5841507827892266,0.20009845380820426,success
571,2000,8,1,6.0,3.200000000000001,0.1,0.6,4.6,4,323,31,146,0,0.5986413267093853,0.22186459629637653,success
574,2000,8,1,6.0,3.200000000000001,0.1,0.6,5.199999999999999,4,331,30,139,0,0.5808110179687169,0.20834522647506615,success
566,2000,8,1,6.0,3.200000000000001,0.1,0.6,3.5999999999999996,4,338,5,157,0,0.5936686030291627,0.2129584890603037,success
570,2000,8,1,6.0,3.200000000000001,0.1,0.6,4.3999999999999995,4,328,31,141,0,0.5839143388462246,0.21613475135914517,success
572,2000,8,1,6.0,3.200000000000001,0.1,0.6,4.799999999999999,4,323,30,147,0,0.6202809638277672,0.21497966333609647,success
573,2000,8,1,6.0,3.200000000000001,0.1,0.6,4.999999999999999,4,327,32,141,0,0.5927725947312278,0.21563312639466517,success
567,2000,8,1,6.0,3.200000000000001,0.1,0.6,3.7999999999999994,4,339,7,154,0,0.5961768854048844,0.2011530324907067,success
565,2000,8,1,6.0,3.200000000000001,0.1,0.6,3.3999999999999995,4,340,3,157,0,0.6233343425405704,0.20153890969977492,success
576,2000,8,1,6.0,3.200000000000001,0.1,0.6,5.599999999999999,4,341,34,125,0,0.5655810527224363,0.19046158453936476,success
575,2000,8,1,6.0,3.200000000000001,0.1,0.6,5.399999999999999,4,338,36,126,0,0.5634960334148237,0.20040866306988656,success
577,2000,8,1,6.0,3.200000000000001,0.1,0.6,5.799999999999999,4,341,39,120,0,0.5570142159000218,0.18776454515242832,success
578,2000,8,1,6.0,3.200000000000001,0.1,0.6,5.999999999999999,4,342,40,118,0,0.5413670341950317,0.18720674872226917,success
579,2000,8,1,6.0,3.200000000000001,0.1,0.6,6.199999999999999,4,346,37,117,0,0.5337095826038714,0.17404089243126505,success
580,2000,8,1,6.0,3.200000000000001,0.1,0.6,6.399999999999999,4,348,37,115,0,0.5343143519224011,0.17502545007040976,success
582,2000,8,1,6.0,3.200000000000001,0.1,0.6,6.799999999999999,4,350,39,111,0,0.5274485938006916,0.1639031980861542,success
581,2000,8,1,6.0,3.200000000000001,0.1,0.6,6.599999999999999,4,350,40,110,0,0.5236190776509132,0.15806990676637575,success
583,2000,8,1,6.0,3.200000000000001,0.1,0.6,6.999999999999998,4,350,38,112,0,0.5287133084530233,0.16106634622652327,success
584,2000,8,1,6.0,3.200000000000001,0.1,0.6,7.199999999999998,4,351,37,112,0,0.525022865584389,0.15621064695179165,success
586,2000,8,1,6.0,3.200000000000001,0.1,0.6,7.599999999999999,4,350,39,111,0,0.5221138986093717,0.153807898236504,success
585,2000,8,1,6.0,3.200000000000001,0.1,0.6,7.399999999999999,4,350,38,112,0,0.5264393570435468,0.15620754924388386,success
589,2000,8,1,6.0,3.200000000000001,0.1,0.6,8.2,4,350,39,111,0,0.5301482093482325,0.16407847222322341,success
588,2000,8,1,6.0,3.200000000000001,0.1,0.6,7.999999999999998,4,349,39,112,0,0.5326764802573433,0.16611792200050002,success
587,2000,8,1,6.0,3.200000000000001,0.1,0.6,7.799999999999999,4,351,44,105,0,0.5157350648555019,0.15504392811060416,success
590,2000,8,1,6.0,3.200000000000001,0.1,0.6,8.399999999999999,4,351,43,106,0,0.5163915721970949,0.15105390639391297,success
591,2000,8,1,6.0,3.200000000000001,0.1,0.6,8.599999999999998,4,350,39,111,0,0.5334901265078618,0.16572917022373082,success
592,2000,8,1,6.0,3.200000000000001,0.1,0.6,8.799999999999997,4,350,45,105,0,0.5201905754729996,0.158350914096243,success
599,2000,8,1,6.0,3.300000000000001,0.1,0.6,1.0,4,445,55,0,0,,,success
600,2000,8,1,6.0,3.300000000000001,0.1,0.6,1.2,4,366,89,45,0,0.8796902270888082,0.20550412949485555,success
601,2000,8,1,6.0,3.300000000000001,0.1,0.6,1.4,4,322,92,86,0,0.846903665259837,0.23759106862492368,success
593,2000,8,1,6.0,3.200000000000001,0.1,0.6,8.999999999999998,4,350,40,110,0,0.5283522581236957,0.16424289948536328,success
603,2000,8,1,6.0,3.300000000000001,0.1,0.6,1.7999999999999998,4,293,100,107,0,0.7858790853968197,0.2131962294873944,success
602,2000,8,1,6.0,3.300000000000001,0.1,0.6,1.5999999999999999,4,307,100,93,0,0.8144553703020929,0.22803045063336283,success
604,2000,8,1,6.0,3.300000000000001,0.1,0.6,1.9999999999999998,4,307,75,118,0,0.7779048077180607,0.24255105401772906,success
594,2000,8,1,6.0,3.200000000000001,0.1,0.6,9.199999999999998,4,351,41,108,0,0.5206098993619592,0.15565978998687763,success
595,2000,8,1,6.0,3.200000000000001,0.1,0.6,9.399999999999999,4,351,43,106,0,0.5171692103650445,0.15361286491951134,success
598,2000,8,1,6.0,3.200000000000001,0.1,0.6,9.999999999999998,4,349,41,110,0,0.5260738742256513,0.15987175296091577,success
596,2000,8,1,6.0,3.200000000000001,0.1,0.6,9.599999999999998,4,350,42,108,0,0.5210156219679456,0.15639495391418404,success
597,2000,8,1,6.0,3.200000000000001,0.1,0.6,9.799999999999997,4,350,43,107,0,0.5197910867486163,0.15813707212022218,success
605,2000,8,1,6.0,3.300000000000001,0.1,0.6,2.1999999999999997,4,307,53,140,0,0.7307067665289358,0.241463410806266,success
606,2000,8,1,6.0,3.300000000000001,0.1,0.6,2.3999999999999995,4,300,42,158,0,0.6874930503581139,0.22322857765330556,success
607,2000,8,1,6.0,3.300000000000001,0.1,0.6,2.5999999999999996,4,315,31,154,0,0.6660715542825194,0.24437732735935652,success
608,2000,8,1,6.0,3.300000000000001,0.1,0.6,2.8,4,316,7,177,0,0.6626774394231819,0.2302445098279767,success
609,2000,8,1,6.0,3.300000000000001,0.1,0.6,2.9999999999999996,4,308,4,188,0,0.692176016164617,0.2273008449938611,success
610,2000,8,1,6.0,3.300000000000001,0.1,0.6,3.1999999999999993,4,303,4,193,0,0.6991820971517051,0.23155566884990267,success
613,2000,8,1,6.0,3.300000000000001,0.1,0.6,3.7999999999999994,4,334,7,159,0,0.6124804491105753,0.2116901782545034,success
617,2000,8,1,6.0,3.300000000000001,0.1,0.6,4.6,4,318,27,155,0,0.6149300795275323,0.2250165390549143,success
615,2000,8,1,6.0,3.300000000000001,0.1,0.6,4.199999999999999,4,336,17,147,0,0.6073782719657603,0.21152902588687034,success
614,2000,8,1,6.0,3.300000000000001,0.1,0.6,3.999999999999999,4,344,16,140,0,0.5878798710580769,0.19279693884880028,success
612,2000,8,1,6.0,3.300000000000001,0.1,0.6,3.5999999999999996,4,336,8,156,0,0.5966904437379205,0.21607493043993675,success
618,2000,8,1,6.0,3.300000000000001,0.1,0.6,4.799999999999999,4,315,31,154,0,0.6408652374734612,0.22502323290690632,success
619,2000,8,1,6.0,3.300000000000001,0.1,0.6,4.999999999999999,4,317,33,150,0,0.6185323329027202,0.22723818608865298,success
616,2000,8,1,6.0,3.300000000000001,0.1,0.6,4.3999999999999995,4,335,27,138,0,0.5769603965407802,0.207517104758148,success
620,2000,8,1,6.0,3.300000000000001,0.1,0.6,5.199999999999999,4,323,34,143,0,0.6013007337140137,0.22192545770240127,success
622,2000,8,1,6.0,3.300000000000001,0.1,0.6,5.599999999999999,4,332,34,134,0,0.5930102848784246,0.20866802883456714,success
621,2000,8,1,6.0,3.300000000000001,0.1,0.6,5.399999999999999,4,323,38,139,0,0.5992689128468076,0.22168206388776504,success
611,2000,8,1,6.0,3.300000000000001,0.1,0.6,3.3999999999999995,4,330,7,163,0,0.6394948313785084,0.21240848902315107,success
623,2000,8,1,6.0,3.300000000000001,0.1,0.6,5.799999999999999,4,337,37,126,0,0.5774614960571337,0.19818934091314436,success
624,2000,8,1,6.0,3.300000000000001,0.1,0.6,5.999999999999999,4,337,42,121,0,0.5598740416732072,0.20179764407679354,success
625,2000,8,1,6.0,3.300000000000001,0.1,0.6,6.199999999999999,4,345,40,115,0,0.5351551596071397,0.1766842236175602,success
626,2000,8,1,6.0,3.300000000000001,0.1,0.6,6.399999999999999,4,344,40,116,0,0.5412861110159403,0.18369871205450397,success
627,2000,8,1,6.0,3.300000000000001,0.1,0.6,6.599999999999999,4,349,42,109,0,0.5267079885756502,0.162002032450576,success
628,2000,8,1,6.0,3.300000000000001,0.1,0.6,6.799999999999999,4,348,42,110,0,0.5321992915446838,0.1684351708568787,success
629,2000,8,1,6.0,3.300000000000001,0.1,0.6,6.999999999999998,4,348,44,108,0,0.5272030426706988,0.1652495463419456,success
630,2000,8,1,6.0,3.300000000000001,0.1,0.6,7.199999999999998,4,349,39,112,0,0.5305590351416049,0.16229953208204234,success
631,2000,8,1,6.0,3.300000000000001,0.1,0.6,7.399999999999999,4,349,41,110,0,0.527069277588877,0.1583724964455267,success
632,2000,8,1,6.0,3.300000000000001,0.1,0.6,7.599999999999999,4,349,40,111,0,0.5300947883935684,0.16159924290574662,success
633,2000,8,1,6.0,3.300000000000001,0.1,0.6,7.799999999999999,4,351,42,107,0,0.52458468568912,0.159372830184022,success
635,2000,8,1,6.0,3.300000000000001,0.1,0.6,8.2,4,350,40,110,0,0.5298654925077337,0.15870321428616557,success
634,2000,8,1,6.0,3.300000000000001,0.1,0.6,7.999999999999998,4,349,43,108,0,0.5244754735626656,0.15892845716316004,success
637,2000,8,1,6.0,3.300000000000001,0.1,0.6,8.599999999999998,4,350,41,109,0,0.5322658883658744,0.16268384366237373,success
636,2000,8,1,6.0,3.300000000000001,0.1,0.6,8.399999999999999,4,349,41,110,0,0.5346225005565742,0.1654670174270511,success
638,2000,8,1,6.0,3.300000000000001,0.1,0.6,8.799999999999997,4,350,43,107,0,0.527288552003423,0.16209544297022008,success
639,2000,8,1,6.0,3.300000000000001,0.1,0.6,8.999999999999998,4,350,40,110,0,0.5318226325017423,0.16078461423972054,success
640,2000,8,1,6.0,3.300000000000001,0.1,0.6,9.199999999999998,4,350,42,108,0,0.525577481415749,0.15634989286279088,success
641,2000,8,1,6.0,3.300000000000001,0.1,0.6,9.399999999999999,4,351,42,107,0,0.5246273136882224,0.1566516849585335,success
645,2000,8,1,6.0,3.4000000000000012,0.1,0.6,1.0,4,445,55,0,0,,,success
647,2000,8,1,6.0,3.4000000000000012,0.1,0.6,1.4,4,322,92,86,0,0.846903665259837,0.23759106862492368,success
646,2000,8,1,6.0,3.4000000000000012,0.1,0.6,1.2,4,366,89,45,0,0.8796902270888082,0.20550412949485555,success
649,2000,8,1,6.0,3.4000000000000012,0.1,0.6,1.7999999999999998,4,293,100,107,0,0.7858790853968197,0.2131962294873944,success
648,2000,8,1,6.0,3.4000000000000012,0.1,0.6,1.5999999999999999,4,307,100,93,0,0.8144553703020929,0.22803045063336283,success
650,2000,8,1,6.0,3.4000000000000012,0.1,0.6,1.9999999999999998,4,307,75,118,0,0.7779048077180607,0.24255105401772906,success
642,2000,8,1,6.0,3.300000000000001,0.1,0.6,9.599999999999998,4,351,41,108,0,0.52740350775684,0.16009729016617663,success
644,2000,8,1,6.0,3.300000000000001,0.1,0.6,9.999999999999998,4,350,44,106,0,0.5253600111048763,0.16210322565274002,success
643,2000,8,1,6.0,3.300000000000001,0.1,0.6,9.799999999999997,4,351,40,109,0,0.5291803921870832,0.15975407946722006,success
651,2000,8,1,6.0,3.4000000000000012,0.1,0.6,2.1999999999999997,4,307,53,140,0,0.7307067665289358,0.241463410806266,success
652,2000,8,1,6.0,3.4000000000000012,0.1,0.6,2.3999999999999995,4,300,42,158,0,0.6879397443623841,0.22367731316677067,success
653,2000,8,1,6.0,3.4000000000000012,0.1,0.6,2.5999999999999996,4,315,31,154,0,0.6660769263468989,0.244318072594755,success
655,2000,8,1,6.0,3.4000000000000012,0.1,0.6,2.9999999999999996,4,300,2,198,0,0.7072123158516774,0.2294628708482677,success
656,2000,8,1,6.0,3.4000000000000012,0.1,0.6,3.1999999999999993,4,270,5,225,0,0.7430139968576781,0.23881487429841944,success
661,2000,8,1,6.0,3.4000000000000012,0.1,0.6,4.199999999999999,4,336,22,142,0,0.5987762348019332,0.20809337306085673,success
660,2000,8,1,6.0,3.4000000000000012,0.1,0.6,3.999999999999999,4,336,14,150,0,0.6177046608060113,0.21064832279073992,success
654,2000,8,1,6.0,3.4000000000000012,0.1,0.6,2.8,4,314,8,178,0,0.6651625759518467,0.23163137477249332,success
659,2000,8,1,6.0,3.4000000000000012,0.1,0.6,3.7999999999999994,4,326,13,161,0,0.6229978772368663,0.21904058651769304,success
662,2000,8,1,6.0,3.4000000000000012,0.1,0.6,4.3999999999999995,4,332,27,141,0,0.5893047762388349,0.21423061456327716,success
663,2000,8,1,6.0,3.4000000000000012,0.1,0.6,4.6,4,323,23,154,0,0.6139872200538457,0.22076724500827585,success
657,2000,8,1,6.0,3.4000000000000012,0.1,0.6,3.3999999999999995,4,299,13,188,0,0.690909708304529,0.23379890958857819,success
665,2000,8,1,6.0,3.4000000000000012,0.1,0.6,4.999999999999999,4,315,31,154,0,0.6254371289409738,0.22707492189648265,success
664,2000,8,1,6.0,3.4000000000000012,0.1,0.6,4.799999999999999,4,318,28,154,0,0.63613921273037,0.2186755907133199,success
667,2000,8,1,6.0,3.4000000000000012,0.1,0.6,5.399999999999999,4,312,37,151,0,0.6302721870092487,0.23336994751277237,success
658,2000,8,1,6.0,3.4000000000000012,0.1,0.6,3.5999999999999996,4,325,9,166,0,0.6236090211576649,0.22946942857132607,success
666,2000,8,1,6.0,3.4000000000000012,0.1,0.6,5.199999999999999,4,311,32,157,0,0.6311378557975558,0.2315826121119303,success
668,2000,8,1,6.0,3.4000000000000012,0.1,0.6,5.599999999999999,4,315,34,151,0,0.634228613740495,0.2253347124911371,success
669,2000,8,1,6.0,3.4000000000000012,0.1,0.6,5.799999999999999,4,324,38,138,0,0.6136874836014793,0.21766906342195408,success
670,2000,8,1,6.0,3.4000000000000012,0.1,0.6,5.999999999999999,4,331,42,127,0,0.5796119495453708,0.21314614659355374,success
671,2000,8,1,6.0,3.4000000000000012,0.1,0.6,6.199999999999999,4,335,39,126,0,0.5716486820284443,0.20156654300106633,success
672,2000,8,1,6.0,3.4000000000000012,0.1,0.6,6.399999999999999,4,342,38,120,0,0.552332142859944,0.18477130930319863,success
673,2000,8,1,6.0,3.4000000000000012,0.1,0.6,6.599999999999999,4,339,41,120,0,0.5683536753227254,0.19436673678569472,success
674,2000,8,1,6.0,3.4000000000000012,0.1,0.6,6.799999999999999,4,340,40,120,0,0.5632953768129859,0.19154520653296292,success
675,2000,8,1,6.0,3.4000000000000012,0.1,0.6,6.999999999999998,4,344,44,112,0,0.5489418963923756,0.1840277192302866,success
676,2000,8,1,6.0,3.4000000000000012,0.1,0.6,7.199999999999998,4,349,41,110,0,0.5312714599271794,0.16101373346836015,success
677,2000,8,1,6.0,3.4000000000000012,0.1,0.6,7.399999999999999,4,348,44,108,0,0.5293501951727505,0.1610394615176355,success
678,2000,8,1,6.0,3.4000000000000012,0.1,0.6,7.599999999999999,4,348,45,107,0,0.5268621057663087,0.16032640798764575,success
679,2000,8,1,6.0,3.4000000000000012,0.1,0.6,7.799999999999999,4,349,45,106,0,0.5265339249289118,0.16073878496746646,success
681,2000,8,1,6.0,3.4000000000000012,0.1,0.6,8.2,4,349,42,109,0,0.5313222728509489,0.16204095076891908,success
682,2000,8,1,6.0,3.4000000000000012,0.1,0.6,8.399999999999999,4,349,40,111,0,0.5406468821406819,0.17090702187649376,success
683,2000,8,1,6.0,3.4000000000000012,0.1,0.6,8.599999999999998,4,349,44,107,0,0.5320203032651426,0.1648429418273618,success
680,2000,8,1,6.0,3.4000000000000012,0.1,0.6,7.999999999999998,4,348,43,109,0,0.532144852079643,0.16577887334360975,success
684,2000,8,1,6.0,3.4000000000000012,0.1,0.6,8.799999999999997,4,350,45,105,0,0.5264019383779052,0.1591468416260617,success
691,2000,8,1,6.0,3.5000000000000013,0.1,0.6,1.0,4,445,55,0,0,,,success
685,2000,8,1,6.0,3.4000000000000012,0.1,0.6,8.999999999999998,4,349,43,108,0,0.5319010200882883,0.16571997318959356,success
692,2000,8,1,6.0,3.5000000000000013,0.1,0.6,1.2,4,366,89,45,0,0.8796902270888082,0.20550412949485555,success
694,2000,8,1,6.0,3.5000000000000013,0.1,0.6,1.5999999999999999,4,307,100,93,0,0.8144553703020929,0.22803045063336283,success
693,2000,8,1,6.0,3.5000000000000013,0.1,0.6,1.4,4,322,92,86,0,0.846903665259837,0.23759106862492368,success
695,2000,8,1,6.0,3.5000000000000013,0.1,0.6,1.7999999999999998,4,293,100,107,0,0.7858790853968197,0.2131962294873944,success
686,2000,8,1,6.0,3.4000000000000012,0.1,0.6,9.199999999999998,4,349,47,104,0,0.5232804939900879,0.15976015056091425,success
688,2000,8,1,6.0,3.4000000000000012,0.1,0.6,9.599999999999998,4,351,41,108,0,0.534008841891259,0.16311232328726355,success
696,2000,8,1,6.0,3.5000000000000013,0.1,0.6,1.9999999999999998,4,307,75,118,0,0.7779048077180607,0.24255105401772906,success
687,2000,8,1,6.0,3.4000000000000012,0.1,0.6,9.399999999999999,4,349,43,108,0,0.5338497411116526,0.16672098248141998,success
697,2000,8,1,6.0,3.5000000000000013,0.1,0.6,2.1999999999999997,4,307,53,140,0,0.7307067878225396,0.24146340003065977,success
689,2000,8,1,6.0,3.4000000000000012,0.1,0.6,9.799999999999997,4,349,41,110,0,0.5429174638312227,0.1725874736724226,success
690,2000,8,1,6.0,3.4000000000000012,0.1,0.6,9.999999999999998,4,350,43,107,0,0.5306785247096886,0.16309561383451598,success
698,2000,8,1,6.0,3.5000000000000013,0.1,0.6,2.3999999999999995,4,300,42,158,0,0.6879609453460553,0.22367896192391432,success
699,2000,8,1,6.0,3.5000000000000013,0.1,0.6,2.5999999999999996,4,314,30,156,0,0.6702200862400617,0.24533425123282335,success
702,2000,8,1,6.0,3.5000000000000013,0.1,0.6,3.1999999999999993,4,274,7,219,0,0.7377631994586725,0.23866760787728275,success
701,2000,8,1,6.0,3.5000000000000013,0.1,0.6,2.9999999999999996,4,297,1,202,0,0.71396312141796,0.23135958624086045,success
700,2000,8,1,6.0,3.5000000000000013,0.1,0.6,2.8,4,312,8,180,0,0.6690366991089375,0.23227120384285488,success
703,2000,8,1,6.0,3.5000000000000013,0.1,0.6,3.3999999999999995,4,276,10,214,0,0.7262182567734661,0.2404572639944896,success
704,2000,8,1,6.0,3.5000000000000013,0.1,0.6,3.5999999999999996,4,302,12,186,0,0.6681080236437985,0.24380676027054884,success
705,2000,8,1,6.0,3.5000000000000013,0.1,0.6,3.7999999999999994,4,324,13,163,0,0.6261768803440997,0.22126047391088044,success
706,2000,8,1,6.0,3.5000000000000013,0.1,0.6,3.999999999999999,4,332,12,156,0,0.6333186061527527,0.21661491015623438,success
710,2000,8,1,6.0,3.5000000000000013,0.1,0.6,4.799999999999999,4,323,25,152,0,0.6315382100166272,0.21250915362069242,success
709,2000,8,1,6.0,3.5000000000000013,0.1,0.6,4.6,4,326,24,150,0,0.604877116211321,0.2252921742253998,success
707,2000,8,1,6.0,3.5000000000000013,0.1,0.6,4.199999999999999,4,337,22,141,0,0.6026065438922321,0.21026037154483293,success
708,2000,8,1,6.0,3.5000000000000013,0.1,0.6,4.3999999999999995,4,331,26,143,0,0.5941992215852114,0.21481387647146435,success
711,2000,8,1,6.0,3.5000000000000013,0.1,0.6,4.999999999999999,4,310,29,161,0,0.641037634234189,0.2306319507608099,success
715,2000,8,1,6.0,3.5000000000000013,0.1,0.6,5.799999999999999,4,307,39,154,0,0.649292110455273,0.22986316835870022,success
712,2000,8,1,6.0,3.5000000000000013,0.1,0.6,5.199999999999999,4,312,30,158,0,0.6350186047395237,0.2310927745149287,success
713,2000,8,1,6.0,3.5000000000000013,0.1,0.6,5.399999999999999,4,302,35,163,0,0.6538430707432037,0.23768824374197217,success
714,2000,8,1,6.0,3.5000000000000013,0.1,0.6,5.599999999999999,4,304,36,160,0,0.6553949016115018,0.23235854434415038,success
716,2000,8,1,6.0,3.5000000000000013,0.1,0.6,5.999999999999999,4,324,42,134,0,0.6008408023149057,0.22086438576059544,success
717,2000,8,1,6.0,3.5000000000000013,0.1,0.6,6.199999999999999,4,322,38,140,0,0.6122897296171839,0.22190097059539457,success
718,2000,8,1,6.0,3.5000000000000013,0.1,0.6,6.399999999999999,4,330,36,134,0,0.5924097673694061,0.20976666842956576,success
720,2000,8,1,6.0,3.5000000000000013,0.1,0.6,6.799999999999999,4,340,40,120,0,0.5637573158788521,0.18847049112013595,success
719,2000,8,1,6.0,3.5000000000000013,0.1,0.6,6.599999999999999,4,336,40,124,0,0.5806777469425985,0.1995263738025222,success
721,2000,8,1,6.0,3.5000000000000013,0.1,0.6,6.999999999999998,4,341,44,115,0,0.5549783929628085,0.18545123649380443,success
722,2000,8,1,6.0,3.5000000000000013,0.1,0.6,7.199999999999998,4,345,43,112,0,0.5455952006868899,0.17526319019459569,success
724,2000,8,1,6.0,3.5000000000000013,0.1,0.6,7.599999999999999,4,345,44,111,0,0.5470224839841267,0.1770395892333825,success
723,2000,8,1,6.0,3.5000000000000013,0.1,0.6,7.399999999999999,4,346,44,110,0,0.5435989562427865,0.17251090808149538,success
725,2000,8,1,6.0,3.5000000000000013,0.1,0.6,7.799999999999999,4,348,47,105,0,0.5288396122935459,0.1611452544295353,success
727,2000,8,1,6.0,3.5000000000000013,0.1,0.6,8.2,4,345,46,109,0,0.5438078651896432,0.17473663283625354,success
726,2000,8,1,6.0,3.5000000000000013,0.1,0.6,7.999999999999998,4,347,45,108,0,0.5415402414433086,0.1712289941336407,success
728,2000,8,1,6.0,3.5000000000000013,0.1,0.6,8.399999999999999,4,347,44,109,0,0.5421026876749604,0.17110423457275176,success
729,2000,8,1,6.0,3.5000000000000013,0.1,0.6,8.599999999999998,4,350,45,105,0,0.5315586478792037,0.16284061236999572,success
730,2000,8,1,6.0,3.5000000000000013,0.1,0.6,8.799999999999997,4,349,47,104,0,0.5264353904670658,0.1601749616471413,success
731,2000,8,1,6.0,3.5000000000000013,0.1,0.6,8.999999999999998,4,350,48,102,0,0.5184987851846231,0.15118327131156561,success
732,2000,8,1,6.0,3.5000000000000013,0.1,0.6,9.199999999999998,4,349,45,106,0,0.5287874722971891,0.1590635658539413,success
733,2000,8,1,6.0,3.5000000000000013,0.1,0.6,9.399999999999999,4,350,46,104,0,0.5242351585632813,0.1545402081585718,success
734,2000,8,1,6.0,3.5000000000000013,0.1,0.6,9.599999999999998,4,350,48,102,0,0.5216822948621367,0.15538616764371865,success
735,2000,8,1,6.0,3.5000000000000013,0.1,0.6,9.799999999999997,4,349,45,106,0,0.5353573576788522,0.16766677526284868,success
736,2000,8,1,6.0,3.5000000000000013,0.1,0.6,9.999999999999998,4,349,47,104,0,0.5271538379409028,0.16031682879781967,success
737,2000,8,1,6.0,3.6000000000000014,0.1,0.6,1.0,4,445,55,0,0,,,success
738,2000,8,1,6.0,3.6000000000000014,0.1,0.6,1.2,4,366,89,45,0,0.8796902270888082,0.20550412949485555,success
739,2000,8,1,6.0,3.6000000000000014,0.1,0.6,1.4,4,322,92,86,0,0.846903665259837,0.23759106862492368,success
740,2000,8,1,6.0,3.6000000000000014,0.1,0.6,1.5999999999999999,4,307,100,93,0,0.8144553703020929,0.22803045063336283,success
741,2000,8,1,6.0,3.6000000000000014,0.1,0.6,1.7999999999999998,4,293,100,107,0,0.7858790853968197,0.2131962294873944,success
742,2000,8,1,6.0,3.6000000000000014,0.1,0.6,1.9999999999999998,4,307,75,118,0,0.778208159310883,0.2426528504985887,success
743,2000,8,1,6.0,3.6000000000000014,0.1,0.6,2.1999999999999997,4,307,53,140,0,0.7307047338615386,0.24146519318173285,success
744,2000,8,1,6.0,3.6000000000000014,0.1,0.6,2.3999999999999995,4,300,42,158,0,0.6879535622360328,0.22367675664663986,success
745,2000,8,1,6.0,3.6000000000000014,0.1,0.6,2.5999999999999996,4,315,29,156,0,0.6701525796378794,0.2451898103661077,success
747,2000,8,1,6.0,3.6000000000000014,0.1,0.6,2.9999999999999996,4,291,1,208,0,0.7242024252563477,0.23441631289436207,success
746,2000,8,1,6.0,3.6000000000000014,0.1,0.6,2.8,4,318,9,173,0,0.6566452501309532,0.22802236724459587,success
748,2000,8,1,6.0,3.6000000000000014,0.1,0.6,3.1999999999999993,4,247,8,245,0,0.7658990512691775,0.23976934892629237,success
751,2000,8,1,6.0,3.6000000000000014,0.1,0.6,3.7999999999999994,4,305,15,180,0,0.6648887080737058,0.2361816542558052,success
753,2000,8,1,6.0,3.6000000000000014,0.1,0.6,4.199999999999999,4,325,17,158,0,0.6428613573761801,0.22665010261907592,success
756,2000,8,1,6.0,3.6000000000000014,0.1,0.6,4.799999999999999,4,330,23,147,0,0.616611939756089,0.2122733592062097,success
752,2000,8,1,6.0,3.6000000000000014,0.1,0.6,3.999999999999999,4,325,15,160,0,0.6480956216838416,0.2236092095537365,success
754,2000,8,1,6.0,3.6000000000000014,0.1,0.6,4.3999999999999995,4,326,23,151,0,0.6160879389241777,0.2245727714181579,success
755,2000,8,1,6.0,3.6000000000000014,0.1,0.6,4.6,4,325,23,152,0,0.6090326102450832,0.22520860665678819,success
758,2000,8,1,6.0,3.6000000000000014,0.1,0.6,5.199999999999999,4,319,29,152,0,0.6226412336709297,0.22375576473362457,success
757,2000,8,1,6.0,3.6000000000000014,0.1,0.6,4.999999999999999,4,319,27,154,0,0.6300379154097815,0.2237707411938874,success
759,2000,8,1,6.0,3.6000000000000014,0.1,0.6,5.399999999999999,4,306,35,159,0,0.649264937521743,0.23579378500931353,success
750,2000,8,1,6.0,3.6000000000000014,0.1,0.6,3.5999999999999996,4,278,12,210,0,0.7073380423985798,0.25136147903366135,success
760,2000,8,1,6.0,3.6000000000000014,0.1,0.6,5.599999999999999,4,296,31,173,0,0.6779305928523709,0.23341395887617167,success
749,2000,8,1,6.0,3.6000000000000014,0.1,0.6,3.3999999999999995,4,241,9,250,0,0.7683321686699373,0.24205303144286502,success
761,2000,8,1,6.0,3.6000000000000014,0.1,0.6,5.799999999999999,4,301,39,160,0,0.661664286807365,0.23170272857089738,success
762,2000,8,1,6.0,3.6000000000000014,0.1,0.6,5.999999999999999,4,305,41,154,0,0.6497904830939245,0.23882333709913223,success
763,2000,8,1,6.0,3.6000000000000014,0.1,0.6,6.199999999999999,4,309,41,150,0,0.6400001200573167,0.23318436272368206,success
764,2000,8,1,6.0,3.6000000000000014,0.1,0.6,6.399999999999999,4,321,42,137,0,0.6118187596333896,0.22491404892068792,success
765,2000,8,1,6.0,3.6000000000000014,0.1,0.6,6.599999999999999,4,332,41,127,0,0.5977878381445634,0.20881117300597038,success
766,2000,8,1,6.0,3.6000000000000014,0.1,0.6,6.799999999999999,4,332,43,125,0,0.5844380798531483,0.20337093023140201,success
767,2000,8,1,6.0,3.6000000000000014,0.1,0.6,6.999999999999998,4,341,44,115,0,0.5624559107937808,0.19010476494349116,success
768,2000,8,1,6.0,3.6000000000000014,0.1,0.6,7.199999999999998,4,340,45,115,0,0.5679854749383635,0.19571602878277852,success
769,2000,8,1,6.0,3.6000000000000014,0.1,0.6,7.399999999999999,4,340,43,117,0,0.5683390594450848,0.19029116626714296,success
770,2000,8,1,6.0,3.6000000000000014,0.1,0.6,7.599999999999999,4,342,44,114,0,0.5574130086415484,0.18263327360921847,success
771,2000,8,1,6.0,3.6000000000000014,0.1,0.6,7.799999999999999,4,343,44,113,0,0.5557816410782782,0.18180793944634968,success
772,2000,8,1,6.0,3.6000000000000014,0.1,0.6,7.999999999999998,4,345,43,112,0,0.5520530040569106,0.17588848224484485,success
773,2000,8,1,6.0,3.6000000000000014,0.1,0.6,8.2,4,343,46,111,0,0.5545022697660443,0.1834450993496493,success
774,2000,8,1,6.0,3.6000000000000014,0.1,0.6,8.399999999999999,4,348,49,103,0,0.5314794205270614,0.1682960397757934,success
775,2000,8,1,6.0,3.6000000000000014,0.1,0.6,8.599999999999998,4,348,46,106,0,0.5397015964542642,0.17008313824072238,success
776,2000,8,1,6.0,3.6000000000000014,0.1,0.6,8.799999999999997,4,348,47,105,0,0.5373185784787721,0.16876910752678628,success
777,2000,8,1,6.0,3.6000000000000014,0.1,0.6,8.999999999999998,4,350,48,102,0,0.525583515892285,0.15756785441640977,success
783,2000,8,1,6.0,3.7000000000000015,0.1,0.6,1.0,4,445,55,0,0,,,success
778,2000,8,1,6.0,3.6000000000000014,0.1,0.6,9.199999999999998,4,349,48,103,0,0.5306656209378161,0.16246568857330698,success
785,2000,8,1,6.0,3.7000000000000015,0.1,0.6,1.4,4,322,92,86,0,0.846903665259837,0.23759106862492368,success
784,2000,8,1,6.0,3.7000000000000015,0.1,0.6,1.2,4,366,89,45,0,0.8796902270888082,0.20550412949485555,success
779,2000,8,1,6.0,3.6000000000000014,0.1,0.6,9.399999999999999,4,347,48,105,0,0.5356732185255932,0.16746512452535953,success
780,2000,8,1,6.0,3.6000000000000014,0.1,0.6,9.599999999999998,4,350,48,102,0,0.5296402107690874,0.16323416467479832,success
786,2000,8,1,6.0,3.7000000000000015,0.1,0.6,1.5999999999999999,4,307,100,93,0,0.8144553703020929,0.22803045063336283,success
787,2000,8,1,6.0,3.7000000000000015,0.1,0.6,1.7999999999999998,4,293,100,107,0,0.7858790853968197,0.2131962294873944,success
788,2000,8,1,6.0,3.7000000000000015,0.1,0.6,1.9999999999999998,4,307,75,118,0,0.778208159310883,0.2426528504985887,success
789,2000,8,1,6.0,3.7000000000000015,0.1,0.6,2.1999999999999997,4,307,53,140,0,0.7307047338615386,0.24146519318173285,success
781,2000,8,1,6.0,3.6000000000000014,0.1,0.6,9.799999999999997,4,349,46,105,0,0.5389133518776817,0.16882760982098372,success
782,2000,8,1,6.0,3.6000000000000014,0.1,0.6,9.999999999999998,4,348,49,103,0,0.5299628247657655,0.16289141109986013,success
790,2000,8,1,6.0,3.7000000000000015,0.1,0.6,2.3999999999999995,4,300,42,158,0,0.6881058621855113,0.22369134455327658,success
791,2000,8,1,6.0,3.7000000000000015,0.1,0.6,2.5999999999999996,4,314,29,157,0,0.6716470700675437,0.24563186076259563,success
794,2000,8,1,6.0,3.7000000000000015,0.1,0.6,3.1999999999999993,4,236,6,258,0,0.7777912581293595,0.2384573162822038,success
793,2000,8,1,6.0,3.7000000000000015,0.1,0.6,2.9999999999999996,4,280,4,216,0,0.7362894824779972,0.23686540367695405,success
792,2000,8,1,6.0,3.7000000000000015,0.1,0.6,2.8,4,309,8,183,0,0.6755053140047342,0.2348778393924076,success
796,2000,8,1,6.0,3.7000000000000015,0.1,0.6,3.5999999999999996,4,248,12,240,0,0.7443928805462959,0.2528026032146738,success
798,2000,8,1,6.0,3.7000000000000015,0.1,0.6,3.999999999999999,4,311,23,166,0,0.6599458619144049,0.23584183483644694,success
795,2000,8,1,6.0,3.7000000000000015,0.1,0.6,3.3999999999999995,4,224,13,263,0,0.7792902089562536,0.24096267960693915,success
797,2000,8,1,6.0,3.7000000000000015,0.1,0.6,3.7999999999999994,4,277,17,206,0,0.708973563421112,0.2449935034493331,success
799,2000,8,1,6.0,3.7000000000000015,0.1,0.6,4.199999999999999,4,317,22,161,0,0.6544466611290458,0.232432394600082,success
800,2000,8,1,6.0,3.7000000000000015,0.1,0.6,4.3999999999999995,4,327,24,149,0,0.6163827409824217,0.22624018391146927,success
801,2000,8,1,6.0,3.7000000000000015,0.1,0.6,4.6,4,327,24,149,0,0.6090882261973813,0.22559517862829706,success
802,2000,8,1,6.0,3.7000000000000015,0.1,0.6,4.799999999999999,4,328,19,153,0,0.6306148208853588,0.21657772812747159,success
803,2000,8,1,6.0,3.7000000000000015,0.1,0.6,4.999999999999999,4,329,29,142,0,0.6074712950376373,0.21360102857341837,success
804,2000,8,1,6.0,3.7000000000000015,0.1,0.6,5.199999999999999,4,315,29,156,0,0.6357758844796882,0.22878407393848985,success
805,2000,8,1,6.0,3.7000000000000015,0.1,0.6,5.399999999999999,4,305,35,160,0,0.6520422331579117,0.23615284168747916,success
806,2000,8,1,6.0,3.7000000000000015,0.1,0.6,5.599999999999999,4,301,32,167,0,0.6691248033504988,0.23202319535136445,success
807,2000,8,1,6.0,3.7000000000000015,0.1,0.6,5.799999999999999,4,298,37,165,0,0.6748760165719007,0.23194462122588322,success
808,2000,8,1,6.0,3.7000000000000015,0.1,0.6,5.999999999999999,4,295,39,166,0,0.670178024881736,0.23884725651111974,success
809,2000,8,1,6.0,3.7000000000000015,0.1,0.6,6.199999999999999,4,304,42,154,0,0.6494900885265034,0.23515394577331966,success
810,2000,8,1,6.0,3.7000000000000015,0.1,0.6,6.399999999999999,4,305,45,150,0,0.6464165528697285,0.23774541491285675,success
814,2000,8,1,6.0,3.7000000000000015,0.1,0.6,7.199999999999998,4,336,47,117,0,0.5798286216178377,0.2041775389589899,success
811,2000,8,1,6.0,3.7000000000000015,0.1,0.6,6.599999999999999,4,321,40,139,0,0.6240222941614273,0.2198785957316093,success
812,2000,8,1,6.0,3.7000000000000015,0.1,0.6,6.799999999999999,4,325,43,132,0,0.6081778411296437,0.21582579267112098,success
815,2000,8,1,6.0,3.7000000000000015,0.1,0.6,7.399999999999999,4,334,45,121,0,0.5886115401872406,0.2070606490828151,success
813,2000,8,1,6.0,3.7000000000000015,0.1,0.6,6.999999999999998,4,332,45,123,0,0.5941980785413885,0.21097811598555813,success
816,2000,8,1,6.0,3.7000000000000015,0.1,0.6,7.599999999999999,4,341,47,112,0,0.5572762685880266,0.1872335325349913,success
817,2000,8,1,6.0,3.7000000000000015,0.1,0.6,7.799999999999999,4,341,45,114,0,0.5622961487033543,0.1885453024768108,success
818,2000,8,1,6.0,3.7000000000000015,0.1,0.6,7.999999999999998,4,342,45,113,0,0.5613768991754386,0.18731724847278372,success
820,2000,8,1,6.0,3.7000000000000015,0.1,0.6,8.399999999999999,4,346,49,105,0,0.5391625813562811,0.17241602150585067,success
821,2000,8,1,6.0,3.7000000000000015,0.1,0.6,8.599999999999998,4,349,47,104,0,0.5292034295305682,0.159189033928321,success
819,2000,8,1,6.0,3.7000000000000015,0.1,0.6,8.2,4,342,48,110,0,0.5509253343924749,0.18072596741160327,success
822,2000,8,1,6.0,3.7000000000000015,0.1,0.6,8.799999999999997,4,346,48,106,0,0.5419742517213706,0.17357209466404053,success
823,2000,8,1,6.0,3.7000000000000015,0.1,0.6,8.999999999999998,4,349,51,100,0,0.5239460332850225,0.15971412371080557,success
824,2000,8,1,6.0,3.7000000000000015,0.1,0.6,9.199999999999998,4,348,47,105,0,0.5402379941148929,0.1727411686878092,success
829,2000,8,1,6.0,3.8000000000000016,0.1,0.6,1.0,4,445,55,0,0,,,success
830,2000,8,1,6.0,3.8000000000000016,0.1,0.6,1.2,4,366,89,45,0,0.8796902270888082,0.20550412949485555,success
825,2000,8,1,6.0,3.7000000000000015,0.1,0.6,9.399999999999999,4,348,49,103,0,0.5371965319676705,0.1706431786917935,success
831,2000,8,1,6.0,3.8000000000000016,0.1,0.6,1.4,4,322,92,86,0,0.846903665259837,0.23759106862492368,success
826,2000,8,1,6.0,3.7000000000000015,0.1,0.6,9.599999999999998,4,347,47,106,0,0.5424248364658454,0.17313105958380173,success
827,2000,8,1,6.0,3.7000000000000015,0.1,0.6,9.799999999999997,4,348,45,107,0,0.5501869824358059,0.17840367085236142,success
828,2000,8,1,6.0,3.7000000000000015,0.1,0.6,9.999999999999998,4,350,48,102,0,0.5326506957012608,0.16396155526512282,success
832,2000,8,1,6.0,3.8000000000000016,0.1,0.6,1.5999999999999999,4,307,100,93,0,0.8144553703020929,0.22803045063336283,success
833,2000,8,1,6.0,3.8000000000000016,0.1,0.6,1.7999999999999998,4,293,100,107,0,0.7858790853968197,0.2131962294873944,success
834,2000,8,1,6.0,3.8000000000000016,0.1,0.6,1.9999999999999998,4,307,75,118,0,0.7789050422234226,0.24249309020095824,success
835,2000,8,1,6.0,3.8000000000000016,0.1,0.6,2.1999999999999997,4,307,53,140,0,0.7307047338615386,0.24146519318173285,success
836,2000,8,1,6.0,3.8000000000000016,0.1,0.6,2.3999999999999995,4,300,42,158,0,0.6877332875202464,0.22383699971660576,success
837,2000,8,1,6.0,3.8000000000000016,0.1,0.6,2.5999999999999996,4,314,29,157,0,0.6701175695549249,0.24665218473370587,success
839,2000,8,1,6.0,3.8000000000000016,0.1,0.6,2.9999999999999996,4,269,2,229,0,0.7490639351320781,0.23636276384686256,success
838,2000,8,1,6.0,3.8000000000000016,0.1,0.6,2.8,4,305,7,188,0,0.6842900639919415,0.23759554676863961,success
840,2000,8,1,6.0,3.8000000000000016,0.1,0.6,3.1999999999999993,4,202,7,291,0,0.8041326294278016,0.23490003551715236,success
849,2000,8,1,6.0,3.8000000000000016,0.1,0.6,4.999999999999999,4,334,29,137,0,0.6001576966933195,0.20951591179194956,success
848,2000,8,1,6.0,3.8000000000000016,0.1,0.6,4.799999999999999,4,335,22,143,0,0.6250861882640729,0.20738883139866665,success
846,2000,8,1,6.0,3.8000000000000016,0.1,0.6,4.3999999999999995,4,315,26,159,0,0.6433358718487696,0.23589698391692612,success
841,2000,8,1,6.0,3.8000000000000016,0.1,0.6,3.3999999999999995,4,190,9,301,0,0.8034029868615483,0.23907547119320616,success
850,2000,8,1,6.0,3.8000000000000016,0.1,0.6,5.199999999999999,4,331,27,142,0,0.6063246350419368,0.21314567127754752,success
847,2000,8,1,6.0,3.8000000000000016,0.1,0.6,4.6,4,328,25,147,0,0.6102324586593022,0.21840681478236512,success
843,2000,8,1,6.0,3.8000000000000016,0.1,0.6,3.7999999999999994,4,248,20,232,0,0.7422617492330614,0.24624450111312648,success
845,2000,8,1,6.0,3.8000000000000016,0.1,0.6,4.199999999999999,4,324,25,151,0,0.643765977914527,0.23230619358047172,success
842,2000,8,1,6.0,3.8000000000000016,0.1,0.6,3.5999999999999996,4,234,16,250,0,0.758632550014086,0.2510795004242042,success
844,2000,8,1,6.0,3.8000000000000016,0.1,0.6,3.999999999999999,4,293,24,183,0,0.6946265789968759,0.24552294381843423,success
851,2000,8,1,6.0,3.8000000000000016,0.1,0.6,5.399999999999999,4,317,33,150,0,0.6377442856851955,0.23100832447995165,success
852,2000,8,1,6.0,3.8000000000000016,0.1,0.6,5.599999999999999,4,309,34,157,0,0.6581171593856932,0.2315172147998555,success
853,2000,8,1,6.0,3.8000000000000016,0.1,0.6,5.799999999999999,4,294,36,170,0,0.6837652830939611,0.23239938001232066,success
854,2000,8,1,6.0,3.8000000000000016,0.1,0.6,5.999999999999999,4,289,40,171,0,0.6835331454596569,0.24193436157010256,success
855,2000,8,1,6.0,3.8000000000000016,0.1,0.6,6.199999999999999,4,289,42,169,0,0.6833545764467931,0.24209354828252233,success
856,2000,8,1,6.0,3.8000000000000016,0.1,0.6,6.399999999999999,4,296,42,162,0,0.6715542487122673,0.24038668109206743,success
857,2000,8,1,6.0,3.8000000000000016,0.1,0.6,6.599999999999999,4,309,44,147,0,0.653533867147912,0.23315457533482933,success
859,2000,8,1,6.0,3.8000000000000016,0.1,0.6,6.999999999999998,4,316,48,136,0,0.636989928110525,0.23087785861243296,success
858,2000,8,1,6.0,3.8000000000000016,0.1,0.6,6.799999999999999,4,315,41,144,0,0.6362869010687822,0.22440847393157656,success
861,2000,8,1,6.0,3.8000000000000016,0.1,0.6,7.399999999999999,4,332,43,125,0,0.6000675400705402,0.2103238769663284,success
860,2000,8,1,6.0,3.8000000000000016,0.1,0.6,7.199999999999998,4,324,47,129,0,0.6178224792733814,0.22359456227186464,success
862,2000,8,1,6.0,3.8000000000000016,0.1,0.6,7.599999999999999,4,336,51,113,0,0.5780374229165813,0.20702149441931006,success
863,2000,8,1,6.0,3.8000000000000016,0.1,0.6,7.799999999999999,4,338,46,116,0,0.5782660793089597,0.20029104498276015,success
864,2000,8,1,6.0,3.8000000000000016,0.1,0.6,7.999999999999998,4,339,47,114,0,0.5721299271804186,0.19508241230026155,success
865,2000,8,1,6.0,3.8000000000000016,0.1,0.6,8.2,4,342,47,111,0,0.5605630149494972,0.1873276926186924,success
866,2000,8,1,6.0,3.8000000000000016,0.1,0.6,8.399999999999999,4,342,48,110,0,0.5602144236655333,0.18825746840565402,success
867,2000,8,1,6.0,3.8000000000000016,0.1,0.6,8.599999999999998,4,344,50,106,0,0.5509751239175608,0.18283134449878902,success
868,2000,8,1,6.0,3.8000000000000016,0.1,0.6,8.799999999999997,4,347,48,105,0,0.5464425845962075,0.17564675325443807,success
869,2000,8,1,6.0,3.8000000000000016,0.1,0.6,8.999999999999998,4,346,44,110,0,0.5586364839708002,0.18190575281458354,success
870,2000,8,1,6.0,3.8000000000000016,0.1,0.6,9.199999999999998,4,349,45,106,0,0.5450504064522089,0.17103187964335487,success
875,2000,8,1,6.0,3.9000000000000017,0.1,0.6,1.0,4,445,55,0,0,,,success
876,2000,8,1,6.0,3.9000000000000017,0.1,0.6,1.2,4,366,89,45,0,0.8796902270888082,0.20550412949485555,success
871,2000,8,1,6.0,3.8000000000000016,0.1,0.6,9.399999999999999,4,349,47,104,0,0.5437239395546651,0.1719251208609073,success
879,2000,8,1,6.0,3.9000000000000017,0.1,0.6,1.7999999999999998,4,293,100,107,0,0.7858790853968197,0.2131962294873944,success
877,2000,8,1,6.0,3.9000000000000017,0.1,0.6,1.4,4,322,92,86,0,0.846903665259837,0.23759106862492368,success
878,2000,8,1,6.0,3.9000000000000017,0.1,0.6,1.5999999999999999,4,307,100,93,0,0.8144553703020929,0.22803045063336283,success
872,2000,8,1,6.0,3.8000000000000016,0.1,0.6,9.599999999999998,4,348,49,103,0,0.5428919076292071,0.1765690736561146,success
880,2000,8,1,6.0,3.9000000000000017,0.1,0.6,1.9999999999999998,4,307,75,118,0,0.7789050422234226,0.24249309020095824,success
881,2000,8,1,6.0,3.9000000000000017,0.1,0.6,2.1999999999999997,4,308,52,140,0,0.730756199831687,0.2414036995600225,success
874,2000,8,1,6.0,3.8000000000000016,0.1,0.6,9.999999999999998,4,348,47,105,0,0.5441015880570396,0.17390456487773992,success
873,2000,8,1,6.0,3.8000000000000016,0.1,0.6,9.799999999999997,4,348,49,103,0,0.5389280835091768,0.17123967850626107,success
882,2000,8,1,6.0,3.9000000000000017,0.1,0.6,2.3999999999999995,4,300,42,158,0,0.6877939040902019,0.22380276912125344,success
883,2000,8,1,6.0,3.9000000000000017,0.1,0.6,2.5999999999999996,4,314,29,157,0,0.6702901527753399,0.24675842535311426,success
885,2000,8,1,6.0,3.9000000000000017,0.1,0.6,2.9999999999999996,4,266,6,228,0,0.7490502181684721,0.23623486537476754,success
884,2000,8,1,6.0,3.9000000000000017,0.1,0.6,2.8,4,307,7,186,0,0.6807187582238434,0.23625815446878756,success
886,2000,8,1,6.0,3.9000000000000017,0.1,0.6,3.1999999999999993,4,182,9,309,0,0.8158165859314219,0.23129625675156443,success
887,2000,8,1,6.0,3.9000000000000017,0.1,0.6,3.3999999999999995,4,172,22,306,0,0.810558155453544,0.23916165087825017,success
893,2000,8,1,6.0,3.9000000000000017,0.1,0.6,4.6,4,322,26,152,0,0.6233767468049483,0.2313056759560053,success
891,2000,8,1,6.0,3.9000000000000017,0.1,0.6,4.199999999999999,4,293,25,182,0,0.7022322586734071,0.24395322716750575,success
890,2000,8,1,6.0,3.9000000000000017,0.1,0.6,3.999999999999999,4,265,24,211,0,0.7343751822467166,0.24748952095832258,success
894,2000,8,1,6.0,3.9000000000000017,0.1,0.6,4.799999999999999,4,326,23,151,0,0.6351660095794585,0.22521297672207236,success
889,2000,8,1,6.0,3.9000000000000017,0.1,0.6,3.7999999999999994,4,229,22,249,0,0.7632709823950506,0.2471735425087231,success
888,2000,8,1,6.0,3.9000000000000017,0.1,0.6,3.5999999999999996,4,188,15,297,0,0.7943484837404745,0.2436619257595054,success
892,2000,8,1,6.0,3.9000000000000017,0.1,0.6,4.3999999999999995,4,311,28,161,0,0.6563337374461298,0.23987505460417968,success
895,2000,8,1,6.0,3.9000000000000017,0.1,0.6,4.999999999999999,4,331,26,143,0,0.6180864810385777,0.21617227899308833,success
896,2000,8,1,6.0,3.9000000000000017,0.1,0.6,5.199999999999999,4,330,24,146,0,0.6191845510358619,0.21579910906536323,success
897,2000,8,1,6.0,3.9000000000000017,0.1,0.6,5.399999999999999,4,328,33,139,0,0.6143545410791436,0.22024911261627808,success
898,2000,8,1,6.0,3.9000000000000017,0.1,0.6,5.599999999999999,4,320,33,147,0,0.63624511556851,0.2234398047001043,success
899,2000,8,1,6.0,3.9000000000000017,0.1,0.6,5.799999999999999,4,306,33,161,0,0.6682523887526587,0.22831161741350875,success
900,2000,8,1,6.0,3.9000000000000017,0.1,0.6,5.999999999999999,4,287,37,176,0,0.6915259107772297,0.23906587804031926,success
901,2000,8,1,6.0,3.9000000000000017,0.1,0.6,6.199999999999999,4,297,41,162,0,0.6724375539345554,0.2381567055734137,success
903,2000,8,1,6.0,3.9000000000000017,0.1,0.6,6.599999999999999,4,295,44,161,0,0.6799691696219925,0.23659381114430272,success
902,2000,8,1,6.0,3.9000000000000017,0.1,0.6,6.399999999999999,4,287,39,174,0,0.6876979391194127,0.23899570206890264,success
904,2000,8,1,6.0,3.9000000000000017,0.1,0.6,6.799999999999999,4,298,43,159,0,0.6727199844053778,0.23444060373956907,success
907,2000,8,1,6.0,3.9000000000000017,0.1,0.6,7.399999999999999,4,323,46,131,0,0.6222670094181301,0.22168596894686662,success
906,2000,8,1,6.0,3.9000000000000017,0.1,0.6,7.199999999999998,4,313,47,140,0,0.6473225165526355,0.23032042063959243,success
909,2000,8,1,6.0,3.9000000000000017,0.1,0.6,7.799999999999999,4,336,48,116,0,0.581658623076072,0.20136717756083422,success
905,2000,8,1,6.0,3.9000000000000017,0.1,0.6,6.999999999999998,4,308,44,148,0,0.6576465148337989,0.23023465784987995,success
908,2000,8,1,6.0,3.9000000000000017,0.1,0.6,7.599999999999999,4,325,47,128,0,0.6210480614135063,0.22306906297558882,success
910,2000,8,1,6.0,3.9000000000000017,0.1,0.6,7.999999999999998,4,334,45,121,0,0.5982879956752681,0.20678599509586265,success
911,2000,8,1,6.0,3.9000000000000017,0.1,0.6,8.2,4,339,43,118,0,0.5859521331241707,0.19805988917475814,success
912,2000,8,1,6.0,3.9000000000000017,0.1,0.6,8.399999999999999,4,340,50,110,0,0.5694900057542346,0.19304427133299676,success
913,2000,8,1,6.0,3.9000000000000017,0.1,0.6,8.599999999999998,4,344,47,109,0,0.5658473340858556,0.186717225531664,success
914,2000,8,1,6.0,3.9000000000000017,0.1,0.6,8.799999999999997,4,343,49,108,0,0.5620100970680192,0.1858116269549109,success
915,2000,8,1,6.0,3.9000000000000017,0.1,0.6,8.999999999999998,4,347,48,105,0,0.5486903844338079,0.17420045725618027,success
921,2000,8,1,6.0,4.000000000000002,0.1,0.6,1.0,5,461,39,0,0,,,success
917,2000,8,1,6.0,3.9000000000000017,0.1,0.6,9.399999999999999,4,346,49,105,0,0.5514518202762073,0.17778369364243543,success
923,2000,8,1,6.0,4.000000000000002,0.1,0.6,1.4,5,320,85,95,0,0.8261319417547628,0.22407676667780468,success
916,2000,8,1,6.0,3.9000000000000017,0.1,0.6,9.199999999999998,4,346,50,104,0,0.5489168174279462,0.17886079941259206,success
922,2000,8,1,6.0,4.000000000000002,0.1,0.6,1.2,5,357,74,69,0,0.8560614065634301,0.22471116114688783,success
924,2000,8,1,6.0,4.000000000000002,0.1,0.6,1.5999999999999999,5,316,100,84,0,0.8411437958752095,0.20863880721099312,success
925,2000,8,1,6.0,4.000000000000002,0.1,0.6,1.7999999999999998,5,303,97,100,0,0.7832479089305658,0.21253219833308276,success
918,2000,8,1,6.0,3.9000000000000017,0.1,0.6,9.599999999999998,4,346,49,105,0,0.5517642602381839,0.1798913219528532,success
926,2000,8,1,6.0,4.000000000000002,0.1,0.6,1.9999999999999998,5,308,74,118,0,0.7313529130872518,0.25933987861874935,success
919,2000,8,1,6.0,3.9000000000000017,0.1,0.6,9.799999999999997,4,348,49,103,0,0.5443544478892891,0.17294331929784998,success
927,2000,8,1,6.0,4.000000000000002,0.1,0.6,2.1999999999999997,5,315,59,126,0,0.7361204662570663,0.2375927328072016,success
920,2000,8,1,6.0,3.9000000000000017,0.1,0.6,9.999999999999998,4,348,48,104,0,0.5455137735470614,0.1731321543307927,success
928,2000,8,1,6.0,4.000000000000002,0.1,0.6,2.3999999999999995,5,322,33,145,0,0.6716095373864814,0.2308203196233024,success
929,2000,8,1,6.0,4.000000000000002,0.1,0.6,2.5999999999999996,5,329,16,155,0,0.6867753662882651,0.21875289343457008,success
931,2000,8,1,6.0,4.000000000000002,0.1,0.6,2.9999999999999996,5,258,6,236,0,0.7790117540721153,0.2453645826421501,success
930,2000,8,1,6.0,4.000000000000002,0.1,0.6,2.8,5,323,4,173,0,0.6889471993003577,0.23870220320964566,success
932,2000,8,1,6.0,4.000000000000002,0.1,0.6,3.1999999999999993,5,180,8,312,0,0.8188580791734699,0.2466889790489365,success
933,2000,8,1,6.0,4.000000000000002,0.1,0.6,3.3999999999999995,5,139,12,349,0,0.831581331461077,0.2352004536995326,success
940,2000,8,1,6.0,4.000000000000002,0.1,0.6,4.799999999999999,5,333,14,153,0,0.6391175783371119,0.22350633291666605,success
936,2000,8,1,6.0,4.000000000000002,0.1,0.6,3.999999999999999,5,251,20,229,0,0.7607901452397468,0.24790817680185998,success
939,2000,8,1,6.0,4.000000000000002,0.1,0.6,4.6,5,329,17,154,0,0.6459705228465346,0.22413526807335382,success
938,2000,8,1,6.0,4.000000000000002,0.1,0.6,4.3999999999999995,5,300,17,183,0,0.7016115128176738,0.24986570928951946,success
941,2000,8,1,6.0,4.000000000000002,0.1,0.6,4.999999999999999,5,343,12,145,0,0.6236523456773896,0.21582943408594768,success
937,2000,8,1,6.0,4.000000000000002,0.1,0.6,4.199999999999999,5,271,18,211,0,0.7295899568165813,0.25237833949465877,success
935,2000,8,1,6.0,4.000000000000002,0.1,0.6,3.7999999999999994,5,200,20,280,0,0.7867326578860363,0.24667367426934475,success
942,2000,8,1,6.0,4.000000000000002,0.1,0.6,5.199999999999999,5,346,14,140,0,0.6115782800582059,0.2119506782279183,success
943,2000,8,1,6.0,4.000000000000002,0.1,0.6,5.399999999999999,5,344,16,140,0,0.612395630709312,0.2163407827363854,success
934,2000,8,1,6.0,4.000000000000002,0.1,0.6,3.5999999999999996,5,162,13,325,0,0.8051631616469618,0.24334705755641714,success
944,2000,8,1,6.0,4.000000000000002,0.1,0.6,5.599999999999999,5,331,20,149,0,0.6398111885618926,0.2257348429129697,success
945,2000,8,1,6.0,4.000000000000002,0.1,0.6,5.799999999999999,5,330,27,143,0,0.6322628478832577,0.22931393455145255,success
946,2000,8,1,6.0,4.000000000000002,0.1,0.6,5.999999999999999,5,318,24,158,0,0.6560321489299689,0.23539230894670798,success
947,2000,8,1,6.0,4.000000000000002,0.1,0.6,6.199999999999999,5,308,28,164,0,0.678125439002856,0.24017631864504513,success
950,2000,8,1,6.0,4.000000000000002,0.1,0.6,6.799999999999999,5,296,35,169,0,0.6860381382003716,0.24704040997370413,success
948,2000,8,1,6.0,4.000000000000002,0.1,0.6,6.399999999999999,5,299,31,170,0,0.687777535439386,0.24295651780618505,success
949,2000,8,1,6.0,4.000000000000002,0.1,0.6,6.599999999999999,5,293,33,174,0,0.6949511807414362,0.2466422360172583,success
952,2000,8,1,6.0,4.000000000000002,0.1,0.6,7.199999999999998,5,310,35,155,0,0.6645260165015717,0.24519987289396494,success
951,2000,8,1,6.0,4.000000000000002,0.1,0.6,6.999999999999998,5,306,38,156,0,0.6688125339935375,0.24726942126443932,success
953,2000,8,1,6.0,4.000000000000002,0.1,0.6,7.399999999999999,5,318,34,148,0,0.6492336526308297,0.24274890962334533,success
954,2000,8,1,6.0,4.000000000000002,0.1,0.6,7.599999999999999,5,333,35,132,0,0.614214680103139,0.2309456012549968,success
955,2000,8,1,6.0,4.000000000000002,0.1,0.6,7.799999999999999,5,327,36,137,0,0.6285987107223083,0.23859624587755068,success
956,2000,8,1,6.0,4.000000000000002,0.1,0.6,7.999999999999998,5,332,33,135,0,0.6181493305876696,0.23199565603738254,success
957,2000,8,1,6.0,4.000000000000002,0.1,0.6,8.2,5,337,38,125,0,0.6000279563276761,0.2300013681337834,success
958,2000,8,1,6.0,4.000000000000002,0.1,0.6,8.399999999999999,5,346,37,117,0,0.5725395428230402,0.21359486525413263,success
959,2000,8,1,6.0,4.000000000000002,0.1,0.6,8.599999999999998,5,351,34,115,0,0.5648754777643454,0.20668692519316503,success
960,2000,8,1,6.0,4.000000000000002,0.1,0.6,8.799999999999997,5,351,37,112,0,0.5586543630519679,0.20456210189668553,success
961,2000,8,1,6.0,4.000000000000002,0.1,0.6,8.999999999999998,5,357,34,109,0,0.5421046775382931,0.1868306089069811,success
962,2000,8,1,6.0,4.000000000000002,0.1,0.6,9.199999999999998,5,355,36,109,0,0.5453715265003585,0.1932752948659755,success
963,2000,8,1,6.0,4.000000000000002,0.1,0.6,9.399999999999999,5,355,35,110,0,0.5485790275154886,0.19491339441340133,success
964,2000,8,1,6.0,4.000000000000002,0.1,0.6,9.599999999999998,5,359,36,105,0,0.5305371229468279,0.17991576210413865,success
967,2000,8,1,6.0,4.100000000000001,0.1,0.6,1.0,5,461,39,0,0,,,success
968,2000,8,1,6.0,4.100000000000001,0.1,0.6,1.2,5,357,74,69,0,0.8560614065634301,0.22471116114688783,success
969,2000,8,1,6.0,4.100000000000001,0.1,0.6,1.4,5,320,85,95,0,0.8261319417547628,0.22407676667780468,success
971,2000,8,1,6.0,4.100000000000001,0.1,0.6,1.7999999999999998,5,303,97,100,0,0.7832479089305658,0.21253219833308276,success
970,2000,8,1,6.0,4.100000000000001,0.1,0.6,1.5999999999999999,5,316,100,84,0,0.8411437958752095,0.20863880721099312,success
972,2000,8,1,6.0,4.100000000000001,0.1,0.6,1.9999999999999998,5,308,74,118,0,0.7313529130872518,0.25933987861874935,success
965,2000,8,1,6.0,4.000000000000002,0.1,0.6,9.799999999999997,5,358,36,106,0,0.5364113376986335,0.185873595922697,success
973,2000,8,1,6.0,4.100000000000001,0.1,0.6,2.1999999999999997,5,315,59,126,0,0.7361204662570663,0.2375927328072016,success
966,2000,8,1,6.0,4.000000000000002,0.1,0.6,9.999999999999998,5,359,37,104,0,0.5291473299533881,0.1799100752763258,success
974,2000,8,1,6.0,4.100000000000001,0.1,0.6,2.3999999999999995,5,322,33,145,0,0.6716095373864814,0.2308203196233024,success
975,2000,8,1,6.0,4.100000000000001,0.1,0.6,2.5999999999999996,5,329,16,155,0,0.6871212292320732,0.21919466577175678,success
977,2000,8,1,6.0,4.100000000000001,0.1,0.6,2.9999999999999996,5,267,5,228,0,0.7710924679208463,0.24594531355822238,success
976,2000,8,1,6.0,4.100000000000001,0.1,0.6,2.8,5,322,4,174,0,0.6910765030315421,0.23956223480129743,success
978,2000,8,1,6.0,4.100000000000001,0.1,0.6,3.1999999999999993,5,194,6,300,0,0.8109171666572674,0.24866540425673406,success
979,2000,8,1,6.0,4.100000000000001,0.1,0.6,3.3999999999999995,5,141,14,345,0,0.830951315254206,0.23629835583296996,success
986,2000,8,1,6.0,4.100000000000001,0.1,0.6,4.799999999999999,5,326,15,159,0,0.6550668929556064,0.2304433180383831,success
989,2000,8,1,6.0,4.100000000000001,0.1,0.6,5.399999999999999,5,347,20,133,0,0.599718993955113,0.21227025296620985,success
985,2000,8,1,6.0,4.100000000000001,0.1,0.6,4.6,5,309,16,175,0,0.6868402769876254,0.23551250891616138,success
990,2000,8,1,6.0,4.100000000000001,0.1,0.6,5.599999999999999,5,341,19,140,0,0.6218330540421017,0.21853272186626055,success
982,2000,8,1,6.0,4.100000000000001,0.1,0.6,3.999999999999999,5,239,19,242,0,0.7719304468082412,0.2454210352996214,success
980,2000,8,1,6.0,4.100000000000001,0.1,0.6,3.5999999999999996,5,147,12,341,0,0.8136168894756795,0.2405321657902164,success
987,2000,8,1,6.0,4.100000000000001,0.1,0.6,4.999999999999999,5,339,8,153,0,0.6441565692939106,0.22440649235002144,success
988,2000,8,1,6.0,4.100000000000001,0.1,0.6,5.199999999999999,5,338,15,147,0,0.6348056500010624,0.22503429441165465,success
984,2000,8,1,6.0,4.100000000000001,0.1,0.6,4.3999999999999995,5,277,18,205,0,0.7325866181190617,0.2510020268113061,success
981,2000,8,1,6.0,4.100000000000001,0.1,0.6,3.7999999999999994,5,193,20,287,0,0.79155934331082,0.24521653661237888,success
983,2000,8,1,6.0,4.100000000000001,0.1,0.6,4.199999999999999,5,252,18,230,0,0.7514014557260301,0.251175353347042,success
991,2000,8,1,6.0,4.100000000000001,0.1,0.6,5.799999999999999,5,329,26,145,0,0.6382869732316624,0.2306615743513448,success
992,2000,8,1,6.0,4.100000000000001,0.1,0.6,5.999999999999999,5,318,23,159,0,0.6611162157814178,0.23666721060793516,success
993,2000,8,1,6.0,4.100000000000001,0.1,0.6,6.199999999999999,5,317,25,158,0,0.6679546497454353,0.23721584395613535,success
994,2000,8,1,6.0,4.100000000000001,0.1,0.6,6.399999999999999,5,314,31,155,0,0.6630960954403505,0.2389291717930146,success
995,2000,8,1,6.0,4.100000000000001,0.1,0.6,6.599999999999999,5,297,32,171,0,0.6900222740807037,0.24548672946349537,success
996,2000,8,1,6.0,4.100000000000001,0.1,0.6,6.799999999999999,5,291,35,174,0,0.6954122919885705,0.24725209551879593,success
997,2000,8,1,6.0,4.100000000000001,0.1,0.6,6.999999999999998,5,297,38,165,0,0.685598655878166,0.24857017367306,success
998,2000,8,1,6.0,4.100000000000001,0.1,0.6,7.199999999999998,5,304,36,160,0,0.6755312062687228,0.24607865114803767,success
999,2000,8,1,6.0,4.100000000000001,0.1,0.6,7.399999999999999,5,302,36,162,0,0.6783348482963828,0.24783598324376532,success
1000,2000,8,1,6.0,4.100000000000001,0.1,0.6,7.599999999999999,5,311,36,153,0,0.6630244641375845,0.24479646365626828,success
1001,2000,8,1,6.0,4.100000000000001,0.1,0.6,7.799999999999999,5,320,37,143,0,0.6443525807027812,0.24257017446897633,success
1002,2000,8,1,6.0,4.100000000000001,0.1,0.6,7.999999999999998,5,326,34,140,0,0.6349996691322894,0.23784224425281328,success
1003,2000,8,1,6.0,4.100000000000001,0.1,0.6,8.2,5,336,36,128,0,0.6057283804374731,0.22864136516884992,success
1005,2000,8,1,6.0,4.100000000000001,0.1,0.6,8.599999999999998,5,345,34,121,0,0.5833200356665923,0.2159088385656816,success
1004,2000,8,1,6.0,4.100000000000001,0.1,0.6,8.399999999999999,5,340,37,123,0,0.5924329885880848,0.22328747995087,success
1006,2000,8,1,6.0,4.100000000000001,0.1,0.6,8.799999999999997,5,347,37,116,0,0.5735781919452686,0.21299449321884334,success
1007,2000,8,1,6.0,4.100000000000001,0.1,0.6,8.999999999999998,5,347,37,116,0,0.5743647782164663,0.21244186588328537,success
1009,2000,8,1,6.0,4.100000000000001,0.1,0.6,9.399999999999999,5,352,39,109,0,0.5529400964295134,0.2004852516375749,success
1008,2000,8,1,6.0,4.100000000000001,0.1,0.6,9.199999999999998,5,348,35,117,0,0.5751222329786186,0.21202534640374004,success
1013,2000,8,1,6.0,4.200000000000002,0.1,0.6,1.0,5,461,39,0,0,,,success
1010,2000,8,1,6.0,4.100000000000001,0.1,0.6,9.599999999999998,5,354,35,111,0,0.555123301629841,0.19837701872636532,success
1014,2000,8,1,6.0,4.200000000000002,0.1,0.6,1.2,5,357,74,69,0,0.8560614065634301,0.22471116114688783,success
1015,2000,8,1,6.0,4.200000000000002,0.1,0.6,1.4,5,320,85,95,0,0.8261319417547628,0.22407676667780468,success
1016,2000,8,1,6.0,4.200000000000002,0.1,0.6,1.5999999999999999,5,316,100,84,0,0.8411437958752095,0.20863880721099312,success
1017,2000,8,1,6.0,4.200000000000002,0.1,0.6,1.7999999999999998,5,303,97,100,0,0.7832479089305658,0.21253219833308276,success
1018,2000,8,1,6.0,4.200000000000002,0.1,0.6,1.9999999999999998,5,308,74,118,0,0.7313529130872518,0.25933987861874935,success
1019,2000,8,1,6.0,4.200000000000002,0.1,0.6,2.1999999999999997,5,315,59,126,0,0.7361204662570663,0.2375927328072016,success
1011,2000,8,1,6.0,4.100000000000001,0.1,0.6,9.799999999999997,5,354,35,111,0,0.5573609633487544,0.2022393756488807,success
1012,2000,8,1,6.0,4.100000000000001,0.1,0.6,9.999999999999998,5,357,37,106,0,0.5377784296166689,0.18525788455335548,success
1020,2000,8,1,6.0,4.200000000000002,0.1,0.6,2.3999999999999995,5,322,33,145,0,0.6716509577100485,0.23084361256188315,success
1023,2000,8,1,6.0,4.200000000000002,0.1,0.6,2.9999999999999996,5,271,9,220,0,0.7633665896080671,0.24693790996221238,success
1021,2000,8,1,6.0,4.200000000000002,0.1,0.6,2.5999999999999996,5,328,16,156,0,0.6891268690928333,0.21991781889330814,success
1022,2000,8,1,6.0,4.200000000000002,0.1,0.6,2.8,5,323,4,173,0,0.6889702247621298,0.23873305154776653,success
1024,2000,8,1,6.0,4.200000000000002,0.1,0.6,3.1999999999999993,5,185,5,310,0,0.8170077069171008,0.2467561925164788,success
1025,2000,8,1,6.0,4.200000000000002,0.1,0.6,3.3999999999999995,5,133,16,351,0,0.8333506594858545,0.23508210404518837,success
1028,2000,8,1,6.0,4.200000000000002,0.1,0.6,3.999999999999999,5,206,23,271,0,0.7955608878511374,0.24052454209503876,success
1029,2000,8,1,6.0,4.200000000000002,0.1,0.6,4.199999999999999,5,230,23,247,0,0.7678925795101459,0.2493792174057423,success
1027,2000,8,1,6.0,4.200000000000002,0.1,0.6,3.7999999999999994,5,177,19,304,0,0.8040387764198729,0.24254832348328761,success
1026,2000,8,1,6.0,4.200000000000002,0.1,0.6,3.5999999999999996,5,143,12,345,0,0.8158480417936121,0.2398037286235738,success
1030,2000,8,1,6.0,4.200000000000002,0.1,0.6,4.3999999999999995,5,272,24,204,0,0.7341528908490367,0.25196207205147914,success
1031,2000,8,1,6.0,4.200000000000002,0.1,0.6,4.6,5,288,17,195,0,0.7176485452419448,0.23901162102146717,success
1032,2000,8,1,6.0,4.200000000000002,0.1,0.6,4.799999999999999,5,316,17,167,0,0.6724757701934311,0.23573055203065393,success
1033,2000,8,1,6.0,4.200000000000002,0.1,0.6,4.999999999999999,5,332,13,155,0,0.6518345222533152,0.22710497509961125,success
1034,2000,8,1,6.0,4.200000000000002,0.1,0.6,5.199999999999999,5,334,15,151,0,0.6442527893697023,0.22727267383708963,success
1036,2000,8,1,6.0,4.200000000000002,0.1,0.6,5.599999999999999,5,343,22,135,0,0.6162842230887465,0.21771518131156417,success
1035,2000,8,1,6.0,4.200000000000002,0.1,0.6,5.399999999999999,5,336,17,147,0,0.6362316070523081,0.22746043430317742,success
1037,2000,8,1,6.0,4.200000000000002,0.1,0.6,5.799999999999999,5,337,22,141,0,0.6260204975063081,0.22186651359653328,success
1038,2000,8,1,6.0,4.200000000000002,0.1,0.6,5.999999999999999,5,334,25,141,0,0.6250372719381975,0.22528640110025555,success
1039,2000,8,1,6.0,4.200000000000002,0.1,0.6,6.199999999999999,5,324,27,149,0,0.6537223417754087,0.2350496487052288,success
1042,2000,8,1,6.0,4.200000000000002,0.1,0.6,6.799999999999999,5,302,33,165,0,0.6822916849365279,0.24567241878316534,success
1040,2000,8,1,6.0,4.200000000000002,0.1,0.6,6.399999999999999,5,314,32,154,0,0.6644517904881273,0.24059708676538386,success
1041,2000,8,1,6.0,4.200000000000002,0.1,0.6,6.599999999999999,5,318,30,152,0,0.6582289148912861,0.2396193006567944,success
1045,2000,8,1,6.0,4.200000000000002,0.1,0.6,7.399999999999999,5,296,37,167,0,0.6884407350130325,0.2487691593010603,success
1044,2000,8,1,6.0,4.200000000000002,0.1,0.6,7.199999999999998,5,296,34,170,0,0.691592177972613,0.24600787513813674,success
1043,2000,8,1,6.0,4.200000000000002,0.1,0.6,6.999999999999998,5,302,36,162,0,0.6793724549244592,0.24609716640429855,success
1047,2000,8,1,6.0,4.200000000000002,0.1,0.6,7.799999999999999,5,309,37,154,0,0.6675989654489994,0.24632138939338713,success
1046,2000,8,1,6.0,4.200000000000002,0.1,0.6,7.599999999999999,5,304,36,160,0,0.6772343795343676,0.24622824540124721,success
1048,2000,8,1,6.0,4.200000000000002,0.1,0.6,7.999999999999998,5,310,41,149,0,0.6633277615020257,0.249110287014449,success
1050,2000,8,1,6.0,4.200000000000002,0.1,0.6,8.399999999999999,5,322,38,140,0,0.6397603524081606,0.24224258731849285,success
1049,2000,8,1,6.0,4.200000000000002,0.1,0.6,8.2,5,317,38,145,0,0.652685672952359,0.24565997252249147,success
1051,2000,8,1,6.0,4.200000000000002,0.1,0.6,8.599999999999998,5,333,36,131,0,0.6158536672819086,0.23250690927800033,success
1052,2000,8,1,6.0,4.200000000000002,0.1,0.6,8.799999999999997,5,330,37,133,0,0.6239777441802299,0.2362503348085301,success
1053,2000,8,1,6.0,4.200000000000002,0.1,0.6,8.999999999999998,5,337,40,123,0,0.6025233153834787,0.2299078235335066,success
1054,2000,8,1,6.0,4.200000000000002,0.1,0.6,9.199999999999998,5,348,40,112,0,0.568149736253823,0.2121102559032689,success
1055,2000,8,1,6.0,4.200000000000002,0.1,0.6,9.399999999999999,5,348,37,115,0,0.5713714499396494,0.2113685296608693,success
1056,2000,8,1,6.0,4.200000000000002,0.1,0.6,9.599999999999998,5,348,37,115,0,0.5712892272141774,0.21053483970461637,success
1057,2000,8,1,6.0,4.200000000000002,0.1,0.6,9.799999999999997,5,354,37,109,0,0.5508304806859635,0.19696646673783613,success
1059,2000,8,1,6.0,4.3000000000000025,0.1,0.6,1.0,5,461,39,0,0,,,success
1060,2000,8,1,6.0,4.3000000000000025,0.1,0.6,1.2,5,357,74,69,0,0.8560614065634301,0.22471116114688783,success
1061,2000,8,1,6.0,4.3000000000000025,0.1,0.6,1.4,5,320,85,95,0,0.8261319417547628,0.22407676667780468,success
1062,2000,8,1,6.0,4.3000000000000025,0.1,0.6,1.5999999999999999,5,316,100,84,0,0.8411437958752095,0.20863880721099312,success
1063,2000,8,1,6.0,4.3000000000000025,0.1,0.6,1.7999999999999998,5,303,97,100,0,0.7832479089305658,0.21253219833308276,success
1064,2000,8,1,6.0,4.3000000000000025,0.1,0.6,1.9999999999999998,5,308,74,118,0,0.7313529130872518,0.25933987861874935,success
1058,2000,8,1,6.0,4.200000000000002,0.1,0.6,9.999999999999998,5,353,37,110,0,0.5543162991043767,0.19725685228563533,success
1065,2000,8,1,6.0,4.3000000000000025,0.1,0.6,2.1999999999999997,5,315,59,126,0,0.7361204662570663,0.2375927328072016,success
1066,2000,8,1,6.0,4.3000000000000025,0.1,0.6,2.3999999999999995,5,322,33,145,0,0.6716509577100485,0.23084361256188315,success
1067,2000,8,1,6.0,4.3000000000000025,0.1,0.6,2.5999999999999996,5,328,16,156,0,0.6891290816500272,0.21991816271755593,success
1069,2000,8,1,6.0,4.3000000000000025,0.1,0.6,2.9999999999999996,5,271,9,220,0,0.7633673524741229,0.24684348087385166,success
1068,2000,8,1,6.0,4.3000000000000025,0.1,0.6,2.8,5,325,4,171,0,0.6856456684984221,0.23805643727483378,success
1070,2000,8,1,6.0,4.3000000000000025,0.1,0.6,3.1999999999999993,5,175,7,318,0,0.8218073167749563,0.2453201225717698,success
1078,2000,8,1,6.0,4.3000000000000025,0.1,0.6,4.799999999999999,5,304,22,174,0,0.6899662440667517,0.24124157832030038,success
1079,2000,8,1,6.0,4.3000000000000025,0.1,0.6,4.999999999999999,5,324,16,160,0,0.6660435311306354,0.23370681258076167,success
1071,2000,8,1,6.0,4.3000000000000025,0.1,0.6,3.3999999999999995,5,140,15,345,0,0.8310050776064803,0.23606621946846765,success
1074,2000,8,1,6.0,4.3000000000000025,0.1,0.6,3.999999999999999,5,193,24,283,0,0.8033382881995571,0.23797335953106352,success
1075,2000,8,1,6.0,4.3000000000000025,0.1,0.6,4.199999999999999,5,218,23,259,0,0.778349601999117,0.24690684527103787,success
1077,2000,8,1,6.0,4.3000000000000025,0.1,0.6,4.6,5,273,17,210,0,0.7378366727261854,0.239923905604264,success
1076,2000,8,1,6.0,4.3000000000000025,0.1,0.6,4.3999999999999995,5,241,26,233,0,0.7651150411858464,0.24861736067611281,success
1072,2000,8,1,6.0,4.3000000000000025,0.1,0.6,3.5999999999999996,5,140,15,345,0,0.8164914076843125,0.23997800332276376,success
1073,2000,8,1,6.0,4.3000000000000025,0.1,0.6,3.7999999999999994,5,175,23,302,0,0.8034458433061457,0.2436626671944342,success
1080,2000,8,1,6.0,4.3000000000000025,0.1,0.6,5.199999999999999,5,327,16,157,0,0.6616044759127139,0.23431039004711038,success
1081,2000,8,1,6.0,4.3000000000000025,0.1,0.6,5.399999999999999,5,332,20,148,0,0.6420275620476324,0.23037640605579285,success
1082,2000,8,1,6.0,4.3000000000000025,0.1,0.6,5.599999999999999,5,328,23,149,0,0.6516341356511314,0.2321062374691187,success
1083,2000,8,1,6.0,4.3000000000000025,0.1,0.6,5.799999999999999,5,332,23,145,0,0.6389960627176366,0.22826875600057278,success
1084,2000,8,1,6.0,4.3000000000000025,0.1,0.6,5.999999999999999,5,328,23,149,0,0.6448525156500494,0.2308724096092172,success
1085,2000,8,1,6.0,4.3000000000000025,0.1,0.6,6.199999999999999,5,330,25,145,0,0.6485943453300769,0.23348836545236765,success
1086,2000,8,1,6.0,4.3000000000000025,0.1,0.6,6.399999999999999,5,319,32,149,0,0.6578531462084761,0.23987566280413627,success
1087,2000,8,1,6.0,4.3000000000000025,0.1,0.6,6.599999999999999,5,320,29,151,0,0.6565316783108547,0.23873367371305415,success
1088,2000,8,1,6.0,4.3000000000000025,0.1,0.6,6.799999999999999,5,311,34,155,0,0.6686073049629669,0.2453388850970136,success
1089,2000,8,1,6.0,4.3000000000000025,0.1,0.6,6.999999999999998,5,295,36,169,0,0.6936507225677085,0.24744612770969346,success
1090,2000,8,1,6.0,4.3000000000000025,0.1,0.6,7.199999999999998,5,292,39,169,0,0.6961156891252147,0.24941669425625626,success
1091,2000,8,1,6.0,4.3000000000000025,0.1,0.6,7.399999999999999,5,302,36,162,0,0.6793040702926045,0.24707794808232525,success
1093,2000,8,1,6.0,4.3000000000000025,0.1,0.6,7.799999999999999,5,309,39,152,0,0.666748170522566,0.24640657231788218,success
1092,2000,8,1,6.0,4.3000000000000025,0.1,0.6,7.599999999999999,5,288,35,177,0,0.7045056559432239,0.24824979473732314,success
1094,2000,8,1,6.0,4.3000000000000025,0.1,0.6,7.999999999999998,5,305,39,156,0,0.6744636032998068,0.24811412646229616,success
1095,2000,8,1,6.0,4.3000000000000025,0.1,0.6,8.2,5,316,40,144,0,0.6522520165477058,0.24560449146251434,success
1096,2000,8,1,6.0,4.3000000000000025,0.1,0.6,8.399999999999999,5,305,37,158,0,0.6766960751174638,0.24805538742278566,success
1097,2000,8,1,6.0,4.3000000000000025,0.1,0.6,8.599999999999998,5,326,36,138,0,0.6352741768889963,0.23815709932249052,success
1098,2000,8,1,6.0,4.3000000000000025,0.1,0.6,8.799999999999997,5,322,39,139,0,0.6408478626293638,0.24323972761193574,success
1099,2000,8,1,6.0,4.3000000000000025,0.1,0.6,8.999999999999998,5,327,43,130,0,0.6255478470028601,0.24097007923855843,success
1105,2000,8,1,6.0,4.400000000000002,0.1,0.6,1.0,5,461,39,0,0,,,success
1100,2000,8,1,6.0,4.3000000000000025,0.1,0.6,9.199999999999998,5,333,41,126,0,0.6111089284687683,0.23350185030550785,success
1107,2000,8,1,6.0,4.400000000000002,0.1,0.6,1.4,5,320,85,95,0,0.8261319417547628,0.22407676667780468,success
1101,2000,8,1,6.0,4.3000000000000025,0.1,0.6,9.399999999999999,5,339,41,120,0,0.5927840137718569,0.22516788533902846,success
1106,2000,8,1,6.0,4.400000000000002,0.1,0.6,1.2,5,357,74,69,0,0.8560614065634301,0.22471116114688783,success
1102,2000,8,1,6.0,4.3000000000000025,0.1,0.6,9.599999999999998,5,341,39,120,0,0.5910463003942152,0.22331376178568205,success
1108,2000,8,1,6.0,4.400000000000002,0.1,0.6,1.5999999999999999,5,316,100,84,0,0.8411437958752095,0.20863880721099312,success
1109,2000,8,1,6.0,4.400000000000002,0.1,0.6,1.7999999999999998,5,303,97,100,0,0.7832479089305658,0.21253219833308276,success
1110,2000,8,1,6.0,4.400000000000002,0.1,0.6,1.9999999999999998,5,308,74,118,0,0.7313529130872518,0.25933987861874935,success
1111,2000,8,1,6.0,4.400000000000002,0.1,0.6,2.1999999999999997,5,315,59,126,0,0.7361204662570663,0.2375927328072016,success
1103,2000,8,1,6.0,4.3000000000000025,0.1,0.6,9.799999999999997,5,341,37,122,0,0.5937794579736627,0.2223020384572406,success
1104,2000,8,1,6.0,4.3000000000000025,0.1,0.6,9.999999999999998,5,347,37,116,0,0.575616516482302,0.21102943564777724,success
1112,2000,8,1,6.0,4.400000000000002,0.1,0.6,2.3999999999999995,5,322,33,145,0,0.6716509577100485,0.23084361256188315,success
1113,2000,8,1,6.0,4.400000000000002,0.1,0.6,2.5999999999999996,5,328,16,156,0,0.6891290816500272,0.21991816271755593,success
1115,2000,8,1,6.0,4.400000000000002,0.1,0.6,2.9999999999999996,5,274,9,217,0,0.7596410355812272,0.2465334012014401,success
1114,2000,8,1,6.0,4.400000000000002,0.1,0.6,2.8,5,326,4,170,0,0.683823793740896,0.23761626201894634,success
1116,2000,8,1,6.0,4.400000000000002,0.1,0.6,3.1999999999999993,5,170,6,324,0,0.8248504552660527,0.24411849607432698,success
1117,2000,8,1,6.0,4.400000000000002,0.1,0.6,3.3999999999999995,5,135,19,346,0,0.8327408967180167,0.23622807560423523,success
1118,2000,8,1,6.0,4.400000000000002,0.1,0.6,3.5999999999999996,5,141,13,346,0,0.8171026761419059,0.23951154997119176,success
1119,2000,8,1,6.0,4.400000000000002,0.1,0.6,3.7999999999999994,5,168,27,305,0,0.8064571550254195,0.24308675233258126,success
1120,2000,8,1,6.0,4.400000000000002,0.1,0.6,3.999999999999999,5,189,23,288,0,0.8062849485478103,0.2363083829450716,success
1121,2000,8,1,6.0,4.400000000000002,0.1,0.6,4.199999999999999,5,190,23,287,0,0.7983474013271019,0.241097416331128,success
1122,2000,8,1,6.0,4.400000000000002,0.1,0.6,4.3999999999999995,5,241,29,230,0,0.7654291093033081,0.2502856937022636,success
1126,2000,8,1,6.0,4.400000000000002,0.1,0.6,5.199999999999999,5,309,21,170,0,0.6891124135029175,0.24182135501382968,success
1123,2000,8,1,6.0,4.400000000000002,0.1,0.6,4.6,5,267,18,215,0,0.7452984964858269,0.2393291534864685,success
1124,2000,8,1,6.0,4.400000000000002,0.1,0.6,4.799999999999999,5,289,25,186,0,0.7097882115279941,0.24450629957644696,success
1125,2000,8,1,6.0,4.400000000000002,0.1,0.6,4.999999999999999,5,312,16,172,0,0.6894302559956103,0.23827216682169572,success
1127,2000,8,1,6.0,4.400000000000002,0.1,0.6,5.399999999999999,5,318,19,163,0,0.6734704856971906,0.23911879938202196,success
1128,2000,8,1,6.0,4.400000000000002,0.1,0.6,5.599999999999999,5,334,23,143,0,0.6419021835928773,0.22842630832025393,success
1129,2000,8,1,6.0,4.400000000000002,0.1,0.6,5.799999999999999,5,338,24,138,0,0.6256759277110244,0.22281835386286827,success
1130,2000,8,1,6.0,4.400000000000002,0.1,0.6,5.999999999999999,5,333,21,146,0,0.6427078837344875,0.22990798560570622,success
1131,2000,8,1,6.0,4.400000000000002,0.1,0.6,6.199999999999999,5,332,28,140,0,0.6430274553701721,0.2342558930606409,success
1134,2000,8,1,6.0,4.400000000000002,0.1,0.6,6.799999999999999,5,319,34,147,0,0.6533887960035311,0.2422333084856167,success
1135,2000,8,1,6.0,4.400000000000002,0.1,0.6,6.999999999999998,5,310,36,154,0,0.6706955026123314,0.24589172021239042,success
1132,2000,8,1,6.0,4.400000000000002,0.1,0.6,6.399999999999999,5,331,27,142,0,0.6422547880881955,0.23280041597390883,success
1133,2000,8,1,6.0,4.400000000000002,0.1,0.6,6.599999999999999,5,324,30,146,0,0.6530084174389674,0.23917433697890156,success
1136,2000,8,1,6.0,4.400000000000002,0.1,0.6,7.199999999999998,5,308,36,156,0,0.6718893811256621,0.24403522601244673,success
1137,2000,8,1,6.0,4.400000000000002,0.1,0.6,7.399999999999999,5,299,36,165,0,0.6876214515612101,0.2477138319167892,success
1138,2000,8,1,6.0,4.400000000000002,0.1,0.6,7.599999999999999,5,293,37,170,0,0.698351323380933,0.2486887146706868,success
1140,2000,8,1,6.0,4.400000000000002,0.1,0.6,7.999999999999998,5,294,38,168,0,0.6954638001718207,0.2480231419694772,success
1139,2000,8,1,6.0,4.400000000000002,0.1,0.6,7.799999999999999,5,304,41,155,0,0.6767376822634006,0.24840715365254265,success
1142,2000,8,1,6.0,4.400000000000002,0.1,0.6,8.399999999999999,5,300,39,161,0,0.68447143091004,0.2482480209713405,success
1141,2000,8,1,6.0,4.400000000000002,0.1,0.6,8.2,5,301,37,162,0,0.684024773118726,0.24749834681957453,success
1143,2000,8,1,6.0,4.400000000000002,0.1,0.6,8.599999999999998,5,306,38,156,0,0.6755142132433516,0.24748519360481036,success
1144,2000,8,1,6.0,4.400000000000002,0.1,0.6,8.799999999999997,5,311,37,152,0,0.6676863306439785,0.24575493413526178,success
1145,2000,8,1,6.0,4.400000000000002,0.1,0.6,8.999999999999998,5,315,42,143,0,0.6567501950951702,0.24738844511527452,success
1146,2000,8,1,6.0,4.400000000000002,0.1,0.6,9.199999999999998,5,325,40,135,0,0.6350307234106208,0.24005703905315617,success
1147,2000,8,1,6.0,4.400000000000002,0.1,0.6,9.399999999999999,5,330,36,134,0,0.627093419702879,0.2337737309298162,success
1148,2000,8,1,6.0,4.400000000000002,0.1,0.6,9.599999999999998,5,333,39,128,0,0.6157326107415491,0.23339727123074305,success
1151,2000,8,1,6.0,4.500000000000002,0.1,0.6,1.0,5,461,39,0,0,,,success
1149,2000,8,1,6.0,4.400000000000002,0.1,0.6,9.799999999999997,5,336,41,123,0,0.6063640150062247,0.23126576034191262,success
1152,2000,8,1,6.0,4.500000000000002,0.1,0.6,1.2,5,357,74,69,0,0.8560614065634301,0.22471116114688783,success
1150,2000,8,1,6.0,4.400000000000002,0.1,0.6,9.999999999999998,5,337,44,119,0,0.5982186642046892,0.22966716476947496,success
1153,2000,8,1,6.0,4.500000000000002,0.1,0.6,1.4,5,320,85,95,0,0.8261319417547628,0.22407676667780468,success
1154,2000,8,1,6.0,4.500000000000002,0.1,0.6,1.5999999999999999,5,316,100,84,0,0.8411437958752095,0.20863880721099312,success
1155,2000,8,1,6.0,4.500000000000002,0.1,0.6,1.7999999999999998,5,303,97,100,0,0.7832479089305658,0.21253219833308276,success
1156,2000,8,1,6.0,4.500000000000002,0.1,0.6,1.9999999999999998,5,308,74,118,0,0.7313529130872518,0.25933987861874935,success
1157,2000,8,1,6.0,4.500000000000002,0.1,0.6,2.1999999999999997,5,315,59,126,0,0.7361204662570663,0.2375927328072016,success
1158,2000,8,1,6.0,4.500000000000002,0.1,0.6,2.3999999999999995,5,322,33,145,0,0.6716509577100485,0.23084361256188315,success
1159,2000,8,1,6.0,4.500000000000002,0.1,0.6,2.5999999999999996,5,328,16,156,0,0.689119501446034,0.21991710014663068,success
1161,2000,8,1,6.0,4.500000000000002,0.1,0.6,2.9999999999999996,5,264,8,228,0,0.7707127900640821,0.24544267227672323,success
1160,2000,8,1,6.0,4.500000000000002,0.1,0.6,2.8,5,326,3,171,0,0.6851056776908692,0.23749521124382594,success
1162,2000,8,1,6.0,4.500000000000002,0.1,0.6,3.1999999999999993,5,176,10,314,0,0.8206852677473909,0.24631455201450017,success
1167,2000,8,1,6.0,4.500000000000002,0.1,0.6,4.199999999999999,5,183,27,290,0,0.8025446490350907,0.2409401693844132,success
1171,2000,8,1,6.0,4.500000000000002,0.1,0.6,4.999999999999999,5,297,19,184,0,0.7102166796822172,0.2416619198597788,success
1172,2000,8,1,6.0,4.500000000000002,0.1,0.6,5.199999999999999,5,307,22,171,0,0.6937201800960415,0.2432970544369871,success
1166,2000,8,1,6.0,4.500000000000002,0.1,0.6,3.999999999999999,5,166,28,306,0,0.8196820819806974,0.23375992636794668,success
1170,2000,8,1,6.0,4.500000000000002,0.1,0.6,4.799999999999999,5,274,24,202,0,0.7301336063033441,0.24437605974704163,success
1169,2000,8,1,6.0,4.500000000000002,0.1,0.6,4.6,5,244,27,229,0,0.765900655141412,0.24068729334645125,success
1168,2000,8,1,6.0,4.500000000000002,0.1,0.6,4.3999999999999995,5,204,28,268,0,0.7938580698817657,0.24156269925449778,success
1165,2000,8,1,6.0,4.500000000000002,0.1,0.6,3.7999999999999994,5,141,26,333,0,0.8208886281082829,0.23707381285162288,success
1173,2000,8,1,6.0,4.500000000000002,0.1,0.6,5.399999999999999,5,314,26,160,0,0.67506545747994,0.243143137037091,success
1164,2000,8,1,6.0,4.500000000000002,0.1,0.6,3.5999999999999996,5,125,14,361,0,0.8246665945807407,0.23686798215698537,success
1163,2000,8,1,6.0,4.500000000000002,0.1,0.6,3.3999999999999995,5,128,19,353,0,0.8354781264304454,0.23450171892618135,success
1174,2000,8,1,6.0,4.500000000000002,0.1,0.6,5.599999999999999,5,325,27,148,0,0.6576751124834185,0.23602602056844996,success
1175,2000,8,1,6.0,4.500000000000002,0.1,0.6,5.799999999999999,5,326,25,149,0,0.6546427340234763,0.23465471548307645,success
1176,2000,8,1,6.0,4.500000000000002,0.1,0.6,5.999999999999999,5,331,27,142,0,0.6405830884157816,0.23341717278287644,success
1177,2000,8,1,6.0,4.500000000000002,0.1,0.6,6.199999999999999,5,326,22,152,0,0.6634941118607227,0.23750290807136384,success
1178,2000,8,1,6.0,4.500000000000002,0.1,0.6,6.399999999999999,5,332,27,141,0,0.6410920469721499,0.2320683917989632,success
1179,2000,8,1,6.0,4.500000000000002,0.1,0.6,6.599999999999999,5,332,31,137,0,0.6317195610657428,0.23424118597631732,success
1180,2000,8,1,6.0,4.500000000000002,0.1,0.6,6.799999999999999,5,331,27,142,0,0.6405537321429305,0.23463626518107594,success
1181,2000,8,1,6.0,4.500000000000002,0.1,0.6,6.999999999999998,5,325,34,141,0,0.644233741117446,0.239148649785263,success
1182,2000,8,1,6.0,4.500000000000002,0.1,0.6,7.199999999999998,5,321,31,148,0,0.6556624102387331,0.23961508098243184,success
1184,2000,8,1,6.0,4.500000000000002,0.1,0.6,7.599999999999999,5,303,34,163,0,0.6853481629585705,0.24584306057214422,success
1183,2000,8,1,6.0,4.500000000000002,0.1,0.6,7.399999999999999,5,319,37,144,0,0.6524828187735451,0.24334366553924036,success
1185,2000,8,1,6.0,4.500000000000002,0.1,0.6,7.799999999999999,5,306,36,158,0,0.6793009800600724,0.24610488901479527,success
1186,2000,8,1,6.0,4.500000000000002,0.1,0.6,7.999999999999998,5,295,35,170,0,0.6937928004117071,0.24527394739357544,success
1187,2000,8,1,6.0,4.500000000000002,0.1,0.6,8.2,5,297,38,165,0,0.6908693196853432,0.24785236476891123,success
1188,2000,8,1,6.0,4.500000000000002,0.1,0.6,8.399999999999999,5,300,38,162,0,0.6857706718726888,0.24762482379089182,success
1189,2000,8,1,6.0,4.500000000000002,0.1,0.6,8.599999999999998,5,298,36,166,0,0.6907661708681095,0.24653360822727227,success
1190,2000,8,1,6.0,4.500000000000002,0.1,0.6,8.799999999999997,5,304,38,158,0,0.6788832393851374,0.24657416501463975,success
1191,2000,8,1,6.0,4.500000000000002,0.1,0.6,8.999999999999998,5,308,41,151,0,0.6696022098530555,0.2470769715344022,success
1193,2000,8,1,6.0,4.500000000000002,0.1,0.6,9.399999999999999,5,319,40,141,0,0.6492249563542413,0.24225942466561745,success
1192,2000,8,1,6.0,4.500000000000002,0.1,0.6,9.199999999999998,5,320,40,140,0,0.6474075992969132,0.24312901731938288,success
1197,2000,8,1,6.0,4.600000000000002,0.1,0.6,1.0,5,461,39,0,0,,,success
1198,2000,8,1,6.0,4.600000000000002,0.1,0.6,1.2,5,357,74,69,0,0.8560614065634301,0.22471116114688783,success
1199,2000,8,1,6.0,4.600000000000002,0.1,0.6,1.4,5,320,85,95,0,0.8261319417547628,0.22407676667780468,success
1200,2000,8,1,6.0,4.600000000000002,0.1,0.6,1.5999999999999999,5,316,100,84,0,0.8411437958752095,0.20863880721099312,success
1194,2000,8,1,6.0,4.500000000000002,0.1,0.6,9.599999999999998,5,317,39,144,0,0.653328043691136,0.24280197139438664,success
1201,2000,8,1,6.0,4.600000000000002,0.1,0.6,1.7999999999999998,5,303,97,100,0,0.7832479089305658,0.21253219833308276,success
1202,2000,8,1,6.0,4.600000000000002,0.1,0.6,1.9999999999999998,5,308,74,118,0,0.7313529130872518,0.25933987861874935,success
1203,2000,8,1,6.0,4.600000000000002,0.1,0.6,2.1999999999999997,5,315,59,126,0,0.7361204662570663,0.2375927328072016,success
1196,2000,8,1,6.0,4.500000000000002,0.1,0.6,9.999999999999998,5,327,43,130,0,0.6269970343204143,0.23930820450587,success
1195,2000,8,1,6.0,4.500000000000002,0.1,0.6,9.799999999999997,5,330,39,131,0,0.6267745050739318,0.2369697077152318,success
1204,2000,8,1,6.0,4.600000000000002,0.1,0.6,2.3999999999999995,5,322,33,145,0,0.6716509577100496,0.23084361256188088,success
1205,2000,8,1,6.0,4.600000000000002,0.1,0.6,2.5999999999999996,5,328,16,156,0,0.6891199012787197,0.21991714319156017,success
1207,2000,8,1,6.0,4.600000000000002,0.1,0.6,2.9999999999999996,5,257,5,238,0,0.7807155094752031,0.24455206820345554,success
1206,2000,8,1,6.0,4.600000000000002,0.1,0.6,2.8,5,325,3,172,0,0.6870837277487446,0.23815753679707852,success
1208,2000,8,1,6.0,4.600000000000002,0.1,0.6,3.1999999999999993,5,179,12,309,0,0.8186055391952222,0.24736270634437132,success
1210,2000,8,1,6.0,4.600000000000002,0.1,0.6,3.5999999999999996,5,115,14,371,0,0.8281608546764735,0.23452199042389413,success
1209,2000,8,1,6.0,4.600000000000002,0.1,0.6,3.3999999999999995,5,118,18,364,0,0.8395280235103543,0.23207834567572583,success
1212,2000,8,1,6.0,4.600000000000002,0.1,0.6,3.999999999999999,5,151,30,319,0,0.8274798908450708,0.23096199987017005,success
1211,2000,8,1,6.0,4.600000000000002,0.1,0.6,3.7999999999999994,5,134,24,342,0,0.8247354761114342,0.23476335460372377,success
1213,2000,8,1,6.0,4.600000000000002,0.1,0.6,4.199999999999999,5,162,25,313,0,0.8137716716309705,0.2353525760630626,success
1214,2000,8,1,6.0,4.600000000000002,0.1,0.6,4.3999999999999995,5,193,34,273,0,0.7997133158650689,0.2411018472193715,success
1215,2000,8,1,6.0,4.600000000000002,0.1,0.6,4.6,5,229,30,241,0,0.7773764747768782,0.23891156294142368,success
1216,2000,8,1,6.0,4.600000000000002,0.1,0.6,4.799999999999999,5,246,26,228,0,0.762607628158204,0.24391351542840883,success
1217,2000,8,1,6.0,4.600000000000002,0.1,0.6,4.999999999999999,5,278,24,198,0,0.7337687542263696,0.24448296348962226,success
1219,2000,8,1,6.0,4.600000000000002,0.1,0.6,5.399999999999999,5,310,24,166,0,0.6851092830629419,0.24328540323381698,success
1218,2000,8,1,6.0,4.600000000000002,0.1,0.6,5.199999999999999,5,300,29,171,0,0.6977370441361626,0.2458904101101007,success
1220,2000,8,1,6.0,4.600000000000002,0.1,0.6,5.599999999999999,5,307,29,164,0,0.6913527786645461,0.2450657469918473,success
1221,2000,8,1,6.0,4.600000000000002,0.1,0.6,5.799999999999999,5,337,27,136,0,0.6291422644147113,0.22596112510805902,success
1222,2000,8,1,6.0,4.600000000000002,0.1,0.6,5.999999999999999,5,331,27,142,0,0.6395613176808631,0.23147736705199054,success
1223,2000,8,1,6.0,4.600000000000002,0.1,0.6,6.199999999999999,5,340,20,140,0,0.6377924959720764,0.2277716044797875,success
1224,2000,8,1,6.0,4.600000000000002,0.1,0.6,6.399999999999999,5,336,29,135,0,0.6344907104879819,0.2330360624660561,success
1225,2000,8,1,6.0,4.600000000000002,0.1,0.6,6.599999999999999,5,341,28,131,0,0.615440981840087,0.22501366353893085,success
1226,2000,8,1,6.0,4.600000000000002,0.1,0.6,6.799999999999999,5,330,31,139,0,0.6396649198995903,0.23593249528360052,success
1227,2000,8,1,6.0,4.600000000000002,0.1,0.6,6.999999999999998,5,331,30,139,0,0.639609072068468,0.23545109401565978,success
1228,2000,8,1,6.0,4.600000000000002,0.1,0.6,7.199999999999998,5,327,34,139,0,0.6422659118981231,0.23786529873157852,success
1229,2000,8,1,6.0,4.600000000000002,0.1,0.6,7.399999999999999,5,326,32,142,0,0.6426800009040887,0.23674330185057726,success
1230,2000,8,1,6.0,4.600000000000002,0.1,0.6,7.599999999999999,5,313,32,155,0,0.6719189995773864,0.24280276896960606,success
1231,2000,8,1,6.0,4.600000000000002,0.1,0.6,7.799999999999999,5,310,38,152,0,0.6725026938861913,0.2463363962707057,success
1232,2000,8,1,6.0,4.600000000000002,0.1,0.6,7.999999999999998,5,308,35,157,0,0.6768773657486237,0.24481058887568316,success
1233,2000,8,1,6.0,4.600000000000002,0.1,0.6,8.2,5,309,36,155,0,0.6734300086890519,0.2450695167423776,success
1234,2000,8,1,6.0,4.600000000000002,0.1,0.6,8.399999999999999,5,300,38,162,0,0.6891612852490352,0.24828243463374494,success
1235,2000,8,1,6.0,4.600000000000002,0.1,0.6,8.599999999999998,5,299,40,161,0,0.6889302741390143,0.2495447250934318,success
1236,2000,8,1,6.0,4.600000000000002,0.1,0.6,8.799999999999997,5,304,39,157,0,0.679924550608841,0.2471557002123477,success
1237,2000,8,1,6.0,4.600000000000002,0.1,0.6,8.999999999999998,5,295,40,165,0,0.6959002822787836,0.24950397149342468,success
1238,2000,8,1,6.0,4.600000000000002,0.1,0.6,9.199999999999998,5,311,40,149,0,0.6669536413992265,0.24554343060998238,success
1239,2000,8,1,6.0,4.600000000000002,0.1,0.6,9.399999999999999,5,301,38,161,0,0.6890570511978509,0.24816949540712546,success
1243,2000,8,1,6.0,4.700000000000003,0.1,0.6,1.0,5,461,39,0,0,,,success
1240,2000,8,1,6.0,4.600000000000002,0.1,0.6,9.599999999999998,5,311,41,148,0,0.6646664670904368,0.24660333860211917,success
1244,2000,8,1,6.0,4.700000000000003,0.1,0.6,1.2,5,357,74,69,0,0.8560614065634301,0.22471116114688783,success
1245,2000,8,1,6.0,4.700000000000003,0.1,0.6,1.4,5,320,85,95,0,0.8261319417547628,0.22407676667780468,success
1246,2000,8,1,6.0,4.700000000000003,0.1,0.6,1.5999999999999999,5,316,100,84,0,0.8411437958752095,0.20863880721099312,success
1247,2000,8,1,6.0,4.700000000000003,0.1,0.6,1.7999999999999998,5,303,97,100,0,0.7832479089305658,0.21253219833308276,success
1242,2000,8,1,6.0,4.600000000000002,0.1,0.6,9.999999999999998,5,322,42,136,0,0.6435330949773919,0.24343572218267484,success
1241,2000,8,1,6.0,4.600000000000002,0.1,0.6,9.799999999999997,5,315,40,145,0,0.6604136677306264,0.24578910647796554,success
1248,2000,8,1,6.0,4.700000000000003,0.1,0.6,1.9999999999999998,5,308,74,118,0,0.7313529130872518,0.25933987861874935,success
1249,2000,8,1,6.0,4.700000000000003,0.1,0.6,2.1999999999999997,5,315,59,126,0,0.7361204662570663,0.2375927328072016,success
1250,2000,8,1,6.0,4.700000000000003,0.1,0.6,2.3999999999999995,5,322,33,145,0,0.6716509577100496,0.23084361256188088,success
1251,2000,8,1,6.0,4.700000000000003,0.1,0.6,2.5999999999999996,5,329,16,155,0,0.6869224814009443,0.21894191817919845,success
1253,2000,8,1,6.0,4.700000000000003,0.1,0.6,2.9999999999999996,5,260,5,235,0,0.7774911007392646,0.2446808428328334,success
1252,2000,8,1,6.0,4.700000000000003,0.1,0.6,2.8,5,328,3,169,0,0.6816896931693882,0.23671056834922377,success
1254,2000,8,1,6.0,4.700000000000003,0.1,0.6,3.1999999999999993,5,166,10,324,0,0.8271255757747731,0.24442241102220155,success
1255,2000,8,1,6.0,4.700000000000003,0.1,0.6,3.3999999999999995,5,126,21,353,0,0.8359068869151259,0.2341477013040601,success
1259,2000,8,1,6.0,4.700000000000003,0.1,0.6,4.199999999999999,5,166,27,307,0,0.8128660205856398,0.2367400006964236,success
1256,2000,8,1,6.0,4.700000000000003,0.1,0.6,3.5999999999999996,5,119,14,367,0,0.8267281446757441,0.23512535807500382,success
1262,2000,8,1,6.0,4.700000000000003,0.1,0.6,4.799999999999999,5,241,27,232,0,0.7655289709330837,0.24221382299560426,success
1258,2000,8,1,6.0,4.700000000000003,0.1,0.6,3.999999999999999,5,144,33,323,0,0.8289612975951903,0.22948074718994618,success
1257,2000,8,1,6.0,4.700000000000003,0.1,0.6,3.7999999999999994,5,127,28,345,0,0.8269368073238262,0.23432597191166288,success
1261,2000,8,1,6.0,4.700000000000003,0.1,0.6,4.6,5,224,28,248,0,0.7828884425887561,0.23634654051134127,success
1263,2000,8,1,6.0,4.700000000000003,0.1,0.6,4.999999999999999,5,267,26,207,0,0.7473785015642791,0.2442540995450363,success
1260,2000,8,1,6.0,4.700000000000003,0.1,0.6,4.3999999999999995,5,190,36,274,0,0.8038636997269709,0.24162093939603846,success
1265,2000,8,1,6.0,4.700000000000003,0.1,0.6,5.399999999999999,5,313,24,163,0,0.6849870200593421,0.24418210048655128,success
1264,2000,8,1,6.0,4.700000000000003,0.1,0.6,5.199999999999999,5,282,31,187,0,0.7266532325643488,0.24927453789573217,success
1266,2000,8,1,6.0,4.700000000000003,0.1,0.6,5.599999999999999,5,309,34,157,0,0.6843862976925166,0.24537749799024733,success
1267,2000,8,1,6.0,4.700000000000003,0.1,0.6,5.799999999999999,5,323,27,150,0,0.6631839483265308,0.23720216841992067,success
1268,2000,8,1,6.0,4.700000000000003,0.1,0.6,5.999999999999999,5,326,27,147,0,0.6548468670917772,0.23777700340743008,success
1269,2000,8,1,6.0,4.700000000000003,0.1,0.6,6.199999999999999,5,332,28,140,0,0.6470142356759326,0.23562822568925176,success
1270,2000,8,1,6.0,4.700000000000003,0.1,0.6,6.399999999999999,5,337,27,136,0,0.6379011485957231,0.2333023986272211,success
1271,2000,8,1,6.0,4.700000000000003,0.1,0.6,6.599999999999999,5,342,28,130,0,0.6158469226327904,0.22577149147956688,success
1273,2000,8,1,6.0,4.700000000000003,0.1,0.6,6.999999999999998,5,337,30,133,0,0.6269691942656849,0.23085017447917178,success
1272,2000,8,1,6.0,4.700000000000003,0.1,0.6,6.799999999999999,5,336,26,138,0,0.6363031928721209,0.2327656140808197,success
1274,2000,8,1,6.0,4.700000000000003,0.1,0.6,7.199999999999998,5,330,27,143,0,0.6422678320569707,0.23341515211148658,success
1275,2000,8,1,6.0,4.700000000000003,0.1,0.6,7.399999999999999,5,323,29,148,0,0.6568468398371273,0.23904518127530147,success
1276,2000,8,1,6.0,4.700000000000003,0.1,0.6,7.599999999999999,5,330,31,139,0,0.6424386604969344,0.23577527562541192,success
1279,2000,8,1,6.0,4.700000000000003,0.1,0.6,8.2,5,310,37,153,0,0.6753029106511165,0.2470438091527703,success
1277,2000,8,1,6.0,4.700000000000003,0.1,0.6,7.799999999999999,5,326,36,138,0,0.6428697150444991,0.23817300665926847,success
1278,2000,8,1,6.0,4.700000000000003,0.1,0.6,7.999999999999998,5,315,36,149,0,0.6626438292672037,0.2432620388296642,success
1280,2000,8,1,6.0,4.700000000000003,0.1,0.6,8.399999999999999,5,305,40,155,0,0.6792238176404511,0.24769654564335036,success
1281,2000,8,1,6.0,4.700000000000003,0.1,0.6,8.599999999999998,5,304,35,161,0,0.6856466784389241,0.24581054643034075,success
1282,2000,8,1,6.0,4.700000000000003,0.1,0.6,8.799999999999997,5,301,39,160,0,0.6874569448203796,0.247748819449073,success
1283,2000,8,1,6.0,4.700000000000003,0.1,0.6,8.999999999999998,5,294,41,165,0,0.6957277445627171,0.24927448491274548,success
1284,2000,8,1,6.0,4.700000000000003,0.1,0.6,9.199999999999998,5,292,37,171,0,0.7006880112044853,0.24678862239564117,success
1285,2000,8,1,6.0,4.700000000000003,0.1,0.6,9.399999999999999,5,306,37,157,0,0.6799593637222774,0.24535438944359486,success
1286,2000,8,1,6.0,4.700000000000003,0.1,0.6,9.599999999999998,5,309,40,151,0,0.6700429764416832,0.245343360354915,success
1289,2000,8,1,6.0,4.8000000000000025,0.1,0.6,1.0,5,461,39,0,0,,,success
1290,2000,8,1,6.0,4.8000000000000025,0.1,0.6,1.2,5,357,74,69,0,0.8560614065634301,0.22471116114688783,success
1291,2000,8,1,6.0,4.8000000000000025,0.1,0.6,1.4,5,320,85,95,0,0.8261319417547628,0.22407676667780468,success
1292,2000,8,1,6.0,4.8000000000000025,0.1,0.6,1.5999999999999999,5,316,100,84,0,0.8411437958752095,0.20863880721099312,success
1293,2000,8,1,6.0,4.8000000000000025,0.1,0.6,1.7999999999999998,5,303,97,100,0,0.7832479089305658,0.21253219833308276,success
1294,2000,8,1,6.0,4.8000000000000025,0.1,0.6,1.9999999999999998,5,308,74,118,0,0.7313529130872518,0.25933987861874935,success
1287,2000,8,1,6.0,4.700000000000003,0.1,0.6,9.799999999999997,5,308,41,151,0,0.6733638519193524,0.24770687633505778,success
1295,2000,8,1,6.0,4.8000000000000025,0.1,0.6,2.1999999999999997,5,315,59,126,0,0.7361204662570663,0.2375927328072016,success
1288,2000,8,1,6.0,4.700000000000003,0.1,0.6,9.999999999999998,5,310,40,150,0,0.6696015913044449,0.24532527686995576,success
1296,2000,8,1,6.0,4.8000000000000025,0.1,0.6,2.3999999999999995,5,322,33,145,0,0.6716509577100496,0.23084361256188088,success
1297,2000,8,1,6.0,4.8000000000000025,0.1,0.6,2.5999999999999996,5,329,16,155,0,0.6869224814010533,0.21894191817897418,success
1300,2000,8,1,6.0,4.8000000000000025,0.1,0.6,3.1999999999999993,5,150,11,339,0,0.8344612837305516,0.2413445490611868,success
1299,2000,8,1,6.0,4.8000000000000025,0.1,0.6,2.9999999999999996,5,253,7,240,0,0.7823660548092697,0.2444006707392294,success
1298,2000,8,1,6.0,4.8000000000000025,0.1,0.6,2.8,5,327,3,170,0,0.6835623180905206,0.23725715016570995,success
1301,2000,8,1,6.0,4.8000000000000025,0.1,0.6,3.3999999999999995,5,130,20,350,0,0.8353196212372482,0.23482271624541157,success
1302,2000,8,1,6.0,4.8000000000000025,0.1,0.6,3.5999999999999996,5,115,16,369,0,0.8276320410258481,0.23471488282987632,success
1303,2000,8,1,6.0,4.8000000000000025,0.1,0.6,3.7999999999999994,5,136,25,339,0,0.8231378192143577,0.23446656148206416,success
1308,2000,8,1,6.0,4.8000000000000025,0.1,0.6,4.799999999999999,5,239,33,228,0,0.7651050895572089,0.2428363499907247,success
1304,2000,8,1,6.0,4.8000000000000025,0.1,0.6,3.999999999999999,5,137,33,330,0,0.8334024215110093,0.22820642286184284,success
1305,2000,8,1,6.0,4.8000000000000025,0.1,0.6,4.199999999999999,5,152,34,314,0,0.8185325141199655,0.23559544902810117,success
1306,2000,8,1,6.0,4.8000000000000025,0.1,0.6,4.3999999999999995,5,165,35,300,0,0.8170097520610183,0.23464065056896577,success
1307,2000,8,1,6.0,4.8000000000000025,0.1,0.6,4.6,5,212,29,259,0,0.7919008943972561,0.23426214086125716,success
1311,2000,8,1,6.0,4.8000000000000025,0.1,0.6,5.399999999999999,5,298,29,173,0,0.7074230034990681,0.24873409019535211,success
1309,2000,8,1,6.0,4.8000000000000025,0.1,0.6,4.999999999999999,5,245,36,219,0,0.7628999292414008,0.24526541516545772,success
1310,2000,8,1,6.0,4.8000000000000025,0.1,0.6,5.199999999999999,5,268,37,195,0,0.7406031735194653,0.2510616135345376,success
1312,2000,8,1,6.0,4.8000000000000025,0.1,0.6,5.599999999999999,5,303,33,164,0,0.6972099826347018,0.24653490757804464,success
1313,2000,8,1,6.0,4.8000000000000025,0.1,0.6,5.799999999999999,5,316,29,155,0,0.6744262000056765,0.2401201358269202,success
1314,2000,8,1,6.0,4.8000000000000025,0.1,0.6,5.999999999999999,5,324,23,153,0,0.6671037637088378,0.23893729938128017,success
1315,2000,8,1,6.0,4.8000000000000025,0.1,0.6,6.199999999999999,5,329,28,143,0,0.6581341825520245,0.23971262556690986,success
1316,2000,8,1,6.0,4.8000000000000025,0.1,0.6,6.399999999999999,5,342,27,131,0,0.6266583154550944,0.2282988612839903,success
1317,2000,8,1,6.0,4.8000000000000025,0.1,0.6,6.599999999999999,5,340,24,136,0,0.6310650720143537,0.22781474386237555,success
1318,2000,8,1,6.0,4.8000000000000025,0.1,0.6,6.799999999999999,5,342,31,127,0,0.6148444953397635,0.22792002272247636,success
1319,2000,8,1,6.0,4.8000000000000025,0.1,0.6,6.999999999999998,5,338,29,133,0,0.629509512208148,0.23052792243392708,success
1320,2000,8,1,6.0,4.8000000000000025,0.1,0.6,7.199999999999998,5,334,28,138,0,0.6371324466196272,0.23280866139926396,success
1321,2000,8,1,6.0,4.8000000000000025,0.1,0.6,7.399999999999999,5,337,27,136,0,0.6337640252551389,0.23182775710878908,success
1323,2000,8,1,6.0,4.8000000000000025,0.1,0.6,7.799999999999999,5,329,32,139,0,0.6413524650545283,0.23626397126729895,success
1322,2000,8,1,6.0,4.8000000000000025,0.1,0.6,7.599999999999999,5,328,31,141,0,0.6489149795152628,0.23769374683086622,success
1324,2000,8,1,6.0,4.8000000000000025,0.1,0.6,7.999999999999998,5,321,32,147,0,0.6575106072427274,0.23917220244803988,success
1325,2000,8,1,6.0,4.8000000000000025,0.1,0.6,8.2,5,317,36,147,0,0.6615059117534705,0.24296069786502647,success
1326,2000,8,1,6.0,4.8000000000000025,0.1,0.6,8.399999999999999,5,320,37,143,0,0.6556654722876122,0.2432226305473248,success
1327,2000,8,1,6.0,4.8000000000000025,0.1,0.6,8.599999999999998,5,305,36,159,0,0.6818735164568427,0.24581631389245467,success
1328,2000,8,1,6.0,4.8000000000000025,0.1,0.6,8.799999999999997,5,305,40,155,0,0.6778641728463443,0.24729259814002585,success
1329,2000,8,1,6.0,4.8000000000000025,0.1,0.6,8.999999999999998,5,302,39,159,0,0.686216254621156,0.2469192176788545,success
1330,2000,8,1,6.0,4.8000000000000025,0.1,0.6,9.199999999999998,5,310,37,153,0,0.6716040186351082,0.24306468528314853,success
1331,2000,8,1,6.0,4.8000000000000025,0.1,0.6,9.399999999999999,5,303,39,158,0,0.6840161971880488,0.24545038126843746,success
1332,2000,8,1,6.0,4.8000000000000025,0.1,0.6,9.599999999999998,5,309,39,152,0,0.6716575868930121,0.2441577580389858,success
1335,2000,8,1,6.0,4.900000000000002,0.1,0.6,1.0,5,461,39,0,0,,,success
1336,2000,8,1,6.0,4.900000000000002,0.1,0.6,1.2,5,357,74,69,0,0.8560614065634301,0.22471116114688783,success
1337,2000,8,1,6.0,4.900000000000002,0.1,0.6,1.4,5,320,85,95,0,0.8261319417547628,0.22407676667780468,success
1338,2000,8,1,6.0,4.900000000000002,0.1,0.6,1.5999999999999999,5,316,100,84,0,0.8411437958752095,0.20863880721099312,success
1339,2000,8,1,6.0,4.900000000000002,0.1,0.6,1.7999999999999998,5,303,97,100,0,0.7832479089305658,0.21253219833308276,success
1340,2000,8,1,6.0,4.900000000000002,0.1,0.6,1.9999999999999998,5,308,74,118,0,0.7313529130872518,0.25933987861874935,success
1333,2000,8,1,6.0,4.8000000000000025,0.1,0.6,9.799999999999997,5,312,38,150,0,0.6714144130436042,0.24581510976617474,success
1334,2000,8,1,6.0,4.8000000000000025,0.1,0.6,9.999999999999998,5,302,42,156,0,0.6841461409218275,0.24807092616388357,success
1341,2000,8,1,6.0,4.900000000000002,0.1,0.6,2.1999999999999997,5,315,59,126,0,0.7361204662570663,0.2375927328072016,success
1342,2000,8,1,6.0,4.900000000000002,0.1,0.6,2.3999999999999995,5,322,33,145,0,0.6716509577100496,0.23084361256188088,success
1343,2000,8,1,6.0,4.900000000000002,0.1,0.6,2.5999999999999996,5,329,16,155,0,0.6869224814010533,0.21894191817897418,success
1344,2000,8,1,6.0,4.900000000000002,0.1,0.6,2.8,5,327,3,170,0,0.683580433893155,0.2372761493226771,success
1345,2000,8,1,6.0,4.900000000000002,0.1,0.6,2.9999999999999996,5,251,7,242,0,0.7840185663239492,0.24406186952415046,success
1346,2000,8,1,6.0,4.900000000000002,0.1,0.6,3.1999999999999993,5,138,10,352,0,0.8405031195702726,0.2385341899874434,success
1347,2000,8,1,6.0,4.900000000000002,0.1,0.6,3.3999999999999995,5,121,21,358,0,0.8383586492026257,0.2332479222701877,success
1348,2000,8,1,6.0,4.900000000000002,0.1,0.6,3.5999999999999996,5,102,16,382,0,0.8328748466463874,0.23204171526877718,success
1349,2000,8,1,6.0,4.900000000000002,0.1,0.6,3.7999999999999994,5,120,27,353,0,0.8294457791101951,0.23138627268903755,success
1350,2000,8,1,6.0,4.900000000000002,0.1,0.6,3.999999999999999,5,119,31,350,0,0.8400299973145171,0.2232406963429402,success
1351,2000,8,1,6.0,4.900000000000002,0.1,0.6,4.199999999999999,5,142,32,326,0,0.8235533985101473,0.23196590825331184,success
1352,2000,8,1,6.0,4.900000000000002,0.1,0.6,4.3999999999999995,5,156,40,304,0,0.8202002598424115,0.23348851173025773,success
1353,2000,8,1,6.0,4.900000000000002,0.1,0.6,4.6,5,197,29,274,0,0.8031828436004341,0.23130233214214563,success
1354,2000,8,1,6.0,4.900000000000002,0.1,0.6,4.799999999999999,5,223,31,246,0,0.7795123388883386,0.23901621957058122,success
1355,2000,8,1,6.0,4.900000000000002,0.1,0.6,4.999999999999999,5,237,37,226,0,0.7722200660714316,0.2438962736679305,success
1356,2000,8,1,6.0,4.900000000000002,0.1,0.6,5.199999999999999,5,253,39,208,0,0.7576266740610342,0.24983789724667227,success
1357,2000,8,1,6.0,4.900000000000002,0.1,0.6,5.399999999999999,5,282,31,187,0,0.7293076654016668,0.2489151717761372,success
1358,2000,8,1,6.0,4.900000000000002,0.1,0.6,5.599999999999999,5,305,36,159,0,0.6945451972505025,0.24720334031517055,success
1359,2000,8,1,6.0,4.900000000000002,0.1,0.6,5.799999999999999,5,304,34,162,0,0.6937401334420186,0.246060331414853,success
1360,2000,8,1,6.0,4.900000000000002,0.1,0.6,5.999999999999999,5,323,29,148,0,0.6644399320747114,0.2407650485933658,success
1361,2000,8,1,6.0,4.900000000000002,0.1,0.6,6.199999999999999,5,333,30,137,0,0.6478366171783371,0.23739252439132785,success
1362,2000,8,1,6.0,4.900000000000002,0.1,0.6,6.399999999999999,5,330,27,143,0,0.6577676689162203,0.23772509327159846,success
1363,2000,8,1,6.0,4.900000000000002,0.1,0.6,6.599999999999999,5,339,29,132,0,0.6285103629957625,0.23149218772758628,success
1364,2000,8,1,6.0,4.900000000000002,0.1,0.6,6.799999999999999,5,344,25,131,0,0.622573302231729,0.22686584093956083,success
1365,2000,8,1,6.0,4.900000000000002,0.1,0.6,6.999999999999998,5,335,28,137,0,0.64289264554765,0.23587759545209683,success
1366,2000,8,1,6.0,4.900000000000002,0.1,0.6,7.199999999999998,5,348,22,130,0,0.6129600719768484,0.21904098538261726,success
1367,2000,8,1,6.0,4.900000000000002,0.1,0.6,7.399999999999999,5,335,28,137,0,0.6360677661344604,0.23183079168823298,success
1368,2000,8,1,6.0,4.900000000000002,0.1,0.6,7.599999999999999,5,340,27,133,0,0.6286992647672216,0.22906318597771969,success
1369,2000,8,1,6.0,4.900000000000002,0.1,0.6,7.799999999999999,5,331,27,142,0,0.6475765356322108,0.23418611716505244,success
1370,2000,8,1,6.0,4.900000000000002,0.1,0.6,7.999999999999998,5,331,31,138,0,0.6424315459873547,0.23573170909603045,success
1371,2000,8,1,6.0,4.900000000000002,0.1,0.6,8.2,5,331,31,138,0,0.6369962504373275,0.23359474631575156,success
1372,2000,8,1,6.0,4.900000000000002,0.1,0.6,8.399999999999999,5,327,32,141,0,0.6490117974324485,0.23881751517784516,success
1373,2000,8,1,6.0,4.900000000000002,0.1,0.6,8.599999999999998,5,327,34,139,0,0.6444826644771702,0.23674557428075688,success
1374,2000,8,1,6.0,4.900000000000002,0.1,0.6,8.799999999999997,5,320,36,144,0,0.6554572116484474,0.24126434338833475,success
1375,2000,8,1,6.0,4.900000000000002,0.1,0.6,8.999999999999998,5,307,37,156,0,0.6806828002693627,0.24542033852774564,success
1376,2000,8,1,6.0,4.900000000000002,0.1,0.6,9.199999999999998,5,305,36,159,0,0.6843609645471368,0.2445061133166656,success
1377,2000,8,1,6.0,4.900000000000002,0.1,0.6,9.399999999999999,5,293,39,168,0,0.7022935677767174,0.24777852428696334,success
1378,2000,8,1,6.0,4.900000000000002,0.1,0.6,9.599999999999998,5,298,40,162,0,0.6936837658626347,0.24832444491098118,success
1381,2000,8,1,6.0,5.000000000000003,0.1,0.6,1.0,6,449,51,0,0,,,success
1379,2000,8,1,6.0,4.900000000000002,0.1,0.6,9.799999999999997,5,304,39,157,0,0.6858529057354658,0.2478181058850994,success
1382,2000,8,1,6.0,5.000000000000003,0.1,0.6,1.2,6,378,71,51,0,0.9008306739925531,0.19741945167807043,success
1380,2000,8,1,6.0,4.900000000000002,0.1,0.6,9.999999999999998,5,304,41,155,0,0.681286225034006,0.24660876785268016,success
1383,2000,8,1,6.0,5.000000000000003,0.1,0.6,1.4,6,328,92,80,0,0.8391061770256325,0.22676487732230474,success
1384,2000,8,1,6.0,5.000000000000003,0.1,0.6,1.5999999999999999,6,311,80,109,0,0.7450647096165269,0.24021254027216232,success
1385,2000,8,1,6.0,5.000000000000003,0.1,0.6,1.7999999999999998,6,306,84,110,0,0.7700654642390975,0.24432240603767091,success
1386,2000,8,1,6.0,5.000000000000003,0.1,0.6,1.9999999999999998,6,302,75,123,0,0.768451740605846,0.26060296504092795,success
1387,2000,8,1,6.0,5.000000000000003,0.1,0.6,2.1999999999999997,6,316,46,138,0,0.7085912136637372,0.2549702598527049,success
1388,2000,8,1,6.0,5.000000000000003,0.1,0.6,2.3999999999999995,6,333,27,140,0,0.6725094335408898,0.2268608136677383,success
1389,2000,8,1,6.0,5.000000000000003,0.1,0.6,2.5999999999999996,6,342,8,150,0,0.6468560166408192,0.20442383880356468,success
1391,2000,8,1,6.0,5.000000000000003,0.1,0.6,2.9999999999999996,6,238,5,257,0,0.7844387461132305,0.24396400268352866,success
1392,2000,8,1,6.0,5.000000000000003,0.1,0.6,3.1999999999999993,6,158,6,336,0,0.8386364207131963,0.23024019885652133,success
1390,2000,8,1,6.0,5.000000000000003,0.1,0.6,2.8,6,320,2,178,0,0.6630031962694249,0.24895026593924321,success
1393,2000,8,1,6.0,5.000000000000003,0.1,0.6,3.3999999999999995,6,101,15,384,0,0.8618886398255748,0.21170937657481606,success
1394,2000,8,1,6.0,5.000000000000003,0.1,0.6,3.5999999999999996,6,93,23,384,0,0.8579875638026694,0.21635345048965746,success
1397,2000,8,1,6.0,5.000000000000003,0.1,0.6,4.199999999999999,6,129,30,341,0,0.8362772396129662,0.22662001333982398,success
1396,2000,8,1,6.0,5.000000000000003,0.1,0.6,3.999999999999999,6,106,34,360,0,0.8489590442902811,0.2182847735300157,success
1398,2000,8,1,6.0,5.000000000000003,0.1,0.6,4.3999999999999995,6,141,37,322,0,0.8240670128613993,0.2438936961638409,success
1395,2000,8,1,6.0,5.000000000000003,0.1,0.6,3.7999999999999994,6,105,29,366,0,0.8508061014585524,0.2149832372075676,success
1399,2000,8,1,6.0,5.000000000000003,0.1,0.6,4.6,6,189,34,277,0,0.809715484874466,0.23582387610618744,success
1400,2000,8,1,6.0,5.000000000000003,0.1,0.6,4.799999999999999,6,201,30,269,0,0.8074416663918523,0.2295493795816165,success
1402,2000,8,1,6.0,5.000000000000003,0.1,0.6,5.199999999999999,6,241,26,233,0,0.7838875046279485,0.23280702018427984,success
1401,2000,8,1,6.0,5.000000000000003,0.1,0.6,4.999999999999999,6,214,34,252,0,0.8037837659169144,0.2316700830425108,success
1403,2000,8,1,6.0,5.000000000000003,0.1,0.6,5.399999999999999,6,257,30,213,0,0.7612462038555005,0.2433227447697969,success
1404,2000,8,1,6.0,5.000000000000003,0.1,0.6,5.599999999999999,6,285,25,190,0,0.737055241075514,0.24151960880268705,success
1405,2000,8,1,6.0,5.000000000000003,0.1,0.6,5.799999999999999,6,302,27,171,0,0.7162448569936075,0.24331676125031831,success
1406,2000,8,1,6.0,5.000000000000003,0.1,0.6,5.999999999999999,6,317,22,161,0,0.6983233542375188,0.2354208865069022,success
1407,2000,8,1,6.0,5.000000000000003,0.1,0.6,6.199999999999999,6,325,19,156,0,0.6881716580347839,0.2314237536838656,success
1408,2000,8,1,6.0,5.000000000000003,0.1,0.6,6.399999999999999,6,333,21,146,0,0.6722120225199945,0.2314027689386318,success
1409,2000,8,1,6.0,5.000000000000003,0.1,0.6,6.599999999999999,6,350,22,128,0,0.6330285746420348,0.21510783583180643,success
1410,2000,8,1,6.0,5.000000000000003,0.1,0.6,6.799999999999999,6,349,18,133,0,0.6423078524715895,0.2159454879809542,success
1411,2000,8,1,6.0,5.000000000000003,0.1,0.6,6.999999999999998,6,355,23,122,0,0.6239252721564505,0.21012269496906852,success
1412,2000,8,1,6.0,5.000000000000003,0.1,0.6,7.199999999999998,6,345,22,133,0,0.650035640365069,0.2206918412942768,success
1414,2000,8,1,6.0,5.000000000000003,0.1,0.6,7.599999999999999,6,356,23,121,0,0.6178347351498636,0.20618023120171747,success
1413,2000,8,1,6.0,5.000000000000003,0.1,0.6,7.399999999999999,6,346,22,132,0,0.6440844061543823,0.2178858370817559,success
1415,2000,8,1,6.0,5.000000000000003,0.1,0.6,7.799999999999999,6,347,20,133,0,0.6429932539171384,0.2158655295786981,success
1416,2000,8,1,6.0,5.000000000000003,0.1,0.6,7.999999999999998,6,346,21,133,0,0.6456310544452433,0.2163806721951548,success
1417,2000,8,1,6.0,5.000000000000003,0.1,0.6,8.2,6,344,25,131,0,0.6444597177507144,0.21857115902288277,success
1418,2000,8,1,6.0,5.000000000000003,0.1,0.6,8.399999999999999,6,341,20,139,0,0.6588448569603862,0.21982842013489629,success
1419,2000,8,1,6.0,5.000000000000003,0.1,0.6,8.599999999999998,6,332,24,144,0,0.672042368966571,0.2255202298470584,success
1420,2000,8,1,6.0,5.000000000000003,0.1,0.6,8.799999999999997,6,329,27,144,0,0.6720618554556509,0.2285830374887779,success
1421,2000,8,1,6.0,5.000000000000003,0.1,0.6,8.999999999999998,6,324,28,148,0,0.679088289124898,0.2302969807526379,success
1422,2000,8,1,6.0,5.000000000000003,0.1,0.6,9.199999999999998,6,313,27,160,0,0.7007715927908311,0.2336450441216551,success
1423,2000,8,1,6.0,5.000000000000003,0.1,0.6,9.399999999999999,6,313,24,163,0,0.701755600936191,0.23087773066521433,success
1424,2000,8,1,6.0,5.000000000000003,0.1,0.6,9.599999999999998,6,316,31,153,0,0.6929784067090814,0.23485536601829285,success
1425,2000,8,1,6.0,5.000000000000003,0.1,0.6,9.799999999999997,6,311,27,162,0,0.700977620237405,0.2315892220393308,success
1426,2000,8,1,6.0,5.000000000000003,0.1,0.6,9.999999999999998,6,308,32,160,0,0.704230782201666,0.23477442842529647,success
