combination_id,n,k,p,q,thrshld,p1,p2,beta,seeds,case_A_count,case_B_count,case_C_count,case_Invalid_count,delta_star_mean,delta_star_std,status
1,2000,8,4,0.0,2.0,0.1,0.6,1.0,2,483,17,0,0,,,success
2,2000,8,4,0.0,2.0,0.1,0.6,1.2,2,450,15,35,0,0.7995022105964499,0.25590767138501536,success
3,2000,8,4,0.0,2.0,0.1,0.6,1.4,2,434,15,51,0,0.7430790678690119,0.2663092137621167,success
4,2000,8,4,0.0,2.0,0.1,0.6,1.5999999999999999,2,418,14,68,0,0.723948341066026,0.2521489805696482,success
5,2000,8,4,0.0,2.0,0.1,0.6,1.7999999999999998,2,408,9,83,0,0.7068858017816885,0.24448831157136924,success
6,2000,8,4,0.0,2.0,0.1,0.6,1.9999999999999998,2,397,6,97,0,0.6953240116359324,0.2421247002357952,success
7,2000,8,4,0.0,2.0,0.1,0.6,2.1999999999999997,2,378,7,115,0,0.6750682062062522,0.21443459603905862,success
8,2000,8,4,0.0,2.0,0.1,0.6,2.3999999999999995,2,323,9,168,0,0.6904519137316145,0.19506334941146586,success
9,2000,8,4,0.0,2.0,0.1,0.6,2.5999999999999996,2,221,15,264,0,0.6961858258823492,0.16376791239768299,success
10,2000,8,4,0.0,2.0,0.1,0.6,2.8,2,129,19,352,0,0.6761764169880603,0.14506532482365245,success
11,2000,8,4,0.0,2.0,0.1,0.6,2.9999999999999996,2,64,21,415,0,0.6364723815313137,0.1346475502470255,success
12,2000,8,4,0.0,2.0,0.1,0.6,3.1999999999999993,2,35,21,444,0,0.6180418176014986,0.12778051717339498,success
13,2000,8,4,0.0,2.0,0.1,0.6,3.3999999999999995,2,21,25,454,0,0.5990556214994928,0.12034350050668781,success
14,2000,8,4,0.0,2.0,0.1,0.6,3.5999999999999996,2,14,25,461,0,0.5799471236976597,0.11528031910486691,success
27,2000,8,4,0.0,2.0,0.1,0.6,6.199999999999999,2,0,26,474,0,0.5073255309284486,0.08975500138701606,success
31,2000,8,4,0.0,2.0,0.1,0.6,6.999999999999998,2,0,26,474,0,0.5043495168898855,0.08836339448973979,success
28,2000,8,4,0.0,2.0,0.1,0.6,6.399999999999999,2,0,26,474,0,0.5063255341449963,0.08924612955481606,success
29,2000,8,4,0.0,2.0,0.1,0.6,6.599999999999999,2,0,26,474,0,0.5056735442418624,0.08890940042807181,success
30,2000,8,4,0.0,2.0,0.1,0.6,6.799999999999999,2,0,26,474,0,0.5050251640657973,0.08864141109496662,success
32,2000,8,4,0.0,2.0,0.1,0.6,7.199999999999998,2,0,26,474,0,0.5040233065777573,0.08823648285438161,success
21,2000,8,4,0.0,2.0,0.1,0.6,4.999999999999999,2,0,26,474,0,0.5187971545170023,0.09482787580737896,success
22,2000,8,4,0.0,2.0,0.1,0.6,5.199999999999999,2,0,26,474,0,0.5167332112160795,0.093883339868765,success
26,2000,8,4,0.0,2.0,0.1,0.6,5.999999999999999,2,0,26,474,0,0.5079974300505629,0.0901326943862174,success
24,2000,8,4,0.0,2.0,0.1,0.6,5.599999999999999,2,0,26,474,0,0.5123564287809406,0.0920401671612793,success
20,2000,8,4,0.0,2.0,0.1,0.6,4.799999999999999,2,0,26,474,0,0.5242078586083032,0.09653447411923974,success
25,2000,8,4,0.0,2.0,0.1,0.6,5.799999999999999,2,0,26,474,0,0.5101646626032365,0.09106256662805992,success
23,2000,8,4,0.0,2.0,0.1,0.6,5.399999999999999,2,0,26,474,0,0.5146787230167683,0.09313434984194637,success
19,2000,8,4,0.0,2.0,0.1,0.6,4.6,2,0,26,474,0,0.5302323299515209,0.09925157785057016,success
18,2000,8,4,0.0,2.0,0.1,0.6,4.3999999999999995,2,1,26,473,0,0.536143885089445,0.10159745752250736,success
17,2000,8,4,0.0,2.0,0.1,0.6,4.199999999999999,2,1,26,473,0,0.5423346830097509,0.1036970129413675,success
15,2000,8,4,0.0,2.0,0.1,0.6,3.7999999999999994,2,10,25,465,0,0.5632616837930784,0.10893242319995038,success
16,2000,8,4,0.0,2.0,0.1,0.6,3.999999999999999,2,2,26,472,0,0.5494365405980999,0.10622400128220114,success
35,2000,8,4,0.0,2.0,0.1,0.6,7.799999999999999,2,0,26,474,0,0.5029613296680646,0.08751904640364958,success
33,2000,8,4,0.0,2.0,0.1,0.6,7.399999999999999,2,0,26,474,0,0.5037706851754636,0.08810398101377075,success
34,2000,8,4,0.0,2.0,0.1,0.6,7.599999999999999,2,0,26,474,0,0.5033725447186984,0.087864874734723,success
36,2000,8,4,0.0,2.0,0.1,0.6,7.999999999999998,2,0,26,474,0,0.5027317057330982,0.08741826916779441,success
47,2000,8,4,0.0,2.1,0.1,0.6,1.0,3,466,34,0,0,,,success
48,2000,8,4,0.0,2.1,0.1,0.6,1.2,3,409,28,63,0,0.8161093572641909,0.2440994500840995,success
49,2000,8,4,0.0,2.1,0.1,0.6,1.4,3,382,26,92,0,0.7106017425468769,0.2603521804280552,success
38,2000,8,4,0.0,2.0,0.1,0.6,8.399999999999999,2,0,26,474,0,0.5024615498994767,0.08729344633619701,success
50,2000,8,4,0.0,2.1,0.1,0.6,1.5999999999999999,3,354,19,127,0,0.6945750382805069,0.2452212175607723,success
37,2000,8,4,0.0,2.0,0.1,0.6,8.2,2,0,26,474,0,0.5026150299786297,0.0874271857784839,success
39,2000,8,4,0.0,2.0,0.1,0.6,8.599999999999998,2,0,26,474,0,0.5023477892612763,0.08721781573127742,success
51,2000,8,4,0.0,2.1,0.1,0.6,1.7999999999999998,3,352,17,131,0,0.6608808375863786,0.22489013472322636,success
40,2000,8,4,0.0,2.0,0.1,0.6,8.799999999999997,2,0,26,474,0,0.5022652614141878,0.08717095468156759,success
52,2000,8,4,0.0,2.1,0.1,0.6,1.9999999999999998,3,327,25,148,0,0.6488136663613802,0.2186127047128895,success
53,2000,8,4,0.0,2.1,0.1,0.6,2.1999999999999997,3,280,30,190,0,0.6555934937922825,0.21232546817693404,success
54,2000,8,4,0.0,2.1,0.1,0.6,2.3999999999999995,3,225,38,237,0,0.6442168155995389,0.20135540338645508,success
41,2000,8,4,0.0,2.0,0.1,0.6,8.999999999999998,2,0,26,474,0,0.5021017185584434,0.08708302944662427,success
55,2000,8,4,0.0,2.1,0.1,0.6,2.5999999999999996,3,133,44,323,0,0.6363079975632567,0.18609044698425733,success
42,2000,8,4,0.0,2.0,0.1,0.6,9.199999999999998,2,0,26,474,0,0.5020452365462641,0.08699411812842785,success
56,2000,8,4,0.0,2.1,0.1,0.6,2.8,3,58,45,397,0,0.6159586191190967,0.16716994254329268,success
57,2000,8,4,0.0,2.1,0.1,0.6,2.9999999999999996,3,20,51,429,0,0.5767930515290046,0.1491591651948424,success
43,2000,8,4,0.0,2.0,0.1,0.6,9.399999999999999,2,0,26,474,0,0.5020008590013106,0.08695562763022469,success
58,2000,8,4,0.0,2.1,0.1,0.6,3.1999999999999993,3,8,52,440,0,0.5551228488648522,0.13911750486985067,success
59,2000,8,4,0.0,2.1,0.1,0.6,3.3999999999999995,3,6,53,441,0,0.5317251687703841,0.12945987245540225,success
44,2000,8,4,0.0,2.0,0.1,0.6,9.599999999999998,2,0,26,474,0,0.5019814818485018,0.08694433748949039,success
45,2000,8,4,0.0,2.0,0.1,0.6,9.799999999999997,2,0,26,474,0,0.5018733468584843,0.08684810348043451,success
60,2000,8,4,0.0,2.1,0.1,0.6,3.5999999999999996,3,3,53,444,0,0.5137987637113304,0.12290783973055021,success
46,2000,8,4,0.0,2.0,0.1,0.6,9.999999999999998,2,0,26,474,0,0.5018514060282002,0.08683214964158399,success
61,2000,8,4,0.0,2.1,0.1,0.6,3.7999999999999994,3,0,53,447,0,0.5002207357359769,0.11981796521307336,success
62,2000,8,4,0.0,2.1,0.1,0.6,3.999999999999999,3,0,54,446,0,0.48634455261748605,0.11274465139657003,success
63,2000,8,4,0.0,2.1,0.1,0.6,4.199999999999999,3,0,54,446,0,0.48038642999767434,0.10950146257973553,success
64,2000,8,4,0.0,2.1,0.1,0.6,4.3999999999999995,3,0,55,445,0,0.4751568016174777,0.1069640577945441,success
72,2000,8,4,0.0,2.1,0.1,0.6,5.999999999999999,3,0,55,445,0,0.4539737492054512,0.09688694103988847,success
68,2000,8,4,0.0,2.1,0.1,0.6,5.199999999999999,3,0,55,445,0,0.4599757213253651,0.0996411804583899,success
71,2000,8,4,0.0,2.1,0.1,0.6,5.799999999999999,3,0,55,445,0,0.45542105971756014,0.0974644336007804,success
70,2000,8,4,0.0,2.1,0.1,0.6,5.599999999999999,3,0,55,445,0,0.4568886132062019,0.09843094429153258,success
69,2000,8,4,0.0,2.1,0.1,0.6,5.399999999999999,3,0,55,445,0,0.4584718139958251,0.09897754338724044,success
67,2000,8,4,0.0,2.1,0.1,0.6,4.999999999999999,3,0,55,445,0,0.46172006524240533,0.10057660480600537,success
93,2000,8,4,0.0,2.2,0.1,0.6,1.0,3,463,37,0,0,,,success
73,2000,8,4,0.0,2.1,0.1,0.6,6.199999999999999,3,0,55,445,0,0.4534108193267654,0.09664337012383786,success
77,2000,8,4,0.0,2.1,0.1,0.6,6.999999999999998,3,0,55,445,0,0.45071351940747567,0.09485769263646392,success
74,2000,8,4,0.0,2.1,0.1,0.6,6.399999999999999,3,0,55,445,0,0.45267592164774806,0.09606393024555143,success
75,2000,8,4,0.0,2.1,0.1,0.6,6.599999999999999,3,0,55,445,0,0.4521318716996759,0.09563546857415925,success
79,2000,8,4,0.0,2.1,0.1,0.6,7.399999999999999,3,0,55,445,0,0.4502668187994648,0.09452431878556253,success
78,2000,8,4,0.0,2.1,0.1,0.6,7.199999999999998,3,0,55,445,0,0.4504610673280373,0.09467906570468572,success
76,2000,8,4,0.0,2.1,0.1,0.6,6.799999999999999,3,0,55,445,0,0.4513936760956356,0.09525251985707696,success
66,2000,8,4,0.0,2.1,0.1,0.6,4.799999999999999,3,0,55,445,0,0.46613545947787743,0.1026963789086462,success
65,2000,8,4,0.0,2.1,0.1,0.6,4.6,3,0,54,446,0,0.4702307420024533,0.10472944366846441,success
80,2000,8,4,0.0,2.1,0.1,0.6,7.599999999999999,3,0,55,445,0,0.4500444448564917,0.09433422019988198,success
81,2000,8,4,0.0,2.1,0.1,0.6,7.799999999999999,3,0,55,445,0,0.4497025045851332,0.09411141078973957,success
82,2000,8,4,0.0,2.1,0.1,0.6,7.999999999999998,3,0,55,445,0,0.4495720589497435,0.0940500822999109,success
83,2000,8,4,0.0,2.1,0.1,0.6,8.2,3,0,55,445,0,0.44944242921712146,0.09394249438443512,success
84,2000,8,4,0.0,2.1,0.1,0.6,8.399999999999999,3,0,55,445,0,0.4493427534056248,0.09383441463490907,success
94,2000,8,4,0.0,2.2,0.1,0.6,1.2,3,399,33,68,0,0.8054825837732329,0.2565288798937145,success
95,2000,8,4,0.0,2.2,0.1,0.6,1.4,3,367,30,103,0,0.7406739127790701,0.26082155523298584,success
85,2000,8,4,0.0,2.1,0.1,0.6,8.599999999999998,3,0,55,445,0,0.4492757858151126,0.0937851865185503,success
96,2000,8,4,0.0,2.2,0.1,0.6,1.5999999999999999,3,339,27,134,0,0.6787417533817484,0.25057927794029816,success
86,2000,8,4,0.0,2.1,0.1,0.6,8.799999999999997,3,0,55,445,0,0.44923901220849116,0.09378719569670592,success
87,2000,8,4,0.0,2.1,0.1,0.6,8.999999999999998,3,0,55,445,0,0.44917751460515104,0.09377445084462213,success
88,2000,8,4,0.0,2.1,0.1,0.6,9.199999999999998,3,0,55,445,0,0.4491615656003698,0.09376231932613724,success
89,2000,8,4,0.0,2.1,0.1,0.6,9.399999999999999,3,0,55,445,0,0.44912542014520007,0.093749125129039,success
90,2000,8,4,0.0,2.1,0.1,0.6,9.599999999999998,3,0,55,445,0,0.4490877807261473,0.09370777551748011,success
91,2000,8,4,0.0,2.1,0.1,0.6,9.799999999999997,3,0,55,445,0,0.44906058869520604,0.09366871086662273,success
92,2000,8,4,0.0,2.1,0.1,0.6,9.999999999999998,3,0,55,445,0,0.44900809081049564,0.09363403882840335,success
97,2000,8,4,0.0,2.2,0.1,0.6,1.7999999999999998,3,330,26,144,0,0.6617742352374729,0.23019651577468347,success
98,2000,8,4,0.0,2.2,0.1,0.6,1.9999999999999998,3,299,31,170,0,0.6374834736591687,0.22014521194391307,success
99,2000,8,4,0.0,2.2,0.1,0.6,2.1999999999999997,3,254,36,210,0,0.6504825876039197,0.22659698563195643,success
100,2000,8,4,0.0,2.2,0.1,0.6,2.3999999999999995,3,196,40,264,0,0.6338665257852266,0.2053651697056986,success
101,2000,8,4,0.0,2.2,0.1,0.6,2.5999999999999996,3,112,46,342,0,0.631138234928628,0.1937313119692468,success
102,2000,8,4,0.0,2.2,0.1,0.6,2.8,3,54,52,394,0,0.6011050035913422,0.1700594955270735,success
103,2000,8,4,0.0,2.2,0.1,0.6,2.9999999999999996,3,20,56,424,0,0.5654341710519756,0.1542241397274201,success
104,2000,8,4,0.0,2.2,0.1,0.6,3.1999999999999993,3,8,57,435,0,0.5449836292737855,0.1436005839965073,success
105,2000,8,4,0.0,2.2,0.1,0.6,3.3999999999999995,3,6,57,437,0,0.5223909518504842,0.13363469116987248,success
106,2000,8,4,0.0,2.2,0.1,0.6,3.5999999999999996,3,3,60,437,0,0.5064792802706178,0.12710968525106675,success
107,2000,8,4,0.0,2.2,0.1,0.6,3.7999999999999994,3,0,59,441,0,0.4931029844374821,0.1235591864001356,success
108,2000,8,4,0.0,2.2,0.1,0.6,3.999999999999999,3,0,60,440,0,0.47899736494662465,0.11702200067707143,success
109,2000,8,4,0.0,2.2,0.1,0.6,4.199999999999999,3,0,60,440,0,0.47276491170728613,0.11333432124512448,success
116,2000,8,4,0.0,2.2,0.1,0.6,5.599999999999999,3,0,60,440,0,0.44932134413722946,0.10207161736081459,success
113,2000,8,4,0.0,2.2,0.1,0.6,4.999999999999999,3,0,60,440,0,0.4543739523299847,0.10445678551779883,success
115,2000,8,4,0.0,2.2,0.1,0.6,5.399999999999999,3,0,60,440,0,0.4509925311711013,0.10270633979041732,success
110,2000,8,4,0.0,2.2,0.1,0.6,4.3999999999999995,3,0,60,440,0,0.46755236446802756,0.11087449574805935,success
114,2000,8,4,0.0,2.2,0.1,0.6,5.199999999999999,3,0,60,440,0,0.4526432597049947,0.10349956037286982,success
112,2000,8,4,0.0,2.2,0.1,0.6,4.799999999999999,3,0,60,440,0,0.4584634046939592,0.10635522669909374,success
111,2000,8,4,0.0,2.2,0.1,0.6,4.6,3,0,60,440,0,0.46293201505192005,0.10870853632740832,success
117,2000,8,4,0.0,2.2,0.1,0.6,5.799999999999999,3,0,60,440,0,0.4478323331907195,0.10112823631830518,success
118,2000,8,4,0.0,2.2,0.1,0.6,5.999999999999999,3,0,60,440,0,0.44651153425142104,0.10055818169170816,success
119,2000,8,4,0.0,2.2,0.1,0.6,6.199999999999999,3,0,60,440,0,0.44603746722614407,0.10030160184559317,success
120,2000,8,4,0.0,2.2,0.1,0.6,6.399999999999999,3,0,60,440,0,0.44541127779368683,0.099783503819681,success
121,2000,8,4,0.0,2.2,0.1,0.6,6.599999999999999,3,0,60,440,0,0.4447078304625076,0.0993046786083541,success
122,2000,8,4,0.0,2.2,0.1,0.6,6.799999999999999,3,0,60,440,0,0.4441116312006592,0.09895765982907674,success
123,2000,8,4,0.0,2.2,0.1,0.6,6.999999999999998,3,0,60,440,0,0.44341417534638145,0.09854535195670551,success
124,2000,8,4,0.0,2.2,0.1,0.6,7.199999999999998,3,0,60,440,0,0.4430716297575497,0.09825653530784133,success
125,2000,8,4,0.0,2.2,0.1,0.6,7.399999999999999,3,0,60,440,0,0.442888261934335,0.09812179276243843,success
126,2000,8,4,0.0,2.2,0.1,0.6,7.599999999999999,3,0,60,440,0,0.442693992256153,0.09793292528793004,success
127,2000,8,4,0.0,2.2,0.1,0.6,7.799999999999999,3,0,60,440,0,0.4423966694756273,0.0977656832739817,success
128,2000,8,4,0.0,2.2,0.1,0.6,7.999999999999998,3,0,60,440,0,0.4422780878291427,0.09777888372057754,success
139,2000,8,4,0.0,2.3000000000000003,0.1,0.6,1.0,3,453,47,0,0,,,success
140,2000,8,4,0.0,2.3000000000000003,0.1,0.6,1.2,3,380,41,79,0,0.8252771680239361,0.24449654779046898,success
129,2000,8,4,0.0,2.2,0.1,0.6,8.2,3,0,60,440,0,0.4422349984177762,0.09774135260845007,success
130,2000,8,4,0.0,2.2,0.1,0.6,8.399999999999999,3,0,60,440,0,0.44211557320627665,0.0976581719242737,success
131,2000,8,4,0.0,2.2,0.1,0.6,8.599999999999998,3,0,60,440,0,0.4420343441361692,0.09754481929484399,success
132,2000,8,4,0.0,2.2,0.1,0.6,8.799999999999997,3,0,60,440,0,0.4418930638578121,0.09747262016254851,success
141,2000,8,4,0.0,2.3000000000000003,0.1,0.6,1.4,3,349,41,110,0,0.7388711174964228,0.25706169498892795,success
133,2000,8,4,0.0,2.2,0.1,0.6,8.999999999999998,3,0,60,440,0,0.4418663305997134,0.09747788546825346,success
142,2000,8,4,0.0,2.3000000000000003,0.1,0.6,1.5999999999999999,3,324,36,140,0,0.6750158114708129,0.2523726280122824,success
134,2000,8,4,0.0,2.2,0.1,0.6,9.199999999999998,3,0,60,440,0,0.4418038098617094,0.0974033826114394,success
143,2000,8,4,0.0,2.3000000000000003,0.1,0.6,1.7999999999999998,3,298,39,163,0,0.6623082807597911,0.23242829777554017,success
144,2000,8,4,0.0,2.3000000000000003,0.1,0.6,1.9999999999999998,3,269,43,188,0,0.6216056559258462,0.22392545081302342,success
135,2000,8,4,0.0,2.2,0.1,0.6,9.399999999999999,3,0,60,440,0,0.44179165123235564,0.09740402286755276,success
145,2000,8,4,0.0,2.3000000000000003,0.1,0.6,2.1999999999999997,3,233,45,222,0,0.6236472510916008,0.21983373332673284,success
146,2000,8,4,0.0,2.3000000000000003,0.1,0.6,2.3999999999999995,3,171,50,279,0,0.6244926016915738,0.2068518349871545,success
136,2000,8,4,0.0,2.2,0.1,0.6,9.599999999999998,3,0,60,440,0,0.4417414076971103,0.09734578597701163,success
137,2000,8,4,0.0,2.2,0.1,0.6,9.799999999999997,3,0,60,440,0,0.44173208317945856,0.09733616724467838,success
147,2000,8,4,0.0,2.3000000000000003,0.1,0.6,2.5999999999999996,3,106,61,333,0,0.615475288622551,0.19545134012549986,success
148,2000,8,4,0.0,2.3000000000000003,0.1,0.6,2.8,3,52,66,382,0,0.5891307958488374,0.17473858863633931,success
149,2000,8,4,0.0,2.3000000000000003,0.1,0.6,2.9999999999999996,3,19,69,412,0,0.5536973449112151,0.15981878265282184,success
150,2000,8,4,0.0,2.3000000000000003,0.1,0.6,3.1999999999999993,3,8,70,422,0,0.5338566755821754,0.14911675565761484,success
138,2000,8,4,0.0,2.2,0.1,0.6,9.999999999999998,3,0,60,440,0,0.4417160242342485,0.09732870581032789,success
151,2000,8,4,0.0,2.3000000000000003,0.1,0.6,3.3999999999999995,3,6,72,422,0,0.5135163969072747,0.13876131357806737,success
152,2000,8,4,0.0,2.3000000000000003,0.1,0.6,3.5999999999999996,3,4,73,423,0,0.49760511505871563,0.1312984276508795,success
153,2000,8,4,0.0,2.3000000000000003,0.1,0.6,3.7999999999999994,3,0,73,427,0,0.48587551705914317,0.1284825780992865,success
154,2000,8,4,0.0,2.3000000000000003,0.1,0.6,3.999999999999999,3,0,75,425,0,0.4724132792843384,0.12149565508983734,success
155,2000,8,4,0.0,2.3000000000000003,0.1,0.6,4.199999999999999,3,0,75,425,0,0.46649955974837026,0.11817600805028211,success
156,2000,8,4,0.0,2.3000000000000003,0.1,0.6,4.3999999999999995,3,0,75,425,0,0.4615601634877872,0.11561524978876771,success
157,2000,8,4,0.0,2.3000000000000003,0.1,0.6,4.6,3,0,75,425,0,0.45709020521743166,0.1132222791118886,success
158,2000,8,4,0.0,2.3000000000000003,0.1,0.6,4.799999999999999,3,0,75,425,0,0.4525902196459879,0.11086016527174311,success
159,2000,8,4,0.0,2.3000000000000003,0.1,0.6,4.999999999999999,3,0,75,425,0,0.44855435463439747,0.10890733893710192,success
160,2000,8,4,0.0,2.3000000000000003,0.1,0.6,5.199999999999999,3,0,75,425,0,0.44678203631559504,0.10768733002164392,success
161,2000,8,4,0.0,2.3000000000000003,0.1,0.6,5.399999999999999,3,0,75,425,0,0.4452982060270524,0.10696575019015117,success
185,2000,8,4,0.0,2.4000000000000004,0.1,0.6,1.0,3,447,53,0,0,,,success
164,2000,8,4,0.0,2.3000000000000003,0.1,0.6,5.999999999999999,3,0,75,425,0,0.4408792527413146,0.10475925026941803,success
162,2000,8,4,0.0,2.3000000000000003,0.1,0.6,5.599999999999999,3,0,75,425,0,0.44381890634718674,0.10631970983865689,success
165,2000,8,4,0.0,2.3000000000000003,0.1,0.6,6.199999999999999,3,0,75,425,0,0.4403949824778868,0.104428569505371,success
163,2000,8,4,0.0,2.3000000000000003,0.1,0.6,5.799999999999999,3,0,75,425,0,0.442283853637517,0.10545975439981091,success
186,2000,8,4,0.0,2.4000000000000004,0.1,0.6,1.2,3,363,52,85,0,0.8078069387408771,0.25838219443058247,success
166,2000,8,4,0.0,2.3000000000000003,0.1,0.6,6.399999999999999,3,0,75,425,0,0.4397670232652969,0.10396482189147586,success
167,2000,8,4,0.0,2.3000000000000003,0.1,0.6,6.599999999999999,3,0,75,425,0,0.4390695666844388,0.10353012871925085,success
168,2000,8,4,0.0,2.3000000000000003,0.1,0.6,6.799999999999999,3,0,75,425,0,0.43853914146978373,0.10313314818593909,success
169,2000,8,4,0.0,2.3000000000000003,0.1,0.6,6.999999999999998,3,0,75,425,0,0.43799267134088093,0.10280291638161795,success
170,2000,8,4,0.0,2.3000000000000003,0.1,0.6,7.199999999999998,3,0,75,425,0,0.43759997773144854,0.10246322530621214,success
171,2000,8,4,0.0,2.3000000000000003,0.1,0.6,7.399999999999999,3,0,75,425,0,0.4373324939566081,0.10222574101756639,success
172,2000,8,4,0.0,2.3000000000000003,0.1,0.6,7.599999999999999,3,0,75,425,0,0.4371055751934751,0.10203271369008615,success
187,2000,8,4,0.0,2.4000000000000004,0.1,0.6,1.4,3,333,46,121,0,0.7433950150150989,0.2727577212525896,success
173,2000,8,4,0.0,2.3000000000000003,0.1,0.6,7.799999999999999,3,0,75,425,0,0.43688350321027003,0.10186159766543068,success
174,2000,8,4,0.0,2.3000000000000003,0.1,0.6,7.999999999999998,3,0,75,425,0,0.4367852937416743,0.10186091834338284,success
176,2000,8,4,0.0,2.3000000000000003,0.1,0.6,8.399999999999999,3,0,75,425,0,0.4366091392385723,0.10171322740633527,success
175,2000,8,4,0.0,2.3000000000000003,0.1,0.6,8.2,3,0,75,425,0,0.43673084596495754,0.10180727944670392,success
177,2000,8,4,0.0,2.3000000000000003,0.1,0.6,8.599999999999998,3,0,75,425,0,0.4365073785013239,0.10162350101270004,success
178,2000,8,4,0.0,2.3000000000000003,0.1,0.6,8.799999999999997,3,0,75,425,0,0.43638666034502943,0.10157116524064005,success
179,2000,8,4,0.0,2.3000000000000003,0.1,0.6,8.999999999999998,3,0,75,425,0,0.4363319530227166,0.10153594998125466,success
188,2000,8,4,0.0,2.4000000000000004,0.1,0.6,1.5999999999999999,3,303,49,148,0,0.6772501011646459,0.26081644402916765,success
180,2000,8,4,0.0,2.3000000000000003,0.1,0.6,9.199999999999998,3,0,75,425,0,0.43631150106644595,0.10151092083852967,success
181,2000,8,4,0.0,2.3000000000000003,0.1,0.6,9.399999999999999,3,0,75,425,0,0.43630587040790875,0.101513638742501,success
183,2000,8,4,0.0,2.3000000000000003,0.1,0.6,9.799999999999997,3,0,75,425,0,0.4362275798918046,0.10142871973780747,success
182,2000,8,4,0.0,2.3000000000000003,0.1,0.6,9.599999999999998,3,0,75,425,0,0.43627921944616194,0.10148322989819723,success
189,2000,8,4,0.0,2.4000000000000004,0.1,0.6,1.7999999999999998,3,267,50,183,0,0.6592608472122291,0.24540821500462937,success
184,2000,8,4,0.0,2.3000000000000003,0.1,0.6,9.999999999999998,3,0,75,425,0,0.4362089089146706,0.10141421688922357,success
190,2000,8,4,0.0,2.4000000000000004,0.1,0.6,1.9999999999999998,3,248,56,196,0,0.6229840783830053,0.23461656006996937,success
191,2000,8,4,0.0,2.4000000000000004,0.1,0.6,2.1999999999999997,3,199,58,243,0,0.6192255035680075,0.225062073375582,success
192,2000,8,4,0.0,2.4000000000000004,0.1,0.6,2.3999999999999995,3,153,62,285,0,0.6120976416461402,0.20739147260602953,success
193,2000,8,4,0.0,2.4000000000000004,0.1,0.6,2.5999999999999996,3,94,77,329,0,0.6034547360208499,0.19765943422750776,success
194,2000,8,4,0.0,2.4000000000000004,0.1,0.6,2.8,3,49,84,367,0,0.5825017835236509,0.1731920747014861,success
195,2000,8,4,0.0,2.4000000000000004,0.1,0.6,2.9999999999999996,3,19,85,396,0,0.548454851497225,0.15828309016234055,success
196,2000,8,4,0.0,2.4000000000000004,0.1,0.6,3.1999999999999993,3,7,86,407,0,0.530878299565638,0.14919528131454987,success
197,2000,8,4,0.0,2.4000000000000004,0.1,0.6,3.3999999999999995,3,6,88,406,0,0.5100463684105304,0.13827106238957193,success
198,2000,8,4,0.0,2.4000000000000004,0.1,0.6,3.5999999999999996,3,4,90,406,0,0.4956326963813418,0.13141097781267008,success
199,2000,8,4,0.0,2.4000000000000004,0.1,0.6,3.7999999999999994,3,0,90,410,0,0.4843978098911785,0.1285223938609539,success
200,2000,8,4,0.0,2.4000000000000004,0.1,0.6,3.999999999999999,3,0,90,410,0,0.47099378167514544,0.12146763256637216,success
201,2000,8,4,0.0,2.4000000000000004,0.1,0.6,4.199999999999999,3,0,90,410,0,0.4650167218407435,0.11826907756174457,success
202,2000,8,4,0.0,2.4000000000000004,0.1,0.6,4.3999999999999995,3,0,90,410,0,0.4601143262308023,0.1157961245087332,success
203,2000,8,4,0.0,2.4000000000000004,0.1,0.6,4.6,3,0,90,410,0,0.45586893991983374,0.11315368461790155,success
211,2000,8,4,0.0,2.4000000000000004,0.1,0.6,6.199999999999999,3,0,91,409,0,0.43894430313435473,0.10414569132500998,success
209,2000,8,4,0.0,2.4000000000000004,0.1,0.6,5.799999999999999,3,0,91,409,0,0.440831214273052,0.10525005954709307,success
212,2000,8,4,0.0,2.4000000000000004,0.1,0.6,6.399999999999999,3,0,91,409,0,0.4383492349110705,0.10377635712921807,success
210,2000,8,4,0.0,2.4000000000000004,0.1,0.6,5.999999999999999,3,0,91,409,0,0.43957019396567937,0.10462455048000394,success
204,2000,8,4,0.0,2.4000000000000004,0.1,0.6,4.799999999999999,3,0,90,410,0,0.4510877084953658,0.11048572821862476,success
208,2000,8,4,0.0,2.4000000000000004,0.1,0.6,5.599999999999999,3,0,91,409,0,0.44251001512504695,0.10621461969977493,success
205,2000,8,4,0.0,2.4000000000000004,0.1,0.6,4.999999999999999,3,0,91,409,0,0.44707373257838473,0.10877906022658461,success
207,2000,8,4,0.0,2.4000000000000004,0.1,0.6,5.399999999999999,3,0,91,409,0,0.44392861407241846,0.10696000199185632,success
206,2000,8,4,0.0,2.4000000000000004,0.1,0.6,5.199999999999999,3,0,91,409,0,0.44540388921180385,0.1077262250648192,success
213,2000,8,4,0.0,2.4000000000000004,0.1,0.6,6.599999999999999,3,0,91,409,0,0.43782638735786367,0.10342461853216439,success
214,2000,8,4,0.0,2.4000000000000004,0.1,0.6,6.799999999999999,3,0,91,409,0,0.43721292647500737,0.1029715125667239,success
215,2000,8,4,0.0,2.4000000000000004,0.1,0.6,6.999999999999998,3,0,91,409,0,0.43660602422320033,0.10261562924636645,success
216,2000,8,4,0.0,2.4000000000000004,0.1,0.6,7.199999999999998,3,0,91,409,0,0.43633045234070383,0.10233910485774264,success
217,2000,8,4,0.0,2.4000000000000004,0.1,0.6,7.399999999999999,3,0,91,409,0,0.43605776114453637,0.10210824707299875,success
218,2000,8,4,0.0,2.4000000000000004,0.1,0.6,7.599999999999999,3,0,91,409,0,0.43586714623072265,0.10197113815158558,success
219,2000,8,4,0.0,2.4000000000000004,0.1,0.6,7.799999999999999,3,0,91,409,0,0.4356213884978716,0.1017701670528499,success
221,2000,8,4,0.0,2.4000000000000004,0.1,0.6,8.2,3,0,91,409,0,0.43534048883888926,0.10163250504954811,success
220,2000,8,4,0.0,2.4000000000000004,0.1,0.6,7.999999999999998,3,0,91,409,0,0.4354357393412539,0.1016774165055234,success
222,2000,8,4,0.0,2.4000000000000004,0.1,0.6,8.399999999999999,3,0,91,409,0,0.43532046782700123,0.1016262780544207,success
223,2000,8,4,0.0,2.4000000000000004,0.1,0.6,8.599999999999998,3,0,91,409,0,0.4351778933745874,0.10146074697174103,success
224,2000,8,4,0.0,2.4000000000000004,0.1,0.6,8.799999999999997,3,0,91,409,0,0.43509336694873463,0.1014014260342562,success
231,2000,8,4,0.0,2.5000000000000004,0.1,0.6,1.0,3,437,63,0,0,,,success
232,2000,8,4,0.0,2.5000000000000004,0.1,0.6,1.2,3,349,64,87,0,0.8062428039256209,0.25902740352157877,success
233,2000,8,4,0.0,2.5000000000000004,0.1,0.6,1.4,3,319,59,122,0,0.7287990340012609,0.27651606191634254,success
225,2000,8,4,0.0,2.4000000000000004,0.1,0.6,8.999999999999998,3,0,91,409,0,0.4350360647621152,0.10137621404604165,success
226,2000,8,4,0.0,2.4000000000000004,0.1,0.6,9.199999999999998,3,0,91,409,0,0.4350078335529819,0.1013422276279552,success
234,2000,8,4,0.0,2.5000000000000004,0.1,0.6,1.5999999999999999,3,290,61,149,0,0.6780665486331073,0.26887198025786946,success
228,2000,8,4,0.0,2.4000000000000004,0.1,0.6,9.599999999999998,3,0,91,409,0,0.4349189544439521,0.10126454987565132,success
227,2000,8,4,0.0,2.4000000000000004,0.1,0.6,9.399999999999999,3,0,91,409,0,0.4349589612256053,0.1013021346169504,success
235,2000,8,4,0.0,2.5000000000000004,0.1,0.6,1.7999999999999998,3,253,59,188,0,0.6470111444676151,0.24877850679533706,success
229,2000,8,4,0.0,2.4000000000000004,0.1,0.6,9.799999999999997,3,0,91,409,0,0.4348774701637554,0.10123605308901124,success
236,2000,8,4,0.0,2.5000000000000004,0.1,0.6,1.9999999999999998,3,233,68,199,0,0.6125426982566127,0.23437797968575785,success
230,2000,8,4,0.0,2.4000000000000004,0.1,0.6,9.999999999999998,3,0,91,409,0,0.43486088331989087,0.10123384000640326,success
237,2000,8,4,0.0,2.5000000000000004,0.1,0.6,2.1999999999999997,3,180,72,248,0,0.6063480856828346,0.2240864381669657,success
238,2000,8,4,0.0,2.5000000000000004,0.1,0.6,2.3999999999999995,3,140,79,281,0,0.6020108733766917,0.20937062244458357,success
239,2000,8,4,0.0,2.5000000000000004,0.1,0.6,2.5999999999999996,3,87,92,321,0,0.5893627091222438,0.1932304712958378,success
241,2000,8,4,0.0,2.5000000000000004,0.1,0.6,2.9999999999999996,3,17,100,383,0,0.5392870358024102,0.16077863744098292,success
242,2000,8,4,0.0,2.5000000000000004,0.1,0.6,3.1999999999999993,3,7,101,392,0,0.5234239998807917,0.15088897810324506,success
240,2000,8,4,0.0,2.5000000000000004,0.1,0.6,2.8,3,45,96,359,0,0.572234411073779,0.17332524062883647,success
243,2000,8,4,0.0,2.5000000000000004,0.1,0.6,3.3999999999999995,3,6,102,392,0,0.5031177025834068,0.13961826049931397,success
244,2000,8,4,0.0,2.5000000000000004,0.1,0.6,3.5999999999999996,3,4,103,393,0,0.4891425247807787,0.1324793717368929,success
245,2000,8,4,0.0,2.5000000000000004,0.1,0.6,3.7999999999999994,3,0,104,396,0,0.47927886896523514,0.1285233682334011,success
246,2000,8,4,0.0,2.5000000000000004,0.1,0.6,3.999999999999999,3,0,104,396,0,0.4660360924589605,0.1216403765645942,success
247,2000,8,4,0.0,2.5000000000000004,0.1,0.6,4.199999999999999,3,0,104,396,0,0.4604210536159082,0.1183670045049248,success
248,2000,8,4,0.0,2.5000000000000004,0.1,0.6,4.3999999999999995,3,0,105,395,0,0.45582445249333015,0.11550613915951007,success
249,2000,8,4,0.0,2.5000000000000004,0.1,0.6,4.6,3,0,105,395,0,0.4516021563029741,0.11286784227562857,success
250,2000,8,4,0.0,2.5000000000000004,0.1,0.6,4.799999999999999,3,0,106,394,0,0.4469463186577398,0.11041933417513197,success
251,2000,8,4,0.0,2.5000000000000004,0.1,0.6,4.999999999999999,3,0,106,394,0,0.4433102178668331,0.108666747252746,success
252,2000,8,4,0.0,2.5000000000000004,0.1,0.6,5.199999999999999,3,0,106,394,0,0.4416537169389696,0.10750204623416158,success
253,2000,8,4,0.0,2.5000000000000004,0.1,0.6,5.399999999999999,3,0,106,394,0,0.44014943674842577,0.10674719156111996,success
254,2000,8,4,0.0,2.5000000000000004,0.1,0.6,5.599999999999999,3,0,106,394,0,0.4385596956326426,0.10585560622920767,success
255,2000,8,4,0.0,2.5000000000000004,0.1,0.6,5.799999999999999,3,0,106,394,0,0.4370561859633236,0.10503453962980609,success
256,2000,8,4,0.0,2.5000000000000004,0.1,0.6,5.999999999999999,3,0,106,394,0,0.43572567001943946,0.10426512994364144,success
257,2000,8,4,0.0,2.5000000000000004,0.1,0.6,6.199999999999999,3,0,106,394,0,0.43514667639388827,0.10395630446942158,success
277,2000,8,4,0.0,2.6000000000000005,0.1,0.6,1.0,3,424,76,0,0,,,success
278,2000,8,4,0.0,2.6000000000000005,0.1,0.6,1.2,3,337,75,88,0,0.8200478544533855,0.2529457708737124,success
258,2000,8,4,0.0,2.5000000000000004,0.1,0.6,6.399999999999999,3,0,106,394,0,0.43448203952629777,0.1034813352030636,success
259,2000,8,4,0.0,2.5000000000000004,0.1,0.6,6.599999999999999,3,0,106,394,0,0.4340821519889125,0.10322622240308213,success
279,2000,8,4,0.0,2.6000000000000005,0.1,0.6,1.4,3,301,75,124,0,0.7368383612220334,0.27233888855449445,success
260,2000,8,4,0.0,2.5000000000000004,0.1,0.6,6.799999999999999,3,0,106,394,0,0.43339198111432037,0.10269923851258822,success
261,2000,8,4,0.0,2.5000000000000004,0.1,0.6,6.999999999999998,3,0,106,394,0,0.43288226775782607,0.102518285808782,success
262,2000,8,4,0.0,2.5000000000000004,0.1,0.6,7.199999999999998,3,0,106,394,0,0.4326069003803933,0.10222524275774014,success
280,2000,8,4,0.0,2.6000000000000005,0.1,0.6,1.5999999999999999,3,279,78,143,0,0.6862045714196406,0.2654452120206443,success
264,2000,8,4,0.0,2.5000000000000004,0.1,0.6,7.599999999999999,3,0,106,394,0,0.4321366561689862,0.10182520236777941,success
263,2000,8,4,0.0,2.5000000000000004,0.1,0.6,7.399999999999999,3,0,106,394,0,0.4323676274331563,0.1020200814426648,success
265,2000,8,4,0.0,2.5000000000000004,0.1,0.6,7.799999999999999,3,0,106,394,0,0.43190476388785776,0.10160785620775342,success
266,2000,8,4,0.0,2.5000000000000004,0.1,0.6,7.999999999999998,3,0,106,394,0,0.43163919644488963,0.10143344802133382,success
281,2000,8,4,0.0,2.6000000000000005,0.1,0.6,1.7999999999999998,3,239,82,179,0,0.6280308901500711,0.24314211739026978,success
267,2000,8,4,0.0,2.5000000000000004,0.1,0.6,8.2,3,0,106,394,0,0.4315416750519346,0.10135344074537977,success
268,2000,8,4,0.0,2.5000000000000004,0.1,0.6,8.399999999999999,3,0,106,394,0,0.4314713210956458,0.10132310786713031,success
270,2000,8,4,0.0,2.5000000000000004,0.1,0.6,8.799999999999997,3,0,106,394,0,0.43132148651936747,0.10118665925199763,success
269,2000,8,4,0.0,2.5000000000000004,0.1,0.6,8.599999999999998,3,0,106,394,0,0.431449690743157,0.10132070194964453,success
271,2000,8,4,0.0,2.5000000000000004,0.1,0.6,8.999999999999998,3,0,106,394,0,0.431286359246671,0.10117824809987461,success
272,2000,8,4,0.0,2.5000000000000004,0.1,0.6,9.199999999999998,3,0,106,394,0,0.43126111985707044,0.10114845229762798,success
274,2000,8,4,0.0,2.5000000000000004,0.1,0.6,9.599999999999998,3,0,106,394,0,0.43116850651996863,0.1010751295520955,success
273,2000,8,4,0.0,2.5000000000000004,0.1,0.6,9.399999999999999,3,0,106,394,0,0.4312180130741345,0.10112041312437531,success
275,2000,8,4,0.0,2.5000000000000004,0.1,0.6,9.799999999999997,3,0,106,394,0,0.43115110772448456,0.10106078681574532,success
282,2000,8,4,0.0,2.6000000000000005,0.1,0.6,1.9999999999999998,3,207,80,213,0,0.6123850214313832,0.23688613127149336,success
276,2000,8,4,0.0,2.5000000000000004,0.1,0.6,9.999999999999998,3,0,106,394,0,0.4311188422840945,0.10103446496035873,success
283,2000,8,4,0.0,2.6000000000000005,0.1,0.6,2.1999999999999997,3,160,88,252,0,0.5990640669873399,0.22654656157027722,success
284,2000,8,4,0.0,2.6000000000000005,0.1,0.6,2.3999999999999995,3,124,98,278,0,0.5845820283438683,0.21072392600574807,success
285,2000,8,4,0.0,2.6000000000000005,0.1,0.6,2.5999999999999996,3,77,105,318,0,0.5732356061147441,0.1941777586126497,success
286,2000,8,4,0.0,2.6000000000000005,0.1,0.6,2.8,3,42,106,352,0,0.5601977038122681,0.1813613371627923,success
287,2000,8,4,0.0,2.6000000000000005,0.1,0.6,2.9999999999999996,3,16,114,370,0,0.5259335201542834,0.16446846924352793,success
288,2000,8,4,0.0,2.6000000000000005,0.1,0.6,3.1999999999999993,3,7,116,377,0,0.5117091435580311,0.1556138638130366,success
289,2000,8,4,0.0,2.6000000000000005,0.1,0.6,3.3999999999999995,3,6,118,376,0,0.49412295713080295,0.14472683170678338,success
290,2000,8,4,0.0,2.6000000000000005,0.1,0.6,3.5999999999999996,3,4,120,376,0,0.4816709570570253,0.13929605768503048,success
291,2000,8,4,0.0,2.6000000000000005,0.1,0.6,3.7999999999999994,3,0,122,378,0,0.47335849354899207,0.13579414568524845,success
292,2000,8,4,0.0,2.6000000000000005,0.1,0.6,3.999999999999999,3,0,122,378,0,0.46081499126456404,0.1286137695274049,success
293,2000,8,4,0.0,2.6000000000000005,0.1,0.6,4.199999999999999,3,0,122,378,0,0.45493402560694646,0.12487012076221961,success
294,2000,8,4,0.0,2.6000000000000005,0.1,0.6,4.3999999999999995,3,0,123,377,0,0.45058296770818684,0.122161875568108,success
295,2000,8,4,0.0,2.6000000000000005,0.1,0.6,4.6,3,0,123,377,0,0.4463538802422217,0.11958862484765378,success
296,2000,8,4,0.0,2.6000000000000005,0.1,0.6,4.799999999999999,3,0,123,377,0,0.44196297892498887,0.11691789912598098,success
297,2000,8,4,0.0,2.6000000000000005,0.1,0.6,4.999999999999999,3,0,123,377,0,0.43808871116494563,0.11508190365071157,success
298,2000,8,4,0.0,2.6000000000000005,0.1,0.6,5.199999999999999,3,0,123,377,0,0.43639983218144307,0.11388841916394579,success
302,2000,8,4,0.0,2.6000000000000005,0.1,0.6,5.999999999999999,3,0,123,377,0,0.43080041525253093,0.11060388968110212,success
304,2000,8,4,0.0,2.6000000000000005,0.1,0.6,6.399999999999999,3,0,124,376,0,0.4295747213691043,0.10999775726382928,success
299,2000,8,4,0.0,2.6000000000000005,0.1,0.6,5.399999999999999,3,0,123,377,0,0.43503363884027557,0.11306735298295871,success
303,2000,8,4,0.0,2.6000000000000005,0.1,0.6,6.199999999999999,3,0,124,376,0,0.4302675690909309,0.11046369052432023,success
300,2000,8,4,0.0,2.6000000000000005,0.1,0.6,5.599999999999999,3,0,123,377,0,0.4335670950147537,0.11218041019567863,success
301,2000,8,4,0.0,2.6000000000000005,0.1,0.6,5.799999999999999,3,0,123,377,0,0.4320382998620023,0.11134540757059508,success
305,2000,8,4,0.0,2.6000000000000005,0.1,0.6,6.599999999999999,3,0,123,377,0,0.42914834214071934,0.1095626791895527,success
306,2000,8,4,0.0,2.6000000000000005,0.1,0.6,6.799999999999999,3,0,124,376,0,0.428450777184766,0.10914582302475137,success
307,2000,8,4,0.0,2.6000000000000005,0.1,0.6,6.999999999999998,3,0,124,376,0,0.42795619673820695,0.10893407422292947,success
308,2000,8,4,0.0,2.6000000000000005,0.1,0.6,7.199999999999998,3,0,124,376,0,0.42762823698292307,0.10858977445527537,success
311,2000,8,4,0.0,2.6000000000000005,0.1,0.6,7.799999999999999,3,0,124,376,0,0.4269530279827313,0.10799937859527085,success
323,2000,8,4,0.0,2.7000000000000006,0.1,0.6,1.0,3,411,89,0,0,,,success
309,2000,8,4,0.0,2.6000000000000005,0.1,0.6,7.399999999999999,3,0,124,376,0,0.4272993756736297,0.10831765779177624,success
310,2000,8,4,0.0,2.6000000000000005,0.1,0.6,7.599999999999999,3,0,124,376,0,0.4270893602399426,0.1081088266570228,success
312,2000,8,4,0.0,2.6000000000000005,0.1,0.6,7.999999999999998,3,0,124,376,0,0.42670360456840944,0.10781668759099285,success
313,2000,8,4,0.0,2.6000000000000005,0.1,0.6,8.2,3,0,124,376,0,0.42663561106527603,0.10778834956044965,success
314,2000,8,4,0.0,2.6000000000000005,0.1,0.6,8.399999999999999,3,0,124,376,0,0.426582842756697,0.10772895012490205,success
324,2000,8,4,0.0,2.7000000000000006,0.1,0.6,1.2,3,323,90,87,0,0.8231196110651232,0.2536679088397452,success
315,2000,8,4,0.0,2.6000000000000005,0.1,0.6,8.599999999999998,3,0,124,376,0,0.4265111083061061,0.10768775194294741,success
316,2000,8,4,0.0,2.6000000000000005,0.1,0.6,8.799999999999997,3,0,124,376,0,0.42641465442510273,0.10761197909508542,success
325,2000,8,4,0.0,2.7000000000000006,0.1,0.6,1.4,3,277,93,130,0,0.7455677054815103,0.2749964156817834,success
317,2000,8,4,0.0,2.6000000000000005,0.1,0.6,8.999999999999998,3,0,124,376,0,0.426311725153664,0.10753975140169635,success
318,2000,8,4,0.0,2.6000000000000005,0.1,0.6,9.199999999999998,3,0,124,376,0,0.4262945844583393,0.10753182337249995,success
326,2000,8,4,0.0,2.7000000000000006,0.1,0.6,1.5999999999999999,3,246,95,159,0,0.6970035461506344,0.2652501153145727,success
319,2000,8,4,0.0,2.6000000000000005,0.1,0.6,9.399999999999999,3,0,124,376,0,0.42627378736588206,0.10751964186000312,success
320,2000,8,4,0.0,2.6000000000000005,0.1,0.6,9.599999999999998,3,0,124,376,0,0.42623048154713594,0.1074583015308936,success
327,2000,8,4,0.0,2.7000000000000006,0.1,0.6,1.7999999999999998,3,216,97,187,0,0.6420678958931737,0.2507250830014468,success
321,2000,8,4,0.0,2.6000000000000005,0.1,0.6,9.799999999999997,3,0,124,376,0,0.4262005763938706,0.10744699866827197,success
322,2000,8,4,0.0,2.6000000000000005,0.1,0.6,9.999999999999998,3,0,124,376,0,0.42616379107200836,0.10741446908726747,success
328,2000,8,4,0.0,2.7000000000000006,0.1,0.6,1.9999999999999998,3,190,98,212,0,0.6084986526838907,0.2365108160729097,success
329,2000,8,4,0.0,2.7000000000000006,0.1,0.6,2.1999999999999997,3,147,109,244,0,0.6008101585499037,0.22942904358849164,success
330,2000,8,4,0.0,2.7000000000000006,0.1,0.6,2.3999999999999995,3,110,113,277,0,0.5803761090159277,0.20732366897755466,success
331,2000,8,4,0.0,2.7000000000000006,0.1,0.6,2.5999999999999996,3,69,124,307,0,0.565769769471614,0.1934398185947961,success
332,2000,8,4,0.0,2.7000000000000006,0.1,0.6,2.8,3,39,127,334,0,0.544514170103217,0.17766202912304935,success
333,2000,8,4,0.0,2.7000000000000006,0.1,0.6,2.9999999999999996,3,15,132,353,0,0.5190723313749925,0.1639716653775736,success
334,2000,8,4,0.0,2.7000000000000006,0.1,0.6,3.1999999999999993,3,6,135,359,0,0.5065468603035204,0.15693615144180742,success
335,2000,8,4,0.0,2.7000000000000006,0.1,0.6,3.3999999999999995,3,6,136,358,0,0.48853696050265355,0.14601902279170023,success
336,2000,8,4,0.0,2.7000000000000006,0.1,0.6,3.5999999999999996,3,4,138,358,0,0.4766379552498295,0.1397142068004215,success
337,2000,8,4,0.0,2.7000000000000006,0.1,0.6,3.7999999999999994,3,0,139,361,0,0.46873860830800984,0.137050630792233,success
338,2000,8,4,0.0,2.7000000000000006,0.1,0.6,3.999999999999999,3,0,139,361,0,0.45624590251166314,0.13019108380752165,success
339,2000,8,4,0.0,2.7000000000000006,0.1,0.6,4.199999999999999,3,0,139,361,0,0.45073939173030797,0.12651505573981903,success
340,2000,8,4,0.0,2.7000000000000006,0.1,0.6,4.3999999999999995,3,0,140,360,0,0.4466697437163177,0.12407112052047987,success
341,2000,8,4,0.0,2.7000000000000006,0.1,0.6,4.6,3,0,140,360,0,0.4422226590656717,0.12150037461535088,success
342,2000,8,4,0.0,2.7000000000000006,0.1,0.6,4.799999999999999,3,0,140,360,0,0.4378473780830748,0.11870176608337475,success
343,2000,8,4,0.0,2.7000000000000006,0.1,0.6,4.999999999999999,3,0,140,360,0,0.4342808112265883,0.11687840750617022,success
344,2000,8,4,0.0,2.7000000000000006,0.1,0.6,5.199999999999999,3,0,140,360,0,0.43249887202658926,0.11572663066485556,success
345,2000,8,4,0.0,2.7000000000000006,0.1,0.6,5.399999999999999,3,0,140,360,0,0.43114646249189487,0.11480472681477169,success
346,2000,8,4,0.0,2.7000000000000006,0.1,0.6,5.599999999999999,3,0,140,360,0,0.4296573308536641,0.11374213476559973,success
347,2000,8,4,0.0,2.7000000000000006,0.1,0.6,5.799999999999999,3,0,140,360,0,0.42817586356979925,0.11289052009734518,success
349,2000,8,4,0.0,2.7000000000000006,0.1,0.6,6.199999999999999,3,0,140,360,0,0.4263924231966262,0.11180251467051384,success
348,2000,8,4,0.0,2.7000000000000006,0.1,0.6,5.999999999999999,3,0,140,360,0,0.42691491852037683,0.11220230044115186,success
350,2000,8,4,0.0,2.7000000000000006,0.1,0.6,6.399999999999999,3,0,141,359,0,0.4257339397543071,0.111523861415648,success
351,2000,8,4,0.0,2.7000000000000006,0.1,0.6,6.599999999999999,3,0,140,360,0,0.42519648187218867,0.1109981681924227,success
352,2000,8,4,0.0,2.7000000000000006,0.1,0.6,6.799999999999999,3,0,141,359,0,0.4246375687484677,0.11069158827918373,success
354,2000,8,4,0.0,2.7000000000000006,0.1,0.6,7.199999999999998,3,0,141,359,0,0.423939716934372,0.11015559022021386,success
353,2000,8,4,0.0,2.7000000000000006,0.1,0.6,6.999999999999998,3,0,141,359,0,0.42409736896323497,0.11032872714668449,success
355,2000,8,4,0.0,2.7000000000000006,0.1,0.6,7.399999999999999,3,0,141,359,0,0.42361526229029206,0.1098709321801638,success
369,2000,8,4,0.0,2.8000000000000007,0.1,0.6,1.0,3,398,102,0,0,,,success
356,2000,8,4,0.0,2.7000000000000006,0.1,0.6,7.599999999999999,3,0,141,359,0,0.42333972732553016,0.10965586799198691,success
357,2000,8,4,0.0,2.7000000000000006,0.1,0.6,7.799999999999999,3,0,141,359,0,0.4231494605907019,0.10949762427171683,success
370,2000,8,4,0.0,2.8000000000000007,0.1,0.6,1.2,3,308,104,88,0,0.8450730417052086,0.24050869380198228,success
358,2000,8,4,0.0,2.7000000000000006,0.1,0.6,7.999999999999998,3,0,141,359,0,0.4229704699235074,0.10935501888059009,success
371,2000,8,4,0.0,2.8000000000000007,0.1,0.6,1.4,3,257,109,134,0,0.7520230776449188,0.26857847494139553,success
359,2000,8,4,0.0,2.7000000000000006,0.1,0.6,8.2,3,0,141,359,0,0.42289252302052793,0.10930722982695087,success
372,2000,8,4,0.0,2.8000000000000007,0.1,0.6,1.5999999999999999,3,227,114,159,0,0.6927296752130224,0.2653496396763985,success
360,2000,8,4,0.0,2.7000000000000006,0.1,0.6,8.399999999999999,3,0,141,359,0,0.42285420125163453,0.10926195524352653,success
373,2000,8,4,0.0,2.8000000000000007,0.1,0.6,1.7999999999999998,3,196,122,182,0,0.6521424359012119,0.2554910948272237,success
361,2000,8,4,0.0,2.7000000000000006,0.1,0.6,8.599999999999998,3,0,141,359,0,0.42279625247598734,0.10925698098259756,success
374,2000,8,4,0.0,2.8000000000000007,0.1,0.6,1.9999999999999998,3,169,130,201,0,0.6115209037915854,0.24429270757699512,success
362,2000,8,4,0.0,2.7000000000000006,0.1,0.6,8.799999999999997,3,0,141,359,0,0.4226712787342871,0.10912498049946834,success
375,2000,8,4,0.0,2.8000000000000007,0.1,0.6,2.1999999999999997,3,129,143,228,0,0.5867281272309124,0.22893531325893615,success
363,2000,8,4,0.0,2.7000000000000006,0.1,0.6,8.999999999999998,3,0,141,359,0,0.42262049513408045,0.10908869808616248,success
364,2000,8,4,0.0,2.7000000000000006,0.1,0.6,9.199999999999998,3,0,141,359,0,0.4225726146937511,0.10905636852498952,success
365,2000,8,4,0.0,2.7000000000000006,0.1,0.6,9.399999999999999,3,0,141,359,0,0.4225524947048546,0.10904278891398217,success
366,2000,8,4,0.0,2.7000000000000006,0.1,0.6,9.599999999999998,3,0,141,359,0,0.42249248999657757,0.10896748371518637,success
367,2000,8,4,0.0,2.7000000000000006,0.1,0.6,9.799999999999997,3,0,141,359,0,0.4224362678154148,0.10891481527858747,success
368,2000,8,4,0.0,2.7000000000000006,0.1,0.6,9.999999999999998,3,0,141,359,0,0.4224216650614156,0.10890704145222506,success
376,2000,8,4,0.0,2.8000000000000007,0.1,0.6,2.3999999999999995,3,97,143,260,0,0.5683740138761856,0.20867746605159251,success
377,2000,8,4,0.0,2.8000000000000007,0.1,0.6,2.5999999999999996,3,65,149,286,0,0.5501245430299041,0.19056360225502117,success
378,2000,8,4,0.0,2.8000000000000007,0.1,0.6,2.8,3,37,156,307,0,0.5299362721587924,0.17306855090994652,success
379,2000,8,4,0.0,2.8000000000000007,0.1,0.6,2.9999999999999996,3,15,159,326,0,0.5102883497511834,0.15945160378637244,success
381,2000,8,4,0.0,2.8000000000000007,0.1,0.6,3.3999999999999995,3,5,163,332,0,0.48528147279577544,0.1445286804442363,success
380,2000,8,4,0.0,2.8000000000000007,0.1,0.6,3.1999999999999993,3,6,162,332,0,0.5003826515331191,0.15537172058707363,success
382,2000,8,4,0.0,2.8000000000000007,0.1,0.6,3.5999999999999996,3,2,166,332,0,0.4736976243268364,0.1384481543898378,success
383,2000,8,4,0.0,2.8000000000000007,0.1,0.6,3.7999999999999994,3,0,168,332,0,0.4642015109564391,0.13421501522749052,success
384,2000,8,4,0.0,2.8000000000000007,0.1,0.6,3.999999999999999,3,0,168,332,0,0.4517387071235174,0.12836301986652657,success
385,2000,8,4,0.0,2.8000000000000007,0.1,0.6,4.199999999999999,3,0,168,332,0,0.44654305217676593,0.1249620448094784,success
386,2000,8,4,0.0,2.8000000000000007,0.1,0.6,4.3999999999999995,3,0,168,332,0,0.4422760392017046,0.12243770278596092,success
387,2000,8,4,0.0,2.8000000000000007,0.1,0.6,4.6,3,0,169,331,0,0.43799731031909445,0.12020166162411469,success
388,2000,8,4,0.0,2.8000000000000007,0.1,0.6,4.799999999999999,3,0,169,331,0,0.4335427518507804,0.11723316388712068,success
389,2000,8,4,0.0,2.8000000000000007,0.1,0.6,4.999999999999999,3,0,170,330,0,0.43067736025236586,0.1155538967678839,success
390,2000,8,4,0.0,2.8000000000000007,0.1,0.6,5.199999999999999,3,0,170,330,0,0.4291565816221736,0.11462751743184978,success
391,2000,8,4,0.0,2.8000000000000007,0.1,0.6,5.399999999999999,3,0,170,330,0,0.4275372606698505,0.11337303278971347,success
392,2000,8,4,0.0,2.8000000000000007,0.1,0.6,5.599999999999999,3,0,170,330,0,0.42607284641465415,0.11243928562920115,success
393,2000,8,4,0.0,2.8000000000000007,0.1,0.6,5.799999999999999,3,0,170,330,0,0.42478139340599774,0.11171302437684355,success
415,2000,8,4,0.0,2.900000000000001,0.1,0.6,1.0,3,385,115,0,0,,,success
394,2000,8,4,0.0,2.8000000000000007,0.1,0.6,5.999999999999999,3,0,170,330,0,0.42344322132745965,0.11101842179318348,success
396,2000,8,4,0.0,2.8000000000000007,0.1,0.6,6.399999999999999,3,0,170,330,0,0.4222983004491845,0.11009885579788124,success
395,2000,8,4,0.0,2.8000000000000007,0.1,0.6,6.199999999999999,3,0,170,330,0,0.4228732243668503,0.11053960692448057,success
416,2000,8,4,0.0,2.900000000000001,0.1,0.6,1.2,3,292,127,81,0,0.8507812308289014,0.22919085826137553,success
397,2000,8,4,0.0,2.8000000000000007,0.1,0.6,6.599999999999999,3,0,170,330,0,0.42174730084926854,0.10971521818000428,success
417,2000,8,4,0.0,2.900000000000001,0.1,0.6,1.4,3,236,128,136,0,0.74683877611617,0.26369747125039206,success
398,2000,8,4,0.0,2.8000000000000007,0.1,0.6,6.799999999999999,3,0,170,330,0,0.4212681417517867,0.10940959037213861,success
399,2000,8,4,0.0,2.8000000000000007,0.1,0.6,6.999999999999998,3,0,170,330,0,0.42088243144808685,0.10913384272965508,success
418,2000,8,4,0.0,2.900000000000001,0.1,0.6,1.5999999999999999,3,201,138,161,0,0.6914613128360333,0.2637780383407206,success
400,2000,8,4,0.0,2.8000000000000007,0.1,0.6,7.199999999999998,3,0,170,330,0,0.42062972707343277,0.10888779196289411,success
419,2000,8,4,0.0,2.900000000000001,0.1,0.6,1.7999999999999998,3,171,141,188,0,0.6615958254244778,0.26536971446837115,success
401,2000,8,4,0.0,2.8000000000000007,0.1,0.6,7.399999999999999,3,0,170,330,0,0.42031927009612946,0.10862551172504452,success
402,2000,8,4,0.0,2.8000000000000007,0.1,0.6,7.599999999999999,3,0,170,330,0,0.42014979287808213,0.10847373876181414,success
403,2000,8,4,0.0,2.8000000000000007,0.1,0.6,7.799999999999999,3,0,170,330,0,0.4199906791584514,0.10836764928690189,success
404,2000,8,4,0.0,2.8000000000000007,0.1,0.6,7.999999999999998,3,0,170,330,0,0.4198271908060909,0.10823343130642353,success
405,2000,8,4,0.0,2.8000000000000007,0.1,0.6,8.2,3,0,170,330,0,0.4197141387861555,0.10814937452873276,success
406,2000,8,4,0.0,2.8000000000000007,0.1,0.6,8.399999999999999,3,0,170,330,0,0.41963676761068097,0.10807841943376777,success
407,2000,8,4,0.0,2.8000000000000007,0.1,0.6,8.599999999999998,3,0,170,330,0,0.4195657292979838,0.10802009115520755,success
408,2000,8,4,0.0,2.8000000000000007,0.1,0.6,8.799999999999997,3,0,170,330,0,0.41943634336572705,0.1079078123371866,success
420,2000,8,4,0.0,2.900000000000001,0.1,0.6,1.9999999999999998,3,148,154,198,0,0.6150311740767112,0.24799874653937234,success
409,2000,8,4,0.0,2.8000000000000007,0.1,0.6,8.999999999999998,3,0,170,330,0,0.4193767956684191,0.10788034680961485,success
410,2000,8,4,0.0,2.8000000000000007,0.1,0.6,9.199999999999998,3,0,170,330,0,0.4193132044480683,0.10780897599298768,success
411,2000,8,4,0.0,2.8000000000000007,0.1,0.6,9.399999999999999,3,0,170,330,0,0.41929745218348696,0.10779736636514232,success
412,2000,8,4,0.0,2.8000000000000007,0.1,0.6,9.599999999999998,3,0,170,330,0,0.41927047695653924,0.10776914345488939,success
413,2000,8,4,0.0,2.8000000000000007,0.1,0.6,9.799999999999997,3,0,170,330,0,0.41926132199293453,0.10775310810566828,success
421,2000,8,4,0.0,2.900000000000001,0.1,0.6,2.1999999999999997,3,113,171,216,0,0.5899349116176364,0.23022161745308647,success
414,2000,8,4,0.0,2.8000000000000007,0.1,0.6,9.999999999999998,3,0,170,330,0,0.4191962843865474,0.10769750784374944,success
422,2000,8,4,0.0,2.900000000000001,0.1,0.6,2.3999999999999995,3,83,170,247,0,0.5644878446030868,0.2017331946462647,success
423,2000,8,4,0.0,2.900000000000001,0.1,0.6,2.5999999999999996,3,55,176,269,0,0.5369716638456508,0.1848672948720459,success
424,2000,8,4,0.0,2.900000000000001,0.1,0.6,2.8,3,33,183,284,0,0.5161095454409524,0.17104220966718803,success
425,2000,8,4,0.0,2.900000000000001,0.1,0.6,2.9999999999999996,3,14,185,301,0,0.5006282834368482,0.16008917530108996,success
426,2000,8,4,0.0,2.900000000000001,0.1,0.6,3.1999999999999993,3,6,187,307,0,0.486055045201784,0.15222509387395325,success
427,2000,8,4,0.0,2.900000000000001,0.1,0.6,3.3999999999999995,3,5,187,308,0,0.4723649389451321,0.14158199880789576,success
428,2000,8,4,0.0,2.900000000000001,0.1,0.6,3.5999999999999996,3,1,191,308,0,0.4637978569722979,0.13872575773069779,success
429,2000,8,4,0.0,2.900000000000001,0.1,0.6,3.7999999999999994,3,0,191,309,0,0.45360595220964567,0.13255460861468543,success
430,2000,8,4,0.0,2.900000000000001,0.1,0.6,3.999999999999999,3,0,191,309,0,0.4414064040831928,0.12714774198476214,success
431,2000,8,4,0.0,2.900000000000001,0.1,0.6,4.199999999999999,3,0,191,309,0,0.4365861475147958,0.12337338059786565,success
432,2000,8,4,0.0,2.900000000000001,0.1,0.6,4.3999999999999995,3,0,191,309,0,0.43245252859243993,0.12120231978080828,success
433,2000,8,4,0.0,2.900000000000001,0.1,0.6,4.6,3,0,192,308,0,0.42866917897771206,0.11893083024435876,success
434,2000,8,4,0.0,2.900000000000001,0.1,0.6,4.799999999999999,3,0,192,308,0,0.42427561421709664,0.11616148198750474,success
435,2000,8,4,0.0,2.900000000000001,0.1,0.6,4.999999999999999,3,0,192,308,0,0.4207536637520209,0.11439728548216598,success
436,2000,8,4,0.0,2.900000000000001,0.1,0.6,5.199999999999999,3,0,192,308,0,0.41959798829152284,0.11363248071444275,success
437,2000,8,4,0.0,2.900000000000001,0.1,0.6,5.399999999999999,3,0,192,308,0,0.41792322289422223,0.11238968619792707,success
438,2000,8,4,0.0,2.900000000000001,0.1,0.6,5.599999999999999,3,0,192,308,0,0.4164238644464596,0.11132549979673342,success
439,2000,8,4,0.0,2.900000000000001,0.1,0.6,5.799999999999999,3,0,192,308,0,0.41511389092954953,0.11032483163904405,success
461,2000,8,4,0.0,3.000000000000001,0.1,0.6,1.0,4,372,128,0,0,,,success
445,2000,8,4,0.0,2.900000000000001,0.1,0.6,6.999999999999998,3,0,192,308,0,0.41145091566587905,0.10769626908940329,success
444,2000,8,4,0.0,2.900000000000001,0.1,0.6,6.799999999999999,3,0,192,308,0,0.41184711351065134,0.10797631295196777,success
441,2000,8,4,0.0,2.900000000000001,0.1,0.6,6.199999999999999,3,0,192,308,0,0.4135511725479916,0.10926071598031296,success
442,2000,8,4,0.0,2.900000000000001,0.1,0.6,6.399999999999999,3,0,192,308,0,0.4129378739947644,0.10878416641603866,success
443,2000,8,4,0.0,2.900000000000001,0.1,0.6,6.599999999999999,3,0,192,308,0,0.41245262647018066,0.10843133078548077,success
440,2000,8,4,0.0,2.900000000000001,0.1,0.6,5.999999999999999,3,0,192,308,0,0.41393343807196237,0.10957010060907867,success
462,2000,8,4,0.0,3.000000000000001,0.1,0.6,1.2,4,264,149,87,0,0.8109264399271795,0.26220154435497717,success
446,2000,8,4,0.0,2.900000000000001,0.1,0.6,7.199999999999998,3,0,192,308,0,0.41123993311312984,0.1075108156533071,success
463,2000,8,4,0.0,3.000000000000001,0.1,0.6,1.4,4,194,162,144,0,0.7447973082911458,0.266435132692968,success
447,2000,8,4,0.0,2.900000000000001,0.1,0.6,7.399999999999999,3,0,192,308,0,0.4110233792790932,0.10731485823381431,success
464,2000,8,4,0.0,3.000000000000001,0.1,0.6,1.5999999999999999,4,143,172,185,0,0.658517654788073,0.27493783973068625,success
448,2000,8,4,0.0,2.900000000000001,0.1,0.6,7.599999999999999,3,0,192,308,0,0.410803629346236,0.10712423823350234,success
450,2000,8,4,0.0,2.900000000000001,0.1,0.6,7.999999999999998,3,0,192,308,0,0.41047196950124504,0.10685115817708282,success
449,2000,8,4,0.0,2.900000000000001,0.1,0.6,7.799999999999999,3,0,192,308,0,0.410645408433967,0.10697627578235852,success
451,2000,8,4,0.0,2.900000000000001,0.1,0.6,8.2,3,0,192,308,0,0.41035593701716605,0.10675160525772297,success
452,2000,8,4,0.0,2.900000000000001,0.1,0.6,8.399999999999999,3,0,192,308,0,0.4103057035224206,0.10671874267238798,success
465,2000,8,4,0.0,3.000000000000001,0.1,0.6,1.7999999999999998,4,132,174,194,0,0.5729653877216399,0.26429282233201634,success
453,2000,8,4,0.0,2.900000000000001,0.1,0.6,8.599999999999998,3,0,192,308,0,0.4102208608334778,0.10661079994655263,success
454,2000,8,4,0.0,2.900000000000001,0.1,0.6,8.799999999999997,3,0,192,308,0,0.41012375422919145,0.10649484489483418,success
466,2000,8,4,0.0,3.000000000000001,0.1,0.6,1.9999999999999998,4,100,187,213,0,0.5413203652456943,0.24112160511528274,success
455,2000,8,4,0.0,2.900000000000001,0.1,0.6,8.999999999999998,3,0,192,308,0,0.4100756371009954,0.10648118795606266,success
467,2000,8,4,0.0,3.000000000000001,0.1,0.6,2.1999999999999997,4,66,200,234,0,0.522219641289982,0.2276660179762493,success
456,2000,8,4,0.0,2.900000000000001,0.1,0.6,9.199999999999998,3,0,192,308,0,0.4100207049010886,0.10642119949808776,success
457,2000,8,4,0.0,2.900000000000001,0.1,0.6,9.399999999999999,3,0,192,308,0,0.40998666676054746,0.10639207410853907,success
458,2000,8,4,0.0,2.900000000000001,0.1,0.6,9.599999999999998,3,0,192,308,0,0.4099368499833389,0.10633896527617949,success
468,2000,8,4,0.0,3.000000000000001,0.1,0.6,2.3999999999999995,4,31,206,263,0,0.50373144476077,0.20597420010833378,success
459,2000,8,4,0.0,2.900000000000001,0.1,0.6,9.799999999999997,3,0,192,308,0,0.4099265703077644,0.10633442391674182,success
460,2000,8,4,0.0,2.900000000000001,0.1,0.6,9.999999999999998,3,0,192,308,0,0.40987834847864624,0.10627801154711387,success
469,2000,8,4,0.0,3.000000000000001,0.1,0.6,2.5999999999999996,4,18,208,274,0,0.473505571475772,0.18809014136214686,success
470,2000,8,4,0.0,3.000000000000001,0.1,0.6,2.8,4,9,216,275,0,0.4406308461890799,0.16145041691494522,success
471,2000,8,4,0.0,3.000000000000001,0.1,0.6,2.9999999999999996,4,3,218,279,0,0.4238326286647852,0.15232930353059104,success
473,2000,8,4,0.0,3.000000000000001,0.1,0.6,3.3999999999999995,4,1,217,282,0,0.40616755181861025,0.13985600488718236,success
472,2000,8,4,0.0,3.000000000000001,0.1,0.6,3.1999999999999993,4,1,218,281,0,0.4155580115405406,0.14655814452996271,success
474,2000,8,4,0.0,3.000000000000001,0.1,0.6,3.5999999999999996,4,0,217,283,0,0.39762314962758183,0.13331415792385426,success
475,2000,8,4,0.0,3.000000000000001,0.1,0.6,3.7999999999999994,4,0,218,282,0,0.38791285882000875,0.12661507660510066,success
476,2000,8,4,0.0,3.000000000000001,0.1,0.6,3.999999999999999,4,0,218,282,0,0.38079535720111896,0.12377244127973569,success
477,2000,8,4,0.0,3.000000000000001,0.1,0.6,4.199999999999999,4,0,218,282,0,0.3774778348193583,0.1210421496839981,success
478,2000,8,4,0.0,3.000000000000001,0.1,0.6,4.3999999999999995,4,0,218,282,0,0.3745530940469393,0.11887638355992049,success
479,2000,8,4,0.0,3.000000000000001,0.1,0.6,4.6,4,0,218,282,0,0.371955561978959,0.11698867530101434,success
480,2000,8,4,0.0,3.000000000000001,0.1,0.6,4.799999999999999,4,0,218,282,0,0.36890041219917086,0.11430936681203117,success
481,2000,8,4,0.0,3.000000000000001,0.1,0.6,4.999999999999999,4,0,218,282,0,0.36679482673558644,0.11303107864951341,success
482,2000,8,4,0.0,3.000000000000001,0.1,0.6,5.199999999999999,4,0,218,282,0,0.3659525178203055,0.11228441907703096,success
483,2000,8,4,0.0,3.000000000000001,0.1,0.6,5.399999999999999,4,0,218,282,0,0.36493824854322254,0.1113313353711655,success
484,2000,8,4,0.0,3.000000000000001,0.1,0.6,5.599999999999999,4,0,218,282,0,0.3640578944084443,0.11056219353860712,success
485,2000,8,4,0.0,3.000000000000001,0.1,0.6,5.799999999999999,4,0,218,282,0,0.3632083976729658,0.1098761129160303,success
489,2000,8,4,0.0,3.000000000000001,0.1,0.6,6.599999999999999,4,0,218,282,0,0.3615226648793085,0.10845752274893773,success
490,2000,8,4,0.0,3.000000000000001,0.1,0.6,6.799999999999999,4,0,218,282,0,0.36115272194931947,0.1080243719894442,success
488,2000,8,4,0.0,3.000000000000001,0.1,0.6,6.399999999999999,4,0,218,282,0,0.3617412815932143,0.10859987244424563,success
486,2000,8,4,0.0,3.000000000000001,0.1,0.6,5.999999999999999,4,0,218,282,0,0.36241158450715116,0.10930701580440172,success
487,2000,8,4,0.0,3.000000000000001,0.1,0.6,6.199999999999999,4,0,218,282,0,0.3621415811683328,0.10904749933318619,success
492,2000,8,4,0.0,3.000000000000001,0.1,0.6,7.199999999999998,4,0,218,282,0,0.36076782072456187,0.10771875803400874,success
507,2000,8,4,0.0,3.100000000000001,0.1,0.6,1.0,4,360,140,0,0,,,success
491,2000,8,4,0.0,3.000000000000001,0.1,0.6,6.999999999999998,4,0,218,282,0,0.36086835306939125,0.10781004786177191,success
508,2000,8,4,0.0,3.100000000000001,0.1,0.6,1.2,4,250,167,83,0,0.8318809158360798,0.24762068806868998,success
509,2000,8,4,0.0,3.100000000000001,0.1,0.6,1.4,4,182,175,143,0,0.7725344698137534,0.2632207218171776,success
510,2000,8,4,0.0,3.100000000000001,0.1,0.6,1.5999999999999999,4,135,186,179,0,0.660087621425107,0.2759155237229758,success
493,2000,8,4,0.0,3.000000000000001,0.1,0.6,7.399999999999999,4,0,218,282,0,0.36065660434550184,0.10762175628203036,success
511,2000,8,4,0.0,3.100000000000001,0.1,0.6,1.7999999999999998,4,124,192,184,0,0.5585355701874318,0.25718861192735387,success
494,2000,8,4,0.0,3.000000000000001,0.1,0.6,7.599999999999999,4,0,218,282,0,0.3605473381816076,0.1075125458958762,success
495,2000,8,4,0.0,3.000000000000001,0.1,0.6,7.799999999999999,4,0,218,282,0,0.3604377928499656,0.10739171003610622,success
512,2000,8,4,0.0,3.100000000000001,0.1,0.6,1.9999999999999998,4,91,206,203,0,0.5399530644318634,0.2514967778921561,success
496,2000,8,4,0.0,3.000000000000001,0.1,0.6,7.999999999999998,4,0,218,282,0,0.36034315626280067,0.10729408999389921,success
497,2000,8,4,0.0,3.000000000000001,0.1,0.6,8.2,4,0,218,282,0,0.3603023756123597,0.10725322617457232,success
499,2000,8,4,0.0,3.000000000000001,0.1,0.6,8.599999999999998,4,0,218,282,0,0.36021605822958447,0.10716178545468737,success
498,2000,8,4,0.0,3.000000000000001,0.1,0.6,8.399999999999999,4,0,218,282,0,0.3602547039283339,0.10720037018971916,success
500,2000,8,4,0.0,3.000000000000001,0.1,0.6,8.799999999999997,4,0,218,282,0,0.36016924439442216,0.10710779460451234,success
513,2000,8,4,0.0,3.100000000000001,0.1,0.6,2.1999999999999997,4,62,214,224,0,0.5162876884551483,0.23090046794633623,success
501,2000,8,4,0.0,3.000000000000001,0.1,0.6,8.999999999999998,4,0,218,282,0,0.3601379991284558,0.1070787662970102,success
514,2000,8,4,0.0,3.100000000000001,0.1,0.6,2.3999999999999995,4,28,222,250,0,0.4960273100649651,0.2094827216934079,success
502,2000,8,4,0.0,3.000000000000001,0.1,0.6,9.199999999999998,4,0,218,282,0,0.36011968951782747,0.1070557921032407,success
515,2000,8,4,0.0,3.100000000000001,0.1,0.6,2.5999999999999996,4,15,226,259,0,0.4631783261905048,0.18571173059321017,success
503,2000,8,4,0.0,3.000000000000001,0.1,0.6,9.399999999999999,4,0,218,282,0,0.36010788937222893,0.10704750894829863,success
504,2000,8,4,0.0,3.000000000000001,0.1,0.6,9.599999999999998,4,0,218,282,0,0.36009339446803457,0.10703698911806885,success
505,2000,8,4,0.0,3.000000000000001,0.1,0.6,9.799999999999997,4,0,218,282,0,0.36006588627240504,0.106995953283055,success
506,2000,8,4,0.0,3.000000000000001,0.1,0.6,9.999999999999998,4,0,218,282,0,0.36006869073338865,0.10700615000565722,success
516,2000,8,4,0.0,3.100000000000001,0.1,0.6,2.8,4,8,232,260,0,0.43293983929176805,0.15885744143933295,success
517,2000,8,4,0.0,3.100000000000001,0.1,0.6,2.9999999999999996,4,3,235,262,0,0.41511740322448476,0.15037481301552297,success
519,2000,8,4,0.0,3.100000000000001,0.1,0.6,3.3999999999999995,4,1,233,266,0,0.3995762380433903,0.1422440838271016,success
520,2000,8,4,0.0,3.100000000000001,0.1,0.6,3.5999999999999996,4,0,235,265,0,0.3898062865017609,0.1319437144423954,success
518,2000,8,4,0.0,3.100000000000001,0.1,0.6,3.1999999999999993,4,1,234,265,0,0.40694636934588124,0.14528225045403056,success
521,2000,8,4,0.0,3.100000000000001,0.1,0.6,3.7999999999999994,4,0,235,265,0,0.38101787113086777,0.12481956561047036,success
522,2000,8,4,0.0,3.100000000000001,0.1,0.6,3.999999999999999,4,0,235,265,0,0.3743739360019874,0.12206488199374749,success
523,2000,8,4,0.0,3.100000000000001,0.1,0.6,4.199999999999999,4,0,235,265,0,0.37130517108816186,0.11947134076059833,success
524,2000,8,4,0.0,3.100000000000001,0.1,0.6,4.3999999999999995,4,0,235,265,0,0.3685087891615184,0.11731090851095417,success
525,2000,8,4,0.0,3.100000000000001,0.1,0.6,4.6,4,0,235,265,0,0.36618838430973666,0.11551801304053584,success
526,2000,8,4,0.0,3.100000000000001,0.1,0.6,4.799999999999999,4,0,235,265,0,0.36331520575487125,0.11290184265033577,success
527,2000,8,4,0.0,3.100000000000001,0.1,0.6,4.999999999999999,4,0,235,265,0,0.36138607243145326,0.11178135744348201,success
528,2000,8,4,0.0,3.100000000000001,0.1,0.6,5.199999999999999,4,0,235,265,0,0.3605500332335986,0.11103393768108336,success
529,2000,8,4,0.0,3.100000000000001,0.1,0.6,5.399999999999999,4,0,235,265,0,0.3595745650072864,0.11007390629879225,success
530,2000,8,4,0.0,3.100000000000001,0.1,0.6,5.599999999999999,4,0,235,265,0,0.35880250838348043,0.10941032072096045,success
531,2000,8,4,0.0,3.100000000000001,0.1,0.6,5.799999999999999,4,0,235,265,0,0.35801352907447526,0.10874547339732495,success
532,2000,8,4,0.0,3.100000000000001,0.1,0.6,5.999999999999999,4,0,235,265,0,0.35730342628590145,0.10820360205763534,success
553,2000,8,4,0.0,3.200000000000001,0.1,0.6,1.0,4,343,157,0,0,,,success
533,2000,8,4,0.0,3.100000000000001,0.1,0.6,6.199999999999999,4,0,235,265,0,0.3570431666042603,0.10795396539689454,success
554,2000,8,4,0.0,3.200000000000001,0.1,0.6,1.2,4,232,177,91,0,0.8411661059276473,0.24833455801656412,success
555,2000,8,4,0.0,3.200000000000001,0.1,0.6,1.4,4,169,186,145,0,0.7625698685912384,0.27989977504281965,success
556,2000,8,4,0.0,3.200000000000001,0.1,0.6,1.5999999999999999,4,125,203,172,0,0.646994419897786,0.2850297496170274,success
534,2000,8,4,0.0,3.100000000000001,0.1,0.6,6.399999999999999,4,0,235,265,0,0.35663184770093337,0.10746032506973129,success
557,2000,8,4,0.0,3.200000000000001,0.1,0.6,1.7999999999999998,4,113,209,178,0,0.5424542771744412,0.26114198474340594,success
535,2000,8,4,0.0,3.100000000000001,0.1,0.6,6.599999999999999,4,0,235,265,0,0.3564526485236911,0.1073513374214104,success
558,2000,8,4,0.0,3.200000000000001,0.1,0.6,1.9999999999999998,4,82,220,198,0,0.5352146643769433,0.26125396244111504,success
538,2000,8,4,0.0,3.100000000000001,0.1,0.6,7.199999999999998,4,0,235,265,0,0.3557405230691436,0.10661919489295671,success
537,2000,8,4,0.0,3.100000000000001,0.1,0.6,6.999999999999998,4,0,235,265,0,0.3558320960920921,0.10670590784207275,success
536,2000,8,4,0.0,3.100000000000001,0.1,0.6,6.799999999999999,4,0,235,265,0,0.3561089710288568,0.10692749428130789,success
539,2000,8,4,0.0,3.100000000000001,0.1,0.6,7.399999999999999,4,0,235,265,0,0.35562319030084877,0.10650406379312276,success
559,2000,8,4,0.0,3.200000000000001,0.1,0.6,2.1999999999999997,4,54,229,217,0,0.5081750565172812,0.23697444946358487,success
541,2000,8,4,0.0,3.100000000000001,0.1,0.6,7.799999999999999,4,0,235,265,0,0.3554379621800329,0.10630010487352395,success
540,2000,8,4,0.0,3.100000000000001,0.1,0.6,7.599999999999999,4,0,235,265,0,0.35554974504913667,0.10642420931162386,success
560,2000,8,4,0.0,3.200000000000001,0.1,0.6,2.3999999999999995,4,27,237,236,0,0.4795347171924048,0.21048287222749576,success
542,2000,8,4,0.0,3.100000000000001,0.1,0.6,7.999999999999998,4,0,235,265,0,0.3553612476734705,0.10622542380244991,success
543,2000,8,4,0.0,3.100000000000001,0.1,0.6,8.2,4,0,235,265,0,0.3553204925957156,0.10617614629008074,success
545,2000,8,4,0.0,3.100000000000001,0.1,0.6,8.599999999999998,4,0,235,265,0,0.35522947293172297,0.10606634284069967,success
544,2000,8,4,0.0,3.100000000000001,0.1,0.6,8.399999999999999,4,0,235,265,0,0.3552687158718765,0.10612023869768814,success
547,2000,8,4,0.0,3.100000000000001,0.1,0.6,8.999999999999998,4,0,235,265,0,0.3551671089883961,0.10600579467402671,success
546,2000,8,4,0.0,3.100000000000001,0.1,0.6,8.799999999999997,4,0,235,265,0,0.3551898418958823,0.10602639852780413,success
561,2000,8,4,0.0,3.200000000000001,0.1,0.6,2.5999999999999996,4,15,242,243,0,0.4512385054170445,0.1853131639966653,success
548,2000,8,4,0.0,3.100000000000001,0.1,0.6,9.199999999999998,4,0,235,265,0,0.3551490950670337,0.10598891070940951,success
562,2000,8,4,0.0,3.200000000000001,0.1,0.6,2.8,4,7,247,246,0,0.42257410308952886,0.1624961700695167,success
549,2000,8,4,0.0,3.100000000000001,0.1,0.6,9.399999999999999,4,0,235,265,0,0.3551327619042354,0.10596045694270452,success
551,2000,8,4,0.0,3.100000000000001,0.1,0.6,9.799999999999997,4,0,235,265,0,0.3550962156130268,0.10591329955394373,success
550,2000,8,4,0.0,3.100000000000001,0.1,0.6,9.599999999999998,4,0,235,265,0,0.35512419581830484,0.10595433731869477,success
552,2000,8,4,0.0,3.100000000000001,0.1,0.6,9.999999999999998,4,0,235,265,0,0.35509854743678176,0.10591844587225503,success
563,2000,8,4,0.0,3.200000000000001,0.1,0.6,2.9999999999999996,4,1,249,250,0,0.407269283712187,0.16014847054741965,success
564,2000,8,4,0.0,3.200000000000001,0.1,0.6,3.1999999999999993,4,1,250,249,0,0.3936842050088799,0.14413316082735125,success
565,2000,8,4,0.0,3.200000000000001,0.1,0.6,3.3999999999999995,4,1,249,250,0,0.38784236915069836,0.14340869264140893,success
566,2000,8,4,0.0,3.200000000000001,0.1,0.6,3.5999999999999996,4,0,250,250,0,0.3769110379567927,0.1304368665027142,success
567,2000,8,4,0.0,3.200000000000001,0.1,0.6,3.7999999999999994,4,0,250,250,0,0.36876876719245566,0.12378360664434912,success
568,2000,8,4,0.0,3.200000000000001,0.1,0.6,3.999999999999999,4,0,250,250,0,0.3629487572438453,0.12085259088060658,success
569,2000,8,4,0.0,3.200000000000001,0.1,0.6,4.199999999999999,4,0,250,250,0,0.3600762342335893,0.11831591807289668,success
570,2000,8,4,0.0,3.200000000000001,0.1,0.6,4.3999999999999995,4,0,250,250,0,0.3576619310062468,0.1163533982857569,success
571,2000,8,4,0.0,3.200000000000001,0.1,0.6,4.6,4,0,250,250,0,0.35552436502156576,0.11458027933844524,success
572,2000,8,4,0.0,3.200000000000001,0.1,0.6,4.799999999999999,4,0,250,250,0,0.3529387713250827,0.11208929511463234,success
573,2000,8,4,0.0,3.200000000000001,0.1,0.6,4.999999999999999,4,0,250,250,0,0.3512974137264223,0.11092128165690539,success
574,2000,8,4,0.0,3.200000000000001,0.1,0.6,5.199999999999999,4,0,250,250,0,0.35054555979925034,0.1102685347251933,success
575,2000,8,4,0.0,3.200000000000001,0.1,0.6,5.399999999999999,4,0,250,250,0,0.3496583104171461,0.109308162914975,success
576,2000,8,4,0.0,3.200000000000001,0.1,0.6,5.599999999999999,4,0,250,250,0,0.34898601718890176,0.10864077385473032,success
577,2000,8,4,0.0,3.200000000000001,0.1,0.6,5.799999999999999,4,0,250,250,0,0.34826360861647665,0.10800593213812056,success
578,2000,8,4,0.0,3.200000000000001,0.1,0.6,5.999999999999999,4,0,250,250,0,0.3476304542233666,0.10749092323173347,success
579,2000,8,4,0.0,3.200000000000001,0.1,0.6,6.199999999999999,4,0,250,250,0,0.3473935535290945,0.1072448279381296,success
580,2000,8,4,0.0,3.200000000000001,0.1,0.6,6.399999999999999,4,0,250,250,0,0.3469917714120403,0.1067449951633248,success
599,2000,8,4,0.0,3.300000000000001,0.1,0.6,1.0,4,330,170,0,0,,,success
600,2000,8,4,0.0,3.300000000000001,0.1,0.6,1.2,4,220,194,86,0,0.8310298431952678,0.2540974639918283,success
601,2000,8,4,0.0,3.300000000000001,0.1,0.6,1.4,4,158,210,132,0,0.7514965542667044,0.28312759197045134,success
581,2000,8,4,0.0,3.200000000000001,0.1,0.6,6.599999999999999,4,0,250,250,0,0.34683525335288257,0.10663576887193366,success
602,2000,8,4,0.0,3.300000000000001,0.1,0.6,1.5999999999999999,4,116,226,158,0,0.6396572200300471,0.2827378939702146,success
603,2000,8,4,0.0,3.300000000000001,0.1,0.6,1.7999999999999998,4,99,230,171,0,0.5483031889892425,0.26821279824909133,success
582,2000,8,4,0.0,3.200000000000001,0.1,0.6,6.799999999999999,4,0,250,250,0,0.34650153681845586,0.10623979727739541,success
604,2000,8,4,0.0,3.300000000000001,0.1,0.6,1.9999999999999998,4,71,239,190,0,0.5374929902053237,0.26968867100569227,success
583,2000,8,4,0.0,3.200000000000001,0.1,0.6,6.999999999999998,4,0,250,250,0,0.34626888424140917,0.1060534207095564,success
588,2000,8,4,0.0,3.200000000000001,0.1,0.6,7.999999999999998,4,0,250,250,0,0.3458460528349087,0.10560447099636731,success
584,2000,8,4,0.0,3.200000000000001,0.1,0.6,7.199999999999998,4,0,250,250,0,0.34619155450951145,0.10597965520411357,success
585,2000,8,4,0.0,3.200000000000001,0.1,0.6,7.399999999999999,4,0,250,250,0,0.34607460588399575,0.1058534431799961,success
605,2000,8,4,0.0,3.300000000000001,0.1,0.6,2.1999999999999997,4,46,245,209,0,0.5057516036810485,0.24613651108023718,success
587,2000,8,4,0.0,3.200000000000001,0.1,0.6,7.799999999999999,4,0,250,250,0,0.345907807236408,0.10566873513857716,success
586,2000,8,4,0.0,3.200000000000001,0.1,0.6,7.599999999999999,4,0,250,250,0,0.3460131322112443,0.10579120141546199,success
606,2000,8,4,0.0,3.300000000000001,0.1,0.6,2.3999999999999995,4,23,254,223,0,0.4713270184968325,0.2151894880703348,success
589,2000,8,4,0.0,3.200000000000001,0.1,0.6,8.2,4,0,250,250,0,0.3458201850603476,0.10558985437127401,success
590,2000,8,4,0.0,3.200000000000001,0.1,0.6,8.399999999999999,4,0,250,250,0,0.3457671618665202,0.1055161739939167,success
607,2000,8,4,0.0,3.300000000000001,0.1,0.6,2.5999999999999996,4,13,259,228,0,0.44027891247777434,0.1910826668684812,success
591,2000,8,4,0.0,3.200000000000001,0.1,0.6,8.599999999999998,4,0,250,250,0,0.3457374795664257,0.10548095549668239,success
593,2000,8,4,0.0,3.200000000000001,0.1,0.6,8.999999999999998,4,0,250,250,0,0.34569028655852396,0.10542771891609266,success
592,2000,8,4,0.0,3.200000000000001,0.1,0.6,8.799999999999997,4,0,250,250,0,0.34570013825616797,0.10544371355932733,success
594,2000,8,4,0.0,3.200000000000001,0.1,0.6,9.199999999999998,4,0,250,250,0,0.34565969293006527,0.10538950954001942,success
595,2000,8,4,0.0,3.200000000000001,0.1,0.6,9.399999999999999,4,0,250,250,0,0.3456390454975625,0.10535766732459179,success
608,2000,8,4,0.0,3.300000000000001,0.1,0.6,2.8,4,7,264,229,0,0.4081386452392584,0.16201750154154584,success
609,2000,8,4,0.0,3.300000000000001,0.1,0.6,2.9999999999999996,4,2,266,232,0,0.3925740112332225,0.15974127062016763,success
596,2000,8,4,0.0,3.200000000000001,0.1,0.6,9.599999999999998,4,0,250,250,0,0.34563409041502424,0.10535115647076922,success
597,2000,8,4,0.0,3.200000000000001,0.1,0.6,9.799999999999997,4,0,250,250,0,0.34562195144059726,0.10533227700556967,success
598,2000,8,4,0.0,3.200000000000001,0.1,0.6,9.999999999999998,4,0,250,250,0,0.34561228661407106,0.10531709438000675,success
610,2000,8,4,0.0,3.300000000000001,0.1,0.6,3.1999999999999993,4,1,267,232,0,0.38054178756777546,0.1455929579594578,success
611,2000,8,4,0.0,3.300000000000001,0.1,0.6,3.3999999999999995,4,1,266,233,0,0.37589890280173177,0.145191161669419,success
612,2000,8,4,0.0,3.300000000000001,0.1,0.6,3.5999999999999996,4,0,267,233,0,0.36568205444030566,0.13198102324911018,success
613,2000,8,4,0.0,3.300000000000001,0.1,0.6,3.7999999999999994,4,0,267,233,0,0.35789294579649616,0.12540409432294866,success
614,2000,8,4,0.0,3.300000000000001,0.1,0.6,3.999999999999999,4,0,267,233,0,0.352793035075657,0.12275480891385752,success
615,2000,8,4,0.0,3.300000000000001,0.1,0.6,4.199999999999999,4,0,267,233,0,0.34996794354860383,0.12006548725470143,success
616,2000,8,4,0.0,3.300000000000001,0.1,0.6,4.3999999999999995,4,0,267,233,0,0.3477298457003789,0.11792955257405792,success
617,2000,8,4,0.0,3.300000000000001,0.1,0.6,4.6,4,0,267,233,0,0.3458969810176578,0.11630942852721451,success
618,2000,8,4,0.0,3.300000000000001,0.1,0.6,4.799999999999999,4,0,267,233,0,0.34348705662682366,0.11382734332323252,success
619,2000,8,4,0.0,3.300000000000001,0.1,0.6,4.999999999999999,4,0,267,233,0,0.3420081350592452,0.11260492701833781,success
620,2000,8,4,0.0,3.300000000000001,0.1,0.6,5.199999999999999,4,0,267,233,0,0.34132906569494686,0.11199813127300291,success
621,2000,8,4,0.0,3.300000000000001,0.1,0.6,5.399999999999999,4,0,267,233,0,0.3404427797861591,0.1110009071253348,success
622,2000,8,4,0.0,3.300000000000001,0.1,0.6,5.599999999999999,4,0,267,233,0,0.33983010083621473,0.11034223446845787,success
623,2000,8,4,0.0,3.300000000000001,0.1,0.6,5.799999999999999,4,0,267,233,0,0.33916508274934504,0.10971235110760967,success
624,2000,8,4,0.0,3.300000000000001,0.1,0.6,5.999999999999999,4,0,267,233,0,0.3385471910926814,0.10916305798370168,success
625,2000,8,4,0.0,3.300000000000001,0.1,0.6,6.199999999999999,4,0,267,233,0,0.3383552821907943,0.10895811482393987,success
626,2000,8,4,0.0,3.300000000000001,0.1,0.6,6.399999999999999,4,0,267,233,0,0.33795457144809193,0.10845298022899251,success
627,2000,8,4,0.0,3.300000000000001,0.1,0.6,6.599999999999999,4,0,267,233,0,0.33779885510891694,0.10832928298360725,success
645,2000,8,4,0.0,3.4000000000000012,0.1,0.6,1.0,4,315,185,0,0,,,success
646,2000,8,4,0.0,3.4000000000000012,0.1,0.6,1.2,4,209,210,81,0,0.8123198269056263,0.2704324693697068,success
647,2000,8,4,0.0,3.4000000000000012,0.1,0.6,1.4,4,140,228,132,0,0.752783926705863,0.2865296106496327,success
628,2000,8,4,0.0,3.300000000000001,0.1,0.6,6.799999999999999,4,0,267,233,0,0.3374812185011849,0.107923933559424,success
648,2000,8,4,0.0,3.4000000000000012,0.1,0.6,1.5999999999999999,4,106,246,148,0,0.6326837303641484,0.28984229691623353,success
629,2000,8,4,0.0,3.300000000000001,0.1,0.6,6.999999999999998,4,0,267,233,0,0.33729022792777574,0.10776748338424219,success
649,2000,8,4,0.0,3.4000000000000012,0.1,0.6,1.7999999999999998,4,87,243,170,0,0.5478905809153336,0.26438677059902127,success
650,2000,8,4,0.0,3.4000000000000012,0.1,0.6,1.9999999999999998,4,59,254,187,0,0.5273215755334287,0.2693819536456758,success
630,2000,8,4,0.0,3.300000000000001,0.1,0.6,7.199999999999998,4,0,267,233,0,0.337220319541305,0.10768775825709115,success
651,2000,8,4,0.0,3.4000000000000012,0.1,0.6,2.1999999999999997,4,38,263,199,0,0.48794155617261786,0.24265730993982165,success
631,2000,8,4,0.0,3.300000000000001,0.1,0.6,7.399999999999999,4,0,267,233,0,0.337103251055546,0.10754935700023305,success
632,2000,8,4,0.0,3.300000000000001,0.1,0.6,7.599999999999999,4,0,267,233,0,0.3370448199259481,0.10748226524854432,success
635,2000,8,4,0.0,3.300000000000001,0.1,0.6,8.2,4,0,267,233,0,0.33683744446532,0.10724304585072301,success
634,2000,8,4,0.0,3.300000000000001,0.1,0.6,7.999999999999998,4,0,267,233,0,0.33688033930403766,0.10728732387513361,success
633,2000,8,4,0.0,3.300000000000001,0.1,0.6,7.799999999999999,4,0,267,233,0,0.3369421611480065,0.1073481016730614,success
652,2000,8,4,0.0,3.4000000000000012,0.1,0.6,2.3999999999999995,4,21,270,209,0,0.4497121039609636,0.2061612594733772,success
637,2000,8,4,0.0,3.300000000000001,0.1,0.6,8.599999999999998,4,0,267,233,0,0.3367753160122233,0.10715645826049912,success
636,2000,8,4,0.0,3.300000000000001,0.1,0.6,8.399999999999999,4,0,267,233,0,0.33680290595376167,0.10719482663435578,success
653,2000,8,4,0.0,3.4000000000000012,0.1,0.6,2.5999999999999996,4,12,276,212,0,0.42058618540763887,0.18457596833025397,success
638,2000,8,4,0.0,3.300000000000001,0.1,0.6,8.799999999999997,4,0,267,233,0,0.3367403330061408,0.10712088228546063,success
639,2000,8,4,0.0,3.300000000000001,0.1,0.6,8.999999999999998,4,0,267,233,0,0.33672912493902657,0.10710574206146686,success
654,2000,8,4,0.0,3.4000000000000012,0.1,0.6,2.8,4,3,282,215,0,0.3933966442440598,0.15892955856126717,success
641,2000,8,4,0.0,3.300000000000001,0.1,0.6,9.399999999999999,4,0,267,233,0,0.33669385943550245,0.1070547778991375,success
640,2000,8,4,0.0,3.300000000000001,0.1,0.6,9.199999999999998,4,0,267,233,0,0.3367128534615321,0.10708747250950046,success
642,2000,8,4,0.0,3.300000000000001,0.1,0.6,9.599999999999998,4,0,267,233,0,0.3366919756010827,0.10705494501385018,success
655,2000,8,4,0.0,3.4000000000000012,0.1,0.6,2.9999999999999996,4,1,283,216,0,0.37666766099605203,0.15341210922118173,success
643,2000,8,4,0.0,3.300000000000001,0.1,0.6,9.799999999999997,4,0,267,233,0,0.3366858186975081,0.10704851867816689,success
656,2000,8,4,0.0,3.4000000000000012,0.1,0.6,3.1999999999999993,4,1,284,215,0,0.36352293450988865,0.13844123930025728,success
644,2000,8,4,0.0,3.300000000000001,0.1,0.6,9.999999999999998,4,0,267,233,0,0.33665775858693964,0.1070012669506195,success
657,2000,8,4,0.0,3.4000000000000012,0.1,0.6,3.3999999999999995,4,1,284,215,0,0.3570952970786312,0.1332703473627473,success
658,2000,8,4,0.0,3.4000000000000012,0.1,0.6,3.5999999999999996,4,0,284,216,0,0.350617076089179,0.1271315251171918,success
659,2000,8,4,0.0,3.4000000000000012,0.1,0.6,3.7999999999999994,4,0,284,216,0,0.3435762403341399,0.12125974428570804,success
660,2000,8,4,0.0,3.4000000000000012,0.1,0.6,3.999999999999999,4,0,284,216,0,0.33909054232130603,0.1187077276314916,success
661,2000,8,4,0.0,3.4000000000000012,0.1,0.6,4.199999999999999,4,0,284,216,0,0.3365261876772384,0.11623109346094536,success
662,2000,8,4,0.0,3.4000000000000012,0.1,0.6,4.3999999999999995,4,0,284,216,0,0.33463597230458886,0.11441818693198513,success
663,2000,8,4,0.0,3.4000000000000012,0.1,0.6,4.6,4,0,284,216,0,0.33309930168282653,0.11299516627023944,success
664,2000,8,4,0.0,3.4000000000000012,0.1,0.6,4.799999999999999,4,0,284,216,0,0.3309699487871248,0.1105519450679945,success
665,2000,8,4,0.0,3.4000000000000012,0.1,0.6,4.999999999999999,4,0,284,216,0,0.329597309491637,0.10942701323600972,success
666,2000,8,4,0.0,3.4000000000000012,0.1,0.6,5.199999999999999,4,0,284,216,0,0.32899155915041534,0.10881890242720098,success
667,2000,8,4,0.0,3.4000000000000012,0.1,0.6,5.399999999999999,4,0,284,216,0,0.3282746983269594,0.10801800846971171,success
668,2000,8,4,0.0,3.4000000000000012,0.1,0.6,5.599999999999999,4,0,284,216,0,0.32771272660300615,0.10737117932190458,success
669,2000,8,4,0.0,3.4000000000000012,0.1,0.6,5.799999999999999,4,0,284,216,0,0.327102800620891,0.10675902810562404,success
670,2000,8,4,0.0,3.4000000000000012,0.1,0.6,5.999999999999999,4,0,284,216,0,0.32658491436201875,0.1062642688346011,success
671,2000,8,4,0.0,3.4000000000000012,0.1,0.6,6.199999999999999,4,0,284,216,0,0.3264376776295812,0.10611484038614519,success
672,2000,8,4,0.0,3.4000000000000012,0.1,0.6,6.399999999999999,4,0,284,216,0,0.32606684270910447,0.10562269980046346,success
673,2000,8,4,0.0,3.4000000000000012,0.1,0.6,6.599999999999999,4,0,284,216,0,0.3259469320186148,0.1055411107404513,success
691,2000,8,4,0.0,3.5000000000000013,0.1,0.6,1.0,4,298,202,0,0,,,success
692,2000,8,4,0.0,3.5000000000000013,0.1,0.6,1.2,4,196,227,77,0,0.8384866243609738,0.25688018112029887,success
674,2000,8,4,0.0,3.4000000000000012,0.1,0.6,6.799999999999999,4,0,284,216,0,0.32564073215947503,0.10510330682772938,success
693,2000,8,4,0.0,3.5000000000000013,0.1,0.6,1.4,4,124,250,126,0,0.750478273652941,0.2855082290778907,success
694,2000,8,4,0.0,3.5000000000000013,0.1,0.6,1.5999999999999999,4,93,266,141,0,0.6445233522767746,0.2930680774532492,success
695,2000,8,4,0.0,3.5000000000000013,0.1,0.6,1.7999999999999998,4,67,265,168,0,0.5851743649245219,0.28118074379458824,success
675,2000,8,4,0.0,3.4000000000000012,0.1,0.6,6.999999999999998,4,0,284,216,0,0.3255112712536932,0.10501016742502041,success
696,2000,8,4,0.0,3.5000000000000013,0.1,0.6,1.9999999999999998,4,43,282,175,0,0.5256209984232318,0.2732443837064306,success
676,2000,8,4,0.0,3.4000000000000012,0.1,0.6,7.199999999999998,4,0,284,216,0,0.3254341271632344,0.10491783407818517,success
697,2000,8,4,0.0,3.5000000000000013,0.1,0.6,2.1999999999999997,4,29,289,182,0,0.4727521315787793,0.23494720985103654,success
677,2000,8,4,0.0,3.4000000000000012,0.1,0.6,7.399999999999999,4,0,284,216,0,0.32534199014484666,0.10479540019416284,success
698,2000,8,4,0.0,3.5000000000000013,0.1,0.6,2.3999999999999995,4,18,296,186,0,0.42686320286004314,0.1972813528183888,success
678,2000,8,4,0.0,3.4000000000000012,0.1,0.6,7.599999999999999,4,0,284,216,0,0.325290362792925,0.10472972703443414,success
699,2000,8,4,0.0,3.5000000000000013,0.1,0.6,2.5999999999999996,4,11,303,186,0,0.39965210772450566,0.17588816371717958,success
679,2000,8,4,0.0,3.4000000000000012,0.1,0.6,7.799999999999999,4,0,284,216,0,0.3251990344224168,0.10460155114133876,success
680,2000,8,4,0.0,3.4000000000000012,0.1,0.6,7.999999999999998,4,0,284,216,0,0.325157342338476,0.10455700598991333,success
681,2000,8,4,0.0,3.4000000000000012,0.1,0.6,8.2,4,0,284,216,0,0.32513800154028966,0.10454957535328525,success
683,2000,8,4,0.0,3.4000000000000012,0.1,0.6,8.599999999999998,4,0,284,216,0,0.32508094477375443,0.10445352736543571,success
682,2000,8,4,0.0,3.4000000000000012,0.1,0.6,8.399999999999999,4,0,284,216,0,0.3251079455521366,0.10450272852736496,success
684,2000,8,4,0.0,3.4000000000000012,0.1,0.6,8.799999999999997,4,0,284,216,0,0.3250582036662512,0.10443501278978035,success
685,2000,8,4,0.0,3.4000000000000012,0.1,0.6,8.999999999999998,4,0,284,216,0,0.3250400334159888,0.10441153945232282,success
700,2000,8,4,0.0,3.5000000000000013,0.1,0.6,2.8,4,3,309,188,0,0.376970313704308,0.1525791709213333,success
686,2000,8,4,0.0,3.4000000000000012,0.1,0.6,9.199999999999998,4,0,284,216,0,0.325030974558646,0.10439939160285926,success
687,2000,8,4,0.0,3.4000000000000012,0.1,0.6,9.399999999999999,4,0,284,216,0,0.3250146524772165,0.10437557772461478,success
701,2000,8,4,0.0,3.5000000000000013,0.1,0.6,2.9999999999999996,4,1,309,190,0,0.3625724417290499,0.15020168953221794,success
689,2000,8,4,0.0,3.4000000000000012,0.1,0.6,9.799999999999997,4,0,284,216,0,0.324997981519381,0.10435110571585449,success
688,2000,8,4,0.0,3.4000000000000012,0.1,0.6,9.599999999999998,4,0,284,216,0,0.3250060021751806,0.10436646860329281,success
690,2000,8,4,0.0,3.4000000000000012,0.1,0.6,9.999999999999998,4,0,284,216,0,0.3249791677719259,0.10432269915854533,success
702,2000,8,4,0.0,3.5000000000000013,0.1,0.6,3.1999999999999993,4,1,310,189,0,0.3492623885465058,0.13383211728039987,success
703,2000,8,4,0.0,3.5000000000000013,0.1,0.6,3.3999999999999995,4,1,310,189,0,0.34365004511542285,0.12919446374481014,success
704,2000,8,4,0.0,3.5000000000000013,0.1,0.6,3.5999999999999996,4,0,310,190,0,0.33893841598591246,0.1247476215614038,success
705,2000,8,4,0.0,3.5000000000000013,0.1,0.6,3.7999999999999994,4,0,310,190,0,0.33279066089005377,0.1183637044220896,success
706,2000,8,4,0.0,3.5000000000000013,0.1,0.6,3.999999999999999,4,0,310,190,0,0.3283772563397095,0.11596887706281579,success
707,2000,8,4,0.0,3.5000000000000013,0.1,0.6,4.199999999999999,4,0,310,190,0,0.3263173378862885,0.1140529027080604,success
708,2000,8,4,0.0,3.5000000000000013,0.1,0.6,4.3999999999999995,4,0,310,190,0,0.3247063004001877,0.11230825037665791,success
709,2000,8,4,0.0,3.5000000000000013,0.1,0.6,4.6,4,0,310,190,0,0.3232877019481016,0.11100403257618358,success
710,2000,8,4,0.0,3.5000000000000013,0.1,0.6,4.799999999999999,4,0,310,190,0,0.3214179959045921,0.1086199918514863,success
711,2000,8,4,0.0,3.5000000000000013,0.1,0.6,4.999999999999999,4,0,310,190,0,0.3201810545390125,0.10760149201633823,success
712,2000,8,4,0.0,3.5000000000000013,0.1,0.6,5.199999999999999,4,0,310,190,0,0.31963560621836967,0.10704219617401485,success
713,2000,8,4,0.0,3.5000000000000013,0.1,0.6,5.399999999999999,4,0,310,190,0,0.31901576446595953,0.10635633183878392,success
714,2000,8,4,0.0,3.5000000000000013,0.1,0.6,5.599999999999999,4,0,310,190,0,0.3184969296187553,0.10573721430135513,success
715,2000,8,4,0.0,3.5000000000000013,0.1,0.6,5.799999999999999,4,0,310,190,0,0.31794006014395165,0.10509663712535004,success
716,2000,8,4,0.0,3.5000000000000013,0.1,0.6,5.999999999999999,4,0,310,190,0,0.31748685803993726,0.10470220934413607,success
717,2000,8,4,0.0,3.5000000000000013,0.1,0.6,6.199999999999999,4,0,310,190,0,0.31735875637172434,0.1045554205753668,success
718,2000,8,4,0.0,3.5000000000000013,0.1,0.6,6.399999999999999,4,0,310,190,0,0.31703509511972755,0.10409703935520384,success
719,2000,8,4,0.0,3.5000000000000013,0.1,0.6,6.599999999999999,4,0,310,190,0,0.3169277328319463,0.10402350510280892,success
737,2000,8,4,0.0,3.6000000000000014,0.1,0.6,1.0,4,285,215,0,0,,,success
720,2000,8,4,0.0,3.5000000000000013,0.1,0.6,6.799999999999999,4,0,310,190,0,0.3166343087639691,0.10356771475306147,success
738,2000,8,4,0.0,3.6000000000000014,0.1,0.6,1.2,4,185,244,71,0,0.8518307764130644,0.2452831877155668,success
721,2000,8,4,0.0,3.5000000000000013,0.1,0.6,6.999999999999998,4,0,310,190,0,0.3165178922067491,0.10349230346649127,success
739,2000,8,4,0.0,3.6000000000000014,0.1,0.6,1.4,4,117,264,119,0,0.768037286881509,0.28060017067980125,success
740,2000,8,4,0.0,3.6000000000000014,0.1,0.6,1.5999999999999999,4,87,284,129,0,0.6501723219566025,0.2950043309545075,success
741,2000,8,4,0.0,3.6000000000000014,0.1,0.6,1.7999999999999998,4,57,289,154,0,0.5958926115448376,0.28754687678109053,success
742,2000,8,4,0.0,3.6000000000000014,0.1,0.6,1.9999999999999998,4,36,304,160,0,0.5284896753338293,0.2689758957474987,success
722,2000,8,4,0.0,3.5000000000000013,0.1,0.6,7.199999999999998,4,0,310,190,0,0.3164509278828673,0.10340266999639655,success
743,2000,8,4,0.0,3.6000000000000014,0.1,0.6,2.1999999999999997,4,21,316,163,0,0.4724660233811547,0.23496782600676272,success
744,2000,8,4,0.0,3.6000000000000014,0.1,0.6,2.3999999999999995,4,12,322,166,0,0.42008722143332816,0.19242638051424907,success
723,2000,8,4,0.0,3.5000000000000013,0.1,0.6,7.399999999999999,4,0,310,190,0,0.31639037719387164,0.10331659363639438,success
745,2000,8,4,0.0,3.6000000000000014,0.1,0.6,2.5999999999999996,4,7,326,167,0,0.39704267921440844,0.1823546813247726,success
724,2000,8,4,0.0,3.5000000000000013,0.1,0.6,7.599999999999999,4,0,310,190,0,0.31633751907584834,0.10324089614294744,success
746,2000,8,4,0.0,3.6000000000000014,0.1,0.6,2.8,4,2,332,166,0,0.3684931019446572,0.15391915882179125,success
725,2000,8,4,0.0,3.5000000000000013,0.1,0.6,7.799999999999999,4,0,310,190,0,0.31626326144574674,0.10315100417933624,success
726,2000,8,4,0.0,3.5000000000000013,0.1,0.6,7.999999999999998,4,0,310,190,0,0.3162191853848296,0.10309139132514618,success
747,2000,8,4,0.0,3.6000000000000014,0.1,0.6,2.9999999999999996,4,1,331,168,0,0.35644814366203253,0.15218688674223702,success
728,2000,8,4,0.0,3.5000000000000013,0.1,0.6,8.399999999999999,4,0,310,190,0,0.3161783391174874,0.10303892410070936,success
727,2000,8,4,0.0,3.5000000000000013,0.1,0.6,8.2,4,0,310,190,0,0.3162040771678233,0.10308711477416317,success
748,2000,8,4,0.0,3.6000000000000014,0.1,0.6,3.1999999999999993,4,1,332,167,0,0.3406146566784899,0.12761231328017553,success
729,2000,8,4,0.0,3.5000000000000013,0.1,0.6,8.599999999999998,4,0,310,190,0,0.31616011476564954,0.10301912665251224,success
732,2000,8,4,0.0,3.5000000000000013,0.1,0.6,9.199999999999998,4,0,310,190,0,0.3161004415908479,0.10294090711224393,success
731,2000,8,4,0.0,3.5000000000000013,0.1,0.6,8.999999999999998,4,0,310,190,0,0.3161157625461589,0.10296252054304596,success
730,2000,8,4,0.0,3.5000000000000013,0.1,0.6,8.799999999999997,4,0,310,190,0,0.316135393740833,0.10299275412261875,success
735,2000,8,4,0.0,3.5000000000000013,0.1,0.6,9.799999999999997,4,0,310,190,0,0.31607622939589436,0.10289279380506068,success
734,2000,8,4,0.0,3.5000000000000013,0.1,0.6,9.599999999999998,4,0,310,190,0,0.31609652459530874,0.10293729915181765,success
733,2000,8,4,0.0,3.5000000000000013,0.1,0.6,9.399999999999999,4,0,310,190,0,0.31609896370928975,0.10293850112706716,success
749,2000,8,4,0.0,3.6000000000000014,0.1,0.6,3.3999999999999995,4,1,332,167,0,0.3351338274792871,0.12269691608400421,success
736,2000,8,4,0.0,3.5000000000000013,0.1,0.6,9.999999999999998,4,0,310,190,0,0.3160712822773139,0.10288778662677951,success
750,2000,8,4,0.0,3.6000000000000014,0.1,0.6,3.5999999999999996,4,0,332,168,0,0.33068236952460683,0.11852486634406742,success
751,2000,8,4,0.0,3.6000000000000014,0.1,0.6,3.7999999999999994,4,0,332,168,0,0.32543783091916,0.11322528972764398,success
752,2000,8,4,0.0,3.6000000000000014,0.1,0.6,3.999999999999999,4,0,332,168,0,0.3211989234786401,0.11077800773250146,success
753,2000,8,4,0.0,3.6000000000000014,0.1,0.6,4.199999999999999,4,0,332,168,0,0.31921035360560807,0.10895537518009331,success
754,2000,8,4,0.0,3.6000000000000014,0.1,0.6,4.3999999999999995,4,0,332,168,0,0.317745125707117,0.10718033802108227,success
755,2000,8,4,0.0,3.6000000000000014,0.1,0.6,4.6,4,0,332,168,0,0.3163704929868061,0.1057488553311673,success
756,2000,8,4,0.0,3.6000000000000014,0.1,0.6,4.799999999999999,4,0,332,168,0,0.3147007192407631,0.10360044077509677,success
757,2000,8,4,0.0,3.6000000000000014,0.1,0.6,4.999999999999999,4,0,332,168,0,0.3137178638585168,0.1027006971217712,success
758,2000,8,4,0.0,3.6000000000000014,0.1,0.6,5.199999999999999,4,0,332,168,0,0.31316431039918086,0.10208143878125273,success
759,2000,8,4,0.0,3.6000000000000014,0.1,0.6,5.399999999999999,4,0,332,168,0,0.31258066823810865,0.101390482913982,success
760,2000,8,4,0.0,3.6000000000000014,0.1,0.6,5.599999999999999,4,0,332,168,0,0.31215952961586313,0.10084379081030351,success
761,2000,8,4,0.0,3.6000000000000014,0.1,0.6,5.799999999999999,4,0,332,168,0,0.3116562634791897,0.10023345813903102,success
762,2000,8,4,0.0,3.6000000000000014,0.1,0.6,5.999999999999999,4,0,332,168,0,0.3112942731161554,0.09990808719788218,success
763,2000,8,4,0.0,3.6000000000000014,0.1,0.6,6.199999999999999,4,0,332,168,0,0.31118205630429824,0.09976607190930804,success
764,2000,8,4,0.0,3.6000000000000014,0.1,0.6,6.399999999999999,4,0,332,168,0,0.31085714088598004,0.09922529144275705,success
765,2000,8,4,0.0,3.6000000000000014,0.1,0.6,6.599999999999999,4,0,332,168,0,0.3107728382744584,0.09918315520585426,success
783,2000,8,4,0.0,3.7000000000000015,0.1,0.6,1.0,4,261,239,0,0,,,success
766,2000,8,4,0.0,3.6000000000000014,0.1,0.6,6.799999999999999,4,0,332,168,0,0.31050775450370705,0.0987586233901347,success
784,2000,8,4,0.0,3.7000000000000015,0.1,0.6,1.2,4,165,267,68,0,0.8844965196285095,0.22663007636084614,success
785,2000,8,4,0.0,3.7000000000000015,0.1,0.6,1.4,4,100,289,111,0,0.7779999806103671,0.2817798403914329,success
786,2000,8,4,0.0,3.7000000000000015,0.1,0.6,1.5999999999999999,4,70,306,124,0,0.6643332647255299,0.30474787652331675,success
767,2000,8,4,0.0,3.6000000000000014,0.1,0.6,6.999999999999998,4,0,332,168,0,0.31039010489479923,0.09866392221106493,success
787,2000,8,4,0.0,3.7000000000000015,0.1,0.6,1.7999999999999998,4,41,313,146,0,0.593968686127323,0.29591027336411074,success
768,2000,8,4,0.0,3.6000000000000014,0.1,0.6,7.199999999999998,4,0,332,168,0,0.3103267487877252,0.0985710137223399,success
788,2000,8,4,0.0,3.7000000000000015,0.1,0.6,1.9999999999999998,4,28,326,146,0,0.5209710201168565,0.27843845232197034,success
789,2000,8,4,0.0,3.7000000000000015,0.1,0.6,2.1999999999999997,4,15,337,148,0,0.4795863328352293,0.25669573738310525,success
769,2000,8,4,0.0,3.6000000000000014,0.1,0.6,7.399999999999999,4,0,332,168,0,0.3102642728599205,0.09848120953593474,success
790,2000,8,4,0.0,3.7000000000000015,0.1,0.6,2.3999999999999995,4,7,344,149,0,0.4161397795074775,0.19789405800818777,success
791,2000,8,4,0.0,3.7000000000000015,0.1,0.6,2.5999999999999996,4,2,350,148,0,0.38621559547442597,0.17577097871365116,success
770,2000,8,4,0.0,3.6000000000000014,0.1,0.6,7.599999999999999,4,0,332,168,0,0.3102270220516938,0.09842070156017792,success
792,2000,8,4,0.0,3.7000000000000015,0.1,0.6,2.8,4,0,356,144,0,0.35856845429010853,0.15350871646555211,success
771,2000,8,4,0.0,3.6000000000000014,0.1,0.6,7.799999999999999,4,0,332,168,0,0.31017696825799057,0.09836045803862788,success
793,2000,8,4,0.0,3.7000000000000015,0.1,0.6,2.9999999999999996,4,0,356,144,0,0.3450967786606046,0.14592916373340628,success
772,2000,8,4,0.0,3.6000000000000014,0.1,0.6,7.999999999999998,4,0,332,168,0,0.31014143149139706,0.09832215516839651,success
794,2000,8,4,0.0,3.7000000000000015,0.1,0.6,3.1999999999999993,4,0,356,144,0,0.3341644399804243,0.1282705697979442,success
773,2000,8,4,0.0,3.6000000000000014,0.1,0.6,8.2,4,0,332,168,0,0.3101248130124715,0.09831327870929003,success
795,2000,8,4,0.0,3.7000000000000015,0.1,0.6,3.3999999999999995,4,0,356,144,0,0.3292745732306823,0.12354895564680025,success
774,2000,8,4,0.0,3.6000000000000014,0.1,0.6,8.399999999999999,4,0,332,168,0,0.3100960019539106,0.09825414113198234,success
779,2000,8,4,0.0,3.6000000000000014,0.1,0.6,9.399999999999999,4,0,332,168,0,0.31002486405791163,0.09815670409455915,success
775,2000,8,4,0.0,3.6000000000000014,0.1,0.6,8.599999999999998,4,0,332,168,0,0.31009298470589186,0.09826487701942989,success
777,2000,8,4,0.0,3.6000000000000014,0.1,0.6,8.999999999999998,4,0,332,168,0,0.3100479659370278,0.09819134142775385,success
778,2000,8,4,0.0,3.6000000000000014,0.1,0.6,9.199999999999998,4,0,332,168,0,0.31003496917556916,0.09817468120205977,success
776,2000,8,4,0.0,3.6000000000000014,0.1,0.6,8.799999999999997,4,0,332,168,0,0.31006050595497975,0.0982091942221618,success
780,2000,8,4,0.0,3.6000000000000014,0.1,0.6,9.599999999999998,4,0,332,168,0,0.31003158356622584,0.09817049131446623,success
796,2000,8,4,0.0,3.7000000000000015,0.1,0.6,3.5999999999999996,4,0,356,144,0,0.3231901402291857,0.11734136958852444,success
782,2000,8,4,0.0,3.6000000000000014,0.1,0.6,9.999999999999998,4,0,332,168,0,0.31001333398908393,0.09813350887323498,success
781,2000,8,4,0.0,3.6000000000000014,0.1,0.6,9.799999999999997,4,0,332,168,0,0.3100142268151731,0.09813217265616188,success
797,2000,8,4,0.0,3.7000000000000015,0.1,0.6,3.7999999999999994,4,0,357,143,0,0.3192462825390522,0.113336881393577,success
798,2000,8,4,0.0,3.7000000000000015,0.1,0.6,3.999999999999999,4,0,357,143,0,0.31579122922676933,0.11084622835412584,success
799,2000,8,4,0.0,3.7000000000000015,0.1,0.6,4.199999999999999,4,0,357,143,0,0.31393219237694836,0.10903832636864824,success
800,2000,8,4,0.0,3.7000000000000015,0.1,0.6,4.3999999999999995,4,0,357,143,0,0.3124992671394067,0.10739650585145022,success
801,2000,8,4,0.0,3.7000000000000015,0.1,0.6,4.6,4,0,357,143,0,0.31104324971341873,0.10590726791125278,success
802,2000,8,4,0.0,3.7000000000000015,0.1,0.6,4.799999999999999,4,0,357,143,0,0.30924841380994805,0.10333696740876258,success
803,2000,8,4,0.0,3.7000000000000015,0.1,0.6,4.999999999999999,4,0,357,143,0,0.3086205945543905,0.10269357291201267,success
804,2000,8,4,0.0,3.7000000000000015,0.1,0.6,5.199999999999999,4,0,357,143,0,0.30812688759244533,0.10214087921408653,success
805,2000,8,4,0.0,3.7000000000000015,0.1,0.6,5.399999999999999,4,0,357,143,0,0.3075392646557765,0.10144117333779859,success
806,2000,8,4,0.0,3.7000000000000015,0.1,0.6,5.599999999999999,4,0,357,143,0,0.3070919858041821,0.10084074651180357,success
807,2000,8,4,0.0,3.7000000000000015,0.1,0.6,5.799999999999999,4,0,357,143,0,0.30660124139215733,0.10018672121404804,success
808,2000,8,4,0.0,3.7000000000000015,0.1,0.6,5.999999999999999,4,0,357,143,0,0.3062618671660568,0.09984803049758578,success
809,2000,8,4,0.0,3.7000000000000015,0.1,0.6,6.199999999999999,4,0,357,143,0,0.30617506895341473,0.09975015905979313,success
810,2000,8,4,0.0,3.7000000000000015,0.1,0.6,6.399999999999999,4,0,357,143,0,0.30585667720578075,0.09918601881645812,success
811,2000,8,4,0.0,3.7000000000000015,0.1,0.6,6.599999999999999,4,0,357,143,0,0.3057972727359303,0.09916375037640246,success
829,2000,8,4,0.0,3.8000000000000016,0.1,0.6,1.0,4,246,254,0,0,,,success
812,2000,8,4,0.0,3.7000000000000015,0.1,0.6,6.799999999999999,4,0,357,143,0,0.3055618553575375,0.09877929641303373,success
830,2000,8,4,0.0,3.8000000000000016,0.1,0.6,1.2,4,152,283,65,0,0.8809811583548833,0.22788257195360184,success
813,2000,8,4,0.0,3.7000000000000015,0.1,0.6,6.999999999999998,4,0,357,143,0,0.3054641147275522,0.09869199512080326,success
831,2000,8,4,0.0,3.8000000000000016,0.1,0.6,1.4,4,92,307,101,0,0.7755994986333423,0.28535298672579135,success
832,2000,8,4,0.0,3.8000000000000016,0.1,0.6,1.5999999999999999,4,60,326,114,0,0.6521795361998718,0.3081497082675887,success
814,2000,8,4,0.0,3.7000000000000015,0.1,0.6,7.199999999999998,4,0,357,143,0,0.3054021343033185,0.0986030735918317,success
833,2000,8,4,0.0,3.8000000000000016,0.1,0.6,1.7999999999999998,4,34,331,135,0,0.6014967490900397,0.30351589933891426,success
834,2000,8,4,0.0,3.8000000000000016,0.1,0.6,1.9999999999999998,4,23,345,132,0,0.5036160064767479,0.2801616927582603,success
835,2000,8,4,0.0,3.8000000000000016,0.1,0.6,2.1999999999999997,4,12,357,131,0,0.45418988639958346,0.24948027444778895,success
815,2000,8,4,0.0,3.7000000000000015,0.1,0.6,7.399999999999999,4,0,357,143,0,0.30533437807532643,0.09849346073389664,success
836,2000,8,4,0.0,3.8000000000000016,0.1,0.6,2.3999999999999995,4,5,361,134,0,0.4065359973248101,0.20308181508472206,success
816,2000,8,4,0.0,3.7000000000000015,0.1,0.6,7.599999999999999,4,0,357,143,0,0.30530829816037985,0.09845041884762838,success
837,2000,8,4,0.0,3.8000000000000016,0.1,0.6,2.5999999999999996,4,1,368,131,0,0.3758334254081142,0.17199778292729923,success
838,2000,8,4,0.0,3.8000000000000016,0.1,0.6,2.8,4,0,373,127,0,0.34736673752575586,0.1510723360314957,success
817,2000,8,4,0.0,3.7000000000000015,0.1,0.6,7.799999999999999,4,0,357,143,0,0.3052452277195308,0.09836259835035745,success
839,2000,8,4,0.0,3.8000000000000016,0.1,0.6,2.9999999999999996,4,0,373,127,0,0.3333913629456201,0.14349850162554537,success
840,2000,8,4,0.0,3.8000000000000016,0.1,0.6,3.1999999999999993,4,0,373,127,0,0.3228265228293039,0.12435611957876612,success
841,2000,8,4,0.0,3.8000000000000016,0.1,0.6,3.3999999999999995,4,0,373,127,0,0.317409792680207,0.11786385140087831,success
818,2000,8,4,0.0,3.7000000000000015,0.1,0.6,7.999999999999998,4,0,357,143,0,0.3052113247373076,0.09832161400669644,success
819,2000,8,4,0.0,3.7000000000000015,0.1,0.6,8.2,4,0,357,143,0,0.30520186812232053,0.09831690183866533,success
842,2000,8,4,0.0,3.8000000000000016,0.1,0.6,3.5999999999999996,4,0,373,127,0,0.3116911783591133,0.11219194446749854,success
820,2000,8,4,0.0,3.7000000000000015,0.1,0.6,8.399999999999999,4,0,357,143,0,0.3051778687842655,0.09826913524998736,success
828,2000,8,4,0.0,3.7000000000000015,0.1,0.6,9.999999999999998,4,0,357,143,0,0.30509595395259503,0.0981458054643539,success
823,2000,8,4,0.0,3.7000000000000015,0.1,0.6,8.999999999999998,4,0,357,143,0,0.30513307067518913,0.09821002581825046,success
824,2000,8,4,0.0,3.7000000000000015,0.1,0.6,9.199999999999998,4,0,357,143,0,0.3051175138197813,0.09818226341246092,success
843,2000,8,4,0.0,3.8000000000000016,0.1,0.6,3.7999999999999994,4,0,374,126,0,0.30840503120124274,0.10802090061588268,success
821,2000,8,4,0.0,3.7000000000000015,0.1,0.6,8.599999999999998,4,0,357,143,0,0.30517028183560224,0.09826527390940769,success
827,2000,8,4,0.0,3.7000000000000015,0.1,0.6,9.799999999999997,4,0,357,143,0,0.3050989496852544,0.09814567580538745,success
825,2000,8,4,0.0,3.7000000000000015,0.1,0.6,9.399999999999999,4,0,357,143,0,0.30511559526900045,0.09818315084644409,success
826,2000,8,4,0.0,3.7000000000000015,0.1,0.6,9.599999999999998,4,0,357,143,0,0.30511788102259807,0.09818770218052181,success
822,2000,8,4,0.0,3.7000000000000015,0.1,0.6,8.799999999999997,4,0,357,143,0,0.30515010704943885,0.09823541594333246,success
844,2000,8,4,0.0,3.8000000000000016,0.1,0.6,3.999999999999999,4,0,374,126,0,0.3050562719033887,0.10634602242361063,success
845,2000,8,4,0.0,3.8000000000000016,0.1,0.6,4.199999999999999,4,0,374,126,0,0.303496525872043,0.10469678717846756,success
846,2000,8,4,0.0,3.8000000000000016,0.1,0.6,4.3999999999999995,4,0,374,126,0,0.30222226140543806,0.10307136047598749,success
847,2000,8,4,0.0,3.8000000000000016,0.1,0.6,4.6,4,0,374,126,0,0.3009577660912455,0.10194621845972374,success
848,2000,8,4,0.0,3.8000000000000016,0.1,0.6,4.799999999999999,4,0,374,126,0,0.29945781781975517,0.10009780402359389,success
849,2000,8,4,0.0,3.8000000000000016,0.1,0.6,4.999999999999999,4,0,374,126,0,0.2988977956545249,0.0995082512099403,success
850,2000,8,4,0.0,3.8000000000000016,0.1,0.6,5.199999999999999,4,0,374,126,0,0.29848373536360523,0.09906975731070995,success
851,2000,8,4,0.0,3.8000000000000016,0.1,0.6,5.399999999999999,4,0,374,126,0,0.2979032238074126,0.098373705253872,success
852,2000,8,4,0.0,3.8000000000000016,0.1,0.6,5.599999999999999,4,0,374,126,0,0.29746670401419195,0.09778867538900801,success
853,2000,8,4,0.0,3.8000000000000016,0.1,0.6,5.799999999999999,4,0,374,126,0,0.29702944539312465,0.09727037461931849,success
854,2000,8,4,0.0,3.8000000000000016,0.1,0.6,5.999999999999999,4,0,374,126,0,0.2967098437314801,0.09694414249848007,success
855,2000,8,4,0.0,3.8000000000000016,0.1,0.6,6.199999999999999,4,0,374,126,0,0.2966193342370764,0.09684666940826755,success
856,2000,8,4,0.0,3.8000000000000016,0.1,0.6,6.399999999999999,4,0,374,126,0,0.29634632428135677,0.09638298975400346,success
857,2000,8,4,0.0,3.8000000000000016,0.1,0.6,6.599999999999999,4,0,374,126,0,0.2963039941816102,0.09636637143415235,success
858,2000,8,4,0.0,3.8000000000000016,0.1,0.6,6.799999999999999,4,0,374,126,0,0.296112648763229,0.09606325395337313,success
875,2000,8,4,0.0,3.9000000000000017,0.1,0.6,1.0,4,231,269,0,0,,,success
859,2000,8,4,0.0,3.8000000000000016,0.1,0.6,6.999999999999998,4,0,374,126,0,0.2960536610532347,0.09600694403200503,success
876,2000,8,4,0.0,3.9000000000000017,0.1,0.6,1.2,4,140,301,59,0,0.9125246034379304,0.18702059400475118,success
877,2000,8,4,0.0,3.9000000000000017,0.1,0.6,1.4,4,84,330,86,0,0.7933764498859919,0.27856702678173545,success
860,2000,8,4,0.0,3.8000000000000016,0.1,0.6,7.199999999999998,4,0,374,126,0,0.2959912193938217,0.09591663574780923,success
878,2000,8,4,0.0,3.9000000000000017,0.1,0.6,1.5999999999999999,4,53,352,95,0,0.6580662999740969,0.3066737688156652,success
879,2000,8,4,0.0,3.9000000000000017,0.1,0.6,1.7999999999999998,4,30,355,115,0,0.6159914106497824,0.3110980265933971,success
880,2000,8,4,0.0,3.9000000000000017,0.1,0.6,1.9999999999999998,4,23,368,109,0,0.5020710027882506,0.28470915408855413,success
861,2000,8,4,0.0,3.8000000000000016,0.1,0.6,7.399999999999999,4,0,374,126,0,0.29595037756159226,0.09585801392016709,success
862,2000,8,4,0.0,3.8000000000000016,0.1,0.6,7.599999999999999,4,0,374,126,0,0.29591777231428734,0.09581190707304836,success
881,2000,8,4,0.0,3.9000000000000017,0.1,0.6,2.1999999999999997,4,12,382,106,0,0.45479939466284885,0.25836647905057614,success
882,2000,8,4,0.0,3.9000000000000017,0.1,0.6,2.3999999999999995,4,4,386,110,0,0.4099043610590105,0.21928024841029542,success
883,2000,8,4,0.0,3.9000000000000017,0.1,0.6,2.5999999999999996,4,1,393,106,0,0.37357536557092175,0.17737431720042865,success
863,2000,8,4,0.0,3.8000000000000016,0.1,0.6,7.799999999999999,4,0,374,126,0,0.29587514904412726,0.09575797094088774,success
884,2000,8,4,0.0,3.9000000000000017,0.1,0.6,2.8,4,0,398,102,0,0.3404602691993229,0.14970770679907094,success
885,2000,8,4,0.0,3.9000000000000017,0.1,0.6,2.9999999999999996,4,0,398,102,0,0.322800889326572,0.12935368560906682,success
864,2000,8,4,0.0,3.8000000000000016,0.1,0.6,7.999999999999998,4,0,374,126,0,0.29584581808623783,0.09571611208506885,success
886,2000,8,4,0.0,3.9000000000000017,0.1,0.6,3.1999999999999993,4,0,399,101,0,0.3148449121195901,0.12154698570193238,success
887,2000,8,4,0.0,3.9000000000000017,0.1,0.6,3.3999999999999995,4,0,399,101,0,0.30947851894215594,0.11523123107411085,success
865,2000,8,4,0.0,3.8000000000000016,0.1,0.6,8.2,4,0,374,126,0,0.29583302989317184,0.09570604148530376,success
888,2000,8,4,0.0,3.9000000000000017,0.1,0.6,3.5999999999999996,4,0,399,101,0,0.3038595412709516,0.10972726514913196,success
889,2000,8,4,0.0,3.9000000000000017,0.1,0.6,3.7999999999999994,4,0,399,101,0,0.30047257105300756,0.10488996688817553,success
866,2000,8,4,0.0,3.8000000000000016,0.1,0.6,8.399999999999999,4,0,374,126,0,0.2958111141977037,0.09566472227386512,success
890,2000,8,4,0.0,3.9000000000000017,0.1,0.6,3.999999999999999,4,0,399,101,0,0.29790903289976023,0.10397724808139037,success
867,2000,8,4,0.0,3.8000000000000016,0.1,0.6,8.599999999999998,4,0,374,126,0,0.295800793629956,0.09565399292596166,success
868,2000,8,4,0.0,3.8000000000000016,0.1,0.6,8.799999999999997,4,0,374,126,0,0.2957862549995683,0.09563949467228879,success
891,2000,8,4,0.0,3.9000000000000017,0.1,0.6,4.199999999999999,4,0,399,101,0,0.2966268462531393,0.10259840784364124,success
874,2000,8,4,0.0,3.8000000000000016,0.1,0.6,9.999999999999998,4,0,374,126,0,0.29574820315295625,0.0955747684739938,success
869,2000,8,4,0.0,3.8000000000000016,0.1,0.6,8.999999999999998,4,0,374,126,0,0.2957760221408132,0.09562121082941231,success
873,2000,8,4,0.0,3.8000000000000016,0.1,0.6,9.799999999999997,4,0,374,126,0,0.29574097634344537,0.09555837765903899,success
872,2000,8,4,0.0,3.8000000000000016,0.1,0.6,9.599999999999998,4,0,374,126,0,0.29575555722037106,0.09559046609845188,success
870,2000,8,4,0.0,3.8000000000000016,0.1,0.6,9.199999999999998,4,0,374,126,0,0.2957625648309312,0.0955992205113628,success
871,2000,8,4,0.0,3.8000000000000016,0.1,0.6,9.399999999999999,4,0,374,126,0,0.2957588746346664,0.09559510930712727,success
892,2000,8,4,0.0,3.9000000000000017,0.1,0.6,4.3999999999999995,4,0,399,101,0,0.2955706018039135,0.10114832147896788,success
893,2000,8,4,0.0,3.9000000000000017,0.1,0.6,4.6,4,0,399,101,0,0.29446876787629017,0.100066734760799,success
894,2000,8,4,0.0,3.9000000000000017,0.1,0.6,4.799999999999999,4,0,399,101,0,0.29282858618503665,0.09809358597759739,success
895,2000,8,4,0.0,3.9000000000000017,0.1,0.6,4.999999999999999,4,0,399,101,0,0.29235830216382197,0.09746866675473195,success
896,2000,8,4,0.0,3.9000000000000017,0.1,0.6,5.199999999999999,4,0,399,101,0,0.29205447687814917,0.09710265472600935,success
897,2000,8,4,0.0,3.9000000000000017,0.1,0.6,5.399999999999999,4,0,399,101,0,0.291539775779943,0.09648231634236908,success
898,2000,8,4,0.0,3.9000000000000017,0.1,0.6,5.599999999999999,4,0,399,101,0,0.29111957176532793,0.09585814155099415,success
899,2000,8,4,0.0,3.9000000000000017,0.1,0.6,5.799999999999999,4,0,399,101,0,0.29059535625498745,0.09511386491050806,success
900,2000,8,4,0.0,3.9000000000000017,0.1,0.6,5.999999999999999,4,0,399,101,0,0.2903429776473051,0.09483319920618212,success
901,2000,8,4,0.0,3.9000000000000017,0.1,0.6,6.199999999999999,4,0,399,101,0,0.2902786667628826,0.09477386618339824,success
902,2000,8,4,0.0,3.9000000000000017,0.1,0.6,6.399999999999999,4,0,399,101,0,0.2900414115679916,0.09436466660141855,success
903,2000,8,4,0.0,3.9000000000000017,0.1,0.6,6.599999999999999,4,0,399,101,0,0.28998011805186985,0.09430192550154541,success
904,2000,8,4,0.0,3.9000000000000017,0.1,0.6,6.799999999999999,4,0,399,101,0,0.28978339096332073,0.09397935981468335,success
905,2000,8,4,0.0,3.9000000000000017,0.1,0.6,6.999999999999998,4,0,399,101,0,0.2897304493341292,0.09393293052481874,success
906,2000,8,4,0.0,3.9000000000000017,0.1,0.6,7.199999999999998,4,0,399,101,0,0.28970324240976186,0.0938977339944784,success
921,2000,8,4,0.0,4.000000000000002,0.1,0.6,1.0,5,196,304,0,0,,,success
922,2000,8,4,0.0,4.000000000000002,0.1,0.6,1.2,5,103,343,54,0,0.8313352092206228,0.269998445547123,success
923,2000,8,4,0.0,4.000000000000002,0.1,0.6,1.4,5,61,369,70,0,0.7062003474370394,0.3126616205484563,success
907,2000,8,4,0.0,3.9000000000000017,0.1,0.6,7.399999999999999,4,0,399,101,0,0.28963474590346555,0.0937911562201071,success
924,2000,8,4,0.0,4.000000000000002,0.1,0.6,1.5999999999999999,5,47,370,83,0,0.6231857929827523,0.3118751846302115,success
925,2000,8,4,0.0,4.000000000000002,0.1,0.6,1.7999999999999998,5,28,382,90,0,0.5494285830487576,0.304191465367032,success
926,2000,8,4,0.0,4.000000000000002,0.1,0.6,1.9999999999999998,5,19,381,100,0,0.44823230618646326,0.26777467336794425,success
927,2000,8,4,0.0,4.000000000000002,0.1,0.6,2.1999999999999997,5,7,391,102,0,0.3985452152926409,0.22377330802059303,success
908,2000,8,4,0.0,3.9000000000000017,0.1,0.6,7.599999999999999,4,0,399,101,0,0.2896021659525091,0.09373604483149604,success
928,2000,8,4,0.0,4.000000000000002,0.1,0.6,2.3999999999999995,5,4,397,99,0,0.34354585101928736,0.17708436222853752,success
909,2000,8,4,0.0,3.9000000000000017,0.1,0.6,7.799999999999999,4,0,399,101,0,0.2895642845168011,0.09368990238556486,success
929,2000,8,4,0.0,4.000000000000002,0.1,0.6,2.5999999999999996,5,3,399,98,0,0.3210871197813738,0.15148320648246227,success
930,2000,8,4,0.0,4.000000000000002,0.1,0.6,2.8,5,0,401,99,0,0.3100542337893748,0.15640321420976824,success
931,2000,8,4,0.0,4.000000000000002,0.1,0.6,2.9999999999999996,5,0,401,99,0,0.28825524881168924,0.13012861100467749,success
910,2000,8,4,0.0,3.9000000000000017,0.1,0.6,7.999999999999998,4,0,399,101,0,0.2895410416065189,0.09365028037708822,success
932,2000,8,4,0.0,4.000000000000002,0.1,0.6,3.1999999999999993,5,0,401,99,0,0.2824609010908139,0.12064664823189894,success
933,2000,8,4,0.0,4.000000000000002,0.1,0.6,3.3999999999999995,5,0,401,99,0,0.2770420007161007,0.114861997047027,success
911,2000,8,4,0.0,3.9000000000000017,0.1,0.6,8.2,4,0,399,101,0,0.28953684607049573,0.09365095489797581,success
934,2000,8,4,0.0,4.000000000000002,0.1,0.6,3.5999999999999996,5,0,401,99,0,0.27343419119156676,0.11075172261664969,success
912,2000,8,4,0.0,3.9000000000000017,0.1,0.6,8.399999999999999,4,0,399,101,0,0.28952441288870284,0.09362845873563325,success
935,2000,8,4,0.0,4.000000000000002,0.1,0.6,3.7999999999999994,5,0,401,99,0,0.2708026325972381,0.10825231875495486,success
913,2000,8,4,0.0,3.9000000000000017,0.1,0.6,8.599999999999998,4,0,399,101,0,0.2895026816447588,0.0935929570816786,success
936,2000,8,4,0.0,4.000000000000002,0.1,0.6,3.999999999999999,5,0,401,99,0,0.26838108113017345,0.10588252640286151,success
937,2000,8,4,0.0,4.000000000000002,0.1,0.6,4.199999999999999,5,0,401,99,0,0.26733045390022725,0.1043380890903389,success
938,2000,8,4,0.0,4.000000000000002,0.1,0.6,4.3999999999999995,5,0,401,99,0,0.2666106902060563,0.10354408851823989,success
914,2000,8,4,0.0,3.9000000000000017,0.1,0.6,8.799999999999997,4,0,399,101,0,0.2894903114158623,0.09358187187490032,success
915,2000,8,4,0.0,3.9000000000000017,0.1,0.6,8.999999999999998,4,0,399,101,0,0.2894780966433617,0.09356056868523324,success
939,2000,8,4,0.0,4.000000000000002,0.1,0.6,4.6,5,0,401,99,0,0.26572374456962644,0.10265005968017936,success
916,2000,8,4,0.0,3.9000000000000017,0.1,0.6,9.199999999999998,4,0,399,101,0,0.28947591930278604,0.09355760828307363,success
940,2000,8,4,0.0,4.000000000000002,0.1,0.6,4.799999999999999,5,0,401,99,0,0.2652206633590511,0.10222561224811598,success
941,2000,8,4,0.0,4.000000000000002,0.1,0.6,4.999999999999999,5,0,401,99,0,0.26446768943819904,0.10147294071823365,success
942,2000,8,4,0.0,4.000000000000002,0.1,0.6,5.199999999999999,5,0,401,99,0,0.2641316181880271,0.10098388499554328,success
917,2000,8,4,0.0,3.9000000000000017,0.1,0.6,9.399999999999999,4,0,399,101,0,0.28947258439851753,0.09355531537633086,success
918,2000,8,4,0.0,3.9000000000000017,0.1,0.6,9.599999999999998,4,0,399,101,0,0.2894697326036154,0.09354821744318742,success
943,2000,8,4,0.0,4.000000000000002,0.1,0.6,5.399999999999999,5,0,401,99,0,0.263841272775883,0.10056018366194018,success
920,2000,8,4,0.0,3.9000000000000017,0.1,0.6,9.999999999999998,4,0,399,101,0,0.2894522716199286,0.09351390256610734,success
919,2000,8,4,0.0,3.9000000000000017,0.1,0.6,9.799999999999997,4,0,399,101,0,0.2894576082131026,0.09352048812563997,success
944,2000,8,4,0.0,4.000000000000002,0.1,0.6,5.599999999999999,5,0,401,99,0,0.26344801684899677,0.09988373858355473,success
945,2000,8,4,0.0,4.000000000000002,0.1,0.6,5.799999999999999,5,0,401,99,0,0.26329782134258867,0.09965818051042726,success
946,2000,8,4,0.0,4.000000000000002,0.1,0.6,5.999999999999999,5,0,401,99,0,0.26296774282258817,0.09903487535694677,success
947,2000,8,4,0.0,4.000000000000002,0.1,0.6,6.199999999999999,5,0,401,99,0,0.2628587400711533,0.0988539051456803,success
948,2000,8,4,0.0,4.000000000000002,0.1,0.6,6.399999999999999,5,0,401,99,0,0.262789018879315,0.0987684117798306,success
949,2000,8,4,0.0,4.000000000000002,0.1,0.6,6.599999999999999,5,0,401,99,0,0.26276766680165237,0.09873984756467874,success
950,2000,8,4,0.0,4.000000000000002,0.1,0.6,6.799999999999999,5,0,401,99,0,0.26269406611378116,0.09860516400058011,success
951,2000,8,4,0.0,4.000000000000002,0.1,0.6,6.999999999999998,5,0,401,99,0,0.2626140073445803,0.0984694297731995,success
952,2000,8,4,0.0,4.000000000000002,0.1,0.6,7.199999999999998,5,0,401,99,0,0.26257265197379304,0.09840135478976118,success
953,2000,8,4,0.0,4.000000000000002,0.1,0.6,7.399999999999999,5,0,401,99,0,0.26254449858780554,0.09835410388640674,success
954,2000,8,4,0.0,4.000000000000002,0.1,0.6,7.599999999999999,5,0,401,99,0,0.26251418663162274,0.09830312467119239,success
967,2000,8,4,0.0,4.100000000000001,0.1,0.6,1.0,5,185,315,0,0,,,success
968,2000,8,4,0.0,4.100000000000001,0.1,0.6,1.2,5,97,352,51,0,0.8289037125408795,0.2742608815721656,success
969,2000,8,4,0.0,4.100000000000001,0.1,0.6,1.4,5,58,376,66,0,0.7206206855173531,0.30527856538697784,success
970,2000,8,4,0.0,4.100000000000001,0.1,0.6,1.5999999999999999,5,43,379,78,0,0.6291190871351927,0.3075432170228273,success
971,2000,8,4,0.0,4.100000000000001,0.1,0.6,1.7999999999999998,5,24,391,85,0,0.5547461292208519,0.30805701184389994,success
972,2000,8,4,0.0,4.100000000000001,0.1,0.6,1.9999999999999998,5,20,395,85,0,0.44511869596565073,0.2693457227259521,success
955,2000,8,4,0.0,4.000000000000002,0.1,0.6,7.799999999999999,5,0,401,99,0,0.2625035252489839,0.0982986265249587,success
973,2000,8,4,0.0,4.100000000000001,0.1,0.6,2.1999999999999997,5,7,405,88,0,0.3979989776869159,0.22543738065735303,success
974,2000,8,4,0.0,4.100000000000001,0.1,0.6,2.3999999999999995,5,4,411,85,0,0.34319497113754416,0.17454410068007253,success
975,2000,8,4,0.0,4.100000000000001,0.1,0.6,2.5999999999999996,5,3,412,85,0,0.3281458604265308,0.16262923458775785,success
956,2000,8,4,0.0,4.000000000000002,0.1,0.6,7.999999999999998,5,0,401,99,0,0.2624821301091928,0.09826263714687125,success
976,2000,8,4,0.0,4.100000000000001,0.1,0.6,2.8,5,0,414,86,0,0.3153039762530858,0.15878794819572833,success
977,2000,8,4,0.0,4.100000000000001,0.1,0.6,2.9999999999999996,5,0,414,86,0,0.29583139110833107,0.1345189237774084,success
957,2000,8,4,0.0,4.000000000000002,0.1,0.6,8.2,5,0,401,99,0,0.2624799223659913,0.09826484645924684,success
978,2000,8,4,0.0,4.100000000000001,0.1,0.6,3.1999999999999993,5,0,414,86,0,0.28937607227375,0.12436019985914668,success
979,2000,8,4,0.0,4.100000000000001,0.1,0.6,3.3999999999999995,5,0,414,86,0,0.2835940434243078,0.11814348616041254,success
980,2000,8,4,0.0,4.100000000000001,0.1,0.6,3.5999999999999996,5,0,414,86,0,0.27949345301309464,0.11355020766711062,success
958,2000,8,4,0.0,4.000000000000002,0.1,0.6,8.399999999999999,5,0,401,99,0,0.2624736517938835,0.09825487475745637,success
981,2000,8,4,0.0,4.100000000000001,0.1,0.6,3.7999999999999994,5,0,414,86,0,0.2767539108193672,0.11068362311823761,success
959,2000,8,4,0.0,4.000000000000002,0.1,0.6,8.599999999999998,5,0,401,99,0,0.26246521776930887,0.09823929587484413,success
982,2000,8,4,0.0,4.100000000000001,0.1,0.6,3.999999999999999,5,0,414,86,0,0.27413898079530735,0.1084365918689856,success
983,2000,8,4,0.0,4.100000000000001,0.1,0.6,4.199999999999999,5,0,414,86,0,0.2730387532230462,0.10686151004740238,success
960,2000,8,4,0.0,4.000000000000002,0.1,0.6,8.799999999999997,5,0,401,99,0,0.2624587616803588,0.0982295614044642,success
984,2000,8,4,0.0,4.100000000000001,0.1,0.6,4.3999999999999995,5,0,414,86,0,0.27224679279960007,0.10602934279348586,success
961,2000,8,4,0.0,4.000000000000002,0.1,0.6,8.999999999999998,5,0,401,99,0,0.26245481199541815,0.09822228791832323,success
985,2000,8,4,0.0,4.100000000000001,0.1,0.6,4.6,5,0,414,86,0,0.2713173572743601,0.10510735225745285,success
962,2000,8,4,0.0,4.000000000000002,0.1,0.6,9.199999999999998,5,0,401,99,0,0.26244584978709695,0.09820412029433892,success
986,2000,8,4,0.0,4.100000000000001,0.1,0.6,4.799999999999999,5,0,414,86,0,0.27061093737282793,0.10428450856337448,success
963,2000,8,4,0.0,4.000000000000002,0.1,0.6,9.399999999999999,5,0,401,99,0,0.26244423141139867,0.09820119054007194,success
987,2000,8,4,0.0,4.100000000000001,0.1,0.6,4.999999999999999,5,0,414,86,0,0.2698349820563084,0.10359014724950215,success
988,2000,8,4,0.0,4.100000000000001,0.1,0.6,5.199999999999999,5,0,414,86,0,0.26944516280057007,0.10303319257035987,success
964,2000,8,4,0.0,4.000000000000002,0.1,0.6,9.599999999999998,5,0,401,99,0,0.26244222355389385,0.09819912182134215,success
989,2000,8,4,0.0,4.100000000000001,0.1,0.6,5.399999999999999,5,0,414,86,0,0.26912559631321825,0.10258056129074557,success
965,2000,8,4,0.0,4.000000000000002,0.1,0.6,9.799999999999997,5,0,401,99,0,0.26243493406202434,0.09818535551547725,success
966,2000,8,4,0.0,4.000000000000002,0.1,0.6,9.999999999999998,5,0,401,99,0,0.2624359518486935,0.09818990518171915,success
990,2000,8,4,0.0,4.100000000000001,0.1,0.6,5.599999999999999,5,0,414,86,0,0.2687132599101203,0.10194318946103047,success
991,2000,8,4,0.0,4.100000000000001,0.1,0.6,5.799999999999999,5,0,414,86,0,0.26854974394182446,0.10169054159557538,success
992,2000,8,4,0.0,4.100000000000001,0.1,0.6,5.999999999999999,5,0,414,86,0,0.2681913712392374,0.1010493956087217,success
993,2000,8,4,0.0,4.100000000000001,0.1,0.6,6.199999999999999,5,0,414,86,0,0.26804945986463313,0.10081645325461415,success
994,2000,8,4,0.0,4.100000000000001,0.1,0.6,6.399999999999999,5,0,414,86,0,0.26797301964374504,0.10072774553426674,success
995,2000,8,4,0.0,4.100000000000001,0.1,0.6,6.599999999999999,5,0,414,86,0,0.2679441327713116,0.10068617975494874,success
996,2000,8,4,0.0,4.100000000000001,0.1,0.6,6.799999999999999,5,0,414,86,0,0.2678658373945148,0.10054597295568432,success
997,2000,8,4,0.0,4.100000000000001,0.1,0.6,6.999999999999998,5,0,414,86,0,0.2678093419012178,0.10046556773012637,success
998,2000,8,4,0.0,4.100000000000001,0.1,0.6,7.199999999999998,5,0,414,86,0,0.2677626398514758,0.10039643002027576,success
999,2000,8,4,0.0,4.100000000000001,0.1,0.6,7.399999999999999,5,0,414,86,0,0.2677348295102565,0.10035400859564438,success
1000,2000,8,4,0.0,4.100000000000001,0.1,0.6,7.599999999999999,5,0,414,86,0,0.2677004557271107,0.1002987404417191,success
1001,2000,8,4,0.0,4.100000000000001,0.1,0.6,7.799999999999999,5,0,414,86,0,0.26769081913198817,0.10029892936299964,success
1002,2000,8,4,0.0,4.100000000000001,0.1,0.6,7.999999999999998,5,0,414,86,0,0.2676643926556305,0.10025361049189625,success
1003,2000,8,4,0.0,4.100000000000001,0.1,0.6,8.2,5,0,414,86,0,0.26765985744379955,0.10025112122292168,success
1013,2000,8,4,0.0,4.200000000000002,0.1,0.6,1.0,5,175,325,0,0,,,success
1014,2000,8,4,0.0,4.200000000000002,0.1,0.6,1.2,5,90,362,48,0,0.8390435279080178,0.27329304485220923,success
1004,2000,8,4,0.0,4.100000000000001,0.1,0.6,8.399999999999999,5,0,414,86,0,0.26765356209961716,0.10024140238757663,success
1015,2000,8,4,0.0,4.200000000000002,0.1,0.6,1.4,5,53,383,64,0,0.7267860776864861,0.29863521934453113,success
1016,2000,8,4,0.0,4.200000000000002,0.1,0.6,1.5999999999999999,5,37,387,76,0,0.6346193752666384,0.2997288698035533,success
1017,2000,8,4,0.0,4.200000000000002,0.1,0.6,1.7999999999999998,5,21,398,81,0,0.5609377888731182,0.30577957493246566,success
1018,2000,8,4,0.0,4.200000000000002,0.1,0.6,1.9999999999999998,5,18,402,80,0,0.4449575633659961,0.2621517945654815,success
1019,2000,8,4,0.0,4.200000000000002,0.1,0.6,2.1999999999999997,5,7,413,80,0,0.3808824348884469,0.20067723854310798,success
1020,2000,8,4,0.0,4.200000000000002,0.1,0.6,2.3999999999999995,5,3,417,80,0,0.35050438299180253,0.18782181204140153,success
1005,2000,8,4,0.0,4.100000000000001,0.1,0.6,8.599999999999998,5,0,414,86,0,0.26764468754060056,0.10022544784007185,success
1021,2000,8,4,0.0,4.200000000000002,0.1,0.6,2.5999999999999996,5,3,418,79,0,0.32649141935473197,0.15905647302592066,success
1022,2000,8,4,0.0,4.200000000000002,0.1,0.6,2.8,5,0,420,80,0,0.313524224486336,0.15570528263372307,success
1023,2000,8,4,0.0,4.200000000000002,0.1,0.6,2.9999999999999996,5,0,420,80,0,0.29344460036208586,0.12926582665435066,success
1024,2000,8,4,0.0,4.200000000000002,0.1,0.6,3.1999999999999993,5,0,420,80,0,0.2869073639465154,0.118334304981674,success
1006,2000,8,4,0.0,4.100000000000001,0.1,0.6,8.799999999999997,5,0,414,86,0,0.2676382144045609,0.10021710647283724,success
1025,2000,8,4,0.0,4.200000000000002,0.1,0.6,3.3999999999999995,5,0,420,80,0,0.28144137831060473,0.11253985469174176,success
1026,2000,8,4,0.0,4.200000000000002,0.1,0.6,3.5999999999999996,5,0,420,80,0,0.2774865489554087,0.10856343206129068,success
1027,2000,8,4,0.0,4.200000000000002,0.1,0.6,3.7999999999999994,5,0,420,80,0,0.27421168039331406,0.10506222375664667,success
1007,2000,8,4,0.0,4.100000000000001,0.1,0.6,8.999999999999998,5,0,414,86,0,0.26763304928170994,0.10020757423536242,success
1028,2000,8,4,0.0,4.200000000000002,0.1,0.6,3.999999999999999,5,0,420,80,0,0.2719602209841116,0.10317990772741975,success
1029,2000,8,4,0.0,4.200000000000002,0.1,0.6,4.199999999999999,5,0,420,80,0,0.27086237236725735,0.10161288320376823,success
1030,2000,8,4,0.0,4.200000000000002,0.1,0.6,4.3999999999999995,5,0,420,80,0,0.27008436579341993,0.10075861969902675,success
1008,2000,8,4,0.0,4.100000000000001,0.1,0.6,9.199999999999998,5,0,414,86,0,0.26762791259934315,0.10019828866549699,success
1031,2000,8,4,0.0,4.200000000000002,0.1,0.6,4.6,5,0,420,80,0,0.26919910203756797,0.09991565280102026,success
1009,2000,8,4,0.0,4.100000000000001,0.1,0.6,9.399999999999999,5,0,414,86,0,0.2676206790502024,0.10018427191724992,success
1032,2000,8,4,0.0,4.200000000000002,0.1,0.6,4.799999999999999,5,0,420,80,0,0.26861804276901646,0.0993492975220384,success
1010,2000,8,4,0.0,4.100000000000001,0.1,0.6,9.599999999999998,5,0,414,86,0,0.2676185299870851,0.1001818914853516,success
1033,2000,8,4,0.0,4.200000000000002,0.1,0.6,4.999999999999999,5,0,420,80,0,0.267679070894566,0.0983211773116704,success
1011,2000,8,4,0.0,4.100000000000001,0.1,0.6,9.799999999999997,5,0,414,86,0,0.26761560188424166,0.10017803570867229,success
1034,2000,8,4,0.0,4.200000000000002,0.1,0.6,5.199999999999999,5,0,420,80,0,0.26733137967122894,0.09784161728500071,success
1035,2000,8,4,0.0,4.200000000000002,0.1,0.6,5.399999999999999,5,0,420,80,0,0.2670204954069667,0.09738789751387876,success
1012,2000,8,4,0.0,4.100000000000001,0.1,0.6,9.999999999999998,5,0,414,86,0,0.26761005171299623,0.10016921299420971,success
1036,2000,8,4,0.0,4.200000000000002,0.1,0.6,5.599999999999999,5,0,420,80,0,0.2666161561459237,0.09675079930510878,success
1037,2000,8,4,0.0,4.200000000000002,0.1,0.6,5.799999999999999,5,0,420,80,0,0.2664374721455871,0.09648710267872014,success
1038,2000,8,4,0.0,4.200000000000002,0.1,0.6,5.999999999999999,5,0,420,80,0,0.26609130154014576,0.09584025232016988,success
1039,2000,8,4,0.0,4.200000000000002,0.1,0.6,6.199999999999999,5,0,420,80,0,0.26595454337708113,0.09559485806755813,success
1040,2000,8,4,0.0,4.200000000000002,0.1,0.6,6.399999999999999,5,0,420,80,0,0.2658936024037394,0.09552808923779349,success
1041,2000,8,4,0.0,4.200000000000002,0.1,0.6,6.599999999999999,5,0,420,80,0,0.2658510647818961,0.09546244046629199,success
1042,2000,8,4,0.0,4.200000000000002,0.1,0.6,6.799999999999999,5,0,420,80,0,0.265769459897615,0.09531886531681973,success
1043,2000,8,4,0.0,4.200000000000002,0.1,0.6,6.999999999999998,5,0,420,80,0,0.2657346899064647,0.09528709576205607,success
1044,2000,8,4,0.0,4.200000000000002,0.1,0.6,7.199999999999998,5,0,420,80,0,0.2656828438990651,0.09520115691013675,success
1045,2000,8,4,0.0,4.200000000000002,0.1,0.6,7.399999999999999,5,0,420,80,0,0.2656588577087178,0.09516180893547556,success
1046,2000,8,4,0.0,4.200000000000002,0.1,0.6,7.599999999999999,5,0,420,80,0,0.2656326496523099,0.09512175760719592,success
1059,2000,8,4,0.0,4.3000000000000025,0.1,0.6,1.0,5,165,335,0,0,,,success
1047,2000,8,4,0.0,4.200000000000002,0.1,0.6,7.799999999999999,5,0,420,80,0,0.26562949370378136,0.09512887989229354,success
1060,2000,8,4,0.0,4.3000000000000025,0.1,0.6,1.2,5,84,371,45,0,0.8449797631018856,0.26586117163151607,success
1048,2000,8,4,0.0,4.200000000000002,0.1,0.6,7.999999999999998,5,0,420,80,0,0.2656028104017621,0.09508656687334509,success
1049,2000,8,4,0.0,4.200000000000002,0.1,0.6,8.2,5,0,420,80,0,0.26560118837192104,0.09508843864824805,success
1061,2000,8,4,0.0,4.3000000000000025,0.1,0.6,1.4,5,47,394,59,0,0.7248612381785443,0.2977452208245137,success
1050,2000,8,4,0.0,4.200000000000002,0.1,0.6,8.399999999999999,5,0,420,80,0,0.2655993475474011,0.09508712652855576,success
1062,2000,8,4,0.0,4.3000000000000025,0.1,0.6,1.5999999999999999,5,32,395,73,0,0.6469814029694223,0.2983452258957623,success
1063,2000,8,4,0.0,4.3000000000000025,0.1,0.6,1.7999999999999998,5,19,406,75,0,0.5739781135144242,0.3047960979950398,success
1051,2000,8,4,0.0,4.200000000000002,0.1,0.6,8.599999999999998,5,0,420,80,0,0.26559256228109396,0.09507461908670577,success
1064,2000,8,4,0.0,4.3000000000000025,0.1,0.6,1.9999999999999998,5,15,411,74,0,0.4672165162084522,0.2719470177631318,success
1065,2000,8,4,0.0,4.3000000000000025,0.1,0.6,2.1999999999999997,5,7,424,69,0,0.38947811214912065,0.20505688153362236,success
1052,2000,8,4,0.0,4.200000000000002,0.1,0.6,8.799999999999997,5,0,420,80,0,0.26558593853970136,0.09506565484041873,success
1066,2000,8,4,0.0,4.3000000000000025,0.1,0.6,2.3999999999999995,5,3,428,69,0,0.3594541854975827,0.19457149494779383,success
1053,2000,8,4,0.0,4.200000000000002,0.1,0.6,8.999999999999998,5,0,420,80,0,0.2655802647159429,0.09505567078007829,success
1067,2000,8,4,0.0,4.3000000000000025,0.1,0.6,2.5999999999999996,5,3,428,69,0,0.3329123810381934,0.15613386317244768,success
1054,2000,8,4,0.0,4.200000000000002,0.1,0.6,9.199999999999998,5,0,420,80,0,0.2655725321869955,0.09504025811049399,success
1068,2000,8,4,0.0,4.3000000000000025,0.1,0.6,2.8,5,0,430,70,0,0.31837840822040037,0.14648189992397162,success
1069,2000,8,4,0.0,4.3000000000000025,0.1,0.6,2.9999999999999996,5,0,430,70,0,0.30195422635051933,0.12472322939027869,success
1055,2000,8,4,0.0,4.200000000000002,0.1,0.6,9.399999999999999,5,0,420,80,0,0.26556808246558783,0.09503125018931659,success
1070,2000,8,4,0.0,4.3000000000000025,0.1,0.6,3.1999999999999993,5,0,430,70,0,0.29545661669022616,0.11499274406709627,success
1071,2000,8,4,0.0,4.3000000000000025,0.1,0.6,3.3999999999999995,5,0,430,70,0,0.2898179535776934,0.10934841105096614,success
1056,2000,8,4,0.0,4.200000000000002,0.1,0.6,9.599999999999998,5,0,420,80,0,0.2655660611632812,0.0950290963946023,success
1072,2000,8,4,0.0,4.3000000000000025,0.1,0.6,3.5999999999999996,5,0,430,70,0,0.2855445512707429,0.1049975977130185,success
1073,2000,8,4,0.0,4.3000000000000025,0.1,0.6,3.7999999999999994,5,0,430,70,0,0.2821451524697349,0.1017783854621872,success
1074,2000,8,4,0.0,4.3000000000000025,0.1,0.6,3.999999999999999,5,0,430,70,0,0.2798385690039763,0.09970534615177712,success
1057,2000,8,4,0.0,4.200000000000002,0.1,0.6,9.799999999999997,5,0,420,80,0,0.26556430552778426,0.09502747043086389,success
1075,2000,8,4,0.0,4.3000000000000025,0.1,0.6,4.199999999999999,5,0,430,70,0,0.2787325437981917,0.09816043245616103,success
1076,2000,8,4,0.0,4.3000000000000025,0.1,0.6,4.3999999999999995,5,0,430,70,0,0.2778824303413983,0.0972232736140844,success
1077,2000,8,4,0.0,4.3000000000000025,0.1,0.6,4.6,5,0,430,70,0,0.27694609873545323,0.09624108995870301,success
1058,2000,8,4,0.0,4.200000000000002,0.1,0.6,9.999999999999998,5,0,420,80,0,0.2655590617660373,0.09501830646280736,success
1078,2000,8,4,0.0,4.3000000000000025,0.1,0.6,4.799999999999999,5,0,430,70,0,0.2763763901765188,0.09578710160269928,success
1079,2000,8,4,0.0,4.3000000000000025,0.1,0.6,4.999999999999999,5,0,430,70,0,0.27559626098027723,0.09501743956615419,success
1080,2000,8,4,0.0,4.3000000000000025,0.1,0.6,5.199999999999999,5,0,430,70,0,0.27523179509793244,0.09455374608492077,success
1081,2000,8,4,0.0,4.3000000000000025,0.1,0.6,5.399999999999999,5,0,430,70,0,0.2748939618341148,0.09408201856416261,success
1082,2000,8,4,0.0,4.3000000000000025,0.1,0.6,5.599999999999999,5,0,430,70,0,0.27444935396933384,0.09343126893824345,success
1083,2000,8,4,0.0,4.3000000000000025,0.1,0.6,5.799999999999999,5,0,430,70,0,0.27431431471515416,0.09324058732299845,success
1084,2000,8,4,0.0,4.3000000000000025,0.1,0.6,5.999999999999999,5,0,430,70,0,0.2739465908662946,0.09257259543895505,success
1085,2000,8,4,0.0,4.3000000000000025,0.1,0.6,6.199999999999999,5,0,430,70,0,0.27380162635872496,0.0923090787277143,success
1086,2000,8,4,0.0,4.3000000000000025,0.1,0.6,6.399999999999999,5,0,430,70,0,0.273732522803907,0.09223249439938903,success
1087,2000,8,4,0.0,4.3000000000000025,0.1,0.6,6.599999999999999,5,0,430,70,0,0.27369490565028587,0.09217831254299406,success
1088,2000,8,4,0.0,4.3000000000000025,0.1,0.6,6.799999999999999,5,0,430,70,0,0.27359777746897873,0.09201865590325133,success
1089,2000,8,4,0.0,4.3000000000000025,0.1,0.6,6.999999999999998,5,0,430,70,0,0.2735372627697857,0.09192126459188446,success
1090,2000,8,4,0.0,4.3000000000000025,0.1,0.6,7.199999999999998,5,0,430,70,0,0.2734868756403134,0.09184193069650433,success
1091,2000,8,4,0.0,4.3000000000000025,0.1,0.6,7.399999999999999,5,0,430,70,0,0.27345954954488383,0.09179407981747476,success
1092,2000,8,4,0.0,4.3000000000000025,0.1,0.6,7.599999999999999,5,0,430,70,0,0.2734324879500635,0.09175492381472507,success
1093,2000,8,4,0.0,4.3000000000000025,0.1,0.6,7.799999999999999,5,0,430,70,0,0.27342834324241033,0.09175978279015971,success
1105,2000,8,4,0.0,4.400000000000002,0.1,0.6,1.0,5,154,346,0,0,,,success
1106,2000,8,4,0.0,4.400000000000002,0.1,0.6,1.2,5,74,379,47,0,0.8622146667996777,0.2574598731340497,success
1094,2000,8,4,0.0,4.3000000000000025,0.1,0.6,7.999999999999998,5,0,430,70,0,0.2734068160165853,0.09172984345227099,success
1107,2000,8,4,0.0,4.400000000000002,0.1,0.6,1.4,5,40,400,60,0,0.7419888413221293,0.3012131768221345,success
1095,2000,8,4,0.0,4.3000000000000025,0.1,0.6,8.2,5,0,430,70,0,0.27340503690131757,0.09173307362170982,success
1108,2000,8,4,0.0,4.400000000000002,0.1,0.6,1.5999999999999999,5,27,402,71,0,0.6401250130838883,0.29911423092784134,success
1109,2000,8,4,0.0,4.400000000000002,0.1,0.6,1.7999999999999998,5,16,412,72,0,0.5585452356837338,0.30637708054797247,success
1096,2000,8,4,0.0,4.3000000000000025,0.1,0.6,8.399999999999999,5,0,430,70,0,0.2734003779361741,0.09172607899469032,success
1110,2000,8,4,0.0,4.400000000000002,0.1,0.6,1.9999999999999998,5,12,416,72,0,0.46805661064457027,0.28181680210031596,success
1097,2000,8,4,0.0,4.3000000000000025,0.1,0.6,8.599999999999998,5,0,430,70,0,0.2733924264714821,0.0917116971604497,success
1111,2000,8,4,0.0,4.400000000000002,0.1,0.6,2.1999999999999997,5,6,429,65,0,0.3888499948354002,0.22101213302808606,success
1112,2000,8,4,0.0,4.400000000000002,0.1,0.6,2.3999999999999995,5,2,435,63,0,0.3536446635096792,0.2096934570718121,success
1098,2000,8,4,0.0,4.3000000000000025,0.1,0.6,8.799999999999997,5,0,430,70,0,0.27338348042897476,0.091699524396231,success
1113,2000,8,4,0.0,4.400000000000002,0.1,0.6,2.5999999999999996,5,2,435,63,0,0.32853737032743957,0.17355638066783388,success
1099,2000,8,4,0.0,4.3000000000000025,0.1,0.6,8.999999999999998,5,0,430,70,0,0.2733805870237542,0.0916945761225301,success
1114,2000,8,4,0.0,4.400000000000002,0.1,0.6,2.8,5,0,436,64,0,0.3078093482734313,0.14036168097960738,success
1100,2000,8,4,0.0,4.3000000000000025,0.1,0.6,9.199999999999998,5,0,430,70,0,0.27337310161639666,0.09168001559095731,success
1115,2000,8,4,0.0,4.400000000000002,0.1,0.6,2.9999999999999996,5,0,436,64,0,0.29317852678584644,0.12271971059632275,success
1116,2000,8,4,0.0,4.400000000000002,0.1,0.6,3.1999999999999993,5,0,436,64,0,0.28684292075463924,0.11217283659308949,success
1117,2000,8,4,0.0,4.400000000000002,0.1,0.6,3.3999999999999995,5,0,436,64,0,0.2824532166666186,0.10771821099449659,success
1101,2000,8,4,0.0,4.3000000000000025,0.1,0.6,9.399999999999999,5,0,430,70,0,0.2733690561575604,0.09167169051162768,success
1118,2000,8,4,0.0,4.400000000000002,0.1,0.6,3.5999999999999996,5,0,436,64,0,0.2783772975407119,0.10271233923934725,success
1119,2000,8,4,0.0,4.400000000000002,0.1,0.6,3.7999999999999994,5,0,436,64,0,0.275732728039663,0.10021653998154947,success
1102,2000,8,4,0.0,4.3000000000000025,0.1,0.6,9.599999999999998,5,0,430,70,0,0.2733680327286435,0.09167096215553779,success
1120,2000,8,4,0.0,4.400000000000002,0.1,0.6,3.999999999999999,5,0,436,64,0,0.27364940505094737,0.09805638890381857,success
1121,2000,8,4,0.0,4.400000000000002,0.1,0.6,4.199999999999999,5,0,436,64,0,0.272655016365753,0.09665181656455667,success
1103,2000,8,4,0.0,4.3000000000000025,0.1,0.6,9.799999999999997,5,0,430,70,0,0.2733658650398527,0.09166904763915854,success
1104,2000,8,4,0.0,4.3000000000000025,0.1,0.6,9.999999999999998,5,0,430,70,0,0.2733632555199946,0.09166519366397974,success
1122,2000,8,4,0.0,4.400000000000002,0.1,0.6,4.3999999999999995,5,0,436,64,0,0.271895397093999,0.09578660430334646,success
1123,2000,8,4,0.0,4.400000000000002,0.1,0.6,4.6,5,0,436,64,0,0.27101666061631247,0.09477658173689896,success
1124,2000,8,4,0.0,4.400000000000002,0.1,0.6,4.799999999999999,5,0,436,64,0,0.2704928554345546,0.0942582939185844,success
1125,2000,8,4,0.0,4.400000000000002,0.1,0.6,4.999999999999999,5,0,436,64,0,0.26993547954942443,0.09373726294920687,success
1126,2000,8,4,0.0,4.400000000000002,0.1,0.6,5.199999999999999,5,0,436,64,0,0.26960916577374666,0.0933359677964022,success
1127,2000,8,4,0.0,4.400000000000002,0.1,0.6,5.399999999999999,5,0,436,64,0,0.2693190731928725,0.09295508649476365,success
1128,2000,8,4,0.0,4.400000000000002,0.1,0.6,5.599999999999999,5,0,436,64,0,0.2689018536034648,0.09229022384386418,success
1129,2000,8,4,0.0,4.400000000000002,0.1,0.6,5.799999999999999,5,0,436,64,0,0.2687148219336193,0.09203448699789671,success
1130,2000,8,4,0.0,4.400000000000002,0.1,0.6,5.999999999999999,5,0,436,64,0,0.2683340266750501,0.09129549045066745,success
1131,2000,8,4,0.0,4.400000000000002,0.1,0.6,6.199999999999999,5,0,436,64,0,0.2681856203514925,0.09099923019773459,success
1132,2000,8,4,0.0,4.400000000000002,0.1,0.6,6.399999999999999,5,0,436,64,0,0.26812398923933967,0.09093200897830299,success
1133,2000,8,4,0.0,4.400000000000002,0.1,0.6,6.599999999999999,5,0,436,64,0,0.2680790465442755,0.09087329357993333,success
1134,2000,8,4,0.0,4.400000000000002,0.1,0.6,6.799999999999999,5,0,436,64,0,0.2679883880433841,0.09072353083615073,success
1135,2000,8,4,0.0,4.400000000000002,0.1,0.6,6.999999999999998,5,0,436,64,0,0.26792753724250384,0.09062290674976053,success
1136,2000,8,4,0.0,4.400000000000002,0.1,0.6,7.199999999999998,5,0,436,64,0,0.2678864677860955,0.09054551253715558,success
1137,2000,8,4,0.0,4.400000000000002,0.1,0.6,7.399999999999999,5,0,436,64,0,0.26785396978357845,0.09048907361497503,success
1138,2000,8,4,0.0,4.400000000000002,0.1,0.6,7.599999999999999,5,0,436,64,0,0.2678352943210733,0.09045959382195005,success
1139,2000,8,4,0.0,4.400000000000002,0.1,0.6,7.799999999999999,5,0,436,64,0,0.2678398084295887,0.09047178195768983,success
1151,2000,8,4,0.0,4.500000000000002,0.1,0.6,1.0,5,143,357,0,0,,,success
1152,2000,8,4,0.0,4.500000000000002,0.1,0.6,1.2,5,69,385,46,0,0.8713801076188566,0.2524333794760778,success
1140,2000,8,4,0.0,4.400000000000002,0.1,0.6,7.999999999999998,5,0,436,64,0,0.2678217893317452,0.09044549944117018,success
1153,2000,8,4,0.0,4.500000000000002,0.1,0.6,1.4,5,38,406,56,0,0.7563046360548383,0.30727776234533816,success
1154,2000,8,4,0.0,4.500000000000002,0.1,0.6,1.5999999999999999,5,27,411,62,0,0.6303142972002288,0.3125489612850176,success
1141,2000,8,4,0.0,4.400000000000002,0.1,0.6,8.2,5,0,436,64,0,0.26782637321283753,0.09046189776851739,success
1142,2000,8,4,0.0,4.400000000000002,0.1,0.6,8.399999999999999,5,0,436,64,0,0.2678157918038107,0.09044237351914884,success
1155,2000,8,4,0.0,4.500000000000002,0.1,0.6,1.7999999999999998,5,15,421,64,0,0.5363956235976424,0.31041894608687215,success
1143,2000,8,4,0.0,4.400000000000002,0.1,0.6,8.599999999999998,5,0,436,64,0,0.2678101402386023,0.09043212846990388,success
1156,2000,8,4,0.0,4.500000000000002,0.1,0.6,1.9999999999999998,5,10,427,63,0,0.45415559162911123,0.2848021452688475,success
1144,2000,8,4,0.0,4.400000000000002,0.1,0.6,8.799999999999997,5,0,436,64,0,0.26780016029048487,0.09041695945885504,success
1157,2000,8,4,0.0,4.500000000000002,0.1,0.6,2.1999999999999997,5,5,437,58,0,0.38566550031579316,0.23054695003137113,success
1145,2000,8,4,0.0,4.400000000000002,0.1,0.6,8.999999999999998,5,0,436,64,0,0.26779639604909805,0.0904094161192641,success
1158,2000,8,4,0.0,4.500000000000002,0.1,0.6,2.3999999999999995,5,2,442,56,0,0.3351330302566982,0.18633174407890427,success
1159,2000,8,4,0.0,4.500000000000002,0.1,0.6,2.5999999999999996,5,1,442,57,0,0.32125154679641965,0.16147548385400542,success
1146,2000,8,4,0.0,4.400000000000002,0.1,0.6,9.199999999999998,5,0,436,64,0,0.2677900388948544,0.09039769973665476,success
1147,2000,8,4,0.0,4.400000000000002,0.1,0.6,9.399999999999999,5,0,436,64,0,0.26778581593474704,0.09038928741604262,success
1160,2000,8,4,0.0,4.500000000000002,0.1,0.6,2.8,5,0,443,57,0,0.2958367039701574,0.12124932173715226,success
1161,2000,8,4,0.0,4.500000000000002,0.1,0.6,2.9999999999999996,5,0,443,57,0,0.28537252749247805,0.11634493477722432,success
1162,2000,8,4,0.0,4.500000000000002,0.1,0.6,3.1999999999999993,5,0,443,57,0,0.2792832250664814,0.10598706531127271,success
1163,2000,8,4,0.0,4.500000000000002,0.1,0.6,3.3999999999999995,5,0,443,57,0,0.27525288841926104,0.10212176410604967,success
1148,2000,8,4,0.0,4.400000000000002,0.1,0.6,9.599999999999998,5,0,436,64,0,0.26778564953486506,0.09038937944181087,success
1164,2000,8,4,0.0,4.500000000000002,0.1,0.6,3.5999999999999996,5,0,443,57,0,0.2716154694995805,0.0973638156789782,success
1149,2000,8,4,0.0,4.400000000000002,0.1,0.6,9.799999999999997,5,0,436,64,0,0.26778395469302163,0.09038800824475718,success
1165,2000,8,4,0.0,4.500000000000002,0.1,0.6,3.7999999999999994,5,0,443,57,0,0.26931527770066555,0.09485988638719031,success
1166,2000,8,4,0.0,4.500000000000002,0.1,0.6,3.999999999999999,5,0,443,57,0,0.2670682628203797,0.09230928816830801,success
1150,2000,8,4,0.0,4.400000000000002,0.1,0.6,9.999999999999998,5,0,436,64,0,0.26778251338835674,0.09038502736087267,success
1167,2000,8,4,0.0,4.500000000000002,0.1,0.6,4.199999999999999,5,0,443,57,0,0.26617622275694885,0.09105345236118875,success
1168,2000,8,4,0.0,4.500000000000002,0.1,0.6,4.3999999999999995,5,0,443,57,0,0.2655328813012895,0.09063339597911854,success
1169,2000,8,4,0.0,4.500000000000002,0.1,0.6,4.6,5,0,443,57,0,0.2646642948943695,0.08956464684610112,success
1170,2000,8,4,0.0,4.500000000000002,0.1,0.6,4.799999999999999,5,0,443,57,0,0.26425324159740193,0.08919559241724297,success
1171,2000,8,4,0.0,4.500000000000002,0.1,0.6,4.999999999999999,5,0,443,57,0,0.2636377571041416,0.08853724609131645,success
1172,2000,8,4,0.0,4.500000000000002,0.1,0.6,5.199999999999999,5,0,443,57,0,0.26326206595782675,0.08797208893375556,success
1173,2000,8,4,0.0,4.500000000000002,0.1,0.6,5.399999999999999,5,0,443,57,0,0.26307851952029193,0.0878302423646977,success
1174,2000,8,4,0.0,4.500000000000002,0.1,0.6,5.599999999999999,5,0,443,57,0,0.2627076432794778,0.08720662466388396,success
1175,2000,8,4,0.0,4.500000000000002,0.1,0.6,5.799999999999999,5,0,443,57,0,0.2625611486961628,0.0870297252742078,success
1176,2000,8,4,0.0,4.500000000000002,0.1,0.6,5.999999999999999,5,0,443,57,0,0.2621803417633933,0.08622629376719168,success
1177,2000,8,4,0.0,4.500000000000002,0.1,0.6,6.199999999999999,5,0,443,57,0,0.26201620527248976,0.08586424175328301,success
1178,2000,8,4,0.0,4.500000000000002,0.1,0.6,6.399999999999999,5,0,443,57,0,0.26197684350999534,0.08584245360468479,success
1179,2000,8,4,0.0,4.500000000000002,0.1,0.6,6.599999999999999,5,0,443,57,0,0.26193508189408915,0.08578787535911256,success
1180,2000,8,4,0.0,4.500000000000002,0.1,0.6,6.799999999999999,5,0,443,57,0,0.26185484080657373,0.08566873109973985,success
1181,2000,8,4,0.0,4.500000000000002,0.1,0.6,6.999999999999998,5,0,443,57,0,0.26178864760906795,0.08554247190925207,success
1182,2000,8,4,0.0,4.500000000000002,0.1,0.6,7.199999999999998,5,0,443,57,0,0.26175014604240215,0.0854625954382249,success
1183,2000,8,4,0.0,4.500000000000002,0.1,0.6,7.399999999999999,5,0,443,57,0,0.26172679612356364,0.08541909932104605,success
1184,2000,8,4,0.0,4.500000000000002,0.1,0.6,7.599999999999999,5,0,443,57,0,0.26170784021561355,0.08538478774591438,success
1185,2000,8,4,0.0,4.500000000000002,0.1,0.6,7.799999999999999,5,0,443,57,0,0.261709836185412,0.08539231016355725,success
1197,2000,8,4,0.0,4.600000000000002,0.1,0.6,1.0,5,133,367,0,0,,,success
1198,2000,8,4,0.0,4.600000000000002,0.1,0.6,1.2,5,64,397,39,0,0.8513204335588764,0.2646892401145323,success
1199,2000,8,4,0.0,4.600000000000002,0.1,0.6,1.4,5,35,413,52,0,0.7409596690140063,0.3095037382622585,success
1186,2000,8,4,0.0,4.500000000000002,0.1,0.6,7.999999999999998,5,0,443,57,0,0.26169425049253997,0.0853717755518602,success
1200,2000,8,4,0.0,4.600000000000002,0.1,0.6,1.5999999999999999,5,25,419,56,0,0.6010927808192921,0.3088395521185888,success
1187,2000,8,4,0.0,4.500000000000002,0.1,0.6,8.2,5,0,443,57,0,0.2617015634983106,0.08539499716631305,success
1188,2000,8,4,0.0,4.500000000000002,0.1,0.6,8.399999999999999,5,0,443,57,0,0.2616987782862191,0.08539170565118855,success
1189,2000,8,4,0.0,4.500000000000002,0.1,0.6,8.599999999999998,5,0,443,57,0,0.2616891224715517,0.08537042699334596,success
1201,2000,8,4,0.0,4.600000000000002,0.1,0.6,1.7999999999999998,5,14,429,57,0,0.48871745768052977,0.297967291828046,success
1202,2000,8,4,0.0,4.600000000000002,0.1,0.6,1.9999999999999998,5,8,432,60,0,0.4653704558264376,0.301796488344222,success
1190,2000,8,4,0.0,4.500000000000002,0.1,0.6,8.799999999999997,5,0,443,57,0,0.2616826753111791,0.08536056925681526,success
1191,2000,8,4,0.0,4.500000000000002,0.1,0.6,8.999999999999998,5,0,443,57,0,0.26167883723961455,0.08535275416691256,success
1192,2000,8,4,0.0,4.500000000000002,0.1,0.6,9.199999999999998,5,0,443,57,0,0.2616760983787594,0.08534875962590577,success
1203,2000,8,4,0.0,4.600000000000002,0.1,0.6,2.1999999999999997,5,3,442,55,0,0.3970098484196556,0.25291425112277244,success
1204,2000,8,4,0.0,4.600000000000002,0.1,0.6,2.3999999999999995,5,1,447,52,0,0.3290582595929517,0.18684095865790332,success
1193,2000,8,4,0.0,4.500000000000002,0.1,0.6,9.399999999999999,5,0,443,57,0,0.26166913809365444,0.08533250858578496,success
1205,2000,8,4,0.0,4.600000000000002,0.1,0.6,2.5999999999999996,5,0,447,53,0,0.32295164623664335,0.18267873547191224,success
1194,2000,8,4,0.0,4.500000000000002,0.1,0.6,9.599999999999998,5,0,443,57,0,0.26166850229891275,0.0853328116062411,success
1206,2000,8,4,0.0,4.600000000000002,0.1,0.6,2.8,5,0,448,52,0,0.2825731716841423,0.11598305590729002,success
1207,2000,8,4,0.0,4.600000000000002,0.1,0.6,2.9999999999999996,5,0,448,52,0,0.27304512277817516,0.11008812250861294,success
1208,2000,8,4,0.0,4.600000000000002,0.1,0.6,3.1999999999999993,5,0,448,52,0,0.26772365214652283,0.10110941793574062,success
1209,2000,8,4,0.0,4.600000000000002,0.1,0.6,3.3999999999999995,5,0,448,52,0,0.26365021343461287,0.09633986050459008,success
1210,2000,8,4,0.0,4.600000000000002,0.1,0.6,3.5999999999999996,5,0,448,52,0,0.2598903894475674,0.09173325566353309,success
1211,2000,8,4,0.0,4.600000000000002,0.1,0.6,3.7999999999999994,5,0,448,52,0,0.2580208391750119,0.09070699998290167,success
1195,2000,8,4,0.0,4.500000000000002,0.1,0.6,9.799999999999997,5,0,443,57,0,0.2616694391506332,0.08533653292933888,success
1196,2000,8,4,0.0,4.500000000000002,0.1,0.6,9.999999999999998,5,0,443,57,0,0.26166704569215243,0.08533106785984299,success
1212,2000,8,4,0.0,4.600000000000002,0.1,0.6,3.999999999999999,5,0,448,52,0,0.25609973689779897,0.08828833655447155,success
1213,2000,8,4,0.0,4.600000000000002,0.1,0.6,4.199999999999999,5,0,448,52,0,0.25539829165976974,0.08716781166620895,success
1214,2000,8,4,0.0,4.600000000000002,0.1,0.6,4.3999999999999995,5,0,448,52,0,0.25489327443400955,0.08707119949581973,success
1215,2000,8,4,0.0,4.600000000000002,0.1,0.6,4.6,5,0,448,52,0,0.2540085558538576,0.08587222407293721,success
1216,2000,8,4,0.0,4.600000000000002,0.1,0.6,4.799999999999999,5,0,448,52,0,0.253760353640018,0.08574652399779405,success
1217,2000,8,4,0.0,4.600000000000002,0.1,0.6,4.999999999999999,5,0,448,52,0,0.2530045511852967,0.08471740419249937,success
1218,2000,8,4,0.0,4.600000000000002,0.1,0.6,5.199999999999999,5,0,448,52,0,0.25273309415820644,0.08432068719790287,success
1219,2000,8,4,0.0,4.600000000000002,0.1,0.6,5.399999999999999,5,0,448,52,0,0.2525845653332966,0.08424580915385163,success
1220,2000,8,4,0.0,4.600000000000002,0.1,0.6,5.599999999999999,5,0,448,52,0,0.25219987967874224,0.08351815325399425,success
1221,2000,8,4,0.0,4.600000000000002,0.1,0.6,5.799999999999999,5,0,448,52,0,0.25215808923197297,0.08359432561866277,success
1222,2000,8,4,0.0,4.600000000000002,0.1,0.6,5.999999999999999,5,0,448,52,0,0.2518044059180778,0.08277721415874838,success
1223,2000,8,4,0.0,4.600000000000002,0.1,0.6,6.199999999999999,5,0,448,52,0,0.2516312548390855,0.08235545788676499,success
1224,2000,8,4,0.0,4.600000000000002,0.1,0.6,6.399999999999999,5,0,448,52,0,0.2515965068441336,0.0823346330272433,success
1225,2000,8,4,0.0,4.600000000000002,0.1,0.6,6.599999999999999,5,0,448,52,0,0.2515681126880101,0.08229952138457544,success
1226,2000,8,4,0.0,4.600000000000002,0.1,0.6,6.799999999999999,5,0,448,52,0,0.25153361936388874,0.08226786306445966,success
1227,2000,8,4,0.0,4.600000000000002,0.1,0.6,6.999999999999998,5,0,448,52,0,0.2514748354308668,0.08213566156191497,success
1228,2000,8,4,0.0,4.600000000000002,0.1,0.6,7.199999999999998,5,0,448,52,0,0.2514350597981675,0.08204190094801704,success
1229,2000,8,4,0.0,4.600000000000002,0.1,0.6,7.399999999999999,5,0,448,52,0,0.25141392307213123,0.08199711250618304,success
1230,2000,8,4,0.0,4.600000000000002,0.1,0.6,7.599999999999999,5,0,448,52,0,0.25139190171478976,0.08195362756323599,success
1243,2000,8,4,0.0,4.700000000000003,0.1,0.6,1.0,5,123,377,0,0,,,success
1231,2000,8,4,0.0,4.600000000000002,0.1,0.6,7.799999999999999,5,0,448,52,0,0.2513946314503214,0.08196332539066394,success
1244,2000,8,4,0.0,4.700000000000003,0.1,0.6,1.2,5,60,406,34,0,0.8441616737881229,0.2724025562820897,success
1232,2000,8,4,0.0,4.600000000000002,0.1,0.6,7.999999999999998,5,0,448,52,0,0.2513958056855302,0.08197587702529133,success
1233,2000,8,4,0.0,4.600000000000002,0.1,0.6,8.2,5,0,448,52,0,0.25140226190192483,0.08199980744251285,success
1245,2000,8,4,0.0,4.700000000000003,0.1,0.6,1.4,5,32,424,44,0,0.7638253669247027,0.30258414730217,success
1234,2000,8,4,0.0,4.600000000000002,0.1,0.6,8.399999999999999,5,0,448,52,0,0.25139815127823817,0.081992186201747,success
1246,2000,8,4,0.0,4.700000000000003,0.1,0.6,1.5999999999999999,5,23,427,50,0,0.6522167068682196,0.3068447306771033,success
1235,2000,8,4,0.0,4.600000000000002,0.1,0.6,8.599999999999998,5,0,448,52,0,0.2513867185576822,0.08196448130273322,success
1247,2000,8,4,0.0,4.700000000000003,0.1,0.6,1.7999999999999998,5,12,441,47,0,0.5030320955430803,0.2953245879923661,success
1236,2000,8,4,0.0,4.600000000000002,0.1,0.6,8.799999999999997,5,0,448,52,0,0.25138379385294723,0.08196163413451864,success
1248,2000,8,4,0.0,4.700000000000003,0.1,0.6,1.9999999999999998,5,7,443,50,0,0.46738583866833605,0.3007798169231096,success
1249,2000,8,4,0.0,4.700000000000003,0.1,0.6,2.1999999999999997,5,3,451,46,0,0.3996257652542351,0.25181680127859957,success
1237,2000,8,4,0.0,4.600000000000002,0.1,0.6,8.999999999999998,5,0,448,52,0,0.25137882615854046,0.08195000796662193,success
1238,2000,8,4,0.0,4.600000000000002,0.1,0.6,9.199999999999998,5,0,448,52,0,0.25137663454218556,0.08194499059463936,success
1250,2000,8,4,0.0,4.700000000000003,0.1,0.6,2.3999999999999995,5,1,455,44,0,0.33326794331635085,0.18932831938770758,success
1239,2000,8,4,0.0,4.600000000000002,0.1,0.6,9.399999999999999,5,0,448,52,0,0.2513710896814415,0.08193087972360008,success
1251,2000,8,4,0.0,4.700000000000003,0.1,0.6,2.5999999999999996,5,0,455,45,0,0.3292435147966855,0.18601592851988208,success
1252,2000,8,4,0.0,4.700000000000003,0.1,0.6,2.8,5,0,456,44,0,0.284894443641976,0.11410201411976634,success
1253,2000,8,4,0.0,4.700000000000003,0.1,0.6,2.9999999999999996,5,0,456,44,0,0.2734199678163907,0.10729311316647595,success
1240,2000,8,4,0.0,4.600000000000002,0.1,0.6,9.599999999999998,5,0,448,52,0,0.2513693007716312,0.08192811417725726,success
1254,2000,8,4,0.0,4.700000000000003,0.1,0.6,3.1999999999999993,5,0,456,44,0,0.2681477106782298,0.09857205361414956,success
1241,2000,8,4,0.0,4.600000000000002,0.1,0.6,9.799999999999997,5,0,448,52,0,0.2513726044577489,0.08193635131073698,success
1255,2000,8,4,0.0,4.700000000000003,0.1,0.6,3.3999999999999995,5,0,456,44,0,0.2640875784474992,0.09385575718360745,success
1242,2000,8,4,0.0,4.600000000000002,0.1,0.6,9.999999999999998,5,0,448,52,0,0.2513711058703774,0.08193309587083625,success
1256,2000,8,4,0.0,4.700000000000003,0.1,0.6,3.5999999999999996,5,0,456,44,0,0.26040670699205143,0.0899267429568317,success
1257,2000,8,4,0.0,4.700000000000003,0.1,0.6,3.7999999999999994,5,0,456,44,0,0.2587571805961148,0.08910359021021622,success
1258,2000,8,4,0.0,4.700000000000003,0.1,0.6,3.999999999999999,5,0,456,44,0,0.2567202384922582,0.08651503761336747,success
1259,2000,8,4,0.0,4.700000000000003,0.1,0.6,4.199999999999999,5,0,456,44,0,0.25603633166333223,0.08542470015772473,success
1260,2000,8,4,0.0,4.700000000000003,0.1,0.6,4.3999999999999995,5,0,456,44,0,0.2556444194617633,0.08545937036103068,success
1261,2000,8,4,0.0,4.700000000000003,0.1,0.6,4.6,5,0,456,44,0,0.2549104132890074,0.08441724071915574,success
1262,2000,8,4,0.0,4.700000000000003,0.1,0.6,4.799999999999999,5,0,456,44,0,0.254692427618878,0.08447283399923224,success
1263,2000,8,4,0.0,4.700000000000003,0.1,0.6,4.999999999999999,5,0,456,44,0,0.25396907286395903,0.08330311005898014,success
1264,2000,8,4,0.0,4.700000000000003,0.1,0.6,5.199999999999999,5,0,456,44,0,0.2536610834065742,0.08280907004588414,success
1265,2000,8,4,0.0,4.700000000000003,0.1,0.6,5.399999999999999,5,0,456,44,0,0.2535882546949554,0.0829445360477671,success
1266,2000,8,4,0.0,4.700000000000003,0.1,0.6,5.599999999999999,5,0,456,44,0,0.25322167173818877,0.08226717965534552,success
1267,2000,8,4,0.0,4.700000000000003,0.1,0.6,5.799999999999999,5,0,456,44,0,0.25319468282126195,0.08233149333547396,success
1268,2000,8,4,0.0,4.700000000000003,0.1,0.6,5.999999999999999,5,0,456,44,0,0.2528119366990371,0.08152639258572983,success
1269,2000,8,4,0.0,4.700000000000003,0.1,0.6,6.199999999999999,5,0,456,44,0,0.2526294936392253,0.08109520165568393,success
1270,2000,8,4,0.0,4.700000000000003,0.1,0.6,6.399999999999999,5,0,456,44,0,0.25260198457373334,0.08109241904056055,success
1271,2000,8,4,0.0,4.700000000000003,0.1,0.6,6.599999999999999,5,0,456,44,0,0.2525755420896042,0.08105210021514568,success
1272,2000,8,4,0.0,4.700000000000003,0.1,0.6,6.799999999999999,5,0,456,44,0,0.25254528466052223,0.08102264379223474,success
1273,2000,8,4,0.0,4.700000000000003,0.1,0.6,6.999999999999998,5,0,456,44,0,0.2524801100257598,0.08087637158074977,success
1274,2000,8,4,0.0,4.700000000000003,0.1,0.6,7.199999999999998,5,0,456,44,0,0.25245166158313265,0.08081408874543704,success
1275,2000,8,4,0.0,4.700000000000003,0.1,0.6,7.399999999999999,5,0,456,44,0,0.25243112736326556,0.0807711700274887,success
1276,2000,8,4,0.0,4.700000000000003,0.1,0.6,7.599999999999999,5,0,456,44,0,0.25240862580627976,0.08072879677347043,success
1277,2000,8,4,0.0,4.700000000000003,0.1,0.6,7.799999999999999,5,0,456,44,0,0.2524159087869035,0.0807474670740103,success
1278,2000,8,4,0.0,4.700000000000003,0.1,0.6,7.999999999999998,5,0,456,44,0,0.2524115135519907,0.08074637428395966,success
1289,2000,8,4,0.0,4.8000000000000025,0.1,0.6,1.0,5,112,388,0,0,,,success
1290,2000,8,4,0.0,4.8000000000000025,0.1,0.6,1.2,5,51,417,32,0,0.8500467783998805,0.2726727267821426,success
1279,2000,8,4,0.0,4.700000000000003,0.1,0.6,8.2,5,0,456,44,0,0.2524169332324732,0.08076521788446066,success
1291,2000,8,4,0.0,4.8000000000000025,0.1,0.6,1.4,5,26,436,38,0,0.7569118763410062,0.3168372733792613,success
1280,2000,8,4,0.0,4.700000000000003,0.1,0.6,8.399999999999999,5,0,456,44,0,0.25241455199443275,0.08076195168904499,success
1292,2000,8,4,0.0,4.8000000000000025,0.1,0.6,1.5999999999999999,5,19,440,41,0,0.607974772479976,0.31465557170090447,success
1281,2000,8,4,0.0,4.700000000000003,0.1,0.6,8.599999999999998,5,0,456,44,0,0.25240361463587396,0.08073556196518596,success
1293,2000,8,4,0.0,4.8000000000000025,0.1,0.6,1.7999999999999998,5,9,450,41,0,0.4983379499769693,0.319203965212966,success
1282,2000,8,4,0.0,4.700000000000003,0.1,0.6,8.799999999999997,5,0,456,44,0,0.2524014082785605,0.08073303750432713,success
1294,2000,8,4,0.0,4.8000000000000025,0.1,0.6,1.9999999999999998,5,5,455,40,0,0.42894582100177797,0.29852409629367554,success
1283,2000,8,4,0.0,4.700000000000003,0.1,0.6,8.999999999999998,5,0,456,44,0,0.2523967152275271,0.08072224491553834,success
1295,2000,8,4,0.0,4.8000000000000025,0.1,0.6,2.1999999999999997,5,2,462,36,0,0.3390505546027518,0.2156295505969744,success
1284,2000,8,4,0.0,4.700000000000003,0.1,0.6,9.199999999999998,5,0,456,44,0,0.2523946169899033,0.08071716458286946,success
1296,2000,8,4,0.0,4.8000000000000025,0.1,0.6,2.3999999999999995,5,1,466,33,0,0.2600352759279834,0.08702434201169718,success
1285,2000,8,4,0.0,4.700000000000003,0.1,0.6,9.399999999999999,5,0,456,44,0,0.2523901212061381,0.08070709964295694,success
1297,2000,8,4,0.0,4.8000000000000025,0.1,0.6,2.5999999999999996,5,0,466,34,0,0.2645323567135416,0.10379962085750259,success
1286,2000,8,4,0.0,4.700000000000003,0.1,0.6,9.599999999999998,5,0,456,44,0,0.2523887418594252,0.08070450147377024,success
1298,2000,8,4,0.0,4.8000000000000025,0.1,0.6,2.8,5,0,466,34,0,0.2521598712115305,0.08911435204712251,success
1299,2000,8,4,0.0,4.8000000000000025,0.1,0.6,2.9999999999999996,5,0,466,34,0,0.24948861675785286,0.08508209974359521,success
1300,2000,8,4,0.0,4.8000000000000025,0.1,0.6,3.1999999999999993,5,0,466,34,0,0.24506686378051845,0.07656629437011682,success
1287,2000,8,4,0.0,4.700000000000003,0.1,0.6,9.799999999999997,5,0,456,44,0,0.2523896972618518,0.08070587031848614,success
1301,2000,8,4,0.0,4.8000000000000025,0.1,0.6,3.3999999999999995,5,0,466,34,0,0.24109552517413804,0.0713646455600456,success
1288,2000,8,4,0.0,4.700000000000003,0.1,0.6,9.999999999999998,5,0,456,44,0,0.25239030763906983,0.08070783323650293,success
1302,2000,8,4,0.0,4.8000000000000025,0.1,0.6,3.5999999999999996,5,0,466,34,0,0.2389447237280341,0.06884227445726529,success
1303,2000,8,4,0.0,4.8000000000000025,0.1,0.6,3.7999999999999994,5,0,466,34,0,0.23838424777495437,0.06849460870808083,success
1304,2000,8,4,0.0,4.8000000000000025,0.1,0.6,3.999999999999999,5,0,466,34,0,0.23792510784758716,0.06840223499199992,success
1305,2000,8,4,0.0,4.8000000000000025,0.1,0.6,4.199999999999999,5,0,466,34,0,0.2373668046925652,0.06760679606807206,success
1306,2000,8,4,0.0,4.8000000000000025,0.1,0.6,4.3999999999999995,5,0,466,34,0,0.2372581266110424,0.06764138184845485,success
1307,2000,8,4,0.0,4.8000000000000025,0.1,0.6,4.6,5,0,466,34,0,0.23686943704167387,0.06732213137676893,success
1308,2000,8,4,0.0,4.8000000000000025,0.1,0.6,4.799999999999999,5,0,466,34,0,0.23698068199658695,0.06771904398427121,success
1309,2000,8,4,0.0,4.8000000000000025,0.1,0.6,4.999999999999999,5,0,466,34,0,0.23605549655985994,0.06635430578126005,success
1310,2000,8,4,0.0,4.8000000000000025,0.1,0.6,5.199999999999999,5,0,466,34,0,0.23583005426368486,0.06605976705677828,success
1311,2000,8,4,0.0,4.8000000000000025,0.1,0.6,5.399999999999999,5,0,466,34,0,0.23570635550719712,0.06593091223137403,success
1312,2000,8,4,0.0,4.8000000000000025,0.1,0.6,5.599999999999999,5,0,466,34,0,0.23549944651248614,0.06556899750725742,success
1313,2000,8,4,0.0,4.8000000000000025,0.1,0.6,5.799999999999999,5,0,466,34,0,0.23551542118723917,0.06558014892754734,success
1314,2000,8,4,0.0,4.8000000000000025,0.1,0.6,5.999999999999999,5,0,466,34,0,0.2352030915724632,0.06513992457376241,success
1315,2000,8,4,0.0,4.8000000000000025,0.1,0.6,6.199999999999999,5,0,466,34,0,0.23505179748602395,0.06487050643552086,success
1316,2000,8,4,0.0,4.8000000000000025,0.1,0.6,6.399999999999999,5,0,466,34,0,0.2350227424041494,0.06484966376040721,success
1317,2000,8,4,0.0,4.8000000000000025,0.1,0.6,6.599999999999999,5,0,466,34,0,0.2349987740376742,0.0648009833545853,success
1318,2000,8,4,0.0,4.8000000000000025,0.1,0.6,6.799999999999999,5,0,466,34,0,0.23500569421629947,0.06481336029731244,success
1319,2000,8,4,0.0,4.8000000000000025,0.1,0.6,6.999999999999998,5,0,466,34,0,0.23499954903739909,0.06480139580088494,success
1320,2000,8,4,0.0,4.8000000000000025,0.1,0.6,7.199999999999998,5,0,466,34,0,0.23498836902465714,0.06478855174308223,success
1321,2000,8,4,0.0,4.8000000000000025,0.1,0.6,7.399999999999999,5,0,466,34,0,0.2349803610630546,0.06477737825689907,success
1322,2000,8,4,0.0,4.8000000000000025,0.1,0.6,7.599999999999999,5,0,466,34,0,0.2349758606349119,0.06477046502051777,success
1323,2000,8,4,0.0,4.8000000000000025,0.1,0.6,7.799999999999999,5,0,466,34,0,0.2349818370565474,0.06478081407251485,success
1324,2000,8,4,0.0,4.8000000000000025,0.1,0.6,7.999999999999998,5,0,466,34,0,0.23497873485955179,0.0647781994616766,success
1335,2000,8,4,0.0,4.900000000000002,0.1,0.6,1.0,5,100,400,0,0,,,success
1325,2000,8,4,0.0,4.8000000000000025,0.1,0.6,8.2,5,0,466,34,0,0.23498250750896998,0.06478646952743414,success
1336,2000,8,4,0.0,4.900000000000002,0.1,0.6,1.2,5,44,429,27,0,0.8747411836418064,0.24785937738832386,success
1337,2000,8,4,0.0,4.900000000000002,0.1,0.6,1.4,5,22,445,33,0,0.764603011457717,0.3087961105222011,success
1326,2000,8,4,0.0,4.8000000000000025,0.1,0.6,8.399999999999999,5,0,466,34,0,0.23498217412020656,0.06478700000959661,success
1338,2000,8,4,0.0,4.900000000000002,0.1,0.6,1.5999999999999999,5,16,446,38,0,0.6244026866259828,0.31590754379442443,success
1327,2000,8,4,0.0,4.8000000000000025,0.1,0.6,8.599999999999998,5,0,466,34,0,0.23497925520619423,0.06478112635434663,success
1328,2000,8,4,0.0,4.8000000000000025,0.1,0.6,8.799999999999997,5,0,466,34,0,0.23497937165116337,0.06478262997580782,success
1339,2000,8,4,0.0,4.900000000000002,0.1,0.6,1.7999999999999998,5,6,457,37,0,0.49473787162967475,0.319505662657773,success
1340,2000,8,4,0.0,4.900000000000002,0.1,0.6,1.9999999999999998,5,2,463,35,0,0.41472916427349477,0.2993122799000767,success
1329,2000,8,4,0.0,4.8000000000000025,0.1,0.6,8.999999999999998,5,0,466,34,0,0.2349778564957387,0.0647798969124014,success
1341,2000,8,4,0.0,4.900000000000002,0.1,0.6,2.1999999999999997,5,1,470,29,0,0.329493964544351,0.23228961446150825,success
1330,2000,8,4,0.0,4.8000000000000025,0.1,0.6,9.199999999999998,5,0,466,34,0,0.23497704382280005,0.06477846846512493,success
1331,2000,8,4,0.0,4.8000000000000025,0.1,0.6,9.399999999999999,5,0,466,34,0,0.23497502642457793,0.06477553298324487,success
1342,2000,8,4,0.0,4.900000000000002,0.1,0.6,2.3999999999999995,5,1,473,26,0,0.24719556968792306,0.08366627581280021,success
1343,2000,8,4,0.0,4.900000000000002,0.1,0.6,2.5999999999999996,5,0,473,27,0,0.25430298891777586,0.10751924921048243,success
1332,2000,8,4,0.0,4.8000000000000025,0.1,0.6,9.599999999999998,5,0,466,34,0,0.2349735779904109,0.06477224958350583,success
1333,2000,8,4,0.0,4.8000000000000025,0.1,0.6,9.799999999999997,5,0,466,34,0,0.23497409750957146,0.0647735025701406,success
1344,2000,8,4,0.0,4.900000000000002,0.1,0.6,2.8,5,0,473,27,0,0.243801256190144,0.09490919658922936,success
1334,2000,8,4,0.0,4.8000000000000025,0.1,0.6,9.999999999999998,5,0,466,34,0,0.23497341732673874,0.06477240894207449,success
1345,2000,8,4,0.0,4.900000000000002,0.1,0.6,2.9999999999999996,5,0,473,27,0,0.23579037170024567,0.08659680967982905,success
1346,2000,8,4,0.0,4.900000000000002,0.1,0.6,3.1999999999999993,5,0,473,27,0,0.2319149692350051,0.07663036640277585,success
1347,2000,8,4,0.0,4.900000000000002,0.1,0.6,3.3999999999999995,5,0,473,27,0,0.22940487159390893,0.07213465264893941,success
1348,2000,8,4,0.0,4.900000000000002,0.1,0.6,3.5999999999999996,5,0,473,27,0,0.2275901428862701,0.0693556432916605,success
1349,2000,8,4,0.0,4.900000000000002,0.1,0.6,3.7999999999999994,5,0,473,27,0,0.22715321328642982,0.06913310751346034,success
1350,2000,8,4,0.0,4.900000000000002,0.1,0.6,3.999999999999999,5,0,473,27,0,0.2255837977120461,0.06724745143139664,success
1351,2000,8,4,0.0,4.900000000000002,0.1,0.6,4.199999999999999,5,0,473,27,0,0.2250699177512606,0.06644539250934571,success
1352,2000,8,4,0.0,4.900000000000002,0.1,0.6,4.3999999999999995,5,0,473,27,0,0.22473501494080605,0.06599308451013323,success
1353,2000,8,4,0.0,4.900000000000002,0.1,0.6,4.6,5,0,473,27,0,0.22426711830529178,0.06527221097751919,success
1354,2000,8,4,0.0,4.900000000000002,0.1,0.6,4.799999999999999,5,0,473,27,0,0.22425162385742262,0.06558387653640797,success
1355,2000,8,4,0.0,4.900000000000002,0.1,0.6,4.999999999999999,5,0,473,27,0,0.2238982777330587,0.06503558248759725,success
1356,2000,8,4,0.0,4.900000000000002,0.1,0.6,5.199999999999999,5,0,473,27,0,0.2237217869427754,0.06473740423119848,success
1357,2000,8,4,0.0,4.900000000000002,0.1,0.6,5.399999999999999,5,0,473,27,0,0.22368931117892313,0.06473885461490858,success
1358,2000,8,4,0.0,4.900000000000002,0.1,0.6,5.599999999999999,5,0,473,27,0,0.22356725077615863,0.06448787568506494,success
1359,2000,8,4,0.0,4.900000000000002,0.1,0.6,5.799999999999999,5,0,473,27,0,0.22353478563760942,0.0643939975806126,success
1360,2000,8,4,0.0,4.900000000000002,0.1,0.6,5.999999999999999,5,0,473,27,0,0.22349825699657877,0.06439300654118173,success
1361,2000,8,4,0.0,4.900000000000002,0.1,0.6,6.199999999999999,5,0,473,27,0,0.22336950105685158,0.06410730398040537,success
1362,2000,8,4,0.0,4.900000000000002,0.1,0.6,6.399999999999999,5,0,473,27,0,0.2233535845070063,0.06409403487244922,success
1363,2000,8,4,0.0,4.900000000000002,0.1,0.6,6.599999999999999,5,0,473,27,0,0.22332950809015503,0.06403739575987535,success
1364,2000,8,4,0.0,4.900000000000002,0.1,0.6,6.799999999999999,5,0,473,27,0,0.22331860230600495,0.06402016452561865,success
1365,2000,8,4,0.0,4.900000000000002,0.1,0.6,6.999999999999998,5,0,473,27,0,0.2233065269421568,0.06399738982932109,success
1366,2000,8,4,0.0,4.900000000000002,0.1,0.6,7.199999999999998,5,0,473,27,0,0.2233076031030238,0.06400127127625921,success
1367,2000,8,4,0.0,4.900000000000002,0.1,0.6,7.399999999999999,5,0,473,27,0,0.22330298818732588,0.06399348625507714,success
1368,2000,8,4,0.0,4.900000000000002,0.1,0.6,7.599999999999999,5,0,473,27,0,0.22330212408894387,0.06399285845238216,success
1369,2000,8,4,0.0,4.900000000000002,0.1,0.6,7.799999999999999,5,0,473,27,0,0.22331098867699276,0.06401063741483964,success
1370,2000,8,4,0.0,4.900000000000002,0.1,0.6,7.999999999999998,5,0,473,27,0,0.22330879217798164,0.06400870808955368,success
1371,2000,8,4,0.0,4.900000000000002,0.1,0.6,8.2,5,0,473,27,0,0.223308643497983,0.06401023761220588,success
1381,2000,8,4,0.0,5.000000000000003,0.1,0.6,1.0,6,71,429,0,0,,,success
1382,2000,8,4,0.0,5.000000000000003,0.1,0.6,1.2,6,34,441,25,0,0.843177409860643,0.2736088079245704,success
1383,2000,8,4,0.0,5.000000000000003,0.1,0.6,1.4,6,12,459,29,0,0.7063184040194097,0.34539774954306457,success
1372,2000,8,4,0.0,4.900000000000002,0.1,0.6,8.399999999999999,5,0,473,27,0,0.22331182319798568,0.06401767285393088,success
1384,2000,8,4,0.0,5.000000000000003,0.1,0.6,1.5999999999999999,6,8,467,25,0,0.6047963692192646,0.36330044575563053,success
1385,2000,8,4,0.0,5.000000000000003,0.1,0.6,1.7999999999999998,6,3,474,23,0,0.5135774159892735,0.3796605851252931,success
1373,2000,8,4,0.0,4.900000000000002,0.1,0.6,8.599999999999998,5,0,473,27,0,0.22330935681455466,0.06401184683535911,success
1374,2000,8,4,0.0,4.900000000000002,0.1,0.6,8.799999999999997,5,0,473,27,0,0.22330862854019531,0.06401098846352968,success
1386,2000,8,4,0.0,5.000000000000003,0.1,0.6,1.9999999999999998,6,3,477,20,0,0.3448770120892674,0.28950525046055403,success
1387,2000,8,4,0.0,5.000000000000003,0.1,0.6,2.1999999999999997,6,0,482,18,0,0.2585600778201649,0.20840660380440282,success
1375,2000,8,4,0.0,4.900000000000002,0.1,0.6,8.999999999999998,5,0,473,27,0,0.22330386779449252,0.06400031439886551,success
1376,2000,8,4,0.0,4.900000000000002,0.1,0.6,9.199999999999998,5,0,473,27,0,0.2233037185906212,0.06400011723694607,success
1388,2000,8,4,0.0,5.000000000000003,0.1,0.6,2.3999999999999995,6,0,483,17,0,0.2395244189054533,0.20601809478077163,success
1377,2000,8,4,0.0,4.900000000000002,0.1,0.6,9.399999999999999,5,0,473,27,0,0.2233031836782633,0.06399897558273498,success
1378,2000,8,4,0.0,4.900000000000002,0.1,0.6,9.599999999999998,5,0,473,27,0,0.22330271641784047,0.06399793723797721,success
1389,2000,8,4,0.0,5.000000000000003,0.1,0.6,2.5999999999999996,6,0,483,17,0,0.2200004251056119,0.13996475382602444,success
1390,2000,8,4,0.0,5.000000000000003,0.1,0.6,2.8,6,0,483,17,0,0.20550762242121273,0.09504772979460191,success
1379,2000,8,4,0.0,4.900000000000002,0.1,0.6,9.799999999999997,5,0,473,27,0,0.22330206162912253,0.06399641450105008,success
1380,2000,8,4,0.0,4.900000000000002,0.1,0.6,9.999999999999998,5,0,473,27,0,0.22330283411339075,0.06399853356402037,success
1391,2000,8,4,0.0,5.000000000000003,0.1,0.6,2.9999999999999996,6,0,483,17,0,0.20038840117280637,0.09128518000533237,success
1392,2000,8,4,0.0,5.000000000000003,0.1,0.6,3.1999999999999993,6,0,483,17,0,0.19781179649602912,0.08532917910804386,success
1393,2000,8,4,0.0,5.000000000000003,0.1,0.6,3.3999999999999995,6,0,483,17,0,0.19622522014832525,0.0823041688143269,success
1394,2000,8,4,0.0,5.000000000000003,0.1,0.6,3.5999999999999996,6,0,483,17,0,0.1936350340749879,0.07698989901457402,success
1395,2000,8,4,0.0,5.000000000000003,0.1,0.6,3.7999999999999994,6,0,483,17,0,0.190916527923369,0.07084395854122741,success
1396,2000,8,4,0.0,5.000000000000003,0.1,0.6,3.999999999999999,6,0,483,17,0,0.18963300087470406,0.06955916209408584,success
1397,2000,8,4,0.0,5.000000000000003,0.1,0.6,4.199999999999999,6,0,483,17,0,0.18937518617718035,0.06914345337195583,success
1398,2000,8,4,0.0,5.000000000000003,0.1,0.6,4.3999999999999995,6,0,483,17,0,0.1891789228866808,0.06887180503657007,success
1399,2000,8,4,0.0,5.000000000000003,0.1,0.6,4.6,6,0,483,17,0,0.1882354185628194,0.06680444200336619,success
1400,2000,8,4,0.0,5.000000000000003,0.1,0.6,4.799999999999999,6,0,483,17,0,0.18783715450235267,0.06605736181469017,success
1401,2000,8,4,0.0,5.000000000000003,0.1,0.6,4.999999999999999,6,0,483,17,0,0.18779259265139894,0.06615982253057076,success
1402,2000,8,4,0.0,5.000000000000003,0.1,0.6,5.199999999999999,6,0,483,17,0,0.1877311741679439,0.06607525022544469,success
1403,2000,8,4,0.0,5.000000000000003,0.1,0.6,5.399999999999999,6,0,483,17,0,0.1876289267936201,0.06589729197178673,success
1404,2000,8,4,0.0,5.000000000000003,0.1,0.6,5.599999999999999,6,0,483,17,0,0.1875070309497343,0.0655746919959372,success
1405,2000,8,4,0.0,5.000000000000003,0.1,0.6,5.799999999999999,6,0,483,17,0,0.1874526740111706,0.06546407409042383,success
1406,2000,8,4,0.0,5.000000000000003,0.1,0.6,5.999999999999999,6,0,483,17,0,0.18741936364810713,0.06545141669717253,success
1407,2000,8,4,0.0,5.000000000000003,0.1,0.6,6.199999999999999,6,0,483,17,0,0.18740190192694753,0.06541396009986633,success
1408,2000,8,4,0.0,5.000000000000003,0.1,0.6,6.399999999999999,6,0,483,17,0,0.18739739170580433,0.06541616240876516,success
1409,2000,8,4,0.0,5.000000000000003,0.1,0.6,6.599999999999999,6,0,483,17,0,0.18738447156746196,0.0653855420273179,success
1410,2000,8,4,0.0,5.000000000000003,0.1,0.6,6.799999999999999,6,0,483,17,0,0.18733652817559024,0.0652757253259325,success
1411,2000,8,4,0.0,5.000000000000003,0.1,0.6,6.999999999999998,6,0,483,17,0,0.18734988735618158,0.06531301888470736,success
1412,2000,8,4,0.0,5.000000000000003,0.1,0.6,7.199999999999998,6,0,483,17,0,0.18734931676451738,0.06531728786256569,success
1413,2000,8,4,0.0,5.000000000000003,0.1,0.6,7.399999999999999,6,0,483,17,0,0.18734985415461497,0.06531787440109506,success
1414,2000,8,4,0.0,5.000000000000003,0.1,0.6,7.599999999999999,6,0,483,17,0,0.18733977619815723,0.06528987200792606,success
1415,2000,8,4,0.0,5.000000000000003,0.1,0.6,7.799999999999999,6,0,483,17,0,0.18733889061452813,0.0652912270448973,success
1416,2000,8,4,0.0,5.000000000000003,0.1,0.6,7.999999999999998,6,0,483,17,0,0.18733832375142032,0.06528766249835258,success
1417,2000,8,4,0.0,5.000000000000003,0.1,0.6,8.2,6,0,483,17,0,0.1873390286399274,0.06528986473192856,success
1418,2000,8,4,0.0,5.000000000000003,0.1,0.6,8.399999999999999,6,0,483,17,0,0.18733852638610846,0.06528925916810642,success
1419,2000,8,4,0.0,5.000000000000003,0.1,0.6,8.599999999999998,6,0,483,17,0,0.18733860416494008,0.0652894298161642,success
1420,2000,8,4,0.0,5.000000000000003,0.1,0.6,8.799999999999997,6,0,483,17,0,0.18734008927854642,0.06529284329762369,success
1421,2000,8,4,0.0,5.000000000000003,0.1,0.6,8.999999999999998,6,0,483,17,0,0.18733854664281313,0.06528932463146342,success
1422,2000,8,4,0.0,5.000000000000003,0.1,0.6,9.199999999999998,6,0,483,17,0,0.1873375827431615,0.06528662357984587,success
1423,2000,8,4,0.0,5.000000000000003,0.1,0.6,9.399999999999999,6,0,483,17,0,0.18733744974024796,0.06528644048662478,success
1424,2000,8,4,0.0,5.000000000000003,0.1,0.6,9.599999999999998,6,0,483,17,0,0.1873371265462912,0.06528545348672248,success
1425,2000,8,4,0.0,5.000000000000003,0.1,0.6,9.799999999999997,6,0,483,17,0,0.18733699918027838,0.06528514908488635,success
1426,2000,8,4,0.0,5.000000000000003,0.1,0.6,9.999999999999998,6,0,483,17,0,0.187337143178329,0.06528537171958682,success
