combination_id,n,k,p,q,thrshld,p1,p2,beta,seeds,case_A_count,case_B_count,case_C_count,case_Invalid_count,delta_star_mean,delta_star_std,status
32,2000,8,1,6.0,2.0,0.1,0.8100000000000003,5.0,2,307,58,135,0,0.4563100964031184,0.17192013489086488,success
31,2000,8,1,6.0,2.0,0.1,0.8000000000000003,5.0,2,308,59,133,0,0.4561152820635752,0.16773449062794452,success
22,2000,8,1,6.0,2.0,0.1,0.7100000000000002,5.0,2,308,59,133,0,0.4741753678961458,0.16930442589052433,success
20,2000,8,1,6.0,2.0,0.1,0.6900000000000002,5.0,2,309,62,129,0,0.4635472699520947,0.1603303581862564,success
16,2000,8,1,6.0,2.0,0.1,0.6500000000000001,5.0,2,307,60,133,0,0.4677141664300832,0.17398143343021572,success
19,2000,8,1,6.0,2.0,0.1,0.6800000000000002,5.0,2,308,59,133,0,0.47728607397936357,0.17625942003022244,success
21,2000,8,1,6.0,2.0,0.1,0.7000000000000002,5.0,2,308,62,130,0,0.46641719713461977,0.16247198344046232,success
17,2000,8,1,6.0,2.0,0.1,0.6600000000000001,5.0,2,309,58,133,0,0.4693877448853117,0.16154414938597797,success
18,2000,8,1,6.0,2.0,0.1,0.6700000000000002,5.0,2,308,59,133,0,0.4731675643674879,0.17159068552077889,success
15,2000,8,1,6.0,2.0,0.1,0.6400000000000001,5.0,2,306,59,135,0,0.4737983296681765,0.17709150711846325,success
8,2000,8,1,6.0,2.0,0.1,0.5700000000000001,5.0,2,307,59,134,0,0.46943330947994033,0.16788276684350997,success
5,2000,8,1,6.0,2.0,0.1,0.54,5.0,2,306,59,135,0,0.4717052420713927,0.17006207424611822,success
14,2000,8,1,6.0,2.0,0.1,0.6300000000000001,5.0,2,307,56,137,0,0.4792219304722052,0.18637432155696312,success
6,2000,8,1,6.0,2.0,0.1,0.55,5.0,2,307,57,136,0,0.4748306434988816,0.1736682959557742,success
9,2000,8,1,6.0,2.0,0.1,0.5800000000000001,5.0,2,308,60,132,0,0.4683860254067081,0.16949486671607492,success
27,2000,8,1,6.0,2.0,0.1,0.7600000000000002,5.0,2,311,54,135,0,0.47696930313501573,0.17828458828804986,success
7,2000,8,1,6.0,2.0,0.1,0.56,5.0,2,308,59,133,0,0.4658416229422026,0.1653440705333901,success
4,2000,8,1,6.0,2.0,0.1,0.53,5.0,2,305,58,137,0,0.48016833420369964,0.17455345400987202,success
28,2000,8,1,6.0,2.0,0.1,0.7700000000000002,5.0,2,310,52,138,0,0.4822998363123537,0.1813136400799466,success
29,2000,8,1,6.0,2.0,0.1,0.7800000000000002,5.0,2,309,54,137,0,0.46931185987193896,0.1744331513092655,success
24,2000,8,1,6.0,2.0,0.1,0.7300000000000002,5.0,2,310,60,130,0,0.46714673772470133,0.16789772462332755,success
30,2000,8,1,6.0,2.0,0.1,0.7900000000000003,5.0,2,309,55,136,0,0.46637518772989284,0.17107580610211492,success
26,2000,8,1,6.0,2.0,0.1,0.7500000000000002,5.0,2,309,58,133,0,0.46929541053287394,0.1721600382780081,success
23,2000,8,1,6.0,2.0,0.1,0.7200000000000002,5.0,2,309,59,132,0,0.4755536769394215,0.17445651518573352,success
1,2000,8,1,6.0,2.0,0.1,0.5,5.0,2,302,62,136,0,0.4619576080308799,0.1739183328739423,success
11,2000,8,1,6.0,2.0,0.1,0.6000000000000001,5.0,2,306,60,134,0,0.4669040155921422,0.1734875277659531,success
13,2000,8,1,6.0,2.0,0.1,0.6200000000000001,5.0,2,308,57,135,0,0.470729223517365,0.17432531193455,success
25,2000,8,1,6.0,2.0,0.1,0.7400000000000002,5.0,2,310,56,134,0,0.47300172091168563,0.17278674413351613,success
12,2000,8,1,6.0,2.0,0.1,0.6100000000000001,5.0,2,307,56,137,0,0.4783766612704978,0.17831814665120835,success
10,2000,8,1,6.0,2.0,0.1,0.5900000000000001,5.0,2,306,59,135,0,0.46527270227052075,0.17089745567178913,success
3,2000,8,1,6.0,2.0,0.1,0.52,5.0,2,304,59,137,0,0.46639029819774575,0.17152915843375194,success
2,2000,8,1,6.0,2.0,0.1,0.51,5.0,2,304,59,137,0,0.4650081864616247,0.17032465037301076,success
37,2000,8,1,6.0,2.0,0.1,0.8600000000000003,5.0,2,309,56,135,0,0.4515113715977339,0.16784962754571572,success
34,2000,8,1,6.0,2.0,0.1,0.8300000000000003,5.0,2,308,56,136,0,0.45651779265313686,0.17330372255337223,success
35,2000,8,1,6.0,2.0,0.1,0.8400000000000003,5.0,2,307,56,137,0,0.4512217853120237,0.1686450989182284,success
50,2000,8,1,6.0,2.0,0.1,0.9900000000000004,5.0,2,308,55,137,0,0.4434198402372351,0.1592112104295567,success
45,2000,8,1,6.0,2.0,0.1,0.9400000000000004,5.0,2,308,58,134,0,0.4347902915729432,0.1525563056860897,success
42,2000,8,1,6.0,2.0,0.1,0.9100000000000004,5.0,2,309,57,134,0,0.4479696699293844,0.159719771949737,success
48,2000,8,1,6.0,2.0,0.1,0.9700000000000004,5.0,2,308,53,139,0,0.4496715079498377,0.1630851386039594,success
36,2000,8,1,6.0,2.0,0.1,0.8500000000000003,5.0,2,308,56,136,0,0.45479671375975944,0.167670823931003,success
33,2000,8,1,6.0,2.0,0.1,0.8200000000000003,5.0,2,308,58,134,0,0.4562325727317007,0.1768670209089347,success
47,2000,8,1,6.0,2.0,0.1,0.9600000000000004,5.0,2,308,56,136,0,0.44312622286722503,0.1571739301871682,success
38,2000,8,1,6.0,2.0,0.1,0.8700000000000003,5.0,2,308,55,137,0,0.45237907842670566,0.16435369892339435,success
46,2000,8,1,6.0,2.0,0.1,0.9500000000000004,5.0,2,307,56,137,0,0.44177398119004924,0.1581013927941709,success
39,2000,8,1,6.0,2.0,0.1,0.8800000000000003,5.0,2,309,56,135,0,0.45361334618297533,0.16826654121865353,success
49,2000,8,1,6.0,2.0,0.1,0.9800000000000004,5.0,2,308,55,137,0,0.446567693657563,0.16529161133060155,success
44,2000,8,1,6.0,2.0,0.1,0.9300000000000004,5.0,2,308,56,136,0,0.44083020218518476,0.15601339572992814,success
41,2000,8,1,6.0,2.0,0.1,0.9000000000000004,5.0,2,309,57,134,0,0.45128149018802277,0.16351139805766926,success
43,2000,8,1,6.0,2.0,0.1,0.9200000000000004,5.0,2,309,55,136,0,0.4483056235914979,0.15931937322465195,success
51,2000,8,1,6.0,2.0,0.1,1.0000000000000004,5.0,2,308,54,138,0,0.4495440132254287,0.16424861888341674,success
55,2000,8,1,6.0,2.1,0.1,0.53,5.0,3,314,55,131,0,0.4440958725584817,0.15347967495955467,success
53,2000,8,1,6.0,2.1,0.1,0.51,5.0,3,315,49,136,0,0.4612691808557901,0.16373278512081335,success
40,2000,8,1,6.0,2.0,0.1,0.8900000000000003,5.0,2,309,57,134,0,0.4504711453985983,0.15881222434536105,success
64,2000,8,1,6.0,2.1,0.1,0.6200000000000001,5.0,3,314,45,141,0,0.45152871056041977,0.17270249072052166,success
62,2000,8,1,6.0,2.1,0.1,0.6000000000000001,5.0,3,315,47,138,0,0.4434105942838494,0.16020528322995858,success
56,2000,8,1,6.0,2.1,0.1,0.54,5.0,3,316,55,129,0,0.4448750140657868,0.15830409617337426,success
58,2000,8,1,6.0,2.1,0.1,0.56,5.0,3,315,54,131,0,0.4377016307136867,0.1570561618031967,success
52,2000,8,1,6.0,2.1,0.1,0.5,5.0,3,318,51,131,0,0.45553284542587075,0.15750834929536447,success
57,2000,8,1,6.0,2.1,0.1,0.55,5.0,3,314,53,133,0,0.446705402072528,0.16585736813715993,success
63,2000,8,1,6.0,2.1,0.1,0.6100000000000001,5.0,3,315,46,139,0,0.4462307708457659,0.16654553479040865,success
59,2000,8,1,6.0,2.1,0.1,0.5700000000000001,5.0,3,315,53,132,0,0.4350412166240827,0.15220787266441707,success
61,2000,8,1,6.0,2.1,0.1,0.5900000000000001,5.0,3,313,47,140,0,0.4438851543580262,0.1620359494946163,success
60,2000,8,1,6.0,2.1,0.1,0.5800000000000001,5.0,3,314,47,139,0,0.4540554179412907,0.17163473059790127,success
54,2000,8,1,6.0,2.1,0.1,0.52,5.0,3,316,50,134,0,0.45756999845334073,0.16084870033556953,success
65,2000,8,1,6.0,2.1,0.1,0.6300000000000001,5.0,3,314,45,141,0,0.44654356845161297,0.16741998900228688,success
69,2000,8,1,6.0,2.1,0.1,0.6700000000000002,5.0,3,316,44,140,0,0.441148307394937,0.16353695815628672,success
67,2000,8,1,6.0,2.1,0.1,0.6500000000000001,5.0,3,314,46,140,0,0.4386177022067769,0.16275991365383424,success
72,2000,8,1,6.0,2.1,0.1,0.7000000000000002,5.0,3,315,44,141,0,0.43261346341975365,0.1577112496976185,success
66,2000,8,1,6.0,2.1,0.1,0.6400000000000001,5.0,3,315,42,143,0,0.4476732685047278,0.16715493467397743,success
68,2000,8,1,6.0,2.1,0.1,0.6600000000000001,5.0,3,316,46,138,0,0.4365836319560996,0.1593928958580644,success
73,2000,8,1,6.0,2.1,0.1,0.7100000000000002,5.0,3,315,46,139,0,0.42365277547611174,0.14792523570686664,success
70,2000,8,1,6.0,2.1,0.1,0.6800000000000002,5.0,3,315,44,141,0,0.43663325271056563,0.16197337580028828,success
71,2000,8,1,6.0,2.1,0.1,0.6900000000000002,5.0,3,316,41,143,0,0.44798616940077457,0.17154985928306743,success
81,2000,8,1,6.0,2.1,0.1,0.7900000000000003,5.0,3,314,47,139,0,0.4164443242809387,0.15721075742429816,success
75,2000,8,1,6.0,2.1,0.1,0.7300000000000002,5.0,3,315,44,141,0,0.42562130020417,0.15599757455727625,success
77,2000,8,1,6.0,2.1,0.1,0.7500000000000002,5.0,3,316,42,142,0,0.4379159121916186,0.16725072292885376,success
74,2000,8,1,6.0,2.1,0.1,0.7200000000000002,5.0,3,316,45,139,0,0.4241053265276704,0.14957367130735386,success
76,2000,8,1,6.0,2.1,0.1,0.7400000000000002,5.0,3,316,43,141,0,0.4314210896479882,0.15830057403432882,success
79,2000,8,1,6.0,2.1,0.1,0.7700000000000002,5.0,3,314,46,140,0,0.4285541171834333,0.1660689893634759,success
80,2000,8,1,6.0,2.1,0.1,0.7800000000000002,5.0,3,314,48,138,0,0.4221891313412913,0.1596468193484681,success
78,2000,8,1,6.0,2.1,0.1,0.7600000000000002,5.0,3,314,46,140,0,0.423906149511971,0.15929026817307665,success
82,2000,8,1,6.0,2.1,0.1,0.8000000000000003,5.0,3,314,45,141,0,0.4246152556136713,0.16571524520544847,success
83,2000,8,1,6.0,2.1,0.1,0.8100000000000003,5.0,3,313,48,139,0,0.4140064895299923,0.14874486665986492,success
89,2000,8,1,6.0,2.1,0.1,0.8700000000000003,5.0,3,318,40,142,0,0.43249036183926287,0.16449171829708542,success
85,2000,8,1,6.0,2.1,0.1,0.8300000000000003,5.0,3,315,45,140,0,0.4215050448037027,0.1543744934435238,success
88,2000,8,1,6.0,2.1,0.1,0.8600000000000003,5.0,3,316,43,141,0,0.42400795687275894,0.15703581134162214,success
84,2000,8,1,6.0,2.1,0.1,0.8200000000000003,5.0,3,312,46,142,0,0.4175712245447332,0.154989043303765,success
86,2000,8,1,6.0,2.1,0.1,0.8400000000000003,5.0,3,315,45,140,0,0.4153450656301333,0.1443514778905324,success
93,2000,8,1,6.0,2.1,0.1,0.9100000000000004,5.0,3,320,38,142,0,0.44146128434620824,0.17746030019560313,success
87,2000,8,1,6.0,2.1,0.1,0.8500000000000003,5.0,3,315,42,143,0,0.4264969619827279,0.15621935516323707,success
90,2000,8,1,6.0,2.1,0.1,0.8800000000000003,5.0,3,318,39,143,0,0.4340657392450408,0.16661079323988245,success
92,2000,8,1,6.0,2.1,0.1,0.9000000000000004,5.0,3,318,39,143,0,0.4383269866838021,0.17237285364981814,success
91,2000,8,1,6.0,2.1,0.1,0.8900000000000003,5.0,3,318,40,142,0,0.43643744424597636,0.1703273218951858,success
94,2000,8,1,6.0,2.1,0.1,0.9200000000000004,5.0,3,320,38,142,0,0.44100364186652524,0.17495693057338438,success
96,2000,8,1,6.0,2.1,0.1,0.9400000000000004,5.0,3,319,39,142,0,0.43196357432460253,0.16964784677849923,success
95,2000,8,1,6.0,2.1,0.1,0.9300000000000004,5.0,3,319,40,141,0,0.4299918560547918,0.1675353309837409,success
101,2000,8,1,6.0,2.1,0.1,0.9900000000000004,5.0,3,321,42,137,0,0.42204843808633996,0.16762454236203947,success
99,2000,8,1,6.0,2.1,0.1,0.9700000000000004,5.0,3,320,44,136,0,0.41824416572463413,0.15759840619237303,success
97,2000,8,1,6.0,2.1,0.1,0.9500000000000004,5.0,3,318,39,143,0,0.42908335203525544,0.16828578979338712,success
102,2000,8,1,6.0,2.1,0.1,1.0000000000000004,5.0,3,321,40,139,0,0.424077215804308,0.17187290567946534,success
98,2000,8,1,6.0,2.1,0.1,0.9600000000000004,5.0,3,319,41,140,0,0.42230324504254546,0.16145698106837342,success
100,2000,8,1,6.0,2.1,0.1,0.9800000000000004,5.0,3,321,42,137,0,0.4215450086083758,0.16652638264517533,success
108,2000,8,1,6.0,2.2,0.1,0.55,5.0,3,317,48,135,0,0.4593371015575854,0.16417631595536414,success
116,2000,8,1,6.0,2.2,0.1,0.6300000000000001,5.0,3,320,39,141,0,0.47487041956190795,0.18179341652500314,success
109,2000,8,1,6.0,2.2,0.1,0.56,5.0,3,318,48,134,0,0.46078268289864294,0.16556328265087777,success
104,2000,8,1,6.0,2.2,0.1,0.51,5.0,3,317,48,135,0,0.46646806388136547,0.17083639747824778,success
110,2000,8,1,6.0,2.2,0.1,0.5700000000000001,5.0,3,319,49,132,0,0.45459595222215415,0.159759944753586,success
115,2000,8,1,6.0,2.2,0.1,0.6200000000000001,5.0,3,320,42,138,0,0.4643923175588367,0.16728198534318026,success
103,2000,8,1,6.0,2.2,0.1,0.5,5.0,3,318,51,131,0,0.4601559218096645,0.15965941119388402,success
106,2000,8,1,6.0,2.2,0.1,0.53,5.0,3,318,47,135,0,0.46146947732389987,0.16177636269535278,success
117,2000,8,1,6.0,2.2,0.1,0.6400000000000001,5.0,3,320,39,141,0,0.46821307613826973,0.17724003547580147,success
107,2000,8,1,6.0,2.2,0.1,0.54,5.0,3,319,49,132,0,0.4584154524830766,0.16158585683653112,success
105,2000,8,1,6.0,2.2,0.1,0.52,5.0,3,318,49,133,0,0.4610049814615993,0.1649384440754419,success
113,2000,8,1,6.0,2.2,0.1,0.6000000000000001,5.0,3,319,44,137,0,0.46139573864799666,0.16551855322466036,success
114,2000,8,1,6.0,2.2,0.1,0.6100000000000001,5.0,3,319,43,138,0,0.45976588757136133,0.16394716723513666,success
111,2000,8,1,6.0,2.2,0.1,0.5800000000000001,5.0,3,319,45,136,0,0.4585136515502897,0.15552653620085877,success
112,2000,8,1,6.0,2.2,0.1,0.5900000000000001,5.0,3,318,44,138,0,0.46112866080727744,0.16768376808078897,success
118,2000,8,1,6.0,2.2,0.1,0.6500000000000001,5.0,3,320,41,139,0,0.45579279114537846,0.1670659594641496,success
121,2000,8,1,6.0,2.2,0.1,0.6800000000000002,5.0,3,322,43,135,0,0.447651510693315,0.16515625865638034,success
120,2000,8,1,6.0,2.2,0.1,0.6700000000000002,5.0,3,323,41,136,0,0.4512692154434229,0.16410035105456697,success
119,2000,8,1,6.0,2.2,0.1,0.6600000000000001,5.0,3,323,40,137,0,0.4524590116373447,0.16341997545490758,success
127,2000,8,1,6.0,2.2,0.1,0.7400000000000002,5.0,3,323,41,136,0,0.43558276292440823,0.15998033152972016,success
124,2000,8,1,6.0,2.2,0.1,0.7100000000000002,5.0,3,320,44,136,0,0.43791065436767423,0.16714255083663004,success
125,2000,8,1,6.0,2.2,0.1,0.7200000000000002,5.0,3,321,42,137,0,0.4341289158213103,0.16060546521613228,success
123,2000,8,1,6.0,2.2,0.1,0.7000000000000002,5.0,3,322,44,134,0,0.441241674913526,0.165853115335725,success
122,2000,8,1,6.0,2.2,0.1,0.6900000000000002,5.0,3,323,43,134,0,0.44463832264450687,0.16823231237070532,success
126,2000,8,1,6.0,2.2,0.1,0.7300000000000002,5.0,3,323,40,137,0,0.43983315634026976,0.16418197555563438,success
128,2000,8,1,6.0,2.2,0.1,0.7500000000000002,5.0,3,323,43,134,0,0.43261760026972285,0.15683641986992314,success
129,2000,8,1,6.0,2.2,0.1,0.7600000000000002,5.0,3,322,42,136,0,0.43214598536342397,0.15784870615528648,success
130,2000,8,1,6.0,2.2,0.1,0.7700000000000002,5.0,3,323,42,135,0,0.4341255128535925,0.15737856092251734,success
133,2000,8,1,6.0,2.2,0.1,0.8000000000000003,5.0,3,323,44,133,0,0.4325384604908031,0.15454081474319606,success
131,2000,8,1,6.0,2.2,0.1,0.7800000000000002,5.0,3,323,42,135,0,0.4318233562231328,0.15550962464151735,success
132,2000,8,1,6.0,2.2,0.1,0.7900000000000003,5.0,3,323,43,134,0,0.436114154908696,0.15454656023561444,success
134,2000,8,1,6.0,2.2,0.1,0.8100000000000003,5.0,3,322,41,137,0,0.43920851275377265,0.16824052773814455,success
136,2000,8,1,6.0,2.2,0.1,0.8300000000000003,5.0,3,322,43,135,0,0.43342525954668476,0.15809233415884713,success
135,2000,8,1,6.0,2.2,0.1,0.8200000000000003,5.0,3,322,42,136,0,0.4355240089162735,0.16046194602871164,success
144,2000,8,1,6.0,2.2,0.1,0.9100000000000004,5.0,3,322,45,133,0,0.4304715650459386,0.15877760497661253,success
142,2000,8,1,6.0,2.2,0.1,0.8900000000000003,5.0,3,322,41,137,0,0.4357364191978169,0.16135086863821438,success
138,2000,8,1,6.0,2.2,0.1,0.8500000000000003,5.0,3,322,44,134,0,0.4314319588556392,0.15434757001052854,success
143,2000,8,1,6.0,2.2,0.1,0.9000000000000004,5.0,3,322,43,135,0,0.43116126722746856,0.15885429796151704,success
140,2000,8,1,6.0,2.2,0.1,0.8700000000000003,5.0,3,324,42,134,0,0.43631976238137127,0.1607905893712494,success
139,2000,8,1,6.0,2.2,0.1,0.8600000000000003,5.0,3,322,44,134,0,0.4293962273776296,0.1516922527098574,success
137,2000,8,1,6.0,2.2,0.1,0.8400000000000003,5.0,3,322,45,133,0,0.42516225272571934,0.14855849298545398,success
151,2000,8,1,6.0,2.2,0.1,0.9800000000000004,5.0,3,323,46,131,0,0.4232869815479177,0.15601789746675881,success
141,2000,8,1,6.0,2.2,0.1,0.8800000000000003,5.0,3,324,41,135,0,0.43907068522562065,0.16699628106078354,success
147,2000,8,1,6.0,2.2,0.1,0.9400000000000004,5.0,3,320,43,137,0,0.4351044998139988,0.16708832433105006,success
153,2000,8,1,6.0,2.2,0.1,1.0000000000000004,5.0,3,323,43,134,0,0.4330192503010363,0.1711913533446597,success
149,2000,8,1,6.0,2.2,0.1,0.9600000000000004,5.0,3,320,43,137,0,0.43401207883182935,0.1684595903939446,success
152,2000,8,1,6.0,2.2,0.1,0.9900000000000004,5.0,3,323,42,135,0,0.4352537906196943,0.17212923655328038,success
145,2000,8,1,6.0,2.2,0.1,0.9200000000000004,5.0,3,322,44,134,0,0.4348453336306075,0.1621853359974579,success
146,2000,8,1,6.0,2.2,0.1,0.9300000000000004,5.0,3,321,44,135,0,0.4299339370179202,0.16094654947132025,success
150,2000,8,1,6.0,2.2,0.1,0.9700000000000004,5.0,3,321,47,132,0,0.424827829718744,0.16150916327100096,success
148,2000,8,1,6.0,2.2,0.1,0.9500000000000004,5.0,3,321,45,134,0,0.4276815193736476,0.16152895335597808,success
157,2000,8,1,6.0,2.3000000000000003,0.1,0.53,5.0,3,318,47,135,0,0.4755245368331839,0.15854020619915507,success
155,2000,8,1,6.0,2.3000000000000003,0.1,0.51,5.0,3,319,49,132,0,0.4704061531765622,0.15573506556366348,success
156,2000,8,1,6.0,2.3000000000000003,0.1,0.52,5.0,3,319,49,132,0,0.46851936093070745,0.15108751109123064,success
154,2000,8,1,6.0,2.3000000000000003,0.1,0.5,5.0,3,320,53,127,0,0.46437990163277604,0.15085399558659612,success
160,2000,8,1,6.0,2.3000000000000003,0.1,0.56,5.0,3,318,44,138,0,0.4730948133075817,0.16157592981091934,success
159,2000,8,1,6.0,2.3000000000000003,0.1,0.55,5.0,3,319,43,138,0,0.47869694703161336,0.16341753556480929,success
158,2000,8,1,6.0,2.3000000000000003,0.1,0.54,5.0,3,319,46,135,0,0.4765739645528682,0.15997901321993163,success
162,2000,8,1,6.0,2.3000000000000003,0.1,0.5800000000000001,5.0,3,320,44,136,0,0.46984857758996246,0.15854989037045653,success
161,2000,8,1,6.0,2.3000000000000003,0.1,0.5700000000000001,5.0,3,320,46,134,0,0.4605936135387191,0.1453425896314566,success
164,2000,8,1,6.0,2.3000000000000003,0.1,0.6000000000000001,5.0,3,323,43,134,0,0.4653785597631519,0.15315231487029532,success
163,2000,8,1,6.0,2.3000000000000003,0.1,0.5900000000000001,5.0,3,320,44,136,0,0.46928506178076135,0.16373418031171444,success
165,2000,8,1,6.0,2.3000000000000003,0.1,0.6100000000000001,5.0,3,322,42,136,0,0.4702181491447385,0.1600310278356437,success
168,2000,8,1,6.0,2.3000000000000003,0.1,0.6400000000000001,5.0,3,323,44,133,0,0.46798940899096547,0.1650557118324266,success
167,2000,8,1,6.0,2.3000000000000003,0.1,0.6300000000000001,5.0,3,324,46,130,0,0.4608330278472302,0.1538491925670002,success
173,2000,8,1,6.0,2.3000000000000003,0.1,0.6900000000000002,5.0,3,325,45,130,0,0.45955780161584214,0.15969223730393664,success
171,2000,8,1,6.0,2.3000000000000003,0.1,0.6700000000000002,5.0,3,324,44,132,0,0.4636884072324981,0.1568559658432572,success
166,2000,8,1,6.0,2.3000000000000003,0.1,0.6200000000000001,5.0,3,323,45,132,0,0.46747206334168134,0.16005856596533002,success
172,2000,8,1,6.0,2.3000000000000003,0.1,0.6800000000000002,5.0,3,326,47,127,0,0.44949096642891767,0.14394058898782963,success
169,2000,8,1,6.0,2.3000000000000003,0.1,0.6500000000000001,5.0,3,323,45,132,0,0.45962103757058925,0.15671750709214036,success
170,2000,8,1,6.0,2.3000000000000003,0.1,0.6600000000000001,5.0,3,323,43,134,0,0.4659156193455715,0.1603230904979506,success
174,2000,8,1,6.0,2.3000000000000003,0.1,0.7000000000000002,5.0,3,326,44,130,0,0.4549947844743645,0.1527893905267401,success
183,2000,8,1,6.0,2.3000000000000003,0.1,0.7900000000000003,5.0,3,324,47,129,0,0.4449389607763308,0.1535478676779539,success
176,2000,8,1,6.0,2.3000000000000003,0.1,0.7200000000000002,5.0,3,325,40,135,0,0.4619784790100176,0.16792028087159655,success
178,2000,8,1,6.0,2.3000000000000003,0.1,0.7400000000000002,5.0,3,325,41,134,0,0.4554782026203787,0.16306547215590067,success
179,2000,8,1,6.0,2.3000000000000003,0.1,0.7500000000000002,5.0,3,325,41,134,0,0.4590723938276371,0.17119117969671852,success
175,2000,8,1,6.0,2.3000000000000003,0.1,0.7100000000000002,5.0,3,324,43,133,0,0.4579938666941624,0.1643513692316591,success
180,2000,8,1,6.0,2.3000000000000003,0.1,0.7600000000000002,5.0,3,324,41,135,0,0.4568123514676274,0.16969194657485182,success
177,2000,8,1,6.0,2.3000000000000003,0.1,0.7300000000000002,5.0,3,325,41,134,0,0.4566806122117909,0.16132253544046746,success
182,2000,8,1,6.0,2.3000000000000003,0.1,0.7800000000000002,5.0,3,324,46,130,0,0.4414774860535626,0.15673534654087368,success
184,2000,8,1,6.0,2.3000000000000003,0.1,0.8000000000000003,5.0,3,325,46,129,0,0.44577756762514353,0.16027316601639016,success
181,2000,8,1,6.0,2.3000000000000003,0.1,0.7700000000000002,5.0,3,324,44,132,0,0.44890425017114527,0.16363624924027628,success
185,2000,8,1,6.0,2.3000000000000003,0.1,0.8100000000000003,5.0,3,325,47,128,0,0.4381102864251819,0.15163884424796562,success
189,2000,8,1,6.0,2.3000000000000003,0.1,0.8500000000000003,5.0,3,324,46,130,0,0.44274810862043,0.161068490767453,success
186,2000,8,1,6.0,2.3000000000000003,0.1,0.8200000000000003,5.0,3,325,47,128,0,0.43982551068465003,0.1585635267389032,success
187,2000,8,1,6.0,2.3000000000000003,0.1,0.8300000000000003,5.0,3,324,44,132,0,0.44395919617805346,0.1636285458763163,success
188,2000,8,1,6.0,2.3000000000000003,0.1,0.8400000000000003,5.0,3,324,42,134,0,0.44952399467087867,0.17029130707734472,success
190,2000,8,1,6.0,2.3000000000000003,0.1,0.8600000000000003,5.0,3,324,44,132,0,0.4471441665237171,0.16855791198279296,success
191,2000,8,1,6.0,2.3000000000000003,0.1,0.8700000000000003,5.0,3,324,46,130,0,0.43875099746984914,0.15647286909720498,success
192,2000,8,1,6.0,2.3000000000000003,0.1,0.8800000000000003,5.0,3,325,45,130,0,0.43839096282379575,0.1606374661801322,success
195,2000,8,1,6.0,2.3000000000000003,0.1,0.9100000000000004,5.0,3,325,47,128,0,0.4332347758221214,0.15806436658876952,success
193,2000,8,1,6.0,2.3000000000000003,0.1,0.8900000000000003,5.0,3,324,44,132,0,0.4414501040086057,0.16189900835665552,success
196,2000,8,1,6.0,2.3000000000000003,0.1,0.9200000000000004,5.0,3,325,47,128,0,0.43686778062349774,0.1642737716526757,success
194,2000,8,1,6.0,2.3000000000000003,0.1,0.9000000000000004,5.0,3,324,48,128,0,0.43042813603723856,0.1537555454857117,success
198,2000,8,1,6.0,2.3000000000000003,0.1,0.9400000000000004,5.0,3,324,43,133,0,0.4423507588802776,0.16725978216032203,success
197,2000,8,1,6.0,2.3000000000000003,0.1,0.9300000000000004,5.0,3,324,45,131,0,0.43893154483022634,0.16681791515145944,success
201,2000,8,1,6.0,2.3000000000000003,0.1,0.9700000000000004,5.0,3,323,45,132,0,0.43724309416222684,0.16288659612486933,success
204,2000,8,1,6.0,2.3000000000000003,0.1,1.0000000000000004,5.0,3,325,46,129,0,0.43147294199427694,0.1541890193553539,success
202,2000,8,1,6.0,2.3000000000000003,0.1,0.9800000000000004,5.0,3,325,43,132,0,0.4427905286646933,0.16506686539384435,success
200,2000,8,1,6.0,2.3000000000000003,0.1,0.9600000000000004,5.0,3,322,41,137,0,0.44770287913941686,0.17415034107997948,success
199,2000,8,1,6.0,2.3000000000000003,0.1,0.9500000000000004,5.0,3,323,44,133,0,0.4386376917978246,0.16596324449106867,success
203,2000,8,1,6.0,2.3000000000000003,0.1,0.9900000000000004,5.0,3,325,43,132,0,0.4403056001396442,0.1669894654565315,success
207,2000,8,1,6.0,2.4000000000000004,0.1,0.52,5.0,3,317,49,134,0,0.4793173628192486,0.16579205039554362,success
208,2000,8,1,6.0,2.4000000000000004,0.1,0.53,5.0,3,318,53,129,0,0.4665995727690826,0.15320036947892618,success
206,2000,8,1,6.0,2.4000000000000004,0.1,0.51,5.0,3,318,49,133,0,0.47715999736412573,0.16092362269271793,success
209,2000,8,1,6.0,2.4000000000000004,0.1,0.54,5.0,3,319,52,129,0,0.46254012849442383,0.14418604326578005,success
205,2000,8,1,6.0,2.4000000000000004,0.1,0.5,5.0,3,320,50,130,0,0.46809062738852064,0.1596899701927721,success
211,2000,8,1,6.0,2.4000000000000004,0.1,0.56,5.0,3,317,50,133,0,0.4708812198573358,0.15933689120402086,success
210,2000,8,1,6.0,2.4000000000000004,0.1,0.55,5.0,3,318,50,132,0,0.4673145928059473,0.15363872180143262,success
213,2000,8,1,6.0,2.4000000000000004,0.1,0.5800000000000001,5.0,3,321,49,130,0,0.46374149134861287,0.1476517847371118,success
212,2000,8,1,6.0,2.4000000000000004,0.1,0.5700000000000001,5.0,3,319,50,131,0,0.4692828286951283,0.1589906882028285,success
214,2000,8,1,6.0,2.4000000000000004,0.1,0.5900000000000001,5.0,3,321,47,132,0,0.46382770232603954,0.15014781100620975,success
218,2000,8,1,6.0,2.4000000000000004,0.1,0.6300000000000001,5.0,3,323,47,130,0,0.46408586175912475,0.15483794091461744,success
216,2000,8,1,6.0,2.4000000000000004,0.1,0.6100000000000001,5.0,3,321,48,131,0,0.46333419009800186,0.15453395630069194,success
215,2000,8,1,6.0,2.4000000000000004,0.1,0.6000000000000001,5.0,3,322,49,129,0,0.4602279936306191,0.15010739577216478,success
220,2000,8,1,6.0,2.4000000000000004,0.1,0.6500000000000001,5.0,3,324,48,128,0,0.4586164074298372,0.15236076827502334,success
217,2000,8,1,6.0,2.4000000000000004,0.1,0.6200000000000001,5.0,3,322,48,130,0,0.461041468456445,0.15384396034481274,success
219,2000,8,1,6.0,2.4000000000000004,0.1,0.6400000000000001,5.0,3,322,47,131,0,0.46554448865327425,0.16045704311226822,success
222,2000,8,1,6.0,2.4000000000000004,0.1,0.6700000000000002,5.0,3,325,46,129,0,0.46895910380746025,0.15905337483077372,success
221,2000,8,1,6.0,2.4000000000000004,0.1,0.6600000000000001,5.0,3,324,45,131,0,0.46645088957167163,0.1559630161696617,success
223,2000,8,1,6.0,2.4000000000000004,0.1,0.6800000000000002,5.0,3,327,47,126,0,0.45842523989510725,0.14400701437550517,success
224,2000,8,1,6.0,2.4000000000000004,0.1,0.6900000000000002,5.0,3,327,43,130,0,0.4704403482263071,0.15716165720020958,success
225,2000,8,1,6.0,2.4000000000000004,0.1,0.7000000000000002,5.0,3,327,46,127,0,0.4608022081083199,0.147509440873169,success
226,2000,8,1,6.0,2.4000000000000004,0.1,0.7100000000000002,5.0,3,327,45,128,0,0.4613845267834433,0.15248843687321229,success
227,2000,8,1,6.0,2.4000000000000004,0.1,0.7200000000000002,5.0,3,327,46,127,0,0.4563486907768939,0.1470577934586405,success
228,2000,8,1,6.0,2.4000000000000004,0.1,0.7300000000000002,5.0,3,327,44,129,0,0.46138551533452365,0.15205687121458966,success
229,2000,8,1,6.0,2.4000000000000004,0.1,0.7400000000000002,5.0,3,327,42,131,0,0.466715571729081,0.15754119701567287,success
232,2000,8,1,6.0,2.4000000000000004,0.1,0.7700000000000002,5.0,3,325,40,135,0,0.4664038665489539,0.16998548249053566,success
235,2000,8,1,6.0,2.4000000000000004,0.1,0.8000000000000003,5.0,3,326,45,129,0,0.45743639538293607,0.15651739337330117,success
231,2000,8,1,6.0,2.4000000000000004,0.1,0.7600000000000002,5.0,3,325,43,132,0,0.456455265092824,0.15958907829769728,success
230,2000,8,1,6.0,2.4000000000000004,0.1,0.7500000000000002,5.0,3,327,42,131,0,0.46650739070421354,0.15900412137727118,success
233,2000,8,1,6.0,2.4000000000000004,0.1,0.7800000000000002,5.0,3,325,43,132,0,0.4606609775856523,0.16741655580757744,success
234,2000,8,1,6.0,2.4000000000000004,0.1,0.7900000000000003,5.0,3,326,43,131,0,0.464895641706481,0.16841613957179244,success
236,2000,8,1,6.0,2.4000000000000004,0.1,0.8100000000000003,5.0,3,326,43,131,0,0.4652960661475247,0.16591474942120651,success
237,2000,8,1,6.0,2.4000000000000004,0.1,0.8200000000000003,5.0,3,326,43,131,0,0.46677701484272416,0.1695098997201869,success
238,2000,8,1,6.0,2.4000000000000004,0.1,0.8300000000000003,5.0,3,325,44,131,0,0.4598050712182487,0.16960821765997375,success
243,2000,8,1,6.0,2.4000000000000004,0.1,0.8800000000000003,5.0,3,326,45,129,0,0.45832116248056987,0.1706460312599664,success
239,2000,8,1,6.0,2.4000000000000004,0.1,0.8400000000000003,5.0,3,325,46,129,0,0.4524918264552877,0.1615898718455851,success
241,2000,8,1,6.0,2.4000000000000004,0.1,0.8600000000000003,5.0,3,325,49,126,0,0.4450518267690807,0.15287564221642844,success
240,2000,8,1,6.0,2.4000000000000004,0.1,0.8500000000000003,5.0,3,325,45,130,0,0.46025494593800464,0.16919007713256085,success
248,2000,8,1,6.0,2.4000000000000004,0.1,0.9300000000000004,5.0,3,325,44,131,0,0.4530753008238222,0.16440799253949148,success
242,2000,8,1,6.0,2.4000000000000004,0.1,0.8700000000000003,5.0,3,326,46,128,0,0.45572904822719806,0.16922409586652243,success
250,2000,8,1,6.0,2.4000000000000004,0.1,0.9500000000000004,5.0,3,324,41,135,0,0.460892380663787,0.17642429796363354,success
245,2000,8,1,6.0,2.4000000000000004,0.1,0.9000000000000004,5.0,3,326,45,129,0,0.4574916261804879,0.168551583944198,success
246,2000,8,1,6.0,2.4000000000000004,0.1,0.9100000000000004,5.0,3,325,45,130,0,0.45480153330885026,0.17152217581836604,success
244,2000,8,1,6.0,2.4000000000000004,0.1,0.8900000000000003,5.0,3,326,45,129,0,0.4596132126845633,0.17366957092679025,success
253,2000,8,1,6.0,2.4000000000000004,0.1,0.9800000000000004,5.0,3,326,47,127,0,0.44128958540235347,0.1544815103782184,success
249,2000,8,1,6.0,2.4000000000000004,0.1,0.9400000000000004,5.0,3,325,46,129,0,0.44837769017410817,0.16254970118474119,success
247,2000,8,1,6.0,2.4000000000000004,0.1,0.9200000000000004,5.0,3,325,45,130,0,0.4558777500173161,0.16893193451501434,success
252,2000,8,1,6.0,2.4000000000000004,0.1,0.9700000000000004,5.0,3,324,47,129,0,0.44197517502545036,0.15797457900173428,success
251,2000,8,1,6.0,2.4000000000000004,0.1,0.9600000000000004,5.0,3,323,43,134,0,0.4536311857432895,0.16646854166384717,success
254,2000,8,1,6.0,2.4000000000000004,0.1,0.9900000000000004,5.0,3,326,48,126,0,0.43742267311849764,0.15207129531974764,success
255,2000,8,1,6.0,2.4000000000000004,0.1,1.0000000000000004,5.0,3,326,43,131,0,0.4545033699778851,0.17279924830457472,success
256,2000,8,1,6.0,2.5000000000000004,0.1,0.5,5.0,3,319,49,132,0,0.4792724762295185,0.16363460183943446,success
257,2000,8,1,6.0,2.5000000000000004,0.1,0.51,5.0,3,320,48,132,0,0.4826987863173029,0.15610211964916873,success
258,2000,8,1,6.0,2.5000000000000004,0.1,0.52,5.0,3,320,48,132,0,0.4822807042502044,0.15644929551116804,success
259,2000,8,1,6.0,2.5000000000000004,0.1,0.53,5.0,3,320,50,130,0,0.4765460619082636,0.1504839173599082,success
261,2000,8,1,6.0,2.5000000000000004,0.1,0.55,5.0,3,320,46,134,0,0.48075197775016165,0.15525417298524707,success
260,2000,8,1,6.0,2.5000000000000004,0.1,0.54,5.0,3,320,49,131,0,0.4797374329422307,0.15328407741776937,success
262,2000,8,1,6.0,2.5000000000000004,0.1,0.56,5.0,3,321,45,134,0,0.4832577438367987,0.15734868441791902,success
264,2000,8,1,6.0,2.5000000000000004,0.1,0.5800000000000001,5.0,3,323,48,129,0,0.4691547749864629,0.1429193769904453,success
263,2000,8,1,6.0,2.5000000000000004,0.1,0.5700000000000001,5.0,3,322,42,136,0,0.4879776174237223,0.15961557061063003,success
266,2000,8,1,6.0,2.5000000000000004,0.1,0.6000000000000001,5.0,3,325,45,130,0,0.4764023370552065,0.14879258429494369,success
265,2000,8,1,6.0,2.5000000000000004,0.1,0.5900000000000001,5.0,3,323,42,135,0,0.48455332836234655,0.16069511123679223,success
267,2000,8,1,6.0,2.5000000000000004,0.1,0.6100000000000001,5.0,3,325,46,129,0,0.4773262369587718,0.15230202066618656,success
271,2000,8,1,6.0,2.5000000000000004,0.1,0.6500000000000001,5.0,3,325,47,128,0,0.46977773363488395,0.14986308228962497,success
270,2000,8,1,6.0,2.5000000000000004,0.1,0.6400000000000001,5.0,3,326,47,127,0,0.4726810774319666,0.15126533494715655,success
268,2000,8,1,6.0,2.5000000000000004,0.1,0.6200000000000001,5.0,3,326,42,132,0,0.4869280993595908,0.15989724928681587,success
269,2000,8,1,6.0,2.5000000000000004,0.1,0.6300000000000001,5.0,3,326,44,130,0,0.47985507259285387,0.15542664814695628,success
279,2000,8,1,6.0,2.5000000000000004,0.1,0.7300000000000002,5.0,3,328,41,131,0,0.47792607609618204,0.16220814371385137,success
272,2000,8,1,6.0,2.5000000000000004,0.1,0.6600000000000001,5.0,3,325,43,132,0,0.47964394593008347,0.15457277113425613,success
281,2000,8,1,6.0,2.5000000000000004,0.1,0.7500000000000002,5.0,3,328,39,133,0,0.4808918182419086,0.16366200395716923,success
277,2000,8,1,6.0,2.5000000000000004,0.1,0.7100000000000002,5.0,3,328,42,130,0,0.47587051331951635,0.156638376143499,success
273,2000,8,1,6.0,2.5000000000000004,0.1,0.6700000000000002,5.0,3,327,44,129,0,0.47557738321076026,0.14948790295734662,success
274,2000,8,1,6.0,2.5000000000000004,0.1,0.6800000000000002,5.0,3,327,42,131,0,0.48271123825269413,0.15913263209754452,success
276,2000,8,1,6.0,2.5000000000000004,0.1,0.7000000000000002,5.0,3,328,41,131,0,0.4826888156796033,0.15957223526485886,success
275,2000,8,1,6.0,2.5000000000000004,0.1,0.6900000000000002,5.0,3,328,42,130,0,0.47992273792396245,0.15790390503628784,success
282,2000,8,1,6.0,2.5000000000000004,0.1,0.7600000000000002,5.0,3,328,38,134,0,0.48233410383232156,0.16473481262957648,success
278,2000,8,1,6.0,2.5000000000000004,0.1,0.7200000000000002,5.0,3,328,41,131,0,0.4777411328829586,0.15964389791155476,success
283,2000,8,1,6.0,2.5000000000000004,0.1,0.7700000000000002,5.0,3,328,37,135,0,0.48272007392686234,0.16522055126172044,success
280,2000,8,1,6.0,2.5000000000000004,0.1,0.7400000000000002,5.0,3,328,41,131,0,0.47590907931748244,0.160038617950963,success
284,2000,8,1,6.0,2.5000000000000004,0.1,0.7800000000000002,5.0,3,328,40,132,0,0.47544294495276623,0.16154723297332604,success
285,2000,8,1,6.0,2.5000000000000004,0.1,0.7900000000000003,5.0,3,329,40,131,0,0.4773798986111093,0.15801750100642672,success
287,2000,8,1,6.0,2.5000000000000004,0.1,0.8100000000000003,5.0,3,329,41,130,0,0.47311127974063516,0.1554516673180396,success
286,2000,8,1,6.0,2.5000000000000004,0.1,0.8000000000000003,5.0,3,329,42,129,0,0.47003111175919293,0.15085336801434035,success
288,2000,8,1,6.0,2.5000000000000004,0.1,0.8200000000000003,5.0,3,329,40,131,0,0.4761006536709749,0.1608959007656816,success
289,2000,8,1,6.0,2.5000000000000004,0.1,0.8300000000000003,5.0,3,328,40,132,0,0.47041702861229756,0.16003639213450238,success
290,2000,8,1,6.0,2.5000000000000004,0.1,0.8400000000000003,5.0,3,328,41,131,0,0.4637644937915386,0.15298895013316852,success
291,2000,8,1,6.0,2.5000000000000004,0.1,0.8500000000000003,5.0,3,328,38,134,0,0.474151843435578,0.15901954313734398,success
293,2000,8,1,6.0,2.5000000000000004,0.1,0.8700000000000003,5.0,3,329,38,133,0,0.4717850166027262,0.15788505141639705,success
292,2000,8,1,6.0,2.5000000000000004,0.1,0.8600000000000003,5.0,3,328,38,134,0,0.472301181974009,0.1565422611471818,success
294,2000,8,1,6.0,2.5000000000000004,0.1,0.8800000000000003,5.0,3,329,39,132,0,0.4691019479747019,0.15557756616837487,success
296,2000,8,1,6.0,2.5000000000000004,0.1,0.9000000000000004,5.0,3,329,38,133,0,0.47312458043728656,0.16131204381539105,success
295,2000,8,1,6.0,2.5000000000000004,0.1,0.8900000000000003,5.0,3,329,40,131,0,0.46801175081143165,0.1565675206516637,success
297,2000,8,1,6.0,2.5000000000000004,0.1,0.9100000000000004,5.0,3,328,39,133,0,0.46665506191797984,0.16087760680106752,success
301,2000,8,1,6.0,2.5000000000000004,0.1,0.9500000000000004,5.0,3,327,42,131,0,0.4553543756133964,0.15379808531817185,success
300,2000,8,1,6.0,2.5000000000000004,0.1,0.9400000000000004,5.0,3,328,41,131,0,0.4589116192112131,0.15497670635089858,success
298,2000,8,1,6.0,2.5000000000000004,0.1,0.9200000000000004,5.0,3,328,40,132,0,0.4622161426373968,0.15271665129938503,success
299,2000,8,1,6.0,2.5000000000000004,0.1,0.9300000000000004,5.0,3,328,40,132,0,0.4609256598205878,0.15374261435040582,success
304,2000,8,1,6.0,2.5000000000000004,0.1,0.9800000000000004,5.0,3,327,42,131,0,0.45591867421912485,0.1673924178070824,success
303,2000,8,1,6.0,2.5000000000000004,0.1,0.9700000000000004,5.0,3,327,40,133,0,0.4628704412114969,0.1697813573669787,success
302,2000,8,1,6.0,2.5000000000000004,0.1,0.9600000000000004,5.0,3,327,41,132,0,0.4620113260994054,0.15794264932576252,success
305,2000,8,1,6.0,2.5000000000000004,0.1,0.9900000000000004,5.0,3,327,43,130,0,0.4542350672447531,0.1658622257404908,success
306,2000,8,1,6.0,2.5000000000000004,0.1,1.0000000000000004,5.0,3,327,41,132,0,0.45643613100651503,0.16942099892064555,success
311,2000,8,1,6.0,2.6000000000000005,0.1,0.54,5.0,3,318,51,131,0,0.4866625158122172,0.1713522987586193,success
312,2000,8,1,6.0,2.6000000000000005,0.1,0.55,5.0,3,320,50,130,0,0.476994260412338,0.16039742239367497,success
309,2000,8,1,6.0,2.6000000000000005,0.1,0.52,5.0,3,323,49,128,0,0.478899181763748,0.15878396442086673,success
314,2000,8,1,6.0,2.6000000000000005,0.1,0.5700000000000001,5.0,3,322,47,131,0,0.48464802307076366,0.16239078390750103,success
307,2000,8,1,6.0,2.6000000000000005,0.1,0.5,5.0,3,319,50,131,0,0.48806551598801146,0.1818520624498014,success
313,2000,8,1,6.0,2.6000000000000005,0.1,0.56,5.0,3,321,48,131,0,0.48300336685460465,0.16587912582725114,success
308,2000,8,1,6.0,2.6000000000000005,0.1,0.51,5.0,3,323,48,129,0,0.4812727397748391,0.16036578505067997,success
310,2000,8,1,6.0,2.6000000000000005,0.1,0.53,5.0,3,320,49,131,0,0.4840986416377078,0.16545774926382892,success
316,2000,8,1,6.0,2.6000000000000005,0.1,0.5900000000000001,5.0,3,323,45,132,0,0.4858888997564799,0.1649605704430477,success
315,2000,8,1,6.0,2.6000000000000005,0.1,0.5800000000000001,5.0,3,322,46,132,0,0.48611792564550754,0.1665160914982162,success
318,2000,8,1,6.0,2.6000000000000005,0.1,0.6100000000000001,5.0,3,323,47,130,0,0.47737587542266136,0.16085928070047176,success
317,2000,8,1,6.0,2.6000000000000005,0.1,0.6000000000000001,5.0,3,323,46,131,0,0.48611733439544946,0.1656640700437074,success
319,2000,8,1,6.0,2.6000000000000005,0.1,0.6200000000000001,5.0,3,322,48,130,0,0.4811372121006503,0.16503286896296648,success
320,2000,8,1,6.0,2.6000000000000005,0.1,0.6300000000000001,5.0,3,323,46,131,0,0.4835366455805073,0.16727558493512265,success
321,2000,8,1,6.0,2.6000000000000005,0.1,0.6400000000000001,5.0,3,323,47,130,0,0.48644790157257695,0.16587845029804368,success
323,2000,8,1,6.0,2.6000000000000005,0.1,0.6600000000000001,5.0,3,325,44,131,0,0.4898899406251915,0.16422846616599737,success
322,2000,8,1,6.0,2.6000000000000005,0.1,0.6500000000000001,5.0,3,323,47,130,0,0.4878469560865941,0.16605467141589653,success
325,2000,8,1,6.0,2.6000000000000005,0.1,0.6800000000000002,5.0,3,329,44,127,0,0.4870668700104415,0.15443045445137202,success
324,2000,8,1,6.0,2.6000000000000005,0.1,0.6700000000000002,5.0,3,326,44,130,0,0.4922436469198577,0.16528163475416185,success
327,2000,8,1,6.0,2.6000000000000005,0.1,0.7000000000000002,5.0,3,329,48,123,0,0.4754387011893688,0.149387118585331,success
328,2000,8,1,6.0,2.6000000000000005,0.1,0.7100000000000002,5.0,3,330,46,124,0,0.48331190917570543,0.15262352593530543,success
326,2000,8,1,6.0,2.6000000000000005,0.1,0.6900000000000002,5.0,3,329,43,128,0,0.4901063641910125,0.1601330968430751,success
331,2000,8,1,6.0,2.6000000000000005,0.1,0.7400000000000002,5.0,3,329,44,127,0,0.48524308271906547,0.15443673697673715,success
330,2000,8,1,6.0,2.6000000000000005,0.1,0.7300000000000002,5.0,3,329,45,126,0,0.48299913029277364,0.15085004565989418,success
333,2000,8,1,6.0,2.6000000000000005,0.1,0.7600000000000002,5.0,3,328,41,131,0,0.4957753941903618,0.1618231828272363,success
329,2000,8,1,6.0,2.6000000000000005,0.1,0.7200000000000002,5.0,3,329,44,127,0,0.48594648277957203,0.15343586086214311,success
332,2000,8,1,6.0,2.6000000000000005,0.1,0.7500000000000002,5.0,3,328,40,132,0,0.4973134520005034,0.16536814605169337,success
334,2000,8,1,6.0,2.6000000000000005,0.1,0.7700000000000002,5.0,3,329,38,133,0,0.49823705359275505,0.16409453604611185,success
335,2000,8,1,6.0,2.6000000000000005,0.1,0.7800000000000002,5.0,3,329,39,132,0,0.49526166861205806,0.16429492709099755,success
337,2000,8,1,6.0,2.6000000000000005,0.1,0.8000000000000003,5.0,3,328,42,130,0,0.4858082157006675,0.1547495437000958,success
338,2000,8,1,6.0,2.6000000000000005,0.1,0.8100000000000003,5.0,3,328,42,130,0,0.4853551976124999,0.15347765013479656,success
336,2000,8,1,6.0,2.6000000000000005,0.1,0.7900000000000003,5.0,3,328,40,132,0,0.4886259226682341,0.15657261737077394,success
340,2000,8,1,6.0,2.6000000000000005,0.1,0.8300000000000003,5.0,3,328,43,129,0,0.48167218059530953,0.15166198859249025,success
341,2000,8,1,6.0,2.6000000000000005,0.1,0.8400000000000003,5.0,3,328,41,131,0,0.48597982251216887,0.1563503486274078,success
344,2000,8,1,6.0,2.6000000000000005,0.1,0.8700000000000003,5.0,3,328,44,128,0,0.48069154108751255,0.1504562148418444,success
342,2000,8,1,6.0,2.6000000000000005,0.1,0.8500000000000003,5.0,3,328,41,131,0,0.49030423227887027,0.15648648428806272,success
339,2000,8,1,6.0,2.6000000000000005,0.1,0.8200000000000003,5.0,3,328,42,130,0,0.48244262965757045,0.15069468882756562,success
343,2000,8,1,6.0,2.6000000000000005,0.1,0.8600000000000003,5.0,3,328,43,129,0,0.4810507085341929,0.14848045785985692,success
345,2000,8,1,6.0,2.6000000000000005,0.1,0.8800000000000003,5.0,3,328,43,129,0,0.48374733133857856,0.1534128378853367,success
347,2000,8,1,6.0,2.6000000000000005,0.1,0.9000000000000004,5.0,3,327,46,127,0,0.47279754378053657,0.14599382141874426,success
346,2000,8,1,6.0,2.6000000000000005,0.1,0.8900000000000003,5.0,3,327,45,128,0,0.4755539353609006,0.14697535109895282,success
348,2000,8,1,6.0,2.6000000000000005,0.1,0.9100000000000004,5.0,3,327,43,130,0,0.47994063654822083,0.15197288982146503,success
349,2000,8,1,6.0,2.6000000000000005,0.1,0.9200000000000004,5.0,3,327,41,132,0,0.4867195637663284,0.1584522243808216,success
350,2000,8,1,6.0,2.6000000000000005,0.1,0.9300000000000004,5.0,3,327,40,133,0,0.48717647899285044,0.15949007451089617,success
351,2000,8,1,6.0,2.6000000000000005,0.1,0.9400000000000004,5.0,3,327,42,131,0,0.4802621669122378,0.1520798287224119,success
352,2000,8,1,6.0,2.6000000000000005,0.1,0.9500000000000004,5.0,3,326,40,134,0,0.4824218351237837,0.15417204780875612,success
353,2000,8,1,6.0,2.6000000000000005,0.1,0.9600000000000004,5.0,3,326,40,134,0,0.48332196380188674,0.15528666891229165,success
355,2000,8,1,6.0,2.6000000000000005,0.1,0.9800000000000004,5.0,3,325,42,133,0,0.4718373080783744,0.1570039915244478,success
354,2000,8,1,6.0,2.6000000000000005,0.1,0.9700000000000004,5.0,3,326,39,135,0,0.4827585087391387,0.16467650534400197,success
356,2000,8,1,6.0,2.6000000000000005,0.1,0.9900000000000004,5.0,3,324,42,134,0,0.4686258158873532,0.1563925314865293,success
357,2000,8,1,6.0,2.6000000000000005,0.1,1.0000000000000004,5.0,3,323,42,135,0,0.46941130795337654,0.15978281486132495,success
361,2000,8,1,6.0,2.7000000000000006,0.1,0.53,5.0,3,323,48,129,0,0.5014785644775251,0.17533719329376302,success
359,2000,8,1,6.0,2.7000000000000006,0.1,0.51,5.0,3,321,47,132,0,0.5089668789268611,0.18272636621098015,success
362,2000,8,1,6.0,2.7000000000000006,0.1,0.54,5.0,3,322,49,129,0,0.5044136595163006,0.1813945412766176,success
358,2000,8,1,6.0,2.7000000000000006,0.1,0.5,5.0,3,320,46,134,0,0.5145727719294299,0.1878446859525863,success
360,2000,8,1,6.0,2.7000000000000006,0.1,0.52,5.0,3,324,47,129,0,0.5011687443514786,0.1733277645979702,success
365,2000,8,1,6.0,2.7000000000000006,0.1,0.5700000000000001,5.0,3,325,48,127,0,0.5021695749475065,0.17757357607966914,success
363,2000,8,1,6.0,2.7000000000000006,0.1,0.55,5.0,3,324,49,127,0,0.49668533581952334,0.17479379333914838,success
364,2000,8,1,6.0,2.7000000000000006,0.1,0.56,5.0,3,323,48,129,0,0.5063051548684361,0.18494788605549892,success
366,2000,8,1,6.0,2.7000000000000006,0.1,0.5800000000000001,5.0,3,325,48,127,0,0.5011897098202596,0.17859689003385573,success
367,2000,8,1,6.0,2.7000000000000006,0.1,0.5900000000000001,5.0,3,326,44,130,0,0.5042964997894859,0.17406180955743625,success
369,2000,8,1,6.0,2.7000000000000006,0.1,0.6100000000000001,5.0,3,327,49,124,0,0.4954677066430461,0.16972828446952512,success
368,2000,8,1,6.0,2.7000000000000006,0.1,0.6000000000000001,5.0,3,328,46,126,0,0.496867959555032,0.16826899864550282,success
371,2000,8,1,6.0,2.7000000000000006,0.1,0.6300000000000001,5.0,3,327,45,128,0,0.5084263828613574,0.17891768433050356,success
370,2000,8,1,6.0,2.7000000000000006,0.1,0.6200000000000001,5.0,3,327,46,127,0,0.5044143693629565,0.17542057058128407,success
376,2000,8,1,6.0,2.7000000000000006,0.1,0.6800000000000002,5.0,3,333,48,119,0,0.4921045649687095,0.1544589103494781,success
373,2000,8,1,6.0,2.7000000000000006,0.1,0.6500000000000001,5.0,3,332,46,122,0,0.4946943049406098,0.15532528725566994,success
372,2000,8,1,6.0,2.7000000000000006,0.1,0.6400000000000001,5.0,3,330,47,123,0,0.5002438600966986,0.16326173564981333,success
375,2000,8,1,6.0,2.7000000000000006,0.1,0.6700000000000002,5.0,3,333,48,119,0,0.49496717545275287,0.1544920367227438,success
377,2000,8,1,6.0,2.7000000000000006,0.1,0.6900000000000002,5.0,3,333,49,118,0,0.4870974573438986,0.15020784076849994,success
374,2000,8,1,6.0,2.7000000000000006,0.1,0.6600000000000001,5.0,3,331,46,123,0,0.503842427866608,0.164812023276207,success
378,2000,8,1,6.0,2.7000000000000006,0.1,0.7000000000000002,5.0,3,334,47,119,0,0.49139036626085253,0.15485007753014712,success
379,2000,8,1,6.0,2.7000000000000006,0.1,0.7100000000000002,5.0,3,334,49,117,0,0.4832341122983284,0.1491071226679587,success
380,2000,8,1,6.0,2.7000000000000006,0.1,0.7200000000000002,5.0,3,332,47,121,0,0.4996777781953048,0.16289620193126667,success
381,2000,8,1,6.0,2.7000000000000006,0.1,0.7300000000000002,5.0,3,332,49,119,0,0.49303347978091505,0.15667841470602886,success
383,2000,8,1,6.0,2.7000000000000006,0.1,0.7500000000000002,5.0,3,333,42,125,0,0.5014407579547783,0.15655757161221215,success
382,2000,8,1,6.0,2.7000000000000006,0.1,0.7400000000000002,5.0,3,334,44,122,0,0.49885917436675503,0.1565293243713662,success
384,2000,8,1,6.0,2.7000000000000006,0.1,0.7600000000000002,5.0,3,334,42,124,0,0.4983794886447597,0.1511038685934615,success
388,2000,8,1,6.0,2.7000000000000006,0.1,0.8000000000000003,5.0,3,333,38,129,0,0.5061646025894916,0.16127884252685654,success
385,2000,8,1,6.0,2.7000000000000006,0.1,0.7700000000000002,5.0,3,334,42,124,0,0.4966348914539485,0.15231023634042148,success
387,2000,8,1,6.0,2.7000000000000006,0.1,0.7900000000000003,5.0,3,333,38,129,0,0.507037854501284,0.16172965633454983,success
386,2000,8,1,6.0,2.7000000000000006,0.1,0.7800000000000002,5.0,3,333,40,127,0,0.5050272774113508,0.1606513323297615,success
389,2000,8,1,6.0,2.7000000000000006,0.1,0.8100000000000003,5.0,3,332,38,130,0,0.5078793502690511,0.16261291451294235,success
390,2000,8,1,6.0,2.7000000000000006,0.1,0.8200000000000003,5.0,3,333,40,127,0,0.5030410621504638,0.16120418913259418,success
392,2000,8,1,6.0,2.7000000000000006,0.1,0.8400000000000003,5.0,3,333,38,129,0,0.5048160302910213,0.16244206847617101,success
391,2000,8,1,6.0,2.7000000000000006,0.1,0.8300000000000003,5.0,3,333,41,126,0,0.49922339558734213,0.1583163516884382,success
393,2000,8,1,6.0,2.7000000000000006,0.1,0.8500000000000003,5.0,3,333,37,130,0,0.5073300846904387,0.16479145948474078,success
395,2000,8,1,6.0,2.7000000000000006,0.1,0.8700000000000003,5.0,3,333,36,131,0,0.5056584131470617,0.1640957049382415,success
394,2000,8,1,6.0,2.7000000000000006,0.1,0.8600000000000003,5.0,3,333,37,130,0,0.504208858328984,0.16166734715030623,success
401,2000,8,1,6.0,2.7000000000000006,0.1,0.9300000000000004,5.0,3,332,36,132,0,0.4994100110953248,0.17313636347135852,success
397,2000,8,1,6.0,2.7000000000000006,0.1,0.8900000000000003,5.0,3,332,37,131,0,0.5070017137732042,0.16677358911337398,success
400,2000,8,1,6.0,2.7000000000000006,0.1,0.9200000000000004,5.0,3,332,34,134,0,0.5029767517388994,0.17286870042372474,success
396,2000,8,1,6.0,2.7000000000000006,0.1,0.8800000000000003,5.0,3,333,36,131,0,0.508035153178344,0.16778919354921012,success
398,2000,8,1,6.0,2.7000000000000006,0.1,0.9000000000000004,5.0,3,332,36,132,0,0.5073498002416877,0.1688270924523603,success
404,2000,8,1,6.0,2.7000000000000006,0.1,0.9600000000000004,5.0,3,331,38,131,0,0.49607080366175876,0.16725707752817529,success
399,2000,8,1,6.0,2.7000000000000006,0.1,0.9100000000000004,5.0,3,333,34,133,0,0.5092304214144155,0.16907957231754592,success
402,2000,8,1,6.0,2.7000000000000006,0.1,0.9400000000000004,5.0,3,332,38,130,0,0.49432441220954143,0.16774625111600014,success
403,2000,8,1,6.0,2.7000000000000006,0.1,0.9500000000000004,5.0,3,331,37,132,0,0.49717525097686804,0.17087836665840644,success
405,2000,8,1,6.0,2.7000000000000006,0.1,0.9700000000000004,5.0,3,331,40,129,0,0.4904537300765668,0.16094409933529952,success
406,2000,8,1,6.0,2.7000000000000006,0.1,0.9800000000000004,5.0,3,330,37,133,0,0.4934830411719955,0.1654338510683888,success
408,2000,8,1,6.0,2.7000000000000006,0.1,1.0000000000000004,5.0,3,330,37,133,0,0.4934285061111507,0.1640554065887833,success
407,2000,8,1,6.0,2.7000000000000006,0.1,0.9900000000000004,5.0,3,329,36,135,0,0.4936566011998551,0.16801054648925368,success
410,2000,8,1,6.0,2.8000000000000007,0.1,0.51,5.0,3,317,47,136,0,0.5315895563729868,0.18932557898878571,success
409,2000,8,1,6.0,2.8000000000000007,0.1,0.5,5.0,3,311,48,141,0,0.5481578774101068,0.20725475643271918,success
411,2000,8,1,6.0,2.8000000000000007,0.1,0.52,5.0,3,315,50,135,0,0.5339740251264252,0.1968788638693847,success
412,2000,8,1,6.0,2.8000000000000007,0.1,0.53,5.0,3,312,47,141,0,0.5475358036039779,0.20888227003556525,success
413,2000,8,1,6.0,2.8000000000000007,0.1,0.54,5.0,3,318,48,134,0,0.5255942103754263,0.19142086294423957,success
414,2000,8,1,6.0,2.8000000000000007,0.1,0.55,5.0,3,318,48,134,0,0.5237952601846787,0.18818166506844194,success
415,2000,8,1,6.0,2.8000000000000007,0.1,0.56,5.0,3,319,46,135,0,0.5236927157603953,0.1882665469583168,success
416,2000,8,1,6.0,2.8000000000000007,0.1,0.5700000000000001,5.0,3,321,47,132,0,0.5093045384726388,0.1769057840919862,success
417,2000,8,1,6.0,2.8000000000000007,0.1,0.5800000000000001,5.0,3,321,47,132,0,0.5095135856301318,0.17799465622527463,success
418,2000,8,1,6.0,2.8000000000000007,0.1,0.5900000000000001,5.0,3,322,46,132,0,0.5065420403932617,0.1741983792299255,success
420,2000,8,1,6.0,2.8000000000000007,0.1,0.6100000000000001,5.0,3,324,48,128,0,0.4954780750228102,0.16615022929633688,success
419,2000,8,1,6.0,2.8000000000000007,0.1,0.6000000000000001,5.0,3,321,46,133,0,0.5105410108070455,0.18120342611278442,success
421,2000,8,1,6.0,2.8000000000000007,0.1,0.6200000000000001,5.0,3,322,47,131,0,0.5067227457005814,0.17663383674612304,success
422,2000,8,1,6.0,2.8000000000000007,0.1,0.6300000000000001,5.0,3,321,46,133,0,0.5124293954927063,0.18164026928366042,success
424,2000,8,1,6.0,2.8000000000000007,0.1,0.6500000000000001,5.0,3,323,50,127,0,0.49725468283658447,0.1704146506225704,success
423,2000,8,1,6.0,2.8000000000000007,0.1,0.6400000000000001,5.0,3,324,45,131,0,0.5045598489666129,0.17214601518860217,success
434,2000,8,1,6.0,2.8000000000000007,0.1,0.7500000000000002,5.0,3,328,47,125,0,0.49580002498572684,0.16021184313906903,success
426,2000,8,1,6.0,2.8000000000000007,0.1,0.6700000000000002,5.0,3,325,50,125,0,0.4907715029898489,0.1621306405134076,success
425,2000,8,1,6.0,2.8000000000000007,0.1,0.6600000000000001,5.0,3,324,48,128,0,0.5002460732377375,0.16980523387794355,success
427,2000,8,1,6.0,2.8000000000000007,0.1,0.6800000000000002,5.0,3,326,44,130,0,0.5035079653026534,0.1689321518148307,success
428,2000,8,1,6.0,2.8000000000000007,0.1,0.6900000000000002,5.0,3,327,46,127,0,0.48997699989017873,0.15475733859649723,success
435,2000,8,1,6.0,2.8000000000000007,0.1,0.7600000000000002,5.0,3,329,45,126,0,0.49781209982448826,0.1603382187999126,success
431,2000,8,1,6.0,2.8000000000000007,0.1,0.7200000000000002,5.0,3,328,46,126,0,0.49623313040334605,0.15759139515925444,success
429,2000,8,1,6.0,2.8000000000000007,0.1,0.7000000000000002,5.0,3,327,45,128,0,0.4932341906298848,0.15949732489044605,success
430,2000,8,1,6.0,2.8000000000000007,0.1,0.7100000000000002,5.0,3,327,45,128,0,0.49515539755543136,0.1643090288917682,success
432,2000,8,1,6.0,2.8000000000000007,0.1,0.7300000000000002,5.0,3,328,45,127,0,0.501257067012106,0.162818559834321,success
433,2000,8,1,6.0,2.8000000000000007,0.1,0.7400000000000002,5.0,3,329,49,122,0,0.48693269902610603,0.15005426089598958,success
438,2000,8,1,6.0,2.8000000000000007,0.1,0.7900000000000003,5.0,3,329,42,129,0,0.49856416975239476,0.16124981427054155,success
437,2000,8,1,6.0,2.8000000000000007,0.1,0.7800000000000002,5.0,3,330,43,127,0,0.49538662591559635,0.15701312240650123,success
436,2000,8,1,6.0,2.8000000000000007,0.1,0.7700000000000002,5.0,3,329,44,127,0,0.5001783745285026,0.16400974686183475,success
441,2000,8,1,6.0,2.8000000000000007,0.1,0.8200000000000003,5.0,3,330,43,127,0,0.4939836183289961,0.1560293494377061,success
439,2000,8,1,6.0,2.8000000000000007,0.1,0.8000000000000003,5.0,3,330,40,130,0,0.5024848807679599,0.16297770273000325,success
440,2000,8,1,6.0,2.8000000000000007,0.1,0.8100000000000003,5.0,3,330,41,129,0,0.49969345948838084,0.16049343432536545,success
442,2000,8,1,6.0,2.8000000000000007,0.1,0.8300000000000003,5.0,3,330,39,131,0,0.502442316247249,0.1623520810743571,success
445,2000,8,1,6.0,2.8000000000000007,0.1,0.8600000000000003,5.0,3,329,40,131,0,0.4946305659187402,0.1551432098592542,success
443,2000,8,1,6.0,2.8000000000000007,0.1,0.8400000000000003,5.0,3,330,39,131,0,0.4979103018949829,0.15688852581646887,success
444,2000,8,1,6.0,2.8000000000000007,0.1,0.8500000000000003,5.0,3,329,37,134,0,0.5024386275298702,0.16062908490065317,success
446,2000,8,1,6.0,2.8000000000000007,0.1,0.8700000000000003,5.0,3,329,40,131,0,0.49790217595231956,0.16166181145160521,success
448,2000,8,1,6.0,2.8000000000000007,0.1,0.8900000000000003,5.0,3,330,37,133,0,0.5008108636939907,0.1627589274124881,success
447,2000,8,1,6.0,2.8000000000000007,0.1,0.8800000000000003,5.0,3,329,39,132,0,0.4986893231638696,0.16061977761139115,success
449,2000,8,1,6.0,2.8000000000000007,0.1,0.9000000000000004,5.0,3,330,42,128,0,0.489079706732868,0.15599436882004442,success
450,2000,8,1,6.0,2.8000000000000007,0.1,0.9100000000000004,5.0,3,330,41,129,0,0.49217850630290333,0.15784940094499866,success
451,2000,8,1,6.0,2.8000000000000007,0.1,0.9200000000000004,5.0,3,330,41,129,0,0.49141379780537436,0.15843593898686545,success
452,2000,8,1,6.0,2.8000000000000007,0.1,0.9300000000000004,5.0,3,330,40,130,0,0.4951512681161453,0.16389688696002655,success
453,2000,8,1,6.0,2.8000000000000007,0.1,0.9400000000000004,5.0,3,330,41,129,0,0.49208229453111046,0.15956899528617008,success
455,2000,8,1,6.0,2.8000000000000007,0.1,0.9600000000000004,5.0,3,329,41,130,0,0.4882110165229383,0.16081321753265085,success
457,2000,8,1,6.0,2.8000000000000007,0.1,0.9800000000000004,5.0,3,329,41,130,0,0.48949997265509365,0.16173896465080434,success
454,2000,8,1,6.0,2.8000000000000007,0.1,0.9500000000000004,5.0,3,329,39,132,0,0.49469164364723295,0.1632893436632203,success
456,2000,8,1,6.0,2.8000000000000007,0.1,0.9700000000000004,5.0,3,329,40,131,0,0.4899940046762931,0.15966499603900683,success
458,2000,8,1,6.0,2.8000000000000007,0.1,0.9900000000000004,5.0,3,329,42,129,0,0.4873406500660225,0.15202633705186933,success
459,2000,8,1,6.0,2.8000000000000007,0.1,1.0000000000000004,5.0,3,329,38,133,0,0.49797365218856215,0.16240480325210627,success
462,2000,8,1,6.0,2.900000000000001,0.1,0.52,5.0,3,315,46,139,0,0.558310059713284,0.1933408092875314,success
465,2000,8,1,6.0,2.900000000000001,0.1,0.55,5.0,3,322,41,137,0,0.5465501416543049,0.18064207131340826,success
463,2000,8,1,6.0,2.900000000000001,0.1,0.53,5.0,3,320,45,135,0,0.5478257872544217,0.18435877286966978,success
461,2000,8,1,6.0,2.900000000000001,0.1,0.51,5.0,3,313,45,142,0,0.566524108177551,0.1975343193369749,success
464,2000,8,1,6.0,2.900000000000001,0.1,0.54,5.0,3,321,43,136,0,0.5487073090823851,0.18530383041630982,success
460,2000,8,1,6.0,2.900000000000001,0.1,0.5,5.0,3,300,47,153,0,0.5962742359481887,0.2195854351997312,success
471,2000,8,1,6.0,2.900000000000001,0.1,0.6100000000000001,5.0,3,324,40,136,0,0.5316854093414932,0.1722383569199872,success
467,2000,8,1,6.0,2.900000000000001,0.1,0.5700000000000001,5.0,3,325,42,133,0,0.5272683909031101,0.16509519189908295,success
466,2000,8,1,6.0,2.900000000000001,0.1,0.56,5.0,3,324,42,134,0,0.5372719199646588,0.17382679195132128,success
468,2000,8,1,6.0,2.900000000000001,0.1,0.5800000000000001,5.0,3,326,42,132,0,0.524685094155945,0.16378176579613812,success
469,2000,8,1,6.0,2.900000000000001,0.1,0.5900000000000001,5.0,3,326,41,133,0,0.5254018356135423,0.16533480517661325,success
470,2000,8,1,6.0,2.900000000000001,0.1,0.6000000000000001,5.0,3,326,44,130,0,0.5180379506547493,0.1605705212255634,success
472,2000,8,1,6.0,2.900000000000001,0.1,0.6200000000000001,5.0,3,325,40,135,0,0.5306262861166969,0.17014774711447797,success
473,2000,8,1,6.0,2.900000000000001,0.1,0.6300000000000001,5.0,3,326,43,131,0,0.5210663898313482,0.1639931112668989,success
474,2000,8,1,6.0,2.900000000000001,0.1,0.6400000000000001,5.0,3,327,42,131,0,0.5185389351985404,0.15984385829243913,success
475,2000,8,1,6.0,2.900000000000001,0.1,0.6500000000000001,5.0,3,326,42,132,0,0.5269483478287452,0.1720305795984836,success
476,2000,8,1,6.0,2.900000000000001,0.1,0.6600000000000001,5.0,3,329,43,128,0,0.5153452204006059,0.15847904841429664,success
477,2000,8,1,6.0,2.900000000000001,0.1,0.6700000000000002,5.0,3,327,41,132,0,0.5169973365973303,0.164695081230396,success
478,2000,8,1,6.0,2.900000000000001,0.1,0.6800000000000002,5.0,3,328,40,132,0,0.5175224214468653,0.16324843861849517,success
479,2000,8,1,6.0,2.900000000000001,0.1,0.6900000000000002,5.0,3,327,40,133,0,0.5208468757911835,0.16835245332448928,success
480,2000,8,1,6.0,2.900000000000001,0.1,0.7000000000000002,5.0,3,327,40,133,0,0.5176932250764797,0.1630296038380918,success
483,2000,8,1,6.0,2.900000000000001,0.1,0.7300000000000002,5.0,3,328,38,134,0,0.5220023651732257,0.16111011481587514,success
481,2000,8,1,6.0,2.900000000000001,0.1,0.7100000000000002,5.0,3,329,41,130,0,0.5147953309563668,0.15565680522208536,success
482,2000,8,1,6.0,2.900000000000001,0.1,0.7200000000000002,5.0,3,329,39,132,0,0.5217226940554351,0.16313534014429137,success
484,2000,8,1,6.0,2.900000000000001,0.1,0.7400000000000002,5.0,3,330,41,129,0,0.5131541935421922,0.1572461830157498,success
485,2000,8,1,6.0,2.900000000000001,0.1,0.7500000000000002,5.0,3,329,40,131,0,0.5162216856827279,0.16091691586003543,success
487,2000,8,1,6.0,2.900000000000001,0.1,0.7700000000000002,5.0,3,329,41,130,0,0.5146424208618194,0.16154562082859844,success
486,2000,8,1,6.0,2.900000000000001,0.1,0.7600000000000002,5.0,3,328,40,132,0,0.5198368920357983,0.16484316458105117,success
489,2000,8,1,6.0,2.900000000000001,0.1,0.7900000000000003,5.0,3,329,41,130,0,0.5091610750206385,0.1573608187806837,success
488,2000,8,1,6.0,2.900000000000001,0.1,0.7800000000000002,5.0,3,330,42,128,0,0.5080404984746246,0.15531569031187398,success
490,2000,8,1,6.0,2.900000000000001,0.1,0.8000000000000003,5.0,3,327,40,133,0,0.5171770247204804,0.1666321883413814,success
491,2000,8,1,6.0,2.900000000000001,0.1,0.8100000000000003,5.0,3,330,41,129,0,0.5050531487680936,0.15388459687552014,success
494,2000,8,1,6.0,2.900000000000001,0.1,0.8400000000000003,5.0,3,330,40,130,0,0.5018695568567926,0.14969119087518712,success
493,2000,8,1,6.0,2.900000000000001,0.1,0.8300000000000003,5.0,3,330,38,132,0,0.5083208791629077,0.15542827552569213,success
498,2000,8,1,6.0,2.900000000000001,0.1,0.8800000000000003,5.0,3,330,37,133,0,0.5048257986763591,0.15276956338680825,success
492,2000,8,1,6.0,2.900000000000001,0.1,0.8200000000000003,5.0,3,329,39,132,0,0.5128491480057108,0.16193029727552602,success
500,2000,8,1,6.0,2.900000000000001,0.1,0.9000000000000004,5.0,3,330,37,133,0,0.505120180650892,0.1560071398336362,success
496,2000,8,1,6.0,2.900000000000001,0.1,0.8600000000000003,5.0,3,329,40,131,0,0.5022607205671651,0.15149505012345663,success
501,2000,8,1,6.0,2.900000000000001,0.1,0.9100000000000004,5.0,3,330,35,135,0,0.508572598163417,0.15848523517047353,success
499,2000,8,1,6.0,2.900000000000001,0.1,0.8900000000000003,5.0,3,330,34,136,0,0.5125669383358441,0.16089658378897922,success
497,2000,8,1,6.0,2.900000000000001,0.1,0.8700000000000003,5.0,3,329,37,134,0,0.5105684701836389,0.1600238236324009,success
495,2000,8,1,6.0,2.900000000000001,0.1,0.8500000000000003,5.0,3,329,40,131,0,0.5030250303167695,0.1525499432152826,success
503,2000,8,1,6.0,2.900000000000001,0.1,0.9300000000000004,5.0,3,330,34,136,0,0.510132784577944,0.16167112055404145,success
502,2000,8,1,6.0,2.900000000000001,0.1,0.9200000000000004,5.0,3,330,38,132,0,0.5010312798364456,0.15199135337606548,success
506,2000,8,1,6.0,2.900000000000001,0.1,0.9600000000000004,5.0,3,330,40,130,0,0.4930104502649792,0.14836003267674083,success
504,2000,8,1,6.0,2.900000000000001,0.1,0.9400000000000004,5.0,3,330,36,134,0,0.5066376980130359,0.1589476393198544,success
505,2000,8,1,6.0,2.900000000000001,0.1,0.9500000000000004,5.0,3,329,40,131,0,0.49346983267465694,0.14643805188111858,success
507,2000,8,1,6.0,2.900000000000001,0.1,0.9700000000000004,5.0,3,330,38,132,0,0.4971366705211575,0.15124360483368887,success
508,2000,8,1,6.0,2.900000000000001,0.1,0.9800000000000004,5.0,3,330,37,133,0,0.49913040168749845,0.1521183490280991,success
510,2000,8,1,6.0,2.900000000000001,0.1,1.0000000000000004,5.0,3,330,33,137,0,0.5102194648684425,0.15649035038164666,success
509,2000,8,1,6.0,2.900000000000001,0.1,0.9900000000000004,5.0,3,330,36,134,0,0.504019806302451,0.15147060609367716,success
511,2000,8,1,6.0,3.000000000000001,0.1,0.5,5.0,4,323,32,145,0,0.6049575839207495,0.22091353765903382,success
512,2000,8,1,6.0,3.000000000000001,0.1,0.51,5.0,4,326,35,139,0,0.5935028229226715,0.21840972067467998,success
513,2000,8,1,6.0,3.000000000000001,0.1,0.52,5.0,4,331,34,135,0,0.5793865905026954,0.20879943227097217,success
515,2000,8,1,6.0,3.000000000000001,0.1,0.54,5.0,4,335,33,132,0,0.5655524847871989,0.19997424760776866,success
514,2000,8,1,6.0,3.000000000000001,0.1,0.53,5.0,4,334,33,133,0,0.5697188999293366,0.20233275323282246,success
516,2000,8,1,6.0,3.000000000000001,0.1,0.55,5.0,4,334,28,138,0,0.5778994630594865,0.2054112248002205,success
518,2000,8,1,6.0,3.000000000000001,0.1,0.5700000000000001,5.0,4,339,29,132,0,0.5577934039311059,0.1929952699906383,success
517,2000,8,1,6.0,3.000000000000001,0.1,0.56,5.0,4,336,29,135,0,0.5686507666663665,0.19998318578618676,success
519,2000,8,1,6.0,3.000000000000001,0.1,0.5800000000000001,5.0,4,341,29,130,0,0.5516370988758998,0.18799102900162237,success
520,2000,8,1,6.0,3.000000000000001,0.1,0.5900000000000001,5.0,4,343,28,129,0,0.5452955109490357,0.1815915720620727,success
521,2000,8,1,6.0,3.000000000000001,0.1,0.6000000000000001,5.0,4,344,30,126,0,0.5373780560349818,0.17732365493318555,success
522,2000,8,1,6.0,3.000000000000001,0.1,0.6100000000000001,5.0,4,346,30,124,0,0.527190932991256,0.1707661096305857,success
523,2000,8,1,6.0,3.000000000000001,0.1,0.6200000000000001,5.0,4,347,28,125,0,0.5276736098282049,0.16949080184906118,success
526,2000,8,1,6.0,3.000000000000001,0.1,0.6500000000000001,5.0,4,345,26,129,0,0.5357332051972985,0.1758458527444058,success
529,2000,8,1,6.0,3.000000000000001,0.1,0.6800000000000002,5.0,4,347,26,127,0,0.526527977774936,0.16852619818596035,success
524,2000,8,1,6.0,3.000000000000001,0.1,0.6300000000000001,5.0,4,345,27,128,0,0.5344903934355261,0.1753467222429211,success
525,2000,8,1,6.0,3.000000000000001,0.1,0.6400000000000001,5.0,4,346,28,126,0,0.5292111741078032,0.17115390742947043,success
528,2000,8,1,6.0,3.000000000000001,0.1,0.6700000000000002,5.0,4,347,28,125,0,0.5234543908664815,0.16748126838600372,success
531,2000,8,1,6.0,3.000000000000001,0.1,0.7000000000000002,5.0,4,348,25,127,0,0.5242748115959852,0.16621263902226383,success
527,2000,8,1,6.0,3.000000000000001,0.1,0.6600000000000001,5.0,4,346,25,129,0,0.5338526409457337,0.17365584623395194,success
530,2000,8,1,6.0,3.000000000000001,0.1,0.6900000000000002,5.0,4,346,27,127,0,0.5266178555554579,0.1698197966244984,success
536,2000,8,1,6.0,3.000000000000001,0.1,0.7500000000000002,5.0,4,350,28,122,0,0.5057445801801945,0.151945043635091,success
534,2000,8,1,6.0,3.000000000000001,0.1,0.7300000000000002,5.0,4,348,28,124,0,0.515228195895679,0.16159015741895694,success
532,2000,8,1,6.0,3.000000000000001,0.1,0.7100000000000002,5.0,4,347,28,125,0,0.5200495200914209,0.16618314231790618,success
535,2000,8,1,6.0,3.000000000000001,0.1,0.7400000000000002,5.0,4,349,27,124,0,0.5129429942666834,0.15812009855953102,success
533,2000,8,1,6.0,3.000000000000001,0.1,0.7200000000000002,5.0,4,347,26,127,0,0.5241108715266862,0.16873315930801272,success
537,2000,8,1,6.0,3.000000000000001,0.1,0.7600000000000002,5.0,4,350,26,124,0,0.5090141230453413,0.154360286027873,success
538,2000,8,1,6.0,3.000000000000001,0.1,0.7700000000000002,5.0,4,349,26,125,0,0.5112314207538304,0.15873328400433714,success
539,2000,8,1,6.0,3.000000000000001,0.1,0.7800000000000002,5.0,4,349,27,124,0,0.5088109762908164,0.1569920541689385,success
541,2000,8,1,6.0,3.000000000000001,0.1,0.8000000000000003,5.0,4,349,27,124,0,0.5081724184525761,0.15710749015886136,success
540,2000,8,1,6.0,3.000000000000001,0.1,0.7900000000000003,5.0,4,349,28,123,0,0.505008225746543,0.15432788322893431,success
542,2000,8,1,6.0,3.000000000000001,0.1,0.8100000000000003,5.0,4,349,26,125,0,0.5093968731698248,0.15782201796750883,success
543,2000,8,1,6.0,3.000000000000001,0.1,0.8200000000000003,5.0,4,350,26,124,0,0.5050217174730118,0.15227591640647317,success
544,2000,8,1,6.0,3.000000000000001,0.1,0.8300000000000003,5.0,4,350,27,123,0,0.5027138688590411,0.15073618455784937,success
545,2000,8,1,6.0,3.000000000000001,0.1,0.8400000000000003,5.0,4,350,26,124,0,0.5062813664988243,0.15508803759530015,success
546,2000,8,1,6.0,3.000000000000001,0.1,0.8500000000000003,5.0,4,350,26,124,0,0.5056796240410716,0.15517474885955748,success
547,2000,8,1,6.0,3.000000000000001,0.1,0.8600000000000003,5.0,4,350,25,125,0,0.507489322590405,0.15643292943323647,success
549,2000,8,1,6.0,3.000000000000001,0.1,0.8800000000000003,5.0,4,350,23,127,0,0.5103927661449921,0.15875637247095487,success
548,2000,8,1,6.0,3.000000000000001,0.1,0.8700000000000003,5.0,4,350,25,125,0,0.5059806010086919,0.15407242237949867,success
550,2000,8,1,6.0,3.000000000000001,0.1,0.8900000000000003,5.0,4,350,24,126,0,0.5070298496657593,0.15548913037779888,success
552,2000,8,1,6.0,3.000000000000001,0.1,0.9100000000000004,5.0,4,350,25,125,0,0.5027160162058674,0.1530333854725109,success
553,2000,8,1,6.0,3.000000000000001,0.1,0.9200000000000004,5.0,4,350,25,125,0,0.5031336847140213,0.15367574925137598,success
551,2000,8,1,6.0,3.000000000000001,0.1,0.9000000000000004,5.0,4,350,24,126,0,0.5063102365085325,0.1561726621712862,success
554,2000,8,1,6.0,3.000000000000001,0.1,0.9300000000000004,5.0,4,350,23,127,0,0.5101039759725274,0.16158722417389249,success
555,2000,8,1,6.0,3.000000000000001,0.1,0.9400000000000004,5.0,4,350,24,126,0,0.5028324766057803,0.151927385078925,success
558,2000,8,1,6.0,3.000000000000001,0.1,0.9700000000000004,5.0,4,350,23,127,0,0.5046638758993215,0.15440077746100117,success
560,2000,8,1,6.0,3.000000000000001,0.1,0.9900000000000004,5.0,4,350,22,128,0,0.5055411681823322,0.15587805400004925,success
556,2000,8,1,6.0,3.000000000000001,0.1,0.9500000000000004,5.0,4,350,23,127,0,0.5048210678281788,0.15431886086586705,success
557,2000,8,1,6.0,3.000000000000001,0.1,0.9600000000000004,5.0,4,350,24,126,0,0.5022349100294782,0.15104865380752444,success
561,2000,8,1,6.0,3.000000000000001,0.1,1.0000000000000004,5.0,4,350,23,127,0,0.5027976699934993,0.15488260423666433,success
559,2000,8,1,6.0,3.000000000000001,0.1,0.9800000000000004,5.0,4,350,23,127,0,0.5037871337534304,0.1537655130703247,success
564,2000,8,1,6.0,3.100000000000001,0.1,0.52,5.0,4,319,30,151,0,0.617869506129727,0.22353271319388685,success
565,2000,8,1,6.0,3.100000000000001,0.1,0.53,5.0,4,320,31,149,0,0.6127353891276998,0.22336940356848214,success
562,2000,8,1,6.0,3.100000000000001,0.1,0.5,5.0,4,312,32,156,0,0.6335126847696733,0.23054060514417188,success
563,2000,8,1,6.0,3.100000000000001,0.1,0.51,5.0,4,315,30,155,0,0.6274252513127835,0.22773586003683685,success
570,2000,8,1,6.0,3.100000000000001,0.1,0.5800000000000001,5.0,4,334,30,136,0,0.5763183619180708,0.20560146769097024,success
566,2000,8,1,6.0,3.100000000000001,0.1,0.54,5.0,4,328,33,139,0,0.589396607490242,0.21402942969920388,success
568,2000,8,1,6.0,3.100000000000001,0.1,0.56,5.0,4,336,30,134,0,0.5709581138050147,0.1995303554991599,success
569,2000,8,1,6.0,3.100000000000001,0.1,0.5700000000000001,5.0,4,337,30,133,0,0.5686591134564555,0.19935686508336734,success
567,2000,8,1,6.0,3.100000000000001,0.1,0.55,5.0,4,326,30,144,0,0.5972679294492034,0.21649502056186845,success
572,2000,8,1,6.0,3.100000000000001,0.1,0.6000000000000001,5.0,4,337,29,134,0,0.5652141709582181,0.19641460134698976,success
571,2000,8,1,6.0,3.100000000000001,0.1,0.5900000000000001,5.0,4,333,31,136,0,0.5762987692443017,0.20725645200134482,success
573,2000,8,1,6.0,3.100000000000001,0.1,0.6100000000000001,5.0,4,339,29,132,0,0.5539445693291521,0.19075495150221677,success
574,2000,8,1,6.0,3.100000000000001,0.1,0.6200000000000001,5.0,4,342,26,132,0,0.5503166627840538,0.1843175477169281,success
575,2000,8,1,6.0,3.100000000000001,0.1,0.6300000000000001,5.0,4,341,26,133,0,0.554030481218517,0.18835526119926382,success
576,2000,8,1,6.0,3.100000000000001,0.1,0.6400000000000001,5.0,4,343,28,129,0,0.5438659392233316,0.18108932709591957,success
577,2000,8,1,6.0,3.100000000000001,0.1,0.6500000000000001,5.0,4,347,26,127,0,0.5323376161172991,0.1684407356944982,success
578,2000,8,1,6.0,3.100000000000001,0.1,0.6600000000000001,5.0,4,345,29,126,0,0.5341024478300492,0.17430926121121254,success
580,2000,8,1,6.0,3.100000000000001,0.1,0.6800000000000002,5.0,4,346,27,127,0,0.5335974311004854,0.17372195189005948,success
579,2000,8,1,6.0,3.100000000000001,0.1,0.6700000000000002,5.0,4,345,29,126,0,0.5328834753288947,0.1744032260746579,success
581,2000,8,1,6.0,3.100000000000001,0.1,0.6900000000000002,5.0,4,347,26,127,0,0.5322407383254703,0.17223012115707767,success
584,2000,8,1,6.0,3.100000000000001,0.1,0.7200000000000002,5.0,4,346,28,126,0,0.5269003689707625,0.17009694939017636,success
582,2000,8,1,6.0,3.100000000000001,0.1,0.7000000000000002,5.0,4,345,28,127,0,0.5339365259753069,0.17681532068100286,success
583,2000,8,1,6.0,3.100000000000001,0.1,0.7100000000000002,5.0,4,343,27,130,0,0.5400279231862177,0.18179156379662262,success
585,2000,8,1,6.0,3.100000000000001,0.1,0.7300000000000002,5.0,4,344,28,128,0,0.5332920061301831,0.17739188744863832,success
586,2000,8,1,6.0,3.100000000000001,0.1,0.7400000000000002,5.0,4,348,27,125,0,0.5210722596486989,0.16500217609350137,success
590,2000,8,1,6.0,3.100000000000001,0.1,0.7800000000000002,5.0,4,348,25,127,0,0.5207396386674424,0.16565044443878993,success
588,2000,8,1,6.0,3.100000000000001,0.1,0.7600000000000002,5.0,4,347,26,127,0,0.5250514264712877,0.17011256423096635,success
587,2000,8,1,6.0,3.100000000000001,0.1,0.7500000000000002,5.0,4,345,29,126,0,0.5246488666495945,0.17211363536140808,success
589,2000,8,1,6.0,3.100000000000001,0.1,0.7700000000000002,5.0,4,348,27,125,0,0.5166711683863373,0.1620925646562975,success
592,2000,8,1,6.0,3.100000000000001,0.1,0.8000000000000003,5.0,4,348,27,125,0,0.5165287864727515,0.16373853877620417,success
591,2000,8,1,6.0,3.100000000000001,0.1,0.7900000000000003,5.0,4,348,27,125,0,0.5148826516181811,0.1614088422147502,success
593,2000,8,1,6.0,3.100000000000001,0.1,0.8100000000000003,5.0,4,349,26,125,0,0.5141161686818381,0.15951236273307678,success
594,2000,8,1,6.0,3.100000000000001,0.1,0.8200000000000003,5.0,4,349,26,125,0,0.5136390007816634,0.15822207096007793,success
598,2000,8,1,6.0,3.100000000000001,0.1,0.8600000000000003,5.0,4,349,25,126,0,0.5147836338420932,0.16078022894765362,success
595,2000,8,1,6.0,3.100000000000001,0.1,0.8300000000000003,5.0,4,349,26,125,0,0.5128525852697264,0.1574557730957117,success
596,2000,8,1,6.0,3.100000000000001,0.1,0.8400000000000003,5.0,4,350,27,123,0,0.5070423564108714,0.15230539508778548,success
597,2000,8,1,6.0,3.100000000000001,0.1,0.8500000000000003,5.0,4,349,26,125,0,0.5126617651332248,0.15900392383668902,success
601,2000,8,1,6.0,3.100000000000001,0.1,0.8900000000000003,5.0,4,350,26,124,0,0.5084987438763016,0.15540128127408845,success
599,2000,8,1,6.0,3.100000000000001,0.1,0.8700000000000003,5.0,4,348,26,126,0,0.5149810519557542,0.16147923002663647,success
600,2000,8,1,6.0,3.100000000000001,0.1,0.8800000000000003,5.0,4,349,26,125,0,0.5114364313842402,0.1581718989821586,success
602,2000,8,1,6.0,3.100000000000001,0.1,0.9000000000000004,5.0,4,349,26,125,0,0.510674377528035,0.1583595215050913,success
603,2000,8,1,6.0,3.100000000000001,0.1,0.9100000000000004,5.0,4,350,25,125,0,0.5072200206730186,0.15247538172972752,success
604,2000,8,1,6.0,3.100000000000001,0.1,0.9200000000000004,5.0,4,350,25,125,0,0.5067647484333491,0.1526748077572492,success
605,2000,8,1,6.0,3.100000000000001,0.1,0.9300000000000004,5.0,4,350,24,126,0,0.5087836548027787,0.15500541754322988,success
606,2000,8,1,6.0,3.100000000000001,0.1,0.9400000000000004,5.0,4,350,24,126,0,0.5062537930290296,0.15180528513532784,success
607,2000,8,1,6.0,3.100000000000001,0.1,0.9500000000000004,5.0,4,349,23,128,0,0.5134069484910841,0.16158064917085452,success
608,2000,8,1,6.0,3.100000000000001,0.1,0.9600000000000004,5.0,4,350,25,125,0,0.5042815477546129,0.15205682923587818,success
609,2000,8,1,6.0,3.100000000000001,0.1,0.9700000000000004,5.0,4,350,24,126,0,0.5075725282556064,0.15729748657605572,success
610,2000,8,1,6.0,3.100000000000001,0.1,0.9800000000000004,5.0,4,349,25,126,0,0.5064820001580435,0.15675213800037333,success
611,2000,8,1,6.0,3.100000000000001,0.1,0.9900000000000004,5.0,4,350,25,125,0,0.5016623187117293,0.1504447341525068,success
612,2000,8,1,6.0,3.100000000000001,0.1,1.0000000000000004,5.0,4,350,24,126,0,0.5039091108115785,0.15369484458442031,success
614,2000,8,1,6.0,3.200000000000001,0.1,0.51,5.0,4,307,32,161,0,0.6432873351086106,0.23333680497628836,success
613,2000,8,1,6.0,3.200000000000001,0.1,0.5,5.0,4,305,33,162,0,0.6484065044413242,0.23531472704342454,success
615,2000,8,1,6.0,3.200000000000001,0.1,0.52,5.0,4,306,34,160,0,0.6437222426731234,0.23656633647127004,success
616,2000,8,1,6.0,3.200000000000001,0.1,0.53,5.0,4,308,33,159,0,0.6397600156591463,0.2351404647682748,success
617,2000,8,1,6.0,3.200000000000001,0.1,0.54,5.0,4,312,33,155,0,0.6310637892911797,0.2317142782776596,success
618,2000,8,1,6.0,3.200000000000001,0.1,0.55,5.0,4,318,32,150,0,0.6170863428084084,0.22512157109795955,success
619,2000,8,1,6.0,3.200000000000001,0.1,0.56,5.0,4,320,33,147,0,0.6097218518653976,0.22277473685839125,success
620,2000,8,1,6.0,3.200000000000001,0.1,0.5700000000000001,5.0,4,324,31,145,0,0.603944545746612,0.22019499484418156,success
623,2000,8,1,6.0,3.200000000000001,0.1,0.6000000000000001,5.0,4,327,32,141,0,0.5927725947312278,0.21563312639466517,success
622,2000,8,1,6.0,3.200000000000001,0.1,0.5900000000000001,5.0,4,326,32,142,0,0.5965821417139657,0.21756850817324078,success
624,2000,8,1,6.0,3.200000000000001,0.1,0.6100000000000001,5.0,4,325,34,141,0,0.5926130323231457,0.21886618893972382,success
621,2000,8,1,6.0,3.200000000000001,0.1,0.5800000000000001,5.0,4,320,33,147,0,0.609405736021752,0.22331938899355944,success
625,2000,8,1,6.0,3.200000000000001,0.1,0.6200000000000001,5.0,4,330,33,137,0,0.5795671132183111,0.21077656463671413,success
626,2000,8,1,6.0,3.200000000000001,0.1,0.6300000000000001,5.0,4,332,33,135,0,0.5728071888953699,0.2073389712038795,success
627,2000,8,1,6.0,3.200000000000001,0.1,0.6400000000000001,5.0,4,336,32,132,0,0.5628864237946253,0.19884867522254937,success
629,2000,8,1,6.0,3.200000000000001,0.1,0.6600000000000001,5.0,4,337,33,130,0,0.5557307023123647,0.19589228534460124,success
628,2000,8,1,6.0,3.200000000000001,0.1,0.6500000000000001,5.0,4,334,30,136,0,0.5711224071981773,0.2048313347504791,success
630,2000,8,1,6.0,3.200000000000001,0.1,0.6700000000000002,5.0,4,333,30,137,0,0.5731393999610167,0.20705441105057662,success
631,2000,8,1,6.0,3.200000000000001,0.1,0.6800000000000002,5.0,4,337,30,133,0,0.5600484868323738,0.19736654225846625,success
635,2000,8,1,6.0,3.200000000000001,0.1,0.7200000000000002,5.0,4,342,29,129,0,0.5440725622068499,0.18533210709159686,success
632,2000,8,1,6.0,3.200000000000001,0.1,0.6900000000000002,5.0,4,336,30,134,0,0.5634454550822787,0.2009961140796596,success
633,2000,8,1,6.0,3.200000000000001,0.1,0.7000000000000002,5.0,4,337,30,133,0,0.5587832283836939,0.1980201701544691,success
634,2000,8,1,6.0,3.200000000000001,0.1,0.7100000000000002,5.0,4,341,30,129,0,0.5463806331249594,0.18753050749731104,success
637,2000,8,1,6.0,3.200000000000001,0.1,0.7400000000000002,5.0,4,345,28,127,0,0.5346465405205024,0.17631560050878797,success
636,2000,8,1,6.0,3.200000000000001,0.1,0.7300000000000002,5.0,4,345,28,127,0,0.5354637945170673,0.17556475845461383,success
638,2000,8,1,6.0,3.200000000000001,0.1,0.7500000000000002,5.0,4,344,28,128,0,0.5361194452368854,0.17872939520219291,success
639,2000,8,1,6.0,3.200000000000001,0.1,0.7600000000000002,5.0,4,346,26,128,0,0.532771654175977,0.1734703993715791,success
640,2000,8,1,6.0,3.200000000000001,0.1,0.7700000000000002,5.0,4,346,28,126,0,0.5265117542119124,0.17022704676064668,success
641,2000,8,1,6.0,3.200000000000001,0.1,0.7800000000000002,5.0,4,345,28,127,0,0.5291141870505167,0.1736248836828996,success
643,2000,8,1,6.0,3.200000000000001,0.1,0.8000000000000003,5.0,4,348,28,124,0,0.5182658913857137,0.16359234928009306,success
642,2000,8,1,6.0,3.200000000000001,0.1,0.7900000000000003,5.0,4,346,26,128,0,0.5288697642006833,0.17132897811296133,success
644,2000,8,1,6.0,3.200000000000001,0.1,0.8100000000000003,5.0,4,347,29,124,0,0.5190436915606876,0.16542975214626968,success
648,2000,8,1,6.0,3.200000000000001,0.1,0.8500000000000003,5.0,4,348,27,125,0,0.5187113286013988,0.1626599906458394,success
647,2000,8,1,6.0,3.200000000000001,0.1,0.8400000000000003,5.0,4,346,26,128,0,0.5281082133144868,0.1710961084601367,success
646,2000,8,1,6.0,3.200000000000001,0.1,0.8300000000000003,5.0,4,347,26,127,0,0.5254930947059561,0.1682127502453608,success
645,2000,8,1,6.0,3.200000000000001,0.1,0.8200000000000003,5.0,4,350,26,124,0,0.5152642635286597,0.15665362945864217,success
649,2000,8,1,6.0,3.200000000000001,0.1,0.8600000000000003,5.0,4,347,25,128,0,0.5270559390645583,0.1696270962796509,success
651,2000,8,1,6.0,3.200000000000001,0.1,0.8800000000000003,5.0,4,348,26,126,0,0.5196204235690335,0.16401021556899062,success
652,2000,8,1,6.0,3.200000000000001,0.1,0.8900000000000003,5.0,4,347,28,125,0,0.5178175525996979,0.16533364089890704,success
650,2000,8,1,6.0,3.200000000000001,0.1,0.8700000000000003,5.0,4,348,26,126,0,0.5211837669041302,0.165603824745607,success
655,2000,8,1,6.0,3.200000000000001,0.1,0.9200000000000004,5.0,4,348,28,124,0,0.5130747806125594,0.16083754957504776,success
653,2000,8,1,6.0,3.200000000000001,0.1,0.9000000000000004,5.0,4,348,26,126,0,0.5188301972643349,0.16430701163153294,success
654,2000,8,1,6.0,3.200000000000001,0.1,0.9100000000000004,5.0,4,349,26,125,0,0.5134557595562803,0.15830805653410546,success
656,2000,8,1,6.0,3.200000000000001,0.1,0.9300000000000004,5.0,4,349,27,124,0,0.5108958940543705,0.15703098614283414,success
658,2000,8,1,6.0,3.200000000000001,0.1,0.9500000000000004,5.0,4,350,24,126,0,0.5143303397283643,0.1592397586468667,success
657,2000,8,1,6.0,3.200000000000001,0.1,0.9400000000000004,5.0,4,350,27,123,0,0.5067561866976128,0.15290130240186195,success
661,2000,8,1,6.0,3.200000000000001,0.1,0.9800000000000004,5.0,4,350,23,127,0,0.5124655781653823,0.15546102336095385,success
660,2000,8,1,6.0,3.200000000000001,0.1,0.9700000000000004,5.0,4,350,24,126,0,0.5130057192849196,0.1577188059530594,success
662,2000,8,1,6.0,3.200000000000001,0.1,0.9900000000000004,5.0,4,349,24,127,0,0.5137940264426266,0.1587363666627464,success
659,2000,8,1,6.0,3.200000000000001,0.1,0.9600000000000004,5.0,4,348,22,130,0,0.524521537168029,0.16867095534359378,success
663,2000,8,1,6.0,3.200000000000001,0.1,1.0000000000000004,5.0,4,349,22,129,0,0.5182959637887252,0.16258502600389999,success
664,2000,8,1,6.0,3.300000000000001,0.1,0.5,5.0,4,294,33,173,0,0.6724828651222345,0.24063726264331098,success
665,2000,8,1,6.0,3.300000000000001,0.1,0.51,5.0,4,300,33,167,0,0.6577438422663545,0.23747820889927096,success
668,2000,8,1,6.0,3.300000000000001,0.1,0.54,5.0,4,312,31,157,0,0.6339873017381676,0.22988682502312247,success
666,2000,8,1,6.0,3.300000000000001,0.1,0.52,5.0,4,303,34,163,0,0.6507434223818189,0.23621746216111425,success
667,2000,8,1,6.0,3.300000000000001,0.1,0.53,5.0,4,311,31,158,0,0.6370185489362944,0.2306600495444683,success
669,2000,8,1,6.0,3.300000000000001,0.1,0.55,5.0,4,310,31,159,0,0.6375722059771711,0.23110892127946547,success
670,2000,8,1,6.0,3.300000000000001,0.1,0.56,5.0,4,315,34,151,0,0.6239365687369568,0.22931326547121222,success
671,2000,8,1,6.0,3.300000000000001,0.1,0.5700000000000001,5.0,4,319,33,148,0,0.6150850149550801,0.22452152671633174,success
672,2000,8,1,6.0,3.300000000000001,0.1,0.5800000000000001,5.0,4,317,33,150,0,0.6183199109751453,0.22716633555377524,success
673,2000,8,1,6.0,3.300000000000001,0.1,0.5900000000000001,5.0,4,316,32,152,0,0.620849905625654,0.2265887205157256,success
674,2000,8,1,6.0,3.300000000000001,0.1,0.6000000000000001,5.0,4,317,33,150,0,0.6185323329027202,0.22723818608865298,success
675,2000,8,1,6.0,3.300000000000001,0.1,0.6100000000000001,5.0,4,326,32,142,0,0.5946800576544083,0.21646845760316535,success
676,2000,8,1,6.0,3.300000000000001,0.1,0.6200000000000001,5.0,4,323,31,146,0,0.6036648862895254,0.22058165987282805,success
677,2000,8,1,6.0,3.300000000000001,0.1,0.6300000000000001,5.0,4,327,31,142,0,0.5925463959876767,0.21477987872409188,success
679,2000,8,1,6.0,3.300000000000001,0.1,0.6500000000000001,5.0,4,323,31,146,0,0.6005957040734239,0.21976368120874704,success
678,2000,8,1,6.0,3.300000000000001,0.1,0.6400000000000001,5.0,4,324,30,146,0,0.6005940607613576,0.21887855098767917,success
680,2000,8,1,6.0,3.300000000000001,0.1,0.6600000000000001,5.0,4,330,31,139,0,0.5816338769862409,0.20850791346000702,success
681,2000,8,1,6.0,3.300000000000001,0.1,0.6700000000000002,5.0,4,329,29,142,0,0.5856885973075714,0.20964005884862752,success
682,2000,8,1,6.0,3.300000000000001,0.1,0.6800000000000002,5.0,4,333,31,136,0,0.5718457645075572,0.20355831094550297,success
683,2000,8,1,6.0,3.300000000000001,0.1,0.6900000000000002,5.0,4,330,32,138,0,0.5789185022090909,0.20981443960937785,success
685,2000,8,1,6.0,3.300000000000001,0.1,0.7100000000000002,5.0,4,331,32,137,0,0.5761328684569743,0.2090201654471392,success
684,2000,8,1,6.0,3.300000000000001,0.1,0.7000000000000002,5.0,4,333,32,135,0,0.5700953473320628,0.20514338285514958,success
686,2000,8,1,6.0,3.300000000000001,0.1,0.7200000000000002,5.0,4,334,30,136,0,0.5705540614112813,0.20406905633923755,success
689,2000,8,1,6.0,3.300000000000001,0.1,0.7500000000000002,5.0,4,338,33,129,0,0.5506706743301835,0.19423923515716415,success
690,2000,8,1,6.0,3.300000000000001,0.1,0.7600000000000002,5.0,4,337,31,132,0,0.5572607301450787,0.1978519217418301,success
687,2000,8,1,6.0,3.300000000000001,0.1,0.7300000000000002,5.0,4,339,31,130,0,0.5544474105479574,0.19319339713491537,success
688,2000,8,1,6.0,3.300000000000001,0.1,0.7400000000000002,5.0,4,339,33,128,0,0.550104986450255,0.19307522961131016,success
692,2000,8,1,6.0,3.300000000000001,0.1,0.7800000000000002,5.0,4,341,29,130,0,0.5465319495758064,0.18842232120734448,success
691,2000,8,1,6.0,3.300000000000001,0.1,0.7700000000000002,5.0,4,337,29,134,0,0.5603335789690983,0.1987288176686637,success
693,2000,8,1,6.0,3.300000000000001,0.1,0.7900000000000003,5.0,4,341,30,129,0,0.5438846499280158,0.18725210683364513,success
694,2000,8,1,6.0,3.300000000000001,0.1,0.8000000000000003,5.0,4,344,30,126,0,0.5326185258720677,0.17654080308321257,success
695,2000,8,1,6.0,3.300000000000001,0.1,0.8100000000000003,5.0,4,343,30,127,0,0.5363243959494711,0.1800003764972102,success
696,2000,8,1,6.0,3.300000000000001,0.1,0.8200000000000003,5.0,4,344,29,127,0,0.5346062662269458,0.17814484816083073,success
698,2000,8,1,6.0,3.300000000000001,0.1,0.8400000000000003,5.0,4,345,29,126,0,0.5291443858098513,0.1728856793257668,success
697,2000,8,1,6.0,3.300000000000001,0.1,0.8300000000000003,5.0,4,344,30,126,0,0.5320612822663403,0.1767897237474344,success
699,2000,8,1,6.0,3.300000000000001,0.1,0.8500000000000003,5.0,4,345,29,126,0,0.5287108289468506,0.1728288672974638,success
700,2000,8,1,6.0,3.300000000000001,0.1,0.8600000000000003,5.0,4,346,29,125,0,0.5249949963560079,0.1690950265904534,success
702,2000,8,1,6.0,3.300000000000001,0.1,0.8800000000000003,5.0,4,345,31,124,0,0.5226625838893852,0.17013362536209797,success
701,2000,8,1,6.0,3.300000000000001,0.1,0.8700000000000003,5.0,4,346,29,125,0,0.5244745775922451,0.168436086914703,success
703,2000,8,1,6.0,3.300000000000001,0.1,0.8900000000000003,5.0,4,347,30,123,0,0.5177416194051522,0.16440850793450557,success
704,2000,8,1,6.0,3.300000000000001,0.1,0.9000000000000004,5.0,4,345,28,127,0,0.5275371291786122,0.17266150476543207,success
705,2000,8,1,6.0,3.300000000000001,0.1,0.9100000000000004,5.0,4,347,28,125,0,0.5198075904887085,0.16390530356569813,success
706,2000,8,1,6.0,3.300000000000001,0.1,0.9200000000000004,5.0,4,347,27,126,0,0.5220470183222131,0.16556248750055347,success
707,2000,8,1,6.0,3.300000000000001,0.1,0.9300000000000004,5.0,4,348,27,125,0,0.5186396587140752,0.1616532970586237,success
708,2000,8,1,6.0,3.300000000000001,0.1,0.9400000000000004,5.0,4,349,28,123,0,0.5133166714819736,0.15791659167709063,success
709,2000,8,1,6.0,3.300000000000001,0.1,0.9500000000000004,5.0,4,346,27,127,0,0.5257653784378158,0.17103387248371787,success
710,2000,8,1,6.0,3.300000000000001,0.1,0.9600000000000004,5.0,4,346,28,126,0,0.5229134185732157,0.1688636661795472,success
711,2000,8,1,6.0,3.300000000000001,0.1,0.9700000000000004,5.0,4,347,29,124,0,0.5165994890173969,0.16369738552049423,success
712,2000,8,1,6.0,3.300000000000001,0.1,0.9800000000000004,5.0,4,349,28,123,0,0.5114578427442918,0.15792685821905098,success
713,2000,8,1,6.0,3.300000000000001,0.1,0.9900000000000004,5.0,4,348,28,124,0,0.5135667500614393,0.16040970993314393,success
714,2000,8,1,6.0,3.300000000000001,0.1,1.0000000000000004,5.0,4,350,30,120,0,0.502029374909911,0.14959817677279688,success
718,2000,8,1,6.0,3.4000000000000012,0.1,0.53,5.0,4,303,30,167,0,0.6525663705960396,0.23388107026554253,success
716,2000,8,1,6.0,3.4000000000000012,0.1,0.51,5.0,4,296,30,174,0,0.6682031511483174,0.23710670831813388,success
715,2000,8,1,6.0,3.4000000000000012,0.1,0.5,5.0,4,310,34,156,0,0.6408381760950397,0.23211471004296771,success
717,2000,8,1,6.0,3.4000000000000012,0.1,0.52,5.0,4,296,30,174,0,0.6674442421556851,0.2373554122599365,success
719,2000,8,1,6.0,3.4000000000000012,0.1,0.54,5.0,4,314,30,156,0,0.6317922733224643,0.22668773314908602,success
720,2000,8,1,6.0,3.4000000000000012,0.1,0.55,5.0,4,305,31,164,0,0.6483377008943725,0.23421754555598392,success
722,2000,8,1,6.0,3.4000000000000012,0.1,0.5700000000000001,5.0,4,301,32,167,0,0.6531185923956248,0.23631593847217675,success
721,2000,8,1,6.0,3.4000000000000012,0.1,0.56,5.0,4,310,32,158,0,0.6357244763493893,0.23086450720573903,success
723,2000,8,1,6.0,3.4000000000000012,0.1,0.5800000000000001,5.0,4,302,32,166,0,0.6511991275825456,0.23579580332058997,success
725,2000,8,1,6.0,3.4000000000000012,0.1,0.6000000000000001,5.0,4,315,31,154,0,0.6254371289409738,0.22707492189648265,success
724,2000,8,1,6.0,3.4000000000000012,0.1,0.5900000000000001,5.0,4,310,31,159,0,0.6367257017909725,0.23130899052626883,success
727,2000,8,1,6.0,3.4000000000000012,0.1,0.6200000000000001,5.0,4,319,31,150,0,0.6114722972038004,0.2232274530749339,success
728,2000,8,1,6.0,3.4000000000000012,0.1,0.6300000000000001,5.0,4,317,30,153,0,0.6174156884343018,0.22560813369315194,success
726,2000,8,1,6.0,3.4000000000000012,0.1,0.6100000000000001,5.0,4,315,28,157,0,0.6262153274481169,0.22752647062393308,success
729,2000,8,1,6.0,3.4000000000000012,0.1,0.6400000000000001,5.0,4,320,29,151,0,0.6118451890761554,0.22234308590436672,success
730,2000,8,1,6.0,3.4000000000000012,0.1,0.6500000000000001,5.0,4,318,30,152,0,0.6143321148957305,0.22519926603081072,success
731,2000,8,1,6.0,3.4000000000000012,0.1,0.6600000000000001,5.0,4,327,29,144,0,0.5941920792383388,0.2134963026104035,success
732,2000,8,1,6.0,3.4000000000000012,0.1,0.6700000000000002,5.0,4,320,29,151,0,0.6109730260406453,0.2237316394573447,success
733,2000,8,1,6.0,3.4000000000000012,0.1,0.6800000000000002,5.0,4,324,30,146,0,0.5999237900966731,0.21946745252212083,success
734,2000,8,1,6.0,3.4000000000000012,0.1,0.6900000000000002,5.0,4,321,30,149,0,0.6066561560569852,0.22271320975670375,success
735,2000,8,1,6.0,3.4000000000000012,0.1,0.7000000000000002,5.0,4,327,28,145,0,0.5938765703047842,0.2151013093138033,success
736,2000,8,1,6.0,3.4000000000000012,0.1,0.7100000000000002,5.0,4,330,31,139,0,0.5812527328661928,0.2107839428794433,success
737,2000,8,1,6.0,3.4000000000000012,0.1,0.7200000000000002,5.0,4,328,30,142,0,0.5868911824907631,0.2132119523236079,success
738,2000,8,1,6.0,3.4000000000000012,0.1,0.7300000000000002,5.0,4,331,30,139,0,0.5788389766978074,0.2077352256312964,success
739,2000,8,1,6.0,3.4000000000000012,0.1,0.7400000000000002,5.0,4,334,31,135,0,0.5667011397183969,0.20105070904154737,success
741,2000,8,1,6.0,3.4000000000000012,0.1,0.7600000000000002,5.0,4,332,27,141,0,0.5787783703839638,0.20760064741498563,success
740,2000,8,1,6.0,3.4000000000000012,0.1,0.7500000000000002,5.0,4,331,30,139,0,0.5764681961167207,0.2076605307911833,success
743,2000,8,1,6.0,3.4000000000000012,0.1,0.7800000000000002,5.0,4,339,29,132,0,0.5536560921534477,0.19068896843914476,success
744,2000,8,1,6.0,3.4000000000000012,0.1,0.7900000000000003,5.0,4,333,29,138,0,0.5708506274939019,0.20328472617953708,success
742,2000,8,1,6.0,3.4000000000000012,0.1,0.7700000000000002,5.0,4,333,28,139,0,0.5744603050515562,0.20541505800177867,success
745,2000,8,1,6.0,3.4000000000000012,0.1,0.8000000000000003,5.0,4,337,28,135,0,0.5606644439497355,0.1956111391529627,success
746,2000,8,1,6.0,3.4000000000000012,0.1,0.8100000000000003,5.0,4,336,28,136,0,0.5631493722596113,0.19838512455899734,success
747,2000,8,1,6.0,3.4000000000000012,0.1,0.8200000000000003,5.0,4,339,31,130,0,0.548711916653003,0.18992066352969839,success
748,2000,8,1,6.0,3.4000000000000012,0.1,0.8300000000000003,5.0,4,341,28,131,0,0.5475440289301785,0.18616128820791175,success
751,2000,8,1,6.0,3.4000000000000012,0.1,0.8600000000000003,5.0,4,338,30,132,0,0.5533485081976232,0.19392032041805862,success
752,2000,8,1,6.0,3.4000000000000012,0.1,0.8700000000000003,5.0,4,339,28,133,0,0.553055106668394,0.19156119832185617,success
749,2000,8,1,6.0,3.4000000000000012,0.1,0.8400000000000003,5.0,4,338,27,135,0,0.5576452028650869,0.19371929236710392,success
750,2000,8,1,6.0,3.4000000000000012,0.1,0.8500000000000003,5.0,4,339,29,132,0,0.5519600574645228,0.1915322743056596,success
753,2000,8,1,6.0,3.4000000000000012,0.1,0.8800000000000003,5.0,4,341,28,131,0,0.5450045571373343,0.18530498651802657,success
754,2000,8,1,6.0,3.4000000000000012,0.1,0.8900000000000003,5.0,4,343,28,129,0,0.5388504957979876,0.18016649371811674,success
755,2000,8,1,6.0,3.4000000000000012,0.1,0.9000000000000004,5.0,4,344,27,129,0,0.5376319800358516,0.17842596559525684,success
756,2000,8,1,6.0,3.4000000000000012,0.1,0.9100000000000004,5.0,4,345,27,128,0,0.534830694980706,0.17596944272375759,success
758,2000,8,1,6.0,3.4000000000000012,0.1,0.9300000000000004,5.0,4,344,29,127,0,0.5311187001010531,0.17507246169972368,success
759,2000,8,1,6.0,3.4000000000000012,0.1,0.9400000000000004,5.0,4,342,29,129,0,0.5392104834691378,0.18396068069854915,success
757,2000,8,1,6.0,3.4000000000000012,0.1,0.9200000000000004,5.0,4,343,27,130,0,0.5412890557982944,0.18245375770973568,success
760,2000,8,1,6.0,3.4000000000000012,0.1,0.9500000000000004,5.0,4,345,30,125,0,0.525791331367842,0.17156531191571314,success
762,2000,8,1,6.0,3.4000000000000012,0.1,0.9700000000000004,5.0,4,345,27,128,0,0.5318205322041827,0.17405624668980854,success
761,2000,8,1,6.0,3.4000000000000012,0.1,0.9600000000000004,5.0,4,345,28,127,0,0.5293116235429938,0.1724690417932674,success
763,2000,8,1,6.0,3.4000000000000012,0.1,0.9800000000000004,5.0,4,346,27,127,0,0.5268399600612633,0.16925910312622305,success
765,2000,8,1,6.0,3.4000000000000012,0.1,1.0000000000000004,5.0,4,345,26,129,0,0.5317959920637692,0.17325724176368434,success
764,2000,8,1,6.0,3.4000000000000012,0.1,0.9900000000000004,5.0,4,344,26,130,0,0.5359111402241953,0.17736106465570095,success
766,2000,8,1,6.0,3.5000000000000013,0.1,0.5,5.0,4,307,30,163,0,0.6536240379866243,0.23188595646587057,success
767,2000,8,1,6.0,3.5000000000000013,0.1,0.51,5.0,4,309,31,160,0,0.6469394415205606,0.23079099274976547,success
768,2000,8,1,6.0,3.5000000000000013,0.1,0.52,5.0,4,310,30,160,0,0.6450187585477065,0.23059277678779846,success
769,2000,8,1,6.0,3.5000000000000013,0.1,0.53,5.0,4,303,29,168,0,0.6576084423754218,0.23373070777525715,success
770,2000,8,1,6.0,3.5000000000000013,0.1,0.54,5.0,4,306,29,165,0,0.6515465663508304,0.23256781110981423,success
771,2000,8,1,6.0,3.5000000000000013,0.1,0.55,5.0,4,310,29,161,0,0.6440809740555002,0.2298078430705333,success
772,2000,8,1,6.0,3.5000000000000013,0.1,0.56,5.0,4,307,31,162,0,0.6475271741099966,0.23361166313858028,success
773,2000,8,1,6.0,3.5000000000000013,0.1,0.5700000000000001,5.0,4,311,30,159,0,0.6398253960195254,0.23031313664348046,success
774,2000,8,1,6.0,3.5000000000000013,0.1,0.5800000000000001,5.0,4,310,28,162,0,0.6437882345675353,0.23016448791608618,success
777,2000,8,1,6.0,3.5000000000000013,0.1,0.6100000000000001,5.0,4,310,28,162,0,0.6421077586545828,0.23038451520330502,success
776,2000,8,1,6.0,3.5000000000000013,0.1,0.6000000000000001,5.0,4,310,29,161,0,0.641037634234189,0.2306319507608099,success
778,2000,8,1,6.0,3.5000000000000013,0.1,0.6200000000000001,5.0,4,318,31,151,0,0.621618914203929,0.22505222871613736,success
775,2000,8,1,6.0,3.5000000000000013,0.1,0.5900000000000001,5.0,4,321,29,150,0,0.6188546808322362,0.22156835646306472,success
781,2000,8,1,6.0,3.5000000000000013,0.1,0.6500000000000001,5.0,4,317,30,153,0,0.6235423935151714,0.22566320425562633,success
780,2000,8,1,6.0,3.5000000000000013,0.1,0.6400000000000001,5.0,4,323,30,147,0,0.6093982886506532,0.2174317004038982,success
782,2000,8,1,6.0,3.5000000000000013,0.1,0.6600000000000001,5.0,4,319,28,153,0,0.6200465208738976,0.2218553108689739,success
779,2000,8,1,6.0,3.5000000000000013,0.1,0.6300000000000001,5.0,4,314,31,155,0,0.630102175339187,0.2289856760627563,success
783,2000,8,1,6.0,3.5000000000000013,0.1,0.6700000000000002,5.0,4,320,30,150,0,0.6159687333179956,0.2220458455077216,success
784,2000,8,1,6.0,3.5000000000000013,0.1,0.6800000000000002,5.0,4,323,30,147,0,0.6075777058254408,0.21738673745392142,success
787,2000,8,1,6.0,3.5000000000000013,0.1,0.7100000000000002,5.0,4,322,30,148,0,0.6090293765757263,0.21965428366664952,success
785,2000,8,1,6.0,3.5000000000000013,0.1,0.6900000000000002,5.0,4,312,32,156,0,0.6292510866041735,0.22901564179622094,success
786,2000,8,1,6.0,3.5000000000000013,0.1,0.7000000000000002,5.0,4,323,28,149,0,0.6115140302462564,0.2204021737499743,success
788,2000,8,1,6.0,3.5000000000000013,0.1,0.7200000000000002,5.0,4,322,33,145,0,0.6038797664705146,0.21958363483093596,success
789,2000,8,1,6.0,3.5000000000000013,0.1,0.7300000000000002,5.0,4,321,32,147,0,0.6085834790387584,0.222027706181336,success
790,2000,8,1,6.0,3.5000000000000013,0.1,0.7400000000000002,5.0,4,326,30,144,0,0.5981006577784376,0.2158875826522763,success
791,2000,8,1,6.0,3.5000000000000013,0.1,0.7500000000000002,5.0,4,322,30,148,0,0.6063600348360669,0.2201810403172511,success
792,2000,8,1,6.0,3.5000000000000013,0.1,0.7600000000000002,5.0,4,325,30,145,0,0.5989867876683322,0.21665621218917464,success
794,2000,8,1,6.0,3.5000000000000013,0.1,0.7800000000000002,5.0,4,327,29,144,0,0.5932035597355569,0.21288165302708648,success
793,2000,8,1,6.0,3.5000000000000013,0.1,0.7700000000000002,5.0,4,323,30,147,0,0.603014017351957,0.21863879108166448,success
796,2000,8,1,6.0,3.5000000000000013,0.1,0.8000000000000003,5.0,4,326,27,147,0,0.5973279813102613,0.21439321754586174,success
795,2000,8,1,6.0,3.5000000000000013,0.1,0.7900000000000003,5.0,4,326,29,145,0,0.5957293693488191,0.21487420674508717,success
797,2000,8,1,6.0,3.5000000000000013,0.1,0.8100000000000003,5.0,4,324,30,146,0,0.5992083087917476,0.21822560317495368,success
798,2000,8,1,6.0,3.5000000000000013,0.1,0.8200000000000003,5.0,4,326,30,144,0,0.5939912730939257,0.21529891881943444,success
799,2000,8,1,6.0,3.5000000000000013,0.1,0.8300000000000003,5.0,4,327,29,144,0,0.5919221469256281,0.213942341116189,success
800,2000,8,1,6.0,3.5000000000000013,0.1,0.8400000000000003,5.0,4,330,29,141,0,0.5824609777572017,0.207930835565336,success
801,2000,8,1,6.0,3.5000000000000013,0.1,0.8500000000000003,5.0,4,329,29,142,0,0.5867815456576716,0.2113771657725587,success
802,2000,8,1,6.0,3.5000000000000013,0.1,0.8600000000000003,5.0,4,334,27,139,0,0.5767388962277651,0.20427900089640796,success
804,2000,8,1,6.0,3.5000000000000013,0.1,0.8800000000000003,5.0,4,338,28,134,0,0.5600678532102729,0.1928586023712487,success
803,2000,8,1,6.0,3.5000000000000013,0.1,0.8700000000000003,5.0,4,333,27,140,0,0.5773030567222418,0.20437074387598325,success
805,2000,8,1,6.0,3.5000000000000013,0.1,0.8900000000000003,5.0,4,338,27,135,0,0.5625111698548579,0.19477968736097206,success
806,2000,8,1,6.0,3.5000000000000013,0.1,0.9000000000000004,5.0,4,341,28,131,0,0.5515553541436463,0.18670333934094885,success
809,2000,8,1,6.0,3.5000000000000013,0.1,0.9300000000000004,5.0,4,338,29,133,0,0.5568194044486248,0.19170291334582415,success
810,2000,8,1,6.0,3.5000000000000013,0.1,0.9400000000000004,5.0,4,343,29,128,0,0.5418482286522295,0.1787250216164944,success
808,2000,8,1,6.0,3.5000000000000013,0.1,0.9200000000000004,5.0,4,344,29,127,0,0.5391320914974499,0.17662992745550332,success
807,2000,8,1,6.0,3.5000000000000013,0.1,0.9100000000000004,5.0,4,342,28,130,0,0.5474692792510573,0.18300477893038605,success
811,2000,8,1,6.0,3.5000000000000013,0.1,0.9500000000000004,5.0,4,341,28,131,0,0.5505165062276753,0.18587924778892556,success
812,2000,8,1,6.0,3.5000000000000013,0.1,0.9600000000000004,5.0,4,341,29,130,0,0.5487054461373392,0.18526977101184305,success
813,2000,8,1,6.0,3.5000000000000013,0.1,0.9700000000000004,5.0,4,343,30,127,0,0.5398129721941564,0.17904427753450067,success
815,2000,8,1,6.0,3.5000000000000013,0.1,0.9900000000000004,5.0,4,342,29,129,0,0.5425414189900158,0.18098070003090583,success
814,2000,8,1,6.0,3.5000000000000013,0.1,0.9800000000000004,5.0,4,345,30,125,0,0.5313487972149123,0.1715463611538438,success
816,2000,8,1,6.0,3.5000000000000013,0.1,1.0000000000000004,5.0,4,344,29,127,0,0.5357456437965848,0.17480447068711408,success
817,2000,8,1,6.0,3.6000000000000014,0.1,0.5,5.0,4,314,30,156,0,0.6446575547801018,0.22943941854073754,success
819,2000,8,1,6.0,3.6000000000000014,0.1,0.52,5.0,4,326,30,144,0,0.6132549147485782,0.21657606133842278,success
818,2000,8,1,6.0,3.6000000000000014,0.1,0.51,5.0,4,310,33,157,0,0.6507700415720576,0.23399915858972106,success
820,2000,8,1,6.0,3.6000000000000014,0.1,0.53,5.0,4,325,30,145,0,0.6186841379098091,0.221321475626356,success
822,2000,8,1,6.0,3.6000000000000014,0.1,0.55,5.0,4,319,27,154,0,0.6349514248195902,0.22654154726661124,success
824,2000,8,1,6.0,3.6000000000000014,0.1,0.5700000000000001,5.0,4,317,32,151,0,0.6311994320675104,0.22845781192776632,success
821,2000,8,1,6.0,3.6000000000000014,0.1,0.54,5.0,4,317,31,152,0,0.6336879205450487,0.22761929546350035,success
823,2000,8,1,6.0,3.6000000000000014,0.1,0.56,5.0,4,319,28,153,0,0.6315765093463415,0.22478648133307366,success
825,2000,8,1,6.0,3.6000000000000014,0.1,0.5800000000000001,5.0,4,317,31,152,0,0.6315831075155967,0.22748932301672162,success
826,2000,8,1,6.0,3.6000000000000014,0.1,0.5900000000000001,5.0,4,321,30,149,0,0.6219575090892596,0.2220381056894221,success
827,2000,8,1,6.0,3.6000000000000014,0.1,0.6000000000000001,5.0,4,319,27,154,0,0.6300379154097815,0.2237707411938874,success
828,2000,8,1,6.0,3.6000000000000014,0.1,0.6100000000000001,5.0,4,323,29,148,0,0.6168563619329117,0.21985375705485902,success
829,2000,8,1,6.0,3.6000000000000014,0.1,0.6200000000000001,5.0,4,322,28,150,0,0.6199804693291568,0.220320250742594,success
830,2000,8,1,6.0,3.6000000000000014,0.1,0.6300000000000001,5.0,4,324,27,149,0,0.6164447401189785,0.21759906078642377,success
831,2000,8,1,6.0,3.6000000000000014,0.1,0.6400000000000001,5.0,4,330,29,141,0,0.5995321182990485,0.21179303712627726,success
832,2000,8,1,6.0,3.6000000000000014,0.1,0.6500000000000001,5.0,4,324,29,147,0,0.6135239195809445,0.21984399666500504,success
833,2000,8,1,6.0,3.6000000000000014,0.1,0.6600000000000001,5.0,4,322,24,154,0,0.6221687977669151,0.2194157833562432,success
835,2000,8,1,6.0,3.6000000000000014,0.1,0.6800000000000002,5.0,4,327,28,145,0,0.6025405450099891,0.2129230615181065,success
834,2000,8,1,6.0,3.6000000000000014,0.1,0.6700000000000002,5.0,4,321,27,152,0,0.6192818768167921,0.22081093447650532,success
837,2000,8,1,6.0,3.6000000000000014,0.1,0.7000000000000002,5.0,4,327,28,145,0,0.6020725853634047,0.2132363650946345,success
839,2000,8,1,6.0,3.6000000000000014,0.1,0.7200000000000002,5.0,4,320,28,152,0,0.6151186512646947,0.21959430586642228,success
836,2000,8,1,6.0,3.6000000000000014,0.1,0.6900000000000002,5.0,4,328,28,144,0,0.6006763534521714,0.21294637943132894,success
838,2000,8,1,6.0,3.6000000000000014,0.1,0.7100000000000002,5.0,4,325,29,146,0,0.6035773158513567,0.21492394400745676,success
841,2000,8,1,6.0,3.6000000000000014,0.1,0.7400000000000002,5.0,4,330,26,144,0,0.594760225069344,0.2086343330893724,success
840,2000,8,1,6.0,3.6000000000000014,0.1,0.7300000000000002,5.0,4,323,27,150,0,0.6098914969724593,0.21671059916018404,success
842,2000,8,1,6.0,3.6000000000000014,0.1,0.7500000000000002,5.0,4,329,27,144,0,0.5937728096886902,0.2091988708946219,success
843,2000,8,1,6.0,3.6000000000000014,0.1,0.7600000000000002,5.0,4,327,28,145,0,0.5970938710218351,0.21252142357961046,success
844,2000,8,1,6.0,3.6000000000000014,0.1,0.7700000000000002,5.0,4,329,29,142,0,0.589709306779582,0.20868610893727488,success
846,2000,8,1,6.0,3.6000000000000014,0.1,0.7900000000000003,5.0,4,324,29,147,0,0.6021066981266461,0.21672288144894863,success
845,2000,8,1,6.0,3.6000000000000014,0.1,0.7800000000000002,5.0,4,330,28,142,0,0.5862630108633586,0.2054801970414719,success
847,2000,8,1,6.0,3.6000000000000014,0.1,0.8000000000000003,5.0,4,326,29,145,0,0.5975291520922799,0.21430694446467244,success
848,2000,8,1,6.0,3.6000000000000014,0.1,0.8100000000000003,5.0,4,323,28,149,0,0.6055198262850672,0.21721243544537702,success
849,2000,8,1,6.0,3.6000000000000014,0.1,0.8200000000000003,5.0,4,325,29,146,0,0.5989971586206052,0.2141749410823392,success
850,2000,8,1,6.0,3.6000000000000014,0.1,0.8300000000000003,5.0,4,322,28,150,0,0.6080388652065101,0.21916692145202227,success
851,2000,8,1,6.0,3.6000000000000014,0.1,0.8400000000000003,5.0,4,324,29,147,0,0.6009813783829837,0.2161714411889258,success
852,2000,8,1,6.0,3.6000000000000014,0.1,0.8500000000000003,5.0,4,322,27,151,0,0.6092539203571726,0.2199321392998793,success
854,2000,8,1,6.0,3.6000000000000014,0.1,0.8700000000000003,5.0,4,325,28,147,0,0.5990163195080486,0.21516766226521356,success
853,2000,8,1,6.0,3.6000000000000014,0.1,0.8600000000000003,5.0,4,331,27,142,0,0.5860223437155015,0.20662588447271868,success
857,2000,8,1,6.0,3.6000000000000014,0.1,0.9000000000000004,5.0,4,329,26,145,0,0.5910064308943979,0.20987228975215616,success
855,2000,8,1,6.0,3.6000000000000014,0.1,0.8800000000000003,5.0,4,326,27,147,0,0.5966576125719935,0.21320806991797792,success
856,2000,8,1,6.0,3.6000000000000014,0.1,0.8900000000000003,5.0,4,328,28,144,0,0.5899045519457856,0.21079437397013936,success
858,2000,8,1,6.0,3.6000000000000014,0.1,0.9100000000000004,5.0,4,336,28,136,0,0.5665110899004311,0.19417121655171246,success
859,2000,8,1,6.0,3.6000000000000014,0.1,0.9200000000000004,5.0,4,334,27,139,0,0.5748775518581797,0.20059958455768376,success
860,2000,8,1,6.0,3.6000000000000014,0.1,0.9300000000000004,5.0,4,332,28,140,0,0.5786396166023966,0.20477598728906946,success
861,2000,8,1,6.0,3.6000000000000014,0.1,0.9400000000000004,5.0,4,330,28,142,0,0.584597501227433,0.2093195050668868,success
862,2000,8,1,6.0,3.6000000000000014,0.1,0.9500000000000004,5.0,4,331,27,142,0,0.5833587197562125,0.20767636588318883,success
863,2000,8,1,6.0,3.6000000000000014,0.1,0.9600000000000004,5.0,4,335,26,139,0,0.5732098805088388,0.19929797596234639,success
864,2000,8,1,6.0,3.6000000000000014,0.1,0.9700000000000004,5.0,4,333,28,139,0,0.5743455070676303,0.2028176499633521,success
865,2000,8,1,6.0,3.6000000000000014,0.1,0.9800000000000004,5.0,4,336,26,138,0,0.5686014007826677,0.19721851425967973,success
866,2000,8,1,6.0,3.6000000000000014,0.1,0.9900000000000004,5.0,4,340,26,134,0,0.5557768171096478,0.1872791526829918,success
867,2000,8,1,6.0,3.6000000000000014,0.1,1.0000000000000004,5.0,4,337,27,136,0,0.5615228868283857,0.19212770283684144,success
869,2000,8,1,6.0,3.7000000000000015,0.1,0.51,5.0,4,324,35,141,0,0.616301377655546,0.21973757580144251,success
871,2000,8,1,6.0,3.7000000000000015,0.1,0.53,5.0,4,315,28,157,0,0.6471419275137468,0.23009669197823582,success
870,2000,8,1,6.0,3.7000000000000015,0.1,0.52,5.0,4,328,29,143,0,0.6148921225497801,0.2154520172847409,success
868,2000,8,1,6.0,3.7000000000000015,0.1,0.5,5.0,4,320,28,152,0,0.6369218779560989,0.22416187984025615,success
872,2000,8,1,6.0,3.7000000000000015,0.1,0.54,5.0,4,325,30,145,0,0.6207850802803635,0.22092301598670397,success
873,2000,8,1,6.0,3.7000000000000015,0.1,0.55,5.0,4,326,28,146,0,0.6193664962084977,0.21924436535050967,success
874,2000,8,1,6.0,3.7000000000000015,0.1,0.56,5.0,4,323,27,150,0,0.6275756607645463,0.22262266528020974,success
875,2000,8,1,6.0,3.7000000000000015,0.1,0.5700000000000001,5.0,4,327,29,144,0,0.6149582702962695,0.21772000328394206,success
876,2000,8,1,6.0,3.7000000000000015,0.1,0.5800000000000001,5.0,4,327,24,149,0,0.6221407313122727,0.21820417168467957,success
878,2000,8,1,6.0,3.7000000000000015,0.1,0.6000000000000001,5.0,4,329,29,142,0,0.6074712950376373,0.21360102857341837,success
877,2000,8,1,6.0,3.7000000000000015,0.1,0.5900000000000001,5.0,4,326,27,147,0,0.6200402303240058,0.21932439386234864,success
879,2000,8,1,6.0,3.7000000000000015,0.1,0.6100000000000001,5.0,4,326,29,145,0,0.6155625524470084,0.2187606683895716,success
880,2000,8,1,6.0,3.7000000000000015,0.1,0.6200000000000001,5.0,4,329,29,142,0,0.6064189507813967,0.21350862407548535,success
881,2000,8,1,6.0,3.7000000000000015,0.1,0.6300000000000001,5.0,4,328,27,145,0,0.6126779066153967,0.2165906613860509,success
882,2000,8,1,6.0,3.7000000000000015,0.1,0.6400000000000001,5.0,4,328,26,146,0,0.6130193153841821,0.21530013460020098,success
887,2000,8,1,6.0,3.7000000000000015,0.1,0.6900000000000002,5.0,4,331,27,142,0,0.600232918029863,0.21135692452427005,success
884,2000,8,1,6.0,3.7000000000000015,0.1,0.6600000000000001,5.0,4,329,26,145,0,0.6094642029479131,0.21430961041779512,success
883,2000,8,1,6.0,3.7000000000000015,0.1,0.6500000000000001,5.0,4,329,27,144,0,0.609785862251675,0.21608493202241638,success
885,2000,8,1,6.0,3.7000000000000015,0.1,0.6700000000000002,5.0,4,335,28,137,0,0.5897051362571185,0.20590015347829585,success
886,2000,8,1,6.0,3.7000000000000015,0.1,0.6800000000000002,5.0,4,332,26,142,0,0.6003274547970692,0.21127242210644537,success
888,2000,8,1,6.0,3.7000000000000015,0.1,0.7000000000000002,5.0,4,333,27,140,0,0.5939015291415874,0.208259859578732,success
889,2000,8,1,6.0,3.7000000000000015,0.1,0.7100000000000002,5.0,4,328,30,142,0,0.6008036433738378,0.2145259025049762,success
890,2000,8,1,6.0,3.7000000000000015,0.1,0.7200000000000002,5.0,4,332,27,141,0,0.595499968172969,0.2090948780569331,success
891,2000,8,1,6.0,3.7000000000000015,0.1,0.7300000000000002,5.0,4,324,26,150,0,0.6150993701913305,0.21859982162628358,success
893,2000,8,1,6.0,3.7000000000000015,0.1,0.7500000000000002,5.0,4,330,23,147,0,0.6033329653838441,0.21185229635283814,success
892,2000,8,1,6.0,3.7000000000000015,0.1,0.7400000000000002,5.0,4,336,22,142,0,0.5904171100297924,0.20237431279078832,success
894,2000,8,1,6.0,3.7000000000000015,0.1,0.7600000000000002,5.0,4,331,24,145,0,0.5993492556642219,0.21026883377070138,success
895,2000,8,1,6.0,3.7000000000000015,0.1,0.7700000000000002,5.0,4,333,24,143,0,0.5937599883884714,0.20651082420567157,success
896,2000,8,1,6.0,3.7000000000000015,0.1,0.7800000000000002,5.0,4,331,25,144,0,0.5989305304007313,0.21153281873741778,success
897,2000,8,1,6.0,3.7000000000000015,0.1,0.7900000000000003,5.0,4,335,26,139,0,0.5858288910882695,0.20367980381952427,success
898,2000,8,1,6.0,3.7000000000000015,0.1,0.8000000000000003,5.0,4,330,25,145,0,0.5991072700305187,0.21115269485556518,success
899,2000,8,1,6.0,3.7000000000000015,0.1,0.8100000000000003,5.0,4,332,27,141,0,0.5911257670569733,0.20837205462771716,success
900,2000,8,1,6.0,3.7000000000000015,0.1,0.8200000000000003,5.0,4,321,24,155,0,0.6210280801457899,0.22167066828029444,success
901,2000,8,1,6.0,3.7000000000000015,0.1,0.8300000000000003,5.0,4,332,26,142,0,0.5917044928257932,0.20912726263460185,success
904,2000,8,1,6.0,3.7000000000000015,0.1,0.8600000000000003,5.0,4,327,26,147,0,0.6023736167400469,0.21478112920653555,success
903,2000,8,1,6.0,3.7000000000000015,0.1,0.8500000000000003,5.0,4,328,27,145,0,0.5994280819518237,0.2136269324856197,success
902,2000,8,1,6.0,3.7000000000000015,0.1,0.8400000000000003,5.0,4,333,28,139,0,0.5851923396582278,0.2064184354980891,success
906,2000,8,1,6.0,3.7000000000000015,0.1,0.8800000000000003,5.0,4,328,25,147,0,0.6016193524143616,0.21515176179395815,success
905,2000,8,1,6.0,3.7000000000000015,0.1,0.8700000000000003,5.0,4,328,28,144,0,0.5969518132911653,0.2139216280012193,success
907,2000,8,1,6.0,3.7000000000000015,0.1,0.8900000000000003,5.0,4,335,27,138,0,0.5803100424395428,0.20439521847953726,success
908,2000,8,1,6.0,3.7000000000000015,0.1,0.9000000000000004,5.0,4,333,28,139,0,0.5836531450651333,0.20751276798243032,success
910,2000,8,1,6.0,3.7000000000000015,0.1,0.9200000000000004,5.0,4,331,26,143,0,0.5903532130079102,0.2096042613874693,success
909,2000,8,1,6.0,3.7000000000000015,0.1,0.9100000000000004,5.0,4,329,27,144,0,0.5943377754379461,0.21241493420082988,success
911,2000,8,1,6.0,3.7000000000000015,0.1,0.9300000000000004,5.0,4,330,26,144,0,0.5920542621543117,0.21040814761199128,success
912,2000,8,1,6.0,3.7000000000000015,0.1,0.9400000000000004,5.0,4,335,28,137,0,0.5747999137604732,0.20074488906194043,success
913,2000,8,1,6.0,3.7000000000000015,0.1,0.9500000000000004,5.0,4,332,27,141,0,0.5844276909953511,0.20716393924372078,success
914,2000,8,1,6.0,3.7000000000000015,0.1,0.9600000000000004,5.0,4,332,27,141,0,0.5827772824192884,0.20539136064233937,success
915,2000,8,1,6.0,3.7000000000000015,0.1,0.9700000000000004,5.0,4,329,28,143,0,0.5893275227697504,0.21126610045641317,success
916,2000,8,1,6.0,3.7000000000000015,0.1,0.9800000000000004,5.0,4,331,27,142,0,0.5848118702401808,0.2069571141713129,success
918,2000,8,1,6.0,3.7000000000000015,0.1,1.0000000000000004,5.0,4,332,26,142,0,0.5830429868999949,0.20574558955925062,success
917,2000,8,1,6.0,3.7000000000000015,0.1,0.9900000000000004,5.0,4,333,26,141,0,0.5796998287559657,0.2030417290284822,success
919,2000,8,1,6.0,3.8000000000000016,0.1,0.5,5.0,4,317,27,156,0,0.6509758449575392,0.2302895060987998,success
921,2000,8,1,6.0,3.8000000000000016,0.1,0.52,5.0,4,326,29,145,0,0.6268650456476936,0.22329616621102966,success
922,2000,8,1,6.0,3.8000000000000016,0.1,0.53,5.0,4,330,32,138,0,0.6105025021725254,0.21715173241492008,success
920,2000,8,1,6.0,3.8000000000000016,0.1,0.51,5.0,4,328,29,143,0,0.6227759876704408,0.220235228597457,success
923,2000,8,1,6.0,3.8000000000000016,0.1,0.54,5.0,4,323,28,149,0,0.6339446095241631,0.22653071452581777,success
924,2000,8,1,6.0,3.8000000000000016,0.1,0.55,5.0,4,330,30,140,0,0.6140469532384929,0.2195561126408952,success
925,2000,8,1,6.0,3.8000000000000016,0.1,0.56,5.0,4,328,28,144,0,0.6194477193705425,0.21952195843104624,success
926,2000,8,1,6.0,3.8000000000000016,0.1,0.5700000000000001,5.0,4,323,29,148,0,0.6299458514959829,0.2246082437293169,success
927,2000,8,1,6.0,3.8000000000000016,0.1,0.5800000000000001,5.0,4,331,29,140,0,0.6078737906576801,0.21278040026264028,success
928,2000,8,1,6.0,3.8000000000000016,0.1,0.5900000000000001,5.0,4,338,29,133,0,0.5893054413629613,0.20229226869519268,success
929,2000,8,1,6.0,3.8000000000000016,0.1,0.6000000000000001,5.0,4,334,29,137,0,0.6001576966933195,0.20951591179194956,success
930,2000,8,1,6.0,3.8000000000000016,0.1,0.6100000000000001,5.0,4,333,25,142,0,0.6092950929393813,0.2119852822574412,success
931,2000,8,1,6.0,3.8000000000000016,0.1,0.6200000000000001,5.0,4,337,29,134,0,0.5897478597023796,0.20281407065136905,success
932,2000,8,1,6.0,3.8000000000000016,0.1,0.6300000000000001,5.0,4,339,26,135,0,0.5903564535269671,0.20158960754403743,success
933,2000,8,1,6.0,3.8000000000000016,0.1,0.6400000000000001,5.0,4,337,25,138,0,0.5976612388067986,0.20661661466559308,success
934,2000,8,1,6.0,3.8000000000000016,0.1,0.6500000000000001,5.0,4,333,25,142,0,0.60664759267309,0.21187736068297072,success
935,2000,8,1,6.0,3.8000000000000016,0.1,0.6600000000000001,5.0,4,336,24,140,0,0.6005545843979281,0.20878151964103492,success
937,2000,8,1,6.0,3.8000000000000016,0.1,0.6800000000000002,5.0,4,340,24,136,0,0.5861613807955139,0.19883317185204927,success
936,2000,8,1,6.0,3.8000000000000016,0.1,0.6700000000000002,5.0,4,340,26,134,0,0.5837641851120448,0.1986159627841663,success
938,2000,8,1,6.0,3.8000000000000016,0.1,0.6900000000000002,5.0,4,335,25,140,0,0.5970574050200911,0.20675544281027125,success
939,2000,8,1,6.0,3.8000000000000016,0.1,0.7000000000000002,5.0,4,334,27,139,0,0.5951811481214015,0.20729881693334154,success
941,2000,8,1,6.0,3.8000000000000016,0.1,0.7200000000000002,5.0,4,334,22,144,0,0.6054839427227301,0.21102022446135324,success
940,2000,8,1,6.0,3.8000000000000016,0.1,0.7100000000000002,5.0,4,339,25,136,0,0.5848403834472642,0.19841127866475572,success
942,2000,8,1,6.0,3.8000000000000016,0.1,0.7300000000000002,5.0,4,343,24,133,0,0.574053753780219,0.18955906982242682,success
945,2000,8,1,6.0,3.8000000000000016,0.1,0.7600000000000002,5.0,4,337,23,140,0,0.5905334672127368,0.20211313921271434,success
943,2000,8,1,6.0,3.8000000000000016,0.1,0.7400000000000002,5.0,4,339,24,137,0,0.5853671531020455,0.19975347807930294,success
944,2000,8,1,6.0,3.8000000000000016,0.1,0.7500000000000002,5.0,4,333,23,144,0,0.600829693421944,0.20868784485827835,success
947,2000,8,1,6.0,3.8000000000000016,0.1,0.7800000000000002,5.0,4,336,24,140,0,0.590762384950939,0.20272577280949372,success
946,2000,8,1,6.0,3.8000000000000016,0.1,0.7700000000000002,5.0,4,338,22,140,0,0.589336044137946,0.20043136077980095,success
948,2000,8,1,6.0,3.8000000000000016,0.1,0.7900000000000003,5.0,4,337,22,141,0,0.5921688081703107,0.20371156884925012,success
950,2000,8,1,6.0,3.8000000000000016,0.1,0.8100000000000003,5.0,4,337,25,138,0,0.5851225444039496,0.20066094393146341,success
949,2000,8,1,6.0,3.8000000000000016,0.1,0.8000000000000003,5.0,4,340,23,137,0,0.5812293608331256,0.19606709402108569,success
954,2000,8,1,6.0,3.8000000000000016,0.1,0.8500000000000003,5.0,4,337,24,139,0,0.5854013838113604,0.20245420093729385,success
951,2000,8,1,6.0,3.8000000000000016,0.1,0.8200000000000003,5.0,4,339,25,136,0,0.5791947950945582,0.19730682141843828,success
952,2000,8,1,6.0,3.8000000000000016,0.1,0.8300000000000003,5.0,4,338,22,140,0,0.5865994783566614,0.20048846446049093,success
953,2000,8,1,6.0,3.8000000000000016,0.1,0.8400000000000003,5.0,4,341,24,135,0,0.5746685026212616,0.19440654583363295,success
955,2000,8,1,6.0,3.8000000000000016,0.1,0.8600000000000003,5.0,4,338,21,141,0,0.588515955060245,0.20259202305237944,success
956,2000,8,1,6.0,3.8000000000000016,0.1,0.8700000000000003,5.0,4,339,22,139,0,0.5827037354271029,0.1986446617266585,success
957,2000,8,1,6.0,3.8000000000000016,0.1,0.8800000000000003,5.0,4,337,22,141,0,0.5877618195387782,0.20177502705602263,success
958,2000,8,1,6.0,3.8000000000000016,0.1,0.8900000000000003,5.0,4,338,24,138,0,0.5811231639788578,0.19888627211786827,success
959,2000,8,1,6.0,3.8000000000000016,0.1,0.9000000000000004,5.0,4,338,26,136,0,0.5774160891043093,0.1984032816192627,success
960,2000,8,1,6.0,3.8000000000000016,0.1,0.9100000000000004,5.0,4,342,26,132,0,0.5639401565735505,0.1870893929126738,success
961,2000,8,1,6.0,3.8000000000000016,0.1,0.9200000000000004,5.0,4,335,25,140,0,0.5868269821686809,0.20403494831310998,success
962,2000,8,1,6.0,3.8000000000000016,0.1,0.9300000000000004,5.0,4,340,23,137,0,0.5752814607210757,0.1940445381275381,success
963,2000,8,1,6.0,3.8000000000000016,0.1,0.9400000000000004,5.0,4,334,25,141,0,0.5890802949096958,0.20607001536274125,success
964,2000,8,1,6.0,3.8000000000000016,0.1,0.9500000000000004,5.0,4,339,25,136,0,0.5742771946843381,0.19647554192202932,success
965,2000,8,1,6.0,3.8000000000000016,0.1,0.9600000000000004,5.0,4,335,26,139,0,0.5816017126611913,0.20176181600467333,success
968,2000,8,1,6.0,3.8000000000000016,0.1,0.9900000000000004,5.0,4,337,23,140,0,0.5813031246805317,0.20008953856129028,success
966,2000,8,1,6.0,3.8000000000000016,0.1,0.9700000000000004,5.0,4,340,25,135,0,0.5695438086158194,0.19310418937800683,success
969,2000,8,1,6.0,3.8000000000000016,0.1,1.0000000000000004,5.0,4,334,24,142,0,0.5863154769379497,0.20363744794617472,success
967,2000,8,1,6.0,3.8000000000000016,0.1,0.9800000000000004,5.0,4,335,23,142,0,0.5867049105446522,0.20367981009023758,success
970,2000,8,1,6.0,3.9000000000000017,0.1,0.5,5.0,4,323,28,149,0,0.6409089195931458,0.22681620470666203,success
972,2000,8,1,6.0,3.9000000000000017,0.1,0.52,5.0,4,328,29,143,0,0.625360644140756,0.22071075887519864,success
971,2000,8,1,6.0,3.9000000000000017,0.1,0.51,5.0,4,322,25,153,0,0.645397784713399,0.2261854312820539,success
973,2000,8,1,6.0,3.9000000000000017,0.1,0.53,5.0,4,334,24,142,0,0.6199893138674876,0.21595743563674735,success
975,2000,8,1,6.0,3.9000000000000017,0.1,0.55,5.0,4,327,25,148,0,0.6323915275800129,0.22213379143640952,success
974,2000,8,1,6.0,3.9000000000000017,0.1,0.54,5.0,4,338,27,135,0,0.6038306911720742,0.20887216128568847,success
976,2000,8,1,6.0,3.9000000000000017,0.1,0.56,5.0,4,334,25,141,0,0.6153242570740914,0.21434991809728,success
977,2000,8,1,6.0,3.9000000000000017,0.1,0.5700000000000001,5.0,4,333,29,138,0,0.6101246476660437,0.21422035459185113,success
978,2000,8,1,6.0,3.9000000000000017,0.1,0.5800000000000001,5.0,4,337,27,136,0,0.6014207871538961,0.20708573188339874,success
979,2000,8,1,6.0,3.9000000000000017,0.1,0.5900000000000001,5.0,4,330,25,145,0,0.6241944947113576,0.21889851510159722,success
980,2000,8,1,6.0,3.9000000000000017,0.1,0.6000000000000001,5.0,4,331,26,143,0,0.6180864810385777,0.21617227899308833,success
981,2000,8,1,6.0,3.9000000000000017,0.1,0.6100000000000001,5.0,4,336,24,140,0,0.6081063394745951,0.20985155318567605,success
982,2000,8,1,6.0,3.9000000000000017,0.1,0.6200000000000001,5.0,4,337,26,137,0,0.6017943916971286,0.2077395548350003,success
983,2000,8,1,6.0,3.9000000000000017,0.1,0.6300000000000001,5.0,4,335,22,143,0,0.6136691653546997,0.2128047047374011,success
986,2000,8,1,6.0,3.9000000000000017,0.1,0.6600000000000001,5.0,4,340,23,137,0,0.5964250243350613,0.20231443130034452,success
987,2000,8,1,6.0,3.9000000000000017,0.1,0.6700000000000002,5.0,4,341,20,139,0,0.600693870393758,0.2053753095024605,success
984,2000,8,1,6.0,3.9000000000000017,0.1,0.6400000000000001,5.0,4,337,22,141,0,0.6061005704594508,0.20691003907547081,success
985,2000,8,1,6.0,3.9000000000000017,0.1,0.6500000000000001,5.0,4,338,22,140,0,0.6051800973531337,0.2079084909368706,success
988,2000,8,1,6.0,3.9000000000000017,0.1,0.6800000000000002,5.0,4,341,26,133,0,0.5877024866458316,0.2001964613909379,success
989,2000,8,1,6.0,3.9000000000000017,0.1,0.6900000000000002,5.0,4,341,22,137,0,0.5954788811511185,0.2032983719280532,success
990,2000,8,1,6.0,3.9000000000000017,0.1,0.7000000000000002,5.0,4,335,22,143,0,0.6078550701105225,0.20977290194413936,success
991,2000,8,1,6.0,3.9000000000000017,0.1,0.7100000000000002,5.0,4,337,21,142,0,0.6030172924726493,0.20541725918939735,success
992,2000,8,1,6.0,3.9000000000000017,0.1,0.7200000000000002,5.0,4,343,22,135,0,0.5856246769316462,0.19498699072810274,success
993,2000,8,1,6.0,3.9000000000000017,0.1,0.7300000000000002,5.0,4,342,25,133,0,0.5814248557820261,0.19455037877460196,success
994,2000,8,1,6.0,3.9000000000000017,0.1,0.7400000000000002,5.0,4,341,23,136,0,0.5896299328862493,0.20076208211992258,success
995,2000,8,1,6.0,3.9000000000000017,0.1,0.7500000000000002,5.0,4,335,24,141,0,0.6032626300790864,0.20999262367387014,success
996,2000,8,1,6.0,3.9000000000000017,0.1,0.7600000000000002,5.0,4,336,21,143,0,0.6041391623628828,0.20747727353498466,success
997,2000,8,1,6.0,3.9000000000000017,0.1,0.7700000000000002,5.0,4,340,20,140,0,0.5951647370246449,0.20167759622041598,success
998,2000,8,1,6.0,3.9000000000000017,0.1,0.7800000000000002,5.0,4,344,20,136,0,0.5833947867606079,0.19320892595534012,success
999,2000,8,1,6.0,3.9000000000000017,0.1,0.7900000000000003,5.0,4,341,17,142,0,0.5994061114354179,0.2036447507780249,success
1001,2000,8,1,6.0,3.9000000000000017,0.1,0.8100000000000003,5.0,4,343,21,136,0,0.5830037535861218,0.1944653044230887,success
1000,2000,8,1,6.0,3.9000000000000017,0.1,0.8000000000000003,5.0,4,344,21,135,0,0.5818591716899153,0.19386073632402412,success
1002,2000,8,1,6.0,3.9000000000000017,0.1,0.8200000000000003,5.0,4,345,24,131,0,0.5716350762694398,0.18876410981046113,success
1005,2000,8,1,6.0,3.9000000000000017,0.1,0.8500000000000003,5.0,4,339,22,139,0,0.589608672904194,0.19992885887591316,success
1004,2000,8,1,6.0,3.9000000000000017,0.1,0.8400000000000003,5.0,4,338,21,141,0,0.5961769726741822,0.20425461943395726,success
1003,2000,8,1,6.0,3.9000000000000017,0.1,0.8300000000000003,5.0,4,343,21,136,0,0.5840732987959434,0.1969497757985642,success
1006,2000,8,1,6.0,3.9000000000000017,0.1,0.8600000000000003,5.0,4,341,22,137,0,0.5825629352587286,0.19433918887074872,success
1008,2000,8,1,6.0,3.9000000000000017,0.1,0.8800000000000003,5.0,4,338,18,144,0,0.5964244119543003,0.20113575413378848,success
1007,2000,8,1,6.0,3.9000000000000017,0.1,0.8700000000000003,5.0,4,341,21,138,0,0.5841271783806309,0.195312919437329,success
1009,2000,8,1,6.0,3.9000000000000017,0.1,0.8900000000000003,5.0,4,341,22,137,0,0.5800015778664078,0.19213834327781812,success
1010,2000,8,1,6.0,3.9000000000000017,0.1,0.9000000000000004,5.0,4,342,23,135,0,0.5769797232727586,0.19191078480000326,success
1012,2000,8,1,6.0,3.9000000000000017,0.1,0.9200000000000004,5.0,4,343,20,137,0,0.5784427999440109,0.19027969479656923,success
1011,2000,8,1,6.0,3.9000000000000017,0.1,0.9100000000000004,5.0,4,344,19,137,0,0.5786333620105316,0.18988097555769579,success
1013,2000,8,1,6.0,3.9000000000000017,0.1,0.9300000000000004,5.0,4,346,18,136,0,0.5740603053906422,0.1856427964776856,success
1014,2000,8,1,6.0,3.9000000000000017,0.1,0.9400000000000004,5.0,4,344,17,139,0,0.5801529374371873,0.18904469817514413,success
1015,2000,8,1,6.0,3.9000000000000017,0.1,0.9500000000000004,5.0,4,345,18,137,0,0.5746578785880472,0.18521725044952797,success
1016,2000,8,1,6.0,3.9000000000000017,0.1,0.9600000000000004,5.0,4,340,17,143,0,0.5913539074826171,0.1976751390572047,success
1017,2000,8,1,6.0,3.9000000000000017,0.1,0.9700000000000004,5.0,4,345,18,137,0,0.574848272129639,0.18610675566541107,success
1019,2000,8,1,6.0,3.9000000000000017,0.1,0.9900000000000004,5.0,4,344,18,138,0,0.5772469290727901,0.18958045367343673,success
1018,2000,8,1,6.0,3.9000000000000017,0.1,0.9800000000000004,5.0,4,343,17,140,0,0.5807422586822634,0.189860169769687,success
1020,2000,8,1,6.0,3.9000000000000017,0.1,1.0000000000000004,5.0,4,341,18,141,0,0.5844941535777495,0.19471267373450188,success
1022,2000,8,1,6.0,4.000000000000002,0.1,0.51,5.0,5,337,11,152,0,0.6452161890117929,0.22588014703126322,success
1021,2000,8,1,6.0,4.000000000000002,0.1,0.5,5.0,5,327,13,160,0,0.6628450557236999,0.2322073292476411,success
1023,2000,8,1,6.0,4.000000000000002,0.1,0.52,5.0,5,330,14,156,0,0.6536299247273011,0.22943223496802595,success
1024,2000,8,1,6.0,4.000000000000002,0.1,0.53,5.0,5,332,12,156,0,0.6520641915015372,0.22809279286537915,success
1025,2000,8,1,6.0,4.000000000000002,0.1,0.54,5.0,5,335,13,152,0,0.6439325644614027,0.22569120521207847,success
1027,2000,8,1,6.0,4.000000000000002,0.1,0.56,5.0,5,338,11,151,0,0.6381158446376501,0.2214680124899231,success
1026,2000,8,1,6.0,4.000000000000002,0.1,0.55,5.0,5,341,10,149,0,0.6353433309174619,0.22114596178812246,success
1028,2000,8,1,6.0,4.000000000000002,0.1,0.5700000000000001,5.0,5,338,11,151,0,0.6376472729158826,0.22175809024401755,success
1029,2000,8,1,6.0,4.000000000000002,0.1,0.5800000000000001,5.0,5,339,10,151,0,0.6393291966789737,0.2236335723185136,success
1031,2000,8,1,6.0,4.000000000000002,0.1,0.6000000000000001,5.0,5,343,12,145,0,0.6236523456773896,0.21582943408594768,success
1030,2000,8,1,6.0,4.000000000000002,0.1,0.5900000000000001,5.0,5,345,9,146,0,0.6246819465047714,0.21501012509504708,success
1032,2000,8,1,6.0,4.000000000000002,0.1,0.6100000000000001,5.0,5,347,10,143,0,0.6178421471996995,0.21257548200546458,success
1033,2000,8,1,6.0,4.000000000000002,0.1,0.6200000000000001,5.0,5,345,11,144,0,0.6202951392946484,0.21432070041425066,success
1034,2000,8,1,6.0,4.000000000000002,0.1,0.6300000000000001,5.0,5,346,8,146,0,0.6210210504645366,0.2126584051994236,success
1039,2000,8,1,6.0,4.000000000000002,0.1,0.6800000000000002,5.0,5,356,8,136,0,0.5939202382291019,0.1972395265262022,success
1038,2000,8,1,6.0,4.000000000000002,0.1,0.6700000000000002,5.0,5,352,10,138,0,0.6005425485706458,0.20218808565055393,success
1037,2000,8,1,6.0,4.000000000000002,0.1,0.6600000000000001,5.0,5,346,10,144,0,0.6151557143282,0.21055028878244944,success
1036,2000,8,1,6.0,4.000000000000002,0.1,0.6500000000000001,5.0,5,352,7,141,0,0.6087358761762777,0.20659914306059746,success
1035,2000,8,1,6.0,4.000000000000002,0.1,0.6400000000000001,5.0,5,342,8,150,0,0.6323023414310662,0.21967644805267794,success
1041,2000,8,1,6.0,4.000000000000002,0.1,0.7000000000000002,5.0,5,352,6,142,0,0.6079562332065859,0.20610322103355325,success
1040,2000,8,1,6.0,4.000000000000002,0.1,0.6900000000000002,5.0,5,351,7,142,0,0.6063731833646003,0.20321350980524883,success
1042,2000,8,1,6.0,4.000000000000002,0.1,0.7100000000000002,5.0,5,352,8,140,0,0.6026407981232271,0.2035585596086917,success
1044,2000,8,1,6.0,4.000000000000002,0.1,0.7300000000000002,5.0,5,354,6,140,0,0.5996686170141868,0.20028992034134846,success
1043,2000,8,1,6.0,4.000000000000002,0.1,0.7200000000000002,5.0,5,355,4,141,0,0.6028325281325104,0.20178343576262542,success
1045,2000,8,1,6.0,4.000000000000002,0.1,0.7400000000000002,5.0,5,357,5,138,0,0.5925492215370959,0.19410031648804582,success
1046,2000,8,1,6.0,4.000000000000002,0.1,0.7500000000000002,5.0,5,359,6,135,0,0.5832704583692343,0.18724208333932035,success
1047,2000,8,1,6.0,4.000000000000002,0.1,0.7600000000000002,5.0,5,355,6,139,0,0.5946521860423175,0.1964559036883346,success
1051,2000,8,1,6.0,4.000000000000002,0.1,0.8000000000000003,5.0,5,356,6,138,0,0.5895427930413695,0.19254128428796913,success
1049,2000,8,1,6.0,4.000000000000002,0.1,0.7800000000000002,5.0,5,357,3,140,0,0.5950882933118313,0.1950285492099419,success
1050,2000,8,1,6.0,4.000000000000002,0.1,0.7900000000000003,5.0,5,357,4,139,0,0.5922256442472129,0.1941765653471939,success
1048,2000,8,1,6.0,4.000000000000002,0.1,0.7700000000000002,5.0,5,356,5,139,0,0.5931299381934233,0.19420632292048107,success
1052,2000,8,1,6.0,4.000000000000002,0.1,0.8100000000000003,5.0,5,353,3,144,0,0.6026762161357639,0.1999684741468776,success
1053,2000,8,1,6.0,4.000000000000002,0.1,0.8200000000000003,5.0,5,359,5,136,0,0.5822104193406766,0.18654671505652018,success
1054,2000,8,1,6.0,4.000000000000002,0.1,0.8300000000000003,5.0,5,356,4,140,0,0.5934002551269073,0.1953808660353997,success
1055,2000,8,1,6.0,4.000000000000002,0.1,0.8400000000000003,5.0,5,356,7,137,0,0.5862791761174114,0.19212572426700444,success
1056,2000,8,1,6.0,4.000000000000002,0.1,0.8500000000000003,5.0,5,359,7,134,0,0.575870261355489,0.1832974448345368,success
1057,2000,8,1,6.0,4.000000000000002,0.1,0.8600000000000003,5.0,5,357,3,140,0,0.5898510069408103,0.1917024655472265,success
1058,2000,8,1,6.0,4.000000000000002,0.1,0.8700000000000003,5.0,5,360,3,137,0,0.5820604518593319,0.18626515736689156,success
1060,2000,8,1,6.0,4.000000000000002,0.1,0.8900000000000003,5.0,5,357,5,138,0,0.5845397881762425,0.1891547901404491,success
1059,2000,8,1,6.0,4.000000000000002,0.1,0.8800000000000003,5.0,5,359,3,138,0,0.5844596030187954,0.18851886094324496,success
1061,2000,8,1,6.0,4.000000000000002,0.1,0.9000000000000004,5.0,5,358,3,139,0,0.5859057357067607,0.18895669896328995,success
1062,2000,8,1,6.0,4.000000000000002,0.1,0.9100000000000004,5.0,5,361,2,137,0,0.5785777566004091,0.18242921175348267,success
1063,2000,8,1,6.0,4.000000000000002,0.1,0.9200000000000004,5.0,5,359,5,136,0,0.5777229607801843,0.18382677944805287,success
1064,2000,8,1,6.0,4.000000000000002,0.1,0.9300000000000004,5.0,5,356,2,142,0,0.5899285480585006,0.1908730446695757,success
1065,2000,8,1,6.0,4.000000000000002,0.1,0.9400000000000004,5.0,5,359,4,137,0,0.5772864300873125,0.1822702436401472,success
1067,2000,8,1,6.0,4.000000000000002,0.1,0.9600000000000004,5.0,5,357,3,140,0,0.5844922941901306,0.18807971829351314,success
1068,2000,8,1,6.0,4.000000000000002,0.1,0.9700000000000004,5.0,5,355,2,143,0,0.5921408880933469,0.19300695390935982,success
1069,2000,8,1,6.0,4.000000000000002,0.1,0.9800000000000004,5.0,5,358,3,139,0,0.5840746251398625,0.18649285300121046,success
1070,2000,8,1,6.0,4.000000000000002,0.1,0.9900000000000004,5.0,5,359,3,138,0,0.5819059942639951,0.1856418342013447,success
1066,2000,8,1,6.0,4.000000000000002,0.1,0.9500000000000004,5.0,5,356,2,142,0,0.5892319779185946,0.19071126860412851,success
1071,2000,8,1,6.0,4.000000000000002,0.1,1.0000000000000004,5.0,5,357,3,140,0,0.5871861070649218,0.18965227653279312,success
1072,2000,8,1,6.0,4.100000000000001,0.1,0.5,5.0,5,315,18,167,0,0.6800930945617808,0.23821149403336003,success
1073,2000,8,1,6.0,4.100000000000001,0.1,0.51,5.0,5,321,13,166,0,0.675772643089415,0.2357233053313461,success
1074,2000,8,1,6.0,4.100000000000001,0.1,0.52,5.0,5,321,18,161,0,0.6684757293045271,0.2357291732345553,success
1075,2000,8,1,6.0,4.100000000000001,0.1,0.53,5.0,5,326,13,161,0,0.664960328896806,0.23212792811235117,success
1076,2000,8,1,6.0,4.100000000000001,0.1,0.54,5.0,5,329,15,156,0,0.6556213830642045,0.2299781471836822,success
1077,2000,8,1,6.0,4.100000000000001,0.1,0.55,5.0,5,327,11,162,0,0.6654518157389082,0.2318607122050295,success
1078,2000,8,1,6.0,4.100000000000001,0.1,0.56,5.0,5,334,12,154,0,0.649388291785388,0.2275892185866423,success
1079,2000,8,1,6.0,4.100000000000001,0.1,0.5700000000000001,5.0,5,332,13,155,0,0.6515521801286748,0.22838638263049055,success
1080,2000,8,1,6.0,4.100000000000001,0.1,0.5800000000000001,5.0,5,335,11,154,0,0.6470880242227423,0.22550105014940938,success
1081,2000,8,1,6.0,4.100000000000001,0.1,0.5900000000000001,5.0,5,339,11,150,0,0.6390682439214602,0.22325990340457003,success
1083,2000,8,1,6.0,4.100000000000001,0.1,0.6100000000000001,5.0,5,340,12,148,0,0.6329235818711201,0.2203880144558514,success
1082,2000,8,1,6.0,4.100000000000001,0.1,0.6000000000000001,5.0,5,339,8,153,0,0.6441565692939106,0.22440649235002144,success
1084,2000,8,1,6.0,4.100000000000001,0.1,0.6200000000000001,5.0,5,340,12,148,0,0.6310914351644802,0.21876902692065384,success
1085,2000,8,1,6.0,4.100000000000001,0.1,0.6300000000000001,5.0,5,343,10,147,0,0.6285387898981939,0.21759969590765818,success
1086,2000,8,1,6.0,4.100000000000001,0.1,0.6400000000000001,5.0,5,347,8,145,0,0.6223901219714019,0.2136868285375267,success
1087,2000,8,1,6.0,4.100000000000001,0.1,0.6500000000000001,5.0,5,346,12,142,0,0.6166158990351726,0.2122338709386071,success
1088,2000,8,1,6.0,4.100000000000001,0.1,0.6600000000000001,5.0,5,350,8,142,0,0.6124560520336303,0.20801419795567924,success
1089,2000,8,1,6.0,4.100000000000001,0.1,0.6700000000000002,5.0,5,349,6,145,0,0.6183232240398011,0.21087349379424977,success
1092,2000,8,1,6.0,4.100000000000001,0.1,0.7000000000000002,5.0,5,350,8,142,0,0.609544326037507,0.20633587731070369,success
1091,2000,8,1,6.0,4.100000000000001,0.1,0.6900000000000002,5.0,5,352,9,139,0,0.6033091690025975,0.20275924077602842,success
1090,2000,8,1,6.0,4.100000000000001,0.1,0.6800000000000002,5.0,5,344,8,148,0,0.6247851669967175,0.21404551656387658,success
1094,2000,8,1,6.0,4.100000000000001,0.1,0.7200000000000002,5.0,5,351,8,141,0,0.6067654991764284,0.2048216781575874,success
1093,2000,8,1,6.0,4.100000000000001,0.1,0.7100000000000002,5.0,5,351,6,143,0,0.6127106056922267,0.20841588559403718,success
1095,2000,8,1,6.0,4.100000000000001,0.1,0.7300000000000002,5.0,5,353,8,139,0,0.6009880709149661,0.20116654565425132,success
1096,2000,8,1,6.0,4.100000000000001,0.1,0.7400000000000002,5.0,5,345,5,150,0,0.6259707351721135,0.21382579279546393,success
1098,2000,8,1,6.0,4.100000000000001,0.1,0.7600000000000002,5.0,5,352,6,142,0,0.6071642673802605,0.20410886861684438,success
1097,2000,8,1,6.0,4.100000000000001,0.1,0.7500000000000002,5.0,5,353,6,141,0,0.6036659919251335,0.20144290896644693,success
1099,2000,8,1,6.0,4.100000000000001,0.1,0.7700000000000002,5.0,5,352,7,141,0,0.6040969751961457,0.20277334491485274,success
1101,2000,8,1,6.0,4.100000000000001,0.1,0.7900000000000003,5.0,5,352,8,140,0,0.6016464395711115,0.20242081729514314,success
1100,2000,8,1,6.0,4.100000000000001,0.1,0.7800000000000002,5.0,5,352,9,139,0,0.6004619986128085,0.20243787547612668,success
1102,2000,8,1,6.0,4.100000000000001,0.1,0.8000000000000003,5.0,5,352,6,142,0,0.6054616827449765,0.20401063957331111,success
1103,2000,8,1,6.0,4.100000000000001,0.1,0.8100000000000003,5.0,5,357,4,139,0,0.5953115579010788,0.1955692909317221,success
1104,2000,8,1,6.0,4.100000000000001,0.1,0.8200000000000003,5.0,5,355,5,140,0,0.596675854425531,0.1959388791199113,success
1107,2000,8,1,6.0,4.100000000000001,0.1,0.8500000000000003,5.0,5,356,5,139,0,0.5947119117535815,0.1967378945354333,success
1106,2000,8,1,6.0,4.100000000000001,0.1,0.8400000000000003,5.0,5,352,5,143,0,0.6039299621451566,0.20182415431836578,success
1108,2000,8,1,6.0,4.100000000000001,0.1,0.8600000000000003,5.0,5,356,7,137,0,0.5885951013164672,0.19224506230159105,success
1105,2000,8,1,6.0,4.100000000000001,0.1,0.8300000000000003,5.0,5,358,6,136,0,0.5857170716847774,0.18917433849144907,success
1109,2000,8,1,6.0,4.100000000000001,0.1,0.8700000000000003,5.0,5,358,6,136,0,0.5852549967966384,0.18970142111382415,success
1111,2000,8,1,6.0,4.100000000000001,0.1,0.8900000000000003,5.0,5,357,6,137,0,0.5863444750665296,0.18985737818263376,success
1110,2000,8,1,6.0,4.100000000000001,0.1,0.8800000000000003,5.0,5,357,4,139,0,0.5898417072889391,0.19068970466617174,success
1114,2000,8,1,6.0,4.100000000000001,0.1,0.9200000000000004,5.0,5,352,5,143,0,0.5999592205042745,0.1990540833994117,success
1112,2000,8,1,6.0,4.100000000000001,0.1,0.9000000000000004,5.0,5,357,5,138,0,0.5889537212377334,0.19208460441987854,success
1113,2000,8,1,6.0,4.100000000000001,0.1,0.9100000000000004,5.0,5,354,7,139,0,0.5909494916277689,0.1937730313797666,success
1115,2000,8,1,6.0,4.100000000000001,0.1,0.9300000000000004,5.0,5,357,5,138,0,0.5862838271696997,0.18939433953774812,success
1116,2000,8,1,6.0,4.100000000000001,0.1,0.9400000000000004,5.0,5,353,6,141,0,0.5940111334426833,0.1954982140324382,success
1117,2000,8,1,6.0,4.100000000000001,0.1,0.9500000000000004,5.0,5,357,6,137,0,0.582158796374325,0.18677376516136246,success
1118,2000,8,1,6.0,4.100000000000001,0.1,0.9600000000000004,5.0,5,357,5,138,0,0.5839238685220955,0.1875042153140199,success
1119,2000,8,1,6.0,4.100000000000001,0.1,0.9700000000000004,5.0,5,355,4,141,0,0.5942575951932878,0.19375221303968193,success
1120,2000,8,1,6.0,4.100000000000001,0.1,0.9800000000000004,5.0,5,356,6,138,0,0.5871824106489523,0.1900728121554639,success
1121,2000,8,1,6.0,4.100000000000001,0.1,0.9900000000000004,5.0,5,358,4,138,0,0.5865158168207539,0.18940960728180317,success
1122,2000,8,1,6.0,4.100000000000001,0.1,1.0000000000000004,5.0,5,357,3,140,0,0.5908555132517569,0.19189961400862943,success
1123,2000,8,1,6.0,4.200000000000002,0.1,0.5,5.0,5,308,18,174,0,0.6938131718931959,0.24041071501949238,success
1124,2000,8,1,6.0,4.200000000000002,0.1,0.51,5.0,5,312,19,169,0,0.6852049271032802,0.23882712375720622,success
1125,2000,8,1,6.0,4.200000000000002,0.1,0.52,5.0,5,312,18,170,0,0.6842238041305118,0.23728021484984785,success
1126,2000,8,1,6.0,4.200000000000002,0.1,0.53,5.0,5,316,14,170,0,0.6833920258785736,0.2359907297944763,success
1127,2000,8,1,6.0,4.200000000000002,0.1,0.54,5.0,5,314,14,172,0,0.6864868065582299,0.23655734084936694,success
1128,2000,8,1,6.0,4.200000000000002,0.1,0.55,5.0,5,321,15,164,0,0.6714815457067754,0.2331393015042285,success
1129,2000,8,1,6.0,4.200000000000002,0.1,0.56,5.0,5,317,13,170,0,0.6815275116246546,0.23532042276141976,success
1132,2000,8,1,6.0,4.200000000000002,0.1,0.5900000000000001,5.0,5,331,12,157,0,0.6557044144322137,0.2284285197360597,success
1131,2000,8,1,6.0,4.200000000000002,0.1,0.5800000000000001,5.0,5,321,13,166,0,0.6737341294926553,0.2335862294043225,success
1130,2000,8,1,6.0,4.200000000000002,0.1,0.5700000000000001,5.0,5,318,14,168,0,0.6782638024230506,0.23525957392351765,success
1133,2000,8,1,6.0,4.200000000000002,0.1,0.6000000000000001,5.0,5,332,13,155,0,0.6518345222533152,0.22710497509961125,success
1134,2000,8,1,6.0,4.200000000000002,0.1,0.6100000000000001,5.0,5,324,14,162,0,0.6641422041512381,0.23054799906092924,success
1135,2000,8,1,6.0,4.200000000000002,0.1,0.6200000000000001,5.0,5,334,9,157,0,0.653629118603711,0.2268607228205656,success
1136,2000,8,1,6.0,4.200000000000002,0.1,0.6300000000000001,5.0,5,327,11,162,0,0.6615674062069582,0.2292258972374739,success
1137,2000,8,1,6.0,4.200000000000002,0.1,0.6400000000000001,5.0,5,338,9,153,0,0.6429951651567768,0.2223077245907915,success
1138,2000,8,1,6.0,4.200000000000002,0.1,0.6500000000000001,5.0,5,343,11,146,0,0.6280029566436639,0.21652462772773243,success
1139,2000,8,1,6.0,4.200000000000002,0.1,0.6600000000000001,5.0,5,332,7,161,0,0.6582749083209484,0.22701638148328274,success
1141,2000,8,1,6.0,4.200000000000002,0.1,0.6800000000000002,5.0,5,336,11,153,0,0.6413358001726034,0.22166696181754542,success
1140,2000,8,1,6.0,4.200000000000002,0.1,0.6700000000000002,5.0,5,337,11,152,0,0.6393123890672381,0.221102575722107,success
1142,2000,8,1,6.0,4.200000000000002,0.1,0.6900000000000002,5.0,5,345,9,146,0,0.6238116009524508,0.21300199214161578,success
1143,2000,8,1,6.0,4.200000000000002,0.1,0.7000000000000002,5.0,5,345,11,144,0,0.6202973925278749,0.2130472427524741,success
1144,2000,8,1,6.0,4.200000000000002,0.1,0.7100000000000002,5.0,5,346,11,143,0,0.6171723499591248,0.21163762890014062,success
1147,2000,8,1,6.0,4.200000000000002,0.1,0.7400000000000002,5.0,5,345,8,147,0,0.624361335312908,0.21378000094232089,success
1145,2000,8,1,6.0,4.200000000000002,0.1,0.7200000000000002,5.0,5,343,10,147,0,0.625622568653922,0.21502256173995737,success
1146,2000,8,1,6.0,4.200000000000002,0.1,0.7300000000000002,5.0,5,341,11,148,0,0.628051819369313,0.21624723679105184,success
1148,2000,8,1,6.0,4.200000000000002,0.1,0.7500000000000002,5.0,5,339,8,153,0,0.6368724809039272,0.21922057778134402,success
1149,2000,8,1,6.0,4.200000000000002,0.1,0.7600000000000002,5.0,5,344,13,143,0,0.6179207331507685,0.21394591016765493,success
1150,2000,8,1,6.0,4.200000000000002,0.1,0.7700000000000002,5.0,5,346,8,146,0,0.6216445712038303,0.21310073118781378,success
1151,2000,8,1,6.0,4.200000000000002,0.1,0.7800000000000002,5.0,5,349,9,142,0,0.6130256348199445,0.20976617401880077,success
1152,2000,8,1,6.0,4.200000000000002,0.1,0.7900000000000003,5.0,5,349,8,143,0,0.6135213486932198,0.2089761624072167,success
1153,2000,8,1,6.0,4.200000000000002,0.1,0.8000000000000003,5.0,5,351,8,141,0,0.6066324136965474,0.20457886655009183,success
1154,2000,8,1,6.0,4.200000000000002,0.1,0.8100000000000003,5.0,5,351,6,143,0,0.6101117423317932,0.20568712012409307,success
1155,2000,8,1,6.0,4.200000000000002,0.1,0.8200000000000003,5.0,5,349,5,146,0,0.6160431506069965,0.20842577062864037,success
1156,2000,8,1,6.0,4.200000000000002,0.1,0.8300000000000003,5.0,5,351,7,142,0,0.6078137720379935,0.20522777574147916,success
1157,2000,8,1,6.0,4.200000000000002,0.1,0.8400000000000003,5.0,5,357,5,138,0,0.595542899547675,0.19600022707553852,success
1158,2000,8,1,6.0,4.200000000000002,0.1,0.8500000000000003,5.0,5,352,8,140,0,0.6020461081449109,0.201887348969317,success
1161,2000,8,1,6.0,4.200000000000002,0.1,0.8800000000000003,5.0,5,355,4,141,0,0.6011883682714125,0.1998694586458935,success
1159,2000,8,1,6.0,4.200000000000002,0.1,0.8600000000000003,5.0,5,350,7,143,0,0.6088252150704465,0.20584949495030097,success
1163,2000,8,1,6.0,4.200000000000002,0.1,0.9000000000000004,5.0,5,349,7,144,0,0.6099267040031625,0.20600699209186313,success
1162,2000,8,1,6.0,4.200000000000002,0.1,0.8900000000000003,5.0,5,355,9,136,0,0.5904208087894692,0.19475915710476957,success
1160,2000,8,1,6.0,4.200000000000002,0.1,0.8700000000000003,5.0,5,349,7,144,0,0.6101078601932138,0.20637748971658124,success
1164,2000,8,1,6.0,4.200000000000002,0.1,0.9100000000000004,5.0,5,355,6,139,0,0.595534043843467,0.19712002245422133,success
1165,2000,8,1,6.0,4.200000000000002,0.1,0.9200000000000004,5.0,5,351,7,142,0,0.6033165977432979,0.202089036125243,success
1167,2000,8,1,6.0,4.200000000000002,0.1,0.9400000000000004,5.0,5,359,7,134,0,0.5808946362278903,0.18624155679682547,success
1166,2000,8,1,6.0,4.200000000000002,0.1,0.9300000000000004,5.0,5,358,6,136,0,0.5866295997243328,0.19002406846144623,success
1168,2000,8,1,6.0,4.200000000000002,0.1,0.9500000000000004,5.0,5,354,7,139,0,0.5946840233194965,0.19656424988059815,success
1169,2000,8,1,6.0,4.200000000000002,0.1,0.9600000000000004,5.0,5,356,7,137,0,0.5899233439090685,0.19443435098922895,success
1171,2000,8,1,6.0,4.200000000000002,0.1,0.9800000000000004,5.0,5,356,9,135,0,0.5843647592466494,0.19029343587188016,success
1172,2000,8,1,6.0,4.200000000000002,0.1,0.9900000000000004,5.0,5,356,6,138,0,0.5910080135496225,0.19354346362640718,success
1170,2000,8,1,6.0,4.200000000000002,0.1,0.9700000000000004,5.0,5,356,7,137,0,0.589228075207453,0.19287448499032725,success
1173,2000,8,1,6.0,4.200000000000002,0.1,1.0000000000000004,5.0,5,354,6,140,0,0.5948586332420679,0.19577081222712656,success
1174,2000,8,1,6.0,4.3000000000000025,0.1,0.5,5.0,5,293,20,187,0,0.7160198077060078,0.2432854636896466,success
1176,2000,8,1,6.0,4.3000000000000025,0.1,0.52,5.0,5,303,20,177,0,0.6982880598813841,0.24044842967888508,success
1175,2000,8,1,6.0,4.3000000000000025,0.1,0.51,5.0,5,300,19,181,0,0.7035465028462349,0.2399892719455824,success
1177,2000,8,1,6.0,4.3000000000000025,0.1,0.53,5.0,5,302,22,176,0,0.698426134220412,0.24153167838008827,success
1178,2000,8,1,6.0,4.3000000000000025,0.1,0.54,5.0,5,304,18,178,0,0.69875761960482,0.24009707465057292,success
1179,2000,8,1,6.0,4.3000000000000025,0.1,0.55,5.0,5,315,18,167,0,0.6794189227855326,0.23662876997498833,success
1180,2000,8,1,6.0,4.3000000000000025,0.1,0.56,5.0,5,306,14,180,0,0.6984590325435333,0.2385853370533995,success
1181,2000,8,1,6.0,4.3000000000000025,0.1,0.5700000000000001,5.0,5,313,18,169,0,0.6829390654396639,0.23772691432504756,success
1182,2000,8,1,6.0,4.3000000000000025,0.1,0.5800000000000001,5.0,5,313,15,172,0,0.6865638381402448,0.23752924349658472,success
1183,2000,8,1,6.0,4.3000000000000025,0.1,0.5900000000000001,5.0,5,330,15,155,0,0.6570705375203992,0.23119508063336502,success
1184,2000,8,1,6.0,4.3000000000000025,0.1,0.6000000000000001,5.0,5,324,16,160,0,0.6660435311306354,0.23370681258076167,success
1185,2000,8,1,6.0,4.3000000000000025,0.1,0.6100000000000001,5.0,5,323,15,162,0,0.6674079837838022,0.23298922301890423,success
1186,2000,8,1,6.0,4.3000000000000025,0.1,0.6200000000000001,5.0,5,326,13,161,0,0.663004028812414,0.23022438297895437,success
1187,2000,8,1,6.0,4.3000000000000025,0.1,0.6300000000000001,5.0,5,323,13,164,0,0.6677603173086485,0.2315846770728092,success
1188,2000,8,1,6.0,4.3000000000000025,0.1,0.6400000000000001,5.0,5,328,14,158,0,0.6594381777907284,0.23104215912107018,success
1190,2000,8,1,6.0,4.3000000000000025,0.1,0.6600000000000001,5.0,5,328,11,161,0,0.6645861654032146,0.23188991905188472,success
1189,2000,8,1,6.0,4.3000000000000025,0.1,0.6500000000000001,5.0,5,324,14,162,0,0.6674789248490326,0.2334625047024112,success
1191,2000,8,1,6.0,4.3000000000000025,0.1,0.6700000000000002,5.0,5,329,13,158,0,0.6574337265732723,0.2295590965112197,success
1193,2000,8,1,6.0,4.3000000000000025,0.1,0.6900000000000002,5.0,5,326,13,161,0,0.6613294139019581,0.23039233519038585,success
1194,2000,8,1,6.0,4.3000000000000025,0.1,0.7000000000000002,5.0,5,335,11,154,0,0.6454166757485107,0.22447315621165032,success
1195,2000,8,1,6.0,4.3000000000000025,0.1,0.7100000000000002,5.0,5,340,11,149,0,0.6335550940733089,0.2190569183630517,success
1196,2000,8,1,6.0,4.3000000000000025,0.1,0.7200000000000002,5.0,5,336,12,152,0,0.6415930211264728,0.22395940389253394,success
1192,2000,8,1,6.0,4.3000000000000025,0.1,0.6800000000000002,5.0,5,330,10,160,0,0.6590898119466859,0.22843391219767875,success
1197,2000,8,1,6.0,4.3000000000000025,0.1,0.7300000000000002,5.0,5,342,10,148,0,0.6316644003562378,0.21885636433819347,success
1198,2000,8,1,6.0,4.3000000000000025,0.1,0.7400000000000002,5.0,5,341,13,146,0,0.6266933874923788,0.21680729780638217,success
1199,2000,8,1,6.0,4.3000000000000025,0.1,0.7500000000000002,5.0,5,339,16,145,0,0.6267690086687452,0.21898943417084324,success
1200,2000,8,1,6.0,4.3000000000000025,0.1,0.7600000000000002,5.0,5,339,10,151,0,0.635899920625043,0.21996856009109805,success
1202,2000,8,1,6.0,4.3000000000000025,0.1,0.7800000000000002,5.0,5,338,10,152,0,0.6386825269071958,0.2218254266332412,success
1201,2000,8,1,6.0,4.3000000000000025,0.1,0.7700000000000002,5.0,5,336,9,155,0,0.6446135945617085,0.22415805506078548,success
1203,2000,8,1,6.0,4.3000000000000025,0.1,0.7900000000000003,5.0,5,338,9,153,0,0.6393142042032293,0.2214831641464319,success
1204,2000,8,1,6.0,4.3000000000000025,0.1,0.8000000000000003,5.0,5,341,9,150,0,0.6323177132190246,0.21855213644408306,success
1205,2000,8,1,6.0,4.3000000000000025,0.1,0.8100000000000003,5.0,5,341,10,149,0,0.6311955723096312,0.2188935551373194,success
1206,2000,8,1,6.0,4.3000000000000025,0.1,0.8200000000000003,5.0,5,346,9,145,0,0.6200095906836425,0.21195077582577437,success
1207,2000,8,1,6.0,4.3000000000000025,0.1,0.8300000000000003,5.0,5,346,7,147,0,0.6238043898677965,0.21409687295968374,success
1208,2000,8,1,6.0,4.3000000000000025,0.1,0.8400000000000003,5.0,5,346,9,145,0,0.6191162982536272,0.21219244686479952,success
1209,2000,8,1,6.0,4.3000000000000025,0.1,0.8500000000000003,5.0,5,348,8,144,0,0.615277616270312,0.20908284616929787,success
1210,2000,8,1,6.0,4.3000000000000025,0.1,0.8600000000000003,5.0,5,345,9,146,0,0.6210993383883733,0.2133559316425351,success
1211,2000,8,1,6.0,4.3000000000000025,0.1,0.8700000000000003,5.0,5,348,8,144,0,0.6160993605141497,0.21034502628262478,success
1212,2000,8,1,6.0,4.3000000000000025,0.1,0.8800000000000003,5.0,5,353,8,139,0,0.6036042569261445,0.20387472931813977,success
1213,2000,8,1,6.0,4.3000000000000025,0.1,0.8900000000000003,5.0,5,356,8,136,0,0.5941853126162266,0.19678346186611168,success
1214,2000,8,1,6.0,4.3000000000000025,0.1,0.9000000000000004,5.0,5,350,9,141,0,0.6068528713968379,0.20494998753078122,success
1215,2000,8,1,6.0,4.3000000000000025,0.1,0.9100000000000004,5.0,5,354,8,138,0,0.5994394753045984,0.20078226200347069,success
1216,2000,8,1,6.0,4.3000000000000025,0.1,0.9200000000000004,5.0,5,356,7,137,0,0.595429596244613,0.19722116916782154,success
1217,2000,8,1,6.0,4.3000000000000025,0.1,0.9300000000000004,5.0,5,354,6,140,0,0.6015198101624701,0.20052761235042108,success
1218,2000,8,1,6.0,4.3000000000000025,0.1,0.9400000000000004,5.0,5,350,8,142,0,0.6066557664035503,0.2050014908031229,success
1219,2000,8,1,6.0,4.3000000000000025,0.1,0.9500000000000004,5.0,5,353,8,139,0,0.5973543648323975,0.19815568162567213,success
1220,2000,8,1,6.0,4.3000000000000025,0.1,0.9600000000000004,5.0,5,353,7,140,0,0.6001674975658894,0.2005062455531165,success
1221,2000,8,1,6.0,4.3000000000000025,0.1,0.9700000000000004,5.0,5,351,7,142,0,0.6046946992021592,0.20280536323474677,success
1222,2000,8,1,6.0,4.3000000000000025,0.1,0.9800000000000004,5.0,5,355,9,136,0,0.589104878764251,0.1931413517474983,success
1223,2000,8,1,6.0,4.3000000000000025,0.1,0.9900000000000004,5.0,5,356,7,137,0,0.5916965755224999,0.1946460997994854,success
1224,2000,8,1,6.0,4.3000000000000025,0.1,1.0000000000000004,5.0,5,353,8,139,0,0.5958988410171829,0.19725508450185542,success
1225,2000,8,1,6.0,4.400000000000002,0.1,0.5,5.0,5,290,24,186,0,0.7164773918321914,0.24360122073582124,success
1227,2000,8,1,6.0,4.400000000000002,0.1,0.52,5.0,5,287,17,196,0,0.727740621346773,0.24267711304835113,success
1226,2000,8,1,6.0,4.400000000000002,0.1,0.51,5.0,5,278,21,201,0,0.7339636720415847,0.24268901590656458,success
1228,2000,8,1,6.0,4.400000000000002,0.1,0.53,5.0,5,284,22,194,0,0.7254850925561217,0.2430318562718752,success
1229,2000,8,1,6.0,4.400000000000002,0.1,0.54,5.0,5,304,20,176,0,0.6973601808517476,0.23947461873961437,success
1230,2000,8,1,6.0,4.400000000000002,0.1,0.55,5.0,5,299,17,184,0,0.7096387924064965,0.24142382777661248,success
1231,2000,8,1,6.0,4.400000000000002,0.1,0.56,5.0,5,302,20,178,0,0.7010869805871035,0.24098714505384752,success
1232,2000,8,1,6.0,4.400000000000002,0.1,0.5700000000000001,5.0,5,301,19,180,0,0.7030572785425542,0.24093758124136336,success
1233,2000,8,1,6.0,4.400000000000002,0.1,0.5800000000000001,5.0,5,300,15,185,0,0.709893140797052,0.24072792578694815,success
1234,2000,8,1,6.0,4.400000000000002,0.1,0.5900000000000001,5.0,5,303,14,183,0,0.707035532246394,0.2405616967635782,success
1236,2000,8,1,6.0,4.400000000000002,0.1,0.6100000000000001,5.0,5,312,16,172,0,0.6889607748173872,0.23799729311996068,success
1235,2000,8,1,6.0,4.400000000000002,0.1,0.6000000000000001,5.0,5,312,16,172,0,0.6894302559956103,0.23827216682169572,success
1238,2000,8,1,6.0,4.400000000000002,0.1,0.6300000000000001,5.0,5,315,15,170,0,0.6839823679313927,0.2367733554583133,success
1237,2000,8,1,6.0,4.400000000000002,0.1,0.6200000000000001,5.0,5,315,18,167,0,0.6810537016904087,0.23751682934612595,success
1239,2000,8,1,6.0,4.400000000000002,0.1,0.6400000000000001,5.0,5,316,14,170,0,0.6840963273296228,0.23685801604008175,success
1240,2000,8,1,6.0,4.400000000000002,0.1,0.6500000000000001,5.0,5,313,14,173,0,0.6881900521637772,0.2374485649801955,success
1241,2000,8,1,6.0,4.400000000000002,0.1,0.6600000000000001,5.0,5,319,12,169,0,0.6787167121543781,0.23350954043662794,success
1243,2000,8,1,6.0,4.400000000000002,0.1,0.6800000000000002,5.0,5,319,13,168,0,0.6793483826311691,0.23567285457876352,success
1242,2000,8,1,6.0,4.400000000000002,0.1,0.6700000000000002,5.0,5,317,15,168,0,0.6777736090163363,0.23388565754780977,success
1244,2000,8,1,6.0,4.400000000000002,0.1,0.6900000000000002,5.0,5,319,11,170,0,0.6807429228666104,0.2348262349525767,success
1245,2000,8,1,6.0,4.400000000000002,0.1,0.7000000000000002,5.0,5,328,14,158,0,0.6591064239161143,0.23019829158717067,success
1246,2000,8,1,6.0,4.400000000000002,0.1,0.7100000000000002,5.0,5,327,12,161,0,0.6645537496776371,0.2317899517724778,success
1247,2000,8,1,6.0,4.400000000000002,0.1,0.7200000000000002,5.0,5,327,14,159,0,0.6614722951338637,0.23174136178785285,success
1248,2000,8,1,6.0,4.400000000000002,0.1,0.7300000000000002,5.0,5,325,15,160,0,0.6626706921198917,0.2315524581568845,success
1249,2000,8,1,6.0,4.400000000000002,0.1,0.7400000000000002,5.0,5,325,14,161,0,0.6631052342424114,0.23073348491371348,success
1250,2000,8,1,6.0,4.400000000000002,0.1,0.7500000000000002,5.0,5,331,13,156,0,0.6516448660232131,0.22676250949722332,success
1251,2000,8,1,6.0,4.400000000000002,0.1,0.7600000000000002,5.0,5,333,13,154,0,0.6469850488880322,0.22464801541799162,success
1252,2000,8,1,6.0,4.400000000000002,0.1,0.7700000000000002,5.0,5,340,13,147,0,0.6320223929585677,0.2191395008728934,success
1253,2000,8,1,6.0,4.400000000000002,0.1,0.7800000000000002,5.0,5,330,11,159,0,0.6555089772525828,0.22702698739531735,success
1256,2000,8,1,6.0,4.400000000000002,0.1,0.8100000000000003,5.0,5,336,9,155,0,0.6447615928513362,0.2225005356642343,success
1254,2000,8,1,6.0,4.400000000000002,0.1,0.7900000000000003,5.0,5,336,10,154,0,0.6448369936389203,0.22334783099080552,success
1255,2000,8,1,6.0,4.400000000000002,0.1,0.8000000000000003,5.0,5,337,9,154,0,0.6434704681931283,0.22262258331021287,success
1257,2000,8,1,6.0,4.400000000000002,0.1,0.8200000000000003,5.0,5,346,12,142,0,0.6169441114593732,0.21161653389738744,success
1260,2000,8,1,6.0,4.400000000000002,0.1,0.8500000000000003,5.0,5,339,14,147,0,0.6275809816131357,0.2173300083968286,success
1259,2000,8,1,6.0,4.400000000000002,0.1,0.8400000000000003,5.0,5,338,9,153,0,0.6413994734652735,0.22310018930173298,success
1261,2000,8,1,6.0,4.400000000000002,0.1,0.8600000000000003,5.0,5,341,11,148,0,0.628800645207027,0.2169120470733071,success
1258,2000,8,1,6.0,4.400000000000002,0.1,0.8300000000000003,5.0,5,340,13,147,0,0.6289878195996661,0.21821210371664962,success
1262,2000,8,1,6.0,4.400000000000002,0.1,0.8700000000000003,5.0,5,341,9,150,0,0.6320246326846205,0.21735086409905793,success
1263,2000,8,1,6.0,4.400000000000002,0.1,0.8800000000000003,5.0,5,339,8,153,0,0.6392913820567164,0.2207658960516133,success
1264,2000,8,1,6.0,4.400000000000002,0.1,0.8900000000000003,5.0,5,341,11,148,0,0.6293940870276369,0.2184024383607664,success
1266,2000,8,1,6.0,4.400000000000002,0.1,0.9100000000000004,5.0,5,341,10,149,0,0.6290746462117497,0.21708024080474217,success
1265,2000,8,1,6.0,4.400000000000002,0.1,0.9000000000000004,5.0,5,346,13,141,0,0.6122099759896845,0.20986666566442863,success
1268,2000,8,1,6.0,4.400000000000002,0.1,0.9300000000000004,5.0,5,348,8,144,0,0.6147804167720143,0.20810395261630138,success
1267,2000,8,1,6.0,4.400000000000002,0.1,0.9200000000000004,5.0,5,347,13,140,0,0.608557513207705,0.2080200619568125,success
1269,2000,8,1,6.0,4.400000000000002,0.1,0.9400000000000004,5.0,5,341,9,150,0,0.6288791983928802,0.21569715252463117,success
1270,2000,8,1,6.0,4.400000000000002,0.1,0.9500000000000004,5.0,5,346,11,143,0,0.6129652671896443,0.208654168120688,success
1272,2000,8,1,6.0,4.400000000000002,0.1,0.9700000000000004,5.0,5,343,10,147,0,0.6230928665290069,0.21479034088842575,success
1271,2000,8,1,6.0,4.400000000000002,0.1,0.9600000000000004,5.0,5,346,11,143,0,0.6127696767865358,0.20876097733959245,success
1273,2000,8,1,6.0,4.400000000000002,0.1,0.9800000000000004,5.0,5,347,8,145,0,0.6158273650223144,0.20921234752238144,success
1274,2000,8,1,6.0,4.400000000000002,0.1,0.9900000000000004,5.0,5,350,6,144,0,0.61163412463418,0.20542533443549116,success
1275,2000,8,1,6.0,4.400000000000002,0.1,1.0000000000000004,5.0,5,350,7,143,0,0.6096195861693978,0.20464347009324876,success
1276,2000,8,1,6.0,4.500000000000002,0.1,0.5,5.0,5,269,24,207,0,0.744801753887142,0.2439437522387313,success
1277,2000,8,1,6.0,4.500000000000002,0.1,0.51,5.0,5,276,26,198,0,0.7353738009921176,0.24508763214033544,success
1278,2000,8,1,6.0,4.500000000000002,0.1,0.52,5.0,5,281,23,196,0,0.7313688651286939,0.24420484471700235,success
1279,2000,8,1,6.0,4.500000000000002,0.1,0.53,5.0,5,282,22,196,0,0.7297872661327388,0.24344833659399628,success
1280,2000,8,1,6.0,4.500000000000002,0.1,0.54,5.0,5,273,21,206,0,0.7400542494765512,0.24249015983070474,success
1281,2000,8,1,6.0,4.500000000000002,0.1,0.55,5.0,5,290,23,187,0,0.7181692565310726,0.24437540456485013,success
1282,2000,8,1,6.0,4.500000000000002,0.1,0.56,5.0,5,291,22,187,0,0.7184215085428912,0.24415296741192358,success
1283,2000,8,1,6.0,4.500000000000002,0.1,0.5700000000000001,5.0,5,299,21,180,0,0.706965219999841,0.242563242824906,success
1284,2000,8,1,6.0,4.500000000000002,0.1,0.5800000000000001,5.0,5,301,18,181,0,0.7073715796571565,0.2420812619250389,success
1285,2000,8,1,6.0,4.500000000000002,0.1,0.5900000000000001,5.0,5,297,21,182,0,0.7088372756636145,0.24262980887471178,success
1286,2000,8,1,6.0,4.500000000000002,0.1,0.6000000000000001,5.0,5,297,19,184,0,0.7102166796822172,0.2416619198597788,success
1287,2000,8,1,6.0,4.500000000000002,0.1,0.6100000000000001,5.0,5,291,21,188,0,0.7163824151373474,0.24279689393222934,success
1288,2000,8,1,6.0,4.500000000000002,0.1,0.6200000000000001,5.0,5,304,19,177,0,0.6999338619726749,0.24121764621651975,success
1289,2000,8,1,6.0,4.500000000000002,0.1,0.6300000000000001,5.0,5,305,16,179,0,0.701964296496984,0.2402005903496493,success
1293,2000,8,1,6.0,4.500000000000002,0.1,0.6700000000000002,5.0,5,307,18,175,0,0.6940614538932179,0.2392593040666676,success
1290,2000,8,1,6.0,4.500000000000002,0.1,0.6400000000000001,5.0,5,298,16,186,0,0.7120701500483712,0.24165705294220752,success
1291,2000,8,1,6.0,4.500000000000002,0.1,0.6500000000000001,5.0,5,301,17,182,0,0.7057185385543235,0.2406942174814824,success
1292,2000,8,1,6.0,4.500000000000002,0.1,0.6600000000000001,5.0,5,315,18,167,0,0.6815065728116574,0.23722102762348468,success
1294,2000,8,1,6.0,4.500000000000002,0.1,0.6800000000000002,5.0,5,304,13,183,0,0.7043136727361562,0.23953349425210546,success
1295,2000,8,1,6.0,4.500000000000002,0.1,0.6900000000000002,5.0,5,312,12,176,0,0.6931307308172469,0.23750686610907137,success
1296,2000,8,1,6.0,4.500000000000002,0.1,0.7000000000000002,5.0,5,317,16,167,0,0.6791822334123906,0.23598650136909644,success
1298,2000,8,1,6.0,4.500000000000002,0.1,0.7200000000000002,5.0,5,309,16,175,0,0.6918615939012416,0.2386331323385909,success
1297,2000,8,1,6.0,4.500000000000002,0.1,0.7100000000000002,5.0,5,314,15,171,0,0.6859288399952945,0.23712909739362056,success
1299,2000,8,1,6.0,4.500000000000002,0.1,0.7300000000000002,5.0,5,321,14,165,0,0.6735840043899102,0.23406366504103035,success
1300,2000,8,1,6.0,4.500000000000002,0.1,0.7400000000000002,5.0,5,311,16,173,0,0.6880318490878019,0.23774972045793555,success
1301,2000,8,1,6.0,4.500000000000002,0.1,0.7500000000000002,5.0,5,314,13,173,0,0.6867052560041681,0.2367360735473027,success
1302,2000,8,1,6.0,4.500000000000002,0.1,0.7600000000000002,5.0,5,317,14,169,0,0.6797376458882679,0.23565404462646072,success
1304,2000,8,1,6.0,4.500000000000002,0.1,0.7800000000000002,5.0,5,317,12,171,0,0.6820194835301536,0.23609976674565245,success
1303,2000,8,1,6.0,4.500000000000002,0.1,0.7700000000000002,5.0,5,323,14,163,0,0.6683398130499619,0.2327749329337674,success
1305,2000,8,1,6.0,4.500000000000002,0.1,0.7900000000000003,5.0,5,321,13,166,0,0.6726702323644935,0.2333710303334492,success
1306,2000,8,1,6.0,4.500000000000002,0.1,0.8000000000000003,5.0,5,325,13,162,0,0.664525302284226,0.23133503492673682,success
1307,2000,8,1,6.0,4.500000000000002,0.1,0.8100000000000003,5.0,5,328,13,159,0,0.6577813745705995,0.2287625101413443,success
1308,2000,8,1,6.0,4.500000000000002,0.1,0.8200000000000003,5.0,5,328,10,162,0,0.6617358379463123,0.2288690118005237,success
1309,2000,8,1,6.0,4.500000000000002,0.1,0.8300000000000003,5.0,5,321,11,168,0,0.6738304552049579,0.23346689913619448,success
1310,2000,8,1,6.0,4.500000000000002,0.1,0.8400000000000003,5.0,5,331,13,156,0,0.6522829782901461,0.22792912911045635,success
1311,2000,8,1,6.0,4.500000000000002,0.1,0.8500000000000003,5.0,5,333,14,153,0,0.6459898536107935,0.22629129496297049,success
1312,2000,8,1,6.0,4.500000000000002,0.1,0.8600000000000003,5.0,5,334,12,154,0,0.6474156929832408,0.22559201927540903,success
1313,2000,8,1,6.0,4.500000000000002,0.1,0.8700000000000003,5.0,5,328,12,160,0,0.6587174110802569,0.2293450204620484,success
1314,2000,8,1,6.0,4.500000000000002,0.1,0.8800000000000003,5.0,5,327,12,161,0,0.6611152010382789,0.23021165743721625,success
1315,2000,8,1,6.0,4.500000000000002,0.1,0.8900000000000003,5.0,5,332,13,155,0,0.6495770111823441,0.2271085338455384,success
1316,2000,8,1,6.0,4.500000000000002,0.1,0.9000000000000004,5.0,5,339,11,150,0,0.6382291900229089,0.22226363699912405,success
1317,2000,8,1,6.0,4.500000000000002,0.1,0.9100000000000004,5.0,5,338,10,152,0,0.6401891628599773,0.2217356412560505,success
1318,2000,8,1,6.0,4.500000000000002,0.1,0.9200000000000004,5.0,5,343,10,147,0,0.6288202527192898,0.21712114530437232,success
1319,2000,8,1,6.0,4.500000000000002,0.1,0.9300000000000004,5.0,5,346,11,143,0,0.6208902294076885,0.2144628509559263,success
1320,2000,8,1,6.0,4.500000000000002,0.1,0.9400000000000004,5.0,5,340,9,151,0,0.6375407722350903,0.22080889501457568,success
1321,2000,8,1,6.0,4.500000000000002,0.1,0.9500000000000004,5.0,5,340,11,149,0,0.6342514966631214,0.22030825082983443,success
1323,2000,8,1,6.0,4.500000000000002,0.1,0.9700000000000004,5.0,5,343,11,146,0,0.6271838742249276,0.21751520985170844,success
1325,2000,8,1,6.0,4.500000000000002,0.1,0.9900000000000004,5.0,5,342,11,147,0,0.6261414644319941,0.21527654127871196,success
1324,2000,8,1,6.0,4.500000000000002,0.1,0.9800000000000004,5.0,5,340,11,149,0,0.6330293676962881,0.22015796613123995,success
1322,2000,8,1,6.0,4.500000000000002,0.1,0.9600000000000004,5.0,5,343,13,144,0,0.6220390977393144,0.21494507426100443,success
1326,2000,8,1,6.0,4.500000000000002,0.1,1.0000000000000004,5.0,5,343,11,146,0,0.6235168403623869,0.21442455026950075,success
1327,2000,8,1,6.0,4.600000000000002,0.1,0.5,5.0,5,251,27,222,0,0.7619956739675856,0.24220574074162118,success
1328,2000,8,1,6.0,4.600000000000002,0.1,0.51,5.0,5,259,27,214,0,0.7536505302519784,0.2434349248053305,success
1329,2000,8,1,6.0,4.600000000000002,0.1,0.52,5.0,5,261,26,213,0,0.7522884448939171,0.2434001872979269,success
1330,2000,8,1,6.0,4.600000000000002,0.1,0.53,5.0,5,259,31,210,0,0.751483794137073,0.2453981405463617,success
1331,2000,8,1,6.0,4.600000000000002,0.1,0.54,5.0,5,272,26,202,0,0.7409491243502215,0.24500871668223115,success
1333,2000,8,1,6.0,4.600000000000002,0.1,0.56,5.0,5,269,28,203,0,0.7435261272513518,0.2464069255554788,success
1332,2000,8,1,6.0,4.600000000000002,0.1,0.55,5.0,5,265,26,209,0,0.7464602975295441,0.2434121687190319,success
1334,2000,8,1,6.0,4.600000000000002,0.1,0.5700000000000001,5.0,5,276,25,199,0,0.7370448534013627,0.24550530893467143,success
1336,2000,8,1,6.0,4.600000000000002,0.1,0.5900000000000001,5.0,5,277,26,197,0,0.734274132477225,0.24511766556104558,success
1335,2000,8,1,6.0,4.600000000000002,0.1,0.5800000000000001,5.0,5,276,27,197,0,0.7333598957765401,0.2443826121753298,success
1337,2000,8,1,6.0,4.600000000000002,0.1,0.6000000000000001,5.0,5,278,24,198,0,0.7337687542263696,0.24448296348962226,success
1338,2000,8,1,6.0,4.600000000000002,0.1,0.6100000000000001,5.0,5,285,23,192,0,0.7240421776593403,0.24428276567657828,success
1339,2000,8,1,6.0,4.600000000000002,0.1,0.6200000000000001,5.0,5,281,20,199,0,0.7328148801362608,0.2441237930858277,success
1340,2000,8,1,6.0,4.600000000000002,0.1,0.6300000000000001,5.0,5,290,24,186,0,0.7145709150470522,0.24308405708909964,success
1341,2000,8,1,6.0,4.600000000000002,0.1,0.6400000000000001,5.0,5,286,20,194,0,0.726342504322009,0.2434393318851612,success
1342,2000,8,1,6.0,4.600000000000002,0.1,0.6500000000000001,5.0,5,290,19,191,0,0.7219882466033705,0.24338514579440976,success
1343,2000,8,1,6.0,4.600000000000002,0.1,0.6600000000000001,5.0,5,290,20,190,0,0.7199785399053598,0.24286836378611443,success
1344,2000,8,1,6.0,4.600000000000002,0.1,0.6700000000000002,5.0,5,292,21,187,0,0.7165837430020076,0.2433859875470447,success
1345,2000,8,1,6.0,4.600000000000002,0.1,0.6800000000000002,5.0,5,290,21,189,0,0.7195010691568278,0.2438589236051298,success
1346,2000,8,1,6.0,4.600000000000002,0.1,0.6900000000000002,5.0,5,296,21,183,0,0.7103810624278004,0.24289990372230955,success
1347,2000,8,1,6.0,4.600000000000002,0.1,0.7000000000000002,5.0,5,308,20,172,0,0.6934558275684374,0.24150158843245317,success
1348,2000,8,1,6.0,4.600000000000002,0.1,0.7100000000000002,5.0,5,306,21,173,0,0.6941639364150741,0.24077504590298676,success
1350,2000,8,1,6.0,4.600000000000002,0.1,0.7300000000000002,5.0,5,306,21,173,0,0.6926499621055683,0.23994747990756415,success
1349,2000,8,1,6.0,4.600000000000002,0.1,0.7200000000000002,5.0,5,301,18,181,0,0.7045991624477991,0.24133652695493932,success
1351,2000,8,1,6.0,4.600000000000002,0.1,0.7400000000000002,5.0,5,317,17,166,0,0.6786631294581722,0.23582627183585625,success
1352,2000,8,1,6.0,4.600000000000002,0.1,0.7500000000000002,5.0,5,310,16,174,0,0.6917169124328317,0.2382988126318203,success
1353,2000,8,1,6.0,4.600000000000002,0.1,0.7600000000000002,5.0,5,310,18,172,0,0.689987396377375,0.23939877376329563,success
1355,2000,8,1,6.0,4.600000000000002,0.1,0.7800000000000002,5.0,5,312,14,174,0,0.6911039702084483,0.23803354563008847,success
1354,2000,8,1,6.0,4.600000000000002,0.1,0.7700000000000002,5.0,5,312,19,169,0,0.6852105224892618,0.23852045764813332,success
1358,2000,8,1,6.0,4.600000000000002,0.1,0.8100000000000003,5.0,5,324,15,161,0,0.6681289078967938,0.23354089027825212,success
1356,2000,8,1,6.0,4.600000000000002,0.1,0.7900000000000003,5.0,5,314,15,171,0,0.6864480798691502,0.237526192133676,success
1357,2000,8,1,6.0,4.600000000000002,0.1,0.8000000000000003,5.0,5,320,13,167,0,0.6781579222501591,0.23529494344106372,success
1359,2000,8,1,6.0,4.600000000000002,0.1,0.8200000000000003,5.0,5,319,16,165,0,0.6746091222462413,0.2348218528165514,success
1360,2000,8,1,6.0,4.600000000000002,0.1,0.8300000000000003,5.0,5,313,15,172,0,0.6870777736901112,0.2377016051476325,success
1361,2000,8,1,6.0,4.600000000000002,0.1,0.8400000000000003,5.0,5,319,13,168,0,0.6799986412551589,0.23613481198344563,success
1362,2000,8,1,6.0,4.600000000000002,0.1,0.8500000000000003,5.0,5,328,15,157,0,0.6596762676742117,0.2314079517669222,success
1364,2000,8,1,6.0,4.600000000000002,0.1,0.8700000000000003,5.0,5,331,12,157,0,0.6581613708437289,0.22998855482539748,success
1363,2000,8,1,6.0,4.600000000000002,0.1,0.8600000000000003,5.0,5,328,15,157,0,0.6599505867585388,0.2317245519304611,success
1365,2000,8,1,6.0,4.600000000000002,0.1,0.8800000000000003,5.0,5,324,14,162,0,0.6691793331279839,0.23449609329076676,success
1366,2000,8,1,6.0,4.600000000000002,0.1,0.8900000000000003,5.0,5,328,17,155,0,0.6568152174000061,0.23232507966031382,success
1368,2000,8,1,6.0,4.600000000000002,0.1,0.9100000000000004,5.0,5,330,15,155,0,0.6557147168190509,0.23130072426531134,success
1367,2000,8,1,6.0,4.600000000000002,0.1,0.9000000000000004,5.0,5,330,14,156,0,0.656252773330606,0.23031611659104023,success
1369,2000,8,1,6.0,4.600000000000002,0.1,0.9200000000000004,5.0,5,332,12,156,0,0.654754870055874,0.2290846668392935,success
1370,2000,8,1,6.0,4.600000000000002,0.1,0.9300000000000004,5.0,5,331,12,157,0,0.6562545360036627,0.22968470961885265,success
1371,2000,8,1,6.0,4.600000000000002,0.1,0.9400000000000004,5.0,5,331,11,158,0,0.6584819536613147,0.2307049881565404,success
1372,2000,8,1,6.0,4.600000000000002,0.1,0.9500000000000004,5.0,5,326,10,164,0,0.6691881270993425,0.23293708946900663,success
1373,2000,8,1,6.0,4.600000000000002,0.1,0.9600000000000004,5.0,5,323,15,162,0,0.6678091499089871,0.23480008486854098,success
1374,2000,8,1,6.0,4.600000000000002,0.1,0.9700000000000004,5.0,5,332,15,153,0,0.6483188504561505,0.22773524741425816,success
1375,2000,8,1,6.0,4.600000000000002,0.1,0.9800000000000004,5.0,5,323,11,166,0,0.6721540873019228,0.23392044794254246,success
1376,2000,8,1,6.0,4.600000000000002,0.1,0.9900000000000004,5.0,5,332,12,156,0,0.6525456296731077,0.2282815599998705,success
1377,2000,8,1,6.0,4.600000000000002,0.1,1.0000000000000004,5.0,5,336,9,155,0,0.6495533458541146,0.22615396370438048,success
1378,2000,8,1,6.0,4.700000000000003,0.1,0.5,5.0,5,238,33,229,0,0.7711317952007237,0.24242418898900775,success
1379,2000,8,1,6.0,4.700000000000003,0.1,0.51,5.0,5,245,34,221,0,0.764528018780531,0.24422928670913427,success
1381,2000,8,1,6.0,4.700000000000003,0.1,0.53,5.0,5,254,32,214,0,0.7568254971115732,0.24490451655380396,success
1380,2000,8,1,6.0,4.700000000000003,0.1,0.52,5.0,5,244,34,222,0,0.7650856949634586,0.24407792044490068,success
1382,2000,8,1,6.0,4.700000000000003,0.1,0.54,5.0,5,246,31,223,0,0.7654627374485494,0.24320930168124785,success
1383,2000,8,1,6.0,4.700000000000003,0.1,0.55,5.0,5,263,30,207,0,0.7484840210755332,0.24448459945928486,success
1385,2000,8,1,6.0,4.700000000000003,0.1,0.5700000000000001,5.0,5,255,30,215,0,0.7578269129372627,0.24415226094183937,success
1384,2000,8,1,6.0,4.700000000000003,0.1,0.56,5.0,5,259,31,210,0,0.7532295457001418,0.24519107595748624,success
1386,2000,8,1,6.0,4.700000000000003,0.1,0.5800000000000001,5.0,5,264,29,207,0,0.7479550706972005,0.24454019151756307,success
1390,2000,8,1,6.0,4.700000000000003,0.1,0.6200000000000001,5.0,5,267,24,209,0,0.7452296165141468,0.24310978756962542,success
1389,2000,8,1,6.0,4.700000000000003,0.1,0.6100000000000001,5.0,5,250,25,225,0,0.7627651883547691,0.24208121496195584,success
1387,2000,8,1,6.0,4.700000000000003,0.1,0.5900000000000001,5.0,5,262,27,211,0,0.7524462050619217,0.24465794423643306,success
1388,2000,8,1,6.0,4.700000000000003,0.1,0.6000000000000001,5.0,5,267,26,207,0,0.7473785015642791,0.2442540995450363,success
1391,2000,8,1,6.0,4.700000000000003,0.1,0.6300000000000001,5.0,5,267,23,210,0,0.7451828364977341,0.2426165078983596,success
1392,2000,8,1,6.0,4.700000000000003,0.1,0.6400000000000001,5.0,5,271,24,205,0,0.7401998889357273,0.2437707204445397,success
1393,2000,8,1,6.0,4.700000000000003,0.1,0.6500000000000001,5.0,5,266,24,210,0,0.7466682080653706,0.24389269204975103,success
1394,2000,8,1,6.0,4.700000000000003,0.1,0.6600000000000001,5.0,5,276,22,202,0,0.736144438190567,0.2431646330487025,success
1396,2000,8,1,6.0,4.700000000000003,0.1,0.6800000000000002,5.0,5,283,27,190,0,0.7264521423154123,0.2460950356145319,success
1395,2000,8,1,6.0,4.700000000000003,0.1,0.6700000000000002,5.0,5,276,23,201,0,0.7383813916258949,0.24446675453432407,success
1397,2000,8,1,6.0,4.700000000000003,0.1,0.6900000000000002,5.0,5,282,24,194,0,0.7308706062867336,0.24570272728894044,success
1398,2000,8,1,6.0,4.700000000000003,0.1,0.7000000000000002,5.0,5,281,25,194,0,0.7311302136925191,0.24624040069954417,success
1401,2000,8,1,6.0,4.700000000000003,0.1,0.7300000000000002,5.0,5,298,21,181,0,0.7100057938615107,0.24341967616111596,success
1399,2000,8,1,6.0,4.700000000000003,0.1,0.7100000000000002,5.0,5,284,23,193,0,0.7264184028203594,0.24397702923902526,success
1400,2000,8,1,6.0,4.700000000000003,0.1,0.7200000000000002,5.0,5,292,20,188,0,0.7193712959575369,0.24352579785771533,success
1402,2000,8,1,6.0,4.700000000000003,0.1,0.7400000000000002,5.0,5,283,23,194,0,0.7288173130459524,0.24467347795587166,success
1403,2000,8,1,6.0,4.700000000000003,0.1,0.7500000000000002,5.0,5,302,21,177,0,0.7037736002711326,0.2429988502718059,success
1404,2000,8,1,6.0,4.700000000000003,0.1,0.7600000000000002,5.0,5,293,19,188,0,0.7173662320489297,0.242445233929029,success
1405,2000,8,1,6.0,4.700000000000003,0.1,0.7700000000000002,5.0,5,300,14,186,0,0.7137551717749614,0.24154153124381955,success
1406,2000,8,1,6.0,4.700000000000003,0.1,0.7800000000000002,5.0,5,293,19,188,0,0.7171290445743796,0.24243740264238914,success
1407,2000,8,1,6.0,4.700000000000003,0.1,0.7900000000000003,5.0,5,297,17,186,0,0.7133182574389354,0.2416465930768183,success
1408,2000,8,1,6.0,4.700000000000003,0.1,0.8000000000000003,5.0,5,300,17,183,0,0.7081565491433051,0.2410249867767635,success
1409,2000,8,1,6.0,4.700000000000003,0.1,0.8100000000000003,5.0,5,306,22,172,0,0.6929666027794679,0.2406237603231105,success
1410,2000,8,1,6.0,4.700000000000003,0.1,0.8200000000000003,5.0,5,305,16,179,0,0.7020484352063355,0.24070558162391056,success
1411,2000,8,1,6.0,4.700000000000003,0.1,0.8300000000000003,5.0,5,306,14,180,0,0.7035053015394455,0.24074211700237855,success
1412,2000,8,1,6.0,4.700000000000003,0.1,0.8400000000000003,5.0,5,314,17,169,0,0.686462329100104,0.23903089094760765,success
1414,2000,8,1,6.0,4.700000000000003,0.1,0.8600000000000003,5.0,5,306,18,176,0,0.6988351955682502,0.24136933445877942,success
1413,2000,8,1,6.0,4.700000000000003,0.1,0.8500000000000003,5.0,5,305,18,177,0,0.701198229426732,0.2423507760956888,success
1415,2000,8,1,6.0,4.700000000000003,0.1,0.8700000000000003,5.0,5,305,18,177,0,0.7001988658711858,0.24172191692516665,success
1416,2000,8,1,6.0,4.700000000000003,0.1,0.8800000000000003,5.0,5,310,17,173,0,0.6944587807135585,0.2415819532801169,success
1419,2000,8,1,6.0,4.700000000000003,0.1,0.9100000000000004,5.0,5,310,11,179,0,0.6971452659590591,0.23735506493867384,success
1418,2000,8,1,6.0,4.700000000000003,0.1,0.9000000000000004,5.0,5,308,14,178,0,0.6983464379387299,0.2396254772618574,success
1417,2000,8,1,6.0,4.700000000000003,0.1,0.8900000000000003,5.0,5,321,20,159,0,0.6698125915954499,0.23720689938871337,success
1420,2000,8,1,6.0,4.700000000000003,0.1,0.9200000000000004,5.0,5,313,16,171,0,0.6872704442211286,0.23858068087899076,success
1421,2000,8,1,6.0,4.700000000000003,0.1,0.9300000000000004,5.0,5,316,15,169,0,0.6833789899043915,0.23755429319740207,success
1422,2000,8,1,6.0,4.700000000000003,0.1,0.9400000000000004,5.0,5,312,14,174,0,0.6915582212965369,0.2394828175244731,success
1423,2000,8,1,6.0,4.700000000000003,0.1,0.9500000000000004,5.0,5,315,15,170,0,0.6839774087489403,0.23712387497878648,success
1425,2000,8,1,6.0,4.700000000000003,0.1,0.9700000000000004,5.0,5,319,15,166,0,0.6756407511216126,0.23466737773518417,success
1424,2000,8,1,6.0,4.700000000000003,0.1,0.9600000000000004,5.0,5,321,13,166,0,0.6752463114789796,0.23404260623276557,success
1426,2000,8,1,6.0,4.700000000000003,0.1,0.9800000000000004,5.0,5,326,14,160,0,0.6647405431549205,0.2321898771495893,success
1427,2000,8,1,6.0,4.700000000000003,0.1,0.9900000000000004,5.0,5,320,13,167,0,0.6785495445573081,0.23629247813119555,success
1428,2000,8,1,6.0,4.700000000000003,0.1,1.0000000000000004,5.0,5,325,14,161,0,0.6673154409238009,0.23359287733470932,success
1429,2000,8,1,6.0,4.8000000000000025,0.1,0.5,5.0,5,242,38,220,0,0.7652430208014057,0.2450207376674219,success
1431,2000,8,1,6.0,4.8000000000000025,0.1,0.52,5.0,5,245,35,220,0,0.7637264367859373,0.2442529205910139,success
1430,2000,8,1,6.0,4.8000000000000025,0.1,0.51,5.0,5,232,37,231,0,0.7745621688255532,0.24270325001941753,success
1432,2000,8,1,6.0,4.8000000000000025,0.1,0.53,5.0,5,231,36,233,0,0.7753785000650574,0.24215886403069195,success
1433,2000,8,1,6.0,4.8000000000000025,0.1,0.54,5.0,5,242,37,221,0,0.7658478037906011,0.24467060230549031,success
1434,2000,8,1,6.0,4.8000000000000025,0.1,0.55,5.0,5,239,37,224,0,0.767816025636494,0.24400342133932068,success
1435,2000,8,1,6.0,4.8000000000000025,0.1,0.56,5.0,5,246,37,217,0,0.7617282411913721,0.24510908613837246,success
1436,2000,8,1,6.0,4.8000000000000025,0.1,0.5700000000000001,5.0,5,251,36,213,0,0.7592543759181831,0.24684572000583974,success
1437,2000,8,1,6.0,4.8000000000000025,0.1,0.5800000000000001,5.0,5,244,31,225,0,0.7681306998687171,0.24353228021363826,success
1438,2000,8,1,6.0,4.8000000000000025,0.1,0.5900000000000001,5.0,5,247,32,221,0,0.7642093717444742,0.24405115656883855,success
1439,2000,8,1,6.0,4.8000000000000025,0.1,0.6000000000000001,5.0,5,245,36,219,0,0.7628999292414008,0.24526541516545772,success
1440,2000,8,1,6.0,4.8000000000000025,0.1,0.6100000000000001,5.0,5,250,34,216,0,0.7612194972152992,0.24551014351623102,success
1441,2000,8,1,6.0,4.8000000000000025,0.1,0.6200000000000001,5.0,5,261,30,209,0,0.7515351273050154,0.2446601267178191,success
1442,2000,8,1,6.0,4.8000000000000025,0.1,0.6300000000000001,5.0,5,248,27,225,0,0.7675918300135123,0.24277170627850997,success
1443,2000,8,1,6.0,4.8000000000000025,0.1,0.6400000000000001,5.0,5,254,27,219,0,0.759058262017419,0.2428077223355039,success
1444,2000,8,1,6.0,4.8000000000000025,0.1,0.6500000000000001,5.0,5,251,26,223,0,0.7630896858885008,0.2427512061067064,success
1445,2000,8,1,6.0,4.8000000000000025,0.1,0.6600000000000001,5.0,5,262,21,217,0,0.7567849740377293,0.24218223512078957,success
1446,2000,8,1,6.0,4.8000000000000025,0.1,0.6700000000000002,5.0,5,263,27,210,0,0.7523497129626883,0.24512437072359555,success
1448,2000,8,1,6.0,4.8000000000000025,0.1,0.6900000000000002,5.0,5,264,25,211,0,0.7511111225832657,0.24426958557991577,success
1447,2000,8,1,6.0,4.8000000000000025,0.1,0.6800000000000002,5.0,5,248,27,225,0,0.7640566263094086,0.2426477248869085,success
1449,2000,8,1,6.0,4.8000000000000025,0.1,0.7000000000000002,5.0,5,264,26,210,0,0.7500297795248945,0.24415520868680118,success
1450,2000,8,1,6.0,4.8000000000000025,0.1,0.7100000000000002,5.0,5,262,26,212,0,0.7519218706225294,0.24353382428709155,success
1454,2000,8,1,6.0,4.8000000000000025,0.1,0.7500000000000002,5.0,5,278,26,196,0,0.7325951887506159,0.24574365675766066,success
1452,2000,8,1,6.0,4.8000000000000025,0.1,0.7300000000000002,5.0,5,270,25,205,0,0.7448577301094012,0.24504518629209032,success
1453,2000,8,1,6.0,4.8000000000000025,0.1,0.7400000000000002,5.0,5,273,26,201,0,0.7397921602175063,0.24518776459088407,success
1451,2000,8,1,6.0,4.8000000000000025,0.1,0.7200000000000002,5.0,5,272,26,202,0,0.7416155046526574,0.24527452712030887,success
1455,2000,8,1,6.0,4.8000000000000025,0.1,0.7600000000000002,5.0,5,271,26,203,0,0.7396483221586923,0.24452879897692928,success
1456,2000,8,1,6.0,4.8000000000000025,0.1,0.7700000000000002,5.0,5,278,24,198,0,0.7329902466625113,0.24413982371317117,success
1457,2000,8,1,6.0,4.8000000000000025,0.1,0.7800000000000002,5.0,5,290,25,185,0,0.7199750452795763,0.24629028836832623,success
1458,2000,8,1,6.0,4.8000000000000025,0.1,0.7900000000000003,5.0,5,281,21,198,0,0.7339215935320506,0.24447724155204592,success
1459,2000,8,1,6.0,4.8000000000000025,0.1,0.8000000000000003,5.0,5,268,22,210,0,0.7476740839206519,0.24404735215761916,success
1460,2000,8,1,6.0,4.8000000000000025,0.1,0.8100000000000003,5.0,5,284,21,195,0,0.7299567196032465,0.24455172146702694,success
1461,2000,8,1,6.0,4.8000000000000025,0.1,0.8200000000000003,5.0,5,269,21,210,0,0.7455871866086511,0.24266730587949678,success
1463,2000,8,1,6.0,4.8000000000000025,0.1,0.8400000000000003,5.0,5,283,20,197,0,0.7308720300277768,0.24314682183126382,success
1462,2000,8,1,6.0,4.8000000000000025,0.1,0.8300000000000003,5.0,5,286,21,193,0,0.7270876874944311,0.24397468028651645,success
1464,2000,8,1,6.0,4.8000000000000025,0.1,0.8500000000000003,5.0,5,286,20,194,0,0.7280160539268246,0.24409249078688405,success
1465,2000,8,1,6.0,4.8000000000000025,0.1,0.8600000000000003,5.0,5,300,24,176,0,0.7035400493335641,0.2438432515720139,success
1466,2000,8,1,6.0,4.8000000000000025,0.1,0.8700000000000003,5.0,5,286,20,194,0,0.7280639054087061,0.24459648195250971,success
1467,2000,8,1,6.0,4.8000000000000025,0.1,0.8800000000000003,5.0,5,304,16,180,0,0.7068463561324866,0.2422389638029368,success
1468,2000,8,1,6.0,4.8000000000000025,0.1,0.8900000000000003,5.0,5,296,17,187,0,0.715805645746079,0.24247984319605723,success
1469,2000,8,1,6.0,4.8000000000000025,0.1,0.9000000000000004,5.0,5,291,19,190,0,0.7207399359056651,0.24386951447742283,success
1470,2000,8,1,6.0,4.8000000000000025,0.1,0.9100000000000004,5.0,5,297,18,185,0,0.7136174660872152,0.24316074165694235,success
1471,2000,8,1,6.0,4.8000000000000025,0.1,0.9200000000000004,5.0,5,289,18,193,0,0.7244452875667191,0.2433999460768625,success
1472,2000,8,1,6.0,4.8000000000000025,0.1,0.9300000000000004,5.0,5,292,15,193,0,0.7233424945257589,0.2425014691175721,success
1473,2000,8,1,6.0,4.8000000000000025,0.1,0.9400000000000004,5.0,5,299,16,185,0,0.7119948626461015,0.2418473444915811,success
1474,2000,8,1,6.0,4.8000000000000025,0.1,0.9500000000000004,5.0,5,300,15,185,0,0.7123521194029142,0.24231999260070616,success
1475,2000,8,1,6.0,4.8000000000000025,0.1,0.9600000000000004,5.0,5,293,16,191,0,0.7196963298642931,0.2422350009771921,success
1476,2000,8,1,6.0,4.8000000000000025,0.1,0.9700000000000004,5.0,5,293,18,189,0,0.7166521838119414,0.24187245738264462,success
1477,2000,8,1,6.0,4.8000000000000025,0.1,0.9800000000000004,5.0,5,297,13,190,0,0.7171376584844127,0.2416610070335423,success
1478,2000,8,1,6.0,4.8000000000000025,0.1,0.9900000000000004,5.0,5,311,19,170,0,0.6890639252459853,0.24009258409351275,success
1479,2000,8,1,6.0,4.8000000000000025,0.1,1.0000000000000004,5.0,5,304,18,178,0,0.7011819841562609,0.2414178520597664,success
1480,2000,8,1,6.0,4.900000000000002,0.1,0.5,5.0,5,201,40,259,0,0.7982179293398318,0.23705320602635951,success
1481,2000,8,1,6.0,4.900000000000002,0.1,0.51,5.0,5,222,35,243,0,0.7843133503418804,0.2399821905433706,success
1482,2000,8,1,6.0,4.900000000000002,0.1,0.52,5.0,5,220,36,244,0,0.7866288683753038,0.23962380844894715,success
1484,2000,8,1,6.0,4.900000000000002,0.1,0.54,5.0,5,225,36,239,0,0.781946594856633,0.24086839001091695,success
1485,2000,8,1,6.0,4.900000000000002,0.1,0.55,5.0,5,227,36,237,0,0.7820163626184689,0.24143730382514153,success
1483,2000,8,1,6.0,4.900000000000002,0.1,0.53,5.0,5,217,34,249,0,0.7880213668508402,0.23812650163651503,success
1486,2000,8,1,6.0,4.900000000000002,0.1,0.56,5.0,5,231,39,230,0,0.7766359544944432,0.24337572296781326,success
1487,2000,8,1,6.0,4.900000000000002,0.1,0.5700000000000001,5.0,5,233,33,234,0,0.7765857389124097,0.24066320286503975,success
1488,2000,8,1,6.0,4.900000000000002,0.1,0.5800000000000001,5.0,5,231,34,235,0,0.7777217400286384,0.24066516871029991,success
1490,2000,8,1,6.0,4.900000000000002,0.1,0.6000000000000001,5.0,5,237,37,226,0,0.7722200660714316,0.2438962736679305,success
1489,2000,8,1,6.0,4.900000000000002,0.1,0.5900000000000001,5.0,5,236,35,229,0,0.7737784663093638,0.2427707984472075,success
1491,2000,8,1,6.0,4.900000000000002,0.1,0.6100000000000001,5.0,5,238,37,225,0,0.7706991061959024,0.24382584149571512,success
1492,2000,8,1,6.0,4.900000000000002,0.1,0.6200000000000001,5.0,5,233,34,233,0,0.7757711966818762,0.241449229474994,success
1493,2000,8,1,6.0,4.900000000000002,0.1,0.6300000000000001,5.0,5,222,31,247,0,0.786066271911254,0.23853707788138545,success
1495,2000,8,1,6.0,4.900000000000002,0.1,0.6500000000000001,5.0,5,236,33,231,0,0.774816697342629,0.24236466872914644,success
1494,2000,8,1,6.0,4.900000000000002,0.1,0.6400000000000001,5.0,5,227,34,239,0,0.780632960803183,0.2404789231117392,success
1496,2000,8,1,6.0,4.900000000000002,0.1,0.6600000000000001,5.0,5,256,33,211,0,0.7561937450702808,0.24558160658658423,success
1497,2000,8,1,6.0,4.900000000000002,0.1,0.6700000000000002,5.0,5,236,29,235,0,0.7760451797067346,0.24084219243225172,success
1498,2000,8,1,6.0,4.900000000000002,0.1,0.6800000000000002,5.0,5,247,31,222,0,0.7671375106459669,0.24441195346733152,success
1499,2000,8,1,6.0,4.900000000000002,0.1,0.6900000000000002,5.0,5,246,29,225,0,0.7680968561198969,0.24282723815724386,success
1500,2000,8,1,6.0,4.900000000000002,0.1,0.7000000000000002,5.0,5,252,31,217,0,0.7620547120495794,0.24487160814017903,success
1501,2000,8,1,6.0,4.900000000000002,0.1,0.7100000000000002,5.0,5,252,30,218,0,0.7622577822784679,0.2445270423924515,success
1502,2000,8,1,6.0,4.900000000000002,0.1,0.7200000000000002,5.0,5,252,35,213,0,0.7591550171407911,0.2466936837338812,success
1503,2000,8,1,6.0,4.900000000000002,0.1,0.7300000000000002,5.0,5,241,30,229,0,0.7724008989095285,0.24283595999697283,success
1504,2000,8,1,6.0,4.900000000000002,0.1,0.7400000000000002,5.0,5,254,30,216,0,0.7599790056463867,0.2447883199907115,success
1505,2000,8,1,6.0,4.900000000000002,0.1,0.7500000000000002,5.0,5,248,28,224,0,0.7662640938594516,0.24285647893104825,success
1507,2000,8,1,6.0,4.900000000000002,0.1,0.7700000000000002,5.0,5,258,27,215,0,0.758144720729377,0.24443702299102918,success
1506,2000,8,1,6.0,4.900000000000002,0.1,0.7600000000000002,5.0,5,260,25,215,0,0.7556864071510355,0.24367020734016115,success
1508,2000,8,1,6.0,4.900000000000002,0.1,0.7800000000000002,5.0,5,260,26,214,0,0.7569821161111577,0.24470536906093646,success
1509,2000,8,1,6.0,4.900000000000002,0.1,0.7900000000000003,5.0,5,267,24,209,0,0.7499213670614364,0.24409041298232886,success
1510,2000,8,1,6.0,4.900000000000002,0.1,0.8000000000000003,5.0,5,256,26,218,0,0.7603157247660207,0.2441346091374413,success
1511,2000,8,1,6.0,4.900000000000002,0.1,0.8100000000000003,5.0,5,269,25,206,0,0.7477086763545041,0.24538378354957374,success
1512,2000,8,1,6.0,4.900000000000002,0.1,0.8200000000000003,5.0,5,274,27,199,0,0.7400467462826058,0.24651068566898646,success
1513,2000,8,1,6.0,4.900000000000002,0.1,0.8300000000000003,5.0,5,269,24,207,0,0.7474414151978861,0.24479748184737102,success
1514,2000,8,1,6.0,4.900000000000002,0.1,0.8400000000000003,5.0,5,278,23,199,0,0.7370373632875808,0.24523848684937843,success
1515,2000,8,1,6.0,4.900000000000002,0.1,0.8500000000000003,5.0,5,274,25,201,0,0.7394559453091362,0.24572108377671617,success
1517,2000,8,1,6.0,4.900000000000002,0.1,0.8700000000000003,5.0,5,280,25,195,0,0.731200429149365,0.24490212172356196,success
1516,2000,8,1,6.0,4.900000000000002,0.1,0.8600000000000003,5.0,5,271,20,209,0,0.7451813330211894,0.24257063439700277,success
1518,2000,8,1,6.0,4.900000000000002,0.1,0.8800000000000003,5.0,5,280,23,197,0,0.7329423154438657,0.24464238644167885,success
1519,2000,8,1,6.0,4.900000000000002,0.1,0.8900000000000003,5.0,5,273,27,200,0,0.7384073008001107,0.24598333837721015,success
1520,2000,8,1,6.0,4.900000000000002,0.1,0.9000000000000004,5.0,5,276,23,201,0,0.7367499563518224,0.24406905327087167,success
1521,2000,8,1,6.0,4.900000000000002,0.1,0.9100000000000004,5.0,5,285,21,194,0,0.7286229013816785,0.24455970681705091,success
1522,2000,8,1,6.0,4.900000000000002,0.1,0.9200000000000004,5.0,5,283,24,193,0,0.7280201719576268,0.2452801961488205,success
1523,2000,8,1,6.0,4.900000000000002,0.1,0.9300000000000004,5.0,5,283,24,193,0,0.7281331719893049,0.24547298264653156,success
1524,2000,8,1,6.0,4.900000000000002,0.1,0.9400000000000004,5.0,5,290,24,186,0,0.7202649311763857,0.24531434994270115,success
1525,2000,8,1,6.0,4.900000000000002,0.1,0.9500000000000004,5.0,5,287,22,191,0,0.72534373264139,0.24422894431506134,success
1527,2000,8,1,6.0,4.900000000000002,0.1,0.9700000000000004,5.0,5,287,20,193,0,0.7251536481186084,0.2437522507150375,success
1526,2000,8,1,6.0,4.900000000000002,0.1,0.9600000000000004,5.0,5,285,19,196,0,0.7312010927445103,0.24425430022663502,success
1528,2000,8,1,6.0,4.900000000000002,0.1,0.9800000000000004,5.0,5,290,21,189,0,0.719861282313464,0.24364678340432425,success
1529,2000,8,1,6.0,4.900000000000002,0.1,0.9900000000000004,5.0,5,286,18,196,0,0.7288909452494924,0.2430925611203003,success
1530,2000,8,1,6.0,4.900000000000002,0.1,1.0000000000000004,5.0,5,297,18,185,0,0.7142043910777839,0.24272599152882487,success
1531,2000,8,1,6.0,5.000000000000003,0.1,0.5,5.0,6,214,35,251,0,0.8040142759191937,0.2312847190018697,success
1533,2000,8,1,6.0,5.000000000000003,0.1,0.52,5.0,6,212,34,254,0,0.8040183066328521,0.22978596256114175,success
1532,2000,8,1,6.0,5.000000000000003,0.1,0.51,5.0,6,215,35,250,0,0.8027987896494184,0.23127829013041218,success
1534,2000,8,1,6.0,5.000000000000003,0.1,0.53,5.0,6,208,35,257,0,0.8073787424735877,0.22982828063304944,success
1535,2000,8,1,6.0,5.000000000000003,0.1,0.54,5.0,6,205,36,259,0,0.8089342189754503,0.22970219808088352,success
1536,2000,8,1,6.0,5.000000000000003,0.1,0.55,5.0,6,217,35,248,0,0.801449714404792,0.23213170633170077,success
1538,2000,8,1,6.0,5.000000000000003,0.1,0.5700000000000001,5.0,6,221,37,242,0,0.7987848916126844,0.23444269781425156,success
1537,2000,8,1,6.0,5.000000000000003,0.1,0.56,5.0,6,224,37,239,0,0.7962556354702288,0.23476099404461992,success
1539,2000,8,1,6.0,5.000000000000003,0.1,0.5800000000000001,5.0,6,220,33,247,0,0.8007285844828649,0.23255882461540278,success
1540,2000,8,1,6.0,5.000000000000003,0.1,0.5900000000000001,5.0,6,230,33,237,0,0.7938743991078813,0.2350159583139699,success
1541,2000,8,1,6.0,5.000000000000003,0.1,0.6000000000000001,5.0,6,214,34,252,0,0.8037837659169144,0.2316700830425108,success
1542,2000,8,1,6.0,5.000000000000003,0.1,0.6100000000000001,5.0,6,220,34,246,0,0.8000592616238361,0.233342680649659,success
1543,2000,8,1,6.0,5.000000000000003,0.1,0.6200000000000001,5.0,6,221,34,245,0,0.7990249787978165,0.23351563846729137,success
1544,2000,8,1,6.0,5.000000000000003,0.1,0.6300000000000001,5.0,6,223,34,243,0,0.7974573114587548,0.23401696846429,success
1545,2000,8,1,6.0,5.000000000000003,0.1,0.6400000000000001,5.0,6,239,34,227,0,0.7849019084005066,0.23699397801552474,success
1546,2000,8,1,6.0,5.000000000000003,0.1,0.6500000000000001,5.0,6,243,30,227,0,0.7831314926554271,0.23595082193539235,success
1547,2000,8,1,6.0,5.000000000000003,0.1,0.6600000000000001,5.0,6,239,30,231,0,0.786323462778957,0.2354185740749158,success
1548,2000,8,1,6.0,5.000000000000003,0.1,0.6700000000000002,5.0,6,234,30,236,0,0.7892993128727602,0.2342501462457696,success
1549,2000,8,1,6.0,5.000000000000003,0.1,0.6800000000000002,5.0,6,236,30,234,0,0.7879162972196306,0.23489389346598274,success
1550,2000,8,1,6.0,5.000000000000003,0.1,0.6900000000000002,5.0,6,248,31,221,0,0.7775478757082827,0.2374555225483663,success
1551,2000,8,1,6.0,5.000000000000003,0.1,0.7000000000000002,5.0,6,238,32,230,0,0.7862231134244065,0.23621364813643783,success
1552,2000,8,1,6.0,5.000000000000003,0.1,0.7100000000000002,5.0,6,242,30,228,0,0.7841882985555926,0.2367286298774238,success
1555,2000,8,1,6.0,5.000000000000003,0.1,0.7400000000000002,5.0,6,235,30,235,0,0.7895395458443161,0.2354255477430692,success
1554,2000,8,1,6.0,5.000000000000003,0.1,0.7300000000000002,5.0,6,238,30,232,0,0.7863027127359672,0.23529054955843448,success
1553,2000,8,1,6.0,5.000000000000003,0.1,0.7200000000000002,5.0,6,235,28,237,0,0.7906437576772538,0.2346185059924472,success
1556,2000,8,1,6.0,5.000000000000003,0.1,0.7500000000000002,5.0,6,236,30,234,0,0.7886772915453847,0.23565906167318015,success
1557,2000,8,1,6.0,5.000000000000003,0.1,0.7600000000000002,5.0,6,247,30,223,0,0.7794736057454162,0.2377867806652577,success
1558,2000,8,1,6.0,5.000000000000003,0.1,0.7700000000000002,5.0,6,252,31,217,0,0.7739348375696729,0.23868638070386708,success
1559,2000,8,1,6.0,5.000000000000003,0.1,0.7800000000000002,5.0,6,254,32,214,0,0.7725061692539109,0.23999558055794948,success
1560,2000,8,1,6.0,5.000000000000003,0.1,0.7900000000000003,5.0,6,255,31,214,0,0.7714179922375162,0.23958535360216635,success
1561,2000,8,1,6.0,5.000000000000003,0.1,0.8000000000000003,5.0,6,249,30,221,0,0.7771642091568433,0.237789210215443,success
1562,2000,8,1,6.0,5.000000000000003,0.1,0.8100000000000003,5.0,6,254,31,215,0,0.7723324449457908,0.2395600177525464,success
1563,2000,8,1,6.0,5.000000000000003,0.1,0.8200000000000003,5.0,6,256,30,214,0,0.7705516473949603,0.239309454018849,success
1565,2000,8,1,6.0,5.000000000000003,0.1,0.8400000000000003,5.0,6,255,27,218,0,0.7735308518831775,0.23803807864074378,success
1564,2000,8,1,6.0,5.000000000000003,0.1,0.8300000000000003,5.0,6,251,28,221,0,0.7755163145454281,0.23730090010453275,success
1567,2000,8,1,6.0,5.000000000000003,0.1,0.8600000000000003,5.0,6,247,27,226,0,0.7795671354211843,0.2366882439026638,success
1566,2000,8,1,6.0,5.000000000000003,0.1,0.8500000000000003,5.0,6,253,28,219,0,0.7754577211553773,0.2386018579790782,success
1568,2000,8,1,6.0,5.000000000000003,0.1,0.8700000000000003,5.0,6,257,28,215,0,0.769520702361921,0.2384203269978825,success
1569,2000,8,1,6.0,5.000000000000003,0.1,0.8800000000000003,5.0,6,257,27,216,0,0.7703808259553119,0.23851287272196398,success
1571,2000,8,1,6.0,5.000000000000003,0.1,0.9000000000000004,5.0,6,261,27,212,0,0.7662407621980865,0.2389612888955207,success
1570,2000,8,1,6.0,5.000000000000003,0.1,0.8900000000000003,5.0,6,266,24,210,0,0.7633849712938112,0.23863713497415018,success
1572,2000,8,1,6.0,5.000000000000003,0.1,0.9100000000000004,5.0,6,262,25,213,0,0.7661723191922695,0.23812708837307248,success
1573,2000,8,1,6.0,5.000000000000003,0.1,0.9200000000000004,5.0,6,264,25,211,0,0.7655714758059311,0.2391885656708076,success
1574,2000,8,1,6.0,5.000000000000003,0.1,0.9300000000000004,5.0,6,274,25,201,0,0.7539178241087494,0.2397430163896407,success
1575,2000,8,1,6.0,5.000000000000003,0.1,0.9400000000000004,5.0,6,276,26,198,0,0.7510484616884903,0.24040818976929182,success
1576,2000,8,1,6.0,5.000000000000003,0.1,0.9500000000000004,5.0,6,278,26,196,0,0.7490742267854287,0.24065676674274752,success
1577,2000,8,1,6.0,5.000000000000003,0.1,0.9600000000000004,5.0,6,272,26,202,0,0.7558306006666918,0.24011843767014285,success
1578,2000,8,1,6.0,5.000000000000003,0.1,0.9700000000000004,5.0,6,277,27,196,0,0.7498708829485536,0.2413127350899052,success
1581,2000,8,1,6.0,5.000000000000003,0.1,1.0000000000000004,5.0,6,282,30,188,0,0.7428328492881715,0.24394962779005483,success
1580,2000,8,1,6.0,5.000000000000003,0.1,0.9900000000000004,5.0,6,276,30,194,0,0.7497305357094861,0.24308913484383185,success
1579,2000,8,1,6.0,5.000000000000003,0.1,0.9800000000000004,5.0,6,280,26,194,0,0.7468420586125324,0.24109739684425283,success
