combination_id,n,k,p,q,thrshld,p1,p2,beta,seeds,case_A_count,case_B_count,case_C_count,case_Invalid_count,delta_star_mean,delta_star_std,status
20,2000,8,3,2.0,2.0,0.1,0.6900000000000002,5.0,2,307,16,177,0,0.6404159897161122,0.1727452453365401,success
22,2000,8,3,2.0,2.0,0.1,0.7100000000000002,5.0,2,319,13,168,0,0.645220530203128,0.17276084762436916,success
31,2000,8,3,2.0,2.0,0.1,0.8000000000000003,5.0,2,372,5,123,0,0.6572887930136799,0.1778853614648861,success
21,2000,8,3,2.0,2.0,0.1,0.7000000000000002,5.0,2,309,13,178,0,0.6545679765020808,0.17542656810430265,success
13,2000,8,3,2.0,2.0,0.1,0.6200000000000001,5.0,2,259,25,216,0,0.6354730247862191,0.1826165966593446,success
11,2000,8,3,2.0,2.0,0.1,0.6000000000000001,5.0,2,245,29,226,0,0.6242451801249015,0.17777716013227804,success
8,2000,8,3,2.0,2.0,0.1,0.5700000000000001,5.0,2,233,37,230,0,0.6210423218692268,0.16869633175053936,success
10,2000,8,3,2.0,2.0,0.1,0.5900000000000001,5.0,2,234,31,235,0,0.6375887093645562,0.1778075714726755,success
12,2000,8,3,2.0,2.0,0.1,0.6100000000000001,5.0,2,254,28,218,0,0.6315141355400542,0.1781088800708304,success
18,2000,8,3,2.0,2.0,0.1,0.6700000000000002,5.0,2,295,17,188,0,0.6444394798918178,0.1738811858573532,success
9,2000,8,3,2.0,2.0,0.1,0.5800000000000001,5.0,2,235,34,231,0,0.6294514229083166,0.17640468542991306,success
19,2000,8,3,2.0,2.0,0.1,0.6800000000000002,5.0,2,305,15,180,0,0.6323699289393088,0.17030766635256728,success
17,2000,8,3,2.0,2.0,0.1,0.6600000000000001,5.0,2,295,20,185,0,0.634614736028771,0.16638520703091358,success
16,2000,8,3,2.0,2.0,0.1,0.6500000000000001,5.0,2,291,23,186,0,0.6350641715442802,0.16524722600732772,success
14,2000,8,3,2.0,2.0,0.1,0.6300000000000001,5.0,2,266,24,210,0,0.6353766926041342,0.17224218948112144,success
15,2000,8,3,2.0,2.0,0.1,0.6400000000000001,5.0,2,275,23,202,0,0.6405754577009595,0.17242824858138175,success
32,2000,8,3,2.0,2.0,0.1,0.8100000000000003,5.0,2,373,5,122,0,0.6610622722306083,0.17076303901915998,success
30,2000,8,3,2.0,2.0,0.1,0.7900000000000003,5.0,2,366,7,127,0,0.6576627037325941,0.18233921563140915,success
28,2000,8,3,2.0,2.0,0.1,0.7700000000000002,5.0,2,361,8,131,0,0.6457568210526036,0.17819529700017536,success
29,2000,8,3,2.0,2.0,0.1,0.7800000000000002,5.0,2,361,7,132,0,0.6543930781464288,0.18264927282085253,success
27,2000,8,3,2.0,2.0,0.1,0.7600000000000002,5.0,2,358,8,134,0,0.6469827175318106,0.18656286359789323,success
5,2000,8,3,2.0,2.0,0.1,0.54,5.0,2,199,40,261,0,0.6338189229892167,0.18205143560602718,success
6,2000,8,3,2.0,2.0,0.1,0.55,5.0,2,215,41,244,0,0.6249613678854911,0.17741212288991967,success
7,2000,8,3,2.0,2.0,0.1,0.56,5.0,2,219,39,242,0,0.628414309791602,0.1739499143122408,success
4,2000,8,3,2.0,2.0,0.1,0.53,5.0,2,195,45,260,0,0.6328540072879331,0.18232522657459305,success
24,2000,8,3,2.0,2.0,0.1,0.7300000000000002,5.0,2,326,10,164,0,0.6588672261167817,0.17069443244007504,success
3,2000,8,3,2.0,2.0,0.1,0.52,5.0,2,197,46,257,0,0.6181308532915049,0.16981199276037992,success
25,2000,8,3,2.0,2.0,0.1,0.7400000000000002,5.0,2,338,8,154,0,0.6609308905987269,0.1796163874910446,success
1,2000,8,3,2.0,2.0,0.1,0.5,5.0,2,185,57,258,0,0.6205578304064496,0.17135228917670892,success
23,2000,8,3,2.0,2.0,0.1,0.7200000000000002,5.0,2,322,11,167,0,0.6524006029763145,0.17349916393241085,success
26,2000,8,3,2.0,2.0,0.1,0.7500000000000002,5.0,2,348,8,144,0,0.6543727374138069,0.18169760297838586,success
2,2000,8,3,2.0,2.0,0.1,0.51,5.0,2,198,51,251,0,0.6186070249898913,0.1703175154615816,success
33,2000,8,3,2.0,2.0,0.1,0.8200000000000003,5.0,2,378,5,117,0,0.6642690383133382,0.1639825416954151,success
35,2000,8,3,2.0,2.0,0.1,0.8400000000000003,5.0,2,388,4,108,0,0.6728973620151665,0.16526224243803905,success
39,2000,8,3,2.0,2.0,0.1,0.8800000000000003,5.0,2,407,3,90,0,0.6701396730701058,0.16444943556512304,success
34,2000,8,3,2.0,2.0,0.1,0.8300000000000003,5.0,2,387,5,108,0,0.662161735415104,0.16376602407255267,success
36,2000,8,3,2.0,2.0,0.1,0.8500000000000003,5.0,2,390,4,106,0,0.6808791743983476,0.17149279261953457,success
46,2000,8,3,2.0,2.0,0.1,0.9500000000000004,5.0,2,429,3,68,0,0.6739097714702503,0.1716060640106392,success
37,2000,8,3,2.0,2.0,0.1,0.8600000000000003,5.0,2,399,4,97,0,0.6777092265492534,0.1704113957859501,success
41,2000,8,3,2.0,2.0,0.1,0.9000000000000004,5.0,2,418,3,79,0,0.6684549238603578,0.17380459451679947,success
43,2000,8,3,2.0,2.0,0.1,0.9200000000000004,5.0,2,422,3,75,0,0.6838962744802984,0.18094153189660717,success
42,2000,8,3,2.0,2.0,0.1,0.9100000000000004,5.0,2,422,3,75,0,0.6609099692164674,0.17090730050694464,success
38,2000,8,3,2.0,2.0,0.1,0.8700000000000003,5.0,2,401,4,95,0,0.6878689392434133,0.16985402948994327,success
45,2000,8,3,2.0,2.0,0.1,0.9400000000000004,5.0,2,428,3,69,0,0.6754984374987794,0.17034983389618769,success
40,2000,8,3,2.0,2.0,0.1,0.8900000000000003,5.0,2,412,3,85,0,0.6697835647675235,0.17126369063524058,success
44,2000,8,3,2.0,2.0,0.1,0.9300000000000004,5.0,2,424,3,73,0,0.6826936806935981,0.17537859677664058,success
47,2000,8,3,2.0,2.0,0.1,0.9600000000000004,5.0,2,431,3,66,0,0.6738598112272773,0.17862853052130245,success
48,2000,8,3,2.0,2.0,0.1,0.9700000000000004,5.0,2,428,3,69,0,0.6965900836847582,0.18162661584938514,success
49,2000,8,3,2.0,2.0,0.1,0.9800000000000004,5.0,2,437,3,60,0,0.6860143001302114,0.16606915172006367,success
51,2000,8,3,2.0,2.0,0.1,1.0000000000000004,5.0,2,440,3,57,0,0.6801533162877582,0.16798261335194106,success
50,2000,8,3,2.0,2.0,0.1,0.9900000000000004,5.0,2,439,3,58,0,0.674825393202767,0.16157107720681654,success
60,2000,8,3,2.0,2.1,0.1,0.5800000000000001,5.0,3,159,56,285,0,0.6137650576054334,0.18155185382689876,success
52,2000,8,3,2.0,2.1,0.1,0.5,5.0,3,117,83,300,0,0.597943548447462,0.18119602038501872,success
58,2000,8,3,2.0,2.1,0.1,0.56,5.0,3,157,60,283,0,0.6037453744645899,0.18297258156582133,success
59,2000,8,3,2.0,2.1,0.1,0.5700000000000001,5.0,3,155,59,286,0,0.6149247789790789,0.18531262882388377,success
55,2000,8,3,2.0,2.1,0.1,0.53,5.0,3,134,76,290,0,0.6039674688107958,0.18152026027384452,success
54,2000,8,3,2.0,2.1,0.1,0.52,5.0,3,129,80,291,0,0.6010470939200132,0.18251527385627037,success
53,2000,8,3,2.0,2.1,0.1,0.51,5.0,3,117,81,302,0,0.6070658572907265,0.18254350371138447,success
57,2000,8,3,2.0,2.1,0.1,0.55,5.0,3,143,62,295,0,0.6143522675809342,0.1866505776125528,success
61,2000,8,3,2.0,2.1,0.1,0.5900000000000001,5.0,3,164,53,283,0,0.6204640070975515,0.18679566913022888,success
62,2000,8,3,2.0,2.1,0.1,0.6000000000000001,5.0,3,180,48,272,0,0.6157134638859748,0.1888221924206211,success
64,2000,8,3,2.0,2.1,0.1,0.6200000000000001,5.0,3,190,43,267,0,0.6180419591237158,0.1914678544980325,success
63,2000,8,3,2.0,2.1,0.1,0.6100000000000001,5.0,3,191,41,268,0,0.6083243458742666,0.18754151909400488,success
56,2000,8,3,2.0,2.1,0.1,0.54,5.0,3,139,69,292,0,0.6112626485161713,0.18270868921878125,success
65,2000,8,3,2.0,2.1,0.1,0.6300000000000001,5.0,3,198,39,263,0,0.6172670694882081,0.19187760383304406,success
66,2000,8,3,2.0,2.1,0.1,0.6400000000000001,5.0,3,210,35,255,0,0.6107120218678148,0.18870055152235346,success
73,2000,8,3,2.0,2.1,0.1,0.7100000000000002,5.0,3,257,25,218,0,0.6118754149068268,0.1763060604619107,success
70,2000,8,3,2.0,2.1,0.1,0.6800000000000002,5.0,3,232,29,239,0,0.6138579286679557,0.18370878800315243,success
68,2000,8,3,2.0,2.1,0.1,0.6600000000000001,5.0,3,227,32,241,0,0.602976601414812,0.17987094825243416,success
67,2000,8,3,2.0,2.1,0.1,0.6500000000000001,5.0,3,207,34,259,0,0.6161180498644317,0.18995102939679473,success
71,2000,8,3,2.0,2.1,0.1,0.6900000000000002,5.0,3,250,28,222,0,0.6023811610172485,0.17792385919086776,success
69,2000,8,3,2.0,2.1,0.1,0.6700000000000002,5.0,3,233,32,235,0,0.6080633563641024,0.1797668951798904,success
72,2000,8,3,2.0,2.1,0.1,0.7000000000000002,5.0,3,251,28,221,0,0.607526710129994,0.17443839099489233,success
74,2000,8,3,2.0,2.1,0.1,0.7200000000000002,5.0,3,267,24,209,0,0.6114838964502444,0.17979997664741693,success
75,2000,8,3,2.0,2.1,0.1,0.7300000000000002,5.0,3,272,22,206,0,0.6080876026993239,0.1743573389716294,success
76,2000,8,3,2.0,2.1,0.1,0.7400000000000002,5.0,3,263,22,215,0,0.6237582699938572,0.18199875213851308,success
77,2000,8,3,2.0,2.1,0.1,0.7500000000000002,5.0,3,265,21,214,0,0.6309325102650113,0.17987312017293425,success
78,2000,8,3,2.0,2.1,0.1,0.7600000000000002,5.0,3,283,19,198,0,0.6238633888210514,0.16654785428944838,success
79,2000,8,3,2.0,2.1,0.1,0.7700000000000002,5.0,3,287,18,195,0,0.6263501107310602,0.16103572008884381,success
80,2000,8,3,2.0,2.1,0.1,0.7800000000000002,5.0,3,286,18,196,0,0.6332252116300594,0.16895142985070322,success
82,2000,8,3,2.0,2.1,0.1,0.8000000000000003,5.0,3,299,14,187,0,0.6330296146970473,0.17203046896071775,success
81,2000,8,3,2.0,2.1,0.1,0.7900000000000003,5.0,3,292,15,193,0,0.6341262458856508,0.16848447758735377,success
83,2000,8,3,2.0,2.1,0.1,0.8100000000000003,5.0,3,299,14,187,0,0.6434563986509425,0.18082730208812992,success
87,2000,8,3,2.0,2.1,0.1,0.8500000000000003,5.0,3,331,13,156,0,0.656279613270857,0.17228303665327743,success
84,2000,8,3,2.0,2.1,0.1,0.8200000000000003,5.0,3,311,13,176,0,0.6380065818327395,0.17286604728497448,success
89,2000,8,3,2.0,2.1,0.1,0.8700000000000003,5.0,3,338,10,152,0,0.6501761858397341,0.17341179909619386,success
96,2000,8,3,2.0,2.1,0.1,0.9400000000000004,5.0,3,374,4,122,0,0.6291290536457257,0.15742121520819777,success
85,2000,8,3,2.0,2.1,0.1,0.8300000000000003,5.0,3,308,13,179,0,0.6544684924551722,0.17442498320665029,success
90,2000,8,3,2.0,2.1,0.1,0.8800000000000003,5.0,3,342,8,150,0,0.6462575932217535,0.17261139162132597,success
95,2000,8,3,2.0,2.1,0.1,0.9300000000000004,5.0,3,368,6,126,0,0.6411889504145092,0.15849638068491223,success
88,2000,8,3,2.0,2.1,0.1,0.8600000000000003,5.0,3,339,11,150,0,0.6428281943476094,0.17016124331637286,success
86,2000,8,3,2.0,2.1,0.1,0.8400000000000003,5.0,3,322,13,165,0,0.647246479232117,0.17003734334434742,success
91,2000,8,3,2.0,2.1,0.1,0.8900000000000003,5.0,3,346,8,146,0,0.6498387326940422,0.1720195711523067,success
94,2000,8,3,2.0,2.1,0.1,0.9200000000000004,5.0,3,361,7,132,0,0.6586324971390763,0.16580395615150134,success
93,2000,8,3,2.0,2.1,0.1,0.9100000000000004,5.0,3,365,8,127,0,0.6442983792871626,0.15984177601399688,success
92,2000,8,3,2.0,2.1,0.1,0.9000000000000004,5.0,3,356,8,136,0,0.6589878485611855,0.17252356000179667,success
97,2000,8,3,2.0,2.1,0.1,0.9500000000000004,5.0,3,375,4,121,0,0.6348815252102151,0.16358092984984265,success
98,2000,8,3,2.0,2.1,0.1,0.9600000000000004,5.0,3,377,4,119,0,0.6392029353342887,0.16891333320184673,success
99,2000,8,3,2.0,2.1,0.1,0.9700000000000004,5.0,3,381,3,116,0,0.6285770965625863,0.16756409175337464,success
102,2000,8,3,2.0,2.1,0.1,1.0000000000000004,5.0,3,390,1,109,0,0.6184549268979884,0.1578625506823118,success
100,2000,8,3,2.0,2.1,0.1,0.9800000000000004,5.0,3,384,3,113,0,0.6257646146133787,0.16669980405835058,success
101,2000,8,3,2.0,2.1,0.1,0.9900000000000004,5.0,3,391,1,108,0,0.6165584120590801,0.16837154617397168,success
109,2000,8,3,2.0,2.2,0.1,0.56,5.0,3,129,73,298,0,0.6141397781352955,0.1807860571837545,success
104,2000,8,3,2.0,2.2,0.1,0.51,5.0,3,97,93,310,0,0.60737816420839,0.18325071108714805,success
107,2000,8,3,2.0,2.2,0.1,0.54,5.0,3,119,82,299,0,0.6145930456825168,0.18180866783085112,success
108,2000,8,3,2.0,2.2,0.1,0.55,5.0,3,123,77,300,0,0.6155380829148683,0.1780440505910416,success
106,2000,8,3,2.0,2.2,0.1,0.53,5.0,3,115,87,298,0,0.6065945168637885,0.1816144123734835,success
110,2000,8,3,2.0,2.2,0.1,0.5700000000000001,5.0,3,136,71,293,0,0.6191473720850613,0.18269708705875215,success
103,2000,8,3,2.0,2.2,0.1,0.5,5.0,3,90,96,314,0,0.6094998773316777,0.1875161906976155,success
112,2000,8,3,2.0,2.2,0.1,0.5900000000000001,5.0,3,142,65,293,0,0.628100943340474,0.18263757893048052,success
105,2000,8,3,2.0,2.2,0.1,0.52,5.0,3,109,91,300,0,0.6023883408166597,0.18293474450360545,success
111,2000,8,3,2.0,2.2,0.1,0.5800000000000001,5.0,3,141,67,292,0,0.6159334934004965,0.1784836577440786,success
115,2000,8,3,2.0,2.2,0.1,0.6200000000000001,5.0,3,172,53,275,0,0.619413520195805,0.18376968517373168,success
117,2000,8,3,2.0,2.2,0.1,0.6400000000000001,5.0,3,184,46,270,0,0.6220603344650363,0.18993036041551264,success
113,2000,8,3,2.0,2.2,0.1,0.6000000000000001,5.0,3,154,60,286,0,0.6199979031142036,0.18236088705800366,success
114,2000,8,3,2.0,2.2,0.1,0.6100000000000001,5.0,3,166,55,279,0,0.6196951313084856,0.18564402920624115,success
119,2000,8,3,2.0,2.2,0.1,0.6600000000000001,5.0,3,202,42,256,0,0.611812277078323,0.18026186825905444,success
123,2000,8,3,2.0,2.2,0.1,0.7000000000000002,5.0,3,231,35,234,0,0.611970601557644,0.1725487427274987,success
118,2000,8,3,2.0,2.2,0.1,0.6500000000000001,5.0,3,197,44,259,0,0.6080274427069542,0.1817751879831213,success
116,2000,8,3,2.0,2.2,0.1,0.6300000000000001,5.0,3,180,51,269,0,0.6163431884750007,0.18381864173370563,success
122,2000,8,3,2.0,2.2,0.1,0.6900000000000002,5.0,3,218,35,247,0,0.6191918348321996,0.18093490416119254,success
120,2000,8,3,2.0,2.2,0.1,0.6700000000000002,5.0,3,209,41,250,0,0.6134715200251636,0.1758209330378794,success
121,2000,8,3,2.0,2.2,0.1,0.6800000000000002,5.0,3,213,38,249,0,0.6194309604402743,0.18151408318708184,success
126,2000,8,3,2.0,2.2,0.1,0.7300000000000002,5.0,3,240,29,231,0,0.6207401954288269,0.17043900631300724,success
125,2000,8,3,2.0,2.2,0.1,0.7200000000000002,5.0,3,241,32,227,0,0.6170074909199398,0.16725172109378944,success
128,2000,8,3,2.0,2.2,0.1,0.7500000000000002,5.0,3,254,30,216,0,0.6268566363755367,0.16341730310623304,success
124,2000,8,3,2.0,2.2,0.1,0.7100000000000002,5.0,3,233,33,234,0,0.6184772012468217,0.16769064197041605,success
127,2000,8,3,2.0,2.2,0.1,0.7400000000000002,5.0,3,248,28,224,0,0.6216313116705016,0.1680042098077158,success
129,2000,8,3,2.0,2.2,0.1,0.7600000000000002,5.0,3,265,27,208,0,0.6322146941276272,0.16116031568054595,success
130,2000,8,3,2.0,2.2,0.1,0.7700000000000002,5.0,3,272,26,202,0,0.6290020870427128,0.16092871050345542,success
132,2000,8,3,2.0,2.2,0.1,0.7900000000000003,5.0,3,284,21,195,0,0.6264897539985134,0.16591381839089267,success
131,2000,8,3,2.0,2.2,0.1,0.7800000000000002,5.0,3,275,25,200,0,0.6309066663866965,0.16573428240205224,success
133,2000,8,3,2.0,2.2,0.1,0.8000000000000003,5.0,3,281,18,201,0,0.6266624579772188,0.16706544056951245,success
134,2000,8,3,2.0,2.2,0.1,0.8100000000000003,5.0,3,288,18,194,0,0.6281095811186128,0.17111999829688515,success
136,2000,8,3,2.0,2.2,0.1,0.8300000000000003,5.0,3,295,16,189,0,0.6414947097422996,0.17275315667251398,success
135,2000,8,3,2.0,2.2,0.1,0.8200000000000003,5.0,3,290,17,193,0,0.6322694037541654,0.1688971176539937,success
137,2000,8,3,2.0,2.2,0.1,0.8400000000000003,5.0,3,303,17,180,0,0.6380393717192818,0.1657083205731193,success
138,2000,8,3,2.0,2.2,0.1,0.8500000000000003,5.0,3,311,17,172,0,0.6430062718959454,0.16614554460420147,success
139,2000,8,3,2.0,2.2,0.1,0.8600000000000003,5.0,3,320,17,163,0,0.6327602326007526,0.16303214864046195,success
141,2000,8,3,2.0,2.2,0.1,0.8800000000000003,5.0,3,323,13,164,0,0.6373406142832518,0.16689492571385547,success
143,2000,8,3,2.0,2.2,0.1,0.9000000000000004,5.0,3,336,11,153,0,0.6471516415947198,0.1649380580261884,success
140,2000,8,3,2.0,2.2,0.1,0.8700000000000003,5.0,3,318,15,167,0,0.6380264527179497,0.17007377296677942,success
142,2000,8,3,2.0,2.2,0.1,0.8900000000000003,5.0,3,326,12,162,0,0.6407770931297517,0.16492265975339032,success
144,2000,8,3,2.0,2.2,0.1,0.9100000000000004,5.0,3,337,11,152,0,0.6509823762222688,0.16804680952336246,success
146,2000,8,3,2.0,2.2,0.1,0.9300000000000004,5.0,3,357,10,133,0,0.6317302082649315,0.15684677176117265,success
145,2000,8,3,2.0,2.2,0.1,0.9200000000000004,5.0,3,350,10,140,0,0.63853406203784,0.1622881103352909,success
150,2000,8,3,2.0,2.2,0.1,0.9700000000000004,5.0,3,363,6,131,0,0.6418806355148606,0.17472918274194052,success
147,2000,8,3,2.0,2.2,0.1,0.9400000000000004,5.0,3,353,9,138,0,0.6465258527741143,0.16354776434495163,success
148,2000,8,3,2.0,2.2,0.1,0.9500000000000004,5.0,3,354,8,138,0,0.6433078387269574,0.16700034996421065,success
149,2000,8,3,2.0,2.2,0.1,0.9600000000000004,5.0,3,352,8,140,0,0.6562463490904122,0.17587318461327725,success
152,2000,8,3,2.0,2.2,0.1,0.9900000000000004,5.0,3,364,4,132,0,0.6466015120216005,0.1755968302442896,success
151,2000,8,3,2.0,2.2,0.1,0.9800000000000004,5.0,3,358,5,137,0,0.6469043584771657,0.17578685863697135,success
153,2000,8,3,2.0,2.2,0.1,1.0000000000000004,5.0,3,366,4,130,0,0.6537641999327446,0.17371376289436818,success
155,2000,8,3,2.0,2.3000000000000003,0.1,0.51,5.0,3,79,112,309,0,0.608957651591435,0.17269835686249937,success
156,2000,8,3,2.0,2.3000000000000003,0.1,0.52,5.0,3,85,111,304,0,0.6077778099138634,0.1728588600519865,success
154,2000,8,3,2.0,2.3000000000000003,0.1,0.5,5.0,3,76,114,310,0,0.6058952346816463,0.17311363374462582,success
157,2000,8,3,2.0,2.3000000000000003,0.1,0.53,5.0,3,85,106,309,0,0.614251692053632,0.17325350427346115,success
158,2000,8,3,2.0,2.3000000000000003,0.1,0.54,5.0,3,86,99,315,0,0.6266663668550734,0.1737269250917251,success
159,2000,8,3,2.0,2.3000000000000003,0.1,0.55,5.0,3,94,94,312,0,0.6273642449026456,0.1711960201475988,success
160,2000,8,3,2.0,2.3000000000000003,0.1,0.56,5.0,3,104,87,309,0,0.6217322495911229,0.1769083053025477,success
161,2000,8,3,2.0,2.3000000000000003,0.1,0.5700000000000001,5.0,3,107,86,307,0,0.627836724925256,0.18221443441443985,success
162,2000,8,3,2.0,2.3000000000000003,0.1,0.5800000000000001,5.0,3,108,82,310,0,0.6321011960064545,0.18534083774183016,success
164,2000,8,3,2.0,2.3000000000000003,0.1,0.6000000000000001,5.0,3,122,74,304,0,0.6325928575894746,0.18241217729128043,success
163,2000,8,3,2.0,2.3000000000000003,0.1,0.5900000000000001,5.0,3,108,82,310,0,0.6444143967186108,0.18415430901383859,success
167,2000,8,3,2.0,2.3000000000000003,0.1,0.6300000000000001,5.0,3,158,66,276,0,0.6193170874369406,0.1785940766983284,success
171,2000,8,3,2.0,2.3000000000000003,0.1,0.6700000000000002,5.0,3,182,55,263,0,0.6311402755959324,0.17914067821630217,success
168,2000,8,3,2.0,2.3000000000000003,0.1,0.6400000000000001,5.0,3,166,63,271,0,0.6246623425814067,0.1823511566802386,success
166,2000,8,3,2.0,2.3000000000000003,0.1,0.6200000000000001,5.0,3,143,71,286,0,0.6266155995034011,0.18109927521241984,success
169,2000,8,3,2.0,2.3000000000000003,0.1,0.6500000000000001,5.0,3,168,60,272,0,0.6254401452048053,0.18287148307465628,success
170,2000,8,3,2.0,2.3000000000000003,0.1,0.6600000000000001,5.0,3,179,58,263,0,0.6266138061670871,0.18089190658501902,success
165,2000,8,3,2.0,2.3000000000000003,0.1,0.6100000000000001,5.0,3,134,70,296,0,0.6261888667754905,0.1830362318288996,success
172,2000,8,3,2.0,2.3000000000000003,0.1,0.6800000000000002,5.0,3,194,49,257,0,0.6233839101877632,0.17880549877398352,success
174,2000,8,3,2.0,2.3000000000000003,0.1,0.7000000000000002,5.0,3,209,45,246,0,0.6208721555365396,0.17897998734506895,success
175,2000,8,3,2.0,2.3000000000000003,0.1,0.7100000000000002,5.0,3,211,44,245,0,0.6267441519646596,0.17435218764637517,success
173,2000,8,3,2.0,2.3000000000000003,0.1,0.6900000000000002,5.0,3,196,48,256,0,0.6258931798020242,0.17929435064122667,success
176,2000,8,3,2.0,2.3000000000000003,0.1,0.7200000000000002,5.0,3,218,41,241,0,0.6227016563827186,0.17331099388259444,success
177,2000,8,3,2.0,2.3000000000000003,0.1,0.7300000000000002,5.0,3,227,39,234,0,0.6202513177470645,0.1769365720767695,success
178,2000,8,3,2.0,2.3000000000000003,0.1,0.7400000000000002,5.0,3,232,36,232,0,0.6256870070957996,0.17762898325398774,success
181,2000,8,3,2.0,2.3000000000000003,0.1,0.7700000000000002,5.0,3,256,31,213,0,0.6165550291560697,0.17191436939974156,success
183,2000,8,3,2.0,2.3000000000000003,0.1,0.7900000000000003,5.0,3,264,27,209,0,0.6143123199729794,0.17542767114171265,success
179,2000,8,3,2.0,2.3000000000000003,0.1,0.7500000000000002,5.0,3,238,35,227,0,0.6281814488650099,0.17695221455902924,success
180,2000,8,3,2.0,2.3000000000000003,0.1,0.7600000000000002,5.0,3,247,33,220,0,0.6258514706700151,0.1746140256912304,success
184,2000,8,3,2.0,2.3000000000000003,0.1,0.8000000000000003,5.0,3,266,25,209,0,0.6163572706115932,0.17837915790074477,success
182,2000,8,3,2.0,2.3000000000000003,0.1,0.7800000000000002,5.0,3,262,31,207,0,0.6129794412970369,0.17362416049803178,success
185,2000,8,3,2.0,2.3000000000000003,0.1,0.8100000000000003,5.0,3,271,24,205,0,0.6119520359690018,0.17846612220506766,success
187,2000,8,3,2.0,2.3000000000000003,0.1,0.8300000000000003,5.0,3,279,23,198,0,0.623404292697374,0.18523505400523604,success
186,2000,8,3,2.0,2.3000000000000003,0.1,0.8200000000000003,5.0,3,279,23,198,0,0.6127932799576197,0.181107967255292,success
189,2000,8,3,2.0,2.3000000000000003,0.1,0.8500000000000003,5.0,3,298,23,179,0,0.6267990239241389,0.1775535155265445,success
188,2000,8,3,2.0,2.3000000000000003,0.1,0.8400000000000003,5.0,3,287,23,190,0,0.6220527295712234,0.18083008322177518,success
190,2000,8,3,2.0,2.3000000000000003,0.1,0.8600000000000003,5.0,3,301,22,177,0,0.6258814330035483,0.17805128625881883,success
191,2000,8,3,2.0,2.3000000000000003,0.1,0.8700000000000003,5.0,3,304,21,175,0,0.6323216313613034,0.1782093840554258,success
192,2000,8,3,2.0,2.3000000000000003,0.1,0.8800000000000003,5.0,3,305,19,176,0,0.6353860750105388,0.18075333263995144,success
193,2000,8,3,2.0,2.3000000000000003,0.1,0.8900000000000003,5.0,3,316,19,165,0,0.6333044323905779,0.1812710058514576,success
194,2000,8,3,2.0,2.3000000000000003,0.1,0.9000000000000004,5.0,3,317,17,166,0,0.6461243539026691,0.18592816163680118,success
195,2000,8,3,2.0,2.3000000000000003,0.1,0.9100000000000004,5.0,3,323,17,160,0,0.6376281502733645,0.1660236483514346,success
197,2000,8,3,2.0,2.3000000000000003,0.1,0.9300000000000004,5.0,3,327,14,159,0,0.6453661004317814,0.17649798777647224,success
196,2000,8,3,2.0,2.3000000000000003,0.1,0.9200000000000004,5.0,3,324,15,161,0,0.6430697099741992,0.17548221532546504,success
200,2000,8,3,2.0,2.3000000000000003,0.1,0.9600000000000004,5.0,3,340,12,148,0,0.6317814108438154,0.16568578130430614,success
198,2000,8,3,2.0,2.3000000000000003,0.1,0.9400000000000004,5.0,3,332,12,156,0,0.6417728904529597,0.1761159071655746,success
199,2000,8,3,2.0,2.3000000000000003,0.1,0.9500000000000004,5.0,3,336,12,152,0,0.6306556708746335,0.16765640134530962,success
202,2000,8,3,2.0,2.3000000000000003,0.1,0.9800000000000004,5.0,3,349,8,143,0,0.6209254032143308,0.1744271422626967,success
204,2000,8,3,2.0,2.3000000000000003,0.1,1.0000000000000004,5.0,3,359,6,135,0,0.624707251709243,0.17421726596858536,success
201,2000,8,3,2.0,2.3000000000000003,0.1,0.9700000000000004,5.0,3,348,10,142,0,0.6258623179591397,0.16999456609042293,success
203,2000,8,3,2.0,2.3000000000000003,0.1,0.9900000000000004,5.0,3,355,6,139,0,0.6190792030094169,0.17180732401686444,success
208,2000,8,3,2.0,2.4000000000000004,0.1,0.53,5.0,3,72,121,307,0,0.5981893666221871,0.16896759587608823,success
205,2000,8,3,2.0,2.4000000000000004,0.1,0.5,5.0,3,56,130,314,0,0.5969731541678586,0.17733875162742888,success
206,2000,8,3,2.0,2.4000000000000004,0.1,0.51,5.0,3,61,125,314,0,0.5971993899147199,0.17540188344854205,success
207,2000,8,3,2.0,2.4000000000000004,0.1,0.52,5.0,3,62,124,314,0,0.6031587627895952,0.1752840974180095,success
209,2000,8,3,2.0,2.4000000000000004,0.1,0.54,5.0,3,78,112,310,0,0.5989143760986638,0.1683147758271997,success
215,2000,8,3,2.0,2.4000000000000004,0.1,0.6000000000000001,5.0,3,106,93,301,0,0.6172128395667111,0.1759055604145517,success
210,2000,8,3,2.0,2.4000000000000004,0.1,0.55,5.0,3,82,107,311,0,0.6052758638449526,0.16889563525666992,success
211,2000,8,3,2.0,2.4000000000000004,0.1,0.56,5.0,3,84,105,311,0,0.6106539975464247,0.17425840090058306,success
213,2000,8,3,2.0,2.4000000000000004,0.1,0.5800000000000001,5.0,3,96,99,305,0,0.6120345359776755,0.1772234042799892,success
212,2000,8,3,2.0,2.4000000000000004,0.1,0.5700000000000001,5.0,3,95,102,303,0,0.6085839794675184,0.17489362487389482,success
214,2000,8,3,2.0,2.4000000000000004,0.1,0.5900000000000001,5.0,3,100,96,304,0,0.618330797408233,0.17636826032837605,success
216,2000,8,3,2.0,2.4000000000000004,0.1,0.6100000000000001,5.0,3,115,86,299,0,0.612429303190054,0.17754144498874103,success
217,2000,8,3,2.0,2.4000000000000004,0.1,0.6200000000000001,5.0,3,125,85,290,0,0.611029827351229,0.17513315914150804,success
223,2000,8,3,2.0,2.4000000000000004,0.1,0.6800000000000002,5.0,3,168,67,265,0,0.6194450787214419,0.17828282557545364,success
220,2000,8,3,2.0,2.4000000000000004,0.1,0.6500000000000001,5.0,3,142,77,281,0,0.6144640532945016,0.17690635708185498,success
218,2000,8,3,2.0,2.4000000000000004,0.1,0.6300000000000001,5.0,3,130,82,288,0,0.6163314642542403,0.18159958298644302,success
219,2000,8,3,2.0,2.4000000000000004,0.1,0.6400000000000001,5.0,3,143,79,278,0,0.608519302799644,0.17520048858618717,success
222,2000,8,3,2.0,2.4000000000000004,0.1,0.6700000000000002,5.0,3,162,69,269,0,0.617872152211053,0.1799633573582796,success
221,2000,8,3,2.0,2.4000000000000004,0.1,0.6600000000000001,5.0,3,152,74,274,0,0.6184138157185558,0.17415919953718126,success
224,2000,8,3,2.0,2.4000000000000004,0.1,0.6900000000000002,5.0,3,172,61,267,0,0.6179590018024494,0.18055413761849365,success
225,2000,8,3,2.0,2.4000000000000004,0.1,0.7000000000000002,5.0,3,182,59,259,0,0.6211280482424204,0.1871931232873053,success
226,2000,8,3,2.0,2.4000000000000004,0.1,0.7100000000000002,5.0,3,182,54,264,0,0.6192814584604024,0.18175142733889915,success
227,2000,8,3,2.0,2.4000000000000004,0.1,0.7200000000000002,5.0,3,190,52,258,0,0.617671563614981,0.18057503304098085,success
230,2000,8,3,2.0,2.4000000000000004,0.1,0.7500000000000002,5.0,3,220,46,234,0,0.6114033847778765,0.17321887710396353,success
228,2000,8,3,2.0,2.4000000000000004,0.1,0.7300000000000002,5.0,3,196,49,255,0,0.6156664371401767,0.18317086496361815,success
229,2000,8,3,2.0,2.4000000000000004,0.1,0.7400000000000002,5.0,3,208,47,245,0,0.6187353537246747,0.17999236889014278,success
231,2000,8,3,2.0,2.4000000000000004,0.1,0.7600000000000002,5.0,3,221,46,233,0,0.6223408236023962,0.17432878551713,success
234,2000,8,3,2.0,2.4000000000000004,0.1,0.7900000000000003,5.0,3,226,38,236,0,0.6309320132343796,0.17702865974655183,success
232,2000,8,3,2.0,2.4000000000000004,0.1,0.7700000000000002,5.0,3,218,44,238,0,0.6307151171166477,0.17889338950598735,success
233,2000,8,3,2.0,2.4000000000000004,0.1,0.7800000000000002,5.0,3,213,43,244,0,0.6404058490686043,0.18668724062807418,success
235,2000,8,3,2.0,2.4000000000000004,0.1,0.8000000000000003,5.0,3,231,37,232,0,0.6355034817758313,0.17859891643892511,success
236,2000,8,3,2.0,2.4000000000000004,0.1,0.8100000000000003,5.0,3,235,36,229,0,0.6328748012941334,0.17809742217803243,success
237,2000,8,3,2.0,2.4000000000000004,0.1,0.8200000000000003,5.0,3,245,36,219,0,0.6279116677917261,0.1792656457506774,success
238,2000,8,3,2.0,2.4000000000000004,0.1,0.8300000000000003,5.0,3,257,35,208,0,0.6211796737281359,0.1787590771155376,success
239,2000,8,3,2.0,2.4000000000000004,0.1,0.8400000000000003,5.0,3,268,34,198,0,0.6200291240029294,0.17720287699808368,success
240,2000,8,3,2.0,2.4000000000000004,0.1,0.8500000000000003,5.0,3,272,31,197,0,0.6339676003302056,0.17211194025969778,success
241,2000,8,3,2.0,2.4000000000000004,0.1,0.8600000000000003,5.0,3,279,29,192,0,0.6343468761505148,0.17134875725789248,success
242,2000,8,3,2.0,2.4000000000000004,0.1,0.8700000000000003,5.0,3,286,28,186,0,0.6328685657926749,0.17599736416503062,success
243,2000,8,3,2.0,2.4000000000000004,0.1,0.8800000000000003,5.0,3,291,27,182,0,0.6322249150194448,0.17507021939626569,success
244,2000,8,3,2.0,2.4000000000000004,0.1,0.8900000000000003,5.0,3,298,27,175,0,0.6372979944019697,0.17246943797607786,success
245,2000,8,3,2.0,2.4000000000000004,0.1,0.9000000000000004,5.0,3,303,25,172,0,0.6390837131850192,0.17185277276942962,success
246,2000,8,3,2.0,2.4000000000000004,0.1,0.9100000000000004,5.0,3,309,25,166,0,0.6361702945027045,0.16900071372090475,success
247,2000,8,3,2.0,2.4000000000000004,0.1,0.9200000000000004,5.0,3,315,23,162,0,0.6200143578505944,0.16291746147793618,success
248,2000,8,3,2.0,2.4000000000000004,0.1,0.9300000000000004,5.0,3,317,22,161,0,0.622964671395159,0.16270584056643791,success
249,2000,8,3,2.0,2.4000000000000004,0.1,0.9400000000000004,5.0,3,315,22,163,0,0.6351520691329239,0.16567168438991747,success
251,2000,8,3,2.0,2.4000000000000004,0.1,0.9600000000000004,5.0,3,327,20,153,0,0.6249560214798947,0.1595848970578936,success
253,2000,8,3,2.0,2.4000000000000004,0.1,0.9800000000000004,5.0,3,330,17,153,0,0.6321627376992299,0.167470088405406,success
250,2000,8,3,2.0,2.4000000000000004,0.1,0.9500000000000004,5.0,3,320,21,159,0,0.633253542696077,0.16469022734325456,success
252,2000,8,3,2.0,2.4000000000000004,0.1,0.9700000000000004,5.0,3,329,18,153,0,0.624522949314976,0.16277107172368876,success
255,2000,8,3,2.0,2.4000000000000004,0.1,1.0000000000000004,5.0,3,343,15,142,0,0.644538812441712,0.1738971699129613,success
254,2000,8,3,2.0,2.4000000000000004,0.1,0.9900000000000004,5.0,3,340,15,145,0,0.6310408168599009,0.16879501963999555,success
256,2000,8,3,2.0,2.5000000000000004,0.1,0.5,5.0,3,37,150,313,0,0.5913142970419978,0.18437712519587482,success
258,2000,8,3,2.0,2.5000000000000004,0.1,0.52,5.0,3,52,139,309,0,0.5842846142733081,0.1787632899467259,success
260,2000,8,3,2.0,2.5000000000000004,0.1,0.54,5.0,3,61,126,313,0,0.5852203815310162,0.1746378687062976,success
261,2000,8,3,2.0,2.5000000000000004,0.1,0.55,5.0,3,59,121,320,0,0.5968642323985116,0.18308136353181237,success
257,2000,8,3,2.0,2.5000000000000004,0.1,0.51,5.0,3,45,143,312,0,0.5887919672608787,0.18010032635799586,success
259,2000,8,3,2.0,2.5000000000000004,0.1,0.53,5.0,3,52,136,312,0,0.5917044147155197,0.1815077146936975,success
263,2000,8,3,2.0,2.5000000000000004,0.1,0.5700000000000001,5.0,3,70,114,316,0,0.5967512706471955,0.18062813120323268,success
262,2000,8,3,2.0,2.5000000000000004,0.1,0.56,5.0,3,66,116,318,0,0.594081687594524,0.18063335647696682,success
264,2000,8,3,2.0,2.5000000000000004,0.1,0.5800000000000001,5.0,3,71,115,314,0,0.6005589959486582,0.18382331684866737,success
266,2000,8,3,2.0,2.5000000000000004,0.1,0.6000000000000001,5.0,3,84,106,310,0,0.5970194628346872,0.18142570365725813,success
265,2000,8,3,2.0,2.5000000000000004,0.1,0.5900000000000001,5.0,3,79,111,310,0,0.6027992314948103,0.1823867405681759,success
267,2000,8,3,2.0,2.5000000000000004,0.1,0.6100000000000001,5.0,3,90,102,308,0,0.6007519921323623,0.18465884806057634,success
268,2000,8,3,2.0,2.5000000000000004,0.1,0.6200000000000001,5.0,3,100,100,300,0,0.6026489442178502,0.1872649538975411,success
269,2000,8,3,2.0,2.5000000000000004,0.1,0.6300000000000001,5.0,3,107,98,295,0,0.6049278309836047,0.19185941603330553,success
270,2000,8,3,2.0,2.5000000000000004,0.1,0.6400000000000001,5.0,3,114,94,292,0,0.6060670062475665,0.18775611822762853,success
271,2000,8,3,2.0,2.5000000000000004,0.1,0.6500000000000001,5.0,3,115,91,294,0,0.6089629173707151,0.18775525385723435,success
272,2000,8,3,2.0,2.5000000000000004,0.1,0.6600000000000001,5.0,3,121,87,292,0,0.612900072018527,0.18532759408357002,success
273,2000,8,3,2.0,2.5000000000000004,0.1,0.6700000000000002,5.0,3,129,82,289,0,0.6134028227029469,0.18471526977694167,success
275,2000,8,3,2.0,2.5000000000000004,0.1,0.6900000000000002,5.0,3,146,81,273,0,0.614657165666405,0.185532302055184,success
276,2000,8,3,2.0,2.5000000000000004,0.1,0.7000000000000002,5.0,3,148,79,273,0,0.6162255663701222,0.182131922888412,success
278,2000,8,3,2.0,2.5000000000000004,0.1,0.7200000000000002,5.0,3,159,72,269,0,0.6157403882340512,0.18017395298349387,success
277,2000,8,3,2.0,2.5000000000000004,0.1,0.7100000000000002,5.0,3,156,74,270,0,0.6100495758952826,0.17713603391244248,success
274,2000,8,3,2.0,2.5000000000000004,0.1,0.6800000000000002,5.0,3,141,84,275,0,0.6134388871983304,0.1831121798595722,success
280,2000,8,3,2.0,2.5000000000000004,0.1,0.7400000000000002,5.0,3,179,69,252,0,0.6115507860041206,0.17873199142766755,success
279,2000,8,3,2.0,2.5000000000000004,0.1,0.7300000000000002,5.0,3,173,67,260,0,0.6070438007074624,0.18102541653549448,success
282,2000,8,3,2.0,2.5000000000000004,0.1,0.7600000000000002,5.0,3,183,67,250,0,0.6349105858440709,0.17936751866872772,success
281,2000,8,3,2.0,2.5000000000000004,0.1,0.7500000000000002,5.0,3,185,67,248,0,0.6121959982204512,0.17227333233657927,success
285,2000,8,3,2.0,2.5000000000000004,0.1,0.7900000000000003,5.0,3,200,56,244,0,0.629947967388375,0.18226326388360228,success
283,2000,8,3,2.0,2.5000000000000004,0.1,0.7700000000000002,5.0,3,187,65,248,0,0.6380335445030264,0.18056456998601259,success
284,2000,8,3,2.0,2.5000000000000004,0.1,0.7800000000000002,5.0,3,201,62,237,0,0.6264836645262424,0.17564056467219674,success
286,2000,8,3,2.0,2.5000000000000004,0.1,0.8000000000000003,5.0,3,206,54,240,0,0.6293139625222844,0.17702500022247222,success
287,2000,8,3,2.0,2.5000000000000004,0.1,0.8100000000000003,5.0,3,210,52,238,0,0.6251099861234849,0.17468943285773494,success
288,2000,8,3,2.0,2.5000000000000004,0.1,0.8200000000000003,5.0,3,213,50,237,0,0.6246094501068935,0.17949810857508083,success
289,2000,8,3,2.0,2.5000000000000004,0.1,0.8300000000000003,5.0,3,230,48,222,0,0.6162882373148272,0.17691934829930622,success
290,2000,8,3,2.0,2.5000000000000004,0.1,0.8400000000000003,5.0,3,232,47,221,0,0.618834865136657,0.17986243410176075,success
291,2000,8,3,2.0,2.5000000000000004,0.1,0.8500000000000003,5.0,3,245,45,210,0,0.6238320365395069,0.17558140529829255,success
294,2000,8,3,2.0,2.5000000000000004,0.1,0.8800000000000003,5.0,3,260,42,198,0,0.6178437258493628,0.1748629362158992,success
293,2000,8,3,2.0,2.5000000000000004,0.1,0.8700000000000003,5.0,3,253,44,203,0,0.6197784694770843,0.17791606344314578,success
292,2000,8,3,2.0,2.5000000000000004,0.1,0.8600000000000003,5.0,3,245,45,210,0,0.6255059505899729,0.17658166207935921,success
295,2000,8,3,2.0,2.5000000000000004,0.1,0.8900000000000003,5.0,3,260,40,200,0,0.6314287777017777,0.17815684746739294,success
296,2000,8,3,2.0,2.5000000000000004,0.1,0.9000000000000004,5.0,3,266,39,195,0,0.6413102148232369,0.17710700043584698,success
298,2000,8,3,2.0,2.5000000000000004,0.1,0.9200000000000004,5.0,3,282,32,186,0,0.6229640706849549,0.18079958245259614,success
297,2000,8,3,2.0,2.5000000000000004,0.1,0.9100000000000004,5.0,3,275,36,189,0,0.63030741546782,0.17832443600532566,success
299,2000,8,3,2.0,2.5000000000000004,0.1,0.9300000000000004,5.0,3,286,32,182,0,0.6213505988668975,0.1838542740087217,success
302,2000,8,3,2.0,2.5000000000000004,0.1,0.9600000000000004,5.0,3,301,31,168,0,0.6264904084314037,0.1806623971148478,success
300,2000,8,3,2.0,2.5000000000000004,0.1,0.9400000000000004,5.0,3,288,32,180,0,0.6247289291944315,0.1816239507641797,success
301,2000,8,3,2.0,2.5000000000000004,0.1,0.9500000000000004,5.0,3,294,31,175,0,0.6296609283682606,0.18522907105881278,success
303,2000,8,3,2.0,2.5000000000000004,0.1,0.9700000000000004,5.0,3,301,28,171,0,0.6356007600691631,0.18448085015237317,success
304,2000,8,3,2.0,2.5000000000000004,0.1,0.9800000000000004,5.0,3,299,26,175,0,0.6422918659145515,0.18349408979400494,success
305,2000,8,3,2.0,2.5000000000000004,0.1,0.9900000000000004,5.0,3,310,24,166,0,0.6351440334019499,0.18007750973737477,success
306,2000,8,3,2.0,2.5000000000000004,0.1,1.0000000000000004,5.0,3,313,23,164,0,0.6399712598810255,0.17786697105908128,success
323,2000,8,3,2.0,2.6000000000000005,0.1,0.6600000000000001,5.0,3,104,105,291,0,0.6057312981710911,0.17951140780322322,success
321,2000,8,3,2.0,2.6000000000000005,0.1,0.6400000000000001,5.0,3,87,110,303,0,0.6071696609106711,0.18945082896415694,success
322,2000,8,3,2.0,2.6000000000000005,0.1,0.6500000000000001,5.0,3,93,109,298,0,0.6087647111394601,0.18819008592128808,success
307,2000,8,3,2.0,2.6000000000000005,0.1,0.5,5.0,3,25,168,307,0,0.5794222653230708,0.1785979993370305,success
309,2000,8,3,2.0,2.6000000000000005,0.1,0.52,5.0,3,27,159,314,0,0.5857936978818113,0.1777250916271799,success
308,2000,8,3,2.0,2.6000000000000005,0.1,0.51,5.0,3,24,161,315,0,0.5850391315928976,0.17699818864812214,success
310,2000,8,3,2.0,2.6000000000000005,0.1,0.53,5.0,3,33,155,312,0,0.5868909792835628,0.1800340795963048,success
311,2000,8,3,2.0,2.6000000000000005,0.1,0.54,5.0,3,36,146,318,0,0.5867844434094001,0.1773748977227087,success
314,2000,8,3,2.0,2.6000000000000005,0.1,0.5700000000000001,5.0,3,46,135,319,0,0.5969236100986022,0.1836253286702251,success
324,2000,8,3,2.0,2.6000000000000005,0.1,0.6700000000000002,5.0,3,107,100,293,0,0.6086653113329055,0.18277608335267825,success
325,2000,8,3,2.0,2.6000000000000005,0.1,0.6800000000000002,5.0,3,119,97,284,0,0.602899196952977,0.180488577986697,success
312,2000,8,3,2.0,2.6000000000000005,0.1,0.55,5.0,3,36,141,323,0,0.594318621811307,0.18334145103503022,success
326,2000,8,3,2.0,2.6000000000000005,0.1,0.6900000000000002,5.0,3,120,93,287,0,0.6056929436419313,0.18360270597915979,success
327,2000,8,3,2.0,2.6000000000000005,0.1,0.7000000000000002,5.0,3,125,94,281,0,0.6091366571756331,0.18645724216302317,success
313,2000,8,3,2.0,2.6000000000000005,0.1,0.56,5.0,3,39,139,322,0,0.5979288367434349,0.18532370927129552,success
328,2000,8,3,2.0,2.6000000000000005,0.1,0.7100000000000002,5.0,3,128,91,281,0,0.6076269693963976,0.186877355004507,success
316,2000,8,3,2.0,2.6000000000000005,0.1,0.5900000000000001,5.0,3,60,128,312,0,0.5970179418853003,0.1818274669467423,success
315,2000,8,3,2.0,2.6000000000000005,0.1,0.5800000000000001,5.0,3,53,132,315,0,0.5944355500581104,0.1810444783172363,success
318,2000,8,3,2.0,2.6000000000000005,0.1,0.6100000000000001,5.0,3,68,122,310,0,0.6041294206308505,0.18734670881307686,success
317,2000,8,3,2.0,2.6000000000000005,0.1,0.6000000000000001,5.0,3,63,125,312,0,0.5979220610768857,0.18474565147652547,success
329,2000,8,3,2.0,2.6000000000000005,0.1,0.7200000000000002,5.0,3,133,89,278,0,0.6097609617695562,0.18433775512534467,success
333,2000,8,3,2.0,2.6000000000000005,0.1,0.7600000000000002,5.0,3,161,79,260,0,0.6216311166940319,0.18464806205467862,success
331,2000,8,3,2.0,2.6000000000000005,0.1,0.7400000000000002,5.0,3,148,83,269,0,0.6118602791219555,0.18449230743797843,success
332,2000,8,3,2.0,2.6000000000000005,0.1,0.7500000000000002,5.0,3,161,82,257,0,0.608690014223708,0.18023658025582448,success
330,2000,8,3,2.0,2.6000000000000005,0.1,0.7300000000000002,5.0,3,140,85,275,0,0.6076939319851562,0.18381208905549093,success
319,2000,8,3,2.0,2.6000000000000005,0.1,0.6200000000000001,5.0,3,78,118,304,0,0.5996106698933371,0.18351062391315515,success
334,2000,8,3,2.0,2.6000000000000005,0.1,0.7700000000000002,5.0,3,165,76,259,0,0.6214303574149664,0.18466017885125183,success
335,2000,8,3,2.0,2.6000000000000005,0.1,0.7800000000000002,5.0,3,179,74,247,0,0.6108302056723663,0.1772113168947043,success
336,2000,8,3,2.0,2.6000000000000005,0.1,0.7900000000000003,5.0,3,181,71,248,0,0.6095958356085258,0.17506231191494018,success
320,2000,8,3,2.0,2.6000000000000005,0.1,0.6300000000000001,5.0,3,86,114,300,0,0.6022286167161218,0.18940169081100236,success
339,2000,8,3,2.0,2.6000000000000005,0.1,0.8200000000000003,5.0,3,193,66,241,0,0.6089040043019613,0.18157893638829445,success
341,2000,8,3,2.0,2.6000000000000005,0.1,0.8400000000000003,5.0,3,206,61,233,0,0.6174035786206076,0.1827076227580765,success
340,2000,8,3,2.0,2.6000000000000005,0.1,0.8300000000000003,5.0,3,199,62,239,0,0.6154186196467935,0.18322141207895976,success
349,2000,8,3,2.0,2.6000000000000005,0.1,0.9200000000000004,5.0,3,249,42,209,0,0.6239115473470552,0.18890031097354099,success
348,2000,8,3,2.0,2.6000000000000005,0.1,0.9100000000000004,5.0,3,241,45,214,0,0.6333584074701264,0.18903585634759318,success
351,2000,8,3,2.0,2.6000000000000005,0.1,0.9400000000000004,5.0,3,264,39,197,0,0.6257065132347264,0.189210095966743,success
352,2000,8,3,2.0,2.6000000000000005,0.1,0.9500000000000004,5.0,3,264,39,197,0,0.6376021374756393,0.19245874114483652,success
354,2000,8,3,2.0,2.6000000000000005,0.1,0.9700000000000004,5.0,3,272,36,192,0,0.6360373948082022,0.19080480060506264,success
337,2000,8,3,2.0,2.6000000000000005,0.1,0.8000000000000003,5.0,3,177,70,253,0,0.6199462919061857,0.18124410963290258,success
363,2000,8,3,2.0,2.7000000000000006,0.1,0.55,5.0,3,27,166,307,0,0.5680439542962248,0.17164723226703393,success
362,2000,8,3,2.0,2.7000000000000006,0.1,0.54,5.0,3,25,168,307,0,0.5631987966391229,0.1728782672423815,success
361,2000,8,3,2.0,2.7000000000000006,0.1,0.53,5.0,3,24,175,301,0,0.5619330519735131,0.17177160111782458,success
360,2000,8,3,2.0,2.7000000000000006,0.1,0.52,5.0,3,20,179,301,0,0.5637294951972235,0.17658720441860123,success
359,2000,8,3,2.0,2.7000000000000006,0.1,0.51,5.0,3,13,183,304,0,0.5678292668542242,0.18172052599987848,success
365,2000,8,3,2.0,2.7000000000000006,0.1,0.5700000000000001,5.0,3,32,162,306,0,0.5767027771527538,0.17493213126908497,success
338,2000,8,3,2.0,2.6000000000000005,0.1,0.8100000000000003,5.0,3,186,70,244,0,0.6146995499030785,0.1821184555579457,success
366,2000,8,3,2.0,2.7000000000000006,0.1,0.5800000000000001,5.0,3,39,158,303,0,0.5766718087656505,0.17625640824851727,success
367,2000,8,3,2.0,2.7000000000000006,0.1,0.5900000000000001,5.0,3,47,154,299,0,0.5757285445839152,0.17444507347435403,success
343,2000,8,3,2.0,2.6000000000000005,0.1,0.8600000000000003,5.0,3,215,54,231,0,0.6270329667218517,0.18596520759764973,success
342,2000,8,3,2.0,2.6000000000000005,0.1,0.8500000000000003,5.0,3,206,56,238,0,0.6276638720627593,0.18467894539311208,success
344,2000,8,3,2.0,2.6000000000000005,0.1,0.8700000000000003,5.0,3,221,50,229,0,0.6246017873223376,0.1852755197259886,success
345,2000,8,3,2.0,2.6000000000000005,0.1,0.8800000000000003,5.0,3,231,49,220,0,0.6220877381887532,0.18674683340634105,success
346,2000,8,3,2.0,2.6000000000000005,0.1,0.8900000000000003,5.0,3,231,48,221,0,0.634559159653109,0.18836967033118457,success
347,2000,8,3,2.0,2.6000000000000005,0.1,0.9000000000000004,5.0,3,236,47,217,0,0.6349955487683965,0.18471601773012009,success
350,2000,8,3,2.0,2.6000000000000005,0.1,0.9300000000000004,5.0,3,258,41,201,0,0.6225828476942601,0.18505345965131179,success
353,2000,8,3,2.0,2.6000000000000005,0.1,0.9600000000000004,5.0,3,273,38,189,0,0.6254384582587691,0.1863366602724682,success
355,2000,8,3,2.0,2.6000000000000005,0.1,0.9800000000000004,5.0,3,280,33,187,0,0.6300112980937865,0.19035222142634392,success
356,2000,8,3,2.0,2.6000000000000005,0.1,0.9900000000000004,5.0,3,281,32,187,0,0.640984844709556,0.19796654198044394,success
357,2000,8,3,2.0,2.6000000000000005,0.1,1.0000000000000004,5.0,3,291,31,178,0,0.6285642873581067,0.1930233440121718,success
364,2000,8,3,2.0,2.7000000000000006,0.1,0.56,5.0,3,30,165,305,0,0.5715629227688772,0.17301274906624253,success
358,2000,8,3,2.0,2.7000000000000006,0.1,0.5,5.0,3,13,187,300,0,0.5601015933568034,0.17927523008572593,success
368,2000,8,3,2.0,2.7000000000000006,0.1,0.6000000000000001,5.0,3,39,148,313,0,0.588699316222608,0.18485046457509538,success
369,2000,8,3,2.0,2.7000000000000006,0.1,0.6100000000000001,5.0,3,45,145,310,0,0.5897755752933109,0.18277258691155462,success
371,2000,8,3,2.0,2.7000000000000006,0.1,0.6300000000000001,5.0,3,61,136,303,0,0.5852494939874999,0.18332084757215988,success
370,2000,8,3,2.0,2.7000000000000006,0.1,0.6200000000000001,5.0,3,56,140,304,0,0.585055665736914,0.18383626639395176,success
375,2000,8,3,2.0,2.7000000000000006,0.1,0.6700000000000002,5.0,3,86,123,291,0,0.5877868096502595,0.17575651032226747,success
372,2000,8,3,2.0,2.7000000000000006,0.1,0.6400000000000001,5.0,3,65,133,302,0,0.5910859480572737,0.1834572155248214,success
374,2000,8,3,2.0,2.7000000000000006,0.1,0.6600000000000001,5.0,3,77,129,294,0,0.591846329413041,0.17775287583694918,success
373,2000,8,3,2.0,2.7000000000000006,0.1,0.6500000000000001,5.0,3,72,131,297,0,0.5903773576717356,0.18270136713795437,success
376,2000,8,3,2.0,2.7000000000000006,0.1,0.6800000000000002,5.0,3,88,119,293,0,0.5880787946379383,0.1770934440721585,success
380,2000,8,3,2.0,2.7000000000000006,0.1,0.7200000000000002,5.0,3,108,110,282,0,0.5922129978001004,0.18179303323615173,success
379,2000,8,3,2.0,2.7000000000000006,0.1,0.7100000000000002,5.0,3,102,110,288,0,0.5909111211630576,0.1815892363934926,success
378,2000,8,3,2.0,2.7000000000000006,0.1,0.7000000000000002,5.0,3,92,114,294,0,0.5955605123864443,0.1817029047599361,success
381,2000,8,3,2.0,2.7000000000000006,0.1,0.7300000000000002,5.0,3,111,110,279,0,0.6038501476884861,0.18793185410563512,success
382,2000,8,3,2.0,2.7000000000000006,0.1,0.7400000000000002,5.0,3,118,108,274,0,0.6009975892668658,0.18347122198273333,success
383,2000,8,3,2.0,2.7000000000000006,0.1,0.7500000000000002,5.0,3,116,107,277,0,0.6126136829244979,0.18524824753621777,success
385,2000,8,3,2.0,2.7000000000000006,0.1,0.7700000000000002,5.0,3,130,103,267,0,0.6118927805143368,0.17932309778950342,success
386,2000,8,3,2.0,2.7000000000000006,0.1,0.7800000000000002,5.0,3,136,100,264,0,0.6175625275817178,0.18103552263103953,success
377,2000,8,3,2.0,2.7000000000000006,0.1,0.6900000000000002,5.0,3,89,116,295,0,0.5927612764076704,0.18152380828317607,success
384,2000,8,3,2.0,2.7000000000000006,0.1,0.7600000000000002,5.0,3,123,103,274,0,0.6124568454863701,0.17926313466759686,success
390,2000,8,3,2.0,2.7000000000000006,0.1,0.8200000000000003,5.0,3,151,89,260,0,0.621465577316017,0.18684123792114093,success
387,2000,8,3,2.0,2.7000000000000006,0.1,0.7900000000000003,5.0,3,141,96,263,0,0.6154427775562343,0.17638741781303197,success
388,2000,8,3,2.0,2.7000000000000006,0.1,0.8000000000000003,5.0,3,142,95,263,0,0.618526464657781,0.183590723379444,success
391,2000,8,3,2.0,2.7000000000000006,0.1,0.8300000000000003,5.0,3,161,84,255,0,0.6203374231096409,0.1838589319680664,success
389,2000,8,3,2.0,2.7000000000000006,0.1,0.8100000000000003,5.0,3,149,93,258,0,0.6220340490276601,0.1818113539029713,success
392,2000,8,3,2.0,2.7000000000000006,0.1,0.8400000000000003,5.0,3,167,79,254,0,0.6227626727530721,0.186889112159258,success
393,2000,8,3,2.0,2.7000000000000006,0.1,0.8500000000000003,5.0,3,181,74,245,0,0.6101216352309932,0.18051800577005594,success
394,2000,8,3,2.0,2.7000000000000006,0.1,0.8600000000000003,5.0,3,182,74,244,0,0.6182779639570103,0.18688967395045303,success
396,2000,8,3,2.0,2.7000000000000006,0.1,0.8800000000000003,5.0,3,195,66,239,0,0.6134301020767634,0.1839686759975268,success
395,2000,8,3,2.0,2.7000000000000006,0.1,0.8700000000000003,5.0,3,196,68,236,0,0.6071807666240443,0.18593551820924806,success
397,2000,8,3,2.0,2.7000000000000006,0.1,0.8900000000000003,5.0,3,200,65,235,0,0.6161892001787317,0.1837857546082646,success
398,2000,8,3,2.0,2.7000000000000006,0.1,0.9000000000000004,5.0,3,210,64,226,0,0.6137083781102648,0.18193097297183902,success
399,2000,8,3,2.0,2.7000000000000006,0.1,0.9100000000000004,5.0,3,209,61,230,0,0.6173245761996506,0.18227551873580386,success
400,2000,8,3,2.0,2.7000000000000006,0.1,0.9200000000000004,5.0,3,208,57,235,0,0.6183895348761388,0.18565959780073404,success
401,2000,8,3,2.0,2.7000000000000006,0.1,0.9300000000000004,5.0,3,217,56,227,0,0.613782496044534,0.18396406552962744,success
402,2000,8,3,2.0,2.7000000000000006,0.1,0.9400000000000004,5.0,3,221,55,224,0,0.6158873686498859,0.18224542664910184,success
403,2000,8,3,2.0,2.7000000000000006,0.1,0.9500000000000004,5.0,3,236,55,209,0,0.6098514393073118,0.18012062740940382,success
406,2000,8,3,2.0,2.7000000000000006,0.1,0.9800000000000004,5.0,3,248,48,204,0,0.6209067948915864,0.18369599521317728,success
404,2000,8,3,2.0,2.7000000000000006,0.1,0.9600000000000004,5.0,3,235,55,210,0,0.623512883501516,0.1858862927336708,success
405,2000,8,3,2.0,2.7000000000000006,0.1,0.9700000000000004,5.0,3,237,52,211,0,0.6252100674871693,0.18505577396111017,success
407,2000,8,3,2.0,2.7000000000000006,0.1,0.9900000000000004,5.0,3,263,47,190,0,0.6192419041559203,0.1855385221032064,success
408,2000,8,3,2.0,2.7000000000000006,0.1,1.0000000000000004,5.0,3,268,46,186,0,0.620982982381643,0.19172989796369885,success
409,2000,8,3,2.0,2.8000000000000007,0.1,0.5,5.0,3,10,218,272,0,0.5395212143728779,0.18122215268882436,success
410,2000,8,3,2.0,2.8000000000000007,0.1,0.51,5.0,3,11,216,273,0,0.5403443613382987,0.1767756210172312,success
411,2000,8,3,2.0,2.8000000000000007,0.1,0.52,5.0,3,11,214,275,0,0.5470376410722708,0.1775322542149963,success
413,2000,8,3,2.0,2.8000000000000007,0.1,0.54,5.0,3,15,203,282,0,0.5498426620527829,0.17667622172393235,success
412,2000,8,3,2.0,2.8000000000000007,0.1,0.53,5.0,3,14,208,278,0,0.5500276065547648,0.17824004715401953,success
415,2000,8,3,2.0,2.8000000000000007,0.1,0.56,5.0,3,18,199,283,0,0.5597526360136007,0.1803770958830856,success
414,2000,8,3,2.0,2.8000000000000007,0.1,0.55,5.0,3,15,200,285,0,0.557494750914862,0.18400294638344383,success
416,2000,8,3,2.0,2.8000000000000007,0.1,0.5700000000000001,5.0,3,20,196,284,0,0.5624561847243076,0.17816983540604275,success
417,2000,8,3,2.0,2.8000000000000007,0.1,0.5800000000000001,5.0,3,19,193,288,0,0.5697616933494795,0.18232863383298514,success
418,2000,8,3,2.0,2.8000000000000007,0.1,0.5900000000000001,5.0,3,22,188,290,0,0.5689955610896897,0.18524606038708763,success
419,2000,8,3,2.0,2.8000000000000007,0.1,0.6000000000000001,5.0,3,25,185,290,0,0.5766378323571172,0.18589287242262825,success
421,2000,8,3,2.0,2.8000000000000007,0.1,0.6200000000000001,5.0,3,37,178,285,0,0.5662763160706077,0.1862219245234512,success
422,2000,8,3,2.0,2.8000000000000007,0.1,0.6300000000000001,5.0,3,40,171,289,0,0.5709654826231081,0.18710088292352695,success
420,2000,8,3,2.0,2.8000000000000007,0.1,0.6100000000000001,5.0,3,29,182,289,0,0.5723934767136579,0.18457428001222823,success
424,2000,8,3,2.0,2.8000000000000007,0.1,0.6500000000000001,5.0,3,49,164,287,0,0.5721612501414569,0.18736967553662925,success
423,2000,8,3,2.0,2.8000000000000007,0.1,0.6400000000000001,5.0,3,42,167,291,0,0.5756198372464666,0.19158062222014888,success
427,2000,8,3,2.0,2.8000000000000007,0.1,0.6800000000000002,5.0,3,56,152,292,0,0.5805123794189244,0.19220221308440538,success
425,2000,8,3,2.0,2.8000000000000007,0.1,0.6600000000000001,5.0,3,58,159,283,0,0.5643624185531687,0.1818699660113094,success
428,2000,8,3,2.0,2.8000000000000007,0.1,0.6900000000000002,5.0,3,57,148,295,0,0.5884439837548926,0.1969941568034008,success
426,2000,8,3,2.0,2.8000000000000007,0.1,0.6700000000000002,5.0,3,55,155,290,0,0.5710668893236355,0.18609319519187822,success
429,2000,8,3,2.0,2.8000000000000007,0.1,0.7000000000000002,5.0,3,68,147,285,0,0.5862915277950741,0.19072836218438297,success
430,2000,8,3,2.0,2.8000000000000007,0.1,0.7100000000000002,5.0,3,75,145,280,0,0.5853456195799442,0.19263810780990134,success
431,2000,8,3,2.0,2.8000000000000007,0.1,0.7200000000000002,5.0,3,80,140,280,0,0.5860222786999231,0.19331624522128604,success
432,2000,8,3,2.0,2.8000000000000007,0.1,0.7300000000000002,5.0,3,89,138,273,0,0.5877240096399167,0.19360256015721056,success
433,2000,8,3,2.0,2.8000000000000007,0.1,0.7400000000000002,5.0,3,88,134,278,0,0.591401167056092,0.191362646511843,success
434,2000,8,3,2.0,2.8000000000000007,0.1,0.7500000000000002,5.0,3,90,134,276,0,0.6015362794175303,0.19153978754261725,success
435,2000,8,3,2.0,2.8000000000000007,0.1,0.7600000000000002,5.0,3,103,131,266,0,0.592480488919122,0.18277023845141674,success
436,2000,8,3,2.0,2.8000000000000007,0.1,0.7700000000000002,5.0,3,104,128,268,0,0.5968502680904171,0.18446556636501357,success
437,2000,8,3,2.0,2.8000000000000007,0.1,0.7800000000000002,5.0,3,108,128,264,0,0.6013010785268667,0.18549989830695895,success
439,2000,8,3,2.0,2.8000000000000007,0.1,0.8000000000000003,5.0,3,118,123,259,0,0.6067370095889418,0.18225648786175785,success
438,2000,8,3,2.0,2.8000000000000007,0.1,0.7900000000000003,5.0,3,116,123,261,0,0.5977692845948923,0.1786269264136759,success
440,2000,8,3,2.0,2.8000000000000007,0.1,0.8100000000000003,5.0,3,124,122,254,0,0.6077069195452505,0.18121447809312077,success
441,2000,8,3,2.0,2.8000000000000007,0.1,0.8200000000000003,5.0,3,128,118,254,0,0.6070801179742337,0.1826188892460482,success
442,2000,8,3,2.0,2.8000000000000007,0.1,0.8300000000000003,5.0,3,120,111,269,0,0.6149968334724042,0.1880858879146406,success
444,2000,8,3,2.0,2.8000000000000007,0.1,0.8500000000000003,5.0,3,130,100,270,0,0.6166457435152524,0.1909168588952383,success
443,2000,8,3,2.0,2.8000000000000007,0.1,0.8400000000000003,5.0,3,128,106,266,0,0.6094115630873265,0.1861530083420616,success
446,2000,8,3,2.0,2.8000000000000007,0.1,0.8700000000000003,5.0,3,142,94,264,0,0.6149951728614762,0.1962262891261451,success
445,2000,8,3,2.0,2.8000000000000007,0.1,0.8600000000000003,5.0,3,142,99,259,0,0.6111985039957368,0.1868588745705899,success
447,2000,8,3,2.0,2.8000000000000007,0.1,0.8800000000000003,5.0,3,159,90,251,0,0.6075672855511524,0.19268617640395022,success
448,2000,8,3,2.0,2.8000000000000007,0.1,0.8900000000000003,5.0,3,158,85,257,0,0.6135923980343092,0.19510090154304893,success
449,2000,8,3,2.0,2.8000000000000007,0.1,0.9000000000000004,5.0,3,161,85,254,0,0.6117498484490355,0.19232416865673316,success
450,2000,8,3,2.0,2.8000000000000007,0.1,0.9100000000000004,5.0,3,161,82,257,0,0.6121885580789477,0.1963290457793892,success
451,2000,8,3,2.0,2.8000000000000007,0.1,0.9200000000000004,5.0,3,170,79,251,0,0.6075657943060989,0.1963836998086866,success
452,2000,8,3,2.0,2.8000000000000007,0.1,0.9300000000000004,5.0,3,172,78,250,0,0.6118257515031764,0.19513484013617038,success
453,2000,8,3,2.0,2.8000000000000007,0.1,0.9400000000000004,5.0,3,185,76,239,0,0.6016515253941875,0.18986571964738688,success
454,2000,8,3,2.0,2.8000000000000007,0.1,0.9500000000000004,5.0,3,182,73,245,0,0.6143184855148983,0.1971656843061391,success
455,2000,8,3,2.0,2.8000000000000007,0.1,0.9600000000000004,5.0,3,187,71,242,0,0.6176460540669481,0.19612095244819136,success
457,2000,8,3,2.0,2.8000000000000007,0.1,0.9800000000000004,5.0,3,209,66,225,0,0.6096091517907707,0.19150455152862303,success
456,2000,8,3,2.0,2.8000000000000007,0.1,0.9700000000000004,5.0,3,197,69,234,0,0.6136166547300372,0.19101706890717207,success
458,2000,8,3,2.0,2.8000000000000007,0.1,0.9900000000000004,5.0,3,215,63,222,0,0.6113473956542052,0.19181793715688517,success
459,2000,8,3,2.0,2.8000000000000007,0.1,1.0000000000000004,5.0,3,218,62,220,0,0.6143139489883955,0.19381158759310477,success
460,2000,8,3,2.0,2.900000000000001,0.1,0.5,5.0,3,2,263,235,0,0.5284753166228565,0.17645160485186306,success
461,2000,8,3,2.0,2.900000000000001,0.1,0.51,5.0,3,4,262,234,0,0.5272158236594902,0.17389146492529547,success
462,2000,8,3,2.0,2.900000000000001,0.1,0.52,5.0,3,3,260,237,0,0.5337636681645387,0.17330931832784283,success
463,2000,8,3,2.0,2.900000000000001,0.1,0.53,5.0,3,7,256,237,0,0.5351412014631295,0.17200342338679844,success
464,2000,8,3,2.0,2.900000000000001,0.1,0.54,5.0,3,7,253,240,0,0.5389821654352687,0.1727529583286239,success
465,2000,8,3,2.0,2.900000000000001,0.1,0.55,5.0,3,8,250,242,0,0.5447978664629335,0.17115538081612078,success
466,2000,8,3,2.0,2.900000000000001,0.1,0.56,5.0,3,10,247,243,0,0.5481788747534495,0.16829363329251618,success
467,2000,8,3,2.0,2.900000000000001,0.1,0.5700000000000001,5.0,3,9,246,245,0,0.555252212519665,0.16909042817719777,success
468,2000,8,3,2.0,2.900000000000001,0.1,0.5800000000000001,5.0,3,9,243,248,0,0.5595322999005922,0.17107833685999363,success
469,2000,8,3,2.0,2.900000000000001,0.1,0.5900000000000001,5.0,3,11,237,252,0,0.5579643162815094,0.1728890671039105,success
470,2000,8,3,2.0,2.900000000000001,0.1,0.6000000000000001,5.0,3,14,235,251,0,0.5624313421203363,0.166161570594805,success
471,2000,8,3,2.0,2.900000000000001,0.1,0.6100000000000001,5.0,3,13,230,257,0,0.5651710263698312,0.17045237920124023,success
472,2000,8,3,2.0,2.900000000000001,0.1,0.6200000000000001,5.0,3,15,227,258,0,0.5677511676002847,0.17204165563231,success
473,2000,8,3,2.0,2.900000000000001,0.1,0.6300000000000001,5.0,3,20,222,258,0,0.567937452590656,0.16718930968525106,success
475,2000,8,3,2.0,2.900000000000001,0.1,0.6500000000000001,5.0,3,19,217,264,0,0.5787252534305566,0.1684900660634773,success
474,2000,8,3,2.0,2.900000000000001,0.1,0.6400000000000001,5.0,3,20,218,262,0,0.5705837270784812,0.16696052535591388,success
476,2000,8,3,2.0,2.900000000000001,0.1,0.6600000000000001,5.0,3,21,213,266,0,0.5860666495324044,0.175523944615416,success
478,2000,8,3,2.0,2.900000000000001,0.1,0.6800000000000002,5.0,3,34,202,264,0,0.5693307308150732,0.16982825279795363,success
477,2000,8,3,2.0,2.900000000000001,0.1,0.6700000000000002,5.0,3,28,209,263,0,0.5771661145050232,0.17074880711825333,success
479,2000,8,3,2.0,2.900000000000001,0.1,0.6900000000000002,5.0,3,31,196,273,0,0.5814727013806188,0.1813729812300733,success
480,2000,8,3,2.0,2.900000000000001,0.1,0.7000000000000002,5.0,3,33,192,275,0,0.5832358057098052,0.17726890549834629,success
481,2000,8,3,2.0,2.900000000000001,0.1,0.7100000000000002,5.0,3,41,189,270,0,0.579649882817592,0.18128154266751034,success
482,2000,8,3,2.0,2.900000000000001,0.1,0.7200000000000002,5.0,3,40,178,282,0,0.5770602546346243,0.18500531441967075,success
483,2000,8,3,2.0,2.900000000000001,0.1,0.7300000000000002,5.0,3,46,176,278,0,0.5835277142537931,0.18749946465388595,success
484,2000,8,3,2.0,2.900000000000001,0.1,0.7400000000000002,5.0,3,46,176,278,0,0.59056950425553,0.19023866374503812,success
485,2000,8,3,2.0,2.900000000000001,0.1,0.7500000000000002,5.0,3,47,171,282,0,0.5954772968790727,0.18912939615418456,success
488,2000,8,3,2.0,2.900000000000001,0.1,0.7800000000000002,5.0,3,63,168,269,0,0.6022746575389791,0.18739355356589968,success
487,2000,8,3,2.0,2.900000000000001,0.1,0.7700000000000002,5.0,3,54,169,277,0,0.6015322174534052,0.18958761404224322,success
486,2000,8,3,2.0,2.900000000000001,0.1,0.7600000000000002,5.0,3,51,170,279,0,0.5981373922193749,0.18891820663792522,success
491,2000,8,3,2.0,2.900000000000001,0.1,0.8100000000000003,5.0,3,79,155,266,0,0.6003877760855098,0.17720756433789545,success
489,2000,8,3,2.0,2.900000000000001,0.1,0.7900000000000003,5.0,3,63,164,273,0,0.6036237650143608,0.18480292282095973,success
490,2000,8,3,2.0,2.900000000000001,0.1,0.8000000000000003,5.0,3,67,162,271,0,0.6043594063845739,0.18327746466934658,success
492,2000,8,3,2.0,2.900000000000001,0.1,0.8200000000000003,5.0,3,87,155,258,0,0.593181783632891,0.1715905014711401,success
493,2000,8,3,2.0,2.900000000000001,0.1,0.8300000000000003,5.0,3,93,149,258,0,0.5962734405911241,0.1766063883317442,success
494,2000,8,3,2.0,2.900000000000001,0.1,0.8400000000000003,5.0,3,97,144,259,0,0.5969978645562142,0.17882092903513314,success
495,2000,8,3,2.0,2.900000000000001,0.1,0.8500000000000003,5.0,3,92,137,271,0,0.6052658264246537,0.18312107256311785,success
496,2000,8,3,2.0,2.900000000000001,0.1,0.8600000000000003,5.0,3,103,135,262,0,0.609340763884203,0.18406816266136905,success
497,2000,8,3,2.0,2.900000000000001,0.1,0.8700000000000003,5.0,3,102,129,269,0,0.6110244824135109,0.18730221754094656,success
498,2000,8,3,2.0,2.900000000000001,0.1,0.8800000000000003,5.0,3,114,125,261,0,0.6034992571182319,0.18246084219393013,success
499,2000,8,3,2.0,2.900000000000001,0.1,0.8900000000000003,5.0,3,117,125,258,0,0.6096863681842061,0.1854604918810233,success
500,2000,8,3,2.0,2.900000000000001,0.1,0.9000000000000004,5.0,3,121,124,255,0,0.6081545994141736,0.1863748852775547,success
502,2000,8,3,2.0,2.900000000000001,0.1,0.9200000000000004,5.0,3,131,119,250,0,0.6018443441117206,0.18902944384904555,success
501,2000,8,3,2.0,2.900000000000001,0.1,0.9100000000000004,5.0,3,123,122,255,0,0.6105699276295468,0.1888541456310865,success
504,2000,8,3,2.0,2.900000000000001,0.1,0.9400000000000004,5.0,3,135,117,248,0,0.6126925540420465,0.18956052677689797,success
503,2000,8,3,2.0,2.900000000000001,0.1,0.9300000000000004,5.0,3,134,118,248,0,0.6061392794945337,0.18704229024405195,success
505,2000,8,3,2.0,2.900000000000001,0.1,0.9500000000000004,5.0,3,145,115,240,0,0.6056933881577985,0.18380437042635597,success
506,2000,8,3,2.0,2.900000000000001,0.1,0.9600000000000004,5.0,3,148,112,240,0,0.6058398178544917,0.1855036889797593,success
507,2000,8,3,2.0,2.900000000000001,0.1,0.9700000000000004,5.0,3,154,110,236,0,0.6030163139692707,0.19095285667363068,success
508,2000,8,3,2.0,2.900000000000001,0.1,0.9800000000000004,5.0,3,158,105,237,0,0.6050867507210365,0.19461870667504627,success
510,2000,8,3,2.0,2.900000000000001,0.1,1.0000000000000004,5.0,3,167,101,232,0,0.6044176799845973,0.19449314142849933,success
509,2000,8,3,2.0,2.900000000000001,0.1,0.9900000000000004,5.0,3,165,104,231,0,0.6011821079368213,0.1910323877344946,success
511,2000,8,3,2.0,3.000000000000001,0.1,0.5,5.0,4,1,317,182,0,0.5003458563169401,0.17487256237841878,success
512,2000,8,3,2.0,3.000000000000001,0.1,0.51,5.0,4,3,312,185,0,0.49686711938271705,0.17883934010900251,success
513,2000,8,3,2.0,3.000000000000001,0.1,0.52,5.0,4,1,308,191,0,0.5037895514124848,0.1798468383240442,success
514,2000,8,3,2.0,3.000000000000001,0.1,0.53,5.0,4,2,304,194,0,0.5056840596004972,0.1769875316193602,success
515,2000,8,3,2.0,3.000000000000001,0.1,0.54,5.0,4,2,299,199,0,0.5061883099388935,0.17635823896932,success
516,2000,8,3,2.0,3.000000000000001,0.1,0.55,5.0,4,3,295,202,0,0.5093723606866111,0.17406679194802005,success
518,2000,8,3,2.0,3.000000000000001,0.1,0.5700000000000001,5.0,4,2,286,212,0,0.511702403199658,0.18006247768421754,success
517,2000,8,3,2.0,3.000000000000001,0.1,0.56,5.0,4,2,291,207,0,0.5130113376788894,0.1783225753162357,success
521,2000,8,3,2.0,3.000000000000001,0.1,0.6000000000000001,5.0,4,2,272,226,0,0.5281860473209373,0.1936276401934636,success
519,2000,8,3,2.0,3.000000000000001,0.1,0.5800000000000001,5.0,4,4,282,214,0,0.5124200837455819,0.17764826396917272,success
520,2000,8,3,2.0,3.000000000000001,0.1,0.5900000000000001,5.0,4,2,277,221,0,0.5188976624534087,0.18778775889844526,success
523,2000,8,3,2.0,3.000000000000001,0.1,0.6200000000000001,5.0,4,3,264,233,0,0.5316555332631657,0.19216977131645072,success
522,2000,8,3,2.0,3.000000000000001,0.1,0.6100000000000001,5.0,4,3,268,229,0,0.528319259983694,0.19134480196753692,success
524,2000,8,3,2.0,3.000000000000001,0.1,0.6300000000000001,5.0,4,4,257,239,0,0.5396975684938903,0.19101293186288762,success
525,2000,8,3,2.0,3.000000000000001,0.1,0.6400000000000001,5.0,4,7,255,238,0,0.5406812312331352,0.18912079923713815,success
526,2000,8,3,2.0,3.000000000000001,0.1,0.6500000000000001,5.0,4,6,249,245,0,0.5415675948448603,0.1910396039786074,success
527,2000,8,3,2.0,3.000000000000001,0.1,0.6600000000000001,5.0,4,7,242,251,0,0.5454397005988839,0.19726086305164303,success
528,2000,8,3,2.0,3.000000000000001,0.1,0.6700000000000002,5.0,4,10,236,254,0,0.5454383849747346,0.19374541317126764,success
529,2000,8,3,2.0,3.000000000000001,0.1,0.6800000000000002,5.0,4,9,233,258,0,0.5516658834218386,0.19684200764656848,success
531,2000,8,3,2.0,3.000000000000001,0.1,0.7000000000000002,5.0,4,14,226,260,0,0.5494961976419375,0.19716257911134893,success
530,2000,8,3,2.0,3.000000000000001,0.1,0.6900000000000002,5.0,4,13,229,258,0,0.5485352956632106,0.19495433241053298,success
532,2000,8,3,2.0,3.000000000000001,0.1,0.7100000000000002,5.0,4,14,221,265,0,0.5513463842021717,0.19686524160230182,success
533,2000,8,3,2.0,3.000000000000001,0.1,0.7200000000000002,5.0,4,18,215,267,0,0.5472831852074189,0.19488976069539876,success
534,2000,8,3,2.0,3.000000000000001,0.1,0.7300000000000002,5.0,4,22,207,271,0,0.5485622693964383,0.19600040681694797,success
536,2000,8,3,2.0,3.000000000000001,0.1,0.7500000000000002,5.0,4,25,202,273,0,0.5584880648161569,0.19772665111839052,success
535,2000,8,3,2.0,3.000000000000001,0.1,0.7400000000000002,5.0,4,23,206,271,0,0.5537935032661233,0.19819080696116434,success
537,2000,8,3,2.0,3.000000000000001,0.1,0.7600000000000002,5.0,4,26,198,276,0,0.5655754388179299,0.19669829255903826,success
538,2000,8,3,2.0,3.000000000000001,0.1,0.7700000000000002,5.0,4,32,200,268,0,0.5655783387045688,0.19938546392867906,success
540,2000,8,3,2.0,3.000000000000001,0.1,0.7900000000000003,5.0,4,38,189,273,0,0.5607222422443796,0.20056730158067787,success
539,2000,8,3,2.0,3.000000000000001,0.1,0.7800000000000002,5.0,4,35,194,271,0,0.5632749795683313,0.20215690712302603,success
541,2000,8,3,2.0,3.000000000000001,0.1,0.8000000000000003,5.0,4,44,184,272,0,0.5550341400302891,0.19960114384355035,success
542,2000,8,3,2.0,3.000000000000001,0.1,0.8100000000000003,5.0,4,45,182,273,0,0.5568396449451334,0.1992976738228484,success
543,2000,8,3,2.0,3.000000000000001,0.1,0.8200000000000003,5.0,4,45,178,277,0,0.558799064347082,0.19741790757329616,success
544,2000,8,3,2.0,3.000000000000001,0.1,0.8300000000000003,5.0,4,52,174,274,0,0.5617825573220108,0.19506839666491366,success
545,2000,8,3,2.0,3.000000000000001,0.1,0.8400000000000003,5.0,4,47,170,283,0,0.572540041227815,0.20455503591180493,success
546,2000,8,3,2.0,3.000000000000001,0.1,0.8500000000000003,5.0,4,57,171,272,0,0.5703601526100224,0.2038976606396542,success
547,2000,8,3,2.0,3.000000000000001,0.1,0.8600000000000003,5.0,4,55,167,278,0,0.5761421135462599,0.20376103317872138,success
550,2000,8,3,2.0,3.000000000000001,0.1,0.8900000000000003,5.0,4,64,151,285,0,0.570452160779759,0.19824036765219452,success
549,2000,8,3,2.0,3.000000000000001,0.1,0.8800000000000003,5.0,4,64,157,279,0,0.5675681093542442,0.19694970052399954,success
548,2000,8,3,2.0,3.000000000000001,0.1,0.8700000000000003,5.0,4,59,163,278,0,0.5745488248641187,0.20418051981814966,success
551,2000,8,3,2.0,3.000000000000001,0.1,0.9000000000000004,5.0,4,68,149,283,0,0.575803719965032,0.20334869249594287,success
553,2000,8,3,2.0,3.000000000000001,0.1,0.9200000000000004,5.0,4,85,145,270,0,0.5719328863627045,0.19494139475652017,success
552,2000,8,3,2.0,3.000000000000001,0.1,0.9100000000000004,5.0,4,71,147,282,0,0.5810168446201333,0.20258401443147192,success
554,2000,8,3,2.0,3.000000000000001,0.1,0.9300000000000004,5.0,4,85,145,270,0,0.579833494091267,0.1988441295437586,success
555,2000,8,3,2.0,3.000000000000001,0.1,0.9400000000000004,5.0,4,97,142,261,0,0.5735753696895945,0.19436723232677813,success
556,2000,8,3,2.0,3.000000000000001,0.1,0.9500000000000004,5.0,4,100,140,260,0,0.5764631046209159,0.196840556673497,success
557,2000,8,3,2.0,3.000000000000001,0.1,0.9600000000000004,5.0,4,104,135,261,0,0.5781742621445506,0.19632890064700048,success
558,2000,8,3,2.0,3.000000000000001,0.1,0.9700000000000004,5.0,4,110,134,256,0,0.5774363330072578,0.19606011591175837,success
559,2000,8,3,2.0,3.000000000000001,0.1,0.9800000000000004,5.0,4,108,128,264,0,0.583761051869904,0.1974826669275,success
560,2000,8,3,2.0,3.000000000000001,0.1,0.9900000000000004,5.0,4,108,122,270,0,0.5844702886289507,0.19798908766208267,success
561,2000,8,3,2.0,3.000000000000001,0.1,1.0000000000000004,5.0,4,114,117,269,0,0.5859635049853298,0.20156389996940566,success
562,2000,8,3,2.0,3.100000000000001,0.1,0.5,5.0,4,0,334,166,0,0.49526606312560234,0.17027101161746575,success
563,2000,8,3,2.0,3.100000000000001,0.1,0.51,5.0,4,0,329,171,0,0.49739375924812684,0.17593703836626118,success
566,2000,8,3,2.0,3.100000000000001,0.1,0.54,5.0,4,0,316,184,0,0.5063883911189866,0.1758248438479349,success
564,2000,8,3,2.0,3.100000000000001,0.1,0.52,5.0,4,0,325,175,0,0.501135548789887,0.17323722424077967,success
565,2000,8,3,2.0,3.100000000000001,0.1,0.53,5.0,4,0,321,179,0,0.5067828980048902,0.17536862674064405,success
567,2000,8,3,2.0,3.100000000000001,0.1,0.55,5.0,4,1,313,186,0,0.506673175702279,0.17065940839355986,success
569,2000,8,3,2.0,3.100000000000001,0.1,0.5700000000000001,5.0,4,0,306,194,0,0.5137921948076618,0.18305050361073397,success
568,2000,8,3,2.0,3.100000000000001,0.1,0.56,5.0,4,1,309,190,0,0.5075186011893211,0.17643551674704297,success
570,2000,8,3,2.0,3.100000000000001,0.1,0.5800000000000001,5.0,4,2,302,196,0,0.5135454001343249,0.1813237349576253,success
571,2000,8,3,2.0,3.100000000000001,0.1,0.5900000000000001,5.0,4,3,298,199,0,0.5119427929793791,0.18248838551914665,success
572,2000,8,3,2.0,3.100000000000001,0.1,0.6000000000000001,5.0,4,0,293,207,0,0.5241126211176139,0.18919327952900578,success
573,2000,8,3,2.0,3.100000000000001,0.1,0.6100000000000001,5.0,4,1,289,210,0,0.5228154137322003,0.18741493889457914,success
574,2000,8,3,2.0,3.100000000000001,0.1,0.6200000000000001,5.0,4,0,285,215,0,0.5236737090651777,0.18340293169646468,success
576,2000,8,3,2.0,3.100000000000001,0.1,0.6400000000000001,5.0,4,2,277,221,0,0.5297931858494241,0.17631014379326573,success
575,2000,8,3,2.0,3.100000000000001,0.1,0.6300000000000001,5.0,4,0,279,221,0,0.5303659739617785,0.18162016553695318,success
577,2000,8,3,2.0,3.100000000000001,0.1,0.6500000000000001,5.0,4,0,272,228,0,0.5327203874557331,0.1814590975776725,success
578,2000,8,3,2.0,3.100000000000001,0.1,0.6600000000000001,5.0,4,3,268,229,0,0.5341056433327138,0.18259728368580583,success
579,2000,8,3,2.0,3.100000000000001,0.1,0.6700000000000002,5.0,4,1,263,236,0,0.5422651667612878,0.1879307270417982,success
580,2000,8,3,2.0,3.100000000000001,0.1,0.6800000000000002,5.0,4,2,260,238,0,0.5422144574018116,0.18839148629476654,success
581,2000,8,3,2.0,3.100000000000001,0.1,0.6900000000000002,5.0,4,5,257,238,0,0.539105062285871,0.18706326980168472,success
582,2000,8,3,2.0,3.100000000000001,0.1,0.7000000000000002,5.0,4,3,253,244,0,0.5436217922650414,0.19470303260744898,success
583,2000,8,3,2.0,3.100000000000001,0.1,0.7100000000000002,5.0,4,4,249,247,0,0.5458983976730489,0.1980502770974191,success
586,2000,8,3,2.0,3.100000000000001,0.1,0.7400000000000002,5.0,4,6,235,259,0,0.5471862739561573,0.19996736210576077,success
584,2000,8,3,2.0,3.100000000000001,0.1,0.7200000000000002,5.0,4,6,242,252,0,0.5442558472679943,0.19669940207509856,success
585,2000,8,3,2.0,3.100000000000001,0.1,0.7300000000000002,5.0,4,8,239,253,0,0.5453143749806469,0.1958948309845201,success
587,2000,8,3,2.0,3.100000000000001,0.1,0.7500000000000002,5.0,4,15,231,254,0,0.5395531270708076,0.1941157964974849,success
588,2000,8,3,2.0,3.100000000000001,0.1,0.7600000000000002,5.0,4,10,226,264,0,0.5484898173346346,0.1968394030045077,success
589,2000,8,3,2.0,3.100000000000001,0.1,0.7700000000000002,5.0,4,15,225,260,0,0.5431283777951087,0.19279413989283908,success
590,2000,8,3,2.0,3.100000000000001,0.1,0.7800000000000002,5.0,4,18,219,263,0,0.5431355075903563,0.1985422222945296,success
591,2000,8,3,2.0,3.100000000000001,0.1,0.7900000000000003,5.0,4,17,214,269,0,0.5419694189311138,0.20151684753823312,success
592,2000,8,3,2.0,3.100000000000001,0.1,0.8000000000000003,5.0,4,16,210,274,0,0.5436108567337126,0.2030458154282095,success
593,2000,8,3,2.0,3.100000000000001,0.1,0.8100000000000003,5.0,4,20,207,273,0,0.5406179852968386,0.19933467160200954,success
594,2000,8,3,2.0,3.100000000000001,0.1,0.8200000000000003,5.0,4,24,205,271,0,0.5414764886782839,0.1976335152153318,success
595,2000,8,3,2.0,3.100000000000001,0.1,0.8300000000000003,5.0,4,26,203,271,0,0.5479577600470006,0.1973062629945903,success
596,2000,8,3,2.0,3.100000000000001,0.1,0.8400000000000003,5.0,4,23,199,278,0,0.5577294133664682,0.2035385942925049,success
597,2000,8,3,2.0,3.100000000000001,0.1,0.8500000000000003,5.0,4,31,198,271,0,0.5568442808041437,0.20227099251609587,success
598,2000,8,3,2.0,3.100000000000001,0.1,0.8600000000000003,5.0,4,28,192,280,0,0.5621508419762675,0.20661234245629506,success
600,2000,8,3,2.0,3.100000000000001,0.1,0.8800000000000003,5.0,4,37,183,280,0,0.547608168176396,0.1978775156188611,success
601,2000,8,3,2.0,3.100000000000001,0.1,0.8900000000000003,5.0,4,39,181,280,0,0.5498048591850868,0.1983833554997722,success
599,2000,8,3,2.0,3.100000000000001,0.1,0.8700000000000003,5.0,4,35,190,275,0,0.5520226465864533,0.20217620987218482,success
602,2000,8,3,2.0,3.100000000000001,0.1,0.9000000000000004,5.0,4,37,180,283,0,0.5594908792078931,0.20578185732836465,success
603,2000,8,3,2.0,3.100000000000001,0.1,0.9100000000000004,5.0,4,40,177,283,0,0.5604159153589985,0.2000269627207778,success
604,2000,8,3,2.0,3.100000000000001,0.1,0.9200000000000004,5.0,4,36,176,288,0,0.5699410541140176,0.2016526398886112,success
605,2000,8,3,2.0,3.100000000000001,0.1,0.9300000000000004,5.0,4,42,174,284,0,0.565416768500223,0.1964417586876312,success
606,2000,8,3,2.0,3.100000000000001,0.1,0.9400000000000004,5.0,4,42,169,289,0,0.573407159199069,0.20393309027212933,success
607,2000,8,3,2.0,3.100000000000001,0.1,0.9500000000000004,5.0,4,50,167,283,0,0.5687988683868676,0.1998475733780154,success
608,2000,8,3,2.0,3.100000000000001,0.1,0.9600000000000004,5.0,4,49,162,289,0,0.577446800613803,0.20261351381917944,success
609,2000,8,3,2.0,3.100000000000001,0.1,0.9700000000000004,5.0,4,60,162,278,0,0.5687194694755822,0.19822651452865697,success
610,2000,8,3,2.0,3.100000000000001,0.1,0.9800000000000004,5.0,4,58,158,284,0,0.5750318248630858,0.19984661667056902,success
611,2000,8,3,2.0,3.100000000000001,0.1,0.9900000000000004,5.0,4,61,152,287,0,0.5698960037959026,0.19655986583056573,success
612,2000,8,3,2.0,3.100000000000001,0.1,1.0000000000000004,5.0,4,64,150,286,0,0.5733643810642901,0.20000882366364486,success
613,2000,8,3,2.0,3.200000000000001,0.1,0.5,5.0,4,0,343,157,0,0.48238666155005133,0.15809227913667812,success
615,2000,8,3,2.0,3.200000000000001,0.1,0.52,5.0,4,0,335,165,0,0.4857493090637678,0.1580799391574632,success
614,2000,8,3,2.0,3.200000000000001,0.1,0.51,5.0,4,0,338,162,0,0.4826238402792212,0.16305577702952417,success
617,2000,8,3,2.0,3.200000000000001,0.1,0.54,5.0,4,0,326,174,0,0.4892192294862214,0.16278549381389695,success
616,2000,8,3,2.0,3.200000000000001,0.1,0.53,5.0,4,0,331,169,0,0.49158828658197956,0.15956858285708336,success
618,2000,8,3,2.0,3.200000000000001,0.1,0.55,5.0,4,0,323,177,0,0.4929175688560424,0.16186648318777228,success
619,2000,8,3,2.0,3.200000000000001,0.1,0.56,5.0,4,0,320,180,0,0.49256363151992466,0.16445407222845562,success
620,2000,8,3,2.0,3.200000000000001,0.1,0.5700000000000001,5.0,4,0,317,183,0,0.4971100666906251,0.17096546239520347,success
621,2000,8,3,2.0,3.200000000000001,0.1,0.5800000000000001,5.0,4,0,314,186,0,0.5022776987000703,0.17251031297971936,success
622,2000,8,3,2.0,3.200000000000001,0.1,0.5900000000000001,5.0,4,0,310,190,0,0.5028402105951584,0.17418248847526446,success
625,2000,8,3,2.0,3.200000000000001,0.1,0.6200000000000001,5.0,4,1,299,200,0,0.5031073255407824,0.17242148256842918,success
623,2000,8,3,2.0,3.200000000000001,0.1,0.6000000000000001,5.0,4,0,307,193,0,0.5038275338700565,0.17588210192731935,success
626,2000,8,3,2.0,3.200000000000001,0.1,0.6300000000000001,5.0,4,0,292,208,0,0.5098744950498958,0.17456446870574208,success
624,2000,8,3,2.0,3.200000000000001,0.1,0.6100000000000001,5.0,4,0,302,198,0,0.5047768054729532,0.17676898441730676,success
627,2000,8,3,2.0,3.200000000000001,0.1,0.6400000000000001,5.0,4,0,289,211,0,0.5140188566811927,0.17432670702084285,success
628,2000,8,3,2.0,3.200000000000001,0.1,0.6500000000000001,5.0,4,0,285,215,0,0.5156360819739909,0.17443132298752678,success
629,2000,8,3,2.0,3.200000000000001,0.1,0.6600000000000001,5.0,4,1,283,216,0,0.5179403774923347,0.17963341659456267,success
630,2000,8,3,2.0,3.200000000000001,0.1,0.6700000000000002,5.0,4,0,279,221,0,0.5261277108154909,0.18608673964231995,success
631,2000,8,3,2.0,3.200000000000001,0.1,0.6800000000000002,5.0,4,0,276,224,0,0.5253878147496595,0.18360111747776886,success
632,2000,8,3,2.0,3.200000000000001,0.1,0.6900000000000002,5.0,4,0,273,227,0,0.5253745253790051,0.18321823219626523,success
633,2000,8,3,2.0,3.200000000000001,0.1,0.7000000000000002,5.0,4,1,269,230,0,0.5258611467154996,0.18846009563034594,success
634,2000,8,3,2.0,3.200000000000001,0.1,0.7100000000000002,5.0,4,1,265,234,0,0.5278425238907647,0.18802527115529902,success
635,2000,8,3,2.0,3.200000000000001,0.1,0.7200000000000002,5.0,4,2,257,241,0,0.5285954249771537,0.18976828109713034,success
636,2000,8,3,2.0,3.200000000000001,0.1,0.7300000000000002,5.0,4,3,255,242,0,0.5312275058364637,0.19052843389741525,success
637,2000,8,3,2.0,3.200000000000001,0.1,0.7400000000000002,5.0,4,2,249,249,0,0.5270903774711624,0.19439406123711733,success
638,2000,8,3,2.0,3.200000000000001,0.1,0.7500000000000002,5.0,4,2,246,252,0,0.5297294547422385,0.19275610699904208,success
640,2000,8,3,2.0,3.200000000000001,0.1,0.7700000000000002,5.0,4,3,243,254,0,0.5373065730419202,0.19833850564892808,success
639,2000,8,3,2.0,3.200000000000001,0.1,0.7600000000000002,5.0,4,4,243,253,0,0.5318882854297908,0.1952812782136961,success
641,2000,8,3,2.0,3.200000000000001,0.1,0.7800000000000002,5.0,4,5,238,257,0,0.5347250686518505,0.19710908799728083,success
642,2000,8,3,2.0,3.200000000000001,0.1,0.7900000000000003,5.0,4,5,233,262,0,0.534701093442455,0.20236519946889986,success
655,2000,8,3,2.0,3.200000000000001,0.1,0.9200000000000004,5.0,4,21,204,275,0,0.554063624388466,0.19414565654508587,success
643,2000,8,3,2.0,3.200000000000001,0.1,0.8000000000000003,5.0,4,4,231,265,0,0.5380617240478432,0.20315056281225274,success
644,2000,8,3,2.0,3.200000000000001,0.1,0.8100000000000003,5.0,4,8,230,262,0,0.5351319991869622,0.19762505695006963,success
657,2000,8,3,2.0,3.200000000000001,0.1,0.9400000000000004,5.0,4,24,194,282,0,0.5582357090653461,0.19864707164295092,success
647,2000,8,3,2.0,3.200000000000001,0.1,0.8400000000000003,5.0,4,11,222,267,0,0.5417504510492157,0.19738532174995288,success
646,2000,8,3,2.0,3.200000000000001,0.1,0.8300000000000003,5.0,4,9,224,267,0,0.5431909000560992,0.1977264663564131,success
645,2000,8,3,2.0,3.200000000000001,0.1,0.8200000000000003,5.0,4,7,227,266,0,0.5420779751053674,0.20075934735713608,success
659,2000,8,3,2.0,3.200000000000001,0.1,0.9600000000000004,5.0,4,24,189,287,0,0.5652808752057222,0.1992543203203913,success
648,2000,8,3,2.0,3.200000000000001,0.1,0.8500000000000003,5.0,4,11,220,269,0,0.548381477351729,0.20015158218684878,success
649,2000,8,3,2.0,3.200000000000001,0.1,0.8600000000000003,5.0,4,12,219,269,0,0.5462471140334909,0.1979124729766506,success
650,2000,8,3,2.0,3.200000000000001,0.1,0.8700000000000003,5.0,4,14,215,271,0,0.5441798631345536,0.2001275589091302,success
652,2000,8,3,2.0,3.200000000000001,0.1,0.8900000000000003,5.0,4,22,208,270,0,0.5368717485669677,0.19104952925613775,success
660,2000,8,3,2.0,3.200000000000001,0.1,0.9700000000000004,5.0,4,25,187,288,0,0.5682338749498871,0.1996718727456052,success
661,2000,8,3,2.0,3.200000000000001,0.1,0.9800000000000004,5.0,4,27,184,289,0,0.5687714783793653,0.19513463578940413,success
651,2000,8,3,2.0,3.200000000000001,0.1,0.8800000000000003,5.0,4,13,210,277,0,0.5476258620441791,0.20148271690510375,success
653,2000,8,3,2.0,3.200000000000001,0.1,0.9000000000000004,5.0,4,19,206,275,0,0.544422809716197,0.1944525008994828,success
663,2000,8,3,2.0,3.200000000000001,0.1,1.0000000000000004,5.0,4,26,180,294,0,0.574439638069011,0.20246256770475454,success
662,2000,8,3,2.0,3.200000000000001,0.1,0.9900000000000004,5.0,4,22,181,297,0,0.5763765072026301,0.20147907514526425,success
654,2000,8,3,2.0,3.200000000000001,0.1,0.9100000000000004,5.0,4,16,204,280,0,0.552890864280882,0.19654493778124685,success
656,2000,8,3,2.0,3.200000000000001,0.1,0.9300000000000004,5.0,4,21,200,279,0,0.5551747157554464,0.19545294354911977,success
664,2000,8,3,2.0,3.300000000000001,0.1,0.5,5.0,4,0,355,145,0,0.4648055388970761,0.16220163041109475,success
665,2000,8,3,2.0,3.300000000000001,0.1,0.51,5.0,4,0,350,150,0,0.465315717225846,0.16540448964364465,success
666,2000,8,3,2.0,3.300000000000001,0.1,0.52,5.0,4,0,348,152,0,0.47107557289405055,0.1613851557072917,success
667,2000,8,3,2.0,3.300000000000001,0.1,0.53,5.0,4,0,344,156,0,0.4765594893095924,0.16140091000206053,success
668,2000,8,3,2.0,3.300000000000001,0.1,0.54,5.0,4,0,339,161,0,0.47500207929637217,0.16607136135170056,success
658,2000,8,3,2.0,3.200000000000001,0.1,0.9500000000000004,5.0,4,26,193,281,0,0.5604281316542933,0.19781995567873611,success
669,2000,8,3,2.0,3.300000000000001,0.1,0.55,5.0,4,0,336,164,0,0.47616610594584396,0.16089044321465745,success
671,2000,8,3,2.0,3.300000000000001,0.1,0.5700000000000001,5.0,4,0,332,168,0,0.4819610076234903,0.16960955444069484,success
672,2000,8,3,2.0,3.300000000000001,0.1,0.5800000000000001,5.0,4,1,329,170,0,0.48578572288350585,0.1695745673059464,success
670,2000,8,3,2.0,3.300000000000001,0.1,0.56,5.0,4,0,334,166,0,0.4784798588688391,0.16339557537555488,success
675,2000,8,3,2.0,3.300000000000001,0.1,0.6100000000000001,5.0,4,0,317,183,0,0.48789745484074243,0.17132395150779386,success
678,2000,8,3,2.0,3.300000000000001,0.1,0.6400000000000001,5.0,4,0,308,192,0,0.4944500153691748,0.16363092534094367,success
682,2000,8,3,2.0,3.300000000000001,0.1,0.6800000000000002,5.0,4,0,297,203,0,0.5014996197035964,0.16742112466531794,success
687,2000,8,3,2.0,3.300000000000001,0.1,0.7300000000000002,5.0,4,0,280,220,0,0.51199017112297,0.1731898988238224,success
673,2000,8,3,2.0,3.300000000000001,0.1,0.5900000000000001,5.0,4,0,326,174,0,0.48845658134722947,0.17010115814412544,success
688,2000,8,3,2.0,3.300000000000001,0.1,0.7400000000000002,5.0,4,0,277,223,0,0.5096822180071183,0.17730686029411988,success
691,2000,8,3,2.0,3.300000000000001,0.1,0.7700000000000002,5.0,4,0,269,231,0,0.5200661116292621,0.18545066893341855,success
674,2000,8,3,2.0,3.300000000000001,0.1,0.6000000000000001,5.0,4,0,322,178,0,0.4872626907451084,0.16918130257269184,success
692,2000,8,3,2.0,3.300000000000001,0.1,0.7800000000000002,5.0,4,1,266,233,0,0.519594242740229,0.18420679102810636,success
695,2000,8,3,2.0,3.300000000000001,0.1,0.8100000000000003,5.0,4,2,258,240,0,0.5192156562821673,0.1870677269757671,success
696,2000,8,3,2.0,3.300000000000001,0.1,0.8200000000000003,5.0,4,1,255,244,0,0.5256769830550517,0.18923786090165876,success
677,2000,8,3,2.0,3.300000000000001,0.1,0.6300000000000001,5.0,4,0,311,189,0,0.4931538245502139,0.16696996184798835,success
697,2000,8,3,2.0,3.300000000000001,0.1,0.8300000000000003,5.0,4,1,251,248,0,0.529388109338718,0.1918644078143823,success
698,2000,8,3,2.0,3.300000000000001,0.1,0.8400000000000003,5.0,4,4,249,247,0,0.5251761509484383,0.18895663142264027,success
676,2000,8,3,2.0,3.300000000000001,0.1,0.6200000000000001,5.0,4,0,316,184,0,0.48782428485070284,0.16666102247867365,success
699,2000,8,3,2.0,3.300000000000001,0.1,0.8500000000000003,5.0,4,4,249,247,0,0.531701626945922,0.1923517643886234,success
681,2000,8,3,2.0,3.300000000000001,0.1,0.6700000000000002,5.0,4,0,299,201,0,0.500410810165693,0.16668058456239299,success
679,2000,8,3,2.0,3.300000000000001,0.1,0.6500000000000001,5.0,4,0,306,194,0,0.49633090054868184,0.16392684916412203,success
680,2000,8,3,2.0,3.300000000000001,0.1,0.6600000000000001,5.0,4,0,303,197,0,0.49855227648608685,0.16625269973672616,success
683,2000,8,3,2.0,3.300000000000001,0.1,0.6900000000000002,5.0,4,0,296,204,0,0.5047599963467759,0.16655968249976824,success
684,2000,8,3,2.0,3.300000000000001,0.1,0.7000000000000002,5.0,4,0,292,208,0,0.5065102325028102,0.17195741665104458,success
685,2000,8,3,2.0,3.300000000000001,0.1,0.7100000000000002,5.0,4,0,289,211,0,0.5093212362614387,0.17422795371860897,success
686,2000,8,3,2.0,3.300000000000001,0.1,0.7200000000000002,5.0,4,0,283,217,0,0.5088493729463588,0.17185612549469856,success
701,2000,8,3,2.0,3.300000000000001,0.1,0.8700000000000003,5.0,4,5,244,251,0,0.5305779667917295,0.1940123233844548,success
689,2000,8,3,2.0,3.300000000000001,0.1,0.7500000000000002,5.0,4,0,275,225,0,0.5164327573666626,0.18075154279756916,success
702,2000,8,3,2.0,3.300000000000001,0.1,0.8800000000000003,5.0,4,6,241,253,0,0.5302842209425039,0.19217587874906294,success
690,2000,8,3,2.0,3.300000000000001,0.1,0.7600000000000002,5.0,4,1,269,230,0,0.5171263246726371,0.18416464673131988,success
703,2000,8,3,2.0,3.300000000000001,0.1,0.8900000000000003,5.0,4,7,240,253,0,0.5318154803521946,0.1915817390198485,success
704,2000,8,3,2.0,3.300000000000001,0.1,0.9000000000000004,5.0,4,10,238,252,0,0.5282392716972243,0.1884178566415571,success
694,2000,8,3,2.0,3.300000000000001,0.1,0.8000000000000003,5.0,4,1,260,239,0,0.5214403665297933,0.18691495427836516,success
693,2000,8,3,2.0,3.300000000000001,0.1,0.7900000000000003,5.0,4,1,261,238,0,0.521715364253357,0.1891310466275739,success
700,2000,8,3,2.0,3.300000000000001,0.1,0.8600000000000003,5.0,4,4,247,249,0,0.5318082054563319,0.19313529196075796,success
705,2000,8,3,2.0,3.300000000000001,0.1,0.9100000000000004,5.0,4,6,237,257,0,0.5416441730196574,0.1982528427274606,success
706,2000,8,3,2.0,3.300000000000001,0.1,0.9200000000000004,5.0,4,8,237,255,0,0.5410726700335614,0.19219964837190393,success
707,2000,8,3,2.0,3.300000000000001,0.1,0.9300000000000004,5.0,4,9,233,258,0,0.5407909101876537,0.19221215464028385,success
708,2000,8,3,2.0,3.300000000000001,0.1,0.9400000000000004,5.0,4,8,229,263,0,0.5473806558222793,0.19557341377561155,success
711,2000,8,3,2.0,3.300000000000001,0.1,0.9700000000000004,5.0,4,12,223,265,0,0.5501156113274551,0.19849303746846553,success
710,2000,8,3,2.0,3.300000000000001,0.1,0.9600000000000004,5.0,4,10,224,266,0,0.5490068193386856,0.19698651362515898,success
713,2000,8,3,2.0,3.300000000000001,0.1,0.9900000000000004,5.0,4,14,218,268,0,0.5519391726953989,0.19231233167504228,success
714,2000,8,3,2.0,3.300000000000001,0.1,1.0000000000000004,5.0,4,14,216,270,0,0.5551952083259392,0.19618980203612918,success
715,2000,8,3,2.0,3.4000000000000012,0.1,0.5,5.0,4,0,366,134,0,0.44931525903334585,0.16485903388226006,success
717,2000,8,3,2.0,3.4000000000000012,0.1,0.52,5.0,4,1,358,141,0,0.4515823723631788,0.15949568245518247,success
718,2000,8,3,2.0,3.4000000000000012,0.1,0.53,5.0,4,0,354,146,0,0.4560917221347216,0.16350807734515246,success
720,2000,8,3,2.0,3.4000000000000012,0.1,0.55,5.0,4,0,348,152,0,0.45707006532885264,0.1617251224441368,success
709,2000,8,3,2.0,3.300000000000001,0.1,0.9500000000000004,5.0,4,9,226,265,0,0.5490613083226638,0.19742691926200812,success
712,2000,8,3,2.0,3.300000000000001,0.1,0.9800000000000004,5.0,4,12,219,269,0,0.5508588888160588,0.19351796594610726,success
728,2000,8,3,2.0,3.4000000000000012,0.1,0.6300000000000001,5.0,4,0,326,174,0,0.47672999191248333,0.1640318234702979,success
730,2000,8,3,2.0,3.4000000000000012,0.1,0.6500000000000001,5.0,4,0,320,180,0,0.48096496752304857,0.1614593723652828,success
732,2000,8,3,2.0,3.4000000000000012,0.1,0.6700000000000002,5.0,4,0,313,187,0,0.48449691533594763,0.1646060400935461,success
733,2000,8,3,2.0,3.4000000000000012,0.1,0.6800000000000002,5.0,4,0,309,191,0,0.485567235770584,0.16372214495210397,success
716,2000,8,3,2.0,3.4000000000000012,0.1,0.51,5.0,4,0,360,140,0,0.44772590977180926,0.16397435724418574,success
719,2000,8,3,2.0,3.4000000000000012,0.1,0.54,5.0,4,0,349,151,0,0.4535710021102755,0.16544869255107178,success
721,2000,8,3,2.0,3.4000000000000012,0.1,0.56,5.0,4,0,346,154,0,0.4602787042625091,0.16595823774485244,success
723,2000,8,3,2.0,3.4000000000000012,0.1,0.5800000000000001,5.0,4,0,342,158,0,0.46751378736934723,0.16572508507401523,success
722,2000,8,3,2.0,3.4000000000000012,0.1,0.5700000000000001,5.0,4,0,345,155,0,0.4645803869789567,0.16782456045395902,success
724,2000,8,3,2.0,3.4000000000000012,0.1,0.5900000000000001,5.0,4,0,339,161,0,0.4687949955402249,0.16542595866618112,success
725,2000,8,3,2.0,3.4000000000000012,0.1,0.6000000000000001,5.0,4,0,335,165,0,0.4703898729727278,0.1690296492033593,success
727,2000,8,3,2.0,3.4000000000000012,0.1,0.6200000000000001,5.0,4,0,331,169,0,0.4712017107168591,0.1653807449877492,success
726,2000,8,3,2.0,3.4000000000000012,0.1,0.6100000000000001,5.0,4,0,332,168,0,0.4715480235812589,0.16709377104371947,success
729,2000,8,3,2.0,3.4000000000000012,0.1,0.6400000000000001,5.0,4,0,323,177,0,0.47980519971586405,0.16299269453506515,success
731,2000,8,3,2.0,3.4000000000000012,0.1,0.6600000000000001,5.0,4,0,317,183,0,0.48181355298916007,0.1632205977108643,success
734,2000,8,3,2.0,3.4000000000000012,0.1,0.6900000000000002,5.0,4,0,309,191,0,0.48759390864016655,0.16305974596389175,success
735,2000,8,3,2.0,3.4000000000000012,0.1,0.7000000000000002,5.0,4,0,306,194,0,0.486188986086499,0.1642508255571232,success
736,2000,8,3,2.0,3.4000000000000012,0.1,0.7100000000000002,5.0,4,1,303,196,0,0.48707058041461976,0.16202246055437125,success
737,2000,8,3,2.0,3.4000000000000012,0.1,0.7200000000000002,5.0,4,1,298,201,0,0.4863188925348442,0.1691032719507023,success
738,2000,8,3,2.0,3.4000000000000012,0.1,0.7300000000000002,5.0,4,1,295,204,0,0.4900850450895502,0.17068419316641484,success
739,2000,8,3,2.0,3.4000000000000012,0.1,0.7400000000000002,5.0,4,0,293,207,0,0.48911770205875316,0.17533819010971452,success
740,2000,8,3,2.0,3.4000000000000012,0.1,0.7500000000000002,5.0,4,1,291,208,0,0.49044119906673295,0.1724906495402544,success
742,2000,8,3,2.0,3.4000000000000012,0.1,0.7700000000000002,5.0,4,0,285,215,0,0.49575434463491996,0.1788490940084032,success
741,2000,8,3,2.0,3.4000000000000012,0.1,0.7600000000000002,5.0,4,0,285,215,0,0.49286577318587843,0.17689514084829025,success
743,2000,8,3,2.0,3.4000000000000012,0.1,0.7800000000000002,5.0,4,1,283,216,0,0.4941850809405563,0.17621425553758763,success
744,2000,8,3,2.0,3.4000000000000012,0.1,0.7900000000000003,5.0,4,0,278,222,0,0.49664578988774977,0.18088274210670774,success
748,2000,8,3,2.0,3.4000000000000012,0.1,0.8300000000000003,5.0,4,1,267,232,0,0.49976458795147066,0.18296244523294036,success
746,2000,8,3,2.0,3.4000000000000012,0.1,0.8100000000000003,5.0,4,2,276,222,0,0.49436786055801246,0.17929870177695625,success
747,2000,8,3,2.0,3.4000000000000012,0.1,0.8200000000000003,5.0,4,2,273,225,0,0.49701274458415395,0.1796778970044992,success
745,2000,8,3,2.0,3.4000000000000012,0.1,0.8000000000000003,5.0,4,1,278,221,0,0.49874442658768675,0.18183240240712104,success
751,2000,8,3,2.0,3.4000000000000012,0.1,0.8600000000000003,5.0,4,3,263,234,0,0.5017949224288494,0.1834333584778303,success
752,2000,8,3,2.0,3.4000000000000012,0.1,0.8700000000000003,5.0,4,2,260,238,0,0.503256370404781,0.18793773345630393,success
753,2000,8,3,2.0,3.4000000000000012,0.1,0.8800000000000003,5.0,4,4,258,238,0,0.5026307638334858,0.18497567194117548,success
754,2000,8,3,2.0,3.4000000000000012,0.1,0.8900000000000003,5.0,4,4,257,239,0,0.506444915996147,0.18793555072377977,success
749,2000,8,3,2.0,3.4000000000000012,0.1,0.8400000000000003,5.0,4,1,265,234,0,0.5001497302291658,0.18360276266100675,success
750,2000,8,3,2.0,3.4000000000000012,0.1,0.8500000000000003,5.0,4,2,265,233,0,0.5026895205892306,0.18392863785334684,success
756,2000,8,3,2.0,3.4000000000000012,0.1,0.9100000000000004,5.0,4,2,253,245,0,0.5158176836279872,0.19245172122392964,success
755,2000,8,3,2.0,3.4000000000000012,0.1,0.9000000000000004,5.0,4,3,255,242,0,0.511791193288418,0.19129739223816655,success
757,2000,8,3,2.0,3.4000000000000012,0.1,0.9200000000000004,5.0,4,0,253,247,0,0.5219508049108479,0.19493963308592685,success
758,2000,8,3,2.0,3.4000000000000012,0.1,0.9300000000000004,5.0,4,2,250,248,0,0.5190470056078526,0.1905230413066319,success
759,2000,8,3,2.0,3.4000000000000012,0.1,0.9400000000000004,5.0,4,3,246,251,0,0.5200758638615757,0.18945077022610438,success
760,2000,8,3,2.0,3.4000000000000012,0.1,0.9500000000000004,5.0,4,3,243,254,0,0.5237977136693379,0.19130711364312644,success
761,2000,8,3,2.0,3.4000000000000012,0.1,0.9600000000000004,5.0,4,2,242,256,0,0.52709069092912,0.19126635905884304,success
763,2000,8,3,2.0,3.4000000000000012,0.1,0.9800000000000004,5.0,4,5,238,257,0,0.5284358200211283,0.19405290686245624,success
762,2000,8,3,2.0,3.4000000000000012,0.1,0.9700000000000004,5.0,4,5,241,254,0,0.5264977154272668,0.1909083631778379,success
764,2000,8,3,2.0,3.4000000000000012,0.1,0.9900000000000004,5.0,4,4,238,258,0,0.5317033356049805,0.19308546242030408,success
765,2000,8,3,2.0,3.4000000000000012,0.1,1.0000000000000004,5.0,4,5,235,260,0,0.5306101106258111,0.19336658409274765,success
766,2000,8,3,2.0,3.5000000000000013,0.1,0.5,5.0,4,0,380,120,0,0.44312555224102573,0.16361527374956691,success
767,2000,8,3,2.0,3.5000000000000013,0.1,0.51,5.0,4,0,376,124,0,0.43989414188182463,0.1641778968508862,success
768,2000,8,3,2.0,3.5000000000000013,0.1,0.52,5.0,4,0,374,126,0,0.4473791269574964,0.1608019039123643,success
769,2000,8,3,2.0,3.5000000000000013,0.1,0.53,5.0,4,0,369,131,0,0.44666550313504594,0.16148017296676426,success
770,2000,8,3,2.0,3.5000000000000013,0.1,0.54,5.0,4,0,366,134,0,0.4472465128403385,0.16307698495081482,success
772,2000,8,3,2.0,3.5000000000000013,0.1,0.56,5.0,4,0,363,137,0,0.4517685569706517,0.16130571187869105,success
771,2000,8,3,2.0,3.5000000000000013,0.1,0.55,5.0,4,0,364,136,0,0.44944396702354183,0.16242171349230136,success
773,2000,8,3,2.0,3.5000000000000013,0.1,0.5700000000000001,5.0,4,0,362,138,0,0.4548535861731116,0.1623185558911777,success
774,2000,8,3,2.0,3.5000000000000013,0.1,0.5800000000000001,5.0,4,0,359,141,0,0.45525120361375165,0.15970903192105793,success
775,2000,8,3,2.0,3.5000000000000013,0.1,0.5900000000000001,5.0,4,1,356,143,0,0.45349434289762175,0.1556838680397245,success
776,2000,8,3,2.0,3.5000000000000013,0.1,0.6000000000000001,5.0,4,0,352,148,0,0.45526116027054636,0.16200369269380532,success
777,2000,8,3,2.0,3.5000000000000013,0.1,0.6100000000000001,5.0,4,0,350,150,0,0.4567201247203921,0.15943749788332218,success
780,2000,8,3,2.0,3.5000000000000013,0.1,0.6400000000000001,5.0,4,0,340,160,0,0.46446269741734963,0.15322550260533813,success
778,2000,8,3,2.0,3.5000000000000013,0.1,0.6200000000000001,5.0,4,0,348,152,0,0.4559369907396782,0.158476187728652,success
779,2000,8,3,2.0,3.5000000000000013,0.1,0.6300000000000001,5.0,4,0,343,157,0,0.4586123405719161,0.15560438272752827,success
782,2000,8,3,2.0,3.5000000000000013,0.1,0.6600000000000001,5.0,4,2,334,164,0,0.46475425097508627,0.1527818466418517,success
781,2000,8,3,2.0,3.5000000000000013,0.1,0.6500000000000001,5.0,4,0,338,162,0,0.46705853563793426,0.15629901917375855,success
783,2000,8,3,2.0,3.5000000000000013,0.1,0.6700000000000002,5.0,4,0,331,169,0,0.4727115417641152,0.16147597649901133,success
784,2000,8,3,2.0,3.5000000000000013,0.1,0.6800000000000002,5.0,4,1,328,171,0,0.47165208665072983,0.15515703665933112,success
786,2000,8,3,2.0,3.5000000000000013,0.1,0.7000000000000002,5.0,4,0,323,177,0,0.4733519556866507,0.16140935655169314,success
785,2000,8,3,2.0,3.5000000000000013,0.1,0.6900000000000002,5.0,4,0,325,175,0,0.4733051392900039,0.15779767468578973,success
787,2000,8,3,2.0,3.5000000000000013,0.1,0.7100000000000002,5.0,4,0,321,179,0,0.4738100258541718,0.16021966881948024,success
788,2000,8,3,2.0,3.5000000000000013,0.1,0.7200000000000002,5.0,4,1,316,183,0,0.4684260189983679,0.1609564789420844,success
789,2000,8,3,2.0,3.5000000000000013,0.1,0.7300000000000002,5.0,4,0,313,187,0,0.4735932473749949,0.16440138742868576,success
790,2000,8,3,2.0,3.5000000000000013,0.1,0.7400000000000002,5.0,4,1,311,188,0,0.4690665728020265,0.1627857550913654,success
793,2000,8,3,2.0,3.5000000000000013,0.1,0.7700000000000002,5.0,4,0,307,193,0,0.47550754700382164,0.16269019938692314,success
792,2000,8,3,2.0,3.5000000000000013,0.1,0.7600000000000002,5.0,4,0,307,193,0,0.47399179727728297,0.1627998445443858,success
791,2000,8,3,2.0,3.5000000000000013,0.1,0.7500000000000002,5.0,4,1,311,188,0,0.4738023217726319,0.1612295792146121,success
794,2000,8,3,2.0,3.5000000000000013,0.1,0.7800000000000002,5.0,4,0,306,194,0,0.47532830570215556,0.16120014896147022,success
796,2000,8,3,2.0,3.5000000000000013,0.1,0.8000000000000003,5.0,4,1,302,197,0,0.4750119657607684,0.16425100978656113,success
795,2000,8,3,2.0,3.5000000000000013,0.1,0.7900000000000003,5.0,4,1,302,197,0,0.47205820677538857,0.1615289931674469,success
797,2000,8,3,2.0,3.5000000000000013,0.1,0.8100000000000003,5.0,4,0,300,200,0,0.475218332878271,0.169180708532577,success
798,2000,8,3,2.0,3.5000000000000013,0.1,0.8200000000000003,5.0,4,1,297,202,0,0.47386274796852196,0.16522850163048164,success
799,2000,8,3,2.0,3.5000000000000013,0.1,0.8300000000000003,5.0,4,0,290,210,0,0.47060448331474725,0.17225482548764162,success
800,2000,8,3,2.0,3.5000000000000013,0.1,0.8400000000000003,5.0,4,0,289,211,0,0.4713762146839112,0.1716085745779839,success
801,2000,8,3,2.0,3.5000000000000013,0.1,0.8500000000000003,5.0,4,2,289,209,0,0.4731346299685225,0.17063950367792724,success
802,2000,8,3,2.0,3.5000000000000013,0.1,0.8600000000000003,5.0,4,2,288,210,0,0.4758296370105447,0.17171847312396527,success
804,2000,8,3,2.0,3.5000000000000013,0.1,0.8800000000000003,5.0,4,2,285,213,0,0.4828131090293874,0.17711479922058793,success
803,2000,8,3,2.0,3.5000000000000013,0.1,0.8700000000000003,5.0,4,1,286,213,0,0.4795219014325941,0.17527068580148028,success
805,2000,8,3,2.0,3.5000000000000013,0.1,0.8900000000000003,5.0,4,2,285,213,0,0.48572867532209296,0.17770256064925538,success
806,2000,8,3,2.0,3.5000000000000013,0.1,0.9000000000000004,5.0,4,1,283,216,0,0.48684914410226693,0.1808290702149295,success
807,2000,8,3,2.0,3.5000000000000013,0.1,0.9100000000000004,5.0,4,1,282,217,0,0.48854205115218075,0.18026872319294804,success
808,2000,8,3,2.0,3.5000000000000013,0.1,0.9200000000000004,5.0,4,1,282,217,0,0.4944771725899568,0.18266322345402372,success
809,2000,8,3,2.0,3.5000000000000013,0.1,0.9300000000000004,5.0,4,2,278,220,0,0.49094199643644393,0.17929117576441272,success
810,2000,8,3,2.0,3.5000000000000013,0.1,0.9400000000000004,5.0,4,0,276,224,0,0.49475906815610277,0.18207341144474096,success
812,2000,8,3,2.0,3.5000000000000013,0.1,0.9600000000000004,5.0,4,2,273,225,0,0.49737918931906266,0.1801942279596611,success
811,2000,8,3,2.0,3.5000000000000013,0.1,0.9500000000000004,5.0,4,3,275,222,0,0.4934115127127632,0.1778175319007061,success
813,2000,8,3,2.0,3.5000000000000013,0.1,0.9700000000000004,5.0,4,3,272,225,0,0.4964237675317003,0.17846822122146772,success
814,2000,8,3,2.0,3.5000000000000013,0.1,0.9800000000000004,5.0,4,3,270,227,0,0.4983253222917663,0.17787383302581875,success
815,2000,8,3,2.0,3.5000000000000013,0.1,0.9900000000000004,5.0,4,4,269,227,0,0.499862492804321,0.17594875420458184,success
816,2000,8,3,2.0,3.5000000000000013,0.1,1.0000000000000004,5.0,4,3,267,230,0,0.5047472115107193,0.18137580034851247,success
817,2000,8,3,2.0,3.6000000000000014,0.1,0.5,5.0,4,0,389,111,0,0.43150226934564506,0.15062708134536776,success
818,2000,8,3,2.0,3.6000000000000014,0.1,0.51,5.0,4,0,386,114,0,0.4283051673746034,0.15337992831815855,success
819,2000,8,3,2.0,3.6000000000000014,0.1,0.52,5.0,4,0,384,116,0,0.4340315296227163,0.14868166902636523,success
821,2000,8,3,2.0,3.6000000000000014,0.1,0.54,5.0,4,0,377,123,0,0.43839647661414655,0.15270139169272662,success
820,2000,8,3,2.0,3.6000000000000014,0.1,0.53,5.0,4,0,380,120,0,0.4326779537472608,0.15032041186699957,success
825,2000,8,3,2.0,3.6000000000000014,0.1,0.5800000000000001,5.0,4,0,372,128,0,0.4459115014095453,0.14841604034220693,success
822,2000,8,3,2.0,3.6000000000000014,0.1,0.55,5.0,4,0,376,124,0,0.4399627472261035,0.15402097611188778,success
823,2000,8,3,2.0,3.6000000000000014,0.1,0.56,5.0,4,1,375,124,0,0.43767985643637963,0.1475010301586388,success
824,2000,8,3,2.0,3.6000000000000014,0.1,0.5700000000000001,5.0,4,0,374,126,0,0.44333367513122257,0.15111506781027778,success
827,2000,8,3,2.0,3.6000000000000014,0.1,0.6000000000000001,5.0,4,0,367,133,0,0.44477246666175924,0.1497645423678213,success
828,2000,8,3,2.0,3.6000000000000014,0.1,0.6100000000000001,5.0,4,0,366,134,0,0.44660767359073,0.1476125936323187,success
826,2000,8,3,2.0,3.6000000000000014,0.1,0.5900000000000001,5.0,4,0,370,130,0,0.4465301971748203,0.1476541278405725,success
829,2000,8,3,2.0,3.6000000000000014,0.1,0.6200000000000001,5.0,4,0,364,136,0,0.44562965615525263,0.14833346564813174,success
830,2000,8,3,2.0,3.6000000000000014,0.1,0.6300000000000001,5.0,4,0,359,141,0,0.4467186068815011,0.1446617166150561,success
831,2000,8,3,2.0,3.6000000000000014,0.1,0.6400000000000001,5.0,4,0,358,142,0,0.4514756774310088,0.14303496809758098,success
832,2000,8,3,2.0,3.6000000000000014,0.1,0.6500000000000001,5.0,4,0,356,144,0,0.45320603779775415,0.14549455941392322,success
833,2000,8,3,2.0,3.6000000000000014,0.1,0.6600000000000001,5.0,4,1,353,146,0,0.45114511934624707,0.14248494466162054,success
834,2000,8,3,2.0,3.6000000000000014,0.1,0.6700000000000002,5.0,4,0,350,150,0,0.4548921423238537,0.14405277237719213,success
835,2000,8,3,2.0,3.6000000000000014,0.1,0.6800000000000002,5.0,4,0,348,152,0,0.4592971617800986,0.14558451328187885,success
836,2000,8,3,2.0,3.6000000000000014,0.1,0.6900000000000002,5.0,4,0,345,155,0,0.4577417812060026,0.14477752822619333,success
837,2000,8,3,2.0,3.6000000000000014,0.1,0.7000000000000002,5.0,4,0,343,157,0,0.45627676506514264,0.1459720847375993,success
838,2000,8,3,2.0,3.6000000000000014,0.1,0.7100000000000002,5.0,4,0,342,158,0,0.4576053733263457,0.14513729203126893,success
839,2000,8,3,2.0,3.6000000000000014,0.1,0.7200000000000002,5.0,4,0,339,161,0,0.4551099641852161,0.1488230642632944,success
840,2000,8,3,2.0,3.6000000000000014,0.1,0.7300000000000002,5.0,4,0,337,163,0,0.45505898837905007,0.14699624603917325,success
841,2000,8,3,2.0,3.6000000000000014,0.1,0.7400000000000002,5.0,4,0,336,164,0,0.4558782706116987,0.14980794460437222,success
843,2000,8,3,2.0,3.6000000000000014,0.1,0.7600000000000002,5.0,4,0,331,169,0,0.45563026628118714,0.14795392052143394,success
844,2000,8,3,2.0,3.6000000000000014,0.1,0.7700000000000002,5.0,4,0,330,170,0,0.4558913022099694,0.1472638309777652,success
842,2000,8,3,2.0,3.6000000000000014,0.1,0.7500000000000002,5.0,4,0,335,165,0,0.4589951832091863,0.1508954717698465,success
845,2000,8,3,2.0,3.6000000000000014,0.1,0.7800000000000002,5.0,4,0,329,171,0,0.4546544047431162,0.14285217047654503,success
846,2000,8,3,2.0,3.6000000000000014,0.1,0.7900000000000003,5.0,4,0,326,174,0,0.45369879550738246,0.1437219650761543,success
847,2000,8,3,2.0,3.6000000000000014,0.1,0.8000000000000003,5.0,4,0,326,174,0,0.45543027068792746,0.14534668733400719,success
848,2000,8,3,2.0,3.6000000000000014,0.1,0.8100000000000003,5.0,4,0,324,176,0,0.454469298368461,0.14872679574017794,success
849,2000,8,3,2.0,3.6000000000000014,0.1,0.8200000000000003,5.0,4,0,321,179,0,0.45644070930362013,0.14983445855207392,success
850,2000,8,3,2.0,3.6000000000000014,0.1,0.8300000000000003,5.0,4,0,317,183,0,0.45327058191843633,0.15366755254427075,success
851,2000,8,3,2.0,3.6000000000000014,0.1,0.8400000000000003,5.0,4,0,317,183,0,0.45518466177151934,0.15542676625050533,success
852,2000,8,3,2.0,3.6000000000000014,0.1,0.8500000000000003,5.0,4,0,316,184,0,0.45692425404328674,0.15454727827237844,success
853,2000,8,3,2.0,3.6000000000000014,0.1,0.8600000000000003,5.0,4,0,316,184,0,0.4569449153792964,0.15258779942347536,success
854,2000,8,3,2.0,3.6000000000000014,0.1,0.8700000000000003,5.0,4,0,315,185,0,0.4579126403876298,0.1520256633718544,success
856,2000,8,3,2.0,3.6000000000000014,0.1,0.8900000000000003,5.0,4,0,314,186,0,0.462591389976127,0.15442007093345,success
855,2000,8,3,2.0,3.6000000000000014,0.1,0.8800000000000003,5.0,4,0,314,186,0,0.4612706627329779,0.15585019943167502,success
857,2000,8,3,2.0,3.6000000000000014,0.1,0.9000000000000004,5.0,4,0,313,187,0,0.463524347140243,0.1549951624910466,success
858,2000,8,3,2.0,3.6000000000000014,0.1,0.9100000000000004,5.0,4,0,313,187,0,0.4674136552796486,0.15622953732783515,success
859,2000,8,3,2.0,3.6000000000000014,0.1,0.9200000000000004,5.0,4,2,313,185,0,0.4660909765766012,0.15092154616023148,success
861,2000,8,3,2.0,3.6000000000000014,0.1,0.9400000000000004,5.0,4,0,309,191,0,0.4706527717275459,0.15980747308196305,success
860,2000,8,3,2.0,3.6000000000000014,0.1,0.9300000000000004,5.0,4,0,311,189,0,0.4712436840031366,0.15813062551292104,success
862,2000,8,3,2.0,3.6000000000000014,0.1,0.9500000000000004,5.0,4,0,308,192,0,0.4751832278141412,0.15950729337510108,success
863,2000,8,3,2.0,3.6000000000000014,0.1,0.9600000000000004,5.0,4,1,306,193,0,0.47383412473908654,0.15610427927153792,success
864,2000,8,3,2.0,3.6000000000000014,0.1,0.9700000000000004,5.0,4,0,305,195,0,0.4766002666854248,0.15777144985624586,success
865,2000,8,3,2.0,3.6000000000000014,0.1,0.9800000000000004,5.0,4,1,303,196,0,0.4739343240901116,0.15432583497009728,success
866,2000,8,3,2.0,3.6000000000000014,0.1,0.9900000000000004,5.0,4,0,303,197,0,0.4790778724376491,0.15824113000887158,success
867,2000,8,3,2.0,3.6000000000000014,0.1,1.0000000000000004,5.0,4,1,300,199,0,0.47878682377718756,0.15606041717728578,success
868,2000,8,3,2.0,3.7000000000000015,0.1,0.5,5.0,4,0,399,101,0,0.42640507473037326,0.1465750484472668,success
869,2000,8,3,2.0,3.7000000000000015,0.1,0.51,5.0,4,0,396,104,0,0.422175583831395,0.14778764263366506,success
870,2000,8,3,2.0,3.7000000000000015,0.1,0.52,5.0,4,0,396,104,0,0.42815020385048513,0.14256604690243824,success
871,2000,8,3,2.0,3.7000000000000015,0.1,0.53,5.0,4,0,394,106,0,0.4268870907657613,0.14325195214743297,success
872,2000,8,3,2.0,3.7000000000000015,0.1,0.54,5.0,4,0,391,109,0,0.4326843368087522,0.1441798120267471,success
873,2000,8,3,2.0,3.7000000000000015,0.1,0.55,5.0,4,0,390,110,0,0.4341433086986477,0.14555931786541834,success
875,2000,8,3,2.0,3.7000000000000015,0.1,0.5700000000000001,5.0,4,0,388,112,0,0.436789461481257,0.14383171730149952,success
874,2000,8,3,2.0,3.7000000000000015,0.1,0.56,5.0,4,0,388,112,0,0.4397971062364793,0.15315821213151634,success
876,2000,8,3,2.0,3.7000000000000015,0.1,0.5800000000000001,5.0,4,0,386,114,0,0.4384764098253485,0.1425272837897309,success
877,2000,8,3,2.0,3.7000000000000015,0.1,0.5900000000000001,5.0,4,0,384,116,0,0.43929796938217786,0.14258207991705463,success
878,2000,8,3,2.0,3.7000000000000015,0.1,0.6000000000000001,5.0,4,0,380,120,0,0.4368850556952831,0.14378985770484787,success
879,2000,8,3,2.0,3.7000000000000015,0.1,0.6100000000000001,5.0,4,0,379,121,0,0.43721231196832294,0.14364250203729562,success
880,2000,8,3,2.0,3.7000000000000015,0.1,0.6200000000000001,5.0,4,0,377,123,0,0.43465478865274104,0.14217241075567694,success
881,2000,8,3,2.0,3.7000000000000015,0.1,0.6300000000000001,5.0,4,0,374,126,0,0.43575016966305663,0.14021049784822445,success
882,2000,8,3,2.0,3.7000000000000015,0.1,0.6400000000000001,5.0,4,0,373,127,0,0.43700351124642023,0.14042094893225432,success
883,2000,8,3,2.0,3.7000000000000015,0.1,0.6500000000000001,5.0,4,0,372,128,0,0.4382581427378404,0.14020053013839404,success
884,2000,8,3,2.0,3.7000000000000015,0.1,0.6600000000000001,5.0,4,1,370,129,0,0.4356489675705564,0.13466387225764753,success
889,2000,8,3,2.0,3.7000000000000015,0.1,0.7100000000000002,5.0,4,0,358,142,0,0.4341492157468665,0.1357661267298019,success
887,2000,8,3,2.0,3.7000000000000015,0.1,0.6900000000000002,5.0,4,0,361,139,0,0.4355553059538073,0.1391753853194202,success
886,2000,8,3,2.0,3.7000000000000015,0.1,0.6800000000000002,5.0,4,0,364,136,0,0.4380515125039306,0.13845466103364842,success
888,2000,8,3,2.0,3.7000000000000015,0.1,0.7000000000000002,5.0,4,0,359,141,0,0.4339174872258371,0.1397484857337894,success
885,2000,8,3,2.0,3.7000000000000015,0.1,0.6700000000000002,5.0,4,0,367,133,0,0.439122306567951,0.13577360832751795,success
891,2000,8,3,2.0,3.7000000000000015,0.1,0.7300000000000002,5.0,4,0,355,145,0,0.4344937869438938,0.13624067707115656,success
890,2000,8,3,2.0,3.7000000000000015,0.1,0.7200000000000002,5.0,4,0,356,144,0,0.43332319520885293,0.13790218963312983,success
892,2000,8,3,2.0,3.7000000000000015,0.1,0.7400000000000002,5.0,4,0,354,146,0,0.43432524430316766,0.13907800513676336,success
893,2000,8,3,2.0,3.7000000000000015,0.1,0.7500000000000002,5.0,4,0,353,147,0,0.4357628982029497,0.1387632772782707,success
894,2000,8,3,2.0,3.7000000000000015,0.1,0.7600000000000002,5.0,4,0,352,148,0,0.43900264262352556,0.13996652631654471,success
895,2000,8,3,2.0,3.7000000000000015,0.1,0.7700000000000002,5.0,4,0,351,149,0,0.43930827024314817,0.13991902920697702,success
896,2000,8,3,2.0,3.7000000000000015,0.1,0.7800000000000002,5.0,4,0,350,150,0,0.4388182207994615,0.1380927642527437,success
897,2000,8,3,2.0,3.7000000000000015,0.1,0.7900000000000003,5.0,4,0,347,153,0,0.4376028335650711,0.13867498462812894,success
898,2000,8,3,2.0,3.7000000000000015,0.1,0.8000000000000003,5.0,4,0,346,154,0,0.4387293053044347,0.14201072592913075,success
899,2000,8,3,2.0,3.7000000000000015,0.1,0.8100000000000003,5.0,4,0,346,154,0,0.44113214787746147,0.14520787999703336,success
902,2000,8,3,2.0,3.7000000000000015,0.1,0.8400000000000003,5.0,4,0,341,159,0,0.4415852526520327,0.14807355021134266,success
901,2000,8,3,2.0,3.7000000000000015,0.1,0.8300000000000003,5.0,4,0,341,159,0,0.4395343326088229,0.14680849712198063,success
900,2000,8,3,2.0,3.7000000000000015,0.1,0.8200000000000003,5.0,4,0,344,156,0,0.4417121830216729,0.14200979743453368,success
903,2000,8,3,2.0,3.7000000000000015,0.1,0.8500000000000003,5.0,4,0,339,161,0,0.4409560668897014,0.14825166493964972,success
905,2000,8,3,2.0,3.7000000000000015,0.1,0.8700000000000003,5.0,4,0,339,161,0,0.4431326698311034,0.14871930392500957,success
904,2000,8,3,2.0,3.7000000000000015,0.1,0.8600000000000003,5.0,4,1,339,160,0,0.43908437354905416,0.14491181804294825,success
907,2000,8,3,2.0,3.7000000000000015,0.1,0.8900000000000003,5.0,4,0,338,162,0,0.4451561320795844,0.15014644531281185,success
906,2000,8,3,2.0,3.7000000000000015,0.1,0.8800000000000003,5.0,4,0,338,162,0,0.4431260871342739,0.14974321572671098,success
908,2000,8,3,2.0,3.7000000000000015,0.1,0.9000000000000004,5.0,4,0,337,163,0,0.44649784922909974,0.15376152583845776,success
909,2000,8,3,2.0,3.7000000000000015,0.1,0.9100000000000004,5.0,4,0,336,164,0,0.44832398831504344,0.15263389801914415,success
911,2000,8,3,2.0,3.7000000000000015,0.1,0.9300000000000004,5.0,4,0,335,165,0,0.4508839116621351,0.15228568804553183,success
910,2000,8,3,2.0,3.7000000000000015,0.1,0.9200000000000004,5.0,4,1,336,163,0,0.44831441178780934,0.14874527323030326,success
912,2000,8,3,2.0,3.7000000000000015,0.1,0.9400000000000004,5.0,4,0,333,167,0,0.4489867709380931,0.15112608842079217,success
913,2000,8,3,2.0,3.7000000000000015,0.1,0.9500000000000004,5.0,4,0,332,168,0,0.4541070058126767,0.15173844292318225,success
914,2000,8,3,2.0,3.7000000000000015,0.1,0.9600000000000004,5.0,4,0,330,170,0,0.4548284343180163,0.15191223171841328,success
916,2000,8,3,2.0,3.7000000000000015,0.1,0.9800000000000004,5.0,4,0,326,174,0,0.4559815463943273,0.15421520169821462,success
915,2000,8,3,2.0,3.7000000000000015,0.1,0.9700000000000004,5.0,4,0,328,172,0,0.45527939041169185,0.1531629361531121,success
917,2000,8,3,2.0,3.7000000000000015,0.1,0.9900000000000004,5.0,4,0,326,174,0,0.4562671696833958,0.15022735277034488,success
918,2000,8,3,2.0,3.7000000000000015,0.1,1.0000000000000004,5.0,4,0,322,178,0,0.4536449896174041,0.14748581123974586,success
920,2000,8,3,2.0,3.8000000000000016,0.1,0.51,5.0,4,0,416,84,0,0.41595253976688473,0.1514215514258531,success
921,2000,8,3,2.0,3.8000000000000016,0.1,0.52,5.0,4,0,414,86,0,0.412860414679514,0.15037561028196844,success
919,2000,8,3,2.0,3.8000000000000016,0.1,0.5,5.0,4,0,419,81,0,0.42084588832490316,0.14916831744969727,success
922,2000,8,3,2.0,3.8000000000000016,0.1,0.53,5.0,4,0,412,88,0,0.41060631534791825,0.15100683376054622,success
923,2000,8,3,2.0,3.8000000000000016,0.1,0.54,5.0,4,0,409,91,0,0.41726781017106696,0.1497139758262744,success
924,2000,8,3,2.0,3.8000000000000016,0.1,0.55,5.0,4,0,409,91,0,0.4182314191419642,0.15140329278696518,success
925,2000,8,3,2.0,3.8000000000000016,0.1,0.56,5.0,4,0,408,92,0,0.4181933756701436,0.14926409488752634,success
926,2000,8,3,2.0,3.8000000000000016,0.1,0.5700000000000001,5.0,4,0,407,93,0,0.42192398645495927,0.1470834710373739,success
927,2000,8,3,2.0,3.8000000000000016,0.1,0.5800000000000001,5.0,4,0,407,93,0,0.4230755153086483,0.14647769984723988,success
928,2000,8,3,2.0,3.8000000000000016,0.1,0.5900000000000001,5.0,4,0,406,94,0,0.4234072666187837,0.14457567798546817,success
929,2000,8,3,2.0,3.8000000000000016,0.1,0.6000000000000001,5.0,4,0,405,95,0,0.4222545596516398,0.1456802956556043,success
930,2000,8,3,2.0,3.8000000000000016,0.1,0.6100000000000001,5.0,4,0,403,97,0,0.4207634370783357,0.14739383940728948,success
931,2000,8,3,2.0,3.8000000000000016,0.1,0.6200000000000001,5.0,4,0,402,98,0,0.4183026347111733,0.14720653508080334,success
932,2000,8,3,2.0,3.8000000000000016,0.1,0.6300000000000001,5.0,4,0,400,100,0,0.4187530563417836,0.1470211796785779,success
934,2000,8,3,2.0,3.8000000000000016,0.1,0.6500000000000001,5.0,4,0,400,100,0,0.4201904260011339,0.1460952271039324,success
933,2000,8,3,2.0,3.8000000000000016,0.1,0.6400000000000001,5.0,4,0,400,100,0,0.41974896938835404,0.14607850708588227,success
935,2000,8,3,2.0,3.8000000000000016,0.1,0.6600000000000001,5.0,4,0,399,101,0,0.41930992764625574,0.14517836861310082,success
936,2000,8,3,2.0,3.8000000000000016,0.1,0.6700000000000002,5.0,4,0,398,102,0,0.41881042562414694,0.14505385677160615,success
937,2000,8,3,2.0,3.8000000000000016,0.1,0.6800000000000002,5.0,4,0,396,104,0,0.4196023368212965,0.14576516965392847,success
938,2000,8,3,2.0,3.8000000000000016,0.1,0.6900000000000002,5.0,4,0,395,105,0,0.4193894618016545,0.14632917749907626,success
939,2000,8,3,2.0,3.8000000000000016,0.1,0.7000000000000002,5.0,4,0,393,107,0,0.41679084325839855,0.1462969643135359,success
940,2000,8,3,2.0,3.8000000000000016,0.1,0.7100000000000002,5.0,4,0,392,108,0,0.4177075893990488,0.1444941717972198,success
941,2000,8,3,2.0,3.8000000000000016,0.1,0.7200000000000002,5.0,4,0,390,110,0,0.415378132636018,0.14558496079174926,success
942,2000,8,3,2.0,3.8000000000000016,0.1,0.7300000000000002,5.0,4,0,389,111,0,0.4162905410044286,0.14325447659077917,success
943,2000,8,3,2.0,3.8000000000000016,0.1,0.7400000000000002,5.0,4,0,387,113,0,0.4147143550665528,0.14491123931455158,success
944,2000,8,3,2.0,3.8000000000000016,0.1,0.7500000000000002,5.0,4,0,386,114,0,0.41611949061936376,0.14472249694202893,success
945,2000,8,3,2.0,3.8000000000000016,0.1,0.7600000000000002,5.0,4,0,385,115,0,0.4177593794979776,0.14566916728071896,success
946,2000,8,3,2.0,3.8000000000000016,0.1,0.7700000000000002,5.0,4,0,384,116,0,0.4178189641359682,0.14456336115238522,success
948,2000,8,3,2.0,3.8000000000000016,0.1,0.7900000000000003,5.0,4,0,380,120,0,0.41553463444156336,0.14533728214855318,success
947,2000,8,3,2.0,3.8000000000000016,0.1,0.7800000000000002,5.0,4,0,383,117,0,0.41765016162902074,0.14473768476073195,success
950,2000,8,3,2.0,3.8000000000000016,0.1,0.8100000000000003,5.0,4,1,380,119,0,0.4173955381719018,0.1448265422228377,success
949,2000,8,3,2.0,3.8000000000000016,0.1,0.8000000000000003,5.0,4,0,380,120,0,0.4181056509220584,0.14809983078382244,success
953,2000,8,3,2.0,3.8000000000000016,0.1,0.8400000000000003,5.0,4,1,376,123,0,0.4193224732874187,0.14390436651747593,success
952,2000,8,3,2.0,3.8000000000000016,0.1,0.8300000000000003,5.0,4,0,376,124,0,0.4203670648080681,0.14704817460173383,success
951,2000,8,3,2.0,3.8000000000000016,0.1,0.8200000000000003,5.0,4,0,378,122,0,0.42098231461031516,0.14773675595745206,success
954,2000,8,3,2.0,3.8000000000000016,0.1,0.8500000000000003,5.0,4,0,374,126,0,0.42220847698384445,0.15029879780881553,success
955,2000,8,3,2.0,3.8000000000000016,0.1,0.8600000000000003,5.0,4,0,374,126,0,0.4218764085901418,0.14840429018865722,success
956,2000,8,3,2.0,3.8000000000000016,0.1,0.8700000000000003,5.0,4,0,374,126,0,0.4234058555912659,0.14916746677532658,success
957,2000,8,3,2.0,3.8000000000000016,0.1,0.8800000000000003,5.0,4,0,373,127,0,0.42447991406954766,0.14895398543235097,success
961,2000,8,3,2.0,3.8000000000000016,0.1,0.9200000000000004,5.0,4,0,369,131,0,0.4303534644620778,0.14664452801093666,success
962,2000,8,3,2.0,3.8000000000000016,0.1,0.9300000000000004,5.0,4,0,368,132,0,0.43071253612697996,0.14834160717028413,success
963,2000,8,3,2.0,3.8000000000000016,0.1,0.9400000000000004,5.0,4,0,367,133,0,0.4292208832151024,0.14806388656817987,success
959,2000,8,3,2.0,3.8000000000000016,0.1,0.9000000000000004,5.0,4,0,371,129,0,0.4260139350970741,0.1480045084846641,success
958,2000,8,3,2.0,3.8000000000000016,0.1,0.8900000000000003,5.0,4,0,372,128,0,0.4251985714777353,0.14832533576145956,success
960,2000,8,3,2.0,3.8000000000000016,0.1,0.9100000000000004,5.0,4,0,369,131,0,0.42767658707649775,0.14896140137159297,success
964,2000,8,3,2.0,3.8000000000000016,0.1,0.9500000000000004,5.0,4,0,365,135,0,0.43486397533375676,0.14888122772593615,success
965,2000,8,3,2.0,3.8000000000000016,0.1,0.9600000000000004,5.0,4,0,364,136,0,0.4344901024182075,0.14857893135389535,success
966,2000,8,3,2.0,3.8000000000000016,0.1,0.9700000000000004,5.0,4,0,362,138,0,0.43386656963197356,0.1499224630529752,success
968,2000,8,3,2.0,3.8000000000000016,0.1,0.9900000000000004,5.0,4,0,362,138,0,0.4371074914680047,0.15224817785542222,success
967,2000,8,3,2.0,3.8000000000000016,0.1,0.9800000000000004,5.0,4,0,362,138,0,0.43586451143078103,0.14952228783084504,success
969,2000,8,3,2.0,3.8000000000000016,0.1,1.0000000000000004,5.0,4,0,358,142,0,0.4345035634492936,0.1493352580566646,success
970,2000,8,3,2.0,3.9000000000000017,0.1,0.5,5.0,4,0,432,68,0,0.41047927428767444,0.15207293620937426,success
971,2000,8,3,2.0,3.9000000000000017,0.1,0.51,5.0,4,0,429,71,0,0.40500097308947747,0.15428439603981334,success
972,2000,8,3,2.0,3.9000000000000017,0.1,0.52,5.0,4,0,427,73,0,0.39919467402413633,0.15592108212911585,success
973,2000,8,3,2.0,3.9000000000000017,0.1,0.53,5.0,4,0,426,74,0,0.39878144889600664,0.15582029748132786,success
974,2000,8,3,2.0,3.9000000000000017,0.1,0.54,5.0,4,0,423,77,0,0.4036452067834734,0.15408834490435788,success
975,2000,8,3,2.0,3.9000000000000017,0.1,0.55,5.0,4,0,423,77,0,0.4049989570393247,0.1562844260518678,success
976,2000,8,3,2.0,3.9000000000000017,0.1,0.56,5.0,4,0,422,78,0,0.40432985281952344,0.15322838096210767,success
977,2000,8,3,2.0,3.9000000000000017,0.1,0.5700000000000001,5.0,4,0,421,79,0,0.40602227187968165,0.15303033767368512,success
978,2000,8,3,2.0,3.9000000000000017,0.1,0.5800000000000001,5.0,4,0,421,79,0,0.40835204510827966,0.15262862702780602,success
990,2000,8,3,2.0,3.9000000000000017,0.1,0.7000000000000002,5.0,4,0,409,91,0,0.40192710703418705,0.15286497863203463,success
979,2000,8,3,2.0,3.9000000000000017,0.1,0.5900000000000001,5.0,4,0,420,80,0,0.40890487039544327,0.15140587109679285,success
992,2000,8,3,2.0,3.9000000000000017,0.1,0.7200000000000002,5.0,4,0,406,94,0,0.4002734021091643,0.15171542985971148,success
980,2000,8,3,2.0,3.9000000000000017,0.1,0.6000000000000001,5.0,4,0,419,81,0,0.4064262510974388,0.1526582667214059,success
991,2000,8,3,2.0,3.9000000000000017,0.1,0.7100000000000002,5.0,4,0,408,92,0,0.40259962766967045,0.15083649428158757,success
981,2000,8,3,2.0,3.9000000000000017,0.1,0.6100000000000001,5.0,4,0,417,83,0,0.4044857111687902,0.15364920113981292,success
982,2000,8,3,2.0,3.9000000000000017,0.1,0.6200000000000001,5.0,4,0,416,84,0,0.4013508572314544,0.15288844752676925,success
983,2000,8,3,2.0,3.9000000000000017,0.1,0.6300000000000001,5.0,4,0,414,86,0,0.4015311956614333,0.15415811568296617,success
996,2000,8,3,2.0,3.9000000000000017,0.1,0.7600000000000002,5.0,4,0,402,98,0,0.4022568106052121,0.15086773031372436,success
984,2000,8,3,2.0,3.9000000000000017,0.1,0.6400000000000001,5.0,4,0,414,86,0,0.40223502705407177,0.15295245436543373,success
985,2000,8,3,2.0,3.9000000000000017,0.1,0.6500000000000001,5.0,4,0,414,86,0,0.4020564348074441,0.1522383895499861,success
998,2000,8,3,2.0,3.9000000000000017,0.1,0.7800000000000002,5.0,4,0,401,99,0,0.40292372919196334,0.15021730761500346,success
997,2000,8,3,2.0,3.9000000000000017,0.1,0.7700000000000002,5.0,4,0,401,99,0,0.4023410088139227,0.14951312259786423,success
987,2000,8,3,2.0,3.9000000000000017,0.1,0.6700000000000002,5.0,4,0,412,88,0,0.4021740580713724,0.1519824169482813,success
986,2000,8,3,2.0,3.9000000000000017,0.1,0.6600000000000001,5.0,4,0,413,87,0,0.402286753478523,0.15261961720416606,success
988,2000,8,3,2.0,3.9000000000000017,0.1,0.6800000000000002,5.0,4,0,410,90,0,0.4030095550568977,0.1526263429263347,success
989,2000,8,3,2.0,3.9000000000000017,0.1,0.6900000000000002,5.0,4,0,410,90,0,0.40281391021791346,0.1523554295935697,success
999,2000,8,3,2.0,3.9000000000000017,0.1,0.7900000000000003,5.0,4,0,399,101,0,0.40149201877816604,0.15076812374319934,success
1000,2000,8,3,2.0,3.9000000000000017,0.1,0.8000000000000003,5.0,4,0,399,101,0,0.4023640269269874,0.1522144219503954,success
1001,2000,8,3,2.0,3.9000000000000017,0.1,0.8100000000000003,5.0,4,0,399,101,0,0.40404525412389347,0.15180959225397087,success
993,2000,8,3,2.0,3.9000000000000017,0.1,0.7300000000000002,5.0,4,0,406,94,0,0.4012055860077776,0.14908475084082587,success
995,2000,8,3,2.0,3.9000000000000017,0.1,0.7500000000000002,5.0,4,0,403,97,0,0.4004240769054053,0.14960845218316338,success
994,2000,8,3,2.0,3.9000000000000017,0.1,0.7400000000000002,5.0,4,0,404,96,0,0.39957005138191604,0.15030552400597147,success
1002,2000,8,3,2.0,3.9000000000000017,0.1,0.8200000000000003,5.0,4,0,399,101,0,0.4073251348687221,0.15209400005021542,success
1003,2000,8,3,2.0,3.9000000000000017,0.1,0.8300000000000003,5.0,4,0,397,103,0,0.40589912287825153,0.1515558048113111,success
1004,2000,8,3,2.0,3.9000000000000017,0.1,0.8400000000000003,5.0,4,0,397,103,0,0.40735872078434476,0.15245867127797597,success
1005,2000,8,3,2.0,3.9000000000000017,0.1,0.8500000000000003,5.0,4,0,396,104,0,0.4055487961463398,0.155114702854612,success
1006,2000,8,3,2.0,3.9000000000000017,0.1,0.8600000000000003,5.0,4,0,396,104,0,0.40545574038149146,0.15418013576522535,success
1007,2000,8,3,2.0,3.9000000000000017,0.1,0.8700000000000003,5.0,4,0,396,104,0,0.40764146598149786,0.15598784023170378,success
1008,2000,8,3,2.0,3.9000000000000017,0.1,0.8800000000000003,5.0,4,0,396,104,0,0.4085500155841694,0.15661227435982827,success
1011,2000,8,3,2.0,3.9000000000000017,0.1,0.9100000000000004,5.0,4,0,395,105,0,0.414464718344489,0.15735646094780392,success
1013,2000,8,3,2.0,3.9000000000000017,0.1,0.9300000000000004,5.0,4,0,394,106,0,0.41682446358599834,0.15293454751610874,success
1015,2000,8,3,2.0,3.9000000000000017,0.1,0.9500000000000004,5.0,4,0,392,108,0,0.4158812447115935,0.1549537495511357,success
1009,2000,8,3,2.0,3.9000000000000017,0.1,0.8900000000000003,5.0,4,0,396,104,0,0.4087649279864205,0.1566831258156825,success
1010,2000,8,3,2.0,3.9000000000000017,0.1,0.9000000000000004,5.0,4,0,396,104,0,0.41164146730697654,0.1558231996827651,success
1019,2000,8,3,2.0,3.9000000000000017,0.1,0.9900000000000004,5.0,4,0,390,110,0,0.41559761543461504,0.15482220745550812,success
1022,2000,8,3,2.0,4.000000000000002,0.1,0.51,5.0,5,0,456,44,0,0.3752660483279975,0.14564820163989162,success
1023,2000,8,3,2.0,4.000000000000002,0.1,0.52,5.0,5,0,456,44,0,0.37576830683012824,0.1455322745506865,success
1012,2000,8,3,2.0,3.9000000000000017,0.1,0.9200000000000004,5.0,4,0,395,105,0,0.4181641877359827,0.15593208372084244,success
1014,2000,8,3,2.0,3.9000000000000017,0.1,0.9400000000000004,5.0,4,0,393,107,0,0.416705924368529,0.15417548743527276,success
1016,2000,8,3,2.0,3.9000000000000017,0.1,0.9600000000000004,5.0,4,0,392,108,0,0.41571484670689035,0.15445072864359896,success
1017,2000,8,3,2.0,3.9000000000000017,0.1,0.9700000000000004,5.0,4,0,390,110,0,0.4139312678643765,0.15546436716982542,success
1028,2000,8,3,2.0,4.000000000000002,0.1,0.5700000000000001,5.0,5,0,452,48,0,0.37208122766924046,0.14503705361868202,success
1029,2000,8,3,2.0,4.000000000000002,0.1,0.5800000000000001,5.0,5,0,451,49,0,0.3783395919864935,0.14546724330291658,success
1030,2000,8,3,2.0,4.000000000000002,0.1,0.5900000000000001,5.0,5,0,450,50,0,0.37664982293094357,0.14696628850441293,success
1018,2000,8,3,2.0,3.9000000000000017,0.1,0.9800000000000004,5.0,4,0,390,110,0,0.41564394323797904,0.15459708905060693,success
1020,2000,8,3,2.0,3.9000000000000017,0.1,1.0000000000000004,5.0,4,0,387,113,0,0.41406261897793745,0.15391735536661713,success
1034,2000,8,3,2.0,4.000000000000002,0.1,0.6300000000000001,5.0,5,0,448,52,0,0.37051750849144405,0.1487326152998171,success
1021,2000,8,3,2.0,4.000000000000002,0.1,0.5,5.0,5,0,457,43,0,0.37610019469990047,0.1478921232026033,success
1024,2000,8,3,2.0,4.000000000000002,0.1,0.53,5.0,5,0,456,44,0,0.37599850942590396,0.14598366929500042,success
1025,2000,8,3,2.0,4.000000000000002,0.1,0.54,5.0,5,0,455,45,0,0.37855397406103564,0.14523997291440557,success
1035,2000,8,3,2.0,4.000000000000002,0.1,0.6400000000000001,5.0,5,0,447,53,0,0.36863919984404087,0.14883985461109928,success
1026,2000,8,3,2.0,4.000000000000002,0.1,0.55,5.0,5,0,455,45,0,0.3787047287177798,0.14562518923958118,success
1027,2000,8,3,2.0,4.000000000000002,0.1,0.56,5.0,5,0,454,46,0,0.37701395792242814,0.14598470144587047,success
1036,2000,8,3,2.0,4.000000000000002,0.1,0.6500000000000001,5.0,5,0,446,54,0,0.370780165965958,0.14746878612844558,success
1037,2000,8,3,2.0,4.000000000000002,0.1,0.6600000000000001,5.0,5,0,443,57,0,0.363924110351665,0.14634107655835746,success
1038,2000,8,3,2.0,4.000000000000002,0.1,0.6700000000000002,5.0,5,0,441,59,0,0.36597195248879055,0.1461382353136238,success
1039,2000,8,3,2.0,4.000000000000002,0.1,0.6800000000000002,5.0,5,0,439,61,0,0.37635846604228435,0.1628574850435611,success
1040,2000,8,3,2.0,4.000000000000002,0.1,0.6900000000000002,5.0,5,0,438,62,0,0.3601461156047947,0.14719342846914432,success
1032,2000,8,3,2.0,4.000000000000002,0.1,0.6100000000000001,5.0,5,0,449,51,0,0.3717895889639526,0.14948847579659005,success
1031,2000,8,3,2.0,4.000000000000002,0.1,0.6000000000000001,5.0,5,0,450,50,0,0.3770254400163124,0.147438709396605,success
1033,2000,8,3,2.0,4.000000000000002,0.1,0.6200000000000001,5.0,5,0,449,51,0,0.3726728962688954,0.14985321969993143,success
1042,2000,8,3,2.0,4.000000000000002,0.1,0.7100000000000002,5.0,5,0,436,64,0,0.3589052763748475,0.14988225052086201,success
1041,2000,8,3,2.0,4.000000000000002,0.1,0.7000000000000002,5.0,5,0,436,64,0,0.35668542973176054,0.14690259333938807,success
1043,2000,8,3,2.0,4.000000000000002,0.1,0.7200000000000002,5.0,5,0,436,64,0,0.3593299566148555,0.150353871544467,success
1046,2000,8,3,2.0,4.000000000000002,0.1,0.7500000000000002,5.0,5,0,434,66,0,0.35824415386574027,0.14978759621724722,success
1048,2000,8,3,2.0,4.000000000000002,0.1,0.7700000000000002,5.0,5,0,432,68,0,0.35804726020466254,0.1500031380183569,success
1047,2000,8,3,2.0,4.000000000000002,0.1,0.7600000000000002,5.0,5,0,434,66,0,0.35861263092149026,0.14749365514552387,success
1053,2000,8,3,2.0,4.000000000000002,0.1,0.8200000000000003,5.0,5,0,424,76,0,0.36362973238368024,0.16407124532149925,success
1055,2000,8,3,2.0,4.000000000000002,0.1,0.8400000000000003,5.0,5,0,424,76,0,0.35435642577387033,0.15101860941200998,success
1044,2000,8,3,2.0,4.000000000000002,0.1,0.7300000000000002,5.0,5,0,434,66,0,0.3580701703546461,0.1500462048812815,success
1045,2000,8,3,2.0,4.000000000000002,0.1,0.7400000000000002,5.0,5,0,434,66,0,0.3582594387215935,0.14994439996704464,success
1054,2000,8,3,2.0,4.000000000000002,0.1,0.8300000000000003,5.0,5,0,424,76,0,0.35441374952180926,0.15261723216690698,success
1058,2000,8,3,2.0,4.000000000000002,0.1,0.8700000000000003,5.0,5,0,422,78,0,0.36754719003607367,0.1611887331231283,success
1062,2000,8,3,2.0,4.000000000000002,0.1,0.9100000000000004,5.0,5,0,418,82,0,0.3585693695797524,0.14594583969376088,success
1049,2000,8,3,2.0,4.000000000000002,0.1,0.7800000000000002,5.0,5,0,430,70,0,0.3575407617690433,0.1485461594009576,success
1065,2000,8,3,2.0,4.000000000000002,0.1,0.9400000000000004,5.0,5,0,414,86,0,0.3583763375824064,0.14973771150603157,success
1050,2000,8,3,2.0,4.000000000000002,0.1,0.7900000000000003,5.0,5,0,430,70,0,0.35797182462680216,0.14867262062385123,success
1051,2000,8,3,2.0,4.000000000000002,0.1,0.8000000000000003,5.0,5,0,429,71,0,0.3578405310759735,0.15063160793305033,success
1067,2000,8,3,2.0,4.000000000000002,0.1,0.9600000000000004,5.0,5,0,412,88,0,0.3611445610997629,0.15237098521020498,success
1068,2000,8,3,2.0,4.000000000000002,0.1,0.9700000000000004,5.0,5,0,412,88,0,0.36083595322102463,0.1507528465846687,success
1066,2000,8,3,2.0,4.000000000000002,0.1,0.9500000000000004,5.0,5,1,413,86,0,0.35105809809670235,0.1382991909885661,success
1052,2000,8,3,2.0,4.000000000000002,0.1,0.8100000000000003,5.0,5,0,426,74,0,0.3568555236689391,0.1486451678110512,success
1069,2000,8,3,2.0,4.000000000000002,0.1,0.9800000000000004,5.0,5,0,411,89,0,0.3585264562042805,0.15221905402684702,success
1056,2000,8,3,2.0,4.000000000000002,0.1,0.8500000000000003,5.0,5,0,423,77,0,0.36001637973319794,0.14811811645935338,success
1057,2000,8,3,2.0,4.000000000000002,0.1,0.8600000000000003,5.0,5,0,423,77,0,0.3606728252769394,0.1489021103935151,success
1061,2000,8,3,2.0,4.000000000000002,0.1,0.9000000000000004,5.0,5,0,419,81,0,0.3580075754854747,0.14587897148039833,success
1059,2000,8,3,2.0,4.000000000000002,0.1,0.8800000000000003,5.0,5,0,423,77,0,0.35994118831624755,0.14680743876973013,success
1060,2000,8,3,2.0,4.000000000000002,0.1,0.8900000000000003,5.0,5,1,422,77,0,0.3554551211884076,0.1379651854886054,success
1063,2000,8,3,2.0,4.000000000000002,0.1,0.9200000000000004,5.0,5,0,417,83,0,0.3562304267128841,0.14810627961645859,success
1064,2000,8,3,2.0,4.000000000000002,0.1,0.9300000000000004,5.0,5,0,417,83,0,0.3557872833894326,0.14682444853555388,success
1070,2000,8,3,2.0,4.000000000000002,0.1,0.9900000000000004,5.0,5,0,407,93,0,0.3660799866583419,0.16613505989111335,success
1071,2000,8,3,2.0,4.000000000000002,0.1,1.0000000000000004,5.0,5,0,407,93,0,0.3587849864202032,0.15461828522793256,success
1072,2000,8,3,2.0,4.100000000000001,0.1,0.5,5.0,5,0,459,41,0,0.3826232963604097,0.14682266532660473,success
1073,2000,8,3,2.0,4.100000000000001,0.1,0.51,5.0,5,0,458,42,0,0.3816089229215199,0.14456805111556773,success
1074,2000,8,3,2.0,4.100000000000001,0.1,0.52,5.0,5,0,458,42,0,0.38240323213760646,0.14504512320456142,success
1075,2000,8,3,2.0,4.100000000000001,0.1,0.53,5.0,5,0,458,42,0,0.3826114611225627,0.14535557364784776,success
1076,2000,8,3,2.0,4.100000000000001,0.1,0.54,5.0,5,0,457,43,0,0.38526008794599503,0.14486786521233616,success
1077,2000,8,3,2.0,4.100000000000001,0.1,0.55,5.0,5,0,457,43,0,0.38538661125475804,0.14512174015223192,success
1078,2000,8,3,2.0,4.100000000000001,0.1,0.56,5.0,5,0,456,44,0,0.38274495943326825,0.14565952741166127,success
1079,2000,8,3,2.0,4.100000000000001,0.1,0.5700000000000001,5.0,5,0,454,46,0,0.37701000125570294,0.14451419405822125,success
1080,2000,8,3,2.0,4.100000000000001,0.1,0.5800000000000001,5.0,5,0,453,47,0,0.38363416141630413,0.14506290173856173,success
1083,2000,8,3,2.0,4.100000000000001,0.1,0.6100000000000001,5.0,5,0,451,49,0,0.3761404747727524,0.14960693204956263,success
1084,2000,8,3,2.0,4.100000000000001,0.1,0.6200000000000001,5.0,5,0,451,49,0,0.3763593790896527,0.15005181936024106,success
1085,2000,8,3,2.0,4.100000000000001,0.1,0.6300000000000001,5.0,5,0,450,50,0,0.3742511893056004,0.14983206066860813,success
1087,2000,8,3,2.0,4.100000000000001,0.1,0.6500000000000001,5.0,5,0,448,52,0,0.3747905219542584,0.14931645972887528,success
1092,2000,8,3,2.0,4.100000000000001,0.1,0.7000000000000002,5.0,5,0,440,60,0,0.36631446521358674,0.14537693549119504,success
1091,2000,8,3,2.0,4.100000000000001,0.1,0.6900000000000002,5.0,5,0,441,59,0,0.36735597439777123,0.14599602367157136,success
1090,2000,8,3,2.0,4.100000000000001,0.1,0.6800000000000002,5.0,5,0,442,58,0,0.36967953082229843,0.14526090345071246,success
1094,2000,8,3,2.0,4.100000000000001,0.1,0.7200000000000002,5.0,5,0,440,60,0,0.3676723514061335,0.14834714821181424,success
1081,2000,8,3,2.0,4.100000000000001,0.1,0.5900000000000001,5.0,5,0,452,48,0,0.38098716702812946,0.14630888452513305,success
1082,2000,8,3,2.0,4.100000000000001,0.1,0.6000000000000001,5.0,5,0,452,48,0,0.38147835141210407,0.14693236781129795,success
1086,2000,8,3,2.0,4.100000000000001,0.1,0.6400000000000001,5.0,5,0,449,51,0,0.37208635948263225,0.14952562733531363,success
1088,2000,8,3,2.0,4.100000000000001,0.1,0.6600000000000001,5.0,5,0,445,55,0,0.3674383317890904,0.14820282819899533,success
1089,2000,8,3,2.0,4.100000000000001,0.1,0.6700000000000002,5.0,5,0,443,57,0,0.36953641406047827,0.14787673763650164,success
1093,2000,8,3,2.0,4.100000000000001,0.1,0.7100000000000002,5.0,5,0,440,60,0,0.3676058637211634,0.14881251576997812,success
1095,2000,8,3,2.0,4.100000000000001,0.1,0.7300000000000002,5.0,5,0,438,62,0,0.3656608603018707,0.1466894528264303,success
1096,2000,8,3,2.0,4.100000000000001,0.1,0.7400000000000002,5.0,5,0,438,62,0,0.36591727485276054,0.14662673736817441,success
1099,2000,8,3,2.0,4.100000000000001,0.1,0.7700000000000002,5.0,5,0,437,63,0,0.3687761531184803,0.14427575380229496,success
1098,2000,8,3,2.0,4.100000000000001,0.1,0.7600000000000002,5.0,5,0,437,63,0,0.3757955517292701,0.16484553481009317,success
1097,2000,8,3,2.0,4.100000000000001,0.1,0.7500000000000002,5.0,5,0,438,62,0,0.36612432173613746,0.1470747289023437,success
1100,2000,8,3,2.0,4.100000000000001,0.1,0.7800000000000002,5.0,5,0,436,64,0,0.3683289403460396,0.14369054612645815,success
1101,2000,8,3,2.0,4.100000000000001,0.1,0.7900000000000003,5.0,5,0,436,64,0,0.36837299904238624,0.14297125776794395,success
1102,2000,8,3,2.0,4.100000000000001,0.1,0.8000000000000003,5.0,5,0,435,65,0,0.36822936696001823,0.14590139472112923,success
1103,2000,8,3,2.0,4.100000000000001,0.1,0.8100000000000003,5.0,5,0,432,68,0,0.3659771286546543,0.14430381245571403,success
1104,2000,8,3,2.0,4.100000000000001,0.1,0.8200000000000003,5.0,5,0,431,69,0,0.36457627311550217,0.1455764278926144,success
1105,2000,8,3,2.0,4.100000000000001,0.1,0.8300000000000003,5.0,5,0,430,70,0,0.3615836267198154,0.1461873557638972,success
1106,2000,8,3,2.0,4.100000000000001,0.1,0.8400000000000003,5.0,5,0,430,70,0,0.3624868030892256,0.14714477761627945,success
1107,2000,8,3,2.0,4.100000000000001,0.1,0.8500000000000003,5.0,5,0,429,71,0,0.3679836638003523,0.14205059603636358,success
1108,2000,8,3,2.0,4.100000000000001,0.1,0.8600000000000003,5.0,5,0,429,71,0,0.3685705201971111,0.1426892061523407,success
1109,2000,8,3,2.0,4.100000000000001,0.1,0.8700000000000003,5.0,5,0,429,71,0,0.36853728170099714,0.14267686168271268,success
1110,2000,8,3,2.0,4.100000000000001,0.1,0.8800000000000003,5.0,5,0,429,71,0,0.3688301583946283,0.14311599928944163,success
1111,2000,8,3,2.0,4.100000000000001,0.1,0.8900000000000003,5.0,5,0,428,72,0,0.36940996162183853,0.14117974055051905,success
1112,2000,8,3,2.0,4.100000000000001,0.1,0.9000000000000004,5.0,5,0,426,74,0,0.36686926367322614,0.1416824201408873,success
1113,2000,8,3,2.0,4.100000000000001,0.1,0.9100000000000004,5.0,5,0,425,75,0,0.36700841426505104,0.14108345338516137,success
1114,2000,8,3,2.0,4.100000000000001,0.1,0.9200000000000004,5.0,5,0,424,76,0,0.3645057071998313,0.14381022440648816,success
1115,2000,8,3,2.0,4.100000000000001,0.1,0.9300000000000004,5.0,5,0,424,76,0,0.36483082527390903,0.14414261581830395,success
1116,2000,8,3,2.0,4.100000000000001,0.1,0.9400000000000004,5.0,5,0,423,77,0,0.368164409514258,0.14436414602062583,success
1118,2000,8,3,2.0,4.100000000000001,0.1,0.9600000000000004,5.0,5,0,421,79,0,0.3708316649850007,0.14675029419221639,success
1117,2000,8,3,2.0,4.100000000000001,0.1,0.9500000000000004,5.0,5,0,422,78,0,0.36674817901692935,0.1438285461238513,success
1119,2000,8,3,2.0,4.100000000000001,0.1,0.9700000000000004,5.0,5,0,421,79,0,0.3709966969282688,0.1471204763564619,success
1120,2000,8,3,2.0,4.100000000000001,0.1,0.9800000000000004,5.0,5,0,420,80,0,0.3682115509711875,0.14968536624328815,success
1121,2000,8,3,2.0,4.100000000000001,0.1,0.9900000000000004,5.0,5,0,418,82,0,0.3644545436967655,0.14942700201213155,success
1122,2000,8,3,2.0,4.100000000000001,0.1,1.0000000000000004,5.0,5,0,417,83,0,0.3656130358023598,0.14937219730025178,success
1123,2000,8,3,2.0,4.200000000000002,0.1,0.5,5.0,5,0,459,41,0,0.37625232978902456,0.13698689557508323,success
1124,2000,8,3,2.0,4.200000000000002,0.1,0.51,5.0,5,0,458,42,0,0.3756707631710956,0.13534013013893656,success
1126,2000,8,3,2.0,4.200000000000002,0.1,0.53,5.0,5,0,458,42,0,0.3763028781933644,0.1355014956385765,success
1125,2000,8,3,2.0,4.200000000000002,0.1,0.52,5.0,5,0,458,42,0,0.37643285764660783,0.1357256224161275,success
1127,2000,8,3,2.0,4.200000000000002,0.1,0.54,5.0,5,0,457,43,0,0.3790338187825403,0.13482030446873317,success
1128,2000,8,3,2.0,4.200000000000002,0.1,0.55,5.0,5,0,457,43,0,0.3790598606617895,0.134854090591936,success
1131,2000,8,3,2.0,4.200000000000002,0.1,0.5800000000000001,5.0,5,0,454,46,0,0.3751747825776107,0.13730850804984232,success
1129,2000,8,3,2.0,4.200000000000002,0.1,0.56,5.0,5,0,456,44,0,0.376013366904979,0.13667486233163162,success
1130,2000,8,3,2.0,4.200000000000002,0.1,0.5700000000000001,5.0,5,0,454,46,0,0.3707546456105669,0.13668166221946135,success
1132,2000,8,3,2.0,4.200000000000002,0.1,0.5900000000000001,5.0,5,0,453,47,0,0.37268280362459627,0.13860818189078697,success
1133,2000,8,3,2.0,4.200000000000002,0.1,0.6000000000000001,5.0,5,0,453,47,0,0.37269461143903476,0.1383477379805909,success
1134,2000,8,3,2.0,4.200000000000002,0.1,0.6100000000000001,5.0,5,0,452,48,0,0.36779388549580255,0.14200912850303504,success
1135,2000,8,3,2.0,4.200000000000002,0.1,0.6200000000000001,5.0,5,0,452,48,0,0.367827642544557,0.1421055555493162,success
1136,2000,8,3,2.0,4.200000000000002,0.1,0.6300000000000001,5.0,5,0,451,49,0,0.3655931549639493,0.14135887192931904,success
1137,2000,8,3,2.0,4.200000000000002,0.1,0.6400000000000001,5.0,5,0,450,50,0,0.3629882470689975,0.14202289899409734,success
1138,2000,8,3,2.0,4.200000000000002,0.1,0.6500000000000001,5.0,5,0,449,51,0,0.3660109526776866,0.1422820051073022,success
1139,2000,8,3,2.0,4.200000000000002,0.1,0.6600000000000001,5.0,5,0,446,54,0,0.35923729935177606,0.14151577922012087,success
1140,2000,8,3,2.0,4.200000000000002,0.1,0.6700000000000002,5.0,5,0,444,56,0,0.3614833759909858,0.14127670347174545,success
1141,2000,8,3,2.0,4.200000000000002,0.1,0.6800000000000002,5.0,5,0,443,57,0,0.3618544133098013,0.138835728257179,success
1142,2000,8,3,2.0,4.200000000000002,0.1,0.6900000000000002,5.0,5,0,443,57,0,0.3625134855696467,0.1396732354485813,success
1143,2000,8,3,2.0,4.200000000000002,0.1,0.7000000000000002,5.0,5,0,442,58,0,0.36157186781128337,0.13917044918051577,success
1144,2000,8,3,2.0,4.200000000000002,0.1,0.7100000000000002,5.0,5,0,442,58,0,0.3624956011380689,0.13991265742263154,success
1146,2000,8,3,2.0,4.200000000000002,0.1,0.7300000000000002,5.0,5,0,441,59,0,0.362735796496582,0.139442582917705,success
1145,2000,8,3,2.0,4.200000000000002,0.1,0.7200000000000002,5.0,5,0,442,58,0,0.36288931178150036,0.13975416156316414,success
1147,2000,8,3,2.0,4.200000000000002,0.1,0.7400000000000002,5.0,5,0,441,59,0,0.36304729409769304,0.1394913570247274,success
1148,2000,8,3,2.0,4.200000000000002,0.1,0.7500000000000002,5.0,5,0,441,59,0,0.36318118332274457,0.1397406591325867,success
1149,2000,8,3,2.0,4.200000000000002,0.1,0.7600000000000002,5.0,5,0,441,59,0,0.36288533191608974,0.13914262016850423,success
1151,2000,8,3,2.0,4.200000000000002,0.1,0.7800000000000002,5.0,5,0,439,61,0,0.3617752787845302,0.13736253287045522,success
1150,2000,8,3,2.0,4.200000000000002,0.1,0.7700000000000002,5.0,5,0,439,61,0,0.37303601428605293,0.1575500014786208,success
1152,2000,8,3,2.0,4.200000000000002,0.1,0.7900000000000003,5.0,5,0,439,61,0,0.3619342890163312,0.1372090343238008,success
1154,2000,8,3,2.0,4.200000000000002,0.1,0.8100000000000003,5.0,5,0,435,65,0,0.358860084908254,0.13839324848649864,success
1153,2000,8,3,2.0,4.200000000000002,0.1,0.8000000000000003,5.0,5,0,438,62,0,0.361450909409018,0.1399672757329834,success
1155,2000,8,3,2.0,4.200000000000002,0.1,0.8200000000000003,5.0,5,0,434,66,0,0.35746696971234426,0.13997161658063467,success
1156,2000,8,3,2.0,4.200000000000002,0.1,0.8300000000000003,5.0,5,0,432,68,0,0.36403100044426634,0.15934117429396277,success
1157,2000,8,3,2.0,4.200000000000002,0.1,0.8400000000000003,5.0,5,0,433,67,0,0.3554132417035001,0.141386931807277,success
1158,2000,8,3,2.0,4.200000000000002,0.1,0.8500000000000003,5.0,5,0,432,68,0,0.3593301598429697,0.13727077452156056,success
1159,2000,8,3,2.0,4.200000000000002,0.1,0.8600000000000003,5.0,5,0,432,68,0,0.35985315026608,0.1378087222896684,success
1160,2000,8,3,2.0,4.200000000000002,0.1,0.8700000000000003,5.0,5,0,432,68,0,0.3594339947849211,0.1369019826432692,success
1161,2000,8,3,2.0,4.200000000000002,0.1,0.8800000000000003,5.0,5,0,432,68,0,0.35963005462159026,0.13705817931328992,success
1162,2000,8,3,2.0,4.200000000000002,0.1,0.8900000000000003,5.0,5,0,432,68,0,0.3595354302663154,0.13702588222020304,success
1163,2000,8,3,2.0,4.200000000000002,0.1,0.9000000000000004,5.0,5,0,430,70,0,0.3568231435988808,0.13681183168722869,success
1164,2000,8,3,2.0,4.200000000000002,0.1,0.9100000000000004,5.0,5,0,430,70,0,0.35819714255413465,0.13710884004652252,success
1165,2000,8,3,2.0,4.200000000000002,0.1,0.9200000000000004,5.0,5,0,429,71,0,0.35518857313807484,0.13895375547240751,success
1166,2000,8,3,2.0,4.200000000000002,0.1,0.9300000000000004,5.0,5,0,429,71,0,0.3559006450850336,0.14035000055177896,success
1167,2000,8,3,2.0,4.200000000000002,0.1,0.9400000000000004,5.0,5,0,428,72,0,0.3594178955163609,0.14045839003780966,success
1168,2000,8,3,2.0,4.200000000000002,0.1,0.9500000000000004,5.0,5,0,427,73,0,0.35816288595295204,0.140350536229394,success
1169,2000,8,3,2.0,4.200000000000002,0.1,0.9600000000000004,5.0,5,0,426,74,0,0.3624616804898325,0.14352068689791272,success
1170,2000,8,3,2.0,4.200000000000002,0.1,0.9700000000000004,5.0,5,0,426,74,0,0.36254600505321,0.14366858253602097,success
1171,2000,8,3,2.0,4.200000000000002,0.1,0.9800000000000004,5.0,5,0,425,75,0,0.3593332032820884,0.14507281462096044,success
1172,2000,8,3,2.0,4.200000000000002,0.1,0.9900000000000004,5.0,5,0,423,77,0,0.3564069958759005,0.1469943982831554,success
1173,2000,8,3,2.0,4.200000000000002,0.1,1.0000000000000004,5.0,5,0,421,79,0,0.3653017789161656,0.16108375164657884,success
1174,2000,8,3,2.0,4.3000000000000025,0.1,0.5,5.0,5,0,460,40,0,0.37298888833837923,0.13145765430686027,success
1175,2000,8,3,2.0,4.3000000000000025,0.1,0.51,5.0,5,0,459,41,0,0.3701549770771446,0.13113592667006055,success
1177,2000,8,3,2.0,4.3000000000000025,0.1,0.53,5.0,5,0,459,41,0,0.3709147748614368,0.131346775613753,success
1176,2000,8,3,2.0,4.3000000000000025,0.1,0.52,5.0,5,0,459,41,0,0.370937684865299,0.13140680944047867,success
1178,2000,8,3,2.0,4.3000000000000025,0.1,0.54,5.0,5,0,458,42,0,0.3739137973531725,0.1309333094756314,success
1179,2000,8,3,2.0,4.3000000000000025,0.1,0.55,5.0,5,0,458,42,0,0.3739340022932276,0.13096425172704204,success
1180,2000,8,3,2.0,4.3000000000000025,0.1,0.56,5.0,5,0,457,43,0,0.37099455782165686,0.13294946723942105,success
1181,2000,8,3,2.0,4.3000000000000025,0.1,0.5700000000000001,5.0,5,0,455,45,0,0.3659964432863117,0.13334211085166642,success
1182,2000,8,3,2.0,4.3000000000000025,0.1,0.5800000000000001,5.0,5,0,455,45,0,0.3704985712248897,0.1331124486225993,success
1183,2000,8,3,2.0,4.3000000000000025,0.1,0.5900000000000001,5.0,5,0,454,46,0,0.3684186766979661,0.134553630077679,success
1184,2000,8,3,2.0,4.3000000000000025,0.1,0.6000000000000001,5.0,5,0,454,46,0,0.3684437324864636,0.1343205984142968,success
1185,2000,8,3,2.0,4.3000000000000025,0.1,0.6100000000000001,5.0,5,0,453,47,0,0.363208315055641,0.1375002602836486,success
1186,2000,8,3,2.0,4.3000000000000025,0.1,0.6200000000000001,5.0,5,0,453,47,0,0.3632794311200411,0.13759500466909713,success
1187,2000,8,3,2.0,4.3000000000000025,0.1,0.6300000000000001,5.0,5,0,452,48,0,0.3612254793491694,0.13711237294229847,success
1188,2000,8,3,2.0,4.3000000000000025,0.1,0.6400000000000001,5.0,5,0,451,49,0,0.35833970822036515,0.13711058332909432,success
1190,2000,8,3,2.0,4.3000000000000025,0.1,0.6600000000000001,5.0,5,0,447,53,0,0.3548011003388878,0.13683889577398933,success
1189,2000,8,3,2.0,4.3000000000000025,0.1,0.6500000000000001,5.0,5,0,450,50,0,0.3614452021183294,0.13749893042832928,success
1191,2000,8,3,2.0,4.3000000000000025,0.1,0.6700000000000002,5.0,5,0,445,55,0,0.35833442924731623,0.13711643157518394,success
1194,2000,8,3,2.0,4.3000000000000025,0.1,0.7000000000000002,5.0,5,0,443,57,0,0.3572517936498784,0.13516230652889732,success
1193,2000,8,3,2.0,4.3000000000000025,0.1,0.6900000000000002,5.0,5,0,444,56,0,0.35822990470077337,0.13559605843848133,success
1192,2000,8,3,2.0,4.3000000000000025,0.1,0.6800000000000002,5.0,5,0,444,56,0,0.3579312301607923,0.13523849666591764,success
1195,2000,8,3,2.0,4.3000000000000025,0.1,0.7100000000000002,5.0,5,0,443,57,0,0.35842617762285167,0.1367768975578934,success
1196,2000,8,3,2.0,4.3000000000000025,0.1,0.7200000000000002,5.0,5,0,443,57,0,0.3586254658696147,0.13633915067465743,success
1197,2000,8,3,2.0,4.3000000000000025,0.1,0.7300000000000002,5.0,5,0,442,58,0,0.3556750155964798,0.1372378110293969,success
1198,2000,8,3,2.0,4.3000000000000025,0.1,0.7400000000000002,5.0,5,0,442,58,0,0.35592754003450733,0.13722928054336767,success
1199,2000,8,3,2.0,4.3000000000000025,0.1,0.7500000000000002,5.0,5,0,442,58,0,0.35585008052137856,0.13709192194744088,success
1200,2000,8,3,2.0,4.3000000000000025,0.1,0.7600000000000002,5.0,5,0,442,58,0,0.3561740207944124,0.13731065027536268,success
1201,2000,8,3,2.0,4.3000000000000025,0.1,0.7700000000000002,5.0,5,0,442,58,0,0.3567944270950261,0.13818317741949956,success
1202,2000,8,3,2.0,4.3000000000000025,0.1,0.7800000000000002,5.0,5,0,441,59,0,0.35556712681816344,0.13742378161191257,success
1203,2000,8,3,2.0,4.3000000000000025,0.1,0.7900000000000003,5.0,5,0,441,59,0,0.3555478750135194,0.1372110072023129,success
1204,2000,8,3,2.0,4.3000000000000025,0.1,0.8000000000000003,5.0,5,0,441,59,0,0.35812058935555247,0.13579025079182466,success
1205,2000,8,3,2.0,4.3000000000000025,0.1,0.8100000000000003,5.0,5,0,438,62,0,0.35606062862575455,0.13388409950501184,success
1206,2000,8,3,2.0,4.3000000000000025,0.1,0.8200000000000003,5.0,5,0,438,62,0,0.35715579054766267,0.13504270387438722,success
1207,2000,8,3,2.0,4.3000000000000025,0.1,0.8300000000000003,5.0,5,0,437,63,0,0.35415141664839717,0.13627756171096184,success
1208,2000,8,3,2.0,4.3000000000000025,0.1,0.8400000000000003,5.0,5,0,437,63,0,0.3546764028235293,0.1360832017736114,success
1209,2000,8,3,2.0,4.3000000000000025,0.1,0.8500000000000003,5.0,5,0,436,64,0,0.35508852714219385,0.13540455170465865,success
1210,2000,8,3,2.0,4.3000000000000025,0.1,0.8600000000000003,5.0,5,0,436,64,0,0.35520064068643126,0.1352394200759926,success
1211,2000,8,3,2.0,4.3000000000000025,0.1,0.8700000000000003,5.0,5,0,436,64,0,0.35536657035269786,0.1354950426666831,success
1213,2000,8,3,2.0,4.3000000000000025,0.1,0.8900000000000003,5.0,5,0,436,64,0,0.3552644597028001,0.13527333689254561,success
1212,2000,8,3,2.0,4.3000000000000025,0.1,0.8800000000000003,5.0,5,0,436,64,0,0.3554253005346133,0.135433817581911,success
1216,2000,8,3,2.0,4.3000000000000025,0.1,0.9200000000000004,5.0,5,0,433,67,0,0.3494109604569977,0.14001363502348257,success
1214,2000,8,3,2.0,4.3000000000000025,0.1,0.9000000000000004,5.0,5,0,434,66,0,0.3503910190438491,0.13624723801226288,success
1215,2000,8,3,2.0,4.3000000000000025,0.1,0.9100000000000004,5.0,5,0,434,66,0,0.3519971736430841,0.1371246402387245,success
1217,2000,8,3,2.0,4.3000000000000025,0.1,0.9300000000000004,5.0,5,0,433,67,0,0.3502591875459468,0.14153502202898754,success
1218,2000,8,3,2.0,4.3000000000000025,0.1,0.9400000000000004,5.0,5,0,433,67,0,0.35218957842063237,0.14152680030582657,success
1219,2000,8,3,2.0,4.3000000000000025,0.1,0.9500000000000004,5.0,5,0,432,68,0,0.350488247018621,0.14059289745040723,success
1220,2000,8,3,2.0,4.3000000000000025,0.1,0.9600000000000004,5.0,5,0,431,69,0,0.35483342986659494,0.14398831077456173,success
1221,2000,8,3,2.0,4.3000000000000025,0.1,0.9700000000000004,5.0,5,0,431,69,0,0.35479771734169946,0.14392305940102276,success
1222,2000,8,3,2.0,4.3000000000000025,0.1,0.9800000000000004,5.0,5,0,430,70,0,0.35081704165626026,0.1443151854815722,success
1223,2000,8,3,2.0,4.3000000000000025,0.1,0.9900000000000004,5.0,5,0,428,72,0,0.3473903449956766,0.14525995341262418,success
1224,2000,8,3,2.0,4.3000000000000025,0.1,1.0000000000000004,5.0,5,0,428,72,0,0.3478926592463465,0.1459120564473825,success
1225,2000,8,3,2.0,4.400000000000002,0.1,0.5,5.0,5,0,463,37,0,0.3747349820703489,0.12814840382196155,success
1226,2000,8,3,2.0,4.400000000000002,0.1,0.51,5.0,5,0,462,38,0,0.3716290547876592,0.12791885121059446,success
1227,2000,8,3,2.0,4.400000000000002,0.1,0.52,5.0,5,0,462,38,0,0.372444873840339,0.12819365286526743,success
1228,2000,8,3,2.0,4.400000000000002,0.1,0.53,5.0,5,0,462,38,0,0.37247411635728794,0.12818554055082698,success
1229,2000,8,3,2.0,4.400000000000002,0.1,0.54,5.0,5,0,461,39,0,0.3754926789280273,0.12799662527170563,success
1230,2000,8,3,2.0,4.400000000000002,0.1,0.55,5.0,5,0,461,39,0,0.3754741451821574,0.12793737708096964,success
1231,2000,8,3,2.0,4.400000000000002,0.1,0.56,5.0,5,0,461,39,0,0.3759831614415553,0.12867593536868044,success
1232,2000,8,3,2.0,4.400000000000002,0.1,0.5700000000000001,5.0,5,0,459,41,0,0.3702183034613586,0.1298995889236253,success
1233,2000,8,3,2.0,4.400000000000002,0.1,0.5800000000000001,5.0,5,0,459,41,0,0.37503135172858315,0.129260293646309,success
1235,2000,8,3,2.0,4.400000000000002,0.1,0.6000000000000001,5.0,5,0,458,42,0,0.37157303451077217,0.1301162137488862,success
1234,2000,8,3,2.0,4.400000000000002,0.1,0.5900000000000001,5.0,5,0,458,42,0,0.3714775204215563,0.130291359004709,success
1236,2000,8,3,2.0,4.400000000000002,0.1,0.6100000000000001,5.0,5,0,457,43,0,0.3658834260006062,0.13410230391517028,success
1237,2000,8,3,2.0,4.400000000000002,0.1,0.6200000000000001,5.0,5,0,457,43,0,0.36585310731113513,0.13405272835466422,success
1238,2000,8,3,2.0,4.400000000000002,0.1,0.6300000000000001,5.0,5,0,456,44,0,0.363460661292841,0.13350304428639756,success
1239,2000,8,3,2.0,4.400000000000002,0.1,0.6400000000000001,5.0,5,0,455,45,0,0.3600270686693711,0.13316336455888245,success
1240,2000,8,3,2.0,4.400000000000002,0.1,0.6500000000000001,5.0,5,0,454,46,0,0.3624898037099435,0.13274648267003628,success
1241,2000,8,3,2.0,4.400000000000002,0.1,0.6600000000000001,5.0,5,0,451,49,0,0.3552219912083203,0.13227770229176106,success
1242,2000,8,3,2.0,4.400000000000002,0.1,0.6700000000000002,5.0,5,0,449,51,0,0.3588072133274578,0.13270773920143977,success
1243,2000,8,3,2.0,4.400000000000002,0.1,0.6800000000000002,5.0,5,0,448,52,0,0.3582711850521548,0.13055889843973015,success
1244,2000,8,3,2.0,4.400000000000002,0.1,0.6900000000000002,5.0,5,0,448,52,0,0.3584386096063396,0.13077256412040167,success
1245,2000,8,3,2.0,4.400000000000002,0.1,0.7000000000000002,5.0,5,0,447,53,0,0.3560496998558694,0.13080629509629318,success
1247,2000,8,3,2.0,4.400000000000002,0.1,0.7200000000000002,5.0,5,0,447,53,0,0.3576233895077629,0.1322808203425526,success
1246,2000,8,3,2.0,4.400000000000002,0.1,0.7100000000000002,5.0,5,0,447,53,0,0.35719925028667865,0.13243917653136486,success
1248,2000,8,3,2.0,4.400000000000002,0.1,0.7300000000000002,5.0,5,0,446,54,0,0.35429883492247133,0.13331053979683632,success
1249,2000,8,3,2.0,4.400000000000002,0.1,0.7400000000000002,5.0,5,0,446,54,0,0.3543178240777655,0.13333679130524265,success
1250,2000,8,3,2.0,4.400000000000002,0.1,0.7500000000000002,5.0,5,0,446,54,0,0.35433061692559087,0.13337734262812467,success
1251,2000,8,3,2.0,4.400000000000002,0.1,0.7600000000000002,5.0,5,0,446,54,0,0.3550329828402322,0.13403960870013004,success
1252,2000,8,3,2.0,4.400000000000002,0.1,0.7700000000000002,5.0,5,0,446,54,0,0.35567783648379064,0.13504970522823267,success
1253,2000,8,3,2.0,4.400000000000002,0.1,0.7800000000000002,5.0,5,0,445,55,0,0.35421110408029916,0.13447113503263813,success
1254,2000,8,3,2.0,4.400000000000002,0.1,0.7900000000000003,5.0,5,0,445,55,0,0.35509694255007485,0.13454534937371784,success
1255,2000,8,3,2.0,4.400000000000002,0.1,0.8000000000000003,5.0,5,0,445,55,0,0.3580356985631786,0.1333401367943731,success
1256,2000,8,3,2.0,4.400000000000002,0.1,0.8100000000000003,5.0,5,0,442,58,0,0.3556646738602821,0.13134292457670377,success
1259,2000,8,3,2.0,4.400000000000002,0.1,0.8400000000000003,5.0,5,0,441,59,0,0.3544431500057945,0.13387851025616612,success
1257,2000,8,3,2.0,4.400000000000002,0.1,0.8200000000000003,5.0,5,0,442,58,0,0.3571114057366118,0.13278805187096962,success
1258,2000,8,3,2.0,4.400000000000002,0.1,0.8300000000000003,5.0,5,0,441,59,0,0.35392493981594736,0.1341760953155816,success
1260,2000,8,3,2.0,4.400000000000002,0.1,0.8500000000000003,5.0,5,0,439,61,0,0.36502476338136686,0.15410874524751256,success
1261,2000,8,3,2.0,4.400000000000002,0.1,0.8600000000000003,5.0,5,0,440,60,0,0.3549037558274966,0.13284831929033467,success
1262,2000,8,3,2.0,4.400000000000002,0.1,0.8700000000000003,5.0,5,0,440,60,0,0.35496598432379123,0.13296601387530596,success
1263,2000,8,3,2.0,4.400000000000002,0.1,0.8800000000000003,5.0,5,0,440,60,0,0.3551158971336485,0.13313961059117813,success
1264,2000,8,3,2.0,4.400000000000002,0.1,0.8900000000000003,5.0,5,0,440,60,0,0.3553835173322263,0.13306194525395712,success
1265,2000,8,3,2.0,4.400000000000002,0.1,0.9000000000000004,5.0,5,0,438,62,0,0.3501586615847164,0.1341157015531451,success
1266,2000,8,3,2.0,4.400000000000002,0.1,0.9100000000000004,5.0,5,0,438,62,0,0.3504226094247956,0.13380446292115958,success
1267,2000,8,3,2.0,4.400000000000002,0.1,0.9200000000000004,5.0,5,0,437,63,0,0.3475122102846588,0.13658557959688722,success
1268,2000,8,3,2.0,4.400000000000002,0.1,0.9300000000000004,5.0,5,0,437,63,0,0.34810953942177536,0.13765803820768277,success
1269,2000,8,3,2.0,4.400000000000002,0.1,0.9400000000000004,5.0,5,0,437,63,0,0.35002989996852063,0.13754484568166586,success
1270,2000,8,3,2.0,4.400000000000002,0.1,0.9500000000000004,5.0,5,0,437,63,0,0.35004070727819475,0.13755955306549683,success
1271,2000,8,3,2.0,4.400000000000002,0.1,0.9600000000000004,5.0,5,0,436,64,0,0.3548481873092504,0.14158282827461655,success
1272,2000,8,3,2.0,4.400000000000002,0.1,0.9700000000000004,5.0,5,0,436,64,0,0.35492859272858973,0.14171381223485466,success
1273,2000,8,3,2.0,4.400000000000002,0.1,0.9800000000000004,5.0,5,0,435,65,0,0.3511506103799184,0.14312733723711799,success
1274,2000,8,3,2.0,4.400000000000002,0.1,0.9900000000000004,5.0,5,0,433,67,0,0.34731773280456774,0.14415016842413927,success
1275,2000,8,3,2.0,4.400000000000002,0.1,1.0000000000000004,5.0,5,0,433,67,0,0.3478961463543911,0.14487706186296842,success
1278,2000,8,3,2.0,4.500000000000002,0.1,0.52,5.0,5,0,465,35,0,0.375493201805833,0.12905526334336526,success
1276,2000,8,3,2.0,4.500000000000002,0.1,0.5,5.0,5,0,466,34,0,0.37893810820862206,0.12918092756652505,success
1279,2000,8,3,2.0,4.500000000000002,0.1,0.53,5.0,5,0,465,35,0,0.3755102784832802,0.12909112177898135,success
1277,2000,8,3,2.0,4.500000000000002,0.1,0.51,5.0,5,0,465,35,0,0.37535970256398504,0.12888507201496857,success
1280,2000,8,3,2.0,4.500000000000002,0.1,0.54,5.0,5,0,464,36,0,0.3786354178643873,0.1286577407130687,success
1281,2000,8,3,2.0,4.500000000000002,0.1,0.55,5.0,5,0,464,36,0,0.37862242255732853,0.12859947517101208,success
1282,2000,8,3,2.0,4.500000000000002,0.1,0.56,5.0,5,0,464,36,0,0.37928903897091615,0.12957491172037613,success
1283,2000,8,3,2.0,4.500000000000002,0.1,0.5700000000000001,5.0,5,0,462,38,0,0.3729456121402243,0.13102941893280998,success
1284,2000,8,3,2.0,4.500000000000002,0.1,0.5800000000000001,5.0,5,0,462,38,0,0.37646015597591204,0.13140647535002614,success
1285,2000,8,3,2.0,4.500000000000002,0.1,0.5900000000000001,5.0,5,0,461,39,0,0.3727033687690161,0.13248228956186597,success
1286,2000,8,3,2.0,4.500000000000002,0.1,0.6000000000000001,5.0,5,0,461,39,0,0.3727540144950326,0.13251133692864997,success
1287,2000,8,3,2.0,4.500000000000002,0.1,0.6100000000000001,5.0,5,0,460,40,0,0.3665809561023944,0.13660778807503254,success
1288,2000,8,3,2.0,4.500000000000002,0.1,0.6200000000000001,5.0,5,0,460,40,0,0.3666485935933457,0.13674390902958244,success
1297,2000,8,3,2.0,4.500000000000002,0.1,0.7100000000000002,5.0,5,0,450,50,0,0.34787946874845355,0.13769431698654258,success
1289,2000,8,3,2.0,4.500000000000002,0.1,0.6300000000000001,5.0,5,0,459,41,0,0.3641229763232666,0.13617620875279485,success
1292,2000,8,3,2.0,4.500000000000002,0.1,0.6600000000000001,5.0,5,0,455,45,0,0.357200311980144,0.13421808779668426,success
1291,2000,8,3,2.0,4.500000000000002,0.1,0.6500000000000001,5.0,5,0,457,43,0,0.3626042784273974,0.13476037062664628,success
1290,2000,8,3,2.0,4.500000000000002,0.1,0.6400000000000001,5.0,5,0,458,42,0,0.36030459589296643,0.13556077572940972,success
1299,2000,8,3,2.0,4.500000000000002,0.1,0.7300000000000002,5.0,5,0,449,51,0,0.3449913858034927,0.13819422839504725,success
1293,2000,8,3,2.0,4.500000000000002,0.1,0.6700000000000002,5.0,5,0,453,47,0,0.3572107396862824,0.13307769979138184,success
1298,2000,8,3,2.0,4.500000000000002,0.1,0.7200000000000002,5.0,5,0,450,50,0,0.34818965937560425,0.13738743301789258,success
1294,2000,8,3,2.0,4.500000000000002,0.1,0.6800000000000002,5.0,5,0,451,49,0,0.3490323169204457,0.1363493507341413,success
1300,2000,8,3,2.0,4.500000000000002,0.1,0.7400000000000002,5.0,5,0,449,51,0,0.34500737110804497,0.1382185658777382,success
1295,2000,8,3,2.0,4.500000000000002,0.1,0.6900000000000002,5.0,5,0,451,49,0,0.3493511816898388,0.13670284171343738,success
1296,2000,8,3,2.0,4.500000000000002,0.1,0.7000000000000002,5.0,5,0,450,50,0,0.3469424797009036,0.13639748824280992,success
1301,2000,8,3,2.0,4.500000000000002,0.1,0.7500000000000002,5.0,5,0,449,51,0,0.3450470604176744,0.1382944001256562,success
1302,2000,8,3,2.0,4.500000000000002,0.1,0.7600000000000002,5.0,5,0,449,51,0,0.3458434717121913,0.13912256001943613,success
1303,2000,8,3,2.0,4.500000000000002,0.1,0.7700000000000002,5.0,5,0,449,51,0,0.3461371838564302,0.1395472403852314,success
1304,2000,8,3,2.0,4.500000000000002,0.1,0.7800000000000002,5.0,5,0,448,52,0,0.3446847977797306,0.1388284671116838,success
1305,2000,8,3,2.0,4.500000000000002,0.1,0.7900000000000003,5.0,5,0,448,52,0,0.3462491166562336,0.13846789901292056,success
1306,2000,8,3,2.0,4.500000000000002,0.1,0.8000000000000003,5.0,5,0,448,52,0,0.34836797591609386,0.13683845351785107,success
1307,2000,8,3,2.0,4.500000000000002,0.1,0.8100000000000003,5.0,5,0,446,54,0,0.3490010289322832,0.13390389652991067,success
1310,2000,8,3,2.0,4.500000000000002,0.1,0.8400000000000003,5.0,5,0,445,55,0,0.34699178877115605,0.13573504022308955,success
1309,2000,8,3,2.0,4.500000000000002,0.1,0.8300000000000003,5.0,5,0,445,55,0,0.3463659540518299,0.13574241471877793,success
1308,2000,8,3,2.0,4.500000000000002,0.1,0.8200000000000003,5.0,5,0,446,54,0,0.3496725283954967,0.13454423176467353,success
1311,2000,8,3,2.0,4.500000000000002,0.1,0.8500000000000003,5.0,5,0,444,56,0,0.345731351241963,0.13460680105828024,success
1312,2000,8,3,2.0,4.500000000000002,0.1,0.8600000000000003,5.0,5,0,444,56,0,0.345891579288952,0.13452449332144026,success
1313,2000,8,3,2.0,4.500000000000002,0.1,0.8700000000000003,5.0,5,0,444,56,0,0.34589174839722725,0.13452912862697808,success
1314,2000,8,3,2.0,4.500000000000002,0.1,0.8800000000000003,5.0,5,0,444,56,0,0.34604432087118336,0.13457129361267284,success
1321,2000,8,3,2.0,4.500000000000002,0.1,0.9500000000000004,5.0,5,0,443,57,0,0.3471971513237169,0.13454836308140872,success
1315,2000,8,3,2.0,4.500000000000002,0.1,0.8900000000000003,5.0,5,0,444,56,0,0.3463105073940849,0.13449644064224944,success
1316,2000,8,3,2.0,4.500000000000002,0.1,0.9000000000000004,5.0,5,0,443,57,0,0.3437768812015713,0.1347928937860895,success
1326,2000,8,3,2.0,4.500000000000002,0.1,1.0000000000000004,5.0,5,0,440,60,0,0.34885143582804534,0.1453384251070976,success
1317,2000,8,3,2.0,4.500000000000002,0.1,0.9100000000000004,5.0,5,0,443,57,0,0.3437733183334956,0.13475451783163855,success
1318,2000,8,3,2.0,4.500000000000002,0.1,0.9200000000000004,5.0,5,0,443,57,0,0.34384394992377076,0.13487197332119147,success
1328,2000,8,3,2.0,4.600000000000002,0.1,0.51,5.0,5,0,467,33,0,0.3854730481674364,0.12516090558882642,success
1330,2000,8,3,2.0,4.600000000000002,0.1,0.53,5.0,5,0,467,33,0,0.38565771439296764,0.12537649294578637,success
1319,2000,8,3,2.0,4.500000000000002,0.1,0.9300000000000004,5.0,5,0,443,57,0,0.34445800044313035,0.1360138534212169,success
1322,2000,8,3,2.0,4.500000000000002,0.1,0.9600000000000004,5.0,5,0,442,58,0,0.3514203839276029,0.1401262401504842,success
1320,2000,8,3,2.0,4.500000000000002,0.1,0.9400000000000004,5.0,5,0,443,57,0,0.3471807098292176,0.13452422148984955,success
1323,2000,8,3,2.0,4.500000000000002,0.1,0.9700000000000004,5.0,5,0,442,58,0,0.35146972884434097,0.14022311920167185,success
1325,2000,8,3,2.0,4.500000000000002,0.1,0.9900000000000004,5.0,5,0,440,60,0,0.34830813511375214,0.14461624768529305,success
1333,2000,8,3,2.0,4.600000000000002,0.1,0.56,5.0,5,0,467,33,0,0.38653500086566334,0.1266161730580696,success
1334,2000,8,3,2.0,4.600000000000002,0.1,0.5700000000000001,5.0,5,0,465,35,0,0.37908615411089414,0.12876530035218683,success
1324,2000,8,3,2.0,4.500000000000002,0.1,0.9800000000000004,5.0,5,0,441,59,0,0.34875942020121836,0.14477831032724986,success
1327,2000,8,3,2.0,4.600000000000002,0.1,0.5,5.0,5,0,468,32,0,0.3895294074590139,0.12493134407586066,success
1335,2000,8,3,2.0,4.600000000000002,0.1,0.5800000000000001,5.0,5,0,464,36,0,0.3771298074399996,0.12854062078262082,success
1329,2000,8,3,2.0,4.600000000000002,0.1,0.52,5.0,5,0,467,33,0,0.38564513470722034,0.12535713569003953,success
1336,2000,8,3,2.0,4.600000000000002,0.1,0.5900000000000001,5.0,5,0,463,37,0,0.37310608196224004,0.12978451689747703,success
1331,2000,8,3,2.0,4.600000000000002,0.1,0.54,5.0,5,0,467,33,0,0.38590940504332416,0.12565351008231168,success
1337,2000,8,3,2.0,4.600000000000002,0.1,0.6000000000000001,5.0,5,0,463,37,0,0.3731344303275835,0.12977539432445895,success
1332,2000,8,3,2.0,4.600000000000002,0.1,0.55,5.0,5,0,467,33,0,0.38585515508171553,0.12556294092893772,success
1339,2000,8,3,2.0,4.600000000000002,0.1,0.6200000000000001,5.0,5,0,462,38,0,0.36666692381897203,0.13432986975354533,success
1338,2000,8,3,2.0,4.600000000000002,0.1,0.6100000000000001,5.0,5,0,462,38,0,0.3666497054482084,0.13429896229521782,success
1340,2000,8,3,2.0,4.600000000000002,0.1,0.6300000000000001,5.0,5,0,461,39,0,0.3639193307020958,0.13375370575231832,success
1342,2000,8,3,2.0,4.600000000000002,0.1,0.6500000000000001,5.0,5,0,459,41,0,0.36244557184794834,0.13257483085463462,success
1343,2000,8,3,2.0,4.600000000000002,0.1,0.6600000000000001,5.0,5,0,457,43,0,0.35677418763993685,0.13205714872778734,success
1341,2000,8,3,2.0,4.600000000000002,0.1,0.6400000000000001,5.0,5,0,460,40,0,0.35993435648086536,0.133188239439186,success
1344,2000,8,3,2.0,4.600000000000002,0.1,0.6700000000000002,5.0,5,0,455,45,0,0.35382658015166285,0.13044072044502564,success
1347,2000,8,3,2.0,4.600000000000002,0.1,0.7000000000000002,5.0,5,0,452,48,0,0.3433899943351169,0.13395159503627793,success
1345,2000,8,3,2.0,4.600000000000002,0.1,0.6800000000000002,5.0,5,0,453,47,0,0.3455086555019152,0.1339234806016165,success
1350,2000,8,3,2.0,4.600000000000002,0.1,0.7300000000000002,5.0,5,0,452,48,0,0.3446016911830247,0.13466027575750636,success
1353,2000,8,3,2.0,4.600000000000002,0.1,0.7600000000000002,5.0,5,0,452,48,0,0.34513225678417675,0.13520192565655897,success
1346,2000,8,3,2.0,4.600000000000002,0.1,0.6900000000000002,5.0,5,0,453,47,0,0.3458242974689102,0.13427253734510933,success
1354,2000,8,3,2.0,4.600000000000002,0.1,0.7700000000000002,5.0,5,0,452,48,0,0.34513266568250067,0.13519989762756027,success
1348,2000,8,3,2.0,4.600000000000002,0.1,0.7100000000000002,5.0,5,0,452,48,0,0.34403510289842254,0.13479962395658826,success
1361,2000,8,3,2.0,4.600000000000002,0.1,0.8400000000000003,5.0,5,0,449,51,0,0.3457782295393585,0.1324359661469167,success
1349,2000,8,3,2.0,4.600000000000002,0.1,0.7200000000000002,5.0,5,0,452,48,0,0.34434410473401594,0.1345114561920735,success
1360,2000,8,3,2.0,4.600000000000002,0.1,0.8300000000000003,5.0,5,0,449,51,0,0.3451542860246971,0.13259898803522951,success
1351,2000,8,3,2.0,4.600000000000002,0.1,0.7400000000000002,5.0,5,0,452,48,0,0.34459264286482266,0.13463979442992638,success
1352,2000,8,3,2.0,4.600000000000002,0.1,0.7500000000000002,5.0,5,0,452,48,0,0.34462078776642735,0.1346809169799481,success
1364,2000,8,3,2.0,4.600000000000002,0.1,0.8700000000000003,5.0,5,0,448,52,0,0.3438372719619097,0.13194861432213284,success
1355,2000,8,3,2.0,4.600000000000002,0.1,0.7800000000000002,5.0,5,0,451,49,0,0.3435830942078095,0.13446929272613634,success
1366,2000,8,3,2.0,4.600000000000002,0.1,0.8900000000000003,5.0,5,0,448,52,0,0.34391932665589453,0.13187841539739337,success
1356,2000,8,3,2.0,4.600000000000002,0.1,0.7900000000000003,5.0,5,0,451,49,0,0.3451185606022372,0.13388627381731244,success
1368,2000,8,3,2.0,4.600000000000002,0.1,0.9100000000000004,5.0,5,0,447,53,0,0.3423823386332458,0.13222169550637966,success
1357,2000,8,3,2.0,4.600000000000002,0.1,0.8000000000000003,5.0,5,0,451,49,0,0.3473690025855776,0.13210814828650946,success
1358,2000,8,3,2.0,4.600000000000002,0.1,0.8100000000000003,5.0,5,0,450,50,0,0.34794378658873576,0.130452911118731,success
1359,2000,8,3,2.0,4.600000000000002,0.1,0.8200000000000003,5.0,5,0,450,50,0,0.3486651922114834,0.13115190428961318,success
1362,2000,8,3,2.0,4.600000000000002,0.1,0.8500000000000003,5.0,5,0,448,52,0,0.343747317689339,0.1318519014534875,success
1370,2000,8,3,2.0,4.600000000000002,0.1,0.9300000000000004,5.0,5,0,447,53,0,0.3426062442398906,0.13261333166395708,success
1371,2000,8,3,2.0,4.600000000000002,0.1,0.9400000000000004,5.0,5,0,447,53,0,0.3454774845623191,0.130373781338098,success
1363,2000,8,3,2.0,4.600000000000002,0.1,0.8600000000000003,5.0,5,0,448,52,0,0.34378781928893665,0.13186506965343414,success
1372,2000,8,3,2.0,4.600000000000002,0.1,0.9500000000000004,5.0,5,0,447,53,0,0.3454971711851042,0.13040904622603355,success
1365,2000,8,3,2.0,4.600000000000002,0.1,0.8800000000000003,5.0,5,0,448,52,0,0.343990961052806,0.13198531747815645,success
1374,2000,8,3,2.0,4.600000000000002,0.1,0.9700000000000004,5.0,5,0,446,54,0,0.3500356573629508,0.1366657633675338,success
1373,2000,8,3,2.0,4.600000000000002,0.1,0.9600000000000004,5.0,5,0,446,54,0,0.35003655556912416,0.13666322523700067,success
1375,2000,8,3,2.0,4.600000000000002,0.1,0.9800000000000004,5.0,5,0,445,55,0,0.34716776312947095,0.14169871850276736,success
1376,2000,8,3,2.0,4.600000000000002,0.1,0.9900000000000004,5.0,5,0,444,56,0,0.34552023945608823,0.1413037730653732,success
1367,2000,8,3,2.0,4.600000000000002,0.1,0.9000000000000004,5.0,5,0,447,53,0,0.3412367126897958,0.1322074742570026,success
1369,2000,8,3,2.0,4.600000000000002,0.1,0.9200000000000004,5.0,5,0,447,53,0,0.3423883727137535,0.13222865319621477,success
1377,2000,8,3,2.0,4.600000000000002,0.1,1.0000000000000004,5.0,5,0,444,56,0,0.346116125208248,0.1421854685440405,success
1379,2000,8,3,2.0,4.700000000000003,0.1,0.51,5.0,5,0,468,32,0,0.38748790636624086,0.12600824147883216,success
1380,2000,8,3,2.0,4.700000000000003,0.1,0.52,5.0,5,0,468,32,0,0.3876893868300514,0.12623321258954104,success
1382,2000,8,3,2.0,4.700000000000003,0.1,0.54,5.0,5,0,468,32,0,0.38769536818508465,0.12624139273257082,success
1378,2000,8,3,2.0,4.700000000000003,0.1,0.5,5.0,5,0,469,31,0,0.39166419019479615,0.1255879479727464,success
1384,2000,8,3,2.0,4.700000000000003,0.1,0.56,5.0,5,0,468,32,0,0.3883598638400323,0.12722473669657483,success
1386,2000,8,3,2.0,4.700000000000003,0.1,0.5800000000000001,5.0,5,0,466,34,0,0.3835596285355859,0.12569060687990974,success
1381,2000,8,3,2.0,4.700000000000003,0.1,0.53,5.0,5,0,468,32,0,0.38770800624591173,0.12625589627427553,success
1389,2000,8,3,2.0,4.700000000000003,0.1,0.6100000000000001,5.0,5,0,465,35,0,0.378578208269822,0.12741889645788027,success
1391,2000,8,3,2.0,4.700000000000003,0.1,0.6300000000000001,5.0,5,0,464,36,0,0.37522204941464177,0.127198231402207,success
1393,2000,8,3,2.0,4.700000000000003,0.1,0.6500000000000001,5.0,5,0,462,38,0,0.3722019024480029,0.12644274450532267,success
1383,2000,8,3,2.0,4.700000000000003,0.1,0.55,5.0,5,0,468,32,0,0.3876667042330078,0.12618749680593014,success
1385,2000,8,3,2.0,4.700000000000003,0.1,0.5700000000000001,5.0,5,0,467,33,0,0.3862510786171906,0.12650573434525744,success
1398,2000,8,3,2.0,4.700000000000003,0.1,0.7000000000000002,5.0,5,0,456,44,0,0.35177533779201187,0.13169401082709176,success
1387,2000,8,3,2.0,4.700000000000003,0.1,0.5900000000000001,5.0,5,0,465,35,0,0.37849717933272853,0.1274029068359191,success
1388,2000,8,3,2.0,4.700000000000003,0.1,0.6000000000000001,5.0,5,0,465,35,0,0.3785425855864881,0.12737244588511387,success
1399,2000,8,3,2.0,4.700000000000003,0.1,0.7100000000000002,5.0,5,0,456,44,0,0.3515347941093609,0.13126135620779503,success
1401,2000,8,3,2.0,4.700000000000003,0.1,0.7300000000000002,5.0,5,0,456,44,0,0.3521450217347031,0.1311621860514024,success
1403,2000,8,3,2.0,4.700000000000003,0.1,0.7500000000000002,5.0,5,0,456,44,0,0.3521687323566516,0.13120849106859828,success
1404,2000,8,3,2.0,4.700000000000003,0.1,0.7600000000000002,5.0,5,0,456,44,0,0.35278897167181555,0.13178819319635018,success
1390,2000,8,3,2.0,4.700000000000003,0.1,0.6200000000000001,5.0,5,0,465,35,0,0.3785677547665744,0.12740130679637263,success
1405,2000,8,3,2.0,4.700000000000003,0.1,0.7700000000000002,5.0,5,0,456,44,0,0.3527842369169764,0.1317804231042174,success
1392,2000,8,3,2.0,4.700000000000003,0.1,0.6400000000000001,5.0,5,0,463,37,0,0.3709826057462526,0.12788185843055652,success
1406,2000,8,3,2.0,4.700000000000003,0.1,0.7800000000000002,5.0,5,0,455,45,0,0.35069869161483985,0.13104791470383112,success
1395,2000,8,3,2.0,4.700000000000003,0.1,0.6700000000000002,5.0,5,0,459,41,0,0.3644233821009868,0.12620278222112566,success
1394,2000,8,3,2.0,4.700000000000003,0.1,0.6600000000000001,5.0,5,0,461,39,0,0.368145136833236,0.12738170339029317,success
1396,2000,8,3,2.0,4.700000000000003,0.1,0.6800000000000002,5.0,5,0,457,43,0,0.3543245568828844,0.13150299375144245,success
1397,2000,8,3,2.0,4.700000000000003,0.1,0.6900000000000002,5.0,5,0,457,43,0,0.3545504915497795,0.13176187591621968,success
1400,2000,8,3,2.0,4.700000000000003,0.1,0.7200000000000002,5.0,5,0,456,44,0,0.35199311863944516,0.13109833613170133,success
1402,2000,8,3,2.0,4.700000000000003,0.1,0.7400000000000002,5.0,5,0,456,44,0,0.35215165650553354,0.13117358081558636,success
1407,2000,8,3,2.0,4.700000000000003,0.1,0.7900000000000003,5.0,5,0,455,45,0,0.35121100608623224,0.13002852634850612,success
1408,2000,8,3,2.0,4.700000000000003,0.1,0.8000000000000003,5.0,5,0,455,45,0,0.351217102383825,0.1300196124907864,success
1409,2000,8,3,2.0,4.700000000000003,0.1,0.8100000000000003,5.0,5,0,454,46,0,0.35130109650251723,0.1287948033722681,success
1411,2000,8,3,2.0,4.700000000000003,0.1,0.8300000000000003,5.0,5,0,453,47,0,0.3488646005411671,0.13165900793889077,success
1410,2000,8,3,2.0,4.700000000000003,0.1,0.8200000000000003,5.0,5,0,454,46,0,0.35273803987949354,0.12989505889508085,success
1412,2000,8,3,2.0,4.700000000000003,0.1,0.8400000000000003,5.0,5,0,453,47,0,0.3494935040619926,0.13135731192989406,success
1414,2000,8,3,2.0,4.700000000000003,0.1,0.8600000000000003,5.0,5,0,452,48,0,0.3473445431497802,0.1309894715865262,success
1415,2000,8,3,2.0,4.700000000000003,0.1,0.8700000000000003,5.0,5,0,452,48,0,0.347272571987806,0.13088377460727116,success
1417,2000,8,3,2.0,4.700000000000003,0.1,0.8900000000000003,5.0,5,0,452,48,0,0.34721642807634784,0.13078241318921238,success
1418,2000,8,3,2.0,4.700000000000003,0.1,0.9000000000000004,5.0,5,0,451,49,0,0.3442481755457729,0.13110685713439593,success
1419,2000,8,3,2.0,4.700000000000003,0.1,0.9100000000000004,5.0,5,0,451,49,0,0.34541489610958914,0.13099320853741908,success
1413,2000,8,3,2.0,4.700000000000003,0.1,0.8500000000000003,5.0,5,0,452,48,0,0.3472579847229857,0.13090659120213333,success
1422,2000,8,3,2.0,4.700000000000003,0.1,0.9400000000000004,5.0,5,0,451,49,0,0.34566770950367104,0.13114781652818816,success
1426,2000,8,3,2.0,4.700000000000003,0.1,0.9800000000000004,5.0,5,0,449,51,0,0.3386319315022551,0.13367140565141766,success
1416,2000,8,3,2.0,4.700000000000003,0.1,0.8800000000000003,5.0,5,0,452,48,0,0.3472741623879581,0.13088157802438496,success
1425,2000,8,3,2.0,4.700000000000003,0.1,0.9700000000000004,5.0,5,0,450,50,0,0.3429771360103846,0.13131063191490439,success
1427,2000,8,3,2.0,4.700000000000003,0.1,0.9900000000000004,5.0,5,0,448,52,0,0.33699614666222616,0.13305738574584455,success
1428,2000,8,3,2.0,4.700000000000003,0.1,1.0000000000000004,5.0,5,0,448,52,0,0.3376479451748481,0.1341373497716515,success
1430,2000,8,3,2.0,4.8000000000000025,0.1,0.51,5.0,5,0,471,29,0,0.39299858261492665,0.12847459082636475,success
1432,2000,8,3,2.0,4.8000000000000025,0.1,0.53,5.0,5,0,471,29,0,0.39306272783465873,0.12852772511120789,success
1420,2000,8,3,2.0,4.700000000000003,0.1,0.9200000000000004,5.0,5,0,451,49,0,0.3455735414987433,0.13105391378207135,success
1421,2000,8,3,2.0,4.700000000000003,0.1,0.9300000000000004,5.0,5,0,451,49,0,0.3456020054799244,0.1310767201875879,success
1423,2000,8,3,2.0,4.700000000000003,0.1,0.9500000000000004,5.0,5,0,451,49,0,0.3457171724335777,0.1312210179709935,success
1424,2000,8,3,2.0,4.700000000000003,0.1,0.9600000000000004,5.0,5,0,450,50,0,0.3429877076778354,0.13134120464092855,success
1429,2000,8,3,2.0,4.8000000000000025,0.1,0.5,5.0,5,0,472,28,0,0.39794701325229537,0.12800655588573162,success
1431,2000,8,3,2.0,4.8000000000000025,0.1,0.52,5.0,5,0,471,29,0,0.3929884779338083,0.128452096482862,success
1433,2000,8,3,2.0,4.8000000000000025,0.1,0.54,5.0,5,0,471,29,0,0.39310350628373725,0.1285595228534497,success
1434,2000,8,3,2.0,4.8000000000000025,0.1,0.55,5.0,5,0,471,29,0,0.3931012795962246,0.12854520151064283,success
1435,2000,8,3,2.0,4.8000000000000025,0.1,0.56,5.0,5,0,471,29,0,0.39413976483853685,0.12994357956443867,success
1436,2000,8,3,2.0,4.8000000000000025,0.1,0.5700000000000001,5.0,5,0,470,30,0,0.39162139298119064,0.12909371456462884,success
1437,2000,8,3,2.0,4.8000000000000025,0.1,0.5800000000000001,5.0,5,0,470,30,0,0.39162077935700584,0.12912383727135207,success
1438,2000,8,3,2.0,4.8000000000000025,0.1,0.5900000000000001,5.0,5,0,469,31,0,0.38563006171380204,0.1312214829710591,success
1439,2000,8,3,2.0,4.8000000000000025,0.1,0.6000000000000001,5.0,5,0,469,31,0,0.38578307610433393,0.13134832801006233,success
1440,2000,8,3,2.0,4.8000000000000025,0.1,0.6100000000000001,5.0,5,0,469,31,0,0.38581310446100897,0.13133944319088192,success
1441,2000,8,3,2.0,4.8000000000000025,0.1,0.6200000000000001,5.0,5,0,469,31,0,0.3858429282094419,0.13137570662819256,success
1443,2000,8,3,2.0,4.8000000000000025,0.1,0.6400000000000001,5.0,5,0,468,32,0,0.38069303799969934,0.13257726471296652,success
1442,2000,8,3,2.0,4.8000000000000025,0.1,0.6300000000000001,5.0,5,0,469,31,0,0.3859170628867356,0.13152390525701912,success
1444,2000,8,3,2.0,4.8000000000000025,0.1,0.6500000000000001,5.0,5,0,467,33,0,0.381837334217968,0.13070026039285218,success
1445,2000,8,3,2.0,4.8000000000000025,0.1,0.6600000000000001,5.0,5,0,466,34,0,0.376860802610619,0.1319124439653914,success
1446,2000,8,3,2.0,4.8000000000000025,0.1,0.6700000000000002,5.0,5,0,464,36,0,0.3680515126040956,0.13342193570536373,success
1447,2000,8,3,2.0,4.8000000000000025,0.1,0.6800000000000002,5.0,5,0,463,37,0,0.36161376609898094,0.1371201088054422,success
1448,2000,8,3,2.0,4.8000000000000025,0.1,0.6900000000000002,5.0,5,0,463,37,0,0.3618567578914789,0.13737272560336425,success
1449,2000,8,3,2.0,4.8000000000000025,0.1,0.7000000000000002,5.0,5,0,463,37,0,0.361863228355058,0.13738230905654414,success
1451,2000,8,3,2.0,4.8000000000000025,0.1,0.7200000000000002,5.0,5,0,463,37,0,0.361599668887075,0.1369366697200885,success
1452,2000,8,3,2.0,4.8000000000000025,0.1,0.7300000000000002,5.0,5,0,463,37,0,0.3616041894588271,0.13694375722274568,success
1454,2000,8,3,2.0,4.8000000000000025,0.1,0.7500000000000002,5.0,5,0,463,37,0,0.36164696231935617,0.13699834890848675,success
1455,2000,8,3,2.0,4.8000000000000025,0.1,0.7600000000000002,5.0,5,0,463,37,0,0.36225635673650824,0.13751901572816247,success
1456,2000,8,3,2.0,4.8000000000000025,0.1,0.7700000000000002,5.0,5,0,463,37,0,0.3622736604761981,0.13755374725584346,success
1457,2000,8,3,2.0,4.8000000000000025,0.1,0.7800000000000002,5.0,5,0,462,38,0,0.35952292866683416,0.13671783125064926,success
1450,2000,8,3,2.0,4.8000000000000025,0.1,0.7100000000000002,5.0,5,0,463,37,0,0.3615911351528671,0.13693454346976375,success
1458,2000,8,3,2.0,4.8000000000000025,0.1,0.7900000000000003,5.0,5,0,462,38,0,0.3595218423387783,0.1367139969217087,success
1453,2000,8,3,2.0,4.8000000000000025,0.1,0.7400000000000002,5.0,5,0,463,37,0,0.36164317769769366,0.13699272155549977,success
1459,2000,8,3,2.0,4.8000000000000025,0.1,0.8000000000000003,5.0,5,0,462,38,0,0.35950882893550384,0.13668347413888993,success
1460,2000,8,3,2.0,4.8000000000000025,0.1,0.8100000000000003,5.0,5,0,461,39,0,0.3593881251724477,0.13513903859336596,success
1461,2000,8,3,2.0,4.8000000000000025,0.1,0.8200000000000003,5.0,5,0,461,39,0,0.36108128240114296,0.13627929983816028,success
1462,2000,8,3,2.0,4.8000000000000025,0.1,0.8300000000000003,5.0,5,0,460,40,0,0.35624755690808846,0.1382381782243432,success
1464,2000,8,3,2.0,4.8000000000000025,0.1,0.8500000000000003,5.0,5,0,460,40,0,0.3562794306905147,0.1382791366955876,success
1463,2000,8,3,2.0,4.8000000000000025,0.1,0.8400000000000003,5.0,5,0,460,40,0,0.3562593445371386,0.13825130213030634,success
1465,2000,8,3,2.0,4.8000000000000025,0.1,0.8600000000000003,5.0,5,0,460,40,0,0.3563136641968746,0.1382623595267816,success
1467,2000,8,3,2.0,4.8000000000000025,0.1,0.8800000000000003,5.0,5,0,460,40,0,0.35629434267812876,0.13824434821913825,success
1466,2000,8,3,2.0,4.8000000000000025,0.1,0.8700000000000003,5.0,5,0,460,40,0,0.35629800645102977,0.1382503744592335,success
1468,2000,8,3,2.0,4.8000000000000025,0.1,0.8900000000000003,5.0,5,0,460,40,0,0.35628533048331634,0.1382247355633432,success
1469,2000,8,3,2.0,4.8000000000000025,0.1,0.9000000000000004,5.0,5,0,459,41,0,0.35245957642546927,0.13868547439411028,success
1470,2000,8,3,2.0,4.8000000000000025,0.1,0.9100000000000004,5.0,5,0,459,41,0,0.35272497981934203,0.13897934993042335,success
1471,2000,8,3,2.0,4.8000000000000025,0.1,0.9200000000000004,5.0,5,0,459,41,0,0.3527536309086963,0.13901448894158766,success
1472,2000,8,3,2.0,4.8000000000000025,0.1,0.9300000000000004,5.0,5,0,459,41,0,0.352798652605223,0.1390611605913842,success
1473,2000,8,3,2.0,4.8000000000000025,0.1,0.9400000000000004,5.0,5,0,459,41,0,0.35278355020700547,0.13903719195803624,success
1474,2000,8,3,2.0,4.8000000000000025,0.1,0.9500000000000004,5.0,5,0,459,41,0,0.352818908767355,0.13909597458350767,success
1475,2000,8,3,2.0,4.8000000000000025,0.1,0.9600000000000004,5.0,5,0,458,42,0,0.34938528870838376,0.13916815167534557,success
1476,2000,8,3,2.0,4.8000000000000025,0.1,0.9700000000000004,5.0,5,0,458,42,0,0.3493997547292848,0.13920581305655294,success
1477,2000,8,3,2.0,4.8000000000000025,0.1,0.9800000000000004,5.0,5,0,458,42,0,0.3494189234673344,0.13921393973229634,success
1478,2000,8,3,2.0,4.8000000000000025,0.1,0.9900000000000004,5.0,5,0,457,43,0,0.34696512676960256,0.13858487772705574,success
1479,2000,8,3,2.0,4.8000000000000025,0.1,1.0000000000000004,5.0,5,0,457,43,0,0.3469886490684617,0.13862628034709357,success
1480,2000,8,3,2.0,4.900000000000002,0.1,0.5,5.0,5,0,474,26,0,0.3981145041747099,0.13096143281808448,success
1481,2000,8,3,2.0,4.900000000000002,0.1,0.51,5.0,5,0,473,27,0,0.3928610861370568,0.13144537616679747,success
1483,2000,8,3,2.0,4.900000000000002,0.1,0.53,5.0,5,0,473,27,0,0.39289369775737903,0.13146770803561372,success
1482,2000,8,3,2.0,4.900000000000002,0.1,0.52,5.0,5,0,473,27,0,0.3928564515757057,0.1314401949089581,success
1485,2000,8,3,2.0,4.900000000000002,0.1,0.55,5.0,5,0,473,27,0,0.39291278497780596,0.13147893835835833,success
1484,2000,8,3,2.0,4.900000000000002,0.1,0.54,5.0,5,0,473,27,0,0.39289021356605924,0.1314644072334667,success
1486,2000,8,3,2.0,4.900000000000002,0.1,0.56,5.0,5,0,473,27,0,0.3940054319552796,0.1329250451006171,success
1487,2000,8,3,2.0,4.900000000000002,0.1,0.5700000000000001,5.0,5,0,472,28,0,0.3912744233581494,0.13195344659350405,success
1489,2000,8,3,2.0,4.900000000000002,0.1,0.5900000000000001,5.0,5,0,471,29,0,0.38490886731105,0.13406926485103413,success
1488,2000,8,3,2.0,4.900000000000002,0.1,0.5800000000000001,5.0,5,0,472,28,0,0.39129134428733525,0.13198207588271177,success
1490,2000,8,3,2.0,4.900000000000002,0.1,0.6000000000000001,5.0,5,0,471,29,0,0.3849630263243093,0.13406164010187419,success
1491,2000,8,3,2.0,4.900000000000002,0.1,0.6100000000000001,5.0,5,0,471,29,0,0.38494836914299485,0.13405568580488597,success
1492,2000,8,3,2.0,4.900000000000002,0.1,0.6200000000000001,5.0,5,0,471,29,0,0.3849356521770563,0.1340414412006857,success
1493,2000,8,3,2.0,4.900000000000002,0.1,0.6300000000000001,5.0,5,0,471,29,0,0.38494916920104655,0.1340608927510518,success
1494,2000,8,3,2.0,4.900000000000002,0.1,0.6400000000000001,5.0,5,0,471,29,0,0.3848917122753448,0.13395909545986542,success
1495,2000,8,3,2.0,4.900000000000002,0.1,0.6500000000000001,5.0,5,0,471,29,0,0.3849522382448641,0.13401853936786584,success
1496,2000,8,3,2.0,4.900000000000002,0.1,0.6600000000000001,5.0,5,0,470,30,0,0.3792212838217178,0.1353674608765027,success
1497,2000,8,3,2.0,4.900000000000002,0.1,0.6700000000000002,5.0,5,0,468,32,0,0.3691175387168038,0.13686214988684167,success
1498,2000,8,3,2.0,4.900000000000002,0.1,0.6800000000000002,5.0,5,0,467,33,0,0.36191615750300143,0.14091525644914799,success
1499,2000,8,3,2.0,4.900000000000002,0.1,0.6900000000000002,5.0,5,0,467,33,0,0.36216791305204094,0.14116769719235925,success
1500,2000,8,3,2.0,4.900000000000002,0.1,0.7000000000000002,5.0,5,0,467,33,0,0.36217621230981467,0.14118282387925474,success
1501,2000,8,3,2.0,4.900000000000002,0.1,0.7100000000000002,5.0,5,0,467,33,0,0.3621728805702724,0.14117241715845338,success
1502,2000,8,3,2.0,4.900000000000002,0.1,0.7200000000000002,5.0,5,0,467,33,0,0.3622116675094837,0.14121485160971442,success
1503,2000,8,3,2.0,4.900000000000002,0.1,0.7300000000000002,5.0,5,0,467,33,0,0.3622071137861645,0.14120606128055188,success
1504,2000,8,3,2.0,4.900000000000002,0.1,0.7400000000000002,5.0,5,0,467,33,0,0.36226821990247804,0.14131913722565226,success
1505,2000,8,3,2.0,4.900000000000002,0.1,0.7500000000000002,5.0,5,0,467,33,0,0.3622786467881423,0.14133635723131138,success
1506,2000,8,3,2.0,4.900000000000002,0.1,0.7600000000000002,5.0,5,0,467,33,0,0.36226076093645604,0.14130539409143372,success
1507,2000,8,3,2.0,4.900000000000002,0.1,0.7700000000000002,5.0,5,0,467,33,0,0.3622133035853219,0.14121649065035735,success
1508,2000,8,3,2.0,4.900000000000002,0.1,0.7800000000000002,5.0,5,0,466,34,0,0.35890774606721587,0.1403917174027969,success
1509,2000,8,3,2.0,4.900000000000002,0.1,0.7900000000000003,5.0,5,0,466,34,0,0.35890915987663335,0.1403936281203228,success
1510,2000,8,3,2.0,4.900000000000002,0.1,0.8000000000000003,5.0,5,0,466,34,0,0.35889829913636234,0.14037865296979932,success
1511,2000,8,3,2.0,4.900000000000002,0.1,0.8100000000000003,5.0,5,0,465,35,0,0.35876990361059663,0.13857361393518822,success
1512,2000,8,3,2.0,4.900000000000002,0.1,0.8200000000000003,5.0,5,0,465,35,0,0.358803422014969,0.13863810815557193,success
1513,2000,8,3,2.0,4.900000000000002,0.1,0.8300000000000003,5.0,5,0,464,36,0,0.3533317288460365,0.1404868817445012,success
1514,2000,8,3,2.0,4.900000000000002,0.1,0.8400000000000003,5.0,5,0,464,36,0,0.35333056680407676,0.1404827351591778,success
1515,2000,8,3,2.0,4.900000000000002,0.1,0.8500000000000003,5.0,5,0,464,36,0,0.3533368701805481,0.14048907104210787,success
1516,2000,8,3,2.0,4.900000000000002,0.1,0.8600000000000003,5.0,5,0,464,36,0,0.3534081265503903,0.14054450236501956,success
1517,2000,8,3,2.0,4.900000000000002,0.1,0.8700000000000003,5.0,5,0,464,36,0,0.3534062675452075,0.14054362216996175,success
1518,2000,8,3,2.0,4.900000000000002,0.1,0.8800000000000003,5.0,5,0,464,36,0,0.3533822209083821,0.1405060158703492,success
1519,2000,8,3,2.0,4.900000000000002,0.1,0.8900000000000003,5.0,5,0,464,36,0,0.3533873140443015,0.1405120298632583,success
1520,2000,8,3,2.0,4.900000000000002,0.1,0.9000000000000004,5.0,5,0,464,36,0,0.3533989986770594,0.14053101989502398,success
1521,2000,8,3,2.0,4.900000000000002,0.1,0.9100000000000004,5.0,5,0,464,36,0,0.3534058043360324,0.14054145994140135,success
1522,2000,8,3,2.0,4.900000000000002,0.1,0.9200000000000004,5.0,5,0,464,36,0,0.35343216015936507,0.14055544545564266,success
1523,2000,8,3,2.0,4.900000000000002,0.1,0.9300000000000004,5.0,5,0,464,36,0,0.35356272472247613,0.14074521548316474,success
1524,2000,8,3,2.0,4.900000000000002,0.1,0.9400000000000004,5.0,5,0,464,36,0,0.3535689977550083,0.14075518066792342,success
1525,2000,8,3,2.0,4.900000000000002,0.1,0.9500000000000004,5.0,5,0,464,36,0,0.35357065717664543,0.1407612961971079,success
1526,2000,8,3,2.0,4.900000000000002,0.1,0.9600000000000004,5.0,5,0,463,37,0,0.34965379753482695,0.14080840495046482,success
1527,2000,8,3,2.0,4.900000000000002,0.1,0.9700000000000004,5.0,5,0,463,37,0,0.3496589655363589,0.140818137747847,success
1528,2000,8,3,2.0,4.900000000000002,0.1,0.9800000000000004,5.0,5,0,463,37,0,0.3496671416938262,0.1408064846591072,success
1529,2000,8,3,2.0,4.900000000000002,0.1,0.9900000000000004,5.0,5,0,462,38,0,0.34683450128384224,0.13999395455634323,success
1530,2000,8,3,2.0,4.900000000000002,0.1,1.0000000000000004,5.0,5,0,462,38,0,0.3468324663199595,0.1399918877084388,success
1531,2000,8,3,2.0,5.000000000000003,0.1,0.5,5.0,6,0,476,24,0,0.3917654489976088,0.16409422656695105,success
1532,2000,8,3,2.0,5.000000000000003,0.1,0.51,5.0,6,0,476,24,0,0.3917400329615927,0.1640555814868361,success
1533,2000,8,3,2.0,5.000000000000003,0.1,0.52,5.0,6,0,476,24,0,0.3917980620116541,0.1640959626687895,success
1534,2000,8,3,2.0,5.000000000000003,0.1,0.53,5.0,6,0,476,24,0,0.3919024487009903,0.16402464174132503,success
1535,2000,8,3,2.0,5.000000000000003,0.1,0.54,5.0,6,0,476,24,0,0.39190391786734996,0.16402800751658758,success
1536,2000,8,3,2.0,5.000000000000003,0.1,0.55,5.0,6,0,476,24,0,0.3919266317241052,0.16405247420065644,success
1537,2000,8,3,2.0,5.000000000000003,0.1,0.56,5.0,6,0,476,24,0,0.3920753353293384,0.16416173261976544,success
1538,2000,8,3,2.0,5.000000000000003,0.1,0.5700000000000001,5.0,6,0,476,24,0,0.3920740917282269,0.16416125159070188,success
1539,2000,8,3,2.0,5.000000000000003,0.1,0.5800000000000001,5.0,6,0,476,24,0,0.3920766073518238,0.16415927512209405,success
1540,2000,8,3,2.0,5.000000000000003,0.1,0.5900000000000001,5.0,6,0,476,24,0,0.3920860713706709,0.1641816464148793,success
1541,2000,8,3,2.0,5.000000000000003,0.1,0.6000000000000001,5.0,6,0,476,24,0,0.39204763104529144,0.16414524290730984,success
1542,2000,8,3,2.0,5.000000000000003,0.1,0.6100000000000001,5.0,6,0,476,24,0,0.392325626144807,0.16452624008408698,success
1543,2000,8,3,2.0,5.000000000000003,0.1,0.6200000000000001,5.0,6,0,476,24,0,0.3923850011496293,0.16463203756019745,success
1544,2000,8,3,2.0,5.000000000000003,0.1,0.6300000000000001,5.0,6,0,476,24,0,0.3923867939642414,0.1646161663215108,success
1545,2000,8,3,2.0,5.000000000000003,0.1,0.6400000000000001,5.0,6,0,476,24,0,0.39238396861843666,0.16460477272707016,success
1546,2000,8,3,2.0,5.000000000000003,0.1,0.6500000000000001,5.0,6,0,476,24,0,0.3925455003196227,0.16469504746413619,success
1548,2000,8,3,2.0,5.000000000000003,0.1,0.6700000000000002,5.0,6,0,476,24,0,0.3925891127024192,0.16465606137528813,success
1547,2000,8,3,2.0,5.000000000000003,0.1,0.6600000000000001,5.0,6,0,476,24,0,0.392547861331741,0.16470365785210092,success
1549,2000,8,3,2.0,5.000000000000003,0.1,0.6800000000000002,5.0,6,0,476,24,0,0.39298746568993836,0.16422518064206218,success
1550,2000,8,3,2.0,5.000000000000003,0.1,0.6900000000000002,5.0,6,0,476,24,0,0.3929965792499061,0.16423089359011633,success
1552,2000,8,3,2.0,5.000000000000003,0.1,0.7100000000000002,5.0,6,0,476,24,0,0.3930374442935971,0.16426999868349562,success
1551,2000,8,3,2.0,5.000000000000003,0.1,0.7000000000000002,5.0,6,0,476,24,0,0.3929958458281471,0.1642214382504031,success
1553,2000,8,3,2.0,5.000000000000003,0.1,0.7200000000000002,5.0,6,0,476,24,0,0.393029320894009,0.16425281837396863,success
1554,2000,8,3,2.0,5.000000000000003,0.1,0.7300000000000002,5.0,6,0,476,24,0,0.3930440207180273,0.16424536065781423,success
1556,2000,8,3,2.0,5.000000000000003,0.1,0.7500000000000002,5.0,6,0,475,25,0,0.38668864603959013,0.16392983697313443,success
1555,2000,8,3,2.0,5.000000000000003,0.1,0.7400000000000002,5.0,6,0,476,24,0,0.3930621198128051,0.16425451505643482,success
1557,2000,8,3,2.0,5.000000000000003,0.1,0.7600000000000002,5.0,6,0,475,25,0,0.38668371423022746,0.1639231668276871,success
1558,2000,8,3,2.0,5.000000000000003,0.1,0.7700000000000002,5.0,6,0,475,25,0,0.3868207677380028,0.16402963462771997,success
1559,2000,8,3,2.0,5.000000000000003,0.1,0.7800000000000002,5.0,6,0,475,25,0,0.3877099804215781,0.16402505295381514,success
1560,2000,8,3,2.0,5.000000000000003,0.1,0.7900000000000003,5.0,6,0,475,25,0,0.3881790597783015,0.16324165072103644,success
1561,2000,8,3,2.0,5.000000000000003,0.1,0.8000000000000003,5.0,6,0,475,25,0,0.3881774252190091,0.16323923296894974,success
1562,2000,8,3,2.0,5.000000000000003,0.1,0.8100000000000003,5.0,6,0,474,26,0,0.38084068981806646,0.16424301010234385,success
1563,2000,8,3,2.0,5.000000000000003,0.1,0.8200000000000003,5.0,6,0,474,26,0,0.3808415403163847,0.1642434867679507,success
1564,2000,8,3,2.0,5.000000000000003,0.1,0.8300000000000003,5.0,6,0,473,27,0,0.3767494202609304,0.16245722382209787,success
1565,2000,8,3,2.0,5.000000000000003,0.1,0.8400000000000003,5.0,6,0,473,27,0,0.3767355300464529,0.16242559754069083,success
1566,2000,8,3,2.0,5.000000000000003,0.1,0.8500000000000003,5.0,6,0,473,27,0,0.3768993180255265,0.1625676234123469,success
1567,2000,8,3,2.0,5.000000000000003,0.1,0.8600000000000003,5.0,6,0,473,27,0,0.37696652629391586,0.1625438508643043,success
1568,2000,8,3,2.0,5.000000000000003,0.1,0.8700000000000003,5.0,6,0,473,27,0,0.37696461403605575,0.162541859866982,success
1569,2000,8,3,2.0,5.000000000000003,0.1,0.8800000000000003,5.0,6,0,473,27,0,0.37696708420777286,0.16254579116285528,success
1570,2000,8,3,2.0,5.000000000000003,0.1,0.8900000000000003,5.0,6,0,472,28,0,0.3726581348082229,0.16109689709426145,success
1571,2000,8,3,2.0,5.000000000000003,0.1,0.9000000000000004,5.0,6,0,472,28,0,0.372667395558203,0.161111117600256,success
1572,2000,8,3,2.0,5.000000000000003,0.1,0.9100000000000004,5.0,6,0,472,28,0,0.3726983062106174,0.16116025631897843,success
1573,2000,8,3,2.0,5.000000000000003,0.1,0.9200000000000004,5.0,6,0,472,28,0,0.3728359380650466,0.16111572688786116,success
1574,2000,8,3,2.0,5.000000000000003,0.1,0.9300000000000004,5.0,6,0,472,28,0,0.37283812756793716,0.16111731475014085,success
1575,2000,8,3,2.0,5.000000000000003,0.1,0.9400000000000004,5.0,6,0,472,28,0,0.37385655066719864,0.16219600100878362,success
1576,2000,8,3,2.0,5.000000000000003,0.1,0.9500000000000004,5.0,6,0,472,28,0,0.37384723448332835,0.16217451626099685,success
1577,2000,8,3,2.0,5.000000000000003,0.1,0.9600000000000004,5.0,6,0,472,28,0,0.3738945958328878,0.16222508808628347,success
1578,2000,8,3,2.0,5.000000000000003,0.1,0.9700000000000004,5.0,6,0,472,28,0,0.37392290386837335,0.16227170834488394,success
1580,2000,8,3,2.0,5.000000000000003,0.1,0.9900000000000004,5.0,6,0,472,28,0,0.37390957777195755,0.16224484437406628,success
1579,2000,8,3,2.0,5.000000000000003,0.1,0.9800000000000004,5.0,6,0,472,28,0,0.3739086774533203,0.1622449303701158,success
1581,2000,8,3,2.0,5.000000000000003,0.1,1.0000000000000004,5.0,6,0,472,28,0,0.37414851659105547,0.16244548052519528,success
