combination_id,n,k,p,q,thrshld,p1,p2,beta,seeds,case_A_count,case_B_count,case_C_count,case_Invalid_count,delta_star_mean,delta_star_std,status
1,2000,8,4,0.0,2.0,0.1,0.5,3.0,2,60,44,396,0,0.6152383958979307,0.14502650736736417,success
2,2000,8,4,0.0,2.0,0.1,0.51,3.0,2,61,38,401,0,0.6159969285098675,0.14406678377019214,success
3,2000,8,4,0.0,2.0,0.1,0.52,3.0,2,63,32,405,0,0.618309070945914,0.1443205876181414,success
4,2000,8,4,0.0,2.0,0.1,0.53,3.0,2,63,31,406,0,0.6200017341227246,0.1434604771769912,success
5,2000,8,4,0.0,2.0,0.1,0.54,3.0,2,64,30,406,0,0.6221726063920108,0.1429207619939939,success
6,2000,8,4,0.0,2.0,0.1,0.55,3.0,2,65,28,407,0,0.6257649267009108,0.14165702971487446,success
7,2000,8,4,0.0,2.0,0.1,0.56,3.0,2,64,27,409,0,0.6287232834150106,0.13924979158508152,success
8,2000,8,4,0.0,2.0,0.1,0.5700000000000001,3.0,2,64,25,411,0,0.629709257011513,0.139079322531446,success
9,2000,8,4,0.0,2.0,0.1,0.5800000000000001,3.0,2,64,23,413,0,0.6338283169469209,0.13536462723041925,success
10,2000,8,4,0.0,2.0,0.1,0.5900000000000001,3.0,2,64,21,415,0,0.634478042053174,0.13440544550734387,success
11,2000,8,4,0.0,2.0,0.1,0.6000000000000001,3.0,2,64,21,415,0,0.6364723815313137,0.1346475502470255,success
12,2000,8,4,0.0,2.0,0.1,0.6100000000000001,3.0,2,65,20,415,0,0.6405638698612365,0.13168334358238543,success
13,2000,8,4,0.0,2.0,0.1,0.6200000000000001,3.0,2,65,20,415,0,0.6430851066939475,0.1289091273658546,success
14,2000,8,4,0.0,2.0,0.1,0.6300000000000001,3.0,2,64,20,416,0,0.6469310491647193,0.12716034267277565,success
15,2000,8,4,0.0,2.0,0.1,0.6400000000000001,3.0,2,64,17,419,0,0.6467750231149662,0.12878338847283713,success
16,2000,8,4,0.0,2.0,0.1,0.6500000000000001,3.0,2,64,14,422,0,0.6476994514888279,0.12874671205556484,success
17,2000,8,4,0.0,2.0,0.1,0.6600000000000001,3.0,2,64,14,422,0,0.650009631960812,0.12579315918344264,success
18,2000,8,4,0.0,2.0,0.1,0.6700000000000002,3.0,2,64,14,422,0,0.6508891515548092,0.12399881775109937,success
19,2000,8,4,0.0,2.0,0.1,0.6800000000000002,3.0,2,64,14,422,0,0.657295043081678,0.11722666313293922,success
20,2000,8,4,0.0,2.0,0.1,0.6900000000000002,3.0,2,64,13,423,0,0.6584155853743154,0.11631472526885103,success
21,2000,8,4,0.0,2.0,0.1,0.7000000000000002,3.0,2,63,13,424,0,0.6595120642202941,0.11641433093557037,success
22,2000,8,4,0.0,2.0,0.1,0.7100000000000002,3.0,2,63,13,424,0,0.6612021340637422,0.11370258706334718,success
32,2000,8,4,0.0,2.0,0.1,0.8100000000000003,3.0,2,62,4,434,0,0.6682807072034218,0.10840786261448945,success
23,2000,8,4,0.0,2.0,0.1,0.7200000000000002,3.0,2,63,10,427,0,0.6603860639557736,0.11569086765128425,success
31,2000,8,4,0.0,2.0,0.1,0.8000000000000003,3.0,2,63,4,433,0,0.6674157230984866,0.10947025487803343,success
30,2000,8,4,0.0,2.0,0.1,0.7900000000000003,3.0,2,63,4,433,0,0.665202747235829,0.11209099668906196,success
24,2000,8,4,0.0,2.0,0.1,0.7300000000000002,3.0,2,63,9,428,0,0.6610044444313051,0.1151818486234393,success
25,2000,8,4,0.0,2.0,0.1,0.7400000000000002,3.0,2,63,8,429,0,0.6623328927298272,0.11399353596487677,success
29,2000,8,4,0.0,2.0,0.1,0.7800000000000002,3.0,2,63,5,432,0,0.6647401653128742,0.11261529789790542,success
27,2000,8,4,0.0,2.0,0.1,0.7600000000000002,3.0,2,63,5,432,0,0.6626693361561343,0.11443284674951174,success
26,2000,8,4,0.0,2.0,0.1,0.7500000000000002,3.0,2,63,5,432,0,0.6614987324611894,0.11517737551555501,success
28,2000,8,4,0.0,2.0,0.1,0.7700000000000002,3.0,2,63,5,432,0,0.6634717933816179,0.11340965194988484,success
52,2000,8,4,0.0,2.1,0.1,0.5,3.0,3,18,91,391,0,0.5478877931843068,0.15735741256396835,success
53,2000,8,4,0.0,2.1,0.1,0.51,3.0,3,18,87,395,0,0.5532647695332061,0.15744268033014872,success
37,2000,8,4,0.0,2.0,0.1,0.8600000000000003,3.0,2,62,4,434,0,0.6725578147611877,0.10167658930502066,success
38,2000,8,4,0.0,2.0,0.1,0.8700000000000003,3.0,2,62,4,434,0,0.6734432202267978,0.10122677281011244,success
34,2000,8,4,0.0,2.0,0.1,0.8300000000000003,3.0,2,62,4,434,0,0.6709068242312998,0.10390781765393635,success
40,2000,8,4,0.0,2.0,0.1,0.8900000000000003,3.0,2,62,4,434,0,0.6741512366730695,0.10049634643019728,success
39,2000,8,4,0.0,2.0,0.1,0.8800000000000003,3.0,2,62,4,434,0,0.6739720723676867,0.10063321366294443,success
35,2000,8,4,0.0,2.0,0.1,0.8400000000000003,3.0,2,62,4,434,0,0.6712172133244526,0.10343272818903554,success
36,2000,8,4,0.0,2.0,0.1,0.8500000000000003,3.0,2,62,4,434,0,0.6717960661683825,0.10244331227475253,success
54,2000,8,4,0.0,2.1,0.1,0.52,3.0,3,18,82,400,0,0.5574807589788108,0.1574977774694104,success
41,2000,8,4,0.0,2.0,0.1,0.9000000000000004,3.0,2,62,3,435,0,0.6736502300845799,0.10084494315554994,success
33,2000,8,4,0.0,2.0,0.1,0.8200000000000003,3.0,2,62,4,434,0,0.6692930438873164,0.10610678102809878,success
55,2000,8,4,0.0,2.1,0.1,0.53,3.0,3,18,79,403,0,0.5594317692690628,0.1572025410710323,success
42,2000,8,4,0.0,2.0,0.1,0.9100000000000004,3.0,2,62,3,435,0,0.6740072624211797,0.1003277847362215,success
56,2000,8,4,0.0,2.1,0.1,0.54,3.0,3,18,75,407,0,0.5615587556670896,0.15693534666966766,success
43,2000,8,4,0.0,2.0,0.1,0.9200000000000004,3.0,2,62,3,435,0,0.6748795741875616,0.09987380418030008,success
57,2000,8,4,0.0,2.1,0.1,0.55,3.0,3,18,72,410,0,0.5655917251331597,0.15480124704205486,success
58,2000,8,4,0.0,2.1,0.1,0.56,3.0,3,19,67,414,0,0.5662400380377983,0.15366217938318377,success
44,2000,8,4,0.0,2.0,0.1,0.9300000000000004,3.0,2,62,3,435,0,0.6748244354917058,0.09958543769906834,success
45,2000,8,4,0.0,2.0,0.1,0.9400000000000004,3.0,2,62,3,435,0,0.6750389277520799,0.09902463501157016,success
59,2000,8,4,0.0,2.1,0.1,0.5700000000000001,3.0,3,20,64,416,0,0.5694118630598193,0.15090319562298318,success
46,2000,8,4,0.0,2.0,0.1,0.9500000000000004,3.0,2,62,2,436,0,0.6740646776667835,0.10102840723224567,success
60,2000,8,4,0.0,2.1,0.1,0.5800000000000001,3.0,3,20,59,421,0,0.5720539287003272,0.15023378760735956,success
61,2000,8,4,0.0,2.1,0.1,0.5900000000000001,3.0,3,20,53,427,0,0.5733100619719482,0.14997550276507718,success
62,2000,8,4,0.0,2.1,0.1,0.6000000000000001,3.0,3,20,51,429,0,0.5767930515290046,0.1491591651948424,success
47,2000,8,4,0.0,2.0,0.1,0.9600000000000004,3.0,2,62,2,436,0,0.6744987303788953,0.10042135733142607,success
63,2000,8,4,0.0,2.1,0.1,0.6100000000000001,3.0,3,21,49,430,0,0.5801294907643327,0.1488092398496948,success
48,2000,8,4,0.0,2.0,0.1,0.9700000000000004,3.0,2,62,2,436,0,0.6747519665216836,0.09929253758027688,success
49,2000,8,4,0.0,2.0,0.1,0.9800000000000004,3.0,2,62,2,436,0,0.6746586139192345,0.09905011766792284,success
64,2000,8,4,0.0,2.1,0.1,0.6200000000000001,3.0,3,21,45,434,0,0.5822475694307163,0.1492148049772709,success
50,2000,8,4,0.0,2.0,0.1,0.9900000000000004,3.0,2,62,2,436,0,0.6750675019184379,0.09844864324561821,success
51,2000,8,4,0.0,2.0,0.1,1.0000000000000004,3.0,2,62,1,437,0,0.6744334906467775,0.10044037331202497,success
65,2000,8,4,0.0,2.1,0.1,0.6300000000000001,3.0,3,21,42,437,0,0.5859954714817157,0.14580158786778238,success
66,2000,8,4,0.0,2.1,0.1,0.6400000000000001,3.0,3,22,39,439,0,0.5880559231325113,0.14570310701084072,success
67,2000,8,4,0.0,2.1,0.1,0.6500000000000001,3.0,3,22,37,441,0,0.5896287247324425,0.14538087010495157,success
68,2000,8,4,0.0,2.1,0.1,0.6600000000000001,3.0,3,21,35,444,0,0.5921096876819706,0.1447279452139121,success
69,2000,8,4,0.0,2.1,0.1,0.6700000000000002,3.0,3,21,33,446,0,0.5936156446270232,0.14448712345091924,success
70,2000,8,4,0.0,2.1,0.1,0.6800000000000002,3.0,3,21,29,450,0,0.5948381426672545,0.1437136689017109,success
71,2000,8,4,0.0,2.1,0.1,0.6900000000000002,3.0,3,21,28,451,0,0.5960272248197154,0.14316891748996438,success
72,2000,8,4,0.0,2.1,0.1,0.7000000000000002,3.0,3,21,27,452,0,0.5981868477181548,0.14120827836049654,success
73,2000,8,4,0.0,2.1,0.1,0.7100000000000002,3.0,3,21,26,453,0,0.6008527538217138,0.13845493046735927,success
74,2000,8,4,0.0,2.1,0.1,0.7200000000000002,3.0,3,20,26,454,0,0.6053287106230828,0.13650375341526907,success
75,2000,8,4,0.0,2.1,0.1,0.7300000000000002,3.0,3,20,25,455,0,0.6077399753169832,0.13590283078348997,success
76,2000,8,4,0.0,2.1,0.1,0.7400000000000002,3.0,3,20,23,457,0,0.6088673465826553,0.1346307411994278,success
77,2000,8,4,0.0,2.1,0.1,0.7500000000000002,3.0,3,20,21,459,0,0.6097502545860725,0.1346733353189217,success
78,2000,8,4,0.0,2.1,0.1,0.7600000000000002,3.0,3,20,17,463,0,0.6084516720796754,0.13634492283710148,success
79,2000,8,4,0.0,2.1,0.1,0.7700000000000002,3.0,3,20,15,465,0,0.6086212973492398,0.13652498401726182,success
80,2000,8,4,0.0,2.1,0.1,0.7800000000000002,3.0,3,20,13,467,0,0.6105943942065819,0.1345733823607581,success
90,2000,8,4,0.0,2.1,0.1,0.8800000000000003,3.0,3,19,2,479,0,0.623414038340986,0.12173133851752152,success
81,2000,8,4,0.0,2.1,0.1,0.7900000000000003,3.0,3,20,12,468,0,0.6122552314624534,0.13269655018798,success
94,2000,8,4,0.0,2.1,0.1,0.9200000000000004,3.0,3,18,1,481,0,0.6274924470452244,0.11955351160044134,success
93,2000,8,4,0.0,2.1,0.1,0.9100000000000004,3.0,3,19,2,479,0,0.6266642118650272,0.11896021685199493,success
89,2000,8,4,0.0,2.1,0.1,0.8700000000000003,3.0,3,19,3,478,0,0.622245105986426,0.12363596483291052,success
82,2000,8,4,0.0,2.1,0.1,0.8000000000000003,3.0,3,20,9,471,0,0.6121666738502093,0.13282289435545383,success
91,2000,8,4,0.0,2.1,0.1,0.8900000000000003,3.0,3,19,2,479,0,0.6241740436046073,0.12097415364398527,success
87,2000,8,4,0.0,2.1,0.1,0.8500000000000003,3.0,3,19,4,477,0,0.6199108786145487,0.1250505958562917,success
88,2000,8,4,0.0,2.1,0.1,0.8600000000000003,3.0,3,19,4,477,0,0.6216614628735787,0.12380564478658852,success
92,2000,8,4,0.0,2.1,0.1,0.9000000000000004,3.0,3,19,2,479,0,0.6256554891200177,0.11973801670642908,success
84,2000,8,4,0.0,2.1,0.1,0.8200000000000003,3.0,3,20,8,472,0,0.6162671485348175,0.1292497938930622,success
85,2000,8,4,0.0,2.1,0.1,0.8300000000000003,3.0,3,20,6,474,0,0.6164094291213711,0.1280024382440745,success
83,2000,8,4,0.0,2.1,0.1,0.8100000000000003,3.0,3,20,9,471,0,0.6142294573983135,0.1309765469122704,success
86,2000,8,4,0.0,2.1,0.1,0.8400000000000003,3.0,3,20,5,475,0,0.6179655113175869,0.1263472301350121,success
95,2000,8,4,0.0,2.1,0.1,0.9300000000000004,3.0,3,18,1,481,0,0.6282911750430243,0.11898016516828651,success
96,2000,8,4,0.0,2.1,0.1,0.9400000000000004,3.0,3,18,1,481,0,0.6295262352126062,0.11770204566942238,success
103,2000,8,4,0.0,2.2,0.1,0.5,3.0,3,18,98,384,0,0.533950079430222,0.1577227738135919,success
104,2000,8,4,0.0,2.2,0.1,0.51,3.0,3,18,94,388,0,0.540497193873204,0.1580444909661451,success
105,2000,8,4,0.0,2.2,0.1,0.52,3.0,3,19,89,392,0,0.5434464584840293,0.1569201017814048,success
106,2000,8,4,0.0,2.2,0.1,0.53,3.0,3,18,84,398,0,0.544684761648954,0.1604923843875468,success
107,2000,8,4,0.0,2.2,0.1,0.54,3.0,3,18,80,402,0,0.5477988782963001,0.16060329548503147,success
108,2000,8,4,0.0,2.2,0.1,0.55,3.0,3,18,75,407,0,0.5510950831081255,0.15783210995577343,success
97,2000,8,4,0.0,2.1,0.1,0.9500000000000004,3.0,3,18,1,481,0,0.6301133045534814,0.11722240691335141,success
109,2000,8,4,0.0,2.2,0.1,0.56,3.0,3,19,70,411,0,0.5508170248127023,0.1578818706013106,success
98,2000,8,4,0.0,2.1,0.1,0.9600000000000004,3.0,3,18,1,481,0,0.6312584879212967,0.1156666134444478,success
110,2000,8,4,0.0,2.2,0.1,0.5700000000000001,3.0,3,19,67,414,0,0.5554584279179192,0.15638504987666002,success
99,2000,8,4,0.0,2.1,0.1,0.9700000000000004,3.0,3,18,1,481,0,0.632090749410137,0.11489590300247125,success
100,2000,8,4,0.0,2.1,0.1,0.9800000000000004,3.0,3,18,1,481,0,0.6328359479786373,0.11415229065077973,success
101,2000,8,4,0.0,2.1,0.1,0.9900000000000004,3.0,3,18,1,481,0,0.6336583967407046,0.11352081204192818,success
111,2000,8,4,0.0,2.2,0.1,0.5800000000000001,3.0,3,19,63,418,0,0.5594399825208719,0.1550795709532478,success
112,2000,8,4,0.0,2.2,0.1,0.5900000000000001,3.0,3,19,59,422,0,0.5620156784336325,0.15531056815915403,success
102,2000,8,4,0.0,2.1,0.1,1.0000000000000004,3.0,3,17,1,482,0,0.6343326779424004,0.11247592944428758,success
113,2000,8,4,0.0,2.2,0.1,0.6000000000000001,3.0,3,20,56,424,0,0.5654341710519756,0.1542241397274201,success
114,2000,8,4,0.0,2.2,0.1,0.6100000000000001,3.0,3,21,52,427,0,0.5704531927285532,0.15396352188925022,success
115,2000,8,4,0.0,2.2,0.1,0.6200000000000001,3.0,3,21,49,430,0,0.5725631713274157,0.15480763124834446,success
117,2000,8,4,0.0,2.2,0.1,0.6400000000000001,3.0,3,21,42,437,0,0.5801343019836819,0.15342557377216387,success
116,2000,8,4,0.0,2.2,0.1,0.6300000000000001,3.0,3,21,45,434,0,0.5767405615741977,0.15305967414795793,success
118,2000,8,4,0.0,2.2,0.1,0.6500000000000001,3.0,3,22,40,438,0,0.5813466840374998,0.15297346386776153,success
119,2000,8,4,0.0,2.2,0.1,0.6600000000000001,3.0,3,21,39,440,0,0.5853766859425966,0.1511842680369603,success
120,2000,8,4,0.0,2.2,0.1,0.6700000000000002,3.0,3,21,37,442,0,0.5873852908275686,0.15005533057703618,success
121,2000,8,4,0.0,2.2,0.1,0.6800000000000002,3.0,3,22,33,445,0,0.5879710325611557,0.1495576810764995,success
122,2000,8,4,0.0,2.2,0.1,0.6900000000000002,3.0,3,22,32,446,0,0.5903929613376029,0.14868619236752229,success
123,2000,8,4,0.0,2.2,0.1,0.7000000000000002,3.0,3,22,31,447,0,0.5934143862287641,0.14625858362070626,success
124,2000,8,4,0.0,2.2,0.1,0.7100000000000002,3.0,3,22,31,447,0,0.5970334279568293,0.14381161721286514,success
125,2000,8,4,0.0,2.2,0.1,0.7200000000000002,3.0,3,21,31,448,0,0.6019256221779296,0.1423937155546739,success
126,2000,8,4,0.0,2.2,0.1,0.7300000000000002,3.0,3,21,29,450,0,0.6045123560840678,0.14196732194823322,success
127,2000,8,4,0.0,2.2,0.1,0.7400000000000002,3.0,3,21,27,452,0,0.6072810295829847,0.13952136932464013,success
128,2000,8,4,0.0,2.2,0.1,0.7500000000000002,3.0,3,21,25,454,0,0.6079926424244563,0.13997338787980715,success
129,2000,8,4,0.0,2.2,0.1,0.7600000000000002,3.0,3,21,21,458,0,0.6069591750308819,0.14098790275216405,success
130,2000,8,4,0.0,2.2,0.1,0.7700000000000002,3.0,3,21,20,459,0,0.607588862160581,0.1412265096371137,success
131,2000,8,4,0.0,2.2,0.1,0.7800000000000002,3.0,3,21,18,461,0,0.6091893981890195,0.13934586830417411,success
132,2000,8,4,0.0,2.2,0.1,0.7900000000000003,3.0,3,21,16,463,0,0.6102018537965915,0.13784757286950206,success
154,2000,8,4,0.0,2.3000000000000003,0.1,0.5,3.0,3,17,117,366,0,0.5260862986860866,0.15655650015030467,success
155,2000,8,4,0.0,2.3000000000000003,0.1,0.51,3.0,3,18,113,369,0,0.5296348212465455,0.1563246516649192,success
156,2000,8,4,0.0,2.3000000000000003,0.1,0.52,3.0,3,18,107,375,0,0.533470203665309,0.15632314389390617,success
157,2000,8,4,0.0,2.3000000000000003,0.1,0.53,3.0,3,17,100,383,0,0.5340623255200314,0.16164541173796448,success
133,2000,8,4,0.0,2.2,0.1,0.8000000000000003,3.0,3,21,14,465,0,0.6112240606774205,0.13733894694780982,success
158,2000,8,4,0.0,2.3000000000000003,0.1,0.54,3.0,3,18,95,387,0,0.5353260588572004,0.16119389574181242,success
159,2000,8,4,0.0,2.3000000000000003,0.1,0.55,3.0,3,18,89,393,0,0.5376647574554138,0.16233963725902753,success
134,2000,8,4,0.0,2.2,0.1,0.8100000000000003,3.0,3,21,13,466,0,0.6131524720422307,0.13487973102797574,success
160,2000,8,4,0.0,2.3000000000000003,0.1,0.56,3.0,3,18,82,400,0,0.5388567863748578,0.16286157205976184,success
135,2000,8,4,0.0,2.2,0.1,0.8200000000000003,3.0,3,21,12,467,0,0.6153985814110339,0.13290847660128421,success
136,2000,8,4,0.0,2.2,0.1,0.8300000000000003,3.0,3,21,10,469,0,0.6160938946276436,0.13188409441112003,success
137,2000,8,4,0.0,2.2,0.1,0.8400000000000003,3.0,3,21,7,472,0,0.6166292753913997,0.13156255482785076,success
138,2000,8,4,0.0,2.2,0.1,0.8500000000000003,3.0,3,20,7,473,0,0.6193465751554003,0.1293837558354034,success
139,2000,8,4,0.0,2.2,0.1,0.8600000000000003,3.0,3,20,6,474,0,0.6210396843800219,0.12886986365382747,success
143,2000,8,4,0.0,2.2,0.1,0.9000000000000004,3.0,3,20,4,476,0,0.6266864290771321,0.12345553969262296,success
145,2000,8,4,0.0,2.2,0.1,0.9200000000000004,3.0,3,20,2,478,0,0.6277525373197268,0.12347396841742124,success
142,2000,8,4,0.0,2.2,0.1,0.8900000000000003,3.0,3,20,4,476,0,0.6252096025458692,0.12490489014888474,success
146,2000,8,4,0.0,2.2,0.1,0.9300000000000004,3.0,3,20,2,478,0,0.6288088311079683,0.12260018680561852,success
140,2000,8,4,0.0,2.2,0.1,0.8700000000000003,3.0,3,20,5,475,0,0.6219381720545566,0.12844640204900618,success
149,2000,8,4,0.0,2.2,0.1,0.9600000000000004,3.0,3,20,1,479,0,0.6317025065087798,0.12082309286387012,success
144,2000,8,4,0.0,2.2,0.1,0.9100000000000004,3.0,3,20,4,476,0,0.6279402917333586,0.12265105550113636,success
141,2000,8,4,0.0,2.2,0.1,0.8800000000000003,3.0,3,20,4,476,0,0.6238708432576147,0.1264220190768007,success
148,2000,8,4,0.0,2.2,0.1,0.9500000000000004,3.0,3,20,1,479,0,0.6303412744078163,0.12234171501352563,success
147,2000,8,4,0.0,2.2,0.1,0.9400000000000004,3.0,3,20,1,479,0,0.629506813385577,0.12275744937000982,success
151,2000,8,4,0.0,2.2,0.1,0.9800000000000004,3.0,3,20,1,479,0,0.6340234624330889,0.11804207854640099,success
150,2000,8,4,0.0,2.2,0.1,0.9700000000000004,3.0,3,20,1,479,0,0.6329431533814868,0.11932745244081289,success
152,2000,8,4,0.0,2.2,0.1,0.9900000000000004,3.0,3,20,1,479,0,0.6347096741983539,0.11714177686135605,success
153,2000,8,4,0.0,2.2,0.1,1.0000000000000004,3.0,3,20,1,479,0,0.6356924349105617,0.11556784312766412,success
161,2000,8,4,0.0,2.3000000000000003,0.1,0.5700000000000001,3.0,3,18,78,404,0,0.5433635975504557,0.1621884984208153,success
162,2000,8,4,0.0,2.3000000000000003,0.1,0.5800000000000001,3.0,3,19,75,406,0,0.5463664889967088,0.15955353425877022,success
163,2000,8,4,0.0,2.3000000000000003,0.1,0.5900000000000001,3.0,3,19,73,408,0,0.5492842303786333,0.16027674616008802,success
164,2000,8,4,0.0,2.3000000000000003,0.1,0.6000000000000001,3.0,3,19,69,412,0,0.5536973449112151,0.15981878265282184,success
165,2000,8,4,0.0,2.3000000000000003,0.1,0.6100000000000001,3.0,3,20,63,417,0,0.5589512608824106,0.16023257407071118,success
166,2000,8,4,0.0,2.3000000000000003,0.1,0.6200000000000001,3.0,3,20,58,422,0,0.5611973437038448,0.15996215844841974,success
167,2000,8,4,0.0,2.3000000000000003,0.1,0.6300000000000001,3.0,3,20,55,425,0,0.5654032333332488,0.1594912340243997,success
168,2000,8,4,0.0,2.3000000000000003,0.1,0.6400000000000001,3.0,3,21,51,428,0,0.5674244769904025,0.15896312034729337,success
169,2000,8,4,0.0,2.3000000000000003,0.1,0.6500000000000001,3.0,3,21,50,429,0,0.5704534595047861,0.15714395294236969,success
170,2000,8,4,0.0,2.3000000000000003,0.1,0.6600000000000001,3.0,3,21,49,430,0,0.5754288781516876,0.15400235029745665,success
171,2000,8,4,0.0,2.3000000000000003,0.1,0.6700000000000002,3.0,3,21,47,432,0,0.5780688984512444,0.15324157684931533,success
172,2000,8,4,0.0,2.3000000000000003,0.1,0.6800000000000002,3.0,3,21,43,436,0,0.5809420226974722,0.1521139290694359,success
173,2000,8,4,0.0,2.3000000000000003,0.1,0.6900000000000002,3.0,3,22,42,436,0,0.5844391735565904,0.1503905559521397,success
174,2000,8,4,0.0,2.3000000000000003,0.1,0.7000000000000002,3.0,3,22,41,437,0,0.5879283126872545,0.148380435410558,success
175,2000,8,4,0.0,2.3000000000000003,0.1,0.7100000000000002,3.0,3,22,41,437,0,0.5921128672100339,0.14701105209108722,success
176,2000,8,4,0.0,2.3000000000000003,0.1,0.7200000000000002,3.0,3,21,40,439,0,0.5955616310796883,0.14732666369245206,success
177,2000,8,4,0.0,2.3000000000000003,0.1,0.7300000000000002,3.0,3,21,38,441,0,0.5988439141353951,0.14653980590732485,success
178,2000,8,4,0.0,2.3000000000000003,0.1,0.7400000000000002,3.0,3,21,35,444,0,0.5999908712501516,0.14727879732294852,success
180,2000,8,4,0.0,2.3000000000000003,0.1,0.7600000000000002,3.0,3,21,29,450,0,0.6020959611872675,0.1491515612893229,success
179,2000,8,4,0.0,2.3000000000000003,0.1,0.7500000000000002,3.0,3,21,32,447,0,0.6012611461968567,0.14812960389168814,success
181,2000,8,4,0.0,2.3000000000000003,0.1,0.7700000000000002,3.0,3,21,28,451,0,0.6032309561647607,0.14844512556062187,success
182,2000,8,4,0.0,2.3000000000000003,0.1,0.7800000000000002,3.0,3,21,26,453,0,0.6054341896271969,0.14704297838126834,success
183,2000,8,4,0.0,2.3000000000000003,0.1,0.7900000000000003,3.0,3,21,23,456,0,0.6058055651422561,0.14658219592309216,success
184,2000,8,4,0.0,2.3000000000000003,0.1,0.8000000000000003,3.0,3,21,22,457,0,0.6072106042928845,0.1463319662228271,success
185,2000,8,4,0.0,2.3000000000000003,0.1,0.8100000000000003,3.0,3,21,20,459,0,0.6093539977443141,0.14374321377500782,success
186,2000,8,4,0.0,2.3000000000000003,0.1,0.8200000000000003,3.0,3,21,19,460,0,0.6115532682509083,0.1411347525083288,success
187,2000,8,4,0.0,2.3000000000000003,0.1,0.8300000000000003,3.0,3,21,16,463,0,0.6123750563080043,0.13958952792971877,success
188,2000,8,4,0.0,2.3000000000000003,0.1,0.8400000000000003,3.0,3,21,12,467,0,0.6127901436400109,0.13938111677634468,success
189,2000,8,4,0.0,2.3000000000000003,0.1,0.8500000000000003,3.0,3,20,12,468,0,0.6167606156741975,0.1366786240766748,success
190,2000,8,4,0.0,2.3000000000000003,0.1,0.8600000000000003,3.0,3,20,11,469,0,0.6183603796107774,0.13609577883263538,success
191,2000,8,4,0.0,2.3000000000000003,0.1,0.8700000000000003,3.0,3,20,10,470,0,0.6215580729037566,0.13416191876376116,success
192,2000,8,4,0.0,2.3000000000000003,0.1,0.8800000000000003,3.0,3,20,8,472,0,0.6227278382838984,0.1338659361432057,success
205,2000,8,4,0.0,2.4000000000000004,0.1,0.5,3.0,3,17,129,354,0,0.5148998274839315,0.1574252503108828,success
206,2000,8,4,0.0,2.4000000000000004,0.1,0.51,3.0,3,18,127,355,0,0.5204523676422264,0.1555255744686727,success
207,2000,8,4,0.0,2.4000000000000004,0.1,0.52,3.0,3,18,121,361,0,0.5244527511453759,0.1548975148656938,success
193,2000,8,4,0.0,2.3000000000000003,0.1,0.8900000000000003,3.0,3,20,8,472,0,0.6250123105574568,0.13140215739257324,success
208,2000,8,4,0.0,2.4000000000000004,0.1,0.53,3.0,3,18,114,368,0,0.5234646751937919,0.15813227667436863,success
194,2000,8,4,0.0,2.3000000000000003,0.1,0.9000000000000004,3.0,3,20,6,474,0,0.6262231601589188,0.13000994897285584,success
209,2000,8,4,0.0,2.4000000000000004,0.1,0.54,3.0,3,18,109,373,0,0.5254802452467803,0.15936864586614913,success
210,2000,8,4,0.0,2.4000000000000004,0.1,0.55,3.0,3,18,104,378,0,0.5284526435683379,0.15959632967393259,success
212,2000,8,4,0.0,2.4000000000000004,0.1,0.5700000000000001,3.0,3,18,92,390,0,0.5365543082957002,0.15967259462276268,success
211,2000,8,4,0.0,2.4000000000000004,0.1,0.56,3.0,3,18,96,386,0,0.5317231243909835,0.16071727838864383,success
195,2000,8,4,0.0,2.3000000000000003,0.1,0.9100000000000004,3.0,3,20,6,474,0,0.6280638642267794,0.12907052319795542,success
197,2000,8,4,0.0,2.3000000000000003,0.1,0.9300000000000004,3.0,3,20,3,477,0,0.6296139764354441,0.12762060532095984,success
196,2000,8,4,0.0,2.3000000000000003,0.1,0.9200000000000004,3.0,3,20,3,477,0,0.627359083504748,0.13011859298647013,success
213,2000,8,4,0.0,2.4000000000000004,0.1,0.5800000000000001,3.0,3,18,91,391,0,0.5418242113882095,0.157694517846224,success
198,2000,8,4,0.0,2.3000000000000003,0.1,0.9400000000000004,3.0,3,20,3,477,0,0.6314097636674462,0.1264577114918364,success
214,2000,8,4,0.0,2.4000000000000004,0.1,0.5900000000000001,3.0,3,19,89,392,0,0.5444713478587127,0.1569158638547682,success
199,2000,8,4,0.0,2.3000000000000003,0.1,0.9500000000000004,3.0,3,20,3,477,0,0.63255114041152,0.12590932593532986,success
215,2000,8,4,0.0,2.4000000000000004,0.1,0.6000000000000001,3.0,3,19,85,396,0,0.548454851497225,0.15828309016234055,success
200,2000,8,4,0.0,2.3000000000000003,0.1,0.9600000000000004,3.0,3,20,3,477,0,0.6339731585521658,0.12463639861517313,success
202,2000,8,4,0.0,2.3000000000000003,0.1,0.9800000000000004,3.0,3,20,2,478,0,0.635357615329783,0.12346107787810519,success
201,2000,8,4,0.0,2.3000000000000003,0.1,0.9700000000000004,3.0,3,20,3,477,0,0.6354974561563508,0.12306492640229588,success
203,2000,8,4,0.0,2.3000000000000003,0.1,0.9900000000000004,3.0,3,20,2,478,0,0.6362846661574905,0.12271609601180826,success
216,2000,8,4,0.0,2.4000000000000004,0.1,0.6100000000000001,3.0,3,19,79,402,0,0.5537694285342026,0.1621871779836306,success
204,2000,8,4,0.0,2.3000000000000003,0.1,1.0000000000000004,3.0,3,21,2,477,0,0.6369877519907196,0.12127652901374593,success
217,2000,8,4,0.0,2.4000000000000004,0.1,0.6200000000000001,3.0,3,19,72,409,0,0.5543614395874432,0.16319764184862273,success
218,2000,8,4,0.0,2.4000000000000004,0.1,0.6300000000000001,3.0,3,19,68,413,0,0.5581179404274587,0.16332765711292682,success
219,2000,8,4,0.0,2.4000000000000004,0.1,0.6400000000000001,3.0,3,20,63,417,0,0.5601833936670402,0.16239836035092536,success
220,2000,8,4,0.0,2.4000000000000004,0.1,0.6500000000000001,3.0,3,21,62,417,0,0.5629617952590753,0.16051555231861964,success
221,2000,8,4,0.0,2.4000000000000004,0.1,0.6600000000000001,3.0,3,21,59,420,0,0.5671655098852276,0.15820712352999364,success
222,2000,8,4,0.0,2.4000000000000004,0.1,0.6700000000000002,3.0,3,21,55,424,0,0.5691861695853797,0.1565947186837862,success
223,2000,8,4,0.0,2.4000000000000004,0.1,0.6800000000000002,3.0,3,21,50,429,0,0.5721235305518648,0.1558276063675215,success
224,2000,8,4,0.0,2.4000000000000004,0.1,0.6900000000000002,3.0,3,22,49,429,0,0.5743365653482252,0.15589477761331036,success
225,2000,8,4,0.0,2.4000000000000004,0.1,0.7000000000000002,3.0,3,22,47,431,0,0.5769023408298302,0.15520235016524717,success
226,2000,8,4,0.0,2.4000000000000004,0.1,0.7100000000000002,3.0,3,22,47,431,0,0.5815186552873792,0.15411413790722148,success
227,2000,8,4,0.0,2.4000000000000004,0.1,0.7200000000000002,3.0,3,22,46,432,0,0.5869624688862345,0.15324766219564634,success
229,2000,8,4,0.0,2.4000000000000004,0.1,0.7400000000000002,3.0,3,22,40,438,0,0.5921604248736991,0.1527796999776031,success
228,2000,8,4,0.0,2.4000000000000004,0.1,0.7300000000000002,3.0,3,22,42,436,0,0.5903329798097865,0.15259820381684905,success
230,2000,8,4,0.0,2.4000000000000004,0.1,0.7500000000000002,3.0,3,22,38,440,0,0.5959301896923563,0.15149451261611893,success
231,2000,8,4,0.0,2.4000000000000004,0.1,0.7600000000000002,3.0,3,22,35,443,0,0.5973645564570631,0.1525375941001806,success
232,2000,8,4,0.0,2.4000000000000004,0.1,0.7700000000000002,3.0,3,22,34,444,0,0.5989803556445376,0.1516157730328681,success
233,2000,8,4,0.0,2.4000000000000004,0.1,0.7800000000000002,3.0,3,22,33,445,0,0.601274058336733,0.15133227404416824,success
234,2000,8,4,0.0,2.4000000000000004,0.1,0.7900000000000003,3.0,3,22,29,449,0,0.6015893813977725,0.15126236225103956,success
235,2000,8,4,0.0,2.4000000000000004,0.1,0.8000000000000003,3.0,3,22,28,450,0,0.6031452584038195,0.15144449298697968,success
236,2000,8,4,0.0,2.4000000000000004,0.1,0.8100000000000003,3.0,3,22,27,451,0,0.6064392718878376,0.14838564087040831,success
237,2000,8,4,0.0,2.4000000000000004,0.1,0.8200000000000003,3.0,3,22,24,454,0,0.6085126787793326,0.14595126736355576,success
238,2000,8,4,0.0,2.4000000000000004,0.1,0.8300000000000003,3.0,3,22,21,457,0,0.6096229897140527,0.14452812560194034,success
239,2000,8,4,0.0,2.4000000000000004,0.1,0.8400000000000003,3.0,3,22,18,460,0,0.6110202566605331,0.14375224090605562,success
240,2000,8,4,0.0,2.4000000000000004,0.1,0.8500000000000003,3.0,3,21,18,461,0,0.6158687369776631,0.1403676523524013,success
241,2000,8,4,0.0,2.4000000000000004,0.1,0.8600000000000003,3.0,3,21,17,462,0,0.6183267775233279,0.1401853122638773,success
256,2000,8,4,0.0,2.5000000000000004,0.1,0.5,3.0,3,13,146,341,0,0.5083371472354241,0.16482555112487837,success
242,2000,8,4,0.0,2.4000000000000004,0.1,0.8700000000000003,3.0,3,21,15,464,0,0.6198621137217218,0.13915044931185797,success
243,2000,8,4,0.0,2.4000000000000004,0.1,0.8800000000000003,3.0,3,21,13,466,0,0.620949008840978,0.13867116525039716,success
244,2000,8,4,0.0,2.4000000000000004,0.1,0.8900000000000003,3.0,3,21,12,467,0,0.6228062566582541,0.13688667957719464,success
245,2000,8,4,0.0,2.4000000000000004,0.1,0.9000000000000004,3.0,3,21,11,468,0,0.6248466586329338,0.1355273280258931,success
246,2000,8,4,0.0,2.4000000000000004,0.1,0.9100000000000004,3.0,3,21,10,469,0,0.6270598546517354,0.13437588445636958,success
249,2000,8,4,0.0,2.4000000000000004,0.1,0.9400000000000004,3.0,3,21,5,474,0,0.6298639478623946,0.13285590863092325,success
247,2000,8,4,0.0,2.4000000000000004,0.1,0.9200000000000004,3.0,3,21,6,473,0,0.626212534188107,0.13621879645954607,success
248,2000,8,4,0.0,2.4000000000000004,0.1,0.9300000000000004,3.0,3,21,5,474,0,0.6276484585967812,0.13474635781547858,success
251,2000,8,4,0.0,2.4000000000000004,0.1,0.9600000000000004,3.0,3,21,5,474,0,0.6325468767650351,0.1312095708045877,success
250,2000,8,4,0.0,2.4000000000000004,0.1,0.9500000000000004,3.0,3,21,5,474,0,0.6309114606213758,0.13248668311856768,success
252,2000,8,4,0.0,2.4000000000000004,0.1,0.9700000000000004,3.0,3,21,5,474,0,0.6339754621002759,0.1297624724623817,success
253,2000,8,4,0.0,2.4000000000000004,0.1,0.9800000000000004,3.0,3,21,4,475,0,0.6343900912097086,0.13007343293555568,success
254,2000,8,4,0.0,2.4000000000000004,0.1,0.9900000000000004,3.0,3,21,4,475,0,0.6358512196209367,0.1292957139762125,success
255,2000,8,4,0.0,2.4000000000000004,0.1,1.0000000000000004,3.0,3,22,4,474,0,0.6367022226448081,0.12812148615025032,success
257,2000,8,4,0.0,2.5000000000000004,0.1,0.51,3.0,3,14,143,343,0,0.5130925681767283,0.1627661262360116,success
258,2000,8,4,0.0,2.5000000000000004,0.1,0.52,3.0,3,14,135,351,0,0.5164503120126508,0.1618612529848532,success
259,2000,8,4,0.0,2.5000000000000004,0.1,0.53,3.0,3,15,129,356,0,0.5147730356119221,0.16237344175468485,success
260,2000,8,4,0.0,2.5000000000000004,0.1,0.54,3.0,3,15,123,362,0,0.5167303760210008,0.1642758989250277,success
261,2000,8,4,0.0,2.5000000000000004,0.1,0.55,3.0,3,16,119,365,0,0.5200784054585541,0.16208482030856505,success
262,2000,8,4,0.0,2.5000000000000004,0.1,0.56,3.0,3,16,109,375,0,0.5221445103008256,0.16349165855456907,success
263,2000,8,4,0.0,2.5000000000000004,0.1,0.5700000000000001,3.0,3,16,107,377,0,0.5277605335332717,0.16323300397111962,success
264,2000,8,4,0.0,2.5000000000000004,0.1,0.5800000000000001,3.0,3,16,104,380,0,0.5317120356276757,0.16105704144090968,success
265,2000,8,4,0.0,2.5000000000000004,0.1,0.5900000000000001,3.0,3,17,103,380,0,0.5355463951466359,0.1602583128614208,success
266,2000,8,4,0.0,2.5000000000000004,0.1,0.6000000000000001,3.0,3,17,100,383,0,0.5392870358024102,0.16077863744098292,success
267,2000,8,4,0.0,2.5000000000000004,0.1,0.6100000000000001,3.0,3,18,93,389,0,0.5448683991548968,0.1617035228916132,success
268,2000,8,4,0.0,2.5000000000000004,0.1,0.6200000000000001,3.0,3,19,85,396,0,0.5451093783083574,0.16347773261227333,success
269,2000,8,4,0.0,2.5000000000000004,0.1,0.6300000000000001,3.0,3,19,81,400,0,0.549378757730243,0.16332276141593013,success
270,2000,8,4,0.0,2.5000000000000004,0.1,0.6400000000000001,3.0,3,20,76,404,0,0.552958936622073,0.16236203716886752,success
271,2000,8,4,0.0,2.5000000000000004,0.1,0.6500000000000001,3.0,3,21,75,404,0,0.5570803236626595,0.15987885042420316,success
272,2000,8,4,0.0,2.5000000000000004,0.1,0.6600000000000001,3.0,3,21,72,407,0,0.5624906124735499,0.15838438662467308,success
273,2000,8,4,0.0,2.5000000000000004,0.1,0.6700000000000002,3.0,3,21,68,411,0,0.5642142089432304,0.1587420942022604,success
274,2000,8,4,0.0,2.5000000000000004,0.1,0.6800000000000002,3.0,3,21,64,415,0,0.566994454391171,0.1581847651178825,success
275,2000,8,4,0.0,2.5000000000000004,0.1,0.6900000000000002,3.0,3,21,63,416,0,0.5701680349596947,0.15885274428148022,success
276,2000,8,4,0.0,2.5000000000000004,0.1,0.7000000000000002,3.0,3,21,61,418,0,0.5728784337542102,0.15838583631534855,success
277,2000,8,4,0.0,2.5000000000000004,0.1,0.7100000000000002,3.0,3,21,61,418,0,0.5776968019424206,0.15799241868010394,success
278,2000,8,4,0.0,2.5000000000000004,0.1,0.7200000000000002,3.0,3,22,60,418,0,0.582606174072255,0.15686100742814257,success
279,2000,8,4,0.0,2.5000000000000004,0.1,0.7300000000000002,3.0,3,22,56,422,0,0.5869224101922416,0.1558075202114344,success
280,2000,8,4,0.0,2.5000000000000004,0.1,0.7400000000000002,3.0,3,22,53,425,0,0.5883590843243148,0.1561004729981647,success
281,2000,8,4,0.0,2.5000000000000004,0.1,0.7500000000000002,3.0,3,22,49,429,0,0.5922205968999467,0.15501663883988137,success
282,2000,8,4,0.0,2.5000000000000004,0.1,0.7600000000000002,3.0,3,22,48,430,0,0.5952760075438452,0.15515604052982476,success
283,2000,8,4,0.0,2.5000000000000004,0.1,0.7700000000000002,3.0,3,22,47,431,0,0.5972281619623957,0.1536984138485403,success
284,2000,8,4,0.0,2.5000000000000004,0.1,0.7800000000000002,3.0,3,22,43,435,0,0.5985210505945449,0.15461778261941575,success
285,2000,8,4,0.0,2.5000000000000004,0.1,0.7900000000000003,3.0,3,22,40,438,0,0.600859556536357,0.1539354160385139,success
286,2000,8,4,0.0,2.5000000000000004,0.1,0.8000000000000003,3.0,3,22,39,439,0,0.6025665353935687,0.15401755270268452,success
287,2000,8,4,0.0,2.5000000000000004,0.1,0.8100000000000003,3.0,3,22,38,440,0,0.606059086776857,0.15154077948189634,success
288,2000,8,4,0.0,2.5000000000000004,0.1,0.8200000000000003,3.0,3,22,35,443,0,0.6089339260279495,0.14973481830088045,success
289,2000,8,4,0.0,2.5000000000000004,0.1,0.8300000000000003,3.0,3,22,33,445,0,0.6110538004149662,0.14800873879839763,success
290,2000,8,4,0.0,2.5000000000000004,0.1,0.8400000000000003,3.0,3,22,30,448,0,0.6124473755867584,0.14919954678557396,success
291,2000,8,4,0.0,2.5000000000000004,0.1,0.8500000000000003,3.0,3,21,29,450,0,0.6171334267440121,0.14574931044024808,success
292,2000,8,4,0.0,2.5000000000000004,0.1,0.8600000000000003,3.0,3,21,28,451,0,0.6201621449602619,0.14449859969763462,success
293,2000,8,4,0.0,2.5000000000000004,0.1,0.8700000000000003,3.0,3,20,26,454,0,0.6214924682419863,0.1443891954031093,success
294,2000,8,4,0.0,2.5000000000000004,0.1,0.8800000000000003,3.0,3,20,24,456,0,0.6227853816713359,0.1448426828018202,success
295,2000,8,4,0.0,2.5000000000000004,0.1,0.8900000000000003,3.0,3,20,23,457,0,0.6238801180647765,0.14432458592975747,success
296,2000,8,4,0.0,2.5000000000000004,0.1,0.9000000000000004,3.0,3,20,21,459,0,0.6253907221822919,0.14275534080977512,success
307,2000,8,4,0.0,2.6000000000000005,0.1,0.5,3.0,3,13,163,324,0,0.4990010089461898,0.162481116738694,success
308,2000,8,4,0.0,2.6000000000000005,0.1,0.51,3.0,3,14,160,326,0,0.5021751203524569,0.1603212465069758,success
297,2000,8,4,0.0,2.5000000000000004,0.1,0.9100000000000004,3.0,3,20,19,461,0,0.6269422781438407,0.1417013571496957,success
309,2000,8,4,0.0,2.6000000000000005,0.1,0.52,3.0,3,15,151,334,0,0.5046998268982563,0.15836626828767264,success
298,2000,8,4,0.0,2.5000000000000004,0.1,0.9200000000000004,3.0,3,20,15,465,0,0.626426495990752,0.14329851016292955,success
310,2000,8,4,0.0,2.6000000000000005,0.1,0.53,3.0,3,15,146,339,0,0.5066448002259595,0.15936111747634718,success
311,2000,8,4,0.0,2.6000000000000005,0.1,0.54,3.0,3,16,140,344,0,0.5064375836352982,0.16062834155446232,success
299,2000,8,4,0.0,2.5000000000000004,0.1,0.9300000000000004,3.0,3,20,14,466,0,0.6283907217783536,0.14123954500731797,success
312,2000,8,4,0.0,2.6000000000000005,0.1,0.55,3.0,3,15,136,349,0,0.510785088394778,0.1601798224139983,success
313,2000,8,4,0.0,2.6000000000000005,0.1,0.56,3.0,3,15,126,359,0,0.5121453175601097,0.1635245335155485,success
300,2000,8,4,0.0,2.5000000000000004,0.1,0.9400000000000004,3.0,3,20,14,466,0,0.6314518816234279,0.13803072056615012,success
314,2000,8,4,0.0,2.6000000000000005,0.1,0.5700000000000001,3.0,3,15,124,361,0,0.5177978043133112,0.16380011895351845,success
301,2000,8,4,0.0,2.5000000000000004,0.1,0.9500000000000004,3.0,3,20,14,466,0,0.6324920581493417,0.13767862591269162,success
315,2000,8,4,0.0,2.6000000000000005,0.1,0.5800000000000001,3.0,3,15,119,366,0,0.5196078707575956,0.16222390302677864,success
316,2000,8,4,0.0,2.6000000000000005,0.1,0.5900000000000001,3.0,3,16,117,367,0,0.5231112710930934,0.16230049305573893,success
302,2000,8,4,0.0,2.5000000000000004,0.1,0.9600000000000004,3.0,3,20,14,466,0,0.6347137119621467,0.1356685413979724,success
303,2000,8,4,0.0,2.5000000000000004,0.1,0.9700000000000004,3.0,3,20,14,466,0,0.6369594316769727,0.13405138207265374,success
317,2000,8,4,0.0,2.6000000000000005,0.1,0.6000000000000001,3.0,3,16,114,370,0,0.5259335201542834,0.16446846924352793,success
304,2000,8,4,0.0,2.5000000000000004,0.1,0.9800000000000004,3.0,3,20,13,467,0,0.6379446539235184,0.13337988718088445,success
318,2000,8,4,0.0,2.6000000000000005,0.1,0.6100000000000001,3.0,3,16,108,376,0,0.530915213167778,0.16387511105802582,success
305,2000,8,4,0.0,2.5000000000000004,0.1,0.9900000000000004,3.0,3,20,13,467,0,0.6400729661740326,0.13215060603005793,success
319,2000,8,4,0.0,2.6000000000000005,0.1,0.6200000000000001,3.0,3,17,101,382,0,0.5323197417947517,0.16556955478735805,success
306,2000,8,4,0.0,2.5000000000000004,0.1,1.0000000000000004,3.0,3,21,10,469,0,0.6383710994252823,0.1346904792578854,success
320,2000,8,4,0.0,2.6000000000000005,0.1,0.6300000000000001,3.0,3,17,98,385,0,0.5384096673026707,0.16578070935439645,success
321,2000,8,4,0.0,2.6000000000000005,0.1,0.6400000000000001,3.0,3,20,94,386,0,0.5421292102336678,0.1632750970359336,success
322,2000,8,4,0.0,2.6000000000000005,0.1,0.6500000000000001,3.0,3,20,90,390,0,0.5438896408588515,0.16525237175750543,success
323,2000,8,4,0.0,2.6000000000000005,0.1,0.6600000000000001,3.0,3,20,87,393,0,0.549370414473358,0.16340413354160022,success
324,2000,8,4,0.0,2.6000000000000005,0.1,0.6700000000000002,3.0,3,20,82,398,0,0.5522847082907671,0.16121589492377467,success
325,2000,8,4,0.0,2.6000000000000005,0.1,0.6800000000000002,3.0,3,20,77,403,0,0.5553012425603222,0.16205499281381694,success
326,2000,8,4,0.0,2.6000000000000005,0.1,0.6900000000000002,3.0,3,20,76,404,0,0.5588594316144585,0.16201449890939437,success
327,2000,8,4,0.0,2.6000000000000005,0.1,0.7000000000000002,3.0,3,20,74,406,0,0.5614231708312555,0.16191777203340424,success
328,2000,8,4,0.0,2.6000000000000005,0.1,0.7100000000000002,3.0,3,20,72,408,0,0.5654541160457413,0.16224416181160276,success
329,2000,8,4,0.0,2.6000000000000005,0.1,0.7200000000000002,3.0,3,21,69,410,0,0.5727265570985031,0.1599735087420719,success
330,2000,8,4,0.0,2.6000000000000005,0.1,0.7300000000000002,3.0,3,21,66,413,0,0.5769627728809983,0.15970748821500014,success
331,2000,8,4,0.0,2.6000000000000005,0.1,0.7400000000000002,3.0,3,21,64,415,0,0.5793437195339532,0.159406598600566,success
332,2000,8,4,0.0,2.6000000000000005,0.1,0.7500000000000002,3.0,3,21,61,418,0,0.5854011742553265,0.1564409453857264,success
333,2000,8,4,0.0,2.6000000000000005,0.1,0.7600000000000002,3.0,3,21,60,419,0,0.587960371950085,0.156464770940016,success
334,2000,8,4,0.0,2.6000000000000005,0.1,0.7700000000000002,3.0,3,21,59,420,0,0.5903238999630603,0.15645113977603833,success
335,2000,8,4,0.0,2.6000000000000005,0.1,0.7800000000000002,3.0,3,21,56,423,0,0.5924653332562215,0.15722154299527538,success
337,2000,8,4,0.0,2.6000000000000005,0.1,0.8000000000000003,3.0,3,21,49,430,0,0.5922941893105279,0.1612309658338511,success
336,2000,8,4,0.0,2.6000000000000005,0.1,0.7900000000000003,3.0,3,21,53,426,0,0.5930617875358408,0.15868753692800258,success
338,2000,8,4,0.0,2.6000000000000005,0.1,0.8100000000000003,3.0,3,22,47,431,0,0.5962680213647034,0.159445360543554,success
339,2000,8,4,0.0,2.6000000000000005,0.1,0.8200000000000003,3.0,3,22,45,433,0,0.6002893059946267,0.15726233686935726,success
340,2000,8,4,0.0,2.6000000000000005,0.1,0.8300000000000003,3.0,3,22,42,436,0,0.6022782936320287,0.15752437497178629,success
341,2000,8,4,0.0,2.6000000000000005,0.1,0.8400000000000003,3.0,3,22,39,439,0,0.6048074005287247,0.1570476538432097,success
342,2000,8,4,0.0,2.6000000000000005,0.1,0.8500000000000003,3.0,3,21,37,442,0,0.6094486273679536,0.15513372184062404,success
343,2000,8,4,0.0,2.6000000000000005,0.1,0.8600000000000003,3.0,3,21,34,445,0,0.6111014805836693,0.15518288910122827,success
344,2000,8,4,0.0,2.6000000000000005,0.1,0.8700000000000003,3.0,3,20,32,448,0,0.6126571041973582,0.15596475080327396,success
345,2000,8,4,0.0,2.6000000000000005,0.1,0.8800000000000003,3.0,3,20,30,450,0,0.6152550562060333,0.15523432785495717,success
346,2000,8,4,0.0,2.6000000000000005,0.1,0.8900000000000003,3.0,3,20,28,452,0,0.6170273395989351,0.154923810765937,success
347,2000,8,4,0.0,2.6000000000000005,0.1,0.9000000000000004,3.0,3,20,26,454,0,0.6189412444515064,0.15328165100722874,success
348,2000,8,4,0.0,2.6000000000000005,0.1,0.9100000000000004,3.0,3,20,25,455,0,0.6218118895216479,0.15093100164629397,success
349,2000,8,4,0.0,2.6000000000000005,0.1,0.9200000000000004,3.0,3,20,23,457,0,0.623055773131687,0.15096449071555762,success
350,2000,8,4,0.0,2.6000000000000005,0.1,0.9300000000000004,3.0,3,20,22,458,0,0.6255552255877526,0.14890139394293028,success
351,2000,8,4,0.0,2.6000000000000005,0.1,0.9400000000000004,3.0,3,20,22,458,0,0.6295710002480625,0.1441792990193135,success
352,2000,8,4,0.0,2.6000000000000005,0.1,0.9500000000000004,3.0,3,20,22,458,0,0.6314762659311484,0.14408375654177102,success
358,2000,8,4,0.0,2.7000000000000006,0.1,0.5,3.0,3,12,188,300,0,0.5006044491478522,0.15703434884956097,success
359,2000,8,4,0.0,2.7000000000000006,0.1,0.51,3.0,3,13,184,303,0,0.5009632704184219,0.15468965912828103,success
360,2000,8,4,0.0,2.7000000000000006,0.1,0.52,3.0,3,14,174,312,0,0.5035015716222274,0.15404676062508998,success
361,2000,8,4,0.0,2.7000000000000006,0.1,0.53,3.0,3,14,166,320,0,0.5029000595084755,0.15753607382779028,success
362,2000,8,4,0.0,2.7000000000000006,0.1,0.54,3.0,3,14,159,327,0,0.502559699467754,0.15900800685255476,success
353,2000,8,4,0.0,2.6000000000000005,0.1,0.9600000000000004,3.0,3,20,20,460,0,0.6329582273031615,0.14347057608856356,success
354,2000,8,4,0.0,2.6000000000000005,0.1,0.9700000000000004,3.0,3,20,19,461,0,0.6347109289020427,0.14328555387638386,success
363,2000,8,4,0.0,2.7000000000000006,0.1,0.55,3.0,3,14,155,331,0,0.5059808527625242,0.15866668734409625,success
355,2000,8,4,0.0,2.6000000000000005,0.1,0.9800000000000004,3.0,3,20,18,462,0,0.6356096386705875,0.14325545868165596,success
356,2000,8,4,0.0,2.6000000000000005,0.1,0.9900000000000004,3.0,3,20,18,462,0,0.6388766287238652,0.14036171281722865,success
364,2000,8,4,0.0,2.7000000000000006,0.1,0.56,3.0,3,13,148,339,0,0.511607876525774,0.1631394628823868,success
365,2000,8,4,0.0,2.7000000000000006,0.1,0.5700000000000001,3.0,3,14,145,341,0,0.5141174940303425,0.16088729086177836,success
366,2000,8,4,0.0,2.7000000000000006,0.1,0.5800000000000001,3.0,3,14,137,349,0,0.5126139741671921,0.16194207725888302,success
357,2000,8,4,0.0,2.6000000000000005,0.1,1.0000000000000004,3.0,3,21,18,461,0,0.6397280509288685,0.1400649881254021,success
367,2000,8,4,0.0,2.7000000000000006,0.1,0.5900000000000001,3.0,3,14,136,350,0,0.5172798811556587,0.16339136904635335,success
368,2000,8,4,0.0,2.7000000000000006,0.1,0.6000000000000001,3.0,3,15,132,353,0,0.5190723313749925,0.1639716653775736,success
369,2000,8,4,0.0,2.7000000000000006,0.1,0.6100000000000001,3.0,3,15,128,357,0,0.5230714076840238,0.1643779350914199,success
370,2000,8,4,0.0,2.7000000000000006,0.1,0.6200000000000001,3.0,3,16,122,362,0,0.5255700408859951,0.16461427410786794,success
371,2000,8,4,0.0,2.7000000000000006,0.1,0.6300000000000001,3.0,3,16,118,366,0,0.531630242649797,0.1652055087438725,success
372,2000,8,4,0.0,2.7000000000000006,0.1,0.6400000000000001,3.0,3,18,113,369,0,0.5353796409166915,0.16481375977495513,success
373,2000,8,4,0.0,2.7000000000000006,0.1,0.6500000000000001,3.0,3,18,107,375,0,0.535171885984295,0.16757516721119334,success
374,2000,8,4,0.0,2.7000000000000006,0.1,0.6600000000000001,3.0,3,18,104,378,0,0.5400120782146702,0.16655164902287525,success
375,2000,8,4,0.0,2.7000000000000006,0.1,0.6700000000000002,3.0,3,17,101,382,0,0.5436553409773034,0.16669305039847346,success
376,2000,8,4,0.0,2.7000000000000006,0.1,0.6800000000000002,3.0,3,18,96,386,0,0.5474308552538869,0.16368677658839786,success
377,2000,8,4,0.0,2.7000000000000006,0.1,0.6900000000000002,3.0,3,19,95,386,0,0.5499584004129474,0.16334216486812358,success
378,2000,8,4,0.0,2.7000000000000006,0.1,0.7000000000000002,3.0,3,21,94,385,0,0.5513757074147552,0.1612417398524948,success
379,2000,8,4,0.0,2.7000000000000006,0.1,0.7100000000000002,3.0,3,21,91,388,0,0.5540730342226283,0.16343432727411553,success
380,2000,8,4,0.0,2.7000000000000006,0.1,0.7200000000000002,3.0,3,22,88,390,0,0.5618205837406013,0.16125769803748705,success
381,2000,8,4,0.0,2.7000000000000006,0.1,0.7300000000000002,3.0,3,22,84,394,0,0.5646435537140382,0.16213930367101068,success
382,2000,8,4,0.0,2.7000000000000006,0.1,0.7400000000000002,3.0,3,22,81,397,0,0.5677532448016288,0.16038288405552983,success
383,2000,8,4,0.0,2.7000000000000006,0.1,0.7500000000000002,3.0,3,22,77,401,0,0.5756048102569385,0.1578988105546902,success
384,2000,8,4,0.0,2.7000000000000006,0.1,0.7600000000000002,3.0,3,22,75,403,0,0.5781368169718832,0.1594370646967394,success
385,2000,8,4,0.0,2.7000000000000006,0.1,0.7700000000000002,3.0,3,22,72,406,0,0.5802141647293176,0.1594085761236929,success
386,2000,8,4,0.0,2.7000000000000006,0.1,0.7800000000000002,3.0,3,22,69,409,0,0.5832578394397668,0.159296337838997,success
387,2000,8,4,0.0,2.7000000000000006,0.1,0.7900000000000003,3.0,3,22,68,410,0,0.5851069552147671,0.16106046096281698,success
388,2000,8,4,0.0,2.7000000000000006,0.1,0.8000000000000003,3.0,3,22,64,414,0,0.5854409595853665,0.16423573758166984,success
389,2000,8,4,0.0,2.7000000000000006,0.1,0.8100000000000003,3.0,3,22,61,417,0,0.5897622153070208,0.16375300284994412,success
390,2000,8,4,0.0,2.7000000000000006,0.1,0.8200000000000003,3.0,3,22,55,423,0,0.5933460046335295,0.16074805595410874,success
391,2000,8,4,0.0,2.7000000000000006,0.1,0.8300000000000003,3.0,3,22,52,426,0,0.5961682898717651,0.160330627380081,success
392,2000,8,4,0.0,2.7000000000000006,0.1,0.8400000000000003,3.0,3,22,49,429,0,0.5993457539048133,0.15977259760724197,success
393,2000,8,4,0.0,2.7000000000000006,0.1,0.8500000000000003,3.0,3,21,47,432,0,0.6036093654403679,0.15827984590761987,success
394,2000,8,4,0.0,2.7000000000000006,0.1,0.8600000000000003,3.0,3,21,45,434,0,0.6058462856608426,0.15888024257490121,success
395,2000,8,4,0.0,2.7000000000000006,0.1,0.8700000000000003,3.0,3,20,41,439,0,0.606942580367795,0.16201494289662474,success
396,2000,8,4,0.0,2.7000000000000006,0.1,0.8800000000000003,3.0,3,20,40,440,0,0.6091620167856656,0.16270019323047438,success
397,2000,8,4,0.0,2.7000000000000006,0.1,0.8900000000000003,3.0,3,20,38,442,0,0.6116166832331217,0.16196740168043955,success
398,2000,8,4,0.0,2.7000000000000006,0.1,0.9000000000000004,3.0,3,20,36,444,0,0.6137176602998835,0.16091140152225725,success
399,2000,8,4,0.0,2.7000000000000006,0.1,0.9100000000000004,3.0,3,20,34,446,0,0.6164574855075159,0.15992979398466492,success
400,2000,8,4,0.0,2.7000000000000006,0.1,0.9200000000000004,3.0,3,20,33,447,0,0.618910016849486,0.15932537059095472,success
409,2000,8,4,0.0,2.8000000000000007,0.1,0.5,3.0,3,9,214,277,0,0.49014947541275417,0.15484178189215328,success
401,2000,8,4,0.0,2.7000000000000006,0.1,0.9300000000000004,3.0,3,20,32,448,0,0.6230928202374315,0.15723133620119878,success
410,2000,8,4,0.0,2.8000000000000007,0.1,0.51,3.0,3,9,209,282,0,0.4898795158926447,0.15422203908343918,success
411,2000,8,4,0.0,2.8000000000000007,0.1,0.52,3.0,3,11,200,289,0,0.4939670473086329,0.15152709743953496,success
402,2000,8,4,0.0,2.7000000000000006,0.1,0.9400000000000004,3.0,3,20,30,450,0,0.6261626763686353,0.1535133892458256,success
412,2000,8,4,0.0,2.8000000000000007,0.1,0.53,3.0,3,11,195,294,0,0.4957414548010447,0.15462468245157257,success
403,2000,8,4,0.0,2.7000000000000006,0.1,0.9500000000000004,3.0,3,20,30,450,0,0.6285056779857539,0.153761888047718,success
413,2000,8,4,0.0,2.8000000000000007,0.1,0.54,3.0,3,11,189,300,0,0.49664727794218533,0.15626572054259183,success
414,2000,8,4,0.0,2.8000000000000007,0.1,0.55,3.0,3,12,185,303,0,0.4998048193959695,0.15706572611989247,success
404,2000,8,4,0.0,2.7000000000000006,0.1,0.9600000000000004,3.0,3,20,28,452,0,0.6305878330340523,0.15226464627057543,success
415,2000,8,4,0.0,2.8000000000000007,0.1,0.56,3.0,3,13,177,310,0,0.5025957333819908,0.1595313482559453,success
405,2000,8,4,0.0,2.7000000000000006,0.1,0.9700000000000004,3.0,3,20,27,453,0,0.6328932890572448,0.15084585088432464,success
408,2000,8,4,0.0,2.7000000000000006,0.1,1.0000000000000004,3.0,3,20,25,455,0,0.6382415501683913,0.1504750166951858,success
406,2000,8,4,0.0,2.7000000000000006,0.1,0.9800000000000004,3.0,3,20,26,454,0,0.6342823930091567,0.1503264939740133,success
407,2000,8,4,0.0,2.7000000000000006,0.1,0.9900000000000004,3.0,3,20,26,454,0,0.6370609154145912,0.14949736147311202,success
416,2000,8,4,0.0,2.8000000000000007,0.1,0.5700000000000001,3.0,3,13,175,312,0,0.5085054538152985,0.15791372472982945,success
417,2000,8,4,0.0,2.8000000000000007,0.1,0.5800000000000001,3.0,3,14,166,320,0,0.5045494399293838,0.15812752441104133,success
418,2000,8,4,0.0,2.8000000000000007,0.1,0.5900000000000001,3.0,3,14,165,321,0,0.5089796945970788,0.15875189593812483,success
419,2000,8,4,0.0,2.8000000000000007,0.1,0.6000000000000001,3.0,3,15,159,326,0,0.5102883497511834,0.15945160378637244,success
420,2000,8,4,0.0,2.8000000000000007,0.1,0.6100000000000001,3.0,3,15,156,329,0,0.5165825228556957,0.16011353389658237,success
421,2000,8,4,0.0,2.8000000000000007,0.1,0.6200000000000001,3.0,3,16,151,333,0,0.5190996307325637,0.15944281351064696,success
422,2000,8,4,0.0,2.8000000000000007,0.1,0.6300000000000001,3.0,3,16,148,336,0,0.5241295286130642,0.1589549171384502,success
423,2000,8,4,0.0,2.8000000000000007,0.1,0.6400000000000001,3.0,3,16,142,342,0,0.5287123853364852,0.16258021080846824,success
424,2000,8,4,0.0,2.8000000000000007,0.1,0.6500000000000001,3.0,3,17,137,346,0,0.5295012889787553,0.1639083719772065,success
425,2000,8,4,0.0,2.8000000000000007,0.1,0.6600000000000001,3.0,3,17,130,353,0,0.5309147121377793,0.16347468121087183,success
426,2000,8,4,0.0,2.8000000000000007,0.1,0.6700000000000002,3.0,3,17,126,357,0,0.5328270910715789,0.164693895645491,success
427,2000,8,4,0.0,2.8000000000000007,0.1,0.6800000000000002,3.0,3,19,122,359,0,0.537789492383254,0.15991131551749846,success
428,2000,8,4,0.0,2.8000000000000007,0.1,0.6900000000000002,3.0,3,19,121,360,0,0.5423170044279815,0.16008102871679716,success
429,2000,8,4,0.0,2.8000000000000007,0.1,0.7000000000000002,3.0,3,19,120,361,0,0.5467929824881652,0.16016201431773128,success
430,2000,8,4,0.0,2.8000000000000007,0.1,0.7100000000000002,3.0,3,19,119,362,0,0.5512657616953717,0.16202149908932162,success
431,2000,8,4,0.0,2.8000000000000007,0.1,0.7200000000000002,3.0,3,20,114,366,0,0.5591068760225213,0.16003162012358207,success
432,2000,8,4,0.0,2.8000000000000007,0.1,0.7300000000000002,3.0,3,20,109,371,0,0.5616896212487521,0.16148325842020178,success
433,2000,8,4,0.0,2.8000000000000007,0.1,0.7400000000000002,3.0,3,20,106,374,0,0.5648061339583662,0.1606296803668648,success
434,2000,8,4,0.0,2.8000000000000007,0.1,0.7500000000000002,3.0,3,21,102,377,0,0.5717685675648618,0.15745666541058378,success
435,2000,8,4,0.0,2.8000000000000007,0.1,0.7600000000000002,3.0,3,21,99,380,0,0.5745833104609986,0.15839478741093055,success
436,2000,8,4,0.0,2.8000000000000007,0.1,0.7700000000000002,3.0,3,21,97,382,0,0.577069074213011,0.15848167537067542,success
437,2000,8,4,0.0,2.8000000000000007,0.1,0.7800000000000002,3.0,3,20,93,387,0,0.5800354665661065,0.1591975051662489,success
438,2000,8,4,0.0,2.8000000000000007,0.1,0.7900000000000003,3.0,3,21,92,387,0,0.5803623309650783,0.1606386101075967,success
439,2000,8,4,0.0,2.8000000000000007,0.1,0.8000000000000003,3.0,3,21,90,389,0,0.582143092505129,0.16320552885181572,success
440,2000,8,4,0.0,2.8000000000000007,0.1,0.8100000000000003,3.0,3,22,87,391,0,0.5852681260481948,0.1628794446799624,success
441,2000,8,4,0.0,2.8000000000000007,0.1,0.8200000000000003,3.0,3,22,80,398,0,0.5870427290809445,0.16302669166002468,success
442,2000,8,4,0.0,2.8000000000000007,0.1,0.8300000000000003,3.0,3,22,76,402,0,0.5893338710671968,0.1644531197515642,success
443,2000,8,4,0.0,2.8000000000000007,0.1,0.8400000000000003,3.0,3,22,71,407,0,0.5924481168923692,0.16453600105882205,success
444,2000,8,4,0.0,2.8000000000000007,0.1,0.8500000000000003,3.0,3,21,67,412,0,0.5967761785285124,0.16392007260813574,success
445,2000,8,4,0.0,2.8000000000000007,0.1,0.8600000000000003,3.0,3,21,65,414,0,0.5996053856988908,0.16430162282842797,success
446,2000,8,4,0.0,2.8000000000000007,0.1,0.8700000000000003,3.0,3,21,61,418,0,0.6027461341859097,0.16447476540209316,success
447,2000,8,4,0.0,2.8000000000000007,0.1,0.8800000000000003,3.0,3,21,60,419,0,0.6060428499680129,0.16303570370723264,success
448,2000,8,4,0.0,2.8000000000000007,0.1,0.8900000000000003,3.0,3,21,57,422,0,0.6099834776353328,0.16167710065655308,success
449,2000,8,4,0.0,2.8000000000000007,0.1,0.9000000000000004,3.0,3,21,53,426,0,0.6113198491293146,0.16173426610052163,success
450,2000,8,4,0.0,2.8000000000000007,0.1,0.9100000000000004,3.0,3,21,51,428,0,0.6143289300226722,0.16176765463157447,success
451,2000,8,4,0.0,2.8000000000000007,0.1,0.9200000000000004,3.0,3,21,51,428,0,0.6172040288155706,0.16130121408852513,success
460,2000,8,4,0.0,2.900000000000001,0.1,0.5,3.0,3,8,238,254,0,0.47302202902827156,0.15458175020498274,success
461,2000,8,4,0.0,2.900000000000001,0.1,0.51,3.0,3,9,230,261,0,0.47344393412458974,0.15499757259454477,success
452,2000,8,4,0.0,2.8000000000000007,0.1,0.9300000000000004,3.0,3,21,50,429,0,0.6219442521091696,0.15986043508340012,success
462,2000,8,4,0.0,2.900000000000001,0.1,0.52,3.0,3,9,223,268,0,0.4750044747339277,0.1562058293194134,success
453,2000,8,4,0.0,2.8000000000000007,0.1,0.9400000000000004,3.0,3,21,43,436,0,0.621090747523545,0.1606210914334539,success
463,2000,8,4,0.0,2.900000000000001,0.1,0.53,3.0,3,10,222,268,0,0.4766026052414134,0.1558393395106512,success
464,2000,8,4,0.0,2.900000000000001,0.1,0.54,3.0,3,10,214,276,0,0.47821247544342893,0.15591871397360435,success
454,2000,8,4,0.0,2.8000000000000007,0.1,0.9500000000000004,3.0,3,21,43,436,0,0.624349516156952,0.16034804379629963,success
465,2000,8,4,0.0,2.900000000000001,0.1,0.55,3.0,3,11,209,280,0,0.48117375728038525,0.15648572613400993,success
455,2000,8,4,0.0,2.8000000000000007,0.1,0.9600000000000004,3.0,3,21,38,441,0,0.6240124478204001,0.1609421383156528,success
466,2000,8,4,0.0,2.900000000000001,0.1,0.56,3.0,3,12,202,286,0,0.4854603298067419,0.15953693728874244,success
467,2000,8,4,0.0,2.900000000000001,0.1,0.5700000000000001,3.0,3,12,199,289,0,0.4902811643419009,0.1591324265987067,success
468,2000,8,4,0.0,2.900000000000001,0.1,0.5800000000000001,3.0,3,13,188,299,0,0.49081965568737224,0.16130883460613235,success
469,2000,8,4,0.0,2.900000000000001,0.1,0.5900000000000001,3.0,3,13,188,299,0,0.4967113305403494,0.16118666278846638,success
456,2000,8,4,0.0,2.8000000000000007,0.1,0.9700000000000004,3.0,3,21,37,442,0,0.6268332433408836,0.1595635554573609,success
470,2000,8,4,0.0,2.900000000000001,0.1,0.6000000000000001,3.0,3,14,185,301,0,0.5006282834368482,0.16008917530108996,success
457,2000,8,4,0.0,2.8000000000000007,0.1,0.9800000000000004,3.0,3,21,35,444,0,0.6289560349185707,0.158110724136433,success
459,2000,8,4,0.0,2.8000000000000007,0.1,1.0000000000000004,3.0,3,21,32,447,0,0.6336184664452428,0.1592812064665419,success
471,2000,8,4,0.0,2.900000000000001,0.1,0.6100000000000001,3.0,3,14,183,303,0,0.5069082371951514,0.16064109459227585,success
458,2000,8,4,0.0,2.8000000000000007,0.1,0.9900000000000004,3.0,3,21,34,445,0,0.6314044361937893,0.15898665794097183,success
472,2000,8,4,0.0,2.900000000000001,0.1,0.6200000000000001,3.0,3,16,179,305,0,0.5075103380944872,0.1582872419803314,success
473,2000,8,4,0.0,2.900000000000001,0.1,0.6300000000000001,3.0,3,16,175,309,0,0.5134467685721429,0.15690207244062304,success
475,2000,8,4,0.0,2.900000000000001,0.1,0.6500000000000001,3.0,3,16,167,317,0,0.5190294358156875,0.16038724215025968,success
474,2000,8,4,0.0,2.900000000000001,0.1,0.6400000000000001,3.0,3,15,170,315,0,0.5174427681695422,0.1596888974228911,success
476,2000,8,4,0.0,2.900000000000001,0.1,0.6600000000000001,3.0,3,16,161,323,0,0.522055056701152,0.15991444262054907,success
477,2000,8,4,0.0,2.900000000000001,0.1,0.6700000000000002,3.0,3,16,157,327,0,0.5248871308455824,0.16026495895486387,success
478,2000,8,4,0.0,2.900000000000001,0.1,0.6800000000000002,3.0,3,16,154,330,0,0.5324380964097373,0.15938372235935352,success
479,2000,8,4,0.0,2.900000000000001,0.1,0.6900000000000002,3.0,3,17,150,333,0,0.5328348122200351,0.15910133525901787,success
480,2000,8,4,0.0,2.900000000000001,0.1,0.7000000000000002,3.0,3,17,148,335,0,0.5397048508680032,0.1595149819302077,success
481,2000,8,4,0.0,2.900000000000001,0.1,0.7100000000000002,3.0,3,17,145,338,0,0.5433729604100959,0.16091413977890673,success
482,2000,8,4,0.0,2.900000000000001,0.1,0.7200000000000002,3.0,3,18,139,343,0,0.5493881909250528,0.16107346912158188,success
483,2000,8,4,0.0,2.900000000000001,0.1,0.7300000000000002,3.0,3,18,135,347,0,0.5536243271436454,0.1644235972776004,success
484,2000,8,4,0.0,2.900000000000001,0.1,0.7400000000000002,3.0,3,19,132,349,0,0.555293095372231,0.16256874800718932,success
485,2000,8,4,0.0,2.900000000000001,0.1,0.7500000000000002,3.0,3,19,130,351,0,0.5652179152000621,0.15915427224631454,success
486,2000,8,4,0.0,2.900000000000001,0.1,0.7600000000000002,3.0,3,19,127,354,0,0.5679280200976209,0.15931781848047263,success
487,2000,8,4,0.0,2.900000000000001,0.1,0.7700000000000002,3.0,3,19,123,358,0,0.5710459272805728,0.15906327346253726,success
488,2000,8,4,0.0,2.900000000000001,0.1,0.7800000000000002,3.0,3,19,119,362,0,0.5735964513127029,0.16047352398808223,success
489,2000,8,4,0.0,2.900000000000001,0.1,0.7900000000000003,3.0,3,19,117,364,0,0.5732218702579671,0.1640771718988442,success
490,2000,8,4,0.0,2.900000000000001,0.1,0.8000000000000003,3.0,3,19,115,366,0,0.5758240507454265,0.16725479449253963,success
491,2000,8,4,0.0,2.900000000000001,0.1,0.8100000000000003,3.0,3,22,111,367,0,0.5766317487170467,0.16575634211859291,success
493,2000,8,4,0.0,2.900000000000001,0.1,0.8300000000000003,3.0,3,22,99,379,0,0.5802873048134324,0.16681461762179833,success
492,2000,8,4,0.0,2.900000000000001,0.1,0.8200000000000003,3.0,3,22,104,374,0,0.5764410695442247,0.1677522304469832,success
494,2000,8,4,0.0,2.900000000000001,0.1,0.8400000000000003,3.0,3,23,94,383,0,0.5832527843088856,0.16704198800923684,success
495,2000,8,4,0.0,2.900000000000001,0.1,0.8500000000000003,3.0,3,24,90,386,0,0.5872980972587375,0.16561023702370148,success
496,2000,8,4,0.0,2.900000000000001,0.1,0.8600000000000003,3.0,3,23,86,391,0,0.5909851336647788,0.16632258726919327,success
497,2000,8,4,0.0,2.900000000000001,0.1,0.8700000000000003,3.0,3,23,83,394,0,0.5959329690116637,0.16555428737186376,success
498,2000,8,4,0.0,2.900000000000001,0.1,0.8800000000000003,3.0,3,25,80,395,0,0.5962830003850259,0.16644436042852423,success
499,2000,8,4,0.0,2.900000000000001,0.1,0.8900000000000003,3.0,3,25,77,398,0,0.6004854550761234,0.16404419605943513,success
500,2000,8,4,0.0,2.900000000000001,0.1,0.9000000000000004,3.0,3,25,70,405,0,0.5997749100396587,0.16521785653726884,success
501,2000,8,4,0.0,2.900000000000001,0.1,0.9100000000000004,3.0,3,25,68,407,0,0.6029527595134171,0.16503412318136246,success
502,2000,8,4,0.0,2.900000000000001,0.1,0.9200000000000004,3.0,3,25,66,409,0,0.6045284965637986,0.1664996906230671,success
503,2000,8,4,0.0,2.900000000000001,0.1,0.9300000000000004,3.0,3,25,65,410,0,0.6103269697764837,0.1659398028127007,success
504,2000,8,4,0.0,2.900000000000001,0.1,0.9400000000000004,3.0,3,25,60,415,0,0.6122607658582748,0.1648345094009865,success
511,2000,8,4,0.0,3.000000000000001,0.1,0.5,3.0,4,1,272,227,0,0.3930105449896227,0.149910637846788,success
512,2000,8,4,0.0,3.000000000000001,0.1,0.51,3.0,4,1,265,234,0,0.39651611235211887,0.15011640550607003,success
505,2000,8,4,0.0,2.900000000000001,0.1,0.9500000000000004,3.0,3,25,58,417,0,0.6156659350680984,0.16616259753238055,success
513,2000,8,4,0.0,3.000000000000001,0.1,0.52,3.0,4,1,259,240,0,0.40114384167120776,0.15146880233941182,success
506,2000,8,4,0.0,2.900000000000001,0.1,0.9600000000000004,3.0,3,25,55,420,0,0.6155568630660251,0.16555240130221263,success
514,2000,8,4,0.0,3.000000000000001,0.1,0.53,3.0,4,1,257,242,0,0.40493625341110184,0.15095174744821527,success
507,2000,8,4,0.0,2.900000000000001,0.1,0.9700000000000004,3.0,3,25,51,424,0,0.6193090457002779,0.16479709180388302,success
515,2000,8,4,0.0,3.000000000000001,0.1,0.54,3.0,4,1,254,245,0,0.4094602287886237,0.15271312003993076,success
516,2000,8,4,0.0,3.000000000000001,0.1,0.55,3.0,4,1,251,248,0,0.4167954203740117,0.15001091123457094,success
508,2000,8,4,0.0,2.900000000000001,0.1,0.9800000000000004,3.0,3,25,48,427,0,0.6194943951653199,0.16623864170017513,success
510,2000,8,4,0.0,2.900000000000001,0.1,1.0000000000000004,3.0,3,25,46,429,0,0.62633230514616,0.166528302389507,success
517,2000,8,4,0.0,3.000000000000001,0.1,0.56,3.0,4,2,243,255,0,0.41546787139799485,0.15179326430350223,success
518,2000,8,4,0.0,3.000000000000001,0.1,0.5700000000000001,3.0,4,2,233,265,0,0.41803633641069377,0.15110640958758723,success
509,2000,8,4,0.0,2.900000000000001,0.1,0.9900000000000004,3.0,3,25,47,428,0,0.6225520598115214,0.16737147596074434,success
519,2000,8,4,0.0,3.000000000000001,0.1,0.5800000000000001,3.0,4,3,228,269,0,0.42048982424992093,0.14952487824671398,success
520,2000,8,4,0.0,3.000000000000001,0.1,0.5900000000000001,3.0,4,3,222,275,0,0.42331505424392657,0.15152013985637725,success
521,2000,8,4,0.0,3.000000000000001,0.1,0.6000000000000001,3.0,4,3,218,279,0,0.4238326286647852,0.15232930353059104,success
522,2000,8,4,0.0,3.000000000000001,0.1,0.6100000000000001,3.0,4,3,211,286,0,0.4292512092851816,0.15283326127362298,success
523,2000,8,4,0.0,3.000000000000001,0.1,0.6200000000000001,3.0,4,3,209,288,0,0.4355217799816437,0.15173783633954385,success
524,2000,8,4,0.0,3.000000000000001,0.1,0.6300000000000001,3.0,4,3,202,295,0,0.4401591642678913,0.15314065108109304,success
525,2000,8,4,0.0,3.000000000000001,0.1,0.6400000000000001,3.0,4,3,199,298,0,0.445293347995505,0.1544345965027731,success
526,2000,8,4,0.0,3.000000000000001,0.1,0.6500000000000001,3.0,4,4,190,306,0,0.4489898328504173,0.1545313661881852,success
527,2000,8,4,0.0,3.000000000000001,0.1,0.6600000000000001,3.0,4,4,185,311,0,0.45045859002386457,0.1560954357202077,success
528,2000,8,4,0.0,3.000000000000001,0.1,0.6700000000000002,3.0,4,4,181,315,0,0.4558930981751898,0.15702608530361278,success
529,2000,8,4,0.0,3.000000000000001,0.1,0.6800000000000002,3.0,4,4,175,321,0,0.4597581370171639,0.16054277199963976,success
530,2000,8,4,0.0,3.000000000000001,0.1,0.6900000000000002,3.0,4,5,172,323,0,0.4622358692524468,0.1594511823914622,success
531,2000,8,4,0.0,3.000000000000001,0.1,0.7000000000000002,3.0,4,5,168,327,0,0.46481730612073385,0.15965461357669625,success
532,2000,8,4,0.0,3.000000000000001,0.1,0.7100000000000002,3.0,4,4,165,331,0,0.47059377392311214,0.16204380362180815,success
533,2000,8,4,0.0,3.000000000000001,0.1,0.7200000000000002,3.0,4,4,158,338,0,0.4725426724976212,0.16021098189916305,success
534,2000,8,4,0.0,3.000000000000001,0.1,0.7300000000000002,3.0,4,4,154,342,0,0.4780544253422535,0.15844622298438615,success
535,2000,8,4,0.0,3.000000000000001,0.1,0.7400000000000002,3.0,4,4,152,344,0,0.48447934598617404,0.15686871601892724,success
536,2000,8,4,0.0,3.000000000000001,0.1,0.7500000000000002,3.0,4,4,148,348,0,0.4899688002594238,0.15690419946405357,success
537,2000,8,4,0.0,3.000000000000001,0.1,0.7600000000000002,3.0,4,4,146,350,0,0.49510672388098553,0.15629888112579715,success
538,2000,8,4,0.0,3.000000000000001,0.1,0.7700000000000002,3.0,4,4,141,355,0,0.49696007348485344,0.15743754334816482,success
539,2000,8,4,0.0,3.000000000000001,0.1,0.7800000000000002,3.0,4,4,140,356,0,0.5025128142283178,0.15695981533986686,success
540,2000,8,4,0.0,3.000000000000001,0.1,0.7900000000000003,3.0,4,5,134,361,0,0.5047166387627562,0.15700956477973976,success
541,2000,8,4,0.0,3.000000000000001,0.1,0.8000000000000003,3.0,4,5,130,365,0,0.5087507220267099,0.15846412203741797,success
542,2000,8,4,0.0,3.000000000000001,0.1,0.8100000000000003,3.0,4,6,126,368,0,0.5106771231907701,0.15988156210260843,success
543,2000,8,4,0.0,3.000000000000001,0.1,0.8200000000000003,3.0,4,6,124,370,0,0.5167399038619096,0.15777432211100245,success
544,2000,8,4,0.0,3.000000000000001,0.1,0.8300000000000003,3.0,4,6,119,375,0,0.5185925977333958,0.15992474902324602,success
546,2000,8,4,0.0,3.000000000000001,0.1,0.8500000000000003,3.0,4,6,110,384,0,0.5282065454981915,0.1628969392704719,success
545,2000,8,4,0.0,3.000000000000001,0.1,0.8400000000000003,3.0,4,6,113,381,0,0.5219519278120779,0.1614584328332754,success
547,2000,8,4,0.0,3.000000000000001,0.1,0.8600000000000003,3.0,4,6,104,390,0,0.5308217672288015,0.16350026473316212,success
548,2000,8,4,0.0,3.000000000000001,0.1,0.8700000000000003,3.0,4,6,99,395,0,0.5352598113131108,0.1643267372453073,success
549,2000,8,4,0.0,3.000000000000001,0.1,0.8800000000000003,3.0,4,6,97,397,0,0.5395434265347441,0.16522058445105534,success
550,2000,8,4,0.0,3.000000000000001,0.1,0.8900000000000003,3.0,4,6,93,401,0,0.5421439135058955,0.1661612055280054,success
551,2000,8,4,0.0,3.000000000000001,0.1,0.9000000000000004,3.0,4,7,91,402,0,0.5458935742769093,0.16555175306273465,success
552,2000,8,4,0.0,3.000000000000001,0.1,0.9100000000000004,3.0,4,9,89,402,0,0.5477037216508105,0.16335332150116144,success
553,2000,8,4,0.0,3.000000000000001,0.1,0.9200000000000004,3.0,4,10,85,405,0,0.54928468558599,0.16287378982656056,success
554,2000,8,4,0.0,3.000000000000001,0.1,0.9300000000000004,3.0,4,10,85,405,0,0.5546287774512767,0.16298659382894648,success
555,2000,8,4,0.0,3.000000000000001,0.1,0.9400000000000004,3.0,4,10,81,409,0,0.5554707481339555,0.16496341479190535,success
562,2000,8,4,0.0,3.100000000000001,0.1,0.5,3.0,4,1,288,211,0,0.3866310765419725,0.15034124169783267,success
556,2000,8,4,0.0,3.000000000000001,0.1,0.9500000000000004,3.0,4,10,79,411,0,0.5612491574248405,0.1668725734691041,success
563,2000,8,4,0.0,3.100000000000001,0.1,0.51,3.0,4,1,281,218,0,0.38922535891841886,0.15090917037543186,success
564,2000,8,4,0.0,3.100000000000001,0.1,0.52,3.0,4,1,276,223,0,0.3957595849493312,0.15151590088599745,success
565,2000,8,4,0.0,3.100000000000001,0.1,0.53,3.0,4,1,272,227,0,0.39660524954294823,0.15269196617145633,success
557,2000,8,4,0.0,3.000000000000001,0.1,0.9600000000000004,3.0,4,10,80,410,0,0.5644839427230817,0.16452438238871664,success
566,2000,8,4,0.0,3.100000000000001,0.1,0.54,3.0,4,1,268,231,0,0.40082392679667406,0.15278341631949266,success
567,2000,8,4,0.0,3.100000000000001,0.1,0.55,3.0,4,1,264,235,0,0.40680458876322595,0.1506909279360136,success
558,2000,8,4,0.0,3.000000000000001,0.1,0.9700000000000004,3.0,4,10,68,422,0,0.5759676922706666,0.175333516318654,success
568,2000,8,4,0.0,3.100000000000001,0.1,0.56,3.0,4,2,256,242,0,0.4049544659400266,0.15198993865443586,success
569,2000,8,4,0.0,3.100000000000001,0.1,0.5700000000000001,3.0,4,2,249,249,0,0.40858687465945837,0.14982164315090968,success
570,2000,8,4,0.0,3.100000000000001,0.1,0.5800000000000001,3.0,4,3,245,252,0,0.4108554272122822,0.14797337781136158,success
571,2000,8,4,0.0,3.100000000000001,0.1,0.5900000000000001,3.0,4,3,239,258,0,0.41413948055856414,0.149802814702838,success
559,2000,8,4,0.0,3.000000000000001,0.1,0.9800000000000004,3.0,4,10,69,421,0,0.5743880805071827,0.17112423443602076,success
572,2000,8,4,0.0,3.100000000000001,0.1,0.6000000000000001,3.0,4,3,235,262,0,0.41511740322448476,0.15037481301552297,success
573,2000,8,4,0.0,3.100000000000001,0.1,0.6100000000000001,3.0,4,3,228,269,0,0.4215825665992086,0.14982457527997114,success
561,2000,8,4,0.0,3.000000000000001,0.1,1.0000000000000004,3.0,4,10,66,424,0,0.5770115907802728,0.16740710843127732,success
560,2000,8,4,0.0,3.000000000000001,0.1,0.9900000000000004,3.0,4,10,67,423,0,0.5753052184070878,0.16796988778562946,success
574,2000,8,4,0.0,3.100000000000001,0.1,0.6200000000000001,3.0,4,3,226,271,0,0.42739652261761935,0.14852002748859564,success
575,2000,8,4,0.0,3.100000000000001,0.1,0.6300000000000001,3.0,4,3,218,279,0,0.4297206789031673,0.15034999512367192,success
576,2000,8,4,0.0,3.100000000000001,0.1,0.6400000000000001,3.0,4,3,215,282,0,0.43355934180294364,0.1505508452326289,success
577,2000,8,4,0.0,3.100000000000001,0.1,0.6500000000000001,3.0,4,4,207,289,0,0.437233157552125,0.1513463850496038,success
578,2000,8,4,0.0,3.100000000000001,0.1,0.6600000000000001,3.0,4,4,202,294,0,0.4380167667023664,0.1525502256569741,success
579,2000,8,4,0.0,3.100000000000001,0.1,0.6700000000000002,3.0,4,4,200,296,0,0.44397848571920817,0.15354814380507895,success
580,2000,8,4,0.0,3.100000000000001,0.1,0.6800000000000002,3.0,4,4,195,301,0,0.4501643264255589,0.15602787097154835,success
581,2000,8,4,0.0,3.100000000000001,0.1,0.6900000000000002,3.0,4,5,194,301,0,0.45399563837139645,0.1544451043253322,success
582,2000,8,4,0.0,3.100000000000001,0.1,0.7000000000000002,3.0,4,5,189,306,0,0.456423494733531,0.1562318696256892,success
583,2000,8,4,0.0,3.100000000000001,0.1,0.7100000000000002,3.0,4,4,185,311,0,0.4606962778170737,0.15843422859891243,success
584,2000,8,4,0.0,3.100000000000001,0.1,0.7200000000000002,3.0,4,4,179,317,0,0.4629457011519165,0.15666686881820713,success
585,2000,8,4,0.0,3.100000000000001,0.1,0.7300000000000002,3.0,4,4,176,320,0,0.46794262880013654,0.15528851731174748,success
586,2000,8,4,0.0,3.100000000000001,0.1,0.7400000000000002,3.0,4,4,175,321,0,0.474131151492826,0.15385272313543238,success
587,2000,8,4,0.0,3.100000000000001,0.1,0.7500000000000002,3.0,4,4,171,325,0,0.47858183954475897,0.15333522034484143,success
588,2000,8,4,0.0,3.100000000000001,0.1,0.7600000000000002,3.0,4,4,166,330,0,0.4835223141949585,0.15371649188876144,success
589,2000,8,4,0.0,3.100000000000001,0.1,0.7700000000000002,3.0,4,4,160,336,0,0.4834436254884018,0.15512436506205346,success
590,2000,8,4,0.0,3.100000000000001,0.1,0.7800000000000002,3.0,4,4,159,337,0,0.487230065131935,0.15553447262297376,success
591,2000,8,4,0.0,3.100000000000001,0.1,0.7900000000000003,3.0,4,5,151,344,0,0.4865921530549251,0.1553156495610038,success
592,2000,8,4,0.0,3.100000000000001,0.1,0.8000000000000003,3.0,4,5,148,347,0,0.4905156219244351,0.15651782951338133,success
593,2000,8,4,0.0,3.100000000000001,0.1,0.8100000000000003,3.0,4,5,143,352,0,0.493749292299151,0.15778397080509213,success
594,2000,8,4,0.0,3.100000000000001,0.1,0.8200000000000003,3.0,4,5,138,357,0,0.49957146688447385,0.1564488502369294,success
595,2000,8,4,0.0,3.100000000000001,0.1,0.8300000000000003,3.0,4,5,133,362,0,0.5020305421453316,0.15830380809299469,success
596,2000,8,4,0.0,3.100000000000001,0.1,0.8400000000000003,3.0,4,6,128,366,0,0.5048135791645472,0.15954564325534307,success
597,2000,8,4,0.0,3.100000000000001,0.1,0.8500000000000003,3.0,4,6,124,370,0,0.5105973079111714,0.1606432322910021,success
598,2000,8,4,0.0,3.100000000000001,0.1,0.8600000000000003,3.0,4,6,117,377,0,0.5118580928955372,0.16137919910597787,success
599,2000,8,4,0.0,3.100000000000001,0.1,0.8700000000000003,3.0,4,6,110,384,0,0.5146707726378011,0.1617226709958177,success
601,2000,8,4,0.0,3.100000000000001,0.1,0.8900000000000003,3.0,4,6,103,391,0,0.5209730496666487,0.1608492535888666,success
600,2000,8,4,0.0,3.100000000000001,0.1,0.8800000000000003,3.0,4,6,109,385,0,0.5197800190484233,0.16178370155808214,success
602,2000,8,4,0.0,3.100000000000001,0.1,0.9000000000000004,3.0,4,7,101,392,0,0.5246747872144768,0.1604684796171482,success
603,2000,8,4,0.0,3.100000000000001,0.1,0.9100000000000004,3.0,4,7,98,395,0,0.5282082186579411,0.16110755923294015,success
604,2000,8,4,0.0,3.100000000000001,0.1,0.9200000000000004,3.0,4,8,95,397,0,0.5300592784211726,0.16037874127364005,success
605,2000,8,4,0.0,3.100000000000001,0.1,0.9300000000000004,3.0,4,8,95,397,0,0.5356472272227952,0.16054488861602267,success
606,2000,8,4,0.0,3.100000000000001,0.1,0.9400000000000004,3.0,4,8,91,401,0,0.5380847513091219,0.1618872531642814,success
607,2000,8,4,0.0,3.100000000000001,0.1,0.9500000000000004,3.0,4,9,89,402,0,0.5403937399619205,0.1617121540085397,success
608,2000,8,4,0.0,3.100000000000001,0.1,0.9600000000000004,3.0,4,9,87,404,0,0.5429634826573099,0.1611440192986965,success
609,2000,8,4,0.0,3.100000000000001,0.1,0.9700000000000004,3.0,4,9,84,407,0,0.545316667740057,0.16233630788358494,success
610,2000,8,4,0.0,3.100000000000001,0.1,0.9800000000000004,3.0,4,9,80,411,0,0.5459395079445285,0.16239358880186958,success
611,2000,8,4,0.0,3.100000000000001,0.1,0.9900000000000004,3.0,4,10,77,413,0,0.5481171015030272,0.1600281903930464,success
613,2000,8,4,0.0,3.200000000000001,0.1,0.5,3.0,4,1,299,200,0,0.37589014741782945,0.14960171088378366,success
614,2000,8,4,0.0,3.200000000000001,0.1,0.51,3.0,4,1,292,207,0,0.3793667086994715,0.14947968665413622,success
612,2000,8,4,0.0,3.100000000000001,0.1,1.0000000000000004,3.0,4,9,75,416,0,0.5521603653381646,0.16024317231137547,success
615,2000,8,4,0.0,3.200000000000001,0.1,0.52,3.0,4,1,285,214,0,0.38317239745015996,0.15050467687783936,success
616,2000,8,4,0.0,3.200000000000001,0.1,0.53,3.0,4,1,281,218,0,0.3835605530888606,0.1514939896597602,success
617,2000,8,4,0.0,3.200000000000001,0.1,0.54,3.0,4,1,278,221,0,0.38882412782106757,0.15146074565617318,success
618,2000,8,4,0.0,3.200000000000001,0.1,0.55,3.0,4,1,273,226,0,0.39655335386691914,0.15476654282642655,success
619,2000,8,4,0.0,3.200000000000001,0.1,0.56,3.0,4,2,266,232,0,0.3945737550753772,0.15669342456657578,success
620,2000,8,4,0.0,3.200000000000001,0.1,0.5700000000000001,3.0,4,2,262,236,0,0.3991672958285629,0.15461908264704674,success
621,2000,8,4,0.0,3.200000000000001,0.1,0.5800000000000001,3.0,4,2,258,240,0,0.4017467652732047,0.15699184329307336,success
622,2000,8,4,0.0,3.200000000000001,0.1,0.5900000000000001,3.0,4,1,252,247,0,0.4073266012798688,0.16257765653800568,success
623,2000,8,4,0.0,3.200000000000001,0.1,0.6000000000000001,3.0,4,1,249,250,0,0.407269283712187,0.16014847054741965,success
624,2000,8,4,0.0,3.200000000000001,0.1,0.6100000000000001,3.0,4,2,241,257,0,0.4099218093058864,0.15611475249496246,success
626,2000,8,4,0.0,3.200000000000001,0.1,0.6300000000000001,3.0,4,2,232,266,0,0.4182775000431335,0.15516564267504165,success
625,2000,8,4,0.0,3.200000000000001,0.1,0.6200000000000001,3.0,4,2,240,258,0,0.4157469980458036,0.15456784542863597,success
627,2000,8,4,0.0,3.200000000000001,0.1,0.6400000000000001,3.0,4,2,230,268,0,0.42282127986612983,0.15420952513366867,success
628,2000,8,4,0.0,3.200000000000001,0.1,0.6500000000000001,3.0,4,3,224,273,0,0.42230363201999943,0.15253541490504102,success
629,2000,8,4,0.0,3.200000000000001,0.1,0.6600000000000001,3.0,4,4,220,276,0,0.4236225609417406,0.14873825256774653,success
630,2000,8,4,0.0,3.200000000000001,0.1,0.6700000000000002,3.0,4,4,217,279,0,0.43066888032925765,0.1484390593166837,success
631,2000,8,4,0.0,3.200000000000001,0.1,0.6800000000000002,3.0,4,4,211,285,0,0.4355272462429168,0.15141798149870536,success
632,2000,8,4,0.0,3.200000000000001,0.1,0.6900000000000002,3.0,4,5,210,285,0,0.4412716684798585,0.14979150460531973,success
633,2000,8,4,0.0,3.200000000000001,0.1,0.7000000000000002,3.0,4,5,204,291,0,0.44125977683336454,0.15260183236997346,success
634,2000,8,4,0.0,3.200000000000001,0.1,0.7100000000000002,3.0,4,4,201,295,0,0.4457690016360667,0.15499839524568798,success
635,2000,8,4,0.0,3.200000000000001,0.1,0.7200000000000002,3.0,4,3,196,301,0,0.44972794848650116,0.15545600801991907,success
636,2000,8,4,0.0,3.200000000000001,0.1,0.7300000000000002,3.0,4,3,193,304,0,0.45545889062236133,0.1555025848362802,success
637,2000,8,4,0.0,3.200000000000001,0.1,0.7400000000000002,3.0,4,3,191,306,0,0.45885323650404614,0.15529895729313145,success
638,2000,8,4,0.0,3.200000000000001,0.1,0.7500000000000002,3.0,4,3,187,310,0,0.4616159877545868,0.15468357207182215,success
639,2000,8,4,0.0,3.200000000000001,0.1,0.7600000000000002,3.0,4,3,182,315,0,0.4666043245895179,0.15537872023420565,success
640,2000,8,4,0.0,3.200000000000001,0.1,0.7700000000000002,3.0,4,3,178,319,0,0.4674995697588534,0.15707543982866481,success
641,2000,8,4,0.0,3.200000000000001,0.1,0.7800000000000002,3.0,4,3,176,321,0,0.4700951134539973,0.15742240699384139,success
642,2000,8,4,0.0,3.200000000000001,0.1,0.7900000000000003,3.0,4,4,169,327,0,0.4696160914882702,0.15596251091583951,success
643,2000,8,4,0.0,3.200000000000001,0.1,0.8000000000000003,3.0,4,4,165,331,0,0.4743174309631087,0.15678007217702253,success
644,2000,8,4,0.0,3.200000000000001,0.1,0.8100000000000003,3.0,4,4,161,335,0,0.47725632752262137,0.15847080722188805,success
645,2000,8,4,0.0,3.200000000000001,0.1,0.8200000000000003,3.0,4,4,157,339,0,0.4820761443149018,0.15679390872024757,success
646,2000,8,4,0.0,3.200000000000001,0.1,0.8300000000000003,3.0,4,4,152,344,0,0.4852702079902377,0.15746299903704208,success
647,2000,8,4,0.0,3.200000000000001,0.1,0.8400000000000003,3.0,4,4,149,347,0,0.4893581228062752,0.1579703566592611,success
648,2000,8,4,0.0,3.200000000000001,0.1,0.8500000000000003,3.0,4,4,144,352,0,0.4942836342328073,0.15879419443389667,success
649,2000,8,4,0.0,3.200000000000001,0.1,0.8600000000000003,3.0,4,4,137,359,0,0.49519905870859476,0.15850750835986602,success
650,2000,8,4,0.0,3.200000000000001,0.1,0.8700000000000003,3.0,4,5,132,363,0,0.49828328272272754,0.15847278303716913,success
651,2000,8,4,0.0,3.200000000000001,0.1,0.8800000000000003,3.0,4,5,131,364,0,0.5026893505198248,0.15865771523107464,success
653,2000,8,4,0.0,3.200000000000001,0.1,0.9000000000000004,3.0,4,6,122,372,0,0.5066689813957307,0.15603972733175908,success
652,2000,8,4,0.0,3.200000000000001,0.1,0.8900000000000003,3.0,4,5,125,370,0,0.5033144983746223,0.15855933716315773,success
654,2000,8,4,0.0,3.200000000000001,0.1,0.9100000000000004,3.0,4,7,120,373,0,0.5112534610553666,0.1557326712353125,success
655,2000,8,4,0.0,3.200000000000001,0.1,0.9200000000000004,3.0,4,8,117,375,0,0.5132203835927415,0.154146155039114,success
657,2000,8,4,0.0,3.200000000000001,0.1,0.9400000000000004,3.0,4,8,112,380,0,0.5205038284696136,0.15381112860112856,success
656,2000,8,4,0.0,3.200000000000001,0.1,0.9300000000000004,3.0,4,8,115,377,0,0.5182251254462363,0.1536008214847582,success
658,2000,8,4,0.0,3.200000000000001,0.1,0.9500000000000004,3.0,4,8,110,382,0,0.5240641822110079,0.1536820250811446,success
659,2000,8,4,0.0,3.200000000000001,0.1,0.9600000000000004,3.0,4,8,108,384,0,0.5269329225989957,0.15462787398708724,success
660,2000,8,4,0.0,3.200000000000001,0.1,0.9700000000000004,3.0,4,8,105,387,0,0.529236004933837,0.1561568452864948,success
661,2000,8,4,0.0,3.200000000000001,0.1,0.9800000000000004,3.0,4,8,103,389,0,0.5316967687164407,0.1565949017345857,success
662,2000,8,4,0.0,3.200000000000001,0.1,0.9900000000000004,3.0,4,7,100,393,0,0.5364655692940575,0.15583407049838446,success
663,2000,8,4,0.0,3.200000000000001,0.1,1.0000000000000004,3.0,4,8,97,395,0,0.5379839590642722,0.15564692626586948,success
664,2000,8,4,0.0,3.300000000000001,0.1,0.5,3.0,4,1,317,182,0,0.3701405353708228,0.15084229492654658,success
665,2000,8,4,0.0,3.300000000000001,0.1,0.51,3.0,4,1,310,189,0,0.37206683242952066,0.15195075769044486,success
666,2000,8,4,0.0,3.300000000000001,0.1,0.52,3.0,4,1,303,196,0,0.3754629240230128,0.1526660414187693,success
667,2000,8,4,0.0,3.300000000000001,0.1,0.53,3.0,4,1,298,201,0,0.37586329510448074,0.1536274397163457,success
668,2000,8,4,0.0,3.300000000000001,0.1,0.54,3.0,4,1,295,204,0,0.3813655871296493,0.15306925173381394,success
669,2000,8,4,0.0,3.300000000000001,0.1,0.55,3.0,4,1,291,208,0,0.38885343358813446,0.15795779397192747,success
670,2000,8,4,0.0,3.300000000000001,0.1,0.56,3.0,4,2,285,213,0,0.38675470813730894,0.15899818254067288,success
671,2000,8,4,0.0,3.300000000000001,0.1,0.5700000000000001,3.0,4,2,279,219,0,0.3890352570417296,0.15703695547398622,success
672,2000,8,4,0.0,3.300000000000001,0.1,0.5800000000000001,3.0,4,2,274,224,0,0.39082017470882696,0.1581797298122607,success
673,2000,8,4,0.0,3.300000000000001,0.1,0.5900000000000001,3.0,4,2,269,229,0,0.3912581266479513,0.16039116112547902,success
674,2000,8,4,0.0,3.300000000000001,0.1,0.6000000000000001,3.0,4,2,266,232,0,0.3925740112332225,0.15974127062016763,success
675,2000,8,4,0.0,3.300000000000001,0.1,0.6100000000000001,3.0,4,1,259,240,0,0.3981676714686772,0.15884045679302997,success
676,2000,8,4,0.0,3.300000000000001,0.1,0.6200000000000001,3.0,4,1,256,243,0,0.40211235336129875,0.15815153380017524,success
677,2000,8,4,0.0,3.300000000000001,0.1,0.6300000000000001,3.0,4,1,249,250,0,0.4059975615887295,0.1597121533343113,success
678,2000,8,4,0.0,3.300000000000001,0.1,0.6400000000000001,3.0,4,1,247,252,0,0.4108118536462279,0.1590162222719879,success
679,2000,8,4,0.0,3.300000000000001,0.1,0.6500000000000001,3.0,4,1,241,258,0,0.4124946759617163,0.163082269383779,success
680,2000,8,4,0.0,3.300000000000001,0.1,0.6600000000000001,3.0,4,2,238,260,0,0.41355892410699857,0.15891526133455186,success
681,2000,8,4,0.0,3.300000000000001,0.1,0.6700000000000002,3.0,4,2,235,263,0,0.42067333966443266,0.15917121245833246,success
682,2000,8,4,0.0,3.300000000000001,0.1,0.6800000000000002,3.0,4,2,229,269,0,0.42490458268716935,0.16042458078111713,success
683,2000,8,4,0.0,3.300000000000001,0.1,0.6900000000000002,3.0,4,2,227,271,0,0.4309188587160573,0.1620277218149573,success
684,2000,8,4,0.0,3.300000000000001,0.1,0.7000000000000002,3.0,4,2,221,277,0,0.43047494511278467,0.1636972061985356,success
685,2000,8,4,0.0,3.300000000000001,0.1,0.7100000000000002,3.0,4,2,219,279,0,0.4321777775314253,0.16037732417243675,success
686,2000,8,4,0.0,3.300000000000001,0.1,0.7200000000000002,3.0,4,2,215,283,0,0.43329847071315575,0.1567468261445511,success
687,2000,8,4,0.0,3.300000000000001,0.1,0.7300000000000002,3.0,4,2,213,285,0,0.4388791692331504,0.15590852592982515,success
688,2000,8,4,0.0,3.300000000000001,0.1,0.7400000000000002,3.0,4,2,211,287,0,0.44270100427843934,0.1569170656641612,success
690,2000,8,4,0.0,3.300000000000001,0.1,0.7600000000000002,3.0,4,2,204,294,0,0.45138994615630407,0.1563839889179635,success
689,2000,8,4,0.0,3.300000000000001,0.1,0.7500000000000002,3.0,4,2,209,289,0,0.4468939123135835,0.15563712043395825,success
691,2000,8,4,0.0,3.300000000000001,0.1,0.7700000000000002,3.0,4,2,202,296,0,0.45296281736389976,0.15789132794468932,success
692,2000,8,4,0.0,3.300000000000001,0.1,0.7800000000000002,3.0,4,2,199,299,0,0.4550103952615772,0.15845863052050085,success
693,2000,8,4,0.0,3.300000000000001,0.1,0.7900000000000003,3.0,4,3,195,302,0,0.45638006006771875,0.15597906359286484,success
694,2000,8,4,0.0,3.300000000000001,0.1,0.8000000000000003,3.0,4,3,193,304,0,0.4609841390700643,0.1569423326383942,success
695,2000,8,4,0.0,3.300000000000001,0.1,0.8100000000000003,3.0,4,3,187,310,0,0.463613519927793,0.15841807275612205,success
696,2000,8,4,0.0,3.300000000000001,0.1,0.8200000000000003,3.0,4,4,181,315,0,0.4672984953491559,0.15725120073226592,success
697,2000,8,4,0.0,3.300000000000001,0.1,0.8300000000000003,3.0,4,4,177,319,0,0.46813198972881237,0.15924097165322637,success
698,2000,8,4,0.0,3.300000000000001,0.1,0.8400000000000003,3.0,4,4,173,323,0,0.47037367327055307,0.16061358259284722,success
699,2000,8,4,0.0,3.300000000000001,0.1,0.8500000000000003,3.0,4,4,166,330,0,0.4731619018823956,0.16121982408936467,success
700,2000,8,4,0.0,3.300000000000001,0.1,0.8600000000000003,3.0,4,4,159,337,0,0.4745678571509108,0.16122851633330476,success
701,2000,8,4,0.0,3.300000000000001,0.1,0.8700000000000003,3.0,4,4,154,342,0,0.47888436996756845,0.16046392753173153,success
702,2000,8,4,0.0,3.300000000000001,0.1,0.8800000000000003,3.0,4,4,153,343,0,0.4834046002560307,0.16084434473590092,success
703,2000,8,4,0.0,3.300000000000001,0.1,0.8900000000000003,3.0,4,4,148,348,0,0.48355493436296426,0.16135640702528417,success
704,2000,8,4,0.0,3.300000000000001,0.1,0.9000000000000004,3.0,4,5,145,350,0,0.486792109185088,0.15882364481074646,success
705,2000,8,4,0.0,3.300000000000001,0.1,0.9100000000000004,3.0,4,5,142,353,0,0.49058770735509666,0.16064918180332186,success
706,2000,8,4,0.0,3.300000000000001,0.1,0.9200000000000004,3.0,4,6,138,356,0,0.49052145471011993,0.15731809322931248,success
707,2000,8,4,0.0,3.300000000000001,0.1,0.9300000000000004,3.0,4,6,137,357,0,0.49515602579960427,0.1558259010986666,success
709,2000,8,4,0.0,3.300000000000001,0.1,0.9500000000000004,3.0,4,7,130,363,0,0.499768646985015,0.15615008719813853,success
708,2000,8,4,0.0,3.300000000000001,0.1,0.9400000000000004,3.0,4,7,133,360,0,0.49726584142617986,0.15647631932187384,success
710,2000,8,4,0.0,3.300000000000001,0.1,0.9600000000000004,3.0,4,7,128,365,0,0.5024537357126955,0.1565234184896781,success
711,2000,8,4,0.0,3.300000000000001,0.1,0.9700000000000004,3.0,4,7,125,368,0,0.5049098907987843,0.15634763670478247,success
712,2000,8,4,0.0,3.300000000000001,0.1,0.9800000000000004,3.0,4,7,123,370,0,0.5074536780193942,0.15634214496264118,success
713,2000,8,4,0.0,3.300000000000001,0.1,0.9900000000000004,3.0,4,7,119,374,0,0.5104018229624364,0.1550701909793188,success
714,2000,8,4,0.0,3.300000000000001,0.1,1.0000000000000004,3.0,4,8,116,376,0,0.5137203676068836,0.15390459055036826,success
715,2000,8,4,0.0,3.4000000000000012,0.1,0.5,3.0,4,1,331,168,0,0.3567439808420185,0.14380890763407078,success
716,2000,8,4,0.0,3.4000000000000012,0.1,0.51,3.0,4,1,325,174,0,0.35802982301608804,0.1449649543158823,success
717,2000,8,4,0.0,3.4000000000000012,0.1,0.52,3.0,4,1,318,181,0,0.36204097384475287,0.14555256505315378,success
718,2000,8,4,0.0,3.4000000000000012,0.1,0.53,3.0,4,1,314,185,0,0.36361260274823864,0.1457293761821895,success
719,2000,8,4,0.0,3.4000000000000012,0.1,0.54,3.0,4,0,310,190,0,0.37096111829145295,0.14736118366222448,success
721,2000,8,4,0.0,3.4000000000000012,0.1,0.56,3.0,4,1,302,197,0,0.3739546977767402,0.15439075123349266,success
720,2000,8,4,0.0,3.4000000000000012,0.1,0.55,3.0,4,0,306,194,0,0.376522221909811,0.15329312758040367,success
722,2000,8,4,0.0,3.4000000000000012,0.1,0.5700000000000001,3.0,4,1,297,202,0,0.3753767351371953,0.1534460156530374,success
723,2000,8,4,0.0,3.4000000000000012,0.1,0.5800000000000001,3.0,4,1,293,206,0,0.37688890545423853,0.15282445766794894,success
724,2000,8,4,0.0,3.4000000000000012,0.1,0.5900000000000001,3.0,4,1,286,213,0,0.37487561193640884,0.15374733122178288,success
725,2000,8,4,0.0,3.4000000000000012,0.1,0.6000000000000001,3.0,4,1,283,216,0,0.37666766099605203,0.15341210922118173,success
726,2000,8,4,0.0,3.4000000000000012,0.1,0.6100000000000001,3.0,4,1,278,221,0,0.38088950419297535,0.15344467730783273,success
727,2000,8,4,0.0,3.4000000000000012,0.1,0.6200000000000001,3.0,4,1,277,222,0,0.3844586500344617,0.1532734813615873,success
729,2000,8,4,0.0,3.4000000000000012,0.1,0.6400000000000001,3.0,4,1,271,228,0,0.393562893128622,0.15179142800442294,success
728,2000,8,4,0.0,3.4000000000000012,0.1,0.6300000000000001,3.0,4,1,273,226,0,0.3879096448395698,0.15278880651722102,success
730,2000,8,4,0.0,3.4000000000000012,0.1,0.6500000000000001,3.0,4,1,264,235,0,0.395295834001476,0.15268190900857523,success
731,2000,8,4,0.0,3.4000000000000012,0.1,0.6600000000000001,3.0,4,1,261,238,0,0.3997254878663623,0.15293045495380275,success
732,2000,8,4,0.0,3.4000000000000012,0.1,0.6700000000000002,3.0,4,1,258,241,0,0.405065980283564,0.1551367394987552,success
733,2000,8,4,0.0,3.4000000000000012,0.1,0.6800000000000002,3.0,4,1,254,245,0,0.4102128671773627,0.15702388180951346,success
734,2000,8,4,0.0,3.4000000000000012,0.1,0.6900000000000002,3.0,4,1,250,249,0,0.41405596256579014,0.15845391199554967,success
735,2000,8,4,0.0,3.4000000000000012,0.1,0.7000000000000002,3.0,4,1,244,255,0,0.41481640579709944,0.16139780743987503,success
736,2000,8,4,0.0,3.4000000000000012,0.1,0.7100000000000002,3.0,4,2,242,256,0,0.41497547099156856,0.1586567436506947,success
737,2000,8,4,0.0,3.4000000000000012,0.1,0.7200000000000002,3.0,4,2,238,260,0,0.41616199861261916,0.15875139345033204,success
738,2000,8,4,0.0,3.4000000000000012,0.1,0.7300000000000002,3.0,4,2,235,263,0,0.4215636023159316,0.15739311831013275,success
739,2000,8,4,0.0,3.4000000000000012,0.1,0.7400000000000002,3.0,4,2,234,264,0,0.42562945360154314,0.15854081445426754,success
740,2000,8,4,0.0,3.4000000000000012,0.1,0.7500000000000002,3.0,4,2,231,267,0,0.4287922812910322,0.15893569076423433,success
741,2000,8,4,0.0,3.4000000000000012,0.1,0.7600000000000002,3.0,4,2,226,272,0,0.4342533598108683,0.15922885259130107,success
742,2000,8,4,0.0,3.4000000000000012,0.1,0.7700000000000002,3.0,4,2,224,274,0,0.43576658404656216,0.1605779112352009,success
743,2000,8,4,0.0,3.4000000000000012,0.1,0.7800000000000002,3.0,4,2,220,278,0,0.4367620711854816,0.1609794383263342,success
744,2000,8,4,0.0,3.4000000000000012,0.1,0.7900000000000003,3.0,4,1,216,283,0,0.44331772021856164,0.1641292175431852,success
745,2000,8,4,0.0,3.4000000000000012,0.1,0.8000000000000003,3.0,4,2,214,284,0,0.4446362813293999,0.16316045836281895,success
746,2000,8,4,0.0,3.4000000000000012,0.1,0.8100000000000003,3.0,4,2,208,290,0,0.4459417504820002,0.16330345681112168,success
747,2000,8,4,0.0,3.4000000000000012,0.1,0.8200000000000003,3.0,4,2,203,295,0,0.44907811521711627,0.1629101718121491,success
748,2000,8,4,0.0,3.4000000000000012,0.1,0.8300000000000003,3.0,4,2,197,301,0,0.4495049437809423,0.16463125854987196,success
749,2000,8,4,0.0,3.4000000000000012,0.1,0.8400000000000003,3.0,4,2,193,305,0,0.452066260064246,0.16616958633597903,success
750,2000,8,4,0.0,3.4000000000000012,0.1,0.8500000000000003,3.0,4,2,186,312,0,0.45518709087324594,0.16686694777509037,success
751,2000,8,4,0.0,3.4000000000000012,0.1,0.8600000000000003,3.0,4,3,182,315,0,0.4546877774600476,0.16456625075437234,success
752,2000,8,4,0.0,3.4000000000000012,0.1,0.8700000000000003,3.0,4,3,177,320,0,0.46000846567944365,0.1639458493464156,success
753,2000,8,4,0.0,3.4000000000000012,0.1,0.8800000000000003,3.0,4,3,175,322,0,0.4633472048037256,0.1645329559694436,success
754,2000,8,4,0.0,3.4000000000000012,0.1,0.8900000000000003,3.0,4,3,169,328,0,0.46490732446386207,0.1647603003678491,success
755,2000,8,4,0.0,3.4000000000000012,0.1,0.9000000000000004,3.0,4,4,166,330,0,0.46889151441111254,0.16210931473004747,success
756,2000,8,4,0.0,3.4000000000000012,0.1,0.9100000000000004,3.0,4,5,163,332,0,0.47151499394950414,0.16095414204217598,success
757,2000,8,4,0.0,3.4000000000000012,0.1,0.9200000000000004,3.0,4,5,160,335,0,0.47277606446891984,0.1590907850582964,success
758,2000,8,4,0.0,3.4000000000000012,0.1,0.9300000000000004,3.0,4,5,157,338,0,0.4769223142918329,0.15824911686217988,success
759,2000,8,4,0.0,3.4000000000000012,0.1,0.9400000000000004,3.0,4,6,154,340,0,0.4798455103323092,0.15828643192003317,success
760,2000,8,4,0.0,3.4000000000000012,0.1,0.9500000000000004,3.0,4,6,151,343,0,0.4835991070692227,0.15844416863105512,success
761,2000,8,4,0.0,3.4000000000000012,0.1,0.9600000000000004,3.0,4,6,150,344,0,0.48585286474631234,0.1582672411057241,success
762,2000,8,4,0.0,3.4000000000000012,0.1,0.9700000000000004,3.0,4,6,148,346,0,0.4892049475882981,0.1577238651242465,success
763,2000,8,4,0.0,3.4000000000000012,0.1,0.9800000000000004,3.0,4,6,147,347,0,0.49229713515961077,0.15613199019645746,success
764,2000,8,4,0.0,3.4000000000000012,0.1,0.9900000000000004,3.0,4,6,142,352,0,0.49505209457753785,0.15666120490953095,success
765,2000,8,4,0.0,3.4000000000000012,0.1,1.0000000000000004,3.0,4,6,137,357,0,0.4981644922987613,0.15550296611675818,success
766,2000,8,4,0.0,3.5000000000000013,0.1,0.5,3.0,4,1,358,141,0,0.34381652322053785,0.1408280356256712,success
767,2000,8,4,0.0,3.5000000000000013,0.1,0.51,3.0,4,1,351,148,0,0.34309261163189786,0.14200850444516752,success
768,2000,8,4,0.0,3.5000000000000013,0.1,0.52,3.0,4,1,343,156,0,0.3474733853542287,0.14233623118419497,success
769,2000,8,4,0.0,3.5000000000000013,0.1,0.53,3.0,4,1,340,159,0,0.34758690769484196,0.1439789073935851,success
770,2000,8,4,0.0,3.5000000000000013,0.1,0.54,3.0,4,0,336,164,0,0.35450832015433315,0.14598155811651498,success
771,2000,8,4,0.0,3.5000000000000013,0.1,0.55,3.0,4,0,332,168,0,0.36091975393101106,0.15292416937764475,success
772,2000,8,4,0.0,3.5000000000000013,0.1,0.56,3.0,4,1,329,170,0,0.3579247144125544,0.15408379852776719,success
773,2000,8,4,0.0,3.5000000000000013,0.1,0.5700000000000001,3.0,4,1,323,176,0,0.35812048655460826,0.1525451657661296,success
774,2000,8,4,0.0,3.5000000000000013,0.1,0.5800000000000001,3.0,4,1,318,181,0,0.36179652296515624,0.15123103608260685,success
775,2000,8,4,0.0,3.5000000000000013,0.1,0.5900000000000001,3.0,4,1,310,189,0,0.35902003463528315,0.150974467690953,success
776,2000,8,4,0.0,3.5000000000000013,0.1,0.6000000000000001,3.0,4,1,309,190,0,0.3625724417290499,0.15020168953221794,success
777,2000,8,4,0.0,3.5000000000000013,0.1,0.6100000000000001,3.0,4,0,303,197,0,0.37036399996328545,0.15665610525610946,success
778,2000,8,4,0.0,3.5000000000000013,0.1,0.6200000000000001,3.0,4,0,302,198,0,0.3737298267023877,0.15653655380376696,success
779,2000,8,4,0.0,3.5000000000000013,0.1,0.6300000000000001,3.0,4,0,299,201,0,0.3767898997326967,0.1570600867519398,success
780,2000,8,4,0.0,3.5000000000000013,0.1,0.6400000000000001,3.0,4,0,295,205,0,0.3806827755678982,0.15724933371392721,success
781,2000,8,4,0.0,3.5000000000000013,0.1,0.6500000000000001,3.0,4,0,290,210,0,0.38185992653205275,0.15825467185227454,success
782,2000,8,4,0.0,3.5000000000000013,0.1,0.6600000000000001,3.0,4,0,287,213,0,0.38573718429830944,0.15763528487567766,success
783,2000,8,4,0.0,3.5000000000000013,0.1,0.6700000000000002,3.0,4,0,283,217,0,0.38887364888512144,0.15759635673786196,success
785,2000,8,4,0.0,3.5000000000000013,0.1,0.6900000000000002,3.0,4,0,276,224,0,0.3979404662641061,0.16227521547000287,success
784,2000,8,4,0.0,3.5000000000000013,0.1,0.6800000000000002,3.0,4,0,279,221,0,0.39421094807400325,0.1600369793032172,success
786,2000,8,4,0.0,3.5000000000000013,0.1,0.7000000000000002,3.0,4,0,271,229,0,0.40175578875181,0.1647771906074697,success
787,2000,8,4,0.0,3.5000000000000013,0.1,0.7100000000000002,3.0,4,1,268,231,0,0.40093094533559215,0.1618789644999877,success
788,2000,8,4,0.0,3.5000000000000013,0.1,0.7200000000000002,3.0,4,1,264,235,0,0.4022008799489771,0.16003331280730845,success
789,2000,8,4,0.0,3.5000000000000013,0.1,0.7300000000000002,3.0,4,1,260,239,0,0.4074162684553454,0.15849254020762524,success
790,2000,8,4,0.0,3.5000000000000013,0.1,0.7400000000000002,3.0,4,1,259,240,0,0.41215335108573187,0.16053927680905983,success
791,2000,8,4,0.0,3.5000000000000013,0.1,0.7500000000000002,3.0,4,1,255,244,0,0.41361873247575504,0.15985875798415464,success
794,2000,8,4,0.0,3.5000000000000013,0.1,0.7800000000000002,3.0,4,1,246,253,0,0.4234231636231767,0.16057042716145617,success
792,2000,8,4,0.0,3.5000000000000013,0.1,0.7600000000000002,3.0,4,1,251,248,0,0.41958624276781714,0.1592039224385374,success
793,2000,8,4,0.0,3.5000000000000013,0.1,0.7700000000000002,3.0,4,1,249,250,0,0.42161644944539167,0.16097596515324616,success
795,2000,8,4,0.0,3.5000000000000013,0.1,0.7900000000000003,3.0,4,0,242,258,0,0.4279390562705745,0.16499463687992816,success
796,2000,8,4,0.0,3.5000000000000013,0.1,0.8000000000000003,3.0,4,1,240,259,0,0.4296462420465331,0.16346207835552526,success
797,2000,8,4,0.0,3.5000000000000013,0.1,0.8100000000000003,3.0,4,1,234,265,0,0.4326432132432451,0.16508657133544521,success
798,2000,8,4,0.0,3.5000000000000013,0.1,0.8200000000000003,3.0,4,2,229,269,0,0.4345468715891492,0.16091775875682257,success
799,2000,8,4,0.0,3.5000000000000013,0.1,0.8300000000000003,3.0,4,2,224,274,0,0.43502917696672655,0.16141662293177092,success
800,2000,8,4,0.0,3.5000000000000013,0.1,0.8400000000000003,3.0,4,2,223,275,0,0.4405506929938502,0.1628767693050664,success
801,2000,8,4,0.0,3.5000000000000013,0.1,0.8500000000000003,3.0,4,2,218,280,0,0.44340591471442614,0.16385716300621983,success
802,2000,8,4,0.0,3.5000000000000013,0.1,0.8600000000000003,3.0,4,3,215,282,0,0.4431430868428096,0.16169007293062768,success
803,2000,8,4,0.0,3.5000000000000013,0.1,0.8700000000000003,3.0,4,3,210,287,0,0.44803947932903887,0.1611999120256602,success
804,2000,8,4,0.0,3.5000000000000013,0.1,0.8800000000000003,3.0,4,3,205,292,0,0.4492268393653597,0.16156989572496822,success
805,2000,8,4,0.0,3.5000000000000013,0.1,0.8900000000000003,3.0,4,3,198,299,0,0.44909403113175006,0.1615054519276253,success
806,2000,8,4,0.0,3.5000000000000013,0.1,0.9000000000000004,3.0,4,3,194,303,0,0.4544569427679721,0.15946113646606397,success
807,2000,8,4,0.0,3.5000000000000013,0.1,0.9100000000000004,3.0,4,4,190,306,0,0.45647056306237593,0.15949077300486703,success
808,2000,8,4,0.0,3.5000000000000013,0.1,0.9200000000000004,3.0,4,4,188,308,0,0.45802269850689736,0.15929358314920128,success
809,2000,8,4,0.0,3.5000000000000013,0.1,0.9300000000000004,3.0,4,4,184,312,0,0.46089537609084363,0.15814653680799337,success
810,2000,8,4,0.0,3.5000000000000013,0.1,0.9400000000000004,3.0,4,5,184,311,0,0.4633632948332419,0.15828152587212818,success
811,2000,8,4,0.0,3.5000000000000013,0.1,0.9500000000000004,3.0,4,5,182,313,0,0.46782780017978803,0.15833736271227955,success
812,2000,8,4,0.0,3.5000000000000013,0.1,0.9600000000000004,3.0,4,5,182,313,0,0.4712258951662115,0.15785621212314732,success
813,2000,8,4,0.0,3.5000000000000013,0.1,0.9700000000000004,3.0,4,5,179,316,0,0.4736947655901402,0.1590118666521446,success
814,2000,8,4,0.0,3.5000000000000013,0.1,0.9800000000000004,3.0,4,5,177,318,0,0.47559694734162344,0.15815438778307425,success
816,2000,8,4,0.0,3.5000000000000013,0.1,1.0000000000000004,3.0,4,5,167,328,0,0.48030860383318297,0.15984763475964603,success
815,2000,8,4,0.0,3.5000000000000013,0.1,0.9900000000000004,3.0,4,5,173,322,0,0.47798459724426007,0.1608777217564594,success
817,2000,8,4,0.0,3.6000000000000014,0.1,0.5,3.0,4,0,377,123,0,0.34332620873139824,0.14527237190686554,success
818,2000,8,4,0.0,3.6000000000000014,0.1,0.51,3.0,4,0,370,130,0,0.34278120169882065,0.14428256294009864,success
819,2000,8,4,0.0,3.6000000000000014,0.1,0.52,3.0,4,0,362,138,0,0.34681917582235205,0.14404300666231942,success
820,2000,8,4,0.0,3.6000000000000014,0.1,0.53,3.0,4,0,359,141,0,0.34547557806285095,0.14557860366796005,success
821,2000,8,4,0.0,3.6000000000000014,0.1,0.54,3.0,4,0,355,145,0,0.34684128973053296,0.14645602907827587,success
822,2000,8,4,0.0,3.6000000000000014,0.1,0.55,3.0,4,0,351,149,0,0.3537830324112892,0.1545238811804714,success
824,2000,8,4,0.0,3.6000000000000014,0.1,0.5700000000000001,3.0,4,1,344,155,0,0.3538769875519314,0.15211388879793755,success
823,2000,8,4,0.0,3.6000000000000014,0.1,0.56,3.0,4,1,349,150,0,0.35218803366710877,0.1547131480963895,success
825,2000,8,4,0.0,3.6000000000000014,0.1,0.5800000000000001,3.0,4,1,339,160,0,0.3549789693074946,0.15300333757556128,success
826,2000,8,4,0.0,3.6000000000000014,0.1,0.5900000000000001,3.0,4,1,331,168,0,0.3532979937941998,0.15192367931476375,success
827,2000,8,4,0.0,3.6000000000000014,0.1,0.6000000000000001,3.0,4,1,331,168,0,0.35644814366203253,0.15218688674223702,success
828,2000,8,4,0.0,3.6000000000000014,0.1,0.6100000000000001,3.0,4,0,327,173,0,0.3644498874604149,0.15983229278152142,success
829,2000,8,4,0.0,3.6000000000000014,0.1,0.6200000000000001,3.0,4,0,326,174,0,0.36862392763390445,0.15880926387896885,success
830,2000,8,4,0.0,3.6000000000000014,0.1,0.6300000000000001,3.0,4,0,323,177,0,0.37155714323780625,0.15918420343594675,success
831,2000,8,4,0.0,3.6000000000000014,0.1,0.6400000000000001,3.0,4,0,319,181,0,0.3744278918761214,0.15767613422458532,success
832,2000,8,4,0.0,3.6000000000000014,0.1,0.6500000000000001,3.0,4,0,315,185,0,0.3750854308835899,0.1587963727260199,success
833,2000,8,4,0.0,3.6000000000000014,0.1,0.6600000000000001,3.0,4,0,312,188,0,0.37732775795930557,0.15867893637336458,success
834,2000,8,4,0.0,3.6000000000000014,0.1,0.6700000000000002,3.0,4,0,309,191,0,0.38069154552659323,0.1587796198807108,success
835,2000,8,4,0.0,3.6000000000000014,0.1,0.6800000000000002,3.0,4,0,304,196,0,0.386070601741337,0.16134981237918825,success
836,2000,8,4,0.0,3.6000000000000014,0.1,0.6900000000000002,3.0,4,0,300,200,0,0.38685945625949925,0.16076602533559986,success
837,2000,8,4,0.0,3.6000000000000014,0.1,0.7000000000000002,3.0,4,0,297,203,0,0.3903007674778644,0.16157443333516602,success
838,2000,8,4,0.0,3.6000000000000014,0.1,0.7100000000000002,3.0,4,0,293,207,0,0.39058306745601334,0.1607571381987417,success
839,2000,8,4,0.0,3.6000000000000014,0.1,0.7200000000000002,3.0,4,0,290,210,0,0.3925680720308741,0.15860205190545623,success
840,2000,8,4,0.0,3.6000000000000014,0.1,0.7300000000000002,3.0,4,0,283,217,0,0.39500881108684144,0.15872306140390827,success
841,2000,8,4,0.0,3.6000000000000014,0.1,0.7400000000000002,3.0,4,0,282,218,0,0.3993068919296555,0.16024557828169428,success
842,2000,8,4,0.0,3.6000000000000014,0.1,0.7500000000000002,3.0,4,0,278,222,0,0.4006622958846006,0.15979456898926195,success
843,2000,8,4,0.0,3.6000000000000014,0.1,0.7600000000000002,3.0,4,0,274,226,0,0.4050977602873036,0.15892598749601777,success
844,2000,8,4,0.0,3.6000000000000014,0.1,0.7700000000000002,3.0,4,0,272,228,0,0.408996325518621,0.160362221852319,success
845,2000,8,4,0.0,3.6000000000000014,0.1,0.7800000000000002,3.0,4,0,269,231,0,0.41121351373125953,0.15993750683573246,success
847,2000,8,4,0.0,3.6000000000000014,0.1,0.8000000000000003,3.0,4,0,263,237,0,0.4161644611041283,0.1594924423474817,success
846,2000,8,4,0.0,3.6000000000000014,0.1,0.7900000000000003,3.0,4,0,265,235,0,0.412724332774653,0.1586845775355831,success
848,2000,8,4,0.0,3.6000000000000014,0.1,0.8100000000000003,3.0,4,0,258,242,0,0.41882707413414044,0.16039416353370436,success
849,2000,8,4,0.0,3.6000000000000014,0.1,0.8200000000000003,3.0,4,2,253,245,0,0.418411955352109,0.15287091015567286,success
850,2000,8,4,0.0,3.6000000000000014,0.1,0.8300000000000003,3.0,4,2,251,247,0,0.42006716736917915,0.15246266108438208,success
851,2000,8,4,0.0,3.6000000000000014,0.1,0.8400000000000003,3.0,4,2,248,250,0,0.4255751427415833,0.15429382983885698,success
852,2000,8,4,0.0,3.6000000000000014,0.1,0.8500000000000003,3.0,4,2,246,252,0,0.4287799236250103,0.15713929018248185,success
853,2000,8,4,0.0,3.6000000000000014,0.1,0.8600000000000003,3.0,4,3,243,254,0,0.42842445147685376,0.15619033719392555,success
854,2000,8,4,0.0,3.6000000000000014,0.1,0.8700000000000003,3.0,4,3,238,259,0,0.4324431695171395,0.15671172805225092,success
855,2000,8,4,0.0,3.6000000000000014,0.1,0.8800000000000003,3.0,4,3,234,263,0,0.43439733445502066,0.15742176344636094,success
857,2000,8,4,0.0,3.6000000000000014,0.1,0.9000000000000004,3.0,4,3,223,274,0,0.43878929294318897,0.15596734561698072,success
856,2000,8,4,0.0,3.6000000000000014,0.1,0.8900000000000003,3.0,4,3,227,270,0,0.43374427617395217,0.15695474715824825,success
858,2000,8,4,0.0,3.6000000000000014,0.1,0.9100000000000004,3.0,4,4,220,276,0,0.4412624052925693,0.15358791144840145,success
859,2000,8,4,0.0,3.6000000000000014,0.1,0.9200000000000004,3.0,4,4,218,278,0,0.4422095461758432,0.1557057529124612,success
860,2000,8,4,0.0,3.6000000000000014,0.1,0.9300000000000004,3.0,4,4,214,282,0,0.445385661405633,0.1545585370398881,success
861,2000,8,4,0.0,3.6000000000000014,0.1,0.9400000000000004,3.0,4,4,212,284,0,0.44835021775350314,0.1576374470229756,success
862,2000,8,4,0.0,3.6000000000000014,0.1,0.9500000000000004,3.0,4,4,211,285,0,0.45182100030610245,0.15709556337023414,success
863,2000,8,4,0.0,3.6000000000000014,0.1,0.9600000000000004,3.0,4,4,210,286,0,0.4543092905605918,0.15636169268477657,success
865,2000,8,4,0.0,3.6000000000000014,0.1,0.9800000000000004,3.0,4,4,204,292,0,0.45684094143539133,0.15965307681089386,success
864,2000,8,4,0.0,3.6000000000000014,0.1,0.9700000000000004,3.0,4,4,207,289,0,0.4559297472130321,0.15864114984018618,success
866,2000,8,4,0.0,3.6000000000000014,0.1,0.9900000000000004,3.0,4,5,199,296,0,0.4564014104452811,0.16137688725188537,success
867,2000,8,4,0.0,3.6000000000000014,0.1,1.0000000000000004,3.0,4,5,193,302,0,0.4574671745688271,0.16167454422668207,success
868,2000,8,4,0.0,3.7000000000000015,0.1,0.5,3.0,4,0,390,110,0,0.3322264726110633,0.1470093187584933,success
869,2000,8,4,0.0,3.7000000000000015,0.1,0.51,3.0,4,0,384,116,0,0.3306207376606606,0.146457677913404,success
870,2000,8,4,0.0,3.7000000000000015,0.1,0.52,3.0,4,0,377,123,0,0.33213630783312237,0.14485189983310118,success
871,2000,8,4,0.0,3.7000000000000015,0.1,0.53,3.0,4,0,374,126,0,0.3314892508527873,0.14706418213689254,success
872,2000,8,4,0.0,3.7000000000000015,0.1,0.54,3.0,4,0,370,130,0,0.3328114631522429,0.1478615732698696,success
873,2000,8,4,0.0,3.7000000000000015,0.1,0.55,3.0,4,0,367,133,0,0.3349369404817519,0.1464198756034396,success
874,2000,8,4,0.0,3.7000000000000015,0.1,0.56,3.0,4,0,366,134,0,0.33524076640099426,0.14732544191347438,success
875,2000,8,4,0.0,3.7000000000000015,0.1,0.5700000000000001,3.0,4,0,364,136,0,0.3405165051318248,0.1448807306554747,success
876,2000,8,4,0.0,3.7000000000000015,0.1,0.5800000000000001,3.0,4,0,361,139,0,0.3441133882373102,0.1454139215235712,success
877,2000,8,4,0.0,3.7000000000000015,0.1,0.5900000000000001,3.0,4,0,356,144,0,0.3416451465963416,0.14550404113130436,success
878,2000,8,4,0.0,3.7000000000000015,0.1,0.6000000000000001,3.0,4,0,356,144,0,0.3450967786606046,0.14592916373340628,success
879,2000,8,4,0.0,3.7000000000000015,0.1,0.6100000000000001,3.0,4,0,353,147,0,0.350870818432413,0.14695592886441047,success
881,2000,8,4,0.0,3.7000000000000015,0.1,0.6300000000000001,3.0,4,0,349,151,0,0.35452449282624837,0.1473328779013609,success
880,2000,8,4,0.0,3.7000000000000015,0.1,0.6200000000000001,3.0,4,0,351,149,0,0.35308654473337997,0.14671182802799793,success
882,2000,8,4,0.0,3.7000000000000015,0.1,0.6400000000000001,3.0,4,0,344,156,0,0.3577084953068964,0.14535994224833007,success
883,2000,8,4,0.0,3.7000000000000015,0.1,0.6500000000000001,3.0,4,0,342,158,0,0.35957793674617256,0.14661117343072388,success
884,2000,8,4,0.0,3.7000000000000015,0.1,0.6600000000000001,3.0,4,0,339,161,0,0.36160336129624393,0.14669385882741667,success
885,2000,8,4,0.0,3.7000000000000015,0.1,0.6700000000000002,3.0,4,0,337,163,0,0.36454811488066574,0.14719036667577273,success
886,2000,8,4,0.0,3.7000000000000015,0.1,0.6800000000000002,3.0,4,0,334,166,0,0.3691248394735005,0.14927594863946536,success
887,2000,8,4,0.0,3.7000000000000015,0.1,0.6900000000000002,3.0,4,0,330,170,0,0.3704966120067859,0.14891317504261584,success
888,2000,8,4,0.0,3.7000000000000015,0.1,0.7000000000000002,3.0,4,0,327,173,0,0.37048530285515174,0.14938663512729217,success
891,2000,8,4,0.0,3.7000000000000015,0.1,0.7300000000000002,3.0,4,0,313,187,0,0.377803001275536,0.14951281312041204,success
889,2000,8,4,0.0,3.7000000000000015,0.1,0.7100000000000002,3.0,4,0,323,177,0,0.37075780236815464,0.14992043875825212,success
890,2000,8,4,0.0,3.7000000000000015,0.1,0.7200000000000002,3.0,4,0,319,181,0,0.3751596723148701,0.14954474955034838,success
892,2000,8,4,0.0,3.7000000000000015,0.1,0.7400000000000002,3.0,4,0,313,187,0,0.3828519893917436,0.1517366668640586,success
893,2000,8,4,0.0,3.7000000000000015,0.1,0.7500000000000002,3.0,4,0,311,189,0,0.38544313887286036,0.15199192442960152,success
894,2000,8,4,0.0,3.7000000000000015,0.1,0.7600000000000002,3.0,4,0,307,193,0,0.3905554065787174,0.1507887246747308,success
895,2000,8,4,0.0,3.7000000000000015,0.1,0.7700000000000002,3.0,4,1,304,195,0,0.39424265530423436,0.15071519516500967,success
896,2000,8,4,0.0,3.7000000000000015,0.1,0.7800000000000002,3.0,4,1,300,199,0,0.3949630032495584,0.1509836026216867,success
897,2000,8,4,0.0,3.7000000000000015,0.1,0.7900000000000003,3.0,4,1,296,203,0,0.395037118927528,0.15079501020475658,success
899,2000,8,4,0.0,3.7000000000000015,0.1,0.8100000000000003,3.0,4,1,289,210,0,0.4032333293510435,0.15175617523745244,success
898,2000,8,4,0.0,3.7000000000000015,0.1,0.8000000000000003,3.0,4,1,294,205,0,0.39916338200619766,0.15216312604747376,success
900,2000,8,4,0.0,3.7000000000000015,0.1,0.8200000000000003,3.0,4,2,283,215,0,0.40187426624293227,0.14759709989688177,success
901,2000,8,4,0.0,3.7000000000000015,0.1,0.8300000000000003,3.0,4,2,281,217,0,0.40313746397289274,0.1468869698341858,success
902,2000,8,4,0.0,3.7000000000000015,0.1,0.8400000000000003,3.0,4,2,277,221,0,0.40882868150008567,0.14834951553939135,success
903,2000,8,4,0.0,3.7000000000000015,0.1,0.8500000000000003,3.0,4,2,274,224,0,0.41196235272634535,0.15091792141782032,success
904,2000,8,4,0.0,3.7000000000000015,0.1,0.8600000000000003,3.0,4,3,270,227,0,0.4104990602062992,0.1487928110270594,success
905,2000,8,4,0.0,3.7000000000000015,0.1,0.8700000000000003,3.0,4,3,264,233,0,0.4125700755613993,0.15047538656163026,success
906,2000,8,4,0.0,3.7000000000000015,0.1,0.8800000000000003,3.0,4,3,259,238,0,0.41523918422419903,0.14982436675914906,success
907,2000,8,4,0.0,3.7000000000000015,0.1,0.8900000000000003,3.0,4,3,252,245,0,0.4146179435406031,0.14928332426365146,success
908,2000,8,4,0.0,3.7000000000000015,0.1,0.9000000000000004,3.0,4,3,247,250,0,0.41813027001187253,0.14918792482758347,success
909,2000,8,4,0.0,3.7000000000000015,0.1,0.9100000000000004,3.0,4,4,243,253,0,0.42022859315374406,0.1482883247791856,success
910,2000,8,4,0.0,3.7000000000000015,0.1,0.9200000000000004,3.0,4,4,240,256,0,0.42088128089676324,0.14988510761305146,success
911,2000,8,4,0.0,3.7000000000000015,0.1,0.9300000000000004,3.0,4,4,238,258,0,0.4244783193252484,0.14882053045736018,success
912,2000,8,4,0.0,3.7000000000000015,0.1,0.9400000000000004,3.0,4,4,237,259,0,0.4251041608339622,0.1486713693600639,success
913,2000,8,4,0.0,3.7000000000000015,0.1,0.9500000000000004,3.0,4,4,237,259,0,0.42853577645349933,0.1491317699639644,success
914,2000,8,4,0.0,3.7000000000000015,0.1,0.9600000000000004,3.0,4,4,235,261,0,0.4326533280936326,0.14908921753451554,success
915,2000,8,4,0.0,3.7000000000000015,0.1,0.9700000000000004,3.0,4,4,234,262,0,0.4360531705265987,0.1502132359706312,success
916,2000,8,4,0.0,3.7000000000000015,0.1,0.9800000000000004,3.0,4,4,230,266,0,0.4355807929529399,0.15328334651655887,success
917,2000,8,4,0.0,3.7000000000000015,0.1,0.9900000000000004,3.0,4,3,224,273,0,0.4364726643950086,0.15878774511193597,success
918,2000,8,4,0.0,3.7000000000000015,0.1,1.0000000000000004,3.0,4,4,221,275,0,0.4364536090580043,0.15697895051173177,success
919,2000,8,4,0.0,3.8000000000000016,0.1,0.5,3.0,4,0,403,97,0,0.3205176378258947,0.14407562293135262,success
921,2000,8,4,0.0,3.8000000000000016,0.1,0.52,3.0,4,0,392,108,0,0.31682741836001815,0.14275491783455743,success
920,2000,8,4,0.0,3.8000000000000016,0.1,0.51,3.0,4,0,398,102,0,0.31889783844353375,0.14428921538373235,success
923,2000,8,4,0.0,3.8000000000000016,0.1,0.54,3.0,4,0,385,115,0,0.31868939918208405,0.14348923922274404,success
922,2000,8,4,0.0,3.8000000000000016,0.1,0.53,3.0,4,0,388,112,0,0.31617413019014196,0.14318374479031354,success
924,2000,8,4,0.0,3.8000000000000016,0.1,0.55,3.0,4,0,382,118,0,0.32181780475377236,0.14255921489233306,success
925,2000,8,4,0.0,3.8000000000000016,0.1,0.56,3.0,4,0,381,119,0,0.321160527983977,0.14359770603622193,success
926,2000,8,4,0.0,3.8000000000000016,0.1,0.5700000000000001,3.0,4,0,379,121,0,0.326922340058314,0.14148607820053866,success
927,2000,8,4,0.0,3.8000000000000016,0.1,0.5800000000000001,3.0,4,0,377,123,0,0.33166304107114436,0.1423309055866408,success
928,2000,8,4,0.0,3.8000000000000016,0.1,0.5900000000000001,3.0,4,0,373,127,0,0.32975682206594364,0.14281157504010497,success
929,2000,8,4,0.0,3.8000000000000016,0.1,0.6000000000000001,3.0,4,0,373,127,0,0.3333913629456201,0.14349850162554537,success
930,2000,8,4,0.0,3.8000000000000016,0.1,0.6100000000000001,3.0,4,0,371,129,0,0.34030240596545885,0.14344624850560458,success
931,2000,8,4,0.0,3.8000000000000016,0.1,0.6200000000000001,3.0,4,0,369,131,0,0.34141834962471396,0.14342148426986176,success
932,2000,8,4,0.0,3.8000000000000016,0.1,0.6300000000000001,3.0,4,0,368,132,0,0.34357739899359807,0.1429283681019805,success
933,2000,8,4,0.0,3.8000000000000016,0.1,0.6400000000000001,3.0,4,0,360,140,0,0.34288740972302173,0.13980594799290505,success
934,2000,8,4,0.0,3.8000000000000016,0.1,0.6500000000000001,3.0,4,0,358,142,0,0.3446590708142537,0.14035087206808555,success
935,2000,8,4,0.0,3.8000000000000016,0.1,0.6600000000000001,3.0,4,0,356,144,0,0.3471508182658012,0.1402630658048856,success
936,2000,8,4,0.0,3.8000000000000016,0.1,0.6700000000000002,3.0,4,0,355,145,0,0.3478427207121798,0.14014466418488464,success
937,2000,8,4,0.0,3.8000000000000016,0.1,0.6800000000000002,3.0,4,0,353,147,0,0.3526538259723613,0.14178662097842068,success
938,2000,8,4,0.0,3.8000000000000016,0.1,0.6900000000000002,3.0,4,0,349,151,0,0.3565695739902626,0.14098851843759394,success
939,2000,8,4,0.0,3.8000000000000016,0.1,0.7000000000000002,3.0,4,0,346,154,0,0.35596943235269296,0.14129081676692556,success
940,2000,8,4,0.0,3.8000000000000016,0.1,0.7100000000000002,3.0,4,0,343,157,0,0.3571300796369351,0.1408160399553223,success
941,2000,8,4,0.0,3.8000000000000016,0.1,0.7200000000000002,3.0,4,0,340,160,0,0.3605301841089431,0.14029655233461413,success
942,2000,8,4,0.0,3.8000000000000016,0.1,0.7300000000000002,3.0,4,0,336,164,0,0.3621027003299155,0.14108767366747635,success
944,2000,8,4,0.0,3.8000000000000016,0.1,0.7500000000000002,3.0,4,0,332,168,0,0.36642064006829483,0.14215273039830303,success
943,2000,8,4,0.0,3.8000000000000016,0.1,0.7400000000000002,3.0,4,0,334,166,0,0.3652665702100776,0.1429026851772641,success
945,2000,8,4,0.0,3.8000000000000016,0.1,0.7600000000000002,3.0,4,0,328,172,0,0.3678369461302367,0.14282788277053907,success
946,2000,8,4,0.0,3.8000000000000016,0.1,0.7700000000000002,3.0,4,0,325,175,0,0.3741350721274774,0.1438486425863085,success
947,2000,8,4,0.0,3.8000000000000016,0.1,0.7800000000000002,3.0,4,0,321,179,0,0.3752446951404696,0.1444309838347221,success
948,2000,8,4,0.0,3.8000000000000016,0.1,0.7900000000000003,3.0,4,0,317,183,0,0.3732454481161804,0.1417820802929224,success
950,2000,8,4,0.0,3.8000000000000016,0.1,0.8100000000000003,3.0,4,0,308,192,0,0.3816551128522432,0.14256935264028178,success
949,2000,8,4,0.0,3.8000000000000016,0.1,0.8000000000000003,3.0,4,0,312,188,0,0.37703985259369444,0.14208223541953613,success
951,2000,8,4,0.0,3.8000000000000016,0.1,0.8200000000000003,3.0,4,0,307,193,0,0.38647867440848926,0.1447525893859652,success
952,2000,8,4,0.0,3.8000000000000016,0.1,0.8300000000000003,3.0,4,0,306,194,0,0.3881775698829208,0.14402557470253938,success
953,2000,8,4,0.0,3.8000000000000016,0.1,0.8400000000000003,3.0,4,0,302,198,0,0.3923428416975887,0.1473218167590523,success
954,2000,8,4,0.0,3.8000000000000016,0.1,0.8500000000000003,3.0,4,0,298,202,0,0.3935488812398046,0.14647894528566793,success
955,2000,8,4,0.0,3.8000000000000016,0.1,0.8600000000000003,3.0,4,0,296,204,0,0.39590893994527065,0.14940703023690763,success
956,2000,8,4,0.0,3.8000000000000016,0.1,0.8700000000000003,3.0,4,0,291,209,0,0.39754860877585446,0.15101301070481743,success
957,2000,8,4,0.0,3.8000000000000016,0.1,0.8800000000000003,3.0,4,0,286,214,0,0.4002210096498606,0.1505802716695021,success
958,2000,8,4,0.0,3.8000000000000016,0.1,0.8900000000000003,3.0,4,0,280,220,0,0.39658495222506385,0.1511629045068844,success
959,2000,8,4,0.0,3.8000000000000016,0.1,0.9000000000000004,3.0,4,0,274,226,0,0.3987173246052691,0.15377689611782108,success
960,2000,8,4,0.0,3.8000000000000016,0.1,0.9100000000000004,3.0,4,1,273,226,0,0.4026729426182576,0.15030494845620188,success
961,2000,8,4,0.0,3.8000000000000016,0.1,0.9200000000000004,3.0,4,1,271,228,0,0.4043831834757517,0.15070798023106596,success
962,2000,8,4,0.0,3.8000000000000016,0.1,0.9300000000000004,3.0,4,1,269,230,0,0.40737597000530124,0.14983194141261008,success
963,2000,8,4,0.0,3.8000000000000016,0.1,0.9400000000000004,3.0,4,1,268,231,0,0.40760835446497273,0.14954012472461367,success
964,2000,8,4,0.0,3.8000000000000016,0.1,0.9500000000000004,3.0,4,1,267,232,0,0.4108700425215136,0.15057445233095143,success
965,2000,8,4,0.0,3.8000000000000016,0.1,0.9600000000000004,3.0,4,1,264,235,0,0.41319326030932085,0.15016249560510114,success
966,2000,8,4,0.0,3.8000000000000016,0.1,0.9700000000000004,3.0,4,1,262,237,0,0.41510145259125075,0.15129883227158217,success
967,2000,8,4,0.0,3.8000000000000016,0.1,0.9800000000000004,3.0,4,1,256,243,0,0.4138003853592933,0.152680474715332,success
968,2000,8,4,0.0,3.8000000000000016,0.1,0.9900000000000004,3.0,4,1,253,246,0,0.4156288514581601,0.15412026317486477,success
969,2000,8,4,0.0,3.8000000000000016,0.1,1.0000000000000004,3.0,4,1,250,249,0,0.41771572440708205,0.15402865801369658,success
970,2000,8,4,0.0,3.9000000000000017,0.1,0.5,3.0,4,0,424,76,0,0.31339062087664477,0.13333696108010773,success
971,2000,8,4,0.0,3.9000000000000017,0.1,0.51,3.0,4,0,421,79,0,0.31435200683674014,0.13470878631798353,success
972,2000,8,4,0.0,3.9000000000000017,0.1,0.52,3.0,4,0,416,84,0,0.3103263731985953,0.1323257716025776,success
973,2000,8,4,0.0,3.9000000000000017,0.1,0.53,3.0,4,0,413,87,0,0.3108938182100817,0.13224981151902065,success
974,2000,8,4,0.0,3.9000000000000017,0.1,0.54,3.0,4,0,411,89,0,0.3135649207679582,0.13208075791071033,success
975,2000,8,4,0.0,3.9000000000000017,0.1,0.55,3.0,4,0,408,92,0,0.3179646036115664,0.13183032872266162,success
976,2000,8,4,0.0,3.9000000000000017,0.1,0.56,3.0,4,0,408,92,0,0.3187017925549505,0.13186957980716776,success
977,2000,8,4,0.0,3.9000000000000017,0.1,0.5700000000000001,3.0,4,0,404,96,0,0.3188515065722961,0.131098465350643,success
978,2000,8,4,0.0,3.9000000000000017,0.1,0.5800000000000001,3.0,4,0,402,98,0,0.3228840118381816,0.13001159881889995,success
979,2000,8,4,0.0,3.9000000000000017,0.1,0.5900000000000001,3.0,4,0,399,101,0,0.3219443127013508,0.12984754942799362,success
980,2000,8,4,0.0,3.9000000000000017,0.1,0.6000000000000001,3.0,4,0,398,102,0,0.322800889326572,0.12935368560906682,success
981,2000,8,4,0.0,3.9000000000000017,0.1,0.6100000000000001,3.0,4,0,395,105,0,0.3264337168252759,0.1318715900484257,success
982,2000,8,4,0.0,3.9000000000000017,0.1,0.6200000000000001,3.0,4,0,392,108,0,0.3277137351016909,0.13147048972088327,success
983,2000,8,4,0.0,3.9000000000000017,0.1,0.6300000000000001,3.0,4,0,391,109,0,0.32979444064425495,0.13099475093749735,success
984,2000,8,4,0.0,3.9000000000000017,0.1,0.6400000000000001,3.0,4,0,384,116,0,0.3304740778764256,0.12832400316820536,success
985,2000,8,4,0.0,3.9000000000000017,0.1,0.6500000000000001,3.0,4,0,382,118,0,0.33211634917555827,0.12840571437816248,success
986,2000,8,4,0.0,3.9000000000000017,0.1,0.6600000000000001,3.0,4,0,381,119,0,0.33476146059621226,0.1291638468242476,success
987,2000,8,4,0.0,3.9000000000000017,0.1,0.6700000000000002,3.0,4,0,380,120,0,0.3355482652873843,0.12903745387079238,success
988,2000,8,4,0.0,3.9000000000000017,0.1,0.6800000000000002,3.0,4,0,378,122,0,0.3415027213361955,0.1314625240728064,success
989,2000,8,4,0.0,3.9000000000000017,0.1,0.6900000000000002,3.0,4,0,373,127,0,0.34429133967871156,0.13152857979232577,success
990,2000,8,4,0.0,3.9000000000000017,0.1,0.7000000000000002,3.0,4,0,370,130,0,0.34287728529459266,0.1318024334896858,success
991,2000,8,4,0.0,3.9000000000000017,0.1,0.7100000000000002,3.0,4,0,366,134,0,0.34014781561547125,0.1326331203918535,success
992,2000,8,4,0.0,3.9000000000000017,0.1,0.7200000000000002,3.0,4,0,364,136,0,0.3412907958483025,0.13294935484103299,success
994,2000,8,4,0.0,3.9000000000000017,0.1,0.7400000000000002,3.0,4,0,360,140,0,0.34746073031129654,0.13469964378240817,success
993,2000,8,4,0.0,3.9000000000000017,0.1,0.7300000000000002,3.0,4,0,361,139,0,0.34368305333091603,0.1327876424502874,success
995,2000,8,4,0.0,3.9000000000000017,0.1,0.7500000000000002,3.0,4,0,358,142,0,0.34847056935171267,0.1338148733481766,success
996,2000,8,4,0.0,3.9000000000000017,0.1,0.7600000000000002,3.0,4,0,355,145,0,0.35027709882488745,0.13330266375323518,success
997,2000,8,4,0.0,3.9000000000000017,0.1,0.7700000000000002,3.0,4,0,352,148,0,0.3542188433382136,0.13567254895075184,success
998,2000,8,4,0.0,3.9000000000000017,0.1,0.7800000000000002,3.0,4,0,348,152,0,0.3537206139706395,0.13581724873029388,success
999,2000,8,4,0.0,3.9000000000000017,0.1,0.7900000000000003,3.0,4,0,343,157,0,0.35633266771044986,0.1447685712957039,success
1000,2000,8,4,0.0,3.9000000000000017,0.1,0.8000000000000003,3.0,4,0,338,162,0,0.3592111421191782,0.14469458313291844,success
1001,2000,8,4,0.0,3.9000000000000017,0.1,0.8100000000000003,3.0,4,0,335,165,0,0.363809432049442,0.1449703576350063,success
1002,2000,8,4,0.0,3.9000000000000017,0.1,0.8200000000000003,3.0,4,0,334,166,0,0.36883053545976335,0.14615967356867635,success
1003,2000,8,4,0.0,3.9000000000000017,0.1,0.8300000000000003,3.0,4,0,333,167,0,0.3708596543662686,0.14537847243053212,success
1004,2000,8,4,0.0,3.9000000000000017,0.1,0.8400000000000003,3.0,4,0,331,169,0,0.3783316067029832,0.14938079090257528,success
1005,2000,8,4,0.0,3.9000000000000017,0.1,0.8500000000000003,3.0,4,0,326,174,0,0.3767459143872154,0.1483269235422515,success
1006,2000,8,4,0.0,3.9000000000000017,0.1,0.8600000000000003,3.0,4,0,325,175,0,0.3792551161393271,0.14762209677764285,success
1007,2000,8,4,0.0,3.9000000000000017,0.1,0.8700000000000003,3.0,4,0,320,180,0,0.38041001576057515,0.14723614167224788,success
1009,2000,8,4,0.0,3.9000000000000017,0.1,0.8900000000000003,3.0,4,0,311,189,0,0.38181590160803475,0.1471780836365954,success
1008,2000,8,4,0.0,3.9000000000000017,0.1,0.8800000000000003,3.0,4,0,316,184,0,0.3830940394304701,0.14826687990552573,success
1010,2000,8,4,0.0,3.9000000000000017,0.1,0.9000000000000004,3.0,4,0,307,193,0,0.3845175768524193,0.15030372331228975,success
1011,2000,8,4,0.0,3.9000000000000017,0.1,0.9100000000000004,3.0,4,0,306,194,0,0.3919650538619994,0.15224846435842068,success
1012,2000,8,4,0.0,3.9000000000000017,0.1,0.9200000000000004,3.0,4,1,304,195,0,0.3888219520898676,0.14638299400639979,success
1013,2000,8,4,0.0,3.9000000000000017,0.1,0.9300000000000004,3.0,4,1,302,197,0,0.39192468307742523,0.14506840656553255,success
1014,2000,8,4,0.0,3.9000000000000017,0.1,0.9400000000000004,3.0,4,1,302,197,0,0.39269789644969566,0.14481565201456179,success
1015,2000,8,4,0.0,3.9000000000000017,0.1,0.9500000000000004,3.0,4,1,299,200,0,0.3968810834067854,0.14623155326830198,success
1016,2000,8,4,0.0,3.9000000000000017,0.1,0.9600000000000004,3.0,4,1,298,201,0,0.39914223007387417,0.14668020761761494,success
1017,2000,8,4,0.0,3.9000000000000017,0.1,0.9700000000000004,3.0,4,1,296,203,0,0.40101524021071927,0.14781441536019366,success
1019,2000,8,4,0.0,3.9000000000000017,0.1,0.9900000000000004,3.0,4,1,290,209,0,0.40252509983681195,0.15168989005123237,success
1018,2000,8,4,0.0,3.9000000000000017,0.1,0.9800000000000004,3.0,4,1,292,207,0,0.3995483007682199,0.1507031886854885,success
1020,2000,8,4,0.0,3.9000000000000017,0.1,1.0000000000000004,3.0,4,1,286,213,0,0.4040999726227569,0.15124532787951628,success
1021,2000,8,4,0.0,4.000000000000002,0.1,0.5,3.0,5,0,424,76,0,0.2800319279813399,0.1318902979976832,success
1022,2000,8,4,0.0,4.000000000000002,0.1,0.51,3.0,5,0,423,77,0,0.2820881495654385,0.13440497892226005,success
1023,2000,8,4,0.0,4.000000000000002,0.1,0.52,3.0,5,0,422,78,0,0.28533838648092913,0.1328474961639877,success
1024,2000,8,4,0.0,4.000000000000002,0.1,0.53,3.0,5,0,419,81,0,0.28703439755935717,0.1312830765272683,success
1025,2000,8,4,0.0,4.000000000000002,0.1,0.54,3.0,5,0,417,83,0,0.28700354430472197,0.13320478358745472,success
1026,2000,8,4,0.0,4.000000000000002,0.1,0.55,3.0,5,0,412,88,0,0.29016541509736915,0.13562667019895283,success
1027,2000,8,4,0.0,4.000000000000002,0.1,0.56,3.0,5,0,412,88,0,0.2925135904440251,0.13467307447977017,success
1028,2000,8,4,0.0,4.000000000000002,0.1,0.5700000000000001,3.0,5,0,409,91,0,0.2894910364527667,0.13448922728355472,success
1029,2000,8,4,0.0,4.000000000000002,0.1,0.5800000000000001,3.0,5,0,408,92,0,0.29217238879680474,0.13325074142646898,success
1030,2000,8,4,0.0,4.000000000000002,0.1,0.5900000000000001,3.0,5,0,406,94,0,0.2916937623087428,0.1279650580081082,success
1031,2000,8,4,0.0,4.000000000000002,0.1,0.6000000000000001,3.0,5,0,401,99,0,0.28825524881168924,0.13012861100467749,success
1032,2000,8,4,0.0,4.000000000000002,0.1,0.6100000000000001,3.0,5,0,396,104,0,0.28657555225947345,0.13010427342154138,success
1033,2000,8,4,0.0,4.000000000000002,0.1,0.6200000000000001,3.0,5,0,396,104,0,0.28804697553725434,0.13064254939908043,success
1034,2000,8,4,0.0,4.000000000000002,0.1,0.6300000000000001,3.0,5,0,395,105,0,0.2900565928864967,0.1310249293579515,success
1035,2000,8,4,0.0,4.000000000000002,0.1,0.6400000000000001,3.0,5,0,395,105,0,0.2925236478438977,0.13235360209993619,success
1036,2000,8,4,0.0,4.000000000000002,0.1,0.6500000000000001,3.0,5,0,391,109,0,0.29291662036593064,0.1310529162767323,success
1037,2000,8,4,0.0,4.000000000000002,0.1,0.6600000000000001,3.0,5,0,390,110,0,0.2936758569991203,0.13074901160999208,success
1038,2000,8,4,0.0,4.000000000000002,0.1,0.6700000000000002,3.0,5,0,388,112,0,0.29721647607221235,0.13304742584303544,success
1039,2000,8,4,0.0,4.000000000000002,0.1,0.6800000000000002,3.0,5,0,386,114,0,0.2984854756072265,0.1308826770257805,success
1040,2000,8,4,0.0,4.000000000000002,0.1,0.6900000000000002,3.0,5,0,384,116,0,0.30146257517559394,0.13105525486732364,success
1041,2000,8,4,0.0,4.000000000000002,0.1,0.7000000000000002,3.0,5,0,383,117,0,0.30925504074944554,0.13893509845529756,success
1042,2000,8,4,0.0,4.000000000000002,0.1,0.7100000000000002,3.0,5,0,378,122,0,0.30637350405893216,0.13892317852725816,success
1043,2000,8,4,0.0,4.000000000000002,0.1,0.7200000000000002,3.0,5,0,377,123,0,0.30823260141661124,0.14083579181893624,success
1044,2000,8,4,0.0,4.000000000000002,0.1,0.7300000000000002,3.0,5,0,373,127,0,0.30757307501065967,0.13931346227014532,success
1045,2000,8,4,0.0,4.000000000000002,0.1,0.7400000000000002,3.0,5,0,369,131,0,0.31226768836595364,0.13883425280549358,success
1046,2000,8,4,0.0,4.000000000000002,0.1,0.7500000000000002,3.0,5,0,366,134,0,0.31376311675898233,0.13868599686781458,success
1047,2000,8,4,0.0,4.000000000000002,0.1,0.7600000000000002,3.0,5,0,365,135,0,0.3136300539164546,0.1396667433460222,success
1048,2000,8,4,0.0,4.000000000000002,0.1,0.7700000000000002,3.0,5,0,361,139,0,0.31375386195600574,0.14089885491191234,success
1049,2000,8,4,0.0,4.000000000000002,0.1,0.7800000000000002,3.0,5,0,360,140,0,0.3145073445792717,0.14203582956895763,success
1050,2000,8,4,0.0,4.000000000000002,0.1,0.7900000000000003,3.0,5,0,357,143,0,0.3153162601291392,0.1416430815509452,success
1052,2000,8,4,0.0,4.000000000000002,0.1,0.8100000000000003,3.0,5,0,350,150,0,0.321660438613195,0.14030970283912417,success
1051,2000,8,4,0.0,4.000000000000002,0.1,0.8000000000000003,3.0,5,0,356,144,0,0.31723029119725105,0.14180178777138486,success
1053,2000,8,4,0.0,4.000000000000002,0.1,0.8200000000000003,3.0,5,0,346,154,0,0.32265473407829026,0.14095668472033865,success
1054,2000,8,4,0.0,4.000000000000002,0.1,0.8300000000000003,3.0,5,0,345,155,0,0.32721296281004136,0.14152404693972823,success
1055,2000,8,4,0.0,4.000000000000002,0.1,0.8400000000000003,3.0,5,0,337,163,0,0.3246170156061776,0.144054013400685,success
1056,2000,8,4,0.0,4.000000000000002,0.1,0.8500000000000003,3.0,5,0,332,168,0,0.32592917746777045,0.14573348281687865,success
1057,2000,8,4,0.0,4.000000000000002,0.1,0.8600000000000003,3.0,5,0,330,170,0,0.3263531168278622,0.14597689832175814,success
1059,2000,8,4,0.0,4.000000000000002,0.1,0.8800000000000003,3.0,5,0,326,174,0,0.33081113582413946,0.14537396546544729,success
1058,2000,8,4,0.0,4.000000000000002,0.1,0.8700000000000003,3.0,5,0,327,173,0,0.3261921863673651,0.14669828298683266,success
1060,2000,8,4,0.0,4.000000000000002,0.1,0.8900000000000003,3.0,5,0,326,174,0,0.3323161140202346,0.1449469999055552,success
1061,2000,8,4,0.0,4.000000000000002,0.1,0.9000000000000004,3.0,5,0,326,174,0,0.33512214933506596,0.14536147442629413,success
1062,2000,8,4,0.0,4.000000000000002,0.1,0.9100000000000004,3.0,5,0,322,178,0,0.33810983703721054,0.14716290170327975,success
1063,2000,8,4,0.0,4.000000000000002,0.1,0.9200000000000004,3.0,5,0,321,179,0,0.3388382500253516,0.14701023090407273,success
1064,2000,8,4,0.0,4.000000000000002,0.1,0.9300000000000004,3.0,5,0,317,183,0,0.33956501571018094,0.14616419197931682,success
1065,2000,8,4,0.0,4.000000000000002,0.1,0.9400000000000004,3.0,5,0,317,183,0,0.34110863317327134,0.1462467494229151,success
1066,2000,8,4,0.0,4.000000000000002,0.1,0.9500000000000004,3.0,5,0,315,185,0,0.3436862147161274,0.14439727076003298,success
1067,2000,8,4,0.0,4.000000000000002,0.1,0.9600000000000004,3.0,5,0,312,188,0,0.3447885177548997,0.14541901821907444,success
1068,2000,8,4,0.0,4.000000000000002,0.1,0.9700000000000004,3.0,5,0,309,191,0,0.34548630627520777,0.14499414216940246,success
1069,2000,8,4,0.0,4.000000000000002,0.1,0.9800000000000004,3.0,5,0,305,195,0,0.345062786741882,0.14617062865665534,success
1070,2000,8,4,0.0,4.000000000000002,0.1,0.9900000000000004,3.0,5,0,304,196,0,0.34798624155800395,0.14702628799931727,success
1072,2000,8,4,0.0,4.100000000000001,0.1,0.5,3.0,5,0,431,69,0,0.280264900840861,0.13387587388740863,success
1071,2000,8,4,0.0,4.000000000000002,0.1,1.0000000000000004,3.0,5,0,303,197,0,0.3505085150285638,0.14822846518233568,success
1073,2000,8,4,0.0,4.100000000000001,0.1,0.51,3.0,5,0,430,70,0,0.28189107109756467,0.13669266364842603,success
1074,2000,8,4,0.0,4.100000000000001,0.1,0.52,3.0,5,0,429,71,0,0.28546452965920044,0.1349755780201851,success
1075,2000,8,4,0.0,4.100000000000001,0.1,0.53,3.0,5,0,426,74,0,0.28640213201567666,0.1333034989553758,success
1076,2000,8,4,0.0,4.100000000000001,0.1,0.54,3.0,5,0,424,76,0,0.2863850755808429,0.1353190387608104,success
1077,2000,8,4,0.0,4.100000000000001,0.1,0.55,3.0,5,0,420,80,0,0.2900127332005534,0.1349342284593649,success
1078,2000,8,4,0.0,4.100000000000001,0.1,0.56,3.0,5,0,420,80,0,0.29235713271693065,0.13401408669096862,success
1080,2000,8,4,0.0,4.100000000000001,0.1,0.5800000000000001,3.0,5,0,417,83,0,0.2925339827299885,0.13318906918018797,success
1079,2000,8,4,0.0,4.100000000000001,0.1,0.5700000000000001,3.0,5,0,418,82,0,0.28956274529858606,0.1345692310596569,success
1081,2000,8,4,0.0,4.100000000000001,0.1,0.5900000000000001,3.0,5,0,415,85,0,0.29330248371114626,0.1329596137053155,success
1082,2000,8,4,0.0,4.100000000000001,0.1,0.6000000000000001,3.0,5,0,414,86,0,0.29583139110833107,0.1345189237774084,success
1083,2000,8,4,0.0,4.100000000000001,0.1,0.6100000000000001,3.0,5,0,410,90,0,0.29305793851880246,0.1353603338851802,success
1084,2000,8,4,0.0,4.100000000000001,0.1,0.6200000000000001,3.0,5,0,410,90,0,0.2953020655816013,0.13584814620120936,success
1085,2000,8,4,0.0,4.100000000000001,0.1,0.6300000000000001,3.0,5,0,409,91,0,0.29672495681743005,0.13667915999775251,success
1086,2000,8,4,0.0,4.100000000000001,0.1,0.6400000000000001,3.0,5,0,409,91,0,0.29888977188587873,0.13800127020488964,success
1088,2000,8,4,0.0,4.100000000000001,0.1,0.6600000000000001,3.0,5,0,404,96,0,0.29972542876329206,0.13601842050763518,success
1087,2000,8,4,0.0,4.100000000000001,0.1,0.6500000000000001,3.0,5,0,405,95,0,0.2990410163952489,0.13634672617829768,success
1089,2000,8,4,0.0,4.100000000000001,0.1,0.6700000000000002,3.0,5,0,402,98,0,0.303167622964128,0.13794004216116895,success
1090,2000,8,4,0.0,4.100000000000001,0.1,0.6800000000000002,3.0,5,0,401,99,0,0.30456495295259145,0.13621594270778625,success
1091,2000,8,4,0.0,4.100000000000001,0.1,0.6900000000000002,3.0,5,0,399,101,0,0.30642921981821464,0.1353814762692931,success
1092,2000,8,4,0.0,4.100000000000001,0.1,0.7000000000000002,3.0,5,0,398,102,0,0.3152290725680594,0.14399888398550736,success
1093,2000,8,4,0.0,4.100000000000001,0.1,0.7100000000000002,3.0,5,0,394,106,0,0.31436273243325263,0.14194407915942228,success
1094,2000,8,4,0.0,4.100000000000001,0.1,0.7200000000000002,3.0,5,0,393,107,0,0.31553830113295456,0.14326191898407983,success
1095,2000,8,4,0.0,4.100000000000001,0.1,0.7300000000000002,3.0,5,0,389,111,0,0.31415544273423973,0.14153073855315468,success
1096,2000,8,4,0.0,4.100000000000001,0.1,0.7400000000000002,3.0,5,0,386,114,0,0.31720085079998567,0.1388795310233722,success
1097,2000,8,4,0.0,4.100000000000001,0.1,0.7500000000000002,3.0,5,0,383,117,0,0.31785341066752926,0.13934523524165138,success
1098,2000,8,4,0.0,4.100000000000001,0.1,0.7600000000000002,3.0,5,0,382,118,0,0.31703508239623085,0.14057561356559464,success
1099,2000,8,4,0.0,4.100000000000001,0.1,0.7700000000000002,3.0,5,0,378,122,0,0.31664827599382783,0.14216636116354509,success
1100,2000,8,4,0.0,4.100000000000001,0.1,0.7800000000000002,3.0,5,0,377,123,0,0.31713209755378874,0.14337113445971678,success
1101,2000,8,4,0.0,4.100000000000001,0.1,0.7900000000000003,3.0,5,0,374,126,0,0.31861865433237624,0.14353550867524079,success
1102,2000,8,4,0.0,4.100000000000001,0.1,0.8000000000000003,3.0,5,0,373,127,0,0.3204238499033164,0.14334255980498886,success
1103,2000,8,4,0.0,4.100000000000001,0.1,0.8100000000000003,3.0,5,0,368,132,0,0.32276541065666187,0.1419838074040424,success
1104,2000,8,4,0.0,4.100000000000001,0.1,0.8200000000000003,3.0,5,0,364,136,0,0.3233308789829658,0.14137876612656872,success
1105,2000,8,4,0.0,4.100000000000001,0.1,0.8300000000000003,3.0,5,0,363,137,0,0.32548435265487236,0.14241617892461997,success
1106,2000,8,4,0.0,4.100000000000001,0.1,0.8400000000000003,3.0,5,0,357,143,0,0.3227448570152173,0.14512789652183702,success
1107,2000,8,4,0.0,4.100000000000001,0.1,0.8500000000000003,3.0,5,0,352,148,0,0.324058435779396,0.14628519851674704,success
1108,2000,8,4,0.0,4.100000000000001,0.1,0.8600000000000003,3.0,5,0,351,149,0,0.32555118195779814,0.1461278975801809,success
1109,2000,8,4,0.0,4.100000000000001,0.1,0.8700000000000003,3.0,5,0,348,152,0,0.3247178842180456,0.14647207573304172,success
1110,2000,8,4,0.0,4.100000000000001,0.1,0.8800000000000003,3.0,5,0,347,153,0,0.3270290451805819,0.14612088533639198,success
1111,2000,8,4,0.0,4.100000000000001,0.1,0.8900000000000003,3.0,5,0,347,153,0,0.3286570251270048,0.14576000227931393,success
1112,2000,8,4,0.0,4.100000000000001,0.1,0.9000000000000004,3.0,5,0,347,153,0,0.33158141990599704,0.14654089263873996,success
1113,2000,8,4,0.0,4.100000000000001,0.1,0.9100000000000004,3.0,5,0,343,157,0,0.3356838397962571,0.14781865054205384,success
1115,2000,8,4,0.0,4.100000000000001,0.1,0.9300000000000004,3.0,5,0,338,162,0,0.3346096343113456,0.1481941131691572,success
1114,2000,8,4,0.0,4.100000000000001,0.1,0.9200000000000004,3.0,5,0,342,158,0,0.33647636341397996,0.14764423884336456,success
1116,2000,8,4,0.0,4.100000000000001,0.1,0.9400000000000004,3.0,5,0,338,162,0,0.33594898084150576,0.14856287405931876,success
1117,2000,8,4,0.0,4.100000000000001,0.1,0.9500000000000004,3.0,5,0,336,164,0,0.33882356422592047,0.14650264749893308,success
1118,2000,8,4,0.0,4.100000000000001,0.1,0.9600000000000004,3.0,5,0,333,167,0,0.33991890508353045,0.1474218331514565,success
1119,2000,8,4,0.0,4.100000000000001,0.1,0.9700000000000004,3.0,5,0,330,170,0,0.34068048274726226,0.14702866684004842,success
1120,2000,8,4,0.0,4.100000000000001,0.1,0.9800000000000004,3.0,5,0,327,173,0,0.341196823193522,0.14791486536072887,success
1121,2000,8,4,0.0,4.100000000000001,0.1,0.9900000000000004,3.0,5,0,327,173,0,0.344745678276625,0.14906306458280977,success
1122,2000,8,4,0.0,4.100000000000001,0.1,1.0000000000000004,3.0,5,0,326,174,0,0.3470122339515589,0.1499664366201198,success
1123,2000,8,4,0.0,4.200000000000002,0.1,0.5,3.0,5,0,436,64,0,0.2804296429627918,0.1311858859190451,success
1124,2000,8,4,0.0,4.200000000000002,0.1,0.51,3.0,5,0,435,65,0,0.2805019063376957,0.13180421104037088,success
1125,2000,8,4,0.0,4.200000000000002,0.1,0.52,3.0,5,0,435,65,0,0.28337031121077505,0.13092500171448873,success
1126,2000,8,4,0.0,4.200000000000002,0.1,0.53,3.0,5,0,432,68,0,0.28448303517739193,0.1292481132286684,success
1127,2000,8,4,0.0,4.200000000000002,0.1,0.54,3.0,5,0,430,70,0,0.2838367379880302,0.13126628428918866,success
1128,2000,8,4,0.0,4.200000000000002,0.1,0.55,3.0,5,0,427,73,0,0.2885656633055553,0.1310198407553533,success
1129,2000,8,4,0.0,4.200000000000002,0.1,0.56,3.0,5,0,427,73,0,0.29122216756050695,0.12994597478971268,success
1130,2000,8,4,0.0,4.200000000000002,0.1,0.5700000000000001,3.0,5,0,425,75,0,0.28778232227569606,0.13090515171071324,success
1131,2000,8,4,0.0,4.200000000000002,0.1,0.5800000000000001,3.0,5,0,424,76,0,0.29049820424593303,0.12922860086180116,success
1132,2000,8,4,0.0,4.200000000000002,0.1,0.5900000000000001,3.0,5,0,422,78,0,0.2912257782584216,0.12914327051145508,success
1133,2000,8,4,0.0,4.200000000000002,0.1,0.6000000000000001,3.0,5,0,420,80,0,0.29344460036208586,0.12926582665435066,success
1134,2000,8,4,0.0,4.200000000000002,0.1,0.6100000000000001,3.0,5,0,418,82,0,0.290690837578272,0.13011191555733334,success
1136,2000,8,4,0.0,4.200000000000002,0.1,0.6300000000000001,3.0,5,0,417,83,0,0.29439824074102633,0.1319721853194034,success
1135,2000,8,4,0.0,4.200000000000002,0.1,0.6200000000000001,3.0,5,0,418,82,0,0.29274576065287866,0.13089013111214226,success
1137,2000,8,4,0.0,4.200000000000002,0.1,0.6400000000000001,3.0,5,0,416,84,0,0.2966539844148429,0.13532010382623702,success
1138,2000,8,4,0.0,4.200000000000002,0.1,0.6500000000000001,3.0,5,0,412,88,0,0.2958039905206595,0.1331389094692503,success
1139,2000,8,4,0.0,4.200000000000002,0.1,0.6600000000000001,3.0,5,0,411,89,0,0.2958216389070094,0.1327465901741432,success
1140,2000,8,4,0.0,4.200000000000002,0.1,0.6700000000000002,3.0,5,0,409,91,0,0.2991229395011824,0.13364187952807727,success
1141,2000,8,4,0.0,4.200000000000002,0.1,0.6800000000000002,3.0,5,0,408,92,0,0.3009400561941596,0.13247425938292529,success
1142,2000,8,4,0.0,4.200000000000002,0.1,0.6900000000000002,3.0,5,0,406,94,0,0.3016595913448933,0.1319061072813389,success
1143,2000,8,4,0.0,4.200000000000002,0.1,0.7000000000000002,3.0,5,0,405,95,0,0.3103635386639828,0.14164626947977885,success
1144,2000,8,4,0.0,4.200000000000002,0.1,0.7100000000000002,3.0,5,0,402,98,0,0.30987631187264364,0.13901888536075957,success
1145,2000,8,4,0.0,4.200000000000002,0.1,0.7200000000000002,3.0,5,0,402,98,0,0.31220412429790484,0.14090376538129595,success
1146,2000,8,4,0.0,4.200000000000002,0.1,0.7300000000000002,3.0,5,0,399,101,0,0.31175368886098553,0.13965972193021833,success
1147,2000,8,4,0.0,4.200000000000002,0.1,0.7400000000000002,3.0,5,0,396,104,0,0.3150315397194415,0.13718178479044993,success
1148,2000,8,4,0.0,4.200000000000002,0.1,0.7500000000000002,3.0,5,0,393,107,0,0.31563151628459346,0.1379580732587141,success
1149,2000,8,4,0.0,4.200000000000002,0.1,0.7600000000000002,3.0,5,0,392,108,0,0.3147593761872863,0.13926386171759794,success
1150,2000,8,4,0.0,4.200000000000002,0.1,0.7700000000000002,3.0,5,0,388,112,0,0.3140115525026258,0.1407728001136452,success
1151,2000,8,4,0.0,4.200000000000002,0.1,0.7800000000000002,3.0,5,0,387,113,0,0.3146098612578035,0.1422011788996558,success
1152,2000,8,4,0.0,4.200000000000002,0.1,0.7900000000000003,3.0,5,0,385,115,0,0.3157634352750856,0.14315073678363097,success
1153,2000,8,4,0.0,4.200000000000002,0.1,0.8000000000000003,3.0,5,0,384,116,0,0.3180207045917835,0.1429013423129993,success
1154,2000,8,4,0.0,4.200000000000002,0.1,0.8100000000000003,3.0,5,0,381,119,0,0.32234343419493877,0.14157452479372012,success
1155,2000,8,4,0.0,4.200000000000002,0.1,0.8200000000000003,3.0,5,0,377,123,0,0.3221657354836626,0.14093229017122483,success
1156,2000,8,4,0.0,4.200000000000002,0.1,0.8300000000000003,3.0,5,0,376,124,0,0.3244212300599141,0.14229666865374407,success
1157,2000,8,4,0.0,4.200000000000002,0.1,0.8400000000000003,3.0,5,0,371,129,0,0.3218461663454186,0.14585099686345054,success
1158,2000,8,4,0.0,4.200000000000002,0.1,0.8500000000000003,3.0,5,0,367,133,0,0.3241765560065409,0.14724261013143916,success
1159,2000,8,4,0.0,4.200000000000002,0.1,0.8600000000000003,3.0,5,0,366,134,0,0.3250138682182439,0.14664450389298112,success
1160,2000,8,4,0.0,4.200000000000002,0.1,0.8700000000000003,3.0,5,0,364,136,0,0.32496992890741305,0.14752706054260706,success
1161,2000,8,4,0.0,4.200000000000002,0.1,0.8800000000000003,3.0,5,0,363,137,0,0.3264744704529492,0.1466707388093054,success
1162,2000,8,4,0.0,4.200000000000002,0.1,0.8900000000000003,3.0,5,0,362,138,0,0.326538447066949,0.1466282505040868,success
1163,2000,8,4,0.0,4.200000000000002,0.1,0.9000000000000004,3.0,5,0,362,138,0,0.32929240221927525,0.14675124688391772,success
1164,2000,8,4,0.0,4.200000000000002,0.1,0.9100000000000004,3.0,5,0,359,141,0,0.33187258433352584,0.14724763227466117,success
1165,2000,8,4,0.0,4.200000000000002,0.1,0.9200000000000004,3.0,5,0,357,143,0,0.33053855301676344,0.14814701792834076,success
1166,2000,8,4,0.0,4.200000000000002,0.1,0.9300000000000004,3.0,5,0,353,147,0,0.3282084303130547,0.1487215682367748,success
1167,2000,8,4,0.0,4.200000000000002,0.1,0.9400000000000004,3.0,5,0,353,147,0,0.3298868056965862,0.1493038361934655,success
1168,2000,8,4,0.0,4.200000000000002,0.1,0.9500000000000004,3.0,5,0,352,148,0,0.33231183231990064,0.1482019133288446,success
1169,2000,8,4,0.0,4.200000000000002,0.1,0.9600000000000004,3.0,5,0,350,150,0,0.3344451801687628,0.14799467444555517,success
1170,2000,8,4,0.0,4.200000000000002,0.1,0.9700000000000004,3.0,5,0,347,153,0,0.334662108687851,0.14742312802230131,success
1171,2000,8,4,0.0,4.200000000000002,0.1,0.9800000000000004,3.0,5,0,346,154,0,0.3371554240196383,0.14759949538650402,success
1172,2000,8,4,0.0,4.200000000000002,0.1,0.9900000000000004,3.0,5,0,346,154,0,0.34008210310652554,0.14834237493676336,success
1173,2000,8,4,0.0,4.200000000000002,0.1,1.0000000000000004,3.0,5,0,345,155,0,0.3427155417510214,0.14917796087641058,success
1175,2000,8,4,0.0,4.3000000000000025,0.1,0.51,3.0,5,0,441,59,0,0.2841999930359406,0.12717437849301835,success
1174,2000,8,4,0.0,4.3000000000000025,0.1,0.5,3.0,5,0,442,58,0,0.2843737481562171,0.12629515808067984,success
1176,2000,8,4,0.0,4.3000000000000025,0.1,0.52,3.0,5,0,441,59,0,0.28736010009950363,0.12607029492268976,success
1177,2000,8,4,0.0,4.3000000000000025,0.1,0.53,3.0,5,0,440,60,0,0.29027406966842545,0.12484709060297558,success
1178,2000,8,4,0.0,4.3000000000000025,0.1,0.54,3.0,5,0,439,61,0,0.2916838233720998,0.12710958919059853,success
1179,2000,8,4,0.0,4.3000000000000025,0.1,0.55,3.0,5,0,436,64,0,0.29589744349214564,0.1264755419504386,success
1180,2000,8,4,0.0,4.3000000000000025,0.1,0.56,3.0,5,0,436,64,0,0.29892751865794986,0.12501799437829011,success
1181,2000,8,4,0.0,4.3000000000000025,0.1,0.5700000000000001,3.0,5,0,435,65,0,0.2960926922551428,0.12695525744247835,success
1182,2000,8,4,0.0,4.3000000000000025,0.1,0.5800000000000001,3.0,5,0,434,66,0,0.29909392399272966,0.12481140577516074,success
1183,2000,8,4,0.0,4.3000000000000025,0.1,0.5900000000000001,3.0,5,0,432,68,0,0.2996593899944109,0.12460832289378813,success
1184,2000,8,4,0.0,4.3000000000000025,0.1,0.6000000000000001,3.0,5,0,430,70,0,0.30195422635051933,0.12472322939027869,success
1185,2000,8,4,0.0,4.3000000000000025,0.1,0.6100000000000001,3.0,5,0,428,72,0,0.2982992786787551,0.12640404579318615,success
1186,2000,8,4,0.0,4.3000000000000025,0.1,0.6200000000000001,3.0,5,0,428,72,0,0.2984188185819161,0.12638751739214713,success
1187,2000,8,4,0.0,4.3000000000000025,0.1,0.6300000000000001,3.0,5,0,428,72,0,0.3025319070948542,0.12711385467303174,success
1188,2000,8,4,0.0,4.3000000000000025,0.1,0.6400000000000001,3.0,5,0,427,73,0,0.30449880838835286,0.13031447820661612,success
1189,2000,8,4,0.0,4.3000000000000025,0.1,0.6500000000000001,3.0,5,0,423,77,0,0.3018216147829189,0.12794999643837696,success
1190,2000,8,4,0.0,4.3000000000000025,0.1,0.6600000000000001,3.0,5,0,422,78,0,0.3014114170388153,0.12712547689184506,success
1191,2000,8,4,0.0,4.3000000000000025,0.1,0.6700000000000002,3.0,5,0,422,78,0,0.30422864881222533,0.12970087628575502,success
1192,2000,8,4,0.0,4.3000000000000025,0.1,0.6800000000000002,3.0,5,0,421,79,0,0.30628953936180164,0.12825190508801373,success
1194,2000,8,4,0.0,4.3000000000000025,0.1,0.7000000000000002,3.0,5,0,418,82,0,0.3165184743090043,0.13884748734695787,success
1193,2000,8,4,0.0,4.3000000000000025,0.1,0.6900000000000002,3.0,5,0,419,81,0,0.3066096102312758,0.12758675294587934,success
1195,2000,8,4,0.0,4.3000000000000025,0.1,0.7100000000000002,3.0,5,0,415,85,0,0.3153962564871934,0.1361281668769607,success
1196,2000,8,4,0.0,4.3000000000000025,0.1,0.7200000000000002,3.0,5,0,415,85,0,0.31786279000172585,0.1385025736150012,success
1197,2000,8,4,0.0,4.3000000000000025,0.1,0.7300000000000002,3.0,5,0,412,88,0,0.3168656728836451,0.13738154701177097,success
1198,2000,8,4,0.0,4.3000000000000025,0.1,0.7400000000000002,3.0,5,0,410,90,0,0.3190391132751468,0.13597066763634152,success
1200,2000,8,4,0.0,4.3000000000000025,0.1,0.7600000000000002,3.0,5,0,405,95,0,0.3153985778630272,0.13726334354175415,success
1199,2000,8,4,0.0,4.3000000000000025,0.1,0.7500000000000002,3.0,5,0,406,94,0,0.3164443368452783,0.13585419809881244,success
1202,2000,8,4,0.0,4.3000000000000025,0.1,0.7800000000000002,3.0,5,0,400,100,0,0.31341087165192305,0.14018945881986797,success
1201,2000,8,4,0.0,4.3000000000000025,0.1,0.7700000000000002,3.0,5,0,401,99,0,0.3145267288154929,0.1390805421083314,success
1203,2000,8,4,0.0,4.3000000000000025,0.1,0.7900000000000003,3.0,5,0,398,102,0,0.31305353152933346,0.1399698575820788,success
1204,2000,8,4,0.0,4.3000000000000025,0.1,0.8000000000000003,3.0,5,0,397,103,0,0.3148477906514899,0.13979859288162666,success
1205,2000,8,4,0.0,4.3000000000000025,0.1,0.8100000000000003,3.0,5,0,394,106,0,0.3191563704895608,0.13846693462772913,success
1206,2000,8,4,0.0,4.3000000000000025,0.1,0.8200000000000003,3.0,5,0,392,108,0,0.3195668759183069,0.1387811558616048,success
1207,2000,8,4,0.0,4.3000000000000025,0.1,0.8300000000000003,3.0,5,0,392,108,0,0.32435891775707437,0.13975020860374301,success
1208,2000,8,4,0.0,4.3000000000000025,0.1,0.8400000000000003,3.0,5,0,389,111,0,0.32287346154932145,0.14396794846430241,success
1210,2000,8,4,0.0,4.3000000000000025,0.1,0.8600000000000003,3.0,5,0,384,116,0,0.3255981388310136,0.14503544659710702,success
1209,2000,8,4,0.0,4.3000000000000025,0.1,0.8500000000000003,3.0,5,0,385,115,0,0.3250722426802251,0.14555664185485923,success
1211,2000,8,4,0.0,4.3000000000000025,0.1,0.8700000000000003,3.0,5,0,382,118,0,0.32526972696345907,0.14534385552879897,success
1212,2000,8,4,0.0,4.3000000000000025,0.1,0.8800000000000003,3.0,5,0,381,119,0,0.32672095444113325,0.1442767674251573,success
1213,2000,8,4,0.0,4.3000000000000025,0.1,0.8900000000000003,3.0,5,0,379,121,0,0.3250599311932304,0.14458456742807113,success
1214,2000,8,4,0.0,4.3000000000000025,0.1,0.9000000000000004,3.0,5,0,379,121,0,0.3282119637064046,0.14506409136103002,success
1215,2000,8,4,0.0,4.3000000000000025,0.1,0.9100000000000004,3.0,5,0,376,124,0,0.33027232404089263,0.14463527088010686,success
1216,2000,8,4,0.0,4.3000000000000025,0.1,0.9200000000000004,3.0,5,0,374,126,0,0.32812590417960197,0.14472358160482568,success
1217,2000,8,4,0.0,4.3000000000000025,0.1,0.9300000000000004,3.0,5,0,371,129,0,0.3260844243637713,0.14475654423737158,success
1218,2000,8,4,0.0,4.3000000000000025,0.1,0.9400000000000004,3.0,5,0,371,129,0,0.32785803567763744,0.14519552005200936,success
1219,2000,8,4,0.0,4.3000000000000025,0.1,0.9500000000000004,3.0,5,0,370,130,0,0.330638175641761,0.14393099863027342,success
1220,2000,8,4,0.0,4.3000000000000025,0.1,0.9600000000000004,3.0,5,0,369,131,0,0.3334195959711585,0.14501624459135296,success
1222,2000,8,4,0.0,4.3000000000000025,0.1,0.9800000000000004,3.0,5,0,365,135,0,0.33455129875868705,0.14556110036666886,success
1221,2000,8,4,0.0,4.3000000000000025,0.1,0.9700000000000004,3.0,5,0,366,134,0,0.3327985738604096,0.1443951826512291,success
1223,2000,8,4,0.0,4.3000000000000025,0.1,0.9900000000000004,3.0,5,0,365,135,0,0.3374005064238287,0.14633542015654563,success
1224,2000,8,4,0.0,4.3000000000000025,0.1,1.0000000000000004,3.0,5,0,363,137,0,0.3382956476588658,0.14682569242512003,success
1225,2000,8,4,0.0,4.400000000000002,0.1,0.5,3.0,5,0,447,53,0,0.2740952980310893,0.12381825702333359,success
1226,2000,8,4,0.0,4.400000000000002,0.1,0.51,3.0,5,0,446,54,0,0.2736411895592718,0.12319229447031727,success
1227,2000,8,4,0.0,4.400000000000002,0.1,0.52,3.0,5,0,446,54,0,0.27695622738874776,0.12144503793228538,success
1228,2000,8,4,0.0,4.400000000000002,0.1,0.53,3.0,5,0,445,55,0,0.28022729893832266,0.1208294343488557,success
1230,2000,8,4,0.0,4.400000000000002,0.1,0.55,3.0,5,0,442,58,0,0.2854475642533443,0.12375507477465093,success
1229,2000,8,4,0.0,4.400000000000002,0.1,0.54,3.0,5,0,444,56,0,0.2819423301471498,0.12358007427428647,success
1231,2000,8,4,0.0,4.400000000000002,0.1,0.56,3.0,5,0,442,58,0,0.28908345210867387,0.1220248618639972,success
1232,2000,8,4,0.0,4.400000000000002,0.1,0.5700000000000001,3.0,5,0,441,59,0,0.2857449276719544,0.1238778623403762,success
1233,2000,8,4,0.0,4.400000000000002,0.1,0.5800000000000001,3.0,5,0,440,60,0,0.28921874532635317,0.12179190480855022,success
1234,2000,8,4,0.0,4.400000000000002,0.1,0.5900000000000001,3.0,5,0,438,62,0,0.28993809519857017,0.12148452927593961,success
1235,2000,8,4,0.0,4.400000000000002,0.1,0.6000000000000001,3.0,5,0,436,64,0,0.29317852678584644,0.12271971059632275,success
1236,2000,8,4,0.0,4.400000000000002,0.1,0.6100000000000001,3.0,5,0,434,66,0,0.2895755391846887,0.12461550943058121,success
1237,2000,8,4,0.0,4.400000000000002,0.1,0.6200000000000001,3.0,5,0,434,66,0,0.28998184070467936,0.12550299037656873,success
1238,2000,8,4,0.0,4.400000000000002,0.1,0.6300000000000001,3.0,5,0,434,66,0,0.2923852301130662,0.12569348209429854,success
1239,2000,8,4,0.0,4.400000000000002,0.1,0.6400000000000001,3.0,5,0,432,68,0,0.2933655804728624,0.1257065422365285,success
1240,2000,8,4,0.0,4.400000000000002,0.1,0.6500000000000001,3.0,5,0,428,72,0,0.2909450725135805,0.12311871489451554,success
1241,2000,8,4,0.0,4.400000000000002,0.1,0.6600000000000001,3.0,5,0,427,73,0,0.29065577276329624,0.12223836904334832,success
1242,2000,8,4,0.0,4.400000000000002,0.1,0.6700000000000002,3.0,5,0,427,73,0,0.2940955230090993,0.12410430554304278,success
1243,2000,8,4,0.0,4.400000000000002,0.1,0.6800000000000002,3.0,5,0,427,73,0,0.2962321869203467,0.12278628195693904,success
1244,2000,8,4,0.0,4.400000000000002,0.1,0.6900000000000002,3.0,5,0,425,75,0,0.2956237991955091,0.12207768325762336,success
1245,2000,8,4,0.0,4.400000000000002,0.1,0.7000000000000002,3.0,5,0,424,76,0,0.30694894101355286,0.1365932855697168,success
1246,2000,8,4,0.0,4.400000000000002,0.1,0.7100000000000002,3.0,5,0,421,79,0,0.3060037493738837,0.1336627665536738,success
1247,2000,8,4,0.0,4.400000000000002,0.1,0.7200000000000002,3.0,5,0,421,79,0,0.3086576145995588,0.13644767919387635,success
1248,2000,8,4,0.0,4.400000000000002,0.1,0.7300000000000002,3.0,5,0,418,82,0,0.307924312402194,0.13524216316953375,success
1249,2000,8,4,0.0,4.400000000000002,0.1,0.7400000000000002,3.0,5,0,417,83,0,0.3100602000001897,0.1346785635965606,success
1250,2000,8,4,0.0,4.400000000000002,0.1,0.7500000000000002,3.0,5,0,414,86,0,0.3072130919690294,0.13353631387463372,success
1251,2000,8,4,0.0,4.400000000000002,0.1,0.7600000000000002,3.0,5,0,414,86,0,0.308426067747426,0.13327072106208782,success
1252,2000,8,4,0.0,4.400000000000002,0.1,0.7700000000000002,3.0,5,0,411,89,0,0.3099027732778402,0.13471767671114707,success
1253,2000,8,4,0.0,4.400000000000002,0.1,0.7800000000000002,3.0,5,0,410,90,0,0.30840070060154817,0.13588217776185166,success
1254,2000,8,4,0.0,4.400000000000002,0.1,0.7900000000000003,3.0,5,0,408,92,0,0.3081134359321831,0.13571445924667075,success
1256,2000,8,4,0.0,4.400000000000002,0.1,0.8100000000000003,3.0,5,0,404,96,0,0.313166384599272,0.13336391032786524,success
1255,2000,8,4,0.0,4.400000000000002,0.1,0.8000000000000003,3.0,5,0,407,93,0,0.30913397604328285,0.13484429327917144,success
1257,2000,8,4,0.0,4.400000000000002,0.1,0.8200000000000003,3.0,5,0,402,98,0,0.3134813635658741,0.13350243725348898,success
1258,2000,8,4,0.0,4.400000000000002,0.1,0.8300000000000003,3.0,5,0,402,98,0,0.3179945847637461,0.133922565188242,success
1259,2000,8,4,0.0,4.400000000000002,0.1,0.8400000000000003,3.0,5,0,399,101,0,0.31552632655312596,0.13513736709765972,success
1260,2000,8,4,0.0,4.400000000000002,0.1,0.8500000000000003,3.0,5,0,396,104,0,0.32033712062703634,0.13383163886524002,success
1261,2000,8,4,0.0,4.400000000000002,0.1,0.8600000000000003,3.0,5,0,396,104,0,0.3210192261189719,0.1332801675342039,success
1262,2000,8,4,0.0,4.400000000000002,0.1,0.8700000000000003,3.0,5,0,394,106,0,0.32013079843675957,0.1341042171823635,success
1263,2000,8,4,0.0,4.400000000000002,0.1,0.8800000000000003,3.0,5,0,393,107,0,0.32099100195058183,0.13290427615510508,success
1264,2000,8,4,0.0,4.400000000000002,0.1,0.8900000000000003,3.0,5,0,391,109,0,0.31870805395385476,0.13329080506549837,success
1265,2000,8,4,0.0,4.400000000000002,0.1,0.9000000000000004,3.0,5,0,391,109,0,0.3221775166771722,0.13404291611063346,success
1266,2000,8,4,0.0,4.400000000000002,0.1,0.9100000000000004,3.0,5,0,389,111,0,0.32316332269623066,0.13274987572444588,success
1267,2000,8,4,0.0,4.400000000000002,0.1,0.9200000000000004,3.0,5,0,388,112,0,0.3214190759213382,0.13343356354339442,success
1268,2000,8,4,0.0,4.400000000000002,0.1,0.9300000000000004,3.0,5,0,386,114,0,0.3203818132826417,0.13333775545820056,success
1270,2000,8,4,0.0,4.400000000000002,0.1,0.9500000000000004,3.0,5,0,385,115,0,0.3236456955638008,0.13648444152273773,success
1269,2000,8,4,0.0,4.400000000000002,0.1,0.9400000000000004,3.0,5,0,386,114,0,0.3227130850808369,0.13679425009376683,success
1271,2000,8,4,0.0,4.400000000000002,0.1,0.9600000000000004,3.0,5,0,384,116,0,0.3256765696457549,0.13652670327750005,success
1272,2000,8,4,0.0,4.400000000000002,0.1,0.9700000000000004,3.0,5,0,382,118,0,0.3256080762525384,0.1353919791218405,success
1273,2000,8,4,0.0,4.400000000000002,0.1,0.9800000000000004,3.0,5,0,381,119,0,0.326782639890027,0.13775620828989252,success
1274,2000,8,4,0.0,4.400000000000002,0.1,0.9900000000000004,3.0,5,0,381,119,0,0.3290374615845538,0.13866718399041764,success
1275,2000,8,4,0.0,4.400000000000002,0.1,1.0000000000000004,3.0,5,0,378,122,0,0.32726699884798294,0.14033877155327062,success
1276,2000,8,4,0.0,4.500000000000002,0.1,0.5,3.0,5,0,454,46,0,0.263887878485723,0.11791303589095714,success
1277,2000,8,4,0.0,4.500000000000002,0.1,0.51,3.0,5,0,453,47,0,0.2636564015205034,0.11719698106605804,success
1278,2000,8,4,0.0,4.500000000000002,0.1,0.52,3.0,5,0,453,47,0,0.26552199918290675,0.11691157172410473,success
1279,2000,8,4,0.0,4.500000000000002,0.1,0.53,3.0,5,0,452,48,0,0.2696460947240662,0.11656996169744661,success
1280,2000,8,4,0.0,4.500000000000002,0.1,0.54,3.0,5,0,451,49,0,0.27155031654279027,0.11981150240512195,success
1281,2000,8,4,0.0,4.500000000000002,0.1,0.55,3.0,5,0,449,51,0,0.2755088544319387,0.12055332590401391,success
1282,2000,8,4,0.0,4.500000000000002,0.1,0.56,3.0,5,0,449,51,0,0.27881654184191007,0.11898311966230099,success
1283,2000,8,4,0.0,4.500000000000002,0.1,0.5700000000000001,3.0,5,0,449,51,0,0.2790228048687075,0.11891053077362762,success
1284,2000,8,4,0.0,4.500000000000002,0.1,0.5800000000000001,3.0,5,0,448,52,0,0.283160327600774,0.11671800320609278,success
1285,2000,8,4,0.0,4.500000000000002,0.1,0.5900000000000001,3.0,5,0,445,55,0,0.2822073463150559,0.11401796397126483,success
1286,2000,8,4,0.0,4.500000000000002,0.1,0.6000000000000001,3.0,5,0,443,57,0,0.28537252749247805,0.11634493477722432,success
1287,2000,8,4,0.0,4.500000000000002,0.1,0.6100000000000001,3.0,5,0,441,59,0,0.28111810035253315,0.11825308221073652,success
1288,2000,8,4,0.0,4.500000000000002,0.1,0.6200000000000001,3.0,5,0,441,59,0,0.2814888932452773,0.11831543040802583,success
1289,2000,8,4,0.0,4.500000000000002,0.1,0.6300000000000001,3.0,5,0,440,60,0,0.28098623371928877,0.1181139013647468,success
1290,2000,8,4,0.0,4.500000000000002,0.1,0.6400000000000001,3.0,5,0,438,62,0,0.28069107453181436,0.1175540751806422,success
1291,2000,8,4,0.0,4.500000000000002,0.1,0.6500000000000001,3.0,5,0,435,65,0,0.27792241775116544,0.11574040654785961,success
1292,2000,8,4,0.0,4.500000000000002,0.1,0.6600000000000001,3.0,5,0,434,66,0,0.27779974764497967,0.11479512258216741,success
1293,2000,8,4,0.0,4.500000000000002,0.1,0.6700000000000002,3.0,5,0,434,66,0,0.2821109166177817,0.11735987843730296,success
1294,2000,8,4,0.0,4.500000000000002,0.1,0.6800000000000002,3.0,5,0,434,66,0,0.28371537868399793,0.11631385913855531,success
1295,2000,8,4,0.0,4.500000000000002,0.1,0.6900000000000002,3.0,5,0,432,68,0,0.2833892662982463,0.11466284336557898,success
1296,2000,8,4,0.0,4.500000000000002,0.1,0.7000000000000002,3.0,5,0,432,68,0,0.2870500233849778,0.11502503562568184,success
1297,2000,8,4,0.0,4.500000000000002,0.1,0.7100000000000002,3.0,5,0,430,70,0,0.28770305187333045,0.11262564389624932,success
1298,2000,8,4,0.0,4.500000000000002,0.1,0.7200000000000002,3.0,5,0,430,70,0,0.2906981283423067,0.11681208456625584,success
1299,2000,8,4,0.0,4.500000000000002,0.1,0.7300000000000002,3.0,5,0,428,72,0,0.291369425915783,0.11633550603698531,success
1301,2000,8,4,0.0,4.500000000000002,0.1,0.7500000000000002,3.0,5,0,425,75,0,0.29006463703634633,0.11547498091411271,success
1300,2000,8,4,0.0,4.500000000000002,0.1,0.7400000000000002,3.0,5,0,428,72,0,0.29283467575427446,0.11660041172280142,success
1302,2000,8,4,0.0,4.500000000000002,0.1,0.7600000000000002,3.0,5,0,425,75,0,0.2914555159298761,0.11533070855926443,success
1304,2000,8,4,0.0,4.500000000000002,0.1,0.7800000000000002,3.0,5,0,422,78,0,0.2942368902823634,0.11853788904933972,success
1303,2000,8,4,0.0,4.500000000000002,0.1,0.7700000000000002,3.0,5,0,422,78,0,0.29336975561360085,0.11812975049837499,success
1305,2000,8,4,0.0,4.500000000000002,0.1,0.7900000000000003,3.0,5,0,420,80,0,0.2940649001571731,0.11892077595051216,success
1306,2000,8,4,0.0,4.500000000000002,0.1,0.8000000000000003,3.0,5,0,419,81,0,0.29449580396685726,0.1178802744282377,success
1307,2000,8,4,0.0,4.500000000000002,0.1,0.8100000000000003,3.0,5,0,417,83,0,0.2959672560186681,0.1166683198526854,success
1308,2000,8,4,0.0,4.500000000000002,0.1,0.8200000000000003,3.0,5,0,416,84,0,0.29763287223829993,0.11697386339717812,success
1309,2000,8,4,0.0,4.500000000000002,0.1,0.8300000000000003,3.0,5,0,416,84,0,0.3026918361143053,0.11784247443495412,success
1310,2000,8,4,0.0,4.500000000000002,0.1,0.8400000000000003,3.0,5,0,413,87,0,0.2997707601434628,0.11875321400829779,success
1311,2000,8,4,0.0,4.500000000000002,0.1,0.8500000000000003,3.0,5,0,409,91,0,0.3019476697190278,0.11715621971466476,success
1313,2000,8,4,0.0,4.500000000000002,0.1,0.8700000000000003,3.0,5,0,407,93,0,0.3012644391180618,0.11791202973537171,success
1312,2000,8,4,0.0,4.500000000000002,0.1,0.8600000000000003,3.0,5,0,409,91,0,0.3026505543622114,0.11660881068499403,success
1314,2000,8,4,0.0,4.500000000000002,0.1,0.8800000000000003,3.0,5,0,406,94,0,0.30236180638019916,0.11672394191377444,success
1315,2000,8,4,0.0,4.500000000000002,0.1,0.8900000000000003,3.0,5,0,404,96,0,0.3001554679360481,0.11720710438994014,success
1316,2000,8,4,0.0,4.500000000000002,0.1,0.9000000000000004,3.0,5,0,404,96,0,0.30252153828855327,0.11897930907591378,success
1317,2000,8,4,0.0,4.500000000000002,0.1,0.9100000000000004,3.0,5,0,403,97,0,0.30329271112768963,0.11874877133289989,success
1318,2000,8,4,0.0,4.500000000000002,0.1,0.9200000000000004,3.0,5,0,403,97,0,0.30329273364550957,0.11874877050081112,success
1319,2000,8,4,0.0,4.500000000000002,0.1,0.9300000000000004,3.0,5,0,402,98,0,0.30300958671365363,0.11867091062840653,success
1321,2000,8,4,0.0,4.500000000000002,0.1,0.9500000000000004,3.0,5,0,400,100,0,0.3118752911099122,0.13132406298501006,success
1320,2000,8,4,0.0,4.500000000000002,0.1,0.9400000000000004,3.0,5,0,401,99,0,0.31054164675298074,0.1314361336350907,success
1322,2000,8,4,0.0,4.500000000000002,0.1,0.9600000000000004,3.0,5,0,399,101,0,0.313680121983838,0.1312656995516454,success
1323,2000,8,4,0.0,4.500000000000002,0.1,0.9700000000000004,3.0,5,0,397,103,0,0.3139076309723821,0.1299876070215907,success
1324,2000,8,4,0.0,4.500000000000002,0.1,0.9800000000000004,3.0,5,0,396,104,0,0.3153894564667261,0.13343394277692677,success
1325,2000,8,4,0.0,4.500000000000002,0.1,0.9900000000000004,3.0,5,0,396,104,0,0.3172553231779392,0.13419654382159316,success
1327,2000,8,4,0.0,4.600000000000002,0.1,0.5,3.0,5,0,459,41,0,0.25170532952597047,0.10921783221289894,success
1326,2000,8,4,0.0,4.500000000000002,0.1,1.0000000000000004,3.0,5,0,393,107,0,0.3155381143068494,0.13615088206849632,success
1328,2000,8,4,0.0,4.600000000000002,0.1,0.51,3.0,5,0,458,42,0,0.2517363564686951,0.10855891025696565,success
1329,2000,8,4,0.0,4.600000000000002,0.1,0.52,3.0,5,0,458,42,0,0.2538240490909084,0.10844621509576192,success
1331,2000,8,4,0.0,4.600000000000002,0.1,0.54,3.0,5,0,457,43,0,0.26380936836873375,0.1127630957523924,success
1330,2000,8,4,0.0,4.600000000000002,0.1,0.53,3.0,5,0,457,43,0,0.2585459354519423,0.1088212969892581,success
1332,2000,8,4,0.0,4.600000000000002,0.1,0.55,3.0,5,0,455,45,0,0.2686397534508378,0.11428346787650635,success
1333,2000,8,4,0.0,4.600000000000002,0.1,0.56,3.0,5,0,455,45,0,0.27238846584880544,0.11262451012562166,success
1334,2000,8,4,0.0,4.600000000000002,0.1,0.5700000000000001,3.0,5,0,455,45,0,0.2726222306125091,0.11255098445391047,success
1337,2000,8,4,0.0,4.600000000000002,0.1,0.6000000000000001,3.0,5,0,448,52,0,0.27304512277817516,0.11008812250861294,success
1335,2000,8,4,0.0,4.600000000000002,0.1,0.5800000000000001,3.0,5,0,453,47,0,0.27080589044955394,0.11135513167666548,success
1336,2000,8,4,0.0,4.600000000000002,0.1,0.5900000000000001,3.0,5,0,450,50,0,0.270142706373788,0.10871412712974902,success
1338,2000,8,4,0.0,4.600000000000002,0.1,0.6100000000000001,3.0,5,0,446,54,0,0.26843266160122736,0.11211717399521501,success
1339,2000,8,4,0.0,4.600000000000002,0.1,0.6200000000000001,3.0,5,0,446,54,0,0.26843266160122736,0.11211717399521501,success
1340,2000,8,4,0.0,4.600000000000002,0.1,0.6300000000000001,3.0,5,0,445,55,0,0.2675945188625212,0.11244042030686681,success
1341,2000,8,4,0.0,4.600000000000002,0.1,0.6400000000000001,3.0,5,0,444,56,0,0.26952968332597116,0.11218934930196336,success
1342,2000,8,4,0.0,4.600000000000002,0.1,0.6500000000000001,3.0,5,0,442,58,0,0.26802792864346964,0.11080489744972459,success
1343,2000,8,4,0.0,4.600000000000002,0.1,0.6600000000000001,3.0,5,0,442,58,0,0.2681352978069749,0.11073753351221235,success
1344,2000,8,4,0.0,4.600000000000002,0.1,0.6700000000000002,3.0,5,0,442,58,0,0.27204852453199124,0.11399664257973043,success
1345,2000,8,4,0.0,4.600000000000002,0.1,0.6800000000000002,3.0,5,0,442,58,0,0.2738438098138746,0.11291392415736831,success
1346,2000,8,4,0.0,4.600000000000002,0.1,0.6900000000000002,3.0,5,0,442,58,0,0.274344228813475,0.11242522116866763,success
1347,2000,8,4,0.0,4.600000000000002,0.1,0.7000000000000002,3.0,5,0,442,58,0,0.27572913869435434,0.1124071369549293,success
1348,2000,8,4,0.0,4.600000000000002,0.1,0.7100000000000002,3.0,5,0,441,59,0,0.27785918921055475,0.11047729257068864,success
1349,2000,8,4,0.0,4.600000000000002,0.1,0.7200000000000002,3.0,5,0,441,59,0,0.2814126697669672,0.11583210381247569,success
1350,2000,8,4,0.0,4.600000000000002,0.1,0.7300000000000002,3.0,5,0,440,60,0,0.28266098125477973,0.11532134072101825,success
1351,2000,8,4,0.0,4.600000000000002,0.1,0.7400000000000002,3.0,5,0,440,60,0,0.28269446204092163,0.11527920451121726,success
1352,2000,8,4,0.0,4.600000000000002,0.1,0.7500000000000002,3.0,5,0,437,63,0,0.27942715766346954,0.1138976289539067,success
1353,2000,8,4,0.0,4.600000000000002,0.1,0.7600000000000002,3.0,5,0,437,63,0,0.28057042198899584,0.11401944127600189,success
1354,2000,8,4,0.0,4.600000000000002,0.1,0.7700000000000002,3.0,5,0,435,65,0,0.2832747921876565,0.11855089200581478,success
1355,2000,8,4,0.0,4.600000000000002,0.1,0.7800000000000002,3.0,5,0,435,65,0,0.2848487449623735,0.11875798237894634,success
1356,2000,8,4,0.0,4.600000000000002,0.1,0.7900000000000003,3.0,5,0,433,67,0,0.285048432703773,0.1191275206391231,success
1357,2000,8,4,0.0,4.600000000000002,0.1,0.8000000000000003,3.0,5,0,432,68,0,0.2855250689529266,0.11815785022503955,success
1358,2000,8,4,0.0,4.600000000000002,0.1,0.8100000000000003,3.0,5,0,431,69,0,0.28642690360420664,0.11734271947504887,success
1359,2000,8,4,0.0,4.600000000000002,0.1,0.8200000000000003,3.0,5,0,430,70,0,0.2885619338238954,0.11786289114679403,success
1360,2000,8,4,0.0,4.600000000000002,0.1,0.8300000000000003,3.0,5,0,430,70,0,0.2941039653812952,0.11792917326618702,success
1361,2000,8,4,0.0,4.600000000000002,0.1,0.8400000000000003,3.0,5,0,427,73,0,0.29053669747568234,0.11775150728733288,success
1362,2000,8,4,0.0,4.600000000000002,0.1,0.8500000000000003,3.0,5,0,423,77,0,0.29301617942219726,0.11597672231094912,success
1363,2000,8,4,0.0,4.600000000000002,0.1,0.8600000000000003,3.0,5,0,423,77,0,0.29384686127323245,0.11538625851540156,success
1364,2000,8,4,0.0,4.600000000000002,0.1,0.8700000000000003,3.0,5,0,421,79,0,0.2924379836589545,0.11685426220733816,success
1365,2000,8,4,0.0,4.600000000000002,0.1,0.8800000000000003,3.0,5,0,420,80,0,0.29365275954078973,0.11568225890363441,success
1366,2000,8,4,0.0,4.600000000000002,0.1,0.8900000000000003,3.0,5,0,418,82,0,0.2912821449437204,0.11609190709960815,success
1367,2000,8,4,0.0,4.600000000000002,0.1,0.9000000000000004,3.0,5,0,418,82,0,0.2938955483772149,0.11841538028400363,success
1368,2000,8,4,0.0,4.600000000000002,0.1,0.9100000000000004,3.0,5,0,417,83,0,0.2949540207913255,0.11816843951158247,success
1369,2000,8,4,0.0,4.600000000000002,0.1,0.9200000000000004,3.0,5,0,417,83,0,0.29495404922507246,0.11816844047786722,success
1370,2000,8,4,0.0,4.600000000000002,0.1,0.9300000000000004,3.0,5,0,416,84,0,0.29423001257767767,0.11857698741636293,success
1371,2000,8,4,0.0,4.600000000000002,0.1,0.9400000000000004,3.0,5,0,415,85,0,0.30201538366252384,0.13293171032480974,success
1372,2000,8,4,0.0,4.600000000000002,0.1,0.9500000000000004,3.0,5,0,415,85,0,0.3057526870855521,0.1319716542633758,success
1373,2000,8,4,0.0,4.600000000000002,0.1,0.9600000000000004,3.0,5,0,414,86,0,0.3069024348615794,0.1322552935935454,success
1375,2000,8,4,0.0,4.600000000000002,0.1,0.9800000000000004,3.0,5,0,411,89,0,0.30550846377390795,0.1321930757735799,success
1374,2000,8,4,0.0,4.600000000000002,0.1,0.9700000000000004,3.0,5,0,412,88,0,0.307237291357101,0.1307953334884031,success
1376,2000,8,4,0.0,4.600000000000002,0.1,0.9900000000000004,3.0,5,0,411,89,0,0.3073626662493076,0.13306692714792295,success
1377,2000,8,4,0.0,4.600000000000002,0.1,1.0000000000000004,3.0,5,0,408,92,0,0.3048724350229057,0.1339858073845258,success
1378,2000,8,4,0.0,4.700000000000003,0.1,0.5,3.0,5,0,464,36,0,0.2546756731235016,0.10709458334950508,success
1379,2000,8,4,0.0,4.700000000000003,0.1,0.51,3.0,5,0,463,37,0,0.25376503912641285,0.10681385487230294,success
1380,2000,8,4,0.0,4.700000000000003,0.1,0.52,3.0,5,0,463,37,0,0.25613485237334627,0.1066338508465439,success
1381,2000,8,4,0.0,4.700000000000003,0.1,0.53,3.0,5,0,462,38,0,0.2573489352398847,0.10495581878452423,success
1382,2000,8,4,0.0,4.700000000000003,0.1,0.54,3.0,5,0,462,38,0,0.26199801249309046,0.10718140991998731,success
1384,2000,8,4,0.0,4.700000000000003,0.1,0.56,3.0,5,0,461,39,0,0.2712175614995421,0.10625059984769772,success
1383,2000,8,4,0.0,4.700000000000003,0.1,0.55,3.0,5,0,461,39,0,0.26707866357355564,0.1084074722350772,success
1385,2000,8,4,0.0,4.700000000000003,0.1,0.5700000000000001,3.0,5,0,461,39,0,0.27146262592400494,0.10617668344737592,success
1386,2000,8,4,0.0,4.700000000000003,0.1,0.5800000000000001,3.0,5,0,459,41,0,0.26889728927785633,0.1050182827410866,success
1387,2000,8,4,0.0,4.700000000000003,0.1,0.5900000000000001,3.0,5,0,458,42,0,0.2716188787610098,0.10945547814297447,success
1388,2000,8,4,0.0,4.700000000000003,0.1,0.6000000000000001,3.0,5,0,456,44,0,0.2734199678163907,0.10729311316647595,success
1389,2000,8,4,0.0,4.700000000000003,0.1,0.6100000000000001,3.0,5,0,454,46,0,0.2679890418678775,0.1098606883554486,success
1390,2000,8,4,0.0,4.700000000000003,0.1,0.6200000000000001,3.0,5,0,454,46,0,0.2679890418678775,0.1098606883554486,success
1391,2000,8,4,0.0,4.700000000000003,0.1,0.6300000000000001,3.0,5,0,453,47,0,0.266866517989766,0.11053025440334453,success
1392,2000,8,4,0.0,4.700000000000003,0.1,0.6400000000000001,3.0,5,0,452,48,0,0.269022643787874,0.11036370993983265,success
1393,2000,8,4,0.0,4.700000000000003,0.1,0.6500000000000001,3.0,5,0,450,50,0,0.26704519918776,0.10872190586155032,success
1394,2000,8,4,0.0,4.700000000000003,0.1,0.6600000000000001,3.0,5,0,450,50,0,0.2671697474174261,0.10864317688667074,success
1395,2000,8,4,0.0,4.700000000000003,0.1,0.6700000000000002,3.0,5,0,450,50,0,0.2710331590922185,0.11178308953121284,success
1396,2000,8,4,0.0,4.700000000000003,0.1,0.6800000000000002,3.0,5,0,450,50,0,0.2727350450642732,0.11085279823136679,success
1398,2000,8,4,0.0,4.700000000000003,0.1,0.7000000000000002,3.0,5,0,450,50,0,0.27492202656565845,0.11027141653741852,success
1397,2000,8,4,0.0,4.700000000000003,0.1,0.6900000000000002,3.0,5,0,450,50,0,0.2733155311038097,0.11027921670165647,success
1399,2000,8,4,0.0,4.700000000000003,0.1,0.7100000000000002,3.0,5,0,449,51,0,0.277392250767174,0.1078390479379234,success
1400,2000,8,4,0.0,4.700000000000003,0.1,0.7200000000000002,3.0,5,0,449,51,0,0.27961911524008315,0.10811242800737877,success
1401,2000,8,4,0.0,4.700000000000003,0.1,0.7300000000000002,3.0,5,0,448,52,0,0.2810939660823069,0.10765944767940348,success
1402,2000,8,4,0.0,4.700000000000003,0.1,0.7400000000000002,3.0,5,0,448,52,0,0.28113259775862454,0.10760780226310625,success
1404,2000,8,4,0.0,4.700000000000003,0.1,0.7600000000000002,3.0,5,0,445,55,0,0.27914119879143506,0.1070573713878049,success
1403,2000,8,4,0.0,4.700000000000003,0.1,0.7500000000000002,3.0,5,0,445,55,0,0.2778316414731049,0.10688952327137105,success
1405,2000,8,4,0.0,4.700000000000003,0.1,0.7700000000000002,3.0,5,0,443,57,0,0.2806353151081196,0.11034376769915354,success
1406,2000,8,4,0.0,4.700000000000003,0.1,0.7800000000000002,3.0,5,0,442,58,0,0.27921206003850485,0.11138055020355525,success
1407,2000,8,4,0.0,4.700000000000003,0.1,0.7900000000000003,3.0,5,0,440,60,0,0.2802632069477006,0.11177428393805192,success
1408,2000,8,4,0.0,4.700000000000003,0.1,0.8000000000000003,3.0,5,0,439,61,0,0.2808729845641987,0.11077132911278079,success
1409,2000,8,4,0.0,4.700000000000003,0.1,0.8100000000000003,3.0,5,0,439,61,0,0.2814036235743737,0.11079813586841239,success
1410,2000,8,4,0.0,4.700000000000003,0.1,0.8200000000000003,3.0,5,0,438,62,0,0.28169380753383666,0.1117174414285843,success
1411,2000,8,4,0.0,4.700000000000003,0.1,0.8300000000000003,3.0,5,0,437,63,0,0.28495086583830137,0.1110916285611433,success
1412,2000,8,4,0.0,4.700000000000003,0.1,0.8400000000000003,3.0,5,0,434,66,0,0.28142669166843787,0.1108583182343266,success
1413,2000,8,4,0.0,4.700000000000003,0.1,0.8500000000000003,3.0,5,0,432,68,0,0.2831886798150109,0.1092490276380102,success
1414,2000,8,4,0.0,4.700000000000003,0.1,0.8600000000000003,3.0,5,0,432,68,0,0.28377972847837596,0.10898290137613206,success
1415,2000,8,4,0.0,4.700000000000003,0.1,0.8700000000000003,3.0,5,0,430,70,0,0.2818835093373968,0.11136108346011034,success
1416,2000,8,4,0.0,4.700000000000003,0.1,0.8800000000000003,3.0,5,0,429,71,0,0.282480911817307,0.11024783993420871,success
1417,2000,8,4,0.0,4.700000000000003,0.1,0.8900000000000003,3.0,5,0,427,73,0,0.2795566451219321,0.11068358069986552,success
1418,2000,8,4,0.0,4.700000000000003,0.1,0.9000000000000004,3.0,5,0,427,73,0,0.2820354366061976,0.11261915257358057,success
1419,2000,8,4,0.0,4.700000000000003,0.1,0.9100000000000004,3.0,5,0,426,74,0,0.28278579152274685,0.1119517629405347,success
1420,2000,8,4,0.0,4.700000000000003,0.1,0.9200000000000004,3.0,5,0,426,74,0,0.283391995776171,0.11181724323842147,success
1421,2000,8,4,0.0,4.700000000000003,0.1,0.9300000000000004,3.0,5,0,425,75,0,0.28186022284920026,0.11201637771855921,success
1422,2000,8,4,0.0,4.700000000000003,0.1,0.9400000000000004,3.0,5,0,425,75,0,0.2827364519365202,0.11202397676479019,success
1423,2000,8,4,0.0,4.700000000000003,0.1,0.9500000000000004,3.0,5,0,425,75,0,0.28689968517515346,0.11130724719246762,success
1424,2000,8,4,0.0,4.700000000000003,0.1,0.9600000000000004,3.0,5,0,423,77,0,0.28698815559368873,0.11135494097338158,success
1425,2000,8,4,0.0,4.700000000000003,0.1,0.9700000000000004,3.0,5,0,421,79,0,0.2879585739165458,0.10998973352291579,success
1426,2000,8,4,0.0,4.700000000000003,0.1,0.9800000000000004,3.0,5,0,419,81,0,0.29158795776817226,0.11957516913731672,success
1427,2000,8,4,0.0,4.700000000000003,0.1,0.9900000000000004,3.0,5,0,419,81,0,0.2940168952895941,0.12065166634242934,success
1428,2000,8,4,0.0,4.700000000000003,0.1,1.0000000000000004,3.0,5,0,416,84,0,0.2917229441130062,0.12200808900207841,success
1429,2000,8,4,0.0,4.8000000000000025,0.1,0.5,3.0,5,0,476,24,0,0.243689838284977,0.09610902584946308,success
1430,2000,8,4,0.0,4.8000000000000025,0.1,0.51,3.0,5,0,475,25,0,0.24278153336282662,0.09599210438118924,success
1431,2000,8,4,0.0,4.8000000000000025,0.1,0.52,3.0,5,0,474,26,0,0.24195539554102907,0.09466431749973946,success
1432,2000,8,4,0.0,4.8000000000000025,0.1,0.53,3.0,5,0,474,26,0,0.24387203917268405,0.09457845994295468,success
1433,2000,8,4,0.0,4.8000000000000025,0.1,0.54,3.0,5,0,473,27,0,0.24333373252650856,0.09331755315349682,success
1434,2000,8,4,0.0,4.8000000000000025,0.1,0.55,3.0,5,0,472,28,0,0.247271666374703,0.09048942929936728,success
1435,2000,8,4,0.0,4.8000000000000025,0.1,0.56,3.0,5,0,471,29,0,0.24676807277846682,0.08818392109154989,success
1436,2000,8,4,0.0,4.8000000000000025,0.1,0.5700000000000001,3.0,5,0,471,29,0,0.246858596853546,0.08807370105633561,success
1437,2000,8,4,0.0,4.8000000000000025,0.1,0.5800000000000001,3.0,5,0,469,31,0,0.24505308897124994,0.08682553896066054,success
1438,2000,8,4,0.0,4.8000000000000025,0.1,0.5900000000000001,3.0,5,0,467,33,0,0.24945903576451608,0.08640110318383033,success
1439,2000,8,4,0.0,4.8000000000000025,0.1,0.6000000000000001,3.0,5,0,466,34,0,0.24948861675785286,0.08508209974359521,success
1440,2000,8,4,0.0,4.8000000000000025,0.1,0.6100000000000001,3.0,5,0,464,36,0,0.24333716828818025,0.08888151338888321,success
1441,2000,8,4,0.0,4.8000000000000025,0.1,0.6200000000000001,3.0,5,0,464,36,0,0.24333716828818025,0.08888151338888321,success
1442,2000,8,4,0.0,4.8000000000000025,0.1,0.6300000000000001,3.0,5,0,464,36,0,0.2436916518638144,0.08839373458543405,success
1443,2000,8,4,0.0,4.8000000000000025,0.1,0.6400000000000001,3.0,5,0,464,36,0,0.2436916518638144,0.08839373458543405,success
1444,2000,8,4,0.0,4.8000000000000025,0.1,0.6500000000000001,3.0,5,0,464,36,0,0.24382418871481853,0.088299522002568,success
1445,2000,8,4,0.0,4.8000000000000025,0.1,0.6600000000000001,3.0,5,0,464,36,0,0.2439971723671325,0.08821055555176392,success
1446,2000,8,4,0.0,4.8000000000000025,0.1,0.6700000000000002,3.0,5,0,464,36,0,0.24676743479738317,0.08997279491400037,success
1447,2000,8,4,0.0,4.8000000000000025,0.1,0.6800000000000002,3.0,5,0,464,36,0,0.24833697342354558,0.0894315637876983,success
1448,2000,8,4,0.0,4.8000000000000025,0.1,0.6900000000000002,3.0,5,0,464,36,0,0.24833697342354558,0.0894315637876983,success
1449,2000,8,4,0.0,4.8000000000000025,0.1,0.7000000000000002,3.0,5,0,464,36,0,0.25047645035725785,0.08971692864286605,success
1450,2000,8,4,0.0,4.8000000000000025,0.1,0.7100000000000002,3.0,5,0,463,37,0,0.2509568654163461,0.09125114789396194,success
1451,2000,8,4,0.0,4.8000000000000025,0.1,0.7200000000000002,3.0,5,0,463,37,0,0.25148277871296276,0.09211696168093797,success
1452,2000,8,4,0.0,4.8000000000000025,0.1,0.7300000000000002,3.0,5,0,463,37,0,0.25277982553742123,0.09340926019141517,success
1453,2000,8,4,0.0,4.8000000000000025,0.1,0.7400000000000002,3.0,5,0,462,38,0,0.25432726217422913,0.09263079687313866,success
1454,2000,8,4,0.0,4.8000000000000025,0.1,0.7500000000000002,3.0,5,0,460,40,0,0.25260891028033133,0.09354000586124862,success
1455,2000,8,4,0.0,4.8000000000000025,0.1,0.7600000000000002,3.0,5,0,460,40,0,0.25291203880270485,0.0935895591653226,success
1456,2000,8,4,0.0,4.8000000000000025,0.1,0.7700000000000002,3.0,5,0,459,41,0,0.25274514757062927,0.0928869595602245,success
1457,2000,8,4,0.0,4.8000000000000025,0.1,0.7800000000000002,3.0,5,0,458,42,0,0.25144375170712013,0.09456163415368227,success
1458,2000,8,4,0.0,4.8000000000000025,0.1,0.7900000000000003,3.0,5,0,458,42,0,0.2541357537951785,0.0947314212851015,success
1459,2000,8,4,0.0,4.8000000000000025,0.1,0.8000000000000003,3.0,5,0,458,42,0,0.25419760003896164,0.09466194777140016,success
1460,2000,8,4,0.0,4.8000000000000025,0.1,0.8100000000000003,3.0,5,0,458,42,0,0.2549252828435923,0.09498590021988909,success
1461,2000,8,4,0.0,4.8000000000000025,0.1,0.8200000000000003,3.0,5,0,457,43,0,0.25423768252387974,0.09395655495373195,success
1462,2000,8,4,0.0,4.8000000000000025,0.1,0.8300000000000003,3.0,5,0,455,45,0,0.25442764426885633,0.09189104537787972,success
1463,2000,8,4,0.0,4.8000000000000025,0.1,0.8400000000000003,3.0,5,0,452,48,0,0.25208474511662055,0.09123258875325016,success
1464,2000,8,4,0.0,4.8000000000000025,0.1,0.8500000000000003,3.0,5,0,451,49,0,0.2535893838415577,0.09012975557784283,success
1465,2000,8,4,0.0,4.8000000000000025,0.1,0.8600000000000003,3.0,5,0,451,49,0,0.2539335062799989,0.0897493915800956,success
1466,2000,8,4,0.0,4.8000000000000025,0.1,0.8700000000000003,3.0,5,0,450,50,0,0.25449968465338896,0.09118860283720796,success
1468,2000,8,4,0.0,4.8000000000000025,0.1,0.8900000000000003,3.0,5,0,450,50,0,0.2565785166029504,0.09083525261418579,success
1467,2000,8,4,0.0,4.8000000000000025,0.1,0.8800000000000003,3.0,5,0,450,50,0,0.2565785166029504,0.09083525261418579,success
1469,2000,8,4,0.0,4.8000000000000025,0.1,0.9000000000000004,3.0,5,0,450,50,0,0.2599148013156936,0.094886281047252,success
1470,2000,8,4,0.0,4.8000000000000025,0.1,0.9100000000000004,3.0,5,0,449,51,0,0.2614372895336387,0.09442227879718264,success
1471,2000,8,4,0.0,4.8000000000000025,0.1,0.9200000000000004,3.0,5,0,449,51,0,0.2623168337444699,0.09439108559622586,success
1472,2000,8,4,0.0,4.8000000000000025,0.1,0.9300000000000004,3.0,5,0,449,51,0,0.26281707340010163,0.09410771502106756,success
1473,2000,8,4,0.0,4.8000000000000025,0.1,0.9400000000000004,3.0,5,0,449,51,0,0.26345146339963893,0.0943913483094849,success
1474,2000,8,4,0.0,4.8000000000000025,0.1,0.9500000000000004,3.0,5,0,448,52,0,0.2657626075694552,0.09305589144988823,success
1475,2000,8,4,0.0,4.8000000000000025,0.1,0.9600000000000004,3.0,5,0,446,54,0,0.2661507562628296,0.09585328067303135,success
1476,2000,8,4,0.0,4.8000000000000025,0.1,0.9700000000000004,3.0,5,0,445,55,0,0.26781061926564526,0.09539785545579237,success
1477,2000,8,4,0.0,4.8000000000000025,0.1,0.9800000000000004,3.0,5,0,443,57,0,0.2742457428328675,0.1131468796265213,success
1478,2000,8,4,0.0,4.8000000000000025,0.1,0.9900000000000004,3.0,5,0,442,58,0,0.27673396325642646,0.11276242775327555,success
1479,2000,8,4,0.0,4.8000000000000025,0.1,1.0000000000000004,3.0,5,0,440,60,0,0.27604839942525566,0.11411413624038265,success
1480,2000,8,4,0.0,4.900000000000002,0.1,0.5,3.0,5,0,481,19,0,0.236541750466152,0.09987097249663655,success
1481,2000,8,4,0.0,4.900000000000002,0.1,0.51,3.0,5,0,480,20,0,0.2326971446552691,0.09924627652358674,success
1482,2000,8,4,0.0,4.900000000000002,0.1,0.52,3.0,5,0,479,21,0,0.2313019540041615,0.09694436512566439,success
1483,2000,8,4,0.0,4.900000000000002,0.1,0.53,3.0,5,0,479,21,0,0.23163649769971922,0.09689277965814495,success
1484,2000,8,4,0.0,4.900000000000002,0.1,0.54,3.0,5,0,478,22,0,0.2311630063248795,0.09458374789006088,success
1485,2000,8,4,0.0,4.900000000000002,0.1,0.55,3.0,5,0,477,23,0,0.2364861747575838,0.09173953232528796,success
1486,2000,8,4,0.0,4.900000000000002,0.1,0.56,3.0,5,0,476,24,0,0.23601070036316685,0.08898855354254973,success
1488,2000,8,4,0.0,4.900000000000002,0.1,0.5800000000000001,3.0,5,0,474,26,0,0.2340758884300968,0.08784320069089843,success
1487,2000,8,4,0.0,4.900000000000002,0.1,0.5700000000000001,3.0,5,0,476,24,0,0.23612008362055417,0.08886937477570193,success
1489,2000,8,4,0.0,4.900000000000002,0.1,0.5900000000000001,3.0,5,0,473,27,0,0.23579037170024567,0.08659680967982905,success
1490,2000,8,4,0.0,4.900000000000002,0.1,0.6000000000000001,3.0,5,0,473,27,0,0.23579037170024567,0.08659680967982905,success
1491,2000,8,4,0.0,4.900000000000002,0.1,0.6100000000000001,3.0,5,0,471,29,0,0.2276584080048976,0.0900535736746217,success
1492,2000,8,4,0.0,4.900000000000002,0.1,0.6200000000000001,3.0,5,0,471,29,0,0.2276584080048976,0.0900535736746217,success
1493,2000,8,4,0.0,4.900000000000002,0.1,0.6300000000000001,3.0,5,0,471,29,0,0.22831811371649896,0.08945752921500406,success
1494,2000,8,4,0.0,4.900000000000002,0.1,0.6400000000000001,3.0,5,0,471,29,0,0.22831811371649896,0.08945752921500406,success
1495,2000,8,4,0.0,4.900000000000002,0.1,0.6500000000000001,3.0,5,0,471,29,0,0.22848264222119377,0.08937043757582332,success
1496,2000,8,4,0.0,4.900000000000002,0.1,0.6600000000000001,3.0,5,0,471,29,0,0.22848264222119377,0.08937043757582332,success
1497,2000,8,4,0.0,4.900000000000002,0.1,0.6700000000000002,3.0,5,0,471,29,0,0.23067926672659025,0.08907298448509139,success
1498,2000,8,4,0.0,4.900000000000002,0.1,0.6800000000000002,3.0,5,0,471,29,0,0.23169057730175496,0.0889225412050647,success
1499,2000,8,4,0.0,4.900000000000002,0.1,0.6900000000000002,3.0,5,0,471,29,0,0.23169057730175496,0.0889225412050647,success
1500,2000,8,4,0.0,4.900000000000002,0.1,0.7000000000000002,3.0,5,0,471,29,0,0.2331288407093842,0.08880587762304722,success
1501,2000,8,4,0.0,4.900000000000002,0.1,0.7100000000000002,3.0,5,0,470,30,0,0.2342940991605175,0.0893658258916459,success
1502,2000,8,4,0.0,4.900000000000002,0.1,0.7200000000000002,3.0,5,0,470,30,0,0.2342940991605175,0.0893658258916459,success
1503,2000,8,4,0.0,4.900000000000002,0.1,0.7300000000000002,3.0,5,0,470,30,0,0.23589379024401622,0.09132506061117648,success
1504,2000,8,4,0.0,4.900000000000002,0.1,0.7400000000000002,3.0,5,0,469,31,0,0.23833535887279378,0.09081330730801797,success
1505,2000,8,4,0.0,4.900000000000002,0.1,0.7500000000000002,3.0,5,0,469,31,0,0.23907134911217612,0.09322509182153046,success
1506,2000,8,4,0.0,4.900000000000002,0.1,0.7600000000000002,3.0,5,0,469,31,0,0.23907134911217612,0.09322509182153046,success
1508,2000,8,4,0.0,4.900000000000002,0.1,0.7800000000000002,3.0,5,0,469,31,0,0.24313221207481323,0.09431528569335038,success
1507,2000,8,4,0.0,4.900000000000002,0.1,0.7700000000000002,3.0,5,0,469,31,0,0.24083022413672026,0.09302981303187662,success
1509,2000,8,4,0.0,4.900000000000002,0.1,0.7900000000000003,3.0,5,0,469,31,0,0.24313221207481323,0.09431528569335038,success
1510,2000,8,4,0.0,4.900000000000002,0.1,0.8000000000000003,3.0,5,0,469,31,0,0.24313221207481323,0.09431528569335038,success
1511,2000,8,4,0.0,4.900000000000002,0.1,0.8100000000000003,3.0,5,0,469,31,0,0.2448158028499235,0.09384677974173454,success
1512,2000,8,4,0.0,4.900000000000002,0.1,0.8200000000000003,3.0,5,0,468,32,0,0.244207761170112,0.09238476675920292,success
1513,2000,8,4,0.0,4.900000000000002,0.1,0.8300000000000003,3.0,5,0,466,34,0,0.24557827323692277,0.08916754817185617,success
1514,2000,8,4,0.0,4.900000000000002,0.1,0.8400000000000003,3.0,5,0,464,36,0,0.24460444423304364,0.08787365211838356,success
1515,2000,8,4,0.0,4.900000000000002,0.1,0.8500000000000003,3.0,5,0,464,36,0,0.24664216725923702,0.08783813666512968,success
1516,2000,8,4,0.0,4.900000000000002,0.1,0.8600000000000003,3.0,5,0,464,36,0,0.24711055613378197,0.08734036751520162,success
1517,2000,8,4,0.0,4.900000000000002,0.1,0.8700000000000003,3.0,5,0,464,36,0,0.24774771304879467,0.08684879303404698,success
1518,2000,8,4,0.0,4.900000000000002,0.1,0.8800000000000003,3.0,5,0,463,37,0,0.24614393463698686,0.0861879396564605,success
1519,2000,8,4,0.0,4.900000000000002,0.1,0.8900000000000003,3.0,5,0,463,37,0,0.24614393463698686,0.0861879396564605,success
1520,2000,8,4,0.0,4.900000000000002,0.1,0.9000000000000004,3.0,5,0,463,37,0,0.24928096968953264,0.09037205008616031,success
1522,2000,8,4,0.0,4.900000000000002,0.1,0.9200000000000004,3.0,5,0,463,37,0,0.2504933144125703,0.09049202555840889,success
1521,2000,8,4,0.0,4.900000000000002,0.1,0.9100000000000004,3.0,5,0,463,37,0,0.24928096968953264,0.09037205008616031,success
1523,2000,8,4,0.0,4.900000000000002,0.1,0.9300000000000004,3.0,5,0,463,37,0,0.2511828339379004,0.09017340543375754,success
1524,2000,8,4,0.0,4.900000000000002,0.1,0.9400000000000004,3.0,5,0,462,38,0,0.24831881605446932,0.09068174271871621,success
1525,2000,8,4,0.0,4.900000000000002,0.1,0.9500000000000004,3.0,5,0,459,41,0,0.24250790974561717,0.0899177266296158,success
1527,2000,8,4,0.0,4.900000000000002,0.1,0.9700000000000004,3.0,5,0,457,43,0,0.2473279498008259,0.09462334413067329,success
1526,2000,8,4,0.0,4.900000000000002,0.1,0.9600000000000004,3.0,5,0,458,42,0,0.24478697129638352,0.0945934388437063,success
1528,2000,8,4,0.0,4.900000000000002,0.1,0.9800000000000004,3.0,5,0,455,45,0,0.25634554908096463,0.11810102234625722,success
1529,2000,8,4,0.0,4.900000000000002,0.1,0.9900000000000004,3.0,5,0,455,45,0,0.2564509314475771,0.11804583700441533,success
1530,2000,8,4,0.0,4.900000000000002,0.1,1.0000000000000004,3.0,5,0,454,46,0,0.2596619426586038,0.11863849823627229,success
1531,2000,8,4,0.0,5.000000000000003,0.1,0.5,3.0,6,0,487,13,0,0.1869627686766653,0.05561722360085544,success
1532,2000,8,4,0.0,5.000000000000003,0.1,0.51,3.0,6,0,486,14,0,0.209905277021922,0.0944115932940143,success
1533,2000,8,4,0.0,5.000000000000003,0.1,0.52,3.0,6,0,486,14,0,0.209905277021922,0.0944115932940143,success
1534,2000,8,4,0.0,5.000000000000003,0.1,0.53,3.0,6,0,486,14,0,0.209905277021922,0.0944115932940143,success
1535,2000,8,4,0.0,5.000000000000003,0.1,0.54,3.0,6,0,485,15,0,0.20653727708809366,0.09190766145372019,success
1536,2000,8,4,0.0,5.000000000000003,0.1,0.55,3.0,6,0,485,15,0,0.20653727708809366,0.09190766145372019,success
1537,2000,8,4,0.0,5.000000000000003,0.1,0.56,3.0,6,0,485,15,0,0.20653727708809366,0.09190766145372019,success
1538,2000,8,4,0.0,5.000000000000003,0.1,0.5700000000000001,3.0,6,0,485,15,0,0.20653727708809366,0.09190766145372019,success
1539,2000,8,4,0.0,5.000000000000003,0.1,0.5800000000000001,3.0,6,0,484,16,0,0.20558515924341755,0.08887287628521956,success
1540,2000,8,4,0.0,5.000000000000003,0.1,0.5900000000000001,3.0,6,0,484,16,0,0.20725349416535077,0.08963203330993753,success
1541,2000,8,4,0.0,5.000000000000003,0.1,0.6000000000000001,3.0,6,0,483,17,0,0.20038840117280637,0.09128518000533237,success
1542,2000,8,4,0.0,5.000000000000003,0.1,0.6100000000000001,3.0,6,0,483,17,0,0.20038840117280637,0.09128518000533237,success
1543,2000,8,4,0.0,5.000000000000003,0.1,0.6200000000000001,3.0,6,0,483,17,0,0.20038840117280637,0.09128518000533237,success
1544,2000,8,4,0.0,5.000000000000003,0.1,0.6300000000000001,3.0,6,0,482,18,0,0.19984557572422817,0.08858957288755427,success
1546,2000,8,4,0.0,5.000000000000003,0.1,0.6500000000000001,3.0,6,0,481,19,0,0.1950885868014011,0.08855538440561038,success
1545,2000,8,4,0.0,5.000000000000003,0.1,0.6400000000000001,3.0,6,0,482,18,0,0.19984557572422817,0.08858957288755427,success
1547,2000,8,4,0.0,5.000000000000003,0.1,0.6600000000000001,3.0,6,0,481,19,0,0.1957315541235603,0.08857175798562354,success
1548,2000,8,4,0.0,5.000000000000003,0.1,0.6700000000000002,3.0,6,0,481,19,0,0.1957315541235603,0.08857175798562354,success
1549,2000,8,4,0.0,5.000000000000003,0.1,0.6800000000000002,3.0,6,0,480,20,0,0.19852648042540716,0.08644135593097459,success
1550,2000,8,4,0.0,5.000000000000003,0.1,0.6900000000000002,3.0,6,0,479,21,0,0.19651897128596318,0.08475337495504315,success
1551,2000,8,4,0.0,5.000000000000003,0.1,0.7000000000000002,3.0,6,0,479,21,0,0.19651897128596318,0.08475337495504315,success
1552,2000,8,4,0.0,5.000000000000003,0.1,0.7100000000000002,3.0,6,0,479,21,0,0.19878588350382986,0.08411764794781511,success
1553,2000,8,4,0.0,5.000000000000003,0.1,0.7200000000000002,3.0,6,0,478,22,0,0.19993293384137759,0.08260894104892756,success
1554,2000,8,4,0.0,5.000000000000003,0.1,0.7300000000000002,3.0,6,0,476,24,0,0.2076335697186434,0.083942511703992,success
1555,2000,8,4,0.0,5.000000000000003,0.1,0.7400000000000002,3.0,6,0,475,25,0,0.2136278609819394,0.08761728791414773,success
1556,2000,8,4,0.0,5.000000000000003,0.1,0.7500000000000002,3.0,6,0,475,25,0,0.2136278609819394,0.08761728791414773,success
1557,2000,8,4,0.0,5.000000000000003,0.1,0.7600000000000002,3.0,6,0,475,25,0,0.21462108706435043,0.08755419721769146,success
1558,2000,8,4,0.0,5.000000000000003,0.1,0.7700000000000002,3.0,6,0,474,26,0,0.21256779826891614,0.08642177861645113,success
1559,2000,8,4,0.0,5.000000000000003,0.1,0.7800000000000002,3.0,6,0,474,26,0,0.21688407826558082,0.08779230752072371,success
1560,2000,8,4,0.0,5.000000000000003,0.1,0.7900000000000003,3.0,6,0,474,26,0,0.21688407826558082,0.08779230752072371,success
1561,2000,8,4,0.0,5.000000000000003,0.1,0.8000000000000003,3.0,6,0,473,27,0,0.21554013935276142,0.08637021479562645,success
1562,2000,8,4,0.0,5.000000000000003,0.1,0.8100000000000003,3.0,6,0,473,27,0,0.21554013935276142,0.08637021479562645,success
1563,2000,8,4,0.0,5.000000000000003,0.1,0.8200000000000003,3.0,6,0,473,27,0,0.21721158387809802,0.08638105514560239,success
1564,2000,8,4,0.0,5.000000000000003,0.1,0.8300000000000003,3.0,6,0,473,27,0,0.2215905186668083,0.08861361954959056,success
1565,2000,8,4,0.0,5.000000000000003,0.1,0.8400000000000003,3.0,6,0,473,27,0,0.22372383586497757,0.09162721502128329,success
1566,2000,8,4,0.0,5.000000000000003,0.1,0.8500000000000003,3.0,6,0,472,28,0,0.22200874107724158,0.09037125521065731,success
1568,2000,8,4,0.0,5.000000000000003,0.1,0.8700000000000003,3.0,6,0,471,29,0,0.22161509031088986,0.08923785911807221,success
1567,2000,8,4,0.0,5.000000000000003,0.1,0.8600000000000003,3.0,6,0,471,29,0,0.22126226392653284,0.08879926957672678,success
1569,2000,8,4,0.0,5.000000000000003,0.1,0.8800000000000003,3.0,6,0,470,30,0,0.220288381671859,0.08939619870562929,success
1570,2000,8,4,0.0,5.000000000000003,0.1,0.8900000000000003,3.0,6,0,470,30,0,0.220288381671859,0.08939619870562929,success
1571,2000,8,4,0.0,5.000000000000003,0.1,0.9000000000000004,3.0,6,0,470,30,0,0.2203242337921765,0.08935106072800729,success
1572,2000,8,4,0.0,5.000000000000003,0.1,0.9100000000000004,3.0,6,0,470,30,0,0.2203242337921765,0.08935106072800729,success
1573,2000,8,4,0.0,5.000000000000003,0.1,0.9200000000000004,3.0,6,0,470,30,0,0.2203242337921765,0.08935106072800729,success
1574,2000,8,4,0.0,5.000000000000003,0.1,0.9300000000000004,3.0,6,0,470,30,0,0.22144678367373957,0.08914754620278914,success
1575,2000,8,4,0.0,5.000000000000003,0.1,0.9400000000000004,3.0,6,0,470,30,0,0.22311714562846713,0.0895794217542088,success
1576,2000,8,4,0.0,5.000000000000003,0.1,0.9500000000000004,3.0,6,0,469,31,0,0.21956569072733678,0.09026620721205018,success
1577,2000,8,4,0.0,5.000000000000003,0.1,0.9600000000000004,3.0,6,0,469,31,0,0.22143212365469633,0.09364624075185775,success
1578,2000,8,4,0.0,5.000000000000003,0.1,0.9700000000000004,3.0,6,0,469,31,0,0.22143212365469633,0.09364624075185775,success
1579,2000,8,4,0.0,5.000000000000003,0.1,0.9800000000000004,3.0,6,0,469,31,0,0.22218814820314162,0.09361385112511525,success
1580,2000,8,4,0.0,5.000000000000003,0.1,0.9900000000000004,3.0,6,0,469,31,0,0.2225502596928575,0.09320397889390328,success
1581,2000,8,4,0.0,5.000000000000003,0.1,1.0000000000000004,3.0,6,0,469,31,0,0.22512100413243066,0.0998843992421331,success
