combination_id,n,k,p,q,thrshld,p1,p2,beta,seeds,case_A_count,case_B_count,case_C_count,case_Invalid_count,delta_star_mean,delta_star_std,status
6,2000,8,3,2.0,2.0,0.1,0.8,1.9999999999999998,2,474,4,22,0,0.5561156183953732,0.27415683519275685,success
25,2000,8,3,2.0,2.0,0.1,0.8,5.799999999999999,2,358,6,136,0,0.6503605842951519,0.167115768099039,success
30,2000,8,3,2.0,2.0,0.1,0.8,6.799999999999999,2,338,7,155,0,0.6612214631897814,0.16950600740724084,success
17,2000,8,3,2.0,2.0,0.1,0.8,4.199999999999999,2,412,5,83,0,0.650542865536306,0.183218843274133,success
14,2000,8,3,2.0,2.0,0.1,0.8,3.5999999999999996,2,450,4,46,0,0.5982029800801546,0.20191630132124908,success
15,2000,8,3,2.0,2.0,0.1,0.8,3.7999999999999994,2,432,5,63,0,0.6362676212516942,0.19145306136985055,success
16,2000,8,3,2.0,2.0,0.1,0.8,3.999999999999999,2,423,5,72,0,0.6404266444756734,0.1869532062061429,success
7,2000,8,3,2.0,2.0,0.1,0.8,2.1999999999999997,2,481,0,19,0,0.488182715427516,0.2887548807406088,success
22,2000,8,3,2.0,2.0,0.1,0.8,5.199999999999999,2,368,6,126,0,0.6632758134578676,0.17704179088451702,success
13,2000,8,3,2.0,2.0,0.1,0.8,3.3999999999999995,2,461,3,36,0,0.6046046188600956,0.24161436145814547,success
11,2000,8,3,2.0,2.0,0.1,0.8,2.9999999999999996,2,476,2,22,0,0.5404869301509895,0.25071033516992763,success
12,2000,8,3,2.0,2.0,0.1,0.8,3.1999999999999993,2,471,2,27,0,0.5038551214619199,0.200225502348979,success
18,2000,8,3,2.0,2.0,0.1,0.8,4.3999999999999995,2,413,6,81,0,0.6278206201759813,0.1771993757068223,success
10,2000,8,3,2.0,2.0,0.1,0.8,2.8,2,475,1,24,0,0.47268619227941916,0.19015628697342118,success
8,2000,8,3,2.0,2.0,0.1,0.8,2.3999999999999995,2,471,3,26,0,0.5564854277837411,0.26469292335352235,success
9,2000,8,3,2.0,2.0,0.1,0.8,2.5999999999999996,2,474,2,24,0,0.5155648910614458,0.2609755337859122,success
1,2000,8,3,2.0,2.0,0.1,0.8,1.0,2,491,9,0,0,,,success
2,2000,8,3,2.0,2.0,0.1,0.8,1.2,2,466,7,27,0,0.8329384418838386,0.26121338186002674,success
3,2000,8,3,2.0,2.0,0.1,0.8,1.4,2,442,13,45,0,0.7415533855663868,0.27662928341006865,success
4,2000,8,3,2.0,2.0,0.1,0.8,1.5999999999999999,2,430,11,59,0,0.7051291951945916,0.22793380758620277,success
5,2000,8,3,2.0,2.0,0.1,0.8,1.7999999999999998,2,447,7,46,0,0.6873005435139483,0.24322204129244812,success
27,2000,8,3,2.0,2.0,0.1,0.8,6.199999999999999,2,358,6,136,0,0.6388724573061509,0.16153790631627704,success
31,2000,8,3,2.0,2.0,0.1,0.8,6.999999999999998,2,337,6,157,0,0.6604014733541459,0.1704403777035717,success
26,2000,8,3,2.0,2.0,0.1,0.8,5.999999999999999,2,356,7,137,0,0.6517511927600318,0.1720543168656197,success
32,2000,8,3,2.0,2.0,0.1,0.8,7.199999999999998,2,340,7,153,0,0.6558858389402089,0.16673015534304786,success
29,2000,8,3,2.0,2.0,0.1,0.8,6.599999999999999,2,346,7,147,0,0.6508748026096084,0.16623264082158906,success
28,2000,8,3,2.0,2.0,0.1,0.8,6.399999999999999,2,352,7,141,0,0.643705826910066,0.16358991824427832,success
19,2000,8,3,2.0,2.0,0.1,0.8,4.6,2,398,5,97,0,0.6434492340656576,0.17415551898879314,success
24,2000,8,3,2.0,2.0,0.1,0.8,5.599999999999999,2,359,6,135,0,0.655488359504118,0.16798963825511737,success
20,2000,8,3,2.0,2.0,0.1,0.8,4.799999999999999,2,383,5,112,0,0.6468536131723044,0.17178468073919312,success
21,2000,8,3,2.0,2.0,0.1,0.8,4.999999999999999,2,372,5,123,0,0.6572887930136799,0.1778853614648861,success
23,2000,8,3,2.0,2.0,0.1,0.8,5.399999999999999,2,358,6,136,0,0.6709356048645985,0.17358815859989576,success
33,2000,8,3,2.0,2.0,0.1,0.8,7.399999999999999,2,334,7,159,0,0.6642976515024676,0.17221257281628263,success
47,2000,8,3,2.0,2.1,0.1,0.8,1.0,3,489,11,0,0,,,success
48,2000,8,3,2.0,2.1,0.1,0.8,1.2,3,446,21,33,0,0.7523372788114217,0.25546784944187734,success
35,2000,8,3,2.0,2.0,0.1,0.8,7.799999999999999,2,336,7,157,0,0.6609452696358465,0.17143742487404498,success
34,2000,8,3,2.0,2.0,0.1,0.8,7.599999999999999,2,336,7,157,0,0.6589783596090831,0.16954103441634347,success
36,2000,8,3,2.0,2.0,0.1,0.8,7.999999999999998,2,328,7,165,0,0.6690459416971476,0.17270062956357296,success
41,2000,8,3,2.0,2.0,0.1,0.8,8.999999999999998,2,330,7,163,0,0.6606850938415835,0.16788032155934557,success
43,2000,8,3,2.0,2.0,0.1,0.8,9.399999999999999,2,331,7,162,0,0.6589989624619846,0.16748946673965465,success
37,2000,8,3,2.0,2.0,0.1,0.8,8.2,2,327,7,166,0,0.6699342029960369,0.17298859961636262,success
39,2000,8,3,2.0,2.0,0.1,0.8,8.599999999999998,2,330,7,163,0,0.6637977846061458,0.1706662894856547,success
38,2000,8,3,2.0,2.0,0.1,0.8,8.399999999999999,2,330,7,163,0,0.6637317641073056,0.1691962119929954,success
42,2000,8,3,2.0,2.0,0.1,0.8,9.199999999999998,2,332,7,161,0,0.6577467119236086,0.1672245505507628,success
40,2000,8,3,2.0,2.0,0.1,0.8,8.799999999999997,2,331,7,162,0,0.6604377163666532,0.1680518817131468,success
45,2000,8,3,2.0,2.0,0.1,0.8,9.799999999999997,2,328,7,165,0,0.6633409631221727,0.1694830332939383,success
44,2000,8,3,2.0,2.0,0.1,0.8,9.599999999999998,2,329,7,164,0,0.6620306221642939,0.16877285726327496,success
46,2000,8,3,2.0,2.0,0.1,0.8,9.999999999999998,2,329,7,164,0,0.6605287477133656,0.16750718234027637,success
49,2000,8,3,2.0,2.1,0.1,0.8,1.4,3,430,20,50,0,0.7447227599080876,0.25987489008101305,success
50,2000,8,3,2.0,2.1,0.1,0.8,1.5999999999999999,3,410,16,74,0,0.734489080454693,0.21722858635085546,success
51,2000,8,3,2.0,2.1,0.1,0.8,1.7999999999999998,3,436,7,57,0,0.6924301944366925,0.2388403309408234,success
52,2000,8,3,2.0,2.1,0.1,0.8,1.9999999999999998,3,446,8,46,0,0.6872867895122254,0.22268186359102418,success
53,2000,8,3,2.0,2.1,0.1,0.8,2.1999999999999997,3,462,3,35,0,0.5907624160712392,0.236246632571038,success
58,2000,8,3,2.0,2.1,0.1,0.8,3.1999999999999993,3,443,8,49,0,0.561121112984003,0.21263490088563197,success
62,2000,8,3,2.0,2.1,0.1,0.8,3.999999999999999,3,361,13,126,0,0.6161934559843063,0.172252498404305,success
64,2000,8,3,2.0,2.1,0.1,0.8,4.3999999999999995,3,338,14,148,0,0.6206903613034452,0.16765885315590248,success
59,2000,8,3,2.0,2.1,0.1,0.8,3.3999999999999995,3,421,7,72,0,0.5975753098783377,0.21406374101226044,success
60,2000,8,3,2.0,2.1,0.1,0.8,3.5999999999999996,3,398,12,90,0,0.6259491431232378,0.20473416933987262,success
63,2000,8,3,2.0,2.1,0.1,0.8,4.199999999999999,3,350,12,138,0,0.6269433568983211,0.17586268398737906,success
61,2000,8,3,2.0,2.1,0.1,0.8,3.7999999999999994,3,386,13,101,0,0.6273246981496523,0.18946881181050731,success
57,2000,8,3,2.0,2.1,0.1,0.8,2.9999999999999996,3,453,6,41,0,0.5230207987872151,0.19313005898610863,success
56,2000,8,3,2.0,2.1,0.1,0.8,2.8,3,457,2,41,0,0.5348857694124451,0.21023457437046417,success
55,2000,8,3,2.0,2.1,0.1,0.8,2.5999999999999996,3,454,1,45,0,0.5905694289743852,0.23203376659593353,success
54,2000,8,3,2.0,2.1,0.1,0.8,2.3999999999999995,3,464,0,36,0,0.5885167183947555,0.2204913232890517,success
65,2000,8,3,2.0,2.1,0.1,0.8,4.6,3,329,14,157,0,0.6182004154232894,0.17050080600669604,success
66,2000,8,3,2.0,2.1,0.1,0.8,4.799999999999999,3,320,13,167,0,0.622271739182733,0.16946235464850426,success
67,2000,8,3,2.0,2.1,0.1,0.8,4.999999999999999,3,299,14,187,0,0.6330296146970473,0.17203046896071775,success
68,2000,8,3,2.0,2.1,0.1,0.8,5.199999999999999,3,290,14,196,0,0.6308129212690835,0.16664843620844816,success
73,2000,8,3,2.0,2.1,0.1,0.8,6.199999999999999,3,277,15,208,0,0.6261114505819214,0.16827434004324932,success
70,2000,8,3,2.0,2.1,0.1,0.8,5.599999999999999,3,284,14,202,0,0.6269814773120761,0.1669985466608307,success
69,2000,8,3,2.0,2.1,0.1,0.8,5.399999999999999,3,290,14,196,0,0.6273924291736651,0.16602930260540139,success
71,2000,8,3,2.0,2.1,0.1,0.8,5.799999999999999,3,284,15,201,0,0.6214265636762123,0.16475168919307248,success
72,2000,8,3,2.0,2.1,0.1,0.8,5.999999999999999,3,278,15,207,0,0.6247569105877687,0.16569318545209716,success
74,2000,8,3,2.0,2.1,0.1,0.8,6.399999999999999,3,277,15,208,0,0.6217962057683232,0.16619173966017176,success
79,2000,8,3,2.0,2.1,0.1,0.8,7.399999999999999,3,269,15,216,0,0.6192397266606059,0.160628781128894,success
76,2000,8,3,2.0,2.1,0.1,0.8,6.799999999999999,3,278,15,207,0,0.6137042513352708,0.15800990898222442,success
77,2000,8,3,2.0,2.1,0.1,0.8,6.999999999999998,3,274,15,211,0,0.6162347650158366,0.16098130475128314,success
75,2000,8,3,2.0,2.1,0.1,0.8,6.599999999999999,3,279,15,206,0,0.6128401376555072,0.15815927902420093,success
78,2000,8,3,2.0,2.1,0.1,0.8,7.199999999999998,3,268,15,217,0,0.6226586208210113,0.16356506902970722,success
80,2000,8,3,2.0,2.1,0.1,0.8,7.599999999999999,3,268,15,217,0,0.621287839068,0.16268635304601967,success
86,2000,8,3,2.0,2.1,0.1,0.8,8.799999999999997,3,268,15,217,0,0.6185558933609527,0.16145362170495606,success
81,2000,8,3,2.0,2.1,0.1,0.8,7.799999999999999,3,267,15,218,0,0.6212654877239008,0.16376234130152634,success
82,2000,8,3,2.0,2.1,0.1,0.8,7.999999999999998,3,264,15,221,0,0.6259323193183777,0.16586287544479736,success
83,2000,8,3,2.0,2.1,0.1,0.8,8.2,3,266,15,219,0,0.6216339453580474,0.16237964784166292,success
84,2000,8,3,2.0,2.1,0.1,0.8,8.399999999999999,3,266,15,219,0,0.6206870614832647,0.16188392457378256,success
85,2000,8,3,2.0,2.1,0.1,0.8,8.599999999999998,3,267,15,218,0,0.6195489385183435,0.16166225459813519,success
93,2000,8,3,2.0,2.2,0.1,0.8,1.0,3,482,18,0,0,,,success
94,2000,8,3,2.0,2.2,0.1,0.8,1.2,3,434,26,40,0,0.7648148386818245,0.255875765462182,success
95,2000,8,3,2.0,2.2,0.1,0.8,1.4,3,419,24,57,0,0.7594745485859026,0.261046352601416,success
87,2000,8,3,2.0,2.1,0.1,0.8,8.999999999999998,3,266,15,219,0,0.6212386788101635,0.1631410041299776,success
89,2000,8,3,2.0,2.1,0.1,0.8,9.399999999999999,3,268,15,217,0,0.6172164870394801,0.15988367935917702,success
96,2000,8,3,2.0,2.2,0.1,0.8,1.5999999999999999,3,402,15,83,0,0.7306639614938908,0.2217048662628566,success
90,2000,8,3,2.0,2.1,0.1,0.8,9.599999999999998,3,266,15,219,0,0.6203234089603047,0.16267532657173717,success
88,2000,8,3,2.0,2.1,0.1,0.8,9.199999999999998,3,266,15,219,0,0.6206751220930957,0.1625158769136268,success
91,2000,8,3,2.0,2.1,0.1,0.8,9.799999999999997,3,269,15,216,0,0.6159795242299052,0.1592671426916694,success
92,2000,8,3,2.0,2.1,0.1,0.8,9.999999999999998,3,264,15,221,0,0.6233747103056237,0.16433005581739005,success
97,2000,8,3,2.0,2.2,0.1,0.8,1.7999999999999998,3,421,10,69,0,0.6994400048430807,0.23420078367483493,success
98,2000,8,3,2.0,2.2,0.1,0.8,1.9999999999999998,3,429,11,60,0,0.6886593059935239,0.22728452318463702,success
99,2000,8,3,2.0,2.2,0.1,0.8,2.1999999999999997,3,446,4,50,0,0.6305986355449619,0.2394050087842289,success
104,2000,8,3,2.0,2.2,0.1,0.8,3.1999999999999993,3,428,10,62,0,0.5926876872287228,0.21049205503216728,success
106,2000,8,3,2.0,2.2,0.1,0.8,3.5999999999999996,3,383,13,104,0,0.6306560560954099,0.19054446474239745,success
108,2000,8,3,2.0,2.2,0.1,0.8,3.999999999999999,3,342,16,142,0,0.6278364552326162,0.17400269585500874,success
105,2000,8,3,2.0,2.2,0.1,0.8,3.3999999999999995,3,404,11,85,0,0.6063288365539146,0.19996545649765107,success
109,2000,8,3,2.0,2.2,0.1,0.8,4.199999999999999,3,332,16,152,0,0.6363299676768042,0.18261163994219934,success
107,2000,8,3,2.0,2.2,0.1,0.8,3.7999999999999994,3,367,14,119,0,0.6241156818157421,0.17924554758408148,success
103,2000,8,3,2.0,2.2,0.1,0.8,2.9999999999999996,3,440,7,53,0,0.5698795567410708,0.20052329615621461,success
110,2000,8,3,2.0,2.2,0.1,0.8,4.3999999999999995,3,323,16,161,0,0.6188849611483227,0.16925085755386202,success
102,2000,8,3,2.0,2.2,0.1,0.8,2.8,3,440,5,55,0,0.6174517128456738,0.23473296945487515,success
111,2000,8,3,2.0,2.2,0.1,0.8,4.6,3,309,19,172,0,0.628848646946143,0.17012279890592527,success
100,2000,8,3,2.0,2.2,0.1,0.8,2.3999999999999995,3,452,2,46,0,0.6048321108617718,0.21918999414637524,success
101,2000,8,3,2.0,2.2,0.1,0.8,2.5999999999999996,3,441,1,58,0,0.6170875723373432,0.2255214718651148,success
113,2000,8,3,2.0,2.2,0.1,0.8,4.999999999999999,3,281,18,201,0,0.6266624579772188,0.16706544056951245,success
112,2000,8,3,2.0,2.2,0.1,0.8,4.799999999999999,3,299,17,184,0,0.6261486725722866,0.17066557584842684,success
114,2000,8,3,2.0,2.2,0.1,0.8,5.199999999999999,3,277,19,204,0,0.6267846032467844,0.1682307818068929,success
115,2000,8,3,2.0,2.2,0.1,0.8,5.399999999999999,3,270,21,209,0,0.6321363097123196,0.16653203962217944,success
116,2000,8,3,2.0,2.2,0.1,0.8,5.599999999999999,3,271,19,210,0,0.6272314107952319,0.16890780364065425,success
117,2000,8,3,2.0,2.2,0.1,0.8,5.799999999999999,3,267,20,213,0,0.6255318583729331,0.1671123940259068,success
118,2000,8,3,2.0,2.2,0.1,0.8,5.999999999999999,3,260,21,219,0,0.6263439301695374,0.1639628287364847,success
119,2000,8,3,2.0,2.2,0.1,0.8,6.199999999999999,3,250,21,229,0,0.6351245480584458,0.16952946276924466,success
120,2000,8,3,2.0,2.2,0.1,0.8,6.399999999999999,3,251,21,228,0,0.6321833352350654,0.16795285319180656,success
121,2000,8,3,2.0,2.2,0.1,0.8,6.599999999999999,3,247,21,232,0,0.6296454283246882,0.16226605404439362,success
122,2000,8,3,2.0,2.2,0.1,0.8,6.799999999999999,3,242,21,237,0,0.6350126667007996,0.16640346417983634,success
123,2000,8,3,2.0,2.2,0.1,0.8,6.999999999999998,3,244,21,235,0,0.6288822107807129,0.16426425836914904,success
125,2000,8,3,2.0,2.2,0.1,0.8,7.399999999999999,3,246,21,233,0,0.6254280246727955,0.1630531741032121,success
127,2000,8,3,2.0,2.2,0.1,0.8,7.799999999999999,3,246,21,233,0,0.6228288010576021,0.1615322498268658,success
124,2000,8,3,2.0,2.2,0.1,0.8,7.199999999999998,3,242,21,237,0,0.6319238697432609,0.16720771711866067,success
126,2000,8,3,2.0,2.2,0.1,0.8,7.599999999999999,3,243,21,236,0,0.6268017166594431,0.16305052286858923,success
128,2000,8,3,2.0,2.2,0.1,0.8,7.999999999999998,3,243,21,236,0,0.6251414032818189,0.16310897628223428,success
129,2000,8,3,2.0,2.2,0.1,0.8,8.2,3,249,21,230,0,0.6170212685137815,0.15747925927055137,success
130,2000,8,3,2.0,2.2,0.1,0.8,8.399999999999999,3,243,21,236,0,0.6256449712143354,0.16368377107527116,success
140,2000,8,3,2.0,2.3000000000000003,0.1,0.8,1.2,3,418,37,45,0,0.7701418864044083,0.25035057049388276,success
139,2000,8,3,2.0,2.3000000000000003,0.1,0.8,1.0,3,471,29,0,0,,,success
131,2000,8,3,2.0,2.2,0.1,0.8,8.599999999999998,3,242,21,237,0,0.6260455542425721,0.16349827675780462,success
141,2000,8,3,2.0,2.3000000000000003,0.1,0.8,1.4,3,400,30,70,0,0.7610880309854285,0.27062798419515866,success
142,2000,8,3,2.0,2.3000000000000003,0.1,0.8,1.5999999999999999,3,382,30,88,0,0.7215578326139435,0.23302219674695743,success
133,2000,8,3,2.0,2.2,0.1,0.8,8.999999999999998,3,242,21,237,0,0.6255005775414111,0.16346994443395127,success
132,2000,8,3,2.0,2.2,0.1,0.8,8.799999999999997,3,241,21,238,0,0.6263778784491381,0.1634710006395594,success
135,2000,8,3,2.0,2.2,0.1,0.8,9.399999999999999,3,240,21,239,0,0.626737041690062,0.1635551348818972,success
138,2000,8,3,2.0,2.2,0.1,0.8,9.999999999999998,3,239,21,240,0,0.6287230089836733,0.16506121178766453,success
134,2000,8,3,2.0,2.2,0.1,0.8,9.199999999999998,3,240,21,239,0,0.6272573475306134,0.16397080545050902,success
136,2000,8,3,2.0,2.2,0.1,0.8,9.599999999999998,3,241,21,238,0,0.6265634757417389,0.16408475956082702,success
137,2000,8,3,2.0,2.2,0.1,0.8,9.799999999999997,3,240,21,239,0,0.6273186259033271,0.1638515181433342,success
143,2000,8,3,2.0,2.3000000000000003,0.1,0.8,1.7999999999999998,3,396,21,83,0,0.7065414312681652,0.2298827837432866,success
144,2000,8,3,2.0,2.3000000000000003,0.1,0.8,1.9999999999999998,3,414,16,70,0,0.6658177509797378,0.24526004292873266,success
145,2000,8,3,2.0,2.3000000000000003,0.1,0.8,2.1999999999999997,3,422,11,67,0,0.6562666715309856,0.2446999165911378,success
146,2000,8,3,2.0,2.3000000000000003,0.1,0.8,2.3999999999999995,3,431,7,62,0,0.6056814191461667,0.22496003828624814,success
148,2000,8,3,2.0,2.3000000000000003,0.1,0.8,2.8,3,407,10,83,0,0.6455695922191761,0.23388739650382118,success
149,2000,8,3,2.0,2.3000000000000003,0.1,0.8,2.9999999999999996,3,405,10,85,0,0.6330681212933964,0.23711027323790174,success
147,2000,8,3,2.0,2.3000000000000003,0.1,0.8,2.5999999999999996,3,411,5,84,0,0.6290737536395092,0.2343736897978893,success
150,2000,8,3,2.0,2.3000000000000003,0.1,0.8,3.1999999999999993,3,400,15,85,0,0.5991101353931721,0.22871302620600345,success
151,2000,8,3,2.0,2.3000000000000003,0.1,0.8,3.3999999999999995,3,378,14,108,0,0.6152095821447543,0.2149699279310464,success
152,2000,8,3,2.0,2.3000000000000003,0.1,0.8,3.5999999999999996,3,360,19,121,0,0.61427950286792,0.19685049334907181,success
153,2000,8,3,2.0,2.3000000000000003,0.1,0.8,3.7999999999999994,3,343,20,137,0,0.6052779119556675,0.1895919812051232,success
155,2000,8,3,2.0,2.3000000000000003,0.1,0.8,4.199999999999999,3,323,24,153,0,0.6094992972554594,0.19171579198654157,success
156,2000,8,3,2.0,2.3000000000000003,0.1,0.8,4.3999999999999995,3,301,24,175,0,0.6113787005607658,0.18504901635142273,success
154,2000,8,3,2.0,2.3000000000000003,0.1,0.8,3.999999999999999,3,327,23,150,0,0.6124213946447116,0.18994326595030905,success
157,2000,8,3,2.0,2.3000000000000003,0.1,0.8,4.6,3,287,24,189,0,0.6220475403522062,0.18758956747551173,success
160,2000,8,3,2.0,2.3000000000000003,0.1,0.8,5.199999999999999,3,258,26,216,0,0.6196847526010144,0.17900607750252356,success
158,2000,8,3,2.0,2.3000000000000003,0.1,0.8,4.799999999999999,3,276,25,199,0,0.6247542523433104,0.18404464753822758,success
159,2000,8,3,2.0,2.3000000000000003,0.1,0.8,4.999999999999999,3,266,25,209,0,0.6163572706115932,0.17837915790074477,success
161,2000,8,3,2.0,2.3000000000000003,0.1,0.8,5.399999999999999,3,257,25,218,0,0.6142684904775678,0.1756481386987325,success
163,2000,8,3,2.0,2.3000000000000003,0.1,0.8,5.799999999999999,3,249,27,224,0,0.6137149593948861,0.17239391636193988,success
162,2000,8,3,2.0,2.3000000000000003,0.1,0.8,5.599999999999999,3,247,26,227,0,0.6234645903731524,0.18094550996429187,success
164,2000,8,3,2.0,2.3000000000000003,0.1,0.8,5.999999999999999,3,244,27,229,0,0.6166189870679446,0.17105735041693618,success
165,2000,8,3,2.0,2.3000000000000003,0.1,0.8,6.199999999999999,3,238,27,235,0,0.6213913730279255,0.17307850226811172,success
166,2000,8,3,2.0,2.3000000000000003,0.1,0.8,6.399999999999999,3,230,27,243,0,0.6248340729497581,0.17397526296612567,success
168,2000,8,3,2.0,2.3000000000000003,0.1,0.8,6.799999999999999,3,226,27,247,0,0.6217529995725352,0.17219135216375148,success
167,2000,8,3,2.0,2.3000000000000003,0.1,0.8,6.599999999999999,3,228,27,245,0,0.6237271978851009,0.17316189130339865,success
169,2000,8,3,2.0,2.3000000000000003,0.1,0.8,6.999999999999998,3,224,27,249,0,0.6224897183342474,0.17263468957063735,success
170,2000,8,3,2.0,2.3000000000000003,0.1,0.8,7.199999999999998,3,224,27,249,0,0.6217527604843516,0.17340366665360632,success
171,2000,8,3,2.0,2.3000000000000003,0.1,0.8,7.399999999999999,3,226,27,247,0,0.6165507424928742,0.1693183902774086,success
173,2000,8,3,2.0,2.3000000000000003,0.1,0.8,7.799999999999999,3,220,27,253,0,0.6212968536172351,0.17092379562860074,success
174,2000,8,3,2.0,2.3000000000000003,0.1,0.8,7.999999999999998,3,222,27,251,0,0.6176642040102788,0.16866552853988412,success
172,2000,8,3,2.0,2.3000000000000003,0.1,0.8,7.599999999999999,3,219,27,254,0,0.6224504801688233,0.17144087997953955,success
175,2000,8,3,2.0,2.3000000000000003,0.1,0.8,8.2,3,224,27,249,0,0.6146298907912557,0.1668301015888365,success
176,2000,8,3,2.0,2.3000000000000003,0.1,0.8,8.399999999999999,3,221,27,252,0,0.6175015937399706,0.16897099736684107,success
177,2000,8,3,2.0,2.3000000000000003,0.1,0.8,8.599999999999998,3,216,27,257,0,0.6238466189346297,0.17313589650740493,success
178,2000,8,3,2.0,2.3000000000000003,0.1,0.8,8.799999999999997,3,215,27,258,0,0.6235330308955517,0.17168535903202423,success
179,2000,8,3,2.0,2.3000000000000003,0.1,0.8,8.999999999999998,3,219,28,253,0,0.620032815568917,0.17024664942398815,success
180,2000,8,3,2.0,2.3000000000000003,0.1,0.8,9.199999999999998,3,221,28,251,0,0.6168386469287029,0.1679478017095711,success
185,2000,8,3,2.0,2.4000000000000004,0.1,0.8,1.0,3,463,37,0,0,,,success
186,2000,8,3,2.0,2.4000000000000004,0.1,0.8,1.2,3,404,44,52,0,0.7946747141957584,0.24247708591853828,success
187,2000,8,3,2.0,2.4000000000000004,0.1,0.8,1.4,3,379,37,84,0,0.7637771639532018,0.26495104628054233,success
188,2000,8,3,2.0,2.4000000000000004,0.1,0.8,1.5999999999999999,3,362,42,96,0,0.7372268423134157,0.24193536645996208,success
189,2000,8,3,2.0,2.4000000000000004,0.1,0.8,1.7999999999999998,3,378,30,92,0,0.6758441556686653,0.23552824147905035,success
181,2000,8,3,2.0,2.3000000000000003,0.1,0.8,9.399999999999999,3,222,28,250,0,0.6148688146420097,0.16608613364328792,success
183,2000,8,3,2.0,2.3000000000000003,0.1,0.8,9.799999999999997,3,216,28,256,0,0.6206675343020387,0.16898312609509386,success
182,2000,8,3,2.0,2.3000000000000003,0.1,0.8,9.599999999999998,3,218,28,254,0,0.6198969833918078,0.16962044103761761,success
190,2000,8,3,2.0,2.4000000000000004,0.1,0.8,1.9999999999999998,3,402,22,76,0,0.6493031389470215,0.2302034864229931,success
191,2000,8,3,2.0,2.4000000000000004,0.1,0.8,2.1999999999999997,3,402,17,81,0,0.6569145539327981,0.23317495754250367,success
184,2000,8,3,2.0,2.3000000000000003,0.1,0.8,9.999999999999998,3,217,28,255,0,0.6194809970272478,0.16875303023509408,success
192,2000,8,3,2.0,2.4000000000000004,0.1,0.8,2.3999999999999995,3,400,9,91,0,0.6573702470938242,0.2324811690764849,success
195,2000,8,3,2.0,2.4000000000000004,0.1,0.8,2.9999999999999996,3,368,14,118,0,0.6598048715620858,0.23041371447789535,success
196,2000,8,3,2.0,2.4000000000000004,0.1,0.8,3.1999999999999993,3,358,18,124,0,0.6659223633595333,0.22799568420817626,success
200,2000,8,3,2.0,2.4000000000000004,0.1,0.8,3.999999999999999,3,294,30,176,0,0.6271791170264532,0.18301412589232163,success
199,2000,8,3,2.0,2.4000000000000004,0.1,0.8,3.7999999999999994,3,326,27,147,0,0.6125186394250574,0.19452580032216807,success
197,2000,8,3,2.0,2.4000000000000004,0.1,0.8,3.3999999999999995,3,337,24,139,0,0.6633932431140295,0.21159861416622128,success
201,2000,8,3,2.0,2.4000000000000004,0.1,0.8,4.199999999999999,3,291,33,176,0,0.6293007019161668,0.19097334121568382,success
198,2000,8,3,2.0,2.4000000000000004,0.1,0.8,3.5999999999999996,3,323,30,147,0,0.6543192551437086,0.20006937818204776,success
202,2000,8,3,2.0,2.4000000000000004,0.1,0.8,4.3999999999999995,3,284,33,183,0,0.6124993577196741,0.17928629537644192,success
193,2000,8,3,2.0,2.4000000000000004,0.1,0.8,2.5999999999999996,3,390,11,99,0,0.6448967592319426,0.2249519098041645,success
194,2000,8,3,2.0,2.4000000000000004,0.1,0.8,2.8,3,361,13,126,0,0.6908431758510916,0.22837556827820835,success
204,2000,8,3,2.0,2.4000000000000004,0.1,0.8,4.799999999999999,3,246,35,219,0,0.6350373280276507,0.17985859424389203,success
203,2000,8,3,2.0,2.4000000000000004,0.1,0.8,4.6,3,272,34,194,0,0.6196538558406017,0.17774240110489437,success
205,2000,8,3,2.0,2.4000000000000004,0.1,0.8,4.999999999999999,3,231,37,232,0,0.6355034817758313,0.17859891643892511,success
206,2000,8,3,2.0,2.4000000000000004,0.1,0.8,5.199999999999999,3,231,38,231,0,0.6287746954782181,0.17243891637126532,success
207,2000,8,3,2.0,2.4000000000000004,0.1,0.8,5.399999999999999,3,216,39,245,0,0.6343961570878941,0.1749723762063656,success
208,2000,8,3,2.0,2.4000000000000004,0.1,0.8,5.599999999999999,3,227,39,234,0,0.6190100061478393,0.16595627443541894,success
209,2000,8,3,2.0,2.4000000000000004,0.1,0.8,5.799999999999999,3,223,39,238,0,0.6200765291327148,0.1687997269347308,success
210,2000,8,3,2.0,2.4000000000000004,0.1,0.8,5.999999999999999,3,221,39,240,0,0.6156332595184487,0.16601730635329273,success
211,2000,8,3,2.0,2.4000000000000004,0.1,0.8,6.199999999999999,3,214,39,247,0,0.6222937161498217,0.16982499419195357,success
212,2000,8,3,2.0,2.4000000000000004,0.1,0.8,6.399999999999999,3,219,39,242,0,0.6109704471267774,0.16443183442560408,success
213,2000,8,3,2.0,2.4000000000000004,0.1,0.8,6.599999999999999,3,211,38,251,0,0.612827546251724,0.1622002283149732,success
214,2000,8,3,2.0,2.4000000000000004,0.1,0.8,6.799999999999999,3,205,39,256,0,0.6229594738803026,0.171713893617939,success
215,2000,8,3,2.0,2.4000000000000004,0.1,0.8,6.999999999999998,3,195,39,266,0,0.6262658110812815,0.17090610858098162,success
216,2000,8,3,2.0,2.4000000000000004,0.1,0.8,7.199999999999998,3,197,40,263,0,0.6223703381721815,0.16749370017915452,success
217,2000,8,3,2.0,2.4000000000000004,0.1,0.8,7.399999999999999,3,200,40,260,0,0.6185740154426029,0.16512403273029644,success
218,2000,8,3,2.0,2.4000000000000004,0.1,0.8,7.599999999999999,3,199,40,261,0,0.618793001400467,0.16463205598758746,success
219,2000,8,3,2.0,2.4000000000000004,0.1,0.8,7.799999999999999,3,198,40,262,0,0.6183200943712127,0.16585861071980293,success
220,2000,8,3,2.0,2.4000000000000004,0.1,0.8,7.999999999999998,3,200,40,260,0,0.6164924041579983,0.16544914994129212,success
221,2000,8,3,2.0,2.4000000000000004,0.1,0.8,8.2,3,202,40,258,0,0.6136934486849256,0.1634825516360787,success
222,2000,8,3,2.0,2.4000000000000004,0.1,0.8,8.399999999999999,3,198,41,261,0,0.6196904061841801,0.16732144664668674,success
223,2000,8,3,2.0,2.4000000000000004,0.1,0.8,8.599999999999998,3,198,41,261,0,0.6196155887979614,0.16663305076679202,success
224,2000,8,3,2.0,2.4000000000000004,0.1,0.8,8.799999999999997,3,193,41,266,0,0.6242922347208956,0.16946401567977507,success
232,2000,8,3,2.0,2.5000000000000004,0.1,0.8,1.2,3,389,55,56,0,0.8123059167490106,0.25656979448825196,success
231,2000,8,3,2.0,2.5000000000000004,0.1,0.8,1.0,3,453,47,0,0,,,success
233,2000,8,3,2.0,2.5000000000000004,0.1,0.8,1.4,3,361,51,88,0,0.7558425158709777,0.25739769025071413,success
234,2000,8,3,2.0,2.5000000000000004,0.1,0.8,1.5999999999999999,3,344,53,103,0,0.7145635534085245,0.24775170628960544,success
235,2000,8,3,2.0,2.5000000000000004,0.1,0.8,1.7999999999999998,3,357,39,104,0,0.6920624888373739,0.24564967743260155,success
225,2000,8,3,2.0,2.4000000000000004,0.1,0.8,8.999999999999998,3,192,41,267,0,0.6244483765383668,0.16848842432150396,success
236,2000,8,3,2.0,2.5000000000000004,0.1,0.8,1.9999999999999998,3,366,30,104,0,0.6680052228870006,0.24554078495959605,success
227,2000,8,3,2.0,2.4000000000000004,0.1,0.8,9.399999999999999,3,191,41,268,0,0.6257620976710281,0.16957292114792244,success
226,2000,8,3,2.0,2.4000000000000004,0.1,0.8,9.199999999999998,3,190,41,269,0,0.6265509165514432,0.16944675767389844,success
228,2000,8,3,2.0,2.4000000000000004,0.1,0.8,9.599999999999998,3,190,40,270,0,0.6262481712119495,0.17094733528830647,success
230,2000,8,3,2.0,2.4000000000000004,0.1,0.8,9.999999999999998,3,190,40,270,0,0.6252060139913621,0.17028814847918738,success
229,2000,8,3,2.0,2.4000000000000004,0.1,0.8,9.799999999999997,3,193,40,267,0,0.6217267809140168,0.16755592480256917,success
237,2000,8,3,2.0,2.5000000000000004,0.1,0.8,2.1999999999999997,3,368,29,103,0,0.6845105594207878,0.24353271047396327,success
238,2000,8,3,2.0,2.5000000000000004,0.1,0.8,2.3999999999999995,3,354,19,127,0,0.652535827531928,0.2237677411129574,success
239,2000,8,3,2.0,2.5000000000000004,0.1,0.8,2.5999999999999996,3,345,17,138,0,0.6746862712618419,0.23062461212480903,success
240,2000,8,3,2.0,2.5000000000000004,0.1,0.8,2.8,3,326,16,158,0,0.6930032882858701,0.2337209752142242,success
241,2000,8,3,2.0,2.5000000000000004,0.1,0.8,2.9999999999999996,3,310,30,160,0,0.6719044952697033,0.2317708409119966,success
242,2000,8,3,2.0,2.5000000000000004,0.1,0.8,3.1999999999999993,3,299,39,162,0,0.6796576161785334,0.2281034554632933,success
243,2000,8,3,2.0,2.5000000000000004,0.1,0.8,3.3999999999999995,3,284,40,176,0,0.6742910270286372,0.21620030868049991,success
246,2000,8,3,2.0,2.5000000000000004,0.1,0.8,3.999999999999999,3,275,49,176,0,0.6176199725363365,0.19273773755854104,success
244,2000,8,3,2.0,2.5000000000000004,0.1,0.8,3.5999999999999996,3,284,47,169,0,0.660879275752624,0.2107915624194689,success
245,2000,8,3,2.0,2.5000000000000004,0.1,0.8,3.7999999999999994,3,262,47,191,0,0.6519822581838437,0.20062882266195595,success
247,2000,8,3,2.0,2.5000000000000004,0.1,0.8,4.199999999999999,3,257,49,194,0,0.6336160476111085,0.19677655687783632,success
249,2000,8,3,2.0,2.5000000000000004,0.1,0.8,4.6,3,239,50,211,0,0.6194401982533186,0.18405750084908917,success
248,2000,8,3,2.0,2.5000000000000004,0.1,0.8,4.3999999999999995,3,248,53,199,0,0.6190457766594232,0.18223856262645327,success
250,2000,8,3,2.0,2.5000000000000004,0.1,0.8,4.799999999999999,3,217,52,231,0,0.6269683300990626,0.18036170148613878,success
251,2000,8,3,2.0,2.5000000000000004,0.1,0.8,4.999999999999999,3,206,54,240,0,0.6293139625222844,0.17702500022247222,success
254,2000,8,3,2.0,2.5000000000000004,0.1,0.8,5.599999999999999,3,188,57,255,0,0.6222031654503252,0.16996038337119068,success
252,2000,8,3,2.0,2.5000000000000004,0.1,0.8,5.199999999999999,3,209,55,236,0,0.6184391340257571,0.17274521934052528,success
253,2000,8,3,2.0,2.5000000000000004,0.1,0.8,5.399999999999999,3,193,56,251,0,0.6282928117703099,0.17548767558673214,success
255,2000,8,3,2.0,2.5000000000000004,0.1,0.8,5.799999999999999,3,184,57,259,0,0.621012129649064,0.17146808056434032,success
256,2000,8,3,2.0,2.5000000000000004,0.1,0.8,5.999999999999999,3,181,57,262,0,0.6171812522335636,0.1703433023413095,success
258,2000,8,3,2.0,2.5000000000000004,0.1,0.8,6.399999999999999,3,176,58,266,0,0.620233010757315,0.17252588006642267,success
257,2000,8,3,2.0,2.5000000000000004,0.1,0.8,6.199999999999999,3,175,58,267,0,0.6196581174005311,0.17084341135930695,success
259,2000,8,3,2.0,2.5000000000000004,0.1,0.8,6.599999999999999,3,173,58,269,0,0.6196603804240188,0.17160207181211462,success
261,2000,8,3,2.0,2.5000000000000004,0.1,0.8,6.999999999999998,3,165,58,277,0,0.6174691409970274,0.16842317230634887,success
260,2000,8,3,2.0,2.5000000000000004,0.1,0.8,6.799999999999999,3,165,58,277,0,0.6236456231164156,0.1739227384915768,success
264,2000,8,3,2.0,2.5000000000000004,0.1,0.8,7.599999999999999,3,161,59,280,0,0.6190733123902176,0.17069065107886805,success
263,2000,8,3,2.0,2.5000000000000004,0.1,0.8,7.399999999999999,3,163,58,279,0,0.6178202199391459,0.16938832016117153,success
262,2000,8,3,2.0,2.5000000000000004,0.1,0.8,7.199999999999998,3,166,58,276,0,0.6153993909154676,0.1673530484294932,success
265,2000,8,3,2.0,2.5000000000000004,0.1,0.8,7.799999999999999,3,161,58,281,0,0.6178155949570732,0.1686167273937205,success
267,2000,8,3,2.0,2.5000000000000004,0.1,0.8,8.2,3,158,59,283,0,0.6182866082828905,0.16845700020145618,success
268,2000,8,3,2.0,2.5000000000000004,0.1,0.8,8.399999999999999,3,158,59,283,0,0.6165103570363497,0.1661011003685755,success
269,2000,8,3,2.0,2.5000000000000004,0.1,0.8,8.599999999999998,3,160,59,281,0,0.6146512625399615,0.16519877786782647,success
266,2000,8,3,2.0,2.5000000000000004,0.1,0.8,7.999999999999998,3,159,58,283,0,0.6190271588366679,0.1698430659130466,success
270,2000,8,3,2.0,2.5000000000000004,0.1,0.8,8.799999999999997,3,159,58,283,0,0.6158084821222409,0.16617634594081382,success
271,2000,8,3,2.0,2.5000000000000004,0.1,0.8,8.999999999999998,3,154,58,288,0,0.6205560016945901,0.1698544386355403,success
272,2000,8,3,2.0,2.5000000000000004,0.1,0.8,9.199999999999998,3,153,59,288,0,0.6216494271005332,0.17074787801837163,success
277,2000,8,3,2.0,2.6000000000000005,0.1,0.8,1.0,3,446,54,0,0,,,success
273,2000,8,3,2.0,2.5000000000000004,0.1,0.8,9.399999999999999,3,153,58,289,0,0.621258930243384,0.17072505870268945,success
278,2000,8,3,2.0,2.6000000000000005,0.1,0.8,1.2,3,379,58,63,0,0.8445772198433783,0.24670292429206553,success
279,2000,8,3,2.0,2.6000000000000005,0.1,0.8,1.4,3,346,58,96,0,0.7404276708218243,0.25907098163630077,success
274,2000,8,3,2.0,2.5000000000000004,0.1,0.8,9.599999999999998,3,152,59,289,0,0.6224365769589059,0.17200106929774897,success
280,2000,8,3,2.0,2.6000000000000005,0.1,0.8,1.5999999999999999,3,333,56,111,0,0.7095055385361615,0.24758151639098783,success
281,2000,8,3,2.0,2.6000000000000005,0.1,0.8,1.7999999999999998,3,340,50,110,0,0.6933250735806947,0.2469614963652294,success
275,2000,8,3,2.0,2.5000000000000004,0.1,0.8,9.799999999999997,3,157,58,285,0,0.6161228349988537,0.16624121378633716,success
276,2000,8,3,2.0,2.5000000000000004,0.1,0.8,9.999999999999998,3,157,59,284,0,0.6162770585519337,0.16686757848869016,success
282,2000,8,3,2.0,2.6000000000000005,0.1,0.8,1.9999999999999998,3,344,44,112,0,0.6761499229859033,0.24882118923855492,success
283,2000,8,3,2.0,2.6000000000000005,0.1,0.8,2.1999999999999997,3,323,42,135,0,0.6830015902177392,0.21840120888051043,success
284,2000,8,3,2.0,2.6000000000000005,0.1,0.8,2.3999999999999995,3,309,31,160,0,0.6864658268235241,0.2287968640450985,success
287,2000,8,3,2.0,2.6000000000000005,0.1,0.8,2.9999999999999996,3,254,43,203,0,0.6851095523844357,0.2284753374800265,success
286,2000,8,3,2.0,2.6000000000000005,0.1,0.8,2.8,3,278,28,194,0,0.715552690607721,0.2299475709943704,success
285,2000,8,3,2.0,2.6000000000000005,0.1,0.8,2.5999999999999996,3,288,33,179,0,0.7031830552936246,0.21960291411505384,success
288,2000,8,3,2.0,2.6000000000000005,0.1,0.8,3.1999999999999993,3,234,51,215,0,0.6981239913535752,0.22929761798034984,success
293,2000,8,3,2.0,2.6000000000000005,0.1,0.8,4.199999999999999,3,219,67,214,0,0.6274039552518119,0.1920635967328794,success
290,2000,8,3,2.0,2.6000000000000005,0.1,0.8,3.5999999999999996,3,209,57,234,0,0.6793862570560275,0.20954183898488085,success
292,2000,8,3,2.0,2.6000000000000005,0.1,0.8,3.999999999999999,3,225,66,209,0,0.6361841272052621,0.20132367427581277,success
291,2000,8,3,2.0,2.6000000000000005,0.1,0.8,3.7999999999999994,3,209,59,232,0,0.6624313169324612,0.21055280087140438,success
289,2000,8,3,2.0,2.6000000000000005,0.1,0.8,3.3999999999999995,3,201,54,245,0,0.6955616975153067,0.21236581586383174,success
297,2000,8,3,2.0,2.6000000000000005,0.1,0.8,4.999999999999999,3,177,70,253,0,0.6199462919061857,0.18124410963290258,success
295,2000,8,3,2.0,2.6000000000000005,0.1,0.8,4.6,3,200,68,232,0,0.6218490614927284,0.18275952005143367,success
294,2000,8,3,2.0,2.6000000000000005,0.1,0.8,4.3999999999999995,3,210,69,221,0,0.6221323461156943,0.18939661624500148,success
296,2000,8,3,2.0,2.6000000000000005,0.1,0.8,4.799999999999999,3,188,66,246,0,0.6214372784299316,0.17918922214289448,success
298,2000,8,3,2.0,2.6000000000000005,0.1,0.8,5.199999999999999,3,168,71,261,0,0.6222091489996474,0.17859352478167068,success
299,2000,8,3,2.0,2.6000000000000005,0.1,0.8,5.399999999999999,3,161,71,268,0,0.6265676646515129,0.18307365880313897,success
300,2000,8,3,2.0,2.6000000000000005,0.1,0.8,5.599999999999999,3,161,73,266,0,0.6182843777087129,0.17648483504774254,success
301,2000,8,3,2.0,2.6000000000000005,0.1,0.8,5.799999999999999,3,153,73,274,0,0.6237293079173918,0.1802876196359221,success
302,2000,8,3,2.0,2.6000000000000005,0.1,0.8,5.999999999999999,3,154,73,273,0,0.6176313687488217,0.1767159702565276,success
303,2000,8,3,2.0,2.6000000000000005,0.1,0.8,6.199999999999999,3,146,73,281,0,0.6243606292799502,0.18103495923536456,success
304,2000,8,3,2.0,2.6000000000000005,0.1,0.8,6.399999999999999,3,138,73,289,0,0.6268090521771155,0.17900165255291742,success
305,2000,8,3,2.0,2.6000000000000005,0.1,0.8,6.599999999999999,3,138,75,287,0,0.6237415198247575,0.17786112963865805,success
307,2000,8,3,2.0,2.6000000000000005,0.1,0.8,6.999999999999998,3,140,75,285,0,0.6165646752338169,0.17307838073976173,success
306,2000,8,3,2.0,2.6000000000000005,0.1,0.8,6.799999999999999,3,140,75,285,0,0.6212867555646246,0.17651128286396683,success
309,2000,8,3,2.0,2.6000000000000005,0.1,0.8,7.399999999999999,3,138,75,287,0,0.6152934483286308,0.1711440600385537,success
308,2000,8,3,2.0,2.6000000000000005,0.1,0.8,7.199999999999998,3,140,75,285,0,0.6154573778857764,0.1708376734839452,success
310,2000,8,3,2.0,2.6000000000000005,0.1,0.8,7.599999999999999,3,136,76,288,0,0.6155020137130655,0.17066527104519374,success
311,2000,8,3,2.0,2.6000000000000005,0.1,0.8,7.799999999999999,3,137,75,288,0,0.6141571899701534,0.1701745137426611,success
312,2000,8,3,2.0,2.6000000000000005,0.1,0.8,7.999999999999998,3,129,75,296,0,0.6208506660035269,0.17467223477413737,success
314,2000,8,3,2.0,2.6000000000000005,0.1,0.8,8.399999999999999,3,127,75,298,0,0.6200960949484,0.17325998446965696,success
313,2000,8,3,2.0,2.6000000000000005,0.1,0.8,8.2,3,128,76,296,0,0.6204090959919095,0.17341999818732481,success
315,2000,8,3,2.0,2.6000000000000005,0.1,0.8,8.599999999999998,3,128,75,297,0,0.6173899121204259,0.17062226215215873,success
323,2000,8,3,2.0,2.7000000000000006,0.1,0.8,1.0,3,438,62,0,0,,,success
324,2000,8,3,2.0,2.7000000000000006,0.1,0.8,1.2,3,366,72,62,0,0.8576734453418606,0.2337804532515651,success
316,2000,8,3,2.0,2.6000000000000005,0.1,0.8,8.799999999999997,3,129,76,295,0,0.6175619340475996,0.17172564387941144,success
325,2000,8,3,2.0,2.7000000000000006,0.1,0.8,1.4,3,324,79,97,0,0.7542103164371767,0.25006889638192087,success
326,2000,8,3,2.0,2.7000000000000006,0.1,0.8,1.5999999999999999,3,302,78,120,0,0.7309154785613455,0.2549052470259415,success
327,2000,8,3,2.0,2.7000000000000006,0.1,0.8,1.7999999999999998,3,303,67,130,0,0.7060147824318583,0.2523281954166024,success
328,2000,8,3,2.0,2.7000000000000006,0.1,0.8,1.9999999999999998,3,299,66,135,0,0.6745706435636936,0.24083848584710932,success
321,2000,8,3,2.0,2.6000000000000005,0.1,0.8,9.799999999999997,3,128,76,296,0,0.6174449301319264,0.17229844162041527,success
322,2000,8,3,2.0,2.6000000000000005,0.1,0.8,9.999999999999998,3,123,76,301,0,0.6226872418195821,0.17544326343223593,success
329,2000,8,3,2.0,2.7000000000000006,0.1,0.8,2.1999999999999997,3,269,58,173,0,0.6959024777102669,0.22190649542427016,success
317,2000,8,3,2.0,2.6000000000000005,0.1,0.8,8.999999999999998,3,124,76,300,0,0.6212799252732383,0.1738629871775705,success
330,2000,8,3,2.0,2.7000000000000006,0.1,0.8,2.3999999999999995,3,258,55,187,0,0.6899466414090111,0.21660255273325227,success
318,2000,8,3,2.0,2.6000000000000005,0.1,0.8,9.199999999999998,3,125,76,299,0,0.6194409554741325,0.17236842697153146,success
319,2000,8,3,2.0,2.6000000000000005,0.1,0.8,9.399999999999999,3,126,75,299,0,0.6182830181818505,0.17125584375271558,success
320,2000,8,3,2.0,2.6000000000000005,0.1,0.8,9.599999999999998,3,124,76,300,0,0.6212350525347463,0.17405637530138546,success
333,2000,8,3,2.0,2.7000000000000006,0.1,0.8,2.9999999999999996,3,206,52,242,0,0.7075831560991142,0.22348184990383055,success
331,2000,8,3,2.0,2.7000000000000006,0.1,0.8,2.5999999999999996,3,216,67,217,0,0.7014475058475493,0.21735867122994162,success
334,2000,8,3,2.0,2.7000000000000006,0.1,0.8,3.1999999999999993,3,178,72,250,0,0.6957844892550853,0.21528674047624138,success
332,2000,8,3,2.0,2.7000000000000006,0.1,0.8,2.8,3,183,41,276,0,0.7291923415394941,0.22920112610487872,success
335,2000,8,3,2.0,2.7000000000000006,0.1,0.8,3.3999999999999995,3,152,75,273,0,0.6971763403894714,0.2133367742517698,success
336,2000,8,3,2.0,2.7000000000000006,0.1,0.8,3.5999999999999996,3,134,79,287,0,0.6904024802636453,0.210777012557877,success
348,2000,8,3,2.0,2.7000000000000006,0.1,0.8,5.999999999999999,3,121,96,283,0,0.6131167014887536,0.17340624127958282,success
340,2000,8,3,2.0,2.7000000000000006,0.1,0.8,4.3999999999999995,3,177,88,235,0,0.616348696770571,0.18786991076580184,success
349,2000,8,3,2.0,2.7000000000000006,0.1,0.8,6.199999999999999,3,113,96,291,0,0.6173202988598014,0.17508848455712558,success
351,2000,8,3,2.0,2.7000000000000006,0.1,0.8,6.599999999999999,3,112,97,291,0,0.6112369535938218,0.171051101667081,success
338,2000,8,3,2.0,2.7000000000000006,0.1,0.8,3.999999999999999,3,179,86,235,0,0.630112320509401,0.18862653757521883,success
337,2000,8,3,2.0,2.7000000000000006,0.1,0.8,3.7999999999999994,3,167,80,253,0,0.6570188430816724,0.20425099422556894,success
339,2000,8,3,2.0,2.7000000000000006,0.1,0.8,4.199999999999999,3,174,87,239,0,0.6300872319909343,0.19338923514699854,success
352,2000,8,3,2.0,2.7000000000000006,0.1,0.8,6.799999999999999,3,112,97,291,0,0.610931696092059,0.17131549224508316,success
341,2000,8,3,2.0,2.7000000000000006,0.1,0.8,4.6,3,160,89,251,0,0.6216241616342156,0.1904700702604736,success
353,2000,8,3,2.0,2.7000000000000006,0.1,0.8,6.999999999999998,3,103,98,299,0,0.6153860954469277,0.17263886610077564,success
342,2000,8,3,2.0,2.7000000000000006,0.1,0.8,4.799999999999999,3,152,89,259,0,0.615714529579325,0.18355956418703306,success
355,2000,8,3,2.0,2.7000000000000006,0.1,0.8,7.399999999999999,3,102,98,300,0,0.6132490771787077,0.17123070888364864,success
354,2000,8,3,2.0,2.7000000000000006,0.1,0.8,7.199999999999998,3,107,98,295,0,0.6100726145475145,0.16998765867684543,success
343,2000,8,3,2.0,2.7000000000000006,0.1,0.8,4.999999999999999,3,142,95,263,0,0.618526464657781,0.183590723379444,success
344,2000,8,3,2.0,2.7000000000000006,0.1,0.8,5.199999999999999,3,142,95,263,0,0.6141438792996378,0.1786076472722595,success
356,2000,8,3,2.0,2.7000000000000006,0.1,0.8,7.599999999999999,3,105,97,298,0,0.6081057905519286,0.16809877083653704,success
357,2000,8,3,2.0,2.7000000000000006,0.1,0.8,7.799999999999999,3,106,97,297,0,0.6052907028243842,0.16527724668510474,success
346,2000,8,3,2.0,2.7000000000000006,0.1,0.8,5.599999999999999,3,138,97,265,0,0.6108431644151725,0.17901078533051298,success
345,2000,8,3,2.0,2.7000000000000006,0.1,0.8,5.399999999999999,3,143,95,262,0,0.6132694199052378,0.1835937710954794,success
359,2000,8,3,2.0,2.7000000000000006,0.1,0.8,8.2,3,99,98,303,0,0.6120432568991728,0.17197548318740874,success
347,2000,8,3,2.0,2.7000000000000006,0.1,0.8,5.799999999999999,3,133,96,271,0,0.6092882286619926,0.17576757823484326,success
350,2000,8,3,2.0,2.7000000000000006,0.1,0.8,6.399999999999999,3,111,97,292,0,0.6175154909291141,0.17624703250413776,success
363,2000,8,3,2.0,2.7000000000000006,0.1,0.8,8.999999999999998,3,98,98,304,0,0.6084144848720129,0.16827971172955683,success
364,2000,8,3,2.0,2.7000000000000006,0.1,0.8,9.199999999999998,3,97,98,305,0,0.609345968691182,0.16903079424483486,success
358,2000,8,3,2.0,2.7000000000000006,0.1,0.8,7.999999999999998,3,100,97,303,0,0.6106202204211989,0.17032130098250342,success
365,2000,8,3,2.0,2.7000000000000006,0.1,0.8,9.399999999999999,3,96,98,306,0,0.6087306401971986,0.16766499909331312,success
366,2000,8,3,2.0,2.7000000000000006,0.1,0.8,9.599999999999998,3,98,98,304,0,0.6074967946694683,0.16757739667739524,success
360,2000,8,3,2.0,2.7000000000000006,0.1,0.8,8.399999999999999,3,96,98,306,0,0.6148386964072656,0.173814616379321,success
361,2000,8,3,2.0,2.7000000000000006,0.1,0.8,8.599999999999998,3,96,98,306,0,0.6134425252774708,0.17210631108451996,success
362,2000,8,3,2.0,2.7000000000000006,0.1,0.8,8.799999999999997,3,97,98,305,0,0.6104116039719489,0.16983841052869067,success
367,2000,8,3,2.0,2.7000000000000006,0.1,0.8,9.799999999999997,3,99,98,303,0,0.6056941720846194,0.16659030983146622,success
368,2000,8,3,2.0,2.7000000000000006,0.1,0.8,9.999999999999998,3,98,98,304,0,0.605867479362363,0.16561619246491752,success
369,2000,8,3,2.0,2.8000000000000007,0.1,0.8,1.0,3,429,71,0,0,,,success
371,2000,8,3,2.0,2.8000000000000007,0.1,0.8,1.4,3,303,94,103,0,0.754966643776432,0.24878450906351948,success
372,2000,8,3,2.0,2.8000000000000007,0.1,0.8,1.5999999999999999,3,277,97,126,0,0.7174378765964516,0.2571216978290286,success
376,2000,8,3,2.0,2.8000000000000007,0.1,0.8,2.3999999999999995,3,208,78,214,0,0.6903938260460469,0.21783300965996538,success
370,2000,8,3,2.0,2.8000000000000007,0.1,0.8,1.2,3,348,89,63,0,0.8530086553946488,0.23214368916196293,success
384,2000,8,3,2.0,2.8000000000000007,0.1,0.8,3.999999999999999,3,118,111,271,0,0.6424827568856859,0.19940157568300898,success
381,2000,8,3,2.0,2.8000000000000007,0.1,0.8,3.3999999999999995,3,106,101,293,0,0.6724102031040619,0.20361503943163814,success
373,2000,8,3,2.0,2.8000000000000007,0.1,0.8,1.7999999999999998,3,274,85,141,0,0.722269772865338,0.26130492034997005,success
385,2000,8,3,2.0,2.8000000000000007,0.1,0.8,4.199999999999999,3,113,114,273,0,0.6454793582947018,0.20294697931367445,success
374,2000,8,3,2.0,2.8000000000000007,0.1,0.8,1.9999999999999998,3,269,93,138,0,0.6883527621064991,0.24627693882023655,success
388,2000,8,3,2.0,2.8000000000000007,0.1,0.8,4.799999999999999,3,118,116,266,0,0.6066737445325178,0.18344783871013645,success
380,2000,8,3,2.0,2.8000000000000007,0.1,0.8,3.1999999999999993,3,136,92,272,0,0.6822010740505129,0.20754455183289325,success
375,2000,8,3,2.0,2.8000000000000007,0.1,0.8,2.1999999999999997,3,241,83,176,0,0.7035617700686231,0.23104723294750254,success
378,2000,8,3,2.0,2.8000000000000007,0.1,0.8,2.8,3,113,76,311,0,0.7197530669280175,0.21779846665046068,success
391,2000,8,3,2.0,2.8000000000000007,0.1,0.8,5.399999999999999,3,104,125,271,0,0.6085291198156274,0.1793211967272841,success
382,2000,8,3,2.0,2.8000000000000007,0.1,0.8,3.5999999999999996,3,85,110,305,0,0.6814100464004516,0.20976470744510087,success
387,2000,8,3,2.0,2.8000000000000007,0.1,0.8,4.6,3,115,117,268,0,0.6155948950008765,0.1860762725332231,success
386,2000,8,3,2.0,2.8000000000000007,0.1,0.8,4.3999999999999995,3,126,116,258,0,0.6200983121510768,0.19520274956582048,success
392,2000,8,3,2.0,2.8000000000000007,0.1,0.8,5.599999999999999,3,106,126,268,0,0.6076272695915387,0.1818229358545812,success
383,2000,8,3,2.0,2.8000000000000007,0.1,0.8,3.7999999999999994,3,95,113,292,0,0.6679231367802394,0.20874647616351147,success
394,2000,8,3,2.0,2.8000000000000007,0.1,0.8,5.999999999999999,3,97,125,278,0,0.6030567886889455,0.1765514231930564,success
389,2000,8,3,2.0,2.8000000000000007,0.1,0.8,4.999999999999999,3,118,123,259,0,0.6067370095889418,0.18225648786175785,success
395,2000,8,3,2.0,2.8000000000000007,0.1,0.8,6.199999999999999,3,86,126,288,0,0.6110139982536169,0.18025851032257365,success
377,2000,8,3,2.0,2.8000000000000007,0.1,0.8,2.5999999999999996,3,168,86,246,0,0.7112441161847,0.2208961238448315,success
390,2000,8,3,2.0,2.8000000000000007,0.1,0.8,5.199999999999999,3,106,125,269,0,0.6129524044287891,0.18249275744805918,success
379,2000,8,3,2.0,2.8000000000000007,0.1,0.8,2.9999999999999996,3,131,60,309,0,0.7341441273156949,0.21338165377295254,success
399,2000,8,3,2.0,2.8000000000000007,0.1,0.8,6.999999999999998,3,86,129,285,0,0.5989061238784991,0.16989443648909155,success
393,2000,8,3,2.0,2.8000000000000007,0.1,0.8,5.799999999999999,3,92,128,280,0,0.6163763274905957,0.18362768318928147,success
396,2000,8,3,2.0,2.8000000000000007,0.1,0.8,6.399999999999999,3,87,127,286,0,0.6084752402159863,0.1787409403987944,success
397,2000,8,3,2.0,2.8000000000000007,0.1,0.8,6.599999999999999,3,85,129,286,0,0.6035356626367491,0.17084125512195306,success
398,2000,8,3,2.0,2.8000000000000007,0.1,0.8,6.799999999999999,3,85,129,286,0,0.6029361146265309,0.1706952870874052,success
400,2000,8,3,2.0,2.8000000000000007,0.1,0.8,7.199999999999998,3,88,128,284,0,0.5937127883684825,0.16583348729173045,success
401,2000,8,3,2.0,2.8000000000000007,0.1,0.8,7.399999999999999,3,77,128,295,0,0.6043619497023491,0.17370635865779097,success
402,2000,8,3,2.0,2.8000000000000007,0.1,0.8,7.599999999999999,3,77,129,294,0,0.6031621891578787,0.17172181044463491,success
403,2000,8,3,2.0,2.8000000000000007,0.1,0.8,7.799999999999999,3,79,128,293,0,0.6000781141377112,0.16966160833217173,success
404,2000,8,3,2.0,2.8000000000000007,0.1,0.8,7.999999999999998,3,74,129,297,0,0.6027522581984913,0.17038333965403163,success
407,2000,8,3,2.0,2.8000000000000007,0.1,0.8,8.599999999999998,3,74,129,297,0,0.603348724553213,0.17231985567032637,success
406,2000,8,3,2.0,2.8000000000000007,0.1,0.8,8.399999999999999,3,76,130,294,0,0.6014924087155726,0.16960667330598928,success
409,2000,8,3,2.0,2.8000000000000007,0.1,0.8,8.999999999999998,3,74,130,296,0,0.6004411069135706,0.16845256932724517,success
411,2000,8,3,2.0,2.8000000000000007,0.1,0.8,9.399999999999999,3,73,130,297,0,0.6008615311633443,0.1690209029201586,success
412,2000,8,3,2.0,2.8000000000000007,0.1,0.8,9.599999999999998,3,73,130,297,0,0.6002168159441438,0.16763999041762112,success
415,2000,8,3,2.0,2.900000000000001,0.1,0.8,1.0,3,419,81,0,0,,,success
419,2000,8,3,2.0,2.900000000000001,0.1,0.8,1.7999999999999998,3,255,115,130,0,0.75669304358266,0.2589997604593105,success
405,2000,8,3,2.0,2.8000000000000007,0.1,0.8,8.2,3,77,129,294,0,0.5989790289207407,0.1681873052830588,success
421,2000,8,3,2.0,2.900000000000001,0.1,0.8,2.1999999999999997,3,199,120,181,0,0.7071256080582442,0.22470717278639085,success
414,2000,8,3,2.0,2.8000000000000007,0.1,0.8,9.999999999999998,3,74,131,295,0,0.5998167880668013,0.16902697916585463,success
408,2000,8,3,2.0,2.8000000000000007,0.1,0.8,8.799999999999997,3,74,129,297,0,0.6019128548475721,0.17011783753811435,success
410,2000,8,3,2.0,2.8000000000000007,0.1,0.8,9.199999999999998,3,76,130,294,0,0.5979623900807095,0.16681415736356267,success
413,2000,8,3,2.0,2.8000000000000007,0.1,0.8,9.799999999999997,3,73,131,296,0,0.6010440183203243,0.16955351824420384,success
416,2000,8,3,2.0,2.900000000000001,0.1,0.8,1.2,3,336,98,66,0,0.8594881934651344,0.22361805084041037,success
417,2000,8,3,2.0,2.900000000000001,0.1,0.8,1.4,3,284,108,108,0,0.7734628074977894,0.24137490730221622,success
418,2000,8,3,2.0,2.900000000000001,0.1,0.8,1.5999999999999999,3,256,119,125,0,0.7475597804396328,0.2607766229764392,success
420,2000,8,3,2.0,2.900000000000001,0.1,0.8,1.9999999999999998,3,232,118,150,0,0.7127259907528776,0.23852816271999921,success
423,2000,8,3,2.0,2.900000000000001,0.1,0.8,2.5999999999999996,3,120,142,238,0,0.68092662830876,0.21674607564358547,success
422,2000,8,3,2.0,2.900000000000001,0.1,0.8,2.3999999999999995,3,157,128,215,0,0.6968597686561583,0.21721578400122163,success
427,2000,8,3,2.0,2.900000000000001,0.1,0.8,3.3999999999999995,3,75,126,299,0,0.6609982472350259,0.1956593465037645,success
432,2000,8,3,2.0,2.900000000000001,0.1,0.8,4.3999999999999995,3,75,156,269,0,0.6119707838564644,0.19549309800063538,success
428,2000,8,3,2.0,2.900000000000001,0.1,0.8,3.5999999999999996,3,47,147,306,0,0.6624064911932468,0.19205755699932134,success
426,2000,8,3,2.0,2.900000000000001,0.1,0.8,3.1999999999999993,3,80,104,316,0,0.6969735947639523,0.2083515850470951,success
424,2000,8,3,2.0,2.900000000000001,0.1,0.8,2.8,3,58,143,299,0,0.7088073096425819,0.20358073174498817,success
429,2000,8,3,2.0,2.900000000000001,0.1,0.8,3.7999999999999994,3,40,155,305,0,0.6633180647557458,0.20327281344276768,success
430,2000,8,3,2.0,2.900000000000001,0.1,0.8,3.999999999999999,3,64,158,278,0,0.6447359801728993,0.2011432985335982,success
431,2000,8,3,2.0,2.900000000000001,0.1,0.8,4.199999999999999,3,66,158,276,0,0.6287872467055051,0.19642223375489012,success
425,2000,8,3,2.0,2.900000000000001,0.1,0.8,2.9999999999999996,3,65,115,320,0,0.7157593595818371,0.2085601153765508,success
433,2000,8,3,2.0,2.900000000000001,0.1,0.8,4.6,3,82,157,261,0,0.6052501570251224,0.18466218360039083,success
434,2000,8,3,2.0,2.900000000000001,0.1,0.8,4.799999999999999,3,71,158,271,0,0.6037298089296111,0.182067984042281,success
435,2000,8,3,2.0,2.900000000000001,0.1,0.8,4.999999999999999,3,67,162,271,0,0.6043594063845739,0.18327746466934658,success
436,2000,8,3,2.0,2.900000000000001,0.1,0.8,5.199999999999999,3,70,159,271,0,0.5980334024908948,0.17676141243452012,success
437,2000,8,3,2.0,2.900000000000001,0.1,0.8,5.399999999999999,3,66,162,272,0,0.5990935575337848,0.18035641225670698,success
438,2000,8,3,2.0,2.900000000000001,0.1,0.8,5.599999999999999,3,66,162,272,0,0.5914609124542489,0.17358871533330006,success
440,2000,8,3,2.0,2.900000000000001,0.1,0.8,5.999999999999999,3,66,164,270,0,0.5843482122554491,0.17045773356554222,success
439,2000,8,3,2.0,2.900000000000001,0.1,0.8,5.799999999999999,3,68,161,271,0,0.5901636589528971,0.17358670536737894,success
441,2000,8,3,2.0,2.900000000000001,0.1,0.8,6.199999999999999,3,59,163,278,0,0.5895637190608404,0.17386754740237675,success
442,2000,8,3,2.0,2.900000000000001,0.1,0.8,6.399999999999999,3,63,164,273,0,0.5819095037877572,0.16937026489406357,success
443,2000,8,3,2.0,2.900000000000001,0.1,0.8,6.599999999999999,3,62,164,274,0,0.5851788292989123,0.1742898531055455,success
445,2000,8,3,2.0,2.900000000000001,0.1,0.8,6.999999999999998,3,54,165,281,0,0.5851856007326965,0.1687677556432916,success
446,2000,8,3,2.0,2.900000000000001,0.1,0.8,7.199999999999998,3,58,164,278,0,0.5801173517449859,0.16593070389254655,success
444,2000,8,3,2.0,2.900000000000001,0.1,0.8,6.799999999999999,3,53,163,284,0,0.5920943374592652,0.17733845244389274,success
454,2000,8,3,2.0,2.900000000000001,0.1,0.8,8.799999999999997,3,51,164,285,0,0.5805603877352811,0.16736771182984636,success
447,2000,8,3,2.0,2.900000000000001,0.1,0.8,7.399999999999999,3,52,163,285,0,0.584968493943649,0.16951092031343037,success
448,2000,8,3,2.0,2.900000000000001,0.1,0.8,7.599999999999999,3,56,164,280,0,0.5800990043916061,0.16779307800523505,success
449,2000,8,3,2.0,2.900000000000001,0.1,0.8,7.799999999999999,3,56,164,280,0,0.579598597573369,0.16728063065462517,success
450,2000,8,3,2.0,2.900000000000001,0.1,0.8,7.999999999999998,3,55,164,281,0,0.576898367745717,0.16348540345293597,success
456,2000,8,3,2.0,2.900000000000001,0.1,0.8,9.199999999999998,3,50,164,286,0,0.580183562855536,0.16522629502042782,success
451,2000,8,3,2.0,2.900000000000001,0.1,0.8,8.2,3,50,163,287,0,0.582111886616655,0.16839653800860324,success
452,2000,8,3,2.0,2.900000000000001,0.1,0.8,8.399999999999999,3,53,164,283,0,0.5789003310705296,0.16607454286471843,success
453,2000,8,3,2.0,2.900000000000001,0.1,0.8,8.599999999999998,3,49,164,287,0,0.5835408245925656,0.16901706827211985,success
457,2000,8,3,2.0,2.900000000000001,0.1,0.8,9.399999999999999,3,51,164,285,0,0.5789376363428431,0.16528326255544204,success
455,2000,8,3,2.0,2.900000000000001,0.1,0.8,8.999999999999998,3,47,164,289,0,0.5843099041087355,0.16853633842082488,success
461,2000,8,3,2.0,3.000000000000001,0.1,0.8,1.0,4,392,108,0,0,,,success
462,2000,8,3,2.0,3.000000000000001,0.1,0.8,1.2,4,303,121,76,0,0.8637045562284495,0.2267633552129036,success
463,2000,8,3,2.0,3.000000000000001,0.1,0.8,1.4,4,250,139,111,0,0.7643742904244628,0.2641239933109703,success
464,2000,8,3,2.0,3.000000000000001,0.1,0.8,1.5999999999999999,4,218,140,142,0,0.7172392336605884,0.26353101644617366,success
458,2000,8,3,2.0,2.900000000000001,0.1,0.8,9.599999999999998,3,50,164,286,0,0.581371758665932,0.1685224719043097,success
459,2000,8,3,2.0,2.900000000000001,0.1,0.8,9.799999999999997,3,46,164,290,0,0.5856476609995558,0.17087879230570374,success
460,2000,8,3,2.0,2.900000000000001,0.1,0.8,9.999999999999998,3,45,164,291,0,0.5848558472677452,0.16911347173274477,success
465,2000,8,3,2.0,3.000000000000001,0.1,0.8,1.7999999999999998,4,194,151,155,0,0.7242213624875328,0.25940342517414505,success
466,2000,8,3,2.0,3.000000000000001,0.1,0.8,1.9999999999999998,4,193,145,162,0,0.6681689322182147,0.2463436991919217,success
467,2000,8,3,2.0,3.000000000000001,0.1,0.8,2.1999999999999997,4,150,150,200,0,0.6577784292080432,0.23084662610500392,success
468,2000,8,3,2.0,3.000000000000001,0.1,0.8,2.3999999999999995,4,105,151,244,0,0.6370624055098606,0.22652954728079852,success
469,2000,8,3,2.0,3.000000000000001,0.1,0.8,2.5999999999999996,4,60,175,265,0,0.6143219805754745,0.2110138175705221,success
474,2000,8,3,2.0,3.000000000000001,0.1,0.8,3.5999999999999996,4,48,154,298,0,0.5930380137798225,0.21472101077329522,success
473,2000,8,3,2.0,3.000000000000001,0.1,0.8,3.3999999999999995,4,41,126,333,0,0.6313767773116342,0.2310434312039027,success
475,2000,8,3,2.0,3.000000000000001,0.1,0.8,3.7999999999999994,4,22,174,304,0,0.5897971576190126,0.21304817940756846,success
476,2000,8,3,2.0,3.000000000000001,0.1,0.8,3.999999999999999,4,15,182,303,0,0.5938191811629144,0.21718258650542327,success
477,2000,8,3,2.0,3.000000000000001,0.1,0.8,4.199999999999999,4,21,183,296,0,0.5869989060044084,0.21542553870320427,success
472,2000,8,3,2.0,3.000000000000001,0.1,0.8,3.1999999999999993,4,15,127,358,0,0.6566052541272165,0.23168558285291735,success
470,2000,8,3,2.0,3.000000000000001,0.1,0.8,2.8,4,21,179,300,0,0.6277596063414009,0.21700356812140065,success
471,2000,8,3,2.0,3.000000000000001,0.1,0.8,2.9999999999999996,4,12,169,319,0,0.6235253997688571,0.22489473083211,success
479,2000,8,3,2.0,3.000000000000001,0.1,0.8,4.6,4,27,181,292,0,0.5675248918016169,0.20382169383418064,success
484,2000,8,3,2.0,3.000000000000001,0.1,0.8,5.599999999999999,4,28,186,286,0,0.5572742716581874,0.19654570455695053,success
488,2000,8,3,2.0,3.000000000000001,0.1,0.8,6.399999999999999,4,17,184,299,0,0.5557989877399829,0.19537750544142662,success
478,2000,8,3,2.0,3.000000000000001,0.1,0.8,4.3999999999999995,4,20,183,297,0,0.5853761847427719,0.21549477167271588,success
480,2000,8,3,2.0,3.000000000000001,0.1,0.8,4.799999999999999,4,33,186,281,0,0.5629932576211449,0.19824447399773862,success
481,2000,8,3,2.0,3.000000000000001,0.1,0.8,4.999999999999999,4,44,184,272,0,0.5550341400302891,0.19960114384355035,success
482,2000,8,3,2.0,3.000000000000001,0.1,0.8,5.199999999999999,4,37,185,278,0,0.5566178901111342,0.194856197024633,success
483,2000,8,3,2.0,3.000000000000001,0.1,0.8,5.399999999999999,4,31,185,284,0,0.5573834743084335,0.1947640563172788,success
485,2000,8,3,2.0,3.000000000000001,0.1,0.8,5.799999999999999,4,25,188,287,0,0.5542256184339392,0.19363166055275977,success
486,2000,8,3,2.0,3.000000000000001,0.1,0.8,5.999999999999999,4,21,185,294,0,0.5557037367713386,0.19573822428221205,success
487,2000,8,3,2.0,3.000000000000001,0.1,0.8,6.199999999999999,4,20,184,296,0,0.553474474751844,0.192697255619739,success
489,2000,8,3,2.0,3.000000000000001,0.1,0.8,6.599999999999999,4,24,184,292,0,0.5446193200180728,0.18662999067972805,success
490,2000,8,3,2.0,3.000000000000001,0.1,0.8,6.799999999999999,4,20,186,294,0,0.5494426915456474,0.19064423761512234,success
491,2000,8,3,2.0,3.000000000000001,0.1,0.8,6.999999999999998,4,13,185,302,0,0.5556282534921172,0.1925969005892368,success
492,2000,8,3,2.0,3.000000000000001,0.1,0.8,7.199999999999998,4,15,185,300,0,0.5528400597715917,0.19153698992905802,success
493,2000,8,3,2.0,3.000000000000001,0.1,0.8,7.399999999999999,4,15,186,299,0,0.5503861458527373,0.18902730746115218,success
494,2000,8,3,2.0,3.000000000000001,0.1,0.8,7.599999999999999,4,13,185,302,0,0.5520855686454949,0.19034540745876563,success
495,2000,8,3,2.0,3.000000000000001,0.1,0.8,7.799999999999999,4,16,185,299,0,0.5482653069009585,0.187897588593228,success
496,2000,8,3,2.0,3.000000000000001,0.1,0.8,7.999999999999998,4,14,185,301,0,0.5487543918513067,0.18715566549493404,success
497,2000,8,3,2.0,3.000000000000001,0.1,0.8,8.2,4,14,185,301,0,0.5480898993740072,0.18628837776150706,success
498,2000,8,3,2.0,3.000000000000001,0.1,0.8,8.399999999999999,4,12,185,303,0,0.5506115097494303,0.1888199385679544,success
499,2000,8,3,2.0,3.000000000000001,0.1,0.8,8.599999999999998,4,14,185,301,0,0.5459321525672989,0.18546693230381814,success
500,2000,8,3,2.0,3.000000000000001,0.1,0.8,8.799999999999997,4,13,185,302,0,0.54685820312294,0.18578875217665172,success
501,2000,8,3,2.0,3.000000000000001,0.1,0.8,8.999999999999998,4,9,185,306,0,0.5504879100461901,0.18725565820173698,success
507,2000,8,3,2.0,3.100000000000001,0.1,0.8,1.0,4,381,119,0,0,,,success
508,2000,8,3,2.0,3.100000000000001,0.1,0.8,1.2,4,294,130,76,0,0.8672027229334762,0.21943357209688094,success
509,2000,8,3,2.0,3.100000000000001,0.1,0.8,1.4,4,243,152,105,0,0.7625476255795932,0.26728511524892806,success
503,2000,8,3,2.0,3.000000000000001,0.1,0.8,9.399999999999999,4,10,185,305,0,0.5480184113745868,0.18455470991861286,success
502,2000,8,3,2.0,3.000000000000001,0.1,0.8,9.199999999999998,4,9,185,306,0,0.549874172401374,0.1868990240020855,success
505,2000,8,3,2.0,3.000000000000001,0.1,0.8,9.799999999999997,4,10,186,304,0,0.5481669986924584,0.18631426281243918,success
504,2000,8,3,2.0,3.000000000000001,0.1,0.8,9.599999999999998,4,14,185,301,0,0.5437411140026662,0.1821584930495134,success
506,2000,8,3,2.0,3.000000000000001,0.1,0.8,9.999999999999998,4,10,186,304,0,0.5481256315260539,0.1859661135042448,success
510,2000,8,3,2.0,3.100000000000001,0.1,0.8,1.5999999999999999,4,207,154,139,0,0.7215537442430434,0.25727385327681696,success
511,2000,8,3,2.0,3.100000000000001,0.1,0.8,1.7999999999999998,4,183,164,153,0,0.7249627091255678,0.26170432264459353,success
512,2000,8,3,2.0,3.100000000000001,0.1,0.8,1.9999999999999998,4,174,160,166,0,0.6762174927271914,0.24950518237943078,success
513,2000,8,3,2.0,3.100000000000001,0.1,0.8,2.1999999999999997,4,138,167,195,0,0.6540175018337347,0.23509726230809067,success
514,2000,8,3,2.0,3.100000000000001,0.1,0.8,2.3999999999999995,4,89,174,237,0,0.6326875691855967,0.2341989623476346,success
515,2000,8,3,2.0,3.100000000000001,0.1,0.8,2.5999999999999996,4,50,199,251,0,0.5983474595041824,0.21380740158956021,success
520,2000,8,3,2.0,3.100000000000001,0.1,0.8,3.5999999999999996,4,34,171,295,0,0.5800122593207985,0.22229534858524294,success
519,2000,8,3,2.0,3.100000000000001,0.1,0.8,3.3999999999999995,4,30,172,298,0,0.5909444404242498,0.2209931480776491,success
518,2000,8,3,2.0,3.100000000000001,0.1,0.8,3.1999999999999993,4,13,177,310,0,0.614006689454595,0.228588286059441,success
521,2000,8,3,2.0,3.100000000000001,0.1,0.8,3.7999999999999994,4,14,201,285,0,0.5627198774718991,0.20634417032823668,success
516,2000,8,3,2.0,3.100000000000001,0.1,0.8,2.8,4,19,205,276,0,0.6045091733839806,0.21850696000240208,success
517,2000,8,3,2.0,3.100000000000001,0.1,0.8,2.9999999999999996,4,6,196,298,0,0.6029582136191011,0.21909443043857965,success
522,2000,8,3,2.0,3.100000000000001,0.1,0.8,3.999999999999999,4,6,210,284,0,0.5666051558212283,0.21024185421904357,success
523,2000,8,3,2.0,3.100000000000001,0.1,0.8,4.199999999999999,4,6,210,284,0,0.5667489635692587,0.21375241675986495,success
525,2000,8,3,2.0,3.100000000000001,0.1,0.8,4.6,4,13,205,282,0,0.5461417900793196,0.19897244020466787,success
524,2000,8,3,2.0,3.100000000000001,0.1,0.8,4.3999999999999995,4,8,211,281,0,0.5570129887598448,0.2052520711161016,success
526,2000,8,3,2.0,3.100000000000001,0.1,0.8,4.799999999999999,4,18,209,273,0,0.5476262610113423,0.2032978806849768,success
527,2000,8,3,2.0,3.100000000000001,0.1,0.8,4.999999999999999,4,16,210,274,0,0.5436108567337126,0.2030458154282095,success
528,2000,8,3,2.0,3.100000000000001,0.1,0.8,5.199999999999999,4,9,209,282,0,0.5454046776080261,0.1981978659484322,success
529,2000,8,3,2.0,3.100000000000001,0.1,0.8,5.399999999999999,4,11,208,281,0,0.5405392881221321,0.19751519112726834,success
530,2000,8,3,2.0,3.100000000000001,0.1,0.8,5.599999999999999,4,12,210,278,0,0.5355803917524459,0.1929031784556149,success
531,2000,8,3,2.0,3.100000000000001,0.1,0.8,5.799999999999999,4,14,211,275,0,0.5325524946687723,0.19194244660013568,success
532,2000,8,3,2.0,3.100000000000001,0.1,0.8,5.999999999999999,4,10,209,281,0,0.5346201223319011,0.19435043544035882,success
533,2000,8,3,2.0,3.100000000000001,0.1,0.8,6.199999999999999,4,10,210,280,0,0.5326033953305727,0.19395882109314833,success
534,2000,8,3,2.0,3.100000000000001,0.1,0.8,6.399999999999999,4,11,210,279,0,0.5291582322698062,0.1905020990522252,success
535,2000,8,3,2.0,3.100000000000001,0.1,0.8,6.599999999999999,4,8,210,282,0,0.5320849525706529,0.19399358427048705,success
536,2000,8,3,2.0,3.100000000000001,0.1,0.8,6.799999999999999,4,8,211,281,0,0.5330137696597681,0.19558682994767215,success
537,2000,8,3,2.0,3.100000000000001,0.1,0.8,6.999999999999998,4,6,211,283,0,0.5311566382947951,0.19163322942791813,success
539,2000,8,3,2.0,3.100000000000001,0.1,0.8,7.399999999999999,4,8,210,282,0,0.5264328705688323,0.188320119229634,success
538,2000,8,3,2.0,3.100000000000001,0.1,0.8,7.199999999999998,4,11,211,278,0,0.5246308730389724,0.1876816297469616,success
540,2000,8,3,2.0,3.100000000000001,0.1,0.8,7.599999999999999,4,6,211,283,0,0.5313135869850659,0.19428183389322998,success
541,2000,8,3,2.0,3.100000000000001,0.1,0.8,7.799999999999999,4,5,211,284,0,0.5283154102821525,0.18952696609419548,success
542,2000,8,3,2.0,3.100000000000001,0.1,0.8,7.999999999999998,4,8,211,281,0,0.5229513313925066,0.18553277792403317,success
543,2000,8,3,2.0,3.100000000000001,0.1,0.8,8.2,4,5,210,285,0,0.5269518355055557,0.18769285111069495,success
544,2000,8,3,2.0,3.100000000000001,0.1,0.8,8.399999999999999,4,7,210,283,0,0.5233465357289767,0.18462143632837202,success
545,2000,8,3,2.0,3.100000000000001,0.1,0.8,8.599999999999998,4,7,211,282,0,0.5219308646939907,0.18399901590514367,success
546,2000,8,3,2.0,3.100000000000001,0.1,0.8,8.799999999999997,4,8,211,281,0,0.5204912654685644,0.18326271827524038,success
547,2000,8,3,2.0,3.100000000000001,0.1,0.8,8.999999999999998,4,4,211,285,0,0.5244182729410741,0.18513610240806028,success
553,2000,8,3,2.0,3.200000000000001,0.1,0.8,1.0,4,368,132,0,0,,,success
549,2000,8,3,2.0,3.100000000000001,0.1,0.8,9.399999999999999,4,5,211,284,0,0.522509257179582,0.1836164559776069,success
548,2000,8,3,2.0,3.100000000000001,0.1,0.8,9.199999999999998,4,5,211,284,0,0.5236356779591269,0.18534797307634934,success
550,2000,8,3,2.0,3.100000000000001,0.1,0.8,9.599999999999998,4,6,211,283,0,0.5217486587678203,0.18387756946928566,success
552,2000,8,3,2.0,3.100000000000001,0.1,0.8,9.999999999999998,4,5,211,284,0,0.5229148243111621,0.1846325689208317,success
554,2000,8,3,2.0,3.200000000000001,0.1,0.8,1.2,4,281,143,76,0,0.8759750946437533,0.21096812183003416,success
551,2000,8,3,2.0,3.100000000000001,0.1,0.8,9.799999999999997,4,5,211,284,0,0.5233014302646322,0.18502851776450188,success
555,2000,8,3,2.0,3.200000000000001,0.1,0.8,1.4,4,230,163,107,0,0.7818180553545401,0.2606004790861241,success
556,2000,8,3,2.0,3.200000000000001,0.1,0.8,1.5999999999999999,4,195,160,145,0,0.7359681830469702,0.25270855518178414,success
557,2000,8,3,2.0,3.200000000000001,0.1,0.8,1.7999999999999998,4,165,177,158,0,0.7281849822925496,0.25669062914144225,success
558,2000,8,3,2.0,3.200000000000001,0.1,0.8,1.9999999999999998,4,159,174,167,0,0.6820682699974955,0.244663197875031,success
559,2000,8,3,2.0,3.200000000000001,0.1,0.8,2.1999999999999997,4,124,178,198,0,0.6547736616276532,0.23273839398828297,success
560,2000,8,3,2.0,3.200000000000001,0.1,0.8,2.3999999999999995,4,82,184,234,0,0.6356278903468535,0.23662083973750708,success
561,2000,8,3,2.0,3.200000000000001,0.1,0.8,2.5999999999999996,4,42,217,241,0,0.5990960613099936,0.2186476024590505,success
562,2000,8,3,2.0,3.200000000000001,0.1,0.8,2.8,4,14,227,259,0,0.5957993431679789,0.21501643057873204,success
563,2000,8,3,2.0,3.200000000000001,0.1,0.8,2.9999999999999996,4,7,224,269,0,0.5820473972487937,0.21134373985456847,success
564,2000,8,3,2.0,3.200000000000001,0.1,0.8,3.1999999999999993,4,2,228,270,0,0.5739394932448607,0.20240739032006874,success
571,2000,8,3,2.0,3.200000000000001,0.1,0.8,4.6,4,4,228,268,0,0.533300178659204,0.1937021816238197,success
568,2000,8,3,2.0,3.200000000000001,0.1,0.8,3.999999999999999,4,5,231,264,0,0.5502277918109023,0.20642655572529178,success
570,2000,8,3,2.0,3.200000000000001,0.1,0.8,4.3999999999999995,4,2,234,264,0,0.5393111585239511,0.19662878076438986,success
569,2000,8,3,2.0,3.200000000000001,0.1,0.8,4.199999999999999,4,5,233,262,0,0.5442888421262898,0.20560935827157728,success
566,2000,8,3,2.0,3.200000000000001,0.1,0.8,3.5999999999999996,4,18,216,266,0,0.565110754083295,0.21649487563736072,success
567,2000,8,3,2.0,3.200000000000001,0.1,0.8,3.7999999999999994,4,9,227,264,0,0.5527530835193409,0.19982067553817215,success
565,2000,8,3,2.0,3.200000000000001,0.1,0.8,3.3999999999999995,4,14,214,272,0,0.5714380637474392,0.20949055286794113,success
573,2000,8,3,2.0,3.200000000000001,0.1,0.8,4.999999999999999,4,4,231,265,0,0.5380617240478432,0.20315056281225274,success
572,2000,8,3,2.0,3.200000000000001,0.1,0.8,4.799999999999999,4,6,231,263,0,0.5372691816356243,0.1994023040572507,success
574,2000,8,3,2.0,3.200000000000001,0.1,0.8,5.199999999999999,4,6,231,263,0,0.529406682358154,0.19338632965176783,success
575,2000,8,3,2.0,3.200000000000001,0.1,0.8,5.399999999999999,4,5,230,265,0,0.5248966070687332,0.19016274725507543,success
576,2000,8,3,2.0,3.200000000000001,0.1,0.8,5.599999999999999,4,3,231,266,0,0.5245627909465246,0.18910792375748817,success
577,2000,8,3,2.0,3.200000000000001,0.1,0.8,5.799999999999999,4,6,231,263,0,0.5218010516795617,0.18765999691626747,success
578,2000,8,3,2.0,3.200000000000001,0.1,0.8,5.999999999999999,4,5,232,263,0,0.5200982323928793,0.1867562894792312,success
579,2000,8,3,2.0,3.200000000000001,0.1,0.8,6.199999999999999,4,4,231,265,0,0.5205007341630675,0.18747859208622025,success
580,2000,8,3,2.0,3.200000000000001,0.1,0.8,6.399999999999999,4,0,231,269,0,0.5216542337318423,0.18757298314636459,success
581,2000,8,3,2.0,3.200000000000001,0.1,0.8,6.599999999999999,4,3,231,266,0,0.5162196061369415,0.18137797454927335,success
582,2000,8,3,2.0,3.200000000000001,0.1,0.8,6.799999999999999,4,2,234,264,0,0.5180477376640534,0.18416308477315854,success
584,2000,8,3,2.0,3.200000000000001,0.1,0.8,7.199999999999998,4,6,233,261,0,0.5122171659011112,0.1820149524253565,success
585,2000,8,3,2.0,3.200000000000001,0.1,0.8,7.399999999999999,4,3,233,264,0,0.5151860205877639,0.18344561906527448,success
583,2000,8,3,2.0,3.200000000000001,0.1,0.8,6.999999999999998,4,4,232,264,0,0.5142255608979961,0.182755533869971,success
586,2000,8,3,2.0,3.200000000000001,0.1,0.8,7.599999999999999,4,2,233,265,0,0.5163947604704837,0.18440200703209447,success
588,2000,8,3,2.0,3.200000000000001,0.1,0.8,7.999999999999998,4,2,233,265,0,0.5142769223014927,0.18201205999174908,success
587,2000,8,3,2.0,3.200000000000001,0.1,0.8,7.799999999999999,4,3,233,264,0,0.5139210404504624,0.18281953329207581,success
589,2000,8,3,2.0,3.200000000000001,0.1,0.8,8.2,4,2,233,265,0,0.5148394953547037,0.18345680836010722,success
590,2000,8,3,2.0,3.200000000000001,0.1,0.8,8.399999999999999,4,3,233,264,0,0.5116428644875308,0.17990380309194517,success
591,2000,8,3,2.0,3.200000000000001,0.1,0.8,8.599999999999998,4,2,233,265,0,0.511536453570154,0.1785604287342834,success
592,2000,8,3,2.0,3.200000000000001,0.1,0.8,8.799999999999997,4,4,233,263,0,0.5094631921777449,0.17759596541050543,success
593,2000,8,3,2.0,3.200000000000001,0.1,0.8,8.999999999999998,4,2,233,265,0,0.5127475333391454,0.18079531699474463,success
594,2000,8,3,2.0,3.200000000000001,0.1,0.8,9.199999999999998,4,1,233,266,0,0.513790403314427,0.18175708595742443,success
599,2000,8,3,2.0,3.300000000000001,0.1,0.8,1.0,4,362,138,0,0,,,success
595,2000,8,3,2.0,3.200000000000001,0.1,0.8,9.399999999999999,4,3,233,264,0,0.5100226280349417,0.17806842476290444,success
600,2000,8,3,2.0,3.300000000000001,0.1,0.8,1.2,4,277,150,73,0,0.8715336274399754,0.21644364785924108,success
601,2000,8,3,2.0,3.300000000000001,0.1,0.8,1.4,4,224,175,101,0,0.7635888886217885,0.2632187565922364,success
602,2000,8,3,2.0,3.300000000000001,0.1,0.8,1.5999999999999999,4,189,172,139,0,0.7372249588406028,0.25416768471741913,success
603,2000,8,3,2.0,3.300000000000001,0.1,0.8,1.7999999999999998,4,153,190,157,0,0.732205433741257,0.25741453973445383,success
596,2000,8,3,2.0,3.200000000000001,0.1,0.8,9.599999999999998,4,3,233,264,0,0.510978276371351,0.17965107054804538,success
597,2000,8,3,2.0,3.200000000000001,0.1,0.8,9.799999999999997,4,1,233,266,0,0.5135843863685805,0.18229923508348675,success
604,2000,8,3,2.0,3.300000000000001,0.1,0.8,1.9999999999999998,4,143,191,166,0,0.680498378062905,0.24098111339483297,success
605,2000,8,3,2.0,3.300000000000001,0.1,0.8,2.1999999999999997,4,112,199,189,0,0.6661573386171357,0.23123363663825416,success
598,2000,8,3,2.0,3.200000000000001,0.1,0.8,9.999999999999998,4,3,233,264,0,0.5089052774636821,0.17688320065790064,success
606,2000,8,3,2.0,3.300000000000001,0.1,0.8,2.3999999999999995,4,74,205,221,0,0.6380611003430883,0.23664753534000896,success
607,2000,8,3,2.0,3.300000000000001,0.1,0.8,2.5999999999999996,4,39,250,211,0,0.5936001338843359,0.21236169562129217,success
608,2000,8,3,2.0,3.300000000000001,0.1,0.8,2.8,4,12,248,240,0,0.5882191389047844,0.20999251595695653,success
609,2000,8,3,2.0,3.300000000000001,0.1,0.8,2.9999999999999996,4,5,257,238,0,0.5628405402023204,0.19798953060190114,success
610,2000,8,3,2.0,3.300000000000001,0.1,0.8,3.1999999999999993,4,1,254,245,0,0.5639725631800904,0.19512280648693464,success
615,2000,8,3,2.0,3.300000000000001,0.1,0.8,4.199999999999999,4,4,261,235,0,0.5222010225301665,0.18253159864178767,success
614,2000,8,3,2.0,3.300000000000001,0.1,0.8,3.999999999999999,4,6,260,234,0,0.5279026629804118,0.1862247956002432,success
617,2000,8,3,2.0,3.300000000000001,0.1,0.8,4.6,4,0,258,242,0,0.5181980229924439,0.18125876037260286,success
613,2000,8,3,2.0,3.300000000000001,0.1,0.8,3.7999999999999994,4,8,251,241,0,0.5452071774664199,0.19832105598890323,success
616,2000,8,3,2.0,3.300000000000001,0.1,0.8,4.3999999999999995,4,1,261,238,0,0.5177765747626855,0.18159995779512839,success
612,2000,8,3,2.0,3.300000000000001,0.1,0.8,3.5999999999999996,4,3,248,249,0,0.5520949657620737,0.20840598666310045,success
619,2000,8,3,2.0,3.300000000000001,0.1,0.8,4.999999999999999,4,1,260,239,0,0.5214403665297933,0.18691495427836516,success
618,2000,8,3,2.0,3.300000000000001,0.1,0.8,4.799999999999999,4,3,260,237,0,0.5208956008232947,0.18560997387790448,success
611,2000,8,3,2.0,3.300000000000001,0.1,0.8,3.3999999999999995,4,5,249,246,0,0.5516669743061933,0.20027635216213943,success
620,2000,8,3,2.0,3.300000000000001,0.1,0.8,5.199999999999999,4,0,260,240,0,0.5209893244200067,0.1856172469916193,success
621,2000,8,3,2.0,3.300000000000001,0.1,0.8,5.399999999999999,4,0,260,240,0,0.5191240629620337,0.18599402510501992,success
622,2000,8,3,2.0,3.300000000000001,0.1,0.8,5.599999999999999,4,1,260,239,0,0.5106265277212069,0.1787267522590627,success
625,2000,8,3,2.0,3.300000000000001,0.1,0.8,6.199999999999999,4,2,260,238,0,0.5056478633873566,0.17592282914417842,success
623,2000,8,3,2.0,3.300000000000001,0.1,0.8,5.799999999999999,4,3,260,237,0,0.5043055655171346,0.17259672321222183,success
624,2000,8,3,2.0,3.300000000000001,0.1,0.8,5.999999999999999,4,4,260,236,0,0.501596693760657,0.17200614379639662,success
626,2000,8,3,2.0,3.300000000000001,0.1,0.8,6.399999999999999,4,1,260,239,0,0.5046226797910345,0.17606425265227302,success
627,2000,8,3,2.0,3.300000000000001,0.1,0.8,6.599999999999999,4,2,260,238,0,0.5005768444260298,0.17032311905141512,success
628,2000,8,3,2.0,3.300000000000001,0.1,0.8,6.799999999999999,4,2,261,237,0,0.5017621963623234,0.17437285194938673,success
630,2000,8,3,2.0,3.300000000000001,0.1,0.8,7.199999999999998,4,1,260,239,0,0.5001482372278698,0.1715503388482872,success
629,2000,8,3,2.0,3.300000000000001,0.1,0.8,6.999999999999998,4,2,259,239,0,0.49984532927203396,0.17191627163407697,success
632,2000,8,3,2.0,3.300000000000001,0.1,0.8,7.599999999999999,4,3,260,237,0,0.49791327434180194,0.17021310055190758,success
631,2000,8,3,2.0,3.300000000000001,0.1,0.8,7.399999999999999,4,2,260,238,0,0.4990650443001734,0.17107666591133908,success
633,2000,8,3,2.0,3.300000000000001,0.1,0.8,7.799999999999999,4,4,260,236,0,0.49456565276474607,0.16623453942009392,success
634,2000,8,3,2.0,3.300000000000001,0.1,0.8,7.999999999999998,4,2,260,238,0,0.49821691692184383,0.169777564493897,success
635,2000,8,3,2.0,3.300000000000001,0.1,0.8,8.2,4,3,260,237,0,0.49543491353943075,0.16704523580257316,success
637,2000,8,3,2.0,3.300000000000001,0.1,0.8,8.599999999999998,4,4,260,236,0,0.49389976920406653,0.1654790377618295,success
636,2000,8,3,2.0,3.300000000000001,0.1,0.8,8.399999999999999,4,1,260,239,0,0.49945222279709767,0.17137546041790921,success
638,2000,8,3,2.0,3.300000000000001,0.1,0.8,8.799999999999997,4,4,260,236,0,0.493152036805139,0.16429728657530762,success
639,2000,8,3,2.0,3.300000000000001,0.1,0.8,8.999999999999998,4,3,260,237,0,0.4959340576882723,0.1677788625723142,success
640,2000,8,3,2.0,3.300000000000001,0.1,0.8,9.199999999999998,4,3,260,237,0,0.4955087961988388,0.16729711539443368,success
645,2000,8,3,2.0,3.4000000000000012,0.1,0.8,1.0,4,354,146,0,0,,,success
646,2000,8,3,2.0,3.4000000000000012,0.1,0.8,1.2,4,271,160,69,0,0.8777245872664804,0.21357093334026284,success
641,2000,8,3,2.0,3.300000000000001,0.1,0.8,9.399999999999999,4,3,260,237,0,0.4947813758266332,0.16606503909612158,success
647,2000,8,3,2.0,3.4000000000000012,0.1,0.8,1.4,4,214,187,99,0,0.7885813779963465,0.25528677198771615,success
649,2000,8,3,2.0,3.4000000000000012,0.1,0.8,1.7999999999999998,4,144,205,151,0,0.7471853352212379,0.2583224117361775,success
648,2000,8,3,2.0,3.4000000000000012,0.1,0.8,1.5999999999999999,4,176,183,141,0,0.7602640424156474,0.25764686809799325,success
642,2000,8,3,2.0,3.300000000000001,0.1,0.8,9.599999999999998,4,3,260,237,0,0.4947559964206506,0.16673305914174844,success
650,2000,8,3,2.0,3.4000000000000012,0.1,0.8,1.9999999999999998,4,136,207,157,0,0.6901449858486539,0.2461570731998956,success
651,2000,8,3,2.0,3.4000000000000012,0.1,0.8,2.1999999999999997,4,97,221,182,0,0.6757331315743699,0.23044609281882236,success
643,2000,8,3,2.0,3.300000000000001,0.1,0.8,9.799999999999997,4,3,260,237,0,0.4942985699726424,0.16610849579301218,success
644,2000,8,3,2.0,3.300000000000001,0.1,0.8,9.999999999999998,4,3,260,237,0,0.49418447151416633,0.165677043366327,success
652,2000,8,3,2.0,3.4000000000000012,0.1,0.8,2.3999999999999995,4,59,229,212,0,0.6303330241289034,0.23291375058464073,success
655,2000,8,3,2.0,3.4000000000000012,0.1,0.8,2.9999999999999996,4,3,276,221,0,0.5424393169752848,0.1901245636870027,success
653,2000,8,3,2.0,3.4000000000000012,0.1,0.8,2.5999999999999996,4,35,264,201,0,0.5963220733895196,0.21177025696534485,success
654,2000,8,3,2.0,3.4000000000000012,0.1,0.8,2.8,4,12,263,225,0,0.5750615204466937,0.2057660473480326,success
663,2000,8,3,2.0,3.4000000000000012,0.1,0.8,4.6,4,1,276,223,0,0.49222542934726105,0.17225181478986173,success
662,2000,8,3,2.0,3.4000000000000012,0.1,0.8,4.3999999999999995,4,1,278,221,0,0.49566611348414574,0.17805585295702392,success
664,2000,8,3,2.0,3.4000000000000012,0.1,0.8,4.799999999999999,4,1,277,222,0,0.4999078125101094,0.1792777738478435,success
659,2000,8,3,2.0,3.4000000000000012,0.1,0.8,3.7999999999999994,4,5,275,220,0,0.5163710462046035,0.18914761659763402,success
656,2000,8,3,2.0,3.4000000000000012,0.1,0.8,3.1999999999999993,4,1,271,228,0,0.5535633188030051,0.1959623784226036,success
661,2000,8,3,2.0,3.4000000000000012,0.1,0.8,4.199999999999999,4,3,280,217,0,0.4991349286025753,0.17789931596479794,success
658,2000,8,3,2.0,3.4000000000000012,0.1,0.8,3.5999999999999996,4,6,273,221,0,0.514681691317702,0.18373296103568892,success
657,2000,8,3,2.0,3.4000000000000012,0.1,0.8,3.3999999999999995,4,3,268,229,0,0.535449711710823,0.19150478316801905,success
665,2000,8,3,2.0,3.4000000000000012,0.1,0.8,4.999999999999999,4,1,278,221,0,0.49874442658768675,0.18183240240712104,success
666,2000,8,3,2.0,3.4000000000000012,0.1,0.8,5.199999999999999,4,1,278,221,0,0.49306196677315345,0.17337552321213695,success
660,2000,8,3,2.0,3.4000000000000012,0.1,0.8,3.999999999999999,4,4,279,217,0,0.5055695417609491,0.1796489912695235,success
667,2000,8,3,2.0,3.4000000000000012,0.1,0.8,5.399999999999999,4,0,278,222,0,0.4921131013096231,0.1730040888422347,success
668,2000,8,3,2.0,3.4000000000000012,0.1,0.8,5.599999999999999,4,0,278,222,0,0.48814400477802766,0.16982776775868166,success
669,2000,8,3,2.0,3.4000000000000012,0.1,0.8,5.799999999999999,4,2,278,220,0,0.4827082296817252,0.164746857466813,success
670,2000,8,3,2.0,3.4000000000000012,0.1,0.8,5.999999999999999,4,2,277,221,0,0.48479714627161874,0.1696026264985715,success
671,2000,8,3,2.0,3.4000000000000012,0.1,0.8,6.199999999999999,4,1,277,222,0,0.4854444072274045,0.170073720729784,success
672,2000,8,3,2.0,3.4000000000000012,0.1,0.8,6.399999999999999,4,1,277,222,0,0.4821103068127307,0.16565752290126642,success
673,2000,8,3,2.0,3.4000000000000012,0.1,0.8,6.599999999999999,4,1,277,222,0,0.48117415916803913,0.16401616188454868,success
674,2000,8,3,2.0,3.4000000000000012,0.1,0.8,6.799999999999999,4,1,278,221,0,0.4815747132108745,0.1661264225825096,success
675,2000,8,3,2.0,3.4000000000000012,0.1,0.8,6.999999999999998,4,1,278,221,0,0.4782814272493792,0.1614249245802929,success
679,2000,8,3,2.0,3.4000000000000012,0.1,0.8,7.799999999999999,4,2,278,220,0,0.476719118837972,0.16075814032570024,success
677,2000,8,3,2.0,3.4000000000000012,0.1,0.8,7.399999999999999,4,1,278,221,0,0.4771233138678724,0.16035862457412425,success
676,2000,8,3,2.0,3.4000000000000012,0.1,0.8,7.199999999999998,4,2,278,220,0,0.4750282867317219,0.15687239538028425,success
678,2000,8,3,2.0,3.4000000000000012,0.1,0.8,7.599999999999999,4,2,278,220,0,0.4762975494749389,0.1594139338589408,success
685,2000,8,3,2.0,3.4000000000000012,0.1,0.8,8.999999999999998,4,1,278,221,0,0.47655039722401243,0.1599463416760534,success
680,2000,8,3,2.0,3.4000000000000012,0.1,0.8,7.999999999999998,4,1,278,221,0,0.47896888138872046,0.1630481495267305,success
681,2000,8,3,2.0,3.4000000000000012,0.1,0.8,8.2,4,1,278,221,0,0.47754030487978444,0.16092664831871614,success
682,2000,8,3,2.0,3.4000000000000012,0.1,0.8,8.399999999999999,4,1,278,221,0,0.4772713700853303,0.16056440918014006,success
683,2000,8,3,2.0,3.4000000000000012,0.1,0.8,8.599999999999998,4,1,278,221,0,0.47752394726820796,0.16177883683437366,success
691,2000,8,3,2.0,3.5000000000000013,0.1,0.8,1.0,4,338,162,0,0,,,success
684,2000,8,3,2.0,3.4000000000000012,0.1,0.8,8.799999999999997,4,1,278,221,0,0.477399349754744,0.16111042195990613,success
693,2000,8,3,2.0,3.5000000000000013,0.1,0.8,1.4,4,200,200,100,0,0.7988102595250333,0.24672227623693138,success
694,2000,8,3,2.0,3.5000000000000013,0.1,0.8,1.5999999999999999,4,166,197,137,0,0.7605765140679942,0.2617061624583554,success
696,2000,8,3,2.0,3.5000000000000013,0.1,0.8,1.9999999999999998,4,127,220,153,0,0.7164751781587247,0.24465057964481468,success
697,2000,8,3,2.0,3.5000000000000013,0.1,0.8,2.1999999999999997,4,88,239,173,0,0.6912602863538575,0.23142449895008005,success
688,2000,8,3,2.0,3.4000000000000012,0.1,0.8,9.599999999999998,4,1,278,221,0,0.47614503606170294,0.15937585211885782,success
689,2000,8,3,2.0,3.4000000000000012,0.1,0.8,9.799999999999997,4,1,278,221,0,0.47618143426494003,0.15946271003150028,success
690,2000,8,3,2.0,3.4000000000000012,0.1,0.8,9.999999999999998,4,1,278,221,0,0.4756441761736522,0.15856906162287057,success
698,2000,8,3,2.0,3.5000000000000013,0.1,0.8,2.3999999999999995,4,50,249,201,0,0.6363540466871263,0.2343223879951841,success
686,2000,8,3,2.0,3.4000000000000012,0.1,0.8,9.199999999999998,4,1,278,221,0,0.4768880663927072,0.1603019386922172,success
692,2000,8,3,2.0,3.5000000000000013,0.1,0.8,1.2,4,254,176,70,0,0.9095179025443769,0.1920220290564048,success
695,2000,8,3,2.0,3.5000000000000013,0.1,0.8,1.7999999999999998,4,135,219,146,0,0.7630838703575538,0.25205582982727365,success
699,2000,8,3,2.0,3.5000000000000013,0.1,0.8,2.5999999999999996,4,27,285,188,0,0.6059879766140416,0.22085453280465744,success
687,2000,8,3,2.0,3.4000000000000012,0.1,0.8,9.399999999999999,4,1,278,221,0,0.4761712094896425,0.1593953225464663,success
700,2000,8,3,2.0,3.5000000000000013,0.1,0.8,2.8,4,10,284,206,0,0.5709997394613837,0.20717188519480906,success
701,2000,8,3,2.0,3.5000000000000013,0.1,0.8,2.9999999999999996,4,1,301,198,0,0.5440273630782448,0.1919878054565712,success
702,2000,8,3,2.0,3.5000000000000013,0.1,0.8,3.1999999999999993,4,1,301,198,0,0.522798797003486,0.1721124570907696,success
703,2000,8,3,2.0,3.5000000000000013,0.1,0.8,3.3999999999999995,4,1,297,202,0,0.5088864307490446,0.17180905385044115,success
704,2000,8,3,2.0,3.5000000000000013,0.1,0.8,3.5999999999999996,4,2,298,200,0,0.5074596184559979,0.1818345430980158,success
712,2000,8,3,2.0,3.5000000000000013,0.1,0.8,5.199999999999999,4,0,301,199,0,0.4747565419007398,0.16237420658750665,success
717,2000,8,3,2.0,3.5000000000000013,0.1,0.8,6.199999999999999,4,1,300,199,0,0.4667504519951234,0.1585234210139774,success
720,2000,8,3,2.0,3.5000000000000013,0.1,0.8,6.799999999999999,4,1,301,198,0,0.4644197658788061,0.15546817810486518,success
719,2000,8,3,2.0,3.5000000000000013,0.1,0.8,6.599999999999999,4,1,300,199,0,0.4652735121510926,0.15647006621670867,success
721,2000,8,3,2.0,3.5000000000000013,0.1,0.8,6.999999999999998,4,1,301,198,0,0.46420328375944275,0.15633147587974966,success
722,2000,8,3,2.0,3.5000000000000013,0.1,0.8,7.199999999999998,4,1,301,198,0,0.463573536689167,0.1550069137161412,success
724,2000,8,3,2.0,3.5000000000000013,0.1,0.8,7.599999999999999,4,1,301,198,0,0.46349463412405717,0.15511591539494257,success
723,2000,8,3,2.0,3.5000000000000013,0.1,0.8,7.399999999999999,4,1,301,198,0,0.4631475007797742,0.1543274353922425,success
709,2000,8,3,2.0,3.5000000000000013,0.1,0.8,4.6,4,1,299,200,0,0.4740504108926585,0.1597431187099846,success
711,2000,8,3,2.0,3.5000000000000013,0.1,0.8,4.999999999999999,4,1,302,197,0,0.4750119657607684,0.16425100978656113,success
710,2000,8,3,2.0,3.5000000000000013,0.1,0.8,4.799999999999999,4,0,301,199,0,0.48249313601100263,0.16979130168060944,success
713,2000,8,3,2.0,3.5000000000000013,0.1,0.8,5.399999999999999,4,0,301,199,0,0.4730747431674219,0.1617089420627983,success
725,2000,8,3,2.0,3.5000000000000013,0.1,0.8,7.799999999999999,4,1,301,198,0,0.464247729945235,0.15653273382927643,success
708,2000,8,3,2.0,3.5000000000000013,0.1,0.8,4.3999999999999995,4,1,301,198,0,0.47617254522353614,0.1609920569478324,success
726,2000,8,3,2.0,3.5000000000000013,0.1,0.8,7.999999999999998,4,1,301,198,0,0.4640527036346659,0.15549274386947462,success
706,2000,8,3,2.0,3.5000000000000013,0.1,0.8,3.999999999999999,4,1,302,197,0,0.49928603007926736,0.17862821871420426,success
707,2000,8,3,2.0,3.5000000000000013,0.1,0.8,4.199999999999999,4,2,303,195,0,0.4871189474421832,0.17023663580324108,success
705,2000,8,3,2.0,3.5000000000000013,0.1,0.8,3.7999999999999994,4,2,301,197,0,0.5035898351539646,0.1743194277745132,success
716,2000,8,3,2.0,3.5000000000000013,0.1,0.8,5.999999999999999,4,1,300,199,0,0.4668871163152376,0.1579253242419027,success
715,2000,8,3,2.0,3.5000000000000013,0.1,0.8,5.799999999999999,4,2,301,197,0,0.4670736440780518,0.15746374983437098,success
714,2000,8,3,2.0,3.5000000000000013,0.1,0.8,5.599999999999999,4,0,301,199,0,0.4732043122490777,0.16362295180220932,success
718,2000,8,3,2.0,3.5000000000000013,0.1,0.8,6.399999999999999,4,2,301,197,0,0.46305295594390855,0.1537194468233515,success
730,2000,8,3,2.0,3.5000000000000013,0.1,0.8,8.799999999999997,4,1,301,198,0,0.4620954669412008,0.15331308652008271,success
727,2000,8,3,2.0,3.5000000000000013,0.1,0.8,8.2,4,1,301,198,0,0.46326804871796834,0.15509355699017516,success
732,2000,8,3,2.0,3.5000000000000013,0.1,0.8,9.199999999999998,4,1,301,198,0,0.4625634535485623,0.1542101373858525,success
728,2000,8,3,2.0,3.5000000000000013,0.1,0.8,8.399999999999999,4,1,301,198,0,0.46258366143886764,0.15407169903130366,success
729,2000,8,3,2.0,3.5000000000000013,0.1,0.8,8.599999999999998,4,1,301,198,0,0.46237439601528013,0.15354408695489608,success
733,2000,8,3,2.0,3.5000000000000013,0.1,0.8,9.399999999999999,4,1,301,198,0,0.46273700872629436,0.154468168069257,success
734,2000,8,3,2.0,3.5000000000000013,0.1,0.8,9.599999999999998,4,1,301,198,0,0.4634509738193096,0.15621577309388932,success
731,2000,8,3,2.0,3.5000000000000013,0.1,0.8,8.999999999999998,4,1,301,198,0,0.4630017953318633,0.1553977942711875,success
735,2000,8,3,2.0,3.5000000000000013,0.1,0.8,9.799999999999997,4,1,301,198,0,0.4625608201532645,0.15414509282640868,success
736,2000,8,3,2.0,3.5000000000000013,0.1,0.8,9.999999999999998,4,1,301,198,0,0.46236288875179965,0.1536720681750181,success
737,2000,8,3,2.0,3.6000000000000014,0.1,0.8,1.0,4,324,176,0,0,,,success
738,2000,8,3,2.0,3.6000000000000014,0.1,0.8,1.2,4,246,182,72,0,0.916389008802843,0.18951016130619464,success
739,2000,8,3,2.0,3.6000000000000014,0.1,0.8,1.4,4,191,213,96,0,0.8006795689048625,0.24616962634379608,success
740,2000,8,3,2.0,3.6000000000000014,0.1,0.8,1.5999999999999999,4,152,211,137,0,0.784463159040868,0.25643388739805606,success
741,2000,8,3,2.0,3.6000000000000014,0.1,0.8,1.7999999999999998,4,116,234,150,0,0.7627341119834287,0.2510837711363503,success
742,2000,8,3,2.0,3.6000000000000014,0.1,0.8,1.9999999999999998,4,112,243,145,0,0.7093224485183549,0.24522603145853838,success
743,2000,8,3,2.0,3.6000000000000014,0.1,0.8,2.1999999999999997,4,75,259,166,0,0.6847748084601883,0.23307930335060542,success
744,2000,8,3,2.0,3.6000000000000014,0.1,0.8,2.3999999999999995,4,43,280,177,0,0.6334054615401348,0.23029747265132994,success
759,2000,8,3,2.0,3.6000000000000014,0.1,0.8,5.399999999999999,4,0,326,174,0,0.45428619264856535,0.1463253301755237,success
751,2000,8,3,2.0,3.6000000000000014,0.1,0.8,3.7999999999999994,4,0,329,171,0,0.4834302825265345,0.1577297509666843,success
749,2000,8,3,2.0,3.6000000000000014,0.1,0.8,3.3999999999999995,4,1,325,174,0,0.4952982151988255,0.1616874264328386,success
761,2000,8,3,2.0,3.6000000000000014,0.1,0.8,5.799999999999999,4,1,326,173,0,0.44689401135737455,0.14076421907382017,success
745,2000,8,3,2.0,3.6000000000000014,0.1,0.8,2.5999999999999996,4,21,308,171,0,0.6082177984225766,0.22153447424624434,success
757,2000,8,3,2.0,3.6000000000000014,0.1,0.8,4.999999999999999,4,0,326,174,0,0.45543027068792746,0.14534668733400719,success
756,2000,8,3,2.0,3.6000000000000014,0.1,0.8,4.799999999999999,4,1,327,172,0,0.4587759894155229,0.15127602058102002,success
754,2000,8,3,2.0,3.6000000000000014,0.1,0.8,4.3999999999999995,4,0,325,175,0,0.45747599571847203,0.14953651996192513,success
755,2000,8,3,2.0,3.6000000000000014,0.1,0.8,4.6,4,0,325,175,0,0.45828236769009273,0.14955730168051934,success
752,2000,8,3,2.0,3.6000000000000014,0.1,0.8,3.999999999999999,4,1,325,174,0,0.47819514803260954,0.169034116062974,success
753,2000,8,3,2.0,3.6000000000000014,0.1,0.8,4.199999999999999,4,3,326,171,0,0.46476836699767754,0.1514472161951323,success
758,2000,8,3,2.0,3.6000000000000014,0.1,0.8,5.199999999999999,4,0,326,174,0,0.45573802777373995,0.1474241953331948,success
764,2000,8,3,2.0,3.6000000000000014,0.1,0.8,6.399999999999999,4,1,326,173,0,0.4462272961753356,0.14373498453362604,success
750,2000,8,3,2.0,3.6000000000000014,0.1,0.8,3.5999999999999996,4,2,325,173,0,0.4877005190714019,0.1679183686372748,success
765,2000,8,3,2.0,3.6000000000000014,0.1,0.8,6.599999999999999,4,1,326,173,0,0.44434650078805366,0.13966996871666856,success
746,2000,8,3,2.0,3.6000000000000014,0.1,0.8,2.8,4,8,312,180,0,0.5714665519505157,0.20806850791023862,success
760,2000,8,3,2.0,3.6000000000000014,0.1,0.8,5.599999999999999,4,0,326,174,0,0.4505806830554556,0.1443994209073946,success
748,2000,8,3,2.0,3.6000000000000014,0.1,0.8,3.1999999999999993,4,1,326,173,0,0.5111862816510501,0.16348439120594768,success
747,2000,8,3,2.0,3.6000000000000014,0.1,0.8,2.9999999999999996,4,0,324,176,0,0.5372314271440973,0.1838342597284755,success
762,2000,8,3,2.0,3.6000000000000014,0.1,0.8,5.999999999999999,4,0,326,174,0,0.45007998839631913,0.14592629044784966,success
763,2000,8,3,2.0,3.6000000000000014,0.1,0.8,6.199999999999999,4,0,326,174,0,0.44929573327053784,0.1470858417244278,success
767,2000,8,3,2.0,3.6000000000000014,0.1,0.8,6.999999999999998,4,1,326,173,0,0.4439104237872834,0.13877944293846942,success
766,2000,8,3,2.0,3.6000000000000014,0.1,0.8,6.799999999999999,4,0,326,174,0,0.44916914627589927,0.148345697099703,success
768,2000,8,3,2.0,3.6000000000000014,0.1,0.8,7.199999999999998,4,1,326,173,0,0.4440879525716942,0.14001963314876337,success
769,2000,8,3,2.0,3.6000000000000014,0.1,0.8,7.399999999999999,4,0,326,174,0,0.4461790752093847,0.14325390370017008,success
770,2000,8,3,2.0,3.6000000000000014,0.1,0.8,7.599999999999999,4,1,326,173,0,0.4438264267738371,0.13916129912510497,success
771,2000,8,3,2.0,3.6000000000000014,0.1,0.8,7.799999999999999,4,1,326,173,0,0.44432856424722356,0.1401539880966617,success
772,2000,8,3,2.0,3.6000000000000014,0.1,0.8,7.999999999999998,4,1,326,173,0,0.44320776976020404,0.1384652156724569,success
774,2000,8,3,2.0,3.6000000000000014,0.1,0.8,8.399999999999999,4,0,326,174,0,0.4462446986781497,0.14367823174952365,success
773,2000,8,3,2.0,3.6000000000000014,0.1,0.8,8.2,4,1,326,173,0,0.44298444863299874,0.138713673618589,success
775,2000,8,3,2.0,3.6000000000000014,0.1,0.8,8.599999999999998,4,0,326,174,0,0.4464373487096275,0.14449416733833118,success
776,2000,8,3,2.0,3.6000000000000014,0.1,0.8,8.799999999999997,4,1,326,173,0,0.4433150383887409,0.13908274484059815,success
777,2000,8,3,2.0,3.6000000000000014,0.1,0.8,8.999999999999998,4,1,326,173,0,0.44372161716353964,0.1408416045456293,success
778,2000,8,3,2.0,3.6000000000000014,0.1,0.8,9.199999999999998,4,1,326,173,0,0.4431136969597133,0.13923178654936041,success
779,2000,8,3,2.0,3.6000000000000014,0.1,0.8,9.399999999999999,4,1,326,173,0,0.4430420360080675,0.1389700011417952,success
780,2000,8,3,2.0,3.6000000000000014,0.1,0.8,9.599999999999998,4,1,326,173,0,0.4430781535866155,0.1389869006301313,success
789,2000,8,3,2.0,3.7000000000000015,0.1,0.8,2.1999999999999997,4,70,279,151,0,0.6829948578049212,0.23991444963513917,success
783,2000,8,3,2.0,3.7000000000000015,0.1,0.8,1.0,4,316,184,0,0,,,success
784,2000,8,3,2.0,3.7000000000000015,0.1,0.8,1.2,4,240,193,67,0,0.9076620682284458,0.19927348263110553,success
785,2000,8,3,2.0,3.7000000000000015,0.1,0.8,1.4,4,184,222,94,0,0.8035265475760796,0.2501864266076242,success
786,2000,8,3,2.0,3.7000000000000015,0.1,0.8,1.5999999999999999,4,151,222,127,0,0.778410091945705,0.26293516512268666,success
787,2000,8,3,2.0,3.7000000000000015,0.1,0.8,1.7999999999999998,4,114,246,140,0,0.7578241444172215,0.25445653996638523,success
788,2000,8,3,2.0,3.7000000000000015,0.1,0.8,1.9999999999999998,4,101,256,143,0,0.7094176702869422,0.25118433827687003,success
781,2000,8,3,2.0,3.6000000000000014,0.1,0.8,9.799999999999997,4,1,326,173,0,0.443402727913566,0.13974998514346365,success
791,2000,8,3,2.0,3.7000000000000015,0.1,0.8,2.5999999999999996,4,18,331,151,0,0.5962366389812285,0.2299069292903536,success
782,2000,8,3,2.0,3.6000000000000014,0.1,0.8,9.999999999999998,4,0,326,174,0,0.4457613867871359,0.14351912573416692,success
790,2000,8,3,2.0,3.7000000000000015,0.1,0.8,2.3999999999999995,4,39,301,160,0,0.6329431717335332,0.24003696799683336,success
798,2000,8,3,2.0,3.7000000000000015,0.1,0.8,3.999999999999999,4,1,346,153,0,0.4579362687272343,0.16114293922401643,success
800,2000,8,3,2.0,3.7000000000000015,0.1,0.8,4.3999999999999995,4,0,345,155,0,0.45157560977344247,0.16064132672035553,success
797,2000,8,3,2.0,3.7000000000000015,0.1,0.8,3.7999999999999994,4,3,347,150,0,0.45916339157735525,0.15044691341325697,success
792,2000,8,3,2.0,3.7000000000000015,0.1,0.8,2.8,4,7,333,160,0,0.5511336183883572,0.21258318043417657,success
796,2000,8,3,2.0,3.7000000000000015,0.1,0.8,3.5999999999999996,4,1,345,154,0,0.46832482255052366,0.16780999661207524,success
794,2000,8,3,2.0,3.7000000000000015,0.1,0.8,3.1999999999999993,4,1,347,152,0,0.48934643294827285,0.1654375824136591,success
795,2000,8,3,2.0,3.7000000000000015,0.1,0.8,3.3999999999999995,4,1,345,154,0,0.4745576102027624,0.16540619436280143,success
799,2000,8,3,2.0,3.7000000000000015,0.1,0.8,4.199999999999999,4,0,349,151,0,0.4483524227323864,0.14580363257976645,success
793,2000,8,3,2.0,3.7000000000000015,0.1,0.8,2.9999999999999996,4,0,344,156,0,0.512789715698413,0.18599817618590087,success
801,2000,8,3,2.0,3.7000000000000015,0.1,0.8,4.6,4,1,348,151,0,0.43827979090635377,0.1397597528259595,success
802,2000,8,3,2.0,3.7000000000000015,0.1,0.8,4.799999999999999,4,0,347,153,0,0.4422845165731231,0.15317851150034598,success
803,2000,8,3,2.0,3.7000000000000015,0.1,0.8,4.999999999999999,4,0,346,154,0,0.4387293053044347,0.14201072592913075,success
804,2000,8,3,2.0,3.7000000000000015,0.1,0.8,5.199999999999999,4,0,346,154,0,0.43754746827136143,0.14094739205541787,success
805,2000,8,3,2.0,3.7000000000000015,0.1,0.8,5.399999999999999,4,0,346,154,0,0.43601168522164174,0.13924914216994572,success
806,2000,8,3,2.0,3.7000000000000015,0.1,0.8,5.599999999999999,4,0,346,154,0,0.4355359402077884,0.14001325391532915,success
807,2000,8,3,2.0,3.7000000000000015,0.1,0.8,5.799999999999999,4,0,346,154,0,0.43609328783625284,0.14224124392743423,success
808,2000,8,3,2.0,3.7000000000000015,0.1,0.8,5.999999999999999,4,0,346,154,0,0.4354397447378197,0.14101214525423167,success
809,2000,8,3,2.0,3.7000000000000015,0.1,0.8,6.199999999999999,4,0,346,154,0,0.4350524846772302,0.14163243666073305,success
810,2000,8,3,2.0,3.7000000000000015,0.1,0.8,6.399999999999999,4,1,346,153,0,0.43151479384323094,0.13706020758461968,success
811,2000,8,3,2.0,3.7000000000000015,0.1,0.8,6.599999999999999,4,0,346,154,0,0.43441755758748785,0.14088504445480232,success
812,2000,8,3,2.0,3.7000000000000015,0.1,0.8,6.799999999999999,4,0,346,154,0,0.4337540422476659,0.13907911773402928,success
813,2000,8,3,2.0,3.7000000000000015,0.1,0.8,6.999999999999998,4,1,346,153,0,0.4306288606628762,0.13563792425124815,success
821,2000,8,3,2.0,3.7000000000000015,0.1,0.8,8.599999999999998,4,1,346,153,0,0.43012258376302454,0.13564502191967162,success
814,2000,8,3,2.0,3.7000000000000015,0.1,0.8,7.199999999999998,4,0,346,154,0,0.4330317977416649,0.13838135719887348,success
816,2000,8,3,2.0,3.7000000000000015,0.1,0.8,7.599999999999999,4,1,346,153,0,0.4305512502483698,0.13571272687417954,success
815,2000,8,3,2.0,3.7000000000000015,0.1,0.8,7.399999999999999,4,0,346,154,0,0.4331838956524129,0.14047124838536007,success
817,2000,8,3,2.0,3.7000000000000015,0.1,0.8,7.799999999999999,4,1,346,153,0,0.4304663110081632,0.13572834811306403,success
818,2000,8,3,2.0,3.7000000000000015,0.1,0.8,7.999999999999998,4,1,346,153,0,0.4302871250176712,0.13670229878240156,success
819,2000,8,3,2.0,3.7000000000000015,0.1,0.8,8.2,4,1,346,153,0,0.4301823077900461,0.13627469746501994,success
824,2000,8,3,2.0,3.7000000000000015,0.1,0.8,9.199999999999998,4,1,346,153,0,0.43004554787075067,0.13574074447604192,success
820,2000,8,3,2.0,3.7000000000000015,0.1,0.8,8.399999999999999,4,0,346,154,0,0.43392782950789704,0.1427710960986818,success
822,2000,8,3,2.0,3.7000000000000015,0.1,0.8,8.799999999999997,4,1,346,153,0,0.4298334035381602,0.13494903075645254,success
823,2000,8,3,2.0,3.7000000000000015,0.1,0.8,8.999999999999998,4,0,346,154,0,0.4330748553120078,0.14049913929392915,success
825,2000,8,3,2.0,3.7000000000000015,0.1,0.8,9.399999999999999,4,1,346,153,0,0.4300070146677299,0.13582574188535387,success
829,2000,8,3,2.0,3.8000000000000016,0.1,0.8,1.0,4,308,192,0,0,,,success
830,2000,8,3,2.0,3.8000000000000016,0.1,0.8,1.2,4,234,206,60,0,0.9221557587146191,0.18552095301285562,success
831,2000,8,3,2.0,3.8000000000000016,0.1,0.8,1.4,4,177,235,88,0,0.830033788677829,0.24263427966039108,success
832,2000,8,3,2.0,3.8000000000000016,0.1,0.8,1.5999999999999999,4,145,238,117,0,0.7978960356095139,0.2569359361367639,success
827,2000,8,3,2.0,3.7000000000000015,0.1,0.8,9.799999999999997,4,1,346,153,0,0.4295481432077928,0.13449818234321428,success
826,2000,8,3,2.0,3.7000000000000015,0.1,0.8,9.599999999999998,4,1,346,153,0,0.4300608200392968,0.13555383344910898,success
828,2000,8,3,2.0,3.7000000000000015,0.1,0.8,9.999999999999998,4,1,346,153,0,0.4303296490965696,0.13636634830106248,success
833,2000,8,3,2.0,3.8000000000000016,0.1,0.8,1.7999999999999998,4,105,269,126,0,0.7517359736548831,0.25268773971475383,success
834,2000,8,3,2.0,3.8000000000000016,0.1,0.8,1.9999999999999998,4,88,280,132,0,0.7256990713135115,0.25847786492273717,success
835,2000,8,3,2.0,3.8000000000000016,0.1,0.8,2.1999999999999997,4,57,303,140,0,0.6922563243038072,0.25342350039762396,success
836,2000,8,3,2.0,3.8000000000000016,0.1,0.8,2.3999999999999995,4,34,330,136,0,0.625432529742532,0.2571267739451588,success
837,2000,8,3,2.0,3.8000000000000016,0.1,0.8,2.5999999999999996,4,15,360,125,0,0.5941754956130477,0.23620269571490635,success
838,2000,8,3,2.0,3.8000000000000016,0.1,0.8,2.8,4,4,367,129,0,0.536678910380319,0.21826103164858876,success
839,2000,8,3,2.0,3.8000000000000016,0.1,0.8,2.9999999999999996,4,0,377,123,0,0.4931547608877984,0.18282492304423686,success
840,2000,8,3,2.0,3.8000000000000016,0.1,0.8,3.1999999999999993,4,1,380,119,0,0.46398728499875824,0.16086357214422167,success
842,2000,8,3,2.0,3.8000000000000016,0.1,0.8,3.5999999999999996,4,1,379,120,0,0.4461013168334796,0.16948201813102048,success
844,2000,8,3,2.0,3.8000000000000016,0.1,0.8,3.999999999999999,4,0,381,119,0,0.435693507357254,0.1593347295026731,success
843,2000,8,3,2.0,3.8000000000000016,0.1,0.8,3.7999999999999994,4,0,380,120,0,0.4443707457172769,0.16112019485210563,success
841,2000,8,3,2.0,3.8000000000000016,0.1,0.8,3.3999999999999995,4,1,380,119,0,0.4491538844749229,0.16629728643816624,success
845,2000,8,3,2.0,3.8000000000000016,0.1,0.8,4.199999999999999,4,0,381,119,0,0.43067031812628637,0.15836928964530386,success
846,2000,8,3,2.0,3.8000000000000016,0.1,0.8,4.3999999999999995,4,1,379,120,0,0.4233793899878594,0.15375455279891648,success
853,2000,8,3,2.0,3.8000000000000016,0.1,0.8,5.799999999999999,4,0,380,120,0,0.41454562444723575,0.1499122147974451,success
847,2000,8,3,2.0,3.8000000000000016,0.1,0.8,4.6,4,1,381,118,0,0.4182440390799284,0.1471266887566504,success
849,2000,8,3,2.0,3.8000000000000016,0.1,0.8,4.999999999999999,4,0,380,120,0,0.4181056509220584,0.14809983078382244,success
848,2000,8,3,2.0,3.8000000000000016,0.1,0.8,4.799999999999999,4,0,380,120,0,0.4259074911604828,0.16751720840483547,success
851,2000,8,3,2.0,3.8000000000000016,0.1,0.8,5.399999999999999,4,0,380,120,0,0.41351207095015763,0.14351698052386638,success
850,2000,8,3,2.0,3.8000000000000016,0.1,0.8,5.199999999999999,4,0,380,120,0,0.41616528516025836,0.14524215195337908,success
857,2000,8,3,2.0,3.8000000000000016,0.1,0.8,6.599999999999999,4,0,380,120,0,0.4112126032035173,0.1441068017798051,success
852,2000,8,3,2.0,3.8000000000000016,0.1,0.8,5.599999999999999,4,0,380,120,0,0.41336005780988866,0.14634748325745,success
854,2000,8,3,2.0,3.8000000000000016,0.1,0.8,5.999999999999999,4,0,380,120,0,0.41116304458473607,0.14160600579286411,success
855,2000,8,3,2.0,3.8000000000000016,0.1,0.8,6.199999999999999,4,0,380,120,0,0.4122299865530349,0.14668388492446047,success
856,2000,8,3,2.0,3.8000000000000016,0.1,0.8,6.399999999999999,4,0,380,120,0,0.4120665263064431,0.14703252468206846,success
858,2000,8,3,2.0,3.8000000000000016,0.1,0.8,6.799999999999999,4,0,380,120,0,0.41205781881363934,0.14524899182175469,success
859,2000,8,3,2.0,3.8000000000000016,0.1,0.8,6.999999999999998,4,0,380,120,0,0.41197960300659925,0.14708918746904476,success
860,2000,8,3,2.0,3.8000000000000016,0.1,0.8,7.199999999999998,4,0,380,120,0,0.4105344308532562,0.1427703397971314,success
861,2000,8,3,2.0,3.8000000000000016,0.1,0.8,7.399999999999999,4,0,380,120,0,0.41142118998203475,0.14479144320473022,success
862,2000,8,3,2.0,3.8000000000000016,0.1,0.8,7.599999999999999,4,0,380,120,0,0.41153329484975226,0.1454914806363766,success
863,2000,8,3,2.0,3.8000000000000016,0.1,0.8,7.799999999999999,4,0,380,120,0,0.4105787042350598,0.14389378478913678,success
864,2000,8,3,2.0,3.8000000000000016,0.1,0.8,7.999999999999998,4,0,380,120,0,0.41234113534401057,0.14750200749204578,success
865,2000,8,3,2.0,3.8000000000000016,0.1,0.8,8.2,4,0,380,120,0,0.41233625986257644,0.14744741525337593,success
866,2000,8,3,2.0,3.8000000000000016,0.1,0.8,8.399999999999999,4,0,380,120,0,0.4124906467275222,0.14753567139033041,success
867,2000,8,3,2.0,3.8000000000000016,0.1,0.8,8.599999999999998,4,0,380,120,0,0.4115792068475728,0.14599058625518635,success
868,2000,8,3,2.0,3.8000000000000016,0.1,0.8,8.799999999999997,4,0,380,120,0,0.4114798068897958,0.1457879136723938,success
869,2000,8,3,2.0,3.8000000000000016,0.1,0.8,8.999999999999998,4,0,380,120,0,0.41198773028755054,0.14656074516316348,success
870,2000,8,3,2.0,3.8000000000000016,0.1,0.8,9.199999999999998,4,0,380,120,0,0.4121032671216818,0.14741565894790518,success
871,2000,8,3,2.0,3.8000000000000016,0.1,0.8,9.399999999999999,4,0,380,120,0,0.41159966831314854,0.14613275142808724,success
872,2000,8,3,2.0,3.8000000000000016,0.1,0.8,9.599999999999998,4,0,380,120,0,0.41172190839522954,0.14699591892118455,success
875,2000,8,3,2.0,3.9000000000000017,0.1,0.8,1.0,4,299,201,0,0,,,success
876,2000,8,3,2.0,3.9000000000000017,0.1,0.8,1.2,4,224,215,61,0,0.9089730734623922,0.19513763740032494,success
877,2000,8,3,2.0,3.9000000000000017,0.1,0.8,1.4,4,168,246,86,0,0.8243042755386342,0.24436094033515124,success
873,2000,8,3,2.0,3.8000000000000016,0.1,0.8,9.799999999999997,4,1,380,119,0,0.4069558983239919,0.13874142630573774,success
874,2000,8,3,2.0,3.8000000000000016,0.1,0.8,9.999999999999998,4,0,380,120,0,0.41084413835033856,0.14451741754908703,success
878,2000,8,3,2.0,3.9000000000000017,0.1,0.8,1.5999999999999999,4,136,255,109,0,0.8048492738850176,0.2552922911640524,success
879,2000,8,3,2.0,3.9000000000000017,0.1,0.8,1.7999999999999998,4,97,283,120,0,0.7599590706520808,0.24776582861345725,success
880,2000,8,3,2.0,3.9000000000000017,0.1,0.8,1.9999999999999998,4,74,305,121,0,0.7350647973196467,0.25047182452278716,success
881,2000,8,3,2.0,3.9000000000000017,0.1,0.8,2.1999999999999997,4,46,325,129,0,0.7041928688174292,0.2481774366090441,success
882,2000,8,3,2.0,3.9000000000000017,0.1,0.8,2.3999999999999995,4,27,354,119,0,0.6464601373226007,0.2591119525912672,success
885,2000,8,3,2.0,3.9000000000000017,0.1,0.8,2.9999999999999996,4,0,396,104,0,0.487524993959954,0.1922546797829034,success
883,2000,8,3,2.0,3.9000000000000017,0.1,0.8,2.5999999999999996,4,10,377,113,0,0.6057983236775142,0.2345185138915699,success
884,2000,8,3,2.0,3.9000000000000017,0.1,0.8,2.8,4,4,388,108,0,0.539585798969067,0.2246118055946806,success
888,2000,8,3,2.0,3.9000000000000017,0.1,0.8,3.5999999999999996,4,1,398,101,0,0.431644128331691,0.1743612215077162,success
887,2000,8,3,2.0,3.9000000000000017,0.1,0.8,3.3999999999999995,4,1,398,101,0,0.4385092189520433,0.17224968756257156,success
889,2000,8,3,2.0,3.9000000000000017,0.1,0.8,3.7999999999999994,4,0,397,103,0,0.4292818291542774,0.16126406805619525,success
886,2000,8,3,2.0,3.9000000000000017,0.1,0.8,3.1999999999999993,4,1,398,101,0,0.45365035686454114,0.164581925072552,success
890,2000,8,3,2.0,3.9000000000000017,0.1,0.8,3.999999999999999,4,0,399,101,0,0.41646827089851274,0.16107512851681627,success
891,2000,8,3,2.0,3.9000000000000017,0.1,0.8,4.199999999999999,4,0,399,101,0,0.41522412373752154,0.16385195697362534,success
892,2000,8,3,2.0,3.9000000000000017,0.1,0.8,4.3999999999999995,4,0,399,101,0,0.4066386410377539,0.15902794596587755,success
893,2000,8,3,2.0,3.9000000000000017,0.1,0.8,4.6,4,1,400,99,0,0.39934668810485036,0.15055668506426337,success
896,2000,8,3,2.0,3.9000000000000017,0.1,0.8,5.199999999999999,4,0,399,101,0,0.3984295456757335,0.14872555031144974,success
895,2000,8,3,2.0,3.9000000000000017,0.1,0.8,4.999999999999999,4,0,399,101,0,0.4023640269269874,0.1522144219503954,success
894,2000,8,3,2.0,3.9000000000000017,0.1,0.8,4.799999999999999,4,0,399,101,0,0.41314666746324125,0.17211489041924138,success
897,2000,8,3,2.0,3.9000000000000017,0.1,0.8,5.399999999999999,4,0,399,101,0,0.39725378213825385,0.14779664979769325,success
899,2000,8,3,2.0,3.9000000000000017,0.1,0.8,5.799999999999999,4,0,399,101,0,0.39797175173621135,0.1528195892560593,success
898,2000,8,3,2.0,3.9000000000000017,0.1,0.8,5.599999999999999,4,0,399,101,0,0.3984425881391813,0.1530476519083081,success
900,2000,8,3,2.0,3.9000000000000017,0.1,0.8,5.999999999999999,4,0,399,101,0,0.397723775399484,0.15136890127816793,success
901,2000,8,3,2.0,3.9000000000000017,0.1,0.8,6.199999999999999,4,0,400,100,0,0.39689087016043034,0.15273380193180744,success
902,2000,8,3,2.0,3.9000000000000017,0.1,0.8,6.399999999999999,4,0,399,101,0,0.3968909477982507,0.15234342543737792,success
903,2000,8,3,2.0,3.9000000000000017,0.1,0.8,6.599999999999999,4,0,399,101,0,0.3968193996950284,0.1506939973645739,success
904,2000,8,3,2.0,3.9000000000000017,0.1,0.8,6.799999999999999,4,0,399,101,0,0.39663009691882434,0.15148043093686994,success
905,2000,8,3,2.0,3.9000000000000017,0.1,0.8,6.999999999999998,4,0,399,101,0,0.3969520898646197,0.15145431210240692,success
906,2000,8,3,2.0,3.9000000000000017,0.1,0.8,7.199999999999998,4,0,399,101,0,0.396426891475911,0.15062124769967813,success
907,2000,8,3,2.0,3.9000000000000017,0.1,0.8,7.399999999999999,4,0,399,101,0,0.39638122419239574,0.15038891576311897,success
909,2000,8,3,2.0,3.9000000000000017,0.1,0.8,7.799999999999999,4,0,399,101,0,0.39609761894309,0.1506566830947192,success
908,2000,8,3,2.0,3.9000000000000017,0.1,0.8,7.599999999999999,4,0,399,101,0,0.3960372190205174,0.14948055325913265,success
910,2000,8,3,2.0,3.9000000000000017,0.1,0.8,7.999999999999998,4,0,399,101,0,0.3975144750080188,0.1536260204969601,success
911,2000,8,3,2.0,3.9000000000000017,0.1,0.8,8.2,4,0,399,101,0,0.39685804039471906,0.15243430334176244,success
912,2000,8,3,2.0,3.9000000000000017,0.1,0.8,8.399999999999999,4,0,399,101,0,0.39749047269310434,0.1536461736845311,success
915,2000,8,3,2.0,3.9000000000000017,0.1,0.8,8.999999999999998,4,0,399,101,0,0.3974130185676952,0.1549573820505195,success
913,2000,8,3,2.0,3.9000000000000017,0.1,0.8,8.599999999999998,4,1,399,100,0,0.3924637250690064,0.14646268022722342,success
914,2000,8,3,2.0,3.9000000000000017,0.1,0.8,8.799999999999997,4,0,399,101,0,0.3980495960648853,0.15607422711445604,success
916,2000,8,3,2.0,3.9000000000000017,0.1,0.8,9.199999999999998,4,1,399,100,0,0.3917159087891141,0.14472451697785352,success
921,2000,8,3,2.0,4.000000000000002,0.1,0.8,1.0,5,269,231,0,0,,,success
917,2000,8,3,2.0,3.9000000000000017,0.1,0.8,9.399999999999999,4,1,399,100,0,0.39211031640987193,0.14566623884378505,success
918,2000,8,3,2.0,3.9000000000000017,0.1,0.8,9.599999999999998,4,1,399,100,0,0.3922045531762292,0.14571942872398713,success
920,2000,8,3,2.0,3.9000000000000017,0.1,0.8,9.999999999999998,4,1,399,100,0,0.3923857335361005,0.14611138798743648,success
919,2000,8,3,2.0,3.9000000000000017,0.1,0.8,9.799999999999997,4,1,399,100,0,0.39246133734141664,0.14626191629935037,success
923,2000,8,3,2.0,4.000000000000002,0.1,0.8,1.4,5,119,289,92,0,0.8486798184874149,0.21749006319503247,success
922,2000,8,3,2.0,4.000000000000002,0.1,0.8,1.2,5,178,258,64,0,0.8992513191117016,0.2013174517293002,success
924,2000,8,3,2.0,4.000000000000002,0.1,0.8,1.5999999999999999,5,97,303,100,0,0.7935599743881698,0.2430696550567311,success
925,2000,8,3,2.0,4.000000000000002,0.1,0.8,1.7999999999999998,5,65,316,119,0,0.7318692119763083,0.2747160012537451,success
926,2000,8,3,2.0,4.000000000000002,0.1,0.8,1.9999999999999998,5,40,326,134,0,0.7426299576171113,0.26495507755185344,success
927,2000,8,3,2.0,4.000000000000002,0.1,0.8,2.1999999999999997,5,23,364,113,0,0.704778650828817,0.2653409532393791,success
928,2000,8,3,2.0,4.000000000000002,0.1,0.8,2.3999999999999995,5,12,383,105,0,0.6302731061724957,0.285575740788211,success
929,2000,8,3,2.0,4.000000000000002,0.1,0.8,2.5999999999999996,5,8,406,86,0,0.5569084188198576,0.27024161957458687,success
930,2000,8,3,2.0,4.000000000000002,0.1,0.8,2.8,5,2,414,84,0,0.5102054614678213,0.24685945924255656,success
931,2000,8,3,2.0,4.000000000000002,0.1,0.8,2.9999999999999996,5,1,429,70,0,0.4362153575089904,0.1939600618881778,success
932,2000,8,3,2.0,4.000000000000002,0.1,0.8,3.1999999999999993,5,0,432,68,0,0.42543087233972304,0.18674249908960233,success
933,2000,8,3,2.0,4.000000000000002,0.1,0.8,3.3999999999999995,5,0,430,70,0,0.3972895264835924,0.17586240853852697,success
934,2000,8,3,2.0,4.000000000000002,0.1,0.8,3.5999999999999996,5,0,431,69,0,0.3897475911018997,0.15966091461645354,success
938,2000,8,3,2.0,4.000000000000002,0.1,0.8,4.3999999999999995,5,0,430,70,0,0.3611031636777801,0.14459475973777458,success
936,2000,8,3,2.0,4.000000000000002,0.1,0.8,3.999999999999999,5,0,430,70,0,0.36437674058088293,0.15234003523074302,success
937,2000,8,3,2.0,4.000000000000002,0.1,0.8,4.199999999999999,5,0,430,70,0,0.3609696502886585,0.1483950116960573,success
935,2000,8,3,2.0,4.000000000000002,0.1,0.8,3.7999999999999994,5,0,431,69,0,0.3826900817502114,0.16132057956698687,success
939,2000,8,3,2.0,4.000000000000002,0.1,0.8,4.6,5,0,430,70,0,0.36397963896215274,0.15144723326894943,success
940,2000,8,3,2.0,4.000000000000002,0.1,0.8,4.799999999999999,5,0,430,70,0,0.3659350158763168,0.15665331685868847,success
941,2000,8,3,2.0,4.000000000000002,0.1,0.8,4.999999999999999,5,0,429,71,0,0.3578405310759735,0.15063160793305033,success
942,2000,8,3,2.0,4.000000000000002,0.1,0.8,5.199999999999999,5,0,428,72,0,0.365649844189957,0.1646013650011041,success
943,2000,8,3,2.0,4.000000000000002,0.1,0.8,5.399999999999999,5,0,429,71,0,0.3562632944055456,0.15123775461630956,success
945,2000,8,3,2.0,4.000000000000002,0.1,0.8,5.799999999999999,5,0,429,71,0,0.35795996146081244,0.15572316291382124,success
944,2000,8,3,2.0,4.000000000000002,0.1,0.8,5.599999999999999,5,1,429,70,0,0.3485068553577023,0.13752305263947617,success
946,2000,8,3,2.0,4.000000000000002,0.1,0.8,5.999999999999999,5,0,430,70,0,0.3571951027490316,0.14771710851420408,success
947,2000,8,3,2.0,4.000000000000002,0.1,0.8,6.199999999999999,5,0,430,70,0,0.3555298332056775,0.14425926195360378,success
948,2000,8,3,2.0,4.000000000000002,0.1,0.8,6.399999999999999,5,0,430,70,0,0.356590944342354,0.14667890966206662,success
949,2000,8,3,2.0,4.000000000000002,0.1,0.8,6.599999999999999,5,0,430,70,0,0.3554576349881764,0.1449916515523897,success
950,2000,8,3,2.0,4.000000000000002,0.1,0.8,6.799999999999999,5,0,430,70,0,0.35706886470204435,0.14912460513839249,success
952,2000,8,3,2.0,4.000000000000002,0.1,0.8,7.199999999999998,5,0,430,70,0,0.356346586590214,0.1476221870926842,success
951,2000,8,3,2.0,4.000000000000002,0.1,0.8,6.999999999999998,5,0,430,70,0,0.35719136242691113,0.1495719920691915,success
953,2000,8,3,2.0,4.000000000000002,0.1,0.8,7.399999999999999,5,0,430,70,0,0.35578335437919395,0.14631917861004543,success
954,2000,8,3,2.0,4.000000000000002,0.1,0.8,7.599999999999999,5,0,430,70,0,0.3561990186976663,0.14708824001572188,success
955,2000,8,3,2.0,4.000000000000002,0.1,0.8,7.799999999999999,5,0,430,70,0,0.35811941030099154,0.1518074705833798,success
956,2000,8,3,2.0,4.000000000000002,0.1,0.8,7.999999999999998,5,0,430,70,0,0.35820575693168233,0.1516793578518227,success
957,2000,8,3,2.0,4.000000000000002,0.1,0.8,8.2,5,0,430,70,0,0.35912517233638336,0.15488994458208716,success
958,2000,8,3,2.0,4.000000000000002,0.1,0.8,8.399999999999999,5,0,430,70,0,0.3567081079787012,0.14867805195760123,success
961,2000,8,3,2.0,4.000000000000002,0.1,0.8,8.999999999999998,5,0,430,70,0,0.3577586555013179,0.15103251632532805,success
959,2000,8,3,2.0,4.000000000000002,0.1,0.8,8.599999999999998,5,0,430,70,0,0.35659256190610095,0.14787607851844192,success
960,2000,8,3,2.0,4.000000000000002,0.1,0.8,8.799999999999997,5,0,430,70,0,0.35741575133292436,0.1497950580278942,success
962,2000,8,3,2.0,4.000000000000002,0.1,0.8,9.199999999999998,5,0,430,70,0,0.3573548022059242,0.15017693742321198,success
963,2000,8,3,2.0,4.000000000000002,0.1,0.8,9.399999999999999,5,0,430,70,0,0.35780734893961974,0.15131627727502592,success
964,2000,8,3,2.0,4.000000000000002,0.1,0.8,9.599999999999998,5,0,430,70,0,0.3572357831517197,0.1499261098911796,success
965,2000,8,3,2.0,4.000000000000002,0.1,0.8,9.799999999999997,5,0,430,70,0,0.3568712278582329,0.14904083537894577,success
967,2000,8,3,2.0,4.100000000000001,0.1,0.8,1.0,5,264,236,0,0,,,success
968,2000,8,3,2.0,4.100000000000001,0.1,0.8,1.2,5,174,264,62,0,0.9126338729838332,0.19466272944679128,success
969,2000,8,3,2.0,4.100000000000001,0.1,0.8,1.4,5,116,292,92,0,0.8561905699887162,0.2116398241954772,success
970,2000,8,3,2.0,4.100000000000001,0.1,0.8,1.5999999999999999,5,95,303,102,0,0.8023099549980434,0.23724907475794182,success
971,2000,8,3,2.0,4.100000000000001,0.1,0.8,1.7999999999999998,5,64,320,116,0,0.7411135018634244,0.2708634316726327,success
966,2000,8,3,2.0,4.000000000000002,0.1,0.8,9.999999999999998,5,0,430,70,0,0.3577093294039322,0.15121749823721273,success
972,2000,8,3,2.0,4.100000000000001,0.1,0.8,1.9999999999999998,5,40,331,129,0,0.7535465803412386,0.26127648359951816,success
973,2000,8,3,2.0,4.100000000000001,0.1,0.8,2.1999999999999997,5,22,374,104,0,0.7128116081604366,0.26008435503139526,success
974,2000,8,3,2.0,4.100000000000001,0.1,0.8,2.3999999999999995,5,11,390,99,0,0.63661755803806,0.2825326579617857,success
975,2000,8,3,2.0,4.100000000000001,0.1,0.8,2.5999999999999996,5,7,411,82,0,0.5680098782586922,0.264892815688712,success
976,2000,8,3,2.0,4.100000000000001,0.1,0.8,2.8,5,1,419,80,0,0.5235388601269261,0.2411426787582839,success
977,2000,8,3,2.0,4.100000000000001,0.1,0.8,2.9999999999999996,5,1,434,65,0,0.4470677800198789,0.19181032478187526,success
979,2000,8,3,2.0,4.100000000000001,0.1,0.8,3.3999999999999995,5,0,435,65,0,0.4071523916142695,0.17417487863558528,success
978,2000,8,3,2.0,4.100000000000001,0.1,0.8,3.1999999999999993,5,0,437,63,0,0.43540049133077363,0.1836102384073096,success
991,2000,8,3,2.0,4.100000000000001,0.1,0.8,5.799999999999999,5,0,435,65,0,0.366234996656215,0.14500018288654914,success
980,2000,8,3,2.0,4.100000000000001,0.1,0.8,3.5999999999999996,5,0,436,64,0,0.3983828614348033,0.15561888414325034,success
981,2000,8,3,2.0,4.100000000000001,0.1,0.8,3.7999999999999994,5,0,436,64,0,0.3925209113157452,0.15996952555756117,success
982,2000,8,3,2.0,4.100000000000001,0.1,0.8,3.999999999999999,5,0,436,64,0,0.3761598710468085,0.1487091531329045,success
987,2000,8,3,2.0,4.100000000000001,0.1,0.8,4.999999999999999,5,0,435,65,0,0.36822936696001823,0.14590139472112923,success
988,2000,8,3,2.0,4.100000000000001,0.1,0.8,5.199999999999999,5,0,435,65,0,0.36714209579567314,0.14404803288934181,success
986,2000,8,3,2.0,4.100000000000001,0.1,0.8,4.799999999999999,5,0,436,64,0,0.37467480924085866,0.14773862004530416,success
985,2000,8,3,2.0,4.100000000000001,0.1,0.8,4.6,5,0,436,64,0,0.37472400165406633,0.14557833322330113,success
984,2000,8,3,2.0,4.100000000000001,0.1,0.8,4.3999999999999995,5,0,436,64,0,0.37152319658048827,0.14045569372323963,success
994,2000,8,3,2.0,4.100000000000001,0.1,0.8,6.399999999999999,5,0,436,64,0,0.36705222100931023,0.1416960864543191,success
983,2000,8,3,2.0,4.100000000000001,0.1,0.8,4.199999999999999,5,0,436,64,0,0.37075270464641996,0.1441195895350619,success
989,2000,8,3,2.0,4.100000000000001,0.1,0.8,5.399999999999999,5,0,435,65,0,0.36604478598839246,0.14567192452290753,success
990,2000,8,3,2.0,4.100000000000001,0.1,0.8,5.599999999999999,5,0,435,65,0,0.3660542829796384,0.14548511624634652,success
992,2000,8,3,2.0,4.100000000000001,0.1,0.8,5.999999999999999,5,0,436,64,0,0.36698263905304823,0.1419389024888585,success
993,2000,8,3,2.0,4.100000000000001,0.1,0.8,6.199999999999999,5,0,436,64,0,0.36639606421028525,0.13988156754778355,success
995,2000,8,3,2.0,4.100000000000001,0.1,0.8,6.599999999999999,5,0,436,64,0,0.36566512840959364,0.13946233108752332,success
996,2000,8,3,2.0,4.100000000000001,0.1,0.8,6.799999999999999,5,0,436,64,0,0.36674681991144453,0.142790050526653,success
997,2000,8,3,2.0,4.100000000000001,0.1,0.8,6.999999999999998,5,0,436,64,0,0.36623068596710096,0.14215243245556505,success
998,2000,8,3,2.0,4.100000000000001,0.1,0.8,7.199999999999998,5,0,436,64,0,0.36605812829222617,0.14170434671030796,success
999,2000,8,3,2.0,4.100000000000001,0.1,0.8,7.399999999999999,5,0,436,64,0,0.36613589009474246,0.14206125791931376,success
1000,2000,8,3,2.0,4.100000000000001,0.1,0.8,7.599999999999999,5,0,436,64,0,0.365909051632305,0.14107655880965378,success
1001,2000,8,3,2.0,4.100000000000001,0.1,0.8,7.799999999999999,5,0,436,64,0,0.3682704144451457,0.14757844980599616,success
1002,2000,8,3,2.0,4.100000000000001,0.1,0.8,7.999999999999998,5,0,436,64,0,0.3691026464070314,0.14862214573868596,success
1003,2000,8,3,2.0,4.100000000000001,0.1,0.8,8.2,5,0,436,64,0,0.36773374622293425,0.14536209879728265,success
1004,2000,8,3,2.0,4.100000000000001,0.1,0.8,8.399999999999999,5,0,436,64,0,0.3667337307857347,0.14294919977845516,success
1005,2000,8,3,2.0,4.100000000000001,0.1,0.8,8.599999999999998,5,0,436,64,0,0.36663882271813225,0.14276744984423007,success
1006,2000,8,3,2.0,4.100000000000001,0.1,0.8,8.799999999999997,5,0,436,64,0,0.36774871943283355,0.1453444405605333,success
1007,2000,8,3,2.0,4.100000000000001,0.1,0.8,8.999999999999998,5,0,436,64,0,0.3675471457181582,0.14445448379022316,success
1008,2000,8,3,2.0,4.100000000000001,0.1,0.8,9.199999999999998,5,0,436,64,0,0.3673573021630009,0.14414950352223602,success
1012,2000,8,3,2.0,4.100000000000001,0.1,0.8,9.999999999999998,5,0,436,64,0,0.3669227676968896,0.14325128434755,success
1013,2000,8,3,2.0,4.200000000000002,0.1,0.8,1.0,5,260,240,0,0,,,success
1009,2000,8,3,2.0,4.100000000000001,0.1,0.8,9.399999999999999,5,0,436,64,0,0.368343853066459,0.1467884357066661,success
1010,2000,8,3,2.0,4.100000000000001,0.1,0.8,9.599999999999998,5,0,436,64,0,0.36726232221687083,0.1441824983963615,success
1011,2000,8,3,2.0,4.100000000000001,0.1,0.8,9.799999999999997,5,0,436,64,0,0.36664388043695617,0.14249030099995608,success
1014,2000,8,3,2.0,4.200000000000002,0.1,0.8,1.2,5,172,269,59,0,0.9081915275423332,0.19859182799011715,success
1015,2000,8,3,2.0,4.200000000000002,0.1,0.8,1.4,5,116,293,91,0,0.8529438041625211,0.21170625923745298,success
1016,2000,8,3,2.0,4.200000000000002,0.1,0.8,1.5999999999999999,5,95,309,96,0,0.8146600782363854,0.23160673888264277,success
1021,2000,8,3,2.0,4.200000000000002,0.1,0.8,2.5999999999999996,5,7,413,80,0,0.5786449319242982,0.2666343583827529,success
1017,2000,8,3,2.0,4.200000000000002,0.1,0.8,1.7999999999999998,5,62,327,111,0,0.7444260186940482,0.2715300538982999,success
1018,2000,8,3,2.0,4.200000000000002,0.1,0.8,1.9999999999999998,5,39,336,125,0,0.7660143872960868,0.25983287269704053,success
1019,2000,8,3,2.0,4.200000000000002,0.1,0.8,2.1999999999999997,5,22,382,96,0,0.7135871902895614,0.26114241406952254,success
1020,2000,8,3,2.0,4.200000000000002,0.1,0.8,2.3999999999999995,5,11,393,96,0,0.646399110436416,0.28275160449589415,success
1027,2000,8,3,2.0,4.200000000000002,0.1,0.8,3.7999999999999994,5,0,439,61,0,0.3875456262709901,0.15842338684683632,success
1028,2000,8,3,2.0,4.200000000000002,0.1,0.8,3.999999999999999,5,0,439,61,0,0.36959338867049185,0.14521887206088543,success
1029,2000,8,3,2.0,4.200000000000002,0.1,0.8,4.199999999999999,5,0,439,61,0,0.36534923769463007,0.14130803006460735,success
1031,2000,8,3,2.0,4.200000000000002,0.1,0.8,4.6,5,0,439,61,0,0.37029121093192113,0.14627417088351694,success
1032,2000,8,3,2.0,4.200000000000002,0.1,0.8,4.799999999999999,5,0,439,61,0,0.3704128384067801,0.148013493006242,success
1030,2000,8,3,2.0,4.200000000000002,0.1,0.8,4.3999999999999995,5,0,439,61,0,0.3671821631577725,0.14069510663382898,success
1033,2000,8,3,2.0,4.200000000000002,0.1,0.8,4.999999999999999,5,0,438,62,0,0.361450909409018,0.1399672757329834,success
1035,2000,8,3,2.0,4.200000000000002,0.1,0.8,5.399999999999999,5,0,438,62,0,0.35861642911796926,0.13702700123438363,success
1034,2000,8,3,2.0,4.200000000000002,0.1,0.8,5.199999999999999,5,0,438,62,0,0.36121261506419566,0.14060131101928003,success
1022,2000,8,3,2.0,4.200000000000002,0.1,0.8,2.8,5,1,422,77,0,0.5258338191129999,0.2410444498439913,success
1036,2000,8,3,2.0,4.200000000000002,0.1,0.8,5.599999999999999,5,0,438,62,0,0.3583910162481942,0.13542718831770348,success
1026,2000,8,3,2.0,4.200000000000002,0.1,0.8,3.5999999999999996,5,0,439,61,0,0.3953834277213574,0.1553356954395408,success
1025,2000,8,3,2.0,4.200000000000002,0.1,0.8,3.3999999999999995,5,0,438,62,0,0.4026084458915413,0.1721774864822405,success
1023,2000,8,3,2.0,4.200000000000002,0.1,0.8,2.9999999999999996,5,1,437,62,0,0.4492584224070806,0.1937239183793292,success
1037,2000,8,3,2.0,4.200000000000002,0.1,0.8,5.799999999999999,5,0,438,62,0,0.35973563800392633,0.1390710093578542,success
1024,2000,8,3,2.0,4.200000000000002,0.1,0.8,3.1999999999999993,5,0,440,60,0,0.43392742006946644,0.18128946746048777,success
1038,2000,8,3,2.0,4.200000000000002,0.1,0.8,5.999999999999999,5,0,439,61,0,0.3615402363333983,0.1392037368683639,success
1039,2000,8,3,2.0,4.200000000000002,0.1,0.8,6.199999999999999,5,0,439,61,0,0.35988153542411017,0.13596371639471302,success
1040,2000,8,3,2.0,4.200000000000002,0.1,0.8,6.399999999999999,5,0,439,61,0,0.3605637999291384,0.13744053108307067,success
1041,2000,8,3,2.0,4.200000000000002,0.1,0.8,6.599999999999999,5,0,439,61,0,0.36022999766662217,0.13709311926342416,success
1049,2000,8,3,2.0,4.200000000000002,0.1,0.8,8.2,5,0,439,61,0,0.3609325040648083,0.13966423169231768,success
1042,2000,8,3,2.0,4.200000000000002,0.1,0.8,6.799999999999999,5,0,439,61,0,0.36072865589587705,0.13934427025498508,success
1043,2000,8,3,2.0,4.200000000000002,0.1,0.8,6.999999999999998,5,0,439,61,0,0.3598589437549094,0.13748797704878613,success
1044,2000,8,3,2.0,4.200000000000002,0.1,0.8,7.199999999999998,5,0,439,61,0,0.3597716686186085,0.1378392784906883,success
1045,2000,8,3,2.0,4.200000000000002,0.1,0.8,7.399999999999999,5,0,439,61,0,0.3589622297888113,0.13597881322252026,success
1046,2000,8,3,2.0,4.200000000000002,0.1,0.8,7.599999999999999,5,0,439,61,0,0.3597168658750929,0.1372115953057581,success
1059,2000,8,3,2.0,4.3000000000000025,0.1,0.8,1.0,5,259,241,0,0,,,success
1047,2000,8,3,2.0,4.200000000000002,0.1,0.8,7.799999999999999,5,0,439,61,0,0.36111030882536316,0.14058295266491427,success
1048,2000,8,3,2.0,4.200000000000002,0.1,0.8,7.999999999999998,5,0,439,61,0,0.3613691960624834,0.1406971870066263,success
1054,2000,8,3,2.0,4.200000000000002,0.1,0.8,9.199999999999998,5,0,439,61,0,0.3609124784506918,0.13966749311645152,success
1060,2000,8,3,2.0,4.3000000000000025,0.1,0.8,1.2,5,171,269,60,0,0.9097216687499611,0.19725805760288648,success
1061,2000,8,3,2.0,4.3000000000000025,0.1,0.8,1.4,5,116,293,91,0,0.8529438041625211,0.21170625923745298,success
1055,2000,8,3,2.0,4.200000000000002,0.1,0.8,9.399999999999999,5,0,439,61,0,0.3614645011189938,0.14084381278808275,success
1050,2000,8,3,2.0,4.200000000000002,0.1,0.8,8.399999999999999,5,0,439,61,0,0.36064892978646806,0.139315707028195,success
1051,2000,8,3,2.0,4.200000000000002,0.1,0.8,8.599999999999998,5,0,439,61,0,0.3598754092254013,0.13754519638128848,success
1062,2000,8,3,2.0,4.3000000000000025,0.1,0.8,1.5999999999999999,5,95,310,95,0,0.8127091316915053,0.23204106540508354,success
1052,2000,8,3,2.0,4.200000000000002,0.1,0.8,8.799999999999997,5,0,439,61,0,0.3609626369223575,0.13976447719979074,success
1056,2000,8,3,2.0,4.200000000000002,0.1,0.8,9.599999999999998,5,0,439,61,0,0.3604860531616188,0.13852582330339758,success
1064,2000,8,3,2.0,4.3000000000000025,0.1,0.8,1.9999999999999998,5,39,342,119,0,0.7701910125515578,0.2614042494889528,success
1057,2000,8,3,2.0,4.200000000000002,0.1,0.8,9.799999999999997,5,0,439,61,0,0.36103595536290084,0.1396084537356588,success
1058,2000,8,3,2.0,4.200000000000002,0.1,0.8,9.999999999999998,5,0,439,61,0,0.3609269597028797,0.13963454096440275,success
1053,2000,8,3,2.0,4.200000000000002,0.1,0.8,8.999999999999998,5,0,439,61,0,0.36078970817072376,0.1394705543228008,success
1063,2000,8,3,2.0,4.3000000000000025,0.1,0.8,1.7999999999999998,5,60,329,111,0,0.7485867531584037,0.26995775761627716,success
1065,2000,8,3,2.0,4.3000000000000025,0.1,0.8,2.1999999999999997,5,21,385,94,0,0.7235825311557206,0.26437362216940785,success
1066,2000,8,3,2.0,4.3000000000000025,0.1,0.8,2.3999999999999995,5,9,394,97,0,0.6561546419761645,0.2795230176136309,success
1068,2000,8,3,2.0,4.3000000000000025,0.1,0.8,2.8,5,1,425,74,0,0.5335837607242242,0.24596340442502454,success
1067,2000,8,3,2.0,4.3000000000000025,0.1,0.8,2.5999999999999996,5,7,415,78,0,0.5832396813804015,0.26502018736787614,success
1070,2000,8,3,2.0,4.3000000000000025,0.1,0.8,3.1999999999999993,5,0,442,58,0,0.4323289385430906,0.18282794012300757,success
1069,2000,8,3,2.0,4.3000000000000025,0.1,0.8,2.9999999999999996,5,1,439,60,0,0.44817214804385735,0.19720853160724894,success
1071,2000,8,3,2.0,4.3000000000000025,0.1,0.8,3.3999999999999995,5,0,440,60,0,0.39991256742124415,0.17307407706444855,success
1072,2000,8,3,2.0,4.3000000000000025,0.1,0.8,3.5999999999999996,5,0,441,59,0,0.39256421485679777,0.15668896239992255,success
1073,2000,8,3,2.0,4.3000000000000025,0.1,0.8,3.7999999999999994,5,0,442,58,0,0.38944766229023736,0.15820956615890047,success
1074,2000,8,3,2.0,4.3000000000000025,0.1,0.8,3.999999999999999,5,0,442,58,0,0.36789211888739204,0.14338823962810873,success
1080,2000,8,3,2.0,4.3000000000000025,0.1,0.8,5.199999999999999,5,0,441,59,0,0.3584922735845655,0.1363562444333301,success
1083,2000,8,3,2.0,4.3000000000000025,0.1,0.8,5.799999999999999,5,0,441,59,0,0.3572967312697463,0.1352804874167409,success
1084,2000,8,3,2.0,4.3000000000000025,0.1,0.8,5.999999999999999,5,0,442,58,0,0.35826059097953555,0.133914131744222,success
1085,2000,8,3,2.0,4.3000000000000025,0.1,0.8,6.199999999999999,5,0,442,58,0,0.35824628012559095,0.1336788352980844,success
1086,2000,8,3,2.0,4.3000000000000025,0.1,0.8,6.399999999999999,5,0,442,58,0,0.35794684618655526,0.13354052181555967,success
1089,2000,8,3,2.0,4.3000000000000025,0.1,0.8,6.999999999999998,5,0,442,58,0,0.357814061236419,0.13409920189186164,success
1091,2000,8,3,2.0,4.3000000000000025,0.1,0.8,7.399999999999999,5,0,442,58,0,0.3574559988308048,0.13341529837537067,success
1093,2000,8,3,2.0,4.3000000000000025,0.1,0.8,7.799999999999999,5,0,442,58,0,0.35842104888063453,0.13538500034964876,success
1092,2000,8,3,2.0,4.3000000000000025,0.1,0.8,7.599999999999999,5,0,442,58,0,0.35779291943594116,0.13419780704350678,success
1094,2000,8,3,2.0,4.3000000000000025,0.1,0.8,7.999999999999998,5,0,442,58,0,0.3592753059913767,0.13713491458295926,success
1075,2000,8,3,2.0,4.3000000000000025,0.1,0.8,4.199999999999999,5,0,442,58,0,0.36391555217614563,0.1386485765192479,success
1077,2000,8,3,2.0,4.3000000000000025,0.1,0.8,4.6,5,0,442,58,0,0.3675872760969159,0.14262534124267107,success
1078,2000,8,3,2.0,4.3000000000000025,0.1,0.8,4.799999999999999,5,0,442,58,0,0.3676926657611147,0.1433306498613401,success
1076,2000,8,3,2.0,4.3000000000000025,0.1,0.8,4.3999999999999995,5,0,442,58,0,0.3653292753995402,0.13689125413436332,success
1079,2000,8,3,2.0,4.3000000000000025,0.1,0.8,4.999999999999999,5,0,441,59,0,0.35812058935555247,0.13579025079182466,success
1081,2000,8,3,2.0,4.3000000000000025,0.1,0.8,5.399999999999999,5,0,441,59,0,0.35527215340489987,0.13245686402492174,success
1087,2000,8,3,2.0,4.3000000000000025,0.1,0.8,6.599999999999999,5,0,442,58,0,0.35847655802990647,0.13488559553140322,success
1088,2000,8,3,2.0,4.3000000000000025,0.1,0.8,6.799999999999999,5,0,442,58,0,0.3573378083110222,0.1334171365801311,success
1082,2000,8,3,2.0,4.3000000000000025,0.1,0.8,5.599999999999999,5,0,441,59,0,0.35729506968672353,0.1339297701673253,success
1090,2000,8,3,2.0,4.3000000000000025,0.1,0.8,7.199999999999998,5,0,442,58,0,0.35821790347365406,0.13500566426470056,success
1095,2000,8,3,2.0,4.3000000000000025,0.1,0.8,8.2,5,0,442,58,0,0.35971841686329814,0.13817347249121445,success
1099,2000,8,3,2.0,4.3000000000000025,0.1,0.8,8.999999999999998,5,0,442,58,0,0.3587854439795847,0.13561190158159078,success
1096,2000,8,3,2.0,4.3000000000000025,0.1,0.8,8.399999999999999,5,0,442,58,0,0.3585418596699318,0.13548172649497697,success
1097,2000,8,3,2.0,4.3000000000000025,0.1,0.8,8.599999999999998,5,0,442,58,0,0.3580225206440966,0.1343746510201697,success
1098,2000,8,3,2.0,4.3000000000000025,0.1,0.8,8.799999999999997,5,0,442,58,0,0.35820507211251934,0.13445173408604608,success
1101,2000,8,3,2.0,4.3000000000000025,0.1,0.8,9.399999999999999,5,0,442,58,0,0.35860565700947833,0.1351243394000577,success
1100,2000,8,3,2.0,4.3000000000000025,0.1,0.8,9.199999999999998,5,0,442,58,0,0.35826472173383667,0.1346392849390254,success
1103,2000,8,3,2.0,4.3000000000000025,0.1,0.8,9.799999999999997,5,0,442,58,0,0.35925139765059577,0.1366186809560056,success
1102,2000,8,3,2.0,4.3000000000000025,0.1,0.8,9.599999999999998,5,0,442,58,0,0.3582515915615395,0.13448975091268028,success
1104,2000,8,3,2.0,4.3000000000000025,0.1,0.8,9.999999999999998,5,0,442,58,0,0.3588895016838272,0.13574144325660265,success
1105,2000,8,3,2.0,4.400000000000002,0.1,0.8,1.0,5,256,244,0,0,,,success
1106,2000,8,3,2.0,4.400000000000002,0.1,0.8,1.2,5,172,272,56,0,0.9122017879463868,0.195544317387256,success
1107,2000,8,3,2.0,4.400000000000002,0.1,0.8,1.4,5,117,295,88,0,0.8536123429407887,0.21079757977472477,success
1108,2000,8,3,2.0,4.400000000000002,0.1,0.8,1.5999999999999999,5,95,312,93,0,0.8096618130619633,0.23321002488632833,success
1109,2000,8,3,2.0,4.400000000000002,0.1,0.8,1.7999999999999998,5,61,330,109,0,0.7552588873611364,0.26712824943480656,success
1110,2000,8,3,2.0,4.400000000000002,0.1,0.8,1.9999999999999998,5,40,344,116,0,0.7800625563612124,0.2567891708153889,success
1111,2000,8,3,2.0,4.400000000000002,0.1,0.8,2.1999999999999997,5,20,386,94,0,0.7268718907531236,0.2567845301626564,success
1112,2000,8,3,2.0,4.400000000000002,0.1,0.8,2.3999999999999995,5,10,397,93,0,0.651240680954549,0.27840290797624895,success
1113,2000,8,3,2.0,4.400000000000002,0.1,0.8,2.5999999999999996,5,7,418,75,0,0.5890941900846152,0.26640188144155624,success
1114,2000,8,3,2.0,4.400000000000002,0.1,0.8,2.8,5,1,428,71,0,0.5459915104556613,0.24668975885904526,success
1115,2000,8,3,2.0,4.400000000000002,0.1,0.8,2.9999999999999996,5,1,443,56,0,0.44587595218824827,0.19527537424760763,success
1116,2000,8,3,2.0,4.400000000000002,0.1,0.8,3.1999999999999993,5,0,447,53,0,0.4240899311643509,0.1733163706156301,success
1128,2000,8,3,2.0,4.400000000000002,0.1,0.8,5.599999999999999,5,0,445,55,0,0.3554939294354437,0.12958718576828665,success
1125,2000,8,3,2.0,4.400000000000002,0.1,0.8,4.999999999999999,5,0,445,55,0,0.3580356985631786,0.1333401367943731,success
1124,2000,8,3,2.0,4.400000000000002,0.1,0.8,4.799999999999999,5,0,446,54,0,0.3665129081688513,0.13937116026341237,success
1123,2000,8,3,2.0,4.400000000000002,0.1,0.8,4.6,5,0,446,54,0,0.3676403466028792,0.13969490439562202,success
1126,2000,8,3,2.0,4.400000000000002,0.1,0.8,5.199999999999999,5,0,445,55,0,0.35781108660547295,0.13318676849346212,success
1122,2000,8,3,2.0,4.400000000000002,0.1,0.8,4.3999999999999995,5,0,446,54,0,0.36644004104286937,0.13406978573793055,success
1120,2000,8,3,2.0,4.400000000000002,0.1,0.8,3.999999999999999,5,0,446,54,0,0.36905165638623244,0.14090096514993136,success
1121,2000,8,3,2.0,4.400000000000002,0.1,0.8,4.199999999999999,5,0,446,54,0,0.36499374924989714,0.13565707176809763,success
1119,2000,8,3,2.0,4.400000000000002,0.1,0.8,3.7999999999999994,5,0,446,54,0,0.38779782502374716,0.15860536380569412,success
1127,2000,8,3,2.0,4.400000000000002,0.1,0.8,5.399999999999999,5,0,445,55,0,0.3544516880428135,0.1289724026381747,success
1118,2000,8,3,2.0,4.400000000000002,0.1,0.8,3.5999999999999996,5,0,445,55,0,0.39301897036118577,0.15678648118356667,success
1117,2000,8,3,2.0,4.400000000000002,0.1,0.8,3.3999999999999995,5,0,444,56,0,0.3983954846266448,0.170450052193053,success
1132,2000,8,3,2.0,4.400000000000002,0.1,0.8,6.399999999999999,5,0,446,54,0,0.3581853830174371,0.13028233860293414,success
1129,2000,8,3,2.0,4.400000000000002,0.1,0.8,5.799999999999999,5,0,445,55,0,0.3565184386045735,0.13176625213287063,success
1130,2000,8,3,2.0,4.400000000000002,0.1,0.8,5.999999999999999,5,0,446,54,0,0.35940606092429195,0.1323803962591176,success
1134,2000,8,3,2.0,4.400000000000002,0.1,0.8,6.799999999999999,5,0,446,54,0,0.35874827320278785,0.1323145153725184,success
1131,2000,8,3,2.0,4.400000000000002,0.1,0.8,6.199999999999999,5,0,446,54,0,0.3591814926848344,0.13214174191410213,success
1133,2000,8,3,2.0,4.400000000000002,0.1,0.8,6.599999999999999,5,0,446,54,0,0.358859667383507,0.13168979339753945,success
1135,2000,8,3,2.0,4.400000000000002,0.1,0.8,6.999999999999998,5,0,446,54,0,0.3583797445170528,0.13142877281135495,success
1136,2000,8,3,2.0,4.400000000000002,0.1,0.8,7.199999999999998,5,0,446,54,0,0.358119839244682,0.13080446748499122,success
1137,2000,8,3,2.0,4.400000000000002,0.1,0.8,7.399999999999999,5,0,446,54,0,0.3583638693128705,0.13163876776456168,success
1138,2000,8,3,2.0,4.400000000000002,0.1,0.8,7.599999999999999,5,0,446,54,0,0.3584469361172818,0.13143933820050152,success
1139,2000,8,3,2.0,4.400000000000002,0.1,0.8,7.799999999999999,5,0,446,54,0,0.35881493532388303,0.1323061569697728,success
1140,2000,8,3,2.0,4.400000000000002,0.1,0.8,7.999999999999998,5,0,446,54,0,0.35914364968684953,0.13283043729295507,success
1141,2000,8,3,2.0,4.400000000000002,0.1,0.8,8.2,5,0,446,54,0,0.35906326419973816,0.13254540584809785,success
1142,2000,8,3,2.0,4.400000000000002,0.1,0.8,8.399999999999999,5,0,446,54,0,0.3592044433896209,0.1329580414803357,success
1143,2000,8,3,2.0,4.400000000000002,0.1,0.8,8.599999999999998,5,0,446,54,0,0.35877028991989585,0.13208818058958002,success
1144,2000,8,3,2.0,4.400000000000002,0.1,0.8,8.799999999999997,5,0,446,54,0,0.35897660600278425,0.13237320410917902,success
1145,2000,8,3,2.0,4.400000000000002,0.1,0.8,8.999999999999998,5,0,446,54,0,0.35939335523863203,0.13311837589866468,success
1146,2000,8,3,2.0,4.400000000000002,0.1,0.8,9.199999999999998,5,0,446,54,0,0.3596123443828758,0.13354444468196902,success
1147,2000,8,3,2.0,4.400000000000002,0.1,0.8,9.399999999999999,5,0,446,54,0,0.35918098293921713,0.13269554386069693,success
1148,2000,8,3,2.0,4.400000000000002,0.1,0.8,9.599999999999998,5,0,446,54,0,0.3589143984273377,0.13221763634086062,success
1149,2000,8,3,2.0,4.400000000000002,0.1,0.8,9.799999999999997,5,0,446,54,0,0.3592034791391408,0.13264167354062864,success
1151,2000,8,3,2.0,4.500000000000002,0.1,0.8,1.0,5,251,249,0,0,,,success
1152,2000,8,3,2.0,4.500000000000002,0.1,0.8,1.2,5,168,277,55,0,0.9196963659090485,0.18905551364868725,success
1153,2000,8,3,2.0,4.500000000000002,0.1,0.8,1.4,5,116,297,87,0,0.8539696783868164,0.21643159894670444,success
1154,2000,8,3,2.0,4.500000000000002,0.1,0.8,1.5999999999999999,5,94,316,90,0,0.8010158570903488,0.23787464863213695,success
1155,2000,8,3,2.0,4.500000000000002,0.1,0.8,1.7999999999999998,5,60,335,105,0,0.7462202135137708,0.2730517233243787,success
1156,2000,8,3,2.0,4.500000000000002,0.1,0.8,1.9999999999999998,5,39,351,110,0,0.772070486650261,0.26037648873385805,success
1157,2000,8,3,2.0,4.500000000000002,0.1,0.8,2.1999999999999997,5,19,391,90,0,0.7227725148750497,0.26346291681171446,success
1150,2000,8,3,2.0,4.400000000000002,0.1,0.8,9.999999999999998,5,0,446,54,0,0.35933126925938585,0.1330897920700986,success
1158,2000,8,3,2.0,4.500000000000002,0.1,0.8,2.3999999999999995,5,10,397,93,0,0.6623762461772907,0.2820890988129055,success
1161,2000,8,3,2.0,4.500000000000002,0.1,0.8,2.9999999999999996,5,1,446,53,0,0.4361207531016942,0.20488363446950733,success
1159,2000,8,3,2.0,4.500000000000002,0.1,0.8,2.5999999999999996,5,7,424,69,0,0.5788837248829214,0.2797732377373468,success
1164,2000,8,3,2.0,4.500000000000002,0.1,0.8,3.5999999999999996,5,0,448,52,0,0.3849622860047618,0.1636956353226674,success
1160,2000,8,3,2.0,4.500000000000002,0.1,0.8,2.8,5,1,432,67,0,0.5293731058453496,0.2576435026392772,success
1162,2000,8,3,2.0,4.500000000000002,0.1,0.8,3.1999999999999993,5,0,450,50,0,0.411930947368083,0.18113143547266927,success
1163,2000,8,3,2.0,4.500000000000002,0.1,0.8,3.3999999999999995,5,0,447,53,0,0.3868409956885872,0.1752704569796793,success
1165,2000,8,3,2.0,4.500000000000002,0.1,0.8,3.7999999999999994,5,0,449,51,0,0.3769747891588949,0.1631769073715458,success
1166,2000,8,3,2.0,4.500000000000002,0.1,0.8,3.999999999999999,5,0,449,51,0,0.3601126176796213,0.14591198715958242,success
1167,2000,8,3,2.0,4.500000000000002,0.1,0.8,4.199999999999999,5,0,449,51,0,0.35550959543404476,0.140091971238864,success
1168,2000,8,3,2.0,4.500000000000002,0.1,0.8,4.3999999999999995,5,0,449,51,0,0.3559447596947496,0.13817503552260194,success
1169,2000,8,3,2.0,4.500000000000002,0.1,0.8,4.6,5,0,449,51,0,0.35662530132368303,0.14284962377205174,success
1170,2000,8,3,2.0,4.500000000000002,0.1,0.8,4.799999999999999,5,0,449,51,0,0.35568728076874323,0.14222340596609384,success
1171,2000,8,3,2.0,4.500000000000002,0.1,0.8,4.999999999999999,5,0,448,52,0,0.34836797591609386,0.13683845351785107,success
1172,2000,8,3,2.0,4.500000000000002,0.1,0.8,5.199999999999999,5,0,448,52,0,0.3487831644346582,0.1369875824973906,success
1174,2000,8,3,2.0,4.500000000000002,0.1,0.8,5.599999999999999,5,0,449,51,0,0.34703697317035676,0.13410833847359954,success
1173,2000,8,3,2.0,4.500000000000002,0.1,0.8,5.399999999999999,5,0,448,52,0,0.3452049803583395,0.13197659873817486,success
1175,2000,8,3,2.0,4.500000000000002,0.1,0.8,5.799999999999999,5,0,448,52,0,0.347354252942195,0.13576233869784732,success
1176,2000,8,3,2.0,4.500000000000002,0.1,0.8,5.999999999999999,5,0,449,51,0,0.3488750325553837,0.13781069668067342,success
1177,2000,8,3,2.0,4.500000000000002,0.1,0.8,6.199999999999999,5,0,449,51,0,0.3475289415455109,0.13491076967978335,success
1178,2000,8,3,2.0,4.500000000000002,0.1,0.8,6.399999999999999,5,0,449,51,0,0.34822682226248675,0.1361775410802544,success
1179,2000,8,3,2.0,4.500000000000002,0.1,0.8,6.599999999999999,5,0,449,51,0,0.34745519729804264,0.13519447559914655,success
1180,2000,8,3,2.0,4.500000000000002,0.1,0.8,6.799999999999999,5,0,449,51,0,0.34722256098482646,0.13533466080418183,success
1181,2000,8,3,2.0,4.500000000000002,0.1,0.8,6.999999999999998,5,0,449,51,0,0.3476026387549266,0.13600589348999362,success
1182,2000,8,3,2.0,4.500000000000002,0.1,0.8,7.199999999999998,5,0,449,51,0,0.3480691511852901,0.13687542824054397,success
1183,2000,8,3,2.0,4.500000000000002,0.1,0.8,7.399999999999999,5,0,449,51,0,0.3471434537241133,0.13532763050263807,success
1185,2000,8,3,2.0,4.500000000000002,0.1,0.8,7.799999999999999,5,0,449,51,0,0.3478455819788342,0.13660572841670082,success
1184,2000,8,3,2.0,4.500000000000002,0.1,0.8,7.599999999999999,5,0,449,51,0,0.3482740014457676,0.13715070441528163,success
1186,2000,8,3,2.0,4.500000000000002,0.1,0.8,7.999999999999998,5,0,449,51,0,0.3485105440696995,0.13780821252572503,success
1187,2000,8,3,2.0,4.500000000000002,0.1,0.8,8.2,5,0,449,51,0,0.3486552559937052,0.13778527829860196,success
1188,2000,8,3,2.0,4.500000000000002,0.1,0.8,8.399999999999999,5,0,449,51,0,0.34861054206746056,0.13777020773243281,success
1191,2000,8,3,2.0,4.500000000000002,0.1,0.8,8.999999999999998,5,0,449,51,0,0.34843904633290884,0.13760087474804866,success
1189,2000,8,3,2.0,4.500000000000002,0.1,0.8,8.599999999999998,5,0,449,51,0,0.3480950449387226,0.13668540714567098,success
1193,2000,8,3,2.0,4.500000000000002,0.1,0.8,9.399999999999999,5,0,449,51,0,0.3483176137042351,0.13718468914808674,success
1190,2000,8,3,2.0,4.500000000000002,0.1,0.8,8.799999999999997,5,0,449,51,0,0.3479483995729436,0.13651774945911224,success
1192,2000,8,3,2.0,4.500000000000002,0.1,0.8,9.199999999999998,5,0,449,51,0,0.34828636808119046,0.1372748487601271,success
1197,2000,8,3,2.0,4.600000000000002,0.1,0.8,1.0,5,244,256,0,0,,,success
1194,2000,8,3,2.0,4.500000000000002,0.1,0.8,9.599999999999998,5,0,449,51,0,0.34795441393086923,0.1364764321745324,success
1195,2000,8,3,2.0,4.500000000000002,0.1,0.8,9.799999999999997,5,0,449,51,0,0.3479823024517051,0.13646906976751155,success
1198,2000,8,3,2.0,4.600000000000002,0.1,0.8,1.2,5,161,284,55,0,0.9257572738636152,0.18611342368562103,success
1200,2000,8,3,2.0,4.600000000000002,0.1,0.8,1.5999999999999999,5,90,320,90,0,0.8034545052140427,0.23922940660848704,success
1196,2000,8,3,2.0,4.500000000000002,0.1,0.8,9.999999999999998,5,0,449,51,0,0.34797748442566745,0.13648214108445172,success
1199,2000,8,3,2.0,4.600000000000002,0.1,0.8,1.4,5,112,301,87,0,0.8539696783868163,0.21643159894670447,success
1201,2000,8,3,2.0,4.600000000000002,0.1,0.8,1.7999999999999998,5,59,337,104,0,0.7426355453300961,0.274955137063181,success
1202,2000,8,3,2.0,4.600000000000002,0.1,0.8,1.9999999999999998,5,39,358,103,0,0.7728852084028066,0.25840829586642744,success
1203,2000,8,3,2.0,4.600000000000002,0.1,0.8,2.1999999999999997,5,18,394,88,0,0.7352730990401972,0.2605306008447968,success
1204,2000,8,3,2.0,4.600000000000002,0.1,0.8,2.3999999999999995,5,10,403,87,0,0.6661351502271003,0.2764485416893693,success
1205,2000,8,3,2.0,4.600000000000002,0.1,0.8,2.5999999999999996,5,6,428,66,0,0.5749445059177133,0.2683167253547149,success
1206,2000,8,3,2.0,4.600000000000002,0.1,0.8,2.8,5,1,436,63,0,0.5300282655997365,0.2559187456315372,success
1207,2000,8,3,2.0,4.600000000000002,0.1,0.8,2.9999999999999996,5,1,449,50,0,0.4387010538867581,0.2044081765476585,success
1208,2000,8,3,2.0,4.600000000000002,0.1,0.8,3.1999999999999993,5,0,453,47,0,0.41123569662276493,0.17731106436788843,success
1209,2000,8,3,2.0,4.600000000000002,0.1,0.8,3.3999999999999995,5,0,450,50,0,0.3861110942428517,0.17459543759759102,success
1210,2000,8,3,2.0,4.600000000000002,0.1,0.8,3.5999999999999996,5,0,451,49,0,0.3922931563106568,0.16676050142216087,success
1212,2000,8,3,2.0,4.600000000000002,0.1,0.8,3.999999999999999,5,0,452,48,0,0.3602565820063501,0.14342005812036043,success
1211,2000,8,3,2.0,4.600000000000002,0.1,0.8,3.7999999999999994,5,0,452,48,0,0.3792162781638983,0.15889163525281408,success
1213,2000,8,3,2.0,4.600000000000002,0.1,0.8,4.199999999999999,5,0,452,48,0,0.3544980005055877,0.1353204133775338,success
1221,2000,8,3,2.0,4.600000000000002,0.1,0.8,5.799999999999999,5,0,451,49,0,0.3466755762081027,0.13132027095997295,success
1223,2000,8,3,2.0,4.600000000000002,0.1,0.8,6.199999999999999,5,0,452,48,0,0.34749467899967507,0.13185225296192155,success
1215,2000,8,3,2.0,4.600000000000002,0.1,0.8,4.6,5,0,452,48,0,0.3548127570746347,0.13758174006885304,success
1216,2000,8,3,2.0,4.600000000000002,0.1,0.8,4.799999999999999,5,0,452,48,0,0.35468239103803095,0.13641280756586757,success
1217,2000,8,3,2.0,4.600000000000002,0.1,0.8,4.999999999999999,5,0,451,49,0,0.3473690025855776,0.13210814828650946,success
1214,2000,8,3,2.0,4.600000000000002,0.1,0.8,4.3999999999999995,5,0,452,48,0,0.35542489616996137,0.13342134252928067,success
1220,2000,8,3,2.0,4.600000000000002,0.1,0.8,5.599999999999999,5,0,452,48,0,0.34579166411855294,0.1294899310360825,success
1219,2000,8,3,2.0,4.600000000000002,0.1,0.8,5.399999999999999,5,0,451,49,0,0.34459762848360764,0.12760321365261168,success
1218,2000,8,3,2.0,4.600000000000002,0.1,0.8,5.199999999999999,5,0,451,49,0,0.34749044422230263,0.1315696523614377,success
1222,2000,8,3,2.0,4.600000000000002,0.1,0.8,5.999999999999999,5,0,452,48,0,0.34737943699051915,0.13140900532527436,success
1224,2000,8,3,2.0,4.600000000000002,0.1,0.8,6.399999999999999,5,0,452,48,0,0.3473703919164592,0.13147648358605857,success
1225,2000,8,3,2.0,4.600000000000002,0.1,0.8,6.599999999999999,5,0,452,48,0,0.3474676592640275,0.13204864674964767,success
1230,2000,8,3,2.0,4.600000000000002,0.1,0.8,7.599999999999999,5,0,452,48,0,0.3480068191370189,0.13323211043447372,success
1226,2000,8,3,2.0,4.600000000000002,0.1,0.8,6.799999999999999,5,0,452,48,0,0.3485631945957837,0.13480704471058316,success
1227,2000,8,3,2.0,4.600000000000002,0.1,0.8,6.999999999999998,5,0,452,48,0,0.34810014408032036,0.13377477356229006,success
1228,2000,8,3,2.0,4.600000000000002,0.1,0.8,7.199999999999998,5,0,452,48,0,0.34763503804795143,0.13267118526139723,success
1229,2000,8,3,2.0,4.600000000000002,0.1,0.8,7.399999999999999,5,0,452,48,0,0.3475720887940956,0.13246139006709917,success
1231,2000,8,3,2.0,4.600000000000002,0.1,0.8,7.799999999999999,5,0,452,48,0,0.3480742428958286,0.13332005111287992,success
1233,2000,8,3,2.0,4.600000000000002,0.1,0.8,8.2,5,0,452,48,0,0.34845213423773985,0.13396632502464173,success
1232,2000,8,3,2.0,4.600000000000002,0.1,0.8,7.999999999999998,5,0,452,48,0,0.34849062995267377,0.1340980792325662,success
1234,2000,8,3,2.0,4.600000000000002,0.1,0.8,8.399999999999999,5,0,452,48,0,0.3484144093956318,0.13416130089692152,success
1235,2000,8,3,2.0,4.600000000000002,0.1,0.8,8.599999999999998,5,0,452,48,0,0.34811531212903274,0.13332080802617027,success
1236,2000,8,3,2.0,4.600000000000002,0.1,0.8,8.799999999999997,5,0,452,48,0,0.34857141303936584,0.13396480937166894,success
1237,2000,8,3,2.0,4.600000000000002,0.1,0.8,8.999999999999998,5,0,452,48,0,0.3485017770097519,0.13401232235589194,success
1238,2000,8,3,2.0,4.600000000000002,0.1,0.8,9.199999999999998,5,0,452,48,0,0.34848012332587014,0.13396493297514295,success
1239,2000,8,3,2.0,4.600000000000002,0.1,0.8,9.399999999999999,5,0,452,48,0,0.34837254250006877,0.13378190207433335,success
1240,2000,8,3,2.0,4.600000000000002,0.1,0.8,9.599999999999998,5,0,452,48,0,0.34843271667204306,0.1339896672682962,success
1243,2000,8,3,2.0,4.700000000000003,0.1,0.8,1.0,5,239,261,0,0,,,success
1241,2000,8,3,2.0,4.600000000000002,0.1,0.8,9.799999999999997,5,0,452,48,0,0.3485104279610924,0.13406899303271388,success
1244,2000,8,3,2.0,4.700000000000003,0.1,0.8,1.2,5,156,287,57,0,0.9283622817982251,0.18327868654291044,success
1242,2000,8,3,2.0,4.600000000000002,0.1,0.8,9.999999999999998,5,0,452,48,0,0.34841583626955447,0.1338944130927376,success
1245,2000,8,3,2.0,4.700000000000003,0.1,0.8,1.4,5,107,304,89,0,0.8572512586477866,0.21506230791555753,success
1246,2000,8,3,2.0,4.700000000000003,0.1,0.8,1.5999999999999999,5,85,323,92,0,0.8035751894303548,0.23827564676465726,success
1247,2000,8,3,2.0,4.700000000000003,0.1,0.8,1.7999999999999998,5,57,340,103,0,0.7435193889981757,0.274087508223371,success
1248,2000,8,3,2.0,4.700000000000003,0.1,0.8,1.9999999999999998,5,37,362,101,0,0.768640295083031,0.25770674141864836,success
1249,2000,8,3,2.0,4.700000000000003,0.1,0.8,2.1999999999999997,5,17,397,86,0,0.7420041939079951,0.26279716686130017,success
1250,2000,8,3,2.0,4.700000000000003,0.1,0.8,2.3999999999999995,5,10,407,83,0,0.6683718396188283,0.2755835684740435,success
1251,2000,8,3,2.0,4.700000000000003,0.1,0.8,2.5999999999999996,5,6,431,63,0,0.5809582028097228,0.2649210040965685,success
1258,2000,8,3,2.0,4.700000000000003,0.1,0.8,3.999999999999999,5,0,455,45,0,0.3659451005827028,0.1436184647436961,success
1252,2000,8,3,2.0,4.700000000000003,0.1,0.8,2.8,5,1,438,61,0,0.5417712106703273,0.25945874838972816,success
1253,2000,8,3,2.0,4.700000000000003,0.1,0.8,2.9999999999999996,5,1,453,46,0,0.44424565597532784,0.20217723749566666,success
1254,2000,8,3,2.0,4.700000000000003,0.1,0.8,3.1999999999999993,5,0,456,44,0,0.4168940594103904,0.17717925705942011,success
1256,2000,8,3,2.0,4.700000000000003,0.1,0.8,3.5999999999999996,5,0,454,46,0,0.3972573284179271,0.16364517061866762,success
1255,2000,8,3,2.0,4.700000000000003,0.1,0.8,3.3999999999999995,5,0,453,47,0,0.3891517288623237,0.17223203100977386,success
1257,2000,8,3,2.0,4.700000000000003,0.1,0.8,3.7999999999999994,5,0,455,45,0,0.38416565158755234,0.15872130174225893,success
1264,2000,8,3,2.0,4.700000000000003,0.1,0.8,5.199999999999999,5,0,455,45,0,0.35081144400104863,0.13020781944706608,success
1259,2000,8,3,2.0,4.700000000000003,0.1,0.8,4.199999999999999,5,0,455,45,0,0.36088820491217066,0.1361427380193101,success
1260,2000,8,3,2.0,4.700000000000003,0.1,0.8,4.3999999999999995,5,0,455,45,0,0.3592169837076535,0.13151699131876823,success
1261,2000,8,3,2.0,4.700000000000003,0.1,0.8,4.6,5,0,455,45,0,0.3587958124848177,0.1369147305824782,success
1262,2000,8,3,2.0,4.700000000000003,0.1,0.8,4.799999999999999,5,0,455,45,0,0.35702097510985564,0.13412943018924084,success
1263,2000,8,3,2.0,4.700000000000003,0.1,0.8,4.999999999999999,5,0,455,45,0,0.351217102383825,0.1300196124907864,success
1266,2000,8,3,2.0,4.700000000000003,0.1,0.8,5.599999999999999,5,0,455,45,0,0.3475159503100207,0.1258986839398464,success
1265,2000,8,3,2.0,4.700000000000003,0.1,0.8,5.399999999999999,5,0,455,45,0,0.3483422950452756,0.12684240976106062,success
1267,2000,8,3,2.0,4.700000000000003,0.1,0.8,5.799999999999999,5,0,455,45,0,0.34933987699221764,0.12858076924348416,success
1268,2000,8,3,2.0,4.700000000000003,0.1,0.8,5.999999999999999,5,0,455,45,0,0.34838656802170787,0.12635450373438514,success
1269,2000,8,3,2.0,4.700000000000003,0.1,0.8,6.199999999999999,5,0,455,45,0,0.3481331176630563,0.12666785143693,success
1270,2000,8,3,2.0,4.700000000000003,0.1,0.8,6.399999999999999,5,0,455,45,0,0.3479307442531566,0.12586365204271258,success
1271,2000,8,3,2.0,4.700000000000003,0.1,0.8,6.599999999999999,5,0,455,45,0,0.34840882567837494,0.12693463441623218,success
1272,2000,8,3,2.0,4.700000000000003,0.1,0.8,6.799999999999999,5,0,455,45,0,0.3493150932471458,0.12938858684437338,success
1273,2000,8,3,2.0,4.700000000000003,0.1,0.8,6.999999999999998,5,0,455,45,0,0.3496881124767961,0.12970004755124537,success
1274,2000,8,3,2.0,4.700000000000003,0.1,0.8,7.199999999999998,5,0,455,45,0,0.3489044797376391,0.12797380628269356,success
1275,2000,8,3,2.0,4.700000000000003,0.1,0.8,7.399999999999999,5,0,455,45,0,0.3489334486711322,0.12793661879595006,success
1276,2000,8,3,2.0,4.700000000000003,0.1,0.8,7.599999999999999,5,0,455,45,0,0.34952807967184507,0.12924498976063378,success
1277,2000,8,3,2.0,4.700000000000003,0.1,0.8,7.799999999999999,5,0,455,45,0,0.3496540744043496,0.1291904125332521,success
1278,2000,8,3,2.0,4.700000000000003,0.1,0.8,7.999999999999998,5,0,455,45,0,0.35015887762166636,0.13020717360070017,success
1279,2000,8,3,2.0,4.700000000000003,0.1,0.8,8.2,5,0,455,45,0,0.3495576023076519,0.12895943261188056,success
1280,2000,8,3,2.0,4.700000000000003,0.1,0.8,8.399999999999999,5,0,455,45,0,0.34982725924826885,0.1297851700315132,success
1281,2000,8,3,2.0,4.700000000000003,0.1,0.8,8.599999999999998,5,0,455,45,0,0.34959546515563666,0.12925736606965302,success
1282,2000,8,3,2.0,4.700000000000003,0.1,0.8,8.799999999999997,5,0,455,45,0,0.3495414771419056,0.12900299420519235,success
1284,2000,8,3,2.0,4.700000000000003,0.1,0.8,9.199999999999998,5,0,455,45,0,0.3497815180703624,0.12933619597128368,success
1291,2000,8,3,2.0,4.8000000000000025,0.1,0.8,1.4,5,102,314,84,0,0.866595443740823,0.210963917612024,success
1283,2000,8,3,2.0,4.700000000000003,0.1,0.8,8.999999999999998,5,0,455,45,0,0.3498760848704666,0.12951968718750986,success
1289,2000,8,3,2.0,4.8000000000000025,0.1,0.8,1.0,5,233,267,0,0,,,success
1290,2000,8,3,2.0,4.8000000000000025,0.1,0.8,1.2,5,151,293,56,0,0.9270830368303363,0.18468039733700195,success
1285,2000,8,3,2.0,4.700000000000003,0.1,0.8,9.399999999999999,5,0,455,45,0,0.35037481735730336,0.13056490987281252,success
1286,2000,8,3,2.0,4.700000000000003,0.1,0.8,9.599999999999998,5,0,455,45,0,0.35038036684644563,0.1306303930777773,success
1288,2000,8,3,2.0,4.700000000000003,0.1,0.8,9.999999999999998,5,0,455,45,0,0.34985735995691025,0.12950170104098366,success
1287,2000,8,3,2.0,4.700000000000003,0.1,0.8,9.799999999999997,5,0,455,45,0,0.3499037557371309,0.12956512159541278,success
1292,2000,8,3,2.0,4.8000000000000025,0.1,0.8,1.5999999999999999,5,79,328,93,0,0.818163537219894,0.23207889554472214,success
1293,2000,8,3,2.0,4.8000000000000025,0.1,0.8,1.7999999999999998,5,54,348,98,0,0.7540617988019136,0.27126504656278877,success
1294,2000,8,3,2.0,4.8000000000000025,0.1,0.8,1.9999999999999998,5,35,373,92,0,0.7889163170956174,0.2496047180410309,success
1297,2000,8,3,2.0,4.8000000000000025,0.1,0.8,2.5999999999999996,5,6,438,56,0,0.6088618431112176,0.26657134139311683,success
1295,2000,8,3,2.0,4.8000000000000025,0.1,0.8,2.1999999999999997,5,16,404,80,0,0.7634054813767368,0.2562058879595564,success
1296,2000,8,3,2.0,4.8000000000000025,0.1,0.8,2.3999999999999995,5,8,414,78,0,0.6889580303103696,0.26794631998972784,success
1299,2000,8,3,2.0,4.8000000000000025,0.1,0.8,2.9999999999999996,5,1,460,39,0,0.461758252501811,0.2096674641592484,success
1300,2000,8,3,2.0,4.8000000000000025,0.1,0.8,3.1999999999999993,5,0,463,37,0,0.4330238532115941,0.1864910975913776,success
1298,2000,8,3,2.0,4.8000000000000025,0.1,0.8,2.8,5,1,447,52,0,0.5520552021692277,0.2664286873220107,success
1301,2000,8,3,2.0,4.8000000000000025,0.1,0.8,3.3999999999999995,5,0,460,40,0,0.39822440256580216,0.18130626580376552,success
1302,2000,8,3,2.0,4.8000000000000025,0.1,0.8,3.5999999999999996,5,0,461,39,0,0.40957694432612995,0.17237984059172407,success
1303,2000,8,3,2.0,4.8000000000000025,0.1,0.8,3.7999999999999994,5,0,462,38,0,0.3968270357316679,0.16760148718206408,success
1304,2000,8,3,2.0,4.8000000000000025,0.1,0.8,3.999999999999999,5,0,462,38,0,0.3761331588238503,0.15057079778238194,success
1305,2000,8,3,2.0,4.8000000000000025,0.1,0.8,4.199999999999999,5,0,462,38,0,0.370654668559072,0.14332954532356815,success
1307,2000,8,3,2.0,4.8000000000000025,0.1,0.8,4.6,5,0,462,38,0,0.3667075196067276,0.14214229444499588,success
1306,2000,8,3,2.0,4.8000000000000025,0.1,0.8,4.3999999999999995,5,0,462,38,0,0.3690602022231357,0.13876132426066776,success
1308,2000,8,3,2.0,4.8000000000000025,0.1,0.8,4.799999999999999,5,0,462,38,0,0.3657353735910222,0.14044549167261905,success
1309,2000,8,3,2.0,4.8000000000000025,0.1,0.8,4.999999999999999,5,0,462,38,0,0.35950882893550384,0.13668347413888993,success
1310,2000,8,3,2.0,4.8000000000000025,0.1,0.8,5.199999999999999,5,0,462,38,0,0.3592553384442391,0.13695538445833688,success
1311,2000,8,3,2.0,4.8000000000000025,0.1,0.8,5.399999999999999,5,0,462,38,0,0.3565537917207859,0.1335631039294882,success
1315,2000,8,3,2.0,4.8000000000000025,0.1,0.8,6.199999999999999,5,0,462,38,0,0.355707346489685,0.13376344111882785,success
1312,2000,8,3,2.0,4.8000000000000025,0.1,0.8,5.599999999999999,5,0,462,38,0,0.3559185141383935,0.13304577075196575,success
1316,2000,8,3,2.0,4.8000000000000025,0.1,0.8,6.399999999999999,5,0,462,38,0,0.3542852391957015,0.13161536613225666,success
1313,2000,8,3,2.0,4.8000000000000025,0.1,0.8,5.799999999999999,5,0,462,38,0,0.3575222011159643,0.13562690498993343,success
1314,2000,8,3,2.0,4.8000000000000025,0.1,0.8,5.999999999999999,5,0,462,38,0,0.35595353259365065,0.13293131158484586,success
1317,2000,8,3,2.0,4.8000000000000025,0.1,0.8,6.599999999999999,5,0,462,38,0,0.35522634232614786,0.133358385564217,success
1318,2000,8,3,2.0,4.8000000000000025,0.1,0.8,6.799999999999999,5,0,462,38,0,0.35647219987567536,0.13572252286895234,success
1319,2000,8,3,2.0,4.8000000000000025,0.1,0.8,6.999999999999998,5,0,462,38,0,0.3565749814931305,0.1352260003350634,success
1320,2000,8,3,2.0,4.8000000000000025,0.1,0.8,7.199999999999998,5,0,462,38,0,0.3569435368377061,0.13563671498416757,success
1327,2000,8,3,2.0,4.8000000000000025,0.1,0.8,8.599999999999998,5,0,462,38,0,0.3567479315050175,0.13549800077584656,success
1321,2000,8,3,2.0,4.8000000000000025,0.1,0.8,7.399999999999999,5,0,462,38,0,0.3559634797556119,0.13418015988773652,success
1323,2000,8,3,2.0,4.8000000000000025,0.1,0.8,7.799999999999999,5,0,462,38,0,0.35679429488433795,0.135621546203384,success
1322,2000,8,3,2.0,4.8000000000000025,0.1,0.8,7.599999999999999,5,0,462,38,0,0.3567962718440282,0.13556910726861496,success
1324,2000,8,3,2.0,4.8000000000000025,0.1,0.8,7.999999999999998,5,0,462,38,0,0.35698271055909375,0.13612547278144999,success
1325,2000,8,3,2.0,4.8000000000000025,0.1,0.8,8.2,5,0,462,38,0,0.3568945437242917,0.13583342339101798,success
1326,2000,8,3,2.0,4.8000000000000025,0.1,0.8,8.399999999999999,5,0,462,38,0,0.3570789321359092,0.1361945058734691,success
1328,2000,8,3,2.0,4.8000000000000025,0.1,0.8,8.799999999999997,5,0,462,38,0,0.356878966091883,0.13555500331218676,success
1329,2000,8,3,2.0,4.8000000000000025,0.1,0.8,8.999999999999998,5,0,462,38,0,0.3577607515643774,0.13707595559299973,success
1330,2000,8,3,2.0,4.8000000000000025,0.1,0.8,9.199999999999998,5,0,462,38,0,0.3574037990417228,0.13637400993899884,success
1331,2000,8,3,2.0,4.8000000000000025,0.1,0.8,9.399999999999999,5,0,462,38,0,0.3577161617633395,0.13690755717012268,success
1335,2000,8,3,2.0,4.900000000000002,0.1,0.8,1.0,5,230,270,0,0,,,success
1333,2000,8,3,2.0,4.8000000000000025,0.1,0.8,9.799999999999997,5,0,462,38,0,0.3571278650866532,0.1358940408250281,success
1336,2000,8,3,2.0,4.900000000000002,0.1,0.8,1.2,5,149,295,56,0,0.9270830368303363,0.18468039733700195,success
1337,2000,8,3,2.0,4.900000000000002,0.1,0.8,1.4,5,101,317,82,0,0.874097625803663,0.2076671759526721,success
1338,2000,8,3,2.0,4.900000000000002,0.1,0.8,1.5999999999999999,5,78,331,91,0,0.832250391575825,0.22391885526493893,success
1339,2000,8,3,2.0,4.900000000000002,0.1,0.8,1.7999999999999998,5,53,351,96,0,0.7657302484237517,0.2620036091203528,success
1334,2000,8,3,2.0,4.8000000000000025,0.1,0.8,9.999999999999998,5,0,462,38,0,0.3573931566759343,0.13645035188642887,success
1340,2000,8,3,2.0,4.900000000000002,0.1,0.8,1.9999999999999998,5,33,375,92,0,0.7965522017731675,0.24312843989591934,success
1332,2000,8,3,2.0,4.8000000000000025,0.1,0.8,9.599999999999998,5,0,462,38,0,0.3576012496849466,0.13666051240899973,success
1341,2000,8,3,2.0,4.900000000000002,0.1,0.8,2.1999999999999997,5,14,407,79,0,0.7762941869792398,0.25103522485452967,success
1342,2000,8,3,2.0,4.900000000000002,0.1,0.8,2.3999999999999995,5,6,416,78,0,0.7104134928831632,0.262342355831951,success
1343,2000,8,3,2.0,4.900000000000002,0.1,0.8,2.5999999999999996,5,5,445,50,0,0.6129962214013109,0.2631441613131062,success
1344,2000,8,3,2.0,4.900000000000002,0.1,0.8,2.8,5,1,451,48,0,0.5711467418986291,0.26183156206232827,success
1346,2000,8,3,2.0,4.900000000000002,0.1,0.8,3.1999999999999993,5,0,467,33,0,0.4298394552470509,0.18272275103123406,success
1353,2000,8,3,2.0,4.900000000000002,0.1,0.8,4.6,5,0,466,34,0,0.3686553841015605,0.14716408277266063,success
1345,2000,8,3,2.0,4.900000000000002,0.1,0.8,2.9999999999999996,5,1,463,36,0,0.4619351194209037,0.2070497183255135,success
1347,2000,8,3,2.0,4.900000000000002,0.1,0.8,3.3999999999999995,5,0,464,36,0,0.397976158668962,0.18397041759674207,success
1348,2000,8,3,2.0,4.900000000000002,0.1,0.8,3.5999999999999996,5,0,465,35,0,0.40779861375068843,0.17028791884464559,success
1349,2000,8,3,2.0,4.900000000000002,0.1,0.8,3.7999999999999994,5,0,466,34,0,0.3962088695310826,0.1703200285407457,success
1350,2000,8,3,2.0,4.900000000000002,0.1,0.8,3.999999999999999,5,0,466,34,0,0.3765668872095126,0.15480639819230596,success
1352,2000,8,3,2.0,4.900000000000002,0.1,0.8,4.3999999999999995,5,0,466,34,0,0.36795723310324907,0.14106788792349706,success
1351,2000,8,3,2.0,4.900000000000002,0.1,0.8,4.199999999999999,5,0,466,34,0,0.3700725937689882,0.14631875659427945,success
1362,2000,8,3,2.0,4.900000000000002,0.1,0.8,6.399999999999999,5,0,466,34,0,0.35152817545873005,0.132084468793585,success
1354,2000,8,3,2.0,4.900000000000002,0.1,0.8,4.799999999999999,5,0,466,34,0,0.36567403708319374,0.1437678435713597,success
1355,2000,8,3,2.0,4.900000000000002,0.1,0.8,4.999999999999999,5,0,466,34,0,0.35889829913636234,0.14037865296979932,success
1356,2000,8,3,2.0,4.900000000000002,0.1,0.8,5.199999999999999,5,0,466,34,0,0.35848746201470866,0.14052712274026627,success
1357,2000,8,3,2.0,4.900000000000002,0.1,0.8,5.399999999999999,5,0,466,34,0,0.35474901440047957,0.13581115570600527,success
1358,2000,8,3,2.0,4.900000000000002,0.1,0.8,5.599999999999999,5,0,466,34,0,0.35393369390139445,0.1347214045431505,success
1363,2000,8,3,2.0,4.900000000000002,0.1,0.8,6.599999999999999,5,0,466,34,0,0.35292324752618875,0.13436150533882865,success
1364,2000,8,3,2.0,4.900000000000002,0.1,0.8,6.799999999999999,5,0,466,34,0,0.3532147503327692,0.13492388053794702,success
1359,2000,8,3,2.0,4.900000000000002,0.1,0.8,5.799999999999999,5,0,466,34,0,0.35465047032572067,0.1359436906177923,success
1360,2000,8,3,2.0,4.900000000000002,0.1,0.8,5.999999999999999,5,0,466,34,0,0.3534830489236784,0.13353860006457305,success
1365,2000,8,3,2.0,4.900000000000002,0.1,0.8,6.999999999999998,5,0,466,34,0,0.3532446305155452,0.13466135544799915,success
1367,2000,8,3,2.0,4.900000000000002,0.1,0.8,7.399999999999999,5,0,466,34,0,0.35277782725041673,0.13401842581691412,success
1366,2000,8,3,2.0,4.900000000000002,0.1,0.8,7.199999999999998,5,0,466,34,0,0.35322151383215433,0.13452579219603017,success
1361,2000,8,3,2.0,4.900000000000002,0.1,0.8,6.199999999999999,5,0,466,34,0,0.35317160617886517,0.13451128992085662,success
1368,2000,8,3,2.0,4.900000000000002,0.1,0.8,7.599999999999999,5,0,466,34,0,0.35325236029008317,0.13474698901443416,success
1369,2000,8,3,2.0,4.900000000000002,0.1,0.8,7.799999999999999,5,0,466,34,0,0.3536749282613171,0.13554852188307648,success
1370,2000,8,3,2.0,4.900000000000002,0.1,0.8,7.999999999999998,5,0,466,34,0,0.3537746032666004,0.13591915016070732,success
1371,2000,8,3,2.0,4.900000000000002,0.1,0.8,8.2,5,0,466,34,0,0.35348452215560044,0.13531830503685563,success
1373,2000,8,3,2.0,4.900000000000002,0.1,0.8,8.599999999999998,5,0,466,34,0,0.35343053334323854,0.13505394613655725,success
1372,2000,8,3,2.0,4.900000000000002,0.1,0.8,8.399999999999999,5,0,466,34,0,0.35358277383926434,0.13543264359112053,success
1374,2000,8,3,2.0,4.900000000000002,0.1,0.8,8.799999999999997,5,0,466,34,0,0.353473133082538,0.1351210285985433,success
1375,2000,8,3,2.0,4.900000000000002,0.1,0.8,8.999999999999998,5,0,466,34,0,0.35365536225712685,0.13544058132648457,success
1376,2000,8,3,2.0,4.900000000000002,0.1,0.8,9.199999999999998,5,0,466,34,0,0.35351358772456215,0.13521622849643375,success
1377,2000,8,3,2.0,4.900000000000002,0.1,0.8,9.399999999999999,5,0,466,34,0,0.3533416698634566,0.13493428791941478,success
1378,2000,8,3,2.0,4.900000000000002,0.1,0.8,9.599999999999998,5,0,466,34,0,0.3535557190200829,0.13523214343362158,success
1381,2000,8,3,2.0,5.000000000000003,0.1,0.8,1.0,6,196,304,0,0,,,success
1386,2000,8,3,2.0,5.000000000000003,0.1,0.8,1.9999999999999998,6,22,400,78,0,0.8043075487300804,0.20999414501483726,success
1382,2000,8,3,2.0,5.000000000000003,0.1,0.8,1.2,6,124,307,69,0,0.9566287643420572,0.13217369108176985,success
1383,2000,8,3,2.0,5.000000000000003,0.1,0.8,1.4,6,85,336,79,0,0.9059707325660855,0.17800187756611593,success
1379,2000,8,3,2.0,4.900000000000002,0.1,0.8,9.799999999999997,5,0,466,34,0,0.35377749992733737,0.13560177641004045,success
1380,2000,8,3,2.0,4.900000000000002,0.1,0.8,9.999999999999998,5,0,466,34,0,0.35374622413084245,0.13563935479479225,success
1384,2000,8,3,2.0,5.000000000000003,0.1,0.8,1.5999999999999999,6,56,354,90,0,0.8493609919332651,0.21437068467832623,success
1385,2000,8,3,2.0,5.000000000000003,0.1,0.8,1.7999999999999998,6,40,377,83,0,0.8211877571759945,0.2122104282640557,success
1387,2000,8,3,2.0,5.000000000000003,0.1,0.8,2.1999999999999997,6,18,423,59,0,0.7807361353502356,0.2554441017200854,success
1388,2000,8,3,2.0,5.000000000000003,0.1,0.8,2.3999999999999995,6,10,433,57,0,0.734473499404688,0.2644155024945506,success
1398,2000,8,3,2.0,5.000000000000003,0.1,0.8,4.3999999999999995,6,0,475,25,0,0.39558129926068214,0.16997928033434764,success
1401,2000,8,3,2.0,5.000000000000003,0.1,0.8,4.999999999999999,6,0,475,25,0,0.3881774252190091,0.16323923296894974,success
1400,2000,8,3,2.0,5.000000000000003,0.1,0.8,4.799999999999999,6,0,475,25,0,0.38873233240602806,0.1616092042951355,success
1397,2000,8,3,2.0,5.000000000000003,0.1,0.8,4.199999999999999,6,0,475,25,0,0.4110683685278961,0.18003084042432116,success
1396,2000,8,3,2.0,5.000000000000003,0.1,0.8,3.999999999999999,6,0,475,25,0,0.41233965598032496,0.17681908446882144,success
1393,2000,8,3,2.0,5.000000000000003,0.1,0.8,3.3999999999999995,6,0,475,25,0,0.4367630387504694,0.1520585094535084,success
1389,2000,8,3,2.0,5.000000000000003,0.1,0.8,2.5999999999999996,6,6,454,40,0,0.633833894259967,0.2707351861948606,success
1392,2000,8,3,2.0,5.000000000000003,0.1,0.8,3.1999999999999993,6,0,472,28,0,0.46044380187014244,0.21554297360205948,success
1402,2000,8,3,2.0,5.000000000000003,0.1,0.8,5.199999999999999,6,0,476,24,0,0.4034975722334913,0.14482842886115518,success
1403,2000,8,3,2.0,5.000000000000003,0.1,0.8,5.399999999999999,6,0,476,24,0,0.40536106844398523,0.14819276844141582,success
1390,2000,8,3,2.0,5.000000000000003,0.1,0.8,2.8,6,0,466,34,0,0.5357295305206446,0.237048254443084,success
1404,2000,8,3,2.0,5.000000000000003,0.1,0.8,5.599999999999999,6,0,475,25,0,0.3899558709789958,0.16549370293486293,success
1399,2000,8,3,2.0,5.000000000000003,0.1,0.8,4.6,6,0,475,25,0,0.4134286156198169,0.15019901986838965,success
1394,2000,8,3,2.0,5.000000000000003,0.1,0.8,3.5999999999999996,6,0,475,25,0,0.4509256405414893,0.17463257937359955,success
1395,2000,8,3,2.0,5.000000000000003,0.1,0.8,3.7999999999999994,6,0,475,25,0,0.41835214415249433,0.16024943529907243,success
1391,2000,8,3,2.0,5.000000000000003,0.1,0.8,2.9999999999999996,6,1,471,28,0,0.5077683712638692,0.21044899156436195,success
1406,2000,8,3,2.0,5.000000000000003,0.1,0.8,5.999999999999999,6,0,476,24,0,0.3997626929921716,0.14239126874281344,success
1405,2000,8,3,2.0,5.000000000000003,0.1,0.8,5.799999999999999,6,0,476,24,0,0.40601199247341463,0.1484816502001567,success
1407,2000,8,3,2.0,5.000000000000003,0.1,0.8,6.199999999999999,6,0,476,24,0,0.39831593995288567,0.1409273442517287,success
1408,2000,8,3,2.0,5.000000000000003,0.1,0.8,6.399999999999999,6,0,476,24,0,0.3960106200012663,0.13826110802910177,success
1409,2000,8,3,2.0,5.000000000000003,0.1,0.8,6.599999999999999,6,0,476,24,0,0.3969429116675071,0.1389882023936095,success
1410,2000,8,3,2.0,5.000000000000003,0.1,0.8,6.799999999999999,6,0,476,24,0,0.3988317288114496,0.14037587353337588,success
1412,2000,8,3,2.0,5.000000000000003,0.1,0.8,7.199999999999998,6,0,476,24,0,0.3986428243020281,0.14157018821620715,success
1411,2000,8,3,2.0,5.000000000000003,0.1,0.8,6.999999999999998,6,0,476,24,0,0.3983694346419027,0.14012076735006518,success
1413,2000,8,3,2.0,5.000000000000003,0.1,0.8,7.399999999999999,6,0,476,24,0,0.3979174568222792,0.13986240703313363,success
1414,2000,8,3,2.0,5.000000000000003,0.1,0.8,7.599999999999999,6,0,476,24,0,0.39773645284542525,0.13951188718047328,success
1416,2000,8,3,2.0,5.000000000000003,0.1,0.8,7.999999999999998,6,0,476,24,0,0.398087452937089,0.14012089818624962,success
1415,2000,8,3,2.0,5.000000000000003,0.1,0.8,7.799999999999999,6,0,476,24,0,0.3984539305218863,0.140246208215799,success
1417,2000,8,3,2.0,5.000000000000003,0.1,0.8,8.2,6,0,476,24,0,0.3979464747392682,0.14006209516330267,success
1418,2000,8,3,2.0,5.000000000000003,0.1,0.8,8.399999999999999,6,0,476,24,0,0.39798812651390736,0.14025122133557275,success
1419,2000,8,3,2.0,5.000000000000003,0.1,0.8,8.599999999999998,6,0,476,24,0,0.3979965397892684,0.14026871325756227,success
1423,2000,8,3,2.0,5.000000000000003,0.1,0.8,9.399999999999999,6,0,476,24,0,0.39886549901618434,0.14110939241599882,success
1422,2000,8,3,2.0,5.000000000000003,0.1,0.8,9.199999999999998,6,0,476,24,0,0.39858007509002663,0.14048085663949467,success
1421,2000,8,3,2.0,5.000000000000003,0.1,0.8,8.999999999999998,6,0,476,24,0,0.3985955842274341,0.14064017579366284,success
1424,2000,8,3,2.0,5.000000000000003,0.1,0.8,9.599999999999998,6,0,476,24,0,0.3989547956862601,0.14126632541309322,success
1426,2000,8,3,2.0,5.000000000000003,0.1,0.8,9.999999999999998,6,0,476,24,0,0.39843007121126933,0.14055804028554467,success
1420,2000,8,3,2.0,5.000000000000003,0.1,0.8,8.799999999999997,6,0,476,24,0,0.398116614089659,0.14049963665741236,success
1425,2000,8,3,2.0,5.000000000000003,0.1,0.8,9.799999999999997,6,0,476,24,0,0.39854760484578194,0.14073621036567935,success
