combination_id,n,k,p,q,thrshld,p1,p2,beta,seeds,case_A_count,case_B_count,case_C_count,case_Invalid_count,delta_star_mean,delta_star_std,status
1,2000,8,4,0.0,2.0,0.1,1.0,1.0,2,500,0,0,0,,,success
2,2000,8,4,0.0,2.0,0.1,1.0,1.2,2,493,0,7,0,0.9071492187476721,0.16195294219288736,success
3,2000,8,4,0.0,2.0,0.1,1.0,1.4,2,483,1,16,0,0.7599270395142046,0.2222612016197338,success
4,2000,8,4,0.0,2.0,0.1,1.0,1.5999999999999999,2,485,1,14,0,0.7954734641865444,0.18650788092248946,success
5,2000,8,4,0.0,2.0,0.1,1.0,1.7999999999999998,2,493,0,7,0,0.728746046464317,0.24674389656692278,success
6,2000,8,4,0.0,2.0,0.1,1.0,1.9999999999999998,2,498,0,2,0,0.4043354763409407,0.18863079503812685,success
7,2000,8,4,0.0,2.0,0.1,1.0,2.1999999999999997,2,493,0,7,0,0.5368036365817216,0.20445874307086728,success
23,2000,8,4,0.0,2.0,0.1,1.0,5.399999999999999,2,0,1,499,0,0.5518673284816433,0.07468308847845985,success
22,2000,8,4,0.0,2.0,0.1,1.0,5.199999999999999,2,0,1,499,0,0.5537283111341659,0.07525453044664343,success
26,2000,8,4,0.0,2.0,0.1,1.0,5.999999999999999,2,0,1,499,0,0.5457749553512959,0.07221101005970253,success
25,2000,8,4,0.0,2.0,0.1,1.0,5.799999999999999,2,0,1,499,0,0.5477468536899942,0.07286624299718185,success
27,2000,8,4,0.0,2.0,0.1,1.0,6.199999999999999,2,0,1,499,0,0.5451334734828247,0.07190866248608092,success
28,2000,8,4,0.0,2.0,0.1,1.0,6.399999999999999,2,0,1,499,0,0.5441952603696709,0.07130911392845526,success
29,2000,8,4,0.0,2.0,0.1,1.0,6.599999999999999,2,0,1,499,0,0.5434861316144197,0.07120714862310451,success
30,2000,8,4,0.0,2.0,0.1,1.0,6.799999999999999,2,0,1,499,0,0.5428247390580413,0.0708711846300514,success
24,2000,8,4,0.0,2.0,0.1,1.0,5.599999999999999,2,0,1,499,0,0.5498280644888367,0.07393062895897012,success
8,2000,8,4,0.0,2.0,0.1,1.0,2.3999999999999995,2,442,0,58,0,0.7518460927780499,0.14203690704629165,success
12,2000,8,4,0.0,2.0,0.1,1.0,3.1999999999999993,2,33,1,466,0,0.6545488896811428,0.09875993426299141,success
13,2000,8,4,0.0,2.0,0.1,1.0,3.3999999999999995,2,19,1,480,0,0.6349626038241732,0.09434281688660975,success
11,2000,8,4,0.0,2.0,0.1,1.0,2.9999999999999996,2,62,1,437,0,0.6744334906467775,0.10044037331202497,success
9,2000,8,4,0.0,2.0,0.1,1.0,2.5999999999999996,2,255,0,245,0,0.7741703922546186,0.10554962033854057,success
19,2000,8,4,0.0,2.0,0.1,1.0,4.6,2,0,1,499,0,0.5667355719768721,0.07991742311028122,success
32,2000,8,4,0.0,2.0,0.1,1.0,7.199999999999998,2,0,1,499,0,0.5417732535542161,0.07037230412122386,success
17,2000,8,4,0.0,2.0,0.1,1.0,4.199999999999999,2,1,1,498,0,0.5787842993406853,0.08332720398840333,success
20,2000,8,4,0.0,2.0,0.1,1.0,4.799999999999999,2,0,1,499,0,0.5612117368361534,0.07766135338692418,success
31,2000,8,4,0.0,2.0,0.1,1.0,6.999999999999998,2,0,1,499,0,0.5420749454219512,0.0705008294498772,success
16,2000,8,4,0.0,2.0,0.1,1.0,3.999999999999999,2,2,1,497,0,0.5850400336358483,0.08447082434258281,success
18,2000,8,4,0.0,2.0,0.1,1.0,4.3999999999999995,2,1,1,498,0,0.5725791187268765,0.0814436990990396,success
10,2000,8,4,0.0,2.0,0.1,1.0,2.8,2,125,1,374,0,0.7267160717915955,0.10368016957347342,success
14,2000,8,4,0.0,2.0,0.1,1.0,3.5999999999999996,2,12,1,487,0,0.6157704640537898,0.09201355076433934,success
15,2000,8,4,0.0,2.0,0.1,1.0,3.7999999999999994,2,7,1,492,0,0.5997830076059455,0.0870603780302957,success
21,2000,8,4,0.0,2.0,0.1,1.0,4.999999999999999,2,0,1,499,0,0.5558117915291021,0.07589516392391395,success
33,2000,8,4,0.0,2.0,0.1,1.0,7.399999999999999,2,0,1,499,0,0.5414411615617256,0.07015668185471392,success
34,2000,8,4,0.0,2.0,0.1,1.0,7.599999999999999,2,0,1,499,0,0.5411600805405621,0.0699995982971759,success
35,2000,8,4,0.0,2.0,0.1,1.0,7.799999999999999,2,0,1,499,0,0.5407627618089222,0.06978251605617315,success
47,2000,8,4,0.0,2.1,0.1,1.0,1.0,3,500,0,0,0,,,success
48,2000,8,4,0.0,2.1,0.1,1.0,1.2,3,489,0,11,0,0.8686497688676353,0.18497944200950553,success
36,2000,8,4,0.0,2.0,0.1,1.0,7.999999999999998,2,0,1,499,0,0.5405209989947259,0.06970329689630064,success
50,2000,8,4,0.0,2.1,0.1,1.0,1.5999999999999999,3,476,0,24,0,0.8130765205274236,0.1948709669388481,success
37,2000,8,4,0.0,2.0,0.1,1.0,8.2,2,0,1,499,0,0.5404565037835478,0.06969500500659687,success
49,2000,8,4,0.0,2.1,0.1,1.0,1.4,3,473,0,27,0,0.8520415065404932,0.15593544430689416,success
51,2000,8,4,0.0,2.1,0.1,1.0,1.7999999999999998,3,478,1,21,0,0.7892857433855192,0.21768480784767927,success
52,2000,8,4,0.0,2.1,0.1,1.0,1.9999999999999998,3,496,0,4,0,0.6004961136438405,0.16140262515298504,success
53,2000,8,4,0.0,2.1,0.1,1.0,2.1999999999999997,3,482,0,18,0,0.6113405773695664,0.14742037715112313,success
38,2000,8,4,0.0,2.0,0.1,1.0,8.399999999999999,2,0,1,499,0,0.5403013373169937,0.06956092039632385,success
40,2000,8,4,0.0,2.0,0.1,1.0,8.799999999999997,2,0,1,499,0,0.5400201339997953,0.06934055052484252,success
39,2000,8,4,0.0,2.0,0.1,1.0,8.599999999999998,2,0,1,499,0,0.5401414145708584,0.06945037863808799,success
43,2000,8,4,0.0,2.0,0.1,1.0,9.399999999999999,2,0,1,499,0,0.539820187803629,0.06917623752148061,success
41,2000,8,4,0.0,2.0,0.1,1.0,8.999999999999998,2,0,1,499,0,0.5398973234873137,0.06923418193440664,success
42,2000,8,4,0.0,2.0,0.1,1.0,9.199999999999998,2,0,1,499,0,0.5398545137232335,0.06920271361487226,success
44,2000,8,4,0.0,2.0,0.1,1.0,9.599999999999998,2,0,1,499,0,0.539804755943617,0.06916810772888897,success
46,2000,8,4,0.0,2.0,0.1,1.0,9.999999999999998,2,0,1,499,0,0.5397092033631016,0.06905951313441941,success
45,2000,8,4,0.0,2.0,0.1,1.0,9.799999999999997,2,0,1,499,0,0.5397573930046935,0.06910328292881512,success
62,2000,8,4,0.0,2.1,0.1,1.0,3.999999999999999,3,0,1,499,0,0.536840950734545,0.08528333303828607,success
61,2000,8,4,0.0,2.1,0.1,1.0,3.7999999999999994,3,0,1,499,0,0.5513384273598994,0.09050952044295547,success
60,2000,8,4,0.0,2.1,0.1,1.0,3.5999999999999996,3,3,1,496,0,0.5657809126333331,0.09417243276416588,success
59,2000,8,4,0.0,2.1,0.1,1.0,3.3999999999999995,3,6,1,493,0,0.5843884302942098,0.09751794243893022,success
63,2000,8,4,0.0,2.1,0.1,1.0,4.199999999999999,3,0,1,499,0,0.5307996407003457,0.08259825133987665,success
64,2000,8,4,0.0,2.1,0.1,1.0,4.3999999999999995,3,0,1,499,0,0.5247122369032315,0.08101526022654792,success
57,2000,8,4,0.0,2.1,0.1,1.0,2.9999999999999996,3,17,1,482,0,0.6343326779424004,0.11247592944428758,success
58,2000,8,4,0.0,2.1,0.1,1.0,3.1999999999999993,3,8,1,491,0,0.6087023095672219,0.10478718541314458,success
56,2000,8,4,0.0,2.1,0.1,1.0,2.8,3,62,1,437,0,0.6880635695839082,0.11977110718540397,success
54,2000,8,4,0.0,2.1,0.1,1.0,2.3999999999999995,3,412,1,87,0,0.7158396529952702,0.15271848434195678,success
55,2000,8,4,0.0,2.1,0.1,1.0,2.5999999999999996,3,190,1,309,0,0.7384581069825044,0.13092760760003802,success
66,2000,8,4,0.0,2.1,0.1,1.0,4.799999999999999,3,0,1,499,0,0.5150454541914964,0.07795077652493551,success
67,2000,8,4,0.0,2.1,0.1,1.0,4.999999999999999,3,0,1,499,0,0.5109173065729894,0.07633935312194992,success
65,2000,8,4,0.0,2.1,0.1,1.0,4.6,3,0,1,499,0,0.5200421141916242,0.07975333236735417,success
69,2000,8,4,0.0,2.1,0.1,1.0,5.399999999999999,3,0,1,499,0,0.5074084764799325,0.07501820697816618,success
71,2000,8,4,0.0,2.1,0.1,1.0,5.799999999999999,3,0,1,499,0,0.5040246566072942,0.07376096414654916,success
70,2000,8,4,0.0,2.1,0.1,1.0,5.599999999999999,3,0,1,499,0,0.5058156167773102,0.07439047879927144,success
73,2000,8,4,0.0,2.1,0.1,1.0,6.199999999999999,3,0,1,499,0,0.5015519739160764,0.07273250954048878,success
72,2000,8,4,0.0,2.1,0.1,1.0,5.999999999999999,3,0,1,499,0,0.5021272501932152,0.07300116025079972,success
68,2000,8,4,0.0,2.1,0.1,1.0,5.199999999999999,3,0,1,499,0,0.5092102895628132,0.07569607749326723,success
74,2000,8,4,0.0,2.1,0.1,1.0,6.399999999999999,3,0,1,499,0,0.5009275898668399,0.07241962728210756,success
93,2000,8,4,0.0,2.2,0.1,1.0,1.0,3,500,0,0,0,,,success
94,2000,8,4,0.0,2.2,0.1,1.0,1.2,3,484,0,16,0,0.84381675568614,0.22662218830872363,success
95,2000,8,4,0.0,2.2,0.1,1.0,1.4,3,466,0,34,0,0.830446679876335,0.2022450579910749,success
96,2000,8,4,0.0,2.2,0.1,1.0,1.5999999999999999,3,471,0,29,0,0.7716160476693248,0.2111344070422443,success
75,2000,8,4,0.0,2.1,0.1,1.0,6.599999999999999,3,0,1,499,0,0.5002738856868195,0.07206071560631774,success
76,2000,8,4,0.0,2.1,0.1,1.0,6.799999999999999,3,0,1,499,0,0.49981181279202297,0.07182831551710356,success
77,2000,8,4,0.0,2.1,0.1,1.0,6.999999999999998,3,0,1,499,0,0.499188757795406,0.07150517841679167,success
78,2000,8,4,0.0,2.1,0.1,1.0,7.199999999999998,3,0,1,499,0,0.4990299844140358,0.07136554067162144,success
79,2000,8,4,0.0,2.1,0.1,1.0,7.399999999999999,3,0,1,499,0,0.4988333778696881,0.07132158086784147,success
81,2000,8,4,0.0,2.1,0.1,1.0,7.799999999999999,3,0,1,499,0,0.4983125280123653,0.07097642886822235,success
80,2000,8,4,0.0,2.1,0.1,1.0,7.599999999999999,3,0,1,499,0,0.49856209497554715,0.07110281425984277,success
82,2000,8,4,0.0,2.1,0.1,1.0,7.999999999999998,3,0,1,499,0,0.49809883623473666,0.0708702738098804,success
85,2000,8,4,0.0,2.1,0.1,1.0,8.599999999999998,3,0,1,499,0,0.49783385711282474,0.07062912523884687,success
83,2000,8,4,0.0,2.1,0.1,1.0,8.2,3,0,1,499,0,0.4980256033277651,0.07079244577750857,success
84,2000,8,4,0.0,2.1,0.1,1.0,8.399999999999999,3,0,1,499,0,0.4979110202275866,0.07069573816901792,success
86,2000,8,4,0.0,2.1,0.1,1.0,8.799999999999997,3,0,1,499,0,0.49777124679157686,0.07056872051146572,success
88,2000,8,4,0.0,2.1,0.1,1.0,9.199999999999998,3,0,1,499,0,0.49765449422267966,0.07046619333428106,success
87,2000,8,4,0.0,2.1,0.1,1.0,8.999999999999998,3,0,1,499,0,0.4976878142758202,0.07050881663067564,success
89,2000,8,4,0.0,2.1,0.1,1.0,9.399999999999999,3,0,1,499,0,0.49763565665822257,0.07043919027727717,success
91,2000,8,4,0.0,2.1,0.1,1.0,9.799999999999997,3,0,1,499,0,0.49759630179204695,0.07039862017592494,success
90,2000,8,4,0.0,2.1,0.1,1.0,9.599999999999998,3,0,1,499,0,0.4976142895829238,0.07042012344314545,success
92,2000,8,4,0.0,2.1,0.1,1.0,9.999999999999998,3,0,1,499,0,0.4975789865110702,0.07038867147706622,success
97,2000,8,4,0.0,2.2,0.1,1.0,1.7999999999999998,3,468,1,31,0,0.758033432545991,0.2053852321264939,success
98,2000,8,4,0.0,2.2,0.1,1.0,1.9999999999999998,3,492,1,7,0,0.6209664664005045,0.23579306068447625,success
99,2000,8,4,0.0,2.2,0.1,1.0,2.1999999999999997,3,477,0,23,0,0.6088743535755673,0.16940279931531763,success
100,2000,8,4,0.0,2.2,0.1,1.0,2.3999999999999995,3,408,1,91,0,0.7162709036234038,0.17072132549453506,success
106,2000,8,4,0.0,2.2,0.1,1.0,3.5999999999999996,3,3,1,496,0,0.5666515937782924,0.09725135465595444,success
104,2000,8,4,0.0,2.2,0.1,1.0,3.1999999999999993,3,8,1,491,0,0.610419297020974,0.10828653791927514,success
103,2000,8,4,0.0,2.2,0.1,1.0,2.9999999999999996,3,20,1,479,0,0.6356924349105617,0.11556784312766412,success
105,2000,8,4,0.0,2.2,0.1,1.0,3.3999999999999995,3,6,1,493,0,0.5856488488630911,0.10071572263076475,success
107,2000,8,4,0.0,2.2,0.1,1.0,3.7999999999999994,3,0,1,499,0,0.5519247912083911,0.09327431143905662,success
101,2000,8,4,0.0,2.2,0.1,1.0,2.5999999999999996,3,191,1,308,0,0.7423100387215901,0.1389316848685037,success
108,2000,8,4,0.0,2.2,0.1,1.0,3.999999999999999,3,0,1,499,0,0.5375282328798016,0.08818775474900327,success
102,2000,8,4,0.0,2.2,0.1,1.0,2.8,3,64,1,435,0,0.6909242717319776,0.12385840591313178,success
109,2000,8,4,0.0,2.2,0.1,1.0,4.199999999999999,3,0,1,499,0,0.5311997656527261,0.08502546978824986,success
110,2000,8,4,0.0,2.2,0.1,1.0,4.3999999999999995,3,0,1,499,0,0.5250942884626092,0.08370995661713439,success
111,2000,8,4,0.0,2.2,0.1,1.0,4.6,3,0,1,499,0,0.520073161505448,0.0822614274211005,success
112,2000,8,4,0.0,2.2,0.1,1.0,4.799999999999999,3,0,1,499,0,0.5151765649549755,0.08076368617888473,success
113,2000,8,4,0.0,2.2,0.1,1.0,4.999999999999999,3,0,1,499,0,0.5109169782970473,0.0790646827156222,success
114,2000,8,4,0.0,2.2,0.1,1.0,5.199999999999999,3,0,1,499,0,0.5090772296346937,0.0781753844100057,success
115,2000,8,4,0.0,2.2,0.1,1.0,5.399999999999999,3,0,1,499,0,0.5070519768226329,0.07745282179017769,success
116,2000,8,4,0.0,2.2,0.1,1.0,5.599999999999999,3,0,1,499,0,0.5053581264290956,0.07686518168442064,success
118,2000,8,4,0.0,2.2,0.1,1.0,5.999999999999999,3,0,1,499,0,0.5018316892063414,0.07543931594350989,success
117,2000,8,4,0.0,2.2,0.1,1.0,5.799999999999999,3,0,1,499,0,0.503619110719769,0.0761257202947825,success
119,2000,8,4,0.0,2.2,0.1,1.0,6.199999999999999,3,0,1,499,0,0.5012508424576666,0.07512073234166144,success
120,2000,8,4,0.0,2.2,0.1,1.0,6.399999999999999,3,0,1,499,0,0.500624361505953,0.07477262847722849,success
121,2000,8,4,0.0,2.2,0.1,1.0,6.599999999999999,3,0,1,499,0,0.4999765034114884,0.07446403189750465,success
123,2000,8,4,0.0,2.2,0.1,1.0,6.999999999999998,3,0,1,499,0,0.4987864432662252,0.07386673499282229,success
122,2000,8,4,0.0,2.2,0.1,1.0,6.799999999999999,3,0,1,499,0,0.4994806416376785,0.07419459090431392,success
124,2000,8,4,0.0,2.2,0.1,1.0,7.199999999999998,3,0,1,499,0,0.4984905885612211,0.07365582449207694,success
126,2000,8,4,0.0,2.2,0.1,1.0,7.599999999999999,3,0,1,499,0,0.4980498321309645,0.07339839394751801,success
127,2000,8,4,0.0,2.2,0.1,1.0,7.799999999999999,3,0,1,499,0,0.49777849690345777,0.07326557409477133,success
125,2000,8,4,0.0,2.2,0.1,1.0,7.399999999999999,3,0,1,499,0,0.4982724423571562,0.07352258751641756,success
128,2000,8,4,0.0,2.2,0.1,1.0,7.999999999999998,3,0,1,499,0,0.4975544752463988,0.07317408059939194,success
129,2000,8,4,0.0,2.2,0.1,1.0,8.2,3,0,1,499,0,0.49748952075710706,0.07314076111822589,success
140,2000,8,4,0.0,2.3000000000000003,0.1,1.0,1.2,3,478,2,20,0,0.8899851440965388,0.17340243605611044,success
139,2000,8,4,0.0,2.3000000000000003,0.1,1.0,1.0,3,500,0,0,0,,,success
130,2000,8,4,0.0,2.2,0.1,1.0,8.399999999999999,3,0,1,499,0,0.49735152092155127,0.07302320119724948,success
141,2000,8,4,0.0,2.3000000000000003,0.1,1.0,1.4,3,459,1,40,0,0.8173092838422324,0.19585500258849015,success
142,2000,8,4,0.0,2.3000000000000003,0.1,1.0,1.5999999999999999,3,454,0,46,0,0.782903082633313,0.1939091318056684,success
131,2000,8,4,0.0,2.2,0.1,1.0,8.599999999999998,3,0,1,499,0,0.497286598054357,0.0729883246759798,success
132,2000,8,4,0.0,2.2,0.1,1.0,8.799999999999997,3,0,1,499,0,0.4972137361663433,0.07294017430352112,success
143,2000,8,4,0.0,2.3000000000000003,0.1,1.0,1.7999999999999998,3,457,2,41,0,0.7778061106783907,0.20679641560915324,success
144,2000,8,4,0.0,2.3000000000000003,0.1,1.0,1.9999999999999998,3,466,1,33,0,0.7176513450694313,0.20091191226694885,success
145,2000,8,4,0.0,2.3000000000000003,0.1,1.0,2.1999999999999997,3,446,0,54,0,0.7224235378588578,0.19588837037404372,success
135,2000,8,4,0.0,2.2,0.1,1.0,9.399999999999999,3,0,1,499,0,0.49708473570326017,0.07280669187033673,success
133,2000,8,4,0.0,2.2,0.1,1.0,8.999999999999998,3,0,1,499,0,0.4971157628246832,0.07284866700163128,success
134,2000,8,4,0.0,2.2,0.1,1.0,9.199999999999998,3,0,1,499,0,0.497095144101484,0.07281552568892023,success
136,2000,8,4,0.0,2.2,0.1,1.0,9.599999999999998,3,0,1,499,0,0.4970670196151845,0.07279750300571483,success
137,2000,8,4,0.0,2.2,0.1,1.0,9.799999999999997,3,0,1,499,0,0.497036163062782,0.0727727492061092,success
138,2000,8,4,0.0,2.2,0.1,1.0,9.999999999999998,3,0,1,499,0,0.4970065519541226,0.07275296039430863,success
146,2000,8,4,0.0,2.3000000000000003,0.1,1.0,2.3999999999999995,3,390,1,109,0,0.7095148136144624,0.16947540017371285,success
147,2000,8,4,0.0,2.3000000000000003,0.1,1.0,2.5999999999999996,3,199,2,299,0,0.7418486131796149,0.14543569777815374,success
150,2000,8,4,0.0,2.3000000000000003,0.1,1.0,3.1999999999999993,3,8,2,490,0,0.6112512215064303,0.11341356658097998,success
149,2000,8,4,0.0,2.3000000000000003,0.1,1.0,2.9999999999999996,3,21,2,477,0,0.6369877519907196,0.12127652901374593,success
152,2000,8,4,0.0,2.3000000000000003,0.1,1.0,3.5999999999999996,3,3,2,495,0,0.5666353152064656,0.10225132827142204,success
156,2000,8,4,0.0,2.3000000000000003,0.1,1.0,4.3999999999999995,3,0,2,498,0,0.5240386504102319,0.08872005454541262,success
154,2000,8,4,0.0,2.3000000000000003,0.1,1.0,3.999999999999999,3,0,2,498,0,0.5362330519700509,0.0932510471454793,success
151,2000,8,4,0.0,2.3000000000000003,0.1,1.0,3.3999999999999995,3,6,2,492,0,0.5858901186210558,0.1057336062233374,success
157,2000,8,4,0.0,2.3000000000000003,0.1,1.0,4.6,3,0,2,498,0,0.5189125373557285,0.08734004295355137,success
153,2000,8,4,0.0,2.3000000000000003,0.1,1.0,3.7999999999999994,3,0,2,498,0,0.5513331029006749,0.09825849537409889,success
155,2000,8,4,0.0,2.3000000000000003,0.1,1.0,4.199999999999999,3,0,2,498,0,0.5299915681698949,0.08985868320300727,success
159,2000,8,4,0.0,2.3000000000000003,0.1,1.0,4.999999999999999,3,0,2,498,0,0.5092355661875536,0.08378997564807047,success
158,2000,8,4,0.0,2.3000000000000003,0.1,1.0,4.799999999999999,3,0,2,498,0,0.5138961975087571,0.08549486598408501,success
160,2000,8,4,0.0,2.3000000000000003,0.1,1.0,5.199999999999999,3,0,2,498,0,0.5071685255779864,0.08274198338045657,success
148,2000,8,4,0.0,2.3000000000000003,0.1,1.0,2.8,3,67,2,431,0,0.6923900654240257,0.12892589837237525,success
161,2000,8,4,0.0,2.3000000000000003,0.1,1.0,5.399999999999999,3,0,2,498,0,0.5051800880822567,0.08208443077393121,success
162,2000,8,4,0.0,2.3000000000000003,0.1,1.0,5.599999999999999,3,0,2,498,0,0.5036398171742466,0.08154737633089178,success
163,2000,8,4,0.0,2.3000000000000003,0.1,1.0,5.799999999999999,3,0,2,498,0,0.5019077041257854,0.08093732534560165,success
164,2000,8,4,0.0,2.3000000000000003,0.1,1.0,5.999999999999999,3,0,2,498,0,0.5001903279499863,0.08024260308447619,success
165,2000,8,4,0.0,2.3000000000000003,0.1,1.0,6.199999999999999,3,0,2,498,0,0.49960157835439345,0.07978013085856302,success
166,2000,8,4,0.0,2.3000000000000003,0.1,1.0,6.399999999999999,3,0,2,498,0,0.49886110215050583,0.0794979013935225,success
167,2000,8,4,0.0,2.3000000000000003,0.1,1.0,6.599999999999999,3,0,2,498,0,0.4981384652899164,0.07921062960405263,success
168,2000,8,4,0.0,2.3000000000000003,0.1,1.0,6.799999999999999,3,0,2,498,0,0.4975016608207134,0.07891587409275859,success
169,2000,8,4,0.0,2.3000000000000003,0.1,1.0,6.999999999999998,3,0,2,498,0,0.49687240355277257,0.07854057483931912,success
170,2000,8,4,0.0,2.3000000000000003,0.1,1.0,7.199999999999998,3,0,2,498,0,0.49661781908555847,0.07834953892067698,success
172,2000,8,4,0.0,2.3000000000000003,0.1,1.0,7.599999999999999,3,0,2,498,0,0.49617890544718923,0.07812741059223316,success
185,2000,8,4,0.0,2.4000000000000004,0.1,1.0,1.0,3,498,2,0,0,,,success
171,2000,8,4,0.0,2.3000000000000003,0.1,1.0,7.399999999999999,3,0,2,498,0,0.4963410822352275,0.0781869927874228,success
186,2000,8,4,0.0,2.4000000000000004,0.1,1.0,1.2,3,468,5,27,0,0.8714850371650564,0.20868205851289867,success
173,2000,8,4,0.0,2.3000000000000003,0.1,1.0,7.799999999999999,3,0,2,498,0,0.49591007818599875,0.07792652695845646,success
187,2000,8,4,0.0,2.4000000000000004,0.1,1.0,1.4,3,450,2,48,0,0.746285515830411,0.22444084881637297,success
188,2000,8,4,0.0,2.4000000000000004,0.1,1.0,1.5999999999999999,3,438,1,61,0,0.7736518161049489,0.21478615174902752,success
174,2000,8,4,0.0,2.3000000000000003,0.1,1.0,7.999999999999998,3,0,2,498,0,0.4956664082809832,0.07778515464234538,success
175,2000,8,4,0.0,2.3000000000000003,0.1,1.0,8.2,3,0,2,498,0,0.4955498456178956,0.07769753802205483,success
189,2000,8,4,0.0,2.4000000000000004,0.1,1.0,1.7999999999999998,3,433,2,65,0,0.765098253069949,0.2276439417784331,success
176,2000,8,4,0.0,2.3000000000000003,0.1,1.0,8.399999999999999,3,0,2,498,0,0.4954569993816076,0.0776303304958544,success
177,2000,8,4,0.0,2.3000000000000003,0.1,1.0,8.599999999999998,3,0,2,498,0,0.4953887732291793,0.07760244650642129,success
190,2000,8,4,0.0,2.4000000000000004,0.1,1.0,1.9999999999999998,3,448,2,50,0,0.6986484206043951,0.24479076121120674,success
178,2000,8,4,0.0,2.3000000000000003,0.1,1.0,8.799999999999997,3,0,2,498,0,0.49534458068400106,0.07759314273825327,success
191,2000,8,4,0.0,2.4000000000000004,0.1,1.0,2.1999999999999997,3,425,1,74,0,0.7200422965131587,0.21836189786155824,success
192,2000,8,4,0.0,2.4000000000000004,0.1,1.0,2.3999999999999995,3,356,2,142,0,0.7257545351133717,0.1925713022639891,success
179,2000,8,4,0.0,2.3000000000000003,0.1,1.0,8.999999999999998,3,0,2,498,0,0.4952741792625896,0.07754815091557836,success
180,2000,8,4,0.0,2.3000000000000003,0.1,1.0,9.199999999999998,3,0,2,498,0,0.4952292658908665,0.07749219719251228,success
181,2000,8,4,0.0,2.3000000000000003,0.1,1.0,9.399999999999999,3,0,2,498,0,0.49520431467633397,0.07748283713538509,success
184,2000,8,4,0.0,2.3000000000000003,0.1,1.0,9.999999999999998,3,0,2,498,0,0.4951472425322341,0.07744241926821172,success
182,2000,8,4,0.0,2.3000000000000003,0.1,1.0,9.599999999999998,3,0,2,498,0,0.49517820943337154,0.07747714375110888,success
183,2000,8,4,0.0,2.3000000000000003,0.1,1.0,9.799999999999997,3,0,2,498,0,0.49514670371597314,0.07742798311805144,success
193,2000,8,4,0.0,2.4000000000000004,0.1,1.0,2.5999999999999996,3,198,3,299,0,0.7368912081114144,0.1588398623817338,success
195,2000,8,4,0.0,2.4000000000000004,0.1,1.0,2.9999999999999996,3,22,4,474,0,0.6367022226448081,0.12812148615025032,success
196,2000,8,4,0.0,2.4000000000000004,0.1,1.0,3.1999999999999993,3,8,4,488,0,0.611226058603893,0.12058783039763597,success
194,2000,8,4,0.0,2.4000000000000004,0.1,1.0,2.8,3,70,4,426,0,0.6911041043929581,0.13820857454884317,success
197,2000,8,4,0.0,2.4000000000000004,0.1,1.0,3.3999999999999995,3,6,4,490,0,0.5848492975296569,0.1122136872706715,success
198,2000,8,4,0.0,2.4000000000000004,0.1,1.0,3.5999999999999996,3,4,4,492,0,0.5649166648093594,0.10748909050356376,success
199,2000,8,4,0.0,2.4000000000000004,0.1,1.0,3.7999999999999994,3,0,5,495,0,0.5504066532810625,0.10349688565362677,success
200,2000,8,4,0.0,2.4000000000000004,0.1,1.0,3.999999999999999,3,0,5,495,0,0.5351859879814751,0.09784943795538611,success
201,2000,8,4,0.0,2.4000000000000004,0.1,1.0,4.199999999999999,3,0,5,495,0,0.5286189724564473,0.09500718018880862,success
202,2000,8,4,0.0,2.4000000000000004,0.1,1.0,4.3999999999999995,3,0,5,495,0,0.5228935971928294,0.09376949280214159,success
203,2000,8,4,0.0,2.4000000000000004,0.1,1.0,4.6,3,0,5,495,0,0.5174522450379199,0.09210236393156127,success
204,2000,8,4,0.0,2.4000000000000004,0.1,1.0,4.799999999999999,3,0,5,495,0,0.5119731030811118,0.08990974006980852,success
205,2000,8,4,0.0,2.4000000000000004,0.1,1.0,4.999999999999999,3,0,5,495,0,0.5073437968788238,0.0882012407167988,success
206,2000,8,4,0.0,2.4000000000000004,0.1,1.0,5.199999999999999,3,0,5,495,0,0.505436048185492,0.08739063042173092,success
207,2000,8,4,0.0,2.4000000000000004,0.1,1.0,5.399999999999999,3,0,5,495,0,0.5035324270273194,0.08667167696451586,success
209,2000,8,4,0.0,2.4000000000000004,0.1,1.0,5.799999999999999,3,0,5,495,0,0.5000043495311254,0.08512187137725034,success
208,2000,8,4,0.0,2.4000000000000004,0.1,1.0,5.599999999999999,3,0,5,495,0,0.5019032114828049,0.08597693171121225,success
210,2000,8,4,0.0,2.4000000000000004,0.1,1.0,5.999999999999999,3,0,5,495,0,0.4984332548776961,0.08459617855428632,success
211,2000,8,4,0.0,2.4000000000000004,0.1,1.0,6.199999999999999,3,0,5,495,0,0.4977104725560136,0.08412201345199391,success
212,2000,8,4,0.0,2.4000000000000004,0.1,1.0,6.399999999999999,3,0,5,495,0,0.49693653909384977,0.08377806672429462,success
214,2000,8,4,0.0,2.4000000000000004,0.1,1.0,6.799999999999999,3,0,5,495,0,0.49562202061118715,0.08332523585666474,success
213,2000,8,4,0.0,2.4000000000000004,0.1,1.0,6.599999999999999,3,0,5,495,0,0.49628581179245074,0.0835711722106891,success
216,2000,8,4,0.0,2.4000000000000004,0.1,1.0,7.199999999999998,3,0,5,495,0,0.4946314505780361,0.08269155306056349,success
215,2000,8,4,0.0,2.4000000000000004,0.1,1.0,6.999999999999998,3,0,5,495,0,0.49489968671523155,0.08288132729566464,success
217,2000,8,4,0.0,2.4000000000000004,0.1,1.0,7.399999999999999,3,0,5,495,0,0.4943249797541537,0.08248692005747281,success
218,2000,8,4,0.0,2.4000000000000004,0.1,1.0,7.599999999999999,3,0,5,495,0,0.49409287508400673,0.08238400805906629,success
219,2000,8,4,0.0,2.4000000000000004,0.1,1.0,7.799999999999999,3,0,5,495,0,0.49385208303104705,0.08229001887403298,success
220,2000,8,4,0.0,2.4000000000000004,0.1,1.0,7.999999999999998,3,0,5,495,0,0.4934947760688404,0.08203194678165564,success
221,2000,8,4,0.0,2.4000000000000004,0.1,1.0,8.2,3,0,5,495,0,0.4933953143300156,0.08197680868915042,success
224,2000,8,4,0.0,2.4000000000000004,0.1,1.0,8.799999999999997,3,0,5,495,0,0.4930800368648832,0.08177502713692279,success
222,2000,8,4,0.0,2.4000000000000004,0.1,1.0,8.399999999999999,3,0,5,495,0,0.49329090886983623,0.08192620725982087,success
223,2000,8,4,0.0,2.4000000000000004,0.1,1.0,8.599999999999998,3,0,5,495,0,0.49320212881888514,0.08186148972641,success
231,2000,8,4,0.0,2.5000000000000004,0.1,1.0,1.0,3,497,3,0,0,,,success
225,2000,8,4,0.0,2.4000000000000004,0.1,1.0,8.999999999999998,3,0,5,495,0,0.49302253645895683,0.0817372876127781,success
232,2000,8,4,0.0,2.5000000000000004,0.1,1.0,1.2,3,454,8,38,0,0.8804634876357156,0.21186232383215,success
233,2000,8,4,0.0,2.5000000000000004,0.1,1.0,1.4,3,432,7,61,0,0.7253500536094022,0.2409460856275841,success
234,2000,8,4,0.0,2.5000000000000004,0.1,1.0,1.5999999999999999,3,419,4,77,0,0.7475346708250705,0.2256252049027314,success
235,2000,8,4,0.0,2.5000000000000004,0.1,1.0,1.7999999999999998,3,413,7,80,0,0.7652982842790342,0.21299344026745934,success
236,2000,8,4,0.0,2.5000000000000004,0.1,1.0,1.9999999999999998,3,416,4,80,0,0.7020521157337303,0.2168213931170735,success
237,2000,8,4,0.0,2.5000000000000004,0.1,1.0,2.1999999999999997,3,379,2,119,0,0.7320237069674913,0.21302936609322914,success
238,2000,8,4,0.0,2.5000000000000004,0.1,1.0,2.3999999999999995,3,318,6,176,0,0.714599999626272,0.19020390290907527,success
228,2000,8,4,0.0,2.4000000000000004,0.1,1.0,9.599999999999998,3,0,5,495,0,0.4929147309366421,0.08164118816268223,success
226,2000,8,4,0.0,2.4000000000000004,0.1,1.0,9.199999999999998,3,0,5,495,0,0.49300571079477573,0.08172599646390846,success
227,2000,8,4,0.0,2.4000000000000004,0.1,1.0,9.399999999999999,3,0,5,495,0,0.4929543581023045,0.08167976281399499,success
229,2000,8,4,0.0,2.4000000000000004,0.1,1.0,9.799999999999997,3,0,5,495,0,0.49291455175174426,0.08165681959854644,success
239,2000,8,4,0.0,2.5000000000000004,0.1,1.0,2.5999999999999996,3,190,6,304,0,0.7238334166682647,0.16564683602907107,success
230,2000,8,4,0.0,2.4000000000000004,0.1,1.0,9.999999999999998,3,0,5,495,0,0.49287674362593037,0.0816387317772433,success
240,2000,8,4,0.0,2.5000000000000004,0.1,1.0,2.8,3,73,8,419,0,0.6882051733810864,0.1493752077569634,success
242,2000,8,4,0.0,2.5000000000000004,0.1,1.0,3.1999999999999993,3,8,10,482,0,0.6118417572081667,0.12564982553281603,success
243,2000,8,4,0.0,2.5000000000000004,0.1,1.0,3.3999999999999995,3,6,10,484,0,0.5856591974392902,0.1181809617808665,success
241,2000,8,4,0.0,2.5000000000000004,0.1,1.0,2.9999999999999996,3,21,10,469,0,0.6383710994252823,0.1346904792578854,success
244,2000,8,4,0.0,2.5000000000000004,0.1,1.0,3.5999999999999996,3,4,10,486,0,0.5647793882044135,0.11316771675309631,success
246,2000,8,4,0.0,2.5000000000000004,0.1,1.0,3.999999999999999,3,0,10,490,0,0.5339196762234029,0.10378471626273213,success
245,2000,8,4,0.0,2.5000000000000004,0.1,1.0,3.7999999999999994,3,0,10,490,0,0.5494671520985147,0.10932516080001722,success
247,2000,8,4,0.0,2.5000000000000004,0.1,1.0,4.199999999999999,3,0,10,490,0,0.527326477789506,0.10076882189744973,success
248,2000,8,4,0.0,2.5000000000000004,0.1,1.0,4.3999999999999995,3,0,10,490,0,0.5214193738488795,0.09909788745376283,success
249,2000,8,4,0.0,2.5000000000000004,0.1,1.0,4.6,3,0,10,490,0,0.5159792485189245,0.09723169413795527,success
250,2000,8,4,0.0,2.5000000000000004,0.1,1.0,4.799999999999999,3,0,10,490,0,0.5102773365580232,0.09492555144327319,success
251,2000,8,4,0.0,2.5000000000000004,0.1,1.0,4.999999999999999,3,0,10,490,0,0.5055320325798501,0.09321640159169677,success
254,2000,8,4,0.0,2.5000000000000004,0.1,1.0,5.599999999999999,3,0,10,490,0,0.4998749444376974,0.09074142767473115,success
253,2000,8,4,0.0,2.5000000000000004,0.1,1.0,5.399999999999999,3,0,10,490,0,0.5016686202692117,0.09147268454342011,success
252,2000,8,4,0.0,2.5000000000000004,0.1,1.0,5.199999999999999,3,0,10,490,0,0.5036756985355619,0.09247694832890463,success
255,2000,8,4,0.0,2.5000000000000004,0.1,1.0,5.799999999999999,3,0,10,490,0,0.4978815581037654,0.09003267724616944,success
256,2000,8,4,0.0,2.5000000000000004,0.1,1.0,5.999999999999999,3,0,10,490,0,0.49620057477319135,0.0894852323473663,success
257,2000,8,4,0.0,2.5000000000000004,0.1,1.0,6.199999999999999,3,0,10,490,0,0.4953381765323224,0.08887623325282991,success
258,2000,8,4,0.0,2.5000000000000004,0.1,1.0,6.399999999999999,3,0,10,490,0,0.49471084536959115,0.08863789380621681,success
259,2000,8,4,0.0,2.5000000000000004,0.1,1.0,6.599999999999999,3,0,10,490,0,0.4940277362163362,0.08834755343579366,success
260,2000,8,4,0.0,2.5000000000000004,0.1,1.0,6.799999999999999,3,0,10,490,0,0.49339119970380624,0.08807853935953124,success
261,2000,8,4,0.0,2.5000000000000004,0.1,1.0,6.999999999999998,3,0,10,490,0,0.492567285863084,0.0876492871812033,success
262,2000,8,4,0.0,2.5000000000000004,0.1,1.0,7.199999999999998,3,0,10,490,0,0.49227493914517223,0.08746042351820547,success
263,2000,8,4,0.0,2.5000000000000004,0.1,1.0,7.399999999999999,3,0,10,490,0,0.4919754689497625,0.08728593084911578,success
264,2000,8,4,0.0,2.5000000000000004,0.1,1.0,7.599999999999999,3,0,10,490,0,0.49171382631988997,0.08709299928266984,success
279,2000,8,4,0.0,2.6000000000000005,0.1,1.0,1.4,3,424,12,64,0,0.7391657434744627,0.24299623911338994,success
277,2000,8,4,0.0,2.6000000000000005,0.1,1.0,1.0,3,493,7,0,0,,,success
278,2000,8,4,0.0,2.6000000000000005,0.1,1.0,1.2,3,441,11,48,0,0.8973047942100981,0.19011718564729774,success
265,2000,8,4,0.0,2.5000000000000004,0.1,1.0,7.799999999999999,3,0,10,490,0,0.4914166102054071,0.08690444667931918,success
280,2000,8,4,0.0,2.6000000000000005,0.1,1.0,1.5999999999999999,3,398,14,88,0,0.7435965384228921,0.2329997504110214,success
281,2000,8,4,0.0,2.6000000000000005,0.1,1.0,1.7999999999999998,3,384,13,103,0,0.7544914474029637,0.20869046136663025,success
266,2000,8,4,0.0,2.5000000000000004,0.1,1.0,7.999999999999998,3,0,10,490,0,0.4910782082128583,0.08669656608811868,success
267,2000,8,4,0.0,2.5000000000000004,0.1,1.0,8.2,3,0,10,490,0,0.49098899535294455,0.08663748623761046,success
268,2000,8,4,0.0,2.5000000000000004,0.1,1.0,8.399999999999999,3,0,10,490,0,0.4909013263080148,0.08663977310901677,success
269,2000,8,4,0.0,2.5000000000000004,0.1,1.0,8.599999999999998,3,0,10,490,0,0.49081199361103006,0.08655117293785887,success
282,2000,8,4,0.0,2.6000000000000005,0.1,1.0,1.9999999999999998,3,388,10,102,0,0.6919174877159827,0.21930132349912804,success
270,2000,8,4,0.0,2.5000000000000004,0.1,1.0,8.799999999999997,3,0,10,490,0,0.49074995516639275,0.08653349811102828,success
271,2000,8,4,0.0,2.5000000000000004,0.1,1.0,8.999999999999998,3,0,10,490,0,0.4906786696412547,0.08647704858202611,success
283,2000,8,4,0.0,2.6000000000000005,0.1,1.0,2.1999999999999997,3,346,6,148,0,0.7063002211570043,0.20777264372352325,success
272,2000,8,4,0.0,2.5000000000000004,0.1,1.0,9.199999999999998,3,0,10,490,0,0.49063230952432935,0.0864598205269737,success
284,2000,8,4,0.0,2.6000000000000005,0.1,1.0,2.3999999999999995,3,268,7,225,0,0.7237364564939948,0.19564707486192143,success
273,2000,8,4,0.0,2.5000000000000004,0.1,1.0,9.399999999999999,3,0,10,490,0,0.4905948569879142,0.08642767565175359,success
275,2000,8,4,0.0,2.5000000000000004,0.1,1.0,9.799999999999997,3,0,10,490,0,0.49054374557270064,0.08637514753840322,success
276,2000,8,4,0.0,2.5000000000000004,0.1,1.0,9.999999999999998,3,0,10,490,0,0.4904932712492377,0.08635570862440169,success
274,2000,8,4,0.0,2.5000000000000004,0.1,1.0,9.599999999999998,3,0,10,490,0,0.49057366429959737,0.08640962583537515,success
285,2000,8,4,0.0,2.6000000000000005,0.1,1.0,2.5999999999999996,3,169,12,319,0,0.7179245396382851,0.17204702877192274,success
286,2000,8,4,0.0,2.6000000000000005,0.1,1.0,2.8,3,71,15,414,0,0.6868339521244968,0.1560615221239764,success
288,2000,8,4,0.0,2.6000000000000005,0.1,1.0,3.1999999999999993,3,9,18,473,0,0.6126948187571662,0.13022427632785308,success
287,2000,8,4,0.0,2.6000000000000005,0.1,1.0,2.9999999999999996,3,21,18,461,0,0.6397280509288685,0.1400649881254021,success
289,2000,8,4,0.0,2.6000000000000005,0.1,1.0,3.3999999999999995,3,6,18,476,0,0.5860910521164395,0.12216972528917258,success
290,2000,8,4,0.0,2.6000000000000005,0.1,1.0,3.5999999999999996,3,4,18,478,0,0.5655178305525324,0.11638242131651734,success
291,2000,8,4,0.0,2.6000000000000005,0.1,1.0,3.7999999999999994,3,0,18,482,0,0.5498713709745034,0.11268709167572788,success
292,2000,8,4,0.0,2.6000000000000005,0.1,1.0,3.999999999999999,3,0,18,482,0,0.5344153306327738,0.10735934687724623,success
293,2000,8,4,0.0,2.6000000000000005,0.1,1.0,4.199999999999999,3,0,18,482,0,0.5271573232850617,0.10406105750855098,success
294,2000,8,4,0.0,2.6000000000000005,0.1,1.0,4.3999999999999995,3,0,18,482,0,0.5211030620241562,0.10209064728078254,success
295,2000,8,4,0.0,2.6000000000000005,0.1,1.0,4.6,3,0,18,482,0,0.5156349335501682,0.1000832622701103,success
296,2000,8,4,0.0,2.6000000000000005,0.1,1.0,4.799999999999999,3,0,18,482,0,0.510034843042262,0.09754492965864824,success
300,2000,8,4,0.0,2.6000000000000005,0.1,1.0,5.599999999999999,3,0,19,481,0,0.49909479254538314,0.09318864786647038,success
297,2000,8,4,0.0,2.6000000000000005,0.1,1.0,4.999999999999999,3,0,19,481,0,0.5050781689128802,0.09567502352886104,success
299,2000,8,4,0.0,2.6000000000000005,0.1,1.0,5.399999999999999,3,0,19,481,0,0.5011137298032612,0.09393822252436271,success
298,2000,8,4,0.0,2.6000000000000005,0.1,1.0,5.199999999999999,3,0,19,481,0,0.5029865576409484,0.09476242356718993,success
302,2000,8,4,0.0,2.6000000000000005,0.1,1.0,5.999999999999999,3,0,19,481,0,0.4955969858143932,0.09196433953297302,success
303,2000,8,4,0.0,2.6000000000000005,0.1,1.0,6.199999999999999,3,0,19,481,0,0.4948257327700387,0.09149151980724325,success
304,2000,8,4,0.0,2.6000000000000005,0.1,1.0,6.399999999999999,3,0,19,481,0,0.4941056301149595,0.09111821392576547,success
301,2000,8,4,0.0,2.6000000000000005,0.1,1.0,5.799999999999999,3,0,19,481,0,0.49721958267646954,0.09253286233332941,success
305,2000,8,4,0.0,2.6000000000000005,0.1,1.0,6.599999999999999,3,0,19,481,0,0.4933044392990271,0.0907469376294016,success
306,2000,8,4,0.0,2.6000000000000005,0.1,1.0,6.799999999999999,3,0,19,481,0,0.49264167552614735,0.09043555308422407,success
307,2000,8,4,0.0,2.6000000000000005,0.1,1.0,6.999999999999998,3,0,19,481,0,0.49197046118588367,0.0901069519943759,success
309,2000,8,4,0.0,2.6000000000000005,0.1,1.0,7.399999999999999,3,0,19,481,0,0.4912339578489544,0.08961825401707176,success
308,2000,8,4,0.0,2.6000000000000005,0.1,1.0,7.199999999999998,3,0,19,481,0,0.49148801006963916,0.08975650661613988,success
310,2000,8,4,0.0,2.6000000000000005,0.1,1.0,7.599999999999999,3,0,19,481,0,0.49090886759216656,0.0894266765401725,success
311,2000,8,4,0.0,2.6000000000000005,0.1,1.0,7.799999999999999,3,0,19,481,0,0.4906892498036221,0.08926646015772884,success
313,2000,8,4,0.0,2.6000000000000005,0.1,1.0,8.2,3,0,19,481,0,0.4902634383979175,0.08905523619842787,success
312,2000,8,4,0.0,2.6000000000000005,0.1,1.0,7.999999999999998,3,0,19,481,0,0.49039758597203553,0.08913992386670196,success
315,2000,8,4,0.0,2.6000000000000005,0.1,1.0,8.599999999999998,3,0,19,481,0,0.4900583963608541,0.08890790167726194,success
314,2000,8,4,0.0,2.6000000000000005,0.1,1.0,8.399999999999999,3,0,19,481,0,0.4901554921362626,0.08898181995276482,success
316,2000,8,4,0.0,2.6000000000000005,0.1,1.0,8.799999999999997,3,0,19,481,0,0.48997141196984434,0.08884961598501905,success
317,2000,8,4,0.0,2.6000000000000005,0.1,1.0,8.999999999999998,3,0,19,481,0,0.48978230773645004,0.08872440050008656,success
318,2000,8,4,0.0,2.6000000000000005,0.1,1.0,9.199999999999998,3,0,19,481,0,0.4897468521409748,0.08869029648605975,success
323,2000,8,4,0.0,2.7000000000000006,0.1,1.0,1.0,3,485,15,0,0,,,success
319,2000,8,4,0.0,2.6000000000000005,0.1,1.0,9.399999999999999,3,0,19,481,0,0.4897087012204162,0.08867808394672776,success
324,2000,8,4,0.0,2.7000000000000006,0.1,1.0,1.2,3,430,21,49,0,0.8567491848079385,0.21539512013438822,success
320,2000,8,4,0.0,2.6000000000000005,0.1,1.0,9.599999999999998,3,0,19,481,0,0.4896832791268596,0.08866279062157797,success
325,2000,8,4,0.0,2.7000000000000006,0.1,1.0,1.4,3,403,20,77,0,0.747846240883078,0.24604272580686268,success
326,2000,8,4,0.0,2.7000000000000006,0.1,1.0,1.5999999999999999,3,374,24,102,0,0.7477382342494953,0.23087846268303988,success
327,2000,8,4,0.0,2.7000000000000006,0.1,1.0,1.7999999999999998,3,367,19,114,0,0.7144197472659075,0.21652895023445523,success
328,2000,8,4,0.0,2.7000000000000006,0.1,1.0,1.9999999999999998,3,356,15,129,0,0.663754472448373,0.21757229653977764,success
329,2000,8,4,0.0,2.7000000000000006,0.1,1.0,2.1999999999999997,3,303,11,186,0,0.7030784850503515,0.2106216389621586,success
330,2000,8,4,0.0,2.7000000000000006,0.1,1.0,2.3999999999999995,3,241,15,244,0,0.6970870325204943,0.1954511939353128,success
331,2000,8,4,0.0,2.7000000000000006,0.1,1.0,2.5999999999999996,3,156,23,321,0,0.6925082293560428,0.1764645988350447,success
321,2000,8,4,0.0,2.6000000000000005,0.1,1.0,9.799999999999997,3,0,19,481,0,0.48966896988007724,0.08867636083460076,success
332,2000,8,4,0.0,2.7000000000000006,0.1,1.0,2.8,3,71,24,405,0,0.6767811456398474,0.16271543900974605,success
322,2000,8,4,0.0,2.6000000000000005,0.1,1.0,9.999999999999998,3,0,19,481,0,0.48960415646229627,0.08861598008569996,success
335,2000,8,4,0.0,2.7000000000000006,0.1,1.0,3.3999999999999995,3,6,26,468,0,0.5837444883220366,0.1287768471688142,success
336,2000,8,4,0.0,2.7000000000000006,0.1,1.0,3.5999999999999996,3,4,26,470,0,0.5633418408221058,0.12194527465144478,success
333,2000,8,4,0.0,2.7000000000000006,0.1,1.0,2.9999999999999996,3,20,25,455,0,0.6382415501683913,0.1504750166951858,success
334,2000,8,4,0.0,2.7000000000000006,0.1,1.0,3.1999999999999993,3,9,26,465,0,0.6109668832116018,0.13807553674924142,success
337,2000,8,4,0.0,2.7000000000000006,0.1,1.0,3.7999999999999994,3,0,27,473,0,0.5472776209307165,0.11748237653981665,success
338,2000,8,4,0.0,2.7000000000000006,0.1,1.0,3.999999999999999,3,0,27,473,0,0.5318215594342566,0.1112857915849173,success
339,2000,8,4,0.0,2.7000000000000006,0.1,1.0,4.199999999999999,3,0,27,473,0,0.5246844975390551,0.10834457034225621,success
340,2000,8,4,0.0,2.7000000000000006,0.1,1.0,4.3999999999999995,3,0,28,472,0,0.5188762043301822,0.10561871041610309,success
341,2000,8,4,0.0,2.7000000000000006,0.1,1.0,4.6,3,0,28,472,0,0.5131524546691331,0.10323169335673878,success
342,2000,8,4,0.0,2.7000000000000006,0.1,1.0,4.799999999999999,3,0,28,472,0,0.5077762408532092,0.1009076614650747,success
343,2000,8,4,0.0,2.7000000000000006,0.1,1.0,4.999999999999999,3,0,29,471,0,0.5028077059284509,0.09905379566615757,success
344,2000,8,4,0.0,2.7000000000000006,0.1,1.0,5.199999999999999,3,0,29,471,0,0.5006949539795137,0.09806602509268078,success
345,2000,8,4,0.0,2.7000000000000006,0.1,1.0,5.399999999999999,3,0,29,471,0,0.4986568289029522,0.09723302724768104,success
346,2000,8,4,0.0,2.7000000000000006,0.1,1.0,5.599999999999999,3,0,29,471,0,0.496659521149357,0.09643430626277796,success
347,2000,8,4,0.0,2.7000000000000006,0.1,1.0,5.799999999999999,3,0,29,471,0,0.4946943913733697,0.09553234384218606,success
348,2000,8,4,0.0,2.7000000000000006,0.1,1.0,5.999999999999999,3,0,29,471,0,0.49306808610913244,0.0949909693553189,success
349,2000,8,4,0.0,2.7000000000000006,0.1,1.0,6.199999999999999,3,0,29,471,0,0.492280016537483,0.0945450303493425,success
350,2000,8,4,0.0,2.7000000000000006,0.1,1.0,6.399999999999999,3,0,29,471,0,0.49155135306732833,0.09411135264984101,success
351,2000,8,4,0.0,2.7000000000000006,0.1,1.0,6.599999999999999,3,0,29,471,0,0.49070108996128564,0.09374691237099059,success
352,2000,8,4,0.0,2.7000000000000006,0.1,1.0,6.799999999999999,3,0,29,471,0,0.49001135385287203,0.0934262273523214,success
353,2000,8,4,0.0,2.7000000000000006,0.1,1.0,6.999999999999998,3,0,29,471,0,0.48913694620289966,0.09296527444095479,success
354,2000,8,4,0.0,2.7000000000000006,0.1,1.0,7.199999999999998,3,0,29,471,0,0.4887562639083261,0.09274111269299451,success
355,2000,8,4,0.0,2.7000000000000006,0.1,1.0,7.399999999999999,3,0,29,471,0,0.48846620347214964,0.09253894470790192,success
356,2000,8,4,0.0,2.7000000000000006,0.1,1.0,7.599999999999999,3,0,29,471,0,0.48810122925755317,0.09231203063052476,success
357,2000,8,4,0.0,2.7000000000000006,0.1,1.0,7.799999999999999,3,0,29,471,0,0.4877947481077792,0.09208367623912887,success
358,2000,8,4,0.0,2.7000000000000006,0.1,1.0,7.999999999999998,3,0,29,471,0,0.4875600788282365,0.09198486973092955,success
359,2000,8,4,0.0,2.7000000000000006,0.1,1.0,8.2,3,0,29,471,0,0.48748493155983674,0.0919314975829514,success
360,2000,8,4,0.0,2.7000000000000006,0.1,1.0,8.399999999999999,3,0,29,471,0,0.48735073071216856,0.09186200946037026,success
369,2000,8,4,0.0,2.8000000000000007,0.1,1.0,1.0,3,470,30,0,0,,,success
371,2000,8,4,0.0,2.8000000000000007,0.1,1.0,1.4,3,375,27,98,0,0.7287653156360027,0.26493926753214697,success
370,2000,8,4,0.0,2.8000000000000007,0.1,1.0,1.2,3,406,29,65,0,0.8314398897744408,0.23616870945195742,success
361,2000,8,4,0.0,2.7000000000000006,0.1,1.0,8.599999999999998,3,0,29,471,0,0.4872278375036918,0.09177977390456364,success
372,2000,8,4,0.0,2.8000000000000007,0.1,1.0,1.5999999999999999,3,346,28,126,0,0.7134867404794388,0.2367651955458198,success
373,2000,8,4,0.0,2.8000000000000007,0.1,1.0,1.7999999999999998,3,335,28,137,0,0.7198289103146427,0.23484548422916837,success
362,2000,8,4,0.0,2.7000000000000006,0.1,1.0,8.799999999999997,3,0,29,471,0,0.48714705358407545,0.09174158648876043,success
363,2000,8,4,0.0,2.7000000000000006,0.1,1.0,8.999999999999998,3,0,29,471,0,0.48703669321426224,0.09169814045696913,success
364,2000,8,4,0.0,2.7000000000000006,0.1,1.0,9.199999999999998,3,0,29,471,0,0.4869926750650687,0.09165805826351399,success
374,2000,8,4,0.0,2.8000000000000007,0.1,1.0,1.9999999999999998,3,311,22,167,0,0.6699117348858523,0.21636762593758638,success
375,2000,8,4,0.0,2.8000000000000007,0.1,1.0,2.1999999999999997,3,270,23,207,0,0.675540084254949,0.20642202040814667,success
376,2000,8,4,0.0,2.8000000000000007,0.1,1.0,2.3999999999999995,3,211,22,267,0,0.677727848386974,0.19699018322916031,success
377,2000,8,4,0.0,2.8000000000000007,0.1,1.0,2.5999999999999996,3,147,29,324,0,0.6709840889580679,0.1821589080236889,success
365,2000,8,4,0.0,2.7000000000000006,0.1,1.0,9.399999999999999,3,0,29,471,0,0.486921307552253,0.09159842335583765,success
367,2000,8,4,0.0,2.7000000000000006,0.1,1.0,9.799999999999997,3,0,29,471,0,0.4868795722551474,0.0915839803235516,success
368,2000,8,4,0.0,2.7000000000000006,0.1,1.0,9.999999999999998,3,0,29,471,0,0.4868188505881432,0.09155170830517745,success
366,2000,8,4,0.0,2.7000000000000006,0.1,1.0,9.599999999999998,3,0,29,471,0,0.48688287971647237,0.09156427805084574,success
378,2000,8,4,0.0,2.8000000000000007,0.1,1.0,2.8,3,69,31,400,0,0.6661285815941256,0.17136847687047777,success
380,2000,8,4,0.0,2.8000000000000007,0.1,1.0,3.1999999999999993,3,9,34,457,0,0.6069782118657413,0.14642365594046955,success
379,2000,8,4,0.0,2.8000000000000007,0.1,1.0,2.9999999999999996,3,21,32,447,0,0.6336184664452428,0.1592812064665419,success
381,2000,8,4,0.0,2.8000000000000007,0.1,1.0,3.3999999999999995,3,6,35,459,0,0.5799234081760355,0.13625337737081603,success
382,2000,8,4,0.0,2.8000000000000007,0.1,1.0,3.5999999999999996,3,3,37,460,0,0.5594988145930968,0.12857781294306955,success
383,2000,8,4,0.0,2.8000000000000007,0.1,1.0,3.7999999999999994,3,0,37,463,0,0.5426620303953996,0.1232594613901521,success
384,2000,8,4,0.0,2.8000000000000007,0.1,1.0,3.999999999999999,3,0,37,463,0,0.5264203767253451,0.11775598820405754,success
385,2000,8,4,0.0,2.8000000000000007,0.1,1.0,4.199999999999999,3,0,37,463,0,0.5196608716938949,0.1143873785270193,success
386,2000,8,4,0.0,2.8000000000000007,0.1,1.0,4.3999999999999995,3,0,37,463,0,0.5133530678417433,0.11194838749038424,success
387,2000,8,4,0.0,2.8000000000000007,0.1,1.0,4.6,3,0,37,463,0,0.5077286965637499,0.10966729256560942,success
388,2000,8,4,0.0,2.8000000000000007,0.1,1.0,4.799999999999999,3,0,37,463,0,0.5022779819465227,0.10696817907176286,success
389,2000,8,4,0.0,2.8000000000000007,0.1,1.0,4.999999999999999,3,0,38,462,0,0.4974224476858853,0.10495759743244945,success
390,2000,8,4,0.0,2.8000000000000007,0.1,1.0,5.199999999999999,3,0,38,462,0,0.4954270073384434,0.10400505574735087,success
391,2000,8,4,0.0,2.8000000000000007,0.1,1.0,5.399999999999999,3,0,38,462,0,0.49320349446773104,0.10279336504305028,success
392,2000,8,4,0.0,2.8000000000000007,0.1,1.0,5.599999999999999,3,0,38,462,0,0.49118904883494635,0.10201889636610313,success
394,2000,8,4,0.0,2.8000000000000007,0.1,1.0,5.999999999999999,3,0,38,462,0,0.48761603531309844,0.10051482672396993,success
393,2000,8,4,0.0,2.8000000000000007,0.1,1.0,5.799999999999999,3,0,38,462,0,0.48916490380690797,0.10116600488340957,success
395,2000,8,4,0.0,2.8000000000000007,0.1,1.0,6.199999999999999,3,0,38,462,0,0.4868545869770766,0.10007200510516714,success
396,2000,8,4,0.0,2.8000000000000007,0.1,1.0,6.399999999999999,3,0,38,462,0,0.48592650129199866,0.09949952275908656,success
398,2000,8,4,0.0,2.8000000000000007,0.1,1.0,6.799999999999999,3,0,38,462,0,0.4845219150212325,0.0988964770117627,success
397,2000,8,4,0.0,2.8000000000000007,0.1,1.0,6.599999999999999,3,0,38,462,0,0.4852189767728361,0.09916464592888861,success
399,2000,8,4,0.0,2.8000000000000007,0.1,1.0,6.999999999999998,3,0,38,462,0,0.48376614945148005,0.09855460130544608,success
400,2000,8,4,0.0,2.8000000000000007,0.1,1.0,7.199999999999998,3,0,38,462,0,0.4834628820149866,0.09832548419219392,success
401,2000,8,4,0.0,2.8000000000000007,0.1,1.0,7.399999999999999,3,0,38,462,0,0.48311296875427956,0.0980951651862263,success
402,2000,8,4,0.0,2.8000000000000007,0.1,1.0,7.599999999999999,3,0,38,462,0,0.4828490537670781,0.0979683816635445,success
403,2000,8,4,0.0,2.8000000000000007,0.1,1.0,7.799999999999999,3,0,38,462,0,0.4824599919256973,0.09778460109386597,success
404,2000,8,4,0.0,2.8000000000000007,0.1,1.0,7.999999999999998,3,0,38,462,0,0.48208168300712484,0.09764872158251836,success
405,2000,8,4,0.0,2.8000000000000007,0.1,1.0,8.2,3,0,38,462,0,0.481932915521302,0.09750709406742375,success
406,2000,8,4,0.0,2.8000000000000007,0.1,1.0,8.399999999999999,3,0,38,462,0,0.48184617719995465,0.09748801267198938,success
407,2000,8,4,0.0,2.8000000000000007,0.1,1.0,8.599999999999998,3,0,38,462,0,0.4817245061705346,0.09743911713006174,success
408,2000,8,4,0.0,2.8000000000000007,0.1,1.0,8.799999999999997,3,0,38,462,0,0.4816252997614232,0.09732540447259612,success
409,2000,8,4,0.0,2.8000000000000007,0.1,1.0,8.999999999999998,3,0,38,462,0,0.48154294813446785,0.09729055186562166,success
410,2000,8,4,0.0,2.8000000000000007,0.1,1.0,9.199999999999998,3,0,38,462,0,0.48145314610911966,0.09720666916318163,success
415,2000,8,4,0.0,2.900000000000001,0.1,1.0,1.0,3,459,41,0,0,,,success
416,2000,8,4,0.0,2.900000000000001,0.1,1.0,1.2,3,385,40,75,0,0.8225719068334223,0.24955319574212687,success
417,2000,8,4,0.0,2.900000000000001,0.1,1.0,1.4,3,353,42,105,0,0.7071276721907844,0.26530688825685816,success
419,2000,8,4,0.0,2.900000000000001,0.1,1.0,1.7999999999999998,3,312,37,151,0,0.713855638285138,0.24455952799216496,success
418,2000,8,4,0.0,2.900000000000001,0.1,1.0,1.5999999999999999,3,317,41,142,0,0.7113253975781999,0.24364826578373464,success
420,2000,8,4,0.0,2.900000000000001,0.1,1.0,1.9999999999999998,3,273,38,189,0,0.6690085443787601,0.2252754549908303,success
411,2000,8,4,0.0,2.8000000000000007,0.1,1.0,9.399999999999999,3,0,38,462,0,0.48136517796128264,0.09713206107863834,success
412,2000,8,4,0.0,2.8000000000000007,0.1,1.0,9.599999999999998,3,0,38,462,0,0.4813421270556055,0.09711413176496875,success
413,2000,8,4,0.0,2.8000000000000007,0.1,1.0,9.799999999999997,3,0,38,462,0,0.4812743424746716,0.0970717124678722,success
421,2000,8,4,0.0,2.900000000000001,0.1,1.0,2.1999999999999997,3,243,39,218,0,0.6529873779019951,0.20482288775619634,success
422,2000,8,4,0.0,2.900000000000001,0.1,1.0,2.3999999999999995,3,183,38,279,0,0.6623488433564586,0.19724584690326544,success
414,2000,8,4,0.0,2.8000000000000007,0.1,1.0,9.999999999999998,3,0,38,462,0,0.4812379173307881,0.09704265635829695,success
423,2000,8,4,0.0,2.900000000000001,0.1,1.0,2.5999999999999996,3,121,45,334,0,0.6593842775031258,0.18635479157487625,success
424,2000,8,4,0.0,2.900000000000001,0.1,1.0,2.8,3,66,46,388,0,0.6486941795965832,0.1768968130038422,success
427,2000,8,4,0.0,2.900000000000001,0.1,1.0,3.3999999999999995,3,6,51,443,0,0.5752530612077444,0.14360420892135667,success
425,2000,8,4,0.0,2.900000000000001,0.1,1.0,2.9999999999999996,3,25,46,429,0,0.62633230514616,0.166528302389507,success
426,2000,8,4,0.0,2.900000000000001,0.1,1.0,3.1999999999999993,3,9,50,441,0,0.6022214563036098,0.15443525412630124,success
428,2000,8,4,0.0,2.900000000000001,0.1,1.0,3.5999999999999996,3,3,53,444,0,0.5543645457830275,0.13525369475018215,success
429,2000,8,4,0.0,2.900000000000001,0.1,1.0,3.7999999999999994,3,0,54,446,0,0.5389614878854663,0.12941116789648205,success
430,2000,8,4,0.0,2.900000000000001,0.1,1.0,3.999999999999999,3,0,54,446,0,0.522874165211119,0.12332221677634242,success
431,2000,8,4,0.0,2.900000000000001,0.1,1.0,4.199999999999999,3,0,55,445,0,0.5159150298404266,0.11967913777169287,success
432,2000,8,4,0.0,2.900000000000001,0.1,1.0,4.3999999999999995,3,0,55,445,0,0.5095926417180622,0.11707655204142464,success
433,2000,8,4,0.0,2.900000000000001,0.1,1.0,4.6,3,0,55,445,0,0.5037377734690524,0.11507852287611028,success
434,2000,8,4,0.0,2.900000000000001,0.1,1.0,4.799999999999999,3,0,55,445,0,0.4981773319753052,0.11214343069673545,success
435,2000,8,4,0.0,2.900000000000001,0.1,1.0,4.999999999999999,3,0,55,445,0,0.4933369477883819,0.10994502107783118,success
436,2000,8,4,0.0,2.900000000000001,0.1,1.0,5.199999999999999,3,0,55,445,0,0.49128099406273124,0.10888339901296643,success
437,2000,8,4,0.0,2.900000000000001,0.1,1.0,5.399999999999999,3,0,55,445,0,0.4890262781279409,0.10772200253218994,success
438,2000,8,4,0.0,2.900000000000001,0.1,1.0,5.599999999999999,3,0,55,445,0,0.48685122900674294,0.10668220152155847,success
441,2000,8,4,0.0,2.900000000000001,0.1,1.0,6.199999999999999,3,0,55,445,0,0.4825670074937849,0.10487446777740392,success
439,2000,8,4,0.0,2.900000000000001,0.1,1.0,5.799999999999999,3,0,55,445,0,0.48498169411010783,0.10579830000301936,success
440,2000,8,4,0.0,2.900000000000001,0.1,1.0,5.999999999999999,3,0,55,445,0,0.48327187116503506,0.10524816498255894,success
442,2000,8,4,0.0,2.900000000000001,0.1,1.0,6.399999999999999,3,0,55,445,0,0.48165428980155267,0.10433243588638338,success
443,2000,8,4,0.0,2.900000000000001,0.1,1.0,6.599999999999999,3,0,55,445,0,0.48082579400224434,0.10390844734255371,success
444,2000,8,4,0.0,2.900000000000001,0.1,1.0,6.799999999999999,3,0,55,445,0,0.48009822889012227,0.10357335109244448,success
445,2000,8,4,0.0,2.900000000000001,0.1,1.0,6.999999999999998,3,0,55,445,0,0.47937787977824053,0.10320904188714211,success
446,2000,8,4,0.0,2.900000000000001,0.1,1.0,7.199999999999998,3,0,55,445,0,0.4789390242271441,0.10288401174945741,success
447,2000,8,4,0.0,2.900000000000001,0.1,1.0,7.399999999999999,3,0,55,445,0,0.47870014407740613,0.10272757495243952,success
449,2000,8,4,0.0,2.900000000000001,0.1,1.0,7.799999999999999,3,0,55,445,0,0.4780088470199058,0.10234152616224246,success
450,2000,8,4,0.0,2.900000000000001,0.1,1.0,7.999999999999998,3,0,55,445,0,0.47775234105483266,0.10223816092341087,success
448,2000,8,4,0.0,2.900000000000001,0.1,1.0,7.599999999999999,3,0,55,445,0,0.4783574602111931,0.10253881393520652,success
451,2000,8,4,0.0,2.900000000000001,0.1,1.0,8.2,3,0,55,445,0,0.47761176712026665,0.10211813607905185,success
452,2000,8,4,0.0,2.900000000000001,0.1,1.0,8.399999999999999,3,0,55,445,0,0.4773952354618828,0.10195564074108875,success
453,2000,8,4,0.0,2.900000000000001,0.1,1.0,8.599999999999998,3,0,55,445,0,0.47730484964708575,0.10191581341555549,success
455,2000,8,4,0.0,2.900000000000001,0.1,1.0,8.999999999999998,3,0,55,445,0,0.47703411906874577,0.10172817232604409,success
454,2000,8,4,0.0,2.900000000000001,0.1,1.0,8.799999999999997,3,0,55,445,0,0.47713292773624677,0.10178899402996337,success
461,2000,8,4,0.0,3.000000000000001,0.1,1.0,1.0,4,462,38,0,0,,,success
462,2000,8,4,0.0,3.000000000000001,0.1,1.0,1.2,4,380,45,75,0,0.771406202485378,0.2574656129656728,success
456,2000,8,4,0.0,2.900000000000001,0.1,1.0,9.199999999999998,3,0,55,445,0,0.4770084133415982,0.10171799813418597,success
463,2000,8,4,0.0,3.000000000000001,0.1,1.0,1.4,4,323,45,132,0,0.7343121938474717,0.24894387072621965,success
464,2000,8,4,0.0,3.000000000000001,0.1,1.0,1.5999999999999999,4,282,51,167,0,0.6749212040976061,0.23807303613264943,success
465,2000,8,4,0.0,3.000000000000001,0.1,1.0,1.7999999999999998,4,253,59,188,0,0.6423472127069194,0.22981329123263644,success
466,2000,8,4,0.0,3.000000000000001,0.1,1.0,1.9999999999999998,4,204,58,238,0,0.6274332945310787,0.21583299414713303,success
467,2000,8,4,0.0,3.000000000000001,0.1,1.0,2.1999999999999997,4,145,60,295,0,0.6413874520734657,0.20663882592100546,success
468,2000,8,4,0.0,3.000000000000001,0.1,1.0,2.3999999999999995,4,104,63,333,0,0.621569076744461,0.1974629123776966,success
469,2000,8,4,0.0,3.000000000000001,0.1,1.0,2.5999999999999996,4,63,64,373,0,0.6117566802759853,0.18538480449403824,success
458,2000,8,4,0.0,2.900000000000001,0.1,1.0,9.599999999999998,3,0,55,445,0,0.4768816480048024,0.10164837024922743,success
457,2000,8,4,0.0,2.900000000000001,0.1,1.0,9.399999999999999,3,0,55,445,0,0.4769378790333517,0.10166572179199174,success
459,2000,8,4,0.0,2.900000000000001,0.1,1.0,9.799999999999997,3,0,55,445,0,0.4767974755448706,0.10155817865703012,success
460,2000,8,4,0.0,2.900000000000001,0.1,1.0,9.999999999999998,3,0,55,445,0,0.47675873679284086,0.10152774857114093,success
470,2000,8,4,0.0,3.000000000000001,0.1,1.0,2.8,4,37,68,395,0,0.5964577934686875,0.17183648170244067,success
473,2000,8,4,0.0,3.000000000000001,0.1,1.0,3.3999999999999995,4,3,69,428,0,0.5274626320935876,0.13944782870789382,success
472,2000,8,4,0.0,3.000000000000001,0.1,1.0,3.1999999999999993,4,4,68,428,0,0.5500161177422932,0.1520363024858202,success
471,2000,8,4,0.0,3.000000000000001,0.1,1.0,2.9999999999999996,4,10,66,424,0,0.5770115907802728,0.16740710843127732,success
474,2000,8,4,0.0,3.000000000000001,0.1,1.0,3.5999999999999996,4,1,69,430,0,0.5097955190840461,0.13175775383273106,success
475,2000,8,4,0.0,3.000000000000001,0.1,1.0,3.7999999999999994,4,0,69,431,0,0.4939774514514423,0.12352303517308635,success
476,2000,8,4,0.0,3.000000000000001,0.1,1.0,3.999999999999999,4,0,69,431,0,0.4799809883482583,0.11764332477567158,success
478,2000,8,4,0.0,3.000000000000001,0.1,1.0,4.3999999999999995,4,0,70,430,0,0.4695598777550534,0.1116276249199363,success
477,2000,8,4,0.0,3.000000000000001,0.1,1.0,4.199999999999999,4,0,69,431,0,0.47436311624294036,0.1143190172469721,success
479,2000,8,4,0.0,3.000000000000001,0.1,1.0,4.6,4,0,70,430,0,0.46489603951813563,0.10929854985887451,success
480,2000,8,4,0.0,3.000000000000001,0.1,1.0,4.799999999999999,4,0,70,430,0,0.4602128941739816,0.10656513828944351,success
481,2000,8,4,0.0,3.000000000000001,0.1,1.0,4.999999999999999,4,0,70,430,0,0.45614739482805083,0.10477710350245766,success
482,2000,8,4,0.0,3.000000000000001,0.1,1.0,5.199999999999999,4,0,70,430,0,0.454469359827133,0.10381065325633643,success
483,2000,8,4,0.0,3.000000000000001,0.1,1.0,5.399999999999999,4,0,70,430,0,0.45267347824116827,0.10261192361005629,success
484,2000,8,4,0.0,3.000000000000001,0.1,1.0,5.599999999999999,4,0,70,430,0,0.4511850701967939,0.10178229971308571,success
485,2000,8,4,0.0,3.000000000000001,0.1,1.0,5.799999999999999,4,0,70,430,0,0.4495710282974251,0.10088236267931834,success
487,2000,8,4,0.0,3.000000000000001,0.1,1.0,6.199999999999999,4,0,70,430,0,0.4475173543223994,0.09970274073202903,success
486,2000,8,4,0.0,3.000000000000001,0.1,1.0,5.999999999999999,4,0,70,430,0,0.4480494721607148,0.10010383944576351,success
488,2000,8,4,0.0,3.000000000000001,0.1,1.0,6.399999999999999,4,0,70,430,0,0.4468633690168247,0.09924789464457616,success
489,2000,8,4,0.0,3.000000000000001,0.1,1.0,6.599999999999999,4,0,70,430,0,0.4463197929402434,0.09892861393210621,success
490,2000,8,4,0.0,3.000000000000001,0.1,1.0,6.799999999999999,4,0,70,430,0,0.44570542414597075,0.09854483007972195,success
491,2000,8,4,0.0,3.000000000000001,0.1,1.0,6.999999999999998,4,0,70,430,0,0.4450855270192796,0.09820558952719857,success
492,2000,8,4,0.0,3.000000000000001,0.1,1.0,7.199999999999998,4,0,70,430,0,0.4448429683011728,0.09803461450698565,success
493,2000,8,4,0.0,3.000000000000001,0.1,1.0,7.399999999999999,4,0,70,430,0,0.44459042874343613,0.09784315039688755,success
494,2000,8,4,0.0,3.000000000000001,0.1,1.0,7.599999999999999,4,0,70,430,0,0.4443797803794614,0.09770193116527098,success
495,2000,8,4,0.0,3.000000000000001,0.1,1.0,7.799999999999999,4,0,70,430,0,0.4441425999865449,0.09754843132207922,success
496,2000,8,4,0.0,3.000000000000001,0.1,1.0,7.999999999999998,4,0,70,430,0,0.4439133936836754,0.0974031223720684,success
497,2000,8,4,0.0,3.000000000000001,0.1,1.0,8.2,4,0,70,430,0,0.4438381844729089,0.09736289557077189,success
498,2000,8,4,0.0,3.000000000000001,0.1,1.0,8.399999999999999,4,0,70,430,0,0.4437263856127236,0.09726680219619317,success
499,2000,8,4,0.0,3.000000000000001,0.1,1.0,8.599999999999998,4,0,70,430,0,0.4436254528432077,0.09719381040941873,success
500,2000,8,4,0.0,3.000000000000001,0.1,1.0,8.799999999999997,4,0,70,430,0,0.4435353921877114,0.09713122373728009,success
501,2000,8,4,0.0,3.000000000000001,0.1,1.0,8.999999999999998,4,0,70,430,0,0.4434348316880499,0.09708464441243847,success
502,2000,8,4,0.0,3.000000000000001,0.1,1.0,9.199999999999998,4,0,70,430,0,0.4433859090977478,0.09703826494657117,success
507,2000,8,4,0.0,3.100000000000001,0.1,1.0,1.0,4,457,43,0,0,,,success
508,2000,8,4,0.0,3.100000000000001,0.1,1.0,1.2,4,364,51,85,0,0.7964843007851895,0.2589914212369951,success
509,2000,8,4,0.0,3.100000000000001,0.1,1.0,1.4,4,312,53,135,0,0.7290889758803741,0.25606937493357296,success
510,2000,8,4,0.0,3.100000000000001,0.1,1.0,1.5999999999999999,4,262,62,176,0,0.6655854776662466,0.24384609071021027,success
511,2000,8,4,0.0,3.100000000000001,0.1,1.0,1.7999999999999998,4,230,64,206,0,0.6369108837953785,0.2297125329551991,success
512,2000,8,4,0.0,3.100000000000001,0.1,1.0,1.9999999999999998,4,184,67,249,0,0.6204246957709941,0.21841853139687256,success
513,2000,8,4,0.0,3.100000000000001,0.1,1.0,2.1999999999999997,4,127,71,302,0,0.6228916267545918,0.20809093360635963,success
514,2000,8,4,0.0,3.100000000000001,0.1,1.0,2.3999999999999995,4,85,71,344,0,0.6053651956827132,0.2000388537545586,success
515,2000,8,4,0.0,3.100000000000001,0.1,1.0,2.5999999999999996,4,50,71,379,0,0.5845162904665123,0.18192526046840743,success
516,2000,8,4,0.0,3.100000000000001,0.1,1.0,2.8,4,28,74,398,0,0.5701286604281401,0.1697806219280966,success
503,2000,8,4,0.0,3.000000000000001,0.1,1.0,9.399999999999999,4,0,70,430,0,0.443352129156171,0.09699814874613863,success
504,2000,8,4,0.0,3.000000000000001,0.1,1.0,9.599999999999998,4,0,70,430,0,0.44331011174419044,0.09696722103729984,success
505,2000,8,4,0.0,3.000000000000001,0.1,1.0,9.799999999999997,4,0,70,430,0,0.4432417009429135,0.096912760621353,success
506,2000,8,4,0.0,3.000000000000001,0.1,1.0,9.999999999999998,4,0,70,430,0,0.44318845535832974,0.09685199781804492,success
517,2000,8,4,0.0,3.100000000000001,0.1,1.0,2.9999999999999996,4,9,75,416,0,0.5521603653381646,0.16024317231137547,success
518,2000,8,4,0.0,3.100000000000001,0.1,1.0,3.1999999999999993,4,4,76,420,0,0.53266468979699,0.1493817420661152,success
519,2000,8,4,0.0,3.100000000000001,0.1,1.0,3.3999999999999995,4,3,77,420,0,0.5138008563416275,0.13874093711989144,success
520,2000,8,4,0.0,3.100000000000001,0.1,1.0,3.5999999999999996,4,1,77,422,0,0.49789001430643476,0.1319073303743141,success
521,2000,8,4,0.0,3.100000000000001,0.1,1.0,3.7999999999999994,4,0,77,423,0,0.4833657486662284,0.1240892900941592,success
522,2000,8,4,0.0,3.100000000000001,0.1,1.0,3.999999999999999,4,0,77,423,0,0.4704037328698104,0.11812473711353208,success
524,2000,8,4,0.0,3.100000000000001,0.1,1.0,4.3999999999999995,4,0,77,423,0,0.46017467781656035,0.1121903592704441,success
523,2000,8,4,0.0,3.100000000000001,0.1,1.0,4.199999999999999,4,0,77,423,0,0.46502907620409517,0.11497193494132434,success
525,2000,8,4,0.0,3.100000000000001,0.1,1.0,4.6,4,0,77,423,0,0.4557774114993838,0.1100286760252742,success
526,2000,8,4,0.0,3.100000000000001,0.1,1.0,4.799999999999999,4,0,77,423,0,0.4512845595809826,0.10734121741460749,success
527,2000,8,4,0.0,3.100000000000001,0.1,1.0,4.999999999999999,4,0,77,423,0,0.44738290047982227,0.10540433827338552,success
528,2000,8,4,0.0,3.100000000000001,0.1,1.0,5.199999999999999,4,0,77,423,0,0.44581447877298047,0.10441216498400176,success
529,2000,8,4,0.0,3.100000000000001,0.1,1.0,5.399999999999999,4,0,77,423,0,0.4441376731474184,0.10328329142248853,success
530,2000,8,4,0.0,3.100000000000001,0.1,1.0,5.599999999999999,4,0,77,423,0,0.4427122674227952,0.10244775268839125,success
531,2000,8,4,0.0,3.100000000000001,0.1,1.0,5.799999999999999,4,0,77,423,0,0.4411800025647555,0.10154339474792064,success
532,2000,8,4,0.0,3.100000000000001,0.1,1.0,5.999999999999999,4,0,77,423,0,0.43976614341687187,0.1007966631812454,success
533,2000,8,4,0.0,3.100000000000001,0.1,1.0,6.199999999999999,4,0,77,423,0,0.43922535996831896,0.1003686976148893,success
534,2000,8,4,0.0,3.100000000000001,0.1,1.0,6.399999999999999,4,0,77,423,0,0.4386198539036726,0.09990931072922454,success
535,2000,8,4,0.0,3.100000000000001,0.1,1.0,6.599999999999999,4,0,77,423,0,0.4380979867754835,0.09958088332485188,success
536,2000,8,4,0.0,3.100000000000001,0.1,1.0,6.799999999999999,4,0,77,423,0,0.43751745470445624,0.09919823333111621,success
537,2000,8,4,0.0,3.100000000000001,0.1,1.0,6.999999999999998,4,0,77,423,0,0.4369344343125709,0.09885623900358922,success
538,2000,8,4,0.0,3.100000000000001,0.1,1.0,7.199999999999998,4,0,77,423,0,0.4367436271505642,0.09869658502607108,success
539,2000,8,4,0.0,3.100000000000001,0.1,1.0,7.399999999999999,4,0,77,423,0,0.43650896344226714,0.09852647086792773,success
541,2000,8,4,0.0,3.100000000000001,0.1,1.0,7.799999999999999,4,0,77,423,0,0.43604518558241734,0.09818995296564713,success
540,2000,8,4,0.0,3.100000000000001,0.1,1.0,7.599999999999999,4,0,77,423,0,0.4363209498113876,0.09838406857138286,success
542,2000,8,4,0.0,3.100000000000001,0.1,1.0,7.999999999999998,4,0,77,423,0,0.43587371581358597,0.09808347162891552,success
543,2000,8,4,0.0,3.100000000000001,0.1,1.0,8.2,4,0,77,423,0,0.4357806754092162,0.0980104761238446,success
544,2000,8,4,0.0,3.100000000000001,0.1,1.0,8.399999999999999,4,0,77,423,0,0.43566491057071044,0.09790239494590532,success
546,2000,8,4,0.0,3.100000000000001,0.1,1.0,8.799999999999997,4,0,77,423,0,0.4354925050662921,0.09779192131237276,success
545,2000,8,4,0.0,3.100000000000001,0.1,1.0,8.599999999999998,4,0,77,423,0,0.4355789335141868,0.0978447609939679,success
547,2000,8,4,0.0,3.100000000000001,0.1,1.0,8.999999999999998,4,0,77,423,0,0.43542775090682095,0.09775965395464357,success
548,2000,8,4,0.0,3.100000000000001,0.1,1.0,9.199999999999998,4,0,77,423,0,0.4353601639535714,0.09769659664613929,success
553,2000,8,4,0.0,3.200000000000001,0.1,1.0,1.0,4,445,55,0,0,,,success
554,2000,8,4,0.0,3.200000000000001,0.1,1.0,1.2,4,345,63,92,0,0.821691864477215,0.24378019900154277,success
549,2000,8,4,0.0,3.100000000000001,0.1,1.0,9.399999999999999,4,0,77,423,0,0.43532625637975947,0.09765602788794757,success
555,2000,8,4,0.0,3.200000000000001,0.1,1.0,1.4,4,289,65,146,0,0.7296300732441156,0.25564857084412856,success
556,2000,8,4,0.0,3.200000000000001,0.1,1.0,1.5999999999999999,4,248,81,171,0,0.6508272911697316,0.24707659930272868,success
550,2000,8,4,0.0,3.100000000000001,0.1,1.0,9.599999999999998,4,0,77,423,0,0.43530217846612984,0.09763983987675527,success
557,2000,8,4,0.0,3.200000000000001,0.1,1.0,1.7999999999999998,4,212,81,207,0,0.6248984991108064,0.2351951916834629,success
558,2000,8,4,0.0,3.200000000000001,0.1,1.0,1.9999999999999998,4,171,86,243,0,0.6129532216075937,0.22080981381784695,success
551,2000,8,4,0.0,3.100000000000001,0.1,1.0,9.799999999999997,4,0,77,423,0,0.43526524377070636,0.09761154136984729,success
559,2000,8,4,0.0,3.200000000000001,0.1,1.0,2.1999999999999997,4,118,87,295,0,0.6077117526877305,0.20688639647399357,success
552,2000,8,4,0.0,3.100000000000001,0.1,1.0,9.999999999999998,4,0,77,423,0,0.4352148856397519,0.09756515038629893,success
560,2000,8,4,0.0,3.200000000000001,0.1,1.0,2.3999999999999995,4,73,92,335,0,0.5918108528122173,0.19912223044336708,success
561,2000,8,4,0.0,3.200000000000001,0.1,1.0,2.5999999999999996,4,42,94,364,0,0.5700459744394062,0.18049160732055192,success
562,2000,8,4,0.0,3.200000000000001,0.1,1.0,2.8,4,24,97,379,0,0.5516118207230035,0.1653858484775979,success
563,2000,8,4,0.0,3.200000000000001,0.1,1.0,2.9999999999999996,4,8,97,395,0,0.5379839590642722,0.15564692626586948,success
564,2000,8,4,0.0,3.200000000000001,0.1,1.0,3.1999999999999993,4,4,98,398,0,0.5194663319212942,0.14525680910111557,success
565,2000,8,4,0.0,3.200000000000001,0.1,1.0,3.3999999999999995,4,3,100,397,0,0.502897258068845,0.13609182070740283,success
566,2000,8,4,0.0,3.200000000000001,0.1,1.0,3.5999999999999996,4,1,100,399,0,0.4886650863846825,0.12988612317731302,success
567,2000,8,4,0.0,3.200000000000001,0.1,1.0,3.7999999999999994,4,0,100,400,0,0.4753428594005008,0.12342927399946017,success
569,2000,8,4,0.0,3.200000000000001,0.1,1.0,4.199999999999999,4,0,100,400,0,0.45826921903129775,0.11464866683425565,success
568,2000,8,4,0.0,3.200000000000001,0.1,1.0,3.999999999999999,4,0,100,400,0,0.46337871954185855,0.11783441101289746,success
570,2000,8,4,0.0,3.200000000000001,0.1,1.0,4.3999999999999995,4,0,100,400,0,0.45348717882266326,0.11194381623880217,success
571,2000,8,4,0.0,3.200000000000001,0.1,1.0,4.6,4,0,100,400,0,0.44927449282613435,0.10973197040132322,success
573,2000,8,4,0.0,3.200000000000001,0.1,1.0,4.999999999999999,4,0,100,400,0,0.441156679495374,0.10517346438385301,success
574,2000,8,4,0.0,3.200000000000001,0.1,1.0,5.199999999999999,4,0,100,400,0,0.4396507499168093,0.1042003648144629,success
572,2000,8,4,0.0,3.200000000000001,0.1,1.0,4.799999999999999,4,0,100,400,0,0.4449002774390276,0.10711906892735933,success
575,2000,8,4,0.0,3.200000000000001,0.1,1.0,5.399999999999999,4,0,100,400,0,0.43803444906638334,0.10303230171528716,success
576,2000,8,4,0.0,3.200000000000001,0.1,1.0,5.599999999999999,4,0,100,400,0,0.4366843035466063,0.1021966219008059,success
577,2000,8,4,0.0,3.200000000000001,0.1,1.0,5.799999999999999,4,0,100,400,0,0.4352026238062568,0.1012971947781414,success
579,2000,8,4,0.0,3.200000000000001,0.1,1.0,6.199999999999999,4,0,100,400,0,0.4333299240296502,0.10012294949690731,success
578,2000,8,4,0.0,3.200000000000001,0.1,1.0,5.999999999999999,4,0,100,400,0,0.433850379671556,0.10054233872168701,success
580,2000,8,4,0.0,3.200000000000001,0.1,1.0,6.399999999999999,4,0,100,400,0,0.43275109816845764,0.09966934435314206,success
581,2000,8,4,0.0,3.200000000000001,0.1,1.0,6.599999999999999,4,0,100,400,0,0.43223884918549005,0.09935218031967687,success
582,2000,8,4,0.0,3.200000000000001,0.1,1.0,6.799999999999999,4,0,100,400,0,0.43169203421706953,0.09899203594872477,success
583,2000,8,4,0.0,3.200000000000001,0.1,1.0,6.999999999999998,4,0,100,400,0,0.4311810345102903,0.09868720827611252,success
584,2000,8,4,0.0,3.200000000000001,0.1,1.0,7.199999999999998,4,0,100,400,0,0.4309746389765578,0.09852489690731385,success
585,2000,8,4,0.0,3.200000000000001,0.1,1.0,7.399999999999999,4,0,100,400,0,0.430752629885775,0.09832819269286888,success
586,2000,8,4,0.0,3.200000000000001,0.1,1.0,7.599999999999999,4,0,100,400,0,0.4305670769077753,0.09818562436237699,success
587,2000,8,4,0.0,3.200000000000001,0.1,1.0,7.799999999999999,4,0,100,400,0,0.4303354051631746,0.09801150598189531,success
588,2000,8,4,0.0,3.200000000000001,0.1,1.0,7.999999999999998,4,0,100,400,0,0.4301640902864435,0.09789871002708277,success
589,2000,8,4,0.0,3.200000000000001,0.1,1.0,8.2,4,0,100,400,0,0.43007261569425687,0.09783645515226914,success
590,2000,8,4,0.0,3.200000000000001,0.1,1.0,8.399999999999999,4,0,100,400,0,0.42995925840190563,0.0977112954017989,success
591,2000,8,4,0.0,3.200000000000001,0.1,1.0,8.599999999999998,4,0,100,400,0,0.42986975531135846,0.09764972895037476,success
599,2000,8,4,0.0,3.300000000000001,0.1,1.0,1.0,4,431,69,0,0,,,success
592,2000,8,4,0.0,3.200000000000001,0.1,1.0,8.799999999999997,4,0,100,400,0,0.4298019186932279,0.09760418373109228,success
593,2000,8,4,0.0,3.200000000000001,0.1,1.0,8.999999999999998,4,0,100,400,0,0.4297336783258466,0.09757843125450875,success
594,2000,8,4,0.0,3.200000000000001,0.1,1.0,9.199999999999998,4,0,100,400,0,0.4296830226642098,0.09752972234369875,success
595,2000,8,4,0.0,3.200000000000001,0.1,1.0,9.399999999999999,4,0,100,400,0,0.429652729087276,0.09748799906645017,success
596,2000,8,4,0.0,3.200000000000001,0.1,1.0,9.599999999999998,4,0,100,400,0,0.4296243991184302,0.09746547434342309,success
597,2000,8,4,0.0,3.200000000000001,0.1,1.0,9.799999999999997,4,0,100,400,0,0.42955641221012947,0.09740146499275594,success
598,2000,8,4,0.0,3.200000000000001,0.1,1.0,9.999999999999998,4,0,100,400,0,0.42951911653503844,0.09737923251526136,success
600,2000,8,4,0.0,3.300000000000001,0.1,1.0,1.2,4,327,79,94,0,0.8045525045776211,0.25583177379290434,success
601,2000,8,4,0.0,3.300000000000001,0.1,1.0,1.4,4,262,83,155,0,0.723632846123131,0.26116545736357416,success
602,2000,8,4,0.0,3.300000000000001,0.1,1.0,1.5999999999999999,4,219,92,189,0,0.6504362378774206,0.26025621204894445,success
603,2000,8,4,0.0,3.300000000000001,0.1,1.0,1.7999999999999998,4,192,97,211,0,0.6024348065774511,0.23770591610610395,success
604,2000,8,4,0.0,3.300000000000001,0.1,1.0,1.9999999999999998,4,163,98,239,0,0.5873671344700739,0.22474866164399304,success
605,2000,8,4,0.0,3.300000000000001,0.1,1.0,2.1999999999999997,4,110,103,287,0,0.5790535255597726,0.2105549576698531,success
606,2000,8,4,0.0,3.300000000000001,0.1,1.0,2.3999999999999995,4,71,106,323,0,0.5588289905963791,0.19681162602518243,success
607,2000,8,4,0.0,3.300000000000001,0.1,1.0,2.5999999999999996,4,37,110,353,0,0.5457898126754643,0.18272603140943475,success
608,2000,8,4,0.0,3.300000000000001,0.1,1.0,2.8,4,18,115,367,0,0.528275985537454,0.16571628065910876,success
609,2000,8,4,0.0,3.300000000000001,0.1,1.0,2.9999999999999996,4,8,116,376,0,0.5137203676068836,0.15390459055036826,success
611,2000,8,4,0.0,3.300000000000001,0.1,1.0,3.3999999999999995,4,3,116,381,0,0.4837387306864262,0.1376163870924635,success
610,2000,8,4,0.0,3.300000000000001,0.1,1.0,3.1999999999999993,4,4,116,380,0,0.49861637069216264,0.14610845335826117,success
612,2000,8,4,0.0,3.300000000000001,0.1,1.0,3.5999999999999996,4,1,116,383,0,0.47131479573895,0.13199369243034176,success
613,2000,8,4,0.0,3.300000000000001,0.1,1.0,3.7999999999999994,4,0,116,384,0,0.45995908026778637,0.12613176939669618,success
614,2000,8,4,0.0,3.300000000000001,0.1,1.0,3.999999999999999,4,0,116,384,0,0.4491659894679186,0.12079364018221714,success
615,2000,8,4,0.0,3.300000000000001,0.1,1.0,4.199999999999999,4,0,116,384,0,0.4445229123528452,0.11763732119859541,success
619,2000,8,4,0.0,3.300000000000001,0.1,1.0,4.999999999999999,4,0,116,384,0,0.4285713555737676,0.108429858135952,success
616,2000,8,4,0.0,3.300000000000001,0.1,1.0,4.3999999999999995,4,0,116,384,0,0.44008678755022307,0.11501888094528269,success
620,2000,8,4,0.0,3.300000000000001,0.1,1.0,5.199999999999999,4,0,116,384,0,0.4272733871957258,0.10758853921727021,success
621,2000,8,4,0.0,3.300000000000001,0.1,1.0,5.399999999999999,4,0,116,384,0,0.4257430780831383,0.10635234674272091,success
618,2000,8,4,0.0,3.300000000000001,0.1,1.0,4.799999999999999,4,0,116,384,0,0.43201881772677275,0.11032338249970276,success
617,2000,8,4,0.0,3.300000000000001,0.1,1.0,4.6,4,0,116,384,0,0.43606185407227177,0.11279696046622457,success
622,2000,8,4,0.0,3.300000000000001,0.1,1.0,5.599999999999999,4,0,116,384,0,0.42451831604552587,0.10557041169165635,success
623,2000,8,4,0.0,3.300000000000001,0.1,1.0,5.799999999999999,4,0,116,384,0,0.423094092417994,0.10461690312259161,success
624,2000,8,4,0.0,3.300000000000001,0.1,1.0,5.999999999999999,4,0,116,384,0,0.42182224351028985,0.103827947300693,success
625,2000,8,4,0.0,3.300000000000001,0.1,1.0,6.199999999999999,4,0,116,384,0,0.4213790831431945,0.10346116687511946,success
626,2000,8,4,0.0,3.300000000000001,0.1,1.0,6.399999999999999,4,0,116,384,0,0.42080091628339256,0.10297372258673582,success
627,2000,8,4,0.0,3.300000000000001,0.1,1.0,6.599999999999999,4,0,116,384,0,0.420336851395355,0.10264403706450152,success
628,2000,8,4,0.0,3.300000000000001,0.1,1.0,6.799999999999999,4,0,116,384,0,0.41985087904661605,0.10228544157270178,success
645,2000,8,4,0.0,3.4000000000000012,0.1,1.0,1.0,4,418,82,0,0,,,success
629,2000,8,4,0.0,3.300000000000001,0.1,1.0,6.999999999999998,4,0,116,384,0,0.419339359632255,0.10193698078189088,success
630,2000,8,4,0.0,3.300000000000001,0.1,1.0,7.199999999999998,4,0,116,384,0,0.41918850587884116,0.10180966602714468,success
631,2000,8,4,0.0,3.300000000000001,0.1,1.0,7.399999999999999,4,0,116,384,0,0.41898898210156577,0.10162654973439349,success
632,2000,8,4,0.0,3.300000000000001,0.1,1.0,7.599999999999999,4,0,116,384,0,0.4187809710019114,0.10144444534933936,success
633,2000,8,4,0.0,3.300000000000001,0.1,1.0,7.799999999999999,4,0,116,384,0,0.4185790313492454,0.10129828294343732,success
634,2000,8,4,0.0,3.300000000000001,0.1,1.0,7.999999999999998,4,0,116,384,0,0.4184300041220714,0.10119414394554646,success
635,2000,8,4,0.0,3.300000000000001,0.1,1.0,8.2,4,0,116,384,0,0.41832773258431527,0.10111530850960132,success
636,2000,8,4,0.0,3.300000000000001,0.1,1.0,8.399999999999999,4,0,116,384,0,0.4182924334469937,0.10108643128650308,success
637,2000,8,4,0.0,3.300000000000001,0.1,1.0,8.599999999999998,4,0,116,384,0,0.41819970862245687,0.10100816942851826,success
646,2000,8,4,0.0,3.4000000000000012,0.1,1.0,1.2,4,308,98,94,0,0.8207843114753288,0.2501515557006821,success
638,2000,8,4,0.0,3.300000000000001,0.1,1.0,8.799999999999997,4,0,116,384,0,0.41811165129568134,0.10092922903082041,success
647,2000,8,4,0.0,3.4000000000000012,0.1,1.0,1.4,4,238,109,153,0,0.7229982297530954,0.2629196062962986,success
639,2000,8,4,0.0,3.300000000000001,0.1,1.0,8.999999999999998,4,0,116,384,0,0.4180573192012413,0.10089247062185557,success
640,2000,8,4,0.0,3.300000000000001,0.1,1.0,9.199999999999998,4,0,116,384,0,0.4180365418816699,0.10087501275997,success
641,2000,8,4,0.0,3.300000000000001,0.1,1.0,9.399999999999999,4,0,116,384,0,0.41799306929013264,0.10082185884633556,success
643,2000,8,4,0.0,3.300000000000001,0.1,1.0,9.799999999999997,4,0,116,384,0,0.41792433249022426,0.10077190662562367,success
642,2000,8,4,0.0,3.300000000000001,0.1,1.0,9.599999999999998,4,0,116,384,0,0.41796732774118733,0.10080305787034563,success
644,2000,8,4,0.0,3.300000000000001,0.1,1.0,9.999999999999998,4,0,116,384,0,0.417874210787291,0.10072329554799343,success
648,2000,8,4,0.0,3.4000000000000012,0.1,1.0,1.5999999999999999,4,198,115,187,0,0.6562383701875873,0.268105811712684,success
649,2000,8,4,0.0,3.4000000000000012,0.1,1.0,1.7999999999999998,4,171,110,219,0,0.6017812384456425,0.24753692030250202,success
650,2000,8,4,0.0,3.4000000000000012,0.1,1.0,1.9999999999999998,4,146,115,239,0,0.5853942524371738,0.226529984914943,success
651,2000,8,4,0.0,3.4000000000000012,0.1,1.0,2.1999999999999997,4,96,128,276,0,0.5742017062581286,0.2161075154997524,success
652,2000,8,4,0.0,3.4000000000000012,0.1,1.0,2.3999999999999995,4,61,124,315,0,0.5478120254460993,0.19924202001175345,success
653,2000,8,4,0.0,3.4000000000000012,0.1,1.0,2.5999999999999996,4,34,131,335,0,0.5309122177083129,0.18445094987609895,success
654,2000,8,4,0.0,3.4000000000000012,0.1,1.0,2.8,4,13,138,349,0,0.516122070073692,0.16962533955932874,success
655,2000,8,4,0.0,3.4000000000000012,0.1,1.0,2.9999999999999996,4,6,137,357,0,0.4981644922987613,0.15550296611675818,success
656,2000,8,4,0.0,3.4000000000000012,0.1,1.0,3.1999999999999993,4,2,138,360,0,0.48514573767443303,0.14833833559185997,success
657,2000,8,4,0.0,3.4000000000000012,0.1,1.0,3.3999999999999995,4,2,138,360,0,0.47121747502004624,0.1392552902179495,success
658,2000,8,4,0.0,3.4000000000000012,0.1,1.0,3.5999999999999996,4,1,138,361,0,0.45836536956471796,0.1316446944071424,success
659,2000,8,4,0.0,3.4000000000000012,0.1,1.0,3.7999999999999994,4,0,138,362,0,0.44797136509134056,0.12651973030592664,success
660,2000,8,4,0.0,3.4000000000000012,0.1,1.0,3.999999999999999,4,0,138,362,0,0.4383365731866011,0.12126634090247794,success
661,2000,8,4,0.0,3.4000000000000012,0.1,1.0,4.199999999999999,4,0,138,362,0,0.43394188280041274,0.11824809528807072,success
662,2000,8,4,0.0,3.4000000000000012,0.1,1.0,4.3999999999999995,4,0,138,362,0,0.42993956966607283,0.1158360393497581,success
663,2000,8,4,0.0,3.4000000000000012,0.1,1.0,4.6,4,0,138,362,0,0.4261677970994953,0.1137289539749041,success
664,2000,8,4,0.0,3.4000000000000012,0.1,1.0,4.799999999999999,4,0,138,362,0,0.42234781652181314,0.11138014547469836,success
666,2000,8,4,0.0,3.4000000000000012,0.1,1.0,5.199999999999999,4,0,138,362,0,0.4178896563454573,0.10864612943056136,success
665,2000,8,4,0.0,3.4000000000000012,0.1,1.0,4.999999999999999,4,0,138,362,0,0.41912575419435316,0.10947049461188953,success
667,2000,8,4,0.0,3.4000000000000012,0.1,1.0,5.399999999999999,4,0,138,362,0,0.4164592850069849,0.1074690645510867,success
668,2000,8,4,0.0,3.4000000000000012,0.1,1.0,5.599999999999999,4,0,138,362,0,0.41532760625673837,0.10669861853730755,success
671,2000,8,4,0.0,3.4000000000000012,0.1,1.0,6.199999999999999,4,0,138,362,0,0.41235005383963613,0.10462825939452466,success
670,2000,8,4,0.0,3.4000000000000012,0.1,1.0,5.999999999999999,4,0,138,362,0,0.41275079121789005,0.10498127978305306,success
669,2000,8,4,0.0,3.4000000000000012,0.1,1.0,5.799999999999999,4,0,138,362,0,0.4139399293368132,0.10574676944018602,success
672,2000,8,4,0.0,3.4000000000000012,0.1,1.0,6.399999999999999,4,0,138,362,0,0.41176334253173386,0.10409993587695658,success
673,2000,8,4,0.0,3.4000000000000012,0.1,1.0,6.599999999999999,4,0,138,362,0,0.41140640889840346,0.10386376437210587,success
674,2000,8,4,0.0,3.4000000000000012,0.1,1.0,6.799999999999999,4,0,138,362,0,0.41089360792638235,0.10343495926532943,success
691,2000,8,4,0.0,3.5000000000000013,0.1,1.0,1.0,4,400,100,0,0,,,success
676,2000,8,4,0.0,3.4000000000000012,0.1,1.0,7.199999999999998,4,0,138,362,0,0.41025441494493486,0.10298008196739274,success
675,2000,8,4,0.0,3.4000000000000012,0.1,1.0,6.999999999999998,4,0,138,362,0,0.41044435809672675,0.10314979692949901,success
677,2000,8,4,0.0,3.4000000000000012,0.1,1.0,7.399999999999999,4,0,138,362,0,0.41009820854124296,0.1028279338880499,success
678,2000,8,4,0.0,3.4000000000000012,0.1,1.0,7.599999999999999,4,0,138,362,0,0.40991539654779047,0.102674116524098,success
679,2000,8,4,0.0,3.4000000000000012,0.1,1.0,7.799999999999999,4,0,138,362,0,0.4097317984130094,0.10253064066150004,success
680,2000,8,4,0.0,3.4000000000000012,0.1,1.0,7.999999999999998,4,0,138,362,0,0.4095845723217214,0.10241800387049085,success
681,2000,8,4,0.0,3.4000000000000012,0.1,1.0,8.2,4,0,138,362,0,0.4095279722751867,0.10237178037019781,success
682,2000,8,4,0.0,3.4000000000000012,0.1,1.0,8.399999999999999,4,0,138,362,0,0.40945031653198444,0.10229724516632908,success
692,2000,8,4,0.0,3.5000000000000013,0.1,1.0,1.2,4,292,120,88,0,0.8001777264924269,0.2707903647754384,success
683,2000,8,4,0.0,3.4000000000000012,0.1,1.0,8.599999999999998,4,0,138,362,0,0.409385534437781,0.10224602186150825,success
684,2000,8,4,0.0,3.4000000000000012,0.1,1.0,8.799999999999997,4,0,138,362,0,0.40929783049354324,0.10215345751035722,success
693,2000,8,4,0.0,3.5000000000000013,0.1,1.0,1.4,4,217,133,150,0,0.6994030607797879,0.2773549867897167,success
685,2000,8,4,0.0,3.4000000000000012,0.1,1.0,8.999999999999998,4,0,138,362,0,0.4092581673654634,0.10214827995321353,success
686,2000,8,4,0.0,3.4000000000000012,0.1,1.0,9.199999999999998,4,0,138,362,0,0.40923085282526733,0.10212237931305221,success
687,2000,8,4,0.0,3.4000000000000012,0.1,1.0,9.399999999999999,4,0,138,362,0,0.4091912432644495,0.1020629440443495,success
694,2000,8,4,0.0,3.5000000000000013,0.1,1.0,1.5999999999999999,4,174,137,189,0,0.6556426559920163,0.28269103709594756,success
688,2000,8,4,0.0,3.4000000000000012,0.1,1.0,9.599999999999998,4,0,138,362,0,0.40915822565054727,0.10203462952170404,success
689,2000,8,4,0.0,3.4000000000000012,0.1,1.0,9.799999999999997,4,0,138,362,0,0.4091266608440971,0.10200754449151402,success
695,2000,8,4,0.0,3.5000000000000013,0.1,1.0,1.7999999999999998,4,153,135,212,0,0.5994679203876818,0.2600133751641504,success
690,2000,8,4,0.0,3.4000000000000012,0.1,1.0,9.999999999999998,4,0,138,362,0,0.4090854493180493,0.10196155685651787,success
696,2000,8,4,0.0,3.5000000000000013,0.1,1.0,1.9999999999999998,4,132,142,226,0,0.5646157248136313,0.22276965467704862,success
697,2000,8,4,0.0,3.5000000000000013,0.1,1.0,2.1999999999999997,4,84,156,260,0,0.5515121176868049,0.2155933568288861,success
698,2000,8,4,0.0,3.5000000000000013,0.1,1.0,2.3999999999999995,4,54,156,290,0,0.527435498659212,0.19804720826528024,success
699,2000,8,4,0.0,3.5000000000000013,0.1,1.0,2.5999999999999996,4,29,161,310,0,0.5115203135029546,0.18575173578352422,success
700,2000,8,4,0.0,3.5000000000000013,0.1,1.0,2.8,4,12,167,321,0,0.4947266648744828,0.17121015397380263,success
701,2000,8,4,0.0,3.5000000000000013,0.1,1.0,2.9999999999999996,4,5,167,328,0,0.48030860383318297,0.15984763475964603,success
702,2000,8,4,0.0,3.5000000000000013,0.1,1.0,3.1999999999999993,4,1,166,333,0,0.4687213506462611,0.15321657831621266,success
703,2000,8,4,0.0,3.5000000000000013,0.1,1.0,3.3999999999999995,4,3,167,330,0,0.45282308993873194,0.1392164496704185,success
704,2000,8,4,0.0,3.5000000000000013,0.1,1.0,3.5999999999999996,4,0,167,333,0,0.444862624435747,0.136195600125798,success
705,2000,8,4,0.0,3.5000000000000013,0.1,1.0,3.7999999999999994,4,0,167,333,0,0.4341926383603431,0.1282958778277133,success
706,2000,8,4,0.0,3.5000000000000013,0.1,1.0,3.999999999999999,4,0,167,333,0,0.4254320096887436,0.12346323225497903,success
707,2000,8,4,0.0,3.5000000000000013,0.1,1.0,4.199999999999999,4,0,167,333,0,0.42141741282308154,0.12061513037529094,success
708,2000,8,4,0.0,3.5000000000000013,0.1,1.0,4.3999999999999995,4,0,167,333,0,0.417749990715437,0.11831956779793823,success
709,2000,8,4,0.0,3.5000000000000013,0.1,1.0,4.6,4,0,167,333,0,0.4143801991091512,0.1161242288027366,success
710,2000,8,4,0.0,3.5000000000000013,0.1,1.0,4.799999999999999,4,0,167,333,0,0.4110586093824548,0.1138693388511593,success
716,2000,8,4,0.0,3.5000000000000013,0.1,1.0,5.999999999999999,4,0,167,333,0,0.40207920358774607,0.10731605641344834,success
711,2000,8,4,0.0,3.5000000000000013,0.1,1.0,4.999999999999999,4,0,167,333,0,0.40809713050800983,0.11187283874850264,success
715,2000,8,4,0.0,3.5000000000000013,0.1,1.0,5.799999999999999,4,0,167,333,0,0.40322859022479335,0.10812394982738371,success
717,2000,8,4,0.0,3.5000000000000013,0.1,1.0,6.199999999999999,4,0,167,333,0,0.4017094439253203,0.10698653597370275,success
714,2000,8,4,0.0,3.5000000000000013,0.1,1.0,5.599999999999999,4,0,167,333,0,0.4044891394970967,0.10905754384699026,success
713,2000,8,4,0.0,3.5000000000000013,0.1,1.0,5.399999999999999,4,0,167,333,0,0.40553768530785456,0.10983465883742106,success
712,2000,8,4,0.0,3.5000000000000013,0.1,1.0,5.199999999999999,4,0,167,333,0,0.4069391860989504,0.11100241765136644,success
718,2000,8,4,0.0,3.5000000000000013,0.1,1.0,6.399999999999999,4,0,167,333,0,0.40120931298173823,0.10648685843710422,success
719,2000,8,4,0.0,3.5000000000000013,0.1,1.0,6.599999999999999,4,0,167,333,0,0.4008014818441813,0.10618259174701822,success
720,2000,8,4,0.0,3.5000000000000013,0.1,1.0,6.799999999999999,4,0,167,333,0,0.40037230061978374,0.1058047279770549,success
721,2000,8,4,0.0,3.5000000000000013,0.1,1.0,6.999999999999998,4,0,167,333,0,0.3999578596099438,0.1055145521290197,success
722,2000,8,4,0.0,3.5000000000000013,0.1,1.0,7.199999999999998,4,0,167,333,0,0.3997863011555852,0.10534660068033258,success
723,2000,8,4,0.0,3.5000000000000013,0.1,1.0,7.399999999999999,4,0,167,333,0,0.3996497539253763,0.10521061055894433,success
724,2000,8,4,0.0,3.5000000000000013,0.1,1.0,7.599999999999999,4,0,167,333,0,0.39946937270700056,0.10504529671446289,success
737,2000,8,4,0.0,3.6000000000000014,0.1,1.0,1.0,4,383,117,0,0,,,success
725,2000,8,4,0.0,3.5000000000000013,0.1,1.0,7.799999999999999,4,0,167,333,0,0.3993065438243291,0.10491305256882462,success
738,2000,8,4,0.0,3.6000000000000014,0.1,1.0,1.2,4,275,142,83,0,0.7950708053885993,0.2837026022014541,success
726,2000,8,4,0.0,3.5000000000000013,0.1,1.0,7.999999999999998,4,0,167,333,0,0.39917450069624705,0.10480718892208969,success
727,2000,8,4,0.0,3.5000000000000013,0.1,1.0,8.2,4,0,167,333,0,0.3991052649768954,0.10474310275487066,success
739,2000,8,4,0.0,3.6000000000000014,0.1,1.0,1.4,4,201,156,143,0,0.7082973610167173,0.27847349397226084,success
740,2000,8,4,0.0,3.6000000000000014,0.1,1.0,1.5999999999999999,4,157,161,182,0,0.6533013490991895,0.28809493230620353,success
728,2000,8,4,0.0,3.5000000000000013,0.1,1.0,8.399999999999999,4,0,167,333,0,0.3990179928348938,0.10463857651931141,success
729,2000,8,4,0.0,3.5000000000000013,0.1,1.0,8.599999999999998,4,0,167,333,0,0.39897523379260913,0.10462322687441511,success
730,2000,8,4,0.0,3.5000000000000013,0.1,1.0,8.799999999999997,4,0,167,333,0,0.39890732620414304,0.10455303357181296,success
741,2000,8,4,0.0,3.6000000000000014,0.1,1.0,1.7999999999999998,4,138,159,203,0,0.5934062420265986,0.2659250755884307,success
731,2000,8,4,0.0,3.5000000000000013,0.1,1.0,8.999999999999998,4,0,167,333,0,0.3988468798065989,0.10451368462283123,success
732,2000,8,4,0.0,3.5000000000000013,0.1,1.0,9.199999999999998,4,0,167,333,0,0.39880970167479,0.10447519649646886,success
733,2000,8,4,0.0,3.5000000000000013,0.1,1.0,9.399999999999999,4,0,167,333,0,0.39877823527944345,0.10443061055837062,success
734,2000,8,4,0.0,3.5000000000000013,0.1,1.0,9.599999999999998,4,0,167,333,0,0.39874218013669743,0.10439767764783725,success
735,2000,8,4,0.0,3.5000000000000013,0.1,1.0,9.799999999999997,4,0,167,333,0,0.3987246574438105,0.10438126522759403,success
736,2000,8,4,0.0,3.5000000000000013,0.1,1.0,9.999999999999998,4,0,167,333,0,0.3986790761966568,0.10433256785575515,success
742,2000,8,4,0.0,3.6000000000000014,0.1,1.0,1.9999999999999998,4,119,166,215,0,0.5524263576031134,0.23020672011477972,success
743,2000,8,4,0.0,3.6000000000000014,0.1,1.0,2.1999999999999997,4,75,181,244,0,0.5328891216795262,0.21844023937008136,success
744,2000,8,4,0.0,3.6000000000000014,0.1,1.0,2.3999999999999995,4,45,182,273,0,0.5143900775633551,0.21106216922454737,success
745,2000,8,4,0.0,3.6000000000000014,0.1,1.0,2.5999999999999996,4,26,186,288,0,0.4893775176837849,0.18978206680708096,success
747,2000,8,4,0.0,3.6000000000000014,0.1,1.0,2.9999999999999996,4,5,193,302,0,0.4574671745688271,0.16167454422668207,success
746,2000,8,4,0.0,3.6000000000000014,0.1,1.0,2.8,4,10,194,296,0,0.4751366270872464,0.177300532931672,success
749,2000,8,4,0.0,3.6000000000000014,0.1,1.0,3.3999999999999995,4,3,193,304,0,0.43325913844345926,0.1425669687438013,success
748,2000,8,4,0.0,3.6000000000000014,0.1,1.0,3.1999999999999993,4,1,193,306,0,0.4479470642019196,0.15615313269846345,success
750,2000,8,4,0.0,3.6000000000000014,0.1,1.0,3.5999999999999996,4,0,193,307,0,0.4264648064040492,0.14053310906383534,success
751,2000,8,4,0.0,3.6000000000000014,0.1,1.0,3.7999999999999994,4,0,193,307,0,0.4169259744817055,0.13322150343175473,success
752,2000,8,4,0.0,3.6000000000000014,0.1,1.0,3.999999999999999,4,0,193,307,0,0.40896972337798204,0.1281968301035172,success
753,2000,8,4,0.0,3.6000000000000014,0.1,1.0,4.199999999999999,4,0,193,307,0,0.4052902044989633,0.12555898048899636,success
754,2000,8,4,0.0,3.6000000000000014,0.1,1.0,4.3999999999999995,4,0,193,307,0,0.4020520729595438,0.12327433700059952,success
755,2000,8,4,0.0,3.6000000000000014,0.1,1.0,4.6,4,0,193,307,0,0.3990717388900994,0.12126244112669735,success
756,2000,8,4,0.0,3.6000000000000014,0.1,1.0,4.799999999999999,4,0,193,307,0,0.39619825590757207,0.11917122420115593,success
757,2000,8,4,0.0,3.6000000000000014,0.1,1.0,4.999999999999999,4,0,193,307,0,0.3935502083251496,0.1173281058497439,success
758,2000,8,4,0.0,3.6000000000000014,0.1,1.0,5.199999999999999,4,0,193,307,0,0.39242896960662144,0.11641073832544187,success
762,2000,8,4,0.0,3.6000000000000014,0.1,1.0,5.999999999999999,4,0,193,307,0,0.3879876459279834,0.11292929456683211,success
761,2000,8,4,0.0,3.6000000000000014,0.1,1.0,5.799999999999999,4,0,193,307,0,0.3890382067811031,0.11367366723022702,success
760,2000,8,4,0.0,3.6000000000000014,0.1,1.0,5.599999999999999,4,0,193,307,0,0.39019611032393303,0.11458153431642175,success
759,2000,8,4,0.0,3.6000000000000014,0.1,1.0,5.399999999999999,4,0,193,307,0,0.3911600280180066,0.11533243974587501,success
763,2000,8,4,0.0,3.6000000000000014,0.1,1.0,6.199999999999999,4,0,193,307,0,0.3876348915724007,0.1125875579496653,success
783,2000,8,4,0.0,3.7000000000000015,0.1,1.0,1.0,4,361,139,0,0,,,success
784,2000,8,4,0.0,3.7000000000000015,0.1,1.0,1.2,4,249,160,91,0,0.8170654439460201,0.2763253962407279,success
764,2000,8,4,0.0,3.6000000000000014,0.1,1.0,6.399999999999999,4,0,193,307,0,0.38718907981203204,0.11211490761418898,success
765,2000,8,4,0.0,3.6000000000000014,0.1,1.0,6.599999999999999,4,0,193,307,0,0.38685208975154856,0.11186974111021464,success
785,2000,8,4,0.0,3.7000000000000015,0.1,1.0,1.4,4,176,172,152,0,0.7343937170280789,0.2881956317222897,success
766,2000,8,4,0.0,3.6000000000000014,0.1,1.0,6.799999999999999,4,0,193,307,0,0.3864389454465269,0.11148807802484607,success
767,2000,8,4,0.0,3.6000000000000014,0.1,1.0,6.999999999999998,4,0,193,307,0,0.38604991418035617,0.11118310475636398,success
786,2000,8,4,0.0,3.7000000000000015,0.1,1.0,1.5999999999999999,4,130,181,189,0,0.6552970043883004,0.2886842997580497,success
768,2000,8,4,0.0,3.6000000000000014,0.1,1.0,7.199999999999998,4,0,193,307,0,0.3858762168259152,0.11100941032057256,success
769,2000,8,4,0.0,3.6000000000000014,0.1,1.0,7.399999999999999,4,0,193,307,0,0.38574311626796826,0.1108694351475711,success
770,2000,8,4,0.0,3.6000000000000014,0.1,1.0,7.599999999999999,4,0,193,307,0,0.3855988482474259,0.11073594355787235,success
771,2000,8,4,0.0,3.6000000000000014,0.1,1.0,7.799999999999999,4,0,193,307,0,0.3854841341964855,0.11065032978100152,success
772,2000,8,4,0.0,3.6000000000000014,0.1,1.0,7.999999999999998,4,0,193,307,0,0.3853423004610794,0.1105262632650161,success
787,2000,8,4,0.0,3.7000000000000015,0.1,1.0,1.7999999999999998,4,114,183,203,0,0.5891281016889074,0.2719507132845662,success
773,2000,8,4,0.0,3.6000000000000014,0.1,1.0,8.2,4,0,193,307,0,0.38528887400313283,0.11048151238518633,success
774,2000,8,4,0.0,3.6000000000000014,0.1,1.0,8.399999999999999,4,0,193,307,0,0.3851872007822621,0.11036444195251843,success
788,2000,8,4,0.0,3.7000000000000015,0.1,1.0,1.9999999999999998,4,102,194,204,0,0.5449511584607064,0.23991388762925756,success
775,2000,8,4,0.0,3.6000000000000014,0.1,1.0,8.599999999999998,4,0,193,307,0,0.38515523476909336,0.11035071936386401,success
776,2000,8,4,0.0,3.6000000000000014,0.1,1.0,8.799999999999997,4,0,193,307,0,0.38509043319487984,0.11028520159331709,success
777,2000,8,4,0.0,3.6000000000000014,0.1,1.0,8.999999999999998,4,0,193,307,0,0.38506155491003297,0.11026445445203105,success
778,2000,8,4,0.0,3.6000000000000014,0.1,1.0,9.199999999999998,4,0,193,307,0,0.38501851493987777,0.11021355748238991,success
779,2000,8,4,0.0,3.6000000000000014,0.1,1.0,9.399999999999999,4,0,193,307,0,0.3849751101867318,0.11016264763918993,success
780,2000,8,4,0.0,3.6000000000000014,0.1,1.0,9.599999999999998,4,0,193,307,0,0.38497699056144685,0.11017538542201057,success
781,2000,8,4,0.0,3.6000000000000014,0.1,1.0,9.799999999999997,4,0,193,307,0,0.3849615725502641,0.11014979273038836,success
782,2000,8,4,0.0,3.6000000000000014,0.1,1.0,9.999999999999998,4,0,193,307,0,0.3849260546152461,0.11010816895579194,success
789,2000,8,4,0.0,3.7000000000000015,0.1,1.0,2.1999999999999997,4,60,209,231,0,0.5233590126152435,0.2232513361727917,success
790,2000,8,4,0.0,3.7000000000000015,0.1,1.0,2.3999999999999995,4,31,210,259,0,0.5057874189949669,0.22093569954695486,success
791,2000,8,4,0.0,3.7000000000000015,0.1,1.0,2.5999999999999996,4,18,215,267,0,0.47396344630954,0.19184444299770895,success
792,2000,8,4,0.0,3.7000000000000015,0.1,1.0,2.8,4,7,221,272,0,0.4537217146024261,0.17280980069882457,success
793,2000,8,4,0.0,3.7000000000000015,0.1,1.0,2.9999999999999996,4,4,221,275,0,0.4364536090580043,0.15697895051173177,success
794,2000,8,4,0.0,3.7000000000000015,0.1,1.0,3.1999999999999993,4,0,221,279,0,0.42982988080980744,0.15375562331754447,success
795,2000,8,4,0.0,3.7000000000000015,0.1,1.0,3.3999999999999995,4,1,221,278,0,0.41859400091277293,0.1458376473677524,success
796,2000,8,4,0.0,3.7000000000000015,0.1,1.0,3.5999999999999996,4,0,222,278,0,0.4096016822714968,0.13802148629997546,success
797,2000,8,4,0.0,3.7000000000000015,0.1,1.0,3.7999999999999994,4,0,222,278,0,0.4012705917008291,0.13108142346846952,success
798,2000,8,4,0.0,3.7000000000000015,0.1,1.0,3.999999999999999,4,0,222,278,0,0.3944233993413707,0.12771791032071256,success
799,2000,8,4,0.0,3.7000000000000015,0.1,1.0,4.199999999999999,4,0,222,278,0,0.39118894420717604,0.12514729604995528,success
800,2000,8,4,0.0,3.7000000000000015,0.1,1.0,4.3999999999999995,4,0,222,278,0,0.38847191197970204,0.1231723050495757,success
801,2000,8,4,0.0,3.7000000000000015,0.1,1.0,4.6,4,0,222,278,0,0.3856305921213596,0.1210454416935563,success
802,2000,8,4,0.0,3.7000000000000015,0.1,1.0,4.799999999999999,4,0,222,278,0,0.3829473387564047,0.11872294563454001,success
803,2000,8,4,0.0,3.7000000000000015,0.1,1.0,4.999999999999999,4,0,222,278,0,0.38075043870354364,0.11724221276916286,success
804,2000,8,4,0.0,3.7000000000000015,0.1,1.0,5.199999999999999,4,0,222,278,0,0.3797722920998792,0.11639228091947487,success
808,2000,8,4,0.0,3.7000000000000015,0.1,1.0,5.999999999999999,4,0,222,278,0,0.3757717098175577,0.1130136300845196,success
809,2000,8,4,0.0,3.7000000000000015,0.1,1.0,6.199999999999999,4,0,222,278,0,0.375453924127798,0.11271747188437531,success
810,2000,8,4,0.0,3.7000000000000015,0.1,1.0,6.399999999999999,4,0,222,278,0,0.3750389547666219,0.1122354722607238,success
811,2000,8,4,0.0,3.7000000000000015,0.1,1.0,6.599999999999999,4,0,222,278,0,0.3747541939716804,0.11201716560391993,success
807,2000,8,4,0.0,3.7000000000000015,0.1,1.0,5.799999999999999,4,0,222,278,0,0.3767624887039182,0.11378543418260764,success
805,2000,8,4,0.0,3.7000000000000015,0.1,1.0,5.399999999999999,4,0,222,278,0,0.3786286854624318,0.11535205302009492,success
806,2000,8,4,0.0,3.7000000000000015,0.1,1.0,5.599999999999999,4,0,222,278,0,0.3777396335316264,0.11459587632975357,success
829,2000,8,4,0.0,3.8000000000000016,0.1,1.0,1.0,4,341,159,0,0,,,success
812,2000,8,4,0.0,3.7000000000000015,0.1,1.0,6.799999999999999,4,0,222,278,0,0.37434349385469007,0.11160088542464268,success
830,2000,8,4,0.0,3.8000000000000016,0.1,1.0,1.2,4,226,184,90,0,0.8194409135184255,0.2717266408530625,success
813,2000,8,4,0.0,3.7000000000000015,0.1,1.0,6.999999999999998,4,0,222,278,0,0.37400320474354615,0.11132353414979244,success
831,2000,8,4,0.0,3.8000000000000016,0.1,1.0,1.4,4,154,204,142,0,0.7692808387622261,0.2790870770611679,success
814,2000,8,4,0.0,3.7000000000000015,0.1,1.0,7.199999999999998,4,0,222,278,0,0.37383618048273576,0.11112742852574854,success
832,2000,8,4,0.0,3.8000000000000016,0.1,1.0,1.5999999999999999,4,107,219,174,0,0.6595742844668339,0.2922398391961779,success
833,2000,8,4,0.0,3.8000000000000016,0.1,1.0,1.7999999999999998,4,98,214,188,0,0.5898825348779386,0.2766876073304008,success
815,2000,8,4,0.0,3.7000000000000015,0.1,1.0,7.399999999999999,4,0,222,278,0,0.37374414979866893,0.11102348388271886,success
816,2000,8,4,0.0,3.7000000000000015,0.1,1.0,7.599999999999999,4,0,222,278,0,0.37361754460770463,0.11091333255605751,success
817,2000,8,4,0.0,3.7000000000000015,0.1,1.0,7.799999999999999,4,0,222,278,0,0.37348682871385,0.11077504101848255,success
818,2000,8,4,0.0,3.7000000000000015,0.1,1.0,7.999999999999998,4,0,222,278,0,0.373340985789094,0.1106418308050293,success
819,2000,8,4,0.0,3.7000000000000015,0.1,1.0,8.2,4,0,222,278,0,0.3733118920434119,0.11062048089406529,success
820,2000,8,4,0.0,3.7000000000000015,0.1,1.0,8.399999999999999,4,0,222,278,0,0.3732538590332056,0.11055779191574322,success
834,2000,8,4,0.0,3.8000000000000016,0.1,1.0,1.9999999999999998,4,85,225,190,0,0.5311702710182818,0.24833032191197021,success
821,2000,8,4,0.0,3.7000000000000015,0.1,1.0,8.599999999999998,4,0,222,278,0,0.37323393800582066,0.11054328697301902,success
822,2000,8,4,0.0,3.7000000000000015,0.1,1.0,8.799999999999997,4,0,222,278,0,0.3731567368423664,0.11046245108210818,success
823,2000,8,4,0.0,3.7000000000000015,0.1,1.0,8.999999999999998,4,0,222,278,0,0.3731315280989527,0.11043827272504782,success
824,2000,8,4,0.0,3.7000000000000015,0.1,1.0,9.199999999999998,4,0,222,278,0,0.3731078006901858,0.11041869402194279,success
825,2000,8,4,0.0,3.7000000000000015,0.1,1.0,9.399999999999999,4,0,222,278,0,0.3730874402192045,0.11039487310046812,success
826,2000,8,4,0.0,3.7000000000000015,0.1,1.0,9.599999999999998,4,0,222,278,0,0.37305994669246545,0.1103622111474029,success
827,2000,8,4,0.0,3.7000000000000015,0.1,1.0,9.799999999999997,4,0,222,278,0,0.3730484743132669,0.11034596030031028,success
828,2000,8,4,0.0,3.7000000000000015,0.1,1.0,9.999999999999998,4,0,222,278,0,0.3730157870272151,0.110312550647588,success
835,2000,8,4,0.0,3.8000000000000016,0.1,1.0,2.1999999999999997,4,47,237,216,0,0.5158492269986145,0.23397958456374882,success
836,2000,8,4,0.0,3.8000000000000016,0.1,1.0,2.3999999999999995,4,23,239,238,0,0.4919295933792074,0.22181474025284775,success
837,2000,8,4,0.0,3.8000000000000016,0.1,1.0,2.5999999999999996,4,12,244,244,0,0.45277112741722403,0.18398427588127883,success
838,2000,8,4,0.0,3.8000000000000016,0.1,1.0,2.8,4,5,249,246,0,0.4312352159810895,0.16592964075059746,success
841,2000,8,4,0.0,3.8000000000000016,0.1,1.0,3.3999999999999995,4,0,251,249,0,0.39981655506784225,0.1433257470326371,success
840,2000,8,4,0.0,3.8000000000000016,0.1,1.0,3.1999999999999993,4,0,250,250,0,0.40761760805148084,0.1465554249727858,success
842,2000,8,4,0.0,3.8000000000000016,0.1,1.0,3.5999999999999996,4,0,251,249,0,0.3904543035219185,0.13401312662244969,success
839,2000,8,4,0.0,3.8000000000000016,0.1,1.0,2.9999999999999996,4,1,250,249,0,0.41771572440708205,0.15402865801369658,success
843,2000,8,4,0.0,3.8000000000000016,0.1,1.0,3.7999999999999994,4,0,251,249,0,0.3836850098503778,0.12722039815029185,success
844,2000,8,4,0.0,3.8000000000000016,0.1,1.0,3.999999999999999,4,0,253,247,0,0.37872707179756054,0.12399132699515181,success
845,2000,8,4,0.0,3.8000000000000016,0.1,1.0,4.199999999999999,4,0,253,247,0,0.37592594339023555,0.12137830252525543,success
846,2000,8,4,0.0,3.8000000000000016,0.1,1.0,4.3999999999999995,4,0,253,247,0,0.3737007336577117,0.11968459009404182,success
847,2000,8,4,0.0,3.8000000000000016,0.1,1.0,4.6,4,0,253,247,0,0.37132234654122864,0.11773846025176161,success
848,2000,8,4,0.0,3.8000000000000016,0.1,1.0,4.799999999999999,4,0,253,247,0,0.369189753296245,0.11582850403608586,success
849,2000,8,4,0.0,3.8000000000000016,0.1,1.0,4.999999999999999,4,0,253,247,0,0.3673039713037824,0.11462656666062403,success
850,2000,8,4,0.0,3.8000000000000016,0.1,1.0,5.199999999999999,4,0,253,247,0,0.3664466804250218,0.11381922974148834,success
851,2000,8,4,0.0,3.8000000000000016,0.1,1.0,5.399999999999999,4,0,253,247,0,0.3653833142980851,0.11279522887428467,success
852,2000,8,4,0.0,3.8000000000000016,0.1,1.0,5.599999999999999,4,0,253,247,0,0.3645828086720191,0.11212130862799166,success
857,2000,8,4,0.0,3.8000000000000016,0.1,1.0,6.599999999999999,4,0,253,247,0,0.3618524151380516,0.10964971988403464,success
856,2000,8,4,0.0,3.8000000000000016,0.1,1.0,6.399999999999999,4,0,253,247,0,0.3621268629451072,0.10984985852536316,success
854,2000,8,4,0.0,3.8000000000000016,0.1,1.0,5.999999999999999,4,0,253,247,0,0.362835198998634,0.1106755940243579,success
855,2000,8,4,0.0,3.8000000000000016,0.1,1.0,6.199999999999999,4,0,253,247,0,0.3625494514523636,0.11037300001323809,success
875,2000,8,4,0.0,3.9000000000000017,0.1,1.0,1.0,4,318,182,0,0,,,success
858,2000,8,4,0.0,3.8000000000000016,0.1,1.0,6.799999999999999,4,0,253,247,0,0.3615077886250022,0.10930094094517942,success
853,2000,8,4,0.0,3.8000000000000016,0.1,1.0,5.799999999999999,4,0,253,247,0,0.36368150609823735,0.11132487896710469,success
876,2000,8,4,0.0,3.9000000000000017,0.1,1.0,1.2,4,208,206,86,0,0.8253853129763787,0.26606536077565657,success
877,2000,8,4,0.0,3.9000000000000017,0.1,1.0,1.4,4,134,232,134,0,0.773533117160839,0.28441459446284034,success
859,2000,8,4,0.0,3.8000000000000016,0.1,1.0,6.999999999999998,4,0,253,247,0,0.3612164139556627,0.1090923044316997,success
878,2000,8,4,0.0,3.9000000000000017,0.1,1.0,1.5999999999999999,4,88,251,161,0,0.6667811935202692,0.29962401102108205,success
879,2000,8,4,0.0,3.9000000000000017,0.1,1.0,1.7999999999999998,4,78,244,178,0,0.5904773362967752,0.2881655735901694,success
860,2000,8,4,0.0,3.8000000000000016,0.1,1.0,7.199999999999998,4,0,253,247,0,0.36103208606658843,0.10886119180656434,success
861,2000,8,4,0.0,3.8000000000000016,0.1,1.0,7.399999999999999,4,0,253,247,0,0.36096073425019537,0.10878328478501459,success
880,2000,8,4,0.0,3.9000000000000017,0.1,1.0,1.9999999999999998,4,72,264,164,0,0.519308391191581,0.2477575861786707,success
862,2000,8,4,0.0,3.8000000000000016,0.1,1.0,7.599999999999999,4,0,253,247,0,0.3608681475325212,0.10869708645009947,success
863,2000,8,4,0.0,3.8000000000000016,0.1,1.0,7.799999999999999,4,0,253,247,0,0.360735588530654,0.10854444199920447,success
864,2000,8,4,0.0,3.8000000000000016,0.1,1.0,7.999999999999998,4,0,253,247,0,0.3606414892545921,0.10846730573877258,success
865,2000,8,4,0.0,3.8000000000000016,0.1,1.0,8.2,4,0,253,247,0,0.360604354426423,0.10843377969520396,success
867,2000,8,4,0.0,3.8000000000000016,0.1,1.0,8.599999999999998,4,0,253,247,0,0.3605368529928424,0.1083655671469805,success
866,2000,8,4,0.0,3.8000000000000016,0.1,1.0,8.399999999999999,4,0,253,247,0,0.36056412756198725,0.10838933362649882,success
881,2000,8,4,0.0,3.9000000000000017,0.1,1.0,2.1999999999999997,4,41,272,187,0,0.4962734661645235,0.22365875235472646,success
868,2000,8,4,0.0,3.8000000000000016,0.1,1.0,8.799999999999997,4,0,253,247,0,0.36049593475142516,0.10832334473967406,success
882,2000,8,4,0.0,3.9000000000000017,0.1,1.0,2.3999999999999995,4,18,275,207,0,0.47135908757497263,0.20555016673924795,success
869,2000,8,4,0.0,3.8000000000000016,0.1,1.0,8.999999999999998,4,0,253,247,0,0.36046124281851755,0.10828123941798272,success
871,2000,8,4,0.0,3.8000000000000016,0.1,1.0,9.399999999999999,4,0,253,247,0,0.3604014177793553,0.10820839504859217,success
870,2000,8,4,0.0,3.8000000000000016,0.1,1.0,9.199999999999998,4,0,253,247,0,0.36042646983331056,0.10824257380614614,success
872,2000,8,4,0.0,3.8000000000000016,0.1,1.0,9.599999999999998,4,0,253,247,0,0.36039300807330843,0.10820166490230107,success
874,2000,8,4,0.0,3.8000000000000016,0.1,1.0,9.999999999999998,4,0,253,247,0,0.3603611421429648,0.10816937260628522,success
873,2000,8,4,0.0,3.8000000000000016,0.1,1.0,9.799999999999997,4,0,253,247,0,0.36038697433674005,0.10819948231700816,success
883,2000,8,4,0.0,3.9000000000000017,0.1,1.0,2.5999999999999996,4,10,280,210,0,0.4346042429036657,0.17767552447020304,success
885,2000,8,4,0.0,3.9000000000000017,0.1,1.0,2.9999999999999996,4,1,286,213,0,0.4040999726227569,0.15124532787951628,success
886,2000,8,4,0.0,3.9000000000000017,0.1,1.0,3.1999999999999993,4,0,286,214,0,0.3940653757600198,0.14384964605144834,success
884,2000,8,4,0.0,3.9000000000000017,0.1,1.0,2.8,4,3,283,214,0,0.4174190805969474,0.16827725564161683,success
887,2000,8,4,0.0,3.9000000000000017,0.1,1.0,3.3999999999999995,4,0,286,214,0,0.3852995074888532,0.13704076990887123,success
888,2000,8,4,0.0,3.9000000000000017,0.1,1.0,3.5999999999999996,4,0,286,214,0,0.3762666960373517,0.13012618313632973,success
889,2000,8,4,0.0,3.9000000000000017,0.1,1.0,3.7999999999999994,4,0,286,214,0,0.3702798316815606,0.12323594072334386,success
890,2000,8,4,0.0,3.9000000000000017,0.1,1.0,3.999999999999999,4,0,287,213,0,0.36580919404174556,0.12002426068130838,success
891,2000,8,4,0.0,3.9000000000000017,0.1,1.0,4.199999999999999,4,0,287,213,0,0.36336514826713395,0.11798740782830847,success
892,2000,8,4,0.0,3.9000000000000017,0.1,1.0,4.3999999999999995,4,0,287,213,0,0.3614966385209423,0.11666280089638746,success
893,2000,8,4,0.0,3.9000000000000017,0.1,1.0,4.6,4,0,287,213,0,0.35932152553789126,0.11500955938466698,success
894,2000,8,4,0.0,3.9000000000000017,0.1,1.0,4.799999999999999,4,0,287,213,0,0.3574355669298145,0.11312135803627761,success
895,2000,8,4,0.0,3.9000000000000017,0.1,1.0,4.999999999999999,4,0,287,213,0,0.35592855166421494,0.11213748161321593,success
896,2000,8,4,0.0,3.9000000000000017,0.1,1.0,5.199999999999999,4,0,287,213,0,0.3551369265015078,0.11137226496814921,success
897,2000,8,4,0.0,3.9000000000000017,0.1,1.0,5.399999999999999,4,0,287,213,0,0.35416382562869864,0.11038429461635213,success
898,2000,8,4,0.0,3.9000000000000017,0.1,1.0,5.599999999999999,4,0,287,213,0,0.35340455084401645,0.10971715721019448,success
921,2000,8,4,0.0,4.000000000000002,0.1,1.0,1.0,5,302,198,0,0,,,success
899,2000,8,4,0.0,3.9000000000000017,0.1,1.0,5.799999999999999,4,0,287,213,0,0.352576266212148,0.10891052864076835,success
922,2000,8,4,0.0,4.000000000000002,0.1,1.0,1.2,5,172,239,89,0,0.797198625432692,0.27611891411262024,success
900,2000,8,4,0.0,3.9000000000000017,0.1,1.0,5.999999999999999,4,0,287,213,0,0.3518118396316732,0.10830832577407763,success
923,2000,8,4,0.0,4.000000000000002,0.1,1.0,1.4,5,102,270,128,0,0.6469555782118686,0.3012786494067338,success
904,2000,8,4,0.0,3.9000000000000017,0.1,1.0,6.799999999999999,4,0,287,213,0,0.3505476772728445,0.10698145250638631,success
903,2000,8,4,0.0,3.9000000000000017,0.1,1.0,6.599999999999999,4,0,287,213,0,0.35087757888212673,0.10730109094872663,success
901,2000,8,4,0.0,3.9000000000000017,0.1,1.0,6.199999999999999,4,0,287,213,0,0.3515123621324316,0.10794943395219583,success
905,2000,8,4,0.0,3.9000000000000017,0.1,1.0,6.999999999999998,4,0,287,213,0,0.35028633987814556,0.10676361479365942,success
902,2000,8,4,0.0,3.9000000000000017,0.1,1.0,6.399999999999999,4,0,287,213,0,0.3511265963358355,0.10748945196878106,success
924,2000,8,4,0.0,4.000000000000002,0.1,1.0,1.5999999999999999,5,73,278,149,0,0.583009293666886,0.2996268127860037,success
925,2000,8,4,0.0,4.000000000000002,0.1,1.0,1.7999999999999998,5,60,286,154,0,0.5233486247734284,0.28092594652934005,success
906,2000,8,4,0.0,3.9000000000000017,0.1,1.0,7.199999999999998,4,0,287,213,0,0.350155166672822,0.1065969186153845,success
926,2000,8,4,0.0,4.000000000000002,0.1,1.0,1.9999999999999998,5,42,281,177,0,0.48211983228580446,0.25069578930649955,success
907,2000,8,4,0.0,3.9000000000000017,0.1,1.0,7.399999999999999,4,0,287,213,0,0.3500333765757437,0.10644628846902907,success
908,2000,8,4,0.0,3.9000000000000017,0.1,1.0,7.599999999999999,4,0,287,213,0,0.3499482439930415,0.10636255627679139,success
927,2000,8,4,0.0,4.000000000000002,0.1,1.0,2.1999999999999997,5,20,294,186,0,0.44562436204853967,0.22583102243019101,success
909,2000,8,4,0.0,3.9000000000000017,0.1,1.0,7.799999999999999,4,0,287,213,0,0.34982832316395823,0.10622918722744105,success
910,2000,8,4,0.0,3.9000000000000017,0.1,1.0,7.999999999999998,4,0,287,213,0,0.34974544221189935,0.10614941444548781,success
911,2000,8,4,0.0,3.9000000000000017,0.1,1.0,8.2,4,0,287,213,0,0.34970619038560696,0.10611313625332323,success
912,2000,8,4,0.0,3.9000000000000017,0.1,1.0,8.399999999999999,4,0,287,213,0,0.3496716502082063,0.10607158232843651,success
913,2000,8,4,0.0,3.9000000000000017,0.1,1.0,8.599999999999998,4,0,287,213,0,0.34964806699635065,0.10604815742662194,success
914,2000,8,4,0.0,3.9000000000000017,0.1,1.0,8.799999999999997,4,0,287,213,0,0.34960543195524224,0.10600153954424571,success
928,2000,8,4,0.0,4.000000000000002,0.1,1.0,2.3999999999999995,5,11,299,190,0,0.4078654986035387,0.19660591753907933,success
915,2000,8,4,0.0,3.9000000000000017,0.1,1.0,8.999999999999998,4,0,287,213,0,0.34958089155441724,0.10597746463811379,success
929,2000,8,4,0.0,4.000000000000002,0.1,1.0,2.5999999999999996,5,6,302,192,0,0.379087824498858,0.17049677790056375,success
919,2000,8,4,0.0,3.9000000000000017,0.1,1.0,9.799999999999997,4,0,287,213,0,0.34952247165995914,0.10590601848756608,success
916,2000,8,4,0.0,3.9000000000000017,0.1,1.0,9.199999999999998,4,0,287,213,0,0.34956882467821154,0.10596473650144694,success
918,2000,8,4,0.0,3.9000000000000017,0.1,1.0,9.599999999999998,4,0,287,213,0,0.34952491195068014,0.10590412681961808,success
917,2000,8,4,0.0,3.9000000000000017,0.1,1.0,9.399999999999999,4,0,287,213,0,0.3495393124908555,0.10591910015347467,success
920,2000,8,4,0.0,3.9000000000000017,0.1,1.0,9.999999999999998,4,0,287,213,0,0.3495015241476843,0.10588187581947955,success
930,2000,8,4,0.0,4.000000000000002,0.1,1.0,2.8,5,2,301,197,0,0.36634299241609125,0.16159746720589965,success
931,2000,8,4,0.0,4.000000000000002,0.1,1.0,2.9999999999999996,5,0,303,197,0,0.3505085150285638,0.14822846518233568,success
932,2000,8,4,0.0,4.000000000000002,0.1,1.0,3.1999999999999993,5,0,304,196,0,0.3412821524519041,0.13640019791158003,success
934,2000,8,4,0.0,4.000000000000002,0.1,1.0,3.5999999999999996,5,0,304,196,0,0.3274236474281828,0.12246659856478809,success
933,2000,8,4,0.0,4.000000000000002,0.1,1.0,3.3999999999999995,5,0,304,196,0,0.3325805384297128,0.12688716887111592,success
935,2000,8,4,0.0,4.000000000000002,0.1,1.0,3.7999999999999994,5,0,304,196,0,0.3237266483445232,0.12029071388706317,success
936,2000,8,4,0.0,4.000000000000002,0.1,1.0,3.999999999999999,5,0,304,196,0,0.3200575348396177,0.11845021998882684,success
937,2000,8,4,0.0,4.000000000000002,0.1,1.0,4.199999999999999,5,0,304,196,0,0.31830757600439785,0.1160719802169915,success
938,2000,8,4,0.0,4.000000000000002,0.1,1.0,4.3999999999999995,5,0,304,196,0,0.3167915672560423,0.11497139424310923,success
939,2000,8,4,0.0,4.000000000000002,0.1,1.0,4.6,5,0,304,196,0,0.3154731662482659,0.1138703801816219,success
940,2000,8,4,0.0,4.000000000000002,0.1,1.0,4.799999999999999,5,0,304,196,0,0.3143593474775929,0.11283046400864302,success
941,2000,8,4,0.0,4.000000000000002,0.1,1.0,4.999999999999999,5,0,304,196,0,0.31336774384951194,0.11208014666410786,success
942,2000,8,4,0.0,4.000000000000002,0.1,1.0,5.199999999999999,5,0,304,196,0,0.31270689713205635,0.1113321943934915,success
943,2000,8,4,0.0,4.000000000000002,0.1,1.0,5.399999999999999,5,0,304,196,0,0.31211514200641843,0.11072799383160564,success
944,2000,8,4,0.0,4.000000000000002,0.1,1.0,5.599999999999999,5,0,304,196,0,0.3115931222737041,0.11010312567702524,success
945,2000,8,4,0.0,4.000000000000002,0.1,1.0,5.799999999999999,5,0,304,196,0,0.31118492233740375,0.10971715580661215,success
967,2000,8,4,0.0,4.100000000000001,0.1,1.0,1.0,5,283,217,0,0,,,success
968,2000,8,4,0.0,4.100000000000001,0.1,1.0,1.2,5,159,261,80,0,0.7950606895527434,0.2773451050008419,success
969,2000,8,4,0.0,4.100000000000001,0.1,1.0,1.4,5,94,287,119,0,0.6765635175796133,0.2971675739300971,success
970,2000,8,4,0.0,4.100000000000001,0.1,1.0,1.5999999999999999,5,66,295,139,0,0.5977442044746629,0.2939017574486505,success
951,2000,8,4,0.0,4.000000000000002,0.1,1.0,6.999999999999998,5,0,304,196,0,0.3097479035222074,0.10801582045135086,success
971,2000,8,4,0.0,4.100000000000001,0.1,1.0,1.7999999999999998,5,50,304,146,0,0.536586113803224,0.2822833544886429,success
952,2000,8,4,0.0,4.000000000000002,0.1,1.0,7.199999999999998,5,0,304,196,0,0.309672807776757,0.10790043683723273,success
950,2000,8,4,0.0,4.000000000000002,0.1,1.0,6.799999999999999,5,0,304,196,0,0.30990434675210676,0.10820537287685285,success
953,2000,8,4,0.0,4.000000000000002,0.1,1.0,7.399999999999999,5,0,304,196,0,0.3095991284076114,0.10779565472518639,success
972,2000,8,4,0.0,4.100000000000001,0.1,1.0,1.9999999999999998,5,38,304,158,0,0.49636336573941464,0.26534439487546224,success
949,2000,8,4,0.0,4.000000000000002,0.1,1.0,6.599999999999999,5,0,304,196,0,0.3100748106004387,0.10841477251165042,success
948,2000,8,4,0.0,4.000000000000002,0.1,1.0,6.399999999999999,5,0,304,196,0,0.3102465441267429,0.10863699522265433,success
947,2000,8,4,0.0,4.000000000000002,0.1,1.0,6.199999999999999,5,0,304,196,0,0.3104374459231639,0.1088134962762801,success
954,2000,8,4,0.0,4.000000000000002,0.1,1.0,7.599999999999999,5,0,304,196,0,0.30954415847427064,0.10772524599394413,success
946,2000,8,4,0.0,4.000000000000002,0.1,1.0,5.999999999999999,5,0,304,196,0,0.3106646625815121,0.10912857876674548,success
955,2000,8,4,0.0,4.000000000000002,0.1,1.0,7.799999999999999,5,0,304,196,0,0.30949992156023043,0.10766880959253089,success
973,2000,8,4,0.0,4.100000000000001,0.1,1.0,2.1999999999999997,5,17,319,164,0,0.44179417136528454,0.2228653333301198,success
974,2000,8,4,0.0,4.100000000000001,0.1,1.0,2.3999999999999995,5,8,320,172,0,0.41842608945605775,0.21025290040673664,success
956,2000,8,4,0.0,4.000000000000002,0.1,1.0,7.999999999999998,5,0,304,196,0,0.30946193689641255,0.10763189718567916,success
957,2000,8,4,0.0,4.000000000000002,0.1,1.0,8.2,5,0,304,196,0,0.3094358816607974,0.10759583290818152,success
958,2000,8,4,0.0,4.000000000000002,0.1,1.0,8.399999999999999,5,0,304,196,0,0.30941149179212907,0.10755938124631478,success
959,2000,8,4,0.0,4.000000000000002,0.1,1.0,8.599999999999998,5,0,304,196,0,0.3093990500058251,0.10754706396019281,success
960,2000,8,4,0.0,4.000000000000002,0.1,1.0,8.799999999999997,5,0,304,196,0,0.3093767984746585,0.10751605767688276,success
961,2000,8,4,0.0,4.000000000000002,0.1,1.0,8.999999999999998,5,0,304,196,0,0.3093616169420299,0.10749529341715662,success
975,2000,8,4,0.0,4.100000000000001,0.1,1.0,2.5999999999999996,5,3,323,174,0,0.38744297063796646,0.18334023846123865,success
962,2000,8,4,0.0,4.000000000000002,0.1,1.0,9.199999999999998,5,0,304,196,0,0.30934937193678874,0.10747580215629463,success
976,2000,8,4,0.0,4.100000000000001,0.1,1.0,2.8,5,1,323,176,0,0.368382864002953,0.16594184609482937,success
963,2000,8,4,0.0,4.000000000000002,0.1,1.0,9.399999999999999,5,0,304,196,0,0.30934074070556467,0.10745752572970316,success
964,2000,8,4,0.0,4.000000000000002,0.1,1.0,9.599999999999998,5,0,304,196,0,0.30932979782244835,0.10744483777360742,success
965,2000,8,4,0.0,4.000000000000002,0.1,1.0,9.799999999999997,5,0,304,196,0,0.30932344149138713,0.10743685664648145,success
966,2000,8,4,0.0,4.000000000000002,0.1,1.0,9.999999999999998,5,0,304,196,0,0.30931324997722737,0.10742156898273954,success
977,2000,8,4,0.0,4.100000000000001,0.1,1.0,2.9999999999999996,5,0,326,174,0,0.3470122339515589,0.1499664366201198,success
978,2000,8,4,0.0,4.100000000000001,0.1,1.0,3.1999999999999993,5,0,326,174,0,0.3379575834396511,0.13691678261687237,success
979,2000,8,4,0.0,4.100000000000001,0.1,1.0,3.3999999999999995,5,0,326,174,0,0.32985640897024865,0.1283904397701894,success
980,2000,8,4,0.0,4.100000000000001,0.1,1.0,3.5999999999999996,5,0,326,174,0,0.3241717078943989,0.12367419706821599,success
981,2000,8,4,0.0,4.100000000000001,0.1,1.0,3.7999999999999994,5,0,326,174,0,0.32049200452810117,0.12152597385404205,success
982,2000,8,4,0.0,4.100000000000001,0.1,1.0,3.999999999999999,5,0,326,174,0,0.3171582226937579,0.11920164417326325,success
983,2000,8,4,0.0,4.100000000000001,0.1,1.0,4.199999999999999,5,0,326,174,0,0.3153223589547233,0.11678402489689134,success
985,2000,8,4,0.0,4.100000000000001,0.1,1.0,4.6,5,0,326,174,0,0.312492446903877,0.11429281381350935,success
984,2000,8,4,0.0,4.100000000000001,0.1,1.0,4.3999999999999995,5,0,326,174,0,0.3138311911429675,0.11540734322219665,success
986,2000,8,4,0.0,4.100000000000001,0.1,1.0,4.799999999999999,5,0,326,174,0,0.3113076831057663,0.11307473333694472,success
987,2000,8,4,0.0,4.100000000000001,0.1,1.0,4.999999999999999,5,0,326,174,0,0.3103649855662735,0.11245790594203027,success
988,2000,8,4,0.0,4.100000000000001,0.1,1.0,5.199999999999999,5,0,326,174,0,0.3096966181205788,0.11161654030542799,success
989,2000,8,4,0.0,4.100000000000001,0.1,1.0,5.399999999999999,5,0,326,174,0,0.30910853383403586,0.11098349852887768,success
990,2000,8,4,0.0,4.100000000000001,0.1,1.0,5.599999999999999,5,0,326,174,0,0.30859657905578974,0.11040089675525529,success
991,2000,8,4,0.0,4.100000000000001,0.1,1.0,5.799999999999999,5,0,326,174,0,0.3082262821465618,0.110029047656612,success
992,2000,8,4,0.0,4.100000000000001,0.1,1.0,5.999999999999999,5,0,326,174,0,0.30773274188844624,0.10945263101115281,success
993,2000,8,4,0.0,4.100000000000001,0.1,1.0,6.199999999999999,5,0,326,174,0,0.3075243325179217,0.10917320500135298,success
994,2000,8,4,0.0,4.100000000000001,0.1,1.0,6.399999999999999,5,0,326,174,0,0.3073333122945752,0.10898809858645975,success
995,2000,8,4,0.0,4.100000000000001,0.1,1.0,6.599999999999999,5,0,326,174,0,0.3071580634937017,0.10875638383742622,success
996,2000,8,4,0.0,4.100000000000001,0.1,1.0,6.799999999999999,5,0,326,174,0,0.30700353698791555,0.10857457333080482,success
997,2000,8,4,0.0,4.100000000000001,0.1,1.0,6.999999999999998,5,0,326,174,0,0.3068657212583538,0.1084163758936449,success
998,2000,8,4,0.0,4.100000000000001,0.1,1.0,7.199999999999998,5,0,326,174,0,0.3067927670934625,0.10831155597856457,success
999,2000,8,4,0.0,4.100000000000001,0.1,1.0,7.399999999999999,5,0,326,174,0,0.30672620065305717,0.10821921302347663,success
1000,2000,8,4,0.0,4.100000000000001,0.1,1.0,7.599999999999999,5,0,326,174,0,0.30666948320024606,0.10814700561573434,success
1001,2000,8,4,0.0,4.100000000000001,0.1,1.0,7.799999999999999,5,0,326,174,0,0.30663535915665785,0.1081105184789572,success
1002,2000,8,4,0.0,4.100000000000001,0.1,1.0,7.999999999999998,5,0,326,174,0,0.3065977342720252,0.10807051109558678,success
1013,2000,8,4,0.0,4.200000000000002,0.1,1.0,1.0,5,271,229,0,0,,,success
1014,2000,8,4,0.0,4.200000000000002,0.1,1.0,1.2,5,150,278,72,0,0.8100033848035115,0.27328758129161795,success
1015,2000,8,4,0.0,4.200000000000002,0.1,1.0,1.4,5,87,307,106,0,0.6867878431153631,0.2985226678004029,success
1016,2000,8,4,0.0,4.200000000000002,0.1,1.0,1.5999999999999999,5,59,313,128,0,0.6171938484682182,0.29204466968423626,success
1003,2000,8,4,0.0,4.100000000000001,0.1,1.0,8.2,5,0,326,174,0,0.30657619315852563,0.10804134847561568,success
1017,2000,8,4,0.0,4.200000000000002,0.1,1.0,1.7999999999999998,5,44,326,130,0,0.5560659227215533,0.28987006303366636,success
1018,2000,8,4,0.0,4.200000000000002,0.1,1.0,1.9999999999999998,5,35,326,139,0,0.5034816300795215,0.26506905897246735,success
1019,2000,8,4,0.0,4.200000000000002,0.1,1.0,2.1999999999999997,5,17,339,144,0,0.4371413870684367,0.2132128505430652,success
1004,2000,8,4,0.0,4.100000000000001,0.1,1.0,8.399999999999999,5,0,326,174,0,0.3065522273780595,0.10800611740111014,success
1020,2000,8,4,0.0,4.200000000000002,0.1,1.0,2.3999999999999995,5,7,338,155,0,0.4265217082637472,0.21716736978909398,success
1021,2000,8,4,0.0,4.200000000000002,0.1,1.0,2.5999999999999996,5,3,342,155,0,0.38466446889867867,0.1801997485763762,success
1022,2000,8,4,0.0,4.200000000000002,0.1,1.0,2.8,5,1,343,156,0,0.3647122051864406,0.16259574717346376,success
1023,2000,8,4,0.0,4.200000000000002,0.1,1.0,2.9999999999999996,5,0,345,155,0,0.3427155417510214,0.14917796087641058,success
1005,2000,8,4,0.0,4.100000000000001,0.1,1.0,8.599999999999998,5,0,326,174,0,0.306535643285706,0.10798770147208353,success
1024,2000,8,4,0.0,4.200000000000002,0.1,1.0,3.1999999999999993,5,0,345,155,0,0.3333897204157746,0.13503775404980267,success
1025,2000,8,4,0.0,4.200000000000002,0.1,1.0,3.3999999999999995,5,0,345,155,0,0.32513320357729597,0.12687561340043355,success
1006,2000,8,4,0.0,4.100000000000001,0.1,1.0,8.799999999999997,5,0,326,174,0,0.30652014166939195,0.107968749762442,success
1026,2000,8,4,0.0,4.200000000000002,0.1,1.0,3.5999999999999996,5,0,345,155,0,0.3194470685512702,0.12226868807572851,success
1007,2000,8,4,0.0,4.100000000000001,0.1,1.0,8.999999999999998,5,0,326,174,0,0.30650903006662644,0.10795530221271887,success
1008,2000,8,4,0.0,4.100000000000001,0.1,1.0,9.199999999999998,5,0,326,174,0,0.3065017084199074,0.10794435222689024,success
1027,2000,8,4,0.0,4.200000000000002,0.1,1.0,3.7999999999999994,5,0,345,155,0,0.31565891668998025,0.12012771572382888,success
1009,2000,8,4,0.0,4.100000000000001,0.1,1.0,9.399999999999999,5,0,326,174,0,0.30649077837723343,0.10792278054796273,success
1028,2000,8,4,0.0,4.200000000000002,0.1,1.0,3.999999999999999,5,0,345,155,0,0.3120710939371089,0.11745923602679291,success
1029,2000,8,4,0.0,4.200000000000002,0.1,1.0,4.199999999999999,5,0,345,155,0,0.31020101158629954,0.11501557780927055,success
1030,2000,8,4,0.0,4.200000000000002,0.1,1.0,4.3999999999999995,5,0,345,155,0,0.30873978497263177,0.11377877800214752,success
1031,2000,8,4,0.0,4.200000000000002,0.1,1.0,4.6,5,0,345,155,0,0.3073120983043389,0.11249933816762542,success
1032,2000,8,4,0.0,4.200000000000002,0.1,1.0,4.799999999999999,5,0,345,155,0,0.30620212323289786,0.11148090383493761,success
1010,2000,8,4,0.0,4.100000000000001,0.1,1.0,9.599999999999998,5,0,326,174,0,0.30647689404701317,0.10790445527668804,success
1011,2000,8,4,0.0,4.100000000000001,0.1,1.0,9.799999999999997,5,0,326,174,0,0.30647189979504164,0.1078992169102362,success
1012,2000,8,4,0.0,4.100000000000001,0.1,1.0,9.999999999999998,5,0,326,174,0,0.30646413170363734,0.10788964160811762,success
1033,2000,8,4,0.0,4.200000000000002,0.1,1.0,4.999999999999999,5,0,345,155,0,0.3050790613998754,0.11060577944036196,success
1034,2000,8,4,0.0,4.200000000000002,0.1,1.0,5.199999999999999,5,0,345,155,0,0.30440821830600395,0.10977131370764046,success
1035,2000,8,4,0.0,4.200000000000002,0.1,1.0,5.399999999999999,5,0,345,155,0,0.30384446413808724,0.10918749403829195,success
1036,2000,8,4,0.0,4.200000000000002,0.1,1.0,5.599999999999999,5,0,345,155,0,0.3033394780040484,0.10858736541867532,success
1037,2000,8,4,0.0,4.200000000000002,0.1,1.0,5.799999999999999,5,0,345,155,0,0.30303862214082966,0.10831643915019187,success
1038,2000,8,4,0.0,4.200000000000002,0.1,1.0,5.999999999999999,5,0,345,155,0,0.3025330375393717,0.10769462136096164,success
1039,2000,8,4,0.0,4.200000000000002,0.1,1.0,6.199999999999999,5,0,345,155,0,0.3023412358109522,0.10743060128251493,success
1040,2000,8,4,0.0,4.200000000000002,0.1,1.0,6.399999999999999,5,0,345,155,0,0.30216524029162606,0.10726995564737046,success
1041,2000,8,4,0.0,4.200000000000002,0.1,1.0,6.599999999999999,5,0,345,155,0,0.3019962059081146,0.1070550687414679,success
1042,2000,8,4,0.0,4.200000000000002,0.1,1.0,6.799999999999999,5,0,345,155,0,0.3018517315912345,0.10687016848536765,success
1043,2000,8,4,0.0,4.200000000000002,0.1,1.0,6.999999999999998,5,0,345,155,0,0.3017311496411812,0.10672575265468906,success
1044,2000,8,4,0.0,4.200000000000002,0.1,1.0,7.199999999999998,5,0,345,155,0,0.30166040414223527,0.10662759266491692,success
1045,2000,8,4,0.0,4.200000000000002,0.1,1.0,7.399999999999999,5,0,345,155,0,0.3016082481136774,0.10655425932607646,success
1046,2000,8,4,0.0,4.200000000000002,0.1,1.0,7.599999999999999,5,0,345,155,0,0.30155736639179326,0.10649476009628048,success
1047,2000,8,4,0.0,4.200000000000002,0.1,1.0,7.799999999999999,5,0,345,155,0,0.3015238042702765,0.10646014653587932,success
1048,2000,8,4,0.0,4.200000000000002,0.1,1.0,7.999999999999998,5,0,345,155,0,0.30148944062427385,0.10641977955346732,success
1059,2000,8,4,0.0,4.3000000000000025,0.1,1.0,1.0,5,256,244,0,0,,,success
1049,2000,8,4,0.0,4.200000000000002,0.1,1.0,8.2,5,0,345,155,0,0.3014710663729939,0.10639639528237764,success
1060,2000,8,4,0.0,4.3000000000000025,0.1,1.0,1.2,5,139,296,65,0,0.8047914488855923,0.2768780635914108,success
1050,2000,8,4,0.0,4.200000000000002,0.1,1.0,8.399999999999999,5,0,345,155,0,0.30144894081009355,0.10636262798000569,success
1061,2000,8,4,0.0,4.3000000000000025,0.1,1.0,1.4,5,77,328,95,0,0.6831424317932469,0.30065926751245653,success
1062,2000,8,4,0.0,4.3000000000000025,0.1,1.0,1.5999999999999999,5,53,330,117,0,0.6139562002397513,0.28971359635574834,success
1063,2000,8,4,0.0,4.3000000000000025,0.1,1.0,1.7999999999999998,5,37,345,118,0,0.5699213792908833,0.2972337982221637,success
1064,2000,8,4,0.0,4.3000000000000025,0.1,1.0,1.9999999999999998,5,32,346,122,0,0.5058424523905426,0.26936624038410517,success
1051,2000,8,4,0.0,4.200000000000002,0.1,1.0,8.599999999999998,5,0,345,155,0,0.30144088649237966,0.1063572798036973,success
1065,2000,8,4,0.0,4.3000000000000025,0.1,1.0,2.1999999999999997,5,15,358,127,0,0.4460468722539085,0.22259091247388996,success
1052,2000,8,4,0.0,4.200000000000002,0.1,1.0,8.799999999999997,5,0,345,155,0,0.3014253783497945,0.10633367328552845,success
1066,2000,8,4,0.0,4.3000000000000025,0.1,1.0,2.3999999999999995,5,6,358,136,0,0.424662862462172,0.2155036279438213,success
1053,2000,8,4,0.0,4.200000000000002,0.1,1.0,8.999999999999998,5,0,345,155,0,0.3014139145661227,0.10632057564509209,success
1054,2000,8,4,0.0,4.200000000000002,0.1,1.0,9.199999999999998,5,0,345,155,0,0.30140581846046366,0.10630852904025972,success
1067,2000,8,4,0.0,4.3000000000000025,0.1,1.0,2.5999999999999996,5,4,360,136,0,0.38192712720540684,0.1814753038174247,success
1068,2000,8,4,0.0,4.3000000000000025,0.1,1.0,2.8,5,0,361,139,0,0.36628600686227153,0.16693037044194683,success
1055,2000,8,4,0.0,4.200000000000002,0.1,1.0,9.399999999999999,5,0,345,155,0,0.3013948341956069,0.1062845746151034,success
1069,2000,8,4,0.0,4.3000000000000025,0.1,1.0,2.9999999999999996,5,0,363,137,0,0.3382956476588658,0.14682569242512003,success
1070,2000,8,4,0.0,4.3000000000000025,0.1,1.0,3.1999999999999993,5,0,363,137,0,0.32898053756473983,0.13205115541995066,success
1071,2000,8,4,0.0,4.3000000000000025,0.1,1.0,3.3999999999999995,5,0,363,137,0,0.3198514609725894,0.1231530260624501,success
1056,2000,8,4,0.0,4.200000000000002,0.1,1.0,9.599999999999998,5,0,345,155,0,0.3013832740944257,0.10626930893268055,success
1072,2000,8,4,0.0,4.3000000000000025,0.1,1.0,3.5999999999999996,5,0,363,137,0,0.3141706371129389,0.1181736679872903,success
1073,2000,8,4,0.0,4.3000000000000025,0.1,1.0,3.7999999999999994,5,0,363,137,0,0.3105628271413856,0.11645070879901316,success
1057,2000,8,4,0.0,4.200000000000002,0.1,1.0,9.799999999999997,5,0,345,155,0,0.30138499507080035,0.10627539062132092,success
1074,2000,8,4,0.0,4.3000000000000025,0.1,1.0,3.999999999999999,5,0,363,137,0,0.3069762092507595,0.11415185788173315,success
1075,2000,8,4,0.0,4.3000000000000025,0.1,1.0,4.199999999999999,5,0,363,137,0,0.3052130524565409,0.11158409737221386,success
1058,2000,8,4,0.0,4.200000000000002,0.1,1.0,9.999999999999998,5,0,345,155,0,0.30137760043104783,0.10626776851507444,success
1076,2000,8,4,0.0,4.3000000000000025,0.1,1.0,4.3999999999999995,5,0,363,137,0,0.3037429995164646,0.11034592595056097,success
1077,2000,8,4,0.0,4.3000000000000025,0.1,1.0,4.6,5,0,363,137,0,0.3024184809363712,0.10913558615816175,success
1078,2000,8,4,0.0,4.3000000000000025,0.1,1.0,4.799999999999999,5,0,363,137,0,0.3011547533169353,0.10794401385544117,success
1079,2000,8,4,0.0,4.3000000000000025,0.1,1.0,4.999999999999999,5,0,363,137,0,0.3001081625613449,0.10708723234993,success
1080,2000,8,4,0.0,4.3000000000000025,0.1,1.0,5.199999999999999,5,0,363,137,0,0.299508789653271,0.10633205210110208,success
1081,2000,8,4,0.0,4.3000000000000025,0.1,1.0,5.399999999999999,5,0,363,137,0,0.2989611198845792,0.10578212642655316,success
1082,2000,8,4,0.0,4.3000000000000025,0.1,1.0,5.599999999999999,5,0,363,137,0,0.29846911715169255,0.1051666202614868,success
1083,2000,8,4,0.0,4.3000000000000025,0.1,1.0,5.799999999999999,5,0,363,137,0,0.29818854511389353,0.10494604286616356,success
1084,2000,8,4,0.0,4.3000000000000025,0.1,1.0,5.999999999999999,5,0,363,137,0,0.297813325101664,0.10450338660686956,success
1085,2000,8,4,0.0,4.3000000000000025,0.1,1.0,6.199999999999999,5,0,363,137,0,0.29763812885249025,0.10425118954909884,success
1086,2000,8,4,0.0,4.3000000000000025,0.1,1.0,6.399999999999999,5,0,363,137,0,0.29748397495586437,0.10411142168882696,success
1087,2000,8,4,0.0,4.3000000000000025,0.1,1.0,6.599999999999999,5,0,363,137,0,0.2973395032703266,0.10393007802555743,success
1088,2000,8,4,0.0,4.3000000000000025,0.1,1.0,6.799999999999999,5,0,363,137,0,0.2971875106891082,0.10374051850514535,success
1089,2000,8,4,0.0,4.3000000000000025,0.1,1.0,6.999999999999998,5,0,363,137,0,0.29708808518414326,0.10360672176232232,success
1090,2000,8,4,0.0,4.3000000000000025,0.1,1.0,7.199999999999998,5,0,363,137,0,0.2970230461916911,0.103510871920044,success
1091,2000,8,4,0.0,4.3000000000000025,0.1,1.0,7.399999999999999,5,0,363,137,0,0.2969722171692474,0.10343795577302144,success
1092,2000,8,4,0.0,4.3000000000000025,0.1,1.0,7.599999999999999,5,0,363,137,0,0.296934425079629,0.10339925142310996,success
1093,2000,8,4,0.0,4.3000000000000025,0.1,1.0,7.799999999999999,5,0,363,137,0,0.29690875760456104,0.1033677621845029,success
1105,2000,8,4,0.0,4.400000000000002,0.1,1.0,1.0,5,238,262,0,0,,,success
1106,2000,8,4,0.0,4.400000000000002,0.1,1.0,1.2,5,125,307,68,0,0.825168296728875,0.26386200905872553,success
1107,2000,8,4,0.0,4.400000000000002,0.1,1.0,1.4,5,67,340,93,0,0.686003368684217,0.30142620441430246,success
1108,2000,8,4,0.0,4.400000000000002,0.1,1.0,1.5999999999999999,5,42,342,116,0,0.6102153741986917,0.29194001232713473,success
1094,2000,8,4,0.0,4.3000000000000025,0.1,1.0,7.999999999999998,5,0,363,137,0,0.2968859932775773,0.10335000692791438,success
1095,2000,8,4,0.0,4.3000000000000025,0.1,1.0,8.2,5,0,363,137,0,0.2968697816524596,0.10332771559787782,success
1109,2000,8,4,0.0,4.400000000000002,0.1,1.0,1.7999999999999998,5,30,359,111,0,0.5337217682646808,0.28635506470203637,success
1096,2000,8,4,0.0,4.3000000000000025,0.1,1.0,8.399999999999999,5,0,363,137,0,0.296851527135898,0.10330150646255941,success
1097,2000,8,4,0.0,4.3000000000000025,0.1,1.0,8.599999999999998,5,0,363,137,0,0.29684690040974965,0.10330119060314616,success
1110,2000,8,4,0.0,4.400000000000002,0.1,1.0,1.9999999999999998,5,26,361,113,0,0.48048801669896624,0.25753943924766226,success
1098,2000,8,4,0.0,4.3000000000000025,0.1,1.0,8.799999999999997,5,0,363,137,0,0.2968262160626087,0.10326492113827485,success
1111,2000,8,4,0.0,4.400000000000002,0.1,1.0,2.1999999999999997,5,13,373,114,0,0.4270629887018896,0.22091731347662488,success
1099,2000,8,4,0.0,4.3000000000000025,0.1,1.0,8.999999999999998,5,0,363,137,0,0.29681668401222816,0.10325436450814353,success
1112,2000,8,4,0.0,4.400000000000002,0.1,1.0,2.3999999999999995,5,7,372,121,0,0.4067682726861275,0.2115305547168433,success
1100,2000,8,4,0.0,4.3000000000000025,0.1,1.0,9.199999999999998,5,0,363,137,0,0.2968138774376626,0.10325217466004084,success
1101,2000,8,4,0.0,4.3000000000000025,0.1,1.0,9.399999999999999,5,0,363,137,0,0.2968094115929053,0.1032404505867148,success
1113,2000,8,4,0.0,4.400000000000002,0.1,1.0,2.5999999999999996,5,4,376,120,0,0.35994500228256615,0.16168662213291266,success
1102,2000,8,4,0.0,4.3000000000000025,0.1,1.0,9.599999999999998,5,0,363,137,0,0.2967987958537277,0.10322646514788762,success
1114,2000,8,4,0.0,4.400000000000002,0.1,1.0,2.8,5,0,377,123,0,0.35090946634393305,0.16011803393129784,success
1103,2000,8,4,0.0,4.3000000000000025,0.1,1.0,9.799999999999997,5,0,363,137,0,0.29679523393604906,0.10322255498804227,success
1115,2000,8,4,0.0,4.400000000000002,0.1,1.0,2.9999999999999996,5,0,378,122,0,0.32726699884798294,0.14033877155327062,success
1116,2000,8,4,0.0,4.400000000000002,0.1,1.0,3.1999999999999993,5,0,378,122,0,0.31848217041238075,0.12391246378421802,success
1104,2000,8,4,0.0,4.3000000000000025,0.1,1.0,9.999999999999998,5,0,363,137,0,0.29678967012321417,0.10321592080528828,success
1117,2000,8,4,0.0,4.400000000000002,0.1,1.0,3.3999999999999995,5,0,378,122,0,0.3104548365287016,0.11672061978909903,success
1118,2000,8,4,0.0,4.400000000000002,0.1,1.0,3.5999999999999996,5,0,378,122,0,0.3055892368295816,0.11178247354012393,success
1119,2000,8,4,0.0,4.400000000000002,0.1,1.0,3.7999999999999994,5,0,378,122,0,0.3021118693154944,0.11016707303770445,success
1120,2000,8,4,0.0,4.400000000000002,0.1,1.0,3.999999999999999,5,0,378,122,0,0.298975995613086,0.10799815797751752,success
1121,2000,8,4,0.0,4.400000000000002,0.1,1.0,4.199999999999999,5,0,378,122,0,0.2972515472493737,0.10511307057520032,success
1122,2000,8,4,0.0,4.400000000000002,0.1,1.0,4.3999999999999995,5,0,378,122,0,0.29582301253017074,0.10393517615752774,success
1123,2000,8,4,0.0,4.400000000000002,0.1,1.0,4.6,5,0,378,122,0,0.29472327679739385,0.10293935421809053,success
1124,2000,8,4,0.0,4.400000000000002,0.1,1.0,4.799999999999999,5,0,378,122,0,0.2935736920294374,0.10188725717074527,success
1125,2000,8,4,0.0,4.400000000000002,0.1,1.0,4.999999999999999,5,0,378,122,0,0.292654458198646,0.10110957280797767,success
1126,2000,8,4,0.0,4.400000000000002,0.1,1.0,5.199999999999999,5,0,378,122,0,0.2921337275389734,0.10040601905399743,success
1127,2000,8,4,0.0,4.400000000000002,0.1,1.0,5.399999999999999,5,0,378,122,0,0.29171465262154167,0.10000474409643231,success
1128,2000,8,4,0.0,4.400000000000002,0.1,1.0,5.599999999999999,5,0,378,122,0,0.2911755921010746,0.09922553893603107,success
1129,2000,8,4,0.0,4.400000000000002,0.1,1.0,5.799999999999999,5,0,378,122,0,0.2909439939444773,0.09908984348963075,success
1130,2000,8,4,0.0,4.400000000000002,0.1,1.0,5.999999999999999,5,0,378,122,0,0.2906124183986056,0.09865032667273223,success
1131,2000,8,4,0.0,4.400000000000002,0.1,1.0,6.199999999999999,5,0,378,122,0,0.29044423656856616,0.0983767024259421,success
1132,2000,8,4,0.0,4.400000000000002,0.1,1.0,6.399999999999999,5,0,378,122,0,0.2903175076609083,0.0982558149730299,success
1133,2000,8,4,0.0,4.400000000000002,0.1,1.0,6.599999999999999,5,0,378,122,0,0.29018885479044776,0.09808060661725154,success
1134,2000,8,4,0.0,4.400000000000002,0.1,1.0,6.799999999999999,5,0,378,122,0,0.29007249993935713,0.09792461496573598,success
1135,2000,8,4,0.0,4.400000000000002,0.1,1.0,6.999999999999998,5,0,378,122,0,0.28997126907392895,0.09776606551760683,success
1136,2000,8,4,0.0,4.400000000000002,0.1,1.0,7.199999999999998,5,0,378,122,0,0.28992548448679684,0.09769245836595848,success
1137,2000,8,4,0.0,4.400000000000002,0.1,1.0,7.399999999999999,5,0,378,122,0,0.2898813095309822,0.09762253685117014,success
1138,2000,8,4,0.0,4.400000000000002,0.1,1.0,7.599999999999999,5,0,378,122,0,0.2898432467066443,0.0975720007522547,success
1139,2000,8,4,0.0,4.400000000000002,0.1,1.0,7.799999999999999,5,0,378,122,0,0.2898240653518518,0.09754505637769258,success
1151,2000,8,4,0.0,4.500000000000002,0.1,1.0,1.0,5,217,283,0,0,,,success
1140,2000,8,4,0.0,4.400000000000002,0.1,1.0,7.999999999999998,5,0,378,122,0,0.2898058000213418,0.09753490440712663,success
1152,2000,8,4,0.0,4.500000000000002,0.1,1.0,1.2,5,114,323,63,0,0.8276202111211791,0.2715763279536002,success
1153,2000,8,4,0.0,4.500000000000002,0.1,1.0,1.4,5,60,355,85,0,0.7056098940008905,0.3048992118044398,success
1141,2000,8,4,0.0,4.400000000000002,0.1,1.0,8.2,5,0,378,122,0,0.2897952528781024,0.09752155980948628,success
1154,2000,8,4,0.0,4.500000000000002,0.1,1.0,1.5999999999999999,5,38,356,106,0,0.6209637564441151,0.29976959511631635,success
1142,2000,8,4,0.0,4.400000000000002,0.1,1.0,8.399999999999999,5,0,378,122,0,0.2897781098100171,0.09749236750860137,success
1143,2000,8,4,0.0,4.400000000000002,0.1,1.0,8.599999999999998,5,0,378,122,0,0.2897772170338974,0.09749949232894987,success
1155,2000,8,4,0.0,4.500000000000002,0.1,1.0,1.7999999999999998,5,26,373,101,0,0.5212235263685844,0.28846030788300986,success
1144,2000,8,4,0.0,4.400000000000002,0.1,1.0,8.799999999999997,5,0,378,122,0,0.2897580026514498,0.09746221615207654,success
1156,2000,8,4,0.0,4.500000000000002,0.1,1.0,1.9999999999999998,5,21,374,105,0,0.47845078681006614,0.25865085680468847,success
1157,2000,8,4,0.0,4.500000000000002,0.1,1.0,2.1999999999999997,5,11,388,101,0,0.411159687049706,0.21637300839620127,success
1145,2000,8,4,0.0,4.400000000000002,0.1,1.0,8.999999999999998,5,0,378,122,0,0.28974921892785804,0.09744761782818702,success
1146,2000,8,4,0.0,4.400000000000002,0.1,1.0,9.199999999999998,5,0,378,122,0,0.28974798574071225,0.0974501676344406,success
1158,2000,8,4,0.0,4.500000000000002,0.1,1.0,2.3999999999999995,5,5,388,107,0,0.3992035375363058,0.22067428887451576,success
1147,2000,8,4,0.0,4.400000000000002,0.1,1.0,9.399999999999999,5,0,378,122,0,0.28974164590346235,0.09743365107757855,success
1159,2000,8,4,0.0,4.500000000000002,0.1,1.0,2.5999999999999996,5,2,392,106,0,0.3571568429365676,0.1748761439702663,success
1148,2000,8,4,0.0,4.400000000000002,0.1,1.0,9.599999999999998,5,0,378,122,0,0.2897314832586748,0.09741634547395168,success
1160,2000,8,4,0.0,4.500000000000002,0.1,1.0,2.8,5,0,393,107,0,0.3363312172893725,0.15293684970771085,success
1161,2000,8,4,0.0,4.500000000000002,0.1,1.0,2.9999999999999996,5,0,393,107,0,0.3155381143068494,0.13615088206849632,success
1162,2000,8,4,0.0,4.500000000000002,0.1,1.0,3.1999999999999993,5,0,393,107,0,0.3069337880196983,0.1199644538826701,success
1149,2000,8,4,0.0,4.400000000000002,0.1,1.0,9.799999999999997,5,0,378,122,0,0.28972827566419695,0.09741177221386436,success
1163,2000,8,4,0.0,4.500000000000002,0.1,1.0,3.3999999999999995,5,0,393,107,0,0.2989932029382559,0.11184374634323459,success
1150,2000,8,4,0.0,4.400000000000002,0.1,1.0,9.999999999999998,5,0,378,122,0,0.2897257459692946,0.09741009566507515,success
1164,2000,8,4,0.0,4.500000000000002,0.1,1.0,3.5999999999999996,5,0,393,107,0,0.29461938724149367,0.10659169534320687,success
1165,2000,8,4,0.0,4.500000000000002,0.1,1.0,3.7999999999999994,5,0,393,107,0,0.29136035344325917,0.10479203974856664,success
1166,2000,8,4,0.0,4.500000000000002,0.1,1.0,3.999999999999999,5,0,393,107,0,0.28873723744771534,0.1029622913835418,success
1167,2000,8,4,0.0,4.500000000000002,0.1,1.0,4.199999999999999,5,0,393,107,0,0.2869656109588159,0.09977667711822925,success
1168,2000,8,4,0.0,4.500000000000002,0.1,1.0,4.3999999999999995,5,0,393,107,0,0.2856793168883907,0.09877395596443304,success
1169,2000,8,4,0.0,4.500000000000002,0.1,1.0,4.6,5,0,393,107,0,0.28470912392580494,0.09775110000334217,success
1170,2000,8,4,0.0,4.500000000000002,0.1,1.0,4.799999999999999,5,0,393,107,0,0.28377173607272055,0.09701121586418718,success
1171,2000,8,4,0.0,4.500000000000002,0.1,1.0,4.999999999999999,5,0,393,107,0,0.2828992053742832,0.09615350213527257,success
1172,2000,8,4,0.0,4.500000000000002,0.1,1.0,5.199999999999999,5,0,393,107,0,0.2823765852331821,0.0953631395058743,success
1173,2000,8,4,0.0,4.500000000000002,0.1,1.0,5.399999999999999,5,0,393,107,0,0.2820246532369124,0.09504212161525821,success
1174,2000,8,4,0.0,4.500000000000002,0.1,1.0,5.599999999999999,5,0,393,107,0,0.281500847268545,0.09423996963276064,success
1175,2000,8,4,0.0,4.500000000000002,0.1,1.0,5.799999999999999,5,0,393,107,0,0.28132847413820167,0.09419029047974571,success
1176,2000,8,4,0.0,4.500000000000002,0.1,1.0,5.999999999999999,5,0,393,107,0,0.28102426584003,0.0937413567049721,success
1177,2000,8,4,0.0,4.500000000000002,0.1,1.0,6.199999999999999,5,0,393,107,0,0.2808470745411427,0.09340377933957252,success
1178,2000,8,4,0.0,4.500000000000002,0.1,1.0,6.399999999999999,5,0,393,107,0,0.28075444963586405,0.09332646260288908,success
1179,2000,8,4,0.0,4.500000000000002,0.1,1.0,6.599999999999999,5,0,393,107,0,0.2806664294102176,0.09319882004594952,success
1180,2000,8,4,0.0,4.500000000000002,0.1,1.0,6.799999999999999,5,0,393,107,0,0.2805527514882152,0.09303024631647117,success
1181,2000,8,4,0.0,4.500000000000002,0.1,1.0,6.999999999999998,5,0,393,107,0,0.28045537757800537,0.09285447133278582,success
1182,2000,8,4,0.0,4.500000000000002,0.1,1.0,7.199999999999998,5,0,393,107,0,0.28041127033995944,0.09277491600039472,success
1183,2000,8,4,0.0,4.500000000000002,0.1,1.0,7.399999999999999,5,0,393,107,0,0.2803717559746196,0.09271270093522906,success
1184,2000,8,4,0.0,4.500000000000002,0.1,1.0,7.599999999999999,5,0,393,107,0,0.28033968908098295,0.09266492041601597,success
1185,2000,8,4,0.0,4.500000000000002,0.1,1.0,7.799999999999999,5,0,393,107,0,0.2803200415176211,0.09263363270821813,success
1186,2000,8,4,0.0,4.500000000000002,0.1,1.0,7.999999999999998,5,0,393,107,0,0.2803024577773907,0.09261535928933604,success
1197,2000,8,4,0.0,4.600000000000002,0.1,1.0,1.0,5,193,307,0,0,,,success
1187,2000,8,4,0.0,4.500000000000002,0.1,1.0,8.2,5,0,393,107,0,0.2802997498871054,0.09262088759498066,success
1188,2000,8,4,0.0,4.500000000000002,0.1,1.0,8.399999999999999,5,0,393,107,0,0.28028396884225637,0.09259032713161314,success
1198,2000,8,4,0.0,4.600000000000002,0.1,1.0,1.2,5,101,343,56,0,0.8394300939100546,0.26403668299599653,success
1189,2000,8,4,0.0,4.500000000000002,0.1,1.0,8.599999999999998,5,0,393,107,0,0.280279683418746,0.09258716606363919,success
1199,2000,8,4,0.0,4.600000000000002,0.1,1.0,1.4,5,52,371,77,0,0.708611368113571,0.30387570632677186,success
1200,2000,8,4,0.0,4.600000000000002,0.1,1.0,1.5999999999999999,5,36,374,90,0,0.6046971388246174,0.29224882540626845,success
1190,2000,8,4,0.0,4.500000000000002,0.1,1.0,8.799999999999997,5,0,393,107,0,0.28026746178383605,0.09256090339793059,success
1201,2000,8,4,0.0,4.600000000000002,0.1,1.0,1.7999999999999998,5,25,391,84,0,0.48379661940857394,0.27438290541339055,success
1191,2000,8,4,0.0,4.500000000000002,0.1,1.0,8.999999999999998,5,0,393,107,0,0.2802614239400417,0.09255168602352741,success
1202,2000,8,4,0.0,4.600000000000002,0.1,1.0,1.9999999999999998,5,15,390,95,0,0.4934493807772416,0.27971396999400844,success
1192,2000,8,4,0.0,4.500000000000002,0.1,1.0,9.199999999999998,5,0,393,107,0,0.28025919085268397,0.09255037815975208,success
1203,2000,8,4,0.0,4.600000000000002,0.1,1.0,2.1999999999999997,5,6,404,90,0,0.41663532516827495,0.2286651064446846,success
1193,2000,8,4,0.0,4.500000000000002,0.1,1.0,9.399999999999999,5,0,393,107,0,0.28025080567370325,0.09252804728509308,success
1194,2000,8,4,0.0,4.500000000000002,0.1,1.0,9.599999999999998,5,0,393,107,0,0.2802455343308675,0.09252136458947635,success
1204,2000,8,4,0.0,4.600000000000002,0.1,1.0,2.3999999999999995,5,2,405,93,0,0.3825685654628771,0.2041769139392128,success
1205,2000,8,4,0.0,4.600000000000002,0.1,1.0,2.5999999999999996,5,1,407,92,0,0.3446802012594378,0.16927822939127798,success
1206,2000,8,4,0.0,4.600000000000002,0.1,1.0,2.8,5,0,408,92,0,0.32090358517960305,0.14332286218577167,success
1195,2000,8,4,0.0,4.500000000000002,0.1,1.0,9.799999999999997,5,0,393,107,0,0.28024065004782117,0.09251397753017021,success
1207,2000,8,4,0.0,4.600000000000002,0.1,1.0,2.9999999999999996,5,0,408,92,0,0.3048724350229057,0.1339858073845258,success
1196,2000,8,4,0.0,4.500000000000002,0.1,1.0,9.999999999999998,5,0,393,107,0,0.2802399333846646,0.09251448674455845,success
1208,2000,8,4,0.0,4.600000000000002,0.1,1.0,3.1999999999999993,5,0,408,92,0,0.2968708124526036,0.11933100284774947,success
1209,2000,8,4,0.0,4.600000000000002,0.1,1.0,3.3999999999999995,5,0,408,92,0,0.2889013763707027,0.11026781354873712,success
1210,2000,8,4,0.0,4.600000000000002,0.1,1.0,3.5999999999999996,5,0,408,92,0,0.2844244377352445,0.10534369638605254,success
1211,2000,8,4,0.0,4.600000000000002,0.1,1.0,3.7999999999999994,5,0,408,92,0,0.28160236908922914,0.10425811218284332,success
1212,2000,8,4,0.0,4.600000000000002,0.1,1.0,3.999999999999999,5,0,408,92,0,0.27907508716391344,0.10236510813194705,success
1213,2000,8,4,0.0,4.600000000000002,0.1,1.0,4.199999999999999,5,0,408,92,0,0.2774041354088002,0.09917066243289381,success
1214,2000,8,4,0.0,4.600000000000002,0.1,1.0,4.3999999999999995,5,0,408,92,0,0.27634141538126045,0.09836161463857578,success
1215,2000,8,4,0.0,4.600000000000002,0.1,1.0,4.6,5,0,408,92,0,0.2753154650933424,0.09728267056458009,success
1216,2000,8,4,0.0,4.600000000000002,0.1,1.0,4.799999999999999,5,0,408,92,0,0.2743095526274271,0.09640131605464952,success
1217,2000,8,4,0.0,4.600000000000002,0.1,1.0,4.999999999999999,5,0,408,92,0,0.2732393065418076,0.09517442916893104,success
1218,2000,8,4,0.0,4.600000000000002,0.1,1.0,5.199999999999999,5,0,408,92,0,0.2727902396558547,0.09448279743079122,success
1219,2000,8,4,0.0,4.600000000000002,0.1,1.0,5.399999999999999,5,0,408,92,0,0.272510089787832,0.09423176849381078,success
1220,2000,8,4,0.0,4.600000000000002,0.1,1.0,5.599999999999999,5,0,408,92,0,0.27206439441463437,0.09351669018010025,success
1221,2000,8,4,0.0,4.600000000000002,0.1,1.0,5.799999999999999,5,0,408,92,0,0.27194644865924994,0.09357133328844144,success
1222,2000,8,4,0.0,4.600000000000002,0.1,1.0,5.999999999999999,5,0,408,92,0,0.2716453417722752,0.09307987795897812,success
1223,2000,8,4,0.0,4.600000000000002,0.1,1.0,6.199999999999999,5,0,408,92,0,0.271456342639941,0.09269738951256454,success
1224,2000,8,4,0.0,4.600000000000002,0.1,1.0,6.399999999999999,5,0,408,92,0,0.2713839033214393,0.09264462348545034,success
1225,2000,8,4,0.0,4.600000000000002,0.1,1.0,6.599999999999999,5,0,408,92,0,0.2713274313024074,0.09256481880075143,success
1226,2000,8,4,0.0,4.600000000000002,0.1,1.0,6.799999999999999,5,0,408,92,0,0.271241415209024,0.09245122761245879,success
1227,2000,8,4,0.0,4.600000000000002,0.1,1.0,6.999999999999998,5,0,408,92,0,0.27115479803652504,0.09228194950465723,success
1228,2000,8,4,0.0,4.600000000000002,0.1,1.0,7.199999999999998,5,0,408,92,0,0.27111367747141235,0.09220710116202549,success
1229,2000,8,4,0.0,4.600000000000002,0.1,1.0,7.399999999999999,5,0,408,92,0,0.27107814716991635,0.09214181204462073,success
1230,2000,8,4,0.0,4.600000000000002,0.1,1.0,7.599999999999999,5,0,408,92,0,0.27103783168102724,0.09207681706314601,success
1231,2000,8,4,0.0,4.600000000000002,0.1,1.0,7.799999999999999,5,0,408,92,0,0.2710242560348345,0.09205544174721506,success
1232,2000,8,4,0.0,4.600000000000002,0.1,1.0,7.999999999999998,5,0,408,92,0,0.27101739013994053,0.09205839082922865,success
1233,2000,8,4,0.0,4.600000000000002,0.1,1.0,8.2,5,0,408,92,0,0.2710154557758161,0.09206724713284145,success
1243,2000,8,4,0.0,4.700000000000003,0.1,1.0,1.0,5,175,325,0,0,,,success
1234,2000,8,4,0.0,4.600000000000002,0.1,1.0,8.399999999999999,5,0,408,92,0,0.2710017057729788,0.0920397290895315,success
1244,2000,8,4,0.0,4.700000000000003,0.1,1.0,1.2,5,91,359,50,0,0.8401617051792611,0.2672903423738851,success
1235,2000,8,4,0.0,4.600000000000002,0.1,1.0,8.599999999999998,5,0,408,92,0,0.2709984871568842,0.09203725632842781,success
1245,2000,8,4,0.0,4.700000000000003,0.1,1.0,1.4,5,44,387,69,0,0.7236263804864717,0.30387662544666266,success
1236,2000,8,4,0.0,4.600000000000002,0.1,1.0,8.799999999999997,5,0,408,92,0,0.27098992712848313,0.09201950842710767,success
1246,2000,8,4,0.0,4.700000000000003,0.1,1.0,1.5999999999999999,5,33,386,81,0,0.6186844753702184,0.29878193278122056,success
1247,2000,8,4,0.0,4.700000000000003,0.1,1.0,1.7999999999999998,5,19,401,80,0,0.5038297910628169,0.28761821496926,success
1237,2000,8,4,0.0,4.600000000000002,0.1,1.0,8.999999999999998,5,0,408,92,0,0.27098224220435146,0.09200407674789439,success
1238,2000,8,4,0.0,4.600000000000002,0.1,1.0,9.199999999999998,5,0,408,92,0,0.27097949009186106,0.09199886675205274,success
1248,2000,8,4,0.0,4.700000000000003,0.1,1.0,1.9999999999999998,5,14,401,85,0,0.4649633678984159,0.2618830326988602,success
1249,2000,8,4,0.0,4.700000000000003,0.1,1.0,2.1999999999999997,5,4,411,85,0,0.4175481459126027,0.2353994820539564,success
1239,2000,8,4,0.0,4.600000000000002,0.1,1.0,9.399999999999999,5,0,408,92,0,0.2709703888103896,0.09197501421802137,success
1250,2000,8,4,0.0,4.700000000000003,0.1,1.0,2.3999999999999995,5,1,415,84,0,0.3682801609214184,0.19521034640238413,success
1240,2000,8,4,0.0,4.600000000000002,0.1,1.0,9.599999999999998,5,0,408,92,0,0.27096505022815276,0.0919668220564201,success
1251,2000,8,4,0.0,4.700000000000003,0.1,1.0,2.5999999999999996,5,0,415,85,0,0.3392440291725063,0.17263799274567926,success
1241,2000,8,4,0.0,4.600000000000002,0.1,1.0,9.799999999999997,5,0,408,92,0,0.2709639046254128,0.09196795473118717,success
1252,2000,8,4,0.0,4.700000000000003,0.1,1.0,2.8,5,0,416,84,0,0.3096886113487309,0.13413576182089174,success
1242,2000,8,4,0.0,4.600000000000002,0.1,1.0,9.999999999999998,5,0,408,92,0,0.270962249181979,0.09196616704232749,success
1253,2000,8,4,0.0,4.700000000000003,0.1,1.0,2.9999999999999996,5,0,416,84,0,0.2917229441130062,0.12200808900207841,success
1254,2000,8,4,0.0,4.700000000000003,0.1,1.0,3.1999999999999993,5,0,416,84,0,0.2846654910254508,0.11105500923701553,success
1255,2000,8,4,0.0,4.700000000000003,0.1,1.0,3.3999999999999995,5,0,416,84,0,0.27709485753667595,0.10358101441341189,success
1256,2000,8,4,0.0,4.700000000000003,0.1,1.0,3.5999999999999996,5,0,416,84,0,0.27300675004308284,0.09908476030822662,success
1257,2000,8,4,0.0,4.700000000000003,0.1,1.0,3.7999999999999994,5,0,416,84,0,0.27068065484541587,0.09813249499048629,success
1258,2000,8,4,0.0,4.700000000000003,0.1,1.0,3.999999999999999,5,0,416,84,0,0.2677945814566713,0.0966509818221959,success
1259,2000,8,4,0.0,4.700000000000003,0.1,1.0,4.199999999999999,5,0,416,84,0,0.2661514025630539,0.0940446156472687,success
1260,2000,8,4,0.0,4.700000000000003,0.1,1.0,4.3999999999999995,5,0,416,84,0,0.2653549988842305,0.0933468264350464,success
1261,2000,8,4,0.0,4.700000000000003,0.1,1.0,4.6,5,0,416,84,0,0.26454919215397515,0.09245018775754153,success
1262,2000,8,4,0.0,4.700000000000003,0.1,1.0,4.799999999999999,5,0,416,84,0,0.2636240260343809,0.09179905131959476,success
1263,2000,8,4,0.0,4.700000000000003,0.1,1.0,4.999999999999999,5,0,416,84,0,0.26262045817459073,0.09052558352203183,success
1264,2000,8,4,0.0,4.700000000000003,0.1,1.0,5.199999999999999,5,0,416,84,0,0.26218250187786607,0.08994889408243488,success
1265,2000,8,4,0.0,4.700000000000003,0.1,1.0,5.399999999999999,5,0,416,84,0,0.2619494471092361,0.08977913155395555,success
1266,2000,8,4,0.0,4.700000000000003,0.1,1.0,5.599999999999999,5,0,416,84,0,0.2615248220559475,0.08909819307810621,success
1267,2000,8,4,0.0,4.700000000000003,0.1,1.0,5.799999999999999,5,0,416,84,0,0.26144935148609855,0.08912163835720924,success
1268,2000,8,4,0.0,4.700000000000003,0.1,1.0,5.999999999999999,5,0,416,84,0,0.26112129401537865,0.08852143748976737,success
1269,2000,8,4,0.0,4.700000000000003,0.1,1.0,6.199999999999999,5,0,416,84,0,0.26094791741246715,0.08819775406754725,success
1270,2000,8,4,0.0,4.700000000000003,0.1,1.0,6.399999999999999,5,0,416,84,0,0.26089373637230123,0.08816586426414134,success
1271,2000,8,4,0.0,4.700000000000003,0.1,1.0,6.599999999999999,5,0,416,84,0,0.26085778041862867,0.08812671377160032,success
1272,2000,8,4,0.0,4.700000000000003,0.1,1.0,6.799999999999999,5,0,416,84,0,0.26079041108062284,0.08804830769934918,success
1273,2000,8,4,0.0,4.700000000000003,0.1,1.0,6.999999999999998,5,0,416,84,0,0.2607211289062527,0.08792211400458273,success
1274,2000,8,4,0.0,4.700000000000003,0.1,1.0,7.199999999999998,5,0,416,84,0,0.26068315797812736,0.08784241010762665,success
1275,2000,8,4,0.0,4.700000000000003,0.1,1.0,7.399999999999999,5,0,416,84,0,0.260651122935356,0.08778972417854149,success
1276,2000,8,4,0.0,4.700000000000003,0.1,1.0,7.599999999999999,5,0,416,84,0,0.2606168922690645,0.08773175415364644,success
1277,2000,8,4,0.0,4.700000000000003,0.1,1.0,7.799999999999999,5,0,416,84,0,0.2606082616017129,0.08772368825347149,success
1278,2000,8,4,0.0,4.700000000000003,0.1,1.0,7.999999999999998,5,0,416,84,0,0.2606123448174215,0.08775018006614904,success
1279,2000,8,4,0.0,4.700000000000003,0.1,1.0,8.2,5,0,416,84,0,0.2606126306688816,0.08776246278104242,success
1280,2000,8,4,0.0,4.700000000000003,0.1,1.0,8.399999999999999,5,0,416,84,0,0.2606048647699874,0.08774853709246452,success
1289,2000,8,4,0.0,4.8000000000000025,0.1,1.0,1.0,5,156,344,0,0,,,success
1290,2000,8,4,0.0,4.8000000000000025,0.1,1.0,1.2,5,81,376,43,0,0.837397331603792,0.27348162033044554,success
1291,2000,8,4,0.0,4.8000000000000025,0.1,1.0,1.4,5,34,411,55,0,0.735802690777445,0.31239965866331837,success
1281,2000,8,4,0.0,4.700000000000003,0.1,1.0,8.599999999999998,5,0,416,84,0,0.26059836476459114,0.08773604109157532,success
1292,2000,8,4,0.0,4.8000000000000025,0.1,1.0,1.5999999999999999,5,24,412,64,0,0.6268284981073448,0.3091236969157289,success
1282,2000,8,4,0.0,4.700000000000003,0.1,1.0,8.799999999999997,5,0,416,84,0,0.26059610712318115,0.08773645992252976,success
1293,2000,8,4,0.0,4.8000000000000025,0.1,1.0,1.7999999999999998,5,15,425,60,0,0.5030335755589798,0.3061165424952212,success
1283,2000,8,4,0.0,4.700000000000003,0.1,1.0,8.999999999999998,5,0,416,84,0,0.26059033876902493,0.08772386093105884,success
1294,2000,8,4,0.0,4.8000000000000025,0.1,1.0,1.9999999999999998,5,11,429,60,0,0.4208250777822709,0.23890514882542144,success
1295,2000,8,4,0.0,4.8000000000000025,0.1,1.0,2.1999999999999997,5,2,435,63,0,0.390761085826806,0.2169991060908195,success
1284,2000,8,4,0.0,4.700000000000003,0.1,1.0,9.199999999999998,5,0,416,84,0,0.26058990183556985,0.08772424892582115,success
1285,2000,8,4,0.0,4.700000000000003,0.1,1.0,9.399999999999999,5,0,416,84,0,0.2605844825890946,0.0877107089432495,success
1296,2000,8,4,0.0,4.8000000000000025,0.1,1.0,2.3999999999999995,5,1,440,59,0,0.32004265108664165,0.13487348557565282,success
1286,2000,8,4,0.0,4.700000000000003,0.1,1.0,9.599999999999998,5,0,416,84,0,0.2605802359940404,0.08770263616320383,success
1297,2000,8,4,0.0,4.8000000000000025,0.1,1.0,2.5999999999999996,5,0,440,60,0,0.30371098826198994,0.13256353614141003,success
1287,2000,8,4,0.0,4.700000000000003,0.1,1.0,9.799999999999997,5,0,416,84,0,0.260580126758902,0.08770548607143527,success
1298,2000,8,4,0.0,4.8000000000000025,0.1,1.0,2.8,5,0,439,61,0,0.28324260014869834,0.11903932343122232,success
1288,2000,8,4,0.0,4.700000000000003,0.1,1.0,9.999999999999998,5,0,416,84,0,0.2605773279371287,0.08769925611450281,success
1299,2000,8,4,0.0,4.8000000000000025,0.1,1.0,2.9999999999999996,5,0,440,60,0,0.27604839942525566,0.11411413624038265,success
1300,2000,8,4,0.0,4.8000000000000025,0.1,1.0,3.1999999999999993,5,0,440,60,0,0.26955037700400564,0.101219415139781,success
1301,2000,8,4,0.0,4.8000000000000025,0.1,1.0,3.3999999999999995,5,0,440,60,0,0.2629513203511796,0.0935552225209424,success
1302,2000,8,4,0.0,4.8000000000000025,0.1,1.0,3.5999999999999996,5,0,440,60,0,0.2594721191066988,0.09056266034886865,success
1303,2000,8,4,0.0,4.8000000000000025,0.1,1.0,3.7999999999999994,5,0,440,60,0,0.2577230254959972,0.09009426125791363,success
1304,2000,8,4,0.0,4.8000000000000025,0.1,1.0,3.999999999999999,5,0,440,60,0,0.2561523366328452,0.08994460487234603,success
1305,2000,8,4,0.0,4.8000000000000025,0.1,1.0,4.199999999999999,5,0,440,60,0,0.25426200821657047,0.08663837944604502,success
1306,2000,8,4,0.0,4.8000000000000025,0.1,1.0,4.3999999999999995,5,0,440,60,0,0.253909151454222,0.08635921754320244,success
1307,2000,8,4,0.0,4.8000000000000025,0.1,1.0,4.6,5,0,440,60,0,0.25316136698107766,0.08554281057579594,success
1308,2000,8,4,0.0,4.8000000000000025,0.1,1.0,4.799999999999999,5,0,440,60,0,0.25272794572508656,0.08520573373194082,success
1309,2000,8,4,0.0,4.8000000000000025,0.1,1.0,4.999999999999999,5,0,440,60,0,0.2518225923993465,0.08412309061784773,success
1310,2000,8,4,0.0,4.8000000000000025,0.1,1.0,5.199999999999999,5,0,440,60,0,0.25142928552505894,0.08357412690787572,success
1311,2000,8,4,0.0,4.8000000000000025,0.1,1.0,5.399999999999999,5,0,440,60,0,0.25123686497910397,0.0834064946111049,success
1312,2000,8,4,0.0,4.8000000000000025,0.1,1.0,5.599999999999999,5,0,440,60,0,0.25086481316059545,0.08293064341552667,success
1313,2000,8,4,0.0,4.8000000000000025,0.1,1.0,5.799999999999999,5,0,440,60,0,0.2508715095795439,0.08300041246195104,success
1314,2000,8,4,0.0,4.8000000000000025,0.1,1.0,5.999999999999999,5,0,440,60,0,0.25063563791212995,0.08272187708550391,success
1315,2000,8,4,0.0,4.8000000000000025,0.1,1.0,6.199999999999999,5,0,440,60,0,0.25049549163187634,0.08247567491271628,success
1316,2000,8,4,0.0,4.8000000000000025,0.1,1.0,6.399999999999999,5,0,440,60,0,0.25046626754844137,0.08245758805599249,success
1317,2000,8,4,0.0,4.8000000000000025,0.1,1.0,6.599999999999999,5,0,440,60,0,0.25041586511376707,0.08238272015329681,success
1318,2000,8,4,0.0,4.8000000000000025,0.1,1.0,6.799999999999999,5,0,440,60,0,0.2503728045154193,0.082332993745063,success
1319,2000,8,4,0.0,4.8000000000000025,0.1,1.0,6.999999999999998,5,0,440,60,0,0.2503573453713488,0.08233841448536232,success
1320,2000,8,4,0.0,4.8000000000000025,0.1,1.0,7.199999999999998,5,0,440,60,0,0.25033697132590144,0.0823144584172667,success
1321,2000,8,4,0.0,4.8000000000000025,0.1,1.0,7.399999999999999,5,0,440,60,0,0.2503112625601369,0.08228222676309914,success
1322,2000,8,4,0.0,4.8000000000000025,0.1,1.0,7.599999999999999,5,0,440,60,0,0.2502901602987528,0.08224901579493803,success
1323,2000,8,4,0.0,4.8000000000000025,0.1,1.0,7.799999999999999,5,0,440,60,0,0.25028822221397823,0.08225317802053654,success
1324,2000,8,4,0.0,4.8000000000000025,0.1,1.0,7.999999999999998,5,0,440,60,0,0.2502910399216132,0.08226104462423271,success
1325,2000,8,4,0.0,4.8000000000000025,0.1,1.0,8.2,5,0,440,60,0,0.2502886626116422,0.08225786671812282,success
1335,2000,8,4,0.0,4.900000000000002,0.1,1.0,1.0,5,132,368,0,0,,,success
1336,2000,8,4,0.0,4.900000000000002,0.1,1.0,1.2,5,64,399,37,0,0.8225235439618643,0.28723826579350387,success
1326,2000,8,4,0.0,4.8000000000000025,0.1,1.0,8.399999999999999,5,0,440,60,0,0.2502853967163587,0.08225416785483829,success
1337,2000,8,4,0.0,4.900000000000002,0.1,1.0,1.4,5,30,426,44,0,0.726292715927135,0.3221991602142041,success
1327,2000,8,4,0.0,4.8000000000000025,0.1,1.0,8.599999999999998,5,0,440,60,0,0.2502802218503545,0.08224473339638125,success
1338,2000,8,4,0.0,4.900000000000002,0.1,1.0,1.5999999999999999,5,21,426,53,0,0.6315373621094952,0.31795564682208755,success
1328,2000,8,4,0.0,4.8000000000000025,0.1,1.0,8.799999999999997,5,0,440,60,0,0.2502759674519057,0.0822409832812939,success
1339,2000,8,4,0.0,4.900000000000002,0.1,1.0,1.7999999999999998,5,10,441,49,0,0.4998504970838444,0.31532173405291186,success
1329,2000,8,4,0.0,4.8000000000000025,0.1,1.0,8.999999999999998,5,0,440,60,0,0.25027350911136753,0.08223549533975791,success
1340,2000,8,4,0.0,4.900000000000002,0.1,1.0,1.9999999999999998,5,7,444,49,0,0.41032804365423015,0.2591167050940576,success
1330,2000,8,4,0.0,4.8000000000000025,0.1,1.0,9.199999999999998,5,0,440,60,0,0.25027212915558217,0.08223241320550223,success
1341,2000,8,4,0.0,4.900000000000002,0.1,1.0,2.1999999999999997,5,1,449,50,0,0.3798471875577261,0.23781210567511532,success
1331,2000,8,4,0.0,4.8000000000000025,0.1,1.0,9.399999999999999,5,0,440,60,0,0.2502686383582226,0.08222740340246483,success
1342,2000,8,4,0.0,4.900000000000002,0.1,1.0,2.3999999999999995,5,1,454,45,0,0.2932191288066614,0.13654254266796934,success
1332,2000,8,4,0.0,4.8000000000000025,0.1,1.0,9.599999999999998,5,0,440,60,0,0.25026758650881065,0.08222568615326581,success
1333,2000,8,4,0.0,4.8000000000000025,0.1,1.0,9.799999999999997,5,0,440,60,0,0.2502665721422289,0.08222436010520824,success
1343,2000,8,4,0.0,4.900000000000002,0.1,1.0,2.5999999999999996,5,0,454,46,0,0.283904653121127,0.1383310512506343,success
1344,2000,8,4,0.0,4.900000000000002,0.1,1.0,2.8,5,0,454,46,0,0.26993942545253224,0.1259449016760218,success
1345,2000,8,4,0.0,4.900000000000002,0.1,1.0,2.9999999999999996,5,0,454,46,0,0.2596619426586038,0.11863849823627229,success
1334,2000,8,4,0.0,4.8000000000000025,0.1,1.0,9.999999999999998,5,0,440,60,0,0.2502646103066848,0.08222083155822499,success
1346,2000,8,4,0.0,4.900000000000002,0.1,1.0,3.1999999999999993,5,0,454,46,0,0.2529652477949589,0.10240391684660602,success
1347,2000,8,4,0.0,4.900000000000002,0.1,1.0,3.3999999999999995,5,0,454,46,0,0.24761849670803718,0.09419199303560849,success
1348,2000,8,4,0.0,4.900000000000002,0.1,1.0,3.5999999999999996,5,0,454,46,0,0.24392954653769278,0.09098407143221712,success
1349,2000,8,4,0.0,4.900000000000002,0.1,1.0,3.7999999999999994,5,0,454,46,0,0.24188679451338835,0.09031333095813156,success
1350,2000,8,4,0.0,4.900000000000002,0.1,1.0,3.999999999999999,5,0,454,46,0,0.24000306940683272,0.08939685033026924,success
1351,2000,8,4,0.0,4.900000000000002,0.1,1.0,4.199999999999999,5,0,454,46,0,0.23786474030488042,0.0850673427672274,success
1352,2000,8,4,0.0,4.900000000000002,0.1,1.0,4.3999999999999995,5,0,454,46,0,0.237559171620263,0.08479033357701264,success
1353,2000,8,4,0.0,4.900000000000002,0.1,1.0,4.6,5,0,454,46,0,0.23676431298423561,0.08375015111924781,success
1354,2000,8,4,0.0,4.900000000000002,0.1,1.0,4.799999999999999,5,0,454,46,0,0.2361183431162326,0.08301641851800272,success
1355,2000,8,4,0.0,4.900000000000002,0.1,1.0,4.999999999999999,5,0,454,46,0,0.23547423213720334,0.08208244107067768,success
1356,2000,8,4,0.0,4.900000000000002,0.1,1.0,5.199999999999999,5,0,454,46,0,0.23503238923329886,0.08133308554968091,success
1357,2000,8,4,0.0,4.900000000000002,0.1,1.0,5.399999999999999,5,0,454,46,0,0.234968215230935,0.08132249071645704,success
1358,2000,8,4,0.0,4.900000000000002,0.1,1.0,5.599999999999999,5,0,454,46,0,0.23461804535908481,0.08076616074838683,success
1359,2000,8,4,0.0,4.900000000000002,0.1,1.0,5.799999999999999,5,0,454,46,0,0.23463157168804513,0.08082898157831876,success
1360,2000,8,4,0.0,4.900000000000002,0.1,1.0,5.999999999999999,5,0,454,46,0,0.23454672667434123,0.08072889983824262,success
1361,2000,8,4,0.0,4.900000000000002,0.1,1.0,6.199999999999999,5,0,454,46,0,0.23439901184741907,0.08042239064347874,success
1362,2000,8,4,0.0,4.900000000000002,0.1,1.0,6.399999999999999,5,0,454,46,0,0.2343688323786559,0.0803898471705445,success
1363,2000,8,4,0.0,4.900000000000002,0.1,1.0,6.599999999999999,5,0,454,46,0,0.23432277910610227,0.08030414754267395,success
1364,2000,8,4,0.0,4.900000000000002,0.1,1.0,6.799999999999999,5,0,454,46,0,0.23429322626757457,0.08026620768062546,success
1365,2000,8,4,0.0,4.900000000000002,0.1,1.0,6.999999999999998,5,0,454,46,0,0.23429744120935975,0.08030627891509855,success
1366,2000,8,4,0.0,4.900000000000002,0.1,1.0,7.199999999999998,5,0,454,46,0,0.23430046659628842,0.08031481815702021,success
1367,2000,8,4,0.0,4.900000000000002,0.1,1.0,7.399999999999999,5,0,454,46,0,0.23428700233576816,0.08029515517960827,success
1368,2000,8,4,0.0,4.900000000000002,0.1,1.0,7.599999999999999,5,0,454,46,0,0.23427256041274655,0.08026685582246972,success
1369,2000,8,4,0.0,4.900000000000002,0.1,1.0,7.799999999999999,5,0,454,46,0,0.23427327681915056,0.08027907461908375,success
1370,2000,8,4,0.0,4.900000000000002,0.1,1.0,7.999999999999998,5,0,454,46,0,0.23427308627606833,0.08028508727074668,success
1371,2000,8,4,0.0,4.900000000000002,0.1,1.0,8.2,5,0,454,46,0,0.23426570730718843,0.0802721407527806,success
1372,2000,8,4,0.0,4.900000000000002,0.1,1.0,8.399999999999999,5,0,454,46,0,0.23426628372739017,0.0802750044463373,success
1381,2000,8,4,0.0,5.000000000000003,0.1,1.0,1.0,6,111,389,0,0,,,success
1382,2000,8,4,0.0,5.000000000000003,0.1,1.0,1.2,6,53,414,33,0,0.8190239947366345,0.28122505492848754,success
1383,2000,8,4,0.0,5.000000000000003,0.1,1.0,1.4,6,23,433,44,0,0.6756229065396218,0.33677627993907105,success
1384,2000,8,4,0.0,5.000000000000003,0.1,1.0,1.5999999999999999,6,13,444,43,0,0.6123408323537959,0.35919988656749063,success
1373,2000,8,4,0.0,4.900000000000002,0.1,1.0,8.599999999999998,5,0,454,46,0,0.2342644113982349,0.08027054709147884,success
1374,2000,8,4,0.0,4.900000000000002,0.1,1.0,8.799999999999997,5,0,454,46,0,0.23425877090205077,0.08026250792299265,success
1385,2000,8,4,0.0,5.000000000000003,0.1,1.0,1.7999999999999998,6,6,456,38,0,0.5053350151324756,0.3549519134990639,success
1386,2000,8,4,0.0,5.000000000000003,0.1,1.0,1.9999999999999998,6,3,460,37,0,0.38122460967529276,0.2767309871320966,success
1375,2000,8,4,0.0,4.900000000000002,0.1,1.0,8.999999999999998,5,0,454,46,0,0.23425262422263443,0.08024861627156886,success
1387,2000,8,4,0.0,5.000000000000003,0.1,1.0,2.1999999999999997,6,0,464,36,0,0.36059115929027163,0.28034167430579404,success
1376,2000,8,4,0.0,4.900000000000002,0.1,1.0,9.199999999999998,5,0,454,46,0,0.2342526623954249,0.08024893473769482,success
1377,2000,8,4,0.0,4.900000000000002,0.1,1.0,9.399999999999999,5,0,454,46,0,0.23425177406772768,0.08024742714440378,success
1378,2000,8,4,0.0,4.900000000000002,0.1,1.0,9.599999999999998,5,0,454,46,0,0.23425074203125695,0.08024499907355055,success
1388,2000,8,4,0.0,5.000000000000003,0.1,1.0,2.3999999999999995,6,0,468,32,0,0.29060996692136437,0.22449992090370058,success
1379,2000,8,4,0.0,4.900000000000002,0.1,1.0,9.799999999999997,5,0,454,46,0,0.2342491926765266,0.08024201115248916,success
1389,2000,8,4,0.0,5.000000000000003,0.1,1.0,2.5999999999999996,6,0,468,32,0,0.2740700373730357,0.19554625295326383,success
1380,2000,8,4,0.0,4.900000000000002,0.1,1.0,9.999999999999998,5,0,454,46,0,0.23424861618686876,0.08024078838746207,success
1390,2000,8,4,0.0,5.000000000000003,0.1,1.0,2.8,6,0,469,31,0,0.23014973941511924,0.10468933635373791,success
1391,2000,8,4,0.0,5.000000000000003,0.1,1.0,2.9999999999999996,6,0,469,31,0,0.22512100413243066,0.0998843992421331,success
1392,2000,8,4,0.0,5.000000000000003,0.1,1.0,3.1999999999999993,6,0,469,31,0,0.22234392054116672,0.09579034794623147,success
1393,2000,8,4,0.0,5.000000000000003,0.1,1.0,3.3999999999999995,6,0,469,31,0,0.2206250072962936,0.0936649059251606,success
1394,2000,8,4,0.0,5.000000000000003,0.1,1.0,3.5999999999999996,6,0,469,31,0,0.2176065546602676,0.08840779953226642,success
1395,2000,8,4,0.0,5.000000000000003,0.1,1.0,3.7999999999999994,6,0,469,31,0,0.21502329831724792,0.08372923936649307,success
1396,2000,8,4,0.0,5.000000000000003,0.1,1.0,3.999999999999999,6,0,469,31,0,0.21340813034248513,0.08152007992285382,success
1397,2000,8,4,0.0,5.000000000000003,0.1,1.0,4.199999999999999,6,0,469,31,0,0.21301786972121542,0.08116149250146511,success
1398,2000,8,4,0.0,5.000000000000003,0.1,1.0,4.3999999999999995,6,0,469,31,0,0.2128168331711138,0.08109646684762156,success
1399,2000,8,4,0.0,5.000000000000003,0.1,1.0,4.6,6,0,469,31,0,0.2118266432801922,0.0791230106963307,success
1400,2000,8,4,0.0,5.000000000000003,0.1,1.0,4.799999999999999,6,0,469,31,0,0.21140355892476748,0.07843010450698157,success
1401,2000,8,4,0.0,5.000000000000003,0.1,1.0,4.999999999999999,6,0,469,31,0,0.21106710617272623,0.07802452457412985,success
1402,2000,8,4,0.0,5.000000000000003,0.1,1.0,5.199999999999999,6,0,469,31,0,0.21097531649614798,0.07784419318252031,success
1403,2000,8,4,0.0,5.000000000000003,0.1,1.0,5.399999999999999,6,0,469,31,0,0.21092618677744668,0.0778282599291802,success
1404,2000,8,4,0.0,5.000000000000003,0.1,1.0,5.599999999999999,6,0,469,31,0,0.21080262771304775,0.07761875039269531,success
1405,2000,8,4,0.0,5.000000000000003,0.1,1.0,5.799999999999999,6,0,469,31,0,0.21067924756154216,0.07735171175861168,success
1406,2000,8,4,0.0,5.000000000000003,0.1,1.0,5.999999999999999,6,0,469,31,0,0.21060176734890046,0.07719309326016952,success
1407,2000,8,4,0.0,5.000000000000003,0.1,1.0,6.199999999999999,6,0,469,31,0,0.21055583781876402,0.07709259732440195,success
1408,2000,8,4,0.0,5.000000000000003,0.1,1.0,6.399999999999999,6,0,469,31,0,0.21054466623016754,0.07709077675988149,success
1409,2000,8,4,0.0,5.000000000000003,0.1,1.0,6.599999999999999,6,0,469,31,0,0.21053120421823238,0.07706156927996294,success
1410,2000,8,4,0.0,5.000000000000003,0.1,1.0,6.799999999999999,6,0,469,31,0,0.2104877704742451,0.07697824733269723,success
1411,2000,8,4,0.0,5.000000000000003,0.1,1.0,6.999999999999998,6,0,469,31,0,0.2105083462776253,0.07703928718549011,success
1412,2000,8,4,0.0,5.000000000000003,0.1,1.0,7.199999999999998,6,0,469,31,0,0.2104916502120649,0.07699612305314865,success
1413,2000,8,4,0.0,5.000000000000003,0.1,1.0,7.399999999999999,6,0,469,31,0,0.21049332031840204,0.07699961798883909,success
1414,2000,8,4,0.0,5.000000000000003,0.1,1.0,7.599999999999999,6,0,469,31,0,0.21048467527712392,0.07698530460471324,success
1415,2000,8,4,0.0,5.000000000000003,0.1,1.0,7.799999999999999,6,0,469,31,0,0.21047682389483768,0.07696585362730517,success
1416,2000,8,4,0.0,5.000000000000003,0.1,1.0,7.999999999999998,6,0,469,31,0,0.2104760808092203,0.07696604982327046,success
1417,2000,8,4,0.0,5.000000000000003,0.1,1.0,8.2,6,0,469,31,0,0.21047507129347573,0.07696472294201744,success
1418,2000,8,4,0.0,5.000000000000003,0.1,1.0,8.399999999999999,6,0,469,31,0,0.21047471071700533,0.07696415577970687,success
1419,2000,8,4,0.0,5.000000000000003,0.1,1.0,8.599999999999998,6,0,469,31,0,0.2104726705989157,0.07696127194972527,success
1420,2000,8,4,0.0,5.000000000000003,0.1,1.0,8.799999999999997,6,0,469,31,0,0.21047292448884328,0.07696267288218721,success
1421,2000,8,4,0.0,5.000000000000003,0.1,1.0,8.999999999999998,6,0,469,31,0,0.21046965062459982,0.07695441097386682,success
1422,2000,8,4,0.0,5.000000000000003,0.1,1.0,9.199999999999998,6,0,469,31,0,0.21046965602179207,0.07695530118165206,success
1423,2000,8,4,0.0,5.000000000000003,0.1,1.0,9.399999999999999,6,0,469,31,0,0.21046901112974595,0.07695434983719186,success
1424,2000,8,4,0.0,5.000000000000003,0.1,1.0,9.599999999999998,6,0,469,31,0,0.21046839614847274,0.07695284569855826,success
1425,2000,8,4,0.0,5.000000000000003,0.1,1.0,9.799999999999997,6,0,469,31,0,0.21046709552033552,0.07694937287493185,success
1426,2000,8,4,0.0,5.000000000000003,0.1,1.0,9.999999999999998,6,0,469,31,0,0.21046730486157691,0.07694993708295655,success
