combination_id,n,k,p,q,thrshld,p1,p2,beta,seeds,case_A_count,case_B_count,case_C_count,case_Invalid_count,delta_star_mean,delta_star_std,status
31,2000,8,3,2.0,2.0,0.1,0.8000000000000003,3.0,2,476,2,22,0,0.5404869301509895,0.25071033516992763,success
25,2000,8,3,2.0,2.0,0.1,0.7400000000000002,3.0,2,471,5,24,0,0.5593568413825901,0.24156187972964024,success
32,2000,8,3,2.0,2.0,0.1,0.8100000000000003,3.0,2,477,2,21,0,0.5672574547376383,0.24494355354612138,success
28,2000,8,3,2.0,2.0,0.1,0.7700000000000002,3.0,2,474,5,21,0,0.49941192561765185,0.2481846007770797,success
27,2000,8,3,2.0,2.0,0.1,0.7600000000000002,3.0,2,476,5,19,0,0.4308409440541702,0.20203988331557785,success
26,2000,8,3,2.0,2.0,0.1,0.7500000000000002,3.0,2,470,6,24,0,0.5496043726487799,0.25213404927044764,success
30,2000,8,3,2.0,2.0,0.1,0.7900000000000003,3.0,2,476,3,21,0,0.5063499734360208,0.23727908491715863,success
29,2000,8,3,2.0,2.0,0.1,0.7800000000000002,3.0,2,477,3,20,0,0.44494817057195124,0.20032461010245597,success
24,2000,8,3,2.0,2.0,0.1,0.7300000000000002,3.0,2,468,5,27,0,0.5683427801143501,0.22765650858290565,success
12,2000,8,3,2.0,2.0,0.1,0.6100000000000001,3.0,2,412,15,73,0,0.5527776627051193,0.21709923287820015,success
13,2000,8,3,2.0,2.0,0.1,0.6200000000000001,3.0,2,416,12,72,0,0.5499833150406703,0.21300865548781026,success
10,2000,8,3,2.0,2.0,0.1,0.5900000000000001,3.0,2,400,19,81,0,0.5652388580430375,0.20635869602869708,success
11,2000,8,3,2.0,2.0,0.1,0.6000000000000001,3.0,2,403,15,82,0,0.5843166385498393,0.22140312849764157,success
23,2000,8,3,2.0,2.0,0.1,0.7200000000000002,3.0,2,464,5,31,0,0.5707247505537805,0.22851963819198876,success
9,2000,8,3,2.0,2.0,0.1,0.5800000000000001,3.0,2,394,19,87,0,0.5962963820388635,0.23201376099928434,success
22,2000,8,3,2.0,2.0,0.1,0.7100000000000002,3.0,2,457,4,39,0,0.5831149763149216,0.2374641070972152,success
6,2000,8,3,2.0,2.0,0.1,0.55,3.0,2,368,22,110,0,0.6298286518080954,0.22772542326493572,success
7,2000,8,3,2.0,2.0,0.1,0.56,3.0,2,381,22,97,0,0.6087483471095996,0.2207925987818338,success
8,2000,8,3,2.0,2.0,0.1,0.5700000000000001,3.0,2,387,20,93,0,0.5994622116534903,0.2218895159938894,success
16,2000,8,3,2.0,2.0,0.1,0.6500000000000001,3.0,2,435,10,55,0,0.587465638882388,0.2149602556273979,success
20,2000,8,3,2.0,2.0,0.1,0.6900000000000002,3.0,2,452,5,43,0,0.5585016577701705,0.24124284833894502,success
3,2000,8,3,2.0,2.0,0.1,0.52,3.0,2,341,28,131,0,0.6546263382005022,0.22236861311491632,success
4,2000,8,3,2.0,2.0,0.1,0.53,3.0,2,348,26,126,0,0.6432559928194678,0.221807748657394,success
21,2000,8,3,2.0,2.0,0.1,0.7000000000000002,3.0,2,458,5,37,0,0.5500328078674653,0.2292536318521443,success
15,2000,8,3,2.0,2.0,0.1,0.6400000000000001,3.0,2,428,11,61,0,0.5925990736612194,0.22429548529130336,success
18,2000,8,3,2.0,2.0,0.1,0.6700000000000002,3.0,2,444,5,51,0,0.5631644858761765,0.2252403820211715,success
19,2000,8,3,2.0,2.0,0.1,0.6800000000000002,3.0,2,446,5,49,0,0.5598384413776669,0.22723177138089437,success
2,2000,8,3,2.0,2.0,0.1,0.51,3.0,2,330,25,145,0,0.666716842615587,0.21768009094219137,success
1,2000,8,3,2.0,2.0,0.1,0.5,3.0,2,315,30,155,0,0.6553235641136446,0.22731132557737424,success
17,2000,8,3,2.0,2.0,0.1,0.6600000000000001,3.0,2,438,6,56,0,0.5872630826391675,0.22223536450282677,success
5,2000,8,3,2.0,2.0,0.1,0.54,3.0,2,359,24,117,0,0.6455621161716124,0.23070604401879916,success
14,2000,8,3,2.0,2.0,0.1,0.6300000000000001,3.0,2,425,12,63,0,0.5645810989674093,0.20741417419367092,success
37,2000,8,3,2.0,2.0,0.1,0.8600000000000003,3.0,2,487,1,12,0,0.48672523949558677,0.1877315514929088,success
38,2000,8,3,2.0,2.0,0.1,0.8700000000000003,3.0,2,486,0,14,0,0.5343801806479027,0.23737123454229958,success
33,2000,8,3,2.0,2.0,0.1,0.8200000000000003,3.0,2,480,2,18,0,0.5654205663953059,0.22748030584834603,success
35,2000,8,3,2.0,2.0,0.1,0.8400000000000003,3.0,2,485,1,14,0,0.5067190939858419,0.2069262577519805,success
39,2000,8,3,2.0,2.0,0.1,0.8800000000000003,3.0,2,488,0,12,0,0.48218067575997997,0.1989848007115902,success
41,2000,8,3,2.0,2.0,0.1,0.9000000000000004,3.0,2,489,0,11,0,0.46655259553165096,0.22203921244054323,success
40,2000,8,3,2.0,2.0,0.1,0.8900000000000003,3.0,2,488,0,12,0,0.4834366202156066,0.20714232690695836,success
50,2000,8,3,2.0,2.0,0.1,0.9900000000000004,3.0,2,491,0,9,0,0.42157342825630856,0.21298005371935907,success
47,2000,8,3,2.0,2.0,0.1,0.9600000000000004,3.0,2,491,0,9,0,0.3605555886957431,0.13752086209134545,success
34,2000,8,3,2.0,2.0,0.1,0.8300000000000003,3.0,2,481,2,17,0,0.5743942098670126,0.2410073186842626,success
36,2000,8,3,2.0,2.0,0.1,0.8500000000000003,3.0,2,486,1,13,0,0.5211526647852734,0.21386748583796583,success
51,2000,8,3,2.0,2.0,0.1,1.0000000000000004,3.0,2,490,0,10,0,0.4740073976549454,0.25898431476580286,success
42,2000,8,3,2.0,2.0,0.1,0.9100000000000004,3.0,2,489,0,11,0,0.4723688492470121,0.21979159806055137,success
43,2000,8,3,2.0,2.0,0.1,0.9200000000000004,3.0,2,489,0,11,0,0.46681038256451585,0.2135237038532953,success
44,2000,8,3,2.0,2.0,0.1,0.9300000000000004,3.0,2,489,0,11,0,0.4576485098465943,0.23978164406472974,success
46,2000,8,3,2.0,2.0,0.1,0.9500000000000004,3.0,2,490,0,10,0,0.40650497767447885,0.1933392626303847,success
45,2000,8,3,2.0,2.0,0.1,0.9400000000000004,3.0,2,491,0,9,0,0.3609375770329569,0.1371110240875036,success
49,2000,8,3,2.0,2.0,0.1,0.9800000000000004,3.0,2,491,0,9,0,0.419715844929911,0.20802927855018952,success
48,2000,8,3,2.0,2.0,0.1,0.9700000000000004,3.0,2,489,0,11,0,0.45242015775449773,0.25246699246659804,success
52,2000,8,3,2.0,2.1,0.1,0.5,3.0,3,220,49,231,0,0.6837253851528015,0.24057767856442042,success
60,2000,8,3,2.0,2.1,0.1,0.5800000000000001,3.0,3,321,25,154,0,0.6181469152192635,0.2379178646948085,success
63,2000,8,3,2.0,2.1,0.1,0.6100000000000001,3.0,3,351,23,126,0,0.596394434587705,0.24463256190023674,success
56,2000,8,3,2.0,2.1,0.1,0.54,3.0,3,275,35,190,0,0.6522242756301984,0.23704321529358685,success
54,2000,8,3,2.0,2.1,0.1,0.52,3.0,3,242,43,215,0,0.6700019212575937,0.24169400406729186,success
61,2000,8,3,2.0,2.1,0.1,0.5900000000000001,3.0,3,334,25,141,0,0.6043264356025773,0.237139841572375,success
59,2000,8,3,2.0,2.1,0.1,0.5700000000000001,3.0,3,310,26,164,0,0.6160617667826552,0.23088655443524814,success
55,2000,8,3,2.0,2.1,0.1,0.53,3.0,3,266,43,191,0,0.6447606793756196,0.24120139245871355,success
58,2000,8,3,2.0,2.1,0.1,0.56,3.0,3,296,28,176,0,0.6283579654470445,0.23468678531163076,success
62,2000,8,3,2.0,2.1,0.1,0.6000000000000001,3.0,3,352,24,124,0,0.5793549219551444,0.22812927653489504,success
64,2000,8,3,2.0,2.1,0.1,0.6200000000000001,3.0,3,358,16,126,0,0.5895452006642502,0.2370846869317152,success
57,2000,8,3,2.0,2.1,0.1,0.55,3.0,3,283,31,186,0,0.6431032197576428,0.2378842035644637,success
53,2000,8,3,2.0,2.1,0.1,0.51,3.0,3,224,49,227,0,0.6899734520352665,0.2461871176761486,success
71,2000,8,3,2.0,2.1,0.1,0.6900000000000002,3.0,3,410,11,79,0,0.5606057170978354,0.24194688046411386,success
68,2000,8,3,2.0,2.1,0.1,0.6600000000000001,3.0,3,390,16,94,0,0.5914846648154743,0.24976685449995534,success
66,2000,8,3,2.0,2.1,0.1,0.6400000000000001,3.0,3,384,17,99,0,0.5794208616293619,0.2453639679615794,success
72,2000,8,3,2.0,2.1,0.1,0.7000000000000002,3.0,3,414,11,75,0,0.5685381728083908,0.24332328830938882,success
67,2000,8,3,2.0,2.1,0.1,0.6500000000000001,3.0,3,386,15,99,0,0.5722203373904602,0.23748281645167985,success
65,2000,8,3,2.0,2.1,0.1,0.6300000000000001,3.0,3,374,17,109,0,0.5792847336164578,0.23698456088302874,success
70,2000,8,3,2.0,2.1,0.1,0.6800000000000002,3.0,3,403,12,85,0,0.578773692063774,0.2426845460188361,success
74,2000,8,3,2.0,2.1,0.1,0.7200000000000002,3.0,3,421,10,69,0,0.5641049493734576,0.23187726231363273,success
69,2000,8,3,2.0,2.1,0.1,0.6700000000000002,3.0,3,403,15,82,0,0.5647415436105098,0.23301860097844984,success
79,2000,8,3,2.0,2.1,0.1,0.7700000000000002,3.0,3,450,6,44,0,0.5323294581489665,0.20161110744199917,success
75,2000,8,3,2.0,2.1,0.1,0.7300000000000002,3.0,3,425,10,65,0,0.5787233383359817,0.23314192196005742,success
76,2000,8,3,2.0,2.1,0.1,0.7400000000000002,3.0,3,425,10,65,0,0.5780057074349226,0.23396413948449132,success
77,2000,8,3,2.0,2.1,0.1,0.7500000000000002,3.0,3,433,8,59,0,0.5781775975160491,0.23809113591617403,success
73,2000,8,3,2.0,2.1,0.1,0.7100000000000002,3.0,3,419,10,71,0,0.5531500706869801,0.22530067291500563,success
78,2000,8,3,2.0,2.1,0.1,0.7600000000000002,3.0,3,440,6,54,0,0.5792518123894075,0.23982506374598556,success
80,2000,8,3,2.0,2.1,0.1,0.7800000000000002,3.0,3,446,6,48,0,0.5429541410526199,0.1972607916561812,success
81,2000,8,3,2.0,2.1,0.1,0.7900000000000003,3.0,3,450,5,45,0,0.5468789230811117,0.2021174306706768,success
82,2000,8,3,2.0,2.1,0.1,0.8000000000000003,3.0,3,453,6,41,0,0.5230207987872151,0.19313005898610863,success
83,2000,8,3,2.0,2.1,0.1,0.8100000000000003,3.0,3,454,5,41,0,0.5151199130750441,0.19387211771000917,success
85,2000,8,3,2.0,2.1,0.1,0.8300000000000003,3.0,3,460,5,35,0,0.5385299571837475,0.22012574585595393,success
84,2000,8,3,2.0,2.1,0.1,0.8200000000000003,3.0,3,457,4,39,0,0.5339868449079089,0.2182143802161026,success
86,2000,8,3,2.0,2.1,0.1,0.8400000000000003,3.0,3,459,5,36,0,0.5631161952737889,0.23365707744458458,success
88,2000,8,3,2.0,2.1,0.1,0.8600000000000003,3.0,3,464,3,33,0,0.5286520355301112,0.20257103131537113,success
91,2000,8,3,2.0,2.1,0.1,0.8900000000000003,3.0,3,471,4,25,0,0.5504149567985486,0.24320689024522427,success
89,2000,8,3,2.0,2.1,0.1,0.8700000000000003,3.0,3,466,4,30,0,0.5456392231334809,0.22274727818041465,success
93,2000,8,3,2.0,2.1,0.1,0.9100000000000004,3.0,3,478,3,19,0,0.542061816951029,0.21382990522414472,success
87,2000,8,3,2.0,2.1,0.1,0.8500000000000003,3.0,3,461,5,34,0,0.5794730463700636,0.2308468923032889,success
94,2000,8,3,2.0,2.1,0.1,0.9200000000000004,3.0,3,481,3,16,0,0.5043452878512263,0.207661089109915,success
90,2000,8,3,2.0,2.1,0.1,0.8800000000000003,3.0,3,465,4,31,0,0.5992128345024599,0.24568574412932914,success
92,2000,8,3,2.0,2.1,0.1,0.9000000000000004,3.0,3,472,3,25,0,0.6006360420777348,0.261102909229731,success
95,2000,8,3,2.0,2.1,0.1,0.9300000000000004,3.0,3,481,3,16,0,0.514464656022756,0.23268588665294213,success
96,2000,8,3,2.0,2.1,0.1,0.9400000000000004,3.0,3,479,2,19,0,0.5347523309450873,0.22715941988262084,success
99,2000,8,3,2.0,2.1,0.1,0.9700000000000004,3.0,3,479,1,20,0,0.5353654170774564,0.2273721239427372,success
97,2000,8,3,2.0,2.1,0.1,0.9500000000000004,3.0,3,481,2,17,0,0.5443824431474138,0.25497923586866733,success
98,2000,8,3,2.0,2.1,0.1,0.9600000000000004,3.0,3,480,2,18,0,0.5476733319438792,0.24543428578467044,success
100,2000,8,3,2.0,2.1,0.1,0.9800000000000004,3.0,3,480,1,19,0,0.5317862633447578,0.22529310513821765,success
102,2000,8,3,2.0,2.1,0.1,1.0000000000000004,3.0,3,481,1,18,0,0.5536840838248708,0.24039872864881073,success
101,2000,8,3,2.0,2.1,0.1,0.9900000000000004,3.0,3,482,1,17,0,0.5197634225257861,0.22628220569482893,success
114,2000,8,3,2.0,2.2,0.1,0.6100000000000001,3.0,3,298,29,173,0,0.6609002958287643,0.2318980392301628,success
113,2000,8,3,2.0,2.2,0.1,0.6000000000000001,3.0,3,288,32,180,0,0.6716137948048387,0.23114679844475056,success
112,2000,8,3,2.0,2.2,0.1,0.5900000000000001,3.0,3,285,36,179,0,0.6658058140722809,0.22838247082513163,success
111,2000,8,3,2.0,2.2,0.1,0.5800000000000001,3.0,3,266,36,198,0,0.6803386875982745,0.23314086559766015,success
110,2000,8,3,2.0,2.2,0.1,0.5700000000000001,3.0,3,251,41,208,0,0.6767833400364383,0.23190739202692245,success
109,2000,8,3,2.0,2.2,0.1,0.56,3.0,3,239,42,219,0,0.6866263474723548,0.23118239558237952,success
107,2000,8,3,2.0,2.2,0.1,0.54,3.0,3,219,50,231,0,0.6890651773780577,0.22818988862374132,success
108,2000,8,3,2.0,2.2,0.1,0.55,3.0,3,227,42,231,0,0.6866691063043587,0.22937551483679416,success
104,2000,8,3,2.0,2.2,0.1,0.51,3.0,3,176,63,261,0,0.6978236705518609,0.22920510700477,success
106,2000,8,3,2.0,2.2,0.1,0.53,3.0,3,202,57,241,0,0.692859642317206,0.23380639430516983,success
105,2000,8,3,2.0,2.2,0.1,0.52,3.0,3,176,58,266,0,0.7087691007466007,0.23690448339601264,success
115,2000,8,3,2.0,2.2,0.1,0.6200000000000001,3.0,3,309,23,168,0,0.6499871656608588,0.22977389484479488,success
119,2000,8,3,2.0,2.2,0.1,0.6600000000000001,3.0,3,353,21,126,0,0.6255325261874976,0.23455386808546075,success
116,2000,8,3,2.0,2.2,0.1,0.6300000000000001,3.0,3,318,19,163,0,0.6470494515127388,0.23149885368877415,success
103,2000,8,3,2.0,2.2,0.1,0.5,3.0,3,152,64,284,0,0.7161833708714187,0.23075364255230887,success
117,2000,8,3,2.0,2.2,0.1,0.6400000000000001,3.0,3,339,19,142,0,0.6231111300399069,0.22779041376917664,success
122,2000,8,3,2.0,2.2,0.1,0.6900000000000002,3.0,3,378,16,106,0,0.6100372270033158,0.22481034345113365,success
121,2000,8,3,2.0,2.2,0.1,0.6800000000000002,3.0,3,367,19,114,0,0.6278124280679019,0.23047717560860725,success
118,2000,8,3,2.0,2.2,0.1,0.6500000000000001,3.0,3,347,21,132,0,0.6161165601866433,0.23159772526078912,success
126,2000,8,3,2.0,2.2,0.1,0.7300000000000002,3.0,3,404,16,80,0,0.613576931138401,0.20975009377337156,success
124,2000,8,3,2.0,2.2,0.1,0.7100000000000002,3.0,3,390,17,93,0,0.6305447788830993,0.2249593886060574,success
127,2000,8,3,2.0,2.2,0.1,0.7400000000000002,3.0,3,406,15,79,0,0.6204185888999979,0.21860640142411708,success
120,2000,8,3,2.0,2.2,0.1,0.6700000000000002,3.0,3,367,20,113,0,0.6170300533544677,0.2254080134933801,success
128,2000,8,3,2.0,2.2,0.1,0.7500000000000002,3.0,3,417,14,69,0,0.601717391966623,0.2097321226485674,success
125,2000,8,3,2.0,2.2,0.1,0.7200000000000002,3.0,3,394,17,89,0,0.6300095408333506,0.21951011496242964,success
123,2000,8,3,2.0,2.2,0.1,0.7000000000000002,3.0,3,386,18,96,0,0.619512391273685,0.22568729270087717,success
129,2000,8,3,2.0,2.2,0.1,0.7600000000000002,3.0,3,422,11,67,0,0.6297644205198577,0.22121191787291428,success
130,2000,8,3,2.0,2.2,0.1,0.7700000000000002,3.0,3,429,10,61,0,0.6023377744391658,0.2155015418025391,success
131,2000,8,3,2.0,2.2,0.1,0.7800000000000002,3.0,3,426,8,66,0,0.5962866166441771,0.20769087525958577,success
133,2000,8,3,2.0,2.2,0.1,0.8000000000000003,3.0,3,440,7,53,0,0.5698795567410708,0.20052329615621461,success
132,2000,8,3,2.0,2.2,0.1,0.7900000000000003,3.0,3,437,6,57,0,0.5671091020041448,0.19818614023126874,success
134,2000,8,3,2.0,2.2,0.1,0.8100000000000003,3.0,3,439,7,54,0,0.5844805690869861,0.22055654821709994,success
141,2000,8,3,2.0,2.2,0.1,0.8800000000000003,3.0,3,459,6,35,0,0.5737713867352247,0.23299582592688126,success
136,2000,8,3,2.0,2.2,0.1,0.8300000000000003,3.0,3,444,7,49,0,0.5747021785430989,0.20443080595989224,success
138,2000,8,3,2.0,2.2,0.1,0.8500000000000003,3.0,3,450,7,43,0,0.5914479630690681,0.21576051325610435,success
139,2000,8,3,2.0,2.2,0.1,0.8600000000000003,3.0,3,452,6,42,0,0.5819044192138433,0.22909600455280552,success
150,2000,8,3,2.0,2.2,0.1,0.9700000000000004,3.0,3,473,2,25,0,0.5165461343193151,0.20924157712834035,success
135,2000,8,3,2.0,2.2,0.1,0.8200000000000003,3.0,3,444,7,49,0,0.5615333508188564,0.2070505483361547,success
140,2000,8,3,2.0,2.2,0.1,0.8700000000000003,3.0,3,456,6,38,0,0.5805852884887436,0.23343640469113836,success
137,2000,8,3,2.0,2.2,0.1,0.8400000000000003,3.0,3,442,6,52,0,0.5979087100464725,0.21953083623008238,success
143,2000,8,3,2.0,2.2,0.1,0.9000000000000004,3.0,3,465,6,29,0,0.5521416468330661,0.21160599870272634,success
144,2000,8,3,2.0,2.2,0.1,0.9100000000000004,3.0,3,467,6,27,0,0.5342592661873861,0.17285382413852207,success
147,2000,8,3,2.0,2.2,0.1,0.9400000000000004,3.0,3,468,3,29,0,0.5474561844939762,0.21257061389747767,success
145,2000,8,3,2.0,2.2,0.1,0.9200000000000004,3.0,3,465,5,30,0,0.566145997005904,0.21537572127138138,success
149,2000,8,3,2.0,2.2,0.1,0.9600000000000004,3.0,3,471,3,26,0,0.533663964977126,0.21953288958365585,success
142,2000,8,3,2.0,2.2,0.1,0.8900000000000003,3.0,3,461,5,34,0,0.547594690077511,0.21038185281473942,success
146,2000,8,3,2.0,2.2,0.1,0.9300000000000004,3.0,3,467,5,28,0,0.5253458157648401,0.1910674531453173,success
148,2000,8,3,2.0,2.2,0.1,0.9500000000000004,3.0,3,467,2,31,0,0.5650060782412755,0.21608345698480824,success
152,2000,8,3,2.0,2.2,0.1,0.9900000000000004,3.0,3,477,2,21,0,0.5176021734723995,0.20878369659776752,success
153,2000,8,3,2.0,2.2,0.1,1.0000000000000004,3.0,3,476,2,22,0,0.5292724340534989,0.19811632700869733,success
151,2000,8,3,2.0,2.2,0.1,0.9800000000000004,3.0,3,472,2,26,0,0.5518517528762086,0.22895709994136626,success
160,2000,8,3,2.0,2.3000000000000003,0.1,0.56,3.0,3,185,53,262,0,0.7045445820727982,0.22290175756633215,success
158,2000,8,3,2.0,2.3000000000000003,0.1,0.54,3.0,3,168,60,272,0,0.71009874344852,0.21604031149802858,success
157,2000,8,3,2.0,2.3000000000000003,0.1,0.53,3.0,3,153,71,276,0,0.7083080765817269,0.22107020599453397,success
154,2000,8,3,2.0,2.3000000000000003,0.1,0.5,3.0,3,121,77,302,0,0.7085799510691192,0.21751344464573813,success
159,2000,8,3,2.0,2.3000000000000003,0.1,0.55,3.0,3,175,54,271,0,0.7092697030989242,0.21749518668948925,success
156,2000,8,3,2.0,2.3000000000000003,0.1,0.52,3.0,3,136,73,291,0,0.7135644523227629,0.2210491339530322,success
155,2000,8,3,2.0,2.3000000000000003,0.1,0.51,3.0,3,121,72,307,0,0.7196339843537432,0.2201940092528452,success
161,2000,8,3,2.0,2.3000000000000003,0.1,0.5700000000000001,3.0,3,202,51,247,0,0.6959805642867831,0.22451630782904403,success
163,2000,8,3,2.0,2.3000000000000003,0.1,0.5900000000000001,3.0,3,222,46,232,0,0.7029834123560024,0.22651556019599603,success
162,2000,8,3,2.0,2.3000000000000003,0.1,0.5800000000000001,3.0,3,219,49,232,0,0.6879677068841533,0.22821116811068665,success
164,2000,8,3,2.0,2.3000000000000003,0.1,0.6000000000000001,3.0,3,228,40,232,0,0.7039903471197285,0.2269675472349079,success
166,2000,8,3,2.0,2.3000000000000003,0.1,0.6200000000000001,3.0,3,257,39,204,0,0.6819945348383547,0.23442776988116706,success
165,2000,8,3,2.0,2.3000000000000003,0.1,0.6100000000000001,3.0,3,244,39,217,0,0.6933536160286756,0.23209323270578736,success
169,2000,8,3,2.0,2.3000000000000003,0.1,0.6500000000000001,3.0,3,292,35,173,0,0.6610142257854121,0.23227045691254028,success
167,2000,8,3,2.0,2.3000000000000003,0.1,0.6300000000000001,3.0,3,265,38,197,0,0.680526753778044,0.24003956124156173,success
177,2000,8,3,2.0,2.3000000000000003,0.1,0.7300000000000002,3.0,3,369,19,112,0,0.6463887016090164,0.23477963815287,success
171,2000,8,3,2.0,2.3000000000000003,0.1,0.6700000000000002,3.0,3,311,31,158,0,0.6777657766693695,0.2342688543465215,success
179,2000,8,3,2.0,2.3000000000000003,0.1,0.7500000000000002,3.0,3,381,18,101,0,0.6433497217471725,0.22915560891324457,success
168,2000,8,3,2.0,2.3000000000000003,0.1,0.6400000000000001,3.0,3,287,36,177,0,0.6700677681128154,0.23700362656461432,success
175,2000,8,3,2.0,2.3000000000000003,0.1,0.7100000000000002,3.0,3,361,24,115,0,0.6361490913641038,0.2283407943051483,success
178,2000,8,3,2.0,2.3000000000000003,0.1,0.7400000000000002,3.0,3,370,18,112,0,0.6505256001991898,0.23664720147310603,success
170,2000,8,3,2.0,2.3000000000000003,0.1,0.6600000000000001,3.0,3,296,32,172,0,0.6767139840195793,0.23540408039609154,success
183,2000,8,3,2.0,2.3000000000000003,0.1,0.7900000000000003,3.0,3,398,11,91,0,0.6499069162128459,0.23736763827130228,success
182,2000,8,3,2.0,2.3000000000000003,0.1,0.7800000000000002,3.0,3,389,13,98,0,0.644421020224058,0.2284817445897398,success
176,2000,8,3,2.0,2.3000000000000003,0.1,0.7200000000000002,3.0,3,363,20,117,0,0.6405016868803624,0.23434067900177555,success
174,2000,8,3,2.0,2.3000000000000003,0.1,0.7000000000000002,3.0,3,345,26,129,0,0.6545813546403583,0.24214305659581584,success
184,2000,8,3,2.0,2.3000000000000003,0.1,0.8000000000000003,3.0,3,405,10,85,0,0.6330681212933964,0.23711027323790174,success
172,2000,8,3,2.0,2.3000000000000003,0.1,0.6800000000000002,3.0,3,324,26,150,0,0.664140377167462,0.23139714021069122,success
173,2000,8,3,2.0,2.3000000000000003,0.1,0.6900000000000002,3.0,3,332,26,142,0,0.666117121034435,0.23490561504754182,success
185,2000,8,3,2.0,2.3000000000000003,0.1,0.8100000000000003,3.0,3,406,11,83,0,0.6168672314658039,0.2303569981072551,success
181,2000,8,3,2.0,2.3000000000000003,0.1,0.7700000000000002,3.0,3,397,14,89,0,0.6283524081781673,0.21967700559328676,success
180,2000,8,3,2.0,2.3000000000000003,0.1,0.7600000000000002,3.0,3,398,16,86,0,0.6159060375901028,0.21835131693070758,success
186,2000,8,3,2.0,2.3000000000000003,0.1,0.8200000000000003,3.0,3,409,13,78,0,0.6111526612470524,0.2313467166712616,success
189,2000,8,3,2.0,2.3000000000000003,0.1,0.8500000000000003,3.0,3,426,12,62,0,0.6159180160902233,0.23514035138651496,success
188,2000,8,3,2.0,2.3000000000000003,0.1,0.8400000000000003,3.0,3,422,11,67,0,0.5956941702425721,0.23119820437553076,success
187,2000,8,3,2.0,2.3000000000000003,0.1,0.8300000000000003,3.0,3,415,12,73,0,0.6029968228502605,0.22177994587122912,success
190,2000,8,3,2.0,2.3000000000000003,0.1,0.8600000000000003,3.0,3,430,10,60,0,0.5924972071999226,0.23603983035240703,success
191,2000,8,3,2.0,2.3000000000000003,0.1,0.8700000000000003,3.0,3,438,9,53,0,0.6051007119223643,0.24288944778650545,success
192,2000,8,3,2.0,2.3000000000000003,0.1,0.8800000000000003,3.0,3,442,10,48,0,0.602497078188037,0.24796447953985548,success
193,2000,8,3,2.0,2.3000000000000003,0.1,0.8900000000000003,3.0,3,446,9,45,0,0.5753036541844238,0.23657252934999595,success
194,2000,8,3,2.0,2.3000000000000003,0.1,0.9000000000000004,3.0,3,444,5,51,0,0.6129229028701206,0.2444037506349171,success
198,2000,8,3,2.0,2.3000000000000003,0.1,0.9400000000000004,3.0,3,459,6,35,0,0.5114218968852651,0.1944023424756901,success
195,2000,8,3,2.0,2.3000000000000003,0.1,0.9100000000000004,3.0,3,449,7,44,0,0.6067411184802448,0.24125555464426912,success
196,2000,8,3,2.0,2.3000000000000003,0.1,0.9200000000000004,3.0,3,448,6,46,0,0.5928654327519897,0.23347355513281426,success
197,2000,8,3,2.0,2.3000000000000003,0.1,0.9300000000000004,3.0,3,451,6,43,0,0.5685957206241596,0.22089543522117336,success
199,2000,8,3,2.0,2.3000000000000003,0.1,0.9500000000000004,3.0,3,460,6,34,0,0.516244163770273,0.19659343317332406,success
201,2000,8,3,2.0,2.3000000000000003,0.1,0.9700000000000004,3.0,3,460,3,37,0,0.5444174173390054,0.20461777695583874,success
200,2000,8,3,2.0,2.3000000000000003,0.1,0.9600000000000004,3.0,3,461,5,34,0,0.5239102728819833,0.18814807062299094,success
203,2000,8,3,2.0,2.3000000000000003,0.1,0.9900000000000004,3.0,3,469,3,28,0,0.5470274675365167,0.23230431195340126,success
202,2000,8,3,2.0,2.3000000000000003,0.1,0.9800000000000004,3.0,3,467,3,30,0,0.5157327361428788,0.20248096978062466,success
204,2000,8,3,2.0,2.3000000000000003,0.1,1.0000000000000004,3.0,3,467,3,30,0,0.565444451648957,0.23481531865273095,success
215,2000,8,3,2.0,2.4000000000000004,0.1,0.6000000000000001,3.0,3,163,58,279,0,0.7301193686248999,0.22119151454009997,success
212,2000,8,3,2.0,2.4000000000000004,0.1,0.5700000000000001,3.0,3,138,68,294,0,0.7263564172522338,0.2190613125213829,success
208,2000,8,3,2.0,2.4000000000000004,0.1,0.53,3.0,3,105,86,309,0,0.7231814040794031,0.21611571177426842,success
211,2000,8,3,2.0,2.4000000000000004,0.1,0.56,3.0,3,131,73,296,0,0.721011930700018,0.21694703547056798,success
214,2000,8,3,2.0,2.4000000000000004,0.1,0.5900000000000001,3.0,3,167,61,272,0,0.7192344317403147,0.21590917960150424,success
217,2000,8,3,2.0,2.4000000000000004,0.1,0.6200000000000001,3.0,3,189,47,264,0,0.7102094615042176,0.22454449209893698,success
216,2000,8,3,2.0,2.4000000000000004,0.1,0.6100000000000001,3.0,3,189,53,258,0,0.7087740316316603,0.2231664791859831,success
213,2000,8,3,2.0,2.4000000000000004,0.1,0.5800000000000001,3.0,3,150,64,286,0,0.7236360789361419,0.21949263755255963,success
210,2000,8,3,2.0,2.4000000000000004,0.1,0.55,3.0,3,119,71,310,0,0.7266245729684059,0.21500779724041227,success
207,2000,8,3,2.0,2.4000000000000004,0.1,0.52,3.0,3,97,93,310,0,0.7273777703804813,0.21597668810984638,success
209,2000,8,3,2.0,2.4000000000000004,0.1,0.54,3.0,3,125,79,296,0,0.7145989559873153,0.2109131365188144,success
205,2000,8,3,2.0,2.4000000000000004,0.1,0.5,3.0,3,89,94,317,0,0.7165545315285872,0.21338685950245323,success
206,2000,8,3,2.0,2.4000000000000004,0.1,0.51,3.0,3,88,95,317,0,0.7273976436336707,0.21618260413485715,success
218,2000,8,3,2.0,2.4000000000000004,0.1,0.6300000000000001,3.0,3,209,46,245,0,0.7028183555648896,0.23016186864933383,success
219,2000,8,3,2.0,2.4000000000000004,0.1,0.6400000000000001,3.0,3,206,45,249,0,0.7126963866660925,0.22730695850548446,success
220,2000,8,3,2.0,2.4000000000000004,0.1,0.6500000000000001,3.0,3,219,38,243,0,0.7080033608155136,0.22676253967984752,success
221,2000,8,3,2.0,2.4000000000000004,0.1,0.6600000000000001,3.0,3,227,41,232,0,0.7220425020530349,0.2262375791629251,success
223,2000,8,3,2.0,2.4000000000000004,0.1,0.6800000000000002,3.0,3,246,37,217,0,0.715986875173408,0.22007152090748452,success
222,2000,8,3,2.0,2.4000000000000004,0.1,0.6700000000000002,3.0,3,245,33,222,0,0.7083489758803266,0.21661558514867266,success
224,2000,8,3,2.0,2.4000000000000004,0.1,0.6900000000000002,3.0,3,269,34,197,0,0.7039634706295832,0.2197113480707134,success
231,2000,8,3,2.0,2.4000000000000004,0.1,0.7600000000000002,3.0,3,342,21,137,0,0.6849777426604843,0.23083480285146615,success
227,2000,8,3,2.0,2.4000000000000004,0.1,0.7200000000000002,3.0,3,306,26,168,0,0.6884258498407563,0.23511478691277643,success
226,2000,8,3,2.0,2.4000000000000004,0.1,0.7100000000000002,3.0,3,293,30,177,0,0.699805154017935,0.23087573961064725,success
225,2000,8,3,2.0,2.4000000000000004,0.1,0.7000000000000002,3.0,3,276,30,194,0,0.6991215211633094,0.22393579193792368,success
230,2000,8,3,2.0,2.4000000000000004,0.1,0.7500000000000002,3.0,3,321,23,156,0,0.7043518840422964,0.23174743560815808,success
228,2000,8,3,2.0,2.4000000000000004,0.1,0.7300000000000002,3.0,3,312,25,163,0,0.6929569925817923,0.23590069208599157,success
232,2000,8,3,2.0,2.4000000000000004,0.1,0.7700000000000002,3.0,3,342,21,137,0,0.6807561261501219,0.24048584626284797,success
229,2000,8,3,2.0,2.4000000000000004,0.1,0.7400000000000002,3.0,3,316,24,160,0,0.6997806993194036,0.23287070043602756,success
234,2000,8,3,2.0,2.4000000000000004,0.1,0.7900000000000003,3.0,3,362,15,123,0,0.67008635396024,0.23615820917183142,success
235,2000,8,3,2.0,2.4000000000000004,0.1,0.8000000000000003,3.0,3,368,14,118,0,0.6598048715620858,0.23041371447789535,success
233,2000,8,3,2.0,2.4000000000000004,0.1,0.7800000000000002,3.0,3,349,18,133,0,0.6650660069586143,0.2388157079603085,success
236,2000,8,3,2.0,2.4000000000000004,0.1,0.8100000000000003,3.0,3,371,14,115,0,0.6604819199643073,0.2351079797205562,success
238,2000,8,3,2.0,2.4000000000000004,0.1,0.8300000000000003,3.0,3,381,13,106,0,0.6505224506511084,0.239720846392497,success
241,2000,8,3,2.0,2.4000000000000004,0.1,0.8600000000000003,3.0,3,405,12,83,0,0.6472757342466037,0.22815531990469615,success
237,2000,8,3,2.0,2.4000000000000004,0.1,0.8200000000000003,3.0,3,371,15,114,0,0.6700121652613397,0.2374354113430245,success
248,2000,8,3,2.0,2.4000000000000004,0.1,0.9300000000000004,3.0,3,434,6,60,0,0.6268778759147293,0.23705049844897186,success
246,2000,8,3,2.0,2.4000000000000004,0.1,0.9100000000000004,3.0,3,425,9,66,0,0.6419301733222652,0.2338940571164631,success
245,2000,8,3,2.0,2.4000000000000004,0.1,0.9000000000000004,3.0,3,422,9,69,0,0.6444139006564474,0.23555064946647214,success
249,2000,8,3,2.0,2.4000000000000004,0.1,0.9400000000000004,3.0,3,439,6,55,0,0.6053694724310422,0.22378486662208183,success
247,2000,8,3,2.0,2.4000000000000004,0.1,0.9200000000000004,3.0,3,427,7,66,0,0.6369180825038703,0.2392303911880069,success
240,2000,8,3,2.0,2.4000000000000004,0.1,0.8500000000000003,3.0,3,404,12,84,0,0.6374609648130671,0.2262570846376848,success
239,2000,8,3,2.0,2.4000000000000004,0.1,0.8400000000000003,3.0,3,399,11,90,0,0.6119433875654483,0.2353940965805896,success
244,2000,8,3,2.0,2.4000000000000004,0.1,0.8900000000000003,3.0,3,416,7,77,0,0.6653408232159079,0.23020044018786823,success
243,2000,8,3,2.0,2.4000000000000004,0.1,0.8800000000000003,3.0,3,410,9,81,0,0.6741100116305243,0.24296631223080067,success
242,2000,8,3,2.0,2.4000000000000004,0.1,0.8700000000000003,3.0,3,411,11,78,0,0.6433687402818017,0.2363751815954413,success
250,2000,8,3,2.0,2.4000000000000004,0.1,0.9500000000000004,3.0,3,435,5,60,0,0.6337777014349991,0.22980483223632678,success
252,2000,8,3,2.0,2.4000000000000004,0.1,0.9700000000000004,3.0,3,443,4,53,0,0.6023533404075132,0.2310069059162285,success
251,2000,8,3,2.0,2.4000000000000004,0.1,0.9600000000000004,3.0,3,440,5,55,0,0.6190824920273609,0.2298566518167244,success
253,2000,8,3,2.0,2.4000000000000004,0.1,0.9800000000000004,3.0,3,448,5,47,0,0.5975784571463368,0.23181664603289162,success
254,2000,8,3,2.0,2.4000000000000004,0.1,0.9900000000000004,3.0,3,448,5,47,0,0.605438410381837,0.24715399130031465,success
255,2000,8,3,2.0,2.4000000000000004,0.1,1.0000000000000004,3.0,3,449,6,45,0,0.5849939748035433,0.23699681640767153,success
256,2000,8,3,2.0,2.5000000000000004,0.1,0.5,3.0,3,67,115,318,0,0.6979065409007684,0.22188750421747172,success
263,2000,8,3,2.0,2.5000000000000004,0.1,0.5700000000000001,3.0,3,108,79,313,0,0.7129768927194104,0.22642277757876317,success
261,2000,8,3,2.0,2.5000000000000004,0.1,0.55,3.0,3,94,85,321,0,0.705882199689535,0.22317465661688515,success
264,2000,8,3,2.0,2.5000000000000004,0.1,0.5800000000000001,3.0,3,124,82,294,0,0.696043495579324,0.2253305729008603,success
267,2000,8,3,2.0,2.5000000000000004,0.1,0.6100000000000001,3.0,3,148,69,283,0,0.6935005438889476,0.22926707344206007,success
266,2000,8,3,2.0,2.5000000000000004,0.1,0.6000000000000001,3.0,3,138,70,292,0,0.704797685255657,0.22676508547937976,success
260,2000,8,3,2.0,2.5000000000000004,0.1,0.54,3.0,3,87,93,320,0,0.7006839644124438,0.2204095280149413,success
262,2000,8,3,2.0,2.5000000000000004,0.1,0.56,3.0,3,107,83,310,0,0.7041868268078652,0.2257964285222726,success
258,2000,8,3,2.0,2.5000000000000004,0.1,0.52,3.0,3,68,107,325,0,0.7041698433265717,0.21887675566898787,success
259,2000,8,3,2.0,2.5000000000000004,0.1,0.53,3.0,3,83,101,316,0,0.6957046337907745,0.22172123242076797,success
257,2000,8,3,2.0,2.5000000000000004,0.1,0.51,3.0,3,75,111,314,0,0.6951941576565323,0.21687819264487285,success
265,2000,8,3,2.0,2.5000000000000004,0.1,0.5900000000000001,3.0,3,137,76,287,0,0.6966859016480863,0.2243023644576537,success
268,2000,8,3,2.0,2.5000000000000004,0.1,0.6200000000000001,3.0,3,147,68,285,0,0.6990121286760136,0.22833639127946556,success
280,2000,8,3,2.0,2.5000000000000004,0.1,0.7400000000000002,3.0,3,261,41,198,0,0.6843843572869741,0.2273894758904611,success
272,2000,8,3,2.0,2.5000000000000004,0.1,0.6600000000000001,3.0,3,185,59,256,0,0.6987696524169751,0.22500388335769642,success
269,2000,8,3,2.0,2.5000000000000004,0.1,0.6300000000000001,3.0,3,156,67,277,0,0.6933420002989672,0.23021365276578776,success
274,2000,8,3,2.0,2.5000000000000004,0.1,0.6800000000000002,3.0,3,212,53,235,0,0.6966457769769209,0.22565970846831002,success
284,2000,8,3,2.0,2.5000000000000004,0.1,0.7800000000000002,3.0,3,291,41,168,0,0.6949308375736237,0.22569668208688046,success
271,2000,8,3,2.0,2.5000000000000004,0.1,0.6500000000000001,3.0,3,166,60,274,0,0.702582403607686,0.23182278650336266,success
275,2000,8,3,2.0,2.5000000000000004,0.1,0.6900000000000002,3.0,3,204,50,246,0,0.7186754930178468,0.22764558003361365,success
279,2000,8,3,2.0,2.5000000000000004,0.1,0.7300000000000002,3.0,3,252,41,207,0,0.6869759792319361,0.23215471235064966,success
278,2000,8,3,2.0,2.5000000000000004,0.1,0.7200000000000002,3.0,3,234,44,222,0,0.7072666187787138,0.23366509679064626,success
283,2000,8,3,2.0,2.5000000000000004,0.1,0.7700000000000002,3.0,3,286,38,176,0,0.7001331552263412,0.22366458077073148,success
270,2000,8,3,2.0,2.5000000000000004,0.1,0.6400000000000001,3.0,3,154,61,285,0,0.7033111048909364,0.2303302254857489,success
273,2000,8,3,2.0,2.5000000000000004,0.1,0.6700000000000002,3.0,3,197,56,247,0,0.6998371270433766,0.22574864789994067,success
277,2000,8,3,2.0,2.5000000000000004,0.1,0.7100000000000002,3.0,3,242,47,211,0,0.6943682271949817,0.23195030909832845,success
281,2000,8,3,2.0,2.5000000000000004,0.1,0.7500000000000002,3.0,3,268,44,188,0,0.6905469863755475,0.22082194731096305,success
276,2000,8,3,2.0,2.5000000000000004,0.1,0.7000000000000002,3.0,3,223,49,228,0,0.7029813195683883,0.229516441000409,success
282,2000,8,3,2.0,2.5000000000000004,0.1,0.7600000000000002,3.0,3,274,46,180,0,0.7093769395361391,0.22651013462798214,success
285,2000,8,3,2.0,2.5000000000000004,0.1,0.7900000000000003,3.0,3,296,35,169,0,0.6839880423977706,0.22626519610511367,success
286,2000,8,3,2.0,2.5000000000000004,0.1,0.8000000000000003,3.0,3,310,30,160,0,0.6719044952697033,0.2317708409119966,success
287,2000,8,3,2.0,2.5000000000000004,0.1,0.8100000000000003,3.0,3,303,28,169,0,0.6913941907029463,0.2369806824921933,success
288,2000,8,3,2.0,2.5000000000000004,0.1,0.8200000000000003,3.0,3,327,25,148,0,0.661383082985195,0.23999274444945762,success
289,2000,8,3,2.0,2.5000000000000004,0.1,0.8300000000000003,3.0,3,333,25,142,0,0.6566544533096329,0.23902120017530684,success
293,2000,8,3,2.0,2.5000000000000004,0.1,0.8700000000000003,3.0,3,360,23,117,0,0.6496428101206201,0.24672575517492398,success
290,2000,8,3,2.0,2.5000000000000004,0.1,0.8400000000000003,3.0,3,336,23,141,0,0.6531612508057527,0.2406741600749542,success
294,2000,8,3,2.0,2.5000000000000004,0.1,0.8800000000000003,3.0,3,371,16,113,0,0.6292833149483856,0.23231707649456615,success
298,2000,8,3,2.0,2.5000000000000004,0.1,0.9200000000000004,3.0,3,386,15,99,0,0.6303953227884281,0.23384835169130141,success
295,2000,8,3,2.0,2.5000000000000004,0.1,0.8900000000000003,3.0,3,379,17,104,0,0.6181004822603298,0.2294766202953392,success
292,2000,8,3,2.0,2.5000000000000004,0.1,0.8600000000000003,3.0,3,358,23,119,0,0.6433336243785278,0.23229744434032595,success
300,2000,8,3,2.0,2.5000000000000004,0.1,0.9400000000000004,3.0,3,391,15,94,0,0.6395153543638793,0.23769109775747824,success
296,2000,8,3,2.0,2.5000000000000004,0.1,0.9000000000000004,3.0,3,380,16,104,0,0.6325974585431742,0.22477119616280575,success
299,2000,8,3,2.0,2.5000000000000004,0.1,0.9300000000000004,3.0,3,389,13,98,0,0.6373694337549828,0.23776004740857876,success
291,2000,8,3,2.0,2.5000000000000004,0.1,0.8500000000000003,3.0,3,344,22,134,0,0.6697793625830417,0.23979586060204441,success
297,2000,8,3,2.0,2.5000000000000004,0.1,0.9100000000000004,3.0,3,378,16,106,0,0.6490685505408957,0.23156362849443418,success
302,2000,8,3,2.0,2.5000000000000004,0.1,0.9600000000000004,3.0,3,400,13,87,0,0.6324534637584305,0.23692444604753887,success
306,2000,8,3,2.0,2.5000000000000004,0.1,1.0000000000000004,3.0,3,428,8,64,0,0.6190741213020435,0.26278600030841337,success
303,2000,8,3,2.0,2.5000000000000004,0.1,0.9700000000000004,3.0,3,403,11,86,0,0.6306027159007784,0.24111305210947998,success
305,2000,8,3,2.0,2.5000000000000004,0.1,0.9900000000000004,3.0,3,422,9,69,0,0.6032880438569939,0.24334132339116304,success
301,2000,8,3,2.0,2.5000000000000004,0.1,0.9500000000000004,3.0,3,393,13,94,0,0.6450297267549485,0.239062188454091,success
304,2000,8,3,2.0,2.5000000000000004,0.1,0.9800000000000004,3.0,3,409,9,82,0,0.6355088515583475,0.24702988559210062,success
313,2000,8,3,2.0,2.6000000000000005,0.1,0.56,3.0,3,70,102,328,0,0.6983598121003838,0.21699527446773526,success
310,2000,8,3,2.0,2.6000000000000005,0.1,0.53,3.0,3,50,121,329,0,0.7023781430980904,0.22081856403397043,success
317,2000,8,3,2.0,2.6000000000000005,0.1,0.6000000000000001,3.0,3,94,86,320,0,0.7001964150561726,0.22029010601777368,success
314,2000,8,3,2.0,2.6000000000000005,0.1,0.5700000000000001,3.0,3,79,100,321,0,0.6986671283791215,0.22053798740738043,success
312,2000,8,3,2.0,2.6000000000000005,0.1,0.55,3.0,3,61,103,336,0,0.703481279085157,0.21723874850575384,success
315,2000,8,3,2.0,2.6000000000000005,0.1,0.5800000000000001,3.0,3,82,99,319,0,0.6958628264516911,0.21826647111986236,success
316,2000,8,3,2.0,2.6000000000000005,0.1,0.5900000000000001,3.0,3,90,89,321,0,0.7039379296090682,0.21933132643551306,success
309,2000,8,3,2.0,2.6000000000000005,0.1,0.52,3.0,3,56,130,314,0,0.6906639674150369,0.21555891785586925,success
311,2000,8,3,2.0,2.6000000000000005,0.1,0.54,3.0,3,60,113,327,0,0.6972772940706449,0.21596477092858476,success
307,2000,8,3,2.0,2.6000000000000005,0.1,0.5,3.0,3,40,138,322,0,0.6902848003495675,0.21609282791657622,success
308,2000,8,3,2.0,2.6000000000000005,0.1,0.51,3.0,3,44,129,327,0,0.6955357111016648,0.21515197763554522,success
319,2000,8,3,2.0,2.6000000000000005,0.1,0.6200000000000001,3.0,3,103,85,312,0,0.7035864711793784,0.22278380467467143,success
318,2000,8,3,2.0,2.6000000000000005,0.1,0.6100000000000001,3.0,3,105,90,305,0,0.6961388920859901,0.22258480287008744,success
320,2000,8,3,2.0,2.6000000000000005,0.1,0.6300000000000001,3.0,3,107,79,314,0,0.7123230900596379,0.22806911803311708,success
330,2000,8,3,2.0,2.6000000000000005,0.1,0.7300000000000002,3.0,3,194,51,255,0,0.6977245727737319,0.2258924160748446,success
331,2000,8,3,2.0,2.6000000000000005,0.1,0.7400000000000002,3.0,3,201,53,246,0,0.6970309981644479,0.22582204996606578,success
322,2000,8,3,2.0,2.6000000000000005,0.1,0.6500000000000001,3.0,3,118,68,314,0,0.7163686991144784,0.22470191693800518,success
321,2000,8,3,2.0,2.6000000000000005,0.1,0.6400000000000001,3.0,3,118,72,310,0,0.7104825218007144,0.22569789048287542,success
326,2000,8,3,2.0,2.6000000000000005,0.1,0.6900000000000002,3.0,3,171,64,265,0,0.6950793395893393,0.2225021158994175,success
332,2000,8,3,2.0,2.6000000000000005,0.1,0.7500000000000002,3.0,3,217,57,226,0,0.6947332705382442,0.22622410699294193,success
329,2000,8,3,2.0,2.6000000000000005,0.1,0.7200000000000002,3.0,3,188,57,255,0,0.6977831630749937,0.22458611174837112,success
323,2000,8,3,2.0,2.6000000000000005,0.1,0.6600000000000001,3.0,3,143,72,285,0,0.7104965990524376,0.22171216545935932,success
328,2000,8,3,2.0,2.6000000000000005,0.1,0.7100000000000002,3.0,3,185,58,257,0,0.6975538259770647,0.22828461849820364,success
324,2000,8,3,2.0,2.6000000000000005,0.1,0.6700000000000002,3.0,3,148,64,288,0,0.7120992255510605,0.22352102737177432,success
325,2000,8,3,2.0,2.6000000000000005,0.1,0.6800000000000002,3.0,3,172,68,260,0,0.687282512841325,0.22057130178362838,success
327,2000,8,3,2.0,2.6000000000000005,0.1,0.7000000000000002,3.0,3,182,69,249,0,0.6873490089581734,0.22275454256672195,success
333,2000,8,3,2.0,2.6000000000000005,0.1,0.7600000000000002,3.0,3,221,50,229,0,0.7021310038672929,0.22377194018290272,success
335,2000,8,3,2.0,2.6000000000000005,0.1,0.7800000000000002,3.0,3,234,49,217,0,0.7074075919237334,0.2275646126322624,success
334,2000,8,3,2.0,2.6000000000000005,0.1,0.7700000000000002,3.0,3,218,49,233,0,0.712592938980929,0.22495824779050275,success
338,2000,8,3,2.0,2.6000000000000005,0.1,0.8100000000000003,3.0,3,263,44,193,0,0.6780949208541616,0.23316650937114938,success
336,2000,8,3,2.0,2.6000000000000005,0.1,0.7900000000000003,3.0,3,241,47,212,0,0.7026989418431735,0.22772935243887138,success
337,2000,8,3,2.0,2.6000000000000005,0.1,0.8000000000000003,3.0,3,254,43,203,0,0.6851095523844357,0.2284753374800265,success
341,2000,8,3,2.0,2.6000000000000005,0.1,0.8400000000000003,3.0,3,282,36,182,0,0.6678572302368939,0.23575915807269496,success
340,2000,8,3,2.0,2.6000000000000005,0.1,0.8300000000000003,3.0,3,268,42,190,0,0.6897924726332063,0.2444681512541936,success
348,2000,8,3,2.0,2.6000000000000005,0.1,0.9100000000000004,3.0,3,342,22,136,0,0.6716484707367687,0.24222107929570183,success
346,2000,8,3,2.0,2.6000000000000005,0.1,0.8900000000000003,3.0,3,324,20,156,0,0.6747667192449287,0.23094835358263213,success
349,2000,8,3,2.0,2.6000000000000005,0.1,0.9200000000000004,3.0,3,330,22,148,0,0.6931909129497416,0.24926240974703212,success
342,2000,8,3,2.0,2.6000000000000005,0.1,0.8500000000000003,3.0,3,293,32,175,0,0.6805275679358074,0.2346015013132693,success
339,2000,8,3,2.0,2.6000000000000005,0.1,0.8200000000000003,3.0,3,261,44,195,0,0.6779483653263747,0.23780689979208755,success
343,2000,8,3,2.0,2.6000000000000005,0.1,0.8600000000000003,3.0,3,302,26,172,0,0.6865684356957386,0.23559212562147003,success
347,2000,8,3,2.0,2.6000000000000005,0.1,0.9000000000000004,3.0,3,325,24,151,0,0.6831084994123388,0.23424475725700142,success
350,2000,8,3,2.0,2.6000000000000005,0.1,0.9300000000000004,3.0,3,343,23,134,0,0.6720260012129783,0.24315435748723285,success
344,2000,8,3,2.0,2.6000000000000005,0.1,0.8700000000000003,3.0,3,310,25,165,0,0.674502799193826,0.23775298485255228,success
345,2000,8,3,2.0,2.6000000000000005,0.1,0.8800000000000003,3.0,3,312,19,169,0,0.6798576877051075,0.23679464631094607,success
351,2000,8,3,2.0,2.6000000000000005,0.1,0.9400000000000004,3.0,3,345,21,134,0,0.6788791034883144,0.24083190041608818,success
352,2000,8,3,2.0,2.6000000000000005,0.1,0.9500000000000004,3.0,3,351,23,126,0,0.6670169556109645,0.24118043965601654,success
355,2000,8,3,2.0,2.6000000000000005,0.1,0.9800000000000004,3.0,3,372,18,110,0,0.6460112289668782,0.24645025566544693,success
356,2000,8,3,2.0,2.6000000000000005,0.1,0.9900000000000004,3.0,3,379,17,104,0,0.6330870366517112,0.24874844234107024,success
353,2000,8,3,2.0,2.6000000000000005,0.1,0.9600000000000004,3.0,3,358,21,121,0,0.6625406000813996,0.24173051856551908,success
357,2000,8,3,2.0,2.6000000000000005,0.1,1.0000000000000004,3.0,3,389,17,94,0,0.6298209083624722,0.2592332968219282,success
354,2000,8,3,2.0,2.6000000000000005,0.1,0.9700000000000004,3.0,3,361,21,118,0,0.6597633475338194,0.24140066369691082,success
361,2000,8,3,2.0,2.7000000000000006,0.1,0.53,3.0,3,35,152,313,0,0.6775575957018901,0.2193104239535755,success
363,2000,8,3,2.0,2.7000000000000006,0.1,0.55,3.0,3,28,138,334,0,0.6960629805590658,0.21835424332301853,success
358,2000,8,3,2.0,2.7000000000000006,0.1,0.5,3.0,3,24,161,315,0,0.6620654969675137,0.21698836386383244,success
362,2000,8,3,2.0,2.7000000000000006,0.1,0.54,3.0,3,36,134,330,0,0.6902150075695507,0.22078360702406305,success
359,2000,8,3,2.0,2.7000000000000006,0.1,0.51,3.0,3,22,160,318,0,0.6801063385803354,0.22136784055094003,success
360,2000,8,3,2.0,2.7000000000000006,0.1,0.52,3.0,3,27,153,320,0,0.6853658147901232,0.2223149219367546,success
366,2000,8,3,2.0,2.7000000000000006,0.1,0.5800000000000001,3.0,3,40,132,328,0,0.7022236125119006,0.2223420827814052,success
365,2000,8,3,2.0,2.7000000000000006,0.1,0.5700000000000001,3.0,3,40,134,326,0,0.6989141667299736,0.22142669199393666,success
369,2000,8,3,2.0,2.7000000000000006,0.1,0.6100000000000001,3.0,3,57,122,321,0,0.6927913920954927,0.22190619236411022,success
364,2000,8,3,2.0,2.7000000000000006,0.1,0.56,3.0,3,36,140,324,0,0.6917218637154204,0.21840210926540737,success
368,2000,8,3,2.0,2.7000000000000006,0.1,0.6000000000000001,3.0,3,50,120,330,0,0.6980231076084912,0.22280671564824894,success
367,2000,8,3,2.0,2.7000000000000006,0.1,0.5900000000000001,3.0,3,47,130,323,0,0.6947152629318826,0.21906952412309746,success
370,2000,8,3,2.0,2.7000000000000006,0.1,0.6200000000000001,3.0,3,56,112,332,0,0.6997913216744738,0.2243238355187974,success
372,2000,8,3,2.0,2.7000000000000006,0.1,0.6400000000000001,3.0,3,82,101,317,0,0.6957113361232337,0.22091824259192916,success
382,2000,8,3,2.0,2.7000000000000006,0.1,0.7400000000000002,3.0,3,162,75,263,0,0.7035284855748012,0.22456143741533177,success
379,2000,8,3,2.0,2.7000000000000006,0.1,0.7100000000000002,3.0,3,130,83,287,0,0.7145620941904488,0.2246439065619445,success
371,2000,8,3,2.0,2.7000000000000006,0.1,0.6300000000000001,3.0,3,69,105,326,0,0.6979636328099987,0.2256604171296069,success
376,2000,8,3,2.0,2.7000000000000006,0.1,0.6800000000000002,3.0,3,118,89,293,0,0.6995251476723418,0.21849242467047164,success
374,2000,8,3,2.0,2.7000000000000006,0.1,0.6600000000000001,3.0,3,97,97,306,0,0.6992075914082495,0.21884592005334502,success
378,2000,8,3,2.0,2.7000000000000006,0.1,0.7000000000000002,3.0,3,126,90,284,0,0.7080056811052553,0.22155200838881775,success
373,2000,8,3,2.0,2.7000000000000006,0.1,0.6500000000000001,3.0,3,80,100,320,0,0.7066422118522621,0.22386230452368153,success
383,2000,8,3,2.0,2.7000000000000006,0.1,0.7500000000000002,3.0,3,168,66,266,0,0.7107625890055359,0.22073289593660744,success
381,2000,8,3,2.0,2.7000000000000006,0.1,0.7300000000000002,3.0,3,161,75,264,0,0.69824507811478,0.22551597199919676,success
380,2000,8,3,2.0,2.7000000000000006,0.1,0.7200000000000002,3.0,3,134,82,284,0,0.7085337663404772,0.22173421230675183,success
375,2000,8,3,2.0,2.7000000000000006,0.1,0.6700000000000002,3.0,3,104,95,301,0,0.7017428402884077,0.21857046768313523,success
377,2000,8,3,2.0,2.7000000000000006,0.1,0.6900000000000002,3.0,3,115,91,294,0,0.706038541634313,0.2193751658835824,success
384,2000,8,3,2.0,2.7000000000000006,0.1,0.7600000000000002,3.0,3,182,67,251,0,0.705994938074837,0.22038312753774417,success
387,2000,8,3,2.0,2.7000000000000006,0.1,0.7900000000000003,3.0,3,205,59,236,0,0.7073772559065024,0.2203747796478155,success
385,2000,8,3,2.0,2.7000000000000006,0.1,0.7700000000000002,3.0,3,198,64,238,0,0.6942724647388798,0.2149426398605439,success
389,2000,8,3,2.0,2.7000000000000006,0.1,0.8100000000000003,3.0,3,209,47,244,0,0.7137565155284455,0.2235638129318617,success
388,2000,8,3,2.0,2.7000000000000006,0.1,0.8000000000000003,3.0,3,206,52,242,0,0.7075831560991142,0.22348184990383055,success
386,2000,8,3,2.0,2.7000000000000006,0.1,0.7800000000000002,3.0,3,191,60,249,0,0.7148613074749272,0.22006282197617316,success
391,2000,8,3,2.0,2.7000000000000006,0.1,0.8300000000000003,3.0,3,228,44,228,0,0.7008906832884377,0.228106666006532,success
392,2000,8,3,2.0,2.7000000000000006,0.1,0.8400000000000003,3.0,3,242,48,210,0,0.677637352709941,0.22363554599600366,success
393,2000,8,3,2.0,2.7000000000000006,0.1,0.8500000000000003,3.0,3,248,46,206,0,0.6849462787161968,0.22496749763944476,success
390,2000,8,3,2.0,2.7000000000000006,0.1,0.8200000000000003,3.0,3,238,49,213,0,0.676692014293531,0.225965689922438,success
397,2000,8,3,2.0,2.7000000000000006,0.1,0.8900000000000003,3.0,3,275,28,197,0,0.6898774833340457,0.22455880294892952,success
396,2000,8,3,2.0,2.7000000000000006,0.1,0.8800000000000003,3.0,3,259,38,203,0,0.6857372626951418,0.2223342344456738,success
400,2000,8,3,2.0,2.7000000000000006,0.1,0.9200000000000004,3.0,3,299,25,176,0,0.6661870355656317,0.22548382726765595,success
398,2000,8,3,2.0,2.7000000000000006,0.1,0.9000000000000004,3.0,3,285,34,181,0,0.6745981452066725,0.22112572440567427,success
401,2000,8,3,2.0,2.7000000000000006,0.1,0.9300000000000004,3.0,3,300,28,172,0,0.6642162125136278,0.22169901946593015,success
395,2000,8,3,2.0,2.7000000000000006,0.1,0.8700000000000003,3.0,3,253,36,211,0,0.6924513819169242,0.2258561561431522,success
394,2000,8,3,2.0,2.7000000000000006,0.1,0.8600000000000003,3.0,3,258,47,195,0,0.6780665752484881,0.22430824877793146,success
399,2000,8,3,2.0,2.7000000000000006,0.1,0.9100000000000004,3.0,3,290,23,187,0,0.6863547456323456,0.2236182154775858,success
402,2000,8,3,2.0,2.7000000000000006,0.1,0.9400000000000004,3.0,3,313,27,160,0,0.6587728912046861,0.2237790539422825,success
403,2000,8,3,2.0,2.7000000000000006,0.1,0.9500000000000004,3.0,3,319,26,155,0,0.6660757471359965,0.23195495041312658,success
408,2000,8,3,2.0,2.7000000000000006,0.1,1.0000000000000004,3.0,3,357,20,123,0,0.6614172387952019,0.23028492931472783,success
407,2000,8,3,2.0,2.7000000000000006,0.1,0.9900000000000004,3.0,3,340,21,139,0,0.6704340853595937,0.22232756018614913,success
404,2000,8,3,2.0,2.7000000000000006,0.1,0.9600000000000004,3.0,3,327,19,154,0,0.6735650824203397,0.22717444556965063,success
406,2000,8,3,2.0,2.7000000000000006,0.1,0.9800000000000004,3.0,3,340,23,137,0,0.6635450813886552,0.2282355556911855,success
405,2000,8,3,2.0,2.7000000000000006,0.1,0.9700000000000004,3.0,3,334,26,140,0,0.6520998560106928,0.22835897375679287,success
410,2000,8,3,2.0,2.8000000000000007,0.1,0.51,3.0,3,15,195,290,0,0.6432337559671031,0.21423260706586558,success
415,2000,8,3,2.0,2.8000000000000007,0.1,0.56,3.0,3,17,165,318,0,0.6756668008656206,0.2189699731745943,success
409,2000,8,3,2.0,2.8000000000000007,0.1,0.5,3.0,3,12,200,288,0,0.635283034030753,0.2129998209720578,success
412,2000,8,3,2.0,2.8000000000000007,0.1,0.53,3.0,3,20,186,294,0,0.6478631353444143,0.21621856272465328,success
413,2000,8,3,2.0,2.8000000000000007,0.1,0.54,3.0,3,18,184,298,0,0.6489683344749226,0.2142292419779206,success
414,2000,8,3,2.0,2.8000000000000007,0.1,0.55,3.0,3,21,172,307,0,0.6619413727792091,0.21819686795187376,success
411,2000,8,3,2.0,2.8000000000000007,0.1,0.52,3.0,3,15,193,292,0,0.6474470655163549,0.21611148249907391,success
416,2000,8,3,2.0,2.8000000000000007,0.1,0.5700000000000001,3.0,3,27,164,309,0,0.6741733163562755,0.21669568311661974,success
418,2000,8,3,2.0,2.8000000000000007,0.1,0.5900000000000001,3.0,3,25,157,318,0,0.6771130092491783,0.2179343723984717,success
420,2000,8,3,2.0,2.8000000000000007,0.1,0.6100000000000001,3.0,3,29,145,326,0,0.6856371216954361,0.21946187479261714,success
417,2000,8,3,2.0,2.8000000000000007,0.1,0.5800000000000001,3.0,3,27,166,307,0,0.6735318131619181,0.2154098235825327,success
419,2000,8,3,2.0,2.8000000000000007,0.1,0.6000000000000001,3.0,3,20,143,337,0,0.6976092043740605,0.21814014146943037,success
421,2000,8,3,2.0,2.8000000000000007,0.1,0.6200000000000001,3.0,3,27,140,333,0,0.6888773942259028,0.21790874986428244,success
428,2000,8,3,2.0,2.8000000000000007,0.1,0.6900000000000002,3.0,3,57,110,333,0,0.7189672253900166,0.21858110064216066,success
427,2000,8,3,2.0,2.8000000000000007,0.1,0.6800000000000002,3.0,3,60,109,331,0,0.7118210392619652,0.21856422645319515,success
430,2000,8,3,2.0,2.8000000000000007,0.1,0.7100000000000002,3.0,3,71,99,330,0,0.7203325169364293,0.21821689237118938,success
431,2000,8,3,2.0,2.8000000000000007,0.1,0.7200000000000002,3.0,3,81,94,325,0,0.708337237266763,0.2154985768184912,success
424,2000,8,3,2.0,2.8000000000000007,0.1,0.6500000000000001,3.0,3,43,132,325,0,0.7013136554826811,0.21957863552059836,success
429,2000,8,3,2.0,2.8000000000000007,0.1,0.7000000000000002,3.0,3,70,99,331,0,0.7212856199142934,0.21716307966931805,success
426,2000,8,3,2.0,2.8000000000000007,0.1,0.6700000000000002,3.0,3,55,116,329,0,0.7070129363124352,0.21970487414272513,success
425,2000,8,3,2.0,2.8000000000000007,0.1,0.6600000000000001,3.0,3,50,130,320,0,0.6984312664244958,0.21824838238842792,success
423,2000,8,3,2.0,2.8000000000000007,0.1,0.6400000000000001,3.0,3,39,139,322,0,0.69031915537918,0.21726520054255646,success
422,2000,8,3,2.0,2.8000000000000007,0.1,0.6300000000000001,3.0,3,40,138,322,0,0.6858253022644903,0.21553818339879147,success
432,2000,8,3,2.0,2.8000000000000007,0.1,0.7300000000000002,3.0,3,87,90,323,0,0.7157824245940757,0.2192877767932639,success
433,2000,8,3,2.0,2.8000000000000007,0.1,0.7400000000000002,3.0,3,102,86,312,0,0.7118772246406281,0.2169107066693623,success
435,2000,8,3,2.0,2.8000000000000007,0.1,0.7600000000000002,3.0,3,123,75,302,0,0.7141161151685946,0.21500785272426529,success
434,2000,8,3,2.0,2.8000000000000007,0.1,0.7500000000000002,3.0,3,109,83,308,0,0.7127101626833028,0.2129723988651143,success
436,2000,8,3,2.0,2.8000000000000007,0.1,0.7700000000000002,3.0,3,115,71,314,0,0.7254759072412922,0.21492154345483236,success
440,2000,8,3,2.0,2.8000000000000007,0.1,0.8100000000000003,3.0,3,146,61,293,0,0.7278539676236406,0.21629470251452945,success
437,2000,8,3,2.0,2.8000000000000007,0.1,0.7800000000000002,3.0,3,125,71,304,0,0.7221624565929536,0.2146766244746902,success
439,2000,8,3,2.0,2.8000000000000007,0.1,0.8000000000000003,3.0,3,131,60,309,0,0.7341441273156949,0.21338165377295254,success
438,2000,8,3,2.0,2.8000000000000007,0.1,0.7900000000000003,3.0,3,132,68,300,0,0.7237152876747363,0.21480287423446826,success
442,2000,8,3,2.0,2.8000000000000007,0.1,0.8300000000000003,3.0,3,166,57,277,0,0.7099516393501807,0.2151519917125476,success
441,2000,8,3,2.0,2.8000000000000007,0.1,0.8200000000000003,3.0,3,161,55,284,0,0.7190006983876396,0.2171792375016842,success
446,2000,8,3,2.0,2.8000000000000007,0.1,0.8700000000000003,3.0,3,208,44,248,0,0.6992209409603598,0.21716368433185654,success
443,2000,8,3,2.0,2.8000000000000007,0.1,0.8400000000000003,3.0,3,172,54,274,0,0.7073187722198278,0.21428971041795014,success
447,2000,8,3,2.0,2.8000000000000007,0.1,0.8800000000000003,3.0,3,224,40,236,0,0.6875316375213718,0.2130840683493296,success
444,2000,8,3,2.0,2.8000000000000007,0.1,0.8500000000000003,3.0,3,188,50,262,0,0.7060254693680462,0.21309728370525555,success
445,2000,8,3,2.0,2.8000000000000007,0.1,0.8600000000000003,3.0,3,201,48,251,0,0.7044046867533028,0.21160275683116164,success
448,2000,8,3,2.0,2.8000000000000007,0.1,0.8900000000000003,3.0,3,228,36,236,0,0.6919611990141074,0.21305475940832377,success
449,2000,8,3,2.0,2.8000000000000007,0.1,0.9000000000000004,3.0,3,232,32,236,0,0.6948845776721745,0.21803040840437973,success
450,2000,8,3,2.0,2.8000000000000007,0.1,0.9100000000000004,3.0,3,247,30,223,0,0.6780145474192686,0.22456998670169648,success
451,2000,8,3,2.0,2.8000000000000007,0.1,0.9200000000000004,3.0,3,250,29,221,0,0.6793383794199236,0.2259644977005557,success
452,2000,8,3,2.0,2.8000000000000007,0.1,0.9300000000000004,3.0,3,254,32,214,0,0.6766470207132999,0.22569463742103768,success
453,2000,8,3,2.0,2.8000000000000007,0.1,0.9400000000000004,3.0,3,265,30,205,0,0.6728661776427937,0.22523175092388106,success
455,2000,8,3,2.0,2.8000000000000007,0.1,0.9600000000000004,3.0,3,266,27,207,0,0.687478271872405,0.22782985649106322,success
454,2000,8,3,2.0,2.8000000000000007,0.1,0.9500000000000004,3.0,3,280,29,191,0,0.6557403743386125,0.22217886008714557,success
456,2000,8,3,2.0,2.8000000000000007,0.1,0.9700000000000004,3.0,3,273,29,198,0,0.6780677192206606,0.2237452620249882,success
457,2000,8,3,2.0,2.8000000000000007,0.1,0.9800000000000004,3.0,3,280,23,197,0,0.6769779500031983,0.2194821651531606,success
458,2000,8,3,2.0,2.8000000000000007,0.1,0.9900000000000004,3.0,3,294,24,182,0,0.6656397137713168,0.22071535981269952,success
459,2000,8,3,2.0,2.8000000000000007,0.1,1.0000000000000004,3.0,3,301,18,181,0,0.6703323080633999,0.2204520479247499,success
461,2000,8,3,2.0,2.900000000000001,0.1,0.51,3.0,3,10,250,240,0,0.6099630174949878,0.19677825253730682,success
462,2000,8,3,2.0,2.900000000000001,0.1,0.52,3.0,3,10,245,245,0,0.6248599191514556,0.20260465952278983,success
460,2000,8,3,2.0,2.900000000000001,0.1,0.5,3.0,3,10,251,239,0,0.6081021044923014,0.20271856069934469,success
463,2000,8,3,2.0,2.900000000000001,0.1,0.53,3.0,3,10,235,255,0,0.6299756459141873,0.2045322531856682,success
464,2000,8,3,2.0,2.900000000000001,0.1,0.54,3.0,3,11,230,259,0,0.6316166338233786,0.20344856705509412,success
466,2000,8,3,2.0,2.900000000000001,0.1,0.56,3.0,3,12,224,264,0,0.6433087205007209,0.2022002015512493,success
465,2000,8,3,2.0,2.900000000000001,0.1,0.55,3.0,3,11,225,264,0,0.6382704072521023,0.20189786256717193,success
467,2000,8,3,2.0,2.900000000000001,0.1,0.5700000000000001,3.0,3,13,229,258,0,0.6410989327932888,0.19476875431247298,success
469,2000,8,3,2.0,2.900000000000001,0.1,0.5900000000000001,3.0,3,17,212,271,0,0.6473820674741366,0.19796564522655052,success
468,2000,8,3,2.0,2.900000000000001,0.1,0.5800000000000001,3.0,3,13,223,264,0,0.6460878680984447,0.19555891250475008,success
470,2000,8,3,2.0,2.900000000000001,0.1,0.6000000000000001,3.0,3,17,208,275,0,0.6587855061370179,0.1952604588277695,success
472,2000,8,3,2.0,2.900000000000001,0.1,0.6200000000000001,3.0,3,15,199,286,0,0.663146674538752,0.19764739685540123,success
471,2000,8,3,2.0,2.900000000000001,0.1,0.6100000000000001,3.0,3,16,205,279,0,0.6580097147731321,0.19502853118923838,success
473,2000,8,3,2.0,2.900000000000001,0.1,0.6300000000000001,3.0,3,16,189,295,0,0.6732480829957139,0.2015535317569533,success
476,2000,8,3,2.0,2.900000000000001,0.1,0.6600000000000001,3.0,3,20,195,285,0,0.675217893152078,0.19364371627850452,success
475,2000,8,3,2.0,2.900000000000001,0.1,0.6500000000000001,3.0,3,23,190,287,0,0.6719308125040266,0.1966838624744818,success
479,2000,8,3,2.0,2.900000000000001,0.1,0.6900000000000002,3.0,3,26,167,307,0,0.6958179390975455,0.20273772169017887,success
478,2000,8,3,2.0,2.900000000000001,0.1,0.6800000000000002,3.0,3,22,175,303,0,0.6924766178585772,0.20156964420514134,success
474,2000,8,3,2.0,2.900000000000001,0.1,0.6400000000000001,3.0,3,17,191,292,0,0.669812492794885,0.19901874011638443,success
477,2000,8,3,2.0,2.900000000000001,0.1,0.6700000000000002,3.0,3,18,179,303,0,0.6947627771284507,0.20103778779983664,success
480,2000,8,3,2.0,2.900000000000001,0.1,0.7000000000000002,3.0,3,23,171,306,0,0.6971712932448745,0.20184706061708457,success
481,2000,8,3,2.0,2.900000000000001,0.1,0.7100000000000002,3.0,3,27,161,312,0,0.7011777455445942,0.20881284277039502,success
482,2000,8,3,2.0,2.900000000000001,0.1,0.7200000000000002,3.0,3,26,150,324,0,0.7024948470387576,0.21340601390700067,success
485,2000,8,3,2.0,2.900000000000001,0.1,0.7500000000000002,3.0,3,38,142,320,0,0.7079093546244175,0.20862503042392314,success
483,2000,8,3,2.0,2.900000000000001,0.1,0.7300000000000002,3.0,3,32,149,319,0,0.7032802786162078,0.21149732127055204,success
484,2000,8,3,2.0,2.900000000000001,0.1,0.7400000000000002,3.0,3,34,146,320,0,0.7098258480686817,0.21240510435384147,success
488,2000,8,3,2.0,2.900000000000001,0.1,0.7800000000000002,3.0,3,42,122,336,0,0.7262685629595134,0.21074901507297497,success
487,2000,8,3,2.0,2.900000000000001,0.1,0.7700000000000002,3.0,3,50,131,319,0,0.7145978476326649,0.21015534042770945,success
486,2000,8,3,2.0,2.900000000000001,0.1,0.7600000000000002,3.0,3,38,129,333,0,0.718874318574555,0.2118024435440915,success
489,2000,8,3,2.0,2.900000000000001,0.1,0.7900000000000003,3.0,3,51,115,334,0,0.7219514875365352,0.20864187328127456,success
490,2000,8,3,2.0,2.900000000000001,0.1,0.8000000000000003,3.0,3,65,115,320,0,0.7157593595818371,0.2085601153765508,success
491,2000,8,3,2.0,2.900000000000001,0.1,0.8100000000000003,3.0,3,63,113,324,0,0.7192513893803718,0.2069060757490358,success
492,2000,8,3,2.0,2.900000000000001,0.1,0.8200000000000003,3.0,3,62,108,330,0,0.7214979885317628,0.206989265479743,success
494,2000,8,3,2.0,2.900000000000001,0.1,0.8400000000000003,3.0,3,76,85,339,0,0.7282825527902084,0.21083319814903825,success
493,2000,8,3,2.0,2.900000000000001,0.1,0.8300000000000003,3.0,3,69,100,331,0,0.7209762769585507,0.21145231103885176,success
495,2000,8,3,2.0,2.900000000000001,0.1,0.8500000000000003,3.0,3,76,85,339,0,0.7247670625203276,0.20940197111049993,success
496,2000,8,3,2.0,2.900000000000001,0.1,0.8600000000000003,3.0,3,98,75,327,0,0.7248819325592896,0.20909105894434074,success
497,2000,8,3,2.0,2.900000000000001,0.1,0.8700000000000003,3.0,3,105,75,320,0,0.715884575918758,0.21026128833929073,success
501,2000,8,3,2.0,2.900000000000001,0.1,0.9100000000000004,3.0,3,122,60,318,0,0.7272273516708688,0.2101926857311605,success
498,2000,8,3,2.0,2.900000000000001,0.1,0.8800000000000003,3.0,3,101,69,330,0,0.7234501583869805,0.20588825237614217,success
500,2000,8,3,2.0,2.900000000000001,0.1,0.9000000000000004,3.0,3,116,59,325,0,0.7316187912300937,0.20729813383470155,success
499,2000,8,3,2.0,2.900000000000001,0.1,0.8900000000000003,3.0,3,113,66,321,0,0.7282313663203884,0.20724158632387077,success
502,2000,8,3,2.0,2.900000000000001,0.1,0.9200000000000004,3.0,3,128,63,309,0,0.7210457992906116,0.21079386810301143,success
503,2000,8,3,2.0,2.900000000000001,0.1,0.9300000000000004,3.0,3,136,58,306,0,0.7283468142934341,0.2099473063010864,success
504,2000,8,3,2.0,2.900000000000001,0.1,0.9400000000000004,3.0,3,138,46,316,0,0.7385118750630254,0.20808838526359963,success
505,2000,8,3,2.0,2.900000000000001,0.1,0.9500000000000004,3.0,3,142,48,310,0,0.7307938780646163,0.20431414739354978,success
510,2000,8,3,2.0,2.900000000000001,0.1,1.0000000000000004,3.0,3,187,24,289,0,0.7231208651278372,0.2080863892290439,success
506,2000,8,3,2.0,2.900000000000001,0.1,0.9600000000000004,3.0,3,153,48,299,0,0.7234470791367684,0.2046084825877982,success
508,2000,8,3,2.0,2.900000000000001,0.1,0.9800000000000004,3.0,3,166,32,302,0,0.7232250939617862,0.2075925902133,success
509,2000,8,3,2.0,2.900000000000001,0.1,0.9900000000000004,3.0,3,170,29,301,0,0.7285528116095515,0.20852928935046305,success
507,2000,8,3,2.0,2.900000000000001,0.1,0.9700000000000004,3.0,3,153,45,302,0,0.7260253713435469,0.20396804262009294,success
511,2000,8,3,2.0,3.000000000000001,0.1,0.5,3.0,4,4,312,184,0,0.5537298891439384,0.19608444044869977,success
512,2000,8,3,2.0,3.000000000000001,0.1,0.51,3.0,4,4,304,192,0,0.5506728188220834,0.19637211819349812,success
513,2000,8,3,2.0,3.000000000000001,0.1,0.52,3.0,4,4,300,196,0,0.5559592281464062,0.19861483373513794,success
514,2000,8,3,2.0,3.000000000000001,0.1,0.53,3.0,4,4,296,200,0,0.5595833702555725,0.19746731597099576,success
515,2000,8,3,2.0,3.000000000000001,0.1,0.54,3.0,4,4,292,204,0,0.5640732864014661,0.19841627781464102,success
516,2000,8,3,2.0,3.000000000000001,0.1,0.55,3.0,4,4,286,210,0,0.577870692102722,0.19911270244430826,success
517,2000,8,3,2.0,3.000000000000001,0.1,0.56,3.0,4,4,286,210,0,0.5728997962424671,0.19742513629184286,success
519,2000,8,3,2.0,3.000000000000001,0.1,0.5800000000000001,3.0,4,4,276,220,0,0.5799218353654122,0.2065340363647865,success
520,2000,8,3,2.0,3.000000000000001,0.1,0.5900000000000001,3.0,4,3,275,222,0,0.5770098622210511,0.2038447037885587,success
518,2000,8,3,2.0,3.000000000000001,0.1,0.5700000000000001,3.0,4,4,281,215,0,0.5761650816728092,0.20351083748082968,success
521,2000,8,3,2.0,3.000000000000001,0.1,0.6000000000000001,3.0,4,5,272,223,0,0.5830703838754898,0.20506356991661745,success
523,2000,8,3,2.0,3.000000000000001,0.1,0.6200000000000001,3.0,4,4,257,239,0,0.5928963617520845,0.20995534202816832,success
522,2000,8,3,2.0,3.000000000000001,0.1,0.6100000000000001,3.0,4,4,263,233,0,0.5901994740862517,0.20989558023530253,success
524,2000,8,3,2.0,3.000000000000001,0.1,0.6300000000000001,3.0,4,5,253,242,0,0.5874010455787564,0.20221081579986447,success
526,2000,8,3,2.0,3.000000000000001,0.1,0.6500000000000001,3.0,4,5,239,256,0,0.6005929093096497,0.20459656906054022,success
525,2000,8,3,2.0,3.000000000000001,0.1,0.6400000000000001,3.0,4,5,246,249,0,0.59819775868404,0.20471765608686693,success
529,2000,8,3,2.0,3.000000000000001,0.1,0.6800000000000002,3.0,4,7,225,268,0,0.6022037987789912,0.2005803694400038,success
528,2000,8,3,2.0,3.000000000000001,0.1,0.6700000000000002,3.0,4,6,229,265,0,0.5999464896156876,0.20077128176579973,success
527,2000,8,3,2.0,3.000000000000001,0.1,0.6600000000000001,3.0,4,6,233,261,0,0.5960823291980376,0.20256379403318167,success
530,2000,8,3,2.0,3.000000000000001,0.1,0.6900000000000002,3.0,4,7,215,278,0,0.615791751121372,0.2071936925926249,success
533,2000,8,3,2.0,3.000000000000001,0.1,0.7200000000000002,3.0,4,7,202,291,0,0.610900896821459,0.21226704724816173,success
534,2000,8,3,2.0,3.000000000000001,0.1,0.7300000000000002,3.0,4,7,192,301,0,0.6196381207667315,0.21709691440536,success
532,2000,8,3,2.0,3.000000000000001,0.1,0.7100000000000002,3.0,4,8,207,285,0,0.6146341093047578,0.2117650293366025,success
531,2000,8,3,2.0,3.000000000000001,0.1,0.7000000000000002,3.0,4,6,214,280,0,0.6146270201401974,0.20825227519479508,success
535,2000,8,3,2.0,3.000000000000001,0.1,0.7400000000000002,3.0,4,9,188,303,0,0.619069744192025,0.21825862637194282,success
536,2000,8,3,2.0,3.000000000000001,0.1,0.7500000000000002,3.0,4,8,181,311,0,0.6224288611427717,0.22103004691582329,success
538,2000,8,3,2.0,3.000000000000001,0.1,0.7700000000000002,3.0,4,6,182,312,0,0.6277047915685887,0.21962614194445346,success
537,2000,8,3,2.0,3.000000000000001,0.1,0.7600000000000002,3.0,4,9,182,309,0,0.6212441209057714,0.2164840403127238,success
539,2000,8,3,2.0,3.000000000000001,0.1,0.7800000000000002,3.0,4,10,172,318,0,0.6302179750968596,0.22359282209742784,success
542,2000,8,3,2.0,3.000000000000001,0.1,0.8100000000000003,3.0,4,10,155,335,0,0.6388312506258558,0.23057748313626808,success
540,2000,8,3,2.0,3.000000000000001,0.1,0.7900000000000003,3.0,4,10,165,325,0,0.6337049242141837,0.226732290216868,success
541,2000,8,3,2.0,3.000000000000001,0.1,0.8000000000000003,3.0,4,12,169,319,0,0.6235253997688571,0.22489473083211,success
543,2000,8,3,2.0,3.000000000000001,0.1,0.8200000000000003,3.0,4,14,144,342,0,0.6487443911111395,0.23211641345433323,success
544,2000,8,3,2.0,3.000000000000001,0.1,0.8300000000000003,3.0,4,15,140,345,0,0.6482680458346599,0.23212173889958598,success
545,2000,8,3,2.0,3.000000000000001,0.1,0.8400000000000003,3.0,4,14,141,345,0,0.6458550599390986,0.2319008630792988,success
546,2000,8,3,2.0,3.000000000000001,0.1,0.8500000000000003,3.0,4,16,142,342,0,0.6469464490389181,0.2302662006599687,success
547,2000,8,3,2.0,3.000000000000001,0.1,0.8600000000000003,3.0,4,15,134,351,0,0.6525769801751437,0.23044425405724756,success
548,2000,8,3,2.0,3.000000000000001,0.1,0.8700000000000003,3.0,4,21,126,353,0,0.6566902850942972,0.23217912359806994,success
549,2000,8,3,2.0,3.000000000000001,0.1,0.8800000000000003,3.0,4,21,131,348,0,0.648989194839724,0.22987500640095512,success
551,2000,8,3,2.0,3.000000000000001,0.1,0.9000000000000004,3.0,4,21,115,364,0,0.6702002481571879,0.2333316901199116,success
550,2000,8,3,2.0,3.000000000000001,0.1,0.8900000000000003,3.0,4,18,121,361,0,0.6632046958102915,0.23255545266977024,success
552,2000,8,3,2.0,3.000000000000001,0.1,0.9100000000000004,3.0,4,24,108,368,0,0.6760726834043937,0.23091471661103705,success
553,2000,8,3,2.0,3.000000000000001,0.1,0.9200000000000004,3.0,4,30,100,370,0,0.6846173829170388,0.23001350651729,success
554,2000,8,3,2.0,3.000000000000001,0.1,0.9300000000000004,3.0,4,31,109,360,0,0.6779895242983047,0.22733299537527954,success
555,2000,8,3,2.0,3.000000000000001,0.1,0.9400000000000004,3.0,4,33,108,359,0,0.6783649202278936,0.22709805758451984,success
557,2000,8,3,2.0,3.000000000000001,0.1,0.9600000000000004,3.0,4,41,90,369,0,0.6926353503730095,0.22871926212351387,success
558,2000,8,3,2.0,3.000000000000001,0.1,0.9700000000000004,3.0,4,44,89,367,0,0.6956127784778541,0.2291115167102467,success
556,2000,8,3,2.0,3.000000000000001,0.1,0.9500000000000004,3.0,4,32,94,374,0,0.6918481801335936,0.23131838304009975,success
559,2000,8,3,2.0,3.000000000000001,0.1,0.9800000000000004,3.0,4,51,80,369,0,0.699505369827727,0.22816623281551585,success
560,2000,8,3,2.0,3.000000000000001,0.1,0.9900000000000004,3.0,4,53,78,369,0,0.6988916499785931,0.22604649887021408,success
561,2000,8,3,2.0,3.000000000000001,0.1,1.0000000000000004,3.0,4,58,67,375,0,0.7030559622507723,0.22530354423974147,success
562,2000,8,3,2.0,3.100000000000001,0.1,0.5,3.0,4,4,329,167,0,0.5487195690442176,0.19365295933582544,success
565,2000,8,3,2.0,3.100000000000001,0.1,0.53,3.0,4,4,313,183,0,0.5561308703376268,0.1956615485999353,success
564,2000,8,3,2.0,3.100000000000001,0.1,0.52,3.0,4,4,318,178,0,0.5488215706439961,0.19206168329606604,success
567,2000,8,3,2.0,3.100000000000001,0.1,0.55,3.0,4,4,309,187,0,0.5599559814090066,0.1871448269232142,success
563,2000,8,3,2.0,3.100000000000001,0.1,0.51,3.0,4,4,323,173,0,0.544289209550681,0.1918051273031077,success
566,2000,8,3,2.0,3.100000000000001,0.1,0.54,3.0,4,4,311,185,0,0.554657991393514,0.19191517306406264,success
568,2000,8,3,2.0,3.100000000000001,0.1,0.56,3.0,4,4,304,192,0,0.5639368297883708,0.19263484141527193,success
569,2000,8,3,2.0,3.100000000000001,0.1,0.5700000000000001,3.0,4,4,302,194,0,0.5672428466502277,0.19453240408800387,success
570,2000,8,3,2.0,3.100000000000001,0.1,0.5800000000000001,3.0,4,4,298,198,0,0.5695221715384784,0.19636595441993226,success
571,2000,8,3,2.0,3.100000000000001,0.1,0.5900000000000001,3.0,4,3,297,200,0,0.5681632534935356,0.1946531810756783,success
572,2000,8,3,2.0,3.100000000000001,0.1,0.6000000000000001,3.0,4,4,291,205,0,0.5792898052884866,0.20010276333721919,success
573,2000,8,3,2.0,3.100000000000001,0.1,0.6100000000000001,3.0,4,4,288,208,0,0.5801599498792434,0.1989267202065998,success
574,2000,8,3,2.0,3.100000000000001,0.1,0.6200000000000001,3.0,4,4,280,216,0,0.5832002511763629,0.2004579701357075,success
575,2000,8,3,2.0,3.100000000000001,0.1,0.6300000000000001,3.0,4,5,276,219,0,0.5774107710926412,0.1934753810670881,success
576,2000,8,3,2.0,3.100000000000001,0.1,0.6400000000000001,3.0,4,5,272,223,0,0.5832949032159451,0.192045717853421,success
577,2000,8,3,2.0,3.100000000000001,0.1,0.6500000000000001,3.0,4,5,265,230,0,0.585753550118808,0.1960832416072893,success
578,2000,8,3,2.0,3.100000000000001,0.1,0.6600000000000001,3.0,4,6,260,234,0,0.5857711514036948,0.19646269659001755,success
579,2000,8,3,2.0,3.100000000000001,0.1,0.6700000000000002,3.0,4,6,258,236,0,0.5880547405114436,0.19450383786293923,success
581,2000,8,3,2.0,3.100000000000001,0.1,0.6900000000000002,3.0,4,6,249,245,0,0.5990309180072491,0.19942474274525526,success
580,2000,8,3,2.0,3.100000000000001,0.1,0.6800000000000002,3.0,4,6,253,241,0,0.5922858708141742,0.1973918849246902,success
582,2000,8,3,2.0,3.100000000000001,0.1,0.7000000000000002,3.0,4,6,247,247,0,0.5943395836880704,0.20042355236091855,success
583,2000,8,3,2.0,3.100000000000001,0.1,0.7100000000000002,3.0,4,6,236,258,0,0.6036339373616141,0.21111571427886613,success
584,2000,8,3,2.0,3.100000000000001,0.1,0.7200000000000002,3.0,4,6,233,261,0,0.5969643645575304,0.20776554847239523,success
585,2000,8,3,2.0,3.100000000000001,0.1,0.7300000000000002,3.0,4,6,233,261,0,0.5965051511394575,0.20611201285140188,success
586,2000,8,3,2.0,3.100000000000001,0.1,0.7400000000000002,3.0,4,8,225,267,0,0.5999393086127794,0.21275508814520766,success
587,2000,8,3,2.0,3.100000000000001,0.1,0.7500000000000002,3.0,4,7,220,273,0,0.597838142563692,0.21555470188210724,success
588,2000,8,3,2.0,3.100000000000001,0.1,0.7600000000000002,3.0,4,5,213,282,0,0.6032171347485079,0.21492172286044445,success
589,2000,8,3,2.0,3.100000000000001,0.1,0.7700000000000002,3.0,4,6,214,280,0,0.6019467717353238,0.21280365704384227,success
590,2000,8,3,2.0,3.100000000000001,0.1,0.7800000000000002,3.0,4,6,207,287,0,0.6030077959437744,0.2145671369587289,success
591,2000,8,3,2.0,3.100000000000001,0.1,0.7900000000000003,3.0,4,5,205,290,0,0.599641789671178,0.21480065665107054,success
592,2000,8,3,2.0,3.100000000000001,0.1,0.8000000000000003,3.0,4,6,196,298,0,0.6029582136191011,0.21909443043857965,success
593,2000,8,3,2.0,3.100000000000001,0.1,0.8100000000000003,3.0,4,8,191,301,0,0.604315597065621,0.21918652610069947,success
594,2000,8,3,2.0,3.100000000000001,0.1,0.8200000000000003,3.0,4,6,184,310,0,0.6152125738569718,0.22386037500913,success
596,2000,8,3,2.0,3.100000000000001,0.1,0.8400000000000003,3.0,4,7,179,314,0,0.6165043523595348,0.2226144828417998,success
595,2000,8,3,2.0,3.100000000000001,0.1,0.8300000000000003,3.0,4,9,177,314,0,0.6201249547885599,0.2253832078393551,success
597,2000,8,3,2.0,3.100000000000001,0.1,0.8500000000000003,3.0,4,6,176,318,0,0.6227674255161035,0.22305852767869902,success
598,2000,8,3,2.0,3.100000000000001,0.1,0.8600000000000003,3.0,4,7,169,324,0,0.6231783236916721,0.2236088603409144,success
599,2000,8,3,2.0,3.100000000000001,0.1,0.8700000000000003,3.0,4,7,165,328,0,0.6229568625772417,0.224546122507353,success
600,2000,8,3,2.0,3.100000000000001,0.1,0.8800000000000003,3.0,4,10,162,328,0,0.6199555331298648,0.22452702339619965,success
602,2000,8,3,2.0,3.100000000000001,0.1,0.9000000000000004,3.0,4,7,147,346,0,0.640442914298779,0.23064491629353134,success
601,2000,8,3,2.0,3.100000000000001,0.1,0.8900000000000003,3.0,4,7,156,337,0,0.6303916011099432,0.22719669418177527,success
603,2000,8,3,2.0,3.100000000000001,0.1,0.9100000000000004,3.0,4,9,142,349,0,0.6418944624372022,0.22681850179651217,success
604,2000,8,3,2.0,3.100000000000001,0.1,0.9200000000000004,3.0,4,10,142,348,0,0.6477356988773487,0.22637568206693157,success
605,2000,8,3,2.0,3.100000000000001,0.1,0.9300000000000004,3.0,4,15,145,340,0,0.6439192967512448,0.22510919825363646,success
606,2000,8,3,2.0,3.100000000000001,0.1,0.9400000000000004,3.0,4,13,137,350,0,0.6533738370394018,0.2263700912633184,success
607,2000,8,3,2.0,3.100000000000001,0.1,0.9500000000000004,3.0,4,13,136,351,0,0.6557499715061232,0.22759792454527764,success
608,2000,8,3,2.0,3.100000000000001,0.1,0.9600000000000004,3.0,4,16,131,353,0,0.6622566182302623,0.22670880023617804,success
609,2000,8,3,2.0,3.100000000000001,0.1,0.9700000000000004,3.0,4,17,125,358,0,0.6704639876454778,0.22803530202529926,success
610,2000,8,3,2.0,3.100000000000001,0.1,0.9800000000000004,3.0,4,22,112,366,0,0.6784837727193294,0.22838379129100253,success
611,2000,8,3,2.0,3.100000000000001,0.1,0.9900000000000004,3.0,4,27,118,355,0,0.667895374791388,0.22534089501489413,success
612,2000,8,3,2.0,3.100000000000001,0.1,1.0000000000000004,3.0,4,22,112,366,0,0.6783976390837532,0.229876912718756,success
613,2000,8,3,2.0,3.200000000000001,0.1,0.5,3.0,4,3,337,160,0,0.5412310191544013,0.19600035467598717,success
615,2000,8,3,2.0,3.200000000000001,0.1,0.52,3.0,4,3,328,169,0,0.5376345762017654,0.19047911314486604,success
614,2000,8,3,2.0,3.200000000000001,0.1,0.51,3.0,4,3,332,165,0,0.5361448354610616,0.19326725974851144,success
617,2000,8,3,2.0,3.200000000000001,0.1,0.54,3.0,4,3,320,177,0,0.5435099419671429,0.19176945651789198,success
616,2000,8,3,2.0,3.200000000000001,0.1,0.53,3.0,4,3,324,173,0,0.5430330570617804,0.18977345079498073,success
618,2000,8,3,2.0,3.200000000000001,0.1,0.55,3.0,4,3,318,179,0,0.5501986914347062,0.18801752897613241,success
619,2000,8,3,2.0,3.200000000000001,0.1,0.56,3.0,4,3,315,182,0,0.5497983333237235,0.18856205183354074,success
621,2000,8,3,2.0,3.200000000000001,0.1,0.5800000000000001,3.0,4,3,310,187,0,0.5565919337503502,0.1901290558801237,success
620,2000,8,3,2.0,3.200000000000001,0.1,0.5700000000000001,3.0,4,3,314,183,0,0.5513975087663926,0.1888511118703946,success
623,2000,8,3,2.0,3.200000000000001,0.1,0.6000000000000001,3.0,4,3,304,193,0,0.5613844856202076,0.19318586215875821,success
624,2000,8,3,2.0,3.200000000000001,0.1,0.6100000000000001,3.0,4,3,301,196,0,0.5609628461225222,0.1917972801299048,success
622,2000,8,3,2.0,3.200000000000001,0.1,0.5900000000000001,3.0,4,3,306,191,0,0.5567286604017637,0.19132939241157135,success
625,2000,8,3,2.0,3.200000000000001,0.1,0.6200000000000001,3.0,4,3,295,202,0,0.5582048898795771,0.18902903055702686,success
626,2000,8,3,2.0,3.200000000000001,0.1,0.6300000000000001,3.0,4,4,288,208,0,0.5617969532983401,0.1898410796259814,success
627,2000,8,3,2.0,3.200000000000001,0.1,0.6400000000000001,3.0,4,4,284,212,0,0.5684770536999121,0.18920237437304618,success
628,2000,8,3,2.0,3.200000000000001,0.1,0.6500000000000001,3.0,4,4,279,217,0,0.5717550357877054,0.1913262203372101,success
629,2000,8,3,2.0,3.200000000000001,0.1,0.6600000000000001,3.0,4,5,276,219,0,0.5672333920248794,0.18863859973441743,success
630,2000,8,3,2.0,3.200000000000001,0.1,0.6700000000000002,3.0,4,5,273,222,0,0.5710924651446583,0.1912124169724152,success
631,2000,8,3,2.0,3.200000000000001,0.1,0.6800000000000002,3.0,4,5,268,227,0,0.5794656126205437,0.19715970194384794,success
632,2000,8,3,2.0,3.200000000000001,0.1,0.6900000000000002,3.0,4,5,266,229,0,0.5831066773970384,0.1954919560989432,success
633,2000,8,3,2.0,3.200000000000001,0.1,0.7000000000000002,3.0,4,5,265,230,0,0.5747988837287348,0.1924250360289772,success
634,2000,8,3,2.0,3.200000000000001,0.1,0.7100000000000002,3.0,4,5,257,238,0,0.5773749083252969,0.19834773579704326,success
635,2000,8,3,2.0,3.200000000000001,0.1,0.7200000000000002,3.0,4,5,251,244,0,0.5761402010306363,0.1984264179965872,success
638,2000,8,3,2.0,3.200000000000001,0.1,0.7500000000000002,3.0,4,5,242,253,0,0.5730147605510044,0.20485992444197385,success
637,2000,8,3,2.0,3.200000000000001,0.1,0.7400000000000002,3.0,4,5,248,247,0,0.5714652935014775,0.1990610751055213,success
636,2000,8,3,2.0,3.200000000000001,0.1,0.7300000000000002,3.0,4,5,249,246,0,0.5789239725706012,0.19846381120194598,success
639,2000,8,3,2.0,3.200000000000001,0.1,0.7600000000000002,3.0,4,6,237,257,0,0.5764593663962267,0.20699523923102056,success
640,2000,8,3,2.0,3.200000000000001,0.1,0.7700000000000002,3.0,4,7,236,257,0,0.5799969470195744,0.20831556779667715,success
641,2000,8,3,2.0,3.200000000000001,0.1,0.7800000000000002,3.0,4,7,233,260,0,0.5769489934575294,0.20832757881945194,success
642,2000,8,3,2.0,3.200000000000001,0.1,0.7900000000000003,3.0,4,7,226,267,0,0.5799057179575581,0.2112252982974004,success
643,2000,8,3,2.0,3.200000000000001,0.1,0.8000000000000003,3.0,4,7,224,269,0,0.5820473972487937,0.21134373985456847,success
644,2000,8,3,2.0,3.200000000000001,0.1,0.8100000000000003,3.0,4,6,220,274,0,0.5901809152123574,0.21445957277431443,success
645,2000,8,3,2.0,3.200000000000001,0.1,0.8200000000000003,3.0,4,7,220,273,0,0.5843125601732164,0.2093575991793765,success
646,2000,8,3,2.0,3.200000000000001,0.1,0.8300000000000003,3.0,4,7,210,283,0,0.5955026170186488,0.21651376311140894,success
647,2000,8,3,2.0,3.200000000000001,0.1,0.8400000000000003,3.0,4,7,208,285,0,0.5923846772738154,0.214669328350853,success
648,2000,8,3,2.0,3.200000000000001,0.1,0.8500000000000003,3.0,4,7,209,284,0,0.5944393636122116,0.21346414676376196,success
649,2000,8,3,2.0,3.200000000000001,0.1,0.8600000000000003,3.0,4,8,204,288,0,0.5983307323954293,0.21729989888209386,success
650,2000,8,3,2.0,3.200000000000001,0.1,0.8700000000000003,3.0,4,9,193,298,0,0.6057097429050047,0.22347805690751793,success
651,2000,8,3,2.0,3.200000000000001,0.1,0.8800000000000003,3.0,4,9,195,296,0,0.594308934156491,0.21812811549718916,success
652,2000,8,3,2.0,3.200000000000001,0.1,0.8900000000000003,3.0,4,8,193,299,0,0.5982823796657439,0.21769145268600165,success
653,2000,8,3,2.0,3.200000000000001,0.1,0.9000000000000004,3.0,4,7,188,305,0,0.6085469246550154,0.22087759188693018,success
654,2000,8,3,2.0,3.200000000000001,0.1,0.9100000000000004,3.0,4,9,183,308,0,0.609076890667728,0.21826275961335934,success
655,2000,8,3,2.0,3.200000000000001,0.1,0.9200000000000004,3.0,4,11,179,310,0,0.6169634393182308,0.22052995148246526,success
656,2000,8,3,2.0,3.200000000000001,0.1,0.9300000000000004,3.0,4,10,179,311,0,0.6164253714571711,0.21993290584196606,success
657,2000,8,3,2.0,3.200000000000001,0.1,0.9400000000000004,3.0,4,9,178,313,0,0.6189116484311146,0.21952255218805158,success
658,2000,8,3,2.0,3.200000000000001,0.1,0.9500000000000004,3.0,4,12,173,315,0,0.62255948376375,0.22059861643173592,success
659,2000,8,3,2.0,3.200000000000001,0.1,0.9600000000000004,3.0,4,12,172,316,0,0.6285311149278825,0.2204656056337983,success
660,2000,8,3,2.0,3.200000000000001,0.1,0.9700000000000004,3.0,4,14,166,320,0,0.6369877866231805,0.22264784124576037,success
661,2000,8,3,2.0,3.200000000000001,0.1,0.9800000000000004,3.0,4,10,159,331,0,0.6481079229947431,0.22182601190425486,success
663,2000,8,3,2.0,3.200000000000001,0.1,1.0000000000000004,3.0,4,12,157,331,0,0.6441844623334988,0.2192743513619586,success
662,2000,8,3,2.0,3.200000000000001,0.1,0.9900000000000004,3.0,4,10,158,332,0,0.6473778148735286,0.21941906495740948,success
664,2000,8,3,2.0,3.300000000000001,0.1,0.5,3.0,4,4,349,147,0,0.5265636186418303,0.19057773101111797,success
665,2000,8,3,2.0,3.300000000000001,0.1,0.51,3.0,4,4,344,152,0,0.5226480656181393,0.18999833464519003,success
666,2000,8,3,2.0,3.300000000000001,0.1,0.52,3.0,4,3,341,156,0,0.5232516132448622,0.18627858290564447,success
667,2000,8,3,2.0,3.300000000000001,0.1,0.53,3.0,4,3,337,160,0,0.5300551524479821,0.18654809098538455,success
669,2000,8,3,2.0,3.300000000000001,0.1,0.55,3.0,4,3,331,166,0,0.5367342090422674,0.1843366818618139,success
668,2000,8,3,2.0,3.300000000000001,0.1,0.54,3.0,4,3,333,164,0,0.5301589880669361,0.1888627340020029,success
670,2000,8,3,2.0,3.300000000000001,0.1,0.56,3.0,4,3,328,169,0,0.5383680779751977,0.18348678243189742,success
671,2000,8,3,2.0,3.300000000000001,0.1,0.5700000000000001,3.0,4,3,328,169,0,0.5390423298153585,0.18214094300108513,success
672,2000,8,3,2.0,3.300000000000001,0.1,0.5800000000000001,3.0,4,3,324,173,0,0.5444630355885577,0.18395839766370373,success
673,2000,8,3,2.0,3.300000000000001,0.1,0.5900000000000001,3.0,4,3,322,175,0,0.5445900929797001,0.18332330272087624,success
674,2000,8,3,2.0,3.300000000000001,0.1,0.6000000000000001,3.0,4,3,320,177,0,0.546103381144798,0.1844667869600749,success
675,2000,8,3,2.0,3.300000000000001,0.1,0.6100000000000001,3.0,4,3,316,181,0,0.547687922362686,0.18622201354349216,success
676,2000,8,3,2.0,3.300000000000001,0.1,0.6200000000000001,3.0,4,3,312,185,0,0.5479022813301618,0.18509349719951942,success
677,2000,8,3,2.0,3.300000000000001,0.1,0.6300000000000001,3.0,4,4,307,189,0,0.5482693658297021,0.1801069643012832,success
678,2000,8,3,2.0,3.300000000000001,0.1,0.6400000000000001,3.0,4,4,302,194,0,0.5577477913094239,0.18146238494079975,success
679,2000,8,3,2.0,3.300000000000001,0.1,0.6500000000000001,3.0,4,4,300,196,0,0.5592176009429215,0.18126530343617323,success
680,2000,8,3,2.0,3.300000000000001,0.1,0.6600000000000001,3.0,4,4,295,201,0,0.5618153292588818,0.18266097434017758,success
681,2000,8,3,2.0,3.300000000000001,0.1,0.6700000000000002,3.0,4,4,293,203,0,0.5623490174792369,0.1838039830645921,success
683,2000,8,3,2.0,3.300000000000001,0.1,0.6900000000000002,3.0,4,3,292,205,0,0.5647449201579257,0.18161036461953606,success
684,2000,8,3,2.0,3.300000000000001,0.1,0.7000000000000002,3.0,4,3,288,209,0,0.5654265544592442,0.18533760424950266,success
682,2000,8,3,2.0,3.300000000000001,0.1,0.6800000000000002,3.0,4,4,292,204,0,0.5627275463881198,0.18244002572181836,success
686,2000,8,3,2.0,3.300000000000001,0.1,0.7200000000000002,3.0,4,4,280,216,0,0.5620265519516799,0.18631165955512743,success
685,2000,8,3,2.0,3.300000000000001,0.1,0.7100000000000002,3.0,4,3,284,213,0,0.5655439398549282,0.18847269325774513,success
687,2000,8,3,2.0,3.300000000000001,0.1,0.7300000000000002,3.0,4,4,277,219,0,0.5629748232270545,0.18551856400202,success
689,2000,8,3,2.0,3.300000000000001,0.1,0.7500000000000002,3.0,4,4,271,225,0,0.5610274279812086,0.19173021508337393,success
688,2000,8,3,2.0,3.300000000000001,0.1,0.7400000000000002,3.0,4,4,275,221,0,0.5613232853412755,0.1874142259027105,success
690,2000,8,3,2.0,3.300000000000001,0.1,0.7600000000000002,3.0,4,5,263,232,0,0.5643755651809101,0.19489382999629054,success
691,2000,8,3,2.0,3.300000000000001,0.1,0.7700000000000002,3.0,4,5,263,232,0,0.5674387091934112,0.19729488781696503,success
692,2000,8,3,2.0,3.300000000000001,0.1,0.7800000000000002,3.0,4,5,260,235,0,0.5675073693433939,0.19751883016082947,success
693,2000,8,3,2.0,3.300000000000001,0.1,0.7900000000000003,3.0,4,5,258,237,0,0.5612688965010038,0.19624157545828036,success
695,2000,8,3,2.0,3.300000000000001,0.1,0.8100000000000003,3.0,4,5,253,242,0,0.567232732048777,0.2030078897887683,success
694,2000,8,3,2.0,3.300000000000001,0.1,0.8000000000000003,3.0,4,5,257,238,0,0.5628405402023204,0.19798953060190114,success
696,2000,8,3,2.0,3.300000000000001,0.1,0.8200000000000003,3.0,4,5,249,246,0,0.5727105227079715,0.20575468121926518,success
697,2000,8,3,2.0,3.300000000000001,0.1,0.8300000000000003,3.0,4,6,243,251,0,0.5785822919262544,0.20905537499861954,success
698,2000,8,3,2.0,3.300000000000001,0.1,0.8400000000000003,3.0,4,6,242,252,0,0.5749729716937968,0.20763582467220817,success
699,2000,8,3,2.0,3.300000000000001,0.1,0.8500000000000003,3.0,4,7,243,250,0,0.574950470900756,0.20448839179778272,success
702,2000,8,3,2.0,3.300000000000001,0.1,0.8800000000000003,3.0,4,6,233,261,0,0.5770274760413544,0.2073935351173817,success
700,2000,8,3,2.0,3.300000000000001,0.1,0.8600000000000003,3.0,4,7,242,251,0,0.5740389953675687,0.2028522009683969,success
701,2000,8,3,2.0,3.300000000000001,0.1,0.8700000000000003,3.0,4,6,239,255,0,0.5752782892727887,0.20538470849037127,success
703,2000,8,3,2.0,3.300000000000001,0.1,0.8900000000000003,3.0,4,6,227,267,0,0.5868860816004727,0.21365768726175824,success
704,2000,8,3,2.0,3.300000000000001,0.1,0.9000000000000004,3.0,4,6,230,264,0,0.5834837380291171,0.21077424142690993,success
705,2000,8,3,2.0,3.300000000000001,0.1,0.9100000000000004,3.0,4,7,223,270,0,0.5912979010676644,0.21431161699100995,success
706,2000,8,3,2.0,3.300000000000001,0.1,0.9200000000000004,3.0,4,7,222,271,0,0.596348847625441,0.21489345283728975,success
707,2000,8,3,2.0,3.300000000000001,0.1,0.9300000000000004,3.0,4,8,223,269,0,0.589928231955034,0.21082303694446655,success
708,2000,8,3,2.0,3.300000000000001,0.1,0.9400000000000004,3.0,4,7,217,276,0,0.5950906225199029,0.21227236930442323,success
709,2000,8,3,2.0,3.300000000000001,0.1,0.9500000000000004,3.0,4,7,215,278,0,0.5966830277525609,0.21349950025240716,success
710,2000,8,3,2.0,3.300000000000001,0.1,0.9600000000000004,3.0,4,7,212,281,0,0.6011342931661076,0.2124762755902534,success
711,2000,8,3,2.0,3.300000000000001,0.1,0.9700000000000004,3.0,4,8,209,283,0,0.6041316327004845,0.21480072183065155,success
712,2000,8,3,2.0,3.300000000000001,0.1,0.9800000000000004,3.0,4,9,200,291,0,0.6147543533334933,0.21566563664662483,success
713,2000,8,3,2.0,3.300000000000001,0.1,0.9900000000000004,3.0,4,12,201,287,0,0.6149199816323756,0.21282545564480512,success
714,2000,8,3,2.0,3.300000000000001,0.1,1.0000000000000004,3.0,4,9,201,290,0,0.6171772373949316,0.21491571487856895,success
715,2000,8,3,2.0,3.4000000000000012,0.1,0.5,3.0,4,2,360,138,0,0.5139684155552778,0.1936269589295561,success
716,2000,8,3,2.0,3.4000000000000012,0.1,0.51,3.0,4,2,355,143,0,0.5095687220830678,0.19253945128426875,success
717,2000,8,3,2.0,3.4000000000000012,0.1,0.52,3.0,4,1,352,147,0,0.5103533502218,0.18857094253812304,success
719,2000,8,3,2.0,3.4000000000000012,0.1,0.54,3.0,4,1,344,155,0,0.5118181775243513,0.19093805584987375,success
718,2000,8,3,2.0,3.4000000000000012,0.1,0.53,3.0,4,1,348,151,0,0.5136268389380906,0.19064132296122116,success
722,2000,8,3,2.0,3.4000000000000012,0.1,0.5700000000000001,3.0,4,1,341,158,0,0.5187969069969245,0.18563450055933772,success
720,2000,8,3,2.0,3.4000000000000012,0.1,0.55,3.0,4,1,343,156,0,0.5170347357675532,0.18839080261315064,success
721,2000,8,3,2.0,3.4000000000000012,0.1,0.56,3.0,4,1,341,158,0,0.5193918425349264,0.18810088699458596,success
723,2000,8,3,2.0,3.4000000000000012,0.1,0.5800000000000001,3.0,4,1,336,163,0,0.522156903962914,0.18490284906974155,success
724,2000,8,3,2.0,3.4000000000000012,0.1,0.5900000000000001,3.0,4,1,334,165,0,0.5221265112001755,0.18392445146161118,success
726,2000,8,3,2.0,3.4000000000000012,0.1,0.6100000000000001,3.0,4,1,330,169,0,0.5274960009953422,0.1849388422419984,success
727,2000,8,3,2.0,3.4000000000000012,0.1,0.6200000000000001,3.0,4,1,327,172,0,0.5288252104348147,0.18553340259214937,success
725,2000,8,3,2.0,3.4000000000000012,0.1,0.6000000000000001,3.0,4,1,332,167,0,0.5234798460382095,0.18538428786639743,success
728,2000,8,3,2.0,3.4000000000000012,0.1,0.6300000000000001,3.0,4,2,322,176,0,0.5292889083597442,0.17864094061179175,success
729,2000,8,3,2.0,3.4000000000000012,0.1,0.6400000000000001,3.0,4,2,320,178,0,0.5374152582481934,0.17975770159008858,success
730,2000,8,3,2.0,3.4000000000000012,0.1,0.6500000000000001,3.0,4,2,317,181,0,0.5396564081697202,0.1810768773929044,success
731,2000,8,3,2.0,3.4000000000000012,0.1,0.6600000000000001,3.0,4,2,312,186,0,0.5409232630677516,0.18009033286819118,success
732,2000,8,3,2.0,3.4000000000000012,0.1,0.6700000000000002,3.0,4,2,309,189,0,0.5417186164699888,0.18084607150067147,success
734,2000,8,3,2.0,3.4000000000000012,0.1,0.6900000000000002,3.0,4,1,306,193,0,0.5456571250518484,0.1806266041053245,success
735,2000,8,3,2.0,3.4000000000000012,0.1,0.7000000000000002,3.0,4,1,303,196,0,0.5437300886548171,0.18216271792279615,success
733,2000,8,3,2.0,3.4000000000000012,0.1,0.6800000000000002,3.0,4,2,306,192,0,0.5437279585681684,0.1808619381638811,success
736,2000,8,3,2.0,3.4000000000000012,0.1,0.7100000000000002,3.0,4,1,300,199,0,0.5443423076136503,0.1837550933392046,success
737,2000,8,3,2.0,3.4000000000000012,0.1,0.7200000000000002,3.0,4,2,295,203,0,0.5438204271448318,0.18271241157499227,success
738,2000,8,3,2.0,3.4000000000000012,0.1,0.7300000000000002,3.0,4,2,289,209,0,0.5494665040381272,0.1873423002065848,success
740,2000,8,3,2.0,3.4000000000000012,0.1,0.7500000000000002,3.0,4,2,285,213,0,0.5440200073134801,0.18982482824940325,success
739,2000,8,3,2.0,3.4000000000000012,0.1,0.7400000000000002,3.0,4,2,288,210,0,0.5459268640503505,0.18675413081732398,success
741,2000,8,3,2.0,3.4000000000000012,0.1,0.7600000000000002,3.0,4,3,280,217,0,0.542629264541459,0.18973969533736726,success
742,2000,8,3,2.0,3.4000000000000012,0.1,0.7700000000000002,3.0,4,3,281,216,0,0.5432926356847425,0.1893748393719164,success
743,2000,8,3,2.0,3.4000000000000012,0.1,0.7800000000000002,3.0,4,3,280,217,0,0.5415864279891647,0.1878089813353039,success
744,2000,8,3,2.0,3.4000000000000012,0.1,0.7900000000000003,3.0,4,3,275,222,0,0.5421220197163331,0.19082084178069655,success
745,2000,8,3,2.0,3.4000000000000012,0.1,0.8000000000000003,3.0,4,3,276,221,0,0.5424393169752848,0.1901245636870027,success
746,2000,8,3,2.0,3.4000000000000012,0.1,0.8100000000000003,3.0,4,3,272,225,0,0.5467727700017958,0.19620675035052523,success
747,2000,8,3,2.0,3.4000000000000012,0.1,0.8200000000000003,3.0,4,3,269,228,0,0.549640236529504,0.19670280914266827,success
748,2000,8,3,2.0,3.4000000000000012,0.1,0.8300000000000003,3.0,4,4,264,232,0,0.5516693187850541,0.19756651172623568,success
749,2000,8,3,2.0,3.4000000000000012,0.1,0.8400000000000003,3.0,4,4,265,231,0,0.5438564692358484,0.19154929785392374,success
750,2000,8,3,2.0,3.4000000000000012,0.1,0.8500000000000003,3.0,4,4,263,233,0,0.5464970514876081,0.19338310739592818,success
751,2000,8,3,2.0,3.4000000000000012,0.1,0.8600000000000003,3.0,4,4,262,234,0,0.5464721440535625,0.19346579707305428,success
752,2000,8,3,2.0,3.4000000000000012,0.1,0.8700000000000003,3.0,4,4,259,237,0,0.5472677161859466,0.19704192671082857,success
754,2000,8,3,2.0,3.4000000000000012,0.1,0.8900000000000003,3.0,4,5,254,241,0,0.5497330456850882,0.19853156901852742,success
753,2000,8,3,2.0,3.4000000000000012,0.1,0.8800000000000003,3.0,4,4,255,241,0,0.5492538777874038,0.19966825167370394,success
755,2000,8,3,2.0,3.4000000000000012,0.1,0.9000000000000004,3.0,4,4,252,244,0,0.5544613888591831,0.20077267512607186,success
758,2000,8,3,2.0,3.4000000000000012,0.1,0.9300000000000004,3.0,4,5,244,251,0,0.5647174272476202,0.20437701655537355,success
757,2000,8,3,2.0,3.4000000000000012,0.1,0.9200000000000004,3.0,4,5,246,249,0,0.5626770763023935,0.20639879183821258,success
756,2000,8,3,2.0,3.4000000000000012,0.1,0.9100000000000004,3.0,4,5,250,245,0,0.551718941184753,0.1979576595895461,success
759,2000,8,3,2.0,3.4000000000000012,0.1,0.9400000000000004,3.0,4,5,239,256,0,0.5676327164809949,0.20577725596179663,success
760,2000,8,3,2.0,3.4000000000000012,0.1,0.9500000000000004,3.0,4,5,235,260,0,0.5730701933319529,0.20985977605805473,success
761,2000,8,3,2.0,3.4000000000000012,0.1,0.9600000000000004,3.0,4,5,230,265,0,0.580836590563368,0.21343750600619743,success
762,2000,8,3,2.0,3.4000000000000012,0.1,0.9700000000000004,3.0,4,5,237,258,0,0.5708977645357376,0.2051444889308374,success
763,2000,8,3,2.0,3.4000000000000012,0.1,0.9800000000000004,3.0,4,5,229,266,0,0.5771549282666707,0.21200458672261704,success
764,2000,8,3,2.0,3.4000000000000012,0.1,0.9900000000000004,3.0,4,6,228,266,0,0.5807680738302489,0.21208952754602634,success
765,2000,8,3,2.0,3.4000000000000012,0.1,1.0000000000000004,3.0,4,6,225,269,0,0.5785865454900944,0.21274795464367102,success
766,2000,8,3,2.0,3.5000000000000013,0.1,0.5,3.0,4,2,374,124,0,0.5041940448758099,0.18710226290305293,success
767,2000,8,3,2.0,3.5000000000000013,0.1,0.51,3.0,4,2,370,128,0,0.5025968820350837,0.18655070180311217,success
768,2000,8,3,2.0,3.5000000000000013,0.1,0.52,3.0,4,1,368,131,0,0.5057910094810033,0.18239025118361005,success
769,2000,8,3,2.0,3.5000000000000013,0.1,0.53,3.0,4,1,363,136,0,0.5034288693412308,0.18322134154789035,success
770,2000,8,3,2.0,3.5000000000000013,0.1,0.54,3.0,4,1,362,137,0,0.505899406133306,0.18311513871251078,success
772,2000,8,3,2.0,3.5000000000000013,0.1,0.56,3.0,4,1,359,140,0,0.5102720123872597,0.180570413029737,success
771,2000,8,3,2.0,3.5000000000000013,0.1,0.55,3.0,4,1,360,139,0,0.5084600471334817,0.1817905636065088,success
773,2000,8,3,2.0,3.5000000000000013,0.1,0.5700000000000001,3.0,4,1,358,141,0,0.513285065440916,0.18046340628932972,success
774,2000,8,3,2.0,3.5000000000000013,0.1,0.5800000000000001,3.0,4,1,354,145,0,0.5136484968858136,0.18046214415700473,success
776,2000,8,3,2.0,3.5000000000000013,0.1,0.6000000000000001,3.0,4,1,350,149,0,0.5140114656336053,0.18356423750345688,success
775,2000,8,3,2.0,3.5000000000000013,0.1,0.5900000000000001,3.0,4,1,352,147,0,0.5137711512082188,0.17947533522603784,success
779,2000,8,3,2.0,3.5000000000000013,0.1,0.6300000000000001,3.0,4,2,340,158,0,0.5166691566435757,0.1775175249531815,success
777,2000,8,3,2.0,3.5000000000000013,0.1,0.6100000000000001,3.0,4,1,349,150,0,0.5166892481470817,0.18170627509673384,success
778,2000,8,3,2.0,3.5000000000000013,0.1,0.6200000000000001,3.0,4,1,345,154,0,0.5178953374652976,0.1828251821800394,success
780,2000,8,3,2.0,3.5000000000000013,0.1,0.6400000000000001,3.0,4,2,337,161,0,0.5311323637254707,0.1816434842944673,success
781,2000,8,3,2.0,3.5000000000000013,0.1,0.6500000000000001,3.0,4,2,336,162,0,0.5285479700516484,0.17753479873291741,success
782,2000,8,3,2.0,3.5000000000000013,0.1,0.6600000000000001,3.0,4,2,332,166,0,0.5329745012482571,0.17783761394682643,success
783,2000,8,3,2.0,3.5000000000000013,0.1,0.6700000000000002,3.0,4,2,329,169,0,0.5334359822828144,0.1788062778162056,success
784,2000,8,3,2.0,3.5000000000000013,0.1,0.6800000000000002,3.0,4,2,325,173,0,0.5370214293734112,0.18142959297890532,success
786,2000,8,3,2.0,3.5000000000000013,0.1,0.7000000000000002,3.0,4,1,320,179,0,0.5376226537007233,0.18259810574047705,success
785,2000,8,3,2.0,3.5000000000000013,0.1,0.6900000000000002,3.0,4,1,323,176,0,0.5393949315146465,0.18202871403156726,success
787,2000,8,3,2.0,3.5000000000000013,0.1,0.7100000000000002,3.0,4,1,319,180,0,0.5385821977158888,0.1807012663931962,success
788,2000,8,3,2.0,3.5000000000000013,0.1,0.7200000000000002,3.0,4,2,316,182,0,0.5350423067312169,0.17781590213269532,success
789,2000,8,3,2.0,3.5000000000000013,0.1,0.7300000000000002,3.0,4,2,313,185,0,0.5338592795506952,0.17620626455384109,success
790,2000,8,3,2.0,3.5000000000000013,0.1,0.7400000000000002,3.0,4,2,312,186,0,0.5334163467717699,0.17755808673603382,success
791,2000,8,3,2.0,3.5000000000000013,0.1,0.7500000000000002,3.0,4,2,310,188,0,0.5360163267192248,0.1835068298253005,success
793,2000,8,3,2.0,3.5000000000000013,0.1,0.7700000000000002,3.0,4,1,307,192,0,0.5407974823151479,0.18526073269689125,success
792,2000,8,3,2.0,3.5000000000000013,0.1,0.7600000000000002,3.0,4,1,307,192,0,0.5399448661610621,0.18501520968542132,success
794,2000,8,3,2.0,3.5000000000000013,0.1,0.7800000000000002,3.0,4,1,306,193,0,0.5428149998781078,0.1853521625718274,success
795,2000,8,3,2.0,3.5000000000000013,0.1,0.7900000000000003,3.0,4,1,301,198,0,0.5413188284051513,0.19001183444187197,success
796,2000,8,3,2.0,3.5000000000000013,0.1,0.8000000000000003,3.0,4,1,301,198,0,0.5440273630782448,0.1919878054565712,success
797,2000,8,3,2.0,3.5000000000000013,0.1,0.8100000000000003,3.0,4,1,299,200,0,0.5423015015240406,0.19365389751672693,success
798,2000,8,3,2.0,3.5000000000000013,0.1,0.8200000000000003,3.0,4,1,297,202,0,0.5445604721322385,0.19429227270284855,success
799,2000,8,3,2.0,3.5000000000000013,0.1,0.8300000000000003,3.0,4,2,291,207,0,0.5409940515430235,0.19297280136289696,success
800,2000,8,3,2.0,3.5000000000000013,0.1,0.8400000000000003,3.0,4,2,291,207,0,0.5389092015849636,0.18997454596699057,success
801,2000,8,3,2.0,3.5000000000000013,0.1,0.8500000000000003,3.0,4,2,290,208,0,0.5401615455063824,0.18965246455421736,success
802,2000,8,3,2.0,3.5000000000000013,0.1,0.8600000000000003,3.0,4,2,288,210,0,0.5437979264616355,0.19084526528115145,success
803,2000,8,3,2.0,3.5000000000000013,0.1,0.8700000000000003,3.0,4,3,287,210,0,0.5408429634472939,0.18615978296465185,success
804,2000,8,3,2.0,3.5000000000000013,0.1,0.8800000000000003,3.0,4,3,284,213,0,0.5431487458750573,0.19050562055061068,success
805,2000,8,3,2.0,3.5000000000000013,0.1,0.8900000000000003,3.0,4,3,283,214,0,0.5496517821717751,0.19256888346732753,success
806,2000,8,3,2.0,3.5000000000000013,0.1,0.9000000000000004,3.0,4,3,282,215,0,0.546907393612651,0.19118519668363673,success
807,2000,8,3,2.0,3.5000000000000013,0.1,0.9100000000000004,3.0,4,3,280,217,0,0.5468734073841814,0.1913193848145009,success
808,2000,8,3,2.0,3.5000000000000013,0.1,0.9200000000000004,3.0,4,3,280,217,0,0.5517314063195431,0.19243164077174366,success
809,2000,8,3,2.0,3.5000000000000013,0.1,0.9300000000000004,3.0,4,3,277,220,0,0.5513693496108777,0.19249558126954058,success
810,2000,8,3,2.0,3.5000000000000013,0.1,0.9400000000000004,3.0,4,3,275,222,0,0.5507757216810366,0.19245038911146217,success
811,2000,8,3,2.0,3.5000000000000013,0.1,0.9500000000000004,3.0,4,3,274,223,0,0.5565588347634275,0.19594687689562396,success
812,2000,8,3,2.0,3.5000000000000013,0.1,0.9600000000000004,3.0,4,3,271,226,0,0.5608583088583726,0.19730864878228324,success
813,2000,8,3,2.0,3.5000000000000013,0.1,0.9700000000000004,3.0,4,3,270,227,0,0.5625994394450566,0.19856621338487787,success
814,2000,8,3,2.0,3.5000000000000013,0.1,0.9800000000000004,3.0,4,3,269,228,0,0.5582184040852283,0.1947118794179734,success
815,2000,8,3,2.0,3.5000000000000013,0.1,0.9900000000000004,3.0,4,3,268,229,0,0.5604937173741618,0.19214129508441602,success
818,2000,8,3,2.0,3.6000000000000014,0.1,0.51,3.0,4,1,385,114,0,0.5098769771628494,0.1860683849913619,success
816,2000,8,3,2.0,3.5000000000000013,0.1,1.0000000000000004,3.0,4,3,264,233,0,0.5643585921726041,0.19523327732528611,success
817,2000,8,3,2.0,3.6000000000000014,0.1,0.5,3.0,4,1,388,111,0,0.512871335998582,0.18517205626647706,success
819,2000,8,3,2.0,3.6000000000000014,0.1,0.52,3.0,4,0,383,117,0,0.5116091703268654,0.18163163707408392,success
820,2000,8,3,2.0,3.6000000000000014,0.1,0.53,3.0,4,0,377,123,0,0.5055197584136547,0.18362724556951418,success
822,2000,8,3,2.0,3.6000000000000014,0.1,0.55,3.0,4,0,373,127,0,0.5100730971319596,0.1834330578152884,success
823,2000,8,3,2.0,3.6000000000000014,0.1,0.56,3.0,4,0,372,128,0,0.5117640389622842,0.1813467221177684,success
821,2000,8,3,2.0,3.6000000000000014,0.1,0.54,3.0,4,0,374,126,0,0.50918532757866,0.18269872356769593,success
824,2000,8,3,2.0,3.6000000000000014,0.1,0.5700000000000001,3.0,4,0,370,130,0,0.5141984642679494,0.1806800147002065,success
825,2000,8,3,2.0,3.6000000000000014,0.1,0.5800000000000001,3.0,4,0,368,132,0,0.5162558648496185,0.18013965339276442,success
826,2000,8,3,2.0,3.6000000000000014,0.1,0.5900000000000001,3.0,4,0,366,134,0,0.5156351414129966,0.17872911968690236,success
828,2000,8,3,2.0,3.6000000000000014,0.1,0.6100000000000001,3.0,4,1,365,134,0,0.5160476678208465,0.17625812060608387,success
830,2000,8,3,2.0,3.6000000000000014,0.1,0.6300000000000001,3.0,4,1,356,143,0,0.5160357905682893,0.17638498068448905,success
827,2000,8,3,2.0,3.6000000000000014,0.1,0.6000000000000001,3.0,4,0,365,135,0,0.5162622868102477,0.18311675445470524,success
829,2000,8,3,2.0,3.6000000000000014,0.1,0.6200000000000001,3.0,4,1,362,137,0,0.5170686707979766,0.1785043419223951,success
831,2000,8,3,2.0,3.6000000000000014,0.1,0.6400000000000001,3.0,4,1,355,144,0,0.5247674307619676,0.17648681647208123,success
832,2000,8,3,2.0,3.6000000000000014,0.1,0.6500000000000001,3.0,4,1,353,146,0,0.5253169571835348,0.17551752776433152,success
833,2000,8,3,2.0,3.6000000000000014,0.1,0.6600000000000001,3.0,4,1,351,148,0,0.5287766487182974,0.17646500600990686,success
834,2000,8,3,2.0,3.6000000000000014,0.1,0.6700000000000002,3.0,4,1,347,152,0,0.5284689177014826,0.17654739921952958,success
835,2000,8,3,2.0,3.6000000000000014,0.1,0.6800000000000002,3.0,4,1,345,154,0,0.530871210152279,0.17600949634421414,success
836,2000,8,3,2.0,3.6000000000000014,0.1,0.6900000000000002,3.0,4,1,342,157,0,0.5337521224624147,0.1768118387661498,success
837,2000,8,3,2.0,3.6000000000000014,0.1,0.7000000000000002,3.0,4,1,340,159,0,0.5323679214925825,0.17647604494241678,success
838,2000,8,3,2.0,3.6000000000000014,0.1,0.7100000000000002,3.0,4,1,339,160,0,0.5351428200057922,0.17848761855793546,success
839,2000,8,3,2.0,3.6000000000000014,0.1,0.7200000000000002,3.0,4,1,338,161,0,0.5338824875891659,0.1782076559429274,success
840,2000,8,3,2.0,3.6000000000000014,0.1,0.7300000000000002,3.0,4,1,336,163,0,0.5319292189501514,0.17768125692553,success
841,2000,8,3,2.0,3.6000000000000014,0.1,0.7400000000000002,3.0,4,1,335,164,0,0.5323777419429264,0.1768759598363386,success
843,2000,8,3,2.0,3.6000000000000014,0.1,0.7600000000000002,3.0,4,0,329,171,0,0.5365050189926468,0.18206925369812932,success
842,2000,8,3,2.0,3.6000000000000014,0.1,0.7500000000000002,3.0,4,1,332,167,0,0.5336321433335716,0.18243507670706716,success
844,2000,8,3,2.0,3.6000000000000014,0.1,0.7700000000000002,3.0,4,0,328,172,0,0.5374729112051996,0.18171668147521713,success
846,2000,8,3,2.0,3.6000000000000014,0.1,0.7900000000000003,3.0,4,0,324,176,0,0.5352273821637339,0.18245433897183902,success
845,2000,8,3,2.0,3.6000000000000014,0.1,0.7800000000000002,3.0,4,0,327,173,0,0.5378106570117677,0.18102968091134342,success
847,2000,8,3,2.0,3.6000000000000014,0.1,0.8000000000000003,3.0,4,0,324,176,0,0.5372314271440973,0.1838342597284755,success
848,2000,8,3,2.0,3.6000000000000014,0.1,0.8100000000000003,3.0,4,0,323,177,0,0.5350287101090465,0.1875195067198626,success
849,2000,8,3,2.0,3.6000000000000014,0.1,0.8200000000000003,3.0,4,0,321,179,0,0.5358485182298719,0.18645231224837922,success
851,2000,8,3,2.0,3.6000000000000014,0.1,0.8400000000000003,3.0,4,1,317,182,0,0.5329294257402215,0.18630298023005315,success
850,2000,8,3,2.0,3.6000000000000014,0.1,0.8300000000000003,3.0,4,1,317,182,0,0.5324114313374757,0.18682035919186138,success
852,2000,8,3,2.0,3.6000000000000014,0.1,0.8500000000000003,3.0,4,1,316,183,0,0.532081651337923,0.18473837592880496,success
853,2000,8,3,2.0,3.6000000000000014,0.1,0.8600000000000003,3.0,4,1,315,184,0,0.5324232737698223,0.18380648706118363,success
854,2000,8,3,2.0,3.6000000000000014,0.1,0.8700000000000003,3.0,4,1,314,185,0,0.5321593703877755,0.18272386118984324,success
855,2000,8,3,2.0,3.6000000000000014,0.1,0.8800000000000003,3.0,4,1,311,188,0,0.5319223563436101,0.18605005466767327,success
856,2000,8,3,2.0,3.6000000000000014,0.1,0.8900000000000003,3.0,4,1,311,188,0,0.5360156523890102,0.18636477048566938,success
857,2000,8,3,2.0,3.6000000000000014,0.1,0.9000000000000004,3.0,4,1,309,190,0,0.5399306553727745,0.18998438993863104,success
858,2000,8,3,2.0,3.6000000000000014,0.1,0.9100000000000004,3.0,4,1,308,191,0,0.5414805173825314,0.1881619681912894,success
860,2000,8,3,2.0,3.6000000000000014,0.1,0.9300000000000004,3.0,4,1,306,193,0,0.5462135260119256,0.18778464617398646,success
859,2000,8,3,2.0,3.6000000000000014,0.1,0.9200000000000004,3.0,4,1,308,191,0,0.5452084580456337,0.18790966809737314,success
861,2000,8,3,2.0,3.6000000000000014,0.1,0.9400000000000004,3.0,4,1,305,194,0,0.5465126688089463,0.18700477882414646,success
862,2000,8,3,2.0,3.6000000000000014,0.1,0.9500000000000004,3.0,4,1,305,194,0,0.5510609039021329,0.18748736159885765,success
863,2000,8,3,2.0,3.6000000000000014,0.1,0.9600000000000004,3.0,4,1,304,195,0,0.5500993065861552,0.1842409062782557,success
864,2000,8,3,2.0,3.6000000000000014,0.1,0.9700000000000004,3.0,4,1,303,196,0,0.5506771880708509,0.18603285192313063,success
865,2000,8,3,2.0,3.6000000000000014,0.1,0.9800000000000004,3.0,4,1,299,200,0,0.5494784476120007,0.18526084068818538,success
866,2000,8,3,2.0,3.6000000000000014,0.1,0.9900000000000004,3.0,4,1,299,200,0,0.5512446240627158,0.1841149832802471,success
867,2000,8,3,2.0,3.6000000000000014,0.1,1.0000000000000004,3.0,4,1,296,203,0,0.5537295874423723,0.18705102905546278,success
868,2000,8,3,2.0,3.7000000000000015,0.1,0.5,3.0,4,0,398,102,0,0.5083919817546823,0.17587866888039835,success
870,2000,8,3,2.0,3.7000000000000015,0.1,0.52,3.0,4,0,395,105,0,0.5080371795552971,0.17388818625244276,success
869,2000,8,3,2.0,3.7000000000000015,0.1,0.51,3.0,4,0,395,105,0,0.5034027029206576,0.17765921293822381,success
871,2000,8,3,2.0,3.7000000000000015,0.1,0.53,3.0,4,0,392,108,0,0.5029592619167906,0.17614855113611425,success
872,2000,8,3,2.0,3.7000000000000015,0.1,0.54,3.0,4,0,389,111,0,0.5077285641343251,0.17615524912013616,success
873,2000,8,3,2.0,3.7000000000000015,0.1,0.55,3.0,4,0,388,112,0,0.5086192443206287,0.17702682186801533,success
874,2000,8,3,2.0,3.7000000000000015,0.1,0.56,3.0,4,0,387,113,0,0.5094773595748954,0.17539823147799619,success
875,2000,8,3,2.0,3.7000000000000015,0.1,0.5700000000000001,3.0,4,0,385,115,0,0.512491800731751,0.17514066000626383,success
876,2000,8,3,2.0,3.7000000000000015,0.1,0.5800000000000001,3.0,4,0,383,117,0,0.5143809030209648,0.1759955933952555,success
877,2000,8,3,2.0,3.7000000000000015,0.1,0.5900000000000001,3.0,4,0,381,119,0,0.5136501460404682,0.1744389602541452,success
878,2000,8,3,2.0,3.7000000000000015,0.1,0.6000000000000001,3.0,4,0,380,120,0,0.5139763966403693,0.17872864007947756,success
879,2000,8,3,2.0,3.7000000000000015,0.1,0.6100000000000001,3.0,4,0,379,121,0,0.5140738716615946,0.17905357772606628,success
881,2000,8,3,2.0,3.7000000000000015,0.1,0.6300000000000001,3.0,4,0,374,126,0,0.515074390103392,0.18021105267744034,success
880,2000,8,3,2.0,3.7000000000000015,0.1,0.6200000000000001,3.0,4,0,377,123,0,0.5133717734570765,0.1813461300832698,success
882,2000,8,3,2.0,3.7000000000000015,0.1,0.6400000000000001,3.0,4,0,373,127,0,0.5153175785836749,0.17916430660953664,success
883,2000,8,3,2.0,3.7000000000000015,0.1,0.6500000000000001,3.0,4,0,371,129,0,0.5179283349601737,0.1786492046186609,success
884,2000,8,3,2.0,3.7000000000000015,0.1,0.6600000000000001,3.0,4,0,370,130,0,0.5209276402066582,0.1783029207386937,success
885,2000,8,3,2.0,3.7000000000000015,0.1,0.6700000000000002,3.0,4,0,366,134,0,0.5206358693464535,0.17812358222725674,success
886,2000,8,3,2.0,3.7000000000000015,0.1,0.6800000000000002,3.0,4,0,363,137,0,0.5177320775638099,0.17920101913312447,success
887,2000,8,3,2.0,3.7000000000000015,0.1,0.6900000000000002,3.0,4,0,359,141,0,0.5175891502324698,0.18279179093198025,success
888,2000,8,3,2.0,3.7000000000000015,0.1,0.7000000000000002,3.0,4,0,357,143,0,0.5156905357272504,0.18256610761090375,success
889,2000,8,3,2.0,3.7000000000000015,0.1,0.7100000000000002,3.0,4,0,355,145,0,0.5151769124477152,0.18227193117196408,success
890,2000,8,3,2.0,3.7000000000000015,0.1,0.7200000000000002,3.0,4,0,355,145,0,0.5155548328018671,0.18074676590130892,success
891,2000,8,3,2.0,3.7000000000000015,0.1,0.7300000000000002,3.0,4,0,354,146,0,0.514837576757937,0.17996435584102685,success
892,2000,8,3,2.0,3.7000000000000015,0.1,0.7400000000000002,3.0,4,0,353,147,0,0.5151308059081768,0.17932947810027652,success
893,2000,8,3,2.0,3.7000000000000015,0.1,0.7500000000000002,3.0,4,0,351,149,0,0.5134869413499398,0.1851494357781031,success
894,2000,8,3,2.0,3.7000000000000015,0.1,0.7600000000000002,3.0,4,0,350,150,0,0.5146357527714959,0.18573890019930928,success
895,2000,8,3,2.0,3.7000000000000015,0.1,0.7700000000000002,3.0,4,0,349,151,0,0.5157061868377868,0.18514628455532195,success
896,2000,8,3,2.0,3.7000000000000015,0.1,0.7800000000000002,3.0,4,0,348,152,0,0.5156262511168324,0.1844369858836741,success
897,2000,8,3,2.0,3.7000000000000015,0.1,0.7900000000000003,3.0,4,0,345,155,0,0.5126941296219233,0.1849366209550525,success
898,2000,8,3,2.0,3.7000000000000015,0.1,0.8000000000000003,3.0,4,0,344,156,0,0.512789715698413,0.18599817618590087,success
899,2000,8,3,2.0,3.7000000000000015,0.1,0.8100000000000003,3.0,4,0,345,155,0,0.5130004616895455,0.1861962474298427,success
900,2000,8,3,2.0,3.7000000000000015,0.1,0.8200000000000003,3.0,4,0,343,157,0,0.5161449942961938,0.18445168404027468,success
901,2000,8,3,2.0,3.7000000000000015,0.1,0.8300000000000003,3.0,4,1,339,160,0,0.5118263513812129,0.18255417333819415,success
903,2000,8,3,2.0,3.7000000000000015,0.1,0.8500000000000003,3.0,4,1,337,162,0,0.5116826295335656,0.181433271700733,success
902,2000,8,3,2.0,3.7000000000000015,0.1,0.8400000000000003,3.0,4,1,339,160,0,0.512384703380689,0.1822399913637225,success
904,2000,8,3,2.0,3.7000000000000015,0.1,0.8600000000000003,3.0,4,0,337,163,0,0.5138702907182481,0.18247147132731362,success
905,2000,8,3,2.0,3.7000000000000015,0.1,0.8700000000000003,3.0,4,0,337,163,0,0.5143154728362405,0.182315616854408,success
906,2000,8,3,2.0,3.7000000000000015,0.1,0.8800000000000003,3.0,4,0,335,165,0,0.5122639600601899,0.18254763866391818,success
907,2000,8,3,2.0,3.7000000000000015,0.1,0.8900000000000003,3.0,4,0,335,165,0,0.5154034148739136,0.1826177722824922,success
909,2000,8,3,2.0,3.7000000000000015,0.1,0.9100000000000004,3.0,4,0,332,168,0,0.5177221221243826,0.18146040661152188,success
908,2000,8,3,2.0,3.7000000000000015,0.1,0.9000000000000004,3.0,4,0,334,166,0,0.515652073426523,0.18375028229369875,success
910,2000,8,3,2.0,3.7000000000000015,0.1,0.9200000000000004,3.0,4,0,332,168,0,0.5218416954795141,0.1822829210739375,success
911,2000,8,3,2.0,3.7000000000000015,0.1,0.9300000000000004,3.0,4,0,331,169,0,0.5235704995370336,0.1828322873207145,success
913,2000,8,3,2.0,3.7000000000000015,0.1,0.9500000000000004,3.0,4,1,330,169,0,0.5268797529621602,0.18203819862505255,success
914,2000,8,3,2.0,3.7000000000000015,0.1,0.9600000000000004,3.0,4,1,328,171,0,0.5268738682096623,0.18151737378599644,success
912,2000,8,3,2.0,3.7000000000000015,0.1,0.9400000000000004,3.0,4,1,330,169,0,0.5219429881232438,0.18110981022684886,success
915,2000,8,3,2.0,3.7000000000000015,0.1,0.9700000000000004,3.0,4,1,326,173,0,0.5259995401933548,0.18339641264393133,success
916,2000,8,3,2.0,3.7000000000000015,0.1,0.9800000000000004,3.0,4,1,323,176,0,0.5244623905251634,0.18198388392064113,success
917,2000,8,3,2.0,3.7000000000000015,0.1,0.9900000000000004,3.0,4,1,323,176,0,0.5271714147978733,0.18140805685018907,success
918,2000,8,3,2.0,3.7000000000000015,0.1,1.0000000000000004,3.0,4,1,320,179,0,0.5252710801023045,0.18146861343110066,success
919,2000,8,3,2.0,3.8000000000000016,0.1,0.5,3.0,4,0,418,82,0,0.5060470280724141,0.17966874618589196,success
920,2000,8,3,2.0,3.8000000000000016,0.1,0.51,3.0,4,0,415,85,0,0.4989643604128823,0.18234155886075853,success
921,2000,8,3,2.0,3.8000000000000016,0.1,0.52,3.0,4,0,413,87,0,0.49580684455808643,0.18099219005630524,success
923,2000,8,3,2.0,3.8000000000000016,0.1,0.54,3.0,4,0,407,93,0,0.495358278237078,0.18256333145921871,success
922,2000,8,3,2.0,3.8000000000000016,0.1,0.53,3.0,4,0,410,90,0,0.4896926878404025,0.1827913299605207,success
924,2000,8,3,2.0,3.8000000000000016,0.1,0.55,3.0,4,0,407,93,0,0.4953695696328318,0.18257198306092612,success
925,2000,8,3,2.0,3.8000000000000016,0.1,0.56,3.0,4,0,406,94,0,0.4962751271361642,0.18088935031043318,success
926,2000,8,3,2.0,3.8000000000000016,0.1,0.5700000000000001,3.0,4,0,404,96,0,0.49979500486876494,0.17891324177749593,success
927,2000,8,3,2.0,3.8000000000000016,0.1,0.5800000000000001,3.0,4,0,404,96,0,0.5007598910997172,0.17819071290853808,success
928,2000,8,3,2.0,3.8000000000000016,0.1,0.5900000000000001,3.0,4,0,403,97,0,0.5005000341805792,0.17678533456575435,success
929,2000,8,3,2.0,3.8000000000000016,0.1,0.6000000000000001,3.0,4,0,403,97,0,0.5007258396977443,0.17690164357280164,success
930,2000,8,3,2.0,3.8000000000000016,0.1,0.6100000000000001,3.0,4,0,402,98,0,0.49741113431336387,0.17930589024904522,success
931,2000,8,3,2.0,3.8000000000000016,0.1,0.6200000000000001,3.0,4,0,401,99,0,0.4949874203655773,0.18180243807761556,success
932,2000,8,3,2.0,3.8000000000000016,0.1,0.6300000000000001,3.0,4,0,399,101,0,0.4956151414279573,0.183967833939925,success
933,2000,8,3,2.0,3.8000000000000016,0.1,0.6400000000000001,3.0,4,0,399,101,0,0.49594223712593055,0.1836181693459926,success
934,2000,8,3,2.0,3.8000000000000016,0.1,0.6500000000000001,3.0,4,0,398,102,0,0.49784363813345806,0.1832700248528277,success
935,2000,8,3,2.0,3.8000000000000016,0.1,0.6600000000000001,3.0,4,0,397,103,0,0.49675972220116477,0.18242525205708235,success
936,2000,8,3,2.0,3.8000000000000016,0.1,0.6700000000000002,3.0,4,0,395,105,0,0.49543825448651907,0.18213774366064392,success
937,2000,8,3,2.0,3.8000000000000016,0.1,0.6800000000000002,3.0,4,0,393,107,0,0.4952191382837803,0.18139116125136895,success
938,2000,8,3,2.0,3.8000000000000016,0.1,0.6900000000000002,3.0,4,0,391,109,0,0.498085941295746,0.1855644032992569,success
939,2000,8,3,2.0,3.8000000000000016,0.1,0.7000000000000002,3.0,4,0,389,111,0,0.49627857716945434,0.18540873140170055,success
940,2000,8,3,2.0,3.8000000000000016,0.1,0.7100000000000002,3.0,4,0,387,113,0,0.4944758809263519,0.18475018148914588,success
942,2000,8,3,2.0,3.8000000000000016,0.1,0.7300000000000002,3.0,4,0,386,114,0,0.49325256990912525,0.18189255652080386,success
941,2000,8,3,2.0,3.8000000000000016,0.1,0.7200000000000002,3.0,4,0,387,113,0,0.4945754322771471,0.18348272734106955,success
943,2000,8,3,2.0,3.8000000000000016,0.1,0.7400000000000002,3.0,4,0,384,116,0,0.49412470877102993,0.1804002478270242,success
944,2000,8,3,2.0,3.8000000000000016,0.1,0.7500000000000002,3.0,4,0,383,117,0,0.4940447691985975,0.17981613724982895,success
945,2000,8,3,2.0,3.8000000000000016,0.1,0.7600000000000002,3.0,4,0,382,118,0,0.4961373144103203,0.18210581955471442,success
946,2000,8,3,2.0,3.8000000000000016,0.1,0.7700000000000002,3.0,4,0,381,119,0,0.4972119974770477,0.18146067936308352,success
947,2000,8,3,2.0,3.8000000000000016,0.1,0.7800000000000002,3.0,4,0,380,120,0,0.49622213869251774,0.18151585343864787,success
949,2000,8,3,2.0,3.8000000000000016,0.1,0.8000000000000003,3.0,4,0,377,123,0,0.4931547608877984,0.18282492304423686,success
948,2000,8,3,2.0,3.8000000000000016,0.1,0.7900000000000003,3.0,4,0,377,123,0,0.4917699164488397,0.18209076388169898,success
950,2000,8,3,2.0,3.8000000000000016,0.1,0.8100000000000003,3.0,4,0,376,124,0,0.4969257766359736,0.1830158695685545,success
951,2000,8,3,2.0,3.8000000000000016,0.1,0.8200000000000003,3.0,4,0,374,126,0,0.4956900744438236,0.18126567321940024,success
952,2000,8,3,2.0,3.8000000000000016,0.1,0.8300000000000003,3.0,4,0,374,126,0,0.4947688895067376,0.1800605502150066,success
953,2000,8,3,2.0,3.8000000000000016,0.1,0.8400000000000003,3.0,4,0,374,126,0,0.4953301510026544,0.17960331441280725,success
954,2000,8,3,2.0,3.8000000000000016,0.1,0.8500000000000003,3.0,4,0,372,128,0,0.4943178346598419,0.17883115446581052,success
955,2000,8,3,2.0,3.8000000000000016,0.1,0.8600000000000003,3.0,4,0,372,128,0,0.49410873409641975,0.17862846539815722,success
956,2000,8,3,2.0,3.8000000000000016,0.1,0.8700000000000003,3.0,4,0,372,128,0,0.4948143968107868,0.17911954140755712,success
958,2000,8,3,2.0,3.8000000000000016,0.1,0.8900000000000003,3.0,4,0,369,131,0,0.497830678814332,0.17846280544254342,success
957,2000,8,3,2.0,3.8000000000000016,0.1,0.8800000000000003,3.0,4,0,370,130,0,0.49549766006306123,0.17796633509655332,success
959,2000,8,3,2.0,3.8000000000000016,0.1,0.9000000000000004,3.0,4,0,368,132,0,0.49824832933310764,0.17852287505055486,success
960,2000,8,3,2.0,3.8000000000000016,0.1,0.9100000000000004,3.0,4,0,367,133,0,0.5018794147229534,0.17837277821199973,success
961,2000,8,3,2.0,3.8000000000000016,0.1,0.9200000000000004,3.0,4,0,367,133,0,0.505763286801599,0.1760382988754505,success
962,2000,8,3,2.0,3.8000000000000016,0.1,0.9300000000000004,3.0,4,0,365,135,0,0.504650455872385,0.1757011434668952,success
963,2000,8,3,2.0,3.8000000000000016,0.1,0.9400000000000004,3.0,4,0,365,135,0,0.507044000675933,0.17404872444654484,success
964,2000,8,3,2.0,3.8000000000000016,0.1,0.9500000000000004,3.0,4,0,365,135,0,0.5126076645572656,0.1766134809712149,success
965,2000,8,3,2.0,3.8000000000000016,0.1,0.9600000000000004,3.0,4,0,364,136,0,0.5126278254638443,0.17655407048777202,success
966,2000,8,3,2.0,3.8000000000000016,0.1,0.9700000000000004,3.0,4,0,362,138,0,0.5093795903723163,0.17683622511694613,success
968,2000,8,3,2.0,3.8000000000000016,0.1,0.9900000000000004,3.0,4,0,362,138,0,0.5124944308904931,0.17644004420638956,success
967,2000,8,3,2.0,3.8000000000000016,0.1,0.9800000000000004,3.0,4,0,362,138,0,0.5106999875122952,0.1760202305592161,success
969,2000,8,3,2.0,3.8000000000000016,0.1,1.0000000000000004,3.0,4,0,359,141,0,0.5112593478199416,0.17717038262045845,success
970,2000,8,3,2.0,3.9000000000000017,0.1,0.5,3.0,4,0,429,71,0,0.5004237106508395,0.1864097919746238,success
972,2000,8,3,2.0,3.9000000000000017,0.1,0.52,3.0,4,0,424,76,0,0.4853166932490773,0.1899714256529786,success
971,2000,8,3,2.0,3.9000000000000017,0.1,0.51,3.0,4,0,426,74,0,0.4915727433877217,0.18941791603667818,success
973,2000,8,3,2.0,3.9000000000000017,0.1,0.53,3.0,4,0,423,77,0,0.4841606282810315,0.19030881311531725,success
974,2000,8,3,2.0,3.9000000000000017,0.1,0.54,3.0,4,0,420,80,0,0.4881705522040596,0.18832248044216196,success
977,2000,8,3,2.0,3.9000000000000017,0.1,0.5700000000000001,3.0,4,0,417,83,0,0.4887969760926612,0.18717669734430942,success
975,2000,8,3,2.0,3.9000000000000017,0.1,0.55,3.0,4,0,420,80,0,0.4885050515425628,0.18816164643032351,success
976,2000,8,3,2.0,3.9000000000000017,0.1,0.56,3.0,4,0,419,81,0,0.4882473613903501,0.18669909333395238,success
978,2000,8,3,2.0,3.9000000000000017,0.1,0.5800000000000001,3.0,4,0,417,83,0,0.490920131500644,0.18775861069490135,success
979,2000,8,3,2.0,3.9000000000000017,0.1,0.5900000000000001,3.0,4,0,416,84,0,0.4905107250211437,0.18641275995313641,success
981,2000,8,3,2.0,3.9000000000000017,0.1,0.6100000000000001,3.0,4,0,415,85,0,0.4866729883412272,0.18867068823178887,success
980,2000,8,3,2.0,3.9000000000000017,0.1,0.6000000000000001,3.0,4,0,416,84,0,0.4905117945196797,0.1864160977621338,success
982,2000,8,3,2.0,3.9000000000000017,0.1,0.6200000000000001,3.0,4,0,414,86,0,0.4826425168241755,0.19051532690611414,success
984,2000,8,3,2.0,3.9000000000000017,0.1,0.6400000000000001,3.0,4,0,412,88,0,0.48183629228220115,0.19121396798189355,success
983,2000,8,3,2.0,3.9000000000000017,0.1,0.6300000000000001,3.0,4,0,412,88,0,0.4815158216158992,0.19166028241332284,success
986,2000,8,3,2.0,3.9000000000000017,0.1,0.6600000000000001,3.0,4,0,411,89,0,0.4818932420665203,0.1903066792964766,success
985,2000,8,3,2.0,3.9000000000000017,0.1,0.6500000000000001,3.0,4,0,412,88,0,0.48214831062168334,0.19104071208594253,success
988,2000,8,3,2.0,3.9000000000000017,0.1,0.6800000000000002,3.0,4,0,408,92,0,0.48069039694461857,0.18998630892883225,success
987,2000,8,3,2.0,3.9000000000000017,0.1,0.6700000000000002,3.0,4,0,410,90,0,0.48068069165518007,0.1907795877390345,success
989,2000,8,3,2.0,3.9000000000000017,0.1,0.6900000000000002,3.0,4,0,407,93,0,0.48555233136340786,0.19477276520586415,success
990,2000,8,3,2.0,3.9000000000000017,0.1,0.7000000000000002,3.0,4,0,406,94,0,0.4844057797468277,0.19400051279278696,success
991,2000,8,3,2.0,3.9000000000000017,0.1,0.7100000000000002,3.0,4,0,404,96,0,0.4825324485695613,0.19295559786741345,success
992,2000,8,3,2.0,3.9000000000000017,0.1,0.7200000000000002,3.0,4,0,403,97,0,0.4842625474032151,0.19151465889276967,success
993,2000,8,3,2.0,3.9000000000000017,0.1,0.7300000000000002,3.0,4,0,403,97,0,0.48429706614370016,0.19152355685862277,success
994,2000,8,3,2.0,3.9000000000000017,0.1,0.7400000000000002,3.0,4,0,401,99,0,0.4860202225931196,0.1895409657208122,success
995,2000,8,3,2.0,3.9000000000000017,0.1,0.7500000000000002,3.0,4,0,400,100,0,0.485652629291185,0.18875476377730144,success
996,2000,8,3,2.0,3.9000000000000017,0.1,0.7600000000000002,3.0,4,0,399,101,0,0.488133283599512,0.1912504973968629,success
998,2000,8,3,2.0,3.9000000000000017,0.1,0.7800000000000002,3.0,4,0,398,102,0,0.4902050181699986,0.190788046292061,success
997,2000,8,3,2.0,3.9000000000000017,0.1,0.7700000000000002,3.0,4,0,398,102,0,0.4894513794473173,0.19048910137662248,success
999,2000,8,3,2.0,3.9000000000000017,0.1,0.7900000000000003,3.0,4,0,396,104,0,0.48671479390990113,0.19129211389667153,success
1000,2000,8,3,2.0,3.9000000000000017,0.1,0.8000000000000003,3.0,4,0,396,104,0,0.487524993959954,0.1922546797829034,success
1001,2000,8,3,2.0,3.9000000000000017,0.1,0.8100000000000003,3.0,4,0,395,105,0,0.49252433486738134,0.19064137955944882,success
1002,2000,8,3,2.0,3.9000000000000017,0.1,0.8200000000000003,3.0,4,0,395,105,0,0.4949655508281638,0.18846126157244708,success
1003,2000,8,3,2.0,3.9000000000000017,0.1,0.8300000000000003,3.0,4,0,394,106,0,0.4934196739186558,0.18778460292506013,success
1004,2000,8,3,2.0,3.9000000000000017,0.1,0.8400000000000003,3.0,4,0,394,106,0,0.49228394298726924,0.18752812011573958,success
1005,2000,8,3,2.0,3.9000000000000017,0.1,0.8500000000000003,3.0,4,0,393,107,0,0.4904616505917739,0.18760113996944897,success
1006,2000,8,3,2.0,3.9000000000000017,0.1,0.8600000000000003,3.0,4,0,393,107,0,0.4902057894614642,0.1873120002238507,success
1007,2000,8,3,2.0,3.9000000000000017,0.1,0.8700000000000003,3.0,4,0,393,107,0,0.49119425961469704,0.18815088515035952,success
1009,2000,8,3,2.0,3.9000000000000017,0.1,0.8900000000000003,3.0,4,0,393,107,0,0.4928769102344599,0.19003996813901175,success
1010,2000,8,3,2.0,3.9000000000000017,0.1,0.9000000000000004,3.0,4,0,393,107,0,0.49552012032230314,0.18953004575812366,success
1008,2000,8,3,2.0,3.9000000000000017,0.1,0.8800000000000003,3.0,4,0,393,107,0,0.49175210298718086,0.18962917794119952,success
1011,2000,8,3,2.0,3.9000000000000017,0.1,0.9100000000000004,3.0,4,0,392,108,0,0.49850777616451125,0.18848999757595175,success
1012,2000,8,3,2.0,3.9000000000000017,0.1,0.9200000000000004,3.0,4,0,392,108,0,0.5039518943801651,0.18553457569077159,success
1013,2000,8,3,2.0,3.9000000000000017,0.1,0.9300000000000004,3.0,4,0,391,109,0,0.5026777797265806,0.18575828896271102,success
1014,2000,8,3,2.0,3.9000000000000017,0.1,0.9400000000000004,3.0,4,0,391,109,0,0.5053885036992479,0.18422038453672002,success
1015,2000,8,3,2.0,3.9000000000000017,0.1,0.9500000000000004,3.0,4,0,390,110,0,0.5041311103862282,0.18552277722134228,success
1016,2000,8,3,2.0,3.9000000000000017,0.1,0.9600000000000004,3.0,4,0,390,110,0,0.5046317578030288,0.18547726952434473,success
1017,2000,8,3,2.0,3.9000000000000017,0.1,0.9700000000000004,3.0,4,0,388,112,0,0.500155555040701,0.1862795752746155,success
1018,2000,8,3,2.0,3.9000000000000017,0.1,0.9800000000000004,3.0,4,0,388,112,0,0.5014540923164988,0.18522594651465626,success
1019,2000,8,3,2.0,3.9000000000000017,0.1,0.9900000000000004,3.0,4,0,388,112,0,0.502715731222073,0.18561128578673006,success
1020,2000,8,3,2.0,3.9000000000000017,0.1,1.0000000000000004,3.0,4,0,385,115,0,0.5015000453357538,0.18606596855133256,success
1021,2000,8,3,2.0,4.000000000000002,0.1,0.5,3.0,5,1,453,46,0,0.4526055037413259,0.20121312581862755,success
1022,2000,8,3,2.0,4.000000000000002,0.1,0.51,3.0,5,1,452,47,0,0.45056692576018686,0.19950412450716845,success
1023,2000,8,3,2.0,4.000000000000002,0.1,0.52,3.0,5,1,452,47,0,0.45105382737525007,0.19953412703574622,success
1024,2000,8,3,2.0,4.000000000000002,0.1,0.53,3.0,5,1,452,47,0,0.4510538266838633,0.19953412664996617,success
1025,2000,8,3,2.0,4.000000000000002,0.1,0.54,3.0,5,1,451,48,0,0.4528684435552819,0.19779705997570374,success
1026,2000,8,3,2.0,4.000000000000002,0.1,0.55,3.0,5,1,451,48,0,0.4528678725411683,0.19779662134631817,success
1028,2000,8,3,2.0,4.000000000000002,0.1,0.5700000000000001,3.0,5,1,448,51,0,0.4461732340099988,0.19676014684709048,success
1029,2000,8,3,2.0,4.000000000000002,0.1,0.5800000000000001,3.0,5,1,447,52,0,0.45187521428351857,0.19427986951359058,success
1027,2000,8,3,2.0,4.000000000000002,0.1,0.56,3.0,5,1,450,49,0,0.45428740702643805,0.19632095779517383,success
1030,2000,8,3,2.0,4.000000000000002,0.1,0.5900000000000001,3.0,5,1,446,53,0,0.45358039009434287,0.19732200926259244,success
1031,2000,8,3,2.0,4.000000000000002,0.1,0.6000000000000001,3.0,5,1,446,53,0,0.4535809645815194,0.19732268353350552,success
1032,2000,8,3,2.0,4.000000000000002,0.1,0.6100000000000001,3.0,5,1,445,54,0,0.4475517037372391,0.20041809380318984,success
1033,2000,8,3,2.0,4.000000000000002,0.1,0.6200000000000001,3.0,5,1,445,54,0,0.4483410275225163,0.1994197944406703,success
1034,2000,8,3,2.0,4.000000000000002,0.1,0.6300000000000001,3.0,5,1,444,55,0,0.4468009074812403,0.1978945823259595,success
1035,2000,8,3,2.0,4.000000000000002,0.1,0.6400000000000001,3.0,5,1,443,56,0,0.44361137647009147,0.1980816569990538,success
1036,2000,8,3,2.0,4.000000000000002,0.1,0.6500000000000001,3.0,5,1,442,57,0,0.4447541454105499,0.19649461060730894,success
1037,2000,8,3,2.0,4.000000000000002,0.1,0.6600000000000001,3.0,5,1,440,59,0,0.4394294440114067,0.19542406859148606,success
1038,2000,8,3,2.0,4.000000000000002,0.1,0.6700000000000002,3.0,5,1,438,61,0,0.4415345973729423,0.19354698281372137,success
1040,2000,8,3,2.0,4.000000000000002,0.1,0.6900000000000002,3.0,5,1,436,63,0,0.4372721872670442,0.19507678958445776,success
1039,2000,8,3,2.0,4.000000000000002,0.1,0.6800000000000002,3.0,5,1,438,61,0,0.44630326988042845,0.19137880153989736,success
1042,2000,8,3,2.0,4.000000000000002,0.1,0.7100000000000002,3.0,5,1,434,65,0,0.43075196980279146,0.19555859306658863,success
1041,2000,8,3,2.0,4.000000000000002,0.1,0.7000000000000002,3.0,5,1,434,65,0,0.43067527140508444,0.1954042728798774,success
1043,2000,8,3,2.0,4.000000000000002,0.1,0.7200000000000002,3.0,5,1,434,65,0,0.4310320684518681,0.19541430042118219,success
1045,2000,8,3,2.0,4.000000000000002,0.1,0.7400000000000002,3.0,5,1,432,67,0,0.42763396894124384,0.19461312884531293,success
1044,2000,8,3,2.0,4.000000000000002,0.1,0.7300000000000002,3.0,5,1,432,67,0,0.42763386741106946,0.19461303035100705,success
1046,2000,8,3,2.0,4.000000000000002,0.1,0.7500000000000002,3.0,5,1,432,67,0,0.427634870467938,0.194614658048073,success
1049,2000,8,3,2.0,4.000000000000002,0.1,0.7800000000000002,3.0,5,1,429,70,0,0.43243638167330556,0.1957704472993017,success
1047,2000,8,3,2.0,4.000000000000002,0.1,0.7600000000000002,3.0,5,1,432,67,0,0.43169478201947187,0.19889284356124573,success
1048,2000,8,3,2.0,4.000000000000002,0.1,0.7700000000000002,3.0,5,1,431,68,0,0.4327986755462372,0.1985722568589892,success
1050,2000,8,3,2.0,4.000000000000002,0.1,0.7900000000000003,3.0,5,1,429,70,0,0.4319625383753324,0.1949664974330074,success
1051,2000,8,3,2.0,4.000000000000002,0.1,0.8000000000000003,3.0,5,1,429,70,0,0.4362153575089904,0.1939600618881778,success
1053,2000,8,3,2.0,4.000000000000002,0.1,0.8200000000000003,3.0,5,1,425,74,0,0.4320401652766255,0.19363248741765177,success
1052,2000,8,3,2.0,4.000000000000002,0.1,0.8100000000000003,3.0,5,1,426,73,0,0.4326642656172254,0.1912371216264141,success
1054,2000,8,3,2.0,4.000000000000002,0.1,0.8300000000000003,3.0,5,1,424,75,0,0.428925523081011,0.19450595932282877,success
1055,2000,8,3,2.0,4.000000000000002,0.1,0.8400000000000003,3.0,5,1,424,75,0,0.4295297308292577,0.19410866539166946,success
1056,2000,8,3,2.0,4.000000000000002,0.1,0.8500000000000003,3.0,5,1,423,76,0,0.4326670318003688,0.1929914222177305,success
1057,2000,8,3,2.0,4.000000000000002,0.1,0.8600000000000003,3.0,5,1,423,76,0,0.43302445701523734,0.19309068963854858,success
1058,2000,8,3,2.0,4.000000000000002,0.1,0.8700000000000003,3.0,5,1,423,76,0,0.43302445694839986,0.1930906897003582,success
1060,2000,8,3,2.0,4.000000000000002,0.1,0.8900000000000003,3.0,5,1,421,78,0,0.4385330032359556,0.1927786455461735,success
1059,2000,8,3,2.0,4.000000000000002,0.1,0.8800000000000003,3.0,5,1,423,76,0,0.4342367823323652,0.19363869129050953,success
1061,2000,8,3,2.0,4.000000000000002,0.1,0.9000000000000004,3.0,5,1,418,81,0,0.44002746915746555,0.1917883659985526,success
1062,2000,8,3,2.0,4.000000000000002,0.1,0.9100000000000004,3.0,5,1,417,82,0,0.43967018769579297,0.19055754237334913,success
1063,2000,8,3,2.0,4.000000000000002,0.1,0.9200000000000004,3.0,5,1,416,83,0,0.43800735615580205,0.189996950762439,success
1064,2000,8,3,2.0,4.000000000000002,0.1,0.9300000000000004,3.0,5,1,416,83,0,0.43800735695965015,0.1899969511667814,success
1065,2000,8,3,2.0,4.000000000000002,0.1,0.9400000000000004,3.0,5,1,413,86,0,0.4368841144577566,0.19017875718983498,success
1066,2000,8,3,2.0,4.000000000000002,0.1,0.9500000000000004,3.0,5,1,412,87,0,0.4347334648087487,0.1900174801353598,success
1067,2000,8,3,2.0,4.000000000000002,0.1,0.9600000000000004,3.0,5,1,411,88,0,0.43223312755983473,0.19037514258748492,success
1068,2000,8,3,2.0,4.000000000000002,0.1,0.9700000000000004,3.0,5,1,411,88,0,0.4322331514942929,0.19037514310622575,success
1070,2000,8,3,2.0,4.000000000000002,0.1,0.9900000000000004,3.0,5,1,407,92,0,0.4264188437348116,0.19373697238355503,success
1069,2000,8,3,2.0,4.000000000000002,0.1,0.9800000000000004,3.0,5,1,410,89,0,0.4288046103694263,0.19203394315052352,success
1073,2000,8,3,2.0,4.100000000000001,0.1,0.51,3.0,5,1,454,45,0,0.45835142979368204,0.1997127499179624,success
1071,2000,8,3,2.0,4.000000000000002,0.1,1.0000000000000004,3.0,5,1,406,93,0,0.4243314028606028,0.1941633131796345,success
1072,2000,8,3,2.0,4.100000000000001,0.1,0.5,3.0,5,1,455,44,0,0.4606595909565433,0.20141357968193097,success
1074,2000,8,3,2.0,4.100000000000001,0.1,0.52,3.0,5,1,454,45,0,0.4588600182751604,0.19972376980274378,success
1075,2000,8,3,2.0,4.100000000000001,0.1,0.53,3.0,5,1,454,45,0,0.4588600175530453,0.1997237694286765,success
1077,2000,8,3,2.0,4.100000000000001,0.1,0.55,3.0,5,1,453,46,0,0.4605792056996187,0.1978357794197793,success
1076,2000,8,3,2.0,4.100000000000001,0.1,0.54,3.0,5,1,453,46,0,0.46057982418522725,0.19783623047892143,success
1079,2000,8,3,2.0,4.100000000000001,0.1,0.5700000000000001,3.0,5,1,450,49,0,0.4531387560398639,0.1970184771307786,success
1078,2000,8,3,2.0,4.100000000000001,0.1,0.56,3.0,5,1,452,47,0,0.461895072833197,0.19623999733916145,success
1080,2000,8,3,2.0,4.100000000000001,0.1,0.5800000000000001,3.0,5,1,449,50,0,0.45892950447997904,0.19422076968624913,success
1081,2000,8,3,2.0,4.100000000000001,0.1,0.5900000000000001,3.0,5,1,448,51,0,0.4602971019220942,0.197468371590915,success
1082,2000,8,3,2.0,4.100000000000001,0.1,0.6000000000000001,3.0,5,1,448,51,0,0.4602980114293925,0.1974695618014628,success
1083,2000,8,3,2.0,4.100000000000001,0.1,0.6100000000000001,3.0,5,1,447,52,0,0.4539077029556328,0.2008881767378298,success
1084,2000,8,3,2.0,4.100000000000001,0.1,0.6200000000000001,3.0,5,1,447,52,0,0.45391944057444056,0.20090742378193333,success
1085,2000,8,3,2.0,4.100000000000001,0.1,0.6300000000000001,3.0,5,1,446,53,0,0.45221594850657576,0.19935237119397015,success
1086,2000,8,3,2.0,4.100000000000001,0.1,0.6400000000000001,3.0,5,1,445,54,0,0.4488080065132764,0.199607817990377,success
1087,2000,8,3,2.0,4.100000000000001,0.1,0.6500000000000001,3.0,5,1,444,55,0,0.44989784652654,0.19791606680612273,success
1088,2000,8,3,2.0,4.100000000000001,0.1,0.6600000000000001,3.0,5,1,442,57,0,0.44420604272935665,0.19690602644614674,success
1089,2000,8,3,2.0,4.100000000000001,0.1,0.6700000000000002,3.0,5,1,440,59,0,0.4462269518302276,0.1948746986985517,success
1090,2000,8,3,2.0,4.100000000000001,0.1,0.6800000000000002,3.0,5,1,440,59,0,0.4495470449972522,0.19173759965328036,success
1094,2000,8,3,2.0,4.100000000000001,0.1,0.7200000000000002,3.0,5,1,438,61,0,0.44277864368686953,0.1921971082371521,success
1091,2000,8,3,2.0,4.100000000000001,0.1,0.6900000000000002,3.0,5,1,439,60,0,0.4455960728490013,0.1925535825377477,success
1092,2000,8,3,2.0,4.100000000000001,0.1,0.7000000000000002,3.0,5,1,438,61,0,0.44242875650647945,0.1922554817842315,success
1093,2000,8,3,2.0,4.100000000000001,0.1,0.7100000000000002,3.0,5,1,438,61,0,0.4424801816390042,0.19237210889586773,success
1095,2000,8,3,2.0,4.100000000000001,0.1,0.7300000000000002,3.0,5,1,436,63,0,0.4387918659834691,0.19166217504018454,success
1096,2000,8,3,2.0,4.100000000000001,0.1,0.7400000000000002,3.0,5,1,436,63,0,0.43879197396000374,0.19166227511576678,success
1097,2000,8,3,2.0,4.100000000000001,0.1,0.7500000000000002,3.0,5,1,436,63,0,0.43879284047965833,0.19166383111833177,success
1098,2000,8,3,2.0,4.100000000000001,0.1,0.7600000000000002,3.0,5,1,436,63,0,0.4418137331087141,0.19591656201201468,success
1099,2000,8,3,2.0,4.100000000000001,0.1,0.7700000000000002,3.0,5,1,435,64,0,0.4428357724137292,0.19557204647028784,success
1100,2000,8,3,2.0,4.100000000000001,0.1,0.7800000000000002,3.0,5,1,434,65,0,0.44301618876982,0.19404094499647603,success
1101,2000,8,3,2.0,4.100000000000001,0.1,0.7900000000000003,3.0,5,1,434,65,0,0.44248782107843204,0.19316482446708294,success
1102,2000,8,3,2.0,4.100000000000001,0.1,0.8000000000000003,3.0,5,1,434,65,0,0.4470677800198789,0.19181032478187526,success
1103,2000,8,3,2.0,4.100000000000001,0.1,0.8100000000000003,3.0,5,1,431,68,0,0.4420391435814571,0.19002326965557098,success
1104,2000,8,3,2.0,4.100000000000001,0.1,0.8200000000000003,3.0,5,1,430,69,0,0.4412339537443231,0.19266326061690886,success
1106,2000,8,3,2.0,4.100000000000001,0.1,0.8400000000000003,3.0,5,1,429,70,0,0.43811217590325696,0.19346084565988425,success
1105,2000,8,3,2.0,4.100000000000001,0.1,0.8300000000000003,3.0,5,1,429,70,0,0.43746481044372293,0.19391731658626,success
1107,2000,8,3,2.0,4.100000000000001,0.1,0.8500000000000003,3.0,5,1,428,71,0,0.4413721978565945,0.1921634316892723,success
1108,2000,8,3,2.0,4.100000000000001,0.1,0.8600000000000003,3.0,5,1,428,71,0,0.44196072658172153,0.19205969744998605,success
1109,2000,8,3,2.0,4.100000000000001,0.1,0.8700000000000003,3.0,5,1,428,71,0,0.4419607265426451,0.1920596974713037,success
1110,2000,8,3,2.0,4.100000000000001,0.1,0.8800000000000003,3.0,5,1,428,71,0,0.4432762591075141,0.19261913162183011,success
1111,2000,8,3,2.0,4.100000000000001,0.1,0.8900000000000003,3.0,5,1,426,73,0,0.4470736379332351,0.1916976817890984,success
1112,2000,8,3,2.0,4.100000000000001,0.1,0.9000000000000004,3.0,5,1,424,75,0,0.4506367213106299,0.19082918465719845,success
1113,2000,8,3,2.0,4.100000000000001,0.1,0.9100000000000004,3.0,5,1,423,76,0,0.4501116503156978,0.18953121234889178,success
1114,2000,8,3,2.0,4.100000000000001,0.1,0.9200000000000004,3.0,5,1,422,77,0,0.44818364407888045,0.1890387435693597,success
1115,2000,8,3,2.0,4.100000000000001,0.1,0.9300000000000004,3.0,5,1,422,77,0,0.4481836449453662,0.18903874396057702,success
1117,2000,8,3,2.0,4.100000000000001,0.1,0.9500000000000004,3.0,5,1,420,79,0,0.44855656982092107,0.18960407066534712,success
1116,2000,8,3,2.0,4.100000000000001,0.1,0.9400000000000004,3.0,5,1,421,78,0,0.451109399936604,0.1895864205284225,success
1118,2000,8,3,2.0,4.100000000000001,0.1,0.9600000000000004,3.0,5,1,419,80,0,0.4456334100344634,0.1902084361887789,success
1119,2000,8,3,2.0,4.100000000000001,0.1,0.9700000000000004,3.0,5,1,419,80,0,0.4456334255608903,0.19020844777706294,success
1120,2000,8,3,2.0,4.100000000000001,0.1,0.9800000000000004,3.0,5,1,418,81,0,0.4417008276080338,0.19230108727600154,success
1121,2000,8,3,2.0,4.100000000000001,0.1,0.9900000000000004,3.0,5,1,416,83,0,0.43558519735379647,0.1942425200384826,success
1122,2000,8,3,2.0,4.100000000000001,0.1,1.0000000000000004,3.0,5,1,415,84,0,0.4360078375183564,0.1931075231190393,success
1124,2000,8,3,2.0,4.200000000000002,0.1,0.51,3.0,5,1,454,45,0,0.4563396905677793,0.1975331798490654,success
1123,2000,8,3,2.0,4.200000000000002,0.1,0.5,3.0,5,1,455,44,0,0.45860213038459724,0.1992262326950109,success
1126,2000,8,3,2.0,4.200000000000002,0.1,0.53,3.0,5,1,454,45,0,0.45684828253950893,0.1975496165715551,success
1125,2000,8,3,2.0,4.200000000000002,0.1,0.52,3.0,5,1,454,45,0,0.456848283261624,0.19754961695725992,success
1127,2000,8,3,2.0,4.200000000000002,0.1,0.54,3.0,5,1,453,46,0,0.45861603088167496,0.19571501951411638,success
1128,2000,8,3,2.0,4.200000000000002,0.1,0.55,3.0,5,1,453,46,0,0.45861541239606657,0.1957145572224932,success
1129,2000,8,3,2.0,4.200000000000002,0.1,0.56,3.0,5,1,452,47,0,0.4596995998628031,0.19371819744192217,success
1130,2000,8,3,2.0,4.200000000000002,0.1,0.5700000000000001,3.0,5,1,450,49,0,0.4510429388896895,0.19452874550268495,success
1131,2000,8,3,2.0,4.200000000000002,0.1,0.5800000000000001,3.0,5,1,450,49,0,0.4554741296196087,0.19353899972079336,success
1133,2000,8,3,2.0,4.200000000000002,0.1,0.6000000000000001,3.0,5,1,449,50,0,0.4569385988684937,0.19690250853169503,success
1132,2000,8,3,2.0,4.200000000000002,0.1,0.5900000000000001,3.0,5,1,449,50,0,0.45693794696981677,0.19690235038556897,success
1135,2000,8,3,2.0,4.200000000000002,0.1,0.6200000000000001,3.0,5,1,448,51,0,0.4505499390388535,0.20040062546693038,success
1136,2000,8,3,2.0,4.200000000000002,0.1,0.6300000000000001,3.0,5,1,447,52,0,0.44887838198568086,0.1987918913016729,success
1134,2000,8,3,2.0,4.200000000000002,0.1,0.6100000000000001,3.0,5,1,448,51,0,0.4505500263605054,0.2004006700093342,success
1137,2000,8,3,2.0,4.200000000000002,0.1,0.6400000000000001,3.0,5,1,446,53,0,0.44461076856391857,0.1993088968480468,success
1138,2000,8,3,2.0,4.200000000000002,0.1,0.6500000000000001,3.0,5,1,445,54,0,0.4457985174283419,0.19761251814890837,success
1139,2000,8,3,2.0,4.200000000000002,0.1,0.6600000000000001,3.0,5,1,443,56,0,0.44015139144848875,0.19647476716573062,success
1141,2000,8,3,2.0,4.200000000000002,0.1,0.6800000000000002,3.0,5,1,441,58,0,0.44570015004163893,0.19133483470434573,success
1140,2000,8,3,2.0,4.200000000000002,0.1,0.6700000000000002,3.0,5,1,441,58,0,0.44232281389519457,0.19446465193776594,success
1142,2000,8,3,2.0,4.200000000000002,0.1,0.6900000000000002,3.0,5,1,441,58,0,0.4457002364061749,0.19133491983499532,success
1143,2000,8,3,2.0,4.200000000000002,0.1,0.7000000000000002,3.0,5,1,440,59,0,0.44242526494128415,0.19104674714083927,success
1144,2000,8,3,2.0,4.200000000000002,0.1,0.7100000000000002,3.0,5,1,440,59,0,0.4445384514644052,0.1946020205365184,success
1145,2000,8,3,2.0,4.200000000000002,0.1,0.7200000000000002,3.0,5,1,440,59,0,0.44484703092608724,0.19441972761027707,success
1147,2000,8,3,2.0,4.200000000000002,0.1,0.7400000000000002,3.0,5,1,439,60,0,0.4431009401031584,0.19452403736844576,success
1146,2000,8,3,2.0,4.200000000000002,0.1,0.7300000000000002,3.0,5,1,439,60,0,0.44310082672779705,0.19452393630538975,success
1148,2000,8,3,2.0,4.200000000000002,0.1,0.7500000000000002,3.0,5,1,439,60,0,0.4431008312243288,0.1945238554687921,success
1149,2000,8,3,2.0,4.200000000000002,0.1,0.7600000000000002,3.0,5,1,439,60,0,0.4462746791097551,0.19885833202360714,success
1151,2000,8,3,2.0,4.200000000000002,0.1,0.7800000000000002,3.0,5,1,437,62,0,0.4460418527066891,0.19559287983860701,success
1150,2000,8,3,2.0,4.200000000000002,0.1,0.7700000000000002,3.0,5,1,438,61,0,0.4459021306171509,0.19721567896112824,success
1152,2000,8,3,2.0,4.200000000000002,0.1,0.7900000000000003,3.0,5,1,437,62,0,0.4454961444890109,0.19470357861225332,success
1153,2000,8,3,2.0,4.200000000000002,0.1,0.8000000000000003,3.0,5,1,437,62,0,0.4492584224070806,0.1937239183793292,success
1154,2000,8,3,2.0,4.200000000000002,0.1,0.8100000000000003,3.0,5,1,434,65,0,0.4434707039230779,0.19196241058098892,success
1155,2000,8,3,2.0,4.200000000000002,0.1,0.8200000000000003,3.0,5,1,433,66,0,0.44261253005257534,0.1946754405285998,success
1156,2000,8,3,2.0,4.200000000000002,0.1,0.8300000000000003,3.0,5,1,432,67,0,0.43865404171711264,0.19596876835176047,success
1157,2000,8,3,2.0,4.200000000000002,0.1,0.8400000000000003,3.0,5,1,432,67,0,0.4393303934221352,0.19549230354163702,success
1159,2000,8,3,2.0,4.200000000000002,0.1,0.8600000000000003,3.0,5,1,431,68,0,0.44120614011460985,0.1952481348062788,success
1158,2000,8,3,2.0,4.200000000000002,0.1,0.8500000000000003,3.0,5,1,431,68,0,0.4405907337052919,0.19535183034887738,success
1160,2000,8,3,2.0,4.200000000000002,0.1,0.8700000000000003,3.0,5,1,431,68,0,0.44120635033360367,0.19524820954822564,success
1161,2000,8,3,2.0,4.200000000000002,0.1,0.8800000000000003,3.0,5,1,431,68,0,0.4429444574769998,0.19656888592256674,success
1162,2000,8,3,2.0,4.200000000000002,0.1,0.8900000000000003,3.0,5,1,430,69,0,0.4438628035427555,0.19526331554788817,success
1163,2000,8,3,2.0,4.200000000000002,0.1,0.9000000000000004,3.0,5,1,428,71,0,0.44770232104576463,0.1942889587484929,success
1164,2000,8,3,2.0,4.200000000000002,0.1,0.9100000000000004,3.0,5,1,428,71,0,0.44828771226131314,0.1939625811146636,success
1166,2000,8,3,2.0,4.200000000000002,0.1,0.9300000000000004,3.0,5,1,427,72,0,0.4462518181455855,0.193366614958739,success
1167,2000,8,3,2.0,4.200000000000002,0.1,0.9400000000000004,3.0,5,1,426,73,0,0.44939432977805943,0.19389649887258523,success
1168,2000,8,3,2.0,4.200000000000002,0.1,0.9500000000000004,3.0,5,1,425,74,0,0.4466945594157192,0.1938362451672827,success
1165,2000,8,3,2.0,4.200000000000002,0.1,0.9200000000000004,3.0,5,1,427,72,0,0.4462518180594654,0.19336661484946455,success
1169,2000,8,3,2.0,4.200000000000002,0.1,0.9600000000000004,3.0,5,1,424,75,0,0.44360221444594394,0.19437988922893182,success
1170,2000,8,3,2.0,4.200000000000002,0.1,0.9700000000000004,3.0,5,1,424,75,0,0.4436022292223609,0.19437990068220232,success
1171,2000,8,3,2.0,4.200000000000002,0.1,0.9800000000000004,3.0,5,1,423,76,0,0.4394376339875801,0.1964634878708069,success
1172,2000,8,3,2.0,4.200000000000002,0.1,0.9900000000000004,3.0,5,1,421,78,0,0.43298744236284137,0.19830139942718075,success
1174,2000,8,3,2.0,4.3000000000000025,0.1,0.5,3.0,5,1,456,43,0,0.4616584047433803,0.20071477848163516,success
1173,2000,8,3,2.0,4.200000000000002,0.1,1.0000000000000004,3.0,5,1,420,79,0,0.43346971487948155,0.19707258324530444,success
1175,2000,8,3,2.0,4.3000000000000025,0.1,0.51,3.0,5,1,455,44,0,0.45715684820555746,0.2006019414678167,success
1176,2000,8,3,2.0,4.3000000000000025,0.1,0.52,3.0,5,1,455,44,0,0.45767459313541664,0.2006115370313983,success
1177,2000,8,3,2.0,4.3000000000000025,0.1,0.53,3.0,5,1,455,44,0,0.45767459239688985,0.20061153664586015,success
1178,2000,8,3,2.0,4.3000000000000025,0.1,0.54,3.0,5,1,454,45,0,0.4594632029322615,0.19868658340485065,success
1179,2000,8,3,2.0,4.3000000000000025,0.1,0.55,3.0,5,1,454,45,0,0.4594625695768512,0.19868612036154745,success
1180,2000,8,3,2.0,4.3000000000000025,0.1,0.56,3.0,5,1,453,46,0,0.46055189891052445,0.19660497475540797,success
1181,2000,8,3,2.0,4.3000000000000025,0.1,0.5700000000000001,3.0,5,1,451,48,0,0.4516793780213432,0.19733246473143456,success
1182,2000,8,3,2.0,4.3000000000000025,0.1,0.5800000000000001,3.0,5,1,451,48,0,0.45618273192484454,0.19558375171433423,success
1183,2000,8,3,2.0,4.3000000000000025,0.1,0.5900000000000001,3.0,5,1,450,49,0,0.4576627630719557,0.19893511074609113,success
1184,2000,8,3,2.0,4.3000000000000025,0.1,0.6000000000000001,3.0,5,1,450,49,0,0.4576634344319546,0.19893527444075124,success
1185,2000,8,3,2.0,4.3000000000000025,0.1,0.6100000000000001,3.0,5,1,449,50,0,0.4511328922003635,0.2024495824819618,success
1186,2000,8,3,2.0,4.3000000000000025,0.1,0.6200000000000001,3.0,5,1,449,50,0,0.4511328031322786,0.20244953775219135,success
1188,2000,8,3,2.0,4.3000000000000025,0.1,0.6400000000000001,3.0,5,1,447,52,0,0.44505700096618833,0.20128274143867023,success
1187,2000,8,3,2.0,4.3000000000000025,0.1,0.6300000000000001,3.0,5,1,448,51,0,0.449417041742898,0.2007889568235849,success
1189,2000,8,3,2.0,4.3000000000000025,0.1,0.6500000000000001,3.0,5,1,446,53,0,0.44625873537436556,0.19952983015918488,success
1190,2000,8,3,2.0,4.3000000000000025,0.1,0.6600000000000001,3.0,5,1,444,55,0,0.4404935727732853,0.19832515524526456,success
1191,2000,8,3,2.0,4.3000000000000025,0.1,0.6700000000000002,3.0,5,1,442,57,0,0.4443429426724228,0.19571434079991604,success
1193,2000,8,3,2.0,4.3000000000000025,0.1,0.6900000000000002,3.0,5,1,442,57,0,0.44777960412744194,0.1925116808715393,success
1192,2000,8,3,2.0,4.3000000000000025,0.1,0.6800000000000002,3.0,5,1,442,57,0,0.4477795303302508,0.1925116080575387,success
1195,2000,8,3,2.0,4.3000000000000025,0.1,0.7100000000000002,3.0,5,1,441,58,0,0.44656284065125695,0.19580850884074769,success
1194,2000,8,3,2.0,4.3000000000000025,0.1,0.7000000000000002,3.0,5,1,441,58,0,0.44441232438805084,0.19223536848205486,success
1197,2000,8,3,2.0,4.3000000000000025,0.1,0.7300000000000002,3.0,5,1,440,59,0,0.4424110094370242,0.19693731173772214,success
1196,2000,8,3,2.0,4.3000000000000025,0.1,0.7200000000000002,3.0,5,1,441,58,0,0.4468766923287105,0.19562078622089318,success
1198,2000,8,3,2.0,4.3000000000000025,0.1,0.7400000000000002,3.0,5,1,440,59,0,0.4424110094370272,0.19693731173772053,success
1199,2000,8,3,2.0,4.3000000000000025,0.1,0.7500000000000002,3.0,5,1,440,59,0,0.44238826414589594,0.1969069953188355,success
1201,2000,8,3,2.0,4.3000000000000025,0.1,0.7700000000000002,3.0,5,1,440,59,0,0.445677296971014,0.20138597577904946,success
1200,2000,8,3,2.0,4.3000000000000025,0.1,0.7600000000000002,3.0,5,1,440,59,0,0.4456772929680904,0.20138597944211592,success
1202,2000,8,3,2.0,4.3000000000000025,0.1,0.7800000000000002,3.0,5,1,439,60,0,0.44582917367683633,0.1996755305821785,success
1203,2000,8,3,2.0,4.3000000000000025,0.1,0.7900000000000003,3.0,5,1,439,60,0,0.44526492449195104,0.19877372758069994,success
1204,2000,8,3,2.0,4.3000000000000025,0.1,0.8000000000000003,3.0,5,1,439,60,0,0.44817214804385735,0.19720853160724894,success
1205,2000,8,3,2.0,4.3000000000000025,0.1,0.8100000000000003,3.0,5,1,436,63,0,0.4422524198157541,0.19521877252528239,success
1206,2000,8,3,2.0,4.3000000000000025,0.1,0.8200000000000003,3.0,5,1,436,63,0,0.44466401838736797,0.19708697834258815,success
1207,2000,8,3,2.0,4.3000000000000025,0.1,0.8300000000000003,3.0,5,1,435,64,0,0.44048792092927447,0.19842847100004468,success
1208,2000,8,3,2.0,4.3000000000000025,0.1,0.8400000000000003,3.0,5,1,435,64,0,0.44119597662047005,0.19792876974399956,success
1210,2000,8,3,2.0,4.3000000000000025,0.1,0.8600000000000003,3.0,5,1,434,65,0,0.4400858842440452,0.19727646350644618,success
1209,2000,8,3,2.0,4.3000000000000025,0.1,0.8500000000000003,3.0,5,1,434,65,0,0.4397833687893825,0.19738897068997013,success
1211,2000,8,3,2.0,4.3000000000000025,0.1,0.8700000000000003,3.0,5,1,434,65,0,0.4400861041045422,0.19727654219399116,success
1213,2000,8,3,2.0,4.3000000000000025,0.1,0.8900000000000003,3.0,5,1,433,66,0,0.4428452286905376,0.19720234366162526,success
1212,2000,8,3,2.0,4.3000000000000025,0.1,0.8800000000000003,3.0,5,1,434,65,0,0.4418688777509872,0.1985803393988935,success
1214,2000,8,3,2.0,4.3000000000000025,0.1,0.9000000000000004,3.0,5,1,431,68,0,0.4440683323811476,0.19678841240317846,success
1215,2000,8,3,2.0,4.3000000000000025,0.1,0.9100000000000004,3.0,5,1,431,68,0,0.44464283495082,0.1963945340537922,success
1216,2000,8,3,2.0,4.3000000000000025,0.1,0.9200000000000004,3.0,5,1,430,69,0,0.4425705336238327,0.19570361628834915,success
1217,2000,8,3,2.0,4.3000000000000025,0.1,0.9300000000000004,3.0,5,1,430,69,0,0.44257072349990134,0.19570383475794226,success
1218,2000,8,3,2.0,4.3000000000000025,0.1,0.9400000000000004,3.0,5,1,430,69,0,0.44247199426181033,0.19559133481315044,success
1219,2000,8,3,2.0,4.3000000000000025,0.1,0.9500000000000004,3.0,5,1,429,70,0,0.4397144205451788,0.19539795540508548,success
1220,2000,8,3,2.0,4.3000000000000025,0.1,0.9600000000000004,3.0,5,1,428,71,0,0.4365462516730856,0.19582977649797562,success
1222,2000,8,3,2.0,4.3000000000000025,0.1,0.9800000000000004,3.0,5,1,427,72,0,0.4322482897243377,0.19783627813557825,success
1221,2000,8,3,2.0,4.3000000000000025,0.1,0.9700000000000004,3.0,5,1,428,71,0,0.4365462516730853,0.19582977649797598,success
1223,2000,8,3,2.0,4.3000000000000025,0.1,0.9900000000000004,3.0,5,1,425,74,0,0.4256440292864054,0.19948001523780512,success
1224,2000,8,3,2.0,4.3000000000000025,0.1,1.0000000000000004,3.0,5,1,425,74,0,0.4256452612819582,0.1994815329110899,success
1225,2000,8,3,2.0,4.400000000000002,0.1,0.5,3.0,5,1,459,40,0,0.466471062147213,0.19528735647280956,success
1226,2000,8,3,2.0,4.400000000000002,0.1,0.51,3.0,5,1,458,41,0,0.4615227415357973,0.19541657286671113,success
1227,2000,8,3,2.0,4.400000000000002,0.1,0.52,3.0,5,1,458,41,0,0.46207831520778836,0.1954144021214552,success
1228,2000,8,3,2.0,4.400000000000002,0.1,0.53,3.0,5,1,458,41,0,0.46207831520778153,0.19541440212146083,success
1229,2000,8,3,2.0,4.400000000000002,0.1,0.54,3.0,5,1,457,42,0,0.4638851578462459,0.19337144722064428,success
1230,2000,8,3,2.0,4.400000000000002,0.1,0.55,3.0,5,1,457,42,0,0.4638845587880274,0.1933710155739683,success
1231,2000,8,3,2.0,4.400000000000002,0.1,0.56,3.0,5,1,457,42,0,0.46388461897293837,0.19337104327523175,success
1232,2000,8,3,2.0,4.400000000000002,0.1,0.5700000000000001,3.0,5,1,455,44,0,0.4540540157923126,0.19447309028204088,success
1233,2000,8,3,2.0,4.400000000000002,0.1,0.5800000000000001,3.0,5,1,455,44,0,0.4589667659049246,0.192465156586935,success
1234,2000,8,3,2.0,4.400000000000002,0.1,0.5900000000000001,3.0,5,1,454,45,0,0.4547554882763551,0.19316861756740505,success
1236,2000,8,3,2.0,4.400000000000002,0.1,0.6100000000000001,3.0,5,1,453,46,0,0.4476711257695014,0.197020918382314,success
1235,2000,8,3,2.0,4.400000000000002,0.1,0.6000000000000001,3.0,5,1,454,45,0,0.45477816034758467,0.19319055862625106,success
1237,2000,8,3,2.0,4.400000000000002,0.1,0.6200000000000001,3.0,5,1,453,46,0,0.4476710289563657,0.19702086659567328,success
1238,2000,8,3,2.0,4.400000000000002,0.1,0.6300000000000001,3.0,5,1,452,47,0,0.4458830077639965,0.19525273149059375,success
1239,2000,8,3,2.0,4.400000000000002,0.1,0.6400000000000001,3.0,5,1,451,48,0,0.4412332559637882,0.19583369380475008,success
1240,2000,8,3,2.0,4.400000000000002,0.1,0.6500000000000001,3.0,5,1,450,49,0,0.4415710166298616,0.1937974455921623,success
1241,2000,8,3,2.0,4.400000000000002,0.1,0.6600000000000001,3.0,5,1,448,51,0,0.4355355768397924,0.1925343216257584,success
1242,2000,8,3,2.0,4.400000000000002,0.1,0.6700000000000002,3.0,5,1,446,53,0,0.4394021081266385,0.19004768297031918,success
1243,2000,8,3,2.0,4.400000000000002,0.1,0.6800000000000002,3.0,5,1,446,53,0,0.4430980608907176,0.18658869317495402,success
1245,2000,8,3,2.0,4.400000000000002,0.1,0.7000000000000002,3.0,5,1,445,54,0,0.4391290797621462,0.18710816354902485,success
1244,2000,8,3,2.0,4.400000000000002,0.1,0.6900000000000002,3.0,5,1,446,53,0,0.44309804811072107,0.18658869033716252,success
1246,2000,8,3,2.0,4.400000000000002,0.1,0.7100000000000002,3.0,5,1,445,54,0,0.441436976733887,0.19111374684959528,success
1247,2000,8,3,2.0,4.400000000000002,0.1,0.7200000000000002,3.0,5,1,445,54,0,0.4417740769188238,0.19091608519200387,success
1248,2000,8,3,2.0,4.400000000000002,0.1,0.7300000000000002,3.0,5,1,444,55,0,0.4370763919151946,0.1923219291754455,success
1249,2000,8,3,2.0,4.400000000000002,0.1,0.7400000000000002,3.0,5,1,444,55,0,0.43707639191519776,0.19232192917544386,success
1250,2000,8,3,2.0,4.400000000000002,0.1,0.7500000000000002,3.0,5,1,444,55,0,0.437051769233357,0.19228779453635603,success
1251,2000,8,3,2.0,4.400000000000002,0.1,0.7600000000000002,3.0,5,1,444,55,0,0.4403417766705752,0.1966191242575323,success
1252,2000,8,3,2.0,4.400000000000002,0.1,0.7700000000000002,3.0,5,1,444,55,0,0.44034154768063005,0.1966188138776232,success
1253,2000,8,3,2.0,4.400000000000002,0.1,0.7800000000000002,3.0,5,1,443,56,0,0.44059952536608815,0.19483273530080752,success
1254,2000,8,3,2.0,4.400000000000002,0.1,0.7900000000000003,3.0,5,1,443,56,0,0.44276106980828506,0.19693174911501152,success
1255,2000,8,3,2.0,4.400000000000002,0.1,0.8000000000000003,3.0,5,1,443,56,0,0.44587595218824827,0.19527537424760763,success
1256,2000,8,3,2.0,4.400000000000002,0.1,0.8100000000000003,3.0,5,1,440,59,0,0.43967164217461363,0.19314937349588032,success
1257,2000,8,3,2.0,4.400000000000002,0.1,0.8200000000000003,3.0,5,1,440,59,0,0.44254307918151103,0.19475882162930078,success
1259,2000,8,3,2.0,4.400000000000002,0.1,0.8400000000000003,3.0,5,1,439,60,0,0.43888687561288864,0.19567250418035934,success
1258,2000,8,3,2.0,4.400000000000002,0.1,0.8300000000000003,3.0,5,1,439,60,0,0.4381316162089467,0.19620304177237766,success
1260,2000,8,3,2.0,4.400000000000002,0.1,0.8500000000000003,3.0,5,1,438,61,0,0.4374577513172999,0.19517860095475215,success
1262,2000,8,3,2.0,4.400000000000002,0.1,0.8700000000000003,3.0,5,1,438,61,0,0.4377790172902166,0.19505904098563198,success
1261,2000,8,3,2.0,4.400000000000002,0.1,0.8600000000000003,3.0,5,1,438,61,0,0.4377790172508812,0.19505904095239515,success
1263,2000,8,3,2.0,4.400000000000002,0.1,0.8800000000000003,3.0,5,1,438,61,0,0.43833512417789555,0.19549720145655064,success
1264,2000,8,3,2.0,4.400000000000002,0.1,0.8900000000000003,3.0,5,1,437,62,0,0.43943347189928805,0.1940810850950294,success
1265,2000,8,3,2.0,4.400000000000002,0.1,0.9000000000000004,3.0,5,1,435,64,0,0.4390623359150439,0.19221770110242964,success
1266,2000,8,3,2.0,4.400000000000002,0.1,0.9100000000000004,3.0,5,1,435,64,0,0.4394752872392276,0.19172364670945713,success
1267,2000,8,3,2.0,4.400000000000002,0.1,0.9200000000000004,3.0,5,1,434,65,0,0.43735497764050996,0.19098647851982106,success
1268,2000,8,3,2.0,4.400000000000002,0.1,0.9300000000000004,3.0,5,1,434,65,0,0.4373549776411896,0.19098647851979617,success
1269,2000,8,3,2.0,4.400000000000002,0.1,0.9400000000000004,3.0,5,1,434,65,0,0.43735575912990876,0.1909867498478051,success
1270,2000,8,3,2.0,4.400000000000002,0.1,0.9500000000000004,3.0,5,1,434,65,0,0.4373558643932938,0.1909868044861264,success
1271,2000,8,3,2.0,4.400000000000002,0.1,0.9600000000000004,3.0,5,1,433,66,0,0.4339834184341655,0.19148705900952362,success
1272,2000,8,3,2.0,4.400000000000002,0.1,0.9700000000000004,3.0,5,1,433,66,0,0.4340228916343157,0.19156033544436193,success
1273,2000,8,3,2.0,4.400000000000002,0.1,0.9800000000000004,3.0,5,1,432,67,0,0.42944184489797527,0.19376643944942623,success
1274,2000,8,3,2.0,4.400000000000002,0.1,0.9900000000000004,3.0,5,1,430,69,0,0.42244034523880836,0.19557869602752367,success
1275,2000,8,3,2.0,4.400000000000002,0.1,1.0000000000000004,3.0,5,1,430,69,0,0.42244166396169075,0.1955803768984177,success
1276,2000,8,3,2.0,4.500000000000002,0.1,0.5,3.0,5,1,462,37,0,0.47267225141735525,0.19966611973595957,success
1277,2000,8,3,2.0,4.500000000000002,0.1,0.51,3.0,5,1,461,38,0,0.46717010509176715,0.19984864806144345,success
1278,2000,8,3,2.0,4.500000000000002,0.1,0.52,3.0,5,1,461,38,0,0.46717049319780174,0.19984903864825249,success
1279,2000,8,3,2.0,4.500000000000002,0.1,0.53,3.0,5,1,461,38,0,0.46717049319779436,0.1998490386482586,success
1280,2000,8,3,2.0,4.500000000000002,0.1,0.54,3.0,5,1,460,39,0,0.46898575506511464,0.19752747472758853,success
1281,2000,8,3,2.0,4.500000000000002,0.1,0.55,3.0,5,1,460,39,0,0.4689851099329049,0.1975270359052518,success
1282,2000,8,3,2.0,4.500000000000002,0.1,0.56,3.0,5,1,460,39,0,0.4689851747475834,0.19752706344699142,success
1283,2000,8,3,2.0,4.500000000000002,0.1,0.5700000000000001,3.0,5,1,458,41,0,0.4581880701964047,0.1987298460210717,success
1284,2000,8,3,2.0,4.500000000000002,0.1,0.5800000000000001,3.0,5,1,458,41,0,0.46167922131044203,0.198002286076877,success
1285,2000,8,3,2.0,4.500000000000002,0.1,0.5900000000000001,3.0,5,1,457,42,0,0.4571025565608213,0.1986619291872123,success
1286,2000,8,3,2.0,4.500000000000002,0.1,0.6000000000000001,3.0,5,1,457,42,0,0.4571032997768561,0.1986621135701601,success
1287,2000,8,3,2.0,4.500000000000002,0.1,0.6100000000000001,3.0,5,1,456,43,0,0.4494460446522652,0.20260399410599494,success
1288,2000,8,3,2.0,4.500000000000002,0.1,0.6200000000000001,3.0,5,1,456,43,0,0.4494459595363802,0.20260394109338928,success
1291,2000,8,3,2.0,4.500000000000002,0.1,0.6500000000000001,3.0,5,1,453,46,0,0.44283116345180007,0.19893559702688238,success
1289,2000,8,3,2.0,4.500000000000002,0.1,0.6300000000000001,3.0,5,1,455,44,0,0.4474956884768036,0.20065168953034965,success
1290,2000,8,3,2.0,4.500000000000002,0.1,0.6400000000000001,3.0,5,1,454,45,0,0.4424989088659363,0.20117064598485052,success
1292,2000,8,3,2.0,4.500000000000002,0.1,0.6600000000000001,3.0,5,1,452,47,0,0.438444833852098,0.19904600549505325,success
1295,2000,8,3,2.0,4.500000000000002,0.1,0.6900000000000002,3.0,5,1,449,50,0,0.43311267947718457,0.1978978596516616,success
1294,2000,8,3,2.0,4.500000000000002,0.1,0.6800000000000002,3.0,5,1,449,50,0,0.43311267947718457,0.1978978596516616,success
1293,2000,8,3,2.0,4.500000000000002,0.1,0.6700000000000002,3.0,5,1,450,49,0,0.4384916442694049,0.19622065039675338,success
1296,2000,8,3,2.0,4.500000000000002,0.1,0.7000000000000002,3.0,5,1,448,51,0,0.42910583338245,0.19798822091224633,success
1297,2000,8,3,2.0,4.500000000000002,0.1,0.7100000000000002,3.0,5,1,448,51,0,0.4315363487579045,0.202119020879274,success
1299,2000,8,3,2.0,4.500000000000002,0.1,0.7300000000000002,3.0,5,1,447,52,0,0.4270197996131741,0.2028686704123582,success
1298,2000,8,3,2.0,4.500000000000002,0.1,0.7200000000000002,3.0,5,1,448,51,0,0.4317966309444281,0.20191220475198773,success
1300,2000,8,3,2.0,4.500000000000002,0.1,0.7400000000000002,3.0,5,1,447,52,0,0.4270197996131741,0.2028686704123582,success
1301,2000,8,3,2.0,4.500000000000002,0.1,0.7500000000000002,3.0,5,1,447,52,0,0.42701968995847356,0.20286851646328952,success
1302,2000,8,3,2.0,4.500000000000002,0.1,0.7600000000000002,3.0,5,1,447,52,0,0.4305478623327934,0.20747334215851795,success
1303,2000,8,3,2.0,4.500000000000002,0.1,0.7700000000000002,3.0,5,1,447,52,0,0.4305478623327934,0.20747334215851795,success
1305,2000,8,3,2.0,4.500000000000002,0.1,0.7900000000000003,3.0,5,1,446,53,0,0.4338476896204975,0.20680723301692244,success
1304,2000,8,3,2.0,4.500000000000002,0.1,0.7800000000000002,3.0,5,1,446,53,0,0.43100523021940323,0.20549570054332936,success
1306,2000,8,3,2.0,4.500000000000002,0.1,0.8000000000000003,3.0,5,1,446,53,0,0.4361207531016942,0.20488363446950733,success
1307,2000,8,3,2.0,4.500000000000002,0.1,0.8100000000000003,3.0,5,1,444,55,0,0.4343328892230822,0.2012782713834456,success
1308,2000,8,3,2.0,4.500000000000002,0.1,0.8200000000000003,3.0,5,1,444,55,0,0.43759215363398146,0.2031080737900329,success
1309,2000,8,3,2.0,4.500000000000002,0.1,0.8300000000000003,3.0,5,1,443,56,0,0.4329584597553727,0.20433052803876203,success
1310,2000,8,3,2.0,4.500000000000002,0.1,0.8400000000000003,3.0,5,1,443,56,0,0.43375226792146654,0.20381636654099244,success
1311,2000,8,3,2.0,4.500000000000002,0.1,0.8500000000000003,3.0,5,1,442,57,0,0.4304095286899731,0.2035588817248132,success
1312,2000,8,3,2.0,4.500000000000002,0.1,0.8600000000000003,3.0,5,1,442,57,0,0.43078157408815887,0.20345092388605363,success
1313,2000,8,3,2.0,4.500000000000002,0.1,0.8700000000000003,3.0,5,1,442,57,0,0.43078157413027873,0.203450923921692,success
1314,2000,8,3,2.0,4.500000000000002,0.1,0.8800000000000003,3.0,5,1,442,57,0,0.4313769902050994,0.20392223060109857,success
1315,2000,8,3,2.0,4.500000000000002,0.1,0.8900000000000003,3.0,5,1,442,57,0,0.4313771228348877,0.20392243897280682,success
1316,2000,8,3,2.0,4.500000000000002,0.1,0.9000000000000004,3.0,5,1,441,58,0,0.4334140594443744,0.20272015031849092,success
1317,2000,8,3,2.0,4.500000000000002,0.1,0.9100000000000004,3.0,5,1,441,58,0,0.4334140594443744,0.20272015031849092,success
1318,2000,8,3,2.0,4.500000000000002,0.1,0.9200000000000004,3.0,5,1,441,58,0,0.43341405891735757,0.20272014987806664,success
1319,2000,8,3,2.0,4.500000000000002,0.1,0.9300000000000004,3.0,5,1,441,58,0,0.43341627398881205,0.20272246394078716,success
1320,2000,8,3,2.0,4.500000000000002,0.1,0.9400000000000004,3.0,5,1,441,58,0,0.4334171465560023,0.20272276680988294,success
1321,2000,8,3,2.0,4.500000000000002,0.1,0.9500000000000004,3.0,5,1,441,58,0,0.4334171465851171,0.20272276680092308,success
1322,2000,8,3,2.0,4.500000000000002,0.1,0.9600000000000004,3.0,5,1,440,59,0,0.4295739413840594,0.203129249437696,success
1323,2000,8,3,2.0,4.500000000000002,0.1,0.9700000000000004,3.0,5,1,440,59,0,0.42957394155694034,0.2031292495415409,success
1324,2000,8,3,2.0,4.500000000000002,0.1,0.9800000000000004,3.0,5,1,439,60,0,0.42453189864949364,0.205151216646697,success
1325,2000,8,3,2.0,4.500000000000002,0.1,0.9900000000000004,3.0,5,1,438,61,0,0.42179832225058195,0.20455127053000896,success
1327,2000,8,3,2.0,4.600000000000002,0.1,0.5,3.0,5,1,464,35,0,0.48587004850197407,0.19551988100103493,success
1326,2000,8,3,2.0,4.500000000000002,0.1,1.0000000000000004,3.0,5,1,438,61,0,0.4217998139207277,0.20455309671434613,success
1330,2000,8,3,2.0,4.600000000000002,0.1,0.53,3.0,5,1,463,36,0,0.4796956221055086,0.19623517081357977,success
1328,2000,8,3,2.0,4.600000000000002,0.1,0.51,3.0,5,1,463,36,0,0.4796956219059474,0.1962351706238099,success
1331,2000,8,3,2.0,4.600000000000002,0.1,0.54,3.0,5,1,463,36,0,0.47969574416186944,0.19623537214084158,success
1329,2000,8,3,2.0,4.600000000000002,0.1,0.52,3.0,5,1,463,36,0,0.47969562186924086,0.19623517066469284,success
1333,2000,8,3,2.0,4.600000000000002,0.1,0.56,3.0,5,1,463,36,0,0.4796951215477654,0.19623496178314745,success
1332,2000,8,3,2.0,4.600000000000002,0.1,0.55,3.0,5,1,463,36,0,0.4796950513318635,0.19623493562547054,success
1334,2000,8,3,2.0,4.600000000000002,0.1,0.5700000000000001,3.0,5,1,461,38,0,0.467480164368736,0.1982156545310882,success
1335,2000,8,3,2.0,4.600000000000002,0.1,0.5800000000000001,3.0,5,1,460,39,0,0.46379283245333963,0.19694215302172857,success
1336,2000,8,3,2.0,4.600000000000002,0.1,0.5900000000000001,3.0,5,1,459,40,0,0.4589345137433508,0.19771524637429283,success
1338,2000,8,3,2.0,4.600000000000002,0.1,0.6100000000000001,3.0,5,1,458,41,0,0.4508609327321945,0.2019607751385135,success
1337,2000,8,3,2.0,4.600000000000002,0.1,0.6000000000000001,3.0,5,1,459,40,0,0.45893452631899007,0.19771524623112816,success
1339,2000,8,3,2.0,4.600000000000002,0.1,0.6200000000000001,3.0,5,1,458,41,0,0.4508608241118839,0.20196072006162877,success
1340,2000,8,3,2.0,4.600000000000002,0.1,0.6300000000000001,3.0,5,1,457,42,0,0.4487839957502081,0.19993612735803054,success
1341,2000,8,3,2.0,4.600000000000002,0.1,0.6400000000000001,3.0,5,1,456,43,0,0.44352548200842623,0.20053045639923514,success
1342,2000,8,3,2.0,4.600000000000002,0.1,0.6500000000000001,3.0,5,1,455,44,0,0.4438495078676818,0.1981966183817393,success
1343,2000,8,3,2.0,4.600000000000002,0.1,0.6600000000000001,3.0,5,1,454,45,0,0.43924560040691096,0.19835056710214552,success
1344,2000,8,3,2.0,4.600000000000002,0.1,0.6700000000000002,3.0,5,1,452,47,0,0.4366158731354151,0.19658702348551055,success
1345,2000,8,3,2.0,4.600000000000002,0.1,0.6800000000000002,3.0,5,1,451,48,0,0.4310518633754772,0.19826828810021505,success
1346,2000,8,3,2.0,4.600000000000002,0.1,0.6900000000000002,3.0,5,1,451,48,0,0.4310518633754772,0.19826828810021505,success
1347,2000,8,3,2.0,4.600000000000002,0.1,0.7000000000000002,3.0,5,1,450,49,0,0.42692352476621337,0.19830965659723387,success
1348,2000,8,3,2.0,4.600000000000002,0.1,0.7100000000000002,3.0,5,1,450,49,0,0.42945330453120095,0.20263113316222675,success
1349,2000,8,3,2.0,4.600000000000002,0.1,0.7200000000000002,3.0,5,1,450,49,0,0.42972421443712133,0.20241908221624813,success
1350,2000,8,3,2.0,4.600000000000002,0.1,0.7300000000000002,3.0,5,1,450,49,0,0.42972421443712133,0.20241908221624813,success
1352,2000,8,3,2.0,4.600000000000002,0.1,0.7500000000000002,3.0,5,1,450,49,0,0.4297240990307413,0.20241892100058495,success
1351,2000,8,3,2.0,4.600000000000002,0.1,0.7400000000000002,3.0,5,1,450,49,0,0.42972421443712133,0.20241908221624813,success
1353,2000,8,3,2.0,4.600000000000002,0.1,0.7600000000000002,3.0,5,1,450,49,0,0.4334568287204722,0.20724598905193223,success
1355,2000,8,3,2.0,4.600000000000002,0.1,0.7800000000000002,3.0,5,1,449,50,0,0.4332785996315709,0.2051246356572435,success
1354,2000,8,3,2.0,4.600000000000002,0.1,0.7700000000000002,3.0,5,1,450,49,0,0.4334568287204722,0.20724598905193223,success
1356,2000,8,3,2.0,4.600000000000002,0.1,0.7900000000000003,3.0,5,1,449,50,0,0.43629160659673105,0.2064835795405387,success
1358,2000,8,3,2.0,4.600000000000002,0.1,0.8100000000000003,3.0,5,1,448,51,0,0.4378921900905081,0.2024362019981432,success
1357,2000,8,3,2.0,4.600000000000002,0.1,0.8000000000000003,3.0,5,1,449,50,0,0.4387010538867581,0.2044081765476585,success
1359,2000,8,3,2.0,4.600000000000002,0.1,0.8200000000000003,3.0,5,1,448,51,0,0.44140708308265425,0.20433580384396652,success
1360,2000,8,3,2.0,4.600000000000002,0.1,0.8300000000000003,3.0,5,1,447,52,0,0.4363435776800187,0.2057109408872305,success
1361,2000,8,3,2.0,4.600000000000002,0.1,0.8400000000000003,3.0,5,1,447,52,0,0.437198448012735,0.2051456173284827,success
1362,2000,8,3,2.0,4.600000000000002,0.1,0.8500000000000003,3.0,5,1,446,53,0,0.43353840430705626,0.20490335879119237,success
1363,2000,8,3,2.0,4.600000000000002,0.1,0.8600000000000003,3.0,5,1,446,53,0,0.43366411580179465,0.20501451108754148,success
1364,2000,8,3,2.0,4.600000000000002,0.1,0.8700000000000003,3.0,5,1,446,53,0,0.43366411580179465,0.20501451108754148,success
1365,2000,8,3,2.0,4.600000000000002,0.1,0.8800000000000003,3.0,5,1,446,53,0,0.43405012289079836,0.20569100024629572,success
1366,2000,8,3,2.0,4.600000000000002,0.1,0.8900000000000003,3.0,5,1,446,53,0,0.43405072007496137,0.20569192377957005,success
1367,2000,8,3,2.0,4.600000000000002,0.1,0.9000000000000004,3.0,5,1,445,54,0,0.436189029817742,0.20434722711788705,success
1368,2000,8,3,2.0,4.600000000000002,0.1,0.9100000000000004,3.0,5,1,445,54,0,0.4377708918983796,0.20378871151962824,success
1369,2000,8,3,2.0,4.600000000000002,0.1,0.9200000000000004,3.0,5,1,445,54,0,0.43777089133236846,0.20378871106081684,success
1370,2000,8,3,2.0,4.600000000000002,0.1,0.9300000000000004,3.0,5,1,445,54,0,0.43777089133236846,0.20378871106081684,success
1372,2000,8,3,2.0,4.600000000000002,0.1,0.9500000000000004,3.0,5,1,445,54,0,0.4377708294070946,0.20378868113907558,success
1371,2000,8,3,2.0,4.600000000000002,0.1,0.9400000000000004,3.0,5,1,445,54,0,0.4377708293752252,0.2037886811495229,success
1373,2000,8,3,2.0,4.600000000000002,0.1,0.9600000000000004,3.0,5,1,444,55,0,0.4335652702155324,0.2042878521005054,success
1374,2000,8,3,2.0,4.600000000000002,0.1,0.9700000000000004,3.0,5,1,444,55,0,0.43356527040098686,0.20428785220771908,success
1375,2000,8,3,2.0,4.600000000000002,0.1,0.9800000000000004,3.0,5,1,443,56,0,0.428091857530243,0.2065234659752047,success
1376,2000,8,3,2.0,4.600000000000002,0.1,0.9900000000000004,3.0,5,1,442,57,0,0.4251041247460416,0.20591023115833185,success
1377,2000,8,3,2.0,4.600000000000002,0.1,1.0000000000000004,3.0,5,1,442,57,0,0.4251057210947941,0.20591214878408895,success
1378,2000,8,3,2.0,4.700000000000003,0.1,0.5,3.0,5,1,466,33,0,0.490730872975333,0.2009153823283392,success
1379,2000,8,3,2.0,4.700000000000003,0.1,0.51,3.0,5,1,465,34,0,0.4840502793891471,0.20164617514734992,success
1380,2000,8,3,2.0,4.700000000000003,0.1,0.52,3.0,5,1,465,34,0,0.4840502793891471,0.20164617514734992,success
1381,2000,8,3,2.0,4.700000000000003,0.1,0.53,3.0,5,1,465,34,0,0.4840502796393129,0.20164617529545673,success
1382,2000,8,3,2.0,4.700000000000003,0.1,0.54,3.0,5,1,465,34,0,0.4840504088754597,0.2016463802190056,success
1383,2000,8,3,2.0,4.700000000000003,0.1,0.55,3.0,5,1,465,34,0,0.48404967529074766,0.20164594599377314,success
1384,2000,8,3,2.0,4.700000000000003,0.1,0.56,3.0,5,1,465,34,0,0.4840497415352786,0.20164596213548133,success
1385,2000,8,3,2.0,4.700000000000003,0.1,0.5700000000000001,3.0,5,1,464,35,0,0.47854115088145455,0.20131378367983532,success
1386,2000,8,3,2.0,4.700000000000003,0.1,0.5800000000000001,3.0,5,1,463,36,0,0.474239284842303,0.2000900063514474,success
1387,2000,8,3,2.0,4.700000000000003,0.1,0.5900000000000001,3.0,5,1,462,37,0,0.4677043072376633,0.20125610234190175,success
1388,2000,8,3,2.0,4.700000000000003,0.1,0.6000000000000001,3.0,5,1,462,37,0,0.4677043072376633,0.20125610234190175,success
1392,2000,8,3,2.0,4.700000000000003,0.1,0.6400000000000001,3.0,5,1,460,39,0,0.4587550604102931,0.20038990780537685,success
1390,2000,8,3,2.0,4.700000000000003,0.1,0.6200000000000001,3.0,5,1,462,37,0,0.4677066316575738,0.20125653927205345,success
1389,2000,8,3,2.0,4.700000000000003,0.1,0.6100000000000001,3.0,5,1,462,37,0,0.4677066316575738,0.20125653927205345,success
1391,2000,8,3,2.0,4.700000000000003,0.1,0.6300000000000001,3.0,5,1,461,38,0,0.4649678790591998,0.19923482561495529,success
1393,2000,8,3,2.0,4.700000000000003,0.1,0.6500000000000001,3.0,5,1,459,40,0,0.4587307721239247,0.19780418289659252,success
1394,2000,8,3,2.0,4.700000000000003,0.1,0.6600000000000001,3.0,5,1,458,41,0,0.4533147452948774,0.19837086382136673,success
1396,2000,8,3,2.0,4.700000000000003,0.1,0.6800000000000002,3.0,5,1,455,44,0,0.4434167363461265,0.19889840299343203,success
1395,2000,8,3,2.0,4.700000000000003,0.1,0.6700000000000002,3.0,5,1,456,43,0,0.4497860133987359,0.19665964330879593,success
1397,2000,8,3,2.0,4.700000000000003,0.1,0.6900000000000002,3.0,5,1,455,44,0,0.4434167363461265,0.19889840299343203,success
1399,2000,8,3,2.0,4.700000000000003,0.1,0.7100000000000002,3.0,5,1,454,45,0,0.4386012070334597,0.19918992786055292,success
1398,2000,8,3,2.0,4.700000000000003,0.1,0.7000000000000002,3.0,5,1,454,45,0,0.4386462586876467,0.19921227428914598,success
1401,2000,8,3,2.0,4.700000000000003,0.1,0.7300000000000002,3.0,5,1,454,45,0,0.4388962003715237,0.19894070000710423,success
1400,2000,8,3,2.0,4.700000000000003,0.1,0.7200000000000002,3.0,5,1,454,45,0,0.4388962003715237,0.19894070000710423,success
1402,2000,8,3,2.0,4.700000000000003,0.1,0.7400000000000002,3.0,5,1,454,45,0,0.4388962003715237,0.19894070000710423,success
1404,2000,8,3,2.0,4.700000000000003,0.1,0.7600000000000002,3.0,5,1,454,45,0,0.44303867230576394,0.20416800598418053,success
1405,2000,8,3,2.0,4.700000000000003,0.1,0.7700000000000002,3.0,5,1,454,45,0,0.4430385032833322,0.20416778303948327,success
1403,2000,8,3,2.0,4.700000000000003,0.1,0.7500000000000002,3.0,5,1,454,45,0,0.4388962003715237,0.19894070000710423,success
1406,2000,8,3,2.0,4.700000000000003,0.1,0.7800000000000002,3.0,5,1,453,46,0,0.44263705609106546,0.20190642465685021,success
1407,2000,8,3,2.0,4.700000000000003,0.1,0.7900000000000003,3.0,5,1,453,46,0,0.44424565597532784,0.20217723749566666,success
1408,2000,8,3,2.0,4.700000000000003,0.1,0.8000000000000003,3.0,5,1,453,46,0,0.44424565597532784,0.20217723749566666,success
1410,2000,8,3,2.0,4.700000000000003,0.1,0.8200000000000003,3.0,5,1,452,47,0,0.44565336948480366,0.2009412240100412,success
1409,2000,8,3,2.0,4.700000000000003,0.1,0.8100000000000003,3.0,5,1,452,47,0,0.44324770288338006,0.20008458806269608,success
1411,2000,8,3,2.0,4.700000000000003,0.1,0.8300000000000003,3.0,5,1,451,48,0,0.44006944213728755,0.20263194874914275,success
1412,2000,8,3,2.0,4.700000000000003,0.1,0.8400000000000003,3.0,5,1,451,48,0,0.440995551664397,0.20199147763896066,success
1413,2000,8,3,2.0,4.700000000000003,0.1,0.8500000000000003,3.0,5,1,450,49,0,0.43695923696944516,0.20186343258082648,success
1414,2000,8,3,2.0,4.700000000000003,0.1,0.8600000000000003,3.0,5,1,450,49,0,0.4370989453374383,0.20198779461092278,success
1415,2000,8,3,2.0,4.700000000000003,0.1,0.8700000000000003,3.0,5,1,450,49,0,0.4370989453374383,0.20198779461092278,success
1416,2000,8,3,2.0,4.700000000000003,0.1,0.8800000000000003,3.0,5,1,450,49,0,0.43741123977166446,0.20251950216260112,success
1417,2000,8,3,2.0,4.700000000000003,0.1,0.8900000000000003,3.0,5,1,450,49,0,0.4374118857055551,0.2025205073810551,success
1418,2000,8,3,2.0,4.700000000000003,0.1,0.9000000000000004,3.0,5,1,449,50,0,0.43965403691514593,0.20106935683726307,success
1419,2000,8,3,2.0,4.700000000000003,0.1,0.9100000000000004,3.0,5,1,449,50,0,0.4413624308160184,0.20042461768459163,success
1421,2000,8,3,2.0,4.700000000000003,0.1,0.9300000000000004,3.0,5,1,449,50,0,0.44167151736020466,0.200583448329132,success
1420,2000,8,3,2.0,4.700000000000003,0.1,0.9200000000000004,3.0,5,1,449,50,0,0.44167151736020466,0.200583448329132,success
1422,2000,8,3,2.0,4.700000000000003,0.1,0.9400000000000004,3.0,5,1,449,50,0,0.441671450848347,0.2005834170144917,success
1423,2000,8,3,2.0,4.700000000000003,0.1,0.9500000000000004,3.0,5,1,449,50,0,0.441671450848347,0.2005834170144917,success
1424,2000,8,3,2.0,4.700000000000003,0.1,0.9600000000000004,3.0,5,1,448,51,0,0.4370595611036966,0.20128035112390857,success
1427,2000,8,3,2.0,4.700000000000003,0.1,0.9900000000000004,3.0,5,1,446,53,0,0.4278264131464186,0.20330815843337247,success
1425,2000,8,3,2.0,4.700000000000003,0.1,0.9700000000000004,3.0,5,1,448,51,0,0.43705956130369644,0.20128035123788793,success
1426,2000,8,3,2.0,4.700000000000003,0.1,0.9800000000000004,3.0,5,1,447,52,0,0.4310963097181367,0.20387980984730503,success
1428,2000,8,3,2.0,4.700000000000003,0.1,1.0000000000000004,3.0,5,1,446,53,0,0.42782817225075964,0.2033102779335874,success
1429,2000,8,3,2.0,4.8000000000000025,0.1,0.5,3.0,5,1,469,30,0,0.5058786931767099,0.2048682119740103,success
1430,2000,8,3,2.0,4.8000000000000025,0.1,0.51,3.0,5,1,468,31,0,0.49806295117246147,0.2060718612124581,success
1431,2000,8,3,2.0,4.8000000000000025,0.1,0.52,3.0,5,1,468,31,0,0.49806295117246147,0.2060718612124581,success
1432,2000,8,3,2.0,4.8000000000000025,0.1,0.53,3.0,5,1,468,31,0,0.4980629514468725,0.20607186135260366,success
1433,2000,8,3,2.0,4.8000000000000025,0.1,0.54,3.0,5,1,468,31,0,0.4980629514469063,0.20607186135257477,success
1434,2000,8,3,2.0,4.8000000000000025,0.1,0.55,3.0,5,1,468,31,0,0.4980629514469063,0.20607186135257477,success
1435,2000,8,3,2.0,4.8000000000000025,0.1,0.56,3.0,5,1,468,31,0,0.49806294256218053,0.2060718520709885,success
1436,2000,8,3,2.0,4.8000000000000025,0.1,0.5700000000000001,3.0,5,1,467,32,0,0.49160000900246986,0.20599119935747617,success
1437,2000,8,3,2.0,4.8000000000000025,0.1,0.5800000000000001,3.0,5,1,467,32,0,0.49160000900246986,0.20599119935747617,success
1438,2000,8,3,2.0,4.8000000000000025,0.1,0.5900000000000001,3.0,5,1,466,33,0,0.48374683034999005,0.20770544579249697,success
1439,2000,8,3,2.0,4.8000000000000025,0.1,0.6000000000000001,3.0,5,1,466,33,0,0.48374683034999005,0.20770544579249697,success
1440,2000,8,3,2.0,4.8000000000000025,0.1,0.6100000000000001,3.0,5,1,466,33,0,0.4837488193840965,0.20770565076720438,success
1441,2000,8,3,2.0,4.8000000000000025,0.1,0.6200000000000001,3.0,5,1,466,33,0,0.48374909226342755,0.20770572160252765,success
1442,2000,8,3,2.0,4.8000000000000025,0.1,0.6300000000000001,3.0,5,1,466,33,0,0.48374909226342755,0.20770572160252765,success
1444,2000,8,3,2.0,4.8000000000000025,0.1,0.6500000000000001,3.0,5,1,464,35,0,0.4755477852584133,0.2063013756496246,success
1443,2000,8,3,2.0,4.8000000000000025,0.1,0.6400000000000001,3.0,5,1,465,34,0,0.47607026335241315,0.20938032005587978,success
1445,2000,8,3,2.0,4.8000000000000025,0.1,0.6600000000000001,3.0,5,1,463,36,0,0.46891239322715145,0.20719380690980996,success
1446,2000,8,3,2.0,4.8000000000000025,0.1,0.6700000000000002,3.0,5,1,461,38,0,0.4580037101257477,0.20709511525774582,success
1447,2000,8,3,2.0,4.8000000000000025,0.1,0.6800000000000002,3.0,5,1,461,38,0,0.45800371077395674,0.20709511591111088,success
1448,2000,8,3,2.0,4.8000000000000025,0.1,0.6900000000000002,3.0,5,1,461,38,0,0.45800371077395674,0.20709511591111088,success
1449,2000,8,3,2.0,4.8000000000000025,0.1,0.7000000000000002,3.0,5,1,461,38,0,0.4580037107739572,0.2070951159111104,success
1450,2000,8,3,2.0,4.8000000000000025,0.1,0.7100000000000002,3.0,5,1,461,38,0,0.4579559431149774,0.20707683920867637,success
1451,2000,8,3,2.0,4.8000000000000025,0.1,0.7200000000000002,3.0,5,1,461,38,0,0.4579556461791194,0.20707648407800727,success
1453,2000,8,3,2.0,4.8000000000000025,0.1,0.7400000000000002,3.0,5,1,461,38,0,0.4579556462434641,0.2070764840928725,success
1452,2000,8,3,2.0,4.8000000000000025,0.1,0.7300000000000002,3.0,5,1,461,38,0,0.4579556462434641,0.2070764840928725,success
1455,2000,8,3,2.0,4.8000000000000025,0.1,0.7600000000000002,3.0,5,1,461,38,0,0.46273682182028936,0.21238982064525974,success
1454,2000,8,3,2.0,4.8000000000000025,0.1,0.7500000000000002,3.0,5,1,461,38,0,0.4579556462434641,0.2070764840928725,success
1457,2000,8,3,2.0,4.8000000000000025,0.1,0.7800000000000002,3.0,5,1,460,39,0,0.4617582264259328,0.20966743293802081,success
1456,2000,8,3,2.0,4.8000000000000025,0.1,0.7700000000000002,3.0,5,1,461,38,0,0.46273682182028936,0.21238982064525974,success
1458,2000,8,3,2.0,4.8000000000000025,0.1,0.7900000000000003,3.0,5,1,460,39,0,0.461758252501811,0.2096674641592484,success
1459,2000,8,3,2.0,4.8000000000000025,0.1,0.8000000000000003,3.0,5,1,460,39,0,0.461758252501811,0.2096674641592484,success
1460,2000,8,3,2.0,4.8000000000000025,0.1,0.8100000000000003,3.0,5,1,459,40,0,0.46014784270561027,0.2072124306225129,success
1461,2000,8,3,2.0,4.8000000000000025,0.1,0.8200000000000003,3.0,5,1,459,40,0,0.4629742963643917,0.20794912135755275,success
1463,2000,8,3,2.0,4.8000000000000025,0.1,0.8400000000000003,3.0,5,1,458,41,0,0.45601455211580283,0.21023874919875574,success
1462,2000,8,3,2.0,4.8000000000000025,0.1,0.8300000000000003,3.0,5,1,458,41,0,0.45601455211580283,0.21023874919875574,success
1464,2000,8,3,2.0,4.8000000000000025,0.1,0.8500000000000003,3.0,5,1,458,41,0,0.45601455211580283,0.21023874919875574,success
1465,2000,8,3,2.0,4.8000000000000025,0.1,0.8600000000000003,3.0,5,1,458,41,0,0.4560553924982582,0.21023762379639563,success
1466,2000,8,3,2.0,4.8000000000000025,0.1,0.8700000000000003,3.0,5,1,458,41,0,0.4560553924982582,0.21023762379639563,success
1469,2000,8,3,2.0,4.8000000000000025,0.1,0.9000000000000004,3.0,5,1,457,42,0,0.458601421671898,0.20869168461936233,success
1467,2000,8,3,2.0,4.8000000000000025,0.1,0.8800000000000003,3.0,5,1,458,41,0,0.45641686107057516,0.21079747858750914,success
1468,2000,8,3,2.0,4.8000000000000025,0.1,0.8900000000000003,3.0,5,1,458,41,0,0.45641686107057516,0.21079747858750914,success
1470,2000,8,3,2.0,4.8000000000000025,0.1,0.9100000000000004,3.0,5,1,457,42,0,0.458601421671898,0.20869168461936233,success
1471,2000,8,3,2.0,4.8000000000000025,0.1,0.9200000000000004,3.0,5,1,457,42,0,0.458601421671898,0.20869168461936233,success
1472,2000,8,3,2.0,4.8000000000000025,0.1,0.9300000000000004,3.0,5,1,457,42,0,0.458601421671898,0.20869168461936233,success
1473,2000,8,3,2.0,4.8000000000000025,0.1,0.9400000000000004,3.0,5,1,457,42,0,0.45860134249111534,0.20869165522873365,success
1474,2000,8,3,2.0,4.8000000000000025,0.1,0.9500000000000004,3.0,5,1,457,42,0,0.45860230548108566,0.20869261324594554,success
1475,2000,8,3,2.0,4.8000000000000025,0.1,0.9600000000000004,3.0,5,1,456,43,0,0.45273864261961183,0.2097476800989058,success
1476,2000,8,3,2.0,4.8000000000000025,0.1,0.9700000000000004,3.0,5,1,456,43,0,0.45273864261739893,0.2097476800995204,success
1477,2000,8,3,2.0,4.8000000000000025,0.1,0.9800000000000004,3.0,5,1,456,43,0,0.4527357988628659,0.20974770200629222,success
1478,2000,8,3,2.0,4.8000000000000025,0.1,0.9900000000000004,3.0,5,1,455,44,0,0.4483052260209978,0.20936707763772203,success
1479,2000,8,3,2.0,4.8000000000000025,0.1,1.0000000000000004,3.0,5,1,455,44,0,0.4483069470479037,0.20936886944891217,success
1480,2000,8,3,2.0,4.900000000000002,0.1,0.5,3.0,5,1,470,29,0,0.5054446517197362,0.20607630752905648,success
1481,2000,8,3,2.0,4.900000000000002,0.1,0.51,3.0,5,1,469,30,0,0.49738285303057866,0.2072506401176092,success
1482,2000,8,3,2.0,4.900000000000002,0.1,0.52,3.0,5,1,469,30,0,0.49738285303057866,0.2072506401176092,success
1483,2000,8,3,2.0,4.900000000000002,0.1,0.53,3.0,5,1,469,30,0,0.49738285331413673,0.20725064026272538,success
1485,2000,8,3,2.0,4.900000000000002,0.1,0.55,3.0,5,1,469,30,0,0.49738285331417165,0.20725064026269582,success
1484,2000,8,3,2.0,4.900000000000002,0.1,0.54,3.0,5,1,469,30,0,0.49738285331417165,0.20725064026269582,success
1486,2000,8,3,2.0,4.900000000000002,0.1,0.56,3.0,5,1,469,30,0,0.49738285331522136,0.20725064026220014,success
1488,2000,8,3,2.0,4.900000000000002,0.1,0.5800000000000001,3.0,5,1,468,31,0,0.49073337639058334,0.20710323223930036,success
1487,2000,8,3,2.0,4.900000000000002,0.1,0.5700000000000001,3.0,5,1,468,31,0,0.49073337639058334,0.20710323223930036,success
1489,2000,8,3,2.0,4.900000000000002,0.1,0.5900000000000001,3.0,5,1,467,32,0,0.48266186817433493,0.2087891755818691,success
1491,2000,8,3,2.0,4.900000000000002,0.1,0.6100000000000001,3.0,5,1,467,32,0,0.48266186817433493,0.2087891755818691,success
1490,2000,8,3,2.0,4.900000000000002,0.1,0.6000000000000001,3.0,5,1,467,32,0,0.48266186817433493,0.2087891755818691,success
1493,2000,8,3,2.0,4.900000000000002,0.1,0.6300000000000001,3.0,5,1,467,32,0,0.48266214958114506,0.2087892498349882,success
1492,2000,8,3,2.0,4.900000000000002,0.1,0.6200000000000001,3.0,5,1,467,32,0,0.48266214958114506,0.2087892498349882,success
1495,2000,8,3,2.0,4.900000000000002,0.1,0.6500000000000001,3.0,5,1,467,32,0,0.482661669444879,0.20878850977263144,success
1494,2000,8,3,2.0,4.900000000000002,0.1,0.6400000000000001,3.0,5,1,467,32,0,0.48266166943540234,0.20878850978528707,success
1496,2000,8,3,2.0,4.900000000000002,0.1,0.6600000000000001,3.0,5,1,466,33,0,0.4752074877081551,0.20991429439996018,success
1497,2000,8,3,2.0,4.900000000000002,0.1,0.6700000000000002,3.0,5,1,464,35,0,0.46300405494200203,0.20997212673295512,success
1499,2000,8,3,2.0,4.900000000000002,0.1,0.6900000000000002,3.0,5,1,464,35,0,0.46300405494200203,0.20997212673295512,success
1501,2000,8,3,2.0,4.900000000000002,0.1,0.7100000000000002,3.0,5,1,464,35,0,0.46300405494200203,0.20997212673295512,success
1500,2000,8,3,2.0,4.900000000000002,0.1,0.7000000000000002,3.0,5,1,464,35,0,0.46300405494200203,0.20997212673295512,success
1498,2000,8,3,2.0,4.900000000000002,0.1,0.6800000000000002,3.0,5,1,464,35,0,0.46300405494200203,0.20997212673295512,success
1502,2000,8,3,2.0,4.900000000000002,0.1,0.7200000000000002,3.0,5,1,464,35,0,0.46300373255449906,0.20997175357489078,success
1503,2000,8,3,2.0,4.900000000000002,0.1,0.7300000000000002,3.0,5,1,464,35,0,0.46300373255449906,0.20997175357489078,success
1504,2000,8,3,2.0,4.900000000000002,0.1,0.7400000000000002,3.0,5,1,464,35,0,0.46300373255449906,0.20997175357489078,success
1506,2000,8,3,2.0,4.900000000000002,0.1,0.7600000000000002,3.0,5,1,464,35,0,0.46300373255449906,0.20997175357489078,success
1505,2000,8,3,2.0,4.900000000000002,0.1,0.7500000000000002,3.0,5,1,464,35,0,0.46300373255449906,0.20997175357489078,success
1507,2000,8,3,2.0,4.900000000000002,0.1,0.7700000000000002,3.0,5,1,464,35,0,0.46300373255449906,0.20997175357489078,success
1508,2000,8,3,2.0,4.900000000000002,0.1,0.7800000000000002,3.0,5,1,463,36,0,0.4619351194209037,0.2070497183255135,success
1509,2000,8,3,2.0,4.900000000000002,0.1,0.7900000000000003,3.0,5,1,463,36,0,0.4619351194209037,0.2070497183255135,success
1510,2000,8,3,2.0,4.900000000000002,0.1,0.8000000000000003,3.0,5,1,463,36,0,0.4619351194209037,0.2070497183255135,success
1511,2000,8,3,2.0,4.900000000000002,0.1,0.8100000000000003,3.0,5,1,462,37,0,0.4601893556704409,0.20442976446434302,success
1512,2000,8,3,2.0,4.900000000000002,0.1,0.8200000000000003,3.0,5,1,462,37,0,0.4601893556704409,0.20442976446434302,success
1513,2000,8,3,2.0,4.900000000000002,0.1,0.8300000000000003,3.0,5,1,461,38,0,0.45275344584163674,0.2069299971842178,success
1514,2000,8,3,2.0,4.900000000000002,0.1,0.8400000000000003,3.0,5,1,461,38,0,0.45275344584163674,0.2069299971842178,success
1515,2000,8,3,2.0,4.900000000000002,0.1,0.8500000000000003,3.0,5,1,461,38,0,0.45275344584163674,0.2069299971842178,success
1519,2000,8,3,2.0,4.900000000000002,0.1,0.8900000000000003,3.0,5,1,461,38,0,0.4531769678781583,0.20753416124981514,success
1516,2000,8,3,2.0,4.900000000000002,0.1,0.8600000000000003,3.0,5,1,461,38,0,0.452797525956539,0.2069294736825837,success
1518,2000,8,3,2.0,4.900000000000002,0.1,0.8800000000000003,3.0,5,1,461,38,0,0.4531769678781583,0.20753416124981514,success
1517,2000,8,3,2.0,4.900000000000002,0.1,0.8700000000000003,3.0,5,1,461,38,0,0.452797525956539,0.2069294736825837,success
1520,2000,8,3,2.0,4.900000000000002,0.1,0.9000000000000004,3.0,5,1,461,38,0,0.4531769678781583,0.20753416124981514,success
1521,2000,8,3,2.0,4.900000000000002,0.1,0.9100000000000004,3.0,5,1,461,38,0,0.4531769678781583,0.20753416124981514,success
1523,2000,8,3,2.0,4.900000000000002,0.1,0.9300000000000004,3.0,5,1,461,38,0,0.4531769678781583,0.20753416124981514,success
1522,2000,8,3,2.0,4.900000000000002,0.1,0.9200000000000004,3.0,5,1,461,38,0,0.4531769678781583,0.20753416124981514,success
1524,2000,8,3,2.0,4.900000000000002,0.1,0.9400000000000004,3.0,5,1,461,38,0,0.45317688223012853,0.2075341261305321,success
1525,2000,8,3,2.0,4.900000000000002,0.1,0.9500000000000004,3.0,5,1,461,38,0,0.4531757148796746,0.20753242664386748,success
1526,2000,8,3,2.0,4.900000000000002,0.1,0.9600000000000004,3.0,5,1,460,39,0,0.4468497940478294,0.20855926840558067,success
1527,2000,8,3,2.0,4.900000000000002,0.1,0.9700000000000004,3.0,5,1,460,39,0,0.4468497940478294,0.20855926840558067,success
1528,2000,8,3,2.0,4.900000000000002,0.1,0.9800000000000004,3.0,5,1,460,39,0,0.44684665862616485,0.20855920189296584,success
1529,2000,8,3,2.0,4.900000000000002,0.1,0.9900000000000004,3.0,5,1,459,40,0,0.4421202570060273,0.20802656288469076,success
1531,2000,8,3,2.0,5.000000000000003,0.1,0.5,3.0,6,1,472,27,0,0.5166789978753324,0.20938933251874972,success
1530,2000,8,3,2.0,4.900000000000002,0.1,1.0000000000000004,3.0,5,1,459,40,0,0.4421202570065856,0.20802656288458243,success
1532,2000,8,3,2.0,5.000000000000003,0.1,0.51,3.0,6,1,472,27,0,0.5166789978753324,0.20938933251874972,success
1533,2000,8,3,2.0,5.000000000000003,0.1,0.52,3.0,6,1,472,27,0,0.5166789978753324,0.20938933251874972,success
1534,2000,8,3,2.0,5.000000000000003,0.1,0.53,3.0,6,1,472,27,0,0.5166789978753324,0.20938933251874972,success
1535,2000,8,3,2.0,5.000000000000003,0.1,0.54,3.0,6,1,472,27,0,0.5166789978753324,0.20938933251874972,success
1536,2000,8,3,2.0,5.000000000000003,0.1,0.55,3.0,6,1,472,27,0,0.5166789978753324,0.20938933251874972,success
1537,2000,8,3,2.0,5.000000000000003,0.1,0.56,3.0,6,1,472,27,0,0.5166789978753324,0.20938933251874972,success
1538,2000,8,3,2.0,5.000000000000003,0.1,0.5700000000000001,3.0,6,1,472,27,0,0.5166789978753324,0.20938933251874972,success
1540,2000,8,3,2.0,5.000000000000003,0.1,0.5900000000000001,3.0,6,1,472,27,0,0.516678997875334,0.2093893325187492,success
1539,2000,8,3,2.0,5.000000000000003,0.1,0.5800000000000001,3.0,6,1,472,27,0,0.5166789978753324,0.20938933251874972,success
1541,2000,8,3,2.0,5.000000000000003,0.1,0.6000000000000001,3.0,6,1,472,27,0,0.516678997875334,0.2093893325187492,success
1542,2000,8,3,2.0,5.000000000000003,0.1,0.6100000000000001,3.0,6,1,472,27,0,0.516678997875334,0.2093893325187492,success
1543,2000,8,3,2.0,5.000000000000003,0.1,0.6200000000000001,3.0,6,1,472,27,0,0.516678997875334,0.2093893325187492,success
1544,2000,8,3,2.0,5.000000000000003,0.1,0.6300000000000001,3.0,6,1,472,27,0,0.516678997875334,0.2093893325187492,success
1545,2000,8,3,2.0,5.000000000000003,0.1,0.6400000000000001,3.0,6,1,472,27,0,0.516678997875334,0.2093893325187492,success
1546,2000,8,3,2.0,5.000000000000003,0.1,0.6500000000000001,3.0,6,1,472,27,0,0.516678997875334,0.2093893325187492,success
1547,2000,8,3,2.0,5.000000000000003,0.1,0.6600000000000001,3.0,6,1,472,27,0,0.516678997875334,0.2093893325187492,success
1549,2000,8,3,2.0,5.000000000000003,0.1,0.6800000000000002,3.0,6,1,472,27,0,0.516678997875334,0.2093893325187492,success
1548,2000,8,3,2.0,5.000000000000003,0.1,0.6700000000000002,3.0,6,1,472,27,0,0.516678997875334,0.2093893325187492,success
1550,2000,8,3,2.0,5.000000000000003,0.1,0.6900000000000002,3.0,6,1,472,27,0,0.516678997875334,0.2093893325187492,success
1551,2000,8,3,2.0,5.000000000000003,0.1,0.7000000000000002,3.0,6,1,472,27,0,0.516678997875334,0.2093893325187492,success
1552,2000,8,3,2.0,5.000000000000003,0.1,0.7100000000000002,3.0,6,1,472,27,0,0.5166789739806691,0.20938933468965046,success
1554,2000,8,3,2.0,5.000000000000003,0.1,0.7300000000000002,3.0,6,1,472,27,0,0.5166789739806691,0.20938933468965046,success
1555,2000,8,3,2.0,5.000000000000003,0.1,0.7400000000000002,3.0,6,1,472,27,0,0.5166789739806691,0.20938933468965046,success
1553,2000,8,3,2.0,5.000000000000003,0.1,0.7200000000000002,3.0,6,1,472,27,0,0.5166789739806691,0.20938933468965046,success
1556,2000,8,3,2.0,5.000000000000003,0.1,0.7500000000000002,3.0,6,1,471,28,0,0.5071355101179539,0.21158974749503506,success
1557,2000,8,3,2.0,5.000000000000003,0.1,0.7600000000000002,3.0,6,1,471,28,0,0.5071355101179539,0.21158974749503506,success
1558,2000,8,3,2.0,5.000000000000003,0.1,0.7700000000000002,3.0,6,1,471,28,0,0.5071355101179539,0.21158974749503506,success
1560,2000,8,3,2.0,5.000000000000003,0.1,0.7900000000000003,3.0,6,1,471,28,0,0.5077683712638692,0.21044899156436195,success
1559,2000,8,3,2.0,5.000000000000003,0.1,0.7800000000000002,3.0,6,1,471,28,0,0.5071355101179539,0.21158974749503506,success
1561,2000,8,3,2.0,5.000000000000003,0.1,0.8000000000000003,3.0,6,1,471,28,0,0.5077683712638692,0.21044899156436195,success
1562,2000,8,3,2.0,5.000000000000003,0.1,0.8100000000000003,3.0,6,1,470,29,0,0.49730111969734747,0.21420638011640772,success
1563,2000,8,3,2.0,5.000000000000003,0.1,0.8200000000000003,3.0,6,1,470,29,0,0.49730111969734747,0.21420638011640772,success
1564,2000,8,3,2.0,5.000000000000003,0.1,0.8300000000000003,3.0,6,1,469,30,0,0.4902510484612881,0.21399359487427577,success
1565,2000,8,3,2.0,5.000000000000003,0.1,0.8400000000000003,3.0,6,1,469,30,0,0.4902510484612881,0.21399359487427577,success
1566,2000,8,3,2.0,5.000000000000003,0.1,0.8500000000000003,3.0,6,1,469,30,0,0.4902510484612881,0.21399359487427577,success
1567,2000,8,3,2.0,5.000000000000003,0.1,0.8600000000000003,3.0,6,1,469,30,0,0.4902510484612881,0.21399359487427577,success
1568,2000,8,3,2.0,5.000000000000003,0.1,0.8700000000000003,3.0,6,1,469,30,0,0.4903234880645566,0.21399636091426918,success
1569,2000,8,3,2.0,5.000000000000003,0.1,0.8800000000000003,3.0,6,1,469,30,0,0.4903234880645566,0.21399636091426918,success
1570,2000,8,3,2.0,5.000000000000003,0.1,0.8900000000000003,3.0,6,1,468,31,0,0.4836876916979605,0.21361883967568346,success
1571,2000,8,3,2.0,5.000000000000003,0.1,0.9000000000000004,3.0,6,1,468,31,0,0.4836876916979605,0.21361883967568346,success
1572,2000,8,3,2.0,5.000000000000003,0.1,0.9100000000000004,3.0,6,1,468,31,0,0.4836876916979605,0.21361883967568346,success
1573,2000,8,3,2.0,5.000000000000003,0.1,0.9200000000000004,3.0,6,1,468,31,0,0.4836876916979605,0.21361883967568346,success
1574,2000,8,3,2.0,5.000000000000003,0.1,0.9300000000000004,3.0,6,1,468,31,0,0.4836876916979605,0.21361883967568346,success
1575,2000,8,3,2.0,5.000000000000003,0.1,0.9400000000000004,3.0,6,1,468,31,0,0.4850684613476701,0.21490217831035235,success
1577,2000,8,3,2.0,5.000000000000003,0.1,0.9600000000000004,3.0,6,1,468,31,0,0.4850684613476701,0.21490217831035235,success
1576,2000,8,3,2.0,5.000000000000003,0.1,0.9500000000000004,3.0,6,1,468,31,0,0.4850684613476701,0.21490217831035235,success
1578,2000,8,3,2.0,5.000000000000003,0.1,0.9700000000000004,3.0,6,1,468,31,0,0.4850684613476701,0.21490217831035235,success
1579,2000,8,3,2.0,5.000000000000003,0.1,0.9800000000000004,3.0,6,1,468,31,0,0.48507087384326275,0.2149025455761134,success
1581,2000,8,3,2.0,5.000000000000003,0.1,1.0000000000000004,3.0,6,1,468,31,0,0.48507087384326275,0.2149025455761134,success
1580,2000,8,3,2.0,5.000000000000003,0.1,0.9900000000000004,3.0,6,1,468,31,0,0.48507087384326275,0.2149025455761134,success
