combination_id,n,k,p,q,thrshld,p1,p2,beta,seeds,case_A_count,case_B_count,case_C_count,case_Invalid_count,delta_star_mean,delta_star_std,status
30,2000,8,2,4.0,2.0,0.1,0.7900000000000003,7.0,2,425,8,67,0,0.37374762825511143,0.12203443753832918,success
26,2000,8,2,4.0,2.0,0.1,0.7500000000000002,7.0,2,419,9,72,0,0.38781131103168526,0.13286387899663057,success
29,2000,8,2,4.0,2.0,0.1,0.7800000000000002,7.0,2,423,10,67,0,0.37517115579976784,0.12343857072134982,success
32,2000,8,2,4.0,2.0,0.1,0.8100000000000003,7.0,2,427,8,65,0,0.35075398785323597,0.10404220342003265,success
31,2000,8,2,4.0,2.0,0.1,0.8000000000000003,7.0,2,424,10,66,0,0.3625180631000709,0.10989402105640919,success
28,2000,8,2,4.0,2.0,0.1,0.7700000000000002,7.0,2,421,9,70,0,0.381320829056156,0.13225996773328005,success
9,2000,8,2,4.0,2.0,0.1,0.5800000000000001,7.0,2,398,23,79,0,0.42900258718123024,0.1282098888185506,success
25,2000,8,2,4.0,2.0,0.1,0.7400000000000002,7.0,2,417,10,73,0,0.3849034836027799,0.13119241505040954,success
27,2000,8,2,4.0,2.0,0.1,0.7600000000000002,7.0,2,419,8,73,0,0.39136901558376896,0.13468399916754717,success
6,2000,8,2,4.0,2.0,0.1,0.55,7.0,2,388,30,82,0,0.426348357420942,0.13739264884237845,success
14,2000,8,2,4.0,2.0,0.1,0.6300000000000001,7.0,2,408,16,76,0,0.415192792089535,0.13617479040556482,success
10,2000,8,2,4.0,2.0,0.1,0.5900000000000001,7.0,2,400,26,74,0,0.4252008025696378,0.13298888213799062,success
7,2000,8,2,4.0,2.0,0.1,0.56,7.0,2,389,27,84,0,0.42814670307353486,0.14009640459014183,success
11,2000,8,2,4.0,2.0,0.1,0.6000000000000001,7.0,2,404,20,76,0,0.4307849755276627,0.13758369611979301,success
8,2000,8,2,4.0,2.0,0.1,0.5700000000000001,7.0,2,392,25,83,0,0.4379517669023388,0.1349938117288315,success
2,2000,8,2,4.0,2.0,0.1,0.51,7.0,2,378,35,87,0,0.43224867037478637,0.14476860690771368,success
12,2000,8,2,4.0,2.0,0.1,0.6100000000000001,7.0,2,405,19,76,0,0.43069548079313646,0.14551159041925626,success
4,2000,8,2,4.0,2.0,0.1,0.53,7.0,2,381,32,87,0,0.43522820528101214,0.1377268853300088,success
1,2000,8,2,4.0,2.0,0.1,0.5,7.0,2,377,36,87,0,0.4415361021896867,0.15284833768515885,success
5,2000,8,2,4.0,2.0,0.1,0.54,7.0,2,384,28,88,0,0.4344505077831595,0.14510712078720753,success
15,2000,8,2,4.0,2.0,0.1,0.6400000000000001,7.0,2,409,15,76,0,0.41694076453242224,0.12896080512899305,success
3,2000,8,2,4.0,2.0,0.1,0.52,7.0,2,382,35,83,0,0.4314725974011924,0.14075907083331185,success
13,2000,8,2,4.0,2.0,0.1,0.6200000000000001,7.0,2,405,17,78,0,0.42989668240793366,0.1398990892459074,success
24,2000,8,2,4.0,2.0,0.1,0.7300000000000002,7.0,2,415,11,74,0,0.3824629029994608,0.12015129546270303,success
23,2000,8,2,4.0,2.0,0.1,0.7200000000000002,7.0,2,414,12,74,0,0.3945899840310642,0.12240056345310026,success
17,2000,8,2,4.0,2.0,0.1,0.6600000000000001,7.0,2,411,17,72,0,0.4125747321367605,0.12716738041608497,success
20,2000,8,2,4.0,2.0,0.1,0.6900000000000002,7.0,2,414,13,73,0,0.4027164041625813,0.1237566417489612,success
16,2000,8,2,4.0,2.0,0.1,0.6500000000000001,7.0,2,411,16,73,0,0.4189685997915441,0.1320372500236539,success
19,2000,8,2,4.0,2.0,0.1,0.6800000000000002,7.0,2,414,13,73,0,0.4062829644278888,0.1271213177267039,success
22,2000,8,2,4.0,2.0,0.1,0.7100000000000002,7.0,2,414,12,74,0,0.40307128283902727,0.1293959047590374,success
21,2000,8,2,4.0,2.0,0.1,0.7000000000000002,7.0,2,414,13,73,0,0.40001498845566397,0.12267570650744933,success
18,2000,8,2,4.0,2.0,0.1,0.6700000000000002,7.0,2,413,13,74,0,0.41675443875482965,0.13321515434282385,success
51,2000,8,2,4.0,2.0,0.1,1.0000000000000004,7.0,2,450,4,46,0,0.34848776019579336,0.12168111417406484,success
34,2000,8,2,4.0,2.0,0.1,0.8300000000000003,7.0,2,428,7,65,0,0.370192056205427,0.14333893822635607,success
42,2000,8,2,4.0,2.0,0.1,0.9100000000000004,7.0,2,443,7,50,0,0.3423453229898058,0.10711457696569925,success
43,2000,8,2,4.0,2.0,0.1,0.9200000000000004,7.0,2,443,7,50,0,0.3411333196090509,0.1074366312500278,success
45,2000,8,2,4.0,2.0,0.1,0.9400000000000004,7.0,2,445,5,50,0,0.343072133913193,0.11580178760684692,success
35,2000,8,2,4.0,2.0,0.1,0.8400000000000003,7.0,2,430,7,63,0,0.3541736686090593,0.11097090013424613,success
39,2000,8,2,4.0,2.0,0.1,0.8800000000000003,7.0,2,439,7,54,0,0.34522724103227787,0.10908197716748769,success
49,2000,8,2,4.0,2.0,0.1,0.9800000000000004,7.0,2,449,5,46,0,0.34683984041196236,0.11339859865409202,success
36,2000,8,2,4.0,2.0,0.1,0.8500000000000003,7.0,2,432,7,61,0,0.3566857167663142,0.11205603895447593,success
40,2000,8,2,4.0,2.0,0.1,0.8900000000000003,7.0,2,440,7,53,0,0.3411759293055916,0.10533940396828062,success
33,2000,8,2,4.0,2.0,0.1,0.8200000000000003,7.0,2,428,7,65,0,0.3634848232260083,0.126010805821664,success
47,2000,8,2,4.0,2.0,0.1,0.9600000000000004,7.0,2,448,3,49,0,0.36331457529593325,0.144804145705362,success
48,2000,8,2,4.0,2.0,0.1,0.9700000000000004,7.0,2,448,4,48,0,0.3539313478438954,0.12665154331987388,success
38,2000,8,2,4.0,2.0,0.1,0.8700000000000003,7.0,2,437,7,56,0,0.346234167257382,0.11064080017543038,success
41,2000,8,2,4.0,2.0,0.1,0.9000000000000004,7.0,2,441,7,52,0,0.3385159593559257,0.10523819937898622,success
50,2000,8,2,4.0,2.0,0.1,0.9900000000000004,7.0,2,449,5,46,0,0.34940997686796,0.12515423727967795,success
37,2000,8,2,4.0,2.0,0.1,0.8600000000000003,7.0,2,435,7,58,0,0.3486371006675769,0.10795102821607269,success
54,2000,8,2,4.0,2.1,0.1,0.52,7.0,3,386,52,62,0,0.4457503051060149,0.14481218156412082,success
44,2000,8,2,4.0,2.0,0.1,0.9300000000000004,7.0,2,444,6,50,0,0.33744616110253006,0.10539171513744479,success
46,2000,8,2,4.0,2.0,0.1,0.9500000000000004,7.0,2,447,4,49,0,0.3542932078014765,0.12946789054625404,success
61,2000,8,2,4.0,2.1,0.1,0.5900000000000001,7.0,3,397,40,63,0,0.45481365098912285,0.16990886187532545,success
52,2000,8,2,4.0,2.1,0.1,0.5,7.0,3,384,54,62,0,0.472558857500212,0.17326868759884698,success
57,2000,8,2,4.0,2.1,0.1,0.55,7.0,3,392,48,60,0,0.43788885223862817,0.15114021088267576,success
63,2000,8,2,4.0,2.1,0.1,0.6100000000000001,7.0,3,403,36,61,0,0.4325833053594067,0.16084681458976283,success
55,2000,8,2,4.0,2.1,0.1,0.53,7.0,3,385,48,67,0,0.47516198996475045,0.17142035615104323,success
53,2000,8,2,4.0,2.1,0.1,0.51,7.0,3,383,48,69,0,0.48625597673014825,0.1736172506709635,success
59,2000,8,2,4.0,2.1,0.1,0.5700000000000001,7.0,3,396,44,60,0,0.4322161045949487,0.13831280368747972,success
64,2000,8,2,4.0,2.1,0.1,0.6200000000000001,7.0,3,406,37,57,0,0.429150975304754,0.16274347745020812,success
56,2000,8,2,4.0,2.1,0.1,0.54,7.0,3,390,46,64,0,0.45849856765826735,0.1700925457120365,success
60,2000,8,2,4.0,2.1,0.1,0.5800000000000001,7.0,3,395,40,65,0,0.45890642178812735,0.17182363090042296,success
58,2000,8,2,4.0,2.1,0.1,0.56,7.0,3,395,49,56,0,0.43402713862730974,0.14417616247085357,success
62,2000,8,2,4.0,2.1,0.1,0.6000000000000001,7.0,3,402,40,58,0,0.43127470056878514,0.1494165976555031,success
68,2000,8,2,4.0,2.1,0.1,0.6600000000000001,7.0,3,412,34,54,0,0.4043080430007951,0.16312069714560826,success
67,2000,8,2,4.0,2.1,0.1,0.6500000000000001,7.0,3,412,35,53,0,0.3979682559290596,0.13889595944696795,success
72,2000,8,2,4.0,2.1,0.1,0.7000000000000002,7.0,3,421,25,54,0,0.4328932263921833,0.18049449881021262,success
65,2000,8,2,4.0,2.1,0.1,0.6300000000000001,7.0,3,409,38,53,0,0.4075963379308577,0.1393384151159035,success
66,2000,8,2,4.0,2.1,0.1,0.6400000000000001,7.0,3,411,34,55,0,0.4115809990148469,0.1446833372138861,success
71,2000,8,2,4.0,2.1,0.1,0.6900000000000002,7.0,3,413,30,57,0,0.42917848995075153,0.18828767013226713,success
69,2000,8,2,4.0,2.1,0.1,0.6700000000000002,7.0,3,413,36,51,0,0.39018749328865054,0.15585548793456652,success
76,2000,8,2,4.0,2.1,0.1,0.7400000000000002,7.0,3,429,20,51,0,0.4187298516609785,0.16916669438212242,success
70,2000,8,2,4.0,2.1,0.1,0.6800000000000002,7.0,3,412,33,55,0,0.41151810423342916,0.1800891591216189,success
74,2000,8,2,4.0,2.1,0.1,0.7200000000000002,7.0,3,425,25,50,0,0.4039113782072649,0.15242952168806112,success
79,2000,8,2,4.0,2.1,0.1,0.7700000000000002,7.0,3,433,17,50,0,0.4113450265585812,0.15773245695816035,success
81,2000,8,2,4.0,2.1,0.1,0.7900000000000003,7.0,3,437,14,49,0,0.4101015752022841,0.16711251178567726,success
73,2000,8,2,4.0,2.1,0.1,0.7100000000000002,7.0,3,423,25,52,0,0.41042179149480784,0.16117541969482446,success
75,2000,8,2,4.0,2.1,0.1,0.7300000000000002,7.0,3,426,23,51,0,0.4165425107558006,0.17070969802505367,success
82,2000,8,2,4.0,2.1,0.1,0.8000000000000003,7.0,3,436,14,50,0,0.4105732134685523,0.16939078167799188,success
77,2000,8,2,4.0,2.1,0.1,0.7500000000000002,7.0,3,432,20,48,0,0.4000606757961099,0.1577251081391072,success
80,2000,8,2,4.0,2.1,0.1,0.7800000000000002,7.0,3,434,16,50,0,0.4088129413592553,0.16371851909382504,success
78,2000,8,2,4.0,2.1,0.1,0.7600000000000002,7.0,3,432,20,48,0,0.38763632247593954,0.1363980356098239,success
84,2000,8,2,4.0,2.1,0.1,0.8200000000000003,7.0,3,438,13,49,0,0.3981090321106105,0.15127290081170672,success
83,2000,8,2,4.0,2.1,0.1,0.8100000000000003,7.0,3,435,15,50,0,0.39558279019785175,0.15120497785550885,success
86,2000,8,2,4.0,2.1,0.1,0.8400000000000003,7.0,3,440,12,48,0,0.3920486369883662,0.14650148503902508,success
89,2000,8,2,4.0,2.1,0.1,0.8700000000000003,7.0,3,447,10,43,0,0.39101111233278646,0.1475344184000822,success
85,2000,8,2,4.0,2.1,0.1,0.8300000000000003,7.0,3,440,13,47,0,0.3906423562739412,0.14410616961259287,success
90,2000,8,2,4.0,2.1,0.1,0.8800000000000003,7.0,3,450,9,41,0,0.38837603844506685,0.15088184527408446,success
94,2000,8,2,4.0,2.1,0.1,0.9200000000000004,7.0,3,449,6,45,0,0.3603383911613388,0.12168122801448375,success
88,2000,8,2,4.0,2.1,0.1,0.8600000000000003,7.0,3,445,11,44,0,0.40268488072947156,0.1507044656421159,success
87,2000,8,2,4.0,2.1,0.1,0.8500000000000003,7.0,3,445,11,44,0,0.40055212426359277,0.15431137747371404,success
91,2000,8,2,4.0,2.1,0.1,0.8900000000000003,7.0,3,449,9,42,0,0.37833416391536423,0.1326586350438361,success
92,2000,8,2,4.0,2.1,0.1,0.9000000000000004,7.0,3,449,7,44,0,0.37295866736255723,0.12907595863729482,success
93,2000,8,2,4.0,2.1,0.1,0.9100000000000004,7.0,3,448,6,46,0,0.3673366624995488,0.12642424105323524,success
95,2000,8,2,4.0,2.1,0.1,0.9300000000000004,7.0,3,451,5,44,0,0.3542769412162384,0.1186476307325003,success
96,2000,8,2,4.0,2.1,0.1,0.9400000000000004,7.0,3,452,5,43,0,0.3550481357986845,0.1313142259533433,success
98,2000,8,2,4.0,2.1,0.1,0.9600000000000004,7.0,3,456,5,39,0,0.36496882517742363,0.12052087140178284,success
97,2000,8,2,4.0,2.1,0.1,0.9500000000000004,7.0,3,453,5,42,0,0.357246445649044,0.12578986984156593,success
102,2000,8,2,4.0,2.1,0.1,1.0000000000000004,7.0,3,461,4,35,0,0.3531148065830617,0.10797256725657096,success
99,2000,8,2,4.0,2.1,0.1,0.9700000000000004,7.0,3,457,5,38,0,0.36600827634679783,0.10809284762889282,success
101,2000,8,2,4.0,2.1,0.1,0.9900000000000004,7.0,3,460,4,36,0,0.35806295651254616,0.11279013345434,success
100,2000,8,2,4.0,2.1,0.1,0.9800000000000004,7.0,3,458,5,37,0,0.35552525759885495,0.10870271369612279,success
106,2000,8,2,4.0,2.2,0.1,0.53,7.0,3,368,57,75,0,0.4634475613162758,0.15119131581998627,success
104,2000,8,2,4.0,2.2,0.1,0.51,7.0,3,364,60,76,0,0.48715602160391297,0.1701343068040929,success
109,2000,8,2,4.0,2.2,0.1,0.56,7.0,3,374,55,71,0,0.4749994676666455,0.1658183851177962,success
103,2000,8,2,4.0,2.2,0.1,0.5,7.0,3,361,62,77,0,0.4915952578475552,0.18057360290283617,success
111,2000,8,2,4.0,2.2,0.1,0.5800000000000001,7.0,3,376,53,71,0,0.4629489852649313,0.15148012013023895,success
107,2000,8,2,4.0,2.2,0.1,0.54,7.0,3,371,57,72,0,0.45157854899435573,0.1430470147260463,success
110,2000,8,2,4.0,2.2,0.1,0.5700000000000001,7.0,3,375,54,71,0,0.4706101422171819,0.15541180175900193,success
108,2000,8,2,4.0,2.2,0.1,0.55,7.0,3,372,58,70,0,0.4540663332400759,0.15207737068190869,success
105,2000,8,2,4.0,2.2,0.1,0.52,7.0,3,367,59,74,0,0.4831025928337946,0.17746959928883313,success
116,2000,8,2,4.0,2.2,0.1,0.6300000000000001,7.0,3,388,46,66,0,0.45345316177218176,0.16773472145399368,success
112,2000,8,2,4.0,2.2,0.1,0.5900000000000001,7.0,3,381,50,69,0,0.46198335934652346,0.16297233210369264,success
113,2000,8,2,4.0,2.2,0.1,0.6000000000000001,7.0,3,380,53,67,0,0.43999352683478854,0.14803347754418875,success
114,2000,8,2,4.0,2.2,0.1,0.6100000000000001,7.0,3,384,48,68,0,0.4534775968682159,0.15855377585358488,success
117,2000,8,2,4.0,2.2,0.1,0.6400000000000001,7.0,3,388,46,66,0,0.4373398768689134,0.13777109119890246,success
115,2000,8,2,4.0,2.2,0.1,0.6200000000000001,7.0,3,385,44,71,0,0.4778906851783246,0.18142336721881472,success
118,2000,8,2,4.0,2.2,0.1,0.6500000000000001,7.0,3,388,39,73,0,0.4541632293359509,0.15511978534331297,success
119,2000,8,2,4.0,2.2,0.1,0.6600000000000001,7.0,3,390,38,72,0,0.4522571995898621,0.1695855640070471,success
121,2000,8,2,4.0,2.2,0.1,0.6800000000000002,7.0,3,395,35,70,0,0.4399706862263478,0.1701793611163816,success
120,2000,8,2,4.0,2.2,0.1,0.6700000000000002,7.0,3,391,39,70,0,0.4520922977249827,0.1740283786104878,success
124,2000,8,2,4.0,2.2,0.1,0.7100000000000002,7.0,3,403,33,64,0,0.41434324262018174,0.16670439804371026,success
123,2000,8,2,4.0,2.2,0.1,0.7000000000000002,7.0,3,399,32,69,0,0.43381041467470277,0.17928134556430578,success
122,2000,8,2,4.0,2.2,0.1,0.6900000000000002,7.0,3,396,34,70,0,0.4187365890539507,0.16403414613925224,success
127,2000,8,2,4.0,2.2,0.1,0.7400000000000002,7.0,3,408,28,64,0,0.42770757791056857,0.1759422584226774,success
126,2000,8,2,4.0,2.2,0.1,0.7300000000000002,7.0,3,407,32,61,0,0.4075894124913529,0.1617575364377201,success
125,2000,8,2,4.0,2.2,0.1,0.7200000000000002,7.0,3,404,34,62,0,0.4099137136263298,0.15663564394831153,success
128,2000,8,2,4.0,2.2,0.1,0.7500000000000002,7.0,3,413,28,59,0,0.40262748210223187,0.15954517228178328,success
129,2000,8,2,4.0,2.2,0.1,0.7600000000000002,7.0,3,414,25,61,0,0.4178529212291012,0.18016874487528806,success
130,2000,8,2,4.0,2.2,0.1,0.7700000000000002,7.0,3,416,26,58,0,0.4023316100968955,0.16172586871321226,success
131,2000,8,2,4.0,2.2,0.1,0.7800000000000002,7.0,3,416,26,58,0,0.396004844597665,0.15532398542322698,success
132,2000,8,2,4.0,2.2,0.1,0.7900000000000003,7.0,3,416,24,60,0,0.3868731588732172,0.14627824001320808,success
133,2000,8,2,4.0,2.2,0.1,0.8000000000000003,7.0,3,416,21,63,0,0.4002458955242533,0.1553296893539511,success
134,2000,8,2,4.0,2.2,0.1,0.8100000000000003,7.0,3,416,21,63,0,0.40516800745878273,0.17032792938287344,success
135,2000,8,2,4.0,2.2,0.1,0.8200000000000003,7.0,3,420,21,59,0,0.3896309630052603,0.15600062264302117,success
136,2000,8,2,4.0,2.2,0.1,0.8300000000000003,7.0,3,420,21,59,0,0.3893541603314144,0.15311523100561786,success
137,2000,8,2,4.0,2.2,0.1,0.8400000000000003,7.0,3,422,19,59,0,0.397305652107496,0.14991982171954243,success
140,2000,8,2,4.0,2.2,0.1,0.8700000000000003,7.0,3,427,18,55,0,0.3918876735003067,0.14864826930691427,success
139,2000,8,2,4.0,2.2,0.1,0.8600000000000003,7.0,3,426,18,56,0,0.4026377205682497,0.15374517210911864,success
143,2000,8,2,4.0,2.2,0.1,0.9000000000000004,7.0,3,431,13,56,0,0.4049868020148161,0.15830983403627172,success
138,2000,8,2,4.0,2.2,0.1,0.8500000000000003,7.0,3,424,18,58,0,0.39216333117374963,0.1443669056778608,success
144,2000,8,2,4.0,2.2,0.1,0.9100000000000004,7.0,3,431,12,57,0,0.40439963225983155,0.15354168868029963,success
145,2000,8,2,4.0,2.2,0.1,0.9200000000000004,7.0,3,431,11,58,0,0.3910809681125177,0.13638893655811302,success
147,2000,8,2,4.0,2.2,0.1,0.9400000000000004,7.0,3,431,9,60,0,0.39589700924202664,0.14364981619683742,success
142,2000,8,2,4.0,2.2,0.1,0.8900000000000003,7.0,3,431,15,54,0,0.4018188589392164,0.1604306457948336,success
141,2000,8,2,4.0,2.2,0.1,0.8800000000000003,7.0,3,431,17,52,0,0.3936269669939811,0.14056744842390162,success
148,2000,8,2,4.0,2.2,0.1,0.9500000000000004,7.0,3,433,12,55,0,0.3800557308442795,0.12732136540194386,success
146,2000,8,2,4.0,2.2,0.1,0.9300000000000004,7.0,3,431,10,59,0,0.39098148320988435,0.1374834194099796,success
150,2000,8,2,4.0,2.2,0.1,0.9700000000000004,7.0,3,437,10,53,0,0.3994402947682563,0.1609909370540966,success
149,2000,8,2,4.0,2.2,0.1,0.9600000000000004,7.0,3,435,12,53,0,0.39060867803758204,0.14323297392086937,success
151,2000,8,2,4.0,2.2,0.1,0.9800000000000004,7.0,3,439,10,51,0,0.38247475792572727,0.1372554189725922,success
153,2000,8,2,4.0,2.2,0.1,1.0000000000000004,7.0,3,444,8,48,0,0.3803200327193299,0.12769170107176023,success
152,2000,8,2,4.0,2.2,0.1,0.9900000000000004,7.0,3,442,8,50,0,0.38189685516145083,0.13149586939492924,success
158,2000,8,2,4.0,2.3000000000000003,0.1,0.54,7.0,3,357,66,77,0,0.4613482842574283,0.18238862771496347,success
154,2000,8,2,4.0,2.3000000000000003,0.1,0.5,7.0,3,350,71,79,0,0.481613569002729,0.198246177513899,success
157,2000,8,2,4.0,2.3000000000000003,0.1,0.53,7.0,3,356,68,76,0,0.442748905948344,0.16654821945093606,success
155,2000,8,2,4.0,2.3000000000000003,0.1,0.51,7.0,3,352,70,78,0,0.47483585082428703,0.1871902875419793,success
156,2000,8,2,4.0,2.3000000000000003,0.1,0.52,7.0,3,357,68,75,0,0.45907587851278964,0.17948568153252156,success
159,2000,8,2,4.0,2.3000000000000003,0.1,0.55,7.0,3,358,67,75,0,0.45868727014456073,0.18259785190939487,success
160,2000,8,2,4.0,2.3000000000000003,0.1,0.56,7.0,3,359,64,77,0,0.4727511524751511,0.1835289601154436,success
161,2000,8,2,4.0,2.3000000000000003,0.1,0.5700000000000001,7.0,3,360,64,76,0,0.47804813347974945,0.17873035321345218,success
162,2000,8,2,4.0,2.3000000000000003,0.1,0.5800000000000001,7.0,3,362,63,75,0,0.4662229674701814,0.16841051617229638,success
163,2000,8,2,4.0,2.3000000000000003,0.1,0.5900000000000001,7.0,3,365,60,75,0,0.46478204370955667,0.170709336455389,success
164,2000,8,2,4.0,2.3000000000000003,0.1,0.6000000000000001,7.0,3,368,57,75,0,0.458461034828452,0.15354819128485805,success
166,2000,8,2,4.0,2.3000000000000003,0.1,0.6200000000000001,7.0,3,370,58,72,0,0.4429522995475564,0.1416822444211372,success
167,2000,8,2,4.0,2.3000000000000003,0.1,0.6300000000000001,7.0,3,368,57,75,0,0.4547089413175662,0.16005955566767488,success
169,2000,8,2,4.0,2.3000000000000003,0.1,0.6500000000000001,7.0,3,373,51,76,0,0.46663329494689204,0.16895205236984429,success
165,2000,8,2,4.0,2.3000000000000003,0.1,0.6100000000000001,7.0,3,369,57,74,0,0.4480601254102277,0.15769919143756436,success
168,2000,8,2,4.0,2.3000000000000003,0.1,0.6400000000000001,7.0,3,370,53,77,0,0.4686691234146803,0.17011574875206434,success
172,2000,8,2,4.0,2.3000000000000003,0.1,0.6800000000000002,7.0,3,381,50,69,0,0.43129629553846344,0.14175414711791806,success
170,2000,8,2,4.0,2.3000000000000003,0.1,0.6600000000000001,7.0,3,373,52,75,0,0.45718344176546055,0.1568268937031732,success
171,2000,8,2,4.0,2.3000000000000003,0.1,0.6700000000000002,7.0,3,377,50,73,0,0.45720045779912627,0.15851585725620868,success
175,2000,8,2,4.0,2.3000000000000003,0.1,0.7100000000000002,7.0,3,388,41,71,0,0.4357822050636031,0.16439870612065435,success
173,2000,8,2,4.0,2.3000000000000003,0.1,0.6900000000000002,7.0,3,381,44,75,0,0.4486195005183872,0.17023612090816226,success
181,2000,8,2,4.0,2.3000000000000003,0.1,0.7700000000000002,7.0,3,400,33,67,0,0.4298619239946426,0.16493652919381238,success
180,2000,8,2,4.0,2.3000000000000003,0.1,0.7600000000000002,7.0,3,398,35,67,0,0.4265560318886488,0.16401439815095792,success
174,2000,8,2,4.0,2.3000000000000003,0.1,0.7000000000000002,7.0,3,386,42,72,0,0.43971840912707555,0.1638089352217199,success
176,2000,8,2,4.0,2.3000000000000003,0.1,0.7200000000000002,7.0,3,390,45,65,0,0.41554846643348603,0.1395529791800953,success
177,2000,8,2,4.0,2.3000000000000003,0.1,0.7300000000000002,7.0,3,394,43,63,0,0.41353872897965926,0.14624819102691441,success
179,2000,8,2,4.0,2.3000000000000003,0.1,0.7500000000000002,7.0,3,399,38,63,0,0.41348063238686456,0.1590627091158872,success
178,2000,8,2,4.0,2.3000000000000003,0.1,0.7400000000000002,7.0,3,396,44,60,0,0.4006175670237541,0.13861306161283887,success
183,2000,8,2,4.0,2.3000000000000003,0.1,0.7900000000000003,7.0,3,401,35,64,0,0.4057119529100246,0.15124846792985083,success
182,2000,8,2,4.0,2.3000000000000003,0.1,0.7800000000000002,7.0,3,400,35,65,0,0.4192422522681978,0.1689002067848811,success
186,2000,8,2,4.0,2.3000000000000003,0.1,0.8200000000000003,7.0,3,404,34,62,0,0.40689106505483935,0.16287563237445513,success
185,2000,8,2,4.0,2.3000000000000003,0.1,0.8100000000000003,7.0,3,403,35,62,0,0.4125220515540758,0.17375529108933782,success
184,2000,8,2,4.0,2.3000000000000003,0.1,0.8000000000000003,7.0,3,401,35,64,0,0.4050338806399265,0.15887778811149603,success
188,2000,8,2,4.0,2.3000000000000003,0.1,0.8400000000000003,7.0,3,407,31,62,0,0.3978710919910352,0.14391441986713321,success
190,2000,8,2,4.0,2.3000000000000003,0.1,0.8600000000000003,7.0,3,411,29,60,0,0.40361837911379267,0.14656528087360157,success
187,2000,8,2,4.0,2.3000000000000003,0.1,0.8300000000000003,7.0,3,405,32,63,0,0.4060705051733617,0.16457178917467474,success
189,2000,8,2,4.0,2.3000000000000003,0.1,0.8500000000000003,7.0,3,408,29,63,0,0.4012324020895776,0.1454394473834894,success
191,2000,8,2,4.0,2.3000000000000003,0.1,0.8700000000000003,7.0,3,409,27,64,0,0.4066881649209671,0.15309973595752335,success
192,2000,8,2,4.0,2.3000000000000003,0.1,0.8800000000000003,7.0,3,414,27,59,0,0.40042989198715556,0.1411917627174518,success
193,2000,8,2,4.0,2.3000000000000003,0.1,0.8900000000000003,7.0,3,415,26,59,0,0.4009386895952522,0.14912951097151755,success
195,2000,8,2,4.0,2.3000000000000003,0.1,0.9100000000000004,7.0,3,416,19,65,0,0.41656288893821775,0.16225148683658688,success
196,2000,8,2,4.0,2.3000000000000003,0.1,0.9200000000000004,7.0,3,417,19,64,0,0.40834235010854214,0.1543285385737935,success
194,2000,8,2,4.0,2.3000000000000003,0.1,0.9000000000000004,7.0,3,414,21,65,0,0.42512215701740064,0.16980503056335097,success
198,2000,8,2,4.0,2.3000000000000003,0.1,0.9400000000000004,7.0,3,418,18,64,0,0.40182147858217154,0.1467096436690787,success
197,2000,8,2,4.0,2.3000000000000003,0.1,0.9300000000000004,7.0,3,417,19,64,0,0.40510672560760064,0.1427104649205497,success
199,2000,8,2,4.0,2.3000000000000003,0.1,0.9500000000000004,7.0,3,418,19,63,0,0.4025469335451276,0.1521519919049586,success
200,2000,8,2,4.0,2.3000000000000003,0.1,0.9600000000000004,7.0,3,419,19,62,0,0.39586717548944167,0.13571045778200563,success
202,2000,8,2,4.0,2.3000000000000003,0.1,0.9800000000000004,7.0,3,423,17,60,0,0.39783293449499557,0.14202679757388129,success
201,2000,8,2,4.0,2.3000000000000003,0.1,0.9700000000000004,7.0,3,420,18,62,0,0.39490458097053144,0.1339386853119143,success
204,2000,8,2,4.0,2.3000000000000003,0.1,1.0000000000000004,7.0,3,425,16,59,0,0.37958282453408354,0.12480743720954902,success
203,2000,8,2,4.0,2.3000000000000003,0.1,0.9900000000000004,7.0,3,425,16,59,0,0.39351521890399743,0.137127393707122,success
205,2000,8,2,4.0,2.4000000000000004,0.1,0.5,7.0,3,327,85,88,0,0.4902586282891113,0.18727021823000906,success
208,2000,8,2,4.0,2.4000000000000004,0.1,0.53,7.0,3,335,85,80,0,0.46144258440651187,0.17157478318106667,success
213,2000,8,2,4.0,2.4000000000000004,0.1,0.5800000000000001,7.0,3,344,75,81,0,0.4664984030447331,0.1606880286750369,success
207,2000,8,2,4.0,2.4000000000000004,0.1,0.52,7.0,3,337,86,77,0,0.4461003685149899,0.15425274877351708,success
209,2000,8,2,4.0,2.4000000000000004,0.1,0.54,7.0,3,338,84,78,0,0.4645197728393123,0.16918902472538383,success
214,2000,8,2,4.0,2.4000000000000004,0.1,0.5900000000000001,7.0,3,346,76,78,0,0.46189889631717307,0.15880977190035664,success
206,2000,8,2,4.0,2.4000000000000004,0.1,0.51,7.0,3,331,85,84,0,0.48838482040273157,0.19323041015783393,success
211,2000,8,2,4.0,2.4000000000000004,0.1,0.56,7.0,3,338,80,82,0,0.47697006542198656,0.17006384235613461,success
212,2000,8,2,4.0,2.4000000000000004,0.1,0.5700000000000001,7.0,3,343,82,75,0,0.46490778105379055,0.15023048109595374,success
210,2000,8,2,4.0,2.4000000000000004,0.1,0.55,7.0,3,339,81,80,0,0.473356145030012,0.173716977385418,success
215,2000,8,2,4.0,2.4000000000000004,0.1,0.6000000000000001,7.0,3,347,75,78,0,0.46774215522081647,0.16616225573854787,success
216,2000,8,2,4.0,2.4000000000000004,0.1,0.6100000000000001,7.0,3,346,73,81,0,0.46115927983222316,0.16269414446588193,success
217,2000,8,2,4.0,2.4000000000000004,0.1,0.6200000000000001,7.0,3,349,73,78,0,0.45999584228160434,0.1649099621208274,success
218,2000,8,2,4.0,2.4000000000000004,0.1,0.6300000000000001,7.0,3,349,70,81,0,0.47040771800600173,0.17798230465930043,success
219,2000,8,2,4.0,2.4000000000000004,0.1,0.6400000000000001,7.0,3,348,66,86,0,0.47622176099876024,0.1791363913342583,success
221,2000,8,2,4.0,2.4000000000000004,0.1,0.6600000000000001,7.0,3,350,65,85,0,0.47732636900985737,0.1799951007080599,success
220,2000,8,2,4.0,2.4000000000000004,0.1,0.6500000000000001,7.0,3,350,68,82,0,0.4708631590160706,0.16854701923056623,success
222,2000,8,2,4.0,2.4000000000000004,0.1,0.6700000000000002,7.0,3,352,66,82,0,0.4540372266578726,0.15044486612689772,success
223,2000,8,2,4.0,2.4000000000000004,0.1,0.6800000000000002,7.0,3,356,62,82,0,0.4675657452705287,0.17832238140328896,success
224,2000,8,2,4.0,2.4000000000000004,0.1,0.6900000000000002,7.0,3,357,60,83,0,0.4478552965967264,0.1612557224410018,success
225,2000,8,2,4.0,2.4000000000000004,0.1,0.7000000000000002,7.0,3,360,58,82,0,0.44392317367511896,0.16166256504014548,success
226,2000,8,2,4.0,2.4000000000000004,0.1,0.7100000000000002,7.0,3,360,51,89,0,0.4607225694161032,0.1661717655728419,success
227,2000,8,2,4.0,2.4000000000000004,0.1,0.7200000000000002,7.0,3,361,47,92,0,0.46753585811666615,0.16811890632379198,success
229,2000,8,2,4.0,2.4000000000000004,0.1,0.7400000000000002,7.0,3,366,54,80,0,0.43517334775555216,0.1454334738226647,success
230,2000,8,2,4.0,2.4000000000000004,0.1,0.7500000000000002,7.0,3,369,49,82,0,0.4409825990255125,0.1560691657078886,success
228,2000,8,2,4.0,2.4000000000000004,0.1,0.7300000000000002,7.0,3,365,49,86,0,0.45341007636918246,0.1592006281709164,success
231,2000,8,2,4.0,2.4000000000000004,0.1,0.7600000000000002,7.0,3,369,49,82,0,0.43884231401239554,0.15433893495552475,success
233,2000,8,2,4.0,2.4000000000000004,0.1,0.7800000000000002,7.0,3,375,46,79,0,0.4257815532260386,0.1437391230285312,success
232,2000,8,2,4.0,2.4000000000000004,0.1,0.7700000000000002,7.0,3,374,47,79,0,0.4303917410772378,0.14774178257009277,success
234,2000,8,2,4.0,2.4000000000000004,0.1,0.7900000000000003,7.0,3,377,43,80,0,0.4237352296054365,0.14402291447968954,success
235,2000,8,2,4.0,2.4000000000000004,0.1,0.8000000000000003,7.0,3,376,43,81,0,0.4253490470703773,0.14493314014545278,success
245,2000,8,2,4.0,2.4000000000000004,0.1,0.9000000000000004,7.0,3,388,37,75,0,0.40409622215681595,0.12341859224238416,success
238,2000,8,2,4.0,2.4000000000000004,0.1,0.8300000000000003,7.0,3,377,42,81,0,0.4255336401275944,0.14422285132788407,success
237,2000,8,2,4.0,2.4000000000000004,0.1,0.8200000000000003,7.0,3,377,42,81,0,0.425189388819487,0.1425998945315248,success
236,2000,8,2,4.0,2.4000000000000004,0.1,0.8100000000000003,7.0,3,376,41,83,0,0.4321216407376784,0.14818957714908068,success
242,2000,8,2,4.0,2.4000000000000004,0.1,0.8700000000000003,7.0,3,383,37,80,0,0.4237576068712392,0.15620448206322624,success
243,2000,8,2,4.0,2.4000000000000004,0.1,0.8800000000000003,7.0,3,386,38,76,0,0.4081016517914347,0.1273586399397051,success
239,2000,8,2,4.0,2.4000000000000004,0.1,0.8400000000000003,7.0,3,378,40,82,0,0.426831772823893,0.14552117165916906,success
246,2000,8,2,4.0,2.4000000000000004,0.1,0.9100000000000004,7.0,3,389,33,78,0,0.42231178173797257,0.14602447202411536,success
240,2000,8,2,4.0,2.4000000000000004,0.1,0.8500000000000003,7.0,3,382,39,79,0,0.4178490151512193,0.1427810333283547,success
244,2000,8,2,4.0,2.4000000000000004,0.1,0.8900000000000003,7.0,3,388,35,77,0,0.4167494529566848,0.13499341450187954,success
247,2000,8,2,4.0,2.4000000000000004,0.1,0.9200000000000004,7.0,3,390,32,78,0,0.4203801141966737,0.15087045057753226,success
241,2000,8,2,4.0,2.4000000000000004,0.1,0.8600000000000003,7.0,3,380,38,82,0,0.4327408309114393,0.156874665554364,success
248,2000,8,2,4.0,2.4000000000000004,0.1,0.9300000000000004,7.0,3,389,32,79,0,0.41954008704839213,0.1519363001991749,success
249,2000,8,2,4.0,2.4000000000000004,0.1,0.9400000000000004,7.0,3,389,30,81,0,0.41466424811628627,0.14685722607594182,success
250,2000,8,2,4.0,2.4000000000000004,0.1,0.9500000000000004,7.0,3,390,30,80,0,0.4195053962021184,0.1537192302120331,success
251,2000,8,2,4.0,2.4000000000000004,0.1,0.9600000000000004,7.0,3,391,28,81,0,0.42571858346014396,0.1569064177356023,success
255,2000,8,2,4.0,2.4000000000000004,0.1,1.0000000000000004,7.0,3,402,24,74,0,0.411875645641411,0.15014978622028896,success
252,2000,8,2,4.0,2.4000000000000004,0.1,0.9700000000000004,7.0,3,393,22,85,0,0.4376072919649044,0.16955793417180748,success
254,2000,8,2,4.0,2.4000000000000004,0.1,0.9900000000000004,7.0,3,399,26,75,0,0.4143260285598613,0.15108904060079695,success
253,2000,8,2,4.0,2.4000000000000004,0.1,0.9800000000000004,7.0,3,396,25,79,0,0.42150355717044136,0.15787702228761838,success
256,2000,8,2,4.0,2.5000000000000004,0.1,0.5,7.0,3,305,98,97,0,0.5061953479657553,0.1902602700361137,success
257,2000,8,2,4.0,2.5000000000000004,0.1,0.51,7.0,3,312,98,90,0,0.4926889104466362,0.18777091961830628,success
259,2000,8,2,4.0,2.5000000000000004,0.1,0.53,7.0,3,311,97,92,0,0.4830545227506456,0.18822149091188944,success
261,2000,8,2,4.0,2.5000000000000004,0.1,0.55,7.0,3,317,94,89,0,0.4811645805842572,0.18050923627350737,success
258,2000,8,2,4.0,2.5000000000000004,0.1,0.52,7.0,3,311,97,92,0,0.48679431818961816,0.1890361373235154,success
260,2000,8,2,4.0,2.5000000000000004,0.1,0.54,7.0,3,314,97,89,0,0.47772000635153594,0.17665909303780702,success
264,2000,8,2,4.0,2.5000000000000004,0.1,0.5800000000000001,7.0,3,324,85,91,0,0.4775561928143709,0.15904966656948058,success
262,2000,8,2,4.0,2.5000000000000004,0.1,0.56,7.0,3,320,90,90,0,0.4777017147217842,0.16923946889964886,success
263,2000,8,2,4.0,2.5000000000000004,0.1,0.5700000000000001,7.0,3,322,89,89,0,0.48833308134407666,0.1713437380264388,success
265,2000,8,2,4.0,2.5000000000000004,0.1,0.5900000000000001,7.0,3,326,84,90,0,0.4774099586645443,0.15874995166661526,success
266,2000,8,2,4.0,2.5000000000000004,0.1,0.6000000000000001,7.0,3,327,84,89,0,0.47151951084894106,0.153471829593025,success
269,2000,8,2,4.0,2.5000000000000004,0.1,0.6300000000000001,7.0,3,328,80,92,0,0.4917031842679803,0.18408431760597777,success
267,2000,8,2,4.0,2.5000000000000004,0.1,0.6100000000000001,7.0,3,324,82,94,0,0.48520913893518053,0.17844028270687806,success
268,2000,8,2,4.0,2.5000000000000004,0.1,0.6200000000000001,7.0,3,326,82,92,0,0.4786616699629477,0.16517726701011384,success
271,2000,8,2,4.0,2.5000000000000004,0.1,0.6500000000000001,7.0,3,336,76,88,0,0.46771168408880875,0.15708731820717037,success
270,2000,8,2,4.0,2.5000000000000004,0.1,0.6400000000000001,7.0,3,331,77,92,0,0.4650478563374938,0.14951364154629193,success
272,2000,8,2,4.0,2.5000000000000004,0.1,0.6600000000000001,7.0,3,339,75,86,0,0.4582046551630383,0.15122127998293033,success
273,2000,8,2,4.0,2.5000000000000004,0.1,0.6700000000000002,7.0,3,340,76,84,0,0.46656984243325844,0.15899973794172462,success
275,2000,8,2,4.0,2.5000000000000004,0.1,0.6900000000000002,7.0,3,338,71,91,0,0.4640055743070485,0.16411558199809936,success
276,2000,8,2,4.0,2.5000000000000004,0.1,0.7000000000000002,7.0,3,342,68,90,0,0.4662792338670365,0.1697672961076036,success
277,2000,8,2,4.0,2.5000000000000004,0.1,0.7100000000000002,7.0,3,346,68,86,0,0.453503018217979,0.15414453996937316,success
280,2000,8,2,4.0,2.5000000000000004,0.1,0.7400000000000002,7.0,3,355,64,81,0,0.45642507861100695,0.1620986513687674,success
278,2000,8,2,4.0,2.5000000000000004,0.1,0.7200000000000002,7.0,3,352,66,82,0,0.4584423110139861,0.16105315843958473,success
274,2000,8,2,4.0,2.5000000000000004,0.1,0.6800000000000002,7.0,3,340,75,85,0,0.4622909275872229,0.16300917687831812,success
279,2000,8,2,4.0,2.5000000000000004,0.1,0.7300000000000002,7.0,3,355,67,78,0,0.44895369907609106,0.16039034529487997,success
282,2000,8,2,4.0,2.5000000000000004,0.1,0.7600000000000002,7.0,3,357,64,79,0,0.44770628157353176,0.15785989644416457,success
281,2000,8,2,4.0,2.5000000000000004,0.1,0.7500000000000002,7.0,3,358,62,80,0,0.44797714189380533,0.15086166141817783,success
283,2000,8,2,4.0,2.5000000000000004,0.1,0.7700000000000002,7.0,3,359,63,78,0,0.4487613173082434,0.1585452352984608,success
285,2000,8,2,4.0,2.5000000000000004,0.1,0.7900000000000003,7.0,3,363,57,80,0,0.44266165338998303,0.14897434961289896,success
284,2000,8,2,4.0,2.5000000000000004,0.1,0.7800000000000002,7.0,3,361,62,77,0,0.4371165709166583,0.14723857355037823,success
286,2000,8,2,4.0,2.5000000000000004,0.1,0.8000000000000003,7.0,3,363,58,79,0,0.43082804286345106,0.13644877824302115,success
287,2000,8,2,4.0,2.5000000000000004,0.1,0.8100000000000003,7.0,3,361,55,84,0,0.4408502312289463,0.15017995213396834,success
288,2000,8,2,4.0,2.5000000000000004,0.1,0.8200000000000003,7.0,3,365,55,80,0,0.433803461334276,0.1547993610770243,success
291,2000,8,2,4.0,2.5000000000000004,0.1,0.8500000000000003,7.0,3,370,49,81,0,0.43676441180463943,0.15177775229250834,success
292,2000,8,2,4.0,2.5000000000000004,0.1,0.8600000000000003,7.0,3,370,49,81,0,0.4291437384066185,0.1335356259725365,success
289,2000,8,2,4.0,2.5000000000000004,0.1,0.8300000000000003,7.0,3,365,53,82,0,0.4450828265788018,0.16083336411514562,success
290,2000,8,2,4.0,2.5000000000000004,0.1,0.8400000000000003,7.0,3,366,52,82,0,0.4458331281597249,0.16541618676845002,success
294,2000,8,2,4.0,2.5000000000000004,0.1,0.8800000000000003,7.0,3,374,47,79,0,0.4345964296892363,0.15178938488321722,success
293,2000,8,2,4.0,2.5000000000000004,0.1,0.8700000000000003,7.0,3,370,49,81,0,0.4265628463025969,0.134888204431222,success
296,2000,8,2,4.0,2.5000000000000004,0.1,0.9000000000000004,7.0,3,374,48,78,0,0.42783841946978174,0.13420789252421245,success
295,2000,8,2,4.0,2.5000000000000004,0.1,0.8900000000000003,7.0,3,375,48,77,0,0.42853880303455943,0.13833155973633468,success
301,2000,8,2,4.0,2.5000000000000004,0.1,0.9500000000000004,7.0,3,378,42,80,0,0.43221990474568717,0.1376084713476886,success
300,2000,8,2,4.0,2.5000000000000004,0.1,0.9400000000000004,7.0,3,375,44,81,0,0.4284638571642686,0.13951117802000385,success
297,2000,8,2,4.0,2.5000000000000004,0.1,0.9100000000000004,7.0,3,373,46,81,0,0.43294496773600344,0.13838067339568236,success
302,2000,8,2,4.0,2.5000000000000004,0.1,0.9600000000000004,7.0,3,380,41,79,0,0.4401760626480087,0.1509878968635253,success
299,2000,8,2,4.0,2.5000000000000004,0.1,0.9300000000000004,7.0,3,376,46,78,0,0.4219438084394685,0.12982837913007286,success
298,2000,8,2,4.0,2.5000000000000004,0.1,0.9200000000000004,7.0,3,372,44,84,0,0.4388217917266816,0.1438112441400729,success
304,2000,8,2,4.0,2.5000000000000004,0.1,0.9800000000000004,7.0,3,379,36,85,0,0.45113941607859426,0.16506219777477768,success
303,2000,8,2,4.0,2.5000000000000004,0.1,0.9700000000000004,7.0,3,380,40,80,0,0.4330440069121252,0.14760216611310728,success
305,2000,8,2,4.0,2.5000000000000004,0.1,0.9900000000000004,7.0,3,381,40,79,0,0.42169670473726484,0.13527615473463292,success
306,2000,8,2,4.0,2.5000000000000004,0.1,1.0000000000000004,7.0,3,385,38,77,0,0.41870055941047263,0.1394154504818064,success
308,2000,8,2,4.0,2.6000000000000005,0.1,0.51,7.0,3,290,117,93,0,0.5107851969364183,0.19201079747845806,success
309,2000,8,2,4.0,2.6000000000000005,0.1,0.52,7.0,3,299,117,84,0,0.4856571484399102,0.18592997656424506,success
310,2000,8,2,4.0,2.6000000000000005,0.1,0.53,7.0,3,296,112,92,0,0.4969470795107309,0.19222126586571006,success
307,2000,8,2,4.0,2.6000000000000005,0.1,0.5,7.0,3,289,116,95,0,0.5070360350661508,0.18112358901437803,success
311,2000,8,2,4.0,2.6000000000000005,0.1,0.54,7.0,3,299,112,89,0,0.49071090977856957,0.17333043049399707,success
312,2000,8,2,4.0,2.6000000000000005,0.1,0.55,7.0,3,302,112,86,0,0.4799469153489908,0.16615807396865648,success
314,2000,8,2,4.0,2.6000000000000005,0.1,0.5700000000000001,7.0,3,307,108,85,0,0.48542720398866396,0.15914436003411597,success
313,2000,8,2,4.0,2.6000000000000005,0.1,0.56,7.0,3,303,109,88,0,0.49615706272877946,0.1813615141182751,success
316,2000,8,2,4.0,2.6000000000000005,0.1,0.5900000000000001,7.0,3,303,104,93,0,0.5044067726572463,0.18481048275824552,success
315,2000,8,2,4.0,2.6000000000000005,0.1,0.5800000000000001,7.0,3,306,100,94,0,0.5044789514564214,0.17987526426470854,success
317,2000,8,2,4.0,2.6000000000000005,0.1,0.6000000000000001,7.0,3,304,103,93,0,0.5009025790207954,0.17663278152339462,success
318,2000,8,2,4.0,2.6000000000000005,0.1,0.6100000000000001,7.0,3,306,97,97,0,0.4977545708450899,0.17711120586865184,success
319,2000,8,2,4.0,2.6000000000000005,0.1,0.6200000000000001,7.0,3,310,99,91,0,0.47868363466518754,0.1649980966710279,success
320,2000,8,2,4.0,2.6000000000000005,0.1,0.6300000000000001,7.0,3,311,95,94,0,0.4965680170413217,0.17877201199163575,success
321,2000,8,2,4.0,2.6000000000000005,0.1,0.6400000000000001,7.0,3,316,88,96,0,0.4897617708274691,0.16923786699423438,success
325,2000,8,2,4.0,2.6000000000000005,0.1,0.6800000000000002,7.0,3,322,86,92,0,0.4698150371356831,0.1653943819362386,success
324,2000,8,2,4.0,2.6000000000000005,0.1,0.6700000000000002,7.0,3,320,81,99,0,0.49443868369687655,0.17386941123582575,success
322,2000,8,2,4.0,2.6000000000000005,0.1,0.6500000000000001,7.0,3,317,87,96,0,0.4828561677560856,0.15840526360492505,success
326,2000,8,2,4.0,2.6000000000000005,0.1,0.6900000000000002,7.0,3,322,85,93,0,0.4547429013588638,0.14781070519414136,success
323,2000,8,2,4.0,2.6000000000000005,0.1,0.6600000000000001,7.0,3,318,84,98,0,0.48973515548124735,0.17243623124915153,success
327,2000,8,2,4.0,2.6000000000000005,0.1,0.7000000000000002,7.0,3,324,78,98,0,0.47218736329757505,0.15422874828239738,success
328,2000,8,2,4.0,2.6000000000000005,0.1,0.7100000000000002,7.0,3,321,76,103,0,0.4812476919529141,0.16130944258634333,success
335,2000,8,2,4.0,2.6000000000000005,0.1,0.7800000000000002,7.0,3,332,70,98,0,0.4552211213607094,0.14622710074960452,success
336,2000,8,2,4.0,2.6000000000000005,0.1,0.7900000000000003,7.0,3,331,68,101,0,0.45522505620564907,0.15506382757243548,success
334,2000,8,2,4.0,2.6000000000000005,0.1,0.7700000000000002,7.0,3,328,67,105,0,0.4683129886918326,0.15107140876220107,success
333,2000,8,2,4.0,2.6000000000000005,0.1,0.7600000000000002,7.0,3,327,70,103,0,0.4678005884075454,0.16087342557800546,success
330,2000,8,2,4.0,2.6000000000000005,0.1,0.7300000000000002,7.0,3,327,73,100,0,0.46702858120272395,0.15069181647544277,success
332,2000,8,2,4.0,2.6000000000000005,0.1,0.7500000000000002,7.0,3,327,75,98,0,0.46662709978148914,0.16102814622711864,success
329,2000,8,2,4.0,2.6000000000000005,0.1,0.7200000000000002,7.0,3,324,77,99,0,0.4777858304767833,0.16178843004487656,success
331,2000,8,2,4.0,2.6000000000000005,0.1,0.7400000000000002,7.0,3,326,73,101,0,0.47149242927578616,0.15796606286942305,success
338,2000,8,2,4.0,2.6000000000000005,0.1,0.8100000000000003,7.0,3,331,68,101,0,0.45424598829105184,0.15883116165710337,success
339,2000,8,2,4.0,2.6000000000000005,0.1,0.8200000000000003,7.0,3,329,67,104,0,0.45285379423485767,0.15209173047336189,success
337,2000,8,2,4.0,2.6000000000000005,0.1,0.8000000000000003,7.0,3,333,67,100,0,0.4491957388580726,0.14597859771170457,success
340,2000,8,2,4.0,2.6000000000000005,0.1,0.8300000000000003,7.0,3,331,61,108,0,0.46576204599101373,0.15993946899149894,success
341,2000,8,2,4.0,2.6000000000000005,0.1,0.8400000000000003,7.0,3,332,60,108,0,0.4644800114941931,0.16066152390951102,success
342,2000,8,2,4.0,2.6000000000000005,0.1,0.8500000000000003,7.0,3,333,65,102,0,0.4449022353382623,0.14923555638050004,success
343,2000,8,2,4.0,2.6000000000000005,0.1,0.8600000000000003,7.0,3,337,62,101,0,0.451917594756029,0.156589297354813,success
344,2000,8,2,4.0,2.6000000000000005,0.1,0.8700000000000003,7.0,3,338,63,99,0,0.4400549293524511,0.144963956464538,success
345,2000,8,2,4.0,2.6000000000000005,0.1,0.8800000000000003,7.0,3,340,62,98,0,0.44061779971242876,0.14971232041655286,success
348,2000,8,2,4.0,2.6000000000000005,0.1,0.9100000000000004,7.0,3,340,61,99,0,0.44445711661253096,0.1575001061406059,success
347,2000,8,2,4.0,2.6000000000000005,0.1,0.9000000000000004,7.0,3,339,63,98,0,0.44095943457410114,0.14746726506779143,success
346,2000,8,2,4.0,2.6000000000000005,0.1,0.8900000000000003,7.0,3,340,64,96,0,0.43583169294456386,0.1421331517752433,success
349,2000,8,2,4.0,2.6000000000000005,0.1,0.9200000000000004,7.0,3,346,59,95,0,0.43247265962126974,0.14505047808844415,success
351,2000,8,2,4.0,2.6000000000000005,0.1,0.9400000000000004,7.0,3,345,60,95,0,0.43551315802105933,0.15028602453591622,success
350,2000,8,2,4.0,2.6000000000000005,0.1,0.9300000000000004,7.0,3,347,60,93,0,0.42929053502956566,0.13837488226434183,success
352,2000,8,2,4.0,2.6000000000000005,0.1,0.9500000000000004,7.0,3,344,58,98,0,0.4442631232700589,0.16062642025342477,success
354,2000,8,2,4.0,2.6000000000000005,0.1,0.9700000000000004,7.0,3,346,57,97,0,0.43733460787227174,0.14547048101100749,success
353,2000,8,2,4.0,2.6000000000000005,0.1,0.9600000000000004,7.0,3,344,58,98,0,0.44012270351102484,0.15018124689246834,success
355,2000,8,2,4.0,2.6000000000000005,0.1,0.9800000000000004,7.0,3,349,54,97,0,0.44489795322827835,0.14987174083227559,success
357,2000,8,2,4.0,2.6000000000000005,0.1,1.0000000000000004,7.0,3,355,50,95,0,0.44430667588293143,0.1521012596511363,success
356,2000,8,2,4.0,2.6000000000000005,0.1,0.9900000000000004,7.0,3,352,51,97,0,0.4449243419767847,0.1541620647458334,success
358,2000,8,2,4.0,2.7000000000000006,0.1,0.5,7.0,3,265,139,96,0,0.5193624673528794,0.19738224544784877,success
359,2000,8,2,4.0,2.7000000000000006,0.1,0.51,7.0,3,267,140,93,0,0.5012255034473939,0.19864299267571645,success
361,2000,8,2,4.0,2.7000000000000006,0.1,0.53,7.0,3,269,136,95,0,0.48170129319012794,0.19390712724201828,success
362,2000,8,2,4.0,2.7000000000000006,0.1,0.54,7.0,3,273,132,95,0,0.48552717082938357,0.19504204914589574,success
360,2000,8,2,4.0,2.7000000000000006,0.1,0.52,7.0,3,270,138,92,0,0.48260893934171,0.184753792933505,success
368,2000,8,2,4.0,2.7000000000000006,0.1,0.6000000000000001,7.0,3,282,120,98,0,0.48250211588006575,0.1837062994926063,success
364,2000,8,2,4.0,2.7000000000000006,0.1,0.56,7.0,3,275,126,99,0,0.4811471225266754,0.17162454363356067,success
363,2000,8,2,4.0,2.7000000000000006,0.1,0.55,7.0,3,273,132,95,0,0.4847753388584634,0.19810082727402212,success
365,2000,8,2,4.0,2.7000000000000006,0.1,0.5700000000000001,7.0,3,276,126,98,0,0.4995578551104811,0.18512428744882384,success
367,2000,8,2,4.0,2.7000000000000006,0.1,0.5900000000000001,7.0,3,282,122,96,0,0.4760852816760999,0.17507761905783817,success
369,2000,8,2,4.0,2.7000000000000006,0.1,0.6100000000000001,7.0,3,284,121,95,0,0.46923822394997977,0.17570376039402366,success
370,2000,8,2,4.0,2.7000000000000006,0.1,0.6200000000000001,7.0,3,282,120,98,0,0.486245564186066,0.19082723070181112,success
366,2000,8,2,4.0,2.7000000000000006,0.1,0.5800000000000001,7.0,3,276,123,101,0,0.48807443723491833,0.17684966336555213,success
372,2000,8,2,4.0,2.7000000000000006,0.1,0.6400000000000001,7.0,3,287,116,97,0,0.47126758272891733,0.1761868102213602,success
371,2000,8,2,4.0,2.7000000000000006,0.1,0.6300000000000001,7.0,3,285,122,93,0,0.4723924482599311,0.18834350568144384,success
373,2000,8,2,4.0,2.7000000000000006,0.1,0.6500000000000001,7.0,3,286,114,100,0,0.4798024768405343,0.18262410141064772,success
375,2000,8,2,4.0,2.7000000000000006,0.1,0.6700000000000002,7.0,3,293,107,100,0,0.4667277201107262,0.16624761534008947,success
376,2000,8,2,4.0,2.7000000000000006,0.1,0.6800000000000002,7.0,3,299,107,94,0,0.45436636192940255,0.1569574629312251,success
374,2000,8,2,4.0,2.7000000000000006,0.1,0.6600000000000001,7.0,3,291,110,99,0,0.4701039477394793,0.17803928270241445,success
377,2000,8,2,4.0,2.7000000000000006,0.1,0.6900000000000002,7.0,3,298,102,100,0,0.4680499449337093,0.16262873674426567,success
379,2000,8,2,4.0,2.7000000000000006,0.1,0.7100000000000002,7.0,3,297,101,102,0,0.47511429289222473,0.1665026573092171,success
378,2000,8,2,4.0,2.7000000000000006,0.1,0.7000000000000002,7.0,3,299,100,101,0,0.47862974627544785,0.16992683041630843,success
380,2000,8,2,4.0,2.7000000000000006,0.1,0.7200000000000002,7.0,3,298,98,104,0,0.46707329969530076,0.16129567361513855,success
381,2000,8,2,4.0,2.7000000000000006,0.1,0.7300000000000002,7.0,3,300,97,103,0,0.45802644226670136,0.1544431334266404,success
382,2000,8,2,4.0,2.7000000000000006,0.1,0.7400000000000002,7.0,3,297,91,112,0,0.48362678045161955,0.17705600262765922,success
383,2000,8,2,4.0,2.7000000000000006,0.1,0.7500000000000002,7.0,3,298,90,112,0,0.4790113643467318,0.1683690889870971,success
384,2000,8,2,4.0,2.7000000000000006,0.1,0.7600000000000002,7.0,3,299,92,109,0,0.46798876429924047,0.15944345170587962,success
385,2000,8,2,4.0,2.7000000000000006,0.1,0.7700000000000002,7.0,3,296,89,115,0,0.4771628460893152,0.16457089594408886,success
388,2000,8,2,4.0,2.7000000000000006,0.1,0.8000000000000003,7.0,3,305,85,110,0,0.4733041483803257,0.16978243136834,success
386,2000,8,2,4.0,2.7000000000000006,0.1,0.7800000000000002,7.0,3,299,85,116,0,0.4853651062651249,0.16975100021177725,success
387,2000,8,2,4.0,2.7000000000000006,0.1,0.7900000000000003,7.0,3,302,87,111,0,0.46879472081155166,0.16894168184943031,success
389,2000,8,2,4.0,2.7000000000000006,0.1,0.8100000000000003,7.0,3,306,89,105,0,0.4648112049703971,0.1633547544389403,success
390,2000,8,2,4.0,2.7000000000000006,0.1,0.8200000000000003,7.0,3,308,86,106,0,0.4615111616315743,0.16546248529470925,success
391,2000,8,2,4.0,2.7000000000000006,0.1,0.8300000000000003,7.0,3,305,83,112,0,0.47952262332330436,0.17658503694367264,success
393,2000,8,2,4.0,2.7000000000000006,0.1,0.8500000000000003,7.0,3,309,83,108,0,0.4505028494223332,0.15339135187632946,success
392,2000,8,2,4.0,2.7000000000000006,0.1,0.8400000000000003,7.0,3,308,84,108,0,0.45954489281613015,0.16363548452606488,success
394,2000,8,2,4.0,2.7000000000000006,0.1,0.8600000000000003,7.0,3,313,82,105,0,0.4660864252118572,0.17748369666388603,success
401,2000,8,2,4.0,2.7000000000000006,0.1,0.9300000000000004,7.0,3,318,79,103,0,0.450512941381749,0.16189606509264418,success
398,2000,8,2,4.0,2.7000000000000006,0.1,0.9000000000000004,7.0,3,314,83,103,0,0.45317691647590985,0.15964624259172508,success
397,2000,8,2,4.0,2.7000000000000006,0.1,0.8900000000000003,7.0,3,312,81,107,0,0.4614884575668626,0.17059275177826644,success
400,2000,8,2,4.0,2.7000000000000006,0.1,0.9200000000000004,7.0,3,316,83,101,0,0.44433324019031056,0.14951932118660208,success
396,2000,8,2,4.0,2.7000000000000006,0.1,0.8800000000000003,7.0,3,315,84,101,0,0.45122911027775925,0.16635237671850436,success
402,2000,8,2,4.0,2.7000000000000006,0.1,0.9400000000000004,7.0,3,318,76,106,0,0.4548595512927626,0.16396701295584665,success
395,2000,8,2,4.0,2.7000000000000006,0.1,0.8700000000000003,7.0,3,313,84,103,0,0.4450410849449628,0.15342821029453582,success
399,2000,8,2,4.0,2.7000000000000006,0.1,0.9100000000000004,7.0,3,315,83,102,0,0.4436889950305774,0.14469550608829643,success
403,2000,8,2,4.0,2.7000000000000006,0.1,0.9500000000000004,7.0,3,320,79,101,0,0.4455615611948276,0.1525959779516164,success
404,2000,8,2,4.0,2.7000000000000006,0.1,0.9600000000000004,7.0,3,321,80,99,0,0.44538214602302423,0.15084525992632886,success
405,2000,8,2,4.0,2.7000000000000006,0.1,0.9700000000000004,7.0,3,323,79,98,0,0.437291755941493,0.1398105436823025,success
406,2000,8,2,4.0,2.7000000000000006,0.1,0.9800000000000004,7.0,3,328,75,97,0,0.44897272750747463,0.1540356403290303,success
407,2000,8,2,4.0,2.7000000000000006,0.1,0.9900000000000004,7.0,3,330,73,97,0,0.44294840255153023,0.14946571088823857,success
408,2000,8,2,4.0,2.7000000000000006,0.1,1.0000000000000004,7.0,3,331,71,98,0,0.45051070796528503,0.15919851046234273,success
410,2000,8,2,4.0,2.8000000000000007,0.1,0.51,7.0,3,241,150,109,0,0.5232381299546568,0.19195132672532164,success
409,2000,8,2,4.0,2.8000000000000007,0.1,0.5,7.0,3,242,155,103,0,0.5194770482797516,0.19232786915059832,success
411,2000,8,2,4.0,2.8000000000000007,0.1,0.52,7.0,3,246,148,106,0,0.522177599527728,0.19946885193933395,success
413,2000,8,2,4.0,2.8000000000000007,0.1,0.54,7.0,3,248,144,108,0,0.5163473434046026,0.19383969122157957,success
412,2000,8,2,4.0,2.8000000000000007,0.1,0.53,7.0,3,250,144,106,0,0.5081998710043596,0.18577696019767742,success
414,2000,8,2,4.0,2.8000000000000007,0.1,0.55,7.0,3,256,144,100,0,0.48711699475027415,0.18305655695119807,success
415,2000,8,2,4.0,2.8000000000000007,0.1,0.56,7.0,3,253,138,109,0,0.5028474542001934,0.190729823052487,success
416,2000,8,2,4.0,2.8000000000000007,0.1,0.5700000000000001,7.0,3,261,137,102,0,0.4938146564915847,0.17812038033093167,success
417,2000,8,2,4.0,2.8000000000000007,0.1,0.5800000000000001,7.0,3,260,136,104,0,0.5014391739804916,0.18503865687888943,success
418,2000,8,2,4.0,2.8000000000000007,0.1,0.5900000000000001,7.0,3,262,130,108,0,0.5126734476171375,0.19004101901171983,success
419,2000,8,2,4.0,2.8000000000000007,0.1,0.6000000000000001,7.0,3,264,127,109,0,0.5062060233929307,0.18212013505669286,success
420,2000,8,2,4.0,2.8000000000000007,0.1,0.6100000000000001,7.0,3,269,128,103,0,0.4883951620274467,0.16636752013736725,success
422,2000,8,2,4.0,2.8000000000000007,0.1,0.6300000000000001,7.0,3,273,126,101,0,0.48642060114287333,0.17314946090699074,success
421,2000,8,2,4.0,2.8000000000000007,0.1,0.6200000000000001,7.0,3,272,129,99,0,0.4824455728948435,0.16987956067096355,success
424,2000,8,2,4.0,2.8000000000000007,0.1,0.6500000000000001,7.0,3,269,124,107,0,0.4921766687332611,0.17712535617704595,success
425,2000,8,2,4.0,2.8000000000000007,0.1,0.6600000000000001,7.0,3,270,120,110,0,0.48452203255743004,0.1774099895955353,success
426,2000,8,2,4.0,2.8000000000000007,0.1,0.6700000000000002,7.0,3,274,121,105,0,0.4715344791598573,0.16825226149138392,success
423,2000,8,2,4.0,2.8000000000000007,0.1,0.6400000000000001,7.0,3,272,123,105,0,0.48983538657801484,0.17403173812567774,success
431,2000,8,2,4.0,2.8000000000000007,0.1,0.7200000000000002,7.0,3,281,109,110,0,0.4902054130858516,0.17759255944591687,success
427,2000,8,2,4.0,2.8000000000000007,0.1,0.6800000000000002,7.0,3,278,120,102,0,0.4729595270751367,0.17891324306209927,success
430,2000,8,2,4.0,2.8000000000000007,0.1,0.7100000000000002,7.0,3,280,114,106,0,0.48506036492500804,0.17495097159272363,success
428,2000,8,2,4.0,2.8000000000000007,0.1,0.6900000000000002,7.0,3,278,122,100,0,0.4558800533089829,0.16123934993928155,success
435,2000,8,2,4.0,2.8000000000000007,0.1,0.7600000000000002,7.0,3,282,102,116,0,0.48861751305655315,0.17414939272467223,success
429,2000,8,2,4.0,2.8000000000000007,0.1,0.7000000000000002,7.0,3,281,118,101,0,0.4661594818077437,0.1682991157755081,success
434,2000,8,2,4.0,2.8000000000000007,0.1,0.7500000000000002,7.0,3,284,107,109,0,0.4753102706384664,0.15865050139333733,success
432,2000,8,2,4.0,2.8000000000000007,0.1,0.7300000000000002,7.0,3,284,107,109,0,0.47604773751665386,0.16216083797455963,success
433,2000,8,2,4.0,2.8000000000000007,0.1,0.7400000000000002,7.0,3,285,106,109,0,0.47205146064479586,0.15656504698693197,success
436,2000,8,2,4.0,2.8000000000000007,0.1,0.7700000000000002,7.0,3,282,103,115,0,0.4782666013420798,0.1578819482678966,success
439,2000,8,2,4.0,2.8000000000000007,0.1,0.8000000000000003,7.0,3,289,95,116,0,0.4698139719448139,0.15274697379342422,success
437,2000,8,2,4.0,2.8000000000000007,0.1,0.7800000000000002,7.0,3,285,102,113,0,0.4823516985459316,0.16861762229739707,success
438,2000,8,2,4.0,2.8000000000000007,0.1,0.7900000000000003,7.0,3,284,97,119,0,0.4775048976535564,0.1598670349902947,success
440,2000,8,2,4.0,2.8000000000000007,0.1,0.8100000000000003,7.0,3,290,99,111,0,0.45657940331836044,0.14368248496315567,success
441,2000,8,2,4.0,2.8000000000000007,0.1,0.8200000000000003,7.0,3,287,99,114,0,0.4643367960988712,0.1523500507018663,success
442,2000,8,2,4.0,2.8000000000000007,0.1,0.8300000000000003,7.0,3,288,97,115,0,0.4700989928841846,0.15699615644277384,success
443,2000,8,2,4.0,2.8000000000000007,0.1,0.8400000000000003,7.0,3,290,98,112,0,0.46424951697573913,0.15873527756984243,success
444,2000,8,2,4.0,2.8000000000000007,0.1,0.8500000000000003,7.0,3,290,96,114,0,0.4708235405318181,0.16106280674316695,success
445,2000,8,2,4.0,2.8000000000000007,0.1,0.8600000000000003,7.0,3,293,94,113,0,0.46988949261856316,0.15637497164912217,success
446,2000,8,2,4.0,2.8000000000000007,0.1,0.8700000000000003,7.0,3,295,95,110,0,0.46691294686075063,0.15633736175942634,success
447,2000,8,2,4.0,2.8000000000000007,0.1,0.8800000000000003,7.0,3,297,92,111,0,0.4658544997101098,0.1523869351048309,success
448,2000,8,2,4.0,2.8000000000000007,0.1,0.8900000000000003,7.0,3,298,91,111,0,0.46903620367706456,0.15511519766782114,success
449,2000,8,2,4.0,2.8000000000000007,0.1,0.9000000000000004,7.0,3,302,93,105,0,0.46184276642079586,0.15566636880794965,success
450,2000,8,2,4.0,2.8000000000000007,0.1,0.9100000000000004,7.0,3,302,93,105,0,0.4696922563837234,0.16867157872606656,success
451,2000,8,2,4.0,2.8000000000000007,0.1,0.9200000000000004,7.0,3,300,97,103,0,0.4573570544676409,0.15069972494914774,success
453,2000,8,2,4.0,2.8000000000000007,0.1,0.9400000000000004,7.0,3,299,92,109,0,0.47455263192667096,0.16448742068673122,success
454,2000,8,2,4.0,2.8000000000000007,0.1,0.9500000000000004,7.0,3,301,92,107,0,0.4708057674302251,0.15930427663954408,success
452,2000,8,2,4.0,2.8000000000000007,0.1,0.9300000000000004,7.0,3,301,95,104,0,0.4613715767709076,0.1515975072900683,success
455,2000,8,2,4.0,2.8000000000000007,0.1,0.9600000000000004,7.0,3,300,91,109,0,0.4672747625156845,0.1517248991703897,success
456,2000,8,2,4.0,2.8000000000000007,0.1,0.9700000000000004,7.0,3,302,88,110,0,0.47482482548482585,0.15911999425682175,success
457,2000,8,2,4.0,2.8000000000000007,0.1,0.9800000000000004,7.0,3,306,89,105,0,0.46781436979218566,0.15197149795895673,success
459,2000,8,2,4.0,2.8000000000000007,0.1,1.0000000000000004,7.0,3,307,80,113,0,0.4843009963348605,0.16491477270919463,success
458,2000,8,2,4.0,2.8000000000000007,0.1,0.9900000000000004,7.0,3,307,82,111,0,0.4789148270969848,0.1623546894922647,success
461,2000,8,2,4.0,2.900000000000001,0.1,0.51,7.0,3,223,175,102,0,0.5361871795546047,0.19839561405590025,success
460,2000,8,2,4.0,2.900000000000001,0.1,0.5,7.0,3,217,177,106,0,0.5592362175360045,0.21757470488917607,success
464,2000,8,2,4.0,2.900000000000001,0.1,0.54,7.0,3,231,160,109,0,0.5515875914456373,0.19545126929235532,success
465,2000,8,2,4.0,2.900000000000001,0.1,0.55,7.0,3,233,163,104,0,0.5328042485752175,0.1873861626764167,success
462,2000,8,2,4.0,2.900000000000001,0.1,0.52,7.0,3,224,174,102,0,0.5326123234246016,0.1882903152363147,success
463,2000,8,2,4.0,2.900000000000001,0.1,0.53,7.0,3,227,169,104,0,0.5361802012501409,0.19521604569469098,success
466,2000,8,2,4.0,2.900000000000001,0.1,0.56,7.0,3,234,160,106,0,0.5247365081796577,0.1954291810103588,success
467,2000,8,2,4.0,2.900000000000001,0.1,0.5700000000000001,7.0,3,233,157,110,0,0.5306061507042977,0.18970013438240863,success
468,2000,8,2,4.0,2.900000000000001,0.1,0.5800000000000001,7.0,3,237,153,110,0,0.5181497716745785,0.17461078801471333,success
471,2000,8,2,4.0,2.900000000000001,0.1,0.6100000000000001,7.0,3,246,146,108,0,0.5143510753721832,0.1756261664131352,success
469,2000,8,2,4.0,2.900000000000001,0.1,0.5900000000000001,7.0,3,234,152,114,0,0.533224969444352,0.19029530140988762,success
470,2000,8,2,4.0,2.900000000000001,0.1,0.6000000000000001,7.0,3,242,149,109,0,0.517732090882994,0.17880189024024412,success
472,2000,8,2,4.0,2.900000000000001,0.1,0.6200000000000001,7.0,3,244,144,112,0,0.5207829476227247,0.17622736430666763,success
474,2000,8,2,4.0,2.900000000000001,0.1,0.6400000000000001,7.0,3,245,143,112,0,0.518486703128931,0.18312964345224453,success
473,2000,8,2,4.0,2.900000000000001,0.1,0.6300000000000001,7.0,3,243,140,117,0,0.5403758082103514,0.1970097766418625,success
475,2000,8,2,4.0,2.900000000000001,0.1,0.6500000000000001,7.0,3,244,138,118,0,0.5175987970152641,0.17914292524300196,success
476,2000,8,2,4.0,2.900000000000001,0.1,0.6600000000000001,7.0,3,250,138,112,0,0.5083746327800711,0.17379312739039565,success
477,2000,8,2,4.0,2.900000000000001,0.1,0.6700000000000002,7.0,3,251,137,112,0,0.5105899637830772,0.1756457032232084,success
479,2000,8,2,4.0,2.900000000000001,0.1,0.6900000000000002,7.0,3,253,138,109,0,0.4911136322836478,0.15867170203533168,success
478,2000,8,2,4.0,2.900000000000001,0.1,0.6800000000000002,7.0,3,253,136,111,0,0.5084316339515547,0.17745206434792377,success
480,2000,8,2,4.0,2.900000000000001,0.1,0.7000000000000002,7.0,3,252,136,112,0,0.5094186030463334,0.178630297986764,success
481,2000,8,2,4.0,2.900000000000001,0.1,0.7100000000000002,7.0,3,253,134,113,0,0.5113276267041215,0.16635042500256902,success
482,2000,8,2,4.0,2.900000000000001,0.1,0.7200000000000002,7.0,3,252,133,115,0,0.5167067725495618,0.1721750941700565,success
483,2000,8,2,4.0,2.900000000000001,0.1,0.7300000000000002,7.0,3,255,130,115,0,0.520134595714094,0.16850222829053876,success
485,2000,8,2,4.0,2.900000000000001,0.1,0.7500000000000002,7.0,3,260,130,110,0,0.4973729020617463,0.15489609671726173,success
484,2000,8,2,4.0,2.900000000000001,0.1,0.7400000000000002,7.0,3,256,130,114,0,0.5088761277127091,0.15684684774596075,success
486,2000,8,2,4.0,2.900000000000001,0.1,0.7600000000000002,7.0,3,258,125,117,0,0.5213584708885106,0.17300737213046768,success
487,2000,8,2,4.0,2.900000000000001,0.1,0.7700000000000002,7.0,3,260,123,117,0,0.5112170232773602,0.16378123001563985,success
490,2000,8,2,4.0,2.900000000000001,0.1,0.8000000000000003,7.0,3,267,119,114,0,0.5110798522385436,0.15852977500863402,success
489,2000,8,2,4.0,2.900000000000001,0.1,0.7900000000000003,7.0,3,262,121,117,0,0.5095681426962925,0.15963242814837983,success
488,2000,8,2,4.0,2.900000000000001,0.1,0.7800000000000002,7.0,3,263,122,115,0,0.5069579344640854,0.1603037899340128,success
491,2000,8,2,4.0,2.900000000000001,0.1,0.8100000000000003,7.0,3,266,124,110,0,0.5073009118524111,0.1638014720557504,success
492,2000,8,2,4.0,2.900000000000001,0.1,0.8200000000000003,7.0,3,266,124,110,0,0.4997277190244113,0.1510904438089822,success
493,2000,8,2,4.0,2.900000000000001,0.1,0.8300000000000003,7.0,3,264,122,114,0,0.5023431499466113,0.16020794049232231,success
494,2000,8,2,4.0,2.900000000000001,0.1,0.8400000000000003,7.0,3,266,120,114,0,0.5108752883406011,0.16844180228321454,success
495,2000,8,2,4.0,2.900000000000001,0.1,0.8500000000000003,7.0,3,267,120,113,0,0.5047706192525545,0.16081101022656233,success
497,2000,8,2,4.0,2.900000000000001,0.1,0.8700000000000003,7.0,3,269,121,110,0,0.49796357473791286,0.15469324654729003,success
496,2000,8,2,4.0,2.900000000000001,0.1,0.8600000000000003,7.0,3,268,117,115,0,0.5081100116714655,0.16210909467064757,success
499,2000,8,2,4.0,2.900000000000001,0.1,0.8900000000000003,7.0,3,269,120,111,0,0.5021990704697156,0.15597378887509872,success
498,2000,8,2,4.0,2.900000000000001,0.1,0.8800000000000003,7.0,3,271,119,110,0,0.49997683933522125,0.15717028121066828,success
500,2000,8,2,4.0,2.900000000000001,0.1,0.9000000000000004,7.0,3,271,120,109,0,0.49935251993197255,0.16147769190825212,success
501,2000,8,2,4.0,2.900000000000001,0.1,0.9100000000000004,7.0,3,273,121,106,0,0.5002263240132637,0.1654894872436185,success
502,2000,8,2,4.0,2.900000000000001,0.1,0.9200000000000004,7.0,3,275,118,107,0,0.47757994554643124,0.15057849465879403,success
503,2000,8,2,4.0,2.900000000000001,0.1,0.9300000000000004,7.0,3,271,116,113,0,0.48563978313516776,0.15312866724958113,success
505,2000,8,2,4.0,2.900000000000001,0.1,0.9500000000000004,7.0,3,271,108,121,0,0.5061829873163037,0.16953536402515976,success
504,2000,8,2,4.0,2.900000000000001,0.1,0.9400000000000004,7.0,3,270,112,118,0,0.4965025223622399,0.16154750047649083,success
506,2000,8,2,4.0,2.900000000000001,0.1,0.9600000000000004,7.0,3,272,109,119,0,0.497638795192951,0.15813401349748424,success
507,2000,8,2,4.0,2.900000000000001,0.1,0.9700000000000004,7.0,3,271,107,122,0,0.5135770485815678,0.16972800631821006,success
508,2000,8,2,4.0,2.900000000000001,0.1,0.9800000000000004,7.0,3,277,106,117,0,0.5143800740756579,0.1694326096646274,success
509,2000,8,2,4.0,2.900000000000001,0.1,0.9900000000000004,7.0,3,280,108,112,0,0.5014885063194653,0.16072938677471926,success
510,2000,8,2,4.0,2.900000000000001,0.1,1.0000000000000004,7.0,3,283,106,111,0,0.5088667665790009,0.16712756368479828,success
511,2000,8,2,4.0,3.000000000000001,0.1,0.5,7.0,4,208,179,113,0,0.5817153959174658,0.1952994315052105,success
512,2000,8,2,4.0,3.000000000000001,0.1,0.51,7.0,4,210,179,111,0,0.5659145395545088,0.18222039263556092,success
513,2000,8,2,4.0,3.000000000000001,0.1,0.52,7.0,4,210,181,109,0,0.5614606981777056,0.18883251093316633,success
514,2000,8,2,4.0,3.000000000000001,0.1,0.53,7.0,4,214,176,110,0,0.5759636458842837,0.19324863357249247,success
515,2000,8,2,4.0,3.000000000000001,0.1,0.54,7.0,4,218,179,103,0,0.5566418140804221,0.1828128468564129,success
516,2000,8,2,4.0,3.000000000000001,0.1,0.55,7.0,4,224,171,105,0,0.5699727620972364,0.1858410290108857,success
519,2000,8,2,4.0,3.000000000000001,0.1,0.5800000000000001,7.0,4,235,166,99,0,0.5526751002386447,0.1807955328723628,success
517,2000,8,2,4.0,3.000000000000001,0.1,0.56,7.0,4,228,168,104,0,0.5585352466993625,0.17644491607167678,success
518,2000,8,2,4.0,3.000000000000001,0.1,0.5700000000000001,7.0,4,234,169,97,0,0.5463535759506928,0.17316975582686306,success
520,2000,8,2,4.0,3.000000000000001,0.1,0.5900000000000001,7.0,4,239,164,97,0,0.5574984036186503,0.16917742399108626,success
521,2000,8,2,4.0,3.000000000000001,0.1,0.6000000000000001,7.0,4,239,161,100,0,0.5639180663153337,0.1739078560990373,success
525,2000,8,2,4.0,3.000000000000001,0.1,0.6400000000000001,7.0,4,241,155,104,0,0.5484684586924609,0.15924116017631965,success
523,2000,8,2,4.0,3.000000000000001,0.1,0.6200000000000001,7.0,4,242,157,101,0,0.5480806467958548,0.15711733604126055,success
522,2000,8,2,4.0,3.000000000000001,0.1,0.6100000000000001,7.0,4,243,159,98,0,0.5400074988912785,0.14941535260623037,success
524,2000,8,2,4.0,3.000000000000001,0.1,0.6300000000000001,7.0,4,242,156,102,0,0.5435736529409303,0.1555647848097037,success
526,2000,8,2,4.0,3.000000000000001,0.1,0.6500000000000001,7.0,4,242,155,103,0,0.535369890039015,0.15184701231497766,success
527,2000,8,2,4.0,3.000000000000001,0.1,0.6600000000000001,7.0,4,246,154,100,0,0.5342181694886904,0.15166076808893514,success
529,2000,8,2,4.0,3.000000000000001,0.1,0.6800000000000002,7.0,4,248,151,101,0,0.5333918299767051,0.1519655110934417,success
528,2000,8,2,4.0,3.000000000000001,0.1,0.6700000000000002,7.0,4,246,153,101,0,0.5406652537706209,0.16352317221984594,success
530,2000,8,2,4.0,3.000000000000001,0.1,0.6900000000000002,7.0,4,246,148,106,0,0.5456223744745683,0.15953746357201032,success
531,2000,8,2,4.0,3.000000000000001,0.1,0.7000000000000002,7.0,4,246,145,109,0,0.5472647093200596,0.1574830094687221,success
532,2000,8,2,4.0,3.000000000000001,0.1,0.7100000000000002,7.0,4,247,145,108,0,0.5472711990979532,0.16017172799108548,success
533,2000,8,2,4.0,3.000000000000001,0.1,0.7200000000000002,7.0,4,251,146,103,0,0.5331227650966908,0.15242952772576293,success
534,2000,8,2,4.0,3.000000000000001,0.1,0.7300000000000002,7.0,4,251,145,104,0,0.5366617771025528,0.16383117730705454,success
535,2000,8,2,4.0,3.000000000000001,0.1,0.7400000000000002,7.0,4,253,141,106,0,0.5442252410339768,0.16887145083104962,success
536,2000,8,2,4.0,3.000000000000001,0.1,0.7500000000000002,7.0,4,250,140,110,0,0.5448503611997079,0.1670205665146972,success
538,2000,8,2,4.0,3.000000000000001,0.1,0.7700000000000002,7.0,4,254,141,105,0,0.5442265118314062,0.17271462035509888,success
539,2000,8,2,4.0,3.000000000000001,0.1,0.7800000000000002,7.0,4,255,136,109,0,0.5453865020354943,0.16851488804157755,success
537,2000,8,2,4.0,3.000000000000001,0.1,0.7600000000000002,7.0,4,255,142,103,0,0.5240426303133762,0.150953053183979,success
540,2000,8,2,4.0,3.000000000000001,0.1,0.7900000000000003,7.0,4,257,134,109,0,0.5433595095780722,0.1669517732491099,success
541,2000,8,2,4.0,3.000000000000001,0.1,0.8000000000000003,7.0,4,259,133,108,0,0.5372370159591537,0.16549785009777604,success
542,2000,8,2,4.0,3.000000000000001,0.1,0.8100000000000003,7.0,4,261,134,105,0,0.5339169876704486,0.1633416780835681,success
543,2000,8,2,4.0,3.000000000000001,0.1,0.8200000000000003,7.0,4,259,137,104,0,0.5321762126779699,0.1661033191192425,success
544,2000,8,2,4.0,3.000000000000001,0.1,0.8300000000000003,7.0,4,260,137,103,0,0.5282578691419082,0.16505343772894773,success
545,2000,8,2,4.0,3.000000000000001,0.1,0.8400000000000003,7.0,4,260,136,104,0,0.5315705096097337,0.16918221357200602,success
546,2000,8,2,4.0,3.000000000000001,0.1,0.8500000000000003,7.0,4,261,137,102,0,0.5203973017024,0.15846449654055852,success
548,2000,8,2,4.0,3.000000000000001,0.1,0.8700000000000003,7.0,4,263,139,98,0,0.507593212367234,0.15001999577446656,success
547,2000,8,2,4.0,3.000000000000001,0.1,0.8600000000000003,7.0,4,261,136,103,0,0.5261283573057468,0.16771551877449142,success
549,2000,8,2,4.0,3.000000000000001,0.1,0.8800000000000003,7.0,4,262,135,103,0,0.5241030402148725,0.16394698424277046,success
550,2000,8,2,4.0,3.000000000000001,0.1,0.8900000000000003,7.0,4,263,135,102,0,0.5241387968064878,0.15849031920359308,success
552,2000,8,2,4.0,3.000000000000001,0.1,0.9100000000000004,7.0,4,263,132,105,0,0.5178786900816638,0.1708836245144242,success
551,2000,8,2,4.0,3.000000000000001,0.1,0.9000000000000004,7.0,4,265,134,101,0,0.5169352639971427,0.15825290740767428,success
554,2000,8,2,4.0,3.000000000000001,0.1,0.9300000000000004,7.0,4,266,129,105,0,0.5137764810176471,0.1641833487157372,success
553,2000,8,2,4.0,3.000000000000001,0.1,0.9200000000000004,7.0,4,265,126,109,0,0.5231854523985046,0.17059939484122383,success
557,2000,8,2,4.0,3.000000000000001,0.1,0.9600000000000004,7.0,4,272,124,104,0,0.5198712017098441,0.17001155989289096,success
555,2000,8,2,4.0,3.000000000000001,0.1,0.9400000000000004,7.0,4,266,132,102,0,0.5067396713529106,0.16328284282839592,success
556,2000,8,2,4.0,3.000000000000001,0.1,0.9500000000000004,7.0,4,271,128,101,0,0.5066450993631111,0.15880625499509216,success
558,2000,8,2,4.0,3.000000000000001,0.1,0.9700000000000004,7.0,4,272,123,105,0,0.523213124090747,0.17494020105815,success
559,2000,8,2,4.0,3.000000000000001,0.1,0.9800000000000004,7.0,4,271,127,102,0,0.5048457485636721,0.1716442399404459,success
561,2000,8,2,4.0,3.000000000000001,0.1,1.0000000000000004,7.0,4,272,124,104,0,0.519231056708846,0.1871775537037253,success
560,2000,8,2,4.0,3.000000000000001,0.1,0.9900000000000004,7.0,4,270,124,106,0,0.5128872461711417,0.17486912531705265,success
564,2000,8,2,4.0,3.100000000000001,0.1,0.52,7.0,4,203,180,117,0,0.5936200109822579,0.20253558991059284,success
565,2000,8,2,4.0,3.100000000000001,0.1,0.53,7.0,4,207,180,113,0,0.5907698284826197,0.2029943780755389,success
562,2000,8,2,4.0,3.100000000000001,0.1,0.5,7.0,4,199,184,117,0,0.5985721702919008,0.20728122141006397,success
563,2000,8,2,4.0,3.100000000000001,0.1,0.51,7.0,4,204,182,114,0,0.5868393656922909,0.19898140344070542,success
567,2000,8,2,4.0,3.100000000000001,0.1,0.55,7.0,4,217,173,110,0,0.5824952803778528,0.19398056780593365,success
566,2000,8,2,4.0,3.100000000000001,0.1,0.54,7.0,4,207,176,117,0,0.5983178778635816,0.2050298661776516,success
568,2000,8,2,4.0,3.100000000000001,0.1,0.56,7.0,4,219,170,111,0,0.5936218420530388,0.19832040617097857,success
570,2000,8,2,4.0,3.100000000000001,0.1,0.5800000000000001,7.0,4,227,172,101,0,0.5748199472291867,0.19665809665742115,success
569,2000,8,2,4.0,3.100000000000001,0.1,0.5700000000000001,7.0,4,227,175,98,0,0.5694851838278561,0.19341315775733164,success
571,2000,8,2,4.0,3.100000000000001,0.1,0.5900000000000001,7.0,4,234,170,96,0,0.5588226606937637,0.17498043507316058,success
572,2000,8,2,4.0,3.100000000000001,0.1,0.6000000000000001,7.0,4,237,166,97,0,0.5506690079729613,0.16069880858479813,success
573,2000,8,2,4.0,3.100000000000001,0.1,0.6100000000000001,7.0,4,236,165,99,0,0.5515619832484324,0.1625752974809304,success
575,2000,8,2,4.0,3.100000000000001,0.1,0.6300000000000001,7.0,4,230,163,107,0,0.569953562440704,0.18020975908291517,success
574,2000,8,2,4.0,3.100000000000001,0.1,0.6200000000000001,7.0,4,233,166,101,0,0.5595369387142198,0.16926452356564553,success
576,2000,8,2,4.0,3.100000000000001,0.1,0.6400000000000001,7.0,4,236,164,100,0,0.5489352405786557,0.1638742354280118,success
578,2000,8,2,4.0,3.100000000000001,0.1,0.6600000000000001,7.0,4,241,158,101,0,0.5510222479470582,0.16184849429310846,success
577,2000,8,2,4.0,3.100000000000001,0.1,0.6500000000000001,7.0,4,238,163,99,0,0.5464348514800819,0.1680537193282804,success
579,2000,8,2,4.0,3.100000000000001,0.1,0.6700000000000002,7.0,4,239,159,102,0,0.5450593816664633,0.15255248444872593,success
580,2000,8,2,4.0,3.100000000000001,0.1,0.6800000000000002,7.0,4,244,155,101,0,0.5563176137489436,0.17047131587645875,success
581,2000,8,2,4.0,3.100000000000001,0.1,0.6900000000000002,7.0,4,244,157,99,0,0.5395027262291877,0.15476464091385575,success
583,2000,8,2,4.0,3.100000000000001,0.1,0.7100000000000002,7.0,4,246,153,101,0,0.5468329501237041,0.1626034934678805,success
582,2000,8,2,4.0,3.100000000000001,0.1,0.7000000000000002,7.0,4,245,153,102,0,0.545424692524244,0.15707398113244656,success
587,2000,8,2,4.0,3.100000000000001,0.1,0.7500000000000002,7.0,4,247,150,103,0,0.5300476481896947,0.15683541728325176,success
584,2000,8,2,4.0,3.100000000000001,0.1,0.7200000000000002,7.0,4,247,153,100,0,0.5398059750690917,0.1573836032518336,success
585,2000,8,2,4.0,3.100000000000001,0.1,0.7300000000000002,7.0,4,246,152,102,0,0.5392774982489213,0.16045063158991738,success
586,2000,8,2,4.0,3.100000000000001,0.1,0.7400000000000002,7.0,4,248,153,99,0,0.5261456034957959,0.1479145420684064,success
588,2000,8,2,4.0,3.100000000000001,0.1,0.7600000000000002,7.0,4,248,150,102,0,0.5269022642390209,0.1545127101120986,success
590,2000,8,2,4.0,3.100000000000001,0.1,0.7800000000000002,7.0,4,252,148,100,0,0.5322949373745651,0.1588595366471616,success
589,2000,8,2,4.0,3.100000000000001,0.1,0.7700000000000002,7.0,4,251,149,100,0,0.5300908798109664,0.1531929226183993,success
591,2000,8,2,4.0,3.100000000000001,0.1,0.7900000000000003,7.0,4,250,149,101,0,0.5358114024664,0.1637316951135435,success
592,2000,8,2,4.0,3.100000000000001,0.1,0.8000000000000003,7.0,4,254,145,101,0,0.5304038930616806,0.1594981827824784,success
593,2000,8,2,4.0,3.100000000000001,0.1,0.8100000000000003,7.0,4,255,145,100,0,0.5335811432493601,0.15984267373423042,success
594,2000,8,2,4.0,3.100000000000001,0.1,0.8200000000000003,7.0,4,257,144,99,0,0.5265576971740206,0.15551937434995766,success
596,2000,8,2,4.0,3.100000000000001,0.1,0.8400000000000003,7.0,4,254,142,104,0,0.5369472602185341,0.16395372763869304,success
595,2000,8,2,4.0,3.100000000000001,0.1,0.8300000000000003,7.0,4,255,142,103,0,0.5389836170817124,0.17023197831868528,success
597,2000,8,2,4.0,3.100000000000001,0.1,0.8500000000000003,7.0,4,257,142,101,0,0.5261974017647428,0.15594625483093733,success
598,2000,8,2,4.0,3.100000000000001,0.1,0.8600000000000003,7.0,4,256,143,101,0,0.5278865617597746,0.16096343399749685,success
600,2000,8,2,4.0,3.100000000000001,0.1,0.8800000000000003,7.0,4,257,145,98,0,0.5148777674051366,0.15128336469601816,success
599,2000,8,2,4.0,3.100000000000001,0.1,0.8700000000000003,7.0,4,258,143,99,0,0.5245804173932166,0.16132840223086592,success
601,2000,8,2,4.0,3.100000000000001,0.1,0.8900000000000003,7.0,4,258,142,100,0,0.5272049962162821,0.1627541526342461,success
602,2000,8,2,4.0,3.100000000000001,0.1,0.9000000000000004,7.0,4,261,139,100,0,0.5205454308976042,0.15761181582335884,success
603,2000,8,2,4.0,3.100000000000001,0.1,0.9100000000000004,7.0,4,261,137,102,0,0.5274639039014728,0.16826795700536398,success
604,2000,8,2,4.0,3.100000000000001,0.1,0.9200000000000004,7.0,4,261,136,103,0,0.5216800730278832,0.15639726065582707,success
605,2000,8,2,4.0,3.100000000000001,0.1,0.9300000000000004,7.0,4,261,137,102,0,0.5266017102608263,0.16698888051537336,success
606,2000,8,2,4.0,3.100000000000001,0.1,0.9400000000000004,7.0,4,263,137,100,0,0.5185696936965042,0.16338020450042157,success
607,2000,8,2,4.0,3.100000000000001,0.1,0.9500000000000004,7.0,4,264,137,99,0,0.5140595606966633,0.15416806536252142,success
608,2000,8,2,4.0,3.100000000000001,0.1,0.9600000000000004,7.0,4,264,135,101,0,0.5207184112505964,0.16107234954249486,success
609,2000,8,2,4.0,3.100000000000001,0.1,0.9700000000000004,7.0,4,265,133,102,0,0.5276501095935808,0.16906200679582167,success
610,2000,8,2,4.0,3.100000000000001,0.1,0.9800000000000004,7.0,4,264,131,105,0,0.5274895695667834,0.17568811412752033,success
611,2000,8,2,4.0,3.100000000000001,0.1,0.9900000000000004,7.0,4,264,129,107,0,0.5320581709172619,0.17854253063195474,success
612,2000,8,2,4.0,3.100000000000001,0.1,1.0000000000000004,7.0,4,267,132,101,0,0.5201341522668624,0.17109108877448917,success
613,2000,8,2,4.0,3.200000000000001,0.1,0.5,7.0,4,178,189,133,0,0.6348105204536895,0.22849369861342095,success
616,2000,8,2,4.0,3.200000000000001,0.1,0.53,7.0,4,187,191,122,0,0.617513395799819,0.222072055891018,success
614,2000,8,2,4.0,3.200000000000001,0.1,0.51,7.0,4,182,190,128,0,0.6247073693927729,0.22667526799972565,success
615,2000,8,2,4.0,3.200000000000001,0.1,0.52,7.0,4,184,190,126,0,0.6247896170150402,0.225578767366322,success
618,2000,8,2,4.0,3.200000000000001,0.1,0.55,7.0,4,192,185,123,0,0.6221418669135664,0.2219019217897805,success
617,2000,8,2,4.0,3.200000000000001,0.1,0.54,7.0,4,189,190,121,0,0.6117916444297034,0.2176525286527399,success
619,2000,8,2,4.0,3.200000000000001,0.1,0.56,7.0,4,201,183,116,0,0.6066340725895093,0.2166265500712518,success
620,2000,8,2,4.0,3.200000000000001,0.1,0.5700000000000001,7.0,4,209,183,108,0,0.5877362672404535,0.20916874175132236,success
621,2000,8,2,4.0,3.200000000000001,0.1,0.5800000000000001,7.0,4,214,181,105,0,0.575912899257223,0.20274040451907657,success
622,2000,8,2,4.0,3.200000000000001,0.1,0.5900000000000001,7.0,4,219,176,105,0,0.5855140671512999,0.2007856650360739,success
623,2000,8,2,4.0,3.200000000000001,0.1,0.6000000000000001,7.0,4,224,177,99,0,0.5627766294968221,0.1838451685076953,success
624,2000,8,2,4.0,3.200000000000001,0.1,0.6100000000000001,7.0,4,218,176,106,0,0.583773204311158,0.200341945983881,success
625,2000,8,2,4.0,3.200000000000001,0.1,0.6200000000000001,7.0,4,221,176,103,0,0.5635298956308085,0.18287028724192744,success
626,2000,8,2,4.0,3.200000000000001,0.1,0.6300000000000001,7.0,4,225,170,105,0,0.5669526000234585,0.18802901839932545,success
627,2000,8,2,4.0,3.200000000000001,0.1,0.6400000000000001,7.0,4,227,173,100,0,0.5579969369529093,0.18398844637454068,success
629,2000,8,2,4.0,3.200000000000001,0.1,0.6600000000000001,7.0,4,227,169,104,0,0.5660527852646611,0.19009351398137175,success
628,2000,8,2,4.0,3.200000000000001,0.1,0.6500000000000001,7.0,4,224,169,107,0,0.5720412072106738,0.19625554412194524,success
633,2000,8,2,4.0,3.200000000000001,0.1,0.7000000000000002,7.0,4,230,170,100,0,0.5532181861774653,0.1860840739077266,success
630,2000,8,2,4.0,3.200000000000001,0.1,0.6700000000000002,7.0,4,230,169,101,0,0.5513998474282673,0.1820996904170923,success
631,2000,8,2,4.0,3.200000000000001,0.1,0.6800000000000002,7.0,4,227,169,104,0,0.56503610171235,0.19014069592063554,success
632,2000,8,2,4.0,3.200000000000001,0.1,0.6900000000000002,7.0,4,228,169,103,0,0.5677415544239368,0.19838206543597936,success
634,2000,8,2,4.0,3.200000000000001,0.1,0.7100000000000002,7.0,4,232,165,103,0,0.5672869218878828,0.19885703803705854,success
635,2000,8,2,4.0,3.200000000000001,0.1,0.7200000000000002,7.0,4,237,166,97,0,0.538777116304316,0.18063322755301106,success
637,2000,8,2,4.0,3.200000000000001,0.1,0.7400000000000002,7.0,4,235,158,107,0,0.5498472157964044,0.19318583016206708,success
636,2000,8,2,4.0,3.200000000000001,0.1,0.7300000000000002,7.0,4,234,158,108,0,0.5445956740848428,0.18029778802201113,success
638,2000,8,2,4.0,3.200000000000001,0.1,0.7500000000000002,7.0,4,237,158,105,0,0.5329166554663254,0.184067077235958,success
639,2000,8,2,4.0,3.200000000000001,0.1,0.7600000000000002,7.0,4,239,156,105,0,0.5283328202381384,0.18041440682305684,success
640,2000,8,2,4.0,3.200000000000001,0.1,0.7700000000000002,7.0,4,240,157,103,0,0.5302567112111296,0.18191837068071406,success
641,2000,8,2,4.0,3.200000000000001,0.1,0.7800000000000002,7.0,4,240,156,104,0,0.528735100378882,0.17543466137884248,success
642,2000,8,2,4.0,3.200000000000001,0.1,0.7900000000000003,7.0,4,243,159,98,0,0.5129869107064189,0.16797176279958426,success
643,2000,8,2,4.0,3.200000000000001,0.1,0.8000000000000003,7.0,4,240,156,104,0,0.5350862455272694,0.18491351696497346,success
644,2000,8,2,4.0,3.200000000000001,0.1,0.8100000000000003,7.0,4,242,154,104,0,0.5339004833438292,0.18034697572586564,success
645,2000,8,2,4.0,3.200000000000001,0.1,0.8200000000000003,7.0,4,242,152,106,0,0.5338133077565895,0.17644987729199532,success
646,2000,8,2,4.0,3.200000000000001,0.1,0.8300000000000003,7.0,4,241,153,106,0,0.5328385071650731,0.17891800963785018,success
647,2000,8,2,4.0,3.200000000000001,0.1,0.8400000000000003,7.0,4,241,155,104,0,0.5326974585604667,0.18205196577796537,success
649,2000,8,2,4.0,3.200000000000001,0.1,0.8600000000000003,7.0,4,242,153,105,0,0.5228995258786537,0.16958861488590896,success
648,2000,8,2,4.0,3.200000000000001,0.1,0.8500000000000003,7.0,4,242,151,107,0,0.5258693296833543,0.16947129684894152,success
651,2000,8,2,4.0,3.200000000000001,0.1,0.8800000000000003,7.0,4,243,148,109,0,0.5377828513999511,0.18110688102494613,success
650,2000,8,2,4.0,3.200000000000001,0.1,0.8700000000000003,7.0,4,245,149,106,0,0.5293741825648212,0.17226638761757246,success
652,2000,8,2,4.0,3.200000000000001,0.1,0.8900000000000003,7.0,4,244,151,105,0,0.5334746729192035,0.17949034009528497,success
653,2000,8,2,4.0,3.200000000000001,0.1,0.9000000000000004,7.0,4,249,150,101,0,0.5257716746160622,0.16474267797301775,success
654,2000,8,2,4.0,3.200000000000001,0.1,0.9100000000000004,7.0,4,249,148,103,0,0.5287988276941045,0.16924719798911758,success
655,2000,8,2,4.0,3.200000000000001,0.1,0.9200000000000004,7.0,4,253,147,100,0,0.5271564878857984,0.16776480608260655,success
657,2000,8,2,4.0,3.200000000000001,0.1,0.9400000000000004,7.0,4,255,142,103,0,0.5311670587957732,0.17192848762483812,success
656,2000,8,2,4.0,3.200000000000001,0.1,0.9300000000000004,7.0,4,254,141,105,0,0.5398625994154532,0.17429440560918594,success
659,2000,8,2,4.0,3.200000000000001,0.1,0.9600000000000004,7.0,4,256,145,99,0,0.5226231641751433,0.1631962415025293,success
660,2000,8,2,4.0,3.200000000000001,0.1,0.9700000000000004,7.0,4,253,145,102,0,0.5332357709283473,0.17648824495374912,success
658,2000,8,2,4.0,3.200000000000001,0.1,0.9500000000000004,7.0,4,256,143,101,0,0.5328195318768192,0.17534521741533224,success
661,2000,8,2,4.0,3.200000000000001,0.1,0.9800000000000004,7.0,4,256,145,99,0,0.5153703834764027,0.1736771410103545,success
662,2000,8,2,4.0,3.200000000000001,0.1,0.9900000000000004,7.0,4,253,142,105,0,0.5310347070876521,0.18195968745119068,success
663,2000,8,2,4.0,3.200000000000001,0.1,1.0000000000000004,7.0,4,254,140,106,0,0.5356136275376505,0.1863258542544447,success
665,2000,8,2,4.0,3.300000000000001,0.1,0.51,7.0,4,169,197,134,0,0.6330694328504806,0.23623667918367078,success
664,2000,8,2,4.0,3.300000000000001,0.1,0.5,7.0,4,163,196,141,0,0.6360021043062724,0.23235590953249025,success
666,2000,8,2,4.0,3.300000000000001,0.1,0.52,7.0,4,175,200,125,0,0.61347331422631,0.2277014858455336,success
668,2000,8,2,4.0,3.300000000000001,0.1,0.54,7.0,4,176,196,128,0,0.6280815792077303,0.22811942637505397,success
667,2000,8,2,4.0,3.300000000000001,0.1,0.53,7.0,4,174,199,127,0,0.6222405326007654,0.2251380990487061,success
669,2000,8,2,4.0,3.300000000000001,0.1,0.55,7.0,4,184,191,125,0,0.626495967616948,0.2233412243858329,success
670,2000,8,2,4.0,3.300000000000001,0.1,0.56,7.0,4,190,191,119,0,0.6181805510303423,0.2218063166024788,success
671,2000,8,2,4.0,3.300000000000001,0.1,0.5700000000000001,7.0,4,192,192,116,0,0.6137710870620456,0.22533282816193112,success
672,2000,8,2,4.0,3.300000000000001,0.1,0.5800000000000001,7.0,4,195,184,121,0,0.6111791873452198,0.21991796490342377,success
673,2000,8,2,4.0,3.300000000000001,0.1,0.5900000000000001,7.0,4,197,186,117,0,0.6136612356880623,0.21561229353714256,success
675,2000,8,2,4.0,3.300000000000001,0.1,0.6100000000000001,7.0,4,202,182,116,0,0.6034480042481917,0.20809011189163326,success
674,2000,8,2,4.0,3.300000000000001,0.1,0.6000000000000001,7.0,4,198,181,121,0,0.6161199163491449,0.21173180548135864,success
676,2000,8,2,4.0,3.300000000000001,0.1,0.6200000000000001,7.0,4,209,178,113,0,0.5915533404388125,0.20185302299436,success
678,2000,8,2,4.0,3.300000000000001,0.1,0.6400000000000001,7.0,4,213,178,109,0,0.584802977213632,0.20094181381939838,success
677,2000,8,2,4.0,3.300000000000001,0.1,0.6300000000000001,7.0,4,212,179,109,0,0.5857631243523552,0.20657793566672517,success
679,2000,8,2,4.0,3.300000000000001,0.1,0.6500000000000001,7.0,4,216,178,106,0,0.5721667544067754,0.20421438226794286,success
680,2000,8,2,4.0,3.300000000000001,0.1,0.6600000000000001,7.0,4,219,180,101,0,0.5696195030498007,0.20293089925081476,success
682,2000,8,2,4.0,3.300000000000001,0.1,0.6800000000000002,7.0,4,215,178,107,0,0.5780331213224569,0.20110181832363128,success
685,2000,8,2,4.0,3.300000000000001,0.1,0.7100000000000002,7.0,4,223,175,102,0,0.5552717194696749,0.18878501592146363,success
681,2000,8,2,4.0,3.300000000000001,0.1,0.6700000000000002,7.0,4,219,181,100,0,0.5600669252089089,0.195748452546445,success
684,2000,8,2,4.0,3.300000000000001,0.1,0.7000000000000002,7.0,4,224,178,98,0,0.5430544673732322,0.1803848142226809,success
686,2000,8,2,4.0,3.300000000000001,0.1,0.7200000000000002,7.0,4,226,173,101,0,0.5403786261372707,0.1776983935528266,success
683,2000,8,2,4.0,3.300000000000001,0.1,0.6900000000000002,7.0,4,222,177,101,0,0.5618488496851293,0.19673169545193345,success
687,2000,8,2,4.0,3.300000000000001,0.1,0.7300000000000002,7.0,4,225,168,107,0,0.5499610138555755,0.18546834307966112,success
688,2000,8,2,4.0,3.300000000000001,0.1,0.7400000000000002,7.0,4,230,167,103,0,0.531573642737013,0.17124770780605789,success
691,2000,8,2,4.0,3.300000000000001,0.1,0.7700000000000002,7.0,4,228,162,110,0,0.5560418655357128,0.19689969685533362,success
690,2000,8,2,4.0,3.300000000000001,0.1,0.7600000000000002,7.0,4,230,166,104,0,0.5344529297846937,0.17955627058895093,success
689,2000,8,2,4.0,3.300000000000001,0.1,0.7500000000000002,7.0,4,225,165,110,0,0.5480075130296028,0.18683423816195643,success
692,2000,8,2,4.0,3.300000000000001,0.1,0.7800000000000002,7.0,4,230,164,106,0,0.5351251719214287,0.1766652396117195,success
693,2000,8,2,4.0,3.300000000000001,0.1,0.7900000000000003,7.0,4,231,164,105,0,0.5397901914625678,0.18685199451219042,success
694,2000,8,2,4.0,3.300000000000001,0.1,0.8000000000000003,7.0,4,235,165,100,0,0.5243448735213913,0.17665349698693264,success
695,2000,8,2,4.0,3.300000000000001,0.1,0.8100000000000003,7.0,4,237,164,99,0,0.5182595419156957,0.16685127175094683,success
696,2000,8,2,4.0,3.300000000000001,0.1,0.8200000000000003,7.0,4,236,162,102,0,0.5251553716422787,0.17253280718175737,success
697,2000,8,2,4.0,3.300000000000001,0.1,0.8300000000000003,7.0,4,234,162,104,0,0.531760522705514,0.1827095144465073,success
698,2000,8,2,4.0,3.300000000000001,0.1,0.8400000000000003,7.0,4,237,159,104,0,0.5241227533150917,0.17076691365560148,success
699,2000,8,2,4.0,3.300000000000001,0.1,0.8500000000000003,7.0,4,235,165,100,0,0.5109665306141677,0.16108314268613866,success
701,2000,8,2,4.0,3.300000000000001,0.1,0.8700000000000003,7.0,4,239,163,98,0,0.5062330940880871,0.15358949703463948,success
700,2000,8,2,4.0,3.300000000000001,0.1,0.8600000000000003,7.0,4,236,162,102,0,0.5189503328964357,0.16692091714974136,success
702,2000,8,2,4.0,3.300000000000001,0.1,0.8800000000000003,7.0,4,239,161,100,0,0.5132186240367639,0.16166317256575016,success
703,2000,8,2,4.0,3.300000000000001,0.1,0.8900000000000003,7.0,4,241,158,101,0,0.5219374521168804,0.1672425115048409,success
704,2000,8,2,4.0,3.300000000000001,0.1,0.9000000000000004,7.0,4,241,159,100,0,0.5274627427621528,0.16751632170729583,success
705,2000,8,2,4.0,3.300000000000001,0.1,0.9100000000000004,7.0,4,247,157,96,0,0.5164470614784927,0.15104304156727114,success
706,2000,8,2,4.0,3.300000000000001,0.1,0.9200000000000004,7.0,4,244,155,101,0,0.5375209445298659,0.17515276870390742,success
707,2000,8,2,4.0,3.300000000000001,0.1,0.9300000000000004,7.0,4,244,155,101,0,0.5376992237982375,0.17128586534136525,success
708,2000,8,2,4.0,3.300000000000001,0.1,0.9400000000000004,7.0,4,248,159,93,0,0.5174336569295883,0.1667143706236884,success
709,2000,8,2,4.0,3.300000000000001,0.1,0.9500000000000004,7.0,4,248,157,95,0,0.530029658746366,0.17642657114970525,success
711,2000,8,2,4.0,3.300000000000001,0.1,0.9700000000000004,7.0,4,246,149,105,0,0.5465513175280624,0.17736950685686648,success
710,2000,8,2,4.0,3.300000000000001,0.1,0.9600000000000004,7.0,4,248,154,98,0,0.5345338692582673,0.17776786378502502,success
712,2000,8,2,4.0,3.300000000000001,0.1,0.9800000000000004,7.0,4,248,153,99,0,0.5214296881077081,0.17192067662250837,success
713,2000,8,2,4.0,3.300000000000001,0.1,0.9900000000000004,7.0,4,248,154,98,0,0.522156166739799,0.17657683239053812,success
714,2000,8,2,4.0,3.300000000000001,0.1,1.0000000000000004,7.0,4,249,157,94,0,0.5100132162850939,0.16959771039499374,success
717,2000,8,2,4.0,3.4000000000000012,0.1,0.52,7.0,4,156,207,137,0,0.6273812566165936,0.24679241422151507,success
716,2000,8,2,4.0,3.4000000000000012,0.1,0.51,7.0,4,151,207,142,0,0.6420351555264185,0.24730787359326276,success
715,2000,8,2,4.0,3.4000000000000012,0.1,0.5,7.0,4,145,205,150,0,0.6512041277765642,0.24614465873687227,success
718,2000,8,2,4.0,3.4000000000000012,0.1,0.53,7.0,4,158,205,137,0,0.6324854306407663,0.24547621899392302,success
719,2000,8,2,4.0,3.4000000000000012,0.1,0.54,7.0,4,160,201,139,0,0.6275151340106652,0.24038877866851935,success
721,2000,8,2,4.0,3.4000000000000012,0.1,0.56,7.0,4,169,196,135,0,0.6281617344328272,0.23782196482801912,success
720,2000,8,2,4.0,3.4000000000000012,0.1,0.55,7.0,4,168,197,135,0,0.6260352905623111,0.23731667472810108,success
722,2000,8,2,4.0,3.4000000000000012,0.1,0.5700000000000001,7.0,4,166,193,141,0,0.6410459668524959,0.2422856311662133,success
723,2000,8,2,4.0,3.4000000000000012,0.1,0.5800000000000001,7.0,4,180,193,127,0,0.6044981894089906,0.23316686810870466,success
724,2000,8,2,4.0,3.4000000000000012,0.1,0.5900000000000001,7.0,4,186,195,119,0,0.5937412900893487,0.23509198075887666,success
725,2000,8,2,4.0,3.4000000000000012,0.1,0.6000000000000001,7.0,4,184,192,124,0,0.6045000938403222,0.23567799205413995,success
726,2000,8,2,4.0,3.4000000000000012,0.1,0.6100000000000001,7.0,4,184,189,127,0,0.606903467261096,0.2333333015145259,success
727,2000,8,2,4.0,3.4000000000000012,0.1,0.6200000000000001,7.0,4,194,190,116,0,0.5801644049018041,0.22269107703708832,success
728,2000,8,2,4.0,3.4000000000000012,0.1,0.6300000000000001,7.0,4,186,188,126,0,0.5932156033476206,0.22875469212632019,success
729,2000,8,2,4.0,3.4000000000000012,0.1,0.6400000000000001,7.0,4,193,188,119,0,0.5862318347424108,0.2301473945628804,success
730,2000,8,2,4.0,3.4000000000000012,0.1,0.6500000000000001,7.0,4,191,187,122,0,0.5842462407592313,0.23071631276441773,success
731,2000,8,2,4.0,3.4000000000000012,0.1,0.6600000000000001,7.0,4,195,186,119,0,0.5771678954457051,0.22620176769998424,success
732,2000,8,2,4.0,3.4000000000000012,0.1,0.6700000000000002,7.0,4,198,182,120,0,0.5799813583282984,0.2227792821580343,success
734,2000,8,2,4.0,3.4000000000000012,0.1,0.6900000000000002,7.0,4,200,181,119,0,0.5771540806269809,0.22273302433143913,success
733,2000,8,2,4.0,3.4000000000000012,0.1,0.6800000000000002,7.0,4,205,184,111,0,0.5553594035905204,0.21485641292633234,success
735,2000,8,2,4.0,3.4000000000000012,0.1,0.7000000000000002,7.0,4,206,184,110,0,0.5582790681054243,0.22018435044796586,success
736,2000,8,2,4.0,3.4000000000000012,0.1,0.7100000000000002,7.0,4,209,183,108,0,0.5495903431218021,0.21038379933174875,success
737,2000,8,2,4.0,3.4000000000000012,0.1,0.7200000000000002,7.0,4,210,181,109,0,0.5397185505167665,0.2009366346950123,success
738,2000,8,2,4.0,3.4000000000000012,0.1,0.7300000000000002,7.0,4,208,177,115,0,0.5503279057078818,0.21035945367719291,success
739,2000,8,2,4.0,3.4000000000000012,0.1,0.7400000000000002,7.0,4,208,175,117,0,0.5535755885569713,0.211921685300007,success
740,2000,8,2,4.0,3.4000000000000012,0.1,0.7500000000000002,7.0,4,210,173,117,0,0.5495341473467626,0.20973468772819875,success
741,2000,8,2,4.0,3.4000000000000012,0.1,0.7600000000000002,7.0,4,213,173,114,0,0.5461541897144337,0.20978372909727142,success
742,2000,8,2,4.0,3.4000000000000012,0.1,0.7700000000000002,7.0,4,211,178,111,0,0.5406624756164133,0.21165613144376444,success
743,2000,8,2,4.0,3.4000000000000012,0.1,0.7800000000000002,7.0,4,213,175,112,0,0.5403560511802091,0.20802853010564148,success
744,2000,8,2,4.0,3.4000000000000012,0.1,0.7900000000000003,7.0,4,218,174,108,0,0.5295026781084841,0.20185708570549324,success
745,2000,8,2,4.0,3.4000000000000012,0.1,0.8000000000000003,7.0,4,215,175,110,0,0.5337881841419262,0.20658308331184871,success
746,2000,8,2,4.0,3.4000000000000012,0.1,0.8100000000000003,7.0,4,214,173,113,0,0.5437028951369652,0.20894112502000728,success
748,2000,8,2,4.0,3.4000000000000012,0.1,0.8300000000000003,7.0,4,222,173,105,0,0.5379486828564767,0.20465824264990595,success
747,2000,8,2,4.0,3.4000000000000012,0.1,0.8200000000000003,7.0,4,220,174,106,0,0.5290631411528209,0.20532933925345048,success
749,2000,8,2,4.0,3.4000000000000012,0.1,0.8400000000000003,7.0,4,224,172,104,0,0.5367491588429518,0.204063170461933,success
750,2000,8,2,4.0,3.4000000000000012,0.1,0.8500000000000003,7.0,4,221,171,108,0,0.543306443674234,0.2059943224012371,success
752,2000,8,2,4.0,3.4000000000000012,0.1,0.8700000000000003,7.0,4,226,172,102,0,0.5182083894376999,0.18697810134744647,success
751,2000,8,2,4.0,3.4000000000000012,0.1,0.8600000000000003,7.0,4,225,172,103,0,0.5240158964994202,0.19222078462823286,success
753,2000,8,2,4.0,3.4000000000000012,0.1,0.8800000000000003,7.0,4,229,174,97,0,0.5117908692648092,0.174660951047568,success
754,2000,8,2,4.0,3.4000000000000012,0.1,0.8900000000000003,7.0,4,228,170,102,0,0.5356338613438294,0.1902605797286245,success
756,2000,8,2,4.0,3.4000000000000012,0.1,0.9100000000000004,7.0,4,230,169,101,0,0.5404878202828736,0.18271708644190718,success
758,2000,8,2,4.0,3.4000000000000012,0.1,0.9300000000000004,7.0,4,231,168,101,0,0.5395834318088542,0.18253887670640526,success
757,2000,8,2,4.0,3.4000000000000012,0.1,0.9200000000000004,7.0,4,228,169,103,0,0.5493418871413968,0.19109285456358857,success
755,2000,8,2,4.0,3.4000000000000012,0.1,0.9000000000000004,7.0,4,229,169,102,0,0.5357192136591319,0.17614773386243565,success
759,2000,8,2,4.0,3.4000000000000012,0.1,0.9400000000000004,7.0,4,236,170,94,0,0.5251588295142527,0.16608900277637528,success
760,2000,8,2,4.0,3.4000000000000012,0.1,0.9500000000000004,7.0,4,238,169,93,0,0.5194922769182915,0.15718163896407567,success
762,2000,8,2,4.0,3.4000000000000012,0.1,0.9700000000000004,7.0,4,238,169,93,0,0.518730601734215,0.15652566852628738,success
761,2000,8,2,4.0,3.4000000000000012,0.1,0.9600000000000004,7.0,4,238,169,93,0,0.5205971242008702,0.15989346990593606,success
764,2000,8,2,4.0,3.4000000000000012,0.1,0.9900000000000004,7.0,4,240,166,94,0,0.5094959061435128,0.15683362414389462,success
763,2000,8,2,4.0,3.4000000000000012,0.1,0.9800000000000004,7.0,4,237,170,93,0,0.5041114622265684,0.15366898851794644,success
765,2000,8,2,4.0,3.4000000000000012,0.1,1.0000000000000004,7.0,4,241,164,95,0,0.5245548781740665,0.17793830919315273,success
766,2000,8,2,4.0,3.5000000000000013,0.1,0.5,7.0,4,131,209,160,0,0.6496786089435262,0.23939546698534306,success
767,2000,8,2,4.0,3.5000000000000013,0.1,0.51,7.0,4,133,208,159,0,0.6517952386716972,0.24039078812737125,success
768,2000,8,2,4.0,3.5000000000000013,0.1,0.52,7.0,4,134,206,160,0,0.6556722302901139,0.2443952359743438,success
769,2000,8,2,4.0,3.5000000000000013,0.1,0.53,7.0,4,143,206,151,0,0.640823542876867,0.23969010980063096,success
770,2000,8,2,4.0,3.5000000000000013,0.1,0.54,7.0,4,145,206,149,0,0.6386207988214956,0.24078758828814986,success
771,2000,8,2,4.0,3.5000000000000013,0.1,0.55,7.0,4,155,204,141,0,0.6277854254032923,0.2387955477915724,success
773,2000,8,2,4.0,3.5000000000000013,0.1,0.5700000000000001,7.0,4,156,201,143,0,0.6434677498193703,0.2473825731086731,success
772,2000,8,2,4.0,3.5000000000000013,0.1,0.56,7.0,4,159,202,139,0,0.6277259728671417,0.23787280811279354,success
775,2000,8,2,4.0,3.5000000000000013,0.1,0.5900000000000001,7.0,4,160,197,143,0,0.6376875294035904,0.24177241553068624,success
774,2000,8,2,4.0,3.5000000000000013,0.1,0.5800000000000001,7.0,4,158,198,144,0,0.6411159040923334,0.24323549110263434,success
776,2000,8,2,4.0,3.5000000000000013,0.1,0.6000000000000001,7.0,4,165,196,139,0,0.6279093054524114,0.2381020093630389,success
777,2000,8,2,4.0,3.5000000000000013,0.1,0.6100000000000001,7.0,4,172,193,135,0,0.6140078924485002,0.23084944229285206,success
778,2000,8,2,4.0,3.5000000000000013,0.1,0.6200000000000001,7.0,4,174,196,130,0,0.6123012666612213,0.23677396135828474,success
779,2000,8,2,4.0,3.5000000000000013,0.1,0.6300000000000001,7.0,4,172,193,135,0,0.6114608766390307,0.2345128273448281,success
780,2000,8,2,4.0,3.5000000000000013,0.1,0.6400000000000001,7.0,4,177,194,129,0,0.6041876173313508,0.23496774007568216,success
781,2000,8,2,4.0,3.5000000000000013,0.1,0.6500000000000001,7.0,4,181,190,129,0,0.594617680580064,0.23236768794735296,success
783,2000,8,2,4.0,3.5000000000000013,0.1,0.6700000000000002,7.0,4,188,186,126,0,0.5873532594563857,0.226368285703878,success
784,2000,8,2,4.0,3.5000000000000013,0.1,0.6800000000000002,7.0,4,186,188,126,0,0.59788862414583,0.23637597152819464,success
782,2000,8,2,4.0,3.5000000000000013,0.1,0.6600000000000001,7.0,4,178,188,134,0,0.6048487451692294,0.23373327075972353,success
785,2000,8,2,4.0,3.5000000000000013,0.1,0.6900000000000002,7.0,4,188,185,127,0,0.5992935435782689,0.2308153472037414,success
786,2000,8,2,4.0,3.5000000000000013,0.1,0.7000000000000002,7.0,4,194,185,121,0,0.5795263566283825,0.22057347544546477,success
789,2000,8,2,4.0,3.5000000000000013,0.1,0.7300000000000002,7.0,4,199,185,116,0,0.5561973814887466,0.21470354105375483,success
791,2000,8,2,4.0,3.5000000000000013,0.1,0.7500000000000002,7.0,4,202,180,118,0,0.552029020921382,0.20630332891074857,success
788,2000,8,2,4.0,3.5000000000000013,0.1,0.7200000000000002,7.0,4,194,184,122,0,0.5741426547680896,0.2160756142175484,success
787,2000,8,2,4.0,3.5000000000000013,0.1,0.7100000000000002,7.0,4,193,185,122,0,0.5841421058301381,0.2237503613134847,success
790,2000,8,2,4.0,3.5000000000000013,0.1,0.7400000000000002,7.0,4,196,184,120,0,0.5659086486014139,0.2188447584249051,success
793,2000,8,2,4.0,3.5000000000000013,0.1,0.7700000000000002,7.0,4,202,180,118,0,0.5507624494615538,0.20424164365279954,success
792,2000,8,2,4.0,3.5000000000000013,0.1,0.7600000000000002,7.0,4,198,179,123,0,0.568581681548473,0.21659243285127885,success
794,2000,8,2,4.0,3.5000000000000013,0.1,0.7800000000000002,7.0,4,202,179,119,0,0.5513623808196069,0.2095888052623082,success
795,2000,8,2,4.0,3.5000000000000013,0.1,0.7900000000000003,7.0,4,204,181,115,0,0.5407926890952887,0.20649627148720814,success
797,2000,8,2,4.0,3.5000000000000013,0.1,0.8100000000000003,7.0,4,207,181,112,0,0.5373513511664729,0.20326572802857495,success
796,2000,8,2,4.0,3.5000000000000013,0.1,0.8000000000000003,7.0,4,200,178,122,0,0.5627089348256092,0.21952678595248581,success
798,2000,8,2,4.0,3.5000000000000013,0.1,0.8200000000000003,7.0,4,206,181,113,0,0.5395932041623641,0.20395035907501186,success
799,2000,8,2,4.0,3.5000000000000013,0.1,0.8300000000000003,7.0,4,209,181,110,0,0.5265663991530819,0.19611777383760604,success
800,2000,8,2,4.0,3.5000000000000013,0.1,0.8400000000000003,7.0,4,208,181,111,0,0.5313980323970099,0.1994440143563993,success
801,2000,8,2,4.0,3.5000000000000013,0.1,0.8500000000000003,7.0,4,210,178,112,0,0.5270086463356021,0.19212291517671884,success
802,2000,8,2,4.0,3.5000000000000013,0.1,0.8600000000000003,7.0,4,209,177,114,0,0.5418067053066353,0.20797716833740218,success
804,2000,8,2,4.0,3.5000000000000013,0.1,0.8800000000000003,7.0,4,212,179,109,0,0.5284796893756164,0.18533360905131804,success
803,2000,8,2,4.0,3.5000000000000013,0.1,0.8700000000000003,7.0,4,208,177,115,0,0.5424906859282793,0.20529992183085288,success
805,2000,8,2,4.0,3.5000000000000013,0.1,0.8900000000000003,7.0,4,213,180,107,0,0.5344662787235822,0.1913384229104874,success
807,2000,8,2,4.0,3.5000000000000013,0.1,0.9100000000000004,7.0,4,218,174,108,0,0.5437794136916745,0.18460696343926838,success
806,2000,8,2,4.0,3.5000000000000013,0.1,0.9000000000000004,7.0,4,213,176,111,0,0.5494980383921745,0.19003897620909513,success
808,2000,8,2,4.0,3.5000000000000013,0.1,0.9200000000000004,7.0,4,212,174,114,0,0.5490240589435905,0.18374351899159075,success
810,2000,8,2,4.0,3.5000000000000013,0.1,0.9400000000000004,7.0,4,217,174,109,0,0.5367056852680155,0.16368528726058104,success
809,2000,8,2,4.0,3.5000000000000013,0.1,0.9300000000000004,7.0,4,215,173,112,0,0.5453068968853264,0.1822024350220181,success
812,2000,8,2,4.0,3.5000000000000013,0.1,0.9600000000000004,7.0,4,217,172,111,0,0.5463146318362422,0.17199504064935786,success
811,2000,8,2,4.0,3.5000000000000013,0.1,0.9500000000000004,7.0,4,214,173,113,0,0.5557159754662573,0.17885058221348496,success
813,2000,8,2,4.0,3.5000000000000013,0.1,0.9700000000000004,7.0,4,217,170,113,0,0.5576800056277423,0.18156002510408634,success
814,2000,8,2,4.0,3.5000000000000013,0.1,0.9800000000000004,7.0,4,222,169,109,0,0.5449315973227647,0.18552930883871335,success
815,2000,8,2,4.0,3.5000000000000013,0.1,0.9900000000000004,7.0,4,227,167,106,0,0.5442563245914658,0.1911371163200848,success
816,2000,8,2,4.0,3.5000000000000013,0.1,1.0000000000000004,7.0,4,225,169,106,0,0.5416700257582482,0.18917066737159313,success
817,2000,8,2,4.0,3.6000000000000014,0.1,0.5,7.0,4,114,214,172,0,0.6807798292974138,0.24930629101051993,success
818,2000,8,2,4.0,3.6000000000000014,0.1,0.51,7.0,4,118,216,166,0,0.6787905335967868,0.25075098831545245,success
819,2000,8,2,4.0,3.6000000000000014,0.1,0.52,7.0,4,120,209,171,0,0.6764193635105387,0.2460473435954545,success
820,2000,8,2,4.0,3.6000000000000014,0.1,0.53,7.0,4,127,211,162,0,0.6718252247980733,0.2496884517501224,success
821,2000,8,2,4.0,3.6000000000000014,0.1,0.54,7.0,4,131,210,159,0,0.6639439614456207,0.24740419109852477,success
823,2000,8,2,4.0,3.6000000000000014,0.1,0.56,7.0,4,141,207,152,0,0.6545120446367466,0.24596302357222966,success
822,2000,8,2,4.0,3.6000000000000014,0.1,0.55,7.0,4,132,207,161,0,0.6713637124677976,0.24738181757994374,success
824,2000,8,2,4.0,3.6000000000000014,0.1,0.5700000000000001,7.0,4,143,206,151,0,0.6570325414495778,0.2477055359225748,success
825,2000,8,2,4.0,3.6000000000000014,0.1,0.5800000000000001,7.0,4,148,203,149,0,0.6467284428671376,0.24269937687998341,success
826,2000,8,2,4.0,3.6000000000000014,0.1,0.5900000000000001,7.0,4,149,206,145,0,0.6438164160887654,0.24602990863035923,success
827,2000,8,2,4.0,3.6000000000000014,0.1,0.6000000000000001,7.0,4,148,202,150,0,0.6505345222618506,0.2460866834283632,success
828,2000,8,2,4.0,3.6000000000000014,0.1,0.6100000000000001,7.0,4,151,205,144,0,0.6425184128366284,0.2480707944583489,success
829,2000,8,2,4.0,3.6000000000000014,0.1,0.6200000000000001,7.0,4,150,206,144,0,0.6426322470696618,0.24615891314071026,success
830,2000,8,2,4.0,3.6000000000000014,0.1,0.6300000000000001,7.0,4,156,203,141,0,0.6293543388555267,0.24600463691650742,success
831,2000,8,2,4.0,3.6000000000000014,0.1,0.6400000000000001,7.0,4,159,204,137,0,0.6209759631384046,0.245395815555014,success
832,2000,8,2,4.0,3.6000000000000014,0.1,0.6500000000000001,7.0,4,165,200,135,0,0.6172496606525139,0.24629877874337808,success
833,2000,8,2,4.0,3.6000000000000014,0.1,0.6600000000000001,7.0,4,170,198,132,0,0.6083224777823423,0.24284909542849953,success
834,2000,8,2,4.0,3.6000000000000014,0.1,0.6700000000000002,7.0,4,170,198,132,0,0.6054831964091157,0.23972864020793752,success
835,2000,8,2,4.0,3.6000000000000014,0.1,0.6800000000000002,7.0,4,168,193,139,0,0.6161197149136016,0.24016949554787462,success
836,2000,8,2,4.0,3.6000000000000014,0.1,0.6900000000000002,7.0,4,176,190,134,0,0.606333644506462,0.22885202931985738,success
837,2000,8,2,4.0,3.6000000000000014,0.1,0.7000000000000002,7.0,4,171,191,138,0,0.6169731608706442,0.23728068696731747,success
839,2000,8,2,4.0,3.6000000000000014,0.1,0.7200000000000002,7.0,4,180,195,125,0,0.5872428590613044,0.22931774003080083,success
838,2000,8,2,4.0,3.6000000000000014,0.1,0.7100000000000002,7.0,4,182,194,124,0,0.5838065199982899,0.22711525127982315,success
842,2000,8,2,4.0,3.6000000000000014,0.1,0.7500000000000002,7.0,4,188,189,123,0,0.5797101988422676,0.23020244142759558,success
841,2000,8,2,4.0,3.6000000000000014,0.1,0.7400000000000002,7.0,4,182,192,126,0,0.5869961947817456,0.23102641123128984,success
840,2000,8,2,4.0,3.6000000000000014,0.1,0.7300000000000002,7.0,4,180,192,128,0,0.5906910497221752,0.23289518184560376,success
843,2000,8,2,4.0,3.6000000000000014,0.1,0.7600000000000002,7.0,4,190,190,120,0,0.5709553101065821,0.2288962863937078,success
844,2000,8,2,4.0,3.6000000000000014,0.1,0.7700000000000002,7.0,4,188,185,127,0,0.5799849657285117,0.22634067775615518,success
846,2000,8,2,4.0,3.6000000000000014,0.1,0.7900000000000003,7.0,4,190,185,125,0,0.5616468023916673,0.21695368219423616,success
845,2000,8,2,4.0,3.6000000000000014,0.1,0.7800000000000002,7.0,4,190,186,124,0,0.5578963797642641,0.2168861711382854,success
847,2000,8,2,4.0,3.6000000000000014,0.1,0.8000000000000003,7.0,4,192,185,123,0,0.5559053142085809,0.2144975590741251,success
848,2000,8,2,4.0,3.6000000000000014,0.1,0.8100000000000003,7.0,4,194,186,120,0,0.550469374660495,0.21040540581438597,success
849,2000,8,2,4.0,3.6000000000000014,0.1,0.8200000000000003,7.0,4,195,186,119,0,0.5482997426701129,0.20728642003597714,success
850,2000,8,2,4.0,3.6000000000000014,0.1,0.8300000000000003,7.0,4,195,182,123,0,0.5618477425902746,0.21616564502544044,success
856,2000,8,2,4.0,3.6000000000000014,0.1,0.8900000000000003,7.0,4,202,183,115,0,0.5464571339372117,0.19669086449069548,success
852,2000,8,2,4.0,3.6000000000000014,0.1,0.8500000000000003,7.0,4,197,185,118,0,0.5399641751263587,0.20069228004184012,success
851,2000,8,2,4.0,3.6000000000000014,0.1,0.8400000000000003,7.0,4,189,183,128,0,0.5763402797988734,0.2246071529180908,success
853,2000,8,2,4.0,3.6000000000000014,0.1,0.8600000000000003,7.0,4,193,184,123,0,0.5634332383320863,0.22052988461653994,success
855,2000,8,2,4.0,3.6000000000000014,0.1,0.8800000000000003,7.0,4,197,184,119,0,0.5585756326837195,0.20842510146428597,success
854,2000,8,2,4.0,3.6000000000000014,0.1,0.8700000000000003,7.0,4,199,184,117,0,0.542267477634427,0.2050848040111966,success
857,2000,8,2,4.0,3.6000000000000014,0.1,0.9000000000000004,7.0,4,202,184,114,0,0.5466900219975517,0.20017884514794937,success
858,2000,8,2,4.0,3.6000000000000014,0.1,0.9100000000000004,7.0,4,202,182,116,0,0.5597972753153752,0.21166657707635378,success
859,2000,8,2,4.0,3.6000000000000014,0.1,0.9200000000000004,7.0,4,202,183,115,0,0.5558741161479875,0.2092941047176545,success
860,2000,8,2,4.0,3.6000000000000014,0.1,0.9300000000000004,7.0,4,203,186,111,0,0.5409319176560047,0.1988258926590119,success
861,2000,8,2,4.0,3.6000000000000014,0.1,0.9400000000000004,7.0,4,203,182,115,0,0.5488976526180872,0.2041706825798935,success
862,2000,8,2,4.0,3.6000000000000014,0.1,0.9500000000000004,7.0,4,205,182,113,0,0.5429165628388185,0.20097868939041477,success
863,2000,8,2,4.0,3.6000000000000014,0.1,0.9600000000000004,7.0,4,205,182,113,0,0.5454589639932376,0.2030521062161841,success
864,2000,8,2,4.0,3.6000000000000014,0.1,0.9700000000000004,7.0,4,211,178,111,0,0.5360232640816724,0.19216899903902865,success
865,2000,8,2,4.0,3.6000000000000014,0.1,0.9800000000000004,7.0,4,205,178,117,0,0.5633912983775439,0.2151074949619636,success
867,2000,8,2,4.0,3.6000000000000014,0.1,1.0000000000000004,7.0,4,210,176,114,0,0.5436873191404462,0.19730190062174507,success
866,2000,8,2,4.0,3.6000000000000014,0.1,0.9900000000000004,7.0,4,207,179,114,0,0.5492774677718361,0.20452824045620652,success
868,2000,8,2,4.0,3.7000000000000015,0.1,0.5,7.0,4,103,223,174,0,0.6920110794888069,0.24988483812676687,success
869,2000,8,2,4.0,3.7000000000000015,0.1,0.51,7.0,4,102,220,178,0,0.6970428996499025,0.24936031865854982,success
870,2000,8,2,4.0,3.7000000000000015,0.1,0.52,7.0,4,103,215,182,0,0.7001617556709091,0.24252506632450593,success
871,2000,8,2,4.0,3.7000000000000015,0.1,0.53,7.0,4,104,217,179,0,0.6987844524474368,0.244358426413352,success
873,2000,8,2,4.0,3.7000000000000015,0.1,0.55,7.0,4,103,214,183,0,0.7058880323229721,0.2429686021437902,success
872,2000,8,2,4.0,3.7000000000000015,0.1,0.54,7.0,4,115,217,168,0,0.683934744168297,0.24422391793271667,success
874,2000,8,2,4.0,3.7000000000000015,0.1,0.56,7.0,4,118,212,170,0,0.6858142037396202,0.2398153128143534,success
875,2000,8,2,4.0,3.7000000000000015,0.1,0.5700000000000001,7.0,4,122,212,166,0,0.6818048730859706,0.241500493757551,success
877,2000,8,2,4.0,3.7000000000000015,0.1,0.5900000000000001,7.0,4,127,212,161,0,0.6744968270271433,0.23966949833523754,success
876,2000,8,2,4.0,3.7000000000000015,0.1,0.5800000000000001,7.0,4,124,213,163,0,0.6761197737175744,0.24048234816598937,success
878,2000,8,2,4.0,3.7000000000000015,0.1,0.6000000000000001,7.0,4,135,208,157,0,0.6615563956048685,0.2354682852620715,success
879,2000,8,2,4.0,3.7000000000000015,0.1,0.6100000000000001,7.0,4,140,208,152,0,0.653808032815361,0.23461698805610967,success
880,2000,8,2,4.0,3.7000000000000015,0.1,0.6200000000000001,7.0,4,137,208,155,0,0.6665267096296932,0.23949810773684924,success
883,2000,8,2,4.0,3.7000000000000015,0.1,0.6500000000000001,7.0,4,146,202,152,0,0.6559389214679833,0.2412446250430834,success
882,2000,8,2,4.0,3.7000000000000015,0.1,0.6400000000000001,7.0,4,145,210,145,0,0.6502554455218795,0.23921303845534211,success
881,2000,8,2,4.0,3.7000000000000015,0.1,0.6300000000000001,7.0,4,143,213,144,0,0.6551430229421312,0.24408145140717527,success
885,2000,8,2,4.0,3.7000000000000015,0.1,0.6700000000000002,7.0,4,151,206,143,0,0.6420420473643977,0.23939944604043867,success
884,2000,8,2,4.0,3.7000000000000015,0.1,0.6600000000000001,7.0,4,147,209,144,0,0.6470847196428723,0.2430942120468236,success
886,2000,8,2,4.0,3.7000000000000015,0.1,0.6800000000000002,7.0,4,156,206,138,0,0.6342914764613532,0.24163883460370078,success
887,2000,8,2,4.0,3.7000000000000015,0.1,0.6900000000000002,7.0,4,153,204,143,0,0.6394929180830365,0.24055064518664593,success
888,2000,8,2,4.0,3.7000000000000015,0.1,0.7000000000000002,7.0,4,165,203,132,0,0.6173339355591667,0.23819450796420313,success
889,2000,8,2,4.0,3.7000000000000015,0.1,0.7100000000000002,7.0,4,165,208,127,0,0.6131487826126201,0.24097167802320815,success
890,2000,8,2,4.0,3.7000000000000015,0.1,0.7200000000000002,7.0,4,164,208,128,0,0.6123241454669539,0.23833595792085338,success
891,2000,8,2,4.0,3.7000000000000015,0.1,0.7300000000000002,7.0,4,161,205,134,0,0.6265412860258641,0.24636030504749948,success
892,2000,8,2,4.0,3.7000000000000015,0.1,0.7400000000000002,7.0,4,169,203,128,0,0.6078935276681421,0.23983301934230422,success
893,2000,8,2,4.0,3.7000000000000015,0.1,0.7500000000000002,7.0,4,170,200,130,0,0.6013973694768612,0.23154644436603783,success
894,2000,8,2,4.0,3.7000000000000015,0.1,0.7600000000000002,7.0,4,174,198,128,0,0.5950644190353362,0.22922354621642121,success
895,2000,8,2,4.0,3.7000000000000015,0.1,0.7700000000000002,7.0,4,175,199,126,0,0.5947497012250926,0.23218692254466744,success
896,2000,8,2,4.0,3.7000000000000015,0.1,0.7800000000000002,7.0,4,178,201,121,0,0.5839805533352409,0.2298243412736638,success
897,2000,8,2,4.0,3.7000000000000015,0.1,0.7900000000000003,7.0,4,184,202,114,0,0.5637332284418355,0.2194442373861263,success
898,2000,8,2,4.0,3.7000000000000015,0.1,0.8000000000000003,7.0,4,179,199,122,0,0.5844500103469066,0.2276234619548579,success
899,2000,8,2,4.0,3.7000000000000015,0.1,0.8100000000000003,7.0,4,182,198,120,0,0.5722705928586295,0.2156199087138237,success
900,2000,8,2,4.0,3.7000000000000015,0.1,0.8200000000000003,7.0,4,179,193,128,0,0.595344545013621,0.22479834279418576,success
902,2000,8,2,4.0,3.7000000000000015,0.1,0.8400000000000003,7.0,4,186,197,117,0,0.5665078347678091,0.21519697557427042,success
901,2000,8,2,4.0,3.7000000000000015,0.1,0.8300000000000003,7.0,4,180,195,125,0,0.5887261408317921,0.22421200405646005,success
903,2000,8,2,4.0,3.7000000000000015,0.1,0.8500000000000003,7.0,4,189,196,115,0,0.5604401435880525,0.210211830870145,success
905,2000,8,2,4.0,3.7000000000000015,0.1,0.8700000000000003,7.0,4,186,198,116,0,0.5719548218599052,0.22080045651868316,success
904,2000,8,2,4.0,3.7000000000000015,0.1,0.8600000000000003,7.0,4,188,197,115,0,0.5664415835956692,0.21448604724895812,success
906,2000,8,2,4.0,3.7000000000000015,0.1,0.8800000000000003,7.0,4,190,195,115,0,0.5731421706885658,0.21701205218694017,success
907,2000,8,2,4.0,3.7000000000000015,0.1,0.8900000000000003,7.0,4,195,192,113,0,0.566115159515828,0.20933196651635105,success
908,2000,8,2,4.0,3.7000000000000015,0.1,0.9000000000000004,7.0,4,194,191,115,0,0.5720567928318435,0.2157438673675242,success
909,2000,8,2,4.0,3.7000000000000015,0.1,0.9100000000000004,7.0,4,200,191,109,0,0.5507677601564996,0.2029582180260832,success
910,2000,8,2,4.0,3.7000000000000015,0.1,0.9200000000000004,7.0,4,195,191,114,0,0.5646886068475607,0.20633174597903173,success
911,2000,8,2,4.0,3.7000000000000015,0.1,0.9300000000000004,7.0,4,195,189,116,0,0.5764052740023401,0.21512622879620127,success
912,2000,8,2,4.0,3.7000000000000015,0.1,0.9400000000000004,7.0,4,197,191,112,0,0.5673846032432796,0.21329322308168897,success
913,2000,8,2,4.0,3.7000000000000015,0.1,0.9500000000000004,7.0,4,198,187,115,0,0.57010667986178,0.2111211545000269,success
914,2000,8,2,4.0,3.7000000000000015,0.1,0.9600000000000004,7.0,4,197,190,113,0,0.5667982393175972,0.21085796099713278,success
915,2000,8,2,4.0,3.7000000000000015,0.1,0.9700000000000004,7.0,4,201,188,111,0,0.5638511278452847,0.20924958560935406,success
917,2000,8,2,4.0,3.7000000000000015,0.1,0.9900000000000004,7.0,4,200,188,112,0,0.5768403823155729,0.21961113923021508,success
916,2000,8,2,4.0,3.7000000000000015,0.1,0.9800000000000004,7.0,4,203,186,111,0,0.5693214360901878,0.21400600789776036,success
918,2000,8,2,4.0,3.7000000000000015,0.1,1.0000000000000004,7.0,4,203,188,109,0,0.5693537199381243,0.21807922560675924,success
919,2000,8,2,4.0,3.8000000000000016,0.1,0.5,7.0,4,89,228,183,0,0.7047913736036326,0.245111147986306,success
920,2000,8,2,4.0,3.8000000000000016,0.1,0.51,7.0,4,96,226,178,0,0.6927844260199385,0.24745786151571394,success
921,2000,8,2,4.0,3.8000000000000016,0.1,0.52,7.0,4,89,223,188,0,0.7038739228534746,0.24690021723869324,success
922,2000,8,2,4.0,3.8000000000000016,0.1,0.53,7.0,4,96,225,179,0,0.6973414238275931,0.24803410003881604,success
923,2000,8,2,4.0,3.8000000000000016,0.1,0.54,7.0,4,106,226,168,0,0.6821451709329174,0.24661243287640436,success
924,2000,8,2,4.0,3.8000000000000016,0.1,0.55,7.0,4,99,223,178,0,0.6944246984000346,0.24730307998418374,success
925,2000,8,2,4.0,3.8000000000000016,0.1,0.56,7.0,4,102,221,177,0,0.6928230533689446,0.24847017735050275,success
927,2000,8,2,4.0,3.8000000000000016,0.1,0.5800000000000001,7.0,4,108,220,172,0,0.6819902610995581,0.24698753573081242,success
926,2000,8,2,4.0,3.8000000000000016,0.1,0.5700000000000001,7.0,4,102,216,182,0,0.6969128972647871,0.24568098916853365,success
928,2000,8,2,4.0,3.8000000000000016,0.1,0.5900000000000001,7.0,4,112,218,170,0,0.6719225466900244,0.2459384685102644,success
929,2000,8,2,4.0,3.8000000000000016,0.1,0.6000000000000001,7.0,4,118,218,164,0,0.6663515002564515,0.2436240913269413,success
930,2000,8,2,4.0,3.8000000000000016,0.1,0.6100000000000001,7.0,4,118,220,162,0,0.6683181354156805,0.24934055974749703,success
931,2000,8,2,4.0,3.8000000000000016,0.1,0.6200000000000001,7.0,4,119,221,160,0,0.6672640145933876,0.25056768487308173,success
933,2000,8,2,4.0,3.8000000000000016,0.1,0.6400000000000001,7.0,4,125,220,155,0,0.6616876060780857,0.2501524280014677,success
932,2000,8,2,4.0,3.8000000000000016,0.1,0.6300000000000001,7.0,4,118,218,164,0,0.6718147502171593,0.24762218651564574,success
934,2000,8,2,4.0,3.8000000000000016,0.1,0.6500000000000001,7.0,4,126,216,158,0,0.6559666556151015,0.24968028810345294,success
935,2000,8,2,4.0,3.8000000000000016,0.1,0.6600000000000001,7.0,4,123,216,161,0,0.6629901728584214,0.2518237575947904,success
936,2000,8,2,4.0,3.8000000000000016,0.1,0.6700000000000002,7.0,4,132,213,155,0,0.6530479828337993,0.24823978271330974,success
937,2000,8,2,4.0,3.8000000000000016,0.1,0.6800000000000002,7.0,4,141,214,145,0,0.6249966665308473,0.24249218380242227,success
938,2000,8,2,4.0,3.8000000000000016,0.1,0.6900000000000002,7.0,4,139,212,149,0,0.6323849144647902,0.24470055808830216,success
939,2000,8,2,4.0,3.8000000000000016,0.1,0.7000000000000002,7.0,4,148,212,140,0,0.6167285021938879,0.24178835847145885,success
940,2000,8,2,4.0,3.8000000000000016,0.1,0.7100000000000002,7.0,4,148,209,143,0,0.6206652481764343,0.24027927688723447,success
941,2000,8,2,4.0,3.8000000000000016,0.1,0.7200000000000002,7.0,4,147,207,146,0,0.6226055576351576,0.23784677989260136,success
942,2000,8,2,4.0,3.8000000000000016,0.1,0.7300000000000002,7.0,4,152,208,140,0,0.6074231772390338,0.24063933939110985,success
943,2000,8,2,4.0,3.8000000000000016,0.1,0.7400000000000002,7.0,4,147,206,147,0,0.6214252162551946,0.24297834631830897,success
945,2000,8,2,4.0,3.8000000000000016,0.1,0.7600000000000002,7.0,4,151,203,146,0,0.6269378764475569,0.24529395990904238,success
944,2000,8,2,4.0,3.8000000000000016,0.1,0.7500000000000002,7.0,4,150,205,145,0,0.6152354836719108,0.24135095051736835,success
946,2000,8,2,4.0,3.8000000000000016,0.1,0.7700000000000002,7.0,4,156,202,142,0,0.6185584282898144,0.24317275063231764,success
947,2000,8,2,4.0,3.8000000000000016,0.1,0.7800000000000002,7.0,4,159,203,138,0,0.6091276070748046,0.24080485838956095,success
948,2000,8,2,4.0,3.8000000000000016,0.1,0.7900000000000003,7.0,4,152,204,144,0,0.6308270113359495,0.24958340301319296,success
949,2000,8,2,4.0,3.8000000000000016,0.1,0.8000000000000003,7.0,4,163,202,135,0,0.6020082771654606,0.23886213648376559,success
950,2000,8,2,4.0,3.8000000000000016,0.1,0.8100000000000003,7.0,4,162,204,134,0,0.6034558648404399,0.24337737898873305,success
951,2000,8,2,4.0,3.8000000000000016,0.1,0.8200000000000003,7.0,4,163,200,137,0,0.6042339433301701,0.23894368151285972,success
952,2000,8,2,4.0,3.8000000000000016,0.1,0.8300000000000003,7.0,4,167,200,133,0,0.6025181178645956,0.24020815097232345,success
953,2000,8,2,4.0,3.8000000000000016,0.1,0.8400000000000003,7.0,4,172,200,128,0,0.5832241103307683,0.23258789178862452,success
954,2000,8,2,4.0,3.8000000000000016,0.1,0.8500000000000003,7.0,4,168,199,133,0,0.6005196341811948,0.23934255888134928,success
955,2000,8,2,4.0,3.8000000000000016,0.1,0.8600000000000003,7.0,4,172,199,129,0,0.5879570142938216,0.23541995340352945,success
956,2000,8,2,4.0,3.8000000000000016,0.1,0.8700000000000003,7.0,4,169,202,129,0,0.5876891981464415,0.23714809100269768,success
957,2000,8,2,4.0,3.8000000000000016,0.1,0.8800000000000003,7.0,4,175,200,125,0,0.5785235640871145,0.2307315534387758,success
958,2000,8,2,4.0,3.8000000000000016,0.1,0.8900000000000003,7.0,4,173,199,128,0,0.5991233274217476,0.23892933784406972,success
959,2000,8,2,4.0,3.8000000000000016,0.1,0.9000000000000004,7.0,4,174,199,127,0,0.5867720231936886,0.23318408789249254,success
960,2000,8,2,4.0,3.8000000000000016,0.1,0.9100000000000004,7.0,4,177,200,123,0,0.5922718151119263,0.24081957714385815,success
961,2000,8,2,4.0,3.8000000000000016,0.1,0.9200000000000004,7.0,4,183,201,116,0,0.5662286601970642,0.23038853157943653,success
962,2000,8,2,4.0,3.8000000000000016,0.1,0.9300000000000004,7.0,4,183,201,116,0,0.5711231754067433,0.23427457876897614,success
963,2000,8,2,4.0,3.8000000000000016,0.1,0.9400000000000004,7.0,4,184,197,119,0,0.5740555779284784,0.23250374149772257,success
964,2000,8,2,4.0,3.8000000000000016,0.1,0.9500000000000004,7.0,4,185,198,117,0,0.5717004299009918,0.2329023929505523,success
965,2000,8,2,4.0,3.8000000000000016,0.1,0.9600000000000004,7.0,4,187,197,116,0,0.5693383572265523,0.23105239259674673,success
966,2000,8,2,4.0,3.8000000000000016,0.1,0.9700000000000004,7.0,4,189,199,112,0,0.554871029368283,0.2246850995501489,success
967,2000,8,2,4.0,3.8000000000000016,0.1,0.9800000000000004,7.0,4,190,199,111,0,0.5498917903769995,0.22097285710636638,success
968,2000,8,2,4.0,3.8000000000000016,0.1,0.9900000000000004,7.0,4,189,199,112,0,0.5576400564893823,0.22557159956005113,success
969,2000,8,2,4.0,3.8000000000000016,0.1,1.0000000000000004,7.0,4,191,198,111,0,0.5541918444243694,0.22371333704644378,success
971,2000,8,2,4.0,3.9000000000000017,0.1,0.51,7.0,4,80,227,193,0,0.7060802012744496,0.24770882424553223,success
970,2000,8,2,4.0,3.9000000000000017,0.1,0.5,7.0,4,69,228,203,0,0.7254956998667524,0.24553277151001363,success
972,2000,8,2,4.0,3.9000000000000017,0.1,0.52,7.0,4,78,225,197,0,0.7069342820436397,0.24584328026886534,success
973,2000,8,2,4.0,3.9000000000000017,0.1,0.53,7.0,4,77,224,199,0,0.7097250422397623,0.2472712722434479,success
974,2000,8,2,4.0,3.9000000000000017,0.1,0.54,7.0,4,82,225,193,0,0.7047108738990275,0.2484794559162835,success
976,2000,8,2,4.0,3.9000000000000017,0.1,0.56,7.0,4,87,221,192,0,0.6995846765106952,0.245584338514464,success
977,2000,8,2,4.0,3.9000000000000017,0.1,0.5700000000000001,7.0,4,89,222,189,0,0.6997487685352423,0.2465791605933145,success
975,2000,8,2,4.0,3.9000000000000017,0.1,0.55,7.0,4,82,223,195,0,0.7072963899367755,0.24760645038379944,success
979,2000,8,2,4.0,3.9000000000000017,0.1,0.5900000000000001,7.0,4,97,223,180,0,0.685251245219255,0.24770928686676214,success
980,2000,8,2,4.0,3.9000000000000017,0.1,0.6000000000000001,7.0,4,93,222,185,0,0.6933252185732592,0.24845920265460233,success
978,2000,8,2,4.0,3.9000000000000017,0.1,0.5800000000000001,7.0,4,99,220,181,0,0.6877665161199393,0.2450352843327547,success
981,2000,8,2,4.0,3.9000000000000017,0.1,0.6100000000000001,7.0,4,99,222,179,0,0.6831294718668716,0.2486353885868704,success
982,2000,8,2,4.0,3.9000000000000017,0.1,0.6200000000000001,7.0,4,99,224,177,0,0.6853859373156902,0.24990209825878126,success
983,2000,8,2,4.0,3.9000000000000017,0.1,0.6300000000000001,7.0,4,102,224,174,0,0.6858693124750811,0.2529738049337025,success
984,2000,8,2,4.0,3.9000000000000017,0.1,0.6400000000000001,7.0,4,106,223,171,0,0.6785925923131796,0.24967230971400262,success
985,2000,8,2,4.0,3.9000000000000017,0.1,0.6500000000000001,7.0,4,106,223,171,0,0.6796657702836403,0.25470343754378716,success
986,2000,8,2,4.0,3.9000000000000017,0.1,0.6600000000000001,7.0,4,111,219,170,0,0.6720178467537729,0.25107325226813204,success
987,2000,8,2,4.0,3.9000000000000017,0.1,0.6700000000000002,7.0,4,112,220,168,0,0.6747802603851337,0.25420599025607993,success
988,2000,8,2,4.0,3.9000000000000017,0.1,0.6800000000000002,7.0,4,119,218,163,0,0.6636072947361273,0.254086100363763,success
989,2000,8,2,4.0,3.9000000000000017,0.1,0.6900000000000002,7.0,4,122,218,160,0,0.6577744162974202,0.2547355868674759,success
990,2000,8,2,4.0,3.9000000000000017,0.1,0.7000000000000002,7.0,4,128,219,153,0,0.6439157910075486,0.2524591246003139,success
991,2000,8,2,4.0,3.9000000000000017,0.1,0.7100000000000002,7.0,4,133,217,150,0,0.6316926775302939,0.24669875745371286,success
992,2000,8,2,4.0,3.9000000000000017,0.1,0.7200000000000002,7.0,4,134,217,149,0,0.6346654792042887,0.24970736405031108,success
993,2000,8,2,4.0,3.9000000000000017,0.1,0.7300000000000002,7.0,4,135,214,151,0,0.6374454909392527,0.24974442026923224,success
994,2000,8,2,4.0,3.9000000000000017,0.1,0.7400000000000002,7.0,4,133,214,153,0,0.6407100019351029,0.25034116201654544,success
995,2000,8,2,4.0,3.9000000000000017,0.1,0.7500000000000002,7.0,4,140,214,146,0,0.6271636194747006,0.2460531386009419,success
996,2000,8,2,4.0,3.9000000000000017,0.1,0.7600000000000002,7.0,4,144,214,142,0,0.6161412647429685,0.2422890191022074,success
997,2000,8,2,4.0,3.9000000000000017,0.1,0.7700000000000002,7.0,4,145,215,140,0,0.6156380438105391,0.24558873320895408,success
998,2000,8,2,4.0,3.9000000000000017,0.1,0.7800000000000002,7.0,4,143,211,146,0,0.6235735062549955,0.24668149397401448,success
999,2000,8,2,4.0,3.9000000000000017,0.1,0.7900000000000003,7.0,4,147,212,141,0,0.6149790292475757,0.24462343509760923,success
1000,2000,8,2,4.0,3.9000000000000017,0.1,0.8000000000000003,7.0,4,149,212,139,0,0.615522744853645,0.24755472169622844,success
1001,2000,8,2,4.0,3.9000000000000017,0.1,0.8100000000000003,7.0,4,153,212,135,0,0.6022957235592485,0.2437383648151018,success
1002,2000,8,2,4.0,3.9000000000000017,0.1,0.8200000000000003,7.0,4,152,207,141,0,0.6090621144918265,0.239597677073076,success
1003,2000,8,2,4.0,3.9000000000000017,0.1,0.8300000000000003,7.0,4,151,210,139,0,0.6111516857270405,0.24304059750958476,success
1004,2000,8,2,4.0,3.9000000000000017,0.1,0.8400000000000003,7.0,4,157,208,135,0,0.596036470464344,0.23508534327191558,success
1005,2000,8,2,4.0,3.9000000000000017,0.1,0.8500000000000003,7.0,4,157,205,138,0,0.5998057070463964,0.2342345577181481,success
1007,2000,8,2,4.0,3.9000000000000017,0.1,0.8700000000000003,7.0,4,161,205,134,0,0.5933517283689115,0.23453033224712846,success
1006,2000,8,2,4.0,3.9000000000000017,0.1,0.8600000000000003,7.0,4,158,205,137,0,0.5952169346570196,0.23266399825844142,success
1008,2000,8,2,4.0,3.9000000000000017,0.1,0.8800000000000003,7.0,4,159,204,137,0,0.5993344312837325,0.23584741261026207,success
1009,2000,8,2,4.0,3.9000000000000017,0.1,0.8900000000000003,7.0,4,165,204,131,0,0.5883473832815859,0.23031319726594196,success
1012,2000,8,2,4.0,3.9000000000000017,0.1,0.9200000000000004,7.0,4,164,203,133,0,0.5929486007750581,0.231675170709162,success
1010,2000,8,2,4.0,3.9000000000000017,0.1,0.9000000000000004,7.0,4,164,204,132,0,0.5863084771417153,0.22695193120585716,success
1013,2000,8,2,4.0,3.9000000000000017,0.1,0.9300000000000004,7.0,4,164,201,135,0,0.5966293457460269,0.23250826130493535,success
1011,2000,8,2,4.0,3.9000000000000017,0.1,0.9100000000000004,7.0,4,163,205,132,0,0.5900794065109817,0.23079910276992877,success
1014,2000,8,2,4.0,3.9000000000000017,0.1,0.9400000000000004,7.0,4,168,204,128,0,0.5840194547732294,0.2298614813130029,success
1015,2000,8,2,4.0,3.9000000000000017,0.1,0.9500000000000004,7.0,4,169,199,132,0,0.5894409299310499,0.22818544081515701,success
1017,2000,8,2,4.0,3.9000000000000017,0.1,0.9700000000000004,7.0,4,165,198,137,0,0.6043922113210678,0.23783675792930617,success
1016,2000,8,2,4.0,3.9000000000000017,0.1,0.9600000000000004,7.0,4,171,200,129,0,0.5864026206473629,0.23094603384167453,success
1018,2000,8,2,4.0,3.9000000000000017,0.1,0.9800000000000004,7.0,4,171,199,130,0,0.5852343647750746,0.22950063848644006,success
1019,2000,8,2,4.0,3.9000000000000017,0.1,0.9900000000000004,7.0,4,179,203,118,0,0.5595564782534216,0.22035139022086897,success
1020,2000,8,2,4.0,3.9000000000000017,0.1,1.0000000000000004,7.0,4,176,203,121,0,0.5643143065686669,0.22215738224041773,success
1021,2000,8,2,4.0,4.000000000000002,0.1,0.5,7.0,5,60,262,178,0,0.7617697228115412,0.21021411570715728,success
1022,2000,8,2,4.0,4.000000000000002,0.1,0.51,7.0,5,62,257,181,0,0.7592507254189548,0.2081227454965341,success
1023,2000,8,2,4.0,4.000000000000002,0.1,0.52,7.0,5,58,264,178,0,0.7664487394230749,0.2115526830637929,success
1024,2000,8,2,4.0,4.000000000000002,0.1,0.53,7.0,5,60,263,177,0,0.7691467504079754,0.21018098802844443,success
1025,2000,8,2,4.0,4.000000000000002,0.1,0.54,7.0,5,66,255,179,0,0.7568789355499843,0.20935939303540732,success
1026,2000,8,2,4.0,4.000000000000002,0.1,0.55,7.0,5,64,258,178,0,0.7597435727718213,0.21162187967359442,success
1027,2000,8,2,4.0,4.000000000000002,0.1,0.56,7.0,5,66,255,179,0,0.7600919471374705,0.21100016799747026,success
1028,2000,8,2,4.0,4.000000000000002,0.1,0.5700000000000001,7.0,5,67,255,178,0,0.7585398666412179,0.212326963436117,success
1030,2000,8,2,4.0,4.000000000000002,0.1,0.5900000000000001,7.0,5,71,256,173,0,0.7555413457972961,0.21476224223872029,success
1029,2000,8,2,4.0,4.000000000000002,0.1,0.5800000000000001,7.0,5,69,254,177,0,0.7592231681638317,0.21199830163376707,success
1031,2000,8,2,4.0,4.000000000000002,0.1,0.6000000000000001,7.0,5,75,254,171,0,0.7503611088742292,0.21314062482297227,success
1032,2000,8,2,4.0,4.000000000000002,0.1,0.6100000000000001,7.0,5,77,257,166,0,0.7472161137819298,0.21569971455409853,success
1033,2000,8,2,4.0,4.000000000000002,0.1,0.6200000000000001,7.0,5,80,254,166,0,0.7441195290050654,0.21285760326614897,success
1034,2000,8,2,4.0,4.000000000000002,0.1,0.6300000000000001,7.0,5,80,254,166,0,0.7433368086763875,0.21716049052121802,success
1035,2000,8,2,4.0,4.000000000000002,0.1,0.6400000000000001,7.0,5,84,255,161,0,0.7401785846377992,0.21856617328985956,success
1036,2000,8,2,4.0,4.000000000000002,0.1,0.6500000000000001,7.0,5,85,254,161,0,0.7380798321052185,0.21784898669236566,success
1037,2000,8,2,4.0,4.000000000000002,0.1,0.6600000000000001,7.0,5,83,256,161,0,0.7440339065007313,0.2204609739825709,success
1039,2000,8,2,4.0,4.000000000000002,0.1,0.6800000000000002,7.0,5,82,255,163,0,0.7466827608003885,0.22122294978252874,success
1038,2000,8,2,4.0,4.000000000000002,0.1,0.6700000000000002,7.0,5,90,254,156,0,0.734683164605687,0.2201905670685485,success
1040,2000,8,2,4.0,4.000000000000002,0.1,0.6900000000000002,7.0,5,89,252,159,0,0.7331763807040299,0.21679719060035169,success
1041,2000,8,2,4.0,4.000000000000002,0.1,0.7000000000000002,7.0,5,99,252,149,0,0.7236688938142499,0.21870561691216245,success
1043,2000,8,2,4.0,4.000000000000002,0.1,0.7200000000000002,7.0,5,100,247,153,0,0.72465225758945,0.21923113260628638,success
1042,2000,8,2,4.0,4.000000000000002,0.1,0.7100000000000002,7.0,5,97,246,157,0,0.7285707033379489,0.2168215089346959,success
1044,2000,8,2,4.0,4.000000000000002,0.1,0.7300000000000002,7.0,5,102,247,151,0,0.7259033543396288,0.2198658763883546,success
1045,2000,8,2,4.0,4.000000000000002,0.1,0.7400000000000002,7.0,5,108,249,143,0,0.7129455035964049,0.22079622170079877,success
1046,2000,8,2,4.0,4.000000000000002,0.1,0.7500000000000002,7.0,5,104,248,148,0,0.7249941620517767,0.22310701575528089,success
1047,2000,8,2,4.0,4.000000000000002,0.1,0.7600000000000002,7.0,5,104,248,148,0,0.7248823964040984,0.22411077336642315,success
1048,2000,8,2,4.0,4.000000000000002,0.1,0.7700000000000002,7.0,5,105,247,148,0,0.7213039459150699,0.22323542999600848,success
1049,2000,8,2,4.0,4.000000000000002,0.1,0.7800000000000002,7.0,5,112,246,142,0,0.7064946233189562,0.22138341491845895,success
1050,2000,8,2,4.0,4.000000000000002,0.1,0.7900000000000003,7.0,5,118,246,136,0,0.6964365832416624,0.2236633326750748,success
1051,2000,8,2,4.0,4.000000000000002,0.1,0.8000000000000003,7.0,5,120,244,136,0,0.6950543101249647,0.2215280214968776,success
1052,2000,8,2,4.0,4.000000000000002,0.1,0.8100000000000003,7.0,5,122,241,137,0,0.6941833805434678,0.2209603824893462,success
1053,2000,8,2,4.0,4.000000000000002,0.1,0.8200000000000003,7.0,5,121,244,135,0,0.6972919761602923,0.2232395203276283,success
1054,2000,8,2,4.0,4.000000000000002,0.1,0.8300000000000003,7.0,5,133,244,123,0,0.6676374131466901,0.21548019455449346,success
1055,2000,8,2,4.0,4.000000000000002,0.1,0.8400000000000003,7.0,5,130,244,126,0,0.678841925584924,0.22203454747875365,success
1056,2000,8,2,4.0,4.000000000000002,0.1,0.8500000000000003,7.0,5,128,246,126,0,0.6815989305306236,0.22343049801776826,success
1057,2000,8,2,4.0,4.000000000000002,0.1,0.8600000000000003,7.0,5,130,244,126,0,0.6773430126377652,0.22090188512215692,success
1058,2000,8,2,4.0,4.000000000000002,0.1,0.8700000000000003,7.0,5,140,241,119,0,0.6597261545012871,0.21630180276217995,success
1060,2000,8,2,4.0,4.000000000000002,0.1,0.8900000000000003,7.0,5,137,241,122,0,0.6648557458506256,0.2161476269534559,success
1059,2000,8,2,4.0,4.000000000000002,0.1,0.8800000000000003,7.0,5,137,241,122,0,0.6663757920700688,0.21745948878895002,success
1061,2000,8,2,4.0,4.000000000000002,0.1,0.9000000000000004,7.0,5,140,242,118,0,0.6571264512277306,0.2162626258544147,success
1062,2000,8,2,4.0,4.000000000000002,0.1,0.9100000000000004,7.0,5,143,240,117,0,0.6470728509872722,0.21320632039559778,success
1063,2000,8,2,4.0,4.000000000000002,0.1,0.9200000000000004,7.0,5,140,241,119,0,0.6511156566223157,0.21566877105715943,success
1064,2000,8,2,4.0,4.000000000000002,0.1,0.9300000000000004,7.0,5,145,242,113,0,0.6401250277342616,0.2126886271973665,success
1065,2000,8,2,4.0,4.000000000000002,0.1,0.9400000000000004,7.0,5,148,242,110,0,0.6316857109022768,0.21027894935597802,success
1066,2000,8,2,4.0,4.000000000000002,0.1,0.9500000000000004,7.0,5,146,238,116,0,0.6429264828799196,0.21281221836057249,success
1067,2000,8,2,4.0,4.000000000000002,0.1,0.9600000000000004,7.0,5,148,239,113,0,0.6398062206520166,0.21385140440357253,success
1068,2000,8,2,4.0,4.000000000000002,0.1,0.9700000000000004,7.0,5,146,237,117,0,0.6427620580775782,0.21450839143161715,success
1069,2000,8,2,4.0,4.000000000000002,0.1,0.9800000000000004,7.0,5,148,234,118,0,0.6387114495202942,0.21110717802505446,success
1071,2000,8,2,4.0,4.000000000000002,0.1,1.0000000000000004,7.0,5,152,233,115,0,0.6310319648828732,0.20766384908756044,success
1070,2000,8,2,4.0,4.000000000000002,0.1,0.9900000000000004,7.0,5,152,235,113,0,0.625356905636946,0.20515953355167385,success
1072,2000,8,2,4.0,4.100000000000001,0.1,0.5,7.0,5,60,264,176,0,0.7664862976884205,0.21280625397713754,success
1073,2000,8,2,4.0,4.100000000000001,0.1,0.51,7.0,5,62,262,176,0,0.7656454175910835,0.2112758113260365,success
1076,2000,8,2,4.0,4.100000000000001,0.1,0.54,7.0,5,60,262,178,0,0.7631333802883095,0.21151001398263414,success
1074,2000,8,2,4.0,4.100000000000001,0.1,0.52,7.0,5,62,264,174,0,0.7643047993006327,0.21261346442116444,success
1075,2000,8,2,4.0,4.100000000000001,0.1,0.53,7.0,5,66,260,174,0,0.7605163877723105,0.20833056857977092,success
1077,2000,8,2,4.0,4.100000000000001,0.1,0.55,7.0,5,62,261,177,0,0.7628278744145992,0.21025015165664201,success
1078,2000,8,2,4.0,4.100000000000001,0.1,0.56,7.0,5,68,261,171,0,0.7572129438658033,0.21235875994887085,success
1079,2000,8,2,4.0,4.100000000000001,0.1,0.5700000000000001,7.0,5,70,258,172,0,0.7560544659348185,0.21187176871797878,success
1080,2000,8,2,4.0,4.100000000000001,0.1,0.5800000000000001,7.0,5,68,259,173,0,0.7589065426188008,0.2120308008006158,success
1081,2000,8,2,4.0,4.100000000000001,0.1,0.5900000000000001,7.0,5,67,256,177,0,0.7614306468532015,0.2112169976854924,success
1082,2000,8,2,4.0,4.100000000000001,0.1,0.6000000000000001,7.0,5,61,257,182,0,0.7686348467471338,0.21269548825895648,success
1083,2000,8,2,4.0,4.100000000000001,0.1,0.6100000000000001,7.0,5,71,258,171,0,0.7522284051809318,0.21188160137834144,success
1084,2000,8,2,4.0,4.100000000000001,0.1,0.6200000000000001,7.0,5,68,256,176,0,0.7549583463356558,0.21168090709872944,success
1085,2000,8,2,4.0,4.100000000000001,0.1,0.6300000000000001,7.0,5,75,257,168,0,0.7459561334759864,0.2142131926286571,success
1087,2000,8,2,4.0,4.100000000000001,0.1,0.6500000000000001,7.0,5,76,254,170,0,0.7429126665012675,0.21299624817106882,success
1086,2000,8,2,4.0,4.100000000000001,0.1,0.6400000000000001,7.0,5,79,256,165,0,0.738342628420371,0.21466642465316482,success
1088,2000,8,2,4.0,4.100000000000001,0.1,0.6600000000000001,7.0,5,74,256,170,0,0.7491426905024381,0.21502032545210514,success
1089,2000,8,2,4.0,4.100000000000001,0.1,0.6700000000000002,7.0,5,74,254,172,0,0.7479061964853145,0.21548759748252644,success
1090,2000,8,2,4.0,4.100000000000001,0.1,0.6800000000000002,7.0,5,85,257,158,0,0.732712925270053,0.2184378429630277,success
1091,2000,8,2,4.0,4.100000000000001,0.1,0.6900000000000002,7.0,5,82,256,162,0,0.7363561999888776,0.217951391789274,success
1092,2000,8,2,4.0,4.100000000000001,0.1,0.7000000000000002,7.0,5,78,254,168,0,0.7449224621749664,0.2170593779258078,success
1094,2000,8,2,4.0,4.100000000000001,0.1,0.7200000000000002,7.0,5,87,250,163,0,0.736667503265914,0.21740925704371997,success
1093,2000,8,2,4.0,4.100000000000001,0.1,0.7100000000000002,7.0,5,82,248,170,0,0.7418724539155214,0.21422517579617212,success
1096,2000,8,2,4.0,4.100000000000001,0.1,0.7400000000000002,7.0,5,86,248,166,0,0.7371059081553237,0.2159121179075026,success
1095,2000,8,2,4.0,4.100000000000001,0.1,0.7300000000000002,7.0,5,85,249,166,0,0.7380655563858494,0.21629741336961888,success
1098,2000,8,2,4.0,4.100000000000001,0.1,0.7600000000000002,7.0,5,97,249,154,0,0.7269219029404345,0.21854211054086248,success
1097,2000,8,2,4.0,4.100000000000001,0.1,0.7500000000000002,7.0,5,93,249,158,0,0.7302551373320983,0.21626407344901238,success
1101,2000,8,2,4.0,4.100000000000001,0.1,0.7900000000000003,7.0,5,100,247,153,0,0.7229121828625157,0.2213769455233395,success
1099,2000,8,2,4.0,4.100000000000001,0.1,0.7700000000000002,7.0,5,98,251,151,0,0.7255047049803297,0.21997836610182372,success
1100,2000,8,2,4.0,4.100000000000001,0.1,0.7800000000000002,7.0,5,92,249,159,0,0.7355991999255485,0.22101126250399536,success
1103,2000,8,2,4.0,4.100000000000001,0.1,0.8100000000000003,7.0,5,101,250,149,0,0.7162626143172444,0.22273484871829846,success
1102,2000,8,2,4.0,4.100000000000001,0.1,0.8000000000000003,7.0,5,101,249,150,0,0.7183490681840135,0.2225111554054794,success
1105,2000,8,2,4.0,4.100000000000001,0.1,0.8300000000000003,7.0,5,106,251,143,0,0.7154937422558904,0.22541107360687979,success
1104,2000,8,2,4.0,4.100000000000001,0.1,0.8200000000000003,7.0,5,101,250,149,0,0.7240005622612949,0.2250195706827597,success
1106,2000,8,2,4.0,4.100000000000001,0.1,0.8400000000000003,7.0,5,101,248,151,0,0.7247363850083075,0.224507924617273,success
1107,2000,8,2,4.0,4.100000000000001,0.1,0.8500000000000003,7.0,5,101,248,151,0,0.7252339495246315,0.22587349597661216,success
1108,2000,8,2,4.0,4.100000000000001,0.1,0.8600000000000003,7.0,5,112,249,139,0,0.7017584566775563,0.22368566311055396,success
1109,2000,8,2,4.0,4.100000000000001,0.1,0.8700000000000003,7.0,5,117,247,136,0,0.6931276767822407,0.22218823782975589,success
1111,2000,8,2,4.0,4.100000000000001,0.1,0.8900000000000003,7.0,5,118,247,135,0,0.6898812972359051,0.22165649441549193,success
1110,2000,8,2,4.0,4.100000000000001,0.1,0.8800000000000003,7.0,5,116,248,136,0,0.693091062696231,0.22233862969169405,success
1112,2000,8,2,4.0,4.100000000000001,0.1,0.9000000000000004,7.0,5,116,244,140,0,0.6966930355866784,0.2207982915731635,success
1113,2000,8,2,4.0,4.100000000000001,0.1,0.9100000000000004,7.0,5,119,242,139,0,0.6909118623862658,0.21756028451252896,success
1114,2000,8,2,4.0,4.100000000000001,0.1,0.9200000000000004,7.0,5,123,243,134,0,0.6885493649677813,0.21865953522217885,success
1115,2000,8,2,4.0,4.100000000000001,0.1,0.9300000000000004,7.0,5,125,244,131,0,0.6868920498602631,0.22078401215033241,success
1116,2000,8,2,4.0,4.100000000000001,0.1,0.9400000000000004,7.0,5,126,245,129,0,0.683417653191388,0.22090181147136217,success
1117,2000,8,2,4.0,4.100000000000001,0.1,0.9500000000000004,7.0,5,129,243,128,0,0.6811244294815839,0.2220621959579924,success
1118,2000,8,2,4.0,4.100000000000001,0.1,0.9600000000000004,7.0,5,132,243,125,0,0.6698910070979744,0.21928666474546854,success
1119,2000,8,2,4.0,4.100000000000001,0.1,0.9700000000000004,7.0,5,126,241,133,0,0.6839228843967052,0.22237837963395907,success
1120,2000,8,2,4.0,4.100000000000001,0.1,0.9800000000000004,7.0,5,131,243,126,0,0.6683152983259706,0.2186678614390519,success
1121,2000,8,2,4.0,4.100000000000001,0.1,0.9900000000000004,7.0,5,128,243,129,0,0.6814794137617758,0.22446610183948928,success
1122,2000,8,2,4.0,4.100000000000001,0.1,1.0000000000000004,7.0,5,130,242,128,0,0.6827173149082172,0.2248056777530712,success
1123,2000,8,2,4.0,4.200000000000002,0.1,0.5,7.0,5,58,264,178,0,0.7659127062421517,0.20963033943915,success
1124,2000,8,2,4.0,4.200000000000002,0.1,0.51,7.0,5,66,261,173,0,0.7604108593781633,0.20880230074219805,success
1125,2000,8,2,4.0,4.200000000000002,0.1,0.52,7.0,5,67,262,171,0,0.7585783074630525,0.2099223898249748,success
1126,2000,8,2,4.0,4.200000000000002,0.1,0.53,7.0,5,60,267,173,0,0.7685455019344183,0.21175741517948962,success
1127,2000,8,2,4.0,4.200000000000002,0.1,0.54,7.0,5,70,261,169,0,0.751023986251641,0.21115247402455042,success
1129,2000,8,2,4.0,4.200000000000002,0.1,0.56,7.0,5,75,263,162,0,0.7490774451120581,0.21262512400423453,success
1128,2000,8,2,4.0,4.200000000000002,0.1,0.55,7.0,5,69,262,169,0,0.7523785155157037,0.21162239891850168,success
1130,2000,8,2,4.0,4.200000000000002,0.1,0.5700000000000001,7.0,5,69,261,170,0,0.7574404528203146,0.2113441775180766,success
1132,2000,8,2,4.0,4.200000000000002,0.1,0.5900000000000001,7.0,5,72,265,163,0,0.7571387290823413,0.21588124906211098,success
1131,2000,8,2,4.0,4.200000000000002,0.1,0.5800000000000001,7.0,5,74,265,161,0,0.7512751999283326,0.21406567084620762,success
1133,2000,8,2,4.0,4.200000000000002,0.1,0.6000000000000001,7.0,5,68,262,170,0,0.761290156577012,0.21327330553000642,success
1134,2000,8,2,4.0,4.200000000000002,0.1,0.6100000000000001,7.0,5,63,260,177,0,0.7638067970175897,0.2119914778253257,success
1135,2000,8,2,4.0,4.200000000000002,0.1,0.6200000000000001,7.0,5,70,259,171,0,0.7566770194489908,0.2135619670493516,success
1136,2000,8,2,4.0,4.200000000000002,0.1,0.6300000000000001,7.0,5,73,263,164,0,0.754364191967443,0.21865143820245497,success
1137,2000,8,2,4.0,4.200000000000002,0.1,0.6400000000000001,7.0,5,75,256,169,0,0.7496932449758822,0.21329610181996186,success
1138,2000,8,2,4.0,4.200000000000002,0.1,0.6500000000000001,7.0,5,70,262,168,0,0.7540862312172698,0.21663716303996255,success
1139,2000,8,2,4.0,4.200000000000002,0.1,0.6600000000000001,7.0,5,67,264,169,0,0.7604923525040829,0.2170963598241399,success
1140,2000,8,2,4.0,4.200000000000002,0.1,0.6700000000000002,7.0,5,75,258,167,0,0.749956995480115,0.21353562563166825,success
1141,2000,8,2,4.0,4.200000000000002,0.1,0.6800000000000002,7.0,5,71,262,167,0,0.7533827305518522,0.21535526801719346,success
1144,2000,8,2,4.0,4.200000000000002,0.1,0.7100000000000002,7.0,5,79,257,164,0,0.7476835883239938,0.21486838638970898,success
1143,2000,8,2,4.0,4.200000000000002,0.1,0.7000000000000002,7.0,5,77,259,164,0,0.748072825163993,0.21358411041750133,success
1142,2000,8,2,4.0,4.200000000000002,0.1,0.6900000000000002,7.0,5,74,259,167,0,0.7515997675089451,0.2150449842064488,success
1145,2000,8,2,4.0,4.200000000000002,0.1,0.7200000000000002,7.0,5,75,255,170,0,0.7490595768200903,0.2142139120527319,success
1146,2000,8,2,4.0,4.200000000000002,0.1,0.7300000000000002,7.0,5,84,255,161,0,0.7413486820090619,0.2146689797536713,success
1147,2000,8,2,4.0,4.200000000000002,0.1,0.7400000000000002,7.0,5,82,257,161,0,0.7464625195278614,0.21562943097589954,success
1148,2000,8,2,4.0,4.200000000000002,0.1,0.7500000000000002,7.0,5,83,255,162,0,0.7482802230390226,0.2170197176336447,success
1150,2000,8,2,4.0,4.200000000000002,0.1,0.7700000000000002,7.0,5,83,253,164,0,0.7461897084401645,0.21585465877508578,success
1149,2000,8,2,4.0,4.200000000000002,0.1,0.7600000000000002,7.0,5,81,253,166,0,0.747218176492873,0.2148984245705125,success
1151,2000,8,2,4.0,4.200000000000002,0.1,0.7800000000000002,7.0,5,76,253,171,0,0.7575280848946008,0.21626045211593795,success
1152,2000,8,2,4.0,4.200000000000002,0.1,0.7900000000000003,7.0,5,85,255,160,0,0.7386363179373249,0.2204569224088356,success
1153,2000,8,2,4.0,4.200000000000002,0.1,0.8000000000000003,7.0,5,83,253,164,0,0.7431185361069342,0.21827686368433186,success
1154,2000,8,2,4.0,4.200000000000002,0.1,0.8100000000000003,7.0,5,82,253,165,0,0.7476768765395079,0.21993370618389582,success
1155,2000,8,2,4.0,4.200000000000002,0.1,0.8200000000000003,7.0,5,83,256,161,0,0.7518446184799348,0.222938557331869,success
1157,2000,8,2,4.0,4.200000000000002,0.1,0.8400000000000003,7.0,5,88,253,159,0,0.7425185954851339,0.22027261847048832,success
1156,2000,8,2,4.0,4.200000000000002,0.1,0.8300000000000003,7.0,5,92,254,154,0,0.7400678738462455,0.22109959644453955,success
1158,2000,8,2,4.0,4.200000000000002,0.1,0.8500000000000003,7.0,5,85,255,160,0,0.7464600515992558,0.22076036019692866,success
1160,2000,8,2,4.0,4.200000000000002,0.1,0.8700000000000003,7.0,5,88,249,163,0,0.7422193999430491,0.22002365805895926,success
1161,2000,8,2,4.0,4.200000000000002,0.1,0.8800000000000003,7.0,5,89,247,164,0,0.7415277449711964,0.21956490935505346,success
1159,2000,8,2,4.0,4.200000000000002,0.1,0.8600000000000003,7.0,5,93,251,156,0,0.7311808491482856,0.2193359867669388,success
1162,2000,8,2,4.0,4.200000000000002,0.1,0.8900000000000003,7.0,5,99,249,152,0,0.724432751352818,0.22011727249274182,success
1163,2000,8,2,4.0,4.200000000000002,0.1,0.9000000000000004,7.0,5,97,250,153,0,0.7271454607479038,0.22146750118574102,success
1164,2000,8,2,4.0,4.200000000000002,0.1,0.9100000000000004,7.0,5,99,249,152,0,0.7253872104183288,0.2210814385823179,success
1165,2000,8,2,4.0,4.200000000000002,0.1,0.9200000000000004,7.0,5,105,249,146,0,0.7151742549242366,0.21937013636367428,success
1166,2000,8,2,4.0,4.200000000000002,0.1,0.9300000000000004,7.0,5,101,247,152,0,0.718969396238634,0.21782440991034635,success
1167,2000,8,2,4.0,4.200000000000002,0.1,0.9400000000000004,7.0,5,100,249,151,0,0.7222457388384937,0.220561724938091,success
1169,2000,8,2,4.0,4.200000000000002,0.1,0.9600000000000004,7.0,5,115,245,140,0,0.7001462485929283,0.218877849379933,success
1170,2000,8,2,4.0,4.200000000000002,0.1,0.9700000000000004,7.0,5,111,247,142,0,0.7034191169339414,0.22070716627646247,success
1168,2000,8,2,4.0,4.200000000000002,0.1,0.9500000000000004,7.0,5,108,246,146,0,0.7116333749664236,0.2204535965768748,success
1171,2000,8,2,4.0,4.200000000000002,0.1,0.9800000000000004,7.0,5,109,246,145,0,0.7084732921415142,0.22178415298530482,success
1172,2000,8,2,4.0,4.200000000000002,0.1,0.9900000000000004,7.0,5,114,246,140,0,0.7021695398084807,0.2218746015361914,success
1173,2000,8,2,4.0,4.200000000000002,0.1,1.0000000000000004,7.0,5,110,245,145,0,0.7140233491379916,0.2231201966899441,success
1174,2000,8,2,4.0,4.3000000000000025,0.1,0.5,7.0,5,69,261,170,0,0.7479686660562352,0.21717344334089012,success
1175,2000,8,2,4.0,4.3000000000000025,0.1,0.51,7.0,5,72,264,164,0,0.7465672519242725,0.2190220505911523,success
1176,2000,8,2,4.0,4.3000000000000025,0.1,0.52,7.0,5,76,263,161,0,0.7407627294198488,0.21732421466081844,success
1177,2000,8,2,4.0,4.3000000000000025,0.1,0.53,7.0,5,74,262,164,0,0.743691747721558,0.21643089931752263,success
1178,2000,8,2,4.0,4.3000000000000025,0.1,0.54,7.0,5,70,260,170,0,0.7528849984365215,0.2211996861839739,success
1179,2000,8,2,4.0,4.3000000000000025,0.1,0.55,7.0,5,75,263,162,0,0.7405673561252446,0.21978513462796423,success
1180,2000,8,2,4.0,4.3000000000000025,0.1,0.56,7.0,5,75,264,161,0,0.7472182827857332,0.22460095743369843,success
1182,2000,8,2,4.0,4.3000000000000025,0.1,0.5800000000000001,7.0,5,73,263,164,0,0.7510235579333934,0.22399650359949366,success
1181,2000,8,2,4.0,4.3000000000000025,0.1,0.5700000000000001,7.0,5,80,261,159,0,0.7379188981242769,0.2209575336440785,success
1183,2000,8,2,4.0,4.3000000000000025,0.1,0.5900000000000001,7.0,5,77,262,161,0,0.7456253655628162,0.2227729091311419,success
1184,2000,8,2,4.0,4.3000000000000025,0.1,0.6000000000000001,7.0,5,71,259,170,0,0.7546232235479318,0.2213133574528326,success
1185,2000,8,2,4.0,4.3000000000000025,0.1,0.6100000000000001,7.0,5,72,258,170,0,0.7561468682978607,0.22007798561816333,success
1186,2000,8,2,4.0,4.3000000000000025,0.1,0.6200000000000001,7.0,5,75,260,165,0,0.7530344225379944,0.22355502831098426,success
1187,2000,8,2,4.0,4.3000000000000025,0.1,0.6300000000000001,7.0,5,72,259,169,0,0.7486654011958652,0.2209957798614394,success
1188,2000,8,2,4.0,4.3000000000000025,0.1,0.6400000000000001,7.0,5,76,262,162,0,0.7412467574722728,0.2239424508234827,success
1189,2000,8,2,4.0,4.3000000000000025,0.1,0.6500000000000001,7.0,5,71,261,168,0,0.7497316385850399,0.22385056500145267,success
1190,2000,8,2,4.0,4.3000000000000025,0.1,0.6600000000000001,7.0,5,74,259,167,0,0.7421366061476177,0.22189938585548694,success
1191,2000,8,2,4.0,4.3000000000000025,0.1,0.6700000000000002,7.0,5,71,259,170,0,0.7470788869296608,0.2215834553533687,success
1193,2000,8,2,4.0,4.3000000000000025,0.1,0.6900000000000002,7.0,5,72,258,170,0,0.7475315135076919,0.22067358689787253,success
1195,2000,8,2,4.0,4.3000000000000025,0.1,0.7100000000000002,7.0,5,72,262,166,0,0.7526031696842576,0.22404603087924507,success
1192,2000,8,2,4.0,4.3000000000000025,0.1,0.6800000000000002,7.0,5,67,259,174,0,0.7507303787201585,0.2226773231871724,success
1194,2000,8,2,4.0,4.3000000000000025,0.1,0.7000000000000002,7.0,5,72,256,172,0,0.7519400029264439,0.21988330569461959,success
1196,2000,8,2,4.0,4.3000000000000025,0.1,0.7200000000000002,7.0,5,73,257,170,0,0.7485917216600467,0.22050878808704377,success
1197,2000,8,2,4.0,4.3000000000000025,0.1,0.7300000000000002,7.0,5,75,257,168,0,0.7498074511784384,0.2218019490339366,success
1199,2000,8,2,4.0,4.3000000000000025,0.1,0.7500000000000002,7.0,5,74,252,174,0,0.7503583914269705,0.22050451361382364,success
1198,2000,8,2,4.0,4.3000000000000025,0.1,0.7400000000000002,7.0,5,81,255,164,0,0.7382137613686042,0.22112942596643356,success
1202,2000,8,2,4.0,4.3000000000000025,0.1,0.7800000000000002,7.0,5,75,257,168,0,0.7469488559425821,0.2240680213910108,success
1200,2000,8,2,4.0,4.3000000000000025,0.1,0.7600000000000002,7.0,5,73,257,170,0,0.7485156323621788,0.2234525994577507,success
1201,2000,8,2,4.0,4.3000000000000025,0.1,0.7700000000000002,7.0,5,76,258,166,0,0.7452879383844351,0.22343442549661452,success
1203,2000,8,2,4.0,4.3000000000000025,0.1,0.7900000000000003,7.0,5,79,256,165,0,0.744234156008736,0.22574500736441788,success
1204,2000,8,2,4.0,4.3000000000000025,0.1,0.8000000000000003,7.0,5,82,253,165,0,0.740784612946397,0.22166641544941829,success
1205,2000,8,2,4.0,4.3000000000000025,0.1,0.8100000000000003,7.0,5,75,255,170,0,0.7530731981388981,0.2240757323056171,success
1206,2000,8,2,4.0,4.3000000000000025,0.1,0.8200000000000003,7.0,5,76,255,169,0,0.7570058460558792,0.22487664317970585,success
1207,2000,8,2,4.0,4.3000000000000025,0.1,0.8300000000000003,7.0,5,76,254,170,0,0.7519251584394571,0.22213941912786378,success
1208,2000,8,2,4.0,4.3000000000000025,0.1,0.8400000000000003,7.0,5,85,255,160,0,0.7471837592677755,0.22474612697268861,success
1209,2000,8,2,4.0,4.3000000000000025,0.1,0.8500000000000003,7.0,5,81,255,164,0,0.7485206424790032,0.22376437903588425,success
1210,2000,8,2,4.0,4.3000000000000025,0.1,0.8600000000000003,7.0,5,84,253,163,0,0.7434822199458196,0.2221924883985257,success
1211,2000,8,2,4.0,4.3000000000000025,0.1,0.8700000000000003,7.0,5,87,252,161,0,0.7412991051595522,0.2241517433441867,success
1212,2000,8,2,4.0,4.3000000000000025,0.1,0.8800000000000003,7.0,5,81,254,165,0,0.753489812844755,0.22636805974447713,success
1213,2000,8,2,4.0,4.3000000000000025,0.1,0.8900000000000003,7.0,5,77,253,170,0,0.754608116962836,0.2249060845535156,success
1214,2000,8,2,4.0,4.3000000000000025,0.1,0.9000000000000004,7.0,5,86,253,161,0,0.7393536808752209,0.22370221563357173,success
1215,2000,8,2,4.0,4.3000000000000025,0.1,0.9100000000000004,7.0,5,83,251,166,0,0.7426396718263696,0.2238569937204659,success
1216,2000,8,2,4.0,4.3000000000000025,0.1,0.9200000000000004,7.0,5,83,252,165,0,0.7434986999363151,0.22506826154941156,success
1217,2000,8,2,4.0,4.3000000000000025,0.1,0.9300000000000004,7.0,5,86,252,162,0,0.7399469475265287,0.22523646392608324,success
1218,2000,8,2,4.0,4.3000000000000025,0.1,0.9400000000000004,7.0,5,82,251,167,0,0.7438738406562729,0.22394964983301027,success
1219,2000,8,2,4.0,4.3000000000000025,0.1,0.9500000000000004,7.0,5,91,251,158,0,0.7317856750067873,0.2261304007959253,success
1220,2000,8,2,4.0,4.3000000000000025,0.1,0.9600000000000004,7.0,5,90,250,160,0,0.7343095242526155,0.22654851744715895,success
1224,2000,8,2,4.0,4.3000000000000025,0.1,1.0000000000000004,7.0,5,95,248,157,0,0.7316018898559443,0.22715532708228542,success
1223,2000,8,2,4.0,4.3000000000000025,0.1,0.9900000000000004,7.0,5,90,252,158,0,0.7348671509033645,0.22887034066418382,success
1221,2000,8,2,4.0,4.3000000000000025,0.1,0.9700000000000004,7.0,5,88,249,163,0,0.7405547872657725,0.22688287513965483,success
1222,2000,8,2,4.0,4.3000000000000025,0.1,0.9800000000000004,7.0,5,94,250,156,0,0.7327736913614794,0.2285619814582423,success
1229,2000,8,2,4.0,4.400000000000002,0.1,0.54,7.0,5,76,266,158,0,0.7487204483316883,0.22053545195693564,success
1227,2000,8,2,4.0,4.400000000000002,0.1,0.52,7.0,5,74,263,163,0,0.7447334320035065,0.21922795922997146,success
1225,2000,8,2,4.0,4.400000000000002,0.1,0.5,7.0,5,73,260,167,0,0.7475689843166378,0.21490294979082336,success
1228,2000,8,2,4.0,4.400000000000002,0.1,0.53,7.0,5,73,264,163,0,0.7496196101266343,0.21907230265512204,success
1226,2000,8,2,4.0,4.400000000000002,0.1,0.51,7.0,5,70,262,168,0,0.751137769914756,0.21847470000698987,success
1230,2000,8,2,4.0,4.400000000000002,0.1,0.55,7.0,5,74,265,161,0,0.7504456189567651,0.22014955029971683,success
1231,2000,8,2,4.0,4.400000000000002,0.1,0.56,7.0,5,74,263,163,0,0.7486151449514458,0.21931452573624174,success
1232,2000,8,2,4.0,4.400000000000002,0.1,0.5700000000000001,7.0,5,74,264,162,0,0.7500364743933824,0.2207285615897723,success
1233,2000,8,2,4.0,4.400000000000002,0.1,0.5800000000000001,7.0,5,76,262,162,0,0.7491555592686245,0.21933609513603936,success
1234,2000,8,2,4.0,4.400000000000002,0.1,0.5900000000000001,7.0,5,81,264,155,0,0.7439962140772299,0.22063949190867688,success
1235,2000,8,2,4.0,4.400000000000002,0.1,0.6000000000000001,7.0,5,72,264,164,0,0.7518667303806029,0.22072498766458035,success
1236,2000,8,2,4.0,4.400000000000002,0.1,0.6100000000000001,7.0,5,76,259,165,0,0.7510012189093107,0.21950075894227805,success
1238,2000,8,2,4.0,4.400000000000002,0.1,0.6300000000000001,7.0,5,80,261,159,0,0.745187673582841,0.22138905688663932,success
1237,2000,8,2,4.0,4.400000000000002,0.1,0.6200000000000001,7.0,5,76,259,165,0,0.7517884960181379,0.21919697142444364,success
1239,2000,8,2,4.0,4.400000000000002,0.1,0.6400000000000001,7.0,5,77,263,160,0,0.7464502079433172,0.22032486968913595,success
1240,2000,8,2,4.0,4.400000000000002,0.1,0.6500000000000001,7.0,5,71,263,166,0,0.7508791040031645,0.21988089853012777,success
1241,2000,8,2,4.0,4.400000000000002,0.1,0.6600000000000001,7.0,5,78,257,165,0,0.7454099307388908,0.2176191942645329,success
1242,2000,8,2,4.0,4.400000000000002,0.1,0.6700000000000002,7.0,5,82,257,161,0,0.741381241949501,0.2183310722266037,success
1243,2000,8,2,4.0,4.400000000000002,0.1,0.6800000000000002,7.0,5,81,258,161,0,0.7401046720947971,0.218818744550603,success
1244,2000,8,2,4.0,4.400000000000002,0.1,0.6900000000000002,7.0,5,85,260,155,0,0.738180796309884,0.2216141394982557,success
1245,2000,8,2,4.0,4.400000000000002,0.1,0.7000000000000002,7.0,5,78,256,166,0,0.7546135479950254,0.22006894827365955,success
1246,2000,8,2,4.0,4.400000000000002,0.1,0.7100000000000002,7.0,5,75,259,166,0,0.750331481185459,0.2186843896315308,success
1247,2000,8,2,4.0,4.400000000000002,0.1,0.7200000000000002,7.0,5,73,258,169,0,0.755635603381687,0.21833865226311772,success
1248,2000,8,2,4.0,4.400000000000002,0.1,0.7300000000000002,7.0,5,79,259,162,0,0.7478922040877541,0.21935811191465493,success
1249,2000,8,2,4.0,4.400000000000002,0.1,0.7400000000000002,7.0,5,71,257,172,0,0.7604997890636109,0.21945718111129808,success
1250,2000,8,2,4.0,4.400000000000002,0.1,0.7500000000000002,7.0,5,73,257,170,0,0.7557648546147648,0.2189305082489874,success
1251,2000,8,2,4.0,4.400000000000002,0.1,0.7600000000000002,7.0,5,72,257,171,0,0.7547134376286422,0.21941425517228777,success
1252,2000,8,2,4.0,4.400000000000002,0.1,0.7700000000000002,7.0,5,72,258,170,0,0.7550032921212003,0.21921359463260942,success
1255,2000,8,2,4.0,4.400000000000002,0.1,0.8000000000000003,7.0,5,76,258,166,0,0.7514087213558828,0.21934957662140783,success
1254,2000,8,2,4.0,4.400000000000002,0.1,0.7900000000000003,7.0,5,68,258,174,0,0.7609016474294602,0.21841040602046963,success
1256,2000,8,2,4.0,4.400000000000002,0.1,0.8100000000000003,7.0,5,75,255,170,0,0.7500763431236402,0.21865405359571388,success
1253,2000,8,2,4.0,4.400000000000002,0.1,0.7800000000000002,7.0,5,72,260,168,0,0.7562865673488955,0.22136180193329993,success
1257,2000,8,2,4.0,4.400000000000002,0.1,0.8200000000000003,7.0,5,82,256,162,0,0.7429764690470257,0.21938335317025154,success
1258,2000,8,2,4.0,4.400000000000002,0.1,0.8300000000000003,7.0,5,80,257,163,0,0.7453410516880022,0.22000771870633448,success
1259,2000,8,2,4.0,4.400000000000002,0.1,0.8400000000000003,7.0,5,83,254,163,0,0.7446370308034497,0.21890862253939283,success
1260,2000,8,2,4.0,4.400000000000002,0.1,0.8500000000000003,7.0,5,82,252,166,0,0.7479458654079717,0.2164786623282644,success
1261,2000,8,2,4.0,4.400000000000002,0.1,0.8600000000000003,7.0,5,79,256,165,0,0.7477602690712305,0.21830057253229632,success
1262,2000,8,2,4.0,4.400000000000002,0.1,0.8700000000000003,7.0,5,80,250,170,0,0.7497403114686565,0.2165961855799214,success
1263,2000,8,2,4.0,4.400000000000002,0.1,0.8800000000000003,7.0,5,85,252,163,0,0.7441278019551876,0.21910611381368048,success
1266,2000,8,2,4.0,4.400000000000002,0.1,0.9100000000000004,7.0,5,83,253,164,0,0.7469491479972474,0.21862176003021952,success
1264,2000,8,2,4.0,4.400000000000002,0.1,0.8900000000000003,7.0,5,83,253,164,0,0.7480897298659278,0.22059660712449003,success
1265,2000,8,2,4.0,4.400000000000002,0.1,0.9000000000000004,7.0,5,85,252,163,0,0.7450868728499057,0.2195465109020391,success
1267,2000,8,2,4.0,4.400000000000002,0.1,0.9200000000000004,7.0,5,88,256,156,0,0.7378251237498462,0.2197787192054761,success
1268,2000,8,2,4.0,4.400000000000002,0.1,0.9300000000000004,7.0,5,89,251,160,0,0.7408580529995232,0.21882471008191304,success
1269,2000,8,2,4.0,4.400000000000002,0.1,0.9400000000000004,7.0,5,80,257,163,0,0.7517082124746041,0.22317762777601033,success
1270,2000,8,2,4.0,4.400000000000002,0.1,0.9500000000000004,7.0,5,87,252,161,0,0.7412463894986414,0.21916428902113952,success
1271,2000,8,2,4.0,4.400000000000002,0.1,0.9600000000000004,7.0,5,84,252,164,0,0.745368330134701,0.22034621143436495,success
1272,2000,8,2,4.0,4.400000000000002,0.1,0.9700000000000004,7.0,5,89,256,155,0,0.7378542940609455,0.2227536247464096,success
1274,2000,8,2,4.0,4.400000000000002,0.1,0.9900000000000004,7.0,5,77,248,175,0,0.7552844868458297,0.21614482229563148,success
1273,2000,8,2,4.0,4.400000000000002,0.1,0.9800000000000004,7.0,5,77,252,171,0,0.7544343454630243,0.21881044571257063,success
1275,2000,8,2,4.0,4.400000000000002,0.1,1.0000000000000004,7.0,5,79,254,167,0,0.7537422588450448,0.22057621204465752,success
1276,2000,8,2,4.0,4.500000000000002,0.1,0.5,7.0,5,81,263,156,0,0.7341322042319038,0.22462751235341485,success
1277,2000,8,2,4.0,4.500000000000002,0.1,0.51,7.0,5,78,265,157,0,0.738136237712305,0.2265341112843674,success
1278,2000,8,2,4.0,4.500000000000002,0.1,0.52,7.0,5,69,267,164,0,0.7553014533882696,0.2299135836913746,success
1279,2000,8,2,4.0,4.500000000000002,0.1,0.53,7.0,5,76,262,162,0,0.7424487385890316,0.22453219171740904,success
1280,2000,8,2,4.0,4.500000000000002,0.1,0.54,7.0,5,79,265,156,0,0.738603155661664,0.22677051733908135,success
1281,2000,8,2,4.0,4.500000000000002,0.1,0.55,7.0,5,74,261,165,0,0.7460713462414575,0.22339007714859435,success
1282,2000,8,2,4.0,4.500000000000002,0.1,0.56,7.0,5,75,262,163,0,0.7470157409392387,0.22679798840929322,success
1283,2000,8,2,4.0,4.500000000000002,0.1,0.5700000000000001,7.0,5,79,266,155,0,0.7374275255082706,0.2279788615704285,success
1285,2000,8,2,4.0,4.500000000000002,0.1,0.5900000000000001,7.0,5,81,263,156,0,0.7346377025109556,0.22585363318058202,success
1284,2000,8,2,4.0,4.500000000000002,0.1,0.5800000000000001,7.0,5,80,262,158,0,0.7390376051457134,0.2256852652950192,success
1286,2000,8,2,4.0,4.500000000000002,0.1,0.6000000000000001,7.0,5,80,265,155,0,0.7369565305420124,0.22776429727557698,success
1287,2000,8,2,4.0,4.500000000000002,0.1,0.6100000000000001,7.0,5,82,260,158,0,0.7358124996907703,0.22544149210417588,success
1288,2000,8,2,4.0,4.500000000000002,0.1,0.6200000000000001,7.0,5,80,262,158,0,0.7434762953816509,0.22767792958237917,success
1289,2000,8,2,4.0,4.500000000000002,0.1,0.6300000000000001,7.0,5,78,264,158,0,0.7421792322890347,0.22748659691135767,success
1290,2000,8,2,4.0,4.500000000000002,0.1,0.6400000000000001,7.0,5,85,260,155,0,0.7348684919190119,0.22666546399798845,success
1292,2000,8,2,4.0,4.500000000000002,0.1,0.6600000000000001,7.0,5,86,260,154,0,0.7316945314220609,0.22767258370734209,success
1291,2000,8,2,4.0,4.500000000000002,0.1,0.6500000000000001,7.0,5,87,260,153,0,0.7334833247699439,0.228269946768583,success
1293,2000,8,2,4.0,4.500000000000002,0.1,0.6700000000000002,7.0,5,86,263,151,0,0.7303806120488483,0.22824401184427498,success
1294,2000,8,2,4.0,4.500000000000002,0.1,0.6800000000000002,7.0,5,90,262,148,0,0.7253544611896006,0.22714582649419512,success
1295,2000,8,2,4.0,4.500000000000002,0.1,0.6900000000000002,7.0,5,89,258,153,0,0.7266549774771344,0.224004118187689,success
1296,2000,8,2,4.0,4.500000000000002,0.1,0.7000000000000002,7.0,5,94,260,146,0,0.7243057617114026,0.22705172349914704,success
1298,2000,8,2,4.0,4.500000000000002,0.1,0.7200000000000002,7.0,5,76,262,162,0,0.7481602779627268,0.2271676191175024,success
1297,2000,8,2,4.0,4.500000000000002,0.1,0.7100000000000002,7.0,5,87,262,151,0,0.7301065169797071,0.22628900836819688,success
1299,2000,8,2,4.0,4.500000000000002,0.1,0.7300000000000002,7.0,5,86,260,154,0,0.7315213259584928,0.2256642826087212,success
1300,2000,8,2,4.0,4.500000000000002,0.1,0.7400000000000002,7.0,5,81,258,161,0,0.744703266550909,0.22435976207887912,success
1301,2000,8,2,4.0,4.500000000000002,0.1,0.7500000000000002,7.0,5,86,261,153,0,0.7338920704267283,0.22449452074430287,success
1302,2000,8,2,4.0,4.500000000000002,0.1,0.7600000000000002,7.0,5,80,258,162,0,0.7437964439754434,0.22375446297889823,success
1303,2000,8,2,4.0,4.500000000000002,0.1,0.7700000000000002,7.0,5,84,256,160,0,0.7378543446955289,0.22222698433301333,success
1304,2000,8,2,4.0,4.500000000000002,0.1,0.7800000000000002,7.0,5,85,259,156,0,0.7307556526367157,0.2222135387684011,success
1305,2000,8,2,4.0,4.500000000000002,0.1,0.7900000000000003,7.0,5,84,257,159,0,0.7358750383760134,0.22315431164716512,success
1306,2000,8,2,4.0,4.500000000000002,0.1,0.8000000000000003,7.0,5,75,254,171,0,0.7495322658381924,0.22167354287914182,success
1307,2000,8,2,4.0,4.500000000000002,0.1,0.8100000000000003,7.0,5,81,260,159,0,0.7370797617572674,0.2243595130157346,success
1308,2000,8,2,4.0,4.500000000000002,0.1,0.8200000000000003,7.0,5,85,258,157,0,0.7406525919687111,0.22526706330052396,success
1309,2000,8,2,4.0,4.500000000000002,0.1,0.8300000000000003,7.0,5,82,258,160,0,0.7404092007802134,0.22432218615865315,success
1310,2000,8,2,4.0,4.500000000000002,0.1,0.8400000000000003,7.0,5,81,257,162,0,0.7430235979804851,0.22227521544229276,success
1311,2000,8,2,4.0,4.500000000000002,0.1,0.8500000000000003,7.0,5,78,258,164,0,0.7511320642836237,0.22411894595523765,success
1312,2000,8,2,4.0,4.500000000000002,0.1,0.8600000000000003,7.0,5,91,256,153,0,0.7321600190123563,0.22412680106979982,success
1313,2000,8,2,4.0,4.500000000000002,0.1,0.8700000000000003,7.0,5,79,257,164,0,0.7463247713722345,0.2225830314596733,success
1314,2000,8,2,4.0,4.500000000000002,0.1,0.8800000000000003,7.0,5,84,261,155,0,0.7401596456820049,0.2268574196424083,success
1315,2000,8,2,4.0,4.500000000000002,0.1,0.8900000000000003,7.0,5,81,258,161,0,0.7471210236793029,0.22683562185634226,success
1318,2000,8,2,4.0,4.500000000000002,0.1,0.9200000000000004,7.0,5,85,251,164,0,0.7406745139727005,0.22013297482069802,success
1316,2000,8,2,4.0,4.500000000000002,0.1,0.9000000000000004,7.0,5,86,256,158,0,0.7418704973641521,0.22471924986819058,success
1317,2000,8,2,4.0,4.500000000000002,0.1,0.9100000000000004,7.0,5,86,257,157,0,0.7371714063047198,0.2248294581757717,success
1319,2000,8,2,4.0,4.500000000000002,0.1,0.9300000000000004,7.0,5,84,252,164,0,0.7446109267248283,0.22191071550832683,success
1321,2000,8,2,4.0,4.500000000000002,0.1,0.9500000000000004,7.0,5,79,255,166,0,0.7495356994182759,0.22404027206199936,success
1320,2000,8,2,4.0,4.500000000000002,0.1,0.9400000000000004,7.0,5,83,254,163,0,0.7422426965272724,0.22245175549088791,success
1322,2000,8,2,4.0,4.500000000000002,0.1,0.9600000000000004,7.0,5,85,258,157,0,0.7366433027509839,0.22437191003422038,success
1323,2000,8,2,4.0,4.500000000000002,0.1,0.9700000000000004,7.0,5,81,255,164,0,0.7457116417292478,0.22163115662000815,success
1324,2000,8,2,4.0,4.500000000000002,0.1,0.9800000000000004,7.0,5,81,254,165,0,0.7467919761998557,0.2209366667228647,success
1325,2000,8,2,4.0,4.500000000000002,0.1,0.9900000000000004,7.0,5,79,257,164,0,0.7490637658970629,0.2253203947107175,success
1326,2000,8,2,4.0,4.500000000000002,0.1,1.0000000000000004,7.0,5,88,256,156,0,0.7359237082417993,0.22373344844370702,success
1329,2000,8,2,4.0,4.600000000000002,0.1,0.52,7.0,5,79,263,158,0,0.7398865029582671,0.2267970465079552,success
1328,2000,8,2,4.0,4.600000000000002,0.1,0.51,7.0,5,84,263,153,0,0.7270964678463195,0.22375737434595377,success
1327,2000,8,2,4.0,4.600000000000002,0.1,0.5,7.0,5,78,265,157,0,0.7362931468002493,0.2253733022233255,success
1330,2000,8,2,4.0,4.600000000000002,0.1,0.53,7.0,5,82,268,150,0,0.7271133661329823,0.2278579295442531,success
1331,2000,8,2,4.0,4.600000000000002,0.1,0.54,7.0,5,87,262,151,0,0.7283560831303549,0.22702711793539285,success
1332,2000,8,2,4.0,4.600000000000002,0.1,0.55,7.0,5,87,264,149,0,0.7349189047347842,0.22846412765667176,success
1333,2000,8,2,4.0,4.600000000000002,0.1,0.56,7.0,5,91,262,147,0,0.7285575689307453,0.22814680540518684,success
1334,2000,8,2,4.0,4.600000000000002,0.1,0.5700000000000001,7.0,5,89,262,149,0,0.7317197180239806,0.22761245127025923,success
1335,2000,8,2,4.0,4.600000000000002,0.1,0.5800000000000001,7.0,5,90,261,149,0,0.7309458081982957,0.2278931175287245,success
1336,2000,8,2,4.0,4.600000000000002,0.1,0.5900000000000001,7.0,5,96,259,145,0,0.7243176457372983,0.22770408721258062,success
1337,2000,8,2,4.0,4.600000000000002,0.1,0.6000000000000001,7.0,5,99,263,138,0,0.7150131272462563,0.23031925253113808,success
1338,2000,8,2,4.0,4.600000000000002,0.1,0.6100000000000001,7.0,5,86,261,153,0,0.7369051475709837,0.22846018201147217,success
1339,2000,8,2,4.0,4.600000000000002,0.1,0.6200000000000001,7.0,5,89,264,147,0,0.7342892717664004,0.2308688530053136,success
1340,2000,8,2,4.0,4.600000000000002,0.1,0.6300000000000001,7.0,5,86,261,153,0,0.7388622518128757,0.22695988332473838,success
1341,2000,8,2,4.0,4.600000000000002,0.1,0.6400000000000001,7.0,5,87,262,151,0,0.7349518197439215,0.2262395324223061,success
1342,2000,8,2,4.0,4.600000000000002,0.1,0.6500000000000001,7.0,5,87,266,147,0,0.7347611582641381,0.23037127906550184,success
1343,2000,8,2,4.0,4.600000000000002,0.1,0.6600000000000001,7.0,5,90,266,144,0,0.7283304603149511,0.2309660274985276,success
1344,2000,8,2,4.0,4.600000000000002,0.1,0.6700000000000002,7.0,5,86,264,150,0,0.7349403223934968,0.23016108192622942,success
1345,2000,8,2,4.0,4.600000000000002,0.1,0.6800000000000002,7.0,5,90,258,152,0,0.7328455447397777,0.2247497859155776,success
1346,2000,8,2,4.0,4.600000000000002,0.1,0.6900000000000002,7.0,5,89,260,151,0,0.7313548463556545,0.22598673682953935,success
1347,2000,8,2,4.0,4.600000000000002,0.1,0.7000000000000002,7.0,5,86,258,156,0,0.7446728689271805,0.22836163237424506,success
1348,2000,8,2,4.0,4.600000000000002,0.1,0.7100000000000002,7.0,5,98,260,142,0,0.730049097145057,0.23094002746257225,success
1350,2000,8,2,4.0,4.600000000000002,0.1,0.7300000000000002,7.0,5,92,250,158,0,0.7451155771148523,0.22444375996831487,success
1349,2000,8,2,4.0,4.600000000000002,0.1,0.7200000000000002,7.0,5,90,257,153,0,0.7424908340961308,0.22900121493247777,success
1351,2000,8,2,4.0,4.600000000000002,0.1,0.7400000000000002,7.0,5,92,250,158,0,0.7380831609489976,0.22244232735783034,success
1352,2000,8,2,4.0,4.600000000000002,0.1,0.7500000000000002,7.0,5,91,254,155,0,0.738000432317099,0.22651582195979347,success
1353,2000,8,2,4.0,4.600000000000002,0.1,0.7600000000000002,7.0,5,93,256,151,0,0.7327729707020919,0.2282916063978456,success
1354,2000,8,2,4.0,4.600000000000002,0.1,0.7700000000000002,7.0,5,100,252,148,0,0.7275937352875916,0.2263233768870838,success
1355,2000,8,2,4.0,4.600000000000002,0.1,0.7800000000000002,7.0,5,93,260,147,0,0.7381949141437105,0.23090128845786528,success
1356,2000,8,2,4.0,4.600000000000002,0.1,0.7900000000000003,7.0,5,91,256,153,0,0.7400998066073542,0.22798696955626507,success
1357,2000,8,2,4.0,4.600000000000002,0.1,0.8000000000000003,7.0,5,95,254,151,0,0.7346449802161734,0.22800160905151934,success
1358,2000,8,2,4.0,4.600000000000002,0.1,0.8100000000000003,7.0,5,97,257,146,0,0.7283919390818969,0.2290146688826319,success
1360,2000,8,2,4.0,4.600000000000002,0.1,0.8300000000000003,7.0,5,94,255,151,0,0.7368787653059745,0.22972491410280582,success
1362,2000,8,2,4.0,4.600000000000002,0.1,0.8500000000000003,7.0,5,92,258,150,0,0.7322966454298897,0.2288057245100153,success
1361,2000,8,2,4.0,4.600000000000002,0.1,0.8400000000000003,7.0,5,95,257,148,0,0.7325902156860158,0.22967089982805697,success
1363,2000,8,2,4.0,4.600000000000002,0.1,0.8600000000000003,7.0,5,91,255,154,0,0.7413652374530916,0.23007332852705262,success
1359,2000,8,2,4.0,4.600000000000002,0.1,0.8200000000000003,7.0,5,92,252,156,0,0.740958478904748,0.22721878584398275,success
1364,2000,8,2,4.0,4.600000000000002,0.1,0.8700000000000003,7.0,5,81,257,162,0,0.7543237104112026,0.229106631029089,success
1365,2000,8,2,4.0,4.600000000000002,0.1,0.8800000000000003,7.0,5,91,254,155,0,0.7395318262728636,0.22864890762557008,success
1366,2000,8,2,4.0,4.600000000000002,0.1,0.8900000000000003,7.0,5,93,257,150,0,0.7341818687347382,0.22953872775245313,success
1368,2000,8,2,4.0,4.600000000000002,0.1,0.9100000000000004,7.0,5,91,253,156,0,0.7385488981677432,0.22621413204070961,success
1367,2000,8,2,4.0,4.600000000000002,0.1,0.9000000000000004,7.0,5,100,256,144,0,0.724485002271504,0.22966129197981197,success
1369,2000,8,2,4.0,4.600000000000002,0.1,0.9200000000000004,7.0,5,91,255,154,0,0.7415299777143605,0.22854634960181386,success
1370,2000,8,2,4.0,4.600000000000002,0.1,0.9300000000000004,7.0,5,88,255,157,0,0.7433054198897736,0.22747493129949342,success
1371,2000,8,2,4.0,4.600000000000002,0.1,0.9400000000000004,7.0,5,81,257,162,0,0.7519256306504807,0.2277168578901465,success
1372,2000,8,2,4.0,4.600000000000002,0.1,0.9500000000000004,7.0,5,89,255,156,0,0.7463780425467466,0.22965956929291764,success
1373,2000,8,2,4.0,4.600000000000002,0.1,0.9600000000000004,7.0,5,87,258,155,0,0.7451409431693776,0.23141075592885182,success
1374,2000,8,2,4.0,4.600000000000002,0.1,0.9700000000000004,7.0,5,91,257,152,0,0.7383492036610013,0.22952637625864772,success
1375,2000,8,2,4.0,4.600000000000002,0.1,0.9800000000000004,7.0,5,89,255,156,0,0.7430486009095961,0.2279343827043976,success
1376,2000,8,2,4.0,4.600000000000002,0.1,0.9900000000000004,7.0,5,88,256,156,0,0.7408312810700927,0.2281238566682294,success
1377,2000,8,2,4.0,4.600000000000002,0.1,1.0000000000000004,7.0,5,92,255,153,0,0.734829787542542,0.22676988675626863,success
1378,2000,8,2,4.0,4.700000000000003,0.1,0.5,7.0,5,77,267,156,0,0.7397294701714106,0.2268583599156266,success
1379,2000,8,2,4.0,4.700000000000003,0.1,0.51,7.0,5,83,267,150,0,0.7301611011908147,0.2268528376487016,success
1380,2000,8,2,4.0,4.700000000000003,0.1,0.52,7.0,5,82,262,156,0,0.7394639291521244,0.2253215917116772,success
1381,2000,8,2,4.0,4.700000000000003,0.1,0.53,7.0,5,84,266,150,0,0.7330957955747155,0.22668795412405074,success
1384,2000,8,2,4.0,4.700000000000003,0.1,0.56,7.0,5,92,267,141,0,0.7242620934587012,0.2305187295740185,success
1382,2000,8,2,4.0,4.700000000000003,0.1,0.54,7.0,5,88,266,146,0,0.7225968527531768,0.2251076030099802,success
1383,2000,8,2,4.0,4.700000000000003,0.1,0.55,7.0,5,86,263,151,0,0.7340577027935788,0.2285558376905428,success
1385,2000,8,2,4.0,4.700000000000003,0.1,0.5700000000000001,7.0,5,88,265,147,0,0.7318393816756846,0.23000378865446894,success
1386,2000,8,2,4.0,4.700000000000003,0.1,0.5800000000000001,7.0,5,90,264,146,0,0.7347189547798336,0.23159771459846387,success
1387,2000,8,2,4.0,4.700000000000003,0.1,0.5900000000000001,7.0,5,93,261,146,0,0.7261412613903084,0.22865844039477695,success
1388,2000,8,2,4.0,4.700000000000003,0.1,0.6000000000000001,7.0,5,93,259,148,0,0.7246211905615155,0.2254928024898795,success
1389,2000,8,2,4.0,4.700000000000003,0.1,0.6100000000000001,7.0,5,86,261,153,0,0.7372184601702761,0.225967810380304,success
1390,2000,8,2,4.0,4.700000000000003,0.1,0.6200000000000001,7.0,5,93,263,144,0,0.7232861729733775,0.2281339175528496,success
1391,2000,8,2,4.0,4.700000000000003,0.1,0.6300000000000001,7.0,5,91,259,150,0,0.7315816975223367,0.22634901247322806,success
1392,2000,8,2,4.0,4.700000000000003,0.1,0.6400000000000001,7.0,5,92,266,142,0,0.724776565632519,0.23030151961134376,success
1393,2000,8,2,4.0,4.700000000000003,0.1,0.6500000000000001,7.0,5,85,258,157,0,0.742751909845989,0.2267994134429136,success
1395,2000,8,2,4.0,4.700000000000003,0.1,0.6700000000000002,7.0,5,96,258,146,0,0.7251079522204319,0.22844860160145683,success
1394,2000,8,2,4.0,4.700000000000003,0.1,0.6600000000000001,7.0,5,86,255,159,0,0.7412538411602902,0.22614400652874073,success
1396,2000,8,2,4.0,4.700000000000003,0.1,0.6800000000000002,7.0,5,92,258,150,0,0.7277219424254345,0.22625721947039387,success
1397,2000,8,2,4.0,4.700000000000003,0.1,0.6900000000000002,7.0,5,89,255,156,0,0.7357669855556529,0.22462727010001463,success
1398,2000,8,2,4.0,4.700000000000003,0.1,0.7000000000000002,7.0,5,100,262,138,0,0.715115107314545,0.22984390965437043,success
1401,2000,8,2,4.0,4.700000000000003,0.1,0.7300000000000002,7.0,5,93,260,147,0,0.7310844120349647,0.22965957555738467,success
1399,2000,8,2,4.0,4.700000000000003,0.1,0.7100000000000002,7.0,5,94,261,145,0,0.7250787352114288,0.2282824705723361,success
1400,2000,8,2,4.0,4.700000000000003,0.1,0.7200000000000002,7.0,5,96,258,146,0,0.7257532282332395,0.22881676590921038,success
1402,2000,8,2,4.0,4.700000000000003,0.1,0.7400000000000002,7.0,5,94,256,150,0,0.7313282838874794,0.2246195904936573,success
1403,2000,8,2,4.0,4.700000000000003,0.1,0.7500000000000002,7.0,5,96,258,146,0,0.7292012916443642,0.226680841245951,success
1404,2000,8,2,4.0,4.700000000000003,0.1,0.7600000000000002,7.0,5,102,257,141,0,0.7242148188692832,0.2292864880501255,success
1405,2000,8,2,4.0,4.700000000000003,0.1,0.7700000000000002,7.0,5,92,260,148,0,0.7352139480583487,0.22864076286329846,success
1406,2000,8,2,4.0,4.700000000000003,0.1,0.7800000000000002,7.0,5,98,260,142,0,0.7289197972947411,0.23239277235643935,success
1407,2000,8,2,4.0,4.700000000000003,0.1,0.7900000000000003,7.0,5,102,262,136,0,0.7189021338739284,0.23101805535767173,success
1408,2000,8,2,4.0,4.700000000000003,0.1,0.8000000000000003,7.0,5,103,259,138,0,0.7203674883960115,0.22917042382436817,success
1409,2000,8,2,4.0,4.700000000000003,0.1,0.8100000000000003,7.0,5,105,257,138,0,0.7206996514103502,0.23032877233753335,success
1410,2000,8,2,4.0,4.700000000000003,0.1,0.8200000000000003,7.0,5,101,257,142,0,0.7255738905581182,0.22832043711840666,success
1411,2000,8,2,4.0,4.700000000000003,0.1,0.8300000000000003,7.0,5,97,252,151,0,0.7372992623726833,0.22768439993463266,success
1412,2000,8,2,4.0,4.700000000000003,0.1,0.8400000000000003,7.0,5,102,256,142,0,0.7223621264328487,0.2272284439559107,success
1414,2000,8,2,4.0,4.700000000000003,0.1,0.8600000000000003,7.0,5,102,254,144,0,0.7233134550671114,0.2249536185276343,success
1413,2000,8,2,4.0,4.700000000000003,0.1,0.8500000000000003,7.0,5,100,254,146,0,0.7296670934396985,0.22757186781630503,success
1416,2000,8,2,4.0,4.700000000000003,0.1,0.8800000000000003,7.0,5,103,252,145,0,0.7221055290415805,0.22571490170588665,success
1415,2000,8,2,4.0,4.700000000000003,0.1,0.8700000000000003,7.0,5,99,253,148,0,0.7281404949552042,0.22602819557777298,success
1417,2000,8,2,4.0,4.700000000000003,0.1,0.8900000000000003,7.0,5,100,251,149,0,0.7288231773787947,0.2260063656128936,success
1418,2000,8,2,4.0,4.700000000000003,0.1,0.9000000000000004,7.0,5,100,250,150,0,0.7243341972219473,0.221998877942058,success
1419,2000,8,2,4.0,4.700000000000003,0.1,0.9100000000000004,7.0,5,105,254,141,0,0.7166097791178918,0.22612391172576163,success
1420,2000,8,2,4.0,4.700000000000003,0.1,0.9200000000000004,7.0,5,96,256,148,0,0.733538722637062,0.22770673061214394,success
1421,2000,8,2,4.0,4.700000000000003,0.1,0.9300000000000004,7.0,5,104,250,146,0,0.72874187878833,0.22612553397443036,success
1422,2000,8,2,4.0,4.700000000000003,0.1,0.9400000000000004,7.0,5,98,248,154,0,0.7367702060314916,0.22477848189199207,success
1424,2000,8,2,4.0,4.700000000000003,0.1,0.9600000000000004,7.0,5,100,255,145,0,0.7285857250521081,0.22925313681216722,success
1423,2000,8,2,4.0,4.700000000000003,0.1,0.9500000000000004,7.0,5,100,254,146,0,0.7277407947174707,0.22625624466007396,success
1425,2000,8,2,4.0,4.700000000000003,0.1,0.9700000000000004,7.0,5,105,249,146,0,0.7259410195719188,0.22695977916172116,success
1427,2000,8,2,4.0,4.700000000000003,0.1,0.9900000000000004,7.0,5,104,251,145,0,0.7244018765147952,0.22576663214195972,success
1426,2000,8,2,4.0,4.700000000000003,0.1,0.9800000000000004,7.0,5,103,252,145,0,0.7214639043572731,0.22412445174868456,success
1428,2000,8,2,4.0,4.700000000000003,0.1,1.0000000000000004,7.0,5,99,255,146,0,0.7265005405874252,0.22572242042209564,success
1429,2000,8,2,4.0,4.8000000000000025,0.1,0.5,7.0,5,82,266,152,0,0.7378970344611849,0.22965849178712108,success
1430,2000,8,2,4.0,4.8000000000000025,0.1,0.51,7.0,5,88,267,145,0,0.7311633783085325,0.23308190268846396,success
1431,2000,8,2,4.0,4.8000000000000025,0.1,0.52,7.0,5,87,269,144,0,0.7322429162798127,0.2349399302864905,success
1433,2000,8,2,4.0,4.8000000000000025,0.1,0.54,7.0,5,87,261,152,0,0.7375522851078976,0.22857441592700867,success
1432,2000,8,2,4.0,4.8000000000000025,0.1,0.53,7.0,5,92,267,141,0,0.7259896141396356,0.23216601018503952,success
1434,2000,8,2,4.0,4.8000000000000025,0.1,0.55,7.0,5,93,272,135,0,0.7144288286124763,0.23284068869106386,success
1435,2000,8,2,4.0,4.8000000000000025,0.1,0.56,7.0,5,92,263,145,0,0.7305509654624941,0.2317153664347616,success
1436,2000,8,2,4.0,4.8000000000000025,0.1,0.5700000000000001,7.0,5,92,268,140,0,0.7230760452698626,0.2328893755575615,success
1437,2000,8,2,4.0,4.8000000000000025,0.1,0.5800000000000001,7.0,5,92,263,145,0,0.7266839097593804,0.2314873614558716,success
1438,2000,8,2,4.0,4.8000000000000025,0.1,0.5900000000000001,7.0,5,92,258,150,0,0.7352263929086476,0.23132897600109564,success
1439,2000,8,2,4.0,4.8000000000000025,0.1,0.6000000000000001,7.0,5,102,263,135,0,0.717771145666711,0.23515897927028892,success
1440,2000,8,2,4.0,4.8000000000000025,0.1,0.6100000000000001,7.0,5,91,263,146,0,0.7333872166115845,0.23277293595896417,success
1441,2000,8,2,4.0,4.8000000000000025,0.1,0.6200000000000001,7.0,5,91,267,142,0,0.7272846976931228,0.23553133182000438,success
1442,2000,8,2,4.0,4.8000000000000025,0.1,0.6300000000000001,7.0,5,93,263,144,0,0.7263482693813633,0.231429284760712,success
1443,2000,8,2,4.0,4.8000000000000025,0.1,0.6400000000000001,7.0,5,93,258,149,0,0.7323197227494659,0.23031662323349347,success
1444,2000,8,2,4.0,4.8000000000000025,0.1,0.6500000000000001,7.0,5,98,266,136,0,0.7185231019197647,0.23504081189409284,success
1445,2000,8,2,4.0,4.8000000000000025,0.1,0.6600000000000001,7.0,5,98,259,143,0,0.7238688112740663,0.23144335213853698,success
1446,2000,8,2,4.0,4.8000000000000025,0.1,0.6700000000000002,7.0,5,95,263,142,0,0.727735646767126,0.23453781682645064,success
1447,2000,8,2,4.0,4.8000000000000025,0.1,0.6800000000000002,7.0,5,97,261,142,0,0.7226781838161178,0.23121916699411593,success
1449,2000,8,2,4.0,4.8000000000000025,0.1,0.7000000000000002,7.0,5,96,258,146,0,0.732507032387213,0.23205311072818166,success
1448,2000,8,2,4.0,4.8000000000000025,0.1,0.6900000000000002,7.0,5,95,262,143,0,0.7284847188929925,0.2338098236109447,success
1450,2000,8,2,4.0,4.8000000000000025,0.1,0.7100000000000002,7.0,5,102,259,139,0,0.7179283980178811,0.23232461497377702,success
1451,2000,8,2,4.0,4.8000000000000025,0.1,0.7200000000000002,7.0,5,107,260,133,0,0.7101779432432234,0.23165995894087124,success
1452,2000,8,2,4.0,4.8000000000000025,0.1,0.7300000000000002,7.0,5,103,252,145,0,0.7293553023010368,0.2308341558646534,success
1453,2000,8,2,4.0,4.8000000000000025,0.1,0.7400000000000002,7.0,5,105,255,140,0,0.7199067650473353,0.2313860494703707,success
1454,2000,8,2,4.0,4.8000000000000025,0.1,0.7500000000000002,7.0,5,103,258,139,0,0.7180287154157496,0.23203332035150195,success
1455,2000,8,2,4.0,4.8000000000000025,0.1,0.7600000000000002,7.0,5,97,256,147,0,0.7290060429246192,0.22898903564089312,success
1456,2000,8,2,4.0,4.8000000000000025,0.1,0.7700000000000002,7.0,5,99,255,146,0,0.7273533952056572,0.22923720085645566,success
1457,2000,8,2,4.0,4.8000000000000025,0.1,0.7800000000000002,7.0,5,104,256,140,0,0.7225197625006081,0.22563978895513068,success
1458,2000,8,2,4.0,4.8000000000000025,0.1,0.7900000000000003,7.0,5,100,260,140,0,0.7222684914092188,0.226869121257835,success
1459,2000,8,2,4.0,4.8000000000000025,0.1,0.8000000000000003,7.0,5,103,256,141,0,0.7256194599692152,0.2245423829875205,success
1460,2000,8,2,4.0,4.8000000000000025,0.1,0.8100000000000003,7.0,5,106,255,139,0,0.7242635521997163,0.22673752206725237,success
1461,2000,8,2,4.0,4.8000000000000025,0.1,0.8200000000000003,7.0,5,106,253,141,0,0.7299877341557387,0.22806220269138533,success
1462,2000,8,2,4.0,4.8000000000000025,0.1,0.8300000000000003,7.0,5,99,246,155,0,0.7433813255802328,0.22324686324829732,success
1463,2000,8,2,4.0,4.8000000000000025,0.1,0.8400000000000003,7.0,5,100,255,145,0,0.7352485540810709,0.22689832675354094,success
1465,2000,8,2,4.0,4.8000000000000025,0.1,0.8600000000000003,7.0,5,108,254,138,0,0.7151749193859073,0.22391945228136664,success
1464,2000,8,2,4.0,4.8000000000000025,0.1,0.8500000000000003,7.0,5,106,254,140,0,0.7209040675226903,0.22538774326755956,success
1466,2000,8,2,4.0,4.8000000000000025,0.1,0.8700000000000003,7.0,5,110,253,137,0,0.7158857867750533,0.2261603865509639,success
1467,2000,8,2,4.0,4.8000000000000025,0.1,0.8800000000000003,7.0,5,103,253,144,0,0.7229006588143773,0.2233561657280582,success
1468,2000,8,2,4.0,4.8000000000000025,0.1,0.8900000000000003,7.0,5,110,249,141,0,0.7166953653452663,0.22078282006830363,success
1469,2000,8,2,4.0,4.8000000000000025,0.1,0.9000000000000004,7.0,5,110,251,139,0,0.7153598641759464,0.22217253134793616,success
1470,2000,8,2,4.0,4.8000000000000025,0.1,0.9100000000000004,7.0,5,109,249,142,0,0.7222280426739194,0.22460161511384313,success
1471,2000,8,2,4.0,4.8000000000000025,0.1,0.9200000000000004,7.0,5,116,244,140,0,0.7141390222920516,0.21930477258383865,success
1472,2000,8,2,4.0,4.8000000000000025,0.1,0.9300000000000004,7.0,5,112,247,141,0,0.7149099046465502,0.2184037537127985,success
1473,2000,8,2,4.0,4.8000000000000025,0.1,0.9400000000000004,7.0,5,112,248,140,0,0.7198330106697616,0.22296492003063023,success
1474,2000,8,2,4.0,4.8000000000000025,0.1,0.9500000000000004,7.0,5,111,247,142,0,0.7198780707246435,0.22154321954417092,success
1475,2000,8,2,4.0,4.8000000000000025,0.1,0.9600000000000004,7.0,5,110,250,140,0,0.72048194833751,0.22369751475153027,success
1476,2000,8,2,4.0,4.8000000000000025,0.1,0.9700000000000004,7.0,5,111,247,142,0,0.7202625889751983,0.22313527689404422,success
1477,2000,8,2,4.0,4.8000000000000025,0.1,0.9800000000000004,7.0,5,109,253,138,0,0.7198009478491486,0.22629628361991327,success
1478,2000,8,2,4.0,4.8000000000000025,0.1,0.9900000000000004,7.0,5,103,248,149,0,0.7303858629406041,0.2226172385598118,success
1479,2000,8,2,4.0,4.8000000000000025,0.1,1.0000000000000004,7.0,5,107,243,150,0,0.7281255750428673,0.2198333392806899,success
1480,2000,8,2,4.0,4.900000000000002,0.1,0.5,7.0,5,84,267,149,0,0.7375932529304504,0.23337492124401318,success
1482,2000,8,2,4.0,4.900000000000002,0.1,0.52,7.0,5,95,266,139,0,0.7186428078552912,0.23122484425930526,success
1481,2000,8,2,4.0,4.900000000000002,0.1,0.51,7.0,5,84,266,150,0,0.7403424474903181,0.23290773797028863,success
1483,2000,8,2,4.0,4.900000000000002,0.1,0.53,7.0,5,90,271,139,0,0.7224088438655064,0.23501066487567648,success
1485,2000,8,2,4.0,4.900000000000002,0.1,0.55,7.0,5,95,268,137,0,0.7202016794621497,0.23467352060547395,success
1484,2000,8,2,4.0,4.900000000000002,0.1,0.54,7.0,5,94,264,142,0,0.7229661311550795,0.23148432425352367,success
1486,2000,8,2,4.0,4.900000000000002,0.1,0.56,7.0,5,94,266,140,0,0.7227471404518574,0.2330534596827654,success
1488,2000,8,2,4.0,4.900000000000002,0.1,0.5800000000000001,7.0,5,89,267,144,0,0.7308188665184875,0.2369480505093472,success
1489,2000,8,2,4.0,4.900000000000002,0.1,0.5900000000000001,7.0,5,94,266,140,0,0.7262737954452398,0.23694786202955415,success
1487,2000,8,2,4.0,4.900000000000002,0.1,0.5700000000000001,7.0,5,97,267,136,0,0.7131838938711654,0.23337339501076887,success
1490,2000,8,2,4.0,4.900000000000002,0.1,0.6000000000000001,7.0,5,97,263,140,0,0.7217926785527436,0.23442552274723363,success
1491,2000,8,2,4.0,4.900000000000002,0.1,0.6100000000000001,7.0,5,99,268,133,0,0.7167298152148602,0.2393429623609287,success
1492,2000,8,2,4.0,4.900000000000002,0.1,0.6200000000000001,7.0,5,106,265,129,0,0.7041917520534379,0.2357409823489981,success
1493,2000,8,2,4.0,4.900000000000002,0.1,0.6300000000000001,7.0,5,98,258,144,0,0.7226501846896932,0.2315013736458446,success
1494,2000,8,2,4.0,4.900000000000002,0.1,0.6400000000000001,7.0,5,98,261,141,0,0.7186103670481686,0.23230295502389064,success
1495,2000,8,2,4.0,4.900000000000002,0.1,0.6500000000000001,7.0,5,95,263,142,0,0.7247899825622794,0.23464733731053705,success
1496,2000,8,2,4.0,4.900000000000002,0.1,0.6600000000000001,7.0,5,98,259,143,0,0.7261320293829385,0.2337299782454888,success
1497,2000,8,2,4.0,4.900000000000002,0.1,0.6700000000000002,7.0,5,99,258,143,0,0.7251025605954013,0.2330608277489981,success
1498,2000,8,2,4.0,4.900000000000002,0.1,0.6800000000000002,7.0,5,102,257,141,0,0.7202295893083559,0.23100110210373487,success
1499,2000,8,2,4.0,4.900000000000002,0.1,0.6900000000000002,7.0,5,102,261,137,0,0.7140360026683141,0.23084269147141157,success
1500,2000,8,2,4.0,4.900000000000002,0.1,0.7000000000000002,7.0,5,106,260,134,0,0.7148817464858024,0.23366413178593562,success
1501,2000,8,2,4.0,4.900000000000002,0.1,0.7100000000000002,7.0,5,105,256,139,0,0.7240448067460163,0.23470646052998184,success
1502,2000,8,2,4.0,4.900000000000002,0.1,0.7200000000000002,7.0,5,108,258,134,0,0.7188113870035994,0.236169194964805,success
1503,2000,8,2,4.0,4.900000000000002,0.1,0.7300000000000002,7.0,5,108,255,137,0,0.7255036420492624,0.23711000889425166,success
1504,2000,8,2,4.0,4.900000000000002,0.1,0.7400000000000002,7.0,5,101,258,141,0,0.7296665784891767,0.2353430067624148,success
1505,2000,8,2,4.0,4.900000000000002,0.1,0.7500000000000002,7.0,5,104,253,143,0,0.7265629718948127,0.23143484779033976,success
1506,2000,8,2,4.0,4.900000000000002,0.1,0.7600000000000002,7.0,5,112,254,134,0,0.7141072844399099,0.2343543745560543,success
1507,2000,8,2,4.0,4.900000000000002,0.1,0.7700000000000002,7.0,5,108,252,140,0,0.7251316719776262,0.23514329796034858,success
1508,2000,8,2,4.0,4.900000000000002,0.1,0.7800000000000002,7.0,5,112,253,135,0,0.7205077386977903,0.22990064025325072,success
1509,2000,8,2,4.0,4.900000000000002,0.1,0.7900000000000003,7.0,5,112,250,138,0,0.716518912626443,0.22406453223672046,success
1510,2000,8,2,4.0,4.900000000000002,0.1,0.8000000000000003,7.0,5,107,256,137,0,0.7201559624535222,0.22817868635105018,success
1511,2000,8,2,4.0,4.900000000000002,0.1,0.8100000000000003,7.0,5,101,254,145,0,0.7338371745019614,0.22752996758048946,success
1512,2000,8,2,4.0,4.900000000000002,0.1,0.8200000000000003,7.0,5,110,259,131,0,0.7160783035680575,0.2299963563052198,success
1513,2000,8,2,4.0,4.900000000000002,0.1,0.8300000000000003,7.0,5,106,254,140,0,0.7258424092254985,0.22754202313152155,success
1514,2000,8,2,4.0,4.900000000000002,0.1,0.8400000000000003,7.0,5,103,256,141,0,0.7312028422574549,0.2303970222464185,success
1515,2000,8,2,4.0,4.900000000000002,0.1,0.8500000000000003,7.0,5,116,251,133,0,0.7190297332495725,0.22900501711933233,success
1517,2000,8,2,4.0,4.900000000000002,0.1,0.8700000000000003,7.0,5,114,249,137,0,0.7218653555912992,0.2268777268202409,success
1516,2000,8,2,4.0,4.900000000000002,0.1,0.8600000000000003,7.0,5,104,249,147,0,0.736274325065069,0.2269779715554752,success
1518,2000,8,2,4.0,4.900000000000002,0.1,0.8800000000000003,7.0,5,113,248,139,0,0.7256147863679523,0.22790001173613306,success
1519,2000,8,2,4.0,4.900000000000002,0.1,0.8900000000000003,7.0,5,112,243,145,0,0.731148595104717,0.2250200351619935,success
1520,2000,8,2,4.0,4.900000000000002,0.1,0.9000000000000004,7.0,5,118,246,136,0,0.7162173535670443,0.22408363409031845,success
1521,2000,8,2,4.0,4.900000000000002,0.1,0.9100000000000004,7.0,5,109,249,142,0,0.7290991052309335,0.22697631150283884,success
1522,2000,8,2,4.0,4.900000000000002,0.1,0.9200000000000004,7.0,5,115,247,138,0,0.7233468091118317,0.22711497791099816,success
1523,2000,8,2,4.0,4.900000000000002,0.1,0.9300000000000004,7.0,5,111,247,142,0,0.7230994848635669,0.2235782043143339,success
1524,2000,8,2,4.0,4.900000000000002,0.1,0.9400000000000004,7.0,5,112,244,144,0,0.7282811772066705,0.22406791309965898,success
1525,2000,8,2,4.0,4.900000000000002,0.1,0.9500000000000004,7.0,5,119,242,139,0,0.7155729759397911,0.2223341549145076,success
1526,2000,8,2,4.0,4.900000000000002,0.1,0.9600000000000004,7.0,5,114,249,137,0,0.7222894516820112,0.22803723466607848,success
1527,2000,8,2,4.0,4.900000000000002,0.1,0.9700000000000004,7.0,5,114,234,152,0,0.7365548387364033,0.22194037398116562,success
1528,2000,8,2,4.0,4.900000000000002,0.1,0.9800000000000004,7.0,5,111,243,146,0,0.7252454096333989,0.2216243829467517,success
1530,2000,8,2,4.0,4.900000000000002,0.1,1.0000000000000004,7.0,5,118,239,143,0,0.7232210013521756,0.22326352240307207,success
1529,2000,8,2,4.0,4.900000000000002,0.1,0.9900000000000004,7.0,5,110,246,144,0,0.728306733506271,0.2252973216460778,success
1531,2000,8,2,4.0,5.000000000000003,0.1,0.5,7.0,6,87,261,152,0,0.7111206938209038,0.24777027163172063,success
1532,2000,8,2,4.0,5.000000000000003,0.1,0.51,7.0,6,89,265,146,0,0.6995700609087535,0.24698415185879782,success
1533,2000,8,2,4.0,5.000000000000003,0.1,0.52,7.0,6,95,261,144,0,0.6937245925793813,0.24557439294746386,success
1534,2000,8,2,4.0,5.000000000000003,0.1,0.53,7.0,6,93,261,146,0,0.6926594745335206,0.2421136207673427,success
1535,2000,8,2,4.0,5.000000000000003,0.1,0.54,7.0,6,89,259,152,0,0.7061473100695883,0.24441259281454625,success
1536,2000,8,2,4.0,5.000000000000003,0.1,0.55,7.0,6,97,260,143,0,0.6852799051861602,0.24007651584529502,success
1537,2000,8,2,4.0,5.000000000000003,0.1,0.56,7.0,6,95,256,149,0,0.6982792903799161,0.24169902876043606,success
1538,2000,8,2,4.0,5.000000000000003,0.1,0.5700000000000001,7.0,6,104,257,139,0,0.6754534145810644,0.23702383344159797,success
1539,2000,8,2,4.0,5.000000000000003,0.1,0.5800000000000001,7.0,6,99,254,147,0,0.6962466958827869,0.24208000000653318,success
1540,2000,8,2,4.0,5.000000000000003,0.1,0.5900000000000001,7.0,6,96,253,151,0,0.7044315327745718,0.24373437719124585,success
1541,2000,8,2,4.0,5.000000000000003,0.1,0.6000000000000001,7.0,6,96,244,160,0,0.7147317341487172,0.24051944847237727,success
1542,2000,8,2,4.0,5.000000000000003,0.1,0.6100000000000001,7.0,6,99,251,150,0,0.6988187394301298,0.2402039905022036,success
1543,2000,8,2,4.0,5.000000000000003,0.1,0.6200000000000001,7.0,6,103,246,151,0,0.6985666506771878,0.2388285566037634,success
1544,2000,8,2,4.0,5.000000000000003,0.1,0.6300000000000001,7.0,6,98,251,151,0,0.6928193494377107,0.23730968497017857,success
1545,2000,8,2,4.0,5.000000000000003,0.1,0.6400000000000001,7.0,6,111,250,139,0,0.6765755280333983,0.23777987758571587,success
1546,2000,8,2,4.0,5.000000000000003,0.1,0.6500000000000001,7.0,6,102,243,155,0,0.7033880691840183,0.23609515701694886,success
1548,2000,8,2,4.0,5.000000000000003,0.1,0.6700000000000002,7.0,6,106,241,153,0,0.6937486391151683,0.23474352534414314,success
1547,2000,8,2,4.0,5.000000000000003,0.1,0.6600000000000001,7.0,6,104,247,149,0,0.687246366978171,0.2340143889227422,success
1549,2000,8,2,4.0,5.000000000000003,0.1,0.6800000000000002,7.0,6,107,239,154,0,0.6963211017537109,0.2362888423488065,success
1550,2000,8,2,4.0,5.000000000000003,0.1,0.6900000000000002,7.0,6,110,237,153,0,0.6915537932828871,0.23254374763653674,success
1551,2000,8,2,4.0,5.000000000000003,0.1,0.7000000000000002,7.0,6,114,248,138,0,0.670092151633333,0.23507739193069208,success
1552,2000,8,2,4.0,5.000000000000003,0.1,0.7100000000000002,7.0,6,112,234,154,0,0.6926383535883728,0.23424542600807427,success
1554,2000,8,2,4.0,5.000000000000003,0.1,0.7300000000000002,7.0,6,107,238,155,0,0.6972666786755939,0.23442709473949028,success
1556,2000,8,2,4.0,5.000000000000003,0.1,0.7500000000000002,7.0,6,116,229,155,0,0.6943516643569804,0.23450129408925027,success
1553,2000,8,2,4.0,5.000000000000003,0.1,0.7200000000000002,7.0,6,112,238,150,0,0.6899180871572671,0.23530406197630693,success
1555,2000,8,2,4.0,5.000000000000003,0.1,0.7400000000000002,7.0,6,111,237,152,0,0.6888029734701547,0.2333272946077312,success
1557,2000,8,2,4.0,5.000000000000003,0.1,0.7600000000000002,7.0,6,119,234,147,0,0.6771542061177728,0.23040593722473846,success
1558,2000,8,2,4.0,5.000000000000003,0.1,0.7700000000000002,7.0,6,111,236,153,0,0.6967233297821793,0.2378241375960913,success
1559,2000,8,2,4.0,5.000000000000003,0.1,0.7800000000000002,7.0,6,111,238,151,0,0.6900703623073163,0.23462738589044227,success
1560,2000,8,2,4.0,5.000000000000003,0.1,0.7900000000000003,7.0,6,112,233,155,0,0.6962434269282427,0.23441430599777585,success
1561,2000,8,2,4.0,5.000000000000003,0.1,0.8000000000000003,7.0,6,107,238,155,0,0.6982044612219852,0.23641921540853894,success
1562,2000,8,2,4.0,5.000000000000003,0.1,0.8100000000000003,7.0,6,115,239,146,0,0.6806799796981124,0.23346749519925453,success
1563,2000,8,2,4.0,5.000000000000003,0.1,0.8200000000000003,7.0,6,115,232,153,0,0.6901109960645724,0.2317527849849099,success
1565,2000,8,2,4.0,5.000000000000003,0.1,0.8400000000000003,7.0,6,115,224,161,0,0.7004065303740838,0.22954660126079737,success
1564,2000,8,2,4.0,5.000000000000003,0.1,0.8300000000000003,7.0,6,120,232,148,0,0.6787221832708391,0.22894769040542967,success
1566,2000,8,2,4.0,5.000000000000003,0.1,0.8500000000000003,7.0,6,113,226,161,0,0.7020787997815662,0.23093345042636268,success
1567,2000,8,2,4.0,5.000000000000003,0.1,0.8600000000000003,7.0,6,120,231,149,0,0.6841793454993813,0.23135907125418445,success
1568,2000,8,2,4.0,5.000000000000003,0.1,0.8700000000000003,7.0,6,118,230,152,0,0.6850908354093546,0.22886098368053678,success
1569,2000,8,2,4.0,5.000000000000003,0.1,0.8800000000000003,7.0,6,125,230,145,0,0.6788620124423458,0.22955985092600706,success
1570,2000,8,2,4.0,5.000000000000003,0.1,0.8900000000000003,7.0,6,117,230,153,0,0.6960865411343562,0.23358448776140414,success
1571,2000,8,2,4.0,5.000000000000003,0.1,0.9000000000000004,7.0,6,118,234,148,0,0.6830791866941462,0.23101561492051467,success
1572,2000,8,2,4.0,5.000000000000003,0.1,0.9100000000000004,7.0,6,115,230,155,0,0.6961075632224324,0.23423805543663975,success
1573,2000,8,2,4.0,5.000000000000003,0.1,0.9200000000000004,7.0,6,120,234,146,0,0.6828403377201225,0.23334229818478236,success
1574,2000,8,2,4.0,5.000000000000003,0.1,0.9300000000000004,7.0,6,113,224,163,0,0.7073572567192327,0.23334389577230236,success
1575,2000,8,2,4.0,5.000000000000003,0.1,0.9400000000000004,7.0,6,118,229,153,0,0.6875646456077041,0.2307265243873492,success
1576,2000,8,2,4.0,5.000000000000003,0.1,0.9500000000000004,7.0,6,121,228,151,0,0.6859557488065869,0.23215160506041155,success
1577,2000,8,2,4.0,5.000000000000003,0.1,0.9600000000000004,7.0,6,124,228,148,0,0.6779984922687758,0.22866137151040072,success
1578,2000,8,2,4.0,5.000000000000003,0.1,0.9700000000000004,7.0,6,120,228,152,0,0.6828841834230661,0.22813250786685718,success
1579,2000,8,2,4.0,5.000000000000003,0.1,0.9800000000000004,7.0,6,124,226,150,0,0.6790540575694808,0.22749059512590972,success
1580,2000,8,2,4.0,5.000000000000003,0.1,0.9900000000000004,7.0,6,120,224,156,0,0.6904317453241083,0.22979479120809573,success
1581,2000,8,2,4.0,5.000000000000003,0.1,1.0000000000000004,7.0,6,122,215,163,0,0.699267624022416,0.22893208855085648,success
