combination_id,n,k,p,q,thrshld,p1,p2,beta,seeds,case_A_count,case_B_count,case_C_count,case_Invalid_count,delta_star_mean,delta_star_std,status
1,2000,8,4,0.0,2.0,0.01,1.0,1.0,2,500,0,0,0,,,success
2,2000,8,4,0.0,2.0,0.01,1.0,1.2,2,500,0,0,0,,,success
4,2000,8,4,0.0,2.0,0.01,1.0,1.5999999999999999,2,500,0,0,0,,,success
3,2000,8,4,0.0,2.0,0.01,1.0,1.4,2,500,0,0,0,,,success
5,2000,8,4,0.0,2.0,0.01,1.0,1.7999999999999998,2,500,0,0,0,,,success
6,2000,8,4,0.0,2.0,0.01,1.0,1.9999999999999998,2,500,0,0,0,,,success
8,2000,8,4,0.0,2.0,0.01,1.0,2.3999999999999995,2,500,0,0,0,,,success
7,2000,8,4,0.0,2.0,0.01,1.0,2.1999999999999997,2,500,0,0,0,,,success
11,2000,8,4,0.0,2.0,0.01,1.0,2.9999999999999996,2,500,0,0,0,,,success
10,2000,8,4,0.0,2.0,0.01,1.0,2.8,2,500,0,0,0,,,success
23,2000,8,4,0.0,2.0,0.01,1.0,5.399999999999999,2,500,0,0,0,,,success
9,2000,8,4,0.0,2.0,0.01,1.0,2.5999999999999996,2,500,0,0,0,,,success
19,2000,8,4,0.0,2.0,0.01,1.0,4.6,2,500,0,0,0,,,success
15,2000,8,4,0.0,2.0,0.01,1.0,3.7999999999999994,2,500,0,0,0,,,success
21,2000,8,4,0.0,2.0,0.01,1.0,4.999999999999999,2,500,0,0,0,,,success
22,2000,8,4,0.0,2.0,0.01,1.0,5.199999999999999,2,500,0,0,0,,,success
18,2000,8,4,0.0,2.0,0.01,1.0,4.3999999999999995,2,500,0,0,0,,,success
16,2000,8,4,0.0,2.0,0.01,1.0,3.999999999999999,2,500,0,0,0,,,success
12,2000,8,4,0.0,2.0,0.01,1.0,3.1999999999999993,2,500,0,0,0,,,success
13,2000,8,4,0.0,2.0,0.01,1.0,3.3999999999999995,2,500,0,0,0,,,success
14,2000,8,4,0.0,2.0,0.01,1.0,3.5999999999999996,2,500,0,0,0,,,success
17,2000,8,4,0.0,2.0,0.01,1.0,4.199999999999999,2,500,0,0,0,,,success
24,2000,8,4,0.0,2.0,0.01,1.0,5.599999999999999,2,500,0,0,0,,,success
20,2000,8,4,0.0,2.0,0.01,1.0,4.799999999999999,2,500,0,0,0,,,success
25,2000,8,4,0.0,2.0,0.01,1.0,5.799999999999999,2,500,0,0,0,,,success
26,2000,8,4,0.0,2.0,0.01,1.0,5.999999999999999,2,500,0,0,0,,,success
27,2000,8,4,0.0,2.0,0.01,1.0,6.199999999999999,2,500,0,0,0,,,success
30,2000,8,4,0.0,2.0,0.01,1.0,6.799999999999999,2,500,0,0,0,,,success
28,2000,8,4,0.0,2.0,0.01,1.0,6.399999999999999,2,500,0,0,0,,,success
29,2000,8,4,0.0,2.0,0.01,1.0,6.599999999999999,2,500,0,0,0,,,success
31,2000,8,4,0.0,2.0,0.01,1.0,6.999999999999998,2,500,0,0,0,,,success
32,2000,8,4,0.0,2.0,0.01,1.0,7.199999999999998,2,500,0,0,0,,,success
47,2000,8,4,0.0,2.1,0.01,1.0,1.0,3,500,0,0,0,,,success
49,2000,8,4,0.0,2.1,0.01,1.0,1.4,3,500,0,0,0,,,success
48,2000,8,4,0.0,2.1,0.01,1.0,1.2,3,500,0,0,0,,,success
50,2000,8,4,0.0,2.1,0.01,1.0,1.5999999999999999,3,500,0,0,0,,,success
51,2000,8,4,0.0,2.1,0.01,1.0,1.7999999999999998,3,500,0,0,0,,,success
33,2000,8,4,0.0,2.0,0.01,1.0,7.399999999999999,2,500,0,0,0,,,success
36,2000,8,4,0.0,2.0,0.01,1.0,7.999999999999998,2,500,0,0,0,,,success
34,2000,8,4,0.0,2.0,0.01,1.0,7.599999999999999,2,500,0,0,0,,,success
35,2000,8,4,0.0,2.0,0.01,1.0,7.799999999999999,2,500,0,0,0,,,success
37,2000,8,4,0.0,2.0,0.01,1.0,8.2,2,500,0,0,0,,,success
52,2000,8,4,0.0,2.1,0.01,1.0,1.9999999999999998,3,500,0,0,0,,,success
53,2000,8,4,0.0,2.1,0.01,1.0,2.1999999999999997,3,500,0,0,0,,,success
54,2000,8,4,0.0,2.1,0.01,1.0,2.3999999999999995,3,500,0,0,0,,,success
38,2000,8,4,0.0,2.0,0.01,1.0,8.399999999999999,2,500,0,0,0,,,success
58,2000,8,4,0.0,2.1,0.01,1.0,3.1999999999999993,3,500,0,0,0,,,success
57,2000,8,4,0.0,2.1,0.01,1.0,2.9999999999999996,3,500,0,0,0,,,success
39,2000,8,4,0.0,2.0,0.01,1.0,8.599999999999998,2,500,0,0,0,,,success
42,2000,8,4,0.0,2.0,0.01,1.0,9.199999999999998,2,500,0,0,0,,,success
41,2000,8,4,0.0,2.0,0.01,1.0,8.999999999999998,2,500,0,0,0,,,success
40,2000,8,4,0.0,2.0,0.01,1.0,8.799999999999997,2,500,0,0,0,,,success
60,2000,8,4,0.0,2.1,0.01,1.0,3.5999999999999996,3,500,0,0,0,,,success
59,2000,8,4,0.0,2.1,0.01,1.0,3.3999999999999995,3,500,0,0,0,,,success
63,2000,8,4,0.0,2.1,0.01,1.0,4.199999999999999,3,500,0,0,0,,,success
61,2000,8,4,0.0,2.1,0.01,1.0,3.7999999999999994,3,500,0,0,0,,,success
43,2000,8,4,0.0,2.0,0.01,1.0,9.399999999999999,2,500,0,0,0,,,success
62,2000,8,4,0.0,2.1,0.01,1.0,3.999999999999999,3,500,0,0,0,,,success
64,2000,8,4,0.0,2.1,0.01,1.0,4.3999999999999995,3,500,0,0,0,,,success
45,2000,8,4,0.0,2.0,0.01,1.0,9.799999999999997,2,500,0,0,0,,,success
44,2000,8,4,0.0,2.0,0.01,1.0,9.599999999999998,2,500,0,0,0,,,success
46,2000,8,4,0.0,2.0,0.01,1.0,9.999999999999998,2,500,0,0,0,,,success
56,2000,8,4,0.0,2.1,0.01,1.0,2.8,3,500,0,0,0,,,success
55,2000,8,4,0.0,2.1,0.01,1.0,2.5999999999999996,3,500,0,0,0,,,success
65,2000,8,4,0.0,2.1,0.01,1.0,4.6,3,500,0,0,0,,,success
67,2000,8,4,0.0,2.1,0.01,1.0,4.999999999999999,3,500,0,0,0,,,success
66,2000,8,4,0.0,2.1,0.01,1.0,4.799999999999999,3,500,0,0,0,,,success
68,2000,8,4,0.0,2.1,0.01,1.0,5.199999999999999,3,500,0,0,0,,,success
93,2000,8,4,0.0,2.2,0.01,1.0,1.0,3,500,0,0,0,,,success
71,2000,8,4,0.0,2.1,0.01,1.0,5.799999999999999,3,500,0,0,0,,,success
69,2000,8,4,0.0,2.1,0.01,1.0,5.399999999999999,3,500,0,0,0,,,success
70,2000,8,4,0.0,2.1,0.01,1.0,5.599999999999999,3,500,0,0,0,,,success
95,2000,8,4,0.0,2.2,0.01,1.0,1.4,3,500,0,0,0,,,success
94,2000,8,4,0.0,2.2,0.01,1.0,1.2,3,500,0,0,0,,,success
72,2000,8,4,0.0,2.1,0.01,1.0,5.999999999999999,3,500,0,0,0,,,success
73,2000,8,4,0.0,2.1,0.01,1.0,6.199999999999999,3,500,0,0,0,,,success
74,2000,8,4,0.0,2.1,0.01,1.0,6.399999999999999,3,500,0,0,0,,,success
96,2000,8,4,0.0,2.2,0.01,1.0,1.5999999999999999,3,500,0,0,0,,,success
75,2000,8,4,0.0,2.1,0.01,1.0,6.599999999999999,3,500,0,0,0,,,success
76,2000,8,4,0.0,2.1,0.01,1.0,6.799999999999999,3,500,0,0,0,,,success
77,2000,8,4,0.0,2.1,0.01,1.0,6.999999999999998,3,500,0,0,0,,,success
79,2000,8,4,0.0,2.1,0.01,1.0,7.399999999999999,3,500,0,0,0,,,success
80,2000,8,4,0.0,2.1,0.01,1.0,7.599999999999999,3,500,0,0,0,,,success
78,2000,8,4,0.0,2.1,0.01,1.0,7.199999999999998,3,500,0,0,0,,,success
82,2000,8,4,0.0,2.1,0.01,1.0,7.999999999999998,3,500,0,0,0,,,success
81,2000,8,4,0.0,2.1,0.01,1.0,7.799999999999999,3,500,0,0,0,,,success
83,2000,8,4,0.0,2.1,0.01,1.0,8.2,3,500,0,0,0,,,success
85,2000,8,4,0.0,2.1,0.01,1.0,8.599999999999998,3,500,0,0,0,,,success
84,2000,8,4,0.0,2.1,0.01,1.0,8.399999999999999,3,500,0,0,0,,,success
87,2000,8,4,0.0,2.1,0.01,1.0,8.999999999999998,3,500,0,0,0,,,success
86,2000,8,4,0.0,2.1,0.01,1.0,8.799999999999997,3,500,0,0,0,,,success
88,2000,8,4,0.0,2.1,0.01,1.0,9.199999999999998,3,500,0,0,0,,,success
89,2000,8,4,0.0,2.1,0.01,1.0,9.399999999999999,3,500,0,0,0,,,success
90,2000,8,4,0.0,2.1,0.01,1.0,9.599999999999998,3,500,0,0,0,,,success
92,2000,8,4,0.0,2.1,0.01,1.0,9.999999999999998,3,500,0,0,0,,,success
91,2000,8,4,0.0,2.1,0.01,1.0,9.799999999999997,3,500,0,0,0,,,success
97,2000,8,4,0.0,2.2,0.01,1.0,1.7999999999999998,3,500,0,0,0,,,success
98,2000,8,4,0.0,2.2,0.01,1.0,1.9999999999999998,3,500,0,0,0,,,success
99,2000,8,4,0.0,2.2,0.01,1.0,2.1999999999999997,3,500,0,0,0,,,success
100,2000,8,4,0.0,2.2,0.01,1.0,2.3999999999999995,3,500,0,0,0,,,success
101,2000,8,4,0.0,2.2,0.01,1.0,2.5999999999999996,3,500,0,0,0,,,success
105,2000,8,4,0.0,2.2,0.01,1.0,3.3999999999999995,3,500,0,0,0,,,success
104,2000,8,4,0.0,2.2,0.01,1.0,3.1999999999999993,3,500,0,0,0,,,success
103,2000,8,4,0.0,2.2,0.01,1.0,2.9999999999999996,3,500,0,0,0,,,success
107,2000,8,4,0.0,2.2,0.01,1.0,3.7999999999999994,3,500,0,0,0,,,success
106,2000,8,4,0.0,2.2,0.01,1.0,3.5999999999999996,3,500,0,0,0,,,success
108,2000,8,4,0.0,2.2,0.01,1.0,3.999999999999999,3,500,0,0,0,,,success
109,2000,8,4,0.0,2.2,0.01,1.0,4.199999999999999,3,500,0,0,0,,,success
102,2000,8,4,0.0,2.2,0.01,1.0,2.8,3,500,0,0,0,,,success
110,2000,8,4,0.0,2.2,0.01,1.0,4.3999999999999995,3,500,0,0,0,,,success
111,2000,8,4,0.0,2.2,0.01,1.0,4.6,3,500,0,0,0,,,success
112,2000,8,4,0.0,2.2,0.01,1.0,4.799999999999999,3,500,0,0,0,,,success
113,2000,8,4,0.0,2.2,0.01,1.0,4.999999999999999,3,500,0,0,0,,,success
114,2000,8,4,0.0,2.2,0.01,1.0,5.199999999999999,3,500,0,0,0,,,success
115,2000,8,4,0.0,2.2,0.01,1.0,5.399999999999999,3,500,0,0,0,,,success
118,2000,8,4,0.0,2.2,0.01,1.0,5.999999999999999,3,500,0,0,0,,,success
116,2000,8,4,0.0,2.2,0.01,1.0,5.599999999999999,3,500,0,0,0,,,success
117,2000,8,4,0.0,2.2,0.01,1.0,5.799999999999999,3,500,0,0,0,,,success
119,2000,8,4,0.0,2.2,0.01,1.0,6.199999999999999,3,500,0,0,0,,,success
120,2000,8,4,0.0,2.2,0.01,1.0,6.399999999999999,3,500,0,0,0,,,success
122,2000,8,4,0.0,2.2,0.01,1.0,6.799999999999999,3,500,0,0,0,,,success
121,2000,8,4,0.0,2.2,0.01,1.0,6.599999999999999,3,500,0,0,0,,,success
123,2000,8,4,0.0,2.2,0.01,1.0,6.999999999999998,3,500,0,0,0,,,success
124,2000,8,4,0.0,2.2,0.01,1.0,7.199999999999998,3,500,0,0,0,,,success
126,2000,8,4,0.0,2.2,0.01,1.0,7.599999999999999,3,500,0,0,0,,,success
125,2000,8,4,0.0,2.2,0.01,1.0,7.399999999999999,3,500,0,0,0,,,success
127,2000,8,4,0.0,2.2,0.01,1.0,7.799999999999999,3,500,0,0,0,,,success
128,2000,8,4,0.0,2.2,0.01,1.0,7.999999999999998,3,500,0,0,0,,,success
129,2000,8,4,0.0,2.2,0.01,1.0,8.2,3,500,0,0,0,,,success
139,2000,8,4,0.0,2.3000000000000003,0.01,1.0,1.0,3,500,0,0,0,,,success
130,2000,8,4,0.0,2.2,0.01,1.0,8.399999999999999,3,500,0,0,0,,,success
141,2000,8,4,0.0,2.3000000000000003,0.01,1.0,1.4,3,500,0,0,0,,,success
140,2000,8,4,0.0,2.3000000000000003,0.01,1.0,1.2,3,500,0,0,0,,,success
142,2000,8,4,0.0,2.3000000000000003,0.01,1.0,1.5999999999999999,3,500,0,0,0,,,success
131,2000,8,4,0.0,2.2,0.01,1.0,8.599999999999998,3,500,0,0,0,,,success
132,2000,8,4,0.0,2.2,0.01,1.0,8.799999999999997,3,500,0,0,0,,,success
143,2000,8,4,0.0,2.3000000000000003,0.01,1.0,1.7999999999999998,3,500,0,0,0,,,success
144,2000,8,4,0.0,2.3000000000000003,0.01,1.0,1.9999999999999998,3,500,0,0,0,,,success
133,2000,8,4,0.0,2.2,0.01,1.0,8.999999999999998,3,500,0,0,0,,,success
145,2000,8,4,0.0,2.3000000000000003,0.01,1.0,2.1999999999999997,3,500,0,0,0,,,success
135,2000,8,4,0.0,2.2,0.01,1.0,9.399999999999999,3,500,0,0,0,,,success
134,2000,8,4,0.0,2.2,0.01,1.0,9.199999999999998,3,500,0,0,0,,,success
136,2000,8,4,0.0,2.2,0.01,1.0,9.599999999999998,3,500,0,0,0,,,success
146,2000,8,4,0.0,2.3000000000000003,0.01,1.0,2.3999999999999995,3,500,0,0,0,,,success
137,2000,8,4,0.0,2.2,0.01,1.0,9.799999999999997,3,500,0,0,0,,,success
138,2000,8,4,0.0,2.2,0.01,1.0,9.999999999999998,3,500,0,0,0,,,success
147,2000,8,4,0.0,2.3000000000000003,0.01,1.0,2.5999999999999996,3,500,0,0,0,,,success
148,2000,8,4,0.0,2.3000000000000003,0.01,1.0,2.8,3,500,0,0,0,,,success
149,2000,8,4,0.0,2.3000000000000003,0.01,1.0,2.9999999999999996,3,500,0,0,0,,,success
150,2000,8,4,0.0,2.3000000000000003,0.01,1.0,3.1999999999999993,3,500,0,0,0,,,success
151,2000,8,4,0.0,2.3000000000000003,0.01,1.0,3.3999999999999995,3,500,0,0,0,,,success
152,2000,8,4,0.0,2.3000000000000003,0.01,1.0,3.5999999999999996,3,500,0,0,0,,,success
153,2000,8,4,0.0,2.3000000000000003,0.01,1.0,3.7999999999999994,3,500,0,0,0,,,success
156,2000,8,4,0.0,2.3000000000000003,0.01,1.0,4.3999999999999995,3,500,0,0,0,,,success
154,2000,8,4,0.0,2.3000000000000003,0.01,1.0,3.999999999999999,3,500,0,0,0,,,success
155,2000,8,4,0.0,2.3000000000000003,0.01,1.0,4.199999999999999,3,500,0,0,0,,,success
157,2000,8,4,0.0,2.3000000000000003,0.01,1.0,4.6,3,500,0,0,0,,,success
158,2000,8,4,0.0,2.3000000000000003,0.01,1.0,4.799999999999999,3,500,0,0,0,,,success
159,2000,8,4,0.0,2.3000000000000003,0.01,1.0,4.999999999999999,3,500,0,0,0,,,success
160,2000,8,4,0.0,2.3000000000000003,0.01,1.0,5.199999999999999,3,500,0,0,0,,,success
161,2000,8,4,0.0,2.3000000000000003,0.01,1.0,5.399999999999999,3,500,0,0,0,,,success
163,2000,8,4,0.0,2.3000000000000003,0.01,1.0,5.799999999999999,3,500,0,0,0,,,success
162,2000,8,4,0.0,2.3000000000000003,0.01,1.0,5.599999999999999,3,500,0,0,0,,,success
164,2000,8,4,0.0,2.3000000000000003,0.01,1.0,5.999999999999999,3,500,0,0,0,,,success
165,2000,8,4,0.0,2.3000000000000003,0.01,1.0,6.199999999999999,3,500,0,0,0,,,success
166,2000,8,4,0.0,2.3000000000000003,0.01,1.0,6.399999999999999,3,500,0,0,0,,,success
167,2000,8,4,0.0,2.3000000000000003,0.01,1.0,6.599999999999999,3,500,0,0,0,,,success
168,2000,8,4,0.0,2.3000000000000003,0.01,1.0,6.799999999999999,3,500,0,0,0,,,success
169,2000,8,4,0.0,2.3000000000000003,0.01,1.0,6.999999999999998,3,500,0,0,0,,,success
170,2000,8,4,0.0,2.3000000000000003,0.01,1.0,7.199999999999998,3,500,0,0,0,,,success
171,2000,8,4,0.0,2.3000000000000003,0.01,1.0,7.399999999999999,3,500,0,0,0,,,success
172,2000,8,4,0.0,2.3000000000000003,0.01,1.0,7.599999999999999,3,500,0,0,0,,,success
185,2000,8,4,0.0,2.4000000000000004,0.01,1.0,1.0,3,500,0,0,0,,,success
186,2000,8,4,0.0,2.4000000000000004,0.01,1.0,1.2,3,500,0,0,0,,,success
187,2000,8,4,0.0,2.4000000000000004,0.01,1.0,1.4,3,500,0,0,0,,,success
188,2000,8,4,0.0,2.4000000000000004,0.01,1.0,1.5999999999999999,3,500,0,0,0,,,success
189,2000,8,4,0.0,2.4000000000000004,0.01,1.0,1.7999999999999998,3,500,0,0,0,,,success
174,2000,8,4,0.0,2.3000000000000003,0.01,1.0,7.999999999999998,3,500,0,0,0,,,success
173,2000,8,4,0.0,2.3000000000000003,0.01,1.0,7.799999999999999,3,500,0,0,0,,,success
190,2000,8,4,0.0,2.4000000000000004,0.01,1.0,1.9999999999999998,3,500,0,0,0,,,success
191,2000,8,4,0.0,2.4000000000000004,0.01,1.0,2.1999999999999997,3,500,0,0,0,,,success
175,2000,8,4,0.0,2.3000000000000003,0.01,1.0,8.2,3,500,0,0,0,,,success
176,2000,8,4,0.0,2.3000000000000003,0.01,1.0,8.399999999999999,3,500,0,0,0,,,success
177,2000,8,4,0.0,2.3000000000000003,0.01,1.0,8.599999999999998,3,500,0,0,0,,,success
192,2000,8,4,0.0,2.4000000000000004,0.01,1.0,2.3999999999999995,3,500,0,0,0,,,success
178,2000,8,4,0.0,2.3000000000000003,0.01,1.0,8.799999999999997,3,500,0,0,0,,,success
179,2000,8,4,0.0,2.3000000000000003,0.01,1.0,8.999999999999998,3,500,0,0,0,,,success
180,2000,8,4,0.0,2.3000000000000003,0.01,1.0,9.199999999999998,3,500,0,0,0,,,success
181,2000,8,4,0.0,2.3000000000000003,0.01,1.0,9.399999999999999,3,500,0,0,0,,,success
182,2000,8,4,0.0,2.3000000000000003,0.01,1.0,9.599999999999998,3,500,0,0,0,,,success
183,2000,8,4,0.0,2.3000000000000003,0.01,1.0,9.799999999999997,3,500,0,0,0,,,success
184,2000,8,4,0.0,2.3000000000000003,0.01,1.0,9.999999999999998,3,500,0,0,0,,,success
193,2000,8,4,0.0,2.4000000000000004,0.01,1.0,2.5999999999999996,3,500,0,0,0,,,success
194,2000,8,4,0.0,2.4000000000000004,0.01,1.0,2.8,3,500,0,0,0,,,success
196,2000,8,4,0.0,2.4000000000000004,0.01,1.0,3.1999999999999993,3,500,0,0,0,,,success
195,2000,8,4,0.0,2.4000000000000004,0.01,1.0,2.9999999999999996,3,500,0,0,0,,,success
197,2000,8,4,0.0,2.4000000000000004,0.01,1.0,3.3999999999999995,3,500,0,0,0,,,success
198,2000,8,4,0.0,2.4000000000000004,0.01,1.0,3.5999999999999996,3,500,0,0,0,,,success
199,2000,8,4,0.0,2.4000000000000004,0.01,1.0,3.7999999999999994,3,500,0,0,0,,,success
200,2000,8,4,0.0,2.4000000000000004,0.01,1.0,3.999999999999999,3,500,0,0,0,,,success
201,2000,8,4,0.0,2.4000000000000004,0.01,1.0,4.199999999999999,3,500,0,0,0,,,success
202,2000,8,4,0.0,2.4000000000000004,0.01,1.0,4.3999999999999995,3,500,0,0,0,,,success
203,2000,8,4,0.0,2.4000000000000004,0.01,1.0,4.6,3,500,0,0,0,,,success
205,2000,8,4,0.0,2.4000000000000004,0.01,1.0,4.999999999999999,3,500,0,0,0,,,success
204,2000,8,4,0.0,2.4000000000000004,0.01,1.0,4.799999999999999,3,500,0,0,0,,,success
210,2000,8,4,0.0,2.4000000000000004,0.01,1.0,5.999999999999999,3,500,0,0,0,,,success
206,2000,8,4,0.0,2.4000000000000004,0.01,1.0,5.199999999999999,3,500,0,0,0,,,success
208,2000,8,4,0.0,2.4000000000000004,0.01,1.0,5.599999999999999,3,500,0,0,0,,,success
207,2000,8,4,0.0,2.4000000000000004,0.01,1.0,5.399999999999999,3,500,0,0,0,,,success
209,2000,8,4,0.0,2.4000000000000004,0.01,1.0,5.799999999999999,3,500,0,0,0,,,success
211,2000,8,4,0.0,2.4000000000000004,0.01,1.0,6.199999999999999,3,500,0,0,0,,,success
212,2000,8,4,0.0,2.4000000000000004,0.01,1.0,6.399999999999999,3,500,0,0,0,,,success
213,2000,8,4,0.0,2.4000000000000004,0.01,1.0,6.599999999999999,3,500,0,0,0,,,success
214,2000,8,4,0.0,2.4000000000000004,0.01,1.0,6.799999999999999,3,500,0,0,0,,,success
215,2000,8,4,0.0,2.4000000000000004,0.01,1.0,6.999999999999998,3,500,0,0,0,,,success
216,2000,8,4,0.0,2.4000000000000004,0.01,1.0,7.199999999999998,3,500,0,0,0,,,success
217,2000,8,4,0.0,2.4000000000000004,0.01,1.0,7.399999999999999,3,500,0,0,0,,,success
218,2000,8,4,0.0,2.4000000000000004,0.01,1.0,7.599999999999999,3,500,0,0,0,,,success
219,2000,8,4,0.0,2.4000000000000004,0.01,1.0,7.799999999999999,3,500,0,0,0,,,success
220,2000,8,4,0.0,2.4000000000000004,0.01,1.0,7.999999999999998,3,500,0,0,0,,,success
221,2000,8,4,0.0,2.4000000000000004,0.01,1.0,8.2,3,500,0,0,0,,,success
222,2000,8,4,0.0,2.4000000000000004,0.01,1.0,8.399999999999999,3,500,0,0,0,,,success
223,2000,8,4,0.0,2.4000000000000004,0.01,1.0,8.599999999999998,3,500,0,0,0,,,success
224,2000,8,4,0.0,2.4000000000000004,0.01,1.0,8.799999999999997,3,500,0,0,0,,,success
231,2000,8,4,0.0,2.5000000000000004,0.01,1.0,1.0,3,500,0,0,0,,,success
225,2000,8,4,0.0,2.4000000000000004,0.01,1.0,8.999999999999998,3,500,0,0,0,,,success
232,2000,8,4,0.0,2.5000000000000004,0.01,1.0,1.2,3,500,0,0,0,,,success
233,2000,8,4,0.0,2.5000000000000004,0.01,1.0,1.4,3,500,0,0,0,,,success
234,2000,8,4,0.0,2.5000000000000004,0.01,1.0,1.5999999999999999,3,500,0,0,0,,,success
226,2000,8,4,0.0,2.4000000000000004,0.01,1.0,9.199999999999998,3,500,0,0,0,,,success
235,2000,8,4,0.0,2.5000000000000004,0.01,1.0,1.7999999999999998,3,500,0,0,0,,,success
236,2000,8,4,0.0,2.5000000000000004,0.01,1.0,1.9999999999999998,3,500,0,0,0,,,success
238,2000,8,4,0.0,2.5000000000000004,0.01,1.0,2.3999999999999995,3,500,0,0,0,,,success
237,2000,8,4,0.0,2.5000000000000004,0.01,1.0,2.1999999999999997,3,500,0,0,0,,,success
227,2000,8,4,0.0,2.4000000000000004,0.01,1.0,9.399999999999999,3,500,0,0,0,,,success
228,2000,8,4,0.0,2.4000000000000004,0.01,1.0,9.599999999999998,3,500,0,0,0,,,success
239,2000,8,4,0.0,2.5000000000000004,0.01,1.0,2.5999999999999996,3,500,0,0,0,,,success
229,2000,8,4,0.0,2.4000000000000004,0.01,1.0,9.799999999999997,3,500,0,0,0,,,success
230,2000,8,4,0.0,2.4000000000000004,0.01,1.0,9.999999999999998,3,500,0,0,0,,,success
240,2000,8,4,0.0,2.5000000000000004,0.01,1.0,2.8,3,500,0,0,0,,,success
242,2000,8,4,0.0,2.5000000000000004,0.01,1.0,3.1999999999999993,3,500,0,0,0,,,success
241,2000,8,4,0.0,2.5000000000000004,0.01,1.0,2.9999999999999996,3,500,0,0,0,,,success
243,2000,8,4,0.0,2.5000000000000004,0.01,1.0,3.3999999999999995,3,500,0,0,0,,,success
244,2000,8,4,0.0,2.5000000000000004,0.01,1.0,3.5999999999999996,3,500,0,0,0,,,success
245,2000,8,4,0.0,2.5000000000000004,0.01,1.0,3.7999999999999994,3,500,0,0,0,,,success
246,2000,8,4,0.0,2.5000000000000004,0.01,1.0,3.999999999999999,3,500,0,0,0,,,success
247,2000,8,4,0.0,2.5000000000000004,0.01,1.0,4.199999999999999,3,500,0,0,0,,,success
248,2000,8,4,0.0,2.5000000000000004,0.01,1.0,4.3999999999999995,3,500,0,0,0,,,success
249,2000,8,4,0.0,2.5000000000000004,0.01,1.0,4.6,3,500,0,0,0,,,success
250,2000,8,4,0.0,2.5000000000000004,0.01,1.0,4.799999999999999,3,500,0,0,0,,,success
251,2000,8,4,0.0,2.5000000000000004,0.01,1.0,4.999999999999999,3,500,0,0,0,,,success
252,2000,8,4,0.0,2.5000000000000004,0.01,1.0,5.199999999999999,3,500,0,0,0,,,success
253,2000,8,4,0.0,2.5000000000000004,0.01,1.0,5.399999999999999,3,500,0,0,0,,,success
254,2000,8,4,0.0,2.5000000000000004,0.01,1.0,5.599999999999999,3,500,0,0,0,,,success
255,2000,8,4,0.0,2.5000000000000004,0.01,1.0,5.799999999999999,3,500,0,0,0,,,success
256,2000,8,4,0.0,2.5000000000000004,0.01,1.0,5.999999999999999,3,500,0,0,0,,,success
257,2000,8,4,0.0,2.5000000000000004,0.01,1.0,6.199999999999999,3,500,0,0,0,,,success
258,2000,8,4,0.0,2.5000000000000004,0.01,1.0,6.399999999999999,3,500,0,0,0,,,success
259,2000,8,4,0.0,2.5000000000000004,0.01,1.0,6.599999999999999,3,500,0,0,0,,,success
260,2000,8,4,0.0,2.5000000000000004,0.01,1.0,6.799999999999999,3,500,0,0,0,,,success
261,2000,8,4,0.0,2.5000000000000004,0.01,1.0,6.999999999999998,3,500,0,0,0,,,success
262,2000,8,4,0.0,2.5000000000000004,0.01,1.0,7.199999999999998,3,500,0,0,0,,,success
263,2000,8,4,0.0,2.5000000000000004,0.01,1.0,7.399999999999999,3,500,0,0,0,,,success
265,2000,8,4,0.0,2.5000000000000004,0.01,1.0,7.799999999999999,3,500,0,0,0,,,success
264,2000,8,4,0.0,2.5000000000000004,0.01,1.0,7.599999999999999,3,500,0,0,0,,,success
266,2000,8,4,0.0,2.5000000000000004,0.01,1.0,7.999999999999998,3,500,0,0,0,,,success
277,2000,8,4,0.0,2.6000000000000005,0.01,1.0,1.0,3,500,0,0,0,,,success
278,2000,8,4,0.0,2.6000000000000005,0.01,1.0,1.2,3,499,0,1,0,1.0,,success
279,2000,8,4,0.0,2.6000000000000005,0.01,1.0,1.4,3,499,0,1,0,1.0,,success
281,2000,8,4,0.0,2.6000000000000005,0.01,1.0,1.7999999999999998,3,500,0,0,0,,,success
267,2000,8,4,0.0,2.5000000000000004,0.01,1.0,8.2,3,500,0,0,0,,,success
280,2000,8,4,0.0,2.6000000000000005,0.01,1.0,1.5999999999999999,3,499,0,1,0,1.0,,success
268,2000,8,4,0.0,2.5000000000000004,0.01,1.0,8.399999999999999,3,500,0,0,0,,,success
269,2000,8,4,0.0,2.5000000000000004,0.01,1.0,8.599999999999998,3,500,0,0,0,,,success
270,2000,8,4,0.0,2.5000000000000004,0.01,1.0,8.799999999999997,3,500,0,0,0,,,success
271,2000,8,4,0.0,2.5000000000000004,0.01,1.0,8.999999999999998,3,500,0,0,0,,,success
282,2000,8,4,0.0,2.6000000000000005,0.01,1.0,1.9999999999999998,3,500,0,0,0,,,success
283,2000,8,4,0.0,2.6000000000000005,0.01,1.0,2.1999999999999997,3,500,0,0,0,,,success
272,2000,8,4,0.0,2.5000000000000004,0.01,1.0,9.199999999999998,3,500,0,0,0,,,success
284,2000,8,4,0.0,2.6000000000000005,0.01,1.0,2.3999999999999995,3,500,0,0,0,,,success
285,2000,8,4,0.0,2.6000000000000005,0.01,1.0,2.5999999999999996,3,500,0,0,0,,,success
273,2000,8,4,0.0,2.5000000000000004,0.01,1.0,9.399999999999999,3,500,0,0,0,,,success
274,2000,8,4,0.0,2.5000000000000004,0.01,1.0,9.599999999999998,3,500,0,0,0,,,success
275,2000,8,4,0.0,2.5000000000000004,0.01,1.0,9.799999999999997,3,500,0,0,0,,,success
276,2000,8,4,0.0,2.5000000000000004,0.01,1.0,9.999999999999998,3,500,0,0,0,,,success
286,2000,8,4,0.0,2.6000000000000005,0.01,1.0,2.8,3,500,0,0,0,,,success
287,2000,8,4,0.0,2.6000000000000005,0.01,1.0,2.9999999999999996,3,500,0,0,0,,,success
288,2000,8,4,0.0,2.6000000000000005,0.01,1.0,3.1999999999999993,3,500,0,0,0,,,success
289,2000,8,4,0.0,2.6000000000000005,0.01,1.0,3.3999999999999995,3,500,0,0,0,,,success
290,2000,8,4,0.0,2.6000000000000005,0.01,1.0,3.5999999999999996,3,500,0,0,0,,,success
291,2000,8,4,0.0,2.6000000000000005,0.01,1.0,3.7999999999999994,3,500,0,0,0,,,success
292,2000,8,4,0.0,2.6000000000000005,0.01,1.0,3.999999999999999,3,500,0,0,0,,,success
293,2000,8,4,0.0,2.6000000000000005,0.01,1.0,4.199999999999999,3,500,0,0,0,,,success
294,2000,8,4,0.0,2.6000000000000005,0.01,1.0,4.3999999999999995,3,500,0,0,0,,,success
295,2000,8,4,0.0,2.6000000000000005,0.01,1.0,4.6,3,500,0,0,0,,,success
296,2000,8,4,0.0,2.6000000000000005,0.01,1.0,4.799999999999999,3,500,0,0,0,,,success
297,2000,8,4,0.0,2.6000000000000005,0.01,1.0,4.999999999999999,3,500,0,0,0,,,success
298,2000,8,4,0.0,2.6000000000000005,0.01,1.0,5.199999999999999,3,500,0,0,0,,,success
299,2000,8,4,0.0,2.6000000000000005,0.01,1.0,5.399999999999999,3,500,0,0,0,,,success
300,2000,8,4,0.0,2.6000000000000005,0.01,1.0,5.599999999999999,3,500,0,0,0,,,success
301,2000,8,4,0.0,2.6000000000000005,0.01,1.0,5.799999999999999,3,500,0,0,0,,,success
302,2000,8,4,0.0,2.6000000000000005,0.01,1.0,5.999999999999999,3,500,0,0,0,,,success
303,2000,8,4,0.0,2.6000000000000005,0.01,1.0,6.199999999999999,3,500,0,0,0,,,success
304,2000,8,4,0.0,2.6000000000000005,0.01,1.0,6.399999999999999,3,500,0,0,0,,,success
306,2000,8,4,0.0,2.6000000000000005,0.01,1.0,6.799999999999999,3,500,0,0,0,,,success
305,2000,8,4,0.0,2.6000000000000005,0.01,1.0,6.599999999999999,3,500,0,0,0,,,success
307,2000,8,4,0.0,2.6000000000000005,0.01,1.0,6.999999999999998,3,500,0,0,0,,,success
308,2000,8,4,0.0,2.6000000000000005,0.01,1.0,7.199999999999998,3,500,0,0,0,,,success
309,2000,8,4,0.0,2.6000000000000005,0.01,1.0,7.399999999999999,3,500,0,0,0,,,success
310,2000,8,4,0.0,2.6000000000000005,0.01,1.0,7.599999999999999,3,500,0,0,0,,,success
311,2000,8,4,0.0,2.6000000000000005,0.01,1.0,7.799999999999999,3,500,0,0,0,,,success
312,2000,8,4,0.0,2.6000000000000005,0.01,1.0,7.999999999999998,3,500,0,0,0,,,success
313,2000,8,4,0.0,2.6000000000000005,0.01,1.0,8.2,3,500,0,0,0,,,success
314,2000,8,4,0.0,2.6000000000000005,0.01,1.0,8.399999999999999,3,500,0,0,0,,,success
316,2000,8,4,0.0,2.6000000000000005,0.01,1.0,8.799999999999997,3,500,0,0,0,,,success
315,2000,8,4,0.0,2.6000000000000005,0.01,1.0,8.599999999999998,3,500,0,0,0,,,success
317,2000,8,4,0.0,2.6000000000000005,0.01,1.0,8.999999999999998,3,500,0,0,0,,,success
318,2000,8,4,0.0,2.6000000000000005,0.01,1.0,9.199999999999998,3,500,0,0,0,,,success
323,2000,8,4,0.0,2.7000000000000006,0.01,1.0,1.0,3,500,0,0,0,,,success
324,2000,8,4,0.0,2.7000000000000006,0.01,1.0,1.2,3,499,0,1,0,1.0,,success
325,2000,8,4,0.0,2.7000000000000006,0.01,1.0,1.4,3,497,0,3,0,1.0,0.0,success
326,2000,8,4,0.0,2.7000000000000006,0.01,1.0,1.5999999999999999,3,498,0,2,0,1.0,0.0,success
327,2000,8,4,0.0,2.7000000000000006,0.01,1.0,1.7999999999999998,3,500,0,0,0,,,success
319,2000,8,4,0.0,2.6000000000000005,0.01,1.0,9.399999999999999,3,500,0,0,0,,,success
320,2000,8,4,0.0,2.6000000000000005,0.01,1.0,9.599999999999998,3,500,0,0,0,,,success
328,2000,8,4,0.0,2.7000000000000006,0.01,1.0,1.9999999999999998,3,500,0,0,0,,,success
329,2000,8,4,0.0,2.7000000000000006,0.01,1.0,2.1999999999999997,3,500,0,0,0,,,success
330,2000,8,4,0.0,2.7000000000000006,0.01,1.0,2.3999999999999995,3,500,0,0,0,,,success
331,2000,8,4,0.0,2.7000000000000006,0.01,1.0,2.5999999999999996,3,500,0,0,0,,,success
332,2000,8,4,0.0,2.7000000000000006,0.01,1.0,2.8,3,500,0,0,0,,,success
321,2000,8,4,0.0,2.6000000000000005,0.01,1.0,9.799999999999997,3,499,0,1,0,0.025,,success
322,2000,8,4,0.0,2.6000000000000005,0.01,1.0,9.999999999999998,3,499,0,1,0,0.025,,success
333,2000,8,4,0.0,2.7000000000000006,0.01,1.0,2.9999999999999996,3,500,0,0,0,,,success
334,2000,8,4,0.0,2.7000000000000006,0.01,1.0,3.1999999999999993,3,500,0,0,0,,,success
335,2000,8,4,0.0,2.7000000000000006,0.01,1.0,3.3999999999999995,3,500,0,0,0,,,success
336,2000,8,4,0.0,2.7000000000000006,0.01,1.0,3.5999999999999996,3,500,0,0,0,,,success
337,2000,8,4,0.0,2.7000000000000006,0.01,1.0,3.7999999999999994,3,500,0,0,0,,,success
338,2000,8,4,0.0,2.7000000000000006,0.01,1.0,3.999999999999999,3,500,0,0,0,,,success
339,2000,8,4,0.0,2.7000000000000006,0.01,1.0,4.199999999999999,3,500,0,0,0,,,success
340,2000,8,4,0.0,2.7000000000000006,0.01,1.0,4.3999999999999995,3,500,0,0,0,,,success
341,2000,8,4,0.0,2.7000000000000006,0.01,1.0,4.6,3,500,0,0,0,,,success
342,2000,8,4,0.0,2.7000000000000006,0.01,1.0,4.799999999999999,3,499,1,0,0,,,success
343,2000,8,4,0.0,2.7000000000000006,0.01,1.0,4.999999999999999,3,499,1,0,0,,,success
344,2000,8,4,0.0,2.7000000000000006,0.01,1.0,5.199999999999999,3,499,1,0,0,,,success
345,2000,8,4,0.0,2.7000000000000006,0.01,1.0,5.399999999999999,3,499,1,0,0,,,success
346,2000,8,4,0.0,2.7000000000000006,0.01,1.0,5.599999999999999,3,499,1,0,0,,,success
347,2000,8,4,0.0,2.7000000000000006,0.01,1.0,5.799999999999999,3,499,1,0,0,,,success
348,2000,8,4,0.0,2.7000000000000006,0.01,1.0,5.999999999999999,3,499,1,0,0,,,success
349,2000,8,4,0.0,2.7000000000000006,0.01,1.0,6.199999999999999,3,499,1,0,0,,,success
350,2000,8,4,0.0,2.7000000000000006,0.01,1.0,6.399999999999999,3,499,1,0,0,,,success
351,2000,8,4,0.0,2.7000000000000006,0.01,1.0,6.599999999999999,3,499,1,0,0,,,success
352,2000,8,4,0.0,2.7000000000000006,0.01,1.0,6.799999999999999,3,499,1,0,0,,,success
353,2000,8,4,0.0,2.7000000000000006,0.01,1.0,6.999999999999998,3,499,1,0,0,,,success
354,2000,8,4,0.0,2.7000000000000006,0.01,1.0,7.199999999999998,3,499,1,0,0,,,success
355,2000,8,4,0.0,2.7000000000000006,0.01,1.0,7.399999999999999,3,499,1,0,0,,,success
356,2000,8,4,0.0,2.7000000000000006,0.01,1.0,7.599999999999999,3,499,1,0,0,,,success
358,2000,8,4,0.0,2.7000000000000006,0.01,1.0,7.999999999999998,3,499,0,1,0,0.5057404615047036,,success
357,2000,8,4,0.0,2.7000000000000006,0.01,1.0,7.799999999999999,3,499,0,1,0,0.5555804797864484,,success
359,2000,8,4,0.0,2.7000000000000006,0.01,1.0,8.2,3,499,0,1,0,0.5057404615047036,,success
360,2000,8,4,0.0,2.7000000000000006,0.01,1.0,8.399999999999999,3,499,0,1,0,0.49388994689952176,,success
369,2000,8,4,0.0,2.8000000000000007,0.01,1.0,1.0,3,500,0,0,0,,,success
361,2000,8,4,0.0,2.7000000000000006,0.01,1.0,8.599999999999998,3,499,0,1,0,0.49388994689952176,,success
371,2000,8,4,0.0,2.8000000000000007,0.01,1.0,1.4,3,497,0,3,0,1.0,0.0,success
370,2000,8,4,0.0,2.8000000000000007,0.01,1.0,1.2,3,499,0,1,0,1.0,,success
372,2000,8,4,0.0,2.8000000000000007,0.01,1.0,1.5999999999999999,3,498,0,2,0,1.0,0.0,success
373,2000,8,4,0.0,2.8000000000000007,0.01,1.0,1.7999999999999998,3,499,0,1,0,0.7548754553853446,,success
374,2000,8,4,0.0,2.8000000000000007,0.01,1.0,1.9999999999999998,3,500,0,0,0,,,success
362,2000,8,4,0.0,2.7000000000000006,0.01,1.0,8.799999999999997,3,499,0,1,0,0.49388994689952176,,success
363,2000,8,4,0.0,2.7000000000000006,0.01,1.0,8.999999999999998,3,499,0,1,0,0.47912254918263975,,success
364,2000,8,4,0.0,2.7000000000000006,0.01,1.0,9.199999999999998,3,499,0,1,0,0.47912254918263975,,success
375,2000,8,4,0.0,2.8000000000000007,0.01,1.0,2.1999999999999997,3,500,0,0,0,,,success
376,2000,8,4,0.0,2.8000000000000007,0.01,1.0,2.3999999999999995,3,500,0,0,0,,,success
377,2000,8,4,0.0,2.8000000000000007,0.01,1.0,2.5999999999999996,3,500,0,0,0,,,success
365,2000,8,4,0.0,2.7000000000000006,0.01,1.0,9.399999999999999,3,499,0,1,0,0.47583441821550787,,success
378,2000,8,4,0.0,2.8000000000000007,0.01,1.0,2.8,3,500,0,0,0,,,success
366,2000,8,4,0.0,2.7000000000000006,0.01,1.0,9.599999999999998,3,499,0,1,0,0.47583441821550787,,success
367,2000,8,4,0.0,2.7000000000000006,0.01,1.0,9.799999999999997,3,498,0,2,0,0.25041720910775395,0.3187880743124776,success
368,2000,8,4,0.0,2.7000000000000006,0.01,1.0,9.999999999999998,3,498,0,2,0,0.24958789653755192,0.3176152492282514,success
379,2000,8,4,0.0,2.8000000000000007,0.01,1.0,2.9999999999999996,3,500,0,0,0,,,success
381,2000,8,4,0.0,2.8000000000000007,0.01,1.0,3.3999999999999995,3,500,0,0,0,,,success
380,2000,8,4,0.0,2.8000000000000007,0.01,1.0,3.1999999999999993,3,500,0,0,0,,,success
382,2000,8,4,0.0,2.8000000000000007,0.01,1.0,3.5999999999999996,3,500,0,0,0,,,success
383,2000,8,4,0.0,2.8000000000000007,0.01,1.0,3.7999999999999994,3,500,0,0,0,,,success
384,2000,8,4,0.0,2.8000000000000007,0.01,1.0,3.999999999999999,3,500,0,0,0,,,success
385,2000,8,4,0.0,2.8000000000000007,0.01,1.0,4.199999999999999,3,500,0,0,0,,,success
386,2000,8,4,0.0,2.8000000000000007,0.01,1.0,4.3999999999999995,3,500,0,0,0,,,success
387,2000,8,4,0.0,2.8000000000000007,0.01,1.0,4.6,3,500,0,0,0,,,success
389,2000,8,4,0.0,2.8000000000000007,0.01,1.0,4.999999999999999,3,498,2,0,0,,,success
388,2000,8,4,0.0,2.8000000000000007,0.01,1.0,4.799999999999999,3,498,2,0,0,,,success
390,2000,8,4,0.0,2.8000000000000007,0.01,1.0,5.199999999999999,3,498,2,0,0,,,success
391,2000,8,4,0.0,2.8000000000000007,0.01,1.0,5.399999999999999,3,498,2,0,0,,,success
392,2000,8,4,0.0,2.8000000000000007,0.01,1.0,5.599999999999999,3,498,2,0,0,,,success
393,2000,8,4,0.0,2.8000000000000007,0.01,1.0,5.799999999999999,3,498,2,0,0,,,success
394,2000,8,4,0.0,2.8000000000000007,0.01,1.0,5.999999999999999,3,498,2,0,0,,,success
397,2000,8,4,0.0,2.8000000000000007,0.01,1.0,6.599999999999999,3,498,2,0,0,,,success
395,2000,8,4,0.0,2.8000000000000007,0.01,1.0,6.199999999999999,3,498,2,0,0,,,success
396,2000,8,4,0.0,2.8000000000000007,0.01,1.0,6.399999999999999,3,498,2,0,0,,,success
398,2000,8,4,0.0,2.8000000000000007,0.01,1.0,6.799999999999999,3,497,1,2,0,0.5025,0.7035712472806148,success
399,2000,8,4,0.0,2.8000000000000007,0.01,1.0,6.999999999999998,3,497,1,2,0,0.5025,0.7035712472806148,success
400,2000,8,4,0.0,2.8000000000000007,0.01,1.0,7.199999999999998,3,497,1,2,0,0.5025,0.7035712472806148,success
401,2000,8,4,0.0,2.8000000000000007,0.01,1.0,7.399999999999999,3,497,1,2,0,0.5025,0.7035712472806148,success
402,2000,8,4,0.0,2.8000000000000007,0.01,1.0,7.599999999999999,3,497,1,2,0,0.5025,0.7035712472806148,success
403,2000,8,4,0.0,2.8000000000000007,0.01,1.0,7.799999999999999,3,497,0,3,0,0.5205911116042247,0.49848582222288884,success
404,2000,8,4,0.0,2.8000000000000007,0.01,1.0,7.999999999999998,3,497,0,3,0,0.5044586160684853,0.49751156622807396,success
405,2000,8,4,0.0,2.8000000000000007,0.01,1.0,8.2,3,497,0,3,0,0.5044586160684853,0.49751156622807396,success
406,2000,8,4,0.0,2.8000000000000007,0.01,1.0,8.399999999999999,3,497,0,3,0,0.5004036106056262,0.49751325062301455,success
407,2000,8,4,0.0,2.8000000000000007,0.01,1.0,8.599999999999998,3,497,0,3,0,0.5004036106056262,0.49751325062301455,success
408,2000,8,4,0.0,2.8000000000000007,0.01,1.0,8.799999999999997,3,497,0,3,0,0.5004036106056262,0.49751325062301455,success
409,2000,8,4,0.0,2.8000000000000007,0.01,1.0,8.999999999999998,3,497,0,3,0,0.49607064838693143,0.49762461724325235,success
410,2000,8,4,0.0,2.8000000000000007,0.01,1.0,9.199999999999998,3,497,0,3,0,0.49607064838693143,0.49762461724325235,success
415,2000,8,4,0.0,2.900000000000001,0.01,1.0,1.0,3,497,3,0,0,,,success
416,2000,8,4,0.0,2.900000000000001,0.01,1.0,1.2,3,496,0,4,0,1.0,0.0,success
417,2000,8,4,0.0,2.900000000000001,0.01,1.0,1.4,3,494,0,6,0,1.0,0.0,success
418,2000,8,4,0.0,2.900000000000001,0.01,1.0,1.5999999999999999,3,494,0,6,0,1.0,0.0,success
419,2000,8,4,0.0,2.900000000000001,0.01,1.0,1.7999999999999998,3,496,0,4,0,0.7449021768233872,0.36552472579912876,success
420,2000,8,4,0.0,2.900000000000001,0.01,1.0,1.9999999999999998,3,497,1,2,0,0.612366625954102,0.548196374804152,success
421,2000,8,4,0.0,2.900000000000001,0.01,1.0,2.1999999999999997,3,497,1,2,0,0.6064853036126359,0.5565138206241412,success
422,2000,8,4,0.0,2.900000000000001,0.01,1.0,2.3999999999999995,3,497,1,2,0,0.3564853036126358,0.20296043003086747,success
411,2000,8,4,0.0,2.8000000000000007,0.01,1.0,9.399999999999999,3,497,0,3,0,0.4949556771460159,0.4976715788770496,success
423,2000,8,4,0.0,2.900000000000001,0.01,1.0,2.5999999999999996,3,497,1,2,0,0.3564853036126358,0.20296043003086747,success
412,2000,8,4,0.0,2.8000000000000007,0.01,1.0,9.599999999999998,3,497,0,3,0,0.4949556771460159,0.4976715788770496,success
413,2000,8,4,0.0,2.8000000000000007,0.01,1.0,9.799999999999997,3,496,0,4,0,0.3774667578595119,0.4693959787873769,success
424,2000,8,4,0.0,2.900000000000001,0.01,1.0,2.8,3,497,0,3,0,0.5516712456140167,0.4081540656149575,success
414,2000,8,4,0.0,2.8000000000000007,0.01,1.0,9.999999999999998,3,496,0,4,0,0.3774667578595119,0.4693959787873769,success
425,2000,8,4,0.0,2.900000000000001,0.01,1.0,2.9999999999999996,3,497,0,3,0,0.3503970723454409,0.14316113334165836,success
426,2000,8,4,0.0,2.900000000000001,0.01,1.0,3.1999999999999993,3,497,0,3,0,0.3418048065395802,0.13110930178365346,success
427,2000,8,4,0.0,2.900000000000001,0.01,1.0,3.3999999999999995,3,497,0,3,0,0.33840011429840616,0.13044106146615178,success
429,2000,8,4,0.0,2.900000000000001,0.01,1.0,3.7999999999999994,3,496,1,3,0,0.32378854413466224,0.11272789901664404,success
428,2000,8,4,0.0,2.900000000000001,0.01,1.0,3.5999999999999996,3,497,0,3,0,0.33269325283774115,0.12257880565700313,success
430,2000,8,4,0.0,2.900000000000001,0.01,1.0,3.999999999999999,3,496,1,3,0,0.3168056326919646,0.10618677606145822,success
431,2000,8,4,0.0,2.900000000000001,0.01,1.0,4.199999999999999,3,496,1,3,0,0.3152140657110774,0.10409332419628958,success
432,2000,8,4,0.0,2.900000000000001,0.01,1.0,4.3999999999999995,3,496,1,3,0,0.3142408500353125,0.10378259565754704,success
433,2000,8,4,0.0,2.900000000000001,0.01,1.0,4.6,3,496,1,3,0,0.3142408500353125,0.10378259565754704,success
434,2000,8,4,0.0,2.900000000000001,0.01,1.0,4.799999999999999,3,494,3,3,0,0.3141536016631256,0.1039247620185467,success
435,2000,8,4,0.0,2.900000000000001,0.01,1.0,4.999999999999999,3,494,2,4,0,0.3971376331883668,0.18757513784530042,success
436,2000,8,4,0.0,2.900000000000001,0.01,1.0,5.199999999999999,3,494,2,4,0,0.3967439236752046,0.18755249331414917,success
437,2000,8,4,0.0,2.900000000000001,0.01,1.0,5.399999999999999,3,494,2,4,0,0.3967439236752046,0.18755249331414917,success
438,2000,8,4,0.0,2.900000000000001,0.01,1.0,5.599999999999999,3,494,2,4,0,0.3876512087198769,0.1714925052525331,success
439,2000,8,4,0.0,2.900000000000001,0.01,1.0,5.799999999999999,3,494,2,4,0,0.3876512087198769,0.1714925052525331,success
440,2000,8,4,0.0,2.900000000000001,0.01,1.0,5.999999999999999,3,494,2,4,0,0.48469544498806466,0.3536838175791446,success
441,2000,8,4,0.0,2.900000000000001,0.01,1.0,6.199999999999999,3,494,2,4,0,0.48469544498806466,0.3536838175791446,success
442,2000,8,4,0.0,2.900000000000001,0.01,1.0,6.399999999999999,3,494,2,4,0,0.48469544498806466,0.3536838175791446,success
443,2000,8,4,0.0,2.900000000000001,0.01,1.0,6.599999999999999,3,494,2,4,0,0.48469544498806466,0.3536838175791446,success
444,2000,8,4,0.0,2.900000000000001,0.01,1.0,6.799999999999999,3,493,1,6,0,0.41700245084329374,0.3415547278662625,success
445,2000,8,4,0.0,2.900000000000001,0.01,1.0,6.999999999999998,3,493,1,6,0,0.41725172407250755,0.34167893832364504,success
446,2000,8,4,0.0,2.900000000000001,0.01,1.0,7.199999999999998,3,493,1,6,0,0.41725172407250755,0.34167893832364504,success
447,2000,8,4,0.0,2.900000000000001,0.01,1.0,7.399999999999999,3,493,1,6,0,0.41725172407250755,0.34167893832364504,success
448,2000,8,4,0.0,2.900000000000001,0.01,1.0,7.599999999999999,3,493,1,6,0,0.4154366827722989,0.3407985033774343,success
449,2000,8,4,0.0,2.900000000000001,0.01,1.0,7.799999999999999,3,493,0,7,0,0.43631558204067256,0.3159712786992854,success
450,2000,8,4,0.0,2.900000000000001,0.01,1.0,7.999999999999998,3,493,0,7,0,0.42845118838119156,0.31283580451867776,success
451,2000,8,4,0.0,2.900000000000001,0.01,1.0,8.2,3,493,0,7,0,0.42845118838119156,0.31283580451867776,success
452,2000,8,4,0.0,2.900000000000001,0.01,1.0,8.399999999999999,3,493,0,7,0,0.4266010294064588,0.3122694493649069,success
453,2000,8,4,0.0,2.900000000000001,0.01,1.0,8.599999999999998,3,493,0,7,0,0.4266010315999483,0.31226944835338327,success
461,2000,8,4,0.0,3.000000000000001,0.01,1.0,1.0,4,499,1,0,0,,,success
454,2000,8,4,0.0,2.900000000000001,0.01,1.0,8.799999999999997,3,493,0,7,0,0.4266010434289716,0.31226943839417753,success
462,2000,8,4,0.0,3.000000000000001,0.01,1.0,1.2,4,498,0,2,0,1.0,0.0,success
463,2000,8,4,0.0,3.000000000000001,0.01,1.0,1.4,4,499,0,1,0,1.0,,success
455,2000,8,4,0.0,2.900000000000001,0.01,1.0,8.999999999999998,3,493,0,7,0,0.42478098451542906,0.31172570165217955,success
456,2000,8,4,0.0,2.900000000000001,0.01,1.0,9.199999999999998,3,493,0,7,0,0.42478099467141484,0.3117256981674613,success
465,2000,8,4,0.0,3.000000000000001,0.01,1.0,1.7999999999999998,4,499,0,1,0,1.0,,success
464,2000,8,4,0.0,3.000000000000001,0.01,1.0,1.5999999999999999,4,499,0,1,0,1.0,,success
466,2000,8,4,0.0,3.000000000000001,0.01,1.0,1.9999999999999998,4,499,0,1,0,1.0,,success
467,2000,8,4,0.0,3.000000000000001,0.01,1.0,2.1999999999999997,4,499,0,1,0,1.0,,success
468,2000,8,4,0.0,3.000000000000001,0.01,1.0,2.3999999999999995,4,499,0,1,0,1.0,,success
469,2000,8,4,0.0,3.000000000000001,0.01,1.0,2.5999999999999996,4,499,0,1,0,1.0,,success
470,2000,8,4,0.0,3.000000000000001,0.01,1.0,2.8,4,499,0,1,0,1.0,,success
457,2000,8,4,0.0,2.900000000000001,0.01,1.0,9.399999999999999,3,493,0,7,0,0.4240861158215826,0.3115550524267965,success
458,2000,8,4,0.0,2.900000000000001,0.01,1.0,9.599999999999998,3,493,0,7,0,0.42408620697878163,0.31155502144130737,success
459,2000,8,4,0.0,2.900000000000001,0.01,1.0,9.799999999999997,3,492,0,8,0,0.37420043284179216,0.3211052918181431,success
460,2000,8,4,0.0,2.900000000000001,0.01,1.0,9.999999999999998,3,492,0,8,0,0.3735336085279765,0.32084255540772255,success
471,2000,8,4,0.0,3.000000000000001,0.01,1.0,2.9999999999999996,4,499,0,1,0,0.6180119583287725,,success
473,2000,8,4,0.0,3.000000000000001,0.01,1.0,3.3999999999999995,4,498,1,1,0,0.6180119583287725,,success
472,2000,8,4,0.0,3.000000000000001,0.01,1.0,3.1999999999999993,4,498,1,1,0,0.6180119583287725,,success
474,2000,8,4,0.0,3.000000000000001,0.01,1.0,3.5999999999999996,4,498,1,1,0,0.44864530297157634,,success
475,2000,8,4,0.0,3.000000000000001,0.01,1.0,3.7999999999999994,4,498,1,1,0,0.4450404642476001,,success
476,2000,8,4,0.0,3.000000000000001,0.01,1.0,3.999999999999999,4,498,1,1,0,0.40038357520015005,,success
477,2000,8,4,0.0,3.000000000000001,0.01,1.0,4.199999999999999,4,498,0,2,0,0.6971170905789927,0.4283411183142101,success
478,2000,8,4,0.0,3.000000000000001,0.01,1.0,4.3999999999999995,4,498,0,2,0,0.695092082168029,0.43120491267291466,success
479,2000,8,4,0.0,3.000000000000001,0.01,1.0,4.6,4,498,0,2,0,0.695092082168029,0.43120491267291466,success
480,2000,8,4,0.0,3.000000000000001,0.01,1.0,4.799999999999999,4,498,0,2,0,0.695092082168029,0.43120491267291466,success
481,2000,8,4,0.0,3.000000000000001,0.01,1.0,4.999999999999999,4,498,0,2,0,0.695092082168029,0.43120491267291466,success
482,2000,8,4,0.0,3.000000000000001,0.01,1.0,5.199999999999999,4,498,0,2,0,0.6943042541682818,0.43231906971497447,success
483,2000,8,4,0.0,3.000000000000001,0.01,1.0,5.399999999999999,4,498,0,2,0,0.47143658717704473,0.11713659244151658,success
485,2000,8,4,0.0,3.000000000000001,0.01,1.0,5.799999999999999,4,498,0,2,0,0.4425078498340205,0.07622517974868263,success
484,2000,8,4,0.0,3.000000000000001,0.01,1.0,5.599999999999999,4,498,0,2,0,0.47143658717704473,0.11713659244151658,success
486,2000,8,4,0.0,3.000000000000001,0.01,1.0,5.999999999999999,4,498,0,2,0,0.4425078498340205,0.07622517974868263,success
487,2000,8,4,0.0,3.000000000000001,0.01,1.0,6.199999999999999,4,498,0,2,0,0.4361921709150355,0.06729346096586021,success
488,2000,8,4,0.0,3.000000000000001,0.01,1.0,6.399999999999999,4,498,0,2,0,0.4290458358765753,0.058130418650451855,success
489,2000,8,4,0.0,3.000000000000001,0.01,1.0,6.599999999999999,4,498,0,2,0,0.4290458358765753,0.058130418650451855,success
490,2000,8,4,0.0,3.000000000000001,0.01,1.0,6.799999999999999,4,498,0,2,0,0.4239305207899613,0.05089627067915055,success
491,2000,8,4,0.0,3.000000000000001,0.01,1.0,6.999999999999998,4,498,0,2,0,0.4242197631403487,0.050487220224419926,success
492,2000,8,4,0.0,3.000000000000001,0.01,1.0,7.199999999999998,4,498,0,2,0,0.4218779552146257,0.04717255043511535,success
493,2000,8,4,0.0,3.000000000000001,0.01,1.0,7.399999999999999,4,498,0,2,0,0.41973086774400026,0.044452182525183515,success
494,2000,8,4,0.0,3.000000000000001,0.01,1.0,7.599999999999999,4,498,0,2,0,0.4197349045588048,0.044446473606938104,success
495,2000,8,4,0.0,3.000000000000001,0.01,1.0,7.799999999999999,4,498,0,2,0,0.4197349045588048,0.044446473606938104,success
496,2000,8,4,0.0,3.000000000000001,0.01,1.0,7.999999999999998,4,498,0,2,0,0.419772125891033,0.044393834694091396,success
497,2000,8,4,0.0,3.000000000000001,0.01,1.0,8.2,4,498,0,2,0,0.41851630896109127,0.04261784135991003,success
498,2000,8,4,0.0,3.000000000000001,0.01,1.0,8.399999999999999,4,498,0,2,0,0.41851630896109127,0.04261784135991003,success
499,2000,8,4,0.0,3.000000000000001,0.01,1.0,8.599999999999998,4,498,0,2,0,0.41859551187009536,0.04272985118800298,success
501,2000,8,4,0.0,3.000000000000001,0.01,1.0,8.999999999999998,4,498,0,2,0,0.41859551187009536,0.04272985118800298,success
500,2000,8,4,0.0,3.000000000000001,0.01,1.0,8.799999999999997,4,498,0,2,0,0.41859551187009536,0.04272985118800298,success
507,2000,8,4,0.0,3.100000000000001,0.01,1.0,1.0,4,499,1,0,0,,,success
502,2000,8,4,0.0,3.000000000000001,0.01,1.0,9.199999999999998,4,498,0,2,0,0.4186936546039015,0.04286858084945917,success
508,2000,8,4,0.0,3.100000000000001,0.01,1.0,1.2,4,498,0,2,0,1.0,0.0,success
509,2000,8,4,0.0,3.100000000000001,0.01,1.0,1.4,4,498,0,2,0,1.0,0.0,success
510,2000,8,4,0.0,3.100000000000001,0.01,1.0,1.5999999999999999,4,499,0,1,0,1.0,,success
511,2000,8,4,0.0,3.100000000000001,0.01,1.0,1.7999999999999998,4,499,0,1,0,1.0,,success
512,2000,8,4,0.0,3.100000000000001,0.01,1.0,1.9999999999999998,4,499,0,1,0,1.0,,success
513,2000,8,4,0.0,3.100000000000001,0.01,1.0,2.1999999999999997,4,499,0,1,0,1.0,,success
514,2000,8,4,0.0,3.100000000000001,0.01,1.0,2.3999999999999995,4,499,0,1,0,1.0,,success
515,2000,8,4,0.0,3.100000000000001,0.01,1.0,2.5999999999999996,4,499,0,1,0,1.0,,success
516,2000,8,4,0.0,3.100000000000001,0.01,1.0,2.8,4,499,0,1,0,1.0,,success
517,2000,8,4,0.0,3.100000000000001,0.01,1.0,2.9999999999999996,4,499,0,1,0,0.6180119583287725,,success
518,2000,8,4,0.0,3.100000000000001,0.01,1.0,3.1999999999999993,4,498,1,1,0,0.6180119583287725,,success
503,2000,8,4,0.0,3.000000000000001,0.01,1.0,9.399999999999999,4,498,0,2,0,0.41891535464677854,0.04318200132286442,success
504,2000,8,4,0.0,3.000000000000001,0.01,1.0,9.599999999999998,4,498,0,2,0,0.41891535464677854,0.04318200132286442,success
519,2000,8,4,0.0,3.100000000000001,0.01,1.0,3.3999999999999995,4,498,1,1,0,0.6180119583287725,,success
506,2000,8,4,0.0,3.000000000000001,0.01,1.0,9.999999999999998,4,498,0,2,0,0.4189161443732447,0.04318280201161982,success
505,2000,8,4,0.0,3.000000000000001,0.01,1.0,9.799999999999997,4,498,0,2,0,0.4189160325962359,0.04318296008818165,success
520,2000,8,4,0.0,3.100000000000001,0.01,1.0,3.5999999999999996,4,498,1,1,0,0.5436667842596479,,success
521,2000,8,4,0.0,3.100000000000001,0.01,1.0,3.7999999999999994,4,498,1,1,0,0.5436667842596479,,success
526,2000,8,4,0.0,3.100000000000001,0.01,1.0,4.799999999999999,4,498,0,2,0,0.700390158526866,0.42371230123175907,success
524,2000,8,4,0.0,3.100000000000001,0.01,1.0,4.3999999999999995,4,498,0,2,0,0.7031032896368261,0.4198753544195572,success
525,2000,8,4,0.0,3.100000000000001,0.01,1.0,4.6,4,498,0,2,0,0.700390158526866,0.42371230123175907,success
522,2000,8,4,0.0,3.100000000000001,0.01,1.0,3.999999999999999,4,498,1,1,0,0.42456009473264744,,success
523,2000,8,4,0.0,3.100000000000001,0.01,1.0,4.199999999999999,4,498,0,2,0,0.7056439716889135,0.41628228740381734,success
527,2000,8,4,0.0,3.100000000000001,0.01,1.0,4.999999999999999,4,498,0,2,0,0.700390158526866,0.42371230123175907,success
528,2000,8,4,0.0,3.100000000000001,0.01,1.0,5.199999999999999,4,498,0,2,0,0.6994819038435414,0.4249967673230057,success
529,2000,8,4,0.0,3.100000000000001,0.01,1.0,5.399999999999999,4,498,0,2,0,0.49472475495419266,0.1354262692132144,success
530,2000,8,4,0.0,3.100000000000001,0.01,1.0,5.599999999999999,4,498,0,2,0,0.49472475495419266,0.1354262692132144,success
532,2000,8,4,0.0,3.100000000000001,0.01,1.0,5.999999999999999,4,498,0,2,0,0.45720517870354804,0.08236557562506124,success
531,2000,8,4,0.0,3.100000000000001,0.01,1.0,5.799999999999999,4,498,0,2,0,0.45720517870354804,0.08236557562506124,success
533,2000,8,4,0.0,3.100000000000001,0.01,1.0,6.199999999999999,4,498,0,2,0,0.4493010985057642,0.07118751821127077,success
534,2000,8,4,0.0,3.100000000000001,0.01,1.0,6.399999999999999,4,498,0,2,0,0.448897458763192,0.07175835100952917,success
535,2000,8,4,0.0,3.100000000000001,0.01,1.0,6.599999999999999,4,498,0,2,0,0.448897458763192,0.07175835100952917,success
536,2000,8,4,0.0,3.100000000000001,0.01,1.0,6.799999999999999,4,498,0,2,0,0.44189141844040847,0.061850313766515876,success
553,2000,8,4,0.0,3.200000000000001,0.01,1.0,1.0,4,499,1,0,0,,,success
537,2000,8,4,0.0,3.100000000000001,0.01,1.0,6.999999999999998,4,498,0,2,0,0.44223884525687984,0.06135897805072991,success
538,2000,8,4,0.0,3.100000000000001,0.01,1.0,7.199999999999998,4,498,0,2,0,0.4389929069953843,0.056764510225023816,success
539,2000,8,4,0.0,3.100000000000001,0.01,1.0,7.399999999999999,4,498,0,2,0,0.4295948988641781,0.043863432633359005,success
540,2000,8,4,0.0,3.100000000000001,0.01,1.0,7.599999999999999,4,498,0,2,0,0.4296001915473976,0.04385594764896877,success
541,2000,8,4,0.0,3.100000000000001,0.01,1.0,7.799999999999999,4,498,0,2,0,0.4296001915473976,0.04385594764896877,success
542,2000,8,4,0.0,3.100000000000001,0.01,1.0,7.999999999999998,4,498,0,2,0,0.4296468753849063,0.043789926732820235,success
543,2000,8,4,0.0,3.100000000000001,0.01,1.0,8.2,4,498,0,2,0,0.4283056994570801,0.041893217546160016,success
544,2000,8,4,0.0,3.100000000000001,0.01,1.0,8.399999999999999,4,498,0,2,0,0.4283056994570801,0.041893217546160016,success
545,2000,8,4,0.0,3.100000000000001,0.01,1.0,8.599999999999998,4,498,0,2,0,0.4283994398566158,0.04202578649052574,success
546,2000,8,4,0.0,3.100000000000001,0.01,1.0,8.799999999999997,4,498,0,2,0,0.4283994398566158,0.04202578649052574,success
554,2000,8,4,0.0,3.200000000000001,0.01,1.0,1.2,4,497,0,3,0,1.0,0.0,success
555,2000,8,4,0.0,3.200000000000001,0.01,1.0,1.4,4,496,0,4,0,1.0,0.0,success
547,2000,8,4,0.0,3.100000000000001,0.01,1.0,8.999999999999998,4,498,0,2,0,0.4283994398566158,0.04202578649052574,success
556,2000,8,4,0.0,3.200000000000001,0.01,1.0,1.5999999999999999,4,497,0,3,0,1.0,0.0,success
557,2000,8,4,0.0,3.200000000000001,0.01,1.0,1.7999999999999998,4,498,0,2,0,0.8090059791643862,0.2701063345978944,success
548,2000,8,4,0.0,3.100000000000001,0.01,1.0,9.199999999999998,4,498,0,2,0,0.42851147035381376,0.042184119760809935,success
550,2000,8,4,0.0,3.100000000000001,0.01,1.0,9.599999999999998,4,498,0,2,0,0.42875978093116773,0.042535117082510766,success
558,2000,8,4,0.0,3.200000000000001,0.01,1.0,1.9999999999999998,4,499,0,1,0,1.0,,success
549,2000,8,4,0.0,3.100000000000001,0.01,1.0,9.399999999999999,4,498,0,2,0,0.42875978093116773,0.042535117082510766,success
551,2000,8,4,0.0,3.100000000000001,0.01,1.0,9.799999999999997,4,498,0,2,0,0.4287606942800719,0.04253640875291815,success
552,2000,8,4,0.0,3.100000000000001,0.01,1.0,9.999999999999998,4,498,0,2,0,0.42876085883917114,0.042536176031208156,success
559,2000,8,4,0.0,3.200000000000001,0.01,1.0,2.1999999999999997,4,499,0,1,0,1.0,,success
560,2000,8,4,0.0,3.200000000000001,0.01,1.0,2.3999999999999995,4,499,0,1,0,1.0,,success
561,2000,8,4,0.0,3.200000000000001,0.01,1.0,2.5999999999999996,4,499,0,1,0,1.0,,success
562,2000,8,4,0.0,3.200000000000001,0.01,1.0,2.8,4,499,0,1,0,1.0,,success
563,2000,8,4,0.0,3.200000000000001,0.01,1.0,2.9999999999999996,4,499,0,1,0,0.6180119583287725,,success
564,2000,8,4,0.0,3.200000000000001,0.01,1.0,3.1999999999999993,4,498,1,1,0,0.6180119583287725,,success
565,2000,8,4,0.0,3.200000000000001,0.01,1.0,3.3999999999999995,4,498,1,1,0,0.6180119583287725,,success
566,2000,8,4,0.0,3.200000000000001,0.01,1.0,3.5999999999999996,4,498,1,1,0,0.5436667842596479,,success
567,2000,8,4,0.0,3.200000000000001,0.01,1.0,3.7999999999999994,4,498,1,1,0,0.5436667842596479,,success
568,2000,8,4,0.0,3.200000000000001,0.01,1.0,3.999999999999999,4,498,1,1,0,0.4245600953132364,,success
569,2000,8,4,0.0,3.200000000000001,0.01,1.0,4.199999999999999,4,498,0,2,0,0.7057183009493798,0.4161771699555847,success
570,2000,8,4,0.0,3.200000000000001,0.01,1.0,4.3999999999999995,4,498,0,2,0,0.703168901199817,0.41978256565732697,success
573,2000,8,4,0.0,3.200000000000001,0.01,1.0,4.999999999999999,4,498,0,2,0,0.7005319164897046,0.42351182519813846,success
571,2000,8,4,0.0,3.200000000000001,0.01,1.0,4.6,4,498,0,2,0,0.7005319179753058,0.42351182309718105,success
572,2000,8,4,0.0,3.200000000000001,0.01,1.0,4.799999999999999,4,498,0,2,0,0.7005319179753058,0.42351182309718105,success
574,2000,8,4,0.0,3.200000000000001,0.01,1.0,5.199999999999999,4,498,0,2,0,0.6996242820936778,0.42479541407067584,success
575,2000,8,4,0.0,3.200000000000001,0.01,1.0,5.399999999999999,4,498,0,2,0,0.6996241837073803,0.42479555320991197,success
576,2000,8,4,0.0,3.200000000000001,0.01,1.0,5.599999999999999,4,498,0,2,0,0.6996241837073803,0.42479555320991197,success
577,2000,8,4,0.0,3.200000000000001,0.01,1.0,5.799999999999999,4,498,0,2,0,0.590001248524379,0.2697653115269647,success
578,2000,8,4,0.0,3.200000000000001,0.01,1.0,5.999999999999999,4,498,0,2,0,0.590001248524379,0.2697653115269647,success
579,2000,8,4,0.0,3.200000000000001,0.01,1.0,6.199999999999999,4,498,0,2,0,0.5289087260160231,0.1833674376360643,success
580,2000,8,4,0.0,3.200000000000001,0.01,1.0,6.399999999999999,4,498,0,2,0,0.520557022980012,0.1727113263974153,success
599,2000,8,4,0.0,3.300000000000001,0.01,1.0,1.0,4,498,2,0,0,,,success
581,2000,8,4,0.0,3.200000000000001,0.01,1.0,6.599999999999999,4,498,0,2,0,0.520557022980012,0.1727113263974153,success
582,2000,8,4,0.0,3.200000000000001,0.01,1.0,6.799999999999999,4,498,0,2,0,0.46376336145605473,0.09239296001340776,success
583,2000,8,4,0.0,3.200000000000001,0.01,1.0,6.999999999999998,4,498,0,2,0,0.4641148579786638,0.09189586886400705,success
585,2000,8,4,0.0,3.200000000000001,0.01,1.0,7.399999999999999,4,497,0,3,0,0.302125869097939,0.2577527092915531,success
586,2000,8,4,0.0,3.200000000000001,0.01,1.0,7.599999999999999,4,497,0,3,0,0.302129447190189,0.25775472363863466,success
584,2000,8,4,0.0,3.200000000000001,0.01,1.0,7.199999999999998,4,498,0,2,0,0.45982002533110256,0.08581797697789655,success
587,2000,8,4,0.0,3.200000000000001,0.01,1.0,7.799999999999999,4,497,0,3,0,0.302129447190189,0.25775472363863466,success
588,2000,8,4,0.0,3.200000000000001,0.01,1.0,7.999999999999998,4,497,0,3,0,0.3021609722547997,0.2577724769620966,success
589,2000,8,4,0.0,3.200000000000001,0.01,1.0,8.2,4,497,0,3,0,0.3011160931648813,0.25658829564187363,success
590,2000,8,4,0.0,3.200000000000001,0.01,1.0,8.399999999999999,4,497,0,3,0,0.3000462425765354,0.2553834129690314,success
591,2000,8,4,0.0,3.200000000000001,0.01,1.0,8.599999999999998,4,497,0,3,0,0.3001475544452812,0.2554971794796275,success
592,2000,8,4,0.0,3.200000000000001,0.01,1.0,8.799999999999997,4,497,0,3,0,0.3001475544452812,0.2554971794796275,success
593,2000,8,4,0.0,3.200000000000001,0.01,1.0,8.999999999999998,4,497,0,3,0,0.3001475544452812,0.2554971794796275,success
600,2000,8,4,0.0,3.300000000000001,0.01,1.0,1.2,4,495,2,3,0,1.0,0.0,success
595,2000,8,4,0.0,3.200000000000001,0.01,1.0,9.399999999999999,4,497,0,3,0,0.29984492335001506,0.25515751773601597,success
594,2000,8,4,0.0,3.200000000000001,0.01,1.0,9.199999999999998,4,497,0,3,0,0.29963975876135146,0.25492764954689223,success
596,2000,8,4,0.0,3.200000000000001,0.01,1.0,9.599999999999998,4,497,0,3,0,0.29984492335001506,0.25515751773601597,success
597,2000,8,4,0.0,3.200000000000001,0.01,1.0,9.799999999999997,4,497,0,3,0,0.2998462814097931,0.2551590404185776,success
598,2000,8,4,0.0,3.200000000000001,0.01,1.0,9.999999999999998,4,497,0,3,0,0.2998463929803095,0.25515910542985376,success
601,2000,8,4,0.0,3.300000000000001,0.01,1.0,1.4,4,493,1,6,0,0.9166666666666666,0.2041241452319315,success
602,2000,8,4,0.0,3.300000000000001,0.01,1.0,1.5999999999999999,4,493,2,5,0,0.9,0.22360679774997896,success
603,2000,8,4,0.0,3.300000000000001,0.01,1.0,1.7999999999999998,4,495,1,4,0,0.7795029895821931,0.2591261839124314,success
604,2000,8,4,0.0,3.300000000000001,0.01,1.0,1.9999999999999998,4,497,1,2,0,0.75,0.3535533905932738,success
605,2000,8,4,0.0,3.300000000000001,0.01,1.0,2.1999999999999997,4,497,1,2,0,0.6830005450499673,0.44830492845521525,success
606,2000,8,4,0.0,3.300000000000001,0.01,1.0,2.3999999999999995,4,497,1,2,0,0.6666477685294608,0.47143124679297177,success
607,2000,8,4,0.0,3.300000000000001,0.01,1.0,2.5999999999999996,4,497,0,3,0,0.7777651790196405,0.38492200114895647,success
608,2000,8,4,0.0,3.300000000000001,0.01,1.0,2.8,4,497,1,2,0,0.6449469413184228,0.502120850949537,success
609,2000,8,4,0.0,3.300000000000001,0.01,1.0,2.9999999999999996,4,497,1,2,0,0.453952920482809,0.2320145163516425,success
610,2000,8,4,0.0,3.300000000000001,0.01,1.0,3.1999999999999993,4,496,2,2,0,0.453952920482809,0.2320145163516425,success
611,2000,8,4,0.0,3.300000000000001,0.01,1.0,3.3999999999999995,4,496,2,2,0,0.4498399483327594,0.2378311373479055,success
612,2000,8,4,0.0,3.300000000000001,0.01,1.0,3.5999999999999996,4,496,1,3,0,0.5032957063986806,0.19868597203778035,success
613,2000,8,4,0.0,3.300000000000001,0.01,1.0,3.7999999999999994,4,496,1,3,0,0.4639616212361832,0.1748770868327269,success
614,2000,8,4,0.0,3.300000000000001,0.01,1.0,3.999999999999999,4,496,1,3,0,0.4052516832440318,0.11742959060180769,success
615,2000,8,4,0.0,3.300000000000001,0.01,1.0,4.199999999999999,4,496,0,4,0,0.5513797487346865,0.3137122915924028,success
616,2000,8,4,0.0,3.300000000000001,0.01,1.0,4.3999999999999995,4,496,0,4,0,0.5406806066098433,0.31694399696947606,success
617,2000,8,4,0.0,3.300000000000001,0.01,1.0,4.6,4,496,0,4,0,0.5212015679587093,0.32552248306286125,success
619,2000,8,4,0.0,3.300000000000001,0.01,1.0,4.999999999999999,4,496,0,4,0,0.5206317553057845,0.3258133407029777,success
620,2000,8,4,0.0,3.300000000000001,0.01,1.0,5.199999999999999,4,496,0,4,0,0.5206317654586685,0.32581333548729524,success
622,2000,8,4,0.0,3.300000000000001,0.01,1.0,5.599999999999999,4,496,0,4,0,0.5179245921919371,0.3272215297605072,success
618,2000,8,4,0.0,3.300000000000001,0.01,1.0,4.799999999999999,4,496,0,4,0,0.5206317553057845,0.3258133407029777,success
621,2000,8,4,0.0,3.300000000000001,0.01,1.0,5.399999999999999,4,496,0,4,0,0.5196667504814467,0.326233910679537,success
623,2000,8,4,0.0,3.300000000000001,0.01,1.0,5.799999999999999,4,496,0,4,0,0.5165277092726698,0.32796739252202917,success
624,2000,8,4,0.0,3.300000000000001,0.01,1.0,5.999999999999999,4,496,0,4,0,0.5165277092726698,0.32796739252202917,success
625,2000,8,4,0.0,3.300000000000001,0.01,1.0,6.199999999999999,4,495,0,5,0,0.41418095941862115,0.36469761507044496,success
645,2000,8,4,0.0,3.4000000000000012,0.01,1.0,1.0,4,496,4,0,0,,,success
626,2000,8,4,0.0,3.300000000000001,0.01,1.0,6.399999999999999,4,495,0,5,0,0.3585203419513992,0.259090576855317,success
627,2000,8,4,0.0,3.300000000000001,0.01,1.0,6.599999999999999,4,495,0,5,0,0.3582144713635719,0.2590549932170687,success
628,2000,8,4,0.0,3.300000000000001,0.01,1.0,6.799999999999999,4,495,0,5,0,0.34701775255959066,0.2398453762284514,success
629,2000,8,4,0.0,3.300000000000001,0.01,1.0,6.999999999999998,4,495,0,5,0,0.34718337991463966,0.23990043617856102,success
630,2000,8,4,0.0,3.300000000000001,0.01,1.0,7.199999999999998,4,495,0,5,0,0.3324038080767499,0.21642831067958956,success
646,2000,8,4,0.0,3.4000000000000012,0.01,1.0,1.2,4,492,3,5,0,1.0,0.0,success
631,2000,8,4,0.0,3.300000000000001,0.01,1.0,7.399999999999999,4,494,0,6,0,0.27175730802399617,0.22334366395862518,success
632,2000,8,4,0.0,3.300000000000001,0.01,1.0,7.599999999999999,4,494,0,6,0,0.2717726666662255,0.22335298836678105,success
647,2000,8,4,0.0,3.4000000000000012,0.01,1.0,1.4,4,490,2,8,0,0.8897514947910966,0.2065626853224804,success
633,2000,8,4,0.0,3.300000000000001,0.01,1.0,7.799999999999999,4,494,0,6,0,0.2703224073402219,0.22122607900291763,success
648,2000,8,4,0.0,3.4000000000000012,0.01,1.0,1.5999999999999999,4,490,3,7,0,0.8740017083326819,0.21786305999344371,success
634,2000,8,4,0.0,3.300000000000001,0.01,1.0,7.999999999999998,4,494,0,6,0,0.2703441123570325,0.22124096904883359,success
635,2000,8,4,0.0,3.300000000000001,0.01,1.0,8.2,4,494,0,6,0,0.269610534952631,0.22016083022706073,success
636,2000,8,4,0.0,3.300000000000001,0.01,1.0,8.399999999999999,4,494,0,6,0,0.2688396479548455,0.21901056260983728,success
637,2000,8,4,0.0,3.300000000000001,0.01,1.0,8.599999999999998,4,494,0,6,0,0.2689420639777083,0.21915916722953507,success
649,2000,8,4,0.0,3.4000000000000012,0.01,1.0,1.7999999999999998,4,492,1,7,0,0.7066291852989858,0.282778498559313,success
638,2000,8,4,0.0,3.300000000000001,0.01,1.0,8.799999999999997,4,494,0,6,0,0.2689426601234059,0.21915917480230385,success
639,2000,8,4,0.0,3.300000000000001,0.01,1.0,8.999999999999998,4,494,0,6,0,0.2689426601234059,0.21915917480230385,success
640,2000,8,4,0.0,3.300000000000001,0.01,1.0,9.199999999999998,4,494,0,6,0,0.2686309841036592,0.21870705208001123,success
641,2000,8,4,0.0,3.300000000000001,0.01,1.0,9.399999999999999,4,494,0,6,0,0.2687913658109922,0.2189390666618977,success
642,2000,8,4,0.0,3.300000000000001,0.01,1.0,9.599999999999998,4,494,0,6,0,0.26879137981035156,0.2189390753052578,success
643,2000,8,4,0.0,3.300000000000001,0.01,1.0,9.799999999999997,4,494,0,6,0,0.2687936841794423,0.21894240933481757,success
650,2000,8,4,0.0,3.4000000000000012,0.01,1.0,1.9999999999999998,4,495,1,4,0,0.4875,0.3660031875999625,success
644,2000,8,4,0.0,3.300000000000001,0.01,1.0,9.999999999999998,4,494,0,6,0,0.2687937672095083,0.21894247409124556,success
651,2000,8,4,0.0,3.4000000000000012,0.01,1.0,2.1999999999999997,4,495,1,4,0,0.45212935599178156,0.3723061099694855,success
652,2000,8,4,0.0,3.4000000000000012,0.01,1.0,2.3999999999999995,4,495,1,4,0,0.44234710861647797,0.3766221021498389,success
653,2000,8,4,0.0,3.4000000000000012,0.01,1.0,2.5999999999999996,4,495,0,5,0,0.5538776868931823,0.41058312839728717,success
654,2000,8,4,0.0,3.4000000000000012,0.01,1.0,2.8,4,495,1,4,0,0.4272911252778689,0.38415711034808925,success
655,2000,8,4,0.0,3.4000000000000012,0.01,1.0,2.9999999999999996,4,495,1,4,0,0.3269350227160055,0.19933229815149497,success
656,2000,8,4,0.0,3.4000000000000012,0.01,1.0,3.1999999999999993,4,494,2,4,0,0.3269350227160055,0.19933229815149497,success
657,2000,8,4,0.0,3.4000000000000012,0.01,1.0,3.3999999999999995,4,493,3,4,0,0.3249377374226545,0.19989648479944874,success
658,2000,8,4,0.0,3.4000000000000012,0.01,1.0,3.5999999999999996,4,493,2,5,0,0.382488905377962,0.21784098923871956,success
659,2000,8,4,0.0,3.4000000000000012,0.01,1.0,3.7999999999999994,4,493,2,5,0,0.3578229065870616,0.19133282619919603,success
660,2000,8,4,0.0,3.4000000000000012,0.01,1.0,3.999999999999999,4,493,2,5,0,0.32206613733386835,0.14190616996032399,success
661,2000,8,4,0.0,3.4000000000000012,0.01,1.0,4.199999999999999,4,493,1,6,0,0.4334798623037192,0.3044313027574734,success
662,2000,8,4,0.0,3.4000000000000012,0.01,1.0,4.3999999999999995,4,493,1,6,0,0.4265908488943937,0.30318101616813853,success
663,2000,8,4,0.0,3.4000000000000012,0.01,1.0,4.6,4,493,1,6,0,0.41351622572350655,0.30291692328879705,success
664,2000,8,4,0.0,3.4000000000000012,0.01,1.0,4.799999999999999,4,493,1,6,0,0.4131273782924496,0.3029431937652799,success
665,2000,8,4,0.0,3.4000000000000012,0.01,1.0,4.999999999999999,4,493,1,6,0,0.4130618390728493,0.3030041538263211,success
667,2000,8,4,0.0,3.4000000000000012,0.01,1.0,5.399999999999999,4,493,1,6,0,0.41203505376654953,0.30299526685697303,success
666,2000,8,4,0.0,3.4000000000000012,0.01,1.0,5.199999999999999,4,493,1,6,0,0.41267839044836796,0.3029983908274542,success
668,2000,8,4,0.0,3.4000000000000012,0.01,1.0,5.599999999999999,4,493,1,6,0,0.41087282769753686,0.3031407789109111,success
669,2000,8,4,0.0,3.4000000000000012,0.01,1.0,5.799999999999999,4,493,1,6,0,0.4099679856089285,0.3032278194657429,success
670,2000,8,4,0.0,3.4000000000000012,0.01,1.0,5.999999999999999,4,493,1,6,0,0.4099679856089285,0.3032278194657429,success
691,2000,8,4,0.0,3.5000000000000013,0.01,1.0,1.0,4,496,4,0,0,,,success
671,2000,8,4,0.0,3.4000000000000012,0.01,1.0,6.199999999999999,4,492,1,7,0,0.3520859811075746,0.3163019876420226,success
672,2000,8,4,0.0,3.4000000000000012,0.01,1.0,6.399999999999999,4,492,1,7,0,0.31232840958412444,0.22606762354911558,success
673,2000,8,4,0.0,3.4000000000000012,0.01,1.0,6.599999999999999,4,492,1,7,0,0.31210763482046433,0.22598738602294924,success
692,2000,8,4,0.0,3.5000000000000013,0.01,1.0,1.2,4,489,4,7,0,0.8571428571428571,0.24397501823713333,success
674,2000,8,4,0.0,3.4000000000000012,0.01,1.0,6.799999999999999,4,491,1,8,0,0.2667212924762812,0.22083842073508123,success
693,2000,8,4,0.0,3.5000000000000013,0.01,1.0,1.4,4,486,4,10,0,0.8618011958328772,0.22482728414090863,success
675,2000,8,4,0.0,3.4000000000000012,0.01,1.0,6.999999999999998,4,491,1,8,0,0.26682481068441566,0.22091561504508456,success
676,2000,8,4,0.0,3.4000000000000012,0.01,1.0,7.199999999999998,4,491,1,8,0,0.2575903115839244,0.20260077261140996,success
677,2000,8,4,0.0,3.4000000000000012,0.01,1.0,7.399999999999999,4,490,1,9,0,0.2273547950917535,0.20143360948143876,success
694,2000,8,4,0.0,3.5000000000000013,0.01,1.0,1.5999999999999999,4,485,5,10,0,0.8618011958328772,0.22482728414090863,success
678,2000,8,4,0.0,3.4000000000000012,0.01,1.0,7.599999999999999,4,490,1,9,0,0.22736510641155658,0.20144267886188683,success
679,2000,8,4,0.0,3.4000000000000012,0.01,1.0,7.799999999999999,4,490,1,9,0,0.22615600439866076,0.1991966648230076,success
680,2000,8,4,0.0,3.4000000000000012,0.01,1.0,7.999999999999998,4,490,1,9,0,0.22617052110441005,0.19921063940673442,success
695,2000,8,4,0.0,3.5000000000000013,0.01,1.0,1.7999999999999998,4,488,3,9,0,0.7162671441214334,0.27561479422557467,success
681,2000,8,4,0.0,3.4000000000000012,0.01,1.0,8.2,4,490,1,9,0,0.2255547072669053,0.198062413804318,success
682,2000,8,4,0.0,3.4000000000000012,0.01,1.0,8.399999999999999,4,490,0,10,0,0.2731796054133083,0.24090451866878262,success
683,2000,8,4,0.0,3.4000000000000012,0.01,1.0,8.599999999999998,4,490,0,10,0,0.27324697770338185,0.24098697939990227,success
684,2000,8,4,0.0,3.4000000000000012,0.01,1.0,8.799999999999997,4,490,0,10,0,0.2732830111650674,0.24105955293988515,success
685,2000,8,4,0.0,3.4000000000000012,0.01,1.0,8.999999999999998,4,490,0,10,0,0.2733251361823819,0.2411454674177915,success
686,2000,8,4,0.0,3.4000000000000012,0.01,1.0,9.199999999999998,4,490,0,10,0,0.27199448983761165,0.23860691250006455,success
687,2000,8,4,0.0,3.4000000000000012,0.01,1.0,9.399999999999999,4,490,0,10,0,0.2716909739227482,0.23791828429972947,success
688,2000,8,4,0.0,3.4000000000000012,0.01,1.0,9.599999999999998,4,490,0,10,0,0.27169098234935507,0.23791828861979544,success
696,2000,8,4,0.0,3.5000000000000013,0.01,1.0,1.9999999999999998,4,493,3,4,0,0.4875,0.3660031875999625,success
689,2000,8,4,0.0,3.4000000000000012,0.01,1.0,9.799999999999997,4,490,0,10,0,0.271691677066753,0.23791843692208586,success
690,2000,8,4,0.0,3.4000000000000012,0.01,1.0,9.999999999999998,4,490,0,10,0,0.2717842692278517,0.238104006250766,success
697,2000,8,4,0.0,3.5000000000000013,0.01,1.0,2.1999999999999997,4,492,4,4,0,0.46417812581231394,0.3693578552054499,success
699,2000,8,4,0.0,3.5000000000000013,0.01,1.0,2.5999999999999996,4,492,3,5,0,0.5604187975013849,0.40642995136160226,success
698,2000,8,4,0.0,3.5000000000000013,0.01,1.0,2.3999999999999995,4,492,4,4,0,0.4505234968767312,0.37380996931039573,success
700,2000,8,4,0.0,3.5000000000000013,0.01,1.0,2.8,4,492,4,4,0,0.4272911252778689,0.38415711034808925,success
701,2000,8,4,0.0,3.5000000000000013,0.01,1.0,2.9999999999999996,4,492,4,4,0,0.3274557643683883,0.19896342365938374,success
702,2000,8,4,0.0,3.5000000000000013,0.01,1.0,3.1999999999999993,4,491,4,5,0,0.4619646114947106,0.34663090275097996,success
703,2000,8,4,0.0,3.5000000000000013,0.01,1.0,3.3999999999999995,4,490,4,6,0,0.550477750735791,0.38093709313251195,success
704,2000,8,4,0.0,3.5000000000000013,0.01,1.0,3.5999999999999996,4,490,3,7,0,0.5594445128926082,0.3493285629979546,success
705,2000,8,4,0.0,3.5000000000000013,0.01,1.0,3.7999999999999994,4,489,4,7,0,0.5417106449074425,0.34971679768678565,success
706,2000,8,4,0.0,3.5000000000000013,0.01,1.0,3.999999999999999,4,489,4,7,0,0.5161675358811546,0.35012086370599327,success
707,2000,8,4,0.0,3.5000000000000013,0.01,1.0,4.199999999999999,4,489,2,9,0,0.5746857605365463,0.34331318234359365,success
708,2000,8,4,0.0,3.5000000000000013,0.01,1.0,4.3999999999999995,4,489,2,9,0,0.5700936764151096,0.34476025383090825,success
709,2000,8,4,0.0,3.5000000000000013,0.01,1.0,4.6,4,489,2,9,0,0.5618847628780163,0.34850697052864055,success
710,2000,8,4,0.0,3.5000000000000013,0.01,1.0,4.799999999999999,4,488,3,9,0,0.561625530243871,0.3486454256300534,success
711,2000,8,4,0.0,3.5000000000000013,0.01,1.0,4.999999999999999,4,488,3,9,0,0.506014010225808,0.3075297908952197,success
716,2000,8,4,0.0,3.5000000000000013,0.01,1.0,5.999999999999999,4,488,3,9,0,0.441993249362334,0.24907447652467926,success
712,2000,8,4,0.0,3.5000000000000013,0.01,1.0,5.199999999999999,4,488,3,9,0,0.5001103060265255,0.30691546498746375,success
713,2000,8,4,0.0,3.5000000000000013,0.01,1.0,5.399999999999999,4,488,3,9,0,0.49669670660990256,0.3072726043939943,success
715,2000,8,4,0.0,3.5000000000000013,0.01,1.0,5.799999999999999,4,488,3,9,0,0.4889130804814223,0.30913874387832035,success
717,2000,8,4,0.0,3.5000000000000013,0.01,1.0,6.199999999999999,4,487,3,10,0,0.3946497767327939,0.2700991789970922,success
719,2000,8,4,0.0,3.5000000000000013,0.01,1.0,6.599999999999999,4,487,3,10,0,0.366025766925297,0.2080342134501727,success
714,2000,8,4,0.0,3.5000000000000013,0.01,1.0,5.599999999999999,4,488,3,9,0,0.4959205618130062,0.3076037074843128,success
718,2000,8,4,0.0,3.5000000000000013,0.01,1.0,6.399999999999999,4,487,3,10,0,0.36618062630236875,0.2080481011214435,success
720,2000,8,4,0.0,3.5000000000000013,0.01,1.0,6.799999999999999,4,486,2,12,0,0.38425868931596097,0.28300887390324436,success
721,2000,8,4,0.0,3.5000000000000013,0.01,1.0,6.999999999999998,4,486,2,12,0,0.34966529156209664,0.21928731329843054,success
737,2000,8,4,0.0,3.6000000000000014,0.01,1.0,1.0,4,495,5,0,0,,,success
722,2000,8,4,0.0,3.5000000000000013,0.01,1.0,7.199999999999998,4,486,2,12,0,0.34227863558727756,0.20914786018609444,success
738,2000,8,4,0.0,3.6000000000000014,0.01,1.0,1.2,4,488,5,7,0,0.8571428571428571,0.24397501823713333,success
723,2000,8,4,0.0,3.5000000000000013,0.01,1.0,7.399999999999999,4,485,2,13,0,0.3158198970058446,0.2191453960915676,success
739,2000,8,4,0.0,3.6000000000000014,0.01,1.0,1.4,4,482,6,12,0,0.9265009965273977,0.1734907966755355,success
740,2000,8,4,0.0,3.6000000000000014,0.01,1.0,1.5999999999999999,4,481,6,13,0,0.9321547660252901,0.1673509732393119,success
724,2000,8,4,0.0,3.5000000000000013,0.01,1.0,7.599999999999999,4,485,2,13,0,0.31582737342468997,0.21914811986412924,success
741,2000,8,4,0.0,3.6000000000000014,0.01,1.0,1.7999999999999998,4,484,4,12,0,0.787200358091075,0.2677928080971817,success
725,2000,8,4,0.0,3.5000000000000013,0.01,1.0,7.799999999999999,4,485,2,13,0,0.31307631081601056,0.21547210394898778,success
726,2000,8,4,0.0,3.5000000000000013,0.01,1.0,7.999999999999998,4,485,2,13,0,0.3084653724594816,0.20995967559918793,success
742,2000,8,4,0.0,3.6000000000000014,0.01,1.0,1.9999999999999998,4,490,5,5,0,0.6900000000000001,0.42485291572496003,success
727,2000,8,4,0.0,3.5000000000000013,0.01,1.0,8.2,4,485,2,13,0,0.3068911713098506,0.20810922138696236,success
728,2000,8,4,0.0,3.5000000000000013,0.01,1.0,8.399999999999999,4,485,1,14,0,0.33549378941773206,0.22738465112486525,success
729,2000,8,4,0.0,3.5000000000000013,0.01,1.0,8.599999999999998,4,485,1,14,0,0.3355605506674647,0.22745469402671453,success
730,2000,8,4,0.0,3.5000000000000013,0.01,1.0,8.799999999999997,4,485,1,14,0,0.3354559066863821,0.2273900741602924,success
731,2000,8,4,0.0,3.5000000000000013,0.01,1.0,8.999999999999998,4,485,1,14,0,0.3349243274982028,0.22702152979861076,success
732,2000,8,4,0.0,3.5000000000000013,0.01,1.0,9.199999999999998,4,485,1,14,0,0.33391026113309924,0.22532047569529845,success
733,2000,8,4,0.0,3.5000000000000013,0.01,1.0,9.399999999999999,4,485,1,14,0,0.3331689029633632,0.22432868986343998,success
734,2000,8,4,0.0,3.5000000000000013,0.01,1.0,9.599999999999998,4,485,1,14,0,0.33316890898447854,0.22432869125862123,success
735,2000,8,4,0.0,3.5000000000000013,0.01,1.0,9.799999999999997,4,485,1,14,0,0.3326788884099129,0.22390512453699152,success
736,2000,8,4,0.0,3.5000000000000013,0.01,1.0,9.999999999999998,4,485,1,14,0,0.33271462536068686,0.22402437480310286,success
743,2000,8,4,0.0,3.6000000000000014,0.01,1.0,2.1999999999999997,4,488,6,6,0,0.7404193889778652,0.4025511916165525,success
744,2000,8,4,0.0,3.6000000000000014,0.01,1.0,2.3999999999999995,4,487,6,7,0,0.7051561282009986,0.38000316018189606,success
745,2000,8,4,0.0,3.6000000000000014,0.01,1.0,2.5999999999999996,4,487,5,8,0,0.7420116121758737,0.36693337379549557,success
746,2000,8,4,0.0,3.6000000000000014,0.01,1.0,2.8,4,487,6,7,0,0.6306351074706741,0.3717725080004894,success
747,2000,8,4,0.0,3.6000000000000014,0.01,1.0,2.9999999999999996,4,486,8,6,0,0.566182058388004,0.36946158139885055,success
749,2000,8,4,0.0,3.6000000000000014,0.01,1.0,3.3999999999999995,4,484,8,8,0,0.6732189903356676,0.37258387874988913,success
748,2000,8,4,0.0,3.6000000000000014,0.01,1.0,3.1999999999999993,4,485,8,7,0,0.6300438085789162,0.3735724282759243,success
750,2000,8,4,0.0,3.6000000000000014,0.01,1.0,3.5999999999999996,4,484,7,9,0,0.6114748977794628,0.32865657954377925,success
751,2000,8,4,0.0,3.6000000000000014,0.01,1.0,3.7999999999999994,4,483,8,9,0,0.5469056581676743,0.29621562003544205,success
752,2000,8,4,0.0,3.6000000000000014,0.01,1.0,3.999999999999999,4,482,9,9,0,0.5419645968099001,0.29683126111000185,success
753,2000,8,4,0.0,3.6000000000000014,0.01,1.0,4.199999999999999,4,482,7,11,0,0.5934296918007778,0.3002709443656657,success
754,2000,8,4,0.0,3.6000000000000014,0.01,1.0,4.3999999999999995,4,482,7,11,0,0.5900338527532945,0.3016481452309152,success
755,2000,8,4,0.0,3.6000000000000014,0.01,1.0,4.6,4,482,7,11,0,0.5782154698628061,0.3075377131092189,success
756,2000,8,4,0.0,3.6000000000000014,0.01,1.0,4.799999999999999,4,480,9,11,0,0.5708406249293112,0.31056112620749016,success
757,2000,8,4,0.0,3.6000000000000014,0.01,1.0,4.999999999999999,4,480,7,13,0,0.5787338458876375,0.2894011815905613,success
762,2000,8,4,0.0,3.6000000000000014,0.01,1.0,5.999999999999999,4,480,7,13,0,0.5228480676615651,0.24702022270755758,success
758,2000,8,4,0.0,3.6000000000000014,0.01,1.0,5.199999999999999,4,480,7,13,0,0.5682472733172371,0.2887878097342025,success
759,2000,8,4,0.0,3.6000000000000014,0.01,1.0,5.399999999999999,4,480,7,13,0,0.5619585186028442,0.2879768727880759,success
763,2000,8,4,0.0,3.6000000000000014,0.01,1.0,6.199999999999999,4,479,7,14,0,0.48806854687846696,0.27820375649459256,success
760,2000,8,4,0.0,3.6000000000000014,0.01,1.0,5.599999999999999,4,480,7,13,0,0.5607261361259732,0.2883967549613525,success
761,2000,8,4,0.0,3.6000000000000014,0.01,1.0,5.799999999999999,4,480,6,14,0,0.5768601192121089,0.28976225422924584,success
783,2000,8,4,0.0,3.7000000000000015,0.01,1.0,1.0,4,493,7,0,0,,,success
784,2000,8,4,0.0,3.7000000000000015,0.01,1.0,1.2,4,486,7,7,0,0.9285714285714286,0.18898223650461363,success
785,2000,8,4,0.0,3.7000000000000015,0.01,1.0,1.4,4,477,8,15,0,0.9666666666666667,0.12909944487358055,success
786,2000,8,4,0.0,3.7000000000000015,0.01,1.0,1.5999999999999999,4,471,9,20,0,0.975,0.11180339887498948,success
764,2000,8,4,0.0,3.6000000000000014,0.01,1.0,6.399999999999999,4,479,7,14,0,0.4633227643796685,0.24102684907232969,success
787,2000,8,4,0.0,3.7000000000000015,0.01,1.0,1.7999999999999998,4,476,6,18,0,0.8629004515394909,0.23018507139219493,success
765,2000,8,4,0.0,3.6000000000000014,0.01,1.0,6.599999999999999,4,479,6,15,0,0.49945245127913224,0.27105263945222635,success
788,2000,8,4,0.0,3.7000000000000015,0.01,1.0,1.9999999999999998,4,486,5,9,0,0.8611111111111112,0.2825970826302195,success
766,2000,8,4,0.0,3.6000000000000014,0.01,1.0,6.799999999999999,4,478,5,17,0,0.48619599084931636,0.29703410970234456,success
767,2000,8,4,0.0,3.6000000000000014,0.01,1.0,6.999999999999998,4,478,4,18,0,0.4819508418735093,0.272353899019584,success
768,2000,8,4,0.0,3.6000000000000014,0.01,1.0,7.199999999999998,4,477,5,18,0,0.4145890966943815,0.24786839864788335,success
769,2000,8,4,0.0,3.6000000000000014,0.01,1.0,7.399999999999999,4,476,4,20,0,0.4119828856783525,0.26841931813092273,success
770,2000,8,4,0.0,3.6000000000000014,0.01,1.0,7.599999999999999,4,476,4,20,0,0.4117438020550165,0.2681669349094998,success
771,2000,8,4,0.0,3.6000000000000014,0.01,1.0,7.799999999999999,4,476,4,20,0,0.4076289911564994,0.26451779589410795,success
772,2000,8,4,0.0,3.6000000000000014,0.01,1.0,7.999999999999998,4,476,3,21,0,0.4076712343761561,0.24639965541857675,success
773,2000,8,4,0.0,3.6000000000000014,0.01,1.0,8.2,4,476,3,21,0,0.4065998139337856,0.24542775047454604,success
774,2000,8,4,0.0,3.6000000000000014,0.01,1.0,8.399999999999999,4,476,2,22,0,0.4187799066027708,0.2470041600845906,success
775,2000,8,4,0.0,3.6000000000000014,0.01,1.0,8.599999999999998,4,476,2,22,0,0.41753874886693654,0.24575821440002404,success
776,2000,8,4,0.0,3.6000000000000014,0.01,1.0,8.799999999999997,4,476,2,22,0,0.41753376005703197,0.245784491152167,success
777,2000,8,4,0.0,3.6000000000000014,0.01,1.0,8.999999999999998,4,476,2,22,0,0.4149327572786662,0.2437464927482629,success
778,2000,8,4,0.0,3.6000000000000014,0.01,1.0,9.199999999999998,4,476,2,22,0,0.41388154906774105,0.242814966212395,success
779,2000,8,4,0.0,3.6000000000000014,0.01,1.0,9.399999999999999,4,476,2,22,0,0.4131741662216028,0.2421417860350415,success
780,2000,8,4,0.0,3.6000000000000014,0.01,1.0,9.599999999999998,4,476,2,22,0,0.41231972253416643,0.24131135501044645,success
781,2000,8,4,0.0,3.6000000000000014,0.01,1.0,9.799999999999997,4,476,1,23,0,0.4373906520891053,0.26549146643731825,success
782,2000,8,4,0.0,3.6000000000000014,0.01,1.0,9.999999999999998,4,476,1,23,0,0.4367586814248966,0.26517983693219804,success
789,2000,8,4,0.0,3.7000000000000015,0.01,1.0,2.1999999999999997,4,485,6,9,0,0.8611111111111112,0.2825970826302195,success
790,2000,8,4,0.0,3.7000000000000015,0.01,1.0,2.3999999999999995,4,485,6,9,0,0.8055555555555556,0.3004626062886658,success
791,2000,8,4,0.0,3.7000000000000015,0.01,1.0,2.5999999999999996,4,484,5,11,0,0.8409090909090909,0.28001623329566255,success
792,2000,8,4,0.0,3.7000000000000015,0.01,1.0,2.8,4,484,6,10,0,0.706164839194665,0.32539903794528957,success
793,2000,8,4,0.0,3.7000000000000015,0.01,1.0,2.9999999999999996,4,484,9,7,0,0.5142097087854577,0.25324338611228797,success
794,2000,8,4,0.0,3.7000000000000015,0.01,1.0,3.1999999999999993,4,483,9,8,0,0.5683121754213206,0.29190571226845013,success
795,2000,8,4,0.0,3.7000000000000015,0.01,1.0,3.3999999999999995,4,482,9,9,0,0.6130457907203284,0.3107232212585369,success
797,2000,8,4,0.0,3.7000000000000015,0.01,1.0,3.7999999999999994,4,481,9,10,0,0.5400618961096789,0.2666406106422374,success
796,2000,8,4,0.0,3.7000000000000015,0.01,1.0,3.5999999999999996,4,482,8,10,0,0.5575538662930233,0.262889955911051,success
798,2000,8,4,0.0,3.7000000000000015,0.01,1.0,3.999999999999999,4,480,10,10,0,0.5398168710472746,0.2669685486176354,success
799,2000,8,4,0.0,3.7000000000000015,0.01,1.0,4.199999999999999,4,479,9,12,0,0.5871947953822845,0.2770020113732533,success
800,2000,8,4,0.0,3.7000000000000015,0.01,1.0,4.3999999999999995,4,479,9,12,0,0.5834550879454605,0.2788484875601327,success
801,2000,8,4,0.0,3.7000000000000015,0.01,1.0,4.6,4,479,9,12,0,0.5739812917769015,0.2835296353486009,success
802,2000,8,4,0.0,3.7000000000000015,0.01,1.0,4.799999999999999,4,477,11,12,0,0.5681781524384123,0.28715043066065055,success
803,2000,8,4,0.0,3.7000000000000015,0.01,1.0,4.999999999999999,4,476,9,15,0,0.6207367587060285,0.29815469245956505,success
804,2000,8,4,0.0,3.7000000000000015,0.01,1.0,5.199999999999999,4,476,9,15,0,0.6144906354488138,0.2984117006619265,success
829,2000,8,4,0.0,3.8000000000000016,0.01,1.0,1.0,4,493,7,0,0,,,success
830,2000,8,4,0.0,3.8000000000000016,0.01,1.0,1.2,4,484,7,9,0,0.9444444444444444,0.16666666666666669,success
831,2000,8,4,0.0,3.8000000000000016,0.01,1.0,1.4,4,473,11,16,0,0.9375,0.1707825127659933,success
832,2000,8,4,0.0,3.8000000000000016,0.01,1.0,1.5999999999999999,4,467,12,21,0,0.9523809523809523,0.1503963018795596,success
805,2000,8,4,0.0,3.7000000000000015,0.01,1.0,5.399999999999999,4,476,9,15,0,0.6122947626813422,0.2999148270485723,success
833,2000,8,4,0.0,3.8000000000000016,0.01,1.0,1.7999999999999998,4,471,10,19,0,0.858577611343295,0.2244918677763505,success
834,2000,8,4,0.0,3.8000000000000016,0.01,1.0,1.9999999999999998,4,482,9,9,0,0.8055555555555556,0.3004626062886658,success
808,2000,8,4,0.0,3.7000000000000015,0.01,1.0,5.999999999999999,4,476,9,15,0,0.5518746042066316,0.23840741714929228,success
806,2000,8,4,0.0,3.7000000000000015,0.01,1.0,5.599999999999999,4,476,9,15,0,0.6057085976136815,0.29295259634767945,success
809,2000,8,4,0.0,3.7000000000000015,0.01,1.0,6.199999999999999,4,475,9,16,0,0.516975541990628,0.26960709939278715,success
807,2000,8,4,0.0,3.7000000000000015,0.01,1.0,5.799999999999999,4,476,8,16,0,0.6104522338709945,0.2836472544886089,success
810,2000,8,4,0.0,3.7000000000000015,0.01,1.0,6.399999999999999,4,475,9,16,0,0.4954634323405226,0.23944192401682826,success
811,2000,8,4,0.0,3.7000000000000015,0.01,1.0,6.599999999999999,4,474,8,18,0,0.496522228797609,0.28281093711699934,success
812,2000,8,4,0.0,3.7000000000000015,0.01,1.0,6.799999999999999,4,473,7,20,0,0.4847158832804376,0.30224704126060886,success
813,2000,8,4,0.0,3.7000000000000015,0.01,1.0,6.999999999999998,4,472,6,22,0,0.46901619262726774,0.30704560882790743,success
814,2000,8,4,0.0,3.7000000000000015,0.01,1.0,7.199999999999998,4,471,7,22,0,0.41386148423307695,0.2883805806750618,success
815,2000,8,4,0.0,3.7000000000000015,0.01,1.0,7.399999999999999,4,470,6,24,0,0.4164882108801729,0.30531350753568487,success
816,2000,8,4,0.0,3.7000000000000015,0.01,1.0,7.599999999999999,4,470,6,24,0,0.4163251047023883,0.3051657299881515,success
817,2000,8,4,0.0,3.7000000000000015,0.01,1.0,7.799999999999999,4,470,5,25,0,0.4266011387179142,0.3028874598895732,success
818,2000,8,4,0.0,3.7000000000000015,0.01,1.0,7.999999999999998,4,470,4,26,0,0.4265046304363595,0.2890351652336616,success
819,2000,8,4,0.0,3.7000000000000015,0.01,1.0,8.2,4,470,4,26,0,0.4278901064739686,0.29129730831681533,success
820,2000,8,4,0.0,3.7000000000000015,0.01,1.0,8.399999999999999,4,470,3,27,0,0.4366364882197779,0.2895263961938314,success
835,2000,8,4,0.0,3.8000000000000016,0.01,1.0,2.1999999999999997,4,479,10,11,0,0.8359434701062647,0.2677631258566399,success
821,2000,8,4,0.0,3.7000000000000015,0.01,1.0,8.599999999999998,4,470,2,28,0,0.4534806415168119,0.29863990077262925,success
822,2000,8,4,0.0,3.7000000000000015,0.01,1.0,8.799999999999997,4,470,2,28,0,0.44743946884305974,0.2904579040973835,success
824,2000,8,4,0.0,3.7000000000000015,0.01,1.0,9.199999999999998,4,470,3,27,0,0.42394267429683613,0.27258698187510544,success
823,2000,8,4,0.0,3.7000000000000015,0.01,1.0,8.999999999999998,4,470,2,28,0,0.4456597917954543,0.2895434063302076,success
825,2000,8,4,0.0,3.7000000000000015,0.01,1.0,9.399999999999999,4,470,3,27,0,0.42357921735444204,0.2723167655018175,success
827,2000,8,4,0.0,3.7000000000000015,0.01,1.0,9.799999999999997,4,470,1,29,0,0.4575054435971268,0.29345886218272776,success
836,2000,8,4,0.0,3.8000000000000016,0.01,1.0,2.3999999999999995,4,480,8,12,0,0.843795193557288,0.26717212952980024,success
826,2000,8,4,0.0,3.7000000000000015,0.01,1.0,9.599999999999998,4,470,2,28,0,0.4393219971696029,0.28063540893755196,success
828,2000,8,4,0.0,3.7000000000000015,0.01,1.0,9.999999999999998,4,471,1,28,0,0.4417319975874183,0.28714163142926946,success
837,2000,8,4,0.0,3.8000000000000016,0.01,1.0,2.5999999999999996,4,480,7,13,0,0.8426681479154913,0.27045853023861166,success
838,2000,8,4,0.0,3.8000000000000016,0.01,1.0,2.8,4,480,8,12,0,0.7570742212246194,0.300256295246627,success
839,2000,8,4,0.0,3.8000000000000016,0.01,1.0,2.9999999999999996,4,479,11,10,0,0.7255010339047901,0.3078195661850803,success
840,2000,8,4,0.0,3.8000000000000016,0.01,1.0,3.1999999999999993,4,479,11,10,0,0.7184584156998899,0.3136467005282862,success
841,2000,8,4,0.0,3.8000000000000016,0.01,1.0,3.3999999999999995,4,478,11,11,0,0.7416369040425121,0.31211124734241014,success
842,2000,8,4,0.0,3.8000000000000016,0.01,1.0,3.5999999999999996,4,479,10,11,0,0.7361936579667557,0.317260040745189,success
843,2000,8,4,0.0,3.8000000000000016,0.01,1.0,3.7999999999999994,4,477,12,11,0,0.6500499779449543,0.29910388843747737,success
844,2000,8,4,0.0,3.8000000000000016,0.01,1.0,3.999999999999999,4,476,13,11,0,0.649827227888223,0.29945706344347905,success
845,2000,8,4,0.0,3.8000000000000016,0.01,1.0,4.199999999999999,4,474,14,12,0,0.6571838588197381,0.2822861708284704,success
846,2000,8,4,0.0,3.8000000000000016,0.01,1.0,4.3999999999999995,4,474,13,13,0,0.6456626481228523,0.2727326512250914,success
847,2000,8,4,0.0,3.8000000000000016,0.01,1.0,4.6,4,474,13,13,0,0.6362738690577979,0.27761811800783043,success
848,2000,8,4,0.0,3.8000000000000016,0.01,1.0,4.799999999999999,4,472,15,13,0,0.6302063586598524,0.28163984551487964,success
849,2000,8,4,0.0,3.8000000000000016,0.01,1.0,4.999999999999999,4,469,14,17,0,0.6784142571016544,0.2798423525733538,success
850,2000,8,4,0.0,3.8000000000000016,0.01,1.0,5.199999999999999,4,469,14,17,0,0.6717399303642603,0.28225693339353103,success
851,2000,8,4,0.0,3.8000000000000016,0.01,1.0,5.399999999999999,4,469,14,17,0,0.6667056953031882,0.28514216444657897,success
875,2000,8,4,0.0,3.9000000000000017,0.01,1.0,1.0,4,491,9,0,0,,,success
876,2000,8,4,0.0,3.9000000000000017,0.01,1.0,1.2,4,479,9,12,0,0.9583333333333334,0.14433756729740643,success
877,2000,8,4,0.0,3.9000000000000017,0.01,1.0,1.4,4,468,15,17,0,0.9705882352941176,0.1212678125181665,success
852,2000,8,4,0.0,3.8000000000000016,0.01,1.0,5.599999999999999,4,469,14,17,0,0.6603998327103975,0.28029663392402165,success
878,2000,8,4,0.0,3.9000000000000017,0.01,1.0,1.5999999999999999,4,459,15,26,0,0.9807692307692307,0.09805806756909201,success
879,2000,8,4,0.0,3.9000000000000017,0.01,1.0,1.7999999999999998,4,461,14,25,0,0.9006716161787724,0.18744330976464585,success
880,2000,8,4,0.0,3.9000000000000017,0.01,1.0,1.9999999999999998,4,480,11,9,0,0.8052764120718263,0.29504438011111916,success
855,2000,8,4,0.0,3.8000000000000016,0.01,1.0,6.199999999999999,4,468,14,18,0,0.5694960240360003,0.2697738239304,success
854,2000,8,4,0.0,3.8000000000000016,0.01,1.0,5.999999999999999,4,469,14,17,0,0.603406199281887,0.23492811704330563,success
856,2000,8,4,0.0,3.8000000000000016,0.01,1.0,6.399999999999999,4,467,14,19,0,0.5209812660028006,0.2720139786716383,success
857,2000,8,4,0.0,3.8000000000000016,0.01,1.0,6.599999999999999,4,466,13,21,0,0.5192109253801659,0.3026829424061631,success
853,2000,8,4,0.0,3.8000000000000016,0.01,1.0,5.799999999999999,4,469,13,18,0,0.6534521560160026,0.2670375770917696,success
858,2000,8,4,0.0,3.8000000000000016,0.01,1.0,6.799999999999999,4,465,12,23,0,0.5044256461033856,0.31634893511771023,success
859,2000,8,4,0.0,3.8000000000000016,0.01,1.0,6.999999999999998,4,464,11,25,0,0.4889642321558749,0.3201343354880905,success
860,2000,8,4,0.0,3.8000000000000016,0.01,1.0,7.199999999999998,4,463,11,26,0,0.4640884203983496,0.32284968020202315,success
881,2000,8,4,0.0,3.9000000000000017,0.01,1.0,2.1999999999999997,4,476,12,12,0,0.815865121934333,0.2916913852044856,success
861,2000,8,4,0.0,3.8000000000000016,0.01,1.0,7.399999999999999,4,462,12,26,0,0.4236380262894356,0.3138437124282395,success
862,2000,8,4,0.0,3.8000000000000016,0.01,1.0,7.599999999999999,4,462,11,27,0,0.4449065119029968,0.327114735495174,success
863,2000,8,4,0.0,3.8000000000000016,0.01,1.0,7.799999999999999,4,462,11,27,0,0.4311516582567854,0.31014492453239256,success
864,2000,8,4,0.0,3.8000000000000016,0.01,1.0,7.999999999999998,4,462,10,28,0,0.4423923523935717,0.3111734028855619,success
865,2000,8,4,0.0,3.8000000000000016,0.01,1.0,8.2,4,462,8,30,0,0.47973437330199376,0.33284210246289264,success
866,2000,8,4,0.0,3.8000000000000016,0.01,1.0,8.399999999999999,4,461,8,31,0,0.4633186535410227,0.33698932994663555,success
867,2000,8,4,0.0,3.8000000000000016,0.01,1.0,8.599999999999998,4,461,7,32,0,0.46974343551981823,0.33295034695725284,success
868,2000,8,4,0.0,3.8000000000000016,0.01,1.0,8.799999999999997,4,461,7,32,0,0.4644272078952006,0.3258951476031881,success
882,2000,8,4,0.0,3.9000000000000017,0.01,1.0,2.3999999999999995,4,474,12,14,0,0.8421701045151426,0.27652326141519756,success
869,2000,8,4,0.0,3.8000000000000016,0.01,1.0,8.999999999999998,4,461,7,32,0,0.4620652591957757,0.3243811180027054,success
870,2000,8,4,0.0,3.8000000000000016,0.01,1.0,9.199999999999998,4,461,8,31,0,0.4433625864803683,0.3133512470087761,success
871,2000,8,4,0.0,3.8000000000000016,0.01,1.0,9.399999999999999,4,460,7,33,0,0.43837733463287143,0.315729886820269,success
872,2000,8,4,0.0,3.8000000000000016,0.01,1.0,9.599999999999998,4,460,7,33,0,0.4339421158141382,0.3092518564096937,success
873,2000,8,4,0.0,3.8000000000000016,0.01,1.0,9.799999999999997,4,460,6,34,0,0.4434061529006858,0.30954356320777277,success
874,2000,8,4,0.0,3.8000000000000016,0.01,1.0,9.999999999999998,4,460,6,34,0,0.44554743145184145,0.3139863589599258,success
883,2000,8,4,0.0,3.9000000000000017,0.01,1.0,2.5999999999999996,4,475,11,14,0,0.8494291391119432,0.27402689353279736,success
884,2000,8,4,0.0,3.9000000000000017,0.01,1.0,2.8,4,474,13,13,0,0.7673936802382311,0.2967696464668453,success
885,2000,8,4,0.0,3.9000000000000017,0.01,1.0,2.9999999999999996,4,473,16,11,0,0.7150609088023886,0.2692971734263509,success
886,2000,8,4,0.0,3.9000000000000017,0.01,1.0,3.1999999999999993,4,472,16,12,0,0.738033375266645,0.28770271645670537,success
887,2000,8,4,0.0,3.9000000000000017,0.01,1.0,3.3999999999999995,4,471,14,15,0,0.8073315373186943,0.2732138201987071,success
888,2000,8,4,0.0,3.9000000000000017,0.01,1.0,3.5999999999999996,4,471,12,17,0,0.8238513933380496,0.2687595999782961,success
889,2000,8,4,0.0,3.9000000000000017,0.01,1.0,3.7999999999999994,4,469,16,15,0,0.7316997560736609,0.2872824699629589,success
890,2000,8,4,0.0,3.9000000000000017,0.01,1.0,3.999999999999999,4,469,16,15,0,0.7266701164254754,0.2885421302189366,success
891,2000,8,4,0.0,3.9000000000000017,0.01,1.0,4.199999999999999,4,464,20,16,0,0.7290193079804235,0.2752213690139262,success
892,2000,8,4,0.0,3.9000000000000017,0.01,1.0,4.3999999999999995,4,464,19,17,0,0.7235734801727745,0.26981166328138784,success
893,2000,8,4,0.0,3.9000000000000017,0.01,1.0,4.6,4,464,19,17,0,0.6881771341766629,0.2663831173777878,success
894,2000,8,4,0.0,3.9000000000000017,0.01,1.0,4.799999999999999,4,462,21,17,0,0.6833995116454807,0.27064320912083945,success
895,2000,8,4,0.0,3.9000000000000017,0.01,1.0,4.999999999999999,4,457,23,20,0,0.7025087413634032,0.2720035606892446,success
896,2000,8,4,0.0,3.9000000000000017,0.01,1.0,5.199999999999999,4,457,23,20,0,0.6929868750770284,0.27404857444861486,success
897,2000,8,4,0.0,3.9000000000000017,0.01,1.0,5.399999999999999,4,457,23,20,0,0.6863201803794345,0.2772528257665925,success
898,2000,8,4,0.0,3.9000000000000017,0.01,1.0,5.599999999999999,4,457,22,21,0,0.6977692891800981,0.28041691058714235,success
921,2000,8,4,0.0,4.000000000000002,0.01,1.0,1.0,5,496,4,0,0,,,success
922,2000,8,4,0.0,4.000000000000002,0.01,1.0,1.2,5,485,5,10,0,0.95,0.15811388300841897,success
899,2000,8,4,0.0,3.9000000000000017,0.01,1.0,5.799999999999999,4,457,21,22,0,0.6862589640943172,0.26714620718504734,success
923,2000,8,4,0.0,4.000000000000002,0.01,1.0,1.4,5,480,4,16,0,0.9210014947910966,0.17165420797944922,success
924,2000,8,4,0.0,4.000000000000002,0.01,1.0,1.5999999999999999,5,473,6,21,0,0.9216207559517293,0.16714292807210124,success
925,2000,8,4,0.0,4.000000000000002,0.01,1.0,1.7999999999999998,5,477,8,15,0,0.8745341305552514,0.21708944799764635,success
926,2000,8,4,0.0,4.000000000000002,0.01,1.0,1.9999999999999998,5,487,5,8,0,0.7267745211727581,0.38283693464966106,success
901,2000,8,4,0.0,3.9000000000000017,0.01,1.0,6.199999999999999,4,456,22,22,0,0.638778222839777,0.2946401268259457,success
903,2000,8,4,0.0,3.9000000000000017,0.01,1.0,6.599999999999999,4,454,21,25,0,0.5723659876111713,0.31610706508074005,success
904,2000,8,4,0.0,3.9000000000000017,0.01,1.0,6.799999999999999,4,453,19,28,0,0.5672257325131701,0.32794820184734486,success
902,2000,8,4,0.0,3.9000000000000017,0.01,1.0,6.399999999999999,4,455,22,23,0,0.5805784261332118,0.29346802543586525,success
900,2000,8,4,0.0,3.9000000000000017,0.01,1.0,5.999999999999999,4,457,22,21,0,0.6634418452938144,0.2575849418984153,success
905,2000,8,4,0.0,3.9000000000000017,0.01,1.0,6.999999999999998,4,452,20,28,0,0.5195928715324964,0.32161181747534345,success
906,2000,8,4,0.0,3.9000000000000017,0.01,1.0,7.199999999999998,4,451,20,29,0,0.49963153044599207,0.32859163177082,success
907,2000,8,4,0.0,3.9000000000000017,0.01,1.0,7.399999999999999,4,450,21,29,0,0.46027317704092563,0.32346499480737567,success
927,2000,8,4,0.0,4.000000000000002,0.01,1.0,2.1999999999999997,5,487,6,7,0,0.6922695680511912,0.3932656850718141,success
908,2000,8,4,0.0,3.9000000000000017,0.01,1.0,7.599999999999999,4,450,20,30,0,0.4722857281775352,0.3265566237837153,success
928,2000,8,4,0.0,4.000000000000002,0.01,1.0,2.3999999999999995,5,485,6,9,0,0.6651407972875059,0.3637230044612084,success
909,2000,8,4,0.0,3.9000000000000017,0.01,1.0,7.799999999999999,4,450,20,30,0,0.46108177523796984,0.31312415393163745,success
910,2000,8,4,0.0,3.9000000000000017,0.01,1.0,7.999999999999998,4,450,19,31,0,0.4701729745422038,0.3126469286593267,success
911,2000,8,4,0.0,3.9000000000000017,0.01,1.0,8.2,4,450,18,32,0,0.4872198763879564,0.3224930011504674,success
912,2000,8,4,0.0,3.9000000000000017,0.01,1.0,8.399999999999999,4,449,18,33,0,0.47119270869413765,0.3270095706052616,success
929,2000,8,4,0.0,4.000000000000002,0.01,1.0,2.5999999999999996,5,483,8,9,0,0.7228214638133531,0.36023082741723195,success
913,2000,8,4,0.0,3.9000000000000017,0.01,1.0,8.599999999999998,4,449,17,34,0,0.47932405295015246,0.3254359056331948,success
914,2000,8,4,0.0,3.9000000000000017,0.01,1.0,8.799999999999997,4,449,16,35,0,0.4860798136122257,0.322279242938891,success
915,2000,8,4,0.0,3.9000000000000017,0.01,1.0,8.999999999999998,4,449,15,36,0,0.4984003034998205,0.32793630077013675,success
916,2000,8,4,0.0,3.9000000000000017,0.01,1.0,9.199999999999998,4,449,17,34,0,0.4688068182011502,0.31278713042024386,success
930,2000,8,4,0.0,4.000000000000002,0.01,1.0,2.8,5,483,8,9,0,0.7392174317886414,0.37009094836556583,success
917,2000,8,4,0.0,3.9000000000000017,0.01,1.0,9.399999999999999,4,448,17,35,0,0.45369718513995766,0.31442505236047713,success
918,2000,8,4,0.0,3.9000000000000017,0.01,1.0,9.599999999999998,4,448,17,35,0,0.447466792671775,0.30661955291637616,success
919,2000,8,4,0.0,3.9000000000000017,0.01,1.0,9.799999999999997,4,447,15,38,0,0.455669864567834,0.315186220622126,success
920,2000,8,4,0.0,3.9000000000000017,0.01,1.0,9.999999999999998,4,446,14,40,0,0.45521116342474743,0.3225214289790391,success
931,2000,8,4,0.0,4.000000000000002,0.01,1.0,2.9999999999999996,5,485,8,7,0,0.6359242068585579,0.39137547563696745,success
932,2000,8,4,0.0,4.000000000000002,0.01,1.0,3.1999999999999993,5,483,8,9,0,0.6984297753697217,0.36160619177160025,success
933,2000,8,4,0.0,4.000000000000002,0.01,1.0,3.3999999999999995,5,483,7,10,0,0.7366638378440442,0.35990431190684985,success
934,2000,8,4,0.0,4.000000000000002,0.01,1.0,3.5999999999999996,5,484,8,8,0,0.6810293500738477,0.3849387798164688,success
935,2000,8,4,0.0,4.000000000000002,0.01,1.0,3.7999999999999994,5,484,7,9,0,0.6488545499140868,0.3618857933466586,success
936,2000,8,4,0.0,4.000000000000002,0.01,1.0,3.999999999999999,5,481,12,7,0,0.5365620393484881,0.3496706561435278,success
937,2000,8,4,0.0,4.000000000000002,0.01,1.0,4.199999999999999,5,480,11,9,0,0.5837718953704201,0.3181425977654548,success
938,2000,8,4,0.0,4.000000000000002,0.01,1.0,4.3999999999999995,5,481,12,7,0,0.46843050105261697,0.24725780634190211,success
939,2000,8,4,0.0,4.000000000000002,0.01,1.0,4.6,5,481,12,7,0,0.4710220185071879,0.24836341381963,success
940,2000,8,4,0.0,4.000000000000002,0.01,1.0,4.799999999999999,5,481,12,7,0,0.4531557842372879,0.24376836583460815,success
941,2000,8,4,0.0,4.000000000000002,0.01,1.0,4.999999999999999,5,481,12,7,0,0.43176080043543263,0.2190529284768985,success
942,2000,8,4,0.0,4.000000000000002,0.01,1.0,5.199999999999999,5,481,12,7,0,0.42902081639427037,0.21630065025650763,success
943,2000,8,4,0.0,4.000000000000002,0.01,1.0,5.399999999999999,5,480,13,7,0,0.4259484769825637,0.2159420833856498,success
944,2000,8,4,0.0,4.000000000000002,0.01,1.0,5.599999999999999,5,479,13,8,0,0.49632221519897834,0.2851309719006799,success
945,2000,8,4,0.0,4.000000000000002,0.01,1.0,5.799999999999999,5,479,12,9,0,0.5523634440734236,0.3151131134212545,success
967,2000,8,4,0.0,4.100000000000001,0.01,1.0,1.0,5,496,4,0,0,,,success
968,2000,8,4,0.0,4.100000000000001,0.01,1.0,1.2,5,482,6,12,0,0.9583333333333334,0.14433756729740643,success
969,2000,8,4,0.0,4.100000000000001,0.01,1.0,1.4,5,477,5,18,0,0.9297791064809746,0.16325227644582574,success
970,2000,8,4,0.0,4.100000000000001,0.01,1.0,1.5999999999999999,5,468,6,26,0,0.9366936874994737,0.1527801914747702,success
972,2000,8,4,0.0,4.100000000000001,0.01,1.0,1.9999999999999998,5,486,5,9,0,0.7626884632646738,0.36034969799444616,success
971,2000,8,4,0.0,4.100000000000001,0.01,1.0,1.7999999999999998,5,471,8,21,0,0.8976211681539861,0.19334056436124916,success
973,2000,8,4,0.0,4.100000000000001,0.01,1.0,2.1999999999999997,5,485,6,9,0,0.7654891963111538,0.3583805094025242,success
974,2000,8,4,0.0,4.100000000000001,0.01,1.0,2.3999999999999995,5,482,6,12,0,0.7445791100484782,0.33882604582749704,success
946,2000,8,4,0.0,4.000000000000002,0.01,1.0,5.999999999999999,5,477,14,9,0,0.5493697064808623,0.31483289257637237,success
975,2000,8,4,0.0,4.100000000000001,0.01,1.0,2.5999999999999996,5,482,8,10,0,0.7373197650176643,0.3390021628312539,success
947,2000,8,4,0.0,4.000000000000002,0.01,1.0,6.199999999999999,5,476,14,10,0,0.49349713080656493,0.34291515878013024,success
948,2000,8,4,0.0,4.000000000000002,0.01,1.0,6.399999999999999,5,476,12,12,0,0.5779139475910927,0.3675340072533198,success
951,2000,8,4,0.0,4.000000000000002,0.01,1.0,6.999999999999998,5,476,12,12,0,0.5292917565275032,0.32023151315344717,success
949,2000,8,4,0.0,4.000000000000002,0.01,1.0,6.599999999999999,5,476,13,11,0,0.528161175252023,0.34563193253317703,success
950,2000,8,4,0.0,4.000000000000002,0.01,1.0,6.799999999999999,5,476,12,12,0,0.5368831816565962,0.3275813804172243,success
976,2000,8,4,0.0,4.100000000000001,0.01,1.0,2.8,5,481,8,11,0,0.7746146692685673,0.3381940547541441,success
953,2000,8,4,0.0,4.000000000000002,0.01,1.0,7.399999999999999,5,476,13,11,0,0.46860862730910446,0.2727156355576076,success
952,2000,8,4,0.0,4.000000000000002,0.01,1.0,7.199999999999998,5,476,12,12,0,0.5209925640240846,0.3094544155515692,success
954,2000,8,4,0.0,4.000000000000002,0.01,1.0,7.599999999999999,5,476,12,12,0,0.4915877202066097,0.2719889866810992,success
955,2000,8,4,0.0,4.000000000000002,0.01,1.0,7.799999999999999,5,476,12,12,0,0.49029768026877546,0.272141959378587,success
956,2000,8,4,0.0,4.000000000000002,0.01,1.0,7.999999999999998,5,475,11,14,0,0.4897804482772868,0.3151350096874609,success
957,2000,8,4,0.0,4.000000000000002,0.01,1.0,8.2,5,475,11,14,0,0.48589717327129156,0.31143788793663063,success
958,2000,8,4,0.0,4.000000000000002,0.01,1.0,8.399999999999999,5,475,10,15,0,0.5241429508805105,0.3316187209659143,success
959,2000,8,4,0.0,4.000000000000002,0.01,1.0,8.599999999999998,5,475,9,16,0,0.5493014684509332,0.3394633674875167,success
977,2000,8,4,0.0,4.100000000000001,0.01,1.0,2.9999999999999996,5,483,8,9,0,0.6963373507382765,0.3551827356644764,success
960,2000,8,4,0.0,4.000000000000002,0.01,1.0,8.799999999999997,5,475,9,16,0,0.5443768307935412,0.3336597232720677,success
961,2000,8,4,0.0,4.000000000000002,0.01,1.0,8.999999999999998,5,475,9,16,0,0.5439978106419637,0.3335030193150537,success
962,2000,8,4,0.0,4.000000000000002,0.01,1.0,9.199999999999998,5,475,9,16,0,0.5437170907871665,0.33326003237632423,success
963,2000,8,4,0.0,4.000000000000002,0.01,1.0,9.399999999999999,5,475,9,16,0,0.5431083652868578,0.3327457067102696,success
978,2000,8,4,0.0,4.100000000000001,0.01,1.0,3.1999999999999993,5,479,8,13,0,0.7813164000655004,0.3215172472379444,success
964,2000,8,4,0.0,4.000000000000002,0.01,1.0,9.599999999999998,5,475,9,16,0,0.5408746331840354,0.3312258455375696,success
979,2000,8,4,0.0,4.100000000000001,0.01,1.0,3.3999999999999995,5,478,7,15,0,0.7991205380570334,0.3033280854157152,success
965,2000,8,4,0.0,4.000000000000002,0.01,1.0,9.799999999999997,5,475,11,14,0,0.47959715296725475,0.3082337556578412,success
980,2000,8,4,0.0,4.100000000000001,0.01,1.0,3.5999999999999996,5,478,8,14,0,0.7906673774426556,0.3126138352515236,success
966,2000,8,4,0.0,4.000000000000002,0.01,1.0,9.999999999999998,5,475,9,16,0,0.5304619695717516,0.31945879658764953,success
981,2000,8,4,0.0,4.100000000000001,0.01,1.0,3.7999999999999994,5,479,7,14,0,0.7394859206998011,0.3040980410847201,success
982,2000,8,4,0.0,4.100000000000001,0.01,1.0,3.999999999999999,5,476,12,12,0,0.7162205712421623,0.3306687249745025,success
983,2000,8,4,0.0,4.100000000000001,0.01,1.0,4.199999999999999,5,474,11,15,0,0.7582845409900769,0.30923667396598364,success
984,2000,8,4,0.0,4.100000000000001,0.01,1.0,4.3999999999999995,5,474,12,14,0,0.7166267278267765,0.30917966749857134,success
985,2000,8,4,0.0,4.100000000000001,0.01,1.0,4.6,5,475,12,13,0,0.6936677614444535,0.31012760757753777,success
986,2000,8,4,0.0,4.100000000000001,0.01,1.0,4.799999999999999,5,475,12,13,0,0.6798180894142475,0.30867557175719135,success
987,2000,8,4,0.0,4.100000000000001,0.01,1.0,4.999999999999999,5,475,12,13,0,0.6548485822514816,0.28616062583695495,success
988,2000,8,4,0.0,4.100000000000001,0.01,1.0,5.199999999999999,5,474,12,14,0,0.653491211133564,0.27637455034250347,success
989,2000,8,4,0.0,4.100000000000001,0.01,1.0,5.399999999999999,5,473,13,14,0,0.6482127788387514,0.27612206004126544,success
990,2000,8,4,0.0,4.100000000000001,0.01,1.0,5.599999999999999,5,471,13,16,0,0.6895504367625018,0.2821647546245661,success
991,2000,8,4,0.0,4.100000000000001,0.01,1.0,5.799999999999999,5,470,12,18,0,0.7214115447429922,0.28165929637968223,success
992,2000,8,4,0.0,4.100000000000001,0.01,1.0,5.999999999999999,5,467,14,19,0,0.7309218395103,0.27918523650680976,success
993,2000,8,4,0.0,4.100000000000001,0.01,1.0,6.199999999999999,5,465,14,21,0,0.7054123370910079,0.31373330948453126,success
994,2000,8,4,0.0,4.100000000000001,0.01,1.0,6.399999999999999,5,464,12,24,0,0.7405717090529667,0.30714803949669267,success
995,2000,8,4,0.0,4.100000000000001,0.01,1.0,6.599999999999999,5,464,13,23,0,0.7180426369198745,0.30163480448002367,success
996,2000,8,4,0.0,4.100000000000001,0.01,1.0,6.799999999999999,5,464,12,24,0,0.7219700591715538,0.2990823759240718,success
997,2000,8,4,0.0,4.100000000000001,0.01,1.0,6.999999999999998,5,463,12,25,0,0.7269889471738752,0.2958430875365089,success
998,2000,8,4,0.0,4.100000000000001,0.01,1.0,7.199999999999998,5,463,13,24,0,0.7136364421929584,0.2952429650351814,success
999,2000,8,4,0.0,4.100000000000001,0.01,1.0,7.399999999999999,5,460,14,26,0,0.7265078743557981,0.28876237159152063,success
1000,2000,8,4,0.0,4.100000000000001,0.01,1.0,7.599999999999999,5,461,12,27,0,0.7216180026096757,0.2791405823795929,success
1001,2000,8,4,0.0,4.100000000000001,0.01,1.0,7.799999999999999,5,456,12,32,0,0.7633108633298623,0.275497127796959,success
1002,2000,8,4,0.0,4.100000000000001,0.01,1.0,7.999999999999998,5,454,11,35,0,0.7518421880854518,0.29669398718575113,success
1003,2000,8,4,0.0,4.100000000000001,0.01,1.0,8.2,5,454,11,35,0,0.7467153370538101,0.2942527762000662,success
1004,2000,8,4,0.0,4.100000000000001,0.01,1.0,8.399999999999999,5,451,10,39,0,0.7730901704222966,0.2875516981275913,success
1005,2000,8,4,0.0,4.100000000000001,0.01,1.0,8.599999999999998,5,449,9,42,0,0.7840887757036681,0.2821800568496893,success
1006,2000,8,4,0.0,4.100000000000001,0.01,1.0,8.799999999999997,5,449,9,42,0,0.7807279743014812,0.27958481653671263,success
1007,2000,8,4,0.0,4.100000000000001,0.01,1.0,8.999999999999998,5,447,9,44,0,0.7889125337374552,0.27575351540518395,success
1008,2000,8,4,0.0,4.100000000000001,0.01,1.0,9.199999999999998,5,442,9,49,0,0.8089732009869582,0.26804479578631996,success
1013,2000,8,4,0.0,4.200000000000002,0.01,1.0,1.0,5,495,5,0,0,,,success
1009,2000,8,4,0.0,4.100000000000001,0.01,1.0,9.399999999999999,5,437,9,54,0,0.8226081456748935,0.25865154907926136,success
1014,2000,8,4,0.0,4.200000000000002,0.01,1.0,1.2,5,479,7,14,0,0.9642857142857143,0.13363062095621217,success
1010,2000,8,4,0.0,4.100000000000001,0.01,1.0,9.599999999999998,5,433,9,58,0,0.8317442251581393,0.25256713908472567,success
1015,2000,8,4,0.0,4.200000000000002,0.01,1.0,1.4,5,473,6,21,0,0.9398106626979783,0.15260272689857987,success
1011,2000,8,4,0.0,4.100000000000001,0.01,1.0,9.799999999999997,5,429,11,60,0,0.83692707329911,0.250291101041529,success
1012,2000,8,4,0.0,4.100000000000001,0.01,1.0,9.999999999999998,5,428,10,62,0,0.8379968140124544,0.24605451117141788,success
1016,2000,8,4,0.0,4.200000000000002,0.01,1.0,1.5999999999999999,5,463,6,31,0,0.9469043830640748,0.1414627290451983,success
1017,2000,8,4,0.0,4.200000000000002,0.01,1.0,1.7999999999999998,5,463,9,28,0,0.9095734460558028,0.1810137444662135,success
1018,2000,8,4,0.0,4.200000000000002,0.01,1.0,1.9999999999999998,5,477,6,17,0,0.7979068385542161,0.2967378897633561,success
1019,2000,8,4,0.0,4.200000000000002,0.01,1.0,2.1999999999999997,5,478,7,15,0,0.7683648722246251,0.3072894287276537,success
1020,2000,8,4,0.0,4.200000000000002,0.01,1.0,2.3999999999999995,5,472,8,20,0,0.7664827172709652,0.2916685525062401,success
1021,2000,8,4,0.0,4.200000000000002,0.01,1.0,2.5999999999999996,5,472,10,18,0,0.7648834819452337,0.28599774645972265,success
1022,2000,8,4,0.0,4.200000000000002,0.01,1.0,2.8,5,471,11,18,0,0.7453036881551001,0.29165927158582367,success
1023,2000,8,4,0.0,4.200000000000002,0.01,1.0,2.9999999999999996,5,476,11,13,0,0.6645181981558393,0.3230301675281447,success
1024,2000,8,4,0.0,4.200000000000002,0.01,1.0,3.1999999999999993,5,472,11,17,0,0.7332314342368481,0.31054998956208074,success
1025,2000,8,4,0.0,4.200000000000002,0.01,1.0,3.3999999999999995,5,470,8,22,0,0.7919838651869099,0.2954556201598271,success
1026,2000,8,4,0.0,4.200000000000002,0.01,1.0,3.5999999999999996,5,469,9,22,0,0.782005966166873,0.2898298423261489,success
1027,2000,8,4,0.0,4.200000000000002,0.01,1.0,3.7999999999999994,5,469,8,23,0,0.77200823716883,0.28691587186197814,success
1028,2000,8,4,0.0,4.200000000000002,0.01,1.0,3.999999999999999,5,463,14,23,0,0.7619668201877331,0.2841854829476823,success
1029,2000,8,4,0.0,4.200000000000002,0.01,1.0,4.199999999999999,5,462,13,25,0,0.7752919263507937,0.2795718101037496,success
1030,2000,8,4,0.0,4.200000000000002,0.01,1.0,4.3999999999999995,5,463,14,23,0,0.7417359299825741,0.2811549589470709,success
1031,2000,8,4,0.0,4.200000000000002,0.01,1.0,4.6,5,463,14,23,0,0.7410308656433606,0.28021619434810785,success
1032,2000,8,4,0.0,4.200000000000002,0.01,1.0,4.799999999999999,5,458,15,27,0,0.7586057308293346,0.2725322861343801,success
1033,2000,8,4,0.0,4.200000000000002,0.01,1.0,4.999999999999999,5,456,16,28,0,0.7464590938271594,0.26201641034309203,success
1034,2000,8,4,0.0,4.200000000000002,0.01,1.0,5.199999999999999,5,455,16,29,0,0.7441463885011281,0.259310272927748,success
1035,2000,8,4,0.0,4.200000000000002,0.01,1.0,5.399999999999999,5,453,17,30,0,0.748280030710372,0.25980294007396515,success
1036,2000,8,4,0.0,4.200000000000002,0.01,1.0,5.599999999999999,5,448,17,35,0,0.7796204167186451,0.25356508752845824,success
1037,2000,8,4,0.0,4.200000000000002,0.01,1.0,5.799999999999999,5,446,16,38,0,0.7986733504278711,0.24993956666144823,success
1038,2000,8,4,0.0,4.200000000000002,0.01,1.0,5.999999999999999,5,438,19,43,0,0.8178545519516759,0.24297111628448648,success
1039,2000,8,4,0.0,4.200000000000002,0.01,1.0,6.199999999999999,5,435,19,46,0,0.8012434046896834,0.2636592788671184,success
1041,2000,8,4,0.0,4.200000000000002,0.01,1.0,6.599999999999999,5,434,18,48,0,0.7970372869564044,0.25464872772697167,success
1040,2000,8,4,0.0,4.200000000000002,0.01,1.0,6.399999999999999,5,434,17,49,0,0.809055843582261,0.2577013352950836,success
1043,2000,8,4,0.0,4.200000000000002,0.01,1.0,6.999999999999998,5,433,17,50,0,0.798768525758222,0.25286032548168846,success
1042,2000,8,4,0.0,4.200000000000002,0.01,1.0,6.799999999999999,5,433,17,50,0,0.8044412788723334,0.253645820808108,success
1044,2000,8,4,0.0,4.200000000000002,0.01,1.0,7.199999999999998,5,435,18,47,0,0.7846677066389737,0.25453944092827735,success
1045,2000,8,4,0.0,4.200000000000002,0.01,1.0,7.399999999999999,5,432,19,49,0,0.7854692663611562,0.24841677662667538,success
1046,2000,8,4,0.0,4.200000000000002,0.01,1.0,7.599999999999999,5,433,18,49,0,0.7782250009343551,0.24506218100162402,success
1047,2000,8,4,0.0,4.200000000000002,0.01,1.0,7.799999999999999,5,428,18,54,0,0.8005907973752372,0.2443769852561559,success
1048,2000,8,4,0.0,4.200000000000002,0.01,1.0,7.999999999999998,5,426,17,57,0,0.7902047172706232,0.2613743855750764,success
1049,2000,8,4,0.0,4.200000000000002,0.01,1.0,8.2,5,423,17,60,0,0.7975826013438666,0.25743179728561166,success
1050,2000,8,4,0.0,4.200000000000002,0.01,1.0,8.399999999999999,5,418,16,66,0,0.8111682695799575,0.2485582542532614,success
1051,2000,8,4,0.0,4.200000000000002,0.01,1.0,8.599999999999998,5,414,15,71,0,0.8211136132566412,0.2436041775734981,success
1052,2000,8,4,0.0,4.200000000000002,0.01,1.0,8.799999999999997,5,411,15,74,0,0.8241703849280418,0.23812109971343892,success
1053,2000,8,4,0.0,4.200000000000002,0.01,1.0,8.999999999999998,5,404,15,81,0,0.8345923950369412,0.23055885760307365,success
1054,2000,8,4,0.0,4.200000000000002,0.01,1.0,9.199999999999998,5,392,15,93,0,0.8527081933976787,0.22040003643897857,success
1059,2000,8,4,0.0,4.3000000000000025,0.01,1.0,1.0,5,491,9,0,0,,,success
1060,2000,8,4,0.0,4.3000000000000025,0.01,1.0,1.2,5,474,11,15,0,0.9666666666666667,0.12909944487358058,success
1055,2000,8,4,0.0,4.200000000000002,0.01,1.0,9.399999999999999,5,388,15,97,0,0.8558737203724471,0.21636894348086716,success
1061,2000,8,4,0.0,4.3000000000000025,0.01,1.0,1.4,5,466,9,25,0,0.9494409566663018,0.14111524639887563,success
1056,2000,8,4,0.0,4.200000000000002,0.01,1.0,9.599999999999998,5,383,15,102,0,0.860386063817234,0.2124960058809875,success
1057,2000,8,4,0.0,4.200000000000002,0.01,1.0,9.799999999999997,5,377,17,106,0,0.864328661823393,0.20957354790726082,success
1058,2000,8,4,0.0,4.200000000000002,0.01,1.0,9.999999999999998,5,372,16,112,0,0.8688550606320788,0.2050645411649475,success
1062,2000,8,4,0.0,4.3000000000000025,0.01,1.0,1.5999999999999999,5,456,8,36,0,0.9403898854162865,0.15211118344861654,success
1063,2000,8,4,0.0,4.3000000000000025,0.01,1.0,1.7999999999999998,5,455,11,34,0,0.8995902484673897,0.18803280782617393,success
1064,2000,8,4,0.0,4.3000000000000025,0.01,1.0,1.9999999999999998,5,471,8,21,0,0.797821712429806,0.25267006041521883,success
1065,2000,8,4,0.0,4.3000000000000025,0.01,1.0,2.1999999999999997,5,470,9,21,0,0.7896153028636396,0.24643871907636788,success
1066,2000,8,4,0.0,4.3000000000000025,0.01,1.0,2.3999999999999995,5,463,10,27,0,0.7888082121407927,0.24311235581581245,success
1067,2000,8,4,0.0,4.3000000000000025,0.01,1.0,2.5999999999999996,5,460,13,27,0,0.812880390909508,0.23891551038700032,success
1068,2000,8,4,0.0,4.3000000000000025,0.01,1.0,2.8,5,462,13,25,0,0.7576609836856046,0.25763959092341726,success
1069,2000,8,4,0.0,4.3000000000000025,0.01,1.0,2.9999999999999996,5,465,13,22,0,0.7251433939133737,0.282268306162953,success
1070,2000,8,4,0.0,4.3000000000000025,0.01,1.0,3.1999999999999993,5,461,13,26,0,0.7492296003360498,0.2688528680976247,success
1071,2000,8,4,0.0,4.3000000000000025,0.01,1.0,3.3999999999999995,5,458,10,32,0,0.7938394569306084,0.2632365988395308,success
1072,2000,8,4,0.0,4.3000000000000025,0.01,1.0,3.5999999999999996,5,458,11,31,0,0.7959428253578138,0.2583675752885052,success
1073,2000,8,4,0.0,4.3000000000000025,0.01,1.0,3.7999999999999994,5,457,11,32,0,0.7990660863004977,0.25535723647463393,success
1074,2000,8,4,0.0,4.3000000000000025,0.01,1.0,3.999999999999999,5,451,16,33,0,0.7867458353723359,0.25374451217029226,success
1075,2000,8,4,0.0,4.3000000000000025,0.01,1.0,4.199999999999999,5,450,15,35,0,0.788897678491012,0.252218636851745,success
1076,2000,8,4,0.0,4.3000000000000025,0.01,1.0,4.3999999999999995,5,452,16,32,0,0.7626944275543104,0.2537811646668752,success
1077,2000,8,4,0.0,4.3000000000000025,0.01,1.0,4.6,5,450,16,34,0,0.7756295320844162,0.2524114193752567,success
1078,2000,8,4,0.0,4.3000000000000025,0.01,1.0,4.799999999999999,5,442,17,41,0,0.7970566002871435,0.24498002991672196,success
1079,2000,8,4,0.0,4.3000000000000025,0.01,1.0,4.999999999999999,5,437,20,43,0,0.7725092117038233,0.2332925689315432,success
1080,2000,8,4,0.0,4.3000000000000025,0.01,1.0,5.199999999999999,5,433,20,47,0,0.7808672640002507,0.22457127306748062,success
1081,2000,8,4,0.0,4.3000000000000025,0.01,1.0,5.399999999999999,5,431,21,48,0,0.7803256047385275,0.223238186414886,success
1082,2000,8,4,0.0,4.3000000000000025,0.01,1.0,5.599999999999999,5,425,21,54,0,0.8035479972391294,0.22197702153289534,success
1083,2000,8,4,0.0,4.3000000000000025,0.01,1.0,5.799999999999999,5,423,20,57,0,0.8082908475278889,0.21711332611597786,success
1084,2000,8,4,0.0,4.3000000000000025,0.01,1.0,5.999999999999999,5,416,22,62,0,0.813404287047273,0.2115902261759027,success
1085,2000,8,4,0.0,4.3000000000000025,0.01,1.0,6.199999999999999,5,412,22,66,0,0.7902434522263082,0.24973089327454967,success
1086,2000,8,4,0.0,4.3000000000000025,0.01,1.0,6.399999999999999,5,411,20,69,0,0.7925581988267879,0.24450611602587005,success
1087,2000,8,4,0.0,4.3000000000000025,0.01,1.0,6.599999999999999,5,406,21,73,0,0.7968123617822152,0.23832081607011016,success
1088,2000,8,4,0.0,4.3000000000000025,0.01,1.0,6.799999999999999,5,404,21,75,0,0.7999508858450903,0.23728675936447954,success
1089,2000,8,4,0.0,4.3000000000000025,0.01,1.0,6.999999999999998,5,402,21,77,0,0.7993352955400257,0.2346005028246742,success
1090,2000,8,4,0.0,4.3000000000000025,0.01,1.0,7.199999999999998,5,399,21,80,0,0.7920425632643164,0.2470279644806447,success
1091,2000,8,4,0.0,4.3000000000000025,0.01,1.0,7.399999999999999,5,397,22,81,0,0.7881852836452529,0.24273119549080777,success
1092,2000,8,4,0.0,4.3000000000000025,0.01,1.0,7.599999999999999,5,397,21,82,0,0.7897266227322752,0.2408435646698381,success
1093,2000,8,4,0.0,4.3000000000000025,0.01,1.0,7.799999999999999,5,388,21,91,0,0.8062255204030142,0.23545302912743513,success
1094,2000,8,4,0.0,4.3000000000000025,0.01,1.0,7.999999999999998,5,386,20,94,0,0.798036534441623,0.24602114111147252,success
1095,2000,8,4,0.0,4.3000000000000025,0.01,1.0,8.2,5,385,20,95,0,0.8010577891482671,0.24626510002315682,success
1096,2000,8,4,0.0,4.3000000000000025,0.01,1.0,8.399999999999999,5,379,20,101,0,0.8091743067781566,0.24094673721647336,success
1097,2000,8,4,0.0,4.3000000000000025,0.01,1.0,8.599999999999998,5,374,19,107,0,0.817499368176675,0.23741420936755223,success
1098,2000,8,4,0.0,4.3000000000000025,0.01,1.0,8.799999999999997,5,371,18,111,0,0.8202096430311696,0.23345397538956547,success
1099,2000,8,4,0.0,4.3000000000000025,0.01,1.0,8.999999999999998,5,359,18,123,0,0.8349677211745642,0.22656346592056723,success
1100,2000,8,4,0.0,4.3000000000000025,0.01,1.0,9.199999999999998,5,345,18,137,0,0.8483080730113396,0.21853876155895527,success
1101,2000,8,4,0.0,4.3000000000000025,0.01,1.0,9.399999999999999,5,343,18,139,0,0.8466798940700225,0.21596537820502265,success
1102,2000,8,4,0.0,4.3000000000000025,0.01,1.0,9.599999999999998,5,335,18,147,0,0.8516285702099313,0.211434137137227,success
1106,2000,8,4,0.0,4.400000000000002,0.01,1.0,1.2,5,470,14,16,0,0.96875,0.125,success
1105,2000,8,4,0.0,4.400000000000002,0.01,1.0,1.0,5,489,11,0,0,,,success
1107,2000,8,4,0.0,4.400000000000002,0.01,1.0,1.4,5,459,12,29,0,0.9695866192527163,0.11481205540452391,success
1108,2000,8,4,0.0,4.400000000000002,0.01,1.0,1.5999999999999999,5,449,10,41,0,0.9569761930892083,0.13378497314297466,success
1109,2000,8,4,0.0,4.400000000000002,0.01,1.0,1.7999999999999998,5,445,13,42,0,0.930620677330744,0.1605922374983306,success
1103,2000,8,4,0.0,4.3000000000000025,0.01,1.0,9.799999999999997,5,324,20,156,0,0.8582004724561855,0.2070998542362598,success
1104,2000,8,4,0.0,4.3000000000000025,0.01,1.0,9.999999999999998,5,318,19,163,0,0.8607346632380977,0.20308559262626866,success
1110,2000,8,4,0.0,4.400000000000002,0.01,1.0,1.9999999999999998,5,466,10,24,0,0.8335106650427471,0.22433395914181375,success
1111,2000,8,4,0.0,4.400000000000002,0.01,1.0,2.1999999999999997,5,462,11,27,0,0.8413610119819818,0.21171562662258803,success
1112,2000,8,4,0.0,4.400000000000002,0.01,1.0,2.3999999999999995,5,453,12,35,0,0.8413318733391214,0.21278408825529982,success
1113,2000,8,4,0.0,4.400000000000002,0.01,1.0,2.5999999999999996,5,449,16,35,0,0.8599018398178444,0.2045168757711848,success
1114,2000,8,4,0.0,4.400000000000002,0.01,1.0,2.8,5,452,16,32,0,0.7923299728694916,0.23222122199850162,success
1115,2000,8,4,0.0,4.400000000000002,0.01,1.0,2.9999999999999996,5,452,18,30,0,0.7836880347668321,0.25282553460779544,success
1116,2000,8,4,0.0,4.400000000000002,0.01,1.0,3.1999999999999993,5,449,20,31,0,0.7586866344619265,0.2389097522474058,success
1117,2000,8,4,0.0,4.400000000000002,0.01,1.0,3.3999999999999995,5,444,18,38,0,0.7958858773653633,0.23639307028307766,success
1118,2000,8,4,0.0,4.400000000000002,0.01,1.0,3.5999999999999996,5,445,19,36,0,0.797025849054895,0.2332839860802764,success
1119,2000,8,4,0.0,4.400000000000002,0.01,1.0,3.7999999999999994,5,441,18,41,0,0.8117281397489354,0.22528077422239678,success
1120,2000,8,4,0.0,4.400000000000002,0.01,1.0,3.999999999999999,5,433,23,44,0,0.8104454332223638,0.22980482665907717,success
1121,2000,8,4,0.0,4.400000000000002,0.01,1.0,4.199999999999999,5,431,23,46,0,0.7974591890978134,0.22249130615794946,success
1122,2000,8,4,0.0,4.400000000000002,0.01,1.0,4.3999999999999995,5,431,25,44,0,0.7812007483859585,0.22238064746028585,success
1123,2000,8,4,0.0,4.400000000000002,0.01,1.0,4.6,5,428,26,46,0,0.788473832891647,0.21926487011870305,success
1124,2000,8,4,0.0,4.400000000000002,0.01,1.0,4.799999999999999,5,418,27,55,0,0.8127463543817071,0.2165814000005434,success
1125,2000,8,4,0.0,4.400000000000002,0.01,1.0,4.999999999999999,5,411,30,59,0,0.7967179743199282,0.20686750421004604,success
1126,2000,8,4,0.0,4.400000000000002,0.01,1.0,5.199999999999999,5,407,29,64,0,0.8018161909429413,0.1994769300359694,success
1127,2000,8,4,0.0,4.400000000000002,0.01,1.0,5.399999999999999,5,403,31,66,0,0.8045652186308219,0.20090819993407485,success
1128,2000,8,4,0.0,4.400000000000002,0.01,1.0,5.599999999999999,5,398,32,70,0,0.8178694283846736,0.20132020783187035,success
1129,2000,8,4,0.0,4.400000000000002,0.01,1.0,5.799999999999999,5,397,31,72,0,0.8134623924464517,0.19594121123251235,success
1130,2000,8,4,0.0,4.400000000000002,0.01,1.0,5.999999999999999,5,390,33,77,0,0.8150248636033545,0.19191160610661606,success
1131,2000,8,4,0.0,4.400000000000002,0.01,1.0,6.199999999999999,5,384,33,83,0,0.7984173684614518,0.22522642497885093,success
1132,2000,8,4,0.0,4.400000000000002,0.01,1.0,6.399999999999999,5,384,31,85,0,0.798152223904786,0.22157920676566056,success
1133,2000,8,4,0.0,4.400000000000002,0.01,1.0,6.599999999999999,5,381,32,87,0,0.7964677895227815,0.2175498589772811,success
1134,2000,8,4,0.0,4.400000000000002,0.01,1.0,6.799999999999999,5,376,32,92,0,0.8059645672293408,0.21567463676340665,success
1135,2000,8,4,0.0,4.400000000000002,0.01,1.0,6.999999999999998,5,373,31,96,0,0.8041234242723047,0.21072615308600845,success
1136,2000,8,4,0.0,4.400000000000002,0.01,1.0,7.199999999999998,5,369,31,100,0,0.8007960632105393,0.22239601753941388,success
1137,2000,8,4,0.0,4.400000000000002,0.01,1.0,7.399999999999999,5,364,32,104,0,0.8018034744813389,0.21789225172024645,success
1138,2000,8,4,0.0,4.400000000000002,0.01,1.0,7.599999999999999,5,359,31,110,0,0.8023136242434554,0.22683351738873267,success
1139,2000,8,4,0.0,4.400000000000002,0.01,1.0,7.799999999999999,5,355,31,114,0,0.8022739198545272,0.22278860271524198,success
1140,2000,8,4,0.0,4.400000000000002,0.01,1.0,7.999999999999998,5,346,30,124,0,0.8054657445180825,0.2307469869581437,success
1141,2000,8,4,0.0,4.400000000000002,0.01,1.0,8.2,5,343,30,127,0,0.8092168728952989,0.22923710685237014,success
1142,2000,8,4,0.0,4.400000000000002,0.01,1.0,8.399999999999999,5,337,30,133,0,0.8161317563958878,0.22593181427009276,success
1143,2000,8,4,0.0,4.400000000000002,0.01,1.0,8.599999999999998,5,329,29,142,0,0.8248009776691152,0.22182004222648963,success
1144,2000,8,4,0.0,4.400000000000002,0.01,1.0,8.799999999999997,5,323,28,149,0,0.8307974898578602,0.21851712473904064,success
1145,2000,8,4,0.0,4.400000000000002,0.01,1.0,8.999999999999998,5,314,28,158,0,0.8360855770294177,0.21379737334736984,success
1146,2000,8,4,0.0,4.400000000000002,0.01,1.0,9.199999999999998,5,301,28,171,0,0.8443834093198107,0.20813648583269684,success
1147,2000,8,4,0.0,4.400000000000002,0.01,1.0,9.399999999999999,5,300,28,172,0,0.8374873004416782,0.2157100856854206,success
1148,2000,8,4,0.0,4.400000000000002,0.01,1.0,9.599999999999998,5,291,28,181,0,0.843151327865035,0.21242250871455273,success
1151,2000,8,4,0.0,4.500000000000002,0.01,1.0,1.0,5,487,13,0,0,,,success
1152,2000,8,4,0.0,4.500000000000002,0.01,1.0,1.2,5,465,16,19,0,0.9272637872804617,0.17406804030559792,success
1149,2000,8,4,0.0,4.400000000000002,0.01,1.0,9.799999999999997,5,278,29,193,0,0.8496830919143762,0.2076055575749433,success
1154,2000,8,4,0.0,4.500000000000002,0.01,1.0,1.5999999999999999,5,441,16,43,0,0.926838043604333,0.16956384538566346,success
1153,2000,8,4,0.0,4.500000000000002,0.01,1.0,1.4,5,452,15,33,0,0.9313946641411377,0.16644339206483025,success
1155,2000,8,4,0.0,4.500000000000002,0.01,1.0,1.7999999999999998,5,436,18,46,0,0.8830060125130889,0.2037974398976618,success
1150,2000,8,4,0.0,4.400000000000002,0.01,1.0,9.999999999999998,5,273,26,201,0,0.8520353485595273,0.20391119070309097,success
1156,2000,8,4,0.0,4.500000000000002,0.01,1.0,1.9999999999999998,5,456,16,28,0,0.789938449128646,0.23672989621276525,success
1157,2000,8,4,0.0,4.500000000000002,0.01,1.0,2.1999999999999997,5,450,16,34,0,0.8185431166580853,0.22538382867623277,success
1158,2000,8,4,0.0,4.500000000000002,0.01,1.0,2.3999999999999995,5,439,19,42,0,0.83621671960844,0.21666662699315933,success
1159,2000,8,4,0.0,4.500000000000002,0.01,1.0,2.5999999999999996,5,437,25,38,0,0.8256124498507493,0.227950769753608,success
1160,2000,8,4,0.0,4.500000000000002,0.01,1.0,2.8,5,437,26,37,0,0.7669151466474776,0.23800073976317618,success
1161,2000,8,4,0.0,4.500000000000002,0.01,1.0,2.9999999999999996,5,436,27,37,0,0.775406588663873,0.2549629490431386,success
1162,2000,8,4,0.0,4.500000000000002,0.01,1.0,3.1999999999999993,5,432,28,40,0,0.7641785138384156,0.2428689115748988,success
1163,2000,8,4,0.0,4.500000000000002,0.01,1.0,3.3999999999999995,5,426,25,49,0,0.800386370041755,0.23952891493528017,success
1164,2000,8,4,0.0,4.500000000000002,0.01,1.0,3.5999999999999996,5,425,25,50,0,0.8103518488434882,0.23535843223205305,success
1165,2000,8,4,0.0,4.500000000000002,0.01,1.0,3.7999999999999994,5,418,27,55,0,0.8015361801635985,0.2227524534683857,success
1166,2000,8,4,0.0,4.500000000000002,0.01,1.0,3.999999999999999,5,410,32,58,0,0.7946654719867128,0.22132608727206357,success
1167,2000,8,4,0.0,4.500000000000002,0.01,1.0,4.199999999999999,5,406,31,63,0,0.7992242945133325,0.21637516997700865,success
1168,2000,8,4,0.0,4.500000000000002,0.01,1.0,4.3999999999999995,5,401,33,66,0,0.8120339962640072,0.21634257158314826,success
1169,2000,8,4,0.0,4.500000000000002,0.01,1.0,4.6,5,396,33,71,0,0.8167368666885364,0.20944825503500494,success
1170,2000,8,4,0.0,4.500000000000002,0.01,1.0,4.799999999999999,5,386,34,80,0,0.8297971948245589,0.20572520622193385,success
1171,2000,8,4,0.0,4.500000000000002,0.01,1.0,4.999999999999999,5,379,38,83,0,0.8137690559481178,0.19945475119351722,success
1172,2000,8,4,0.0,4.500000000000002,0.01,1.0,5.199999999999999,5,374,38,88,0,0.8154833410356107,0.193649810048397,success
1173,2000,8,4,0.0,4.500000000000002,0.01,1.0,5.399999999999999,5,370,41,89,0,0.8154610697981677,0.193950471921454,success
1174,2000,8,4,0.0,4.500000000000002,0.01,1.0,5.599999999999999,5,364,43,93,0,0.8254349516445286,0.19383315709318621,success
1175,2000,8,4,0.0,4.500000000000002,0.01,1.0,5.799999999999999,5,362,43,95,0,0.8220460552193536,0.19127956993669867,success
1176,2000,8,4,0.0,4.500000000000002,0.01,1.0,5.999999999999999,5,356,45,99,0,0.821127946890801,0.18814035607897198,success
1177,2000,8,4,0.0,4.500000000000002,0.01,1.0,6.199999999999999,5,348,45,107,0,0.8096939987253081,0.2152186330892725,success
1178,2000,8,4,0.0,4.500000000000002,0.01,1.0,6.399999999999999,5,347,41,112,0,0.8121791411821278,0.21134522905812575,success
1179,2000,8,4,0.0,4.500000000000002,0.01,1.0,6.599999999999999,5,345,42,113,0,0.8099781961620948,0.20825342697083254,success
1180,2000,8,4,0.0,4.500000000000002,0.01,1.0,6.799999999999999,5,343,43,114,0,0.8104763347251112,0.2077922909245252,success
1181,2000,8,4,0.0,4.500000000000002,0.01,1.0,6.999999999999998,5,341,41,118,0,0.8099093367746609,0.20440273333770761,success
1183,2000,8,4,0.0,4.500000000000002,0.01,1.0,7.399999999999999,5,328,43,129,0,0.8043169837517367,0.22059986780004534,success
1182,2000,8,4,0.0,4.500000000000002,0.01,1.0,7.199999999999998,5,337,41,122,0,0.8072127025479436,0.214783357273703,success
1184,2000,8,4,0.0,4.500000000000002,0.01,1.0,7.599999999999999,5,321,42,137,0,0.8090202865085894,0.22776354198205165,success
1185,2000,8,4,0.0,4.500000000000002,0.01,1.0,7.799999999999999,5,314,42,144,0,0.8045430778729195,0.23187246704720305,success
1186,2000,8,4,0.0,4.500000000000002,0.01,1.0,7.999999999999998,5,307,42,151,0,0.7975645530495551,0.24665272027899143,success
1187,2000,8,4,0.0,4.500000000000002,0.01,1.0,8.2,5,304,42,154,0,0.7999564926857696,0.24472849281984524,success
1188,2000,8,4,0.0,4.500000000000002,0.01,1.0,8.399999999999999,5,295,41,164,0,0.8100063361379859,0.24035566445773596,success
1189,2000,8,4,0.0,4.500000000000002,0.01,1.0,8.599999999999998,5,286,40,174,0,0.8177475675316024,0.23602622321505343,success
1190,2000,8,4,0.0,4.500000000000002,0.01,1.0,8.799999999999997,5,275,40,185,0,0.8212795422257727,0.23853860046285236,success
1191,2000,8,4,0.0,4.500000000000002,0.01,1.0,8.999999999999998,5,268,40,192,0,0.8248880096371222,0.2348341133417133,success
1192,2000,8,4,0.0,4.500000000000002,0.01,1.0,9.199999999999998,5,254,40,206,0,0.8321487214597433,0.22874310698822128,success
1193,2000,8,4,0.0,4.500000000000002,0.01,1.0,9.399999999999999,5,251,41,208,0,0.827436963265585,0.233801663504139,success
1194,2000,8,4,0.0,4.500000000000002,0.01,1.0,9.599999999999998,5,243,41,216,0,0.83187541886562,0.23102535810971392,success
1195,2000,8,4,0.0,4.500000000000002,0.01,1.0,9.799999999999997,5,235,44,221,0,0.8289971164909404,0.23482655809118325,success
1197,2000,8,4,0.0,4.600000000000002,0.01,1.0,1.0,5,480,20,0,0,,,success
1196,2000,8,4,0.0,4.500000000000002,0.01,1.0,9.999999999999998,5,228,40,232,0,0.8329009024479908,0.23014605709217215,success
1198,2000,8,4,0.0,4.600000000000002,0.01,1.0,1.2,5,459,21,20,0,0.9309005979164386,0.17020426066373828,success
1199,2000,8,4,0.0,4.600000000000002,0.01,1.0,1.4,5,446,21,33,0,0.9162431489896226,0.18203088636881087,success
1200,2000,8,4,0.0,4.600000000000002,0.01,1.0,1.5999999999999999,5,433,21,46,0,0.9207399103257895,0.17630561524062688,success
1201,2000,8,4,0.0,4.600000000000002,0.01,1.0,1.7999999999999998,5,425,28,47,0,0.8886857881780507,0.20581442641209582,success
1202,2000,8,4,0.0,4.600000000000002,0.01,1.0,1.9999999999999998,5,437,32,31,0,0.8146908277548836,0.23305346097483767,success
1203,2000,8,4,0.0,4.600000000000002,0.01,1.0,2.1999999999999997,5,429,33,38,0,0.851742755967093,0.2182375241430348,success
1204,2000,8,4,0.0,4.600000000000002,0.01,1.0,2.3999999999999995,5,415,37,48,0,0.8643366638065594,0.2061835455111435,success
1205,2000,8,4,0.0,4.600000000000002,0.01,1.0,2.5999999999999996,5,413,45,42,0,0.8533631184285452,0.21459507016525284,success
1206,2000,8,4,0.0,4.600000000000002,0.01,1.0,2.8,5,407,43,50,0,0.8450016774277332,0.22145598305689743,success
1207,2000,8,4,0.0,4.600000000000002,0.01,1.0,2.9999999999999996,5,404,45,51,0,0.8436350514894233,0.22231641914041186,success
1208,2000,8,4,0.0,4.600000000000002,0.01,1.0,3.1999999999999993,5,399,47,54,0,0.8321841585718942,0.2172755352895915,success
1209,2000,8,4,0.0,4.600000000000002,0.01,1.0,3.3999999999999995,5,392,47,61,0,0.8536287340947524,0.21218664217277436,success
1210,2000,8,4,0.0,4.600000000000002,0.01,1.0,3.5999999999999996,5,388,46,66,0,0.8664471909372545,0.20276760325376905,success
1212,2000,8,4,0.0,4.600000000000002,0.01,1.0,3.999999999999999,5,367,58,75,0,0.8387936332003225,0.20336898217085111,success
1211,2000,8,4,0.0,4.600000000000002,0.01,1.0,3.7999999999999994,5,380,50,70,0,0.8439311376315319,0.19897138254594465,success
1213,2000,8,4,0.0,4.600000000000002,0.01,1.0,4.199999999999999,5,363,56,81,0,0.8417567889066704,0.19845658130881155,success
1214,2000,8,4,0.0,4.600000000000002,0.01,1.0,4.3999999999999995,5,359,59,82,0,0.8365186845168484,0.19928957565309904,success
1215,2000,8,4,0.0,4.600000000000002,0.01,1.0,4.6,5,355,59,86,0,0.8324903385460314,0.19448961291227523,success
1217,2000,8,4,0.0,4.600000000000002,0.01,1.0,4.999999999999999,5,334,65,101,0,0.8293437891274542,0.18271857229186364,success
1216,2000,8,4,0.0,4.600000000000002,0.01,1.0,4.799999999999999,5,344,59,97,0,0.8449330219852106,0.19247563894498382,success
1218,2000,8,4,0.0,4.600000000000002,0.01,1.0,5.199999999999999,5,329,65,106,0,0.8300417283676368,0.17760498815295372,success
1219,2000,8,4,0.0,4.600000000000002,0.01,1.0,5.399999999999999,5,322,67,111,0,0.8261580068848079,0.17238439061271138,success
1220,2000,8,4,0.0,4.600000000000002,0.01,1.0,5.599999999999999,5,316,71,113,0,0.8296717932130877,0.17272531152725393,success
1221,2000,8,4,0.0,4.600000000000002,0.01,1.0,5.799999999999999,5,314,71,115,0,0.8222328395686932,0.1703543903899794,success
1222,2000,8,4,0.0,4.600000000000002,0.01,1.0,5.999999999999999,5,308,74,118,0,0.8225732153255757,0.16878664068067453,success
1223,2000,8,4,0.0,4.600000000000002,0.01,1.0,6.199999999999999,5,298,73,129,0,0.8183118743545622,0.19436786386003566,success
1224,2000,8,4,0.0,4.600000000000002,0.01,1.0,6.399999999999999,5,297,67,136,0,0.8210720600424494,0.19054263056721857,success
1225,2000,8,4,0.0,4.600000000000002,0.01,1.0,6.599999999999999,5,295,69,136,0,0.8142242452372467,0.20148942950074658,success
1226,2000,8,4,0.0,4.600000000000002,0.01,1.0,6.799999999999999,5,292,68,140,0,0.8159456111486477,0.20034476959465616,success
1227,2000,8,4,0.0,4.600000000000002,0.01,1.0,6.999999999999998,5,292,69,139,0,0.8094686162662291,0.1987302403817693,success
1228,2000,8,4,0.0,4.600000000000002,0.01,1.0,7.199999999999998,5,286,69,145,0,0.8029089892293693,0.2182433000183672,success
1229,2000,8,4,0.0,4.600000000000002,0.01,1.0,7.399999999999999,5,279,69,152,0,0.7912440949409035,0.2304696758672152,success
1230,2000,8,4,0.0,4.600000000000002,0.01,1.0,7.599999999999999,5,271,67,162,0,0.7974934577728315,0.2354251886122071,success
1231,2000,8,4,0.0,4.600000000000002,0.01,1.0,7.799999999999999,5,263,66,171,0,0.7964245486749553,0.23791119253162984,success
1232,2000,8,4,0.0,4.600000000000002,0.01,1.0,7.999999999999998,5,256,67,177,0,0.7832271440816574,0.25586211283765076,success
1233,2000,8,4,0.0,4.600000000000002,0.01,1.0,8.2,5,245,67,188,0,0.7935891004963872,0.2518876495756264,success
1234,2000,8,4,0.0,4.600000000000002,0.01,1.0,8.399999999999999,5,238,66,196,0,0.7942354096010633,0.2541903177927715,success
1235,2000,8,4,0.0,4.600000000000002,0.01,1.0,8.599999999999998,5,231,66,203,0,0.7976284709403668,0.2506392789576473,success
1236,2000,8,4,0.0,4.600000000000002,0.01,1.0,8.799999999999997,5,222,66,212,0,0.8006029834283049,0.2526579650955336,success
1237,2000,8,4,0.0,4.600000000000002,0.01,1.0,8.999999999999998,5,218,65,217,0,0.8019886596038753,0.25006276334925254,success
1238,2000,8,4,0.0,4.600000000000002,0.01,1.0,9.199999999999998,5,204,66,230,0,0.8095285352298761,0.2450791889124044,success
1239,2000,8,4,0.0,4.600000000000002,0.01,1.0,9.399999999999999,5,198,67,235,0,0.8077906694882355,0.24816659580524875,success
1240,2000,8,4,0.0,4.600000000000002,0.01,1.0,9.599999999999998,5,193,69,238,0,0.8112838916380338,0.24813237864591237,success
1243,2000,8,4,0.0,4.700000000000003,0.01,1.0,1.0,5,472,28,0,0,,,success
1241,2000,8,4,0.0,4.600000000000002,0.01,1.0,9.799999999999997,5,187,73,240,0,0.8072650449406166,0.25183727744918427,success
1244,2000,8,4,0.0,4.700000000000003,0.01,1.0,1.2,5,450,32,18,0,0.9232228865738207,0.17819516916783457,success
1242,2000,8,4,0.0,4.600000000000002,0.01,1.0,9.999999999999998,5,185,67,248,0,0.8089232560023208,0.24784821429518616,success
1245,2000,8,4,0.0,4.700000000000003,0.01,1.0,1.4,5,436,31,33,0,0.9162431489896226,0.18203088636881087,success
1246,2000,8,4,0.0,4.700000000000003,0.01,1.0,1.5999999999999999,5,423,31,46,0,0.9207399103257895,0.17630561524062688,success
1247,2000,8,4,0.0,4.700000000000003,0.01,1.0,1.7999999999999998,5,412,38,50,0,0.9030044017207922,0.19766951142739012,success
1248,2000,8,4,0.0,4.700000000000003,0.01,1.0,1.9999999999999998,5,421,44,35,0,0.8219480530538902,0.24113303447215212,success
1249,2000,8,4,0.0,4.700000000000003,0.01,1.0,2.1999999999999997,5,411,45,44,0,0.8533525034706746,0.2209384794345024,success
1250,2000,8,4,0.0,4.700000000000003,0.01,1.0,2.3999999999999995,5,397,47,56,0,0.859395489577845,0.21321979971680619,success
1251,2000,8,4,0.0,4.700000000000003,0.01,1.0,2.5999999999999996,5,393,56,51,0,0.840009673248844,0.22181288015633668,success
1252,2000,8,4,0.0,4.700000000000003,0.01,1.0,2.8,5,386,54,60,0,0.8395043377125917,0.22356884002234326,success
1253,2000,8,4,0.0,4.700000000000003,0.01,1.0,2.9999999999999996,5,384,57,59,0,0.8216611632361263,0.2289143215430737,success
1254,2000,8,4,0.0,4.700000000000003,0.01,1.0,3.1999999999999993,5,378,60,62,0,0.8155454608287714,0.2256394573239571,success
1255,2000,8,4,0.0,4.700000000000003,0.01,1.0,3.3999999999999995,5,368,61,71,0,0.8376126858631733,0.22242201889923904,success
1256,2000,8,4,0.0,4.700000000000003,0.01,1.0,3.5999999999999996,5,364,63,73,0,0.8354767726692695,0.21664513818196043,success
1257,2000,8,4,0.0,4.700000000000003,0.01,1.0,3.7999999999999994,5,356,65,79,0,0.8188749481691446,0.2116137571658118,success
1258,2000,8,4,0.0,4.700000000000003,0.01,1.0,3.999999999999999,5,341,72,87,0,0.8278899692309689,0.2102369414184069,success
1259,2000,8,4,0.0,4.700000000000003,0.01,1.0,4.199999999999999,5,335,70,95,0,0.8301632091337261,0.2016259742867054,success
1260,2000,8,4,0.0,4.700000000000003,0.01,1.0,4.3999999999999995,5,330,73,97,0,0.8257433740877543,0.2006956955159455,success
1261,2000,8,4,0.0,4.700000000000003,0.01,1.0,4.6,5,325,74,101,0,0.8264376543527356,0.19880532710699328,success
1262,2000,8,4,0.0,4.700000000000003,0.01,1.0,4.799999999999999,5,313,74,113,0,0.8346738515561312,0.19440703431818607,success
1263,2000,8,4,0.0,4.700000000000003,0.01,1.0,4.999999999999999,5,301,81,118,0,0.8254800325650239,0.1857925022971013,success
1265,2000,8,4,0.0,4.700000000000003,0.01,1.0,5.399999999999999,5,289,84,127,0,0.8213292845875756,0.17518566562989332,success
1264,2000,8,4,0.0,4.700000000000003,0.01,1.0,5.199999999999999,5,296,81,123,0,0.8274943740005025,0.18072661034765064,success
1266,2000,8,4,0.0,4.700000000000003,0.01,1.0,5.599999999999999,5,283,87,130,0,0.8266648360796626,0.17709500355240784,success
1267,2000,8,4,0.0,4.700000000000003,0.01,1.0,5.799999999999999,5,276,86,138,0,0.8261444222720453,0.17393629265769409,success
1268,2000,8,4,0.0,4.700000000000003,0.01,1.0,5.999999999999999,5,276,90,134,0,0.8194223094833715,0.17330006802193823,success
1269,2000,8,4,0.0,4.700000000000003,0.01,1.0,6.199999999999999,5,268,88,144,0,0.8140839406720348,0.19531947234876226,success
1270,2000,8,4,0.0,4.700000000000003,0.01,1.0,6.399999999999999,5,266,84,150,0,0.816100274537147,0.19210954238402597,success
1271,2000,8,4,0.0,4.700000000000003,0.01,1.0,6.599999999999999,5,260,86,154,0,0.8145910375472567,0.20199010457814845,success
1272,2000,8,4,0.0,4.700000000000003,0.01,1.0,6.799999999999999,5,257,84,159,0,0.8115916603811648,0.19811426501962648,success
1273,2000,8,4,0.0,4.700000000000003,0.01,1.0,6.999999999999998,5,256,85,159,0,0.8116382033289007,0.198179213100588,success
1274,2000,8,4,0.0,4.700000000000003,0.01,1.0,7.199999999999998,5,251,85,164,0,0.8039166594687454,0.21455281911140114,success
1275,2000,8,4,0.0,4.700000000000003,0.01,1.0,7.399999999999999,5,245,86,169,0,0.7945849329429967,0.22800126109472277,success
1276,2000,8,4,0.0,4.700000000000003,0.01,1.0,7.599999999999999,5,237,86,177,0,0.7904591258068583,0.2394306752297404,success
1278,2000,8,4,0.0,4.700000000000003,0.01,1.0,7.999999999999998,5,223,84,193,0,0.780151693464527,0.257649230803692,success
1277,2000,8,4,0.0,4.700000000000003,0.01,1.0,7.799999999999999,5,230,84,186,0,0.790107567764277,0.24193539888394808,success
1279,2000,8,4,0.0,4.700000000000003,0.01,1.0,8.2,5,210,86,204,0,0.7892847027232168,0.2540413910404718,success
1280,2000,8,4,0.0,4.700000000000003,0.01,1.0,8.399999999999999,5,202,85,213,0,0.7920032974627483,0.2563452535959207,success
1281,2000,8,4,0.0,4.700000000000003,0.01,1.0,8.599999999999998,5,197,86,217,0,0.7926963099347237,0.2537323899033046,success
1282,2000,8,4,0.0,4.700000000000003,0.01,1.0,8.799999999999997,5,187,86,227,0,0.795995553110999,0.2554871725517933,success
1283,2000,8,4,0.0,4.700000000000003,0.01,1.0,8.999999999999998,5,184,84,232,0,0.7982082233074912,0.25338903269450047,success
1284,2000,8,4,0.0,4.700000000000003,0.01,1.0,9.199999999999998,5,173,84,243,0,0.8040105103446508,0.2492566672197821,success
1285,2000,8,4,0.0,4.700000000000003,0.01,1.0,9.399999999999999,5,170,86,244,0,0.8001502283679207,0.25334262648775474,success
1286,2000,8,4,0.0,4.700000000000003,0.01,1.0,9.599999999999998,5,164,87,249,0,0.800127984076717,0.2567013791842893,success
1287,2000,8,4,0.0,4.700000000000003,0.01,1.0,9.799999999999997,5,163,92,245,0,0.7906245708779464,0.2608557167111386,success
1289,2000,8,4,0.0,4.8000000000000025,0.01,1.0,1.0,5,465,35,0,0,,,success
1288,2000,8,4,0.0,4.700000000000003,0.01,1.0,9.999999999999998,5,166,87,247,0,0.7879357690102055,0.2581964872970465,success
1290,2000,8,4,0.0,4.8000000000000025,0.01,1.0,1.2,5,443,38,19,0,0.9272637872804617,0.17406804030559792,success
1291,2000,8,4,0.0,4.8000000000000025,0.01,1.0,1.4,5,428,41,31,0,0.9108394811825015,0.18667192132809438,success
1292,2000,8,4,0.0,4.8000000000000025,0.01,1.0,1.5999999999999999,5,412,43,45,0,0.9274671981479454,0.1722237179749269,success
1293,2000,8,4,0.0,4.8000000000000025,0.01,1.0,1.7999999999999998,5,399,50,51,0,0.9123962377982517,0.1922334838262857,success
1294,2000,8,4,0.0,4.8000000000000025,0.01,1.0,1.9999999999999998,5,401,56,43,0,0.8628251536489556,0.23000429566983113,success
1295,2000,8,4,0.0,4.8000000000000025,0.01,1.0,2.1999999999999997,5,390,58,52,0,0.8668668758680866,0.21695581482796575,success
1296,2000,8,4,0.0,4.8000000000000025,0.01,1.0,2.3999999999999995,5,377,60,63,0,0.8573230336414013,0.21373052726310945,success
1297,2000,8,4,0.0,4.8000000000000025,0.01,1.0,2.5999999999999996,5,370,71,59,0,0.8376908368830082,0.2247254812838883,success
1298,2000,8,4,0.0,4.8000000000000025,0.01,1.0,2.8,5,361,72,67,0,0.8299140867840556,0.22621919692901662,success
1299,2000,8,4,0.0,4.8000000000000025,0.01,1.0,2.9999999999999996,5,357,72,71,0,0.8016240462977472,0.2350093490409567,success
1300,2000,8,4,0.0,4.8000000000000025,0.01,1.0,3.1999999999999993,5,350,77,73,0,0.8020604952113987,0.2342313775000224,success
1301,2000,8,4,0.0,4.8000000000000025,0.01,1.0,3.3999999999999995,5,339,79,82,0,0.8221849977136882,0.22888818783021142,success
1302,2000,8,4,0.0,4.8000000000000025,0.01,1.0,3.5999999999999996,5,333,79,88,0,0.8259702992433979,0.22165488462950317,success
1303,2000,8,4,0.0,4.8000000000000025,0.01,1.0,3.7999999999999994,5,324,81,95,0,0.8140309414170974,0.2182758122317064,success
1304,2000,8,4,0.0,4.8000000000000025,0.01,1.0,3.999999999999999,5,307,89,104,0,0.809414782360376,0.21937027739349238,success
1305,2000,8,4,0.0,4.8000000000000025,0.01,1.0,4.199999999999999,5,301,86,113,0,0.8142015392179143,0.21221856851056045,success
1306,2000,8,4,0.0,4.8000000000000025,0.01,1.0,4.3999999999999995,5,295,90,115,0,0.8116341949728256,0.2114140755111453,success
1308,2000,8,4,0.0,4.8000000000000025,0.01,1.0,4.799999999999999,5,278,93,129,0,0.8140988982238773,0.20267808414976518,success
1307,2000,8,4,0.0,4.8000000000000025,0.01,1.0,4.6,5,292,91,117,0,0.8103463291342594,0.2074997419838237,success
1309,2000,8,4,0.0,4.8000000000000025,0.01,1.0,4.999999999999999,5,265,100,135,0,0.8125293705151452,0.19293492772936754,success
1310,2000,8,4,0.0,4.8000000000000025,0.01,1.0,5.199999999999999,5,257,102,141,0,0.819029734813691,0.1893773421541851,success
1311,2000,8,4,0.0,4.8000000000000025,0.01,1.0,5.399999999999999,5,251,105,144,0,0.8140199633489507,0.1850840452234481,success
1312,2000,8,4,0.0,4.8000000000000025,0.01,1.0,5.599999999999999,5,243,111,146,0,0.8137860258171274,0.18507350678027873,success
1313,2000,8,4,0.0,4.8000000000000025,0.01,1.0,5.799999999999999,5,237,111,152,0,0.8061150245504224,0.19371360990485711,success
1315,2000,8,4,0.0,4.8000000000000025,0.01,1.0,6.199999999999999,5,233,114,153,0,0.7863003469299784,0.20929747848278205,success
1314,2000,8,4,0.0,4.8000000000000025,0.01,1.0,5.999999999999999,5,237,114,149,0,0.7984495403923756,0.19270517319645747,success
1316,2000,8,4,0.0,4.8000000000000025,0.01,1.0,6.399999999999999,5,229,107,164,0,0.7939136655164297,0.2055541004588395,success
1317,2000,8,4,0.0,4.8000000000000025,0.01,1.0,6.599999999999999,5,222,109,169,0,0.7921811886059718,0.21299921643910932,success
1318,2000,8,4,0.0,4.8000000000000025,0.01,1.0,6.799999999999999,5,218,108,174,0,0.7790607077073256,0.2239884672918714,success
1319,2000,8,4,0.0,4.8000000000000025,0.01,1.0,6.999999999999998,5,217,107,176,0,0.7751188489359317,0.23041279194353173,success
1320,2000,8,4,0.0,4.8000000000000025,0.01,1.0,7.199999999999998,5,210,109,181,0,0.7646552423446398,0.24831192007842617,success
1321,2000,8,4,0.0,4.8000000000000025,0.01,1.0,7.399999999999999,5,202,110,188,0,0.7556089459275501,0.26249367233141174,success
1322,2000,8,4,0.0,4.8000000000000025,0.01,1.0,7.599999999999999,5,193,109,198,0,0.7548680532600117,0.2692611751962225,success
1323,2000,8,4,0.0,4.8000000000000025,0.01,1.0,7.799999999999999,5,184,107,209,0,0.7579069275614858,0.26936299620887827,success
1324,2000,8,4,0.0,4.8000000000000025,0.01,1.0,7.999999999999998,5,179,104,217,0,0.7513335412254473,0.2802868722734645,success
1325,2000,8,4,0.0,4.8000000000000025,0.01,1.0,8.2,5,168,107,225,0,0.7523644357644985,0.2809388636585849,success
1326,2000,8,4,0.0,4.8000000000000025,0.01,1.0,8.399999999999999,5,161,106,233,0,0.7553657577691204,0.28267149935656094,success
1327,2000,8,4,0.0,4.8000000000000025,0.01,1.0,8.599999999999998,5,157,107,236,0,0.7564656161011154,0.2811664687384321,success
1328,2000,8,4,0.0,4.8000000000000025,0.01,1.0,8.799999999999997,5,148,106,246,0,0.756637877494854,0.2854383097304229,success
1329,2000,8,4,0.0,4.8000000000000025,0.01,1.0,8.999999999999998,5,145,105,250,0,0.7569310371208626,0.28260454573905164,success
1330,2000,8,4,0.0,4.8000000000000025,0.01,1.0,9.199999999999998,5,139,105,256,0,0.7598132189698745,0.279825207317393,success
1331,2000,8,4,0.0,4.8000000000000025,0.01,1.0,9.399999999999999,5,134,109,257,0,0.7560570458258573,0.28221708175459304,success
1335,2000,8,4,0.0,4.900000000000002,0.01,1.0,1.0,5,456,44,0,0,,,success
1332,2000,8,4,0.0,4.8000000000000025,0.01,1.0,9.599999999999998,5,128,113,259,0,0.7561200295812407,0.28593972898795367,success
1333,2000,8,4,0.0,4.8000000000000025,0.01,1.0,9.799999999999997,5,125,115,260,0,0.7512557494260298,0.28775489449687996,success
1334,2000,8,4,0.0,4.8000000000000025,0.01,1.0,9.999999999999998,5,124,109,267,0,0.7533548974775572,0.28417249552496776,success
1336,2000,8,4,0.0,4.900000000000002,0.01,1.0,1.2,5,431,45,24,0,0.9424171649303655,0.15691815569686912,success
1337,2000,8,4,0.0,4.900000000000002,0.01,1.0,1.4,5,415,49,36,0,0.9232228865738207,0.17563107622038776,success
1338,2000,8,4,0.0,4.900000000000002,0.01,1.0,1.5999999999999999,5,396,54,50,0,0.9270807174997264,0.17034679536838973,success
1339,2000,8,4,0.0,4.900000000000002,0.01,1.0,1.7999999999999998,5,380,59,61,0,0.920495411246551,0.18254753254618952,success
1340,2000,8,4,0.0,4.900000000000002,0.01,1.0,1.9999999999999998,5,382,70,48,0,0.8646709536154938,0.21876258450591574,success
1341,2000,8,4,0.0,4.900000000000002,0.01,1.0,2.1999999999999997,5,371,72,57,0,0.8722932246250382,0.20347286409753526,success
1342,2000,8,4,0.0,4.900000000000002,0.01,1.0,2.3999999999999995,5,356,75,69,0,0.8576593473326269,0.2083024722035124,success
1343,2000,8,4,0.0,4.900000000000002,0.01,1.0,2.5999999999999996,5,346,87,67,0,0.8505963272372348,0.21534370390817717,success
1344,2000,8,4,0.0,4.900000000000002,0.01,1.0,2.8,5,336,89,75,0,0.8463994842084104,0.21856053382289423,success
1345,2000,8,4,0.0,4.900000000000002,0.01,1.0,2.9999999999999996,5,330,89,81,0,0.8271127451385808,0.22457215492299573,success
1346,2000,8,4,0.0,4.900000000000002,0.01,1.0,3.1999999999999993,5,321,94,85,0,0.8284675575607393,0.22069266082426767,success
1347,2000,8,4,0.0,4.900000000000002,0.01,1.0,3.3999999999999995,5,309,99,92,0,0.8387839392401695,0.21853761183508383,success
1348,2000,8,4,0.0,4.900000000000002,0.01,1.0,3.5999999999999996,5,302,99,99,0,0.8423835123046116,0.21217294275715892,success
1349,2000,8,4,0.0,4.900000000000002,0.01,1.0,3.7999999999999994,5,295,101,104,0,0.8171065728943447,0.2092959654840078,success
1350,2000,8,4,0.0,4.900000000000002,0.01,1.0,3.999999999999999,5,279,112,109,0,0.810051784266507,0.21517378749850463,success
1351,2000,8,4,0.0,4.900000000000002,0.01,1.0,4.199999999999999,5,271,107,122,0,0.8162131870748571,0.20562497398742102,success
1352,2000,8,4,0.0,4.900000000000002,0.01,1.0,4.3999999999999995,5,265,109,126,0,0.8152294434396014,0.2049636406591405,success
1353,2000,8,4,0.0,4.900000000000002,0.01,1.0,4.6,5,260,111,129,0,0.8168650762367605,0.20554980620939625,success
1354,2000,8,4,0.0,4.900000000000002,0.01,1.0,4.799999999999999,5,247,111,142,0,0.8197294200968873,0.20086372238173741,success
1355,2000,8,4,0.0,4.900000000000002,0.01,1.0,4.999999999999999,5,237,118,145,0,0.8100850727561266,0.19264593568687824,success
1356,2000,8,4,0.0,4.900000000000002,0.01,1.0,5.199999999999999,5,226,122,152,0,0.8075878527689798,0.1974335399878034,success
1357,2000,8,4,0.0,4.900000000000002,0.01,1.0,5.399999999999999,5,218,127,155,0,0.803911218718824,0.19434324587527949,success
1358,2000,8,4,0.0,4.900000000000002,0.01,1.0,5.599999999999999,5,212,133,155,0,0.8019200368908009,0.19387689003816042,success
1359,2000,8,4,0.0,4.900000000000002,0.01,1.0,5.799999999999999,5,204,134,162,0,0.7920330384858448,0.19885778246141625,success
1360,2000,8,4,0.0,4.900000000000002,0.01,1.0,5.999999999999999,5,199,137,164,0,0.7951830690369658,0.18856619352596962,success
1361,2000,8,4,0.0,4.900000000000002,0.01,1.0,6.199999999999999,5,195,137,168,0,0.7786478414168126,0.21159169528431232,success
1362,2000,8,4,0.0,4.900000000000002,0.01,1.0,6.399999999999999,5,191,132,177,0,0.7807257158233244,0.21766893785306218,success
1363,2000,8,4,0.0,4.900000000000002,0.01,1.0,6.599999999999999,5,184,133,183,0,0.7735741502548712,0.2300782124461149,success
1364,2000,8,4,0.0,4.900000000000002,0.01,1.0,6.799999999999999,5,179,130,191,0,0.760097353750377,0.24368892382564672,success
1365,2000,8,4,0.0,4.900000000000002,0.01,1.0,6.999999999999998,5,180,129,191,0,0.7551568479357997,0.24915874705387558,success
1366,2000,8,4,0.0,4.900000000000002,0.01,1.0,7.199999999999998,5,174,129,197,0,0.7468687105700373,0.263189941067647,success
1367,2000,8,4,0.0,4.900000000000002,0.01,1.0,7.399999999999999,5,168,131,201,0,0.7350634612235701,0.2743255627838973,success
1368,2000,8,4,0.0,4.900000000000002,0.01,1.0,7.599999999999999,5,161,130,209,0,0.7318217495861539,0.2794113053143035,success
1369,2000,8,4,0.0,4.900000000000002,0.01,1.0,7.799999999999999,5,155,129,216,0,0.7261183740392207,0.28334088099868704,success
1370,2000,8,4,0.0,4.900000000000002,0.01,1.0,7.999999999999998,5,150,128,222,0,0.7175616974096658,0.292522143168666,success
1371,2000,8,4,0.0,4.900000000000002,0.01,1.0,8.2,5,139,131,230,0,0.7213337815403195,0.29375508360929237,success
1372,2000,8,4,0.0,4.900000000000002,0.01,1.0,8.399999999999999,5,133,131,236,0,0.7188877561393392,0.2984871246656922,success
1373,2000,8,4,0.0,4.900000000000002,0.01,1.0,8.599999999999998,5,129,132,239,0,0.7212448009796275,0.2975395404839913,success
1374,2000,8,4,0.0,4.900000000000002,0.01,1.0,8.799999999999997,5,119,133,248,0,0.7206961504061601,0.30059519373953986,success
1375,2000,8,4,0.0,4.900000000000002,0.01,1.0,8.999999999999998,5,114,131,255,0,0.7252801307225548,0.29797211494305414,success
1376,2000,8,4,0.0,4.900000000000002,0.01,1.0,9.199999999999998,5,111,131,258,0,0.7260260696166945,0.2960297303242044,success
1377,2000,8,4,0.0,4.900000000000002,0.01,1.0,9.399999999999999,5,105,134,261,0,0.7200752109120164,0.30008545606701936,success
1378,2000,8,4,0.0,4.900000000000002,0.01,1.0,9.599999999999998,5,103,138,259,0,0.7152212119244747,0.30329871679381765,success
1381,2000,8,4,0.0,5.000000000000003,0.01,1.0,1.0,6,457,43,0,0,,,success
1379,2000,8,4,0.0,4.900000000000002,0.01,1.0,9.799999999999997,5,98,140,262,0,0.7129484806643769,0.30451666996173726,success
1380,2000,8,4,0.0,4.900000000000002,0.01,1.0,9.999999999999998,5,98,133,269,0,0.717422864535907,0.3020092615983269,success
1382,2000,8,4,0.0,5.000000000000003,0.01,1.0,1.2,6,430,43,27,0,0.9530382434409235,0.14036498636766617,success
1383,2000,8,4,0.0,5.000000000000003,0.01,1.0,1.4,6,404,53,43,0,0.9631208411484201,0.1366855111795865,success
1384,2000,8,4,0.0,5.000000000000003,0.01,1.0,1.5999999999999999,6,385,52,63,0,0.8950823732054062,0.2023179224192653,success
1385,2000,8,4,0.0,5.000000000000003,0.01,1.0,1.7999999999999998,6,369,58,73,0,0.8565047328978211,0.22763222168837066,success
1386,2000,8,4,0.0,5.000000000000003,0.01,1.0,1.9999999999999998,6,388,50,62,0,0.8133281299097298,0.26253909235446105,success
1387,2000,8,4,0.0,5.000000000000003,0.01,1.0,2.1999999999999997,6,377,52,71,0,0.8169983449855368,0.25884815156125174,success
1388,2000,8,4,0.0,5.000000000000003,0.01,1.0,2.3999999999999995,6,355,62,83,0,0.812019931140895,0.2496449053419847,success
1389,2000,8,4,0.0,5.000000000000003,0.01,1.0,2.5999999999999996,6,350,62,88,0,0.7979246037269135,0.24820950079691942,success
1390,2000,8,4,0.0,5.000000000000003,0.01,1.0,2.8,6,344,67,89,0,0.7797452416150434,0.2469099739592396,success
1392,2000,8,4,0.0,5.000000000000003,0.01,1.0,3.1999999999999993,6,333,62,105,0,0.786014268997521,0.24225338176349412,success
1391,2000,8,4,0.0,5.000000000000003,0.01,1.0,2.9999999999999996,6,342,68,90,0,0.7595521088457599,0.24897774587144442,success
1393,2000,8,4,0.0,5.000000000000003,0.01,1.0,3.3999999999999995,6,322,67,111,0,0.7813471408401319,0.23622289207597472,success
1394,2000,8,4,0.0,5.000000000000003,0.01,1.0,3.5999999999999996,6,314,71,115,0,0.7795559202884946,0.23680582500967934,success
1395,2000,8,4,0.0,5.000000000000003,0.01,1.0,3.7999999999999994,6,302,74,124,0,0.7782634762774512,0.24284989381953564,success
1396,2000,8,4,0.0,5.000000000000003,0.01,1.0,3.999999999999999,6,296,74,130,0,0.7768568086122661,0.2404782669749965,success
1397,2000,8,4,0.0,5.000000000000003,0.01,1.0,4.199999999999999,6,285,78,137,0,0.7787122646204748,0.2353649216666198,success
1398,2000,8,4,0.0,5.000000000000003,0.01,1.0,4.3999999999999995,6,272,82,146,0,0.7804797389665074,0.2288879268971309,success
1399,2000,8,4,0.0,5.000000000000003,0.01,1.0,4.6,6,258,88,154,0,0.7830139447227552,0.22683811399554954,success
1400,2000,8,4,0.0,5.000000000000003,0.01,1.0,4.799999999999999,6,249,90,161,0,0.7798981814382183,0.22215838792523185,success
1401,2000,8,4,0.0,5.000000000000003,0.01,1.0,4.999999999999999,6,244,90,166,0,0.7704251648703154,0.21762755255991378,success
1403,2000,8,4,0.0,5.000000000000003,0.01,1.0,5.399999999999999,6,229,94,177,0,0.7741539182885606,0.21137595310868126,success
1402,2000,8,4,0.0,5.000000000000003,0.01,1.0,5.199999999999999,6,233,91,176,0,0.7792350183328399,0.21591076700455247,success
1404,2000,8,4,0.0,5.000000000000003,0.01,1.0,5.599999999999999,6,225,92,183,0,0.7757617970329728,0.20901154398748653,success
1405,2000,8,4,0.0,5.000000000000003,0.01,1.0,5.799999999999999,6,219,94,187,0,0.7765747561716104,0.19789673004551006,success
1406,2000,8,4,0.0,5.000000000000003,0.01,1.0,5.999999999999999,6,214,97,189,0,0.775533666749167,0.19699104504586076,success
1407,2000,8,4,0.0,5.000000000000003,0.01,1.0,6.199999999999999,6,211,97,192,0,0.770829730101207,0.20339067700729838,success
1408,2000,8,4,0.0,5.000000000000003,0.01,1.0,6.399999999999999,6,199,94,207,0,0.7732726304191978,0.21525613843950914,success
1409,2000,8,4,0.0,5.000000000000003,0.01,1.0,6.599999999999999,6,193,95,212,0,0.75621384417343,0.23529023623923068,success
1410,2000,8,4,0.0,5.000000000000003,0.01,1.0,6.799999999999999,6,186,94,220,0,0.7577804750930087,0.23189565936340253,success
1411,2000,8,4,0.0,5.000000000000003,0.01,1.0,6.999999999999998,6,180,95,225,0,0.7563773545974904,0.2351842518194726,success
1412,2000,8,4,0.0,5.000000000000003,0.01,1.0,7.199999999999998,6,172,96,232,0,0.7565897416589781,0.2381785757709401,success
1413,2000,8,4,0.0,5.000000000000003,0.01,1.0,7.399999999999999,6,165,96,239,0,0.7572782571047233,0.24131445996387957,success
1414,2000,8,4,0.0,5.000000000000003,0.01,1.0,7.599999999999999,6,160,96,244,0,0.7582435173986474,0.23881330901580183,success
1415,2000,8,4,0.0,5.000000000000003,0.01,1.0,7.799999999999999,6,150,95,255,0,0.7588903750002173,0.23936442947176242,success
1416,2000,8,4,0.0,5.000000000000003,0.01,1.0,7.999999999999998,6,145,96,259,0,0.759718625379618,0.23715102123779344,success
1417,2000,8,4,0.0,5.000000000000003,0.01,1.0,8.2,6,142,98,260,0,0.7561340392704959,0.2405504665081582,success
1418,2000,8,4,0.0,5.000000000000003,0.01,1.0,8.399999999999999,6,132,98,270,0,0.7606157006592688,0.23759927665141609,success
1419,2000,8,4,0.0,5.000000000000003,0.01,1.0,8.599999999999998,6,127,99,274,0,0.7604522088094704,0.23536630945025513,success
1420,2000,8,4,0.0,5.000000000000003,0.01,1.0,8.799999999999997,6,124,96,280,0,0.75739422758198,0.2366941795819915,success
1421,2000,8,4,0.0,5.000000000000003,0.01,1.0,8.999999999999998,6,122,97,281,0,0.7560510013203446,0.2353992631233004,success
1422,2000,8,4,0.0,5.000000000000003,0.01,1.0,9.199999999999998,6,119,98,283,0,0.7556607166516053,0.23391830357102686,success
1423,2000,8,4,0.0,5.000000000000003,0.01,1.0,9.399999999999999,6,112,99,289,0,0.7585214385793843,0.23234418402438325,success
1424,2000,8,4,0.0,5.000000000000003,0.01,1.0,9.599999999999998,6,110,99,291,0,0.7583210446894962,0.23132740455252152,success
1425,2000,8,4,0.0,5.000000000000003,0.01,1.0,9.799999999999997,6,105,99,296,0,0.7618649702490858,0.23108913489665853,success
1426,2000,8,4,0.0,5.000000000000003,0.01,1.0,9.999999999999998,6,105,100,295,0,0.76179225592083,0.23108069298687614,success
