combination_id,n,k,p,q,thrshld,p1,p2,beta,seeds,case_A_count,case_B_count,case_C_count,case_Invalid_count,delta_star_mean,delta_star_std,status
1,2000,8,4,0.0,4.0,0.01,0.5,1.0,4,459,41,0,0,,,success
2,2000,8,4,0.0,4.0,0.01,0.5,1.2,4,436,41,23,0,1.0,0.0,success
5,2000,8,4,0.0,4.0,0.01,0.5,1.7999999999999998,4,400,53,47,0,0.9098774617152292,0.19105827441923642,success
4,2000,8,4,0.0,4.0,0.01,0.5,1.5999999999999999,4,409,51,40,0,0.975,0.11036071393157613,success
3,2000,8,4,0.0,4.0,0.01,0.5,1.4,4,422,51,27,0,1.0,0.0,success
8,2000,8,4,0.0,4.0,0.01,0.5,2.3999999999999995,4,388,45,67,0,0.8396840377454986,0.23276920269030305,success
6,2000,8,4,0.0,4.0,0.01,0.5,1.9999999999999998,4,413,46,41,0,0.7868102242249544,0.2498042495999314,success
7,2000,8,4,0.0,4.0,0.01,0.5,2.1999999999999997,4,399,49,52,0,0.8108039745068972,0.24247942316330165,success
9,2000,8,4,0.0,4.0,0.01,0.5,2.5999999999999996,4,377,45,78,0,0.8374408843331731,0.2284191858375281,success
11,2000,8,4,0.0,4.0,0.01,0.5,2.9999999999999996,4,386,38,76,0,0.7628681056218504,0.23700951614622814,success
10,2000,8,4,0.0,4.0,0.01,0.5,2.8,4,374,42,84,0,0.8107079986103519,0.2340023661262134,success
12,2000,8,4,0.0,4.0,0.01,0.5,3.1999999999999993,4,375,37,88,0,0.7762043793472021,0.23596396519237434,success
13,2000,8,4,0.0,4.0,0.01,0.5,3.3999999999999995,4,371,35,94,0,0.7883745813624201,0.23505287048748036,success
15,2000,8,4,0.0,4.0,0.01,0.5,3.7999999999999994,4,372,38,90,0,0.7688315194241896,0.248561987980445,success
14,2000,8,4,0.0,4.0,0.01,0.5,3.5999999999999996,4,370,37,93,0,0.7896324032164562,0.239725918518,success
16,2000,8,4,0.0,4.0,0.01,0.5,3.999999999999999,4,376,33,91,0,0.7580366297998601,0.2560018144266831,success
17,2000,8,4,0.0,4.0,0.01,0.5,4.199999999999999,4,368,37,95,0,0.7594812283516045,0.24963177451469823,success
18,2000,8,4,0.0,4.0,0.01,0.5,4.3999999999999995,4,367,38,95,0,0.7215855892669233,0.26155449264924263,success
19,2000,8,4,0.0,4.0,0.01,0.5,4.6,4,368,35,97,0,0.7203651183797937,0.2619747420172115,success
22,2000,8,4,0.0,4.0,0.01,0.5,5.199999999999999,4,363,39,98,0,0.7000140190702273,0.2618767618201481,success
23,2000,8,4,0.0,4.0,0.01,0.5,5.399999999999999,4,366,41,93,0,0.7034032580247053,0.24401729430540645,success
24,2000,8,4,0.0,4.0,0.01,0.5,5.599999999999999,4,368,41,91,0,0.6900945733529669,0.2413352210780881,success
20,2000,8,4,0.0,4.0,0.01,0.5,4.799999999999999,4,363,37,100,0,0.7155719519744912,0.2594915470043736,success
21,2000,8,4,0.0,4.0,0.01,0.5,4.999999999999999,4,364,39,97,0,0.6984372309938425,0.272909566152412,success
25,2000,8,4,0.0,4.0,0.01,0.5,5.799999999999999,4,366,37,97,0,0.6941997475183503,0.23672463031510857,success
26,2000,8,4,0.0,4.0,0.01,0.5,5.999999999999999,4,362,37,101,0,0.7039407802353433,0.23802683994334947,success
28,2000,8,4,0.0,4.0,0.01,0.5,6.399999999999999,4,360,39,101,0,0.6772478451366992,0.2494601670646812,success
27,2000,8,4,0.0,4.0,0.01,0.5,6.199999999999999,4,359,39,102,0,0.6995177731971384,0.24863140166333605,success
29,2000,8,4,0.0,4.0,0.01,0.5,6.599999999999999,4,359,36,105,0,0.6808103976059462,0.25958483421317036,success
31,2000,8,4,0.0,4.0,0.01,0.5,6.999999999999998,4,355,33,112,0,0.6701639414337454,0.26724092757881807,success
30,2000,8,4,0.0,4.0,0.01,0.5,6.799999999999999,4,358,34,108,0,0.6740067203935738,0.2635338404879012,success
32,2000,8,4,0.0,4.0,0.01,0.5,7.199999999999998,4,354,35,111,0,0.6618646716227455,0.27526345160991406,success
47,2000,8,4,0.0,4.0,0.01,0.51,1.0,4,459,41,0,0,,,success
48,2000,8,4,0.0,4.0,0.01,0.51,1.2,4,436,38,26,0,1.0,0.0,success
49,2000,8,4,0.0,4.0,0.01,0.51,1.4,4,422,48,30,0,1.0,0.0,success
50,2000,8,4,0.0,4.0,0.01,0.51,1.5999999999999999,4,409,48,43,0,0.9767441860465116,0.10654131615822317,success
52,2000,8,4,0.0,4.0,0.01,0.51,1.9999999999999998,4,414,44,42,0,0.7918861712672174,0.24892227532199399,success
34,2000,8,4,0.0,4.0,0.01,0.5,7.599999999999999,4,351,33,116,0,0.6513870884657817,0.2830520165773377,success
51,2000,8,4,0.0,4.0,0.01,0.51,1.7999999999999998,4,400,50,50,0,0.9152848140123154,0.1863754383552801,success
35,2000,8,4,0.0,4.0,0.01,0.5,7.799999999999999,4,347,34,119,0,0.6544165758395663,0.2801947743438847,success
55,2000,8,4,0.0,4.0,0.01,0.51,2.5999999999999996,4,378,44,78,0,0.8411962013598514,0.2286559508187345,success
53,2000,8,4,0.0,4.0,0.01,0.51,2.1999999999999997,4,399,47,54,0,0.8232355815266585,0.2413363823408121,success
58,2000,8,4,0.0,4.0,0.01,0.51,3.1999999999999993,4,377,37,86,0,0.7747954023589065,0.2356288762509545,success
59,2000,8,4,0.0,4.0,0.01,0.51,3.3999999999999995,4,373,35,92,0,0.785149161094428,0.23371497726046497,success
56,2000,8,4,0.0,4.0,0.01,0.51,2.8,4,376,41,83,0,0.8119564651969935,0.23514325865031496,success
54,2000,8,4,0.0,4.0,0.01,0.51,2.3999999999999995,4,389,44,67,0,0.8440558993586463,0.2329916537063636,success
33,2000,8,4,0.0,4.0,0.01,0.5,7.399999999999999,4,352,36,112,0,0.651718484804823,0.2788857160728001,success
60,2000,8,4,0.0,4.0,0.01,0.51,3.5999999999999996,4,373,37,90,0,0.7879892290613328,0.23918502033810207,success
57,2000,8,4,0.0,4.0,0.01,0.51,2.9999999999999996,4,388,37,75,0,0.7645045046642579,0.23624396203316428,success
37,2000,8,4,0.0,4.0,0.01,0.5,8.2,4,348,31,121,0,0.6559324500847377,0.2790516238318146,success
39,2000,8,4,0.0,4.0,0.01,0.5,8.599999999999998,4,349,32,119,0,0.6352982889816058,0.2767071109053132,success
61,2000,8,4,0.0,4.0,0.01,0.51,3.7999999999999994,4,374,38,88,0,0.7655944386057737,0.24703797881589293,success
38,2000,8,4,0.0,4.0,0.01,0.5,8.399999999999999,4,346,32,122,0,0.6488292470964839,0.2827719885369385,success
36,2000,8,4,0.0,4.0,0.01,0.5,7.999999999999998,4,348,32,120,0,0.6545436023918493,0.27941921729747404,success
63,2000,8,4,0.0,4.0,0.01,0.51,4.199999999999999,4,371,37,92,0,0.7544047096192734,0.25178619505267047,success
62,2000,8,4,0.0,4.0,0.01,0.51,3.999999999999999,4,379,33,88,0,0.7526236080746124,0.2578051923136984,success
64,2000,8,4,0.0,4.0,0.01,0.51,4.3999999999999995,4,370,38,92,0,0.7189875200298621,0.26432690261796143,success
40,2000,8,4,0.0,4.0,0.01,0.5,8.799999999999997,4,348,34,118,0,0.6324758924996507,0.27758913729738083,success
41,2000,8,4,0.0,4.0,0.01,0.5,8.999999999999998,4,353,34,113,0,0.6071446508208299,0.2762465439272189,success
42,2000,8,4,0.0,4.0,0.01,0.5,9.199999999999998,4,353,35,112,0,0.5985447673525848,0.2704562606417596,success
43,2000,8,4,0.0,4.0,0.01,0.5,9.399999999999999,4,346,32,122,0,0.6200914001147834,0.28114122968468963,success
44,2000,8,4,0.0,4.0,0.01,0.5,9.599999999999998,4,352,31,117,0,0.6040828867271015,0.27701771238007805,success
45,2000,8,4,0.0,4.0,0.01,0.5,9.799999999999997,4,349,30,121,0,0.6061757560702267,0.2822716343223034,success
46,2000,8,4,0.0,4.0,0.01,0.5,9.999999999999998,4,350,31,119,0,0.5908490079476478,0.28272206583964704,success
65,2000,8,4,0.0,4.0,0.01,0.51,4.6,4,372,35,93,0,0.7212132725512678,0.2676041158588161,success
66,2000,8,4,0.0,4.0,0.01,0.51,4.799999999999999,4,366,37,97,0,0.7160461002636834,0.2636411199671457,success
67,2000,8,4,0.0,4.0,0.01,0.51,4.999999999999999,4,367,39,94,0,0.6928388216178707,0.27626341105292884,success
68,2000,8,4,0.0,4.0,0.01,0.51,5.199999999999999,4,366,39,95,0,0.6984210414085428,0.2663268550273841,success
72,2000,8,4,0.0,4.0,0.01,0.51,5.999999999999999,4,366,37,97,0,0.7043838675050612,0.24313244639373102,success
70,2000,8,4,0.0,4.0,0.01,0.51,5.599999999999999,4,370,41,89,0,0.6984640649993066,0.24948890314438923,success
71,2000,8,4,0.0,4.0,0.01,0.51,5.799999999999999,4,369,37,94,0,0.6990338422465494,0.24440150834022992,success
69,2000,8,4,0.0,4.0,0.01,0.51,5.399999999999999,4,369,41,90,0,0.7035215530603478,0.24956885019383407,success
73,2000,8,4,0.0,4.0,0.01,0.51,6.199999999999999,4,364,39,97,0,0.696771053106857,0.25334364610317284,success
74,2000,8,4,0.0,4.0,0.01,0.51,6.399999999999999,4,365,38,97,0,0.6756813633854148,0.25254614646126483,success
75,2000,8,4,0.0,4.0,0.01,0.51,6.599999999999999,4,365,35,100,0,0.677517258244103,0.2632396668607388,success
93,2000,8,4,0.0,4.0,0.01,0.52,1.0,4,459,41,0,0,,,success
79,2000,8,4,0.0,4.0,0.01,0.51,7.399999999999999,4,355,36,109,0,0.6525511535878448,0.2829350709489716,success
77,2000,8,4,0.0,4.0,0.01,0.51,6.999999999999998,4,357,33,110,0,0.6730647917041837,0.27078265615661734,success
76,2000,8,4,0.0,4.0,0.01,0.51,6.799999999999999,4,361,33,106,0,0.6790049755845308,0.2685713544367069,success
78,2000,8,4,0.0,4.0,0.01,0.51,7.199999999999998,4,356,35,109,0,0.6649493027468348,0.2795020497231502,success
94,2000,8,4,0.0,4.0,0.01,0.52,1.2,4,436,38,26,0,1.0,0.0,success
83,2000,8,4,0.0,4.0,0.01,0.51,8.2,4,351,31,118,0,0.6567673584125332,0.2827183072738045,success
82,2000,8,4,0.0,4.0,0.01,0.51,7.999999999999998,4,351,32,117,0,0.6556876326910498,0.2835389894248932,success
96,2000,8,4,0.0,4.0,0.01,0.52,1.5999999999999999,4,409,48,43,0,0.9767441860465116,0.10654131615822317,success
80,2000,8,4,0.0,4.0,0.01,0.51,7.599999999999999,4,355,33,112,0,0.6496387188586942,0.28726165345939125,success
95,2000,8,4,0.0,4.0,0.01,0.52,1.4,4,422,48,30,0,1.0,0.0,success
81,2000,8,4,0.0,4.0,0.01,0.51,7.799999999999999,4,351,34,115,0,0.6520602054209466,0.28357573627425475,success
85,2000,8,4,0.0,4.0,0.01,0.51,8.599999999999998,4,352,32,116,0,0.6357805596730131,0.2806185868120243,success
84,2000,8,4,0.0,4.0,0.01,0.51,8.399999999999999,4,350,32,118,0,0.6465019328641314,0.28570587641258594,success
86,2000,8,4,0.0,4.0,0.01,0.51,8.799999999999997,4,351,34,115,0,0.6312527557916037,0.27981329836719804,success
87,2000,8,4,0.0,4.0,0.01,0.51,8.999999999999998,4,356,34,110,0,0.6053322053648176,0.2786968010085468,success
88,2000,8,4,0.0,4.0,0.01,0.51,9.199999999999998,4,355,35,110,0,0.6000769474364391,0.27404057900159345,success
90,2000,8,4,0.0,4.0,0.01,0.51,9.599999999999998,4,354,31,115,0,0.6066154763173579,0.28140582578991974,success
89,2000,8,4,0.0,4.0,0.01,0.51,9.399999999999999,4,351,32,117,0,0.6124830933479882,0.2817582240508629,success
91,2000,8,4,0.0,4.0,0.01,0.51,9.799999999999997,4,350,30,120,0,0.6119020989850485,0.28750827532270806,success
92,2000,8,4,0.0,4.0,0.01,0.51,9.999999999999998,4,353,31,116,0,0.5900301908233135,0.28633163903262754,success
97,2000,8,4,0.0,4.0,0.01,0.52,1.7999999999999998,4,400,49,51,0,0.913602758502235,0.18977070591741568,success
98,2000,8,4,0.0,4.0,0.01,0.52,1.9999999999999998,4,415,43,42,0,0.7878266470528892,0.25130112396444093,success
99,2000,8,4,0.0,4.0,0.01,0.52,2.1999999999999997,4,400,46,54,0,0.8200781738044033,0.24365628308344459,success
101,2000,8,4,0.0,4.0,0.01,0.52,2.5999999999999996,4,380,43,77,0,0.8418805381270913,0.23062490433631275,success
100,2000,8,4,0.0,4.0,0.01,0.52,2.3999999999999995,4,391,43,66,0,0.8391097763640533,0.2361275510799675,success
103,2000,8,4,0.0,4.0,0.01,0.52,2.9999999999999996,4,392,36,72,0,0.7583586616418052,0.23864150055570646,success
102,2000,8,4,0.0,4.0,0.01,0.52,2.8,4,378,40,82,0,0.8128825902407449,0.23716397066121536,success
104,2000,8,4,0.0,4.0,0.01,0.52,3.1999999999999993,4,381,36,83,0,0.7702202867735627,0.2379402467983153,success
105,2000,8,4,0.0,4.0,0.01,0.52,3.3999999999999995,4,376,34,90,0,0.7878936352417505,0.23785941430625324,success
106,2000,8,4,0.0,4.0,0.01,0.52,3.5999999999999996,4,376,36,88,0,0.7907461718582496,0.2435599817970085,success
108,2000,8,4,0.0,4.0,0.01,0.52,3.999999999999999,4,383,32,85,0,0.7494065540425848,0.2616398970596127,success
107,2000,8,4,0.0,4.0,0.01,0.52,3.7999999999999994,4,377,37,86,0,0.7685941688166406,0.2518204135740881,success
109,2000,8,4,0.0,4.0,0.01,0.52,4.199999999999999,4,375,36,89,0,0.7513922794160335,0.25535246213883295,success
110,2000,8,4,0.0,4.0,0.01,0.52,4.3999999999999995,4,373,37,90,0,0.7171097053340416,0.2676648494760197,success
113,2000,8,4,0.0,4.0,0.01,0.52,4.999999999999999,4,371,40,89,0,0.6800372789386745,0.277280362117518,success
114,2000,8,4,0.0,4.0,0.01,0.52,5.199999999999999,4,370,40,90,0,0.6861952106813791,0.2670287623169779,success
116,2000,8,4,0.0,4.0,0.01,0.52,5.599999999999999,4,374,42,84,0,0.6851100360702829,0.24939534252271742,success
111,2000,8,4,0.0,4.0,0.01,0.52,4.6,4,375,35,90,0,0.7162872887176039,0.2708239542777347,success
112,2000,8,4,0.0,4.0,0.01,0.52,4.799999999999999,4,371,37,92,0,0.7022213913999771,0.2641938522342529,success
115,2000,8,4,0.0,4.0,0.01,0.52,5.399999999999999,4,373,42,85,0,0.6907832920893174,0.24967354281800136,success
118,2000,8,4,0.0,4.0,0.01,0.52,5.999999999999999,4,372,37,91,0,0.6906884239855919,0.24335292136180542,success
117,2000,8,4,0.0,4.0,0.01,0.52,5.799999999999999,4,373,37,90,0,0.6913676024851071,0.24623918607306436,success
119,2000,8,4,0.0,4.0,0.01,0.52,6.199999999999999,4,370,39,91,0,0.67941050762761,0.25137299920615847,success
120,2000,8,4,0.0,4.0,0.01,0.52,6.399999999999999,4,369,38,93,0,0.665225251183494,0.2516063457428849,success
121,2000,8,4,0.0,4.0,0.01,0.52,6.599999999999999,4,368,35,97,0,0.6698245939242022,0.262941331922883,success
122,2000,8,4,0.0,4.0,0.01,0.52,6.799999999999999,4,364,33,103,0,0.6718048580331863,0.2684623617107694,success
123,2000,8,4,0.0,4.0,0.01,0.52,6.999999999999998,4,358,33,109,0,0.6715912531000805,0.2718534647652452,success
124,2000,8,4,0.0,4.0,0.01,0.52,7.199999999999998,4,357,35,108,0,0.663572792298969,0.28073897995146524,success
125,2000,8,4,0.0,4.0,0.01,0.52,7.399999999999999,4,356,36,108,0,0.6506144389228715,0.2838351734708995,success
127,2000,8,4,0.0,4.0,0.01,0.52,7.799999999999999,4,353,34,113,0,0.6493657080078955,0.2854915692598694,success
126,2000,8,4,0.0,4.0,0.01,0.52,7.599999999999999,4,356,32,112,0,0.6515892526764379,0.2890988584234863,success
128,2000,8,4,0.0,4.0,0.01,0.52,7.999999999999998,4,352,32,116,0,0.6552296044517745,0.2854655911319833,success
129,2000,8,4,0.0,4.0,0.01,0.52,8.2,4,352,31,117,0,0.656711438852216,0.2850302749204343,success
139,2000,8,4,0.0,4.0,0.01,0.53,1.0,4,460,40,0,0,,,success
130,2000,8,4,0.0,4.0,0.01,0.52,8.399999999999999,4,350,32,118,0,0.6476998732297704,0.2872873633208357,success
140,2000,8,4,0.0,4.0,0.01,0.53,1.2,4,437,37,26,0,1.0,0.0,success
141,2000,8,4,0.0,4.0,0.01,0.53,1.4,4,423,46,31,0,0.9913558894485462,0.048128370676747335,success
142,2000,8,4,0.0,4.0,0.01,0.53,1.5999999999999999,4,410,46,44,0,0.9711825584751121,0.11157091443917981,success
143,2000,8,4,0.0,4.0,0.01,0.53,1.7999999999999998,4,401,47,52,0,0.9101110241638253,0.18958053690671064,success
145,2000,8,4,0.0,4.0,0.01,0.53,2.1999999999999997,4,403,44,53,0,0.8276281651749775,0.24552590767080143,success
131,2000,8,4,0.0,4.0,0.01,0.52,8.599999999999998,4,352,32,116,0,0.6386384425541107,0.28345058007569207,success
144,2000,8,4,0.0,4.0,0.01,0.53,1.9999999999999998,4,418,42,40,0,0.7800684947699376,0.2517159459750035,success
132,2000,8,4,0.0,4.0,0.01,0.52,8.799999999999997,4,351,34,115,0,0.6340737333126426,0.2827039989502581,success
146,2000,8,4,0.0,4.0,0.01,0.53,2.3999999999999995,4,395,41,64,0,0.8312084457112672,0.2395726462720736,success
147,2000,8,4,0.0,4.0,0.01,0.53,2.5999999999999996,4,385,41,74,0,0.8329850908281028,0.23437283046278481,success
133,2000,8,4,0.0,4.0,0.01,0.52,8.999999999999998,4,356,34,110,0,0.608466939733654,0.28245389728378917,success
134,2000,8,4,0.0,4.0,0.01,0.52,9.199999999999998,4,357,35,108,0,0.596542553807877,0.27589881239839076,success
148,2000,8,4,0.0,4.0,0.01,0.53,2.8,4,383,38,79,0,0.8034489580409452,0.23970526036913412,success
135,2000,8,4,0.0,4.0,0.01,0.52,9.399999999999999,4,352,32,116,0,0.6127930097591439,0.2849165923978108,success
149,2000,8,4,0.0,4.0,0.01,0.53,2.9999999999999996,4,396,34,70,0,0.7516998938678217,0.23857936875280578,success
150,2000,8,4,0.0,4.0,0.01,0.53,3.1999999999999993,4,385,34,81,0,0.761450334305596,0.2367182132637405,success
152,2000,8,4,0.0,4.0,0.01,0.53,3.5999999999999996,4,380,33,87,0,0.7888332310479376,0.2439702423179291,success
151,2000,8,4,0.0,4.0,0.01,0.53,3.3999999999999995,4,380,33,87,0,0.779874624827129,0.2387061647969052,success
136,2000,8,4,0.0,4.0,0.01,0.52,9.599999999999998,4,355,31,114,0,0.6065637978675342,0.28418467534258296,success
137,2000,8,4,0.0,4.0,0.01,0.52,9.799999999999997,4,352,30,118,0,0.608869576652817,0.28933094674273363,success
138,2000,8,4,0.0,4.0,0.01,0.52,9.999999999999998,4,354,31,115,0,0.5907521675401239,0.28969744487644616,success
153,2000,8,4,0.0,4.0,0.01,0.53,3.7999999999999994,4,381,34,85,0,0.7663756058338319,0.2521352854143906,success
154,2000,8,4,0.0,4.0,0.01,0.53,3.999999999999999,4,386,31,83,0,0.7444702675699049,0.26146751391240075,success
155,2000,8,4,0.0,4.0,0.01,0.53,4.199999999999999,4,378,36,86,0,0.7458071109244441,0.2565411704973867,success
156,2000,8,4,0.0,4.0,0.01,0.53,4.3999999999999995,4,376,37,87,0,0.7133805471548783,0.269913514965189,success
157,2000,8,4,0.0,4.0,0.01,0.53,4.6,4,378,35,87,0,0.7129604694979874,0.2731165136052831,success
158,2000,8,4,0.0,4.0,0.01,0.53,4.799999999999999,4,374,37,89,0,0.698663221053741,0.26593661448240635,success
159,2000,8,4,0.0,4.0,0.01,0.53,4.999999999999999,4,374,40,86,0,0.6779802369337122,0.28101565447958865,success
160,2000,8,4,0.0,4.0,0.01,0.53,5.199999999999999,4,373,40,87,0,0.6854442383744915,0.2706159204681924,success
161,2000,8,4,0.0,4.0,0.01,0.53,5.399999999999999,4,377,42,81,0,0.6877614341270474,0.2521940042693036,success
162,2000,8,4,0.0,4.0,0.01,0.53,5.599999999999999,4,377,42,81,0,0.6850951545265208,0.2529286203079741,success
163,2000,8,4,0.0,4.0,0.01,0.53,5.799999999999999,4,376,37,87,0,0.6905431231875977,0.24831100911262963,success
164,2000,8,4,0.0,4.0,0.01,0.53,5.999999999999999,4,375,37,88,0,0.6907711730735028,0.2460929927530865,success
168,2000,8,4,0.0,4.0,0.01,0.53,6.799999999999999,4,367,33,100,0,0.670502913209716,0.27150881124083104,success
165,2000,8,4,0.0,4.0,0.01,0.53,6.199999999999999,4,373,39,88,0,0.6794838491977973,0.25432476030013973,success
167,2000,8,4,0.0,4.0,0.01,0.53,6.599999999999999,4,371,35,94,0,0.6663577672791168,0.2634594048287908,success
166,2000,8,4,0.0,4.0,0.01,0.53,6.399999999999999,4,372,38,90,0,0.6641175583284447,0.25370422295027656,success
169,2000,8,4,0.0,4.0,0.01,0.53,6.999999999999998,4,362,33,105,0,0.6687558908182601,0.2747267558565727,success
170,2000,8,4,0.0,4.0,0.01,0.53,7.199999999999998,4,361,35,104,0,0.6602944490420912,0.2836550309596103,success
171,2000,8,4,0.0,4.0,0.01,0.53,7.399999999999999,4,360,36,104,0,0.6470367490383222,0.2866426236704939,success
172,2000,8,4,0.0,4.0,0.01,0.53,7.599999999999999,4,360,32,108,0,0.6482648772261563,0.29201079619775216,success
173,2000,8,4,0.0,4.0,0.01,0.53,7.799999999999999,4,357,34,109,0,0.646264362397392,0.2884932605518736,success
174,2000,8,4,0.0,4.0,0.01,0.53,7.999999999999998,4,355,32,113,0,0.6551305753094228,0.2884667081353727,success
185,2000,8,4,0.0,4.0,0.01,0.54,1.0,4,460,40,0,0,,,success
175,2000,8,4,0.0,4.0,0.01,0.53,8.2,4,356,31,113,0,0.653573788544311,0.2873463559601546,success
186,2000,8,4,0.0,4.0,0.01,0.54,1.2,4,437,37,26,0,1.0,0.0,success
176,2000,8,4,0.0,4.0,0.01,0.53,8.399999999999999,4,354,32,114,0,0.6443688433990896,0.28937154774328877,success
177,2000,8,4,0.0,4.0,0.01,0.53,8.599999999999998,4,355,32,113,0,0.6380380674628991,0.28612571068599885,success
178,2000,8,4,0.0,4.0,0.01,0.53,8.799999999999997,4,356,34,110,0,0.6274089145791896,0.28427569796290536,success
187,2000,8,4,0.0,4.0,0.01,0.54,1.4,4,423,45,32,0,0.9916260179032792,0.04737039620900844,success
188,2000,8,4,0.0,4.0,0.01,0.54,1.5999999999999999,4,410,45,45,0,0.9718229460645541,0.11037940307312608,success
179,2000,8,4,0.0,4.0,0.01,0.53,8.999999999999998,4,361,34,105,0,0.600177258497449,0.28312492280818363,success
180,2000,8,4,0.0,4.0,0.01,0.53,9.199999999999998,4,360,35,105,0,0.5951522228689434,0.27867993093078897,success
189,2000,8,4,0.0,4.0,0.01,0.54,1.7999999999999998,4,401,46,53,0,0.9023730803116777,0.19601792572699167,success
190,2000,8,4,0.0,4.0,0.01,0.54,1.9999999999999998,4,418,41,41,0,0.7732375558731098,0.25236882790142406,success
181,2000,8,4,0.0,4.0,0.01,0.53,9.399999999999999,4,357,32,111,0,0.6052033208983912,0.2858766776681404,success
182,2000,8,4,0.0,4.0,0.01,0.53,9.599999999999998,4,359,31,110,0,0.602629881915794,0.28666857654447336,success
191,2000,8,4,0.0,4.0,0.01,0.54,2.1999999999999997,4,403,43,54,0,0.8215609769309964,0.24725156933006223,success
183,2000,8,4,0.0,4.0,0.01,0.53,9.799999999999997,4,355,30,115,0,0.6082382909641827,0.29250206968857606,success
184,2000,8,4,0.0,4.0,0.01,0.53,9.999999999999998,4,358,31,111,0,0.5864554540157411,0.29227559917720203,success
192,2000,8,4,0.0,4.0,0.01,0.54,2.3999999999999995,4,395,40,65,0,0.8261129311618629,0.24121760423973665,success
193,2000,8,4,0.0,4.0,0.01,0.54,2.5999999999999996,4,385,40,75,0,0.8285452896170614,0.2359379273104075,success
194,2000,8,4,0.0,4.0,0.01,0.54,2.8,4,384,37,79,0,0.7922845524501703,0.24075544509586574,success
195,2000,8,4,0.0,4.0,0.01,0.54,2.9999999999999996,4,398,33,69,0,0.7383201420434113,0.23483535607706577,success
196,2000,8,4,0.0,4.0,0.01,0.54,3.1999999999999993,4,387,33,80,0,0.7486069027283963,0.2344443596033257,success
198,2000,8,4,0.0,4.0,0.01,0.54,3.5999999999999996,4,382,32,86,0,0.7749123449774248,0.24179889974709765,success
197,2000,8,4,0.0,4.0,0.01,0.54,3.3999999999999995,4,382,32,86,0,0.7681414825520771,0.2375992771644782,success
199,2000,8,4,0.0,4.0,0.01,0.54,3.7999999999999994,4,382,33,85,0,0.7601542744718724,0.2519886966622231,success
200,2000,8,4,0.0,4.0,0.01,0.54,3.999999999999999,4,387,30,83,0,0.7378037140343164,0.26206811622049414,success
201,2000,8,4,0.0,4.0,0.01,0.54,4.199999999999999,4,379,35,86,0,0.7393731115819576,0.2571684853149966,success
202,2000,8,4,0.0,4.0,0.01,0.54,4.3999999999999995,4,377,36,87,0,0.7094787284978138,0.2714299896732497,success
203,2000,8,4,0.0,4.0,0.01,0.54,4.6,4,379,34,87,0,0.7092736318463864,0.2745335369339718,success
204,2000,8,4,0.0,4.0,0.01,0.54,4.799999999999999,4,375,36,89,0,0.68855101507049,0.265163798338733,success
206,2000,8,4,0.0,4.0,0.01,0.54,5.199999999999999,4,374,39,87,0,0.6736804652231981,0.2689392177327177,success
205,2000,8,4,0.0,4.0,0.01,0.54,4.999999999999999,4,375,39,86,0,0.6662148100520218,0.27910117748189395,success
207,2000,8,4,0.0,4.0,0.01,0.54,5.399999999999999,4,378,41,81,0,0.6720293646525513,0.24794227205770247,success
208,2000,8,4,0.0,4.0,0.01,0.54,5.599999999999999,4,379,41,80,0,0.6648486034124673,0.24738648887764655,success
209,2000,8,4,0.0,4.0,0.01,0.54,5.799999999999999,4,378,37,85,0,0.6748070376870589,0.2457884662968622,success
210,2000,8,4,0.0,4.0,0.01,0.54,5.999999999999999,4,377,37,86,0,0.6764875465039238,0.24498626892160955,success
211,2000,8,4,0.0,4.0,0.01,0.54,6.199999999999999,4,375,39,86,0,0.6648459616049719,0.252665260824791,success
212,2000,8,4,0.0,4.0,0.01,0.54,6.399999999999999,4,374,38,88,0,0.6537732237263048,0.25554908395611997,success
213,2000,8,4,0.0,4.0,0.01,0.54,6.599999999999999,4,373,35,92,0,0.6539846360552476,0.2634105151145343,success
214,2000,8,4,0.0,4.0,0.01,0.54,6.799999999999999,4,368,33,99,0,0.6627324814760301,0.2725393049790483,success
215,2000,8,4,0.0,4.0,0.01,0.54,6.999999999999998,4,363,33,104,0,0.6610311887909935,0.2757438125519475,success
216,2000,8,4,0.0,4.0,0.01,0.54,7.199999999999998,4,362,35,103,0,0.6507760372362946,0.28307360279044336,success
218,2000,8,4,0.0,4.0,0.01,0.54,7.599999999999999,4,362,32,106,0,0.6376109549911971,0.2923916845611837,success
217,2000,8,4,0.0,4.0,0.01,0.54,7.399999999999999,4,361,35,104,0,0.6413508306427693,0.2870869543804312,success
219,2000,8,4,0.0,4.0,0.01,0.54,7.799999999999999,4,359,33,108,0,0.6378683810314627,0.28856200321073044,success
220,2000,8,4,0.0,4.0,0.01,0.54,7.999999999999998,4,357,32,111,0,0.6461117876368029,0.28995934116679245,success
222,2000,8,4,0.0,4.0,0.01,0.54,8.399999999999999,4,356,32,112,0,0.6351163504997681,0.29055156799569143,success
221,2000,8,4,0.0,4.0,0.01,0.54,8.2,4,358,31,111,0,0.6441286256888874,0.28834362691378873,success
223,2000,8,4,0.0,4.0,0.01,0.54,8.599999999999998,4,356,32,112,0,0.632175930318688,0.28811046598972034,success
224,2000,8,4,0.0,4.0,0.01,0.54,8.799999999999997,4,356,33,111,0,0.6260521734785764,0.28596748845970077,success
225,2000,8,4,0.0,4.0,0.01,0.54,8.999999999999998,4,361,34,105,0,0.5976127398925747,0.28575175741020503,success
231,2000,8,4,0.0,4.0,0.01,0.55,1.0,4,460,40,0,0,,,success
233,2000,8,4,0.0,4.0,0.01,0.55,1.4,4,423,45,32,0,0.9916260179032792,0.04737039620900844,success
232,2000,8,4,0.0,4.0,0.01,0.55,1.2,4,437,37,26,0,1.0,0.0,success
234,2000,8,4,0.0,4.0,0.01,0.55,1.5999999999999999,4,410,45,45,0,0.9718229460645541,0.11037940307312608,success
226,2000,8,4,0.0,4.0,0.01,0.54,9.199999999999998,4,361,35,104,0,0.5889928128675233,0.28026592390085536,success
235,2000,8,4,0.0,4.0,0.01,0.55,1.7999999999999998,4,401,46,53,0,0.9023730803116777,0.19601792572699167,success
236,2000,8,4,0.0,4.0,0.01,0.55,1.9999999999999998,4,418,41,41,0,0.7732375558731098,0.25236882790142406,success
237,2000,8,4,0.0,4.0,0.01,0.55,2.1999999999999997,4,403,43,54,0,0.8215609769309964,0.24725156933006223,success
238,2000,8,4,0.0,4.0,0.01,0.55,2.3999999999999995,4,395,40,65,0,0.8261129311618629,0.24121760423973665,success
227,2000,8,4,0.0,4.0,0.01,0.54,9.399999999999999,4,358,32,110,0,0.5990492179404849,0.2872277886713574,success
240,2000,8,4,0.0,4.0,0.01,0.55,2.8,4,386,37,77,0,0.791850355717959,0.24191108183912122,success
239,2000,8,4,0.0,4.0,0.01,0.55,2.5999999999999996,4,386,40,74,0,0.8313904657837704,0.2362494852655833,success
241,2000,8,4,0.0,4.0,0.01,0.55,2.9999999999999996,4,400,33,67,0,0.7362102619061909,0.23570618665829896,success
242,2000,8,4,0.0,4.0,0.01,0.55,3.1999999999999993,4,390,33,77,0,0.7437733761687156,0.2349948196428745,success
228,2000,8,4,0.0,4.0,0.01,0.54,9.599999999999998,4,359,31,110,0,0.5988235209257303,0.28792106553730795,success
229,2000,8,4,0.0,4.0,0.01,0.54,9.799999999999997,4,358,30,112,0,0.595260226852285,0.29150676239522666,success
243,2000,8,4,0.0,4.0,0.01,0.55,3.3999999999999995,4,385,32,83,0,0.7643634367011811,0.23857547661760461,success
230,2000,8,4,0.0,4.0,0.01,0.54,9.999999999999998,4,361,31,108,0,0.5722415401188335,0.2899007637316412,success
244,2000,8,4,0.0,4.0,0.01,0.55,3.5999999999999996,4,385,32,83,0,0.7667766466031148,0.24225020023071273,success
245,2000,8,4,0.0,4.0,0.01,0.55,3.7999999999999994,4,385,33,82,0,0.7513794308549898,0.25227277345255,success
246,2000,8,4,0.0,4.0,0.01,0.55,3.999999999999999,4,389,30,81,0,0.7251568921586206,0.2614643813487152,success
247,2000,8,4,0.0,4.0,0.01,0.55,4.199999999999999,4,381,35,84,0,0.7270656747706897,0.2566433556447008,success
248,2000,8,4,0.0,4.0,0.01,0.55,4.3999999999999995,4,378,36,86,0,0.7001404472558068,0.270236211014055,success
249,2000,8,4,0.0,4.0,0.01,0.55,4.6,4,380,34,86,0,0.6999329657595954,0.27338260115740876,success
250,2000,8,4,0.0,4.0,0.01,0.55,4.799999999999999,4,376,36,88,0,0.6819526107516667,0.26568927420438765,success
251,2000,8,4,0.0,4.0,0.01,0.55,4.999999999999999,4,376,39,85,0,0.656784199471789,0.2765785314399642,success
252,2000,8,4,0.0,4.0,0.01,0.55,5.199999999999999,4,375,39,86,0,0.6644579721383047,0.2664961320131516,success
253,2000,8,4,0.0,4.0,0.01,0.55,5.399999999999999,4,379,41,80,0,0.6620945458291578,0.24472429336528492,success
254,2000,8,4,0.0,4.0,0.01,0.55,5.599999999999999,4,380,41,79,0,0.6548800806430997,0.24367259852702944,success
255,2000,8,4,0.0,4.0,0.01,0.55,5.799999999999999,4,379,37,84,0,0.6691616902273315,0.24556483140750218,success
256,2000,8,4,0.0,4.0,0.01,0.55,5.999999999999999,4,377,37,86,0,0.6744441782478167,0.24602564808135163,success
257,2000,8,4,0.0,4.0,0.01,0.55,6.199999999999999,4,375,39,86,0,0.6628001939920417,0.2535797311025601,success
258,2000,8,4,0.0,4.0,0.01,0.55,6.399999999999999,4,373,38,89,0,0.6556866030696947,0.2575435837374088,success
259,2000,8,4,0.0,4.0,0.01,0.55,6.599999999999999,4,373,35,92,0,0.6520136877977422,0.26418785070573697,success
261,2000,8,4,0.0,4.0,0.01,0.55,6.999999999999998,4,364,33,103,0,0.6563308796648135,0.276049365757542,success
260,2000,8,4,0.0,4.0,0.01,0.55,6.799999999999999,4,369,33,98,0,0.657610219893241,0.2725495938862299,success
262,2000,8,4,0.0,4.0,0.01,0.55,7.199999999999998,4,363,35,102,0,0.645132725401103,0.2823970227036896,success
263,2000,8,4,0.0,4.0,0.01,0.55,7.399999999999999,4,360,35,105,0,0.643823529851186,0.28894916785046554,success
264,2000,8,4,0.0,4.0,0.01,0.55,7.599999999999999,4,360,32,108,0,0.6427585695608018,0.29404778501012985,success
265,2000,8,4,0.0,4.0,0.01,0.55,7.799999999999999,4,357,33,110,0,0.6409945639365706,0.28859456345587675,success
267,2000,8,4,0.0,4.0,0.01,0.55,8.2,4,356,31,113,0,0.6482380436430246,0.28978608468636446,success
266,2000,8,4,0.0,4.0,0.01,0.55,7.999999999999998,4,355,32,113,0,0.6502057761485129,0.2913297863974275,success
277,2000,8,4,0.0,4.0,0.01,0.56,1.0,4,460,40,0,0,,,success
268,2000,8,4,0.0,4.0,0.01,0.55,8.399999999999999,4,354,32,114,0,0.6387929306620632,0.2916504744888133,success
278,2000,8,4,0.0,4.0,0.01,0.56,1.2,4,437,37,26,0,1.0,0.0,success
280,2000,8,4,0.0,4.0,0.01,0.56,1.5999999999999999,4,410,45,45,0,0.9718229460645541,0.11037940307312608,success
269,2000,8,4,0.0,4.0,0.01,0.55,8.599999999999998,4,356,32,112,0,0.6297084700942172,0.288094019376304,success
279,2000,8,4,0.0,4.0,0.01,0.56,1.4,4,423,45,32,0,0.9916260179032792,0.04737039620900844,success
281,2000,8,4,0.0,4.0,0.01,0.56,1.7999999999999998,4,401,46,53,0,0.9023730803116777,0.19601792572699167,success
270,2000,8,4,0.0,4.0,0.01,0.55,8.799999999999997,4,357,33,110,0,0.6210010862407506,0.2856264168999278,success
271,2000,8,4,0.0,4.0,0.01,0.55,8.999999999999998,4,360,34,106,0,0.5998663361065806,0.2875763893062027,success
282,2000,8,4,0.0,4.0,0.01,0.56,1.9999999999999998,4,419,41,40,0,0.7675684947699375,0.252926171230297,success
283,2000,8,4,0.0,4.0,0.01,0.56,2.1999999999999997,4,405,43,52,0,0.8146979375821886,0.24946753902695581,success
272,2000,8,4,0.0,4.0,0.01,0.55,9.199999999999998,4,360,35,105,0,0.591502396594715,0.2824712112175434,success
273,2000,8,4,0.0,4.0,0.01,0.55,9.399999999999999,4,360,32,108,0,0.590521797897698,0.28566563492196034,success
274,2000,8,4,0.0,4.0,0.01,0.55,9.599999999999998,4,360,31,109,0,0.5934611902658513,0.2869810542931413,success
275,2000,8,4,0.0,4.0,0.01,0.55,9.799999999999997,4,359,30,111,0,0.5899743564936778,0.2906177643239121,success
284,2000,8,4,0.0,4.0,0.01,0.56,2.3999999999999995,4,396,40,64,0,0.8233959457112672,0.24211995337300896,success
285,2000,8,4,0.0,4.0,0.01,0.56,2.5999999999999996,4,387,40,73,0,0.8290807461369728,0.23704166863713724,success
276,2000,8,4,0.0,4.0,0.01,0.55,9.999999999999998,4,361,31,108,0,0.5697861077071033,0.28926472102091894,success
286,2000,8,4,0.0,4.0,0.01,0.56,2.8,4,387,37,76,0,0.7891115446089848,0.24231377669698695,success
287,2000,8,4,0.0,4.0,0.01,0.56,2.9999999999999996,4,401,33,66,0,0.7309133896529827,0.23674880663724998,success
288,2000,8,4,0.0,4.0,0.01,0.56,3.1999999999999993,4,391,33,76,0,0.7385162798202624,0.23696677933895252,success
289,2000,8,4,0.0,4.0,0.01,0.56,3.3999999999999995,4,385,32,83,0,0.7650452963281824,0.2421886944293344,success
290,2000,8,4,0.0,4.0,0.01,0.56,3.5999999999999996,4,386,32,82,0,0.7649310831713342,0.2459741116660486,success
291,2000,8,4,0.0,4.0,0.01,0.56,3.7999999999999994,4,387,33,80,0,0.7442273268025092,0.254569398625671,success
292,2000,8,4,0.0,4.0,0.01,0.56,3.999999999999999,4,391,30,79,0,0.7159449182066454,0.26262553222026636,success
294,2000,8,4,0.0,4.0,0.01,0.56,4.3999999999999995,4,379,36,85,0,0.69658654792547,0.27259072776641574,success
293,2000,8,4,0.0,4.0,0.01,0.56,4.199999999999999,4,383,35,82,0,0.718393079835004,0.2575760934759257,success
295,2000,8,4,0.0,4.0,0.01,0.56,4.6,4,383,34,83,0,0.6871181479503402,0.27343170727014693,success
296,2000,8,4,0.0,4.0,0.01,0.56,4.799999999999999,4,379,36,85,0,0.6736188903480183,0.2673167476681195,success
297,2000,8,4,0.0,4.0,0.01,0.56,4.999999999999999,4,379,39,82,0,0.6461369989545482,0.27585335531120914,success
298,2000,8,4,0.0,4.0,0.01,0.56,5.199999999999999,4,378,39,83,0,0.6542625181785465,0.26567094661707774,success
299,2000,8,4,0.0,4.0,0.01,0.56,5.399999999999999,4,380,41,79,0,0.6608850100537176,0.24633168237745698,success
300,2000,8,4,0.0,4.0,0.01,0.56,5.599999999999999,4,381,41,78,0,0.6530561424528566,0.24554269301055845,success
301,2000,8,4,0.0,4.0,0.01,0.56,5.799999999999999,4,380,37,83,0,0.6621164922210238,0.24513974438136127,success
302,2000,8,4,0.0,4.0,0.01,0.56,5.999999999999999,4,378,37,85,0,0.6682258894598838,0.2461008156731446,success
303,2000,8,4,0.0,4.0,0.01,0.56,6.199999999999999,4,376,39,85,0,0.6564225970814426,0.25346913149277156,success
304,2000,8,4,0.0,4.0,0.01,0.56,6.399999999999999,4,373,37,90,0,0.654894070896932,0.2574195089993126,success
305,2000,8,4,0.0,4.0,0.01,0.56,6.599999999999999,4,373,34,93,0,0.6505716883153237,0.26375882637054354,success
306,2000,8,4,0.0,4.0,0.01,0.56,6.799999999999999,4,369,32,99,0,0.6562984130838021,0.2720474782715512,success
308,2000,8,4,0.0,4.0,0.01,0.56,7.199999999999998,4,363,34,103,0,0.6435857577853715,0.281470922320631,success
307,2000,8,4,0.0,4.0,0.01,0.56,6.999999999999998,4,364,32,104,0,0.6547053459814229,0.27525378180056775,success
309,2000,8,4,0.0,4.0,0.01,0.56,7.399999999999999,4,363,35,102,0,0.6286750086922743,0.2852742563163587,success
310,2000,8,4,0.0,4.0,0.01,0.56,7.599999999999999,4,364,32,104,0,0.6250581374474893,0.2904140314164136,success
311,2000,8,4,0.0,4.0,0.01,0.56,7.799999999999999,4,362,33,105,0,0.6200528083078289,0.2836547014771759,success
312,2000,8,4,0.0,4.0,0.01,0.56,7.999999999999998,4,360,32,108,0,0.6300624918045393,0.28718662599795886,success
313,2000,8,4,0.0,4.0,0.01,0.56,8.2,4,361,31,108,0,0.6280065143270568,0.28545894922392795,success
314,2000,8,4,0.0,4.0,0.01,0.56,8.399999999999999,4,359,32,109,0,0.6194087089072898,0.2880012354336414,success
315,2000,8,4,0.0,4.0,0.01,0.56,8.599999999999998,4,360,32,108,0,0.6133057950384206,0.28471674364400434,success
316,2000,8,4,0.0,4.0,0.01,0.56,8.799999999999997,4,360,33,107,0,0.607632399907659,0.28269941280634436,success
317,2000,8,4,0.0,4.0,0.01,0.56,8.999999999999998,4,362,34,104,0,0.5885597491133503,0.28405621587600227,success
318,2000,8,4,0.0,4.0,0.01,0.56,9.199999999999998,4,361,35,104,0,0.5839182090406,0.2800202687728686,success
319,2000,8,4,0.0,4.0,0.01,0.56,9.399999999999999,4,360,32,108,0,0.5868680044288578,0.28472161698970827,success
320,2000,8,4,0.0,4.0,0.01,0.56,9.599999999999998,4,360,31,109,0,0.5896681497734133,0.2859605782456922,success
323,2000,8,4,0.0,4.0,0.01,0.5700000000000001,1.0,4,460,40,0,0,,,success
324,2000,8,4,0.0,4.0,0.01,0.5700000000000001,1.2,4,437,37,26,0,1.0,0.0,success
325,2000,8,4,0.0,4.0,0.01,0.5700000000000001,1.4,4,423,45,32,0,0.9916260179032792,0.04737039620900844,success
326,2000,8,4,0.0,4.0,0.01,0.5700000000000001,1.5999999999999999,4,411,45,44,0,0.9711825584751121,0.11157091443917981,success
327,2000,8,4,0.0,4.0,0.01,0.5700000000000001,1.7999999999999998,4,401,45,54,0,0.9041809862318319,0.19461388623350018,success
328,2000,8,4,0.0,4.0,0.01,0.5700000000000001,1.9999999999999998,4,420,41,39,0,0.7573343472004216,0.25923884237288214,success
321,2000,8,4,0.0,4.0,0.01,0.56,9.799999999999997,4,359,30,111,0,0.5861131492440035,0.2893615441828852,success
329,2000,8,4,0.0,4.0,0.01,0.5700000000000001,2.1999999999999997,4,406,43,51,0,0.8088790120099131,0.25454191789063124,success
330,2000,8,4,0.0,4.0,0.01,0.5700000000000001,2.3999999999999995,4,397,40,63,0,0.8188234505357597,0.24640413185892682,success
322,2000,8,4,0.0,4.0,0.01,0.56,9.999999999999998,4,362,31,107,0,0.5619187452839353,0.28615081080682536,success
331,2000,8,4,0.0,4.0,0.01,0.5700000000000001,2.5999999999999996,4,390,40,70,0,0.8201633046604397,0.24248999004076835,success
332,2000,8,4,0.0,4.0,0.01,0.5700000000000001,2.8,4,389,37,74,0,0.7790155206516943,0.2443538935382504,success
333,2000,8,4,0.0,4.0,0.01,0.5700000000000001,2.9999999999999996,4,403,33,64,0,0.7207628214895097,0.2382098938669869,success
335,2000,8,4,0.0,4.0,0.01,0.5700000000000001,3.3999999999999995,4,388,32,80,0,0.7554588293170499,0.2465242133136889,success
334,2000,8,4,0.0,4.0,0.01,0.5700000000000001,3.1999999999999993,4,394,33,73,0,0.7277647631704868,0.239802279089365,success
337,2000,8,4,0.0,4.0,0.01,0.5700000000000001,3.7999999999999994,4,388,33,79,0,0.737181054334643,0.25713825140798746,success
338,2000,8,4,0.0,4.0,0.01,0.5700000000000001,3.999999999999999,4,394,30,76,0,0.7009143153778866,0.26351541742896606,success
336,2000,8,4,0.0,4.0,0.01,0.5700000000000001,3.5999999999999996,4,388,32,80,0,0.7573612050694998,0.2501715090801571,success
339,2000,8,4,0.0,4.0,0.01,0.5700000000000001,4.199999999999999,4,385,35,80,0,0.7081734149128096,0.25868140541115286,success
340,2000,8,4,0.0,4.0,0.01,0.5700000000000001,4.3999999999999995,4,381,36,83,0,0.6879838912357945,0.27462865813865495,success
341,2000,8,4,0.0,4.0,0.01,0.5700000000000001,4.6,4,384,34,82,0,0.6828526567482794,0.2762162535728325,success
342,2000,8,4,0.0,4.0,0.01,0.5700000000000001,4.799999999999999,4,380,36,84,0,0.6699625912910362,0.2697856465943192,success
343,2000,8,4,0.0,4.0,0.01,0.5700000000000001,4.999999999999999,4,379,39,82,0,0.6455836092850477,0.2780807109233751,success
344,2000,8,4,0.0,4.0,0.01,0.5700000000000001,5.199999999999999,4,378,39,83,0,0.6537596535171708,0.2679678192457297,success
345,2000,8,4,0.0,4.0,0.01,0.5700000000000001,5.399999999999999,4,380,41,79,0,0.6604235181733767,0.24892467029564733,success
346,2000,8,4,0.0,4.0,0.01,0.5700000000000001,5.599999999999999,4,381,41,78,0,0.65233971375859,0.2481137191770662,success
347,2000,8,4,0.0,4.0,0.01,0.5700000000000001,5.799999999999999,4,381,37,82,0,0.6577661189812899,0.24682145592600815,success
348,2000,8,4,0.0,4.0,0.01,0.5700000000000001,5.999999999999999,4,380,37,83,0,0.6580745987826937,0.24507698798787603,success
349,2000,8,4,0.0,4.0,0.01,0.5700000000000001,6.199999999999999,4,377,39,84,0,0.6477092228198509,0.2511266987242223,success
350,2000,8,4,0.0,4.0,0.01,0.5700000000000001,6.399999999999999,4,374,37,89,0,0.6470213285609646,0.25569998668031974,success
351,2000,8,4,0.0,4.0,0.01,0.5700000000000001,6.599999999999999,4,374,34,92,0,0.642764787776027,0.2621595754616927,success
352,2000,8,4,0.0,4.0,0.01,0.5700000000000001,6.799999999999999,4,370,32,98,0,0.649158232267481,0.27142747015936525,success
353,2000,8,4,0.0,4.0,0.01,0.5700000000000001,6.999999999999998,4,365,32,103,0,0.647511813595629,0.27433320553549323,success
354,2000,8,4,0.0,4.0,0.01,0.5700000000000001,7.199999999999998,4,365,33,102,0,0.6366451823812028,0.2808383609572515,success
355,2000,8,4,0.0,4.0,0.01,0.5700000000000001,7.399999999999999,4,364,34,102,0,0.6249137554836218,0.2853935983813122,success
356,2000,8,4,0.0,4.0,0.01,0.5700000000000001,7.599999999999999,4,364,32,104,0,0.6217843561787226,0.29105894417841593,success
358,2000,8,4,0.0,4.0,0.01,0.5700000000000001,7.999999999999998,4,363,32,105,0,0.6175593724531345,0.28648025533298893,success
357,2000,8,4,0.0,4.0,0.01,0.5700000000000001,7.799999999999999,4,362,33,105,0,0.6168971028238944,0.28435874620857476,success
359,2000,8,4,0.0,4.0,0.01,0.5700000000000001,8.2,4,364,31,105,0,0.6164800316043325,0.28568082953281054,success
369,2000,8,4,0.0,4.0,0.01,0.5800000000000001,1.0,4,461,39,0,0,,,success
360,2000,8,4,0.0,4.0,0.01,0.5700000000000001,8.399999999999999,4,362,32,106,0,0.607302876729226,0.2878103604879041,success
371,2000,8,4,0.0,4.0,0.01,0.5800000000000001,1.4,4,424,43,33,0,0.9918797749365131,0.046647141581188635,success
370,2000,8,4,0.0,4.0,0.01,0.5800000000000001,1.2,4,438,35,27,0,1.0,0.0,success
361,2000,8,4,0.0,4.0,0.01,0.5700000000000001,8.599999999999998,4,362,32,106,0,0.6045290407840329,0.2851398731243329,success
362,2000,8,4,0.0,4.0,0.01,0.5700000000000001,8.799999999999997,4,365,33,102,0,0.5879053934021925,0.27963582722716684,success
373,2000,8,4,0.0,4.0,0.01,0.5800000000000001,1.7999999999999998,4,403,43,54,0,0.9041809862318317,0.19461388623350018,success
372,2000,8,4,0.0,4.0,0.01,0.5800000000000001,1.5999999999999999,4,412,43,45,0,0.9718229460645541,0.11037940307312608,success
363,2000,8,4,0.0,4.0,0.01,0.5700000000000001,8.999999999999998,4,365,33,102,0,0.5768153511805487,0.2816851340519858,success
364,2000,8,4,0.0,4.0,0.01,0.5700000000000001,9.199999999999998,4,364,34,102,0,0.5716855675098023,0.2767558570714979,success
374,2000,8,4,0.0,4.0,0.01,0.5800000000000001,1.9999999999999998,4,424,40,36,0,0.7648899872449012,0.2596920061690384,success
375,2000,8,4,0.0,4.0,0.01,0.5800000000000001,2.1999999999999997,4,411,42,47,0,0.8075882000308995,0.251740412912115,success
376,2000,8,4,0.0,4.0,0.01,0.5800000000000001,2.3999999999999995,4,402,39,59,0,0.8099947995372809,0.24582841138794334,success
377,2000,8,4,0.0,4.0,0.01,0.5800000000000001,2.5999999999999996,4,395,38,67,0,0.8237128257015813,0.2410888272045335,success
365,2000,8,4,0.0,4.0,0.01,0.5700000000000001,9.399999999999999,4,362,31,107,0,0.5798606363592779,0.2841107750697606,success
366,2000,8,4,0.0,4.0,0.01,0.5700000000000001,9.599999999999998,4,366,30,104,0,0.5677790770973227,0.2799683869028576,success
378,2000,8,4,0.0,4.0,0.01,0.5800000000000001,2.8,4,393,35,72,0,0.7824815651858696,0.24483880907102837,success
367,2000,8,4,0.0,4.0,0.01,0.5700000000000001,9.799999999999997,4,364,29,107,0,0.5676045896762975,0.2841357828327105,success
379,2000,8,4,0.0,4.0,0.01,0.5800000000000001,2.9999999999999996,4,404,32,64,0,0.7299757967528842,0.24192614759323516,success
380,2000,8,4,0.0,4.0,0.01,0.5800000000000001,3.1999999999999993,4,395,32,73,0,0.7358237466708611,0.2434549264972541,success
368,2000,8,4,0.0,4.0,0.01,0.5700000000000001,9.999999999999998,4,367,30,103,0,0.5412116854974072,0.27792293814886765,success
381,2000,8,4,0.0,4.0,0.01,0.5800000000000001,3.3999999999999995,4,390,31,79,0,0.7598102802644471,0.24907811228615945,success
382,2000,8,4,0.0,4.0,0.01,0.5800000000000001,3.5999999999999996,4,390,32,78,0,0.7556043317326817,0.2515702783141907,success
383,2000,8,4,0.0,4.0,0.01,0.5800000000000001,3.7999999999999994,4,391,33,76,0,0.7325346673821492,0.2576424728379923,success
384,2000,8,4,0.0,4.0,0.01,0.5800000000000001,3.999999999999999,4,398,29,73,0,0.6951656908523447,0.2633479632701002,success
385,2000,8,4,0.0,4.0,0.01,0.5800000000000001,4.199999999999999,4,388,34,78,0,0.7087462796601228,0.2605926330594391,success
386,2000,8,4,0.0,4.0,0.01,0.5800000000000001,4.3999999999999995,4,384,35,81,0,0.7000531932146314,0.2671958563062848,success
387,2000,8,4,0.0,4.0,0.01,0.5800000000000001,4.6,4,387,33,80,0,0.6942541879396598,0.26915077408061094,success
388,2000,8,4,0.0,4.0,0.01,0.5800000000000001,4.799999999999999,4,382,35,83,0,0.6845765808370666,0.26433403327769933,success
389,2000,8,4,0.0,4.0,0.01,0.5800000000000001,4.999999999999999,4,382,39,79,0,0.6513400992637448,0.27170047579557394,success
390,2000,8,4,0.0,4.0,0.01,0.5800000000000001,5.199999999999999,4,382,38,80,0,0.6617276199636813,0.2612938003892813,success
391,2000,8,4,0.0,4.0,0.01,0.5800000000000001,5.399999999999999,4,383,40,77,0,0.6637671268473253,0.25328997780676554,success
392,2000,8,4,0.0,4.0,0.01,0.5800000000000001,5.599999999999999,4,384,40,76,0,0.6541118007137176,0.251569103885254,success
393,2000,8,4,0.0,4.0,0.01,0.5800000000000001,5.799999999999999,4,385,36,79,0,0.6580235823646458,0.2517056108629116,success
394,2000,8,4,0.0,4.0,0.01,0.5800000000000001,5.999999999999999,4,383,37,80,0,0.6553726272136957,0.249965372923054,success
395,2000,8,4,0.0,4.0,0.01,0.5800000000000001,6.199999999999999,4,382,39,79,0,0.6360937991907738,0.2533169575216873,success
396,2000,8,4,0.0,4.0,0.01,0.5800000000000001,6.399999999999999,4,380,37,83,0,0.6306928642123553,0.2555085240690755,success
397,2000,8,4,0.0,4.0,0.01,0.5800000000000001,6.599999999999999,4,378,34,88,0,0.6327443686144562,0.26345511918055825,success
398,2000,8,4,0.0,4.0,0.01,0.5800000000000001,6.799999999999999,4,374,32,94,0,0.6399305073958356,0.2737161142889353,success
399,2000,8,4,0.0,4.0,0.01,0.5800000000000001,6.999999999999998,4,368,32,100,0,0.6423846066025735,0.2777158291769715,success
400,2000,8,4,0.0,4.0,0.01,0.5800000000000001,7.199999999999998,4,369,32,99,0,0.6289809931273038,0.28208715744759383,success
401,2000,8,4,0.0,4.0,0.01,0.5800000000000001,7.399999999999999,4,367,33,100,0,0.6214165000743513,0.2879153159358293,success
402,2000,8,4,0.0,4.0,0.01,0.5800000000000001,7.599999999999999,4,369,31,100,0,0.6113937083076102,0.29180888565800334,success
403,2000,8,4,0.0,4.0,0.01,0.5800000000000001,7.799999999999999,4,368,32,100,0,0.6018264179105015,0.28312336297313556,success
404,2000,8,4,0.0,4.0,0.01,0.5800000000000001,7.999999999999998,4,368,31,101,0,0.6071323772596172,0.2871374548555326,success
405,2000,8,4,0.0,4.0,0.01,0.5800000000000001,8.2,4,368,30,102,0,0.609419891294509,0.28678498672488184,success
406,2000,8,4,0.0,4.0,0.01,0.5800000000000001,8.399999999999999,4,368,31,101,0,0.593017424385439,0.2869286338471436,success
407,2000,8,4,0.0,4.0,0.01,0.5800000000000001,8.599999999999998,4,369,31,100,0,0.5863368964233239,0.28283214101477294,success
408,2000,8,4,0.0,4.0,0.01,0.5800000000000001,8.799999999999997,4,371,32,97,0,0.5727391298988845,0.27782472246276985,success
409,2000,8,4,0.0,4.0,0.01,0.5800000000000001,8.999999999999998,4,370,32,98,0,0.565401229421393,0.2810818616424723,success
415,2000,8,4,0.0,4.0,0.01,0.5900000000000001,1.0,4,463,37,0,0,,,success
410,2000,8,4,0.0,4.0,0.01,0.5800000000000001,9.199999999999998,4,369,33,98,0,0.5600319035809538,0.27606147171341977,success
416,2000,8,4,0.0,4.0,0.01,0.5900000000000001,1.2,4,440,34,26,0,1.0,0.0,success
411,2000,8,4,0.0,4.0,0.01,0.5800000000000001,9.399999999999999,4,367,30,103,0,0.5692803599306474,0.28447592237847086,success
412,2000,8,4,0.0,4.0,0.01,0.5800000000000001,9.599999999999998,4,373,30,97,0,0.545743449421329,0.2763475454043388,success
413,2000,8,4,0.0,4.0,0.01,0.5800000000000001,9.799999999999997,4,372,29,99,0,0.5417931520065352,0.2789959656484063,success
414,2000,8,4,0.0,4.0,0.01,0.5800000000000001,9.999999999999998,4,372,30,98,0,0.5263357534695813,0.2766737733880342,success
417,2000,8,4,0.0,4.0,0.01,0.5900000000000001,1.4,4,427,41,32,0,0.9916260179032792,0.04737039620900844,success
418,2000,8,4,0.0,4.0,0.01,0.5900000000000001,1.5999999999999999,4,415,40,45,0,0.9718229460645541,0.11037940307312608,success
419,2000,8,4,0.0,4.0,0.01,0.5900000000000001,1.7999999999999998,4,406,41,53,0,0.9023730803116776,0.19601792572699164,success
420,2000,8,4,0.0,4.0,0.01,0.5900000000000001,1.9999999999999998,4,425,39,36,0,0.7787788761337899,0.25848809868674805,success
421,2000,8,4,0.0,4.0,0.01,0.5900000000000001,2.1999999999999997,4,412,41,47,0,0.81822649790324,0.24900940630558643,success
422,2000,8,4,0.0,4.0,0.01,0.5900000000000001,2.3999999999999995,4,403,38,59,0,0.8184693758084673,0.24356551081394212,success
423,2000,8,4,0.0,4.0,0.01,0.5900000000000001,2.5999999999999996,4,396,37,67,0,0.8311755122687455,0.23864288404032122,success
424,2000,8,4,0.0,4.0,0.01,0.5900000000000001,2.8,4,396,35,69,0,0.7875169955562697,0.2439718384165515,success
425,2000,8,4,0.0,4.0,0.01,0.5900000000000001,2.9999999999999996,4,408,32,60,0,0.7300709137133753,0.23966247849695535,success
426,2000,8,4,0.0,4.0,0.01,0.5900000000000001,3.1999999999999993,4,399,32,69,0,0.7362454686607361,0.2415883133419781,success
427,2000,8,4,0.0,4.0,0.01,0.5900000000000001,3.3999999999999995,4,394,30,76,0,0.7580370522567006,0.24776446835206017,success
429,2000,8,4,0.0,4.0,0.01,0.5900000000000001,3.7999999999999994,4,394,32,74,0,0.7414302151755944,0.25523893648477636,success
428,2000,8,4,0.0,4.0,0.01,0.5900000000000001,3.5999999999999996,4,394,31,75,0,0.7536392227435614,0.2503197397772037,success
430,2000,8,4,0.0,4.0,0.01,0.5900000000000001,3.999999999999999,4,401,28,71,0,0.7080921610989269,0.26439884891585824,success
431,2000,8,4,0.0,4.0,0.01,0.5900000000000001,4.199999999999999,4,392,34,74,0,0.7150139900185248,0.26149862969801335,success
432,2000,8,4,0.0,4.0,0.01,0.5900000000000001,4.3999999999999995,4,388,34,78,0,0.7056903978811562,0.26642983119262786,success
433,2000,8,4,0.0,4.0,0.01,0.5900000000000001,4.6,4,392,32,76,0,0.695290487114529,0.26898658386516344,success
434,2000,8,4,0.0,4.0,0.01,0.5900000000000001,4.799999999999999,4,387,34,79,0,0.6840980603154667,0.2625517139831722,success
436,2000,8,4,0.0,4.0,0.01,0.5900000000000001,5.199999999999999,4,386,37,77,0,0.6582529726302914,0.2567935441594455,success
435,2000,8,4,0.0,4.0,0.01,0.5900000000000001,4.999999999999999,4,387,38,75,0,0.6427679238877776,0.2661635208061311,success
437,2000,8,4,0.0,4.0,0.01,0.5900000000000001,5.399999999999999,4,387,39,74,0,0.6595884400425261,0.24834075139827602,success
438,2000,8,4,0.0,4.0,0.01,0.5900000000000001,5.599999999999999,4,388,39,73,0,0.6507321378931388,0.24713692555970956,success
439,2000,8,4,0.0,4.0,0.01,0.5900000000000001,5.799999999999999,4,389,35,76,0,0.6547552871223916,0.24738292880162613,success
440,2000,8,4,0.0,4.0,0.01,0.5900000000000001,5.999999999999999,4,387,36,77,0,0.6521143751348427,0.24626499979937652,success
441,2000,8,4,0.0,4.0,0.01,0.5900000000000001,6.199999999999999,4,385,38,77,0,0.6365270225154148,0.2507571286490148,success
442,2000,8,4,0.0,4.0,0.01,0.5900000000000001,6.399999999999999,4,383,37,80,0,0.6290204484073975,0.25410217774611005,success
443,2000,8,4,0.0,4.0,0.01,0.5900000000000001,6.599999999999999,4,381,34,85,0,0.6312326546117716,0.26244986066612097,success
444,2000,8,4,0.0,4.0,0.01,0.5900000000000001,6.799999999999999,4,377,32,91,0,0.6377915810221566,0.27214847682160637,success
445,2000,8,4,0.0,4.0,0.01,0.5900000000000001,6.999999999999998,4,371,32,97,0,0.6450866130435915,0.2802234765536568,success
447,2000,8,4,0.0,4.0,0.01,0.5900000000000001,7.399999999999999,4,370,33,97,0,0.6237344282523677,0.29101558101917435,success
446,2000,8,4,0.0,4.0,0.01,0.5900000000000001,7.199999999999998,4,372,32,96,0,0.6316312840261958,0.2851695845886612,success
448,2000,8,4,0.0,4.0,0.01,0.5900000000000001,7.599999999999999,4,373,31,96,0,0.6094472051855122,0.294278481955668,success
449,2000,8,4,0.0,4.0,0.01,0.5900000000000001,7.799999999999999,4,371,32,97,0,0.602881602346567,0.285958537289149,success
450,2000,8,4,0.0,4.0,0.01,0.5900000000000001,7.999999999999998,4,371,31,98,0,0.6098466385356633,0.2910627863258108,success
451,2000,8,4,0.0,4.0,0.01,0.5900000000000001,8.2,4,372,30,98,0,0.6078776912568989,0.2890011333747838,success
461,2000,8,4,0.0,4.0,0.01,0.6000000000000001,1.0,4,464,36,0,0,,,success
452,2000,8,4,0.0,4.0,0.01,0.5900000000000001,8.399999999999999,4,373,31,96,0,0.5870824394553577,0.2881988057598957,success
453,2000,8,4,0.0,4.0,0.01,0.5900000000000001,8.599999999999998,4,374,31,95,0,0.579584643119632,0.28332377725983277,success
462,2000,8,4,0.0,4.0,0.01,0.6000000000000001,1.2,4,441,33,26,0,1.0,0.0,success
454,2000,8,4,0.0,4.0,0.01,0.5900000000000001,8.799999999999997,4,375,32,93,0,0.5700956563052252,0.2800303380783293,success
464,2000,8,4,0.0,4.0,0.01,0.6000000000000001,1.5999999999999999,4,415,39,46,0,0.9724354907153246,0.10922511331772276,success
463,2000,8,4,0.0,4.0,0.01,0.6000000000000001,1.4,4,428,40,32,0,0.9916260179032792,0.04737039620900844,success
455,2000,8,4,0.0,4.0,0.01,0.5900000000000001,8.999999999999998,4,374,32,94,0,0.5622369225907682,0.2829788958339609,success
465,2000,8,4,0.0,4.0,0.01,0.6000000000000001,1.7999999999999998,4,407,39,54,0,0.9041809862318319,0.19461388623350018,success
456,2000,8,4,0.0,4.0,0.01,0.5900000000000001,9.199999999999998,4,374,33,93,0,0.5518055285028328,0.2753074143462417,success
466,2000,8,4,0.0,4.0,0.01,0.6000000000000001,1.9999999999999998,4,428,35,37,0,0.7847578254274713,0.25745439274949977,success
457,2000,8,4,0.0,4.0,0.01,0.5900000000000001,9.399999999999999,4,372,30,98,0,0.5619664992101819,0.28442502488792876,success
467,2000,8,4,0.0,4.0,0.01,0.6000000000000001,2.1999999999999997,4,415,36,49,0,0.8256458245194342,0.2464602495790388,success
458,2000,8,4,0.0,4.0,0.01,0.5900000000000001,9.599999999999998,4,377,30,93,0,0.5418940348521583,0.278078497843933,success
468,2000,8,4,0.0,4.0,0.01,0.6000000000000001,2.3999999999999995,4,406,34,60,0,0.8214948862116596,0.24262705258415063,success
469,2000,8,4,0.0,4.0,0.01,0.6000000000000001,2.5999999999999996,4,399,34,67,0,0.8335314666668033,0.23953039545846438,success
471,2000,8,4,0.0,4.0,0.01,0.6000000000000001,2.9999999999999996,4,412,31,57,0,0.7272965102276316,0.2408550320327164,success
470,2000,8,4,0.0,4.0,0.01,0.6000000000000001,2.8,4,399,32,69,0,0.7984818965711629,0.24389321986068493,success
459,2000,8,4,0.0,4.0,0.01,0.5900000000000001,9.799999999999997,4,376,29,95,0,0.5379186471534697,0.28082246712023673,success
460,2000,8,4,0.0,4.0,0.01,0.5900000000000001,9.999999999999998,4,374,30,96,0,0.5314756685270697,0.28311385024354363,success
472,2000,8,4,0.0,4.0,0.01,0.6000000000000001,3.1999999999999993,4,404,30,66,0,0.7447033917661096,0.23879496188229463,success
473,2000,8,4,0.0,4.0,0.01,0.6000000000000001,3.3999999999999995,4,398,28,74,0,0.7724687484606673,0.23926402990565834,success
474,2000,8,4,0.0,4.0,0.01,0.6000000000000001,3.5999999999999996,4,396,28,76,0,0.7789922196504404,0.24032077273257357,success
475,2000,8,4,0.0,4.0,0.01,0.6000000000000001,3.7999999999999994,4,397,30,73,0,0.765039377245805,0.247194547922182,success
476,2000,8,4,0.0,4.0,0.01,0.6000000000000001,3.999999999999999,4,406,29,65,0,0.7149463724667778,0.26003089699577475,success
477,2000,8,4,0.0,4.0,0.01,0.6000000000000001,4.199999999999999,4,397,36,67,0,0.7193731231008584,0.2582021619645495,success
478,2000,8,4,0.0,4.0,0.01,0.6000000000000001,4.3999999999999995,4,393,35,72,0,0.7124976632976439,0.26454276850561464,success
479,2000,8,4,0.0,4.0,0.01,0.6000000000000001,4.6,4,397,32,71,0,0.7054362270272019,0.26685383854282163,success
480,2000,8,4,0.0,4.0,0.01,0.6000000000000001,4.799999999999999,4,393,34,73,0,0.6925911931143754,0.2615380266802173,success
481,2000,8,4,0.0,4.0,0.01,0.6000000000000001,4.999999999999999,4,392,39,69,0,0.6484053389636982,0.26594762372316755,success
483,2000,8,4,0.0,4.0,0.01,0.6000000000000001,5.399999999999999,4,393,39,68,0,0.6674778329465162,0.24596208254649415,success
482,2000,8,4,0.0,4.0,0.01,0.6000000000000001,5.199999999999999,4,391,37,72,0,0.668134078321563,0.25498327389928394,success
484,2000,8,4,0.0,4.0,0.01,0.6000000000000001,5.599999999999999,4,394,38,68,0,0.6614828474284266,0.24483982098388168,success
485,2000,8,4,0.0,4.0,0.01,0.6000000000000001,5.799999999999999,4,395,34,71,0,0.6682963494539349,0.24848211084696692,success
486,2000,8,4,0.0,4.0,0.01,0.6000000000000001,5.999999999999999,4,395,36,69,0,0.6538988397612118,0.2437957951002722,success
487,2000,8,4,0.0,4.0,0.01,0.6000000000000001,6.199999999999999,4,394,38,68,0,0.6326147633398697,0.24884685220660088,success
488,2000,8,4,0.0,4.0,0.01,0.6000000000000001,6.399999999999999,4,389,36,75,0,0.6436686764420563,0.2589998771263669,success
489,2000,8,4,0.0,4.0,0.01,0.6000000000000001,6.599999999999999,4,386,34,80,0,0.6445812438292682,0.2667917595650248,success
490,2000,8,4,0.0,4.0,0.01,0.6000000000000001,6.799999999999999,4,384,32,84,0,0.6433150847944614,0.27431938186300847,success
491,2000,8,4,0.0,4.0,0.01,0.6000000000000001,6.999999999999998,4,377,33,90,0,0.6526333939558309,0.2840535703163184,success
492,2000,8,4,0.0,4.0,0.01,0.6000000000000001,7.199999999999998,4,378,32,90,0,0.6403755334886065,0.28887494069411485,success
493,2000,8,4,0.0,4.0,0.01,0.6000000000000001,7.399999999999999,4,376,34,90,0,0.6277368593651944,0.29436491851102736,success
494,2000,8,4,0.0,4.0,0.01,0.6000000000000001,7.599999999999999,4,378,31,91,0,0.6212315673627241,0.300595750997286,success
496,2000,8,4,0.0,4.0,0.01,0.6000000000000001,7.999999999999998,4,377,31,92,0,0.616737824522677,0.29534412619178363,success
495,2000,8,4,0.0,4.0,0.01,0.6000000000000001,7.799999999999999,4,376,33,91,0,0.6097451165392697,0.29081395646230435,success
497,2000,8,4,0.0,4.0,0.01,0.6000000000000001,8.2,4,378,31,91,0,0.611551185313835,0.29335300629933325,success
498,2000,8,4,0.0,4.0,0.01,0.6000000000000001,8.399999999999999,4,378,32,90,0,0.5939378063925612,0.2944764656796621,success
499,2000,8,4,0.0,4.0,0.01,0.6000000000000001,8.599999999999998,4,379,31,90,0,0.5891294111125711,0.28951634733917647,success
507,2000,8,4,0.0,4.0,0.01,0.6100000000000001,1.0,4,466,34,0,0,,,success
508,2000,8,4,0.0,4.0,0.01,0.6100000000000001,1.2,4,443,31,26,0,1.0,0.0,success
509,2000,8,4,0.0,4.0,0.01,0.6100000000000001,1.4,4,430,38,32,0,0.9916260179032792,0.04737039620900844,success
500,2000,8,4,0.0,4.0,0.01,0.6000000000000001,8.799999999999997,4,382,31,87,0,0.5765899119823491,0.28716509564799325,success
501,2000,8,4,0.0,4.0,0.01,0.6000000000000001,8.999999999999998,4,381,31,88,0,0.567672626327137,0.28977531406103685,success
510,2000,8,4,0.0,4.0,0.01,0.6100000000000001,1.5999999999999999,4,417,37,46,0,0.9724354907153246,0.10922511331772276,success
502,2000,8,4,0.0,4.0,0.01,0.6000000000000001,9.199999999999998,4,379,32,89,0,0.5659125869329426,0.2855985049650798,success
503,2000,8,4,0.0,4.0,0.01,0.6000000000000001,9.399999999999999,4,377,29,94,0,0.5759467253407196,0.2940852805504859,success
511,2000,8,4,0.0,4.0,0.01,0.6100000000000001,1.7999999999999998,4,410,37,53,0,0.9023730803116776,0.19601792572699164,success
504,2000,8,4,0.0,4.0,0.01,0.6000000000000001,9.599999999999998,4,383,29,88,0,0.5473482526482926,0.2824528399803412,success
505,2000,8,4,0.0,4.0,0.01,0.6000000000000001,9.799999999999997,4,382,28,90,0,0.5432776867666831,0.2855194405000662,success
506,2000,8,4,0.0,4.0,0.01,0.6000000000000001,9.999999999999998,4,382,29,89,0,0.5286637836645407,0.28677397835691315,success
512,2000,8,4,0.0,4.0,0.01,0.6100000000000001,1.9999999999999998,4,430,34,36,0,0.7787788761337899,0.2584880986867481,success
513,2000,8,4,0.0,4.0,0.01,0.6100000000000001,2.1999999999999997,4,417,35,48,0,0.8220134458635892,0.2477393415269578,success
514,2000,8,4,0.0,4.0,0.01,0.6100000000000001,2.3999999999999995,4,408,33,59,0,0.8130847025690539,0.2429941834773964,success
515,2000,8,4,0.0,4.0,0.01,0.6100000000000001,2.5999999999999996,4,402,34,64,0,0.8257282541668097,0.242333405292759,success
516,2000,8,4,0.0,4.0,0.01,0.6100000000000001,2.8,4,403,32,65,0,0.7990189227610238,0.24904987065871492,success
517,2000,8,4,0.0,4.0,0.01,0.6100000000000001,2.9999999999999996,4,415,31,54,0,0.7330187866433718,0.2450448026395867,success
518,2000,8,4,0.0,4.0,0.01,0.6100000000000001,3.1999999999999993,4,407,30,63,0,0.751862668027768,0.24313228217037675,success
519,2000,8,4,0.0,4.0,0.01,0.6100000000000001,3.3999999999999995,4,401,28,71,0,0.7810509105537115,0.24233997188218528,success
521,2000,8,4,0.0,4.0,0.01,0.6100000000000001,3.7999999999999994,4,400,30,70,0,0.7768831991317734,0.24745593603961208,success
520,2000,8,4,0.0,4.0,0.01,0.6100000000000001,3.5999999999999996,4,399,28,73,0,0.7874945906799301,0.24231874103542891,success
523,2000,8,4,0.0,4.0,0.01,0.6100000000000001,4.199999999999999,4,400,36,64,0,0.7290240779350257,0.2616962095658488,success
522,2000,8,4,0.0,4.0,0.01,0.6100000000000001,3.999999999999999,4,409,29,62,0,0.7247836104098312,0.2637836693325446,success
524,2000,8,4,0.0,4.0,0.01,0.6100000000000001,4.3999999999999995,4,396,35,69,0,0.7206968299119494,0.26867215836010466,success
525,2000,8,4,0.0,4.0,0.01,0.6100000000000001,4.6,4,400,32,68,0,0.7135529319047519,0.2720050083958825,success
526,2000,8,4,0.0,4.0,0.01,0.6100000000000001,4.799999999999999,4,397,34,69,0,0.6997565912642877,0.26698614078266714,success
527,2000,8,4,0.0,4.0,0.01,0.6100000000000001,4.999999999999999,4,395,39,66,0,0.6544332409000935,0.2710725857859457,success
528,2000,8,4,0.0,4.0,0.01,0.6100000000000001,5.199999999999999,4,394,37,69,0,0.6764626085584973,0.2611514476572525,success
529,2000,8,4,0.0,4.0,0.01,0.6100000000000001,5.399999999999999,4,396,39,65,0,0.6741008428110237,0.25108223483527137,success
531,2000,8,4,0.0,4.0,0.01,0.6100000000000001,5.799999999999999,4,398,34,68,0,0.6766293544614636,0.2531174554402298,success
530,2000,8,4,0.0,4.0,0.01,0.6100000000000001,5.599999999999999,4,397,38,65,0,0.6687538739553607,0.2501451146495397,success
532,2000,8,4,0.0,4.0,0.01,0.6100000000000001,5.999999999999999,4,398,36,66,0,0.6623537205359517,0.24908654797309307,success
533,2000,8,4,0.0,4.0,0.01,0.6100000000000001,6.199999999999999,4,397,38,65,0,0.6385382763740297,0.25301462410194525,success
534,2000,8,4,0.0,4.0,0.01,0.6100000000000001,6.399999999999999,4,392,36,72,0,0.6501529628468603,0.2636792569635577,success
535,2000,8,4,0.0,4.0,0.01,0.6100000000000001,6.599999999999999,4,390,34,76,0,0.6460556348812583,0.2701160163956594,success
536,2000,8,4,0.0,4.0,0.01,0.6100000000000001,6.799999999999999,4,388,32,80,0,0.6449035229257962,0.2776738847707646,success
537,2000,8,4,0.0,4.0,0.01,0.6100000000000001,6.999999999999998,4,381,33,86,0,0.6546330582408758,0.2874449575106944,success
538,2000,8,4,0.0,4.0,0.01,0.6100000000000001,7.199999999999998,4,382,32,86,0,0.6407470218289449,0.2914782883148114,success
539,2000,8,4,0.0,4.0,0.01,0.6100000000000001,7.399999999999999,4,381,33,86,0,0.6274577251044896,0.29708928372074406,success
540,2000,8,4,0.0,4.0,0.01,0.6100000000000001,7.599999999999999,4,382,30,88,0,0.6249647171151795,0.30448908185430507,success
541,2000,8,4,0.0,4.0,0.01,0.6100000000000001,7.799999999999999,4,380,32,88,0,0.6136197982450508,0.29512569148487633,success
542,2000,8,4,0.0,4.0,0.01,0.6100000000000001,7.999999999999998,4,381,31,88,0,0.617215502464589,0.29933974565910354,success
543,2000,8,4,0.0,4.0,0.01,0.6100000000000001,8.2,4,381,31,88,0,0.6159148378991087,0.29813537933795164,success
544,2000,8,4,0.0,4.0,0.01,0.6100000000000001,8.399999999999999,4,380,32,88,0,0.6016697031068549,0.3001128032855876,success
545,2000,8,4,0.0,4.0,0.01,0.6100000000000001,8.599999999999998,4,381,31,88,0,0.5969139682101126,0.29538044785998985,success
546,2000,8,4,0.0,4.0,0.01,0.6100000000000001,8.799999999999997,4,384,31,85,0,0.5842171521042804,0.29354860519388776,success
547,2000,8,4,0.0,4.0,0.01,0.6100000000000001,8.999999999999998,4,383,31,86,0,0.5740739450574458,0.29553122020054695,success
553,2000,8,4,0.0,4.0,0.01,0.6200000000000001,1.0,4,466,34,0,0,,,success
554,2000,8,4,0.0,4.0,0.01,0.6200000000000001,1.2,4,443,31,26,0,1.0,0.0,success
555,2000,8,4,0.0,4.0,0.01,0.6200000000000001,1.4,4,430,38,32,0,0.9916260179032792,0.04737039620900844,success
556,2000,8,4,0.0,4.0,0.01,0.6200000000000001,1.5999999999999999,4,417,37,46,0,0.9724354907153246,0.10922511331772276,success
557,2000,8,4,0.0,4.0,0.01,0.6200000000000001,1.7999999999999998,4,411,37,52,0,0.9004956395484407,0.1974485840505441,success
548,2000,8,4,0.0,4.0,0.01,0.6100000000000001,9.199999999999998,4,381,32,87,0,0.5721335787010011,0.2912209953428269,success
549,2000,8,4,0.0,4.0,0.01,0.6100000000000001,9.399999999999999,4,380,29,91,0,0.5777062652127778,0.2979617580395624,success
558,2000,8,4,0.0,4.0,0.01,0.6200000000000001,1.9999999999999998,4,431,34,35,0,0.7724582725947554,0.2594239299152634,success
559,2000,8,4,0.0,4.0,0.01,0.6200000000000001,2.1999999999999997,4,418,35,47,0,0.81822649790324,0.24900940630558643,success
560,2000,8,4,0.0,4.0,0.01,0.6200000000000001,2.3999999999999995,4,409,32,59,0,0.8130847025690539,0.24299418347739637,success
561,2000,8,4,0.0,4.0,0.01,0.6200000000000001,2.5999999999999996,4,403,33,64,0,0.8257282541668097,0.24233340529275904,success
550,2000,8,4,0.0,4.0,0.01,0.6100000000000001,9.599999999999998,4,385,29,86,0,0.5544023545911578,0.2897102702407568,success
551,2000,8,4,0.0,4.0,0.01,0.6100000000000001,9.799999999999997,4,384,28,88,0,0.5505630454730913,0.2933770359906251,success
562,2000,8,4,0.0,4.0,0.01,0.6200000000000001,2.8,4,402,32,66,0,0.8007640325583122,0.2501852319512788,success
563,2000,8,4,0.0,4.0,0.01,0.6200000000000001,2.9999999999999996,4,416,31,53,0,0.7228190960159535,0.24966938123011284,success
564,2000,8,4,0.0,4.0,0.01,0.6200000000000001,3.1999999999999993,4,408,30,62,0,0.7438557027316451,0.2472258750958381,success
552,2000,8,4,0.0,4.0,0.01,0.6100000000000001,9.999999999999998,4,386,29,85,0,0.5239164987813405,0.2890391379863595,success
565,2000,8,4,0.0,4.0,0.01,0.6200000000000001,3.3999999999999995,4,402,28,70,0,0.7766960959830657,0.24817761886593223,success
566,2000,8,4,0.0,4.0,0.01,0.6200000000000001,3.5999999999999996,4,400,28,72,0,0.7837876195872405,0.24778261102304405,success
567,2000,8,4,0.0,4.0,0.01,0.6200000000000001,3.7999999999999994,4,401,29,70,0,0.776454720599222,0.2526963445099089,success
569,2000,8,4,0.0,4.0,0.01,0.6200000000000001,4.199999999999999,4,401,35,64,0,0.7319586189546012,0.2685546615476438,success
568,2000,8,4,0.0,4.0,0.01,0.6200000000000001,3.999999999999999,4,411,28,61,0,0.7244300876590795,0.2726426886549754,success
570,2000,8,4,0.0,4.0,0.01,0.6200000000000001,4.3999999999999995,4,397,34,69,0,0.7202112484268535,0.27352724072461426,success
571,2000,8,4,0.0,4.0,0.01,0.6200000000000001,4.6,4,401,31,68,0,0.7118733250760083,0.2758602190194302,success
573,2000,8,4,0.0,4.0,0.01,0.6200000000000001,4.999999999999999,4,396,37,67,0,0.6712497919310143,0.2658601204039357,success
572,2000,8,4,0.0,4.0,0.01,0.6200000000000001,4.799999999999999,4,399,33,68,0,0.6936505874109188,0.27027668311893804,success
574,2000,8,4,0.0,4.0,0.01,0.6200000000000001,5.199999999999999,4,395,35,70,0,0.6804703652450209,0.26723852214751137,success
575,2000,8,4,0.0,4.0,0.01,0.6200000000000001,5.399999999999999,4,398,37,65,0,0.6742930831348397,0.25746892731900345,success
576,2000,8,4,0.0,4.0,0.01,0.6200000000000001,5.599999999999999,4,399,37,64,0,0.6672221958682474,0.25892964656305,success
577,2000,8,4,0.0,4.0,0.01,0.6200000000000001,5.799999999999999,4,398,33,69,0,0.6818622873058281,0.26033306434389714,success
578,2000,8,4,0.0,4.0,0.01,0.6200000000000001,5.999999999999999,4,398,36,66,0,0.6620385739165262,0.25568654074967573,success
579,2000,8,4,0.0,4.0,0.01,0.6200000000000001,6.199999999999999,4,397,39,64,0,0.6320693281100369,0.2566165792303786,success
580,2000,8,4,0.0,4.0,0.01,0.6200000000000001,6.399999999999999,4,392,37,71,0,0.6445458396295307,0.26711959135300334,success
581,2000,8,4,0.0,4.0,0.01,0.6200000000000001,6.599999999999999,4,391,34,75,0,0.6384555654268768,0.2708898218284561,success
582,2000,8,4,0.0,4.0,0.01,0.6200000000000001,6.799999999999999,4,390,30,80,0,0.6428236014447233,0.2802918925336556,success
583,2000,8,4,0.0,4.0,0.01,0.6200000000000001,6.999999999999998,4,384,31,85,0,0.6470987814503886,0.2877773894691489,success
584,2000,8,4,0.0,4.0,0.01,0.6200000000000001,7.199999999999998,4,384,31,85,0,0.6341182707871632,0.29256228772395926,success
585,2000,8,4,0.0,4.0,0.01,0.6200000000000001,7.399999999999999,4,384,32,84,0,0.6147413473697569,0.2957883169077211,success
588,2000,8,4,0.0,4.0,0.01,0.6200000000000001,7.999999999999998,4,383,30,87,0,0.6062674358514918,0.2957360606425043,success
587,2000,8,4,0.0,4.0,0.01,0.6200000000000001,7.799999999999999,4,384,32,84,0,0.5916904966260903,0.2904041979302189,success
586,2000,8,4,0.0,4.0,0.01,0.6200000000000001,7.599999999999999,4,384,30,86,0,0.6126797953613777,0.303425738373687,success
589,2000,8,4,0.0,4.0,0.01,0.6200000000000001,8.2,4,383,30,87,0,0.605868868688248,0.2957468721021294,success
599,2000,8,4,0.0,4.0,0.01,0.6300000000000001,1.0,4,469,31,0,0,,,success
590,2000,8,4,0.0,4.0,0.01,0.6200000000000001,8.399999999999999,4,381,31,88,0,0.5940803953712184,0.2967791364952746,success
600,2000,8,4,0.0,4.0,0.01,0.6300000000000001,1.2,4,446,28,26,0,1.0,0.0,success
591,2000,8,4,0.0,4.0,0.01,0.6200000000000001,8.599999999999998,4,383,30,87,0,0.5866799602673385,0.29272015141508034,success
601,2000,8,4,0.0,4.0,0.01,0.6300000000000001,1.4,4,433,35,32,0,0.9916260179032792,0.04737039620900844,success
592,2000,8,4,0.0,4.0,0.01,0.6200000000000001,8.799999999999997,4,386,30,84,0,0.5736015944009486,0.29037474285352816,success
593,2000,8,4,0.0,4.0,0.01,0.6200000000000001,8.999999999999998,4,386,30,84,0,0.5581712743532761,0.28979012384312763,success
602,2000,8,4,0.0,4.0,0.01,0.6300000000000001,1.5999999999999999,4,420,35,45,0,0.9829340571756652,0.08376108526124036,success
603,2000,8,4,0.0,4.0,0.01,0.6300000000000001,1.7999999999999998,4,414,35,51,0,0.9083484952258613,0.19103619127106147,success
594,2000,8,4,0.0,4.0,0.01,0.6200000000000001,9.199999999999998,4,383,31,86,0,0.5611195670718773,0.28729383669703057,success
604,2000,8,4,0.0,4.0,0.01,0.6300000000000001,1.9999999999999998,4,434,33,33,0,0.7876476592895998,0.2594485517485674,success
605,2000,8,4,0.0,4.0,0.01,0.6300000000000001,2.1999999999999997,4,421,34,45,0,0.831399524826503,0.24623536203240648,success
595,2000,8,4,0.0,4.0,0.01,0.6200000000000001,9.399999999999999,4,382,29,89,0,0.5637859572910158,0.29453058148646744,success
596,2000,8,4,0.0,4.0,0.01,0.6200000000000001,9.599999999999998,4,386,29,85,0,0.5442445358639253,0.2868743409860775,success
597,2000,8,4,0.0,4.0,0.01,0.6200000000000001,9.799999999999997,4,386,28,86,0,0.5355558453971081,0.28836041489164155,success
606,2000,8,4,0.0,4.0,0.01,0.6300000000000001,2.3999999999999995,4,412,32,56,0,0.8209285259209674,0.24084137457204782,success
598,2000,8,4,0.0,4.0,0.01,0.6200000000000001,9.999999999999998,4,388,29,83,0,0.5079112607684144,0.28232351740485667,success
607,2000,8,4,0.0,4.0,0.01,0.6300000000000001,2.5999999999999996,4,406,33,61,0,0.8335509551914069,0.23990984039002483,success
608,2000,8,4,0.0,4.0,0.01,0.6300000000000001,2.8,4,405,32,63,0,0.8071496214102954,0.24904140151354265,success
609,2000,8,4,0.0,4.0,0.01,0.6300000000000001,2.9999999999999996,4,419,31,50,0,0.7329204776865267,0.2520711294864345,success
610,2000,8,4,0.0,4.0,0.01,0.6300000000000001,3.1999999999999993,4,411,30,59,0,0.753561507938629,0.24829733493277165,success
611,2000,8,4,0.0,4.0,0.01,0.6300000000000001,3.3999999999999995,4,405,28,67,0,0.7867134644452491,0.2478781717419933,success
612,2000,8,4,0.0,4.0,0.01,0.6300000000000001,3.5999999999999996,4,403,28,69,0,0.7937582667501758,0.24724003812002762,success
613,2000,8,4,0.0,4.0,0.01,0.6300000000000001,3.7999999999999994,4,404,29,67,0,0.7847000535474931,0.2542146987456669,success
614,2000,8,4,0.0,4.0,0.01,0.6300000000000001,3.999999999999999,4,414,28,58,0,0.7340163023140368,0.27475414276127313,success
615,2000,8,4,0.0,4.0,0.01,0.6300000000000001,4.199999999999999,4,404,35,61,0,0.7413896083023815,0.2701759824903381,success
616,2000,8,4,0.0,4.0,0.01,0.6300000000000001,4.3999999999999995,4,402,34,64,0,0.7347959812929541,0.2632521211620217,success
617,2000,8,4,0.0,4.0,0.01,0.6300000000000001,4.6,4,406,31,63,0,0.7253472070804855,0.26671681612352716,success
618,2000,8,4,0.0,4.0,0.01,0.6300000000000001,4.799999999999999,4,403,33,64,0,0.7102550366277158,0.26197736759678,success
619,2000,8,4,0.0,4.0,0.01,0.6300000000000001,4.999999999999999,4,400,37,63,0,0.6885138830993016,0.2579555504688053,success
620,2000,8,4,0.0,4.0,0.01,0.6300000000000001,5.199999999999999,4,399,35,66,0,0.6975843051974168,0.259011827445306,success
621,2000,8,4,0.0,4.0,0.01,0.6300000000000001,5.399999999999999,4,401,37,62,0,0.6808652923312357,0.2607202847578557,success
622,2000,8,4,0.0,4.0,0.01,0.6300000000000001,5.599999999999999,4,402,37,61,0,0.6737969827191006,0.2623037943108824,success
623,2000,8,4,0.0,4.0,0.01,0.6300000000000001,5.799999999999999,4,402,33,65,0,0.6811804992410124,0.2596157862140267,success
624,2000,8,4,0.0,4.0,0.01,0.6300000000000001,5.999999999999999,4,401,36,63,0,0.6654668703718425,0.2560098426924772,success
625,2000,8,4,0.0,4.0,0.01,0.6300000000000001,6.199999999999999,4,399,39,62,0,0.6398463678915829,0.25941927579713114,success
626,2000,8,4,0.0,4.0,0.01,0.6300000000000001,6.399999999999999,4,395,37,68,0,0.6490362966252544,0.2708162627975425,success
628,2000,8,4,0.0,4.0,0.01,0.6300000000000001,6.799999999999999,4,394,30,76,0,0.6426472759973151,0.2827398436684963,success
627,2000,8,4,0.0,4.0,0.01,0.6300000000000001,6.599999999999999,4,393,33,74,0,0.6517754255552618,0.27582699121947096,success
629,2000,8,4,0.0,4.0,0.01,0.6300000000000001,6.999999999999998,4,389,31,80,0,0.6439078882587866,0.29030702745070275,success
630,2000,8,4,0.0,4.0,0.01,0.6300000000000001,7.199999999999998,4,390,31,79,0,0.6265488947271242,0.295308680137416,success
631,2000,8,4,0.0,4.0,0.01,0.6300000000000001,7.399999999999999,4,389,32,79,0,0.6091795288804983,0.2979937515760021,success
632,2000,8,4,0.0,4.0,0.01,0.6300000000000001,7.599999999999999,4,390,30,80,0,0.6009735978821069,0.3032538883788412,success
633,2000,8,4,0.0,4.0,0.01,0.6300000000000001,7.799999999999999,4,389,32,79,0,0.5828021415604574,0.29005736908374696,success
634,2000,8,4,0.0,4.0,0.01,0.6300000000000001,7.999999999999998,4,390,30,80,0,0.5914327979398294,0.2957520662174518,success
635,2000,8,4,0.0,4.0,0.01,0.6300000000000001,8.2,4,387,30,83,0,0.6060184870031162,0.3005560982496027,success
636,2000,8,4,0.0,4.0,0.01,0.6300000000000001,8.399999999999999,4,385,31,84,0,0.5950290641556768,0.3029931876047041,success
637,2000,8,4,0.0,4.0,0.01,0.6300000000000001,8.599999999999998,4,389,30,81,0,0.5779365625637775,0.2962737177277256,success
638,2000,8,4,0.0,4.0,0.01,0.6300000000000001,8.799999999999997,4,393,30,77,0,0.5563623528544372,0.2891233877282327,success
639,2000,8,4,0.0,4.0,0.01,0.6300000000000001,8.999999999999998,4,393,30,77,0,0.5389414327783268,0.2865480963548009,success
640,2000,8,4,0.0,4.0,0.01,0.6300000000000001,9.199999999999998,4,391,31,78,0,0.5380134729622492,0.2829768727771326,success
645,2000,8,4,0.0,4.0,0.01,0.6400000000000001,1.0,4,469,31,0,0,,,success
646,2000,8,4,0.0,4.0,0.01,0.6400000000000001,1.2,4,446,28,26,0,1.0,0.0,success
647,2000,8,4,0.0,4.0,0.01,0.6400000000000001,1.4,4,433,35,32,0,0.9916260179032792,0.04737039620900844,success
648,2000,8,4,0.0,4.0,0.01,0.6400000000000001,1.5999999999999999,4,421,35,44,0,0.9825461948387485,0.08468856600856516,success
641,2000,8,4,0.0,4.0,0.01,0.6300000000000001,9.399999999999999,4,389,29,82,0,0.5472478519786533,0.2938637803979308,success
642,2000,8,4,0.0,4.0,0.01,0.6300000000000001,9.599999999999998,4,394,28,78,0,0.52274043335542,0.28077597649102065,success
649,2000,8,4,0.0,4.0,0.01,0.6400000000000001,1.7999999999999998,4,415,35,50,0,0.9065154651303783,0.19252210689248594,success
650,2000,8,4,0.0,4.0,0.01,0.6400000000000001,1.9999999999999998,4,435,33,32,0,0.7810116486423998,0.2607390824821497,success
651,2000,8,4,0.0,4.0,0.01,0.6400000000000001,2.1999999999999997,4,422,34,44,0,0.8275676958452872,0.24772121362599248,success
652,2000,8,4,0.0,4.0,0.01,0.6400000000000001,2.3999999999999995,4,414,32,54,0,0.8142962491032253,0.24277261412595955,success
643,2000,8,4,0.0,4.0,0.01,0.6300000000000001,9.799999999999997,4,391,27,82,0,0.5314864725094732,0.29152663003201834,success
654,2000,8,4,0.0,4.0,0.01,0.6400000000000001,2.8,4,408,32,60,0,0.7969620099301267,0.2523605516849697,success
653,2000,8,4,0.0,4.0,0.01,0.6400000000000001,2.5999999999999996,4,409,33,58,0,0.8249415218392384,0.24300707308785968,success
644,2000,8,4,0.0,4.0,0.01,0.6300000000000001,9.999999999999998,4,391,29,80,0,0.5089828578599809,0.2888986476410234,success
655,2000,8,4,0.0,4.0,0.01,0.6400000000000001,2.9999999999999996,4,420,31,49,0,0.7318049566510201,0.2556845436712845,success
656,2000,8,4,0.0,4.0,0.01,0.6400000000000001,3.1999999999999993,4,412,30,58,0,0.7529749648267715,0.25138875979618236,success
658,2000,8,4,0.0,4.0,0.01,0.6400000000000001,3.5999999999999996,4,405,28,67,0,0.7900111567819735,0.2505178268507672,success
657,2000,8,4,0.0,4.0,0.01,0.6400000000000001,3.3999999999999995,4,407,28,65,0,0.7796476394583182,0.24967598533517416,success
659,2000,8,4,0.0,4.0,0.01,0.6400000000000001,3.7999999999999994,4,407,29,64,0,0.777330612898278,0.2577736047304592,success
660,2000,8,4,0.0,4.0,0.01,0.6400000000000001,3.999999999999999,4,416,28,56,0,0.7225713580186522,0.2768514802049114,success
661,2000,8,4,0.0,4.0,0.01,0.6400000000000001,4.199999999999999,4,406,35,59,0,0.7307765529029774,0.27235834611309656,success
662,2000,8,4,0.0,4.0,0.01,0.6400000000000001,4.3999999999999995,4,404,34,62,0,0.7236359099318783,0.2632559155771209,success
663,2000,8,4,0.0,4.0,0.01,0.6400000000000001,4.6,4,408,31,61,0,0.7136180787413385,0.2664988318875179,success
664,2000,8,4,0.0,4.0,0.01,0.6400000000000001,4.799999999999999,4,405,33,62,0,0.7016341779943264,0.26412558877182407,success
665,2000,8,4,0.0,4.0,0.01,0.6400000000000001,4.999999999999999,4,401,37,62,0,0.6820122797561957,0.2585233026826317,success
666,2000,8,4,0.0,4.0,0.01,0.6400000000000001,5.199999999999999,4,400,35,65,0,0.6915124804850447,0.25980132310911436,success
667,2000,8,4,0.0,4.0,0.01,0.6400000000000001,5.399999999999999,4,401,37,62,0,0.6794367599736458,0.2622492891115964,success
668,2000,8,4,0.0,4.0,0.01,0.6400000000000001,5.599999999999999,4,402,37,61,0,0.6723462979419518,0.2638131563217653,success
669,2000,8,4,0.0,4.0,0.01,0.6400000000000001,5.799999999999999,4,402,33,65,0,0.6797853449934791,0.261018791120574,success
670,2000,8,4,0.0,4.0,0.01,0.6400000000000001,5.999999999999999,4,402,36,62,0,0.6593323084618451,0.25675634530703967,success
671,2000,8,4,0.0,4.0,0.01,0.6400000000000001,6.199999999999999,4,401,39,60,0,0.6275547615484349,0.25794006120898705,success
672,2000,8,4,0.0,4.0,0.01,0.6400000000000001,6.399999999999999,4,397,37,66,0,0.6381953122573084,0.2705817940327594,success
673,2000,8,4,0.0,4.0,0.01,0.6400000000000001,6.599999999999999,4,396,33,71,0,0.636888206245023,0.2744944714467999,success
674,2000,8,4,0.0,4.0,0.01,0.6400000000000001,6.799999999999999,4,396,30,74,0,0.6322172184379431,0.28188786508715236,success
675,2000,8,4,0.0,4.0,0.01,0.6400000000000001,6.999999999999998,4,391,31,78,0,0.6347653681680357,0.2905974632191318,success
676,2000,8,4,0.0,4.0,0.01,0.6400000000000001,7.199999999999998,4,393,31,76,0,0.6116057075792823,0.2933496461824859,success
677,2000,8,4,0.0,4.0,0.01,0.6400000000000001,7.399999999999999,4,390,32,78,0,0.60381151171664,0.298352336653214,success
678,2000,8,4,0.0,4.0,0.01,0.6400000000000001,7.599999999999999,4,392,30,78,0,0.58992294317206,0.3012380779404729,success
679,2000,8,4,0.0,4.0,0.01,0.6400000000000001,7.799999999999999,4,390,32,78,0,0.5766727179845318,0.289060725483934,success
680,2000,8,4,0.0,4.0,0.01,0.6400000000000001,7.999999999999998,4,392,30,78,0,0.5805986366156228,0.293682067169814,success
681,2000,8,4,0.0,4.0,0.01,0.6400000000000001,8.2,4,390,30,80,0,0.5909212999729492,0.2976661734016748,success
682,2000,8,4,0.0,4.0,0.01,0.6400000000000001,8.399999999999999,4,387,31,82,0,0.5846137926331534,0.30109385625944807,success
683,2000,8,4,0.0,4.0,0.01,0.6400000000000001,8.599999999999998,4,390,30,80,0,0.5724634181563865,0.29618588416882363,success
691,2000,8,4,0.0,4.0,0.01,0.6500000000000001,1.0,4,471,29,0,0,,,success
692,2000,8,4,0.0,4.0,0.01,0.6500000000000001,1.2,4,448,27,25,0,1.0,0.0,success
684,2000,8,4,0.0,4.0,0.01,0.6400000000000001,8.799999999999997,4,395,30,75,0,0.5434308020168687,0.2843376926268842,success
693,2000,8,4,0.0,4.0,0.01,0.6500000000000001,1.4,4,435,34,31,0,0.9913558894485462,0.048128370676747335,success
694,2000,8,4,0.0,4.0,0.01,0.6500000000000001,1.5999999999999999,4,423,34,43,0,0.982140292393138,0.08564751522324038,success
685,2000,8,4,0.0,4.0,0.01,0.6400000000000001,8.999999999999998,4,395,30,75,0,0.5256230342589435,0.2809276712830331,success
686,2000,8,4,0.0,4.0,0.01,0.6400000000000001,9.199999999999998,4,394,31,75,0,0.5187316722965595,0.27387496448955373,success
695,2000,8,4,0.0,4.0,0.01,0.6500000000000001,1.7999999999999998,4,417,34,49,0,0.904607617479978,0.19403906436397125,success
696,2000,8,4,0.0,4.0,0.01,0.6500000000000001,1.9999999999999998,4,437,32,31,0,0.7954539679528341,0.2517021388317685,success
687,2000,8,4,0.0,4.0,0.01,0.6400000000000001,9.399999999999999,4,392,29,79,0,0.5295967224802801,0.28716144737543137,success
688,2000,8,4,0.0,4.0,0.01,0.6400000000000001,9.599999999999998,4,394,28,78,0,0.5216721533170179,0.28142269833437394,success
697,2000,8,4,0.0,4.0,0.01,0.6500000000000001,2.1999999999999997,4,424,33,43,0,0.8390622992365976,0.23848465908416894,success
698,2000,8,4,0.0,4.0,0.01,0.6500000000000001,2.3999999999999995,4,416,32,52,0,0.819974955799139,0.23665240244992558,success
699,2000,8,4,0.0,4.0,0.01,0.6500000000000001,2.5999999999999996,4,411,33,56,0,0.8305947949403015,0.23709768248315868,success
700,2000,8,4,0.0,4.0,0.01,0.6500000000000001,2.8,4,411,32,57,0,0.7979722955401518,0.24856643672405437,success
689,2000,8,4,0.0,4.0,0.01,0.6400000000000001,9.799999999999997,4,391,27,82,0,0.5293609326624997,0.2908766403074826,success
690,2000,8,4,0.0,4.0,0.01,0.6400000000000001,9.999999999999998,4,392,28,80,0,0.5068328950087599,0.2880931656121921,success
701,2000,8,4,0.0,4.0,0.01,0.6500000000000001,2.9999999999999996,4,423,31,46,0,0.7300605107931054,0.24881560282840223,success
702,2000,8,4,0.0,4.0,0.01,0.6500000000000001,3.1999999999999993,4,415,30,55,0,0.7526707014642838,0.24541392062926629,success
703,2000,8,4,0.0,4.0,0.01,0.6500000000000001,3.3999999999999995,4,410,28,62,0,0.7825327399651022,0.24547004948286105,success
704,2000,8,4,0.0,4.0,0.01,0.6500000000000001,3.5999999999999996,4,409,28,63,0,0.790165427182933,0.24849894032498065,success
705,2000,8,4,0.0,4.0,0.01,0.6500000000000001,3.7999999999999994,4,411,29,60,0,0.7764426397413433,0.25638888358492373,success
706,2000,8,4,0.0,4.0,0.01,0.6500000000000001,3.999999999999999,4,419,28,53,0,0.7238404535559936,0.27629924252217236,success
707,2000,8,4,0.0,4.0,0.01,0.6500000000000001,4.199999999999999,4,410,35,55,0,0.7275520838308872,0.2715622758633112,success
708,2000,8,4,0.0,4.0,0.01,0.6500000000000001,4.3999999999999995,4,408,34,58,0,0.7199353962294356,0.26187731932758856,success
709,2000,8,4,0.0,4.0,0.01,0.6500000000000001,4.6,4,412,30,58,0,0.7093848346585495,0.2640868619829314,success
710,2000,8,4,0.0,4.0,0.01,0.6500000000000001,4.799999999999999,4,408,32,60,0,0.703127380494426,0.261593070298822,success
711,2000,8,4,0.0,4.0,0.01,0.6500000000000001,4.999999999999999,4,404,36,60,0,0.6846781614373039,0.25666622696349667,success
712,2000,8,4,0.0,4.0,0.01,0.6500000000000001,5.199999999999999,4,403,34,63,0,0.6954676959915183,0.25803482593176347,success
713,2000,8,4,0.0,4.0,0.01,0.6500000000000001,5.399999999999999,4,403,36,61,0,0.6871575146217734,0.2613812622365815,success
714,2000,8,4,0.0,4.0,0.01,0.6500000000000001,5.599999999999999,4,405,36,59,0,0.6771645945279976,0.26348431012043727,success
716,2000,8,4,0.0,4.0,0.01,0.6500000000000001,5.999999999999999,4,404,36,60,0,0.6608259420841063,0.2554227957707224,success
715,2000,8,4,0.0,4.0,0.01,0.6500000000000001,5.799999999999999,4,404,33,63,0,0.6858848884420482,0.26252126163717354,success
719,2000,8,4,0.0,4.0,0.01,0.6500000000000001,6.599999999999999,4,400,33,67,0,0.6295060481189362,0.2731344408188968,success
718,2000,8,4,0.0,4.0,0.01,0.6500000000000001,6.399999999999999,4,401,37,62,0,0.6303202435220521,0.268658013754179,success
717,2000,8,4,0.0,4.0,0.01,0.6500000000000001,6.199999999999999,4,403,39,58,0,0.62938744161152,0.25833303487410303,success
720,2000,8,4,0.0,4.0,0.01,0.6500000000000001,6.799999999999999,4,401,30,69,0,0.6196518294933941,0.2792866736926208,success
721,2000,8,4,0.0,4.0,0.01,0.6500000000000001,6.999999999999998,4,398,31,71,0,0.6120980665835637,0.2854908754655469,success
722,2000,8,4,0.0,4.0,0.01,0.6500000000000001,7.199999999999998,4,398,31,71,0,0.597510635013378,0.29035135855103456,success
723,2000,8,4,0.0,4.0,0.01,0.6500000000000001,7.399999999999999,4,394,32,74,0,0.5958315183228424,0.29773571999013393,success
724,2000,8,4,0.0,4.0,0.01,0.6500000000000001,7.599999999999999,4,396,30,74,0,0.581328176717131,0.3002746372671581,success
725,2000,8,4,0.0,4.0,0.01,0.6500000000000001,7.799999999999999,4,394,32,74,0,0.5679410578045228,0.2878220290853055,success
726,2000,8,4,0.0,4.0,0.01,0.6500000000000001,7.999999999999998,4,395,30,75,0,0.5768885262985908,0.2938105229487119,success
727,2000,8,4,0.0,4.0,0.01,0.6500000000000001,8.2,4,394,30,76,0,0.5824320760962032,0.29642035611378276,success
728,2000,8,4,0.0,4.0,0.01,0.6500000000000001,8.399999999999999,4,392,31,77,0,0.5706961025755345,0.29816108900271054,success
729,2000,8,4,0.0,4.0,0.01,0.6500000000000001,8.599999999999998,4,393,30,77,0,0.5664567848532197,0.29358533325740915,success
730,2000,8,4,0.0,4.0,0.01,0.6500000000000001,8.799999999999997,4,397,30,73,0,0.5418392706850634,0.2829253878026357,success
731,2000,8,4,0.0,4.0,0.01,0.6500000000000001,8.999999999999998,4,397,30,73,0,0.5252054557931871,0.2818471410432768,success
732,2000,8,4,0.0,4.0,0.01,0.6500000000000001,9.199999999999998,4,397,31,72,0,0.5120074236766148,0.27110128737502714,success
733,2000,8,4,0.0,4.0,0.01,0.6500000000000001,9.399999999999999,4,395,29,76,0,0.5235302879409837,0.28517753737380935,success
734,2000,8,4,0.0,4.0,0.01,0.6500000000000001,9.599999999999998,4,396,28,76,0,0.521350101831935,0.2824754427579272,success
735,2000,8,4,0.0,4.0,0.01,0.6500000000000001,9.799999999999997,4,395,27,78,0,0.5169541407793036,0.2853727730396434,success
736,2000,8,4,0.0,4.0,0.01,0.6500000000000001,9.999999999999998,4,395,28,77,0,0.5005458264268299,0.2864091519185306,success
737,2000,8,4,0.0,4.0,0.01,0.6600000000000001,1.0,4,471,29,0,0,,,success
738,2000,8,4,0.0,4.0,0.01,0.6600000000000001,1.2,4,449,27,24,0,1.0,0.0,success
739,2000,8,4,0.0,4.0,0.01,0.6600000000000001,1.4,4,437,34,29,0,0.9885051745689254,0.06190152937557811,success
740,2000,8,4,0.0,4.0,0.01,0.6600000000000001,1.5999999999999999,4,425,34,41,0,0.9796743917682642,0.0927609611423956,success
741,2000,8,4,0.0,4.0,0.01,0.6600000000000001,1.7999999999999998,4,419,34,47,0,0.8991572499172942,0.19860938508583048,success
742,2000,8,4,0.0,4.0,0.01,0.6600000000000001,1.9999999999999998,4,439,32,29,0,0.7618513964183364,0.2565024457824874,success
743,2000,8,4,0.0,4.0,0.01,0.6600000000000001,2.1999999999999997,4,426,33,41,0,0.8108860714554276,0.2448102696844094,success
744,2000,8,4,0.0,4.0,0.01,0.6600000000000001,2.3999999999999995,4,419,32,49,0,0.8053919661387927,0.24307805310043962,success
745,2000,8,4,0.0,4.0,0.01,0.6600000000000001,2.5999999999999996,4,413,33,54,0,0.8210892065907869,0.24266099914718037,success
747,2000,8,4,0.0,4.0,0.01,0.6600000000000001,2.9999999999999996,4,425,31,44,0,0.7252867450452639,0.2574694411875418,success
746,2000,8,4,0.0,4.0,0.01,0.6600000000000001,2.8,4,413,32,55,0,0.7928384308379556,0.2554495386176142,success
748,2000,8,4,0.0,4.0,0.01,0.6600000000000001,3.1999999999999993,4,417,30,53,0,0.750030024991722,0.2530884466365395,success
749,2000,8,4,0.0,4.0,0.01,0.6600000000000001,3.3999999999999995,4,412,28,60,0,0.7748670856180572,0.25215850087330455,success
750,2000,8,4,0.0,4.0,0.01,0.6600000000000001,3.5999999999999996,4,411,28,61,0,0.7799922246878415,0.25382763406280506,success
751,2000,8,4,0.0,4.0,0.01,0.6600000000000001,3.7999999999999994,4,413,29,58,0,0.7658638634495493,0.2608241593284843,success
752,2000,8,4,0.0,4.0,0.01,0.6600000000000001,3.999999999999999,4,420,28,52,0,0.7155618250693482,0.2791433783858339,success
753,2000,8,4,0.0,4.0,0.01,0.6600000000000001,4.199999999999999,4,412,35,53,0,0.7143591599214574,0.2742053897369462,success
754,2000,8,4,0.0,4.0,0.01,0.6600000000000001,4.3999999999999995,4,408,34,58,0,0.7188849342819701,0.26580235814566716,success
755,2000,8,4,0.0,4.0,0.01,0.6600000000000001,4.6,4,412,30,58,0,0.7069344469239265,0.2665955736585729,success
756,2000,8,4,0.0,4.0,0.01,0.6600000000000001,4.799999999999999,4,408,32,60,0,0.7008424808480519,0.26391924687940205,success
757,2000,8,4,0.0,4.0,0.01,0.6600000000000001,4.999999999999999,4,404,36,60,0,0.6825183274649712,0.25878217478685334,success
758,2000,8,4,0.0,4.0,0.01,0.6600000000000001,5.199999999999999,4,403,34,63,0,0.6942241211002759,0.26097582052707385,success
760,2000,8,4,0.0,4.0,0.01,0.6600000000000001,5.599999999999999,4,405,36,59,0,0.6749950698771855,0.26598910557599614,success
759,2000,8,4,0.0,4.0,0.01,0.6600000000000001,5.399999999999999,4,403,36,61,0,0.6862178029040933,0.26510229518166595,success
761,2000,8,4,0.0,4.0,0.01,0.6600000000000001,5.799999999999999,4,404,33,63,0,0.6833713357287255,0.2652577959480968,success
762,2000,8,4,0.0,4.0,0.01,0.6600000000000001,5.999999999999999,4,405,36,59,0,0.6527608938658209,0.2561332033854445,success
763,2000,8,4,0.0,4.0,0.01,0.6600000000000001,6.199999999999999,4,405,39,56,0,0.613713156148541,0.25521194768596356,success
764,2000,8,4,0.0,4.0,0.01,0.6600000000000001,6.399999999999999,4,403,37,60,0,0.6163558559758383,0.26671402929608207,success
765,2000,8,4,0.0,4.0,0.01,0.6600000000000001,6.599999999999999,4,401,33,66,0,0.6217303073831467,0.2727659712684653,success
766,2000,8,4,0.0,4.0,0.01,0.6600000000000001,6.799999999999999,4,401,30,69,0,0.6181043179548442,0.2810347808532726,success
767,2000,8,4,0.0,4.0,0.01,0.6600000000000001,6.999999999999998,4,399,31,70,0,0.6053893511391439,0.28581315937647905,success
768,2000,8,4,0.0,4.0,0.01,0.6600000000000001,7.199999999999998,4,399,31,70,0,0.5905868088267668,0.29039269928035594,success
769,2000,8,4,0.0,4.0,0.01,0.6600000000000001,7.399999999999999,4,395,32,73,0,0.589131235822523,0.29793372923888256,success
771,2000,8,4,0.0,4.0,0.01,0.6600000000000001,7.799999999999999,4,396,32,72,0,0.5550121420456104,0.2849083817847096,success
770,2000,8,4,0.0,4.0,0.01,0.6600000000000001,7.599999999999999,4,397,30,73,0,0.5735215842067692,0.299203697121514,success
772,2000,8,4,0.0,4.0,0.01,0.6600000000000001,7.999999999999998,4,397,30,73,0,0.564124948291424,0.29145199953543455,success
773,2000,8,4,0.0,4.0,0.01,0.6600000000000001,8.2,4,396,30,74,0,0.5701803602254774,0.2945666335023171,success
774,2000,8,4,0.0,4.0,0.01,0.6600000000000001,8.399999999999999,4,395,31,74,0,0.5530947479488313,0.29435410836894293,success
775,2000,8,4,0.0,4.0,0.01,0.6600000000000001,8.599999999999998,4,392,30,78,0,0.5697298157500407,0.2959329730447022,success
776,2000,8,4,0.0,4.0,0.01,0.6600000000000001,8.799999999999997,4,396,29,75,0,0.5499399259788809,0.28659507313133475,success
783,2000,8,4,0.0,4.0,0.01,0.6700000000000002,1.0,4,471,29,0,0,,,success
784,2000,8,4,0.0,4.0,0.01,0.6700000000000002,1.2,4,449,27,24,0,1.0,0.0,success
785,2000,8,4,0.0,4.0,0.01,0.6700000000000002,1.4,4,437,34,29,0,0.9885051745689254,0.06190152937557811,success
786,2000,8,4,0.0,4.0,0.01,0.6700000000000002,1.5999999999999999,4,425,34,41,0,0.9796743917682642,0.0927609611423956,success
777,2000,8,4,0.0,4.0,0.01,0.6600000000000001,8.999999999999998,4,397,28,75,0,0.5324390860979036,0.2842517792191994,success
787,2000,8,4,0.0,4.0,0.01,0.6700000000000002,1.7999999999999998,4,419,34,47,0,0.8991572499172942,0.19860938508583048,success
788,2000,8,4,0.0,4.0,0.01,0.6700000000000002,1.9999999999999998,4,442,31,27,0,0.744210759115991,0.25723279118127607,success
789,2000,8,4,0.0,4.0,0.01,0.6700000000000002,2.1999999999999997,4,429,32,39,0,0.8011879212736546,0.2471993899678443,success
778,2000,8,4,0.0,4.0,0.01,0.6600000000000001,9.199999999999998,4,397,29,74,0,0.5202549810498195,0.27503527162425173,success
790,2000,8,4,0.0,4.0,0.01,0.6700000000000002,2.3999999999999995,4,420,31,49,0,0.8131878385208212,0.24306859850630846,success
779,2000,8,4,0.0,4.0,0.01,0.6600000000000001,9.399999999999999,4,395,28,77,0,0.5257916934468768,0.28608587479742453,success
780,2000,8,4,0.0,4.0,0.01,0.6600000000000001,9.599999999999998,4,396,28,76,0,0.5189843983580109,0.2823181121175427,success
791,2000,8,4,0.0,4.0,0.01,0.6700000000000002,2.5999999999999996,4,415,32,53,0,0.8249210358985264,0.2433282288522814,success
792,2000,8,4,0.0,4.0,0.01,0.6700000000000002,2.8,4,416,31,53,0,0.7944549753978783,0.25551352678852884,success
793,2000,8,4,0.0,4.0,0.01,0.6700000000000002,2.9999999999999996,4,427,31,42,0,0.7226468568232883,0.259620860247907,success
794,2000,8,4,0.0,4.0,0.01,0.6700000000000002,3.1999999999999993,4,419,30,51,0,0.7489759999974069,0.2549854128574205,success
781,2000,8,4,0.0,4.0,0.01,0.6600000000000001,9.799999999999997,4,395,26,79,0,0.5185405547473154,0.2854413777495206,success
795,2000,8,4,0.0,4.0,0.01,0.6700000000000002,3.3999999999999995,4,416,28,56,0,0.7664496945498921,0.25472541733323456,success
782,2000,8,4,0.0,4.0,0.01,0.6600000000000001,9.999999999999998,4,396,26,78,0,0.5026115122979292,0.28719000430731095,success
796,2000,8,4,0.0,4.0,0.01,0.6700000000000002,3.5999999999999996,4,416,28,56,0,0.7711253078295374,0.25969500954311264,success
797,2000,8,4,0.0,4.0,0.01,0.6700000000000002,3.7999999999999994,4,415,29,56,0,0.7599916498130511,0.26506723677978833,success
798,2000,8,4,0.0,4.0,0.01,0.6700000000000002,3.999999999999999,4,422,28,50,0,0.71425200878467,0.2802669911174436,success
799,2000,8,4,0.0,4.0,0.01,0.6700000000000002,4.199999999999999,4,413,35,52,0,0.7203926450848831,0.27670103325408424,success
800,2000,8,4,0.0,4.0,0.01,0.6700000000000002,4.3999999999999995,4,410,34,56,0,0.7210940407835942,0.2690352402950602,success
801,2000,8,4,0.0,4.0,0.01,0.6700000000000002,4.6,4,414,30,56,0,0.7111298054109697,0.2714871900495086,success
802,2000,8,4,0.0,4.0,0.01,0.6700000000000002,4.799999999999999,4,409,32,59,0,0.7082543270924077,0.267772706670458,success
803,2000,8,4,0.0,4.0,0.01,0.6700000000000002,4.999999999999999,4,405,36,59,0,0.6884211812605103,0.26208444863225383,success
804,2000,8,4,0.0,4.0,0.01,0.6700000000000002,5.199999999999999,4,404,34,62,0,0.7001850093184597,0.26377128918485104,success
805,2000,8,4,0.0,4.0,0.01,0.6700000000000002,5.399999999999999,4,404,36,60,0,0.6922846329648742,0.26814379417111106,success
806,2000,8,4,0.0,4.0,0.01,0.6700000000000002,5.599999999999999,4,405,36,59,0,0.6838359252271977,0.26799668735290966,success
807,2000,8,4,0.0,4.0,0.01,0.6700000000000002,5.799999999999999,4,404,33,63,0,0.6916493178372284,0.2668884879796597,success
808,2000,8,4,0.0,4.0,0.01,0.6700000000000002,5.999999999999999,4,407,36,57,0,0.6495036726406371,0.2555653808219422,success
809,2000,8,4,0.0,4.0,0.01,0.6700000000000002,6.199999999999999,4,407,39,54,0,0.608790374488344,0.25389933005949566,success
810,2000,8,4,0.0,4.0,0.01,0.6700000000000002,6.399999999999999,4,406,37,57,0,0.6047057159703525,0.26444341288545264,success
811,2000,8,4,0.0,4.0,0.01,0.6700000000000002,6.599999999999999,4,404,33,63,0,0.6120273356056016,0.27157321738887635,success
812,2000,8,4,0.0,4.0,0.01,0.6700000000000002,6.799999999999999,4,404,30,66,0,0.6085009649024901,0.2797237153357729,success
813,2000,8,4,0.0,4.0,0.01,0.6700000000000002,6.999999999999998,4,401,31,68,0,0.601148501462453,0.2862318948585628,success
814,2000,8,4,0.0,4.0,0.01,0.6700000000000002,7.199999999999998,4,401,31,68,0,0.5859139261586362,0.2907075762576301,success
815,2000,8,4,0.0,4.0,0.01,0.6700000000000002,7.399999999999999,4,398,32,70,0,0.5784031160513765,0.29589796297333426,success
816,2000,8,4,0.0,4.0,0.01,0.6700000000000002,7.599999999999999,4,399,30,71,0,0.5682375928294394,0.29894701272496726,success
817,2000,8,4,0.0,4.0,0.01,0.6700000000000002,7.799999999999999,4,396,32,72,0,0.5612139446578949,0.28934661790525645,success
818,2000,8,4,0.0,4.0,0.01,0.6700000000000002,7.999999999999998,4,398,30,72,0,0.5620735964754906,0.2908373691577742,success
819,2000,8,4,0.0,4.0,0.01,0.6700000000000002,8.2,4,399,30,71,0,0.5563667629075905,0.2893337232497228,success
820,2000,8,4,0.0,4.0,0.01,0.6700000000000002,8.399999999999999,4,397,31,72,0,0.5449635956989874,0.2910687707418164,success
821,2000,8,4,0.0,4.0,0.01,0.6700000000000002,8.599999999999998,4,395,30,75,0,0.5584990319068226,0.293168539516139,success
822,2000,8,4,0.0,4.0,0.01,0.6700000000000002,8.799999999999997,4,399,29,72,0,0.5373926055642642,0.2825365304753735,success
823,2000,8,4,0.0,4.0,0.01,0.6700000000000002,8.999999999999998,4,400,28,72,0,0.5193507722369424,0.27943312203725085,success
824,2000,8,4,0.0,4.0,0.01,0.6700000000000002,9.199999999999998,4,400,29,71,0,0.5065960661637544,0.2686438674943779,success
830,2000,8,4,0.0,4.0,0.01,0.6800000000000002,1.2,4,449,26,25,0,1.0,0.0,success
829,2000,8,4,0.0,4.0,0.01,0.6800000000000002,1.0,4,471,29,0,0,,,success
825,2000,8,4,0.0,4.0,0.01,0.6700000000000002,9.399999999999999,4,399,28,73,0,0.5070339156475158,0.2783043578305632,success
826,2000,8,4,0.0,4.0,0.01,0.6700000000000002,9.599999999999998,4,399,28,73,0,0.506121686337495,0.2772803779719127,success
831,2000,8,4,0.0,4.0,0.01,0.6800000000000002,1.4,4,437,33,30,0,0.9777766583339645,0.12172225533632028,success
827,2000,8,4,0.0,4.0,0.01,0.6700000000000002,9.799999999999997,4,398,26,76,0,0.5062839304698974,0.2808862468316177,success
828,2000,8,4,0.0,4.0,0.01,0.6700000000000002,9.999999999999998,4,398,26,76,0,0.4958488860846828,0.28522257901778614,success
832,2000,8,4,0.0,4.0,0.01,0.6800000000000002,1.5999999999999999,4,425,34,41,0,0.9715438963419253,0.12857774691538265,success
833,2000,8,4,0.0,4.0,0.01,0.6800000000000002,1.7999999999999998,4,419,33,48,0,0.8943133423673526,0.2108584164450822,success
834,2000,8,4,0.0,4.0,0.01,0.6800000000000002,1.9999999999999998,4,443,30,27,0,0.7318644512463651,0.26883673773691996,success
835,2000,8,4,0.0,4.0,0.01,0.6800000000000002,2.1999999999999997,4,430,31,39,0,0.791856715250962,0.2589984515275831,success
836,2000,8,4,0.0,4.0,0.01,0.6800000000000002,2.3999999999999995,4,421,30,49,0,0.8079062154945086,0.25132230895606233,success
837,2000,8,4,0.0,4.0,0.01,0.6800000000000002,2.5999999999999996,4,417,30,53,0,0.8200380259308032,0.2511853324990402,success
838,2000,8,4,0.0,4.0,0.01,0.6800000000000002,2.8,4,420,30,50,0,0.785230206743606,0.2659180104627359,success
839,2000,8,4,0.0,4.0,0.01,0.6800000000000002,2.9999999999999996,4,429,30,41,0,0.722383976085778,0.2723777096655854,success
840,2000,8,4,0.0,4.0,0.01,0.6800000000000002,3.1999999999999993,4,421,29,50,0,0.7520845733254398,0.2657229574727458,success
841,2000,8,4,0.0,4.0,0.01,0.6800000000000002,3.3999999999999995,4,419,27,54,0,0.7647861115160647,0.26289118002775935,success
842,2000,8,4,0.0,4.0,0.01,0.6800000000000002,3.5999999999999996,4,419,27,54,0,0.7713071145003357,0.26559219683819113,success
843,2000,8,4,0.0,4.0,0.01,0.6800000000000002,3.7999999999999994,4,418,28,54,0,0.7589201638543067,0.2720472979598344,success
844,2000,8,4,0.0,4.0,0.01,0.6800000000000002,3.999999999999999,4,423,27,50,0,0.7202959146860342,0.286309561670464,success
845,2000,8,4,0.0,4.0,0.01,0.6800000000000002,4.199999999999999,4,414,34,52,0,0.7246760335740856,0.2823807949923006,success
846,2000,8,4,0.0,4.0,0.01,0.6800000000000002,4.3999999999999995,4,412,33,55,0,0.7210113360341385,0.2736875938468122,success
847,2000,8,4,0.0,4.0,0.01,0.6800000000000002,4.6,4,414,30,56,0,0.7169994085418292,0.27660140289357404,success
848,2000,8,4,0.0,4.0,0.01,0.6800000000000002,4.799999999999999,4,409,32,59,0,0.7140770637872311,0.2725009593480281,success
849,2000,8,4,0.0,4.0,0.01,0.6800000000000002,4.999999999999999,4,406,36,58,0,0.6871320959823768,0.26758633864327824,success
850,2000,8,4,0.0,4.0,0.01,0.6800000000000002,5.199999999999999,4,405,34,61,0,0.6983000638049356,0.2691838595702702,success
851,2000,8,4,0.0,4.0,0.01,0.6800000000000002,5.399999999999999,4,406,35,59,0,0.6850760123446578,0.270121752284281,success
852,2000,8,4,0.0,4.0,0.01,0.6800000000000002,5.599999999999999,4,407,34,59,0,0.6826947208080123,0.2703056105115697,success
853,2000,8,4,0.0,4.0,0.01,0.6800000000000002,5.799999999999999,4,406,31,63,0,0.6906724442580471,0.26898136453790783,success
854,2000,8,4,0.0,4.0,0.01,0.6800000000000002,5.999999999999999,4,409,34,57,0,0.65489131107355,0.26230442477833055,success
855,2000,8,4,0.0,4.0,0.01,0.6800000000000002,6.199999999999999,4,409,36,55,0,0.621379213858664,0.26472372510399306,success
856,2000,8,4,0.0,4.0,0.01,0.6800000000000002,6.399999999999999,4,409,35,56,0,0.5978037578233353,0.263846393271085,success
857,2000,8,4,0.0,4.0,0.01,0.6800000000000002,6.599999999999999,4,407,31,62,0,0.6082298064055338,0.2746055709458225,success
858,2000,8,4,0.0,4.0,0.01,0.6800000000000002,6.799999999999999,4,407,31,62,0,0.5865448246531924,0.27643584576681623,success
859,2000,8,4,0.0,4.0,0.01,0.6800000000000002,6.999999999999998,4,404,31,65,0,0.586476574454795,0.28587781694384606,success
860,2000,8,4,0.0,4.0,0.01,0.6800000000000002,7.199999999999998,4,404,30,66,0,0.5770987050650723,0.29230087443636865,success
861,2000,8,4,0.0,4.0,0.01,0.6800000000000002,7.399999999999999,4,400,31,69,0,0.576452051412143,0.2995223367707511,success
862,2000,8,4,0.0,4.0,0.01,0.6800000000000002,7.599999999999999,4,401,29,70,0,0.5650569994877889,0.3010826709208352,success
863,2000,8,4,0.0,4.0,0.01,0.6800000000000002,7.799999999999999,4,398,30,72,0,0.5639673084397328,0.2936240382755765,success
864,2000,8,4,0.0,4.0,0.01,0.6800000000000002,7.999999999999998,4,400,29,71,0,0.5596915534843746,0.29394841160832375,success
865,2000,8,4,0.0,4.0,0.01,0.6800000000000002,8.2,4,401,29,70,0,0.5541101174053155,0.29272193391506207,success
866,2000,8,4,0.0,4.0,0.01,0.6800000000000002,8.399999999999999,4,399,30,71,0,0.5428723217663723,0.2944179114166604,success
867,2000,8,4,0.0,4.0,0.01,0.6800000000000002,8.599999999999998,4,397,28,75,0,0.5610619476738257,0.2970554395056813,success
868,2000,8,4,0.0,4.0,0.01,0.6800000000000002,8.799999999999997,4,402,28,70,0,0.5287833157541401,0.28260581686846137,success
875,2000,8,4,0.0,4.0,0.01,0.6900000000000002,1.0,4,471,29,0,0,,,success
869,2000,8,4,0.0,4.0,0.01,0.6800000000000002,8.999999999999998,4,403,28,69,0,0.5029600271557304,0.2743180608647344,success
876,2000,8,4,0.0,4.0,0.01,0.6900000000000002,1.2,4,449,26,25,0,1.0,0.0,success
877,2000,8,4,0.0,4.0,0.01,0.6900000000000002,1.4,4,437,33,30,0,0.9777766583339645,0.12172225533632028,success
878,2000,8,4,0.0,4.0,0.01,0.6900000000000002,1.5999999999999999,4,426,34,40,0,0.9708324937504734,0.1301340025819701,success
870,2000,8,4,0.0,4.0,0.01,0.6800000000000002,9.199999999999998,4,403,29,68,0,0.49525974387945043,0.2686658705847422,success
879,2000,8,4,0.0,4.0,0.01,0.6900000000000002,1.7999999999999998,4,421,32,47,0,0.8920646900772963,0.21255548901010418,success
880,2000,8,4,0.0,4.0,0.01,0.6900000000000002,1.9999999999999998,4,444,29,27,0,0.7318644512463651,0.26883673773691996,success
881,2000,8,4,0.0,4.0,0.01,0.6900000000000002,2.1999999999999997,4,431,31,38,0,0.7995371551259872,0.25793491687849907,success
871,2000,8,4,0.0,4.0,0.01,0.6800000000000002,9.399999999999999,4,402,28,70,0,0.49628410825821406,0.27908473596630706,success
882,2000,8,4,0.0,4.0,0.01,0.6900000000000002,2.3999999999999995,4,422,30,48,0,0.814320928317311,0.24989521103869206,success
872,2000,8,4,0.0,4.0,0.01,0.6800000000000002,9.599999999999998,4,402,28,70,0,0.4951023659369215,0.27775309308361895,success
883,2000,8,4,0.0,4.0,0.01,0.6900000000000002,2.5999999999999996,4,419,30,51,0,0.8227846151829916,0.25082648680419994,success
884,2000,8,4,0.0,4.0,0.01,0.6900000000000002,2.8,4,422,30,48,0,0.7866981320245894,0.2664710778516947,success
873,2000,8,4,0.0,4.0,0.01,0.6800000000000002,9.799999999999997,4,401,26,73,0,0.49524805739776784,0.28019413763521894,success
885,2000,8,4,0.0,4.0,0.01,0.6900000000000002,2.9999999999999996,4,431,30,39,0,0.7209677697312025,0.27342761764101803,success
886,2000,8,4,0.0,4.0,0.01,0.6900000000000002,3.1999999999999993,4,423,29,48,0,0.7554864946067883,0.2684803410189304,success
874,2000,8,4,0.0,4.0,0.01,0.6800000000000002,9.999999999999998,4,401,25,74,0,0.4885650113784992,0.2845373259803301,success
887,2000,8,4,0.0,4.0,0.01,0.6900000000000002,3.3999999999999995,4,421,27,52,0,0.7684148672446411,0.2651798397726664,success
888,2000,8,4,0.0,4.0,0.01,0.6900000000000002,3.5999999999999996,4,421,27,52,0,0.7715446710237254,0.26414079739272545,success
889,2000,8,4,0.0,4.0,0.01,0.6900000000000002,3.7999999999999994,4,420,28,52,0,0.7514137617994857,0.2692838206018066,success
890,2000,8,4,0.0,4.0,0.01,0.6900000000000002,3.999999999999999,4,424,27,49,0,0.7164616836682121,0.2828309110786806,success
891,2000,8,4,0.0,4.0,0.01,0.6900000000000002,4.199999999999999,4,415,34,51,0,0.7223397185275001,0.27906621228337347,success
892,2000,8,4,0.0,4.0,0.01,0.6900000000000002,4.3999999999999995,4,413,33,54,0,0.7175523619468123,0.2712719707738755,success
894,2000,8,4,0.0,4.0,0.01,0.6900000000000002,4.799999999999999,4,410,32,58,0,0.7147046673667145,0.27187991560819874,success
893,2000,8,4,0.0,4.0,0.01,0.6900000000000002,4.6,4,415,30,55,0,0.7186463300885991,0.27515504522429457,success
895,2000,8,4,0.0,4.0,0.01,0.6900000000000002,4.999999999999999,4,407,36,57,0,0.689974729723263,0.26963462194414206,success
896,2000,8,4,0.0,4.0,0.01,0.6900000000000002,5.199999999999999,4,406,34,60,0,0.7016668798198401,0.2709651955911274,success
897,2000,8,4,0.0,4.0,0.01,0.6900000000000002,5.399999999999999,4,407,35,58,0,0.6891480016084464,0.27183116856511447,success
898,2000,8,4,0.0,4.0,0.01,0.6900000000000002,5.599999999999999,4,409,34,57,0,0.6810454268774606,0.2712585816000925,success
899,2000,8,4,0.0,4.0,0.01,0.6900000000000002,5.799999999999999,4,408,31,61,0,0.6894585342951013,0.26981603202008914,success
900,2000,8,4,0.0,4.0,0.01,0.6900000000000002,5.999999999999999,4,410,34,56,0,0.6573497198593105,0.2631237109756094,success
901,2000,8,4,0.0,4.0,0.01,0.6900000000000002,6.199999999999999,4,410,36,54,0,0.6234107272234873,0.26589961865426553,success
902,2000,8,4,0.0,4.0,0.01,0.6900000000000002,6.399999999999999,4,410,35,55,0,0.5993695590447669,0.2651525922106388,success
903,2000,8,4,0.0,4.0,0.01,0.6900000000000002,6.599999999999999,4,408,31,61,0,0.6098175867161267,0.275879097731748,success
904,2000,8,4,0.0,4.0,0.01,0.6900000000000002,6.799999999999999,4,408,30,62,0,0.5942835910536969,0.28048458084079725,success
905,2000,8,4,0.0,4.0,0.01,0.6900000000000002,6.999999999999998,4,406,30,64,0,0.5875183569317693,0.28782046086898105,success
906,2000,8,4,0.0,4.0,0.01,0.6900000000000002,7.199999999999998,4,406,30,64,0,0.5679712349972564,0.28830260328983126,success
907,2000,8,4,0.0,4.0,0.01,0.6900000000000002,7.399999999999999,4,402,31,67,0,0.567057584533118,0.2957887216464196,success
908,2000,8,4,0.0,4.0,0.01,0.6900000000000002,7.599999999999999,4,403,29,68,0,0.5556354492581101,0.29712394518628077,success
909,2000,8,4,0.0,4.0,0.01,0.6900000000000002,7.799999999999999,4,400,30,70,0,0.5580251117876615,0.29298072349066956,success
911,2000,8,4,0.0,4.0,0.01,0.6900000000000002,8.2,4,402,29,69,0,0.5537623040282139,0.29371400808050074,success
910,2000,8,4,0.0,4.0,0.01,0.6900000000000002,7.999999999999998,4,401,29,70,0,0.5587953271941016,0.2944817171052534,success
912,2000,8,4,0.0,4.0,0.01,0.6900000000000002,8.399999999999999,4,401,30,69,0,0.5366092547041447,0.29364455162447145,success
913,2000,8,4,0.0,4.0,0.01,0.6900000000000002,8.599999999999998,4,399,28,73,0,0.5549224052688186,0.29593363017215596,success
914,2000,8,4,0.0,4.0,0.01,0.6900000000000002,8.799999999999997,4,405,28,67,0,0.514202049814601,0.2756931511772094,success
921,2000,8,4,0.0,4.0,0.01,0.7000000000000002,1.0,4,471,29,0,0,,,success
922,2000,8,4,0.0,4.0,0.01,0.7000000000000002,1.2,4,449,26,25,0,1.0,0.0,success
923,2000,8,4,0.0,4.0,0.01,0.7000000000000002,1.4,4,437,33,30,0,0.9777766583339645,0.12172225533632028,success
915,2000,8,4,0.0,4.0,0.01,0.6900000000000002,8.999999999999998,4,405,29,66,0,0.48806730139922755,0.2669389325361468,success
916,2000,8,4,0.0,4.0,0.01,0.6900000000000002,9.199999999999998,4,406,29,65,0,0.4787626852679918,0.2588200181503636,success
924,2000,8,4,0.0,4.0,0.01,0.7000000000000002,1.5999999999999999,4,426,34,40,0,0.9708324937504734,0.1301340025819701,success
917,2000,8,4,0.0,4.0,0.01,0.6900000000000002,9.399999999999999,4,405,28,67,0,0.47986683972122324,0.26969776315144267,success
918,2000,8,4,0.0,4.0,0.01,0.6900000000000002,9.599999999999998,4,405,28,67,0,0.47906334467350997,0.26888190711590393,success
925,2000,8,4,0.0,4.0,0.01,0.7000000000000002,1.7999999999999998,4,421,32,47,0,0.8920646900772963,0.21255548901010418,success
926,2000,8,4,0.0,4.0,0.01,0.7000000000000002,1.9999999999999998,4,444,29,27,0,0.7318644512463651,0.26883673773691996,success
919,2000,8,4,0.0,4.0,0.01,0.6900000000000002,9.799999999999997,4,404,26,70,0,0.48119750343063755,0.2739883968422937,success
927,2000,8,4,0.0,4.0,0.01,0.7000000000000002,2.1999999999999997,4,431,31,38,0,0.7995371551259872,0.25793491687849907,success
920,2000,8,4,0.0,4.0,0.01,0.6900000000000002,9.999999999999998,4,403,25,72,0,0.4808156397775498,0.28137364866197273,success
928,2000,8,4,0.0,4.0,0.01,0.7000000000000002,2.3999999999999995,4,423,30,47,0,0.8103703097708708,0.2510771451972387,success
929,2000,8,4,0.0,4.0,0.01,0.7000000000000002,2.5999999999999996,4,420,30,50,0,0.8192403074866514,0.2520796329336701,success
930,2000,8,4,0.0,4.0,0.01,0.7000000000000002,2.8,4,422,30,48,0,0.7866981320245894,0.2664710778516947,success
931,2000,8,4,0.0,4.0,0.01,0.7000000000000002,2.9999999999999996,4,431,30,39,0,0.7209677697312025,0.27342761764101803,success
932,2000,8,4,0.0,4.0,0.01,0.7000000000000002,3.1999999999999993,4,423,29,48,0,0.7554864946067883,0.2684803410189304,success
933,2000,8,4,0.0,4.0,0.01,0.7000000000000002,3.3999999999999995,4,422,27,51,0,0.7638739822886539,0.2657688636148347,success
934,2000,8,4,0.0,4.0,0.01,0.7000000000000002,3.5999999999999996,4,422,27,51,0,0.7670651547692887,0.2647668104771928,success
935,2000,8,4,0.0,4.0,0.01,0.7000000000000002,3.7999999999999994,4,421,28,51,0,0.7465395218347698,0.26963663664767834,success
936,2000,8,4,0.0,4.0,0.01,0.7000000000000002,3.999999999999999,4,424,27,49,0,0.7164616836682121,0.2828309110786806,success
937,2000,8,4,0.0,4.0,0.01,0.7000000000000002,4.199999999999999,4,415,34,51,0,0.7236887199997482,0.2802597709350903,success
938,2000,8,4,0.0,4.0,0.01,0.7000000000000002,4.3999999999999995,4,413,33,54,0,0.7189860447642751,0.2725835563702704,success
939,2000,8,4,0.0,4.0,0.01,0.7000000000000002,4.6,4,416,30,54,0,0.715439366485316,0.2767233416933093,success
940,2000,8,4,0.0,4.0,0.01,0.7000000000000002,4.799999999999999,4,412,32,56,0,0.7062119738783872,0.2729087026380189,success
941,2000,8,4,0.0,4.0,0.01,0.7000000000000002,4.999999999999999,4,408,35,57,0,0.6892491109787067,0.26938274320143707,success
942,2000,8,4,0.0,4.0,0.01,0.7000000000000002,5.199999999999999,4,407,33,60,0,0.7002731640758715,0.2702212468345162,success
943,2000,8,4,0.0,4.0,0.01,0.7000000000000002,5.399999999999999,4,408,34,58,0,0.6870110953129601,0.270105766086601,success
944,2000,8,4,0.0,4.0,0.01,0.7000000000000002,5.599999999999999,4,410,32,58,0,0.6848561770145957,0.2707751316043752,success
945,2000,8,4,0.0,4.0,0.01,0.7000000000000002,5.799999999999999,4,409,31,60,0,0.6807873892232001,0.26678967683298227,success
947,2000,8,4,0.0,4.0,0.01,0.7000000000000002,6.199999999999999,4,410,35,55,0,0.6280713471358836,0.2672901832119991,success
946,2000,8,4,0.0,4.0,0.01,0.7000000000000002,5.999999999999999,4,410,33,57,0,0.6602759867676533,0.2634814688044157,success
948,2000,8,4,0.0,4.0,0.01,0.7000000000000002,6.399999999999999,4,410,33,57,0,0.608671313767514,0.2669994785675445,success
949,2000,8,4,0.0,4.0,0.01,0.7000000000000002,6.599999999999999,4,408,30,62,0,0.6129827427337007,0.27573104721011116,success
950,2000,8,4,0.0,4.0,0.01,0.7000000000000002,6.799999999999999,4,408,30,62,0,0.5883189017624407,0.2758260893777226,success
951,2000,8,4,0.0,4.0,0.01,0.7000000000000002,6.999999999999998,4,407,30,63,0,0.5755028734259598,0.2807330067960015,success
952,2000,8,4,0.0,4.0,0.01,0.7000000000000002,7.199999999999998,4,406,30,64,0,0.5662148144863134,0.28810423277354197,success
953,2000,8,4,0.0,4.0,0.01,0.7000000000000002,7.399999999999999,4,402,31,67,0,0.5655226520201554,0.295767825024995,success
954,2000,8,4,0.0,4.0,0.01,0.7000000000000002,7.599999999999999,4,403,29,68,0,0.5540995152020551,0.29703453953375125,success
955,2000,8,4,0.0,4.0,0.01,0.7000000000000002,7.799999999999999,4,401,30,69,0,0.549799909032242,0.2896483530703106,success
956,2000,8,4,0.0,4.0,0.01,0.7000000000000002,7.999999999999998,4,402,29,69,0,0.5504598838482554,0.290816995126111,success
957,2000,8,4,0.0,4.0,0.01,0.7000000000000002,8.2,4,403,29,68,0,0.5448798785450772,0.2896134397872643,success
958,2000,8,4,0.0,4.0,0.01,0.7000000000000002,8.399999999999999,4,402,30,68,0,0.5274045181722001,0.2890721976464654,success
959,2000,8,4,0.0,4.0,0.01,0.7000000000000002,8.599999999999998,4,400,28,72,0,0.5468666924929773,0.2928346886791795,success
960,2000,8,4,0.0,4.0,0.01,0.7000000000000002,8.799999999999997,4,406,28,66,0,0.5047928599515307,0.270335506108432,success
961,2000,8,4,0.0,4.0,0.01,0.7000000000000002,8.999999999999998,4,405,29,66,0,0.48573501999032737,0.2653118029116353,success
967,2000,8,4,0.0,4.0,0.01,0.7100000000000002,1.0,4,472,28,0,0,,,success
968,2000,8,4,0.0,4.0,0.01,0.7100000000000002,1.2,4,450,26,24,0,1.0,0.0,success
969,2000,8,4,0.0,4.0,0.01,0.7100000000000002,1.4,4,438,33,29,0,0.9770103362075496,0.1238031283829583,success
962,2000,8,4,0.0,4.0,0.01,0.7000000000000002,9.199999999999998,4,406,28,66,0,0.48412858013451066,0.2627218658866868,success
971,2000,8,4,0.0,4.0,0.01,0.7100000000000002,1.7999999999999998,4,422,32,46,0,0.889718270296368,0.21428792464078972,success
970,2000,8,4,0.0,4.0,0.01,0.7100000000000002,1.5999999999999999,4,427,34,39,0,0.9700846089748446,0.1317480579241144,success
972,2000,8,4,0.0,4.0,0.01,0.7100000000000002,1.9999999999999998,4,445,29,26,0,0.7407823147558408,0.2700573362234082,success
973,2000,8,4,0.0,4.0,0.01,0.7100000000000002,2.1999999999999997,4,432,31,37,0,0.8076327539131761,0.25655182224166323,success
974,2000,8,4,0.0,4.0,0.01,0.7100000000000002,2.3999999999999995,4,425,30,45,0,0.813053434649576,0.2507812610756433,success
963,2000,8,4,0.0,4.0,0.01,0.7000000000000002,9.399999999999999,4,405,28,67,0,0.4780330829052274,0.2683638797392853,success
975,2000,8,4,0.0,4.0,0.01,0.7100000000000002,2.5999999999999996,4,422,30,48,0,0.8221253202985954,0.2517460290184662,success
964,2000,8,4,0.0,4.0,0.01,0.7000000000000002,9.599999999999998,4,405,28,67,0,0.4763159525465312,0.2666757536743504,success
976,2000,8,4,0.0,4.0,0.01,0.7100000000000002,2.8,4,424,30,46,0,0.7901590036477877,0.2646807255054238,success
978,2000,8,4,0.0,4.0,0.01,0.7100000000000002,3.1999999999999993,4,425,29,46,0,0.7589169389174686,0.2652317605383689,success
965,2000,8,4,0.0,4.0,0.01,0.7000000000000002,9.799999999999997,4,404,26,70,0,0.4785633007341071,0.27192962370460205,success
977,2000,8,4,0.0,4.0,0.01,0.7100000000000002,2.9999999999999996,4,432,30,38,0,0.7303089981425517,0.27071796388516156,success
979,2000,8,4,0.0,4.0,0.01,0.7100000000000002,3.3999999999999995,4,424,27,49,0,0.767436745832634,0.2624643352942604,success
980,2000,8,4,0.0,4.0,0.01,0.7100000000000002,3.5999999999999996,4,424,27,49,0,0.7707581702512538,0.2613601915567235,success
981,2000,8,4,0.0,4.0,0.01,0.7100000000000002,3.7999999999999994,4,423,28,49,0,0.7492272635453864,0.2668644348281818,success
982,2000,8,4,0.0,4.0,0.01,0.7100000000000002,3.999999999999999,4,425,27,48,0,0.7235026569707559,0.2812829766389583,success
966,2000,8,4,0.0,4.0,0.01,0.7000000000000002,9.999999999999998,4,403,25,72,0,0.47833356605820576,0.27953189840047366,success
983,2000,8,4,0.0,4.0,0.01,0.7100000000000002,4.199999999999999,4,418,34,48,0,0.7211042128249,0.27994040432709305,success
984,2000,8,4,0.0,4.0,0.01,0.7100000000000002,4.3999999999999995,4,416,33,51,0,0.7165989421126342,0.2719992076123604,success
985,2000,8,4,0.0,4.0,0.01,0.7100000000000002,4.6,4,419,30,51,0,0.7109994025769562,0.27474731515458795,success
986,2000,8,4,0.0,4.0,0.01,0.7100000000000002,4.799999999999999,4,415,32,53,0,0.7012505716072299,0.27083525169055306,success
987,2000,8,4,0.0,4.0,0.01,0.7100000000000002,4.999999999999999,4,410,35,55,0,0.689308388128583,0.2675678723987325,success
988,2000,8,4,0.0,4.0,0.01,0.7100000000000002,5.199999999999999,4,409,33,58,0,0.7019849507170219,0.26976672184673894,success
989,2000,8,4,0.0,4.0,0.01,0.7100000000000002,5.399999999999999,4,410,34,56,0,0.6883794248416791,0.2697689556717797,success
990,2000,8,4,0.0,4.0,0.01,0.7100000000000002,5.599999999999999,4,411,32,57,0,0.6901117030004651,0.27007702812720413,success
991,2000,8,4,0.0,4.0,0.01,0.7100000000000002,5.799999999999999,4,410,31,59,0,0.6856869753643693,0.26620385041636624,success
992,2000,8,4,0.0,4.0,0.01,0.7100000000000002,5.999999999999999,4,411,33,56,0,0.6651844226758785,0.26308379883374383,success
993,2000,8,4,0.0,4.0,0.01,0.7100000000000002,6.199999999999999,4,411,35,54,0,0.6324358650904837,0.26763994799573226,success
994,2000,8,4,0.0,4.0,0.01,0.7100000000000002,6.399999999999999,4,411,33,56,0,0.6125576935011919,0.26762332271581785,success
995,2000,8,4,0.0,4.0,0.01,0.7100000000000002,6.599999999999999,4,410,30,60,0,0.6104605109337747,0.2742678438352849,success
996,2000,8,4,0.0,4.0,0.01,0.7100000000000002,6.799999999999999,4,411,30,59,0,0.5778573861299988,0.27066660408052146,success
997,2000,8,4,0.0,4.0,0.01,0.7100000000000002,6.999999999999998,4,410,30,60,0,0.56456989282028,0.2754845601073678,success
998,2000,8,4,0.0,4.0,0.01,0.7100000000000002,7.199999999999998,4,408,30,62,0,0.5622467787796744,0.28655066771217236,success
999,2000,8,4,0.0,4.0,0.01,0.7100000000000002,7.399999999999999,4,405,31,64,0,0.5548735764852757,0.2916284913859424,success
1000,2000,8,4,0.0,4.0,0.01,0.7100000000000002,7.599999999999999,4,404,29,67,0,0.5567463143863385,0.29861364571065907,success
1001,2000,8,4,0.0,4.0,0.01,0.7100000000000002,7.799999999999999,4,405,30,65,0,0.5327502339552266,0.2827412103440647,success
1002,2000,8,4,0.0,4.0,0.01,0.7100000000000002,7.999999999999998,4,405,29,66,0,0.540202612359836,0.28714665240534226,success
1003,2000,8,4,0.0,4.0,0.01,0.7100000000000002,8.2,4,406,29,65,0,0.5342618450730462,0.2856351480128862,success
1004,2000,8,4,0.0,4.0,0.01,0.7100000000000002,8.399999999999999,4,404,30,66,0,0.5235163139151965,0.288667757481862,success
1005,2000,8,4,0.0,4.0,0.01,0.7100000000000002,8.599999999999998,4,403,28,69,0,0.5373020823766982,0.2899177910500512,success
1013,2000,8,4,0.0,4.0,0.01,0.7200000000000002,1.0,4,472,28,0,0,,,success
1006,2000,8,4,0.0,4.0,0.01,0.7100000000000002,8.799999999999997,4,407,28,65,0,0.5066037881250085,0.2718625544429438,success
1014,2000,8,4,0.0,4.0,0.01,0.7200000000000002,1.2,4,450,26,24,0,1.0,0.0,success
1015,2000,8,4,0.0,4.0,0.01,0.7200000000000002,1.4,4,438,33,29,0,0.9770103362075496,0.1238031283829583,success
1016,2000,8,4,0.0,4.0,0.01,0.7200000000000002,1.5999999999999999,4,427,34,39,0,0.9700846089748446,0.1317480579241144,success
1007,2000,8,4,0.0,4.0,0.01,0.7100000000000002,8.999999999999998,4,406,29,65,0,0.4872456215868727,0.26691113072847833,success
1017,2000,8,4,0.0,4.0,0.01,0.7200000000000002,1.7999999999999998,4,422,32,46,0,0.889718270296368,0.21428792464078972,success
1008,2000,8,4,0.0,4.0,0.01,0.7100000000000002,9.199999999999998,4,407,28,65,0,0.4855552510751179,0.2642579745655047,success
1018,2000,8,4,0.0,4.0,0.01,0.7200000000000002,1.9999999999999998,4,446,29,25,0,0.7504136073460743,0.27103036062857466,success
1009,2000,8,4,0.0,4.0,0.01,0.7100000000000002,9.399999999999999,4,406,28,66,0,0.47930214340174243,0.26993258224802175,success
1019,2000,8,4,0.0,4.0,0.01,0.7200000000000002,2.1999999999999997,4,433,31,36,0,0.826788887123854,0.25425964692935116,success
1010,2000,8,4,0.0,4.0,0.01,0.7100000000000002,9.599999999999998,4,406,28,66,0,0.47755976014604723,0.2682363731675487,success
1020,2000,8,4,0.0,4.0,0.01,0.7200000000000002,2.3999999999999995,4,430,30,40,0,0.8266176617153487,0.24740445184917528,success
1011,2000,8,4,0.0,4.0,0.01,0.7100000000000002,9.799999999999997,4,405,26,69,0,0.4798297819290086,0.27349174072877686,success
1021,2000,8,4,0.0,4.0,0.01,0.7200000000000002,2.5999999999999996,4,428,30,42,0,0.8321763922223243,0.24936946925828812,success
1022,2000,8,4,0.0,4.0,0.01,0.7200000000000002,2.8,4,430,30,40,0,0.7902824989047216,0.2716025447292679,success
1023,2000,8,4,0.0,4.0,0.01,0.7200000000000002,2.9999999999999996,4,434,30,36,0,0.7259372132260101,0.2738941348847619,success
1012,2000,8,4,0.0,4.0,0.01,0.7100000000000002,9.999999999999998,4,404,25,71,0,0.47955837765575515,0.2811127036156354,success
1024,2000,8,4,0.0,4.0,0.01,0.7200000000000002,3.1999999999999993,4,429,29,42,0,0.745051831831499,0.268843988674481,success
1025,2000,8,4,0.0,4.0,0.01,0.7200000000000002,3.3999999999999995,4,429,27,44,0,0.7496908702845108,0.26650501394975223,success
1026,2000,8,4,0.0,4.0,0.01,0.7200000000000002,3.5999999999999996,4,427,27,46,0,0.7558076161372052,0.2629280366439532,success
1027,2000,8,4,0.0,4.0,0.01,0.7200000000000002,3.7999999999999994,4,425,27,48,0,0.7388960533255853,0.2644759093105214,success
1028,2000,8,4,0.0,4.0,0.01,0.7200000000000002,3.999999999999999,4,427,26,47,0,0.7124043017127752,0.27822960469746194,success
1030,2000,8,4,0.0,4.0,0.01,0.7200000000000002,4.3999999999999995,4,417,31,52,0,0.716984687887008,0.27155391692453745,success
1029,2000,8,4,0.0,4.0,0.01,0.7200000000000002,4.199999999999999,4,420,32,48,0,0.7157298847279323,0.2771710001227194,success
1031,2000,8,4,0.0,4.0,0.01,0.7200000000000002,4.6,4,419,28,53,0,0.7175637139857266,0.27485085431701756,success
1032,2000,8,4,0.0,4.0,0.01,0.7200000000000002,4.799999999999999,4,415,31,54,0,0.7051016738293725,0.27324427826234565,success
1033,2000,8,4,0.0,4.0,0.01,0.7200000000000002,4.999999999999999,4,410,34,56,0,0.692901099771929,0.27042230515225013,success
1034,2000,8,4,0.0,4.0,0.01,0.7200000000000002,5.199999999999999,4,409,33,58,0,0.6991522616403061,0.27177142685253375,success
1035,2000,8,4,0.0,4.0,0.01,0.7200000000000002,5.399999999999999,4,410,34,56,0,0.6861045454985822,0.27181736883462404,success
1036,2000,8,4,0.0,4.0,0.01,0.7200000000000002,5.599999999999999,4,412,32,56,0,0.6802131057236126,0.2689007785863802,success
1037,2000,8,4,0.0,4.0,0.01,0.7200000000000002,5.799999999999999,4,411,30,59,0,0.6762377577763743,0.26266212352946855,success
1038,2000,8,4,0.0,4.0,0.01,0.7200000000000002,5.999999999999999,4,412,31,57,0,0.6606717635476269,0.25924195525529603,success
1039,2000,8,4,0.0,4.0,0.01,0.7200000000000002,6.199999999999999,4,411,35,54,0,0.6233570454232847,0.2638762657828148,success
1040,2000,8,4,0.0,4.0,0.01,0.7200000000000002,6.399999999999999,4,411,34,55,0,0.5996116743927928,0.2640560841674106,success
1041,2000,8,4,0.0,4.0,0.01,0.7200000000000002,6.599999999999999,4,410,31,59,0,0.5973279412209128,0.2701346533833442,success
1042,2000,8,4,0.0,4.0,0.01,0.7200000000000002,6.799999999999999,4,411,30,59,0,0.5719046328110262,0.26880614265556524,success
1043,2000,8,4,0.0,4.0,0.01,0.7200000000000002,6.999999999999998,4,410,29,61,0,0.5640527753928074,0.2744486359810482,success
1044,2000,8,4,0.0,4.0,0.01,0.7200000000000002,7.199999999999998,4,408,29,63,0,0.5641287593516024,0.2880393048576848,success
1045,2000,8,4,0.0,4.0,0.01,0.7200000000000002,7.399999999999999,4,406,31,63,0,0.5437844423475868,0.28779765757400944,success
1046,2000,8,4,0.0,4.0,0.01,0.7200000000000002,7.599999999999999,4,405,29,66,0,0.5452194708100447,0.2943160334419234,success
1047,2000,8,4,0.0,4.0,0.01,0.7200000000000002,7.799999999999999,4,406,30,64,0,0.5210788484944991,0.27719497485873335,success
1048,2000,8,4,0.0,4.0,0.01,0.7200000000000002,7.999999999999998,4,407,29,64,0,0.5213177613690605,0.27801538691453487,success
1049,2000,8,4,0.0,4.0,0.01,0.7200000000000002,8.2,4,407,28,65,0,0.5276953258448016,0.2812199654209652,success
1050,2000,8,4,0.0,4.0,0.01,0.7200000000000002,8.399999999999999,4,405,29,66,0,0.5171681103841089,0.28419400974954606,success
1051,2000,8,4,0.0,4.0,0.01,0.7200000000000002,8.599999999999998,4,405,28,67,0,0.519093159377939,0.28093407314938496,success
1052,2000,8,4,0.0,4.0,0.01,0.7200000000000002,8.799999999999997,4,408,28,64,0,0.49483297270933124,0.26488305290245,success
1053,2000,8,4,0.0,4.0,0.01,0.7200000000000002,8.999999999999998,4,407,28,65,0,0.48200224185494583,0.2624904813987963,success
1054,2000,8,4,0.0,4.0,0.01,0.7200000000000002,9.199999999999998,4,407,28,65,0,0.48185247593519487,0.26201456098858633,success
1055,2000,8,4,0.0,4.0,0.01,0.7200000000000002,9.399999999999999,4,405,28,67,0,0.4833120720215626,0.27331583027329587,success
1059,2000,8,4,0.0,4.0,0.01,0.7300000000000002,1.0,4,473,27,0,0,,,success
1056,2000,8,4,0.0,4.0,0.01,0.7200000000000002,9.599999999999998,4,406,28,66,0,0.47379324995592753,0.26608446928680507,success
1061,2000,8,4,0.0,4.0,0.01,0.7300000000000002,1.4,4,439,32,29,0,0.9638383347706106,0.14046882882129294,success
1060,2000,8,4,0.0,4.0,0.01,0.7300000000000002,1.2,4,451,25,24,0,0.9840838315970322,0.07797298249495868,success
1062,2000,8,4,0.0,4.0,0.01,0.7300000000000002,1.5999999999999999,4,428,33,39,0,0.955063997933359,0.158853194748109,success
1063,2000,8,4,0.0,4.0,0.01,0.7300000000000002,1.7999999999999998,4,423,32,45,0,0.8815164645631913,0.22803636962812066,success
1064,2000,8,4,0.0,4.0,0.01,0.7300000000000002,1.9999999999999998,4,447,29,24,0,0.7292308606401058,0.2839671157832494,success
1065,2000,8,4,0.0,4.0,0.01,0.7300000000000002,2.1999999999999997,4,435,31,34,0,0.8089882472991007,0.2694649575750839,success
1057,2000,8,4,0.0,4.0,0.01,0.7200000000000002,9.799999999999997,4,405,26,69,0,0.47624138294598967,0.27148232417196794,success
1066,2000,8,4,0.0,4.0,0.01,0.7300000000000002,2.3999999999999995,4,434,30,36,0,0.8107751301956676,0.26449922291105016,success
1067,2000,8,4,0.0,4.0,0.01,0.7300000000000002,2.5999999999999996,4,432,30,38,0,0.8171743575528279,0.26719231397502236,success
1068,2000,8,4,0.0,4.0,0.01,0.7300000000000002,2.8,4,434,30,36,0,0.7715013784933846,0.2867544572997177,success
1069,2000,8,4,0.0,4.0,0.01,0.7300000000000002,2.9999999999999996,4,436,30,34,0,0.7151014377139461,0.28477136895540817,success
1070,2000,8,4,0.0,4.0,0.01,0.7300000000000002,3.1999999999999993,4,431,29,40,0,0.7370929011657958,0.2784759866563522,success
1071,2000,8,4,0.0,4.0,0.01,0.7300000000000002,3.3999999999999995,4,430,27,43,0,0.7483241256331941,0.2752979302888881,success
1072,2000,8,4,0.0,4.0,0.01,0.7300000000000002,3.5999999999999996,4,429,27,44,0,0.7513244072063412,0.27400288139140877,success
1073,2000,8,4,0.0,4.0,0.01,0.7300000000000002,3.7999999999999994,4,427,27,46,0,0.7348297147957754,0.2746209837273281,success
1074,2000,8,4,0.0,4.0,0.01,0.7300000000000002,3.999999999999999,4,428,26,46,0,0.7130580245381458,0.28454683281699067,success
1058,2000,8,4,0.0,4.0,0.01,0.7200000000000002,9.999999999999998,4,403,25,72,0,0.48326244521132167,0.28386347857505245,success
1075,2000,8,4,0.0,4.0,0.01,0.7300000000000002,4.199999999999999,4,421,32,47,0,0.7164404556424474,0.28334467575357225,success
1076,2000,8,4,0.0,4.0,0.01,0.7300000000000002,4.3999999999999995,4,418,31,51,0,0.7176641317329154,0.2772395854293579,success
1077,2000,8,4,0.0,4.0,0.01,0.7300000000000002,4.6,4,420,28,52,0,0.7146549662050246,0.27936159333611726,success
1078,2000,8,4,0.0,4.0,0.01,0.7300000000000002,4.799999999999999,4,416,31,53,0,0.7034159428552944,0.27726234342393513,success
1079,2000,8,4,0.0,4.0,0.01,0.7300000000000002,4.999999999999999,4,411,34,55,0,0.6910548394867729,0.2742007422745454,success
1080,2000,8,4,0.0,4.0,0.01,0.7300000000000002,5.199999999999999,4,410,33,57,0,0.6974789524405661,0.27546484037297414,success
1081,2000,8,4,0.0,4.0,0.01,0.7300000000000002,5.399999999999999,4,411,34,55,0,0.6825339843837975,0.27582082452489565,success
1082,2000,8,4,0.0,4.0,0.01,0.7300000000000002,5.599999999999999,4,413,32,55,0,0.6729605200207418,0.2706994242896331,success
1083,2000,8,4,0.0,4.0,0.01,0.7300000000000002,5.799999999999999,4,412,30,58,0,0.6693481658398116,0.2641867445271615,success
1084,2000,8,4,0.0,4.0,0.01,0.7300000000000002,5.999999999999999,4,413,31,56,0,0.6539597260970936,0.2611714361077887,success
1085,2000,8,4,0.0,4.0,0.01,0.7300000000000002,6.199999999999999,4,413,34,53,0,0.6157263166384259,0.264996303336841,success
1086,2000,8,4,0.0,4.0,0.01,0.7300000000000002,6.399999999999999,4,413,34,53,0,0.5843016889838791,0.2607710011051053,success
1087,2000,8,4,0.0,4.0,0.01,0.7300000000000002,6.599999999999999,4,412,31,57,0,0.5859734115152924,0.2709074229458231,success
1088,2000,8,4,0.0,4.0,0.01,0.7300000000000002,6.799999999999999,4,413,30,57,0,0.5597757343658756,0.26853129525547986,success
1089,2000,8,4,0.0,4.0,0.01,0.7300000000000002,6.999999999999998,4,412,29,59,0,0.5521842515290727,0.27421792412105783,success
1090,2000,8,4,0.0,4.0,0.01,0.7300000000000002,7.199999999999998,4,410,29,61,0,0.5522933901533572,0.2877342398806615,success
1091,2000,8,4,0.0,4.0,0.01,0.7300000000000002,7.399999999999999,4,408,31,61,0,0.5329913717817398,0.28865773627448243,success
1092,2000,8,4,0.0,4.0,0.01,0.7300000000000002,7.599999999999999,4,407,29,64,0,0.532707707434839,0.2922954501799918,success
1093,2000,8,4,0.0,4.0,0.01,0.7300000000000002,7.799999999999999,4,408,30,62,0,0.5092885545528715,0.2760605579109881,success
1094,2000,8,4,0.0,4.0,0.01,0.7300000000000002,7.999999999999998,4,410,29,61,0,0.5013989724738138,0.2717512032917089,success
1095,2000,8,4,0.0,4.0,0.01,0.7300000000000002,8.2,4,410,28,62,0,0.5085359554361376,0.27613651690136876,success
1096,2000,8,4,0.0,4.0,0.01,0.7300000000000002,8.399999999999999,4,408,29,63,0,0.49878564041019213,0.27971885957256165,success
1097,2000,8,4,0.0,4.0,0.01,0.7300000000000002,8.599999999999998,4,408,28,64,0,0.5010817512639638,0.2764544195623675,success
1105,2000,8,4,0.0,4.0,0.01,0.7400000000000002,1.0,4,474,26,0,0,,,success
1106,2000,8,4,0.0,4.0,0.01,0.7400000000000002,1.2,4,452,24,24,0,0.9840838315970322,0.07797298249495868,success
1107,2000,8,4,0.0,4.0,0.01,0.7400000000000002,1.4,4,439,32,29,0,0.9638383347706106,0.14046882882129294,success
1098,2000,8,4,0.0,4.0,0.01,0.7300000000000002,8.799999999999997,4,409,28,63,0,0.4900543213834148,0.26699573682069505,success
1108,2000,8,4,0.0,4.0,0.01,0.7400000000000002,1.5999999999999999,4,428,33,39,0,0.955063997933359,0.158853194748109,success
1099,2000,8,4,0.0,4.0,0.01,0.7300000000000002,8.999999999999998,4,408,28,64,0,0.47697904023970117,0.2641364905944791,success
1109,2000,8,4,0.0,4.0,0.01,0.7400000000000002,1.7999999999999998,4,424,32,44,0,0.8788236569396275,0.22994783922600695,success
1110,2000,8,4,0.0,4.0,0.01,0.7400000000000002,1.9999999999999998,4,447,28,25,0,0.7166291445596016,0.28503949831325304,success
1100,2000,8,4,0.0,4.0,0.01,0.7300000000000002,9.199999999999998,4,408,28,64,0,0.4766042079927548,0.2633500535612074,success
1111,2000,8,4,0.0,4.0,0.01,0.7400000000000002,2.1999999999999997,4,435,30,35,0,0.7930171545191265,0.281786068121413,success
1101,2000,8,4,0.0,4.0,0.01,0.7300000000000002,9.399999999999999,4,406,28,66,0,0.4787347377152235,0.2754455119500433,success
1112,2000,8,4,0.0,4.0,0.01,0.7400000000000002,2.3999999999999995,4,434,29,37,0,0.7956190455957847,0.27661465141311864,success
1113,2000,8,4,0.0,4.0,0.01,0.7400000000000002,2.5999999999999996,4,433,28,39,0,0.8026314253078836,0.27885727728316306,success
1102,2000,8,4,0.0,4.0,0.01,0.7300000000000002,9.599999999999998,4,407,28,65,0,0.46899539114627686,0.2680118364717993,success
1114,2000,8,4,0.0,4.0,0.01,0.7400000000000002,2.8,4,435,28,37,0,0.7577486820794399,0.29485939147476364,success
1115,2000,8,4,0.0,4.0,0.01,0.7400000000000002,2.9999999999999996,4,437,28,35,0,0.7109509923073034,0.281624768585572,success
1116,2000,8,4,0.0,4.0,0.01,0.7400000000000002,3.1999999999999993,4,432,27,41,0,0.7330134608564218,0.276210912942213,success
1103,2000,8,4,0.0,4.0,0.01,0.7300000000000002,9.799999999999997,4,406,25,69,0,0.4776545623710316,0.2759022962343055,success
1117,2000,8,4,0.0,4.0,0.01,0.7400000000000002,3.3999999999999995,4,432,25,43,0,0.7483241256331941,0.2752979302888881,success
1118,2000,8,4,0.0,4.0,0.01,0.7400000000000002,3.5999999999999996,4,430,26,44,0,0.7524967167231792,0.27497437274606584,success
1104,2000,8,4,0.0,4.0,0.01,0.7300000000000002,9.999999999999998,4,404,24,72,0,0.48381582083310487,0.2868154058115304,success
1119,2000,8,4,0.0,4.0,0.01,0.7400000000000002,3.7999999999999994,4,429,26,45,0,0.7303320420886349,0.2760054618162513,success
1120,2000,8,4,0.0,4.0,0.01,0.7400000000000002,3.999999999999999,4,430,25,45,0,0.708076536491947,0.285726466105119,success
1121,2000,8,4,0.0,4.0,0.01,0.7400000000000002,4.199999999999999,4,424,31,45,0,0.7064521453296752,0.2852690256377707,success
1122,2000,8,4,0.0,4.0,0.01,0.7400000000000002,4.3999999999999995,4,422,30,48,0,0.707206214104044,0.2823952311478473,success
1124,2000,8,4,0.0,4.0,0.01,0.7400000000000002,4.799999999999999,4,420,30,50,0,0.690523430444046,0.27886747066421175,success
1123,2000,8,4,0.0,4.0,0.01,0.7400000000000002,4.6,4,424,28,48,0,0.7009584687482403,0.28486730777642494,success
1125,2000,8,4,0.0,4.0,0.01,0.7400000000000002,4.999999999999999,4,415,33,52,0,0.6779450523585423,0.27497388265073724,success
1126,2000,8,4,0.0,4.0,0.01,0.7400000000000002,5.199999999999999,4,414,33,53,0,0.6792722045279992,0.27574756301280345,success
1127,2000,8,4,0.0,4.0,0.01,0.7400000000000002,5.399999999999999,4,415,34,51,0,0.6655612845067086,0.2768219626270389,success
1128,2000,8,4,0.0,4.0,0.01,0.7400000000000002,5.599999999999999,4,417,32,51,0,0.6564851155056983,0.270455808474687,success
1129,2000,8,4,0.0,4.0,0.01,0.7400000000000002,5.799999999999999,4,416,30,54,0,0.6556702256265622,0.2650578780730735,success
1130,2000,8,4,0.0,4.0,0.01,0.7400000000000002,5.999999999999999,4,417,31,52,0,0.6367350669720986,0.26049084494361924,success
1132,2000,8,4,0.0,4.0,0.01,0.7400000000000002,6.399999999999999,4,417,34,49,0,0.5604808798726927,0.25386323811533873,success
1131,2000,8,4,0.0,4.0,0.01,0.7400000000000002,6.199999999999999,4,417,34,49,0,0.594213961277555,0.26129239905043766,success
1133,2000,8,4,0.0,4.0,0.01,0.7400000000000002,6.599999999999999,4,415,31,54,0,0.572092843148039,0.2705254183658472,success
1134,2000,8,4,0.0,4.0,0.01,0.7400000000000002,6.799999999999999,4,416,30,54,0,0.5440690706783547,0.2662629367586268,success
1135,2000,8,4,0.0,4.0,0.01,0.7400000000000002,6.999999999999998,4,414,29,57,0,0.5455204205627219,0.2767430496659395,success
1136,2000,8,4,0.0,4.0,0.01,0.7400000000000002,7.199999999999998,4,412,29,59,0,0.545647205008223,0.29030181303020824,success
1137,2000,8,4,0.0,4.0,0.01,0.7400000000000002,7.399999999999999,4,410,31,59,0,0.5260477648893878,0.290781923504524,success
1138,2000,8,4,0.0,4.0,0.01,0.7400000000000002,7.599999999999999,4,409,29,62,0,0.5258302951072333,0.2940993349806786,success
1139,2000,8,4,0.0,4.0,0.01,0.7400000000000002,7.799999999999999,4,410,30,60,0,0.502531924376305,0.27834474141049764,success
1140,2000,8,4,0.0,4.0,0.01,0.7400000000000002,7.999999999999998,4,412,29,59,0,0.49469816794688004,0.2741621899758605,success
1141,2000,8,4,0.0,4.0,0.01,0.7400000000000002,8.2,4,412,28,60,0,0.5020522170684214,0.27857027840325893,success
1142,2000,8,4,0.0,4.0,0.01,0.7400000000000002,8.399999999999999,4,410,29,61,0,0.4924161887912635,0.2820666853343074,success
1143,2000,8,4,0.0,4.0,0.01,0.7400000000000002,8.599999999999998,4,410,28,62,0,0.49424193454804244,0.2780381592371945,success
1144,2000,8,4,0.0,4.0,0.01,0.7400000000000002,8.799999999999997,4,411,28,61,0,0.48266881724954186,0.26792127063762783,success
1145,2000,8,4,0.0,4.0,0.01,0.7400000000000002,8.999999999999998,4,410,28,62,0,0.46934293823759066,0.26465578631422126,success
1151,2000,8,4,0.0,4.0,0.01,0.7500000000000002,1.0,4,475,25,0,0,,,success
1152,2000,8,4,0.0,4.0,0.01,0.7500000000000002,1.2,4,454,24,22,0,0.9826369071967623,0.0814401241235824,success
1146,2000,8,4,0.0,4.0,0.01,0.7400000000000002,9.199999999999998,4,410,28,62,0,0.4689425934904858,0.2638203410533379,success
1147,2000,8,4,0.0,4.0,0.01,0.7400000000000002,9.399999999999999,4,409,28,63,0,0.4630516623820979,0.270325944499843,success
1154,2000,8,4,0.0,4.0,0.01,0.7500000000000002,1.5999999999999999,4,431,32,37,0,0.9526350248486758,0.1628434864679453,success
1153,2000,8,4,0.0,4.0,0.01,0.7500000000000002,1.4,4,441,32,27,0,0.9611596929017671,0.14540033753089243,success
1155,2000,8,4,0.0,4.0,0.01,0.7500000000000002,1.7999999999999998,4,427,31,42,0,0.8849581167938952,0.22706487633167965,success
1156,2000,8,4,0.0,4.0,0.01,0.7500000000000002,1.9999999999999998,4,449,27,24,0,0.7256553589162517,0.2874972095895425,success
1157,2000,8,4,0.0,4.0,0.01,0.7500000000000002,2.1999999999999997,4,437,29,34,0,0.8016353061226301,0.2813027528582894,success
1148,2000,8,4,0.0,4.0,0.01,0.7400000000000002,9.599999999999998,4,409,28,63,0,0.46124426597462354,0.2684442448659126,success
1158,2000,8,4,0.0,4.0,0.01,0.7500000000000002,2.3999999999999995,4,435,28,37,0,0.8042449552578698,0.27207915581338643,success
1159,2000,8,4,0.0,4.0,0.01,0.7500000000000002,2.5999999999999996,4,435,27,38,0,0.8122749556017145,0.27621850090072625,success
1149,2000,8,4,0.0,4.0,0.01,0.7400000000000002,9.799999999999997,4,408,25,67,0,0.47062315447369146,0.27672493805140025,success
1160,2000,8,4,0.0,4.0,0.01,0.7500000000000002,2.8,4,437,27,36,0,0.7666812211888047,0.2942059565783281,success
1161,2000,8,4,0.0,4.0,0.01,0.7500000000000002,2.9999999999999996,4,439,26,35,0,0.7210967474927225,0.27811556139272503,success
1162,2000,8,4,0.0,4.0,0.01,0.7500000000000002,3.1999999999999993,4,434,26,40,0,0.7375340670085972,0.2732440909668856,success
1150,2000,8,4,0.0,4.0,0.01,0.7400000000000002,9.999999999999998,4,407,24,69,0,0.4703037364692471,0.28376574161607626,success
1163,2000,8,4,0.0,4.0,0.01,0.7500000000000002,3.3999999999999995,4,434,24,42,0,0.7529940044632842,0.2721817089825345,success
1164,2000,8,4,0.0,4.0,0.01,0.7500000000000002,3.5999999999999996,4,432,25,43,0,0.7549038345674239,0.2710135690201551,success
1165,2000,8,4,0.0,4.0,0.01,0.7500000000000002,3.7999999999999994,4,431,25,44,0,0.7327150737149796,0.2723335442778018,success
1166,2000,8,4,0.0,4.0,0.01,0.7500000000000002,3.999999999999999,4,432,24,44,0,0.710951292685781,0.28456017905110326,success
1167,2000,8,4,0.0,4.0,0.01,0.7500000000000002,4.199999999999999,4,426,30,44,0,0.7071836594153804,0.28171845019307656,success
1168,2000,8,4,0.0,4.0,0.01,0.7500000000000002,4.3999999999999995,4,424,29,47,0,0.7083146901189606,0.2789482887549741,success
1169,2000,8,4,0.0,4.0,0.01,0.7500000000000002,4.6,4,428,28,44,0,0.685008605417694,0.282815631808282,success
1170,2000,8,4,0.0,4.0,0.01,0.7500000000000002,4.799999999999999,4,423,30,47,0,0.682517316318325,0.27807629488088687,success
1171,2000,8,4,0.0,4.0,0.01,0.7500000000000002,4.999999999999999,4,417,33,50,0,0.6767845860413344,0.2750122877637613,success
1172,2000,8,4,0.0,4.0,0.01,0.7500000000000002,5.199999999999999,4,417,33,50,0,0.6726269125282427,0.27612996397272727,success
1173,2000,8,4,0.0,4.0,0.01,0.7500000000000002,5.399999999999999,4,418,34,48,0,0.6585388357504948,0.2771470781124752,success
1174,2000,8,4,0.0,4.0,0.01,0.7500000000000002,5.599999999999999,4,419,32,49,0,0.6567876710638779,0.2712308860221334,success
1175,2000,8,4,0.0,4.0,0.01,0.7500000000000002,5.799999999999999,4,418,30,52,0,0.6553971238435345,0.26508584550874476,success
1176,2000,8,4,0.0,4.0,0.01,0.7500000000000002,5.999999999999999,4,419,31,50,0,0.6333951281730639,0.25811381499372377,success
1177,2000,8,4,0.0,4.0,0.01,0.7500000000000002,6.199999999999999,4,419,33,48,0,0.5952693304592632,0.25901827076513484,success
1178,2000,8,4,0.0,4.0,0.01,0.7500000000000002,6.399999999999999,4,419,33,48,0,0.5608868558147645,0.25149407205505653,success
1179,2000,8,4,0.0,4.0,0.01,0.7500000000000002,6.599999999999999,4,417,30,53,0,0.5757357211017896,0.27238035079402767,success
1180,2000,8,4,0.0,4.0,0.01,0.7500000000000002,6.799999999999999,4,418,29,53,0,0.547070995068839,0.2683536377411058,success
1181,2000,8,4,0.0,4.0,0.01,0.7500000000000002,6.999999999999998,4,416,29,55,0,0.5430133618110312,0.27840629111358756,success
1182,2000,8,4,0.0,4.0,0.01,0.7500000000000002,7.199999999999998,4,413,29,58,0,0.5483244593005424,0.2922570093208883,success
1183,2000,8,4,0.0,4.0,0.01,0.7500000000000002,7.399999999999999,4,412,30,58,0,0.5282801975345869,0.29281366982530244,success
1184,2000,8,4,0.0,4.0,0.01,0.7500000000000002,7.599999999999999,4,412,29,59,0,0.5147121447957402,0.2915973936571922,success
1185,2000,8,4,0.0,4.0,0.01,0.7500000000000002,7.799999999999999,4,413,30,57,0,0.49004240361215784,0.2741957849940561,success
1186,2000,8,4,0.0,4.0,0.01,0.7500000000000002,7.999999999999998,4,414,29,57,0,0.49091008386495394,0.2754190790018348,success
1187,2000,8,4,0.0,4.0,0.01,0.7500000000000002,8.2,4,414,28,58,0,0.49928282812092917,0.28083363422367974,success
1188,2000,8,4,0.0,4.0,0.01,0.7500000000000002,8.399999999999999,4,412,29,59,0,0.4889002611986752,0.2834702895015475,success
1197,2000,8,4,0.0,4.0,0.01,0.7600000000000002,1.0,4,475,25,0,0,,,success
1189,2000,8,4,0.0,4.0,0.01,0.7500000000000002,8.599999999999998,4,412,28,60,0,0.4907617200793025,0.2792631074199739,success
1198,2000,8,4,0.0,4.0,0.01,0.7600000000000002,1.2,4,454,24,22,0,0.9826369071967623,0.0814401241235824,success
1190,2000,8,4,0.0,4.0,0.01,0.7500000000000002,8.799999999999997,4,413,28,59,0,0.47901384912740375,0.2693328293265688,success
1199,2000,8,4,0.0,4.0,0.01,0.7600000000000002,1.4,4,441,32,27,0,0.9611596929017671,0.14540033753089243,success
1200,2000,8,4,0.0,4.0,0.01,0.7600000000000002,1.5999999999999999,4,431,32,37,0,0.9526350248486758,0.1628434864679453,success
1201,2000,8,4,0.0,4.0,0.01,0.7600000000000002,1.7999999999999998,4,427,31,42,0,0.8849581167938952,0.22706487633167965,success
1191,2000,8,4,0.0,4.0,0.01,0.7500000000000002,8.999999999999998,4,412,28,60,0,0.46518808221799485,0.2655682235660143,success
1202,2000,8,4,0.0,4.0,0.01,0.7600000000000002,1.9999999999999998,4,450,26,24,0,0.7256553589162517,0.2874972095895425,success
1192,2000,8,4,0.0,4.0,0.01,0.7500000000000002,9.199999999999998,4,412,28,60,0,0.4646993230741026,0.26455728528657896,success
1203,2000,8,4,0.0,4.0,0.01,0.7600000000000002,2.1999999999999997,4,439,28,33,0,0.795624254793013,0.2834381517154893,success
1204,2000,8,4,0.0,4.0,0.01,0.7600000000000002,2.3999999999999995,4,437,27,36,0,0.7988073151261439,0.27389205016279317,success
1205,2000,8,4,0.0,4.0,0.01,0.7600000000000002,2.5999999999999996,4,439,25,36,0,0.8018457864684764,0.28023354606003803,success
1193,2000,8,4,0.0,4.0,0.01,0.7500000000000002,9.399999999999999,4,410,28,62,0,0.4676213710592709,0.27780156277494233,success
1206,2000,8,4,0.0,4.0,0.01,0.7600000000000002,2.8,4,439,25,36,0,0.7666812211888047,0.2942059565783281,success
1207,2000,8,4,0.0,4.0,0.01,0.7600000000000002,2.9999999999999996,4,442,25,33,0,0.7041935200680389,0.27753593505432855,success
1194,2000,8,4,0.0,4.0,0.01,0.7500000000000002,9.599999999999998,4,410,28,62,0,0.46573097218871795,0.27585970692349276,success
1208,2000,8,4,0.0,4.0,0.01,0.7600000000000002,3.1999999999999993,4,437,25,38,0,0.7319467093896213,0.2772150736131827,success
1209,2000,8,4,0.0,4.0,0.01,0.7600000000000002,3.3999999999999995,4,437,23,40,0,0.7484590115979917,0.27621066929702687,success
1195,2000,8,4,0.0,4.0,0.01,0.7500000000000002,9.799999999999997,4,409,25,66,0,0.47506315129389176,0.2835819543787741,success
1210,2000,8,4,0.0,4.0,0.01,0.7600000000000002,3.5999999999999996,4,434,24,42,0,0.7541603812844804,0.2742542683772398,success
1211,2000,8,4,0.0,4.0,0.01,0.7600000000000002,3.7999999999999994,4,433,24,43,0,0.7314728923490242,0.2754303362420311,success
1212,2000,8,4,0.0,4.0,0.01,0.7600000000000002,3.999999999999999,4,434,24,42,0,0.7090992906464059,0.28578441405022864,success
1196,2000,8,4,0.0,4.0,0.01,0.7500000000000002,9.999999999999998,4,409,24,67,0,0.4668048567845843,0.28528524128742844,success
1213,2000,8,4,0.0,4.0,0.01,0.7600000000000002,4.199999999999999,4,428,30,42,0,0.705152246267891,0.2827884740598206,success
1214,2000,8,4,0.0,4.0,0.01,0.7600000000000002,4.3999999999999995,4,427,29,44,0,0.699701854186661,0.2795803734066348,success
1215,2000,8,4,0.0,4.0,0.01,0.7600000000000002,4.6,4,430,28,42,0,0.6826629857910853,0.28322715721806424,success
1216,2000,8,4,0.0,4.0,0.01,0.7600000000000002,4.799999999999999,4,425,30,45,0,0.6802173473735182,0.2782284282161213,success
1217,2000,8,4,0.0,4.0,0.01,0.7600000000000002,4.999999999999999,4,420,33,47,0,0.6811081252091753,0.2769242520141618,success
1218,2000,8,4,0.0,4.0,0.01,0.7600000000000002,5.199999999999999,4,421,34,45,0,0.6673037429249922,0.2799516463357649,success
1219,2000,8,4,0.0,4.0,0.01,0.7600000000000002,5.399999999999999,4,422,35,43,0,0.6498245460223842,0.28021820951047866,success
1220,2000,8,4,0.0,4.0,0.01,0.7600000000000002,5.599999999999999,4,422,33,45,0,0.6542693309642065,0.2758044096169329,success
1221,2000,8,4,0.0,4.0,0.01,0.7600000000000002,5.799999999999999,4,422,31,47,0,0.6454716148404743,0.2668773405715402,success
1222,2000,8,4,0.0,4.0,0.01,0.7600000000000002,5.999999999999999,4,422,31,47,0,0.637714444828015,0.2606041021631738,success
1223,2000,8,4,0.0,4.0,0.01,0.7600000000000002,6.199999999999999,4,422,33,45,0,0.5950412787602968,0.26023552164586333,success
1224,2000,8,4,0.0,4.0,0.01,0.7600000000000002,6.399999999999999,4,421,33,46,0,0.5680881781069149,0.2575867973610434,success
1225,2000,8,4,0.0,4.0,0.01,0.7600000000000002,6.599999999999999,4,419,31,50,0,0.5787598007380946,0.2785502665303762,success
1226,2000,8,4,0.0,4.0,0.01,0.7600000000000002,6.799999999999999,4,420,30,50,0,0.5487088531004098,0.27464753085058585,success
1227,2000,8,4,0.0,4.0,0.01,0.7600000000000002,6.999999999999998,4,418,29,53,0,0.5476253492986554,0.2829895472785689,success
1228,2000,8,4,0.0,4.0,0.01,0.7600000000000002,7.199999999999998,4,415,29,56,0,0.552956168289125,0.29687825018862013,success
1229,2000,8,4,0.0,4.0,0.01,0.7600000000000002,7.399999999999999,4,414,30,56,0,0.5322568818641152,0.29775098453097854,success
1230,2000,8,4,0.0,4.0,0.01,0.7600000000000002,7.599999999999999,4,414,29,57,0,0.5180328301252368,0.2965580133566939,success
1231,2000,8,4,0.0,4.0,0.01,0.7600000000000002,7.799999999999999,4,415,30,55,0,0.4927684291857742,0.2793396241315219,success
1232,2000,8,4,0.0,4.0,0.01,0.7600000000000002,7.999999999999998,4,416,29,55,0,0.491948435946941,0.27903391175723513,success
1233,2000,8,4,0.0,4.0,0.01,0.7600000000000002,8.2,4,416,28,56,0,0.500677419656639,0.28452561509832797,success
1234,2000,8,4,0.0,4.0,0.01,0.7600000000000002,8.399999999999999,4,414,29,57,0,0.49093323526440935,0.2881455529503732,success
1235,2000,8,4,0.0,4.0,0.01,0.7600000000000002,8.599999999999998,4,414,28,58,0,0.49288120140971176,0.2837895814945675,success
1243,2000,8,4,0.0,4.0,0.01,0.7700000000000002,1.0,4,476,24,0,0,,,success
1236,2000,8,4,0.0,4.0,0.01,0.7600000000000002,8.799999999999997,4,415,28,57,0,0.4810262493425548,0.2741674026175186,success
1244,2000,8,4,0.0,4.0,0.01,0.7700000000000002,1.2,4,455,23,22,0,0.9826369071967623,0.0814401241235824,success
1245,2000,8,4,0.0,4.0,0.01,0.7700000000000002,1.4,4,442,31,27,0,0.9611596929017671,0.14540033753089243,success
1246,2000,8,4,0.0,4.0,0.01,0.7700000000000002,1.5999999999999999,4,432,32,36,0,0.9513193310944723,0.16495387064165473,success
1247,2000,8,4,0.0,4.0,0.01,0.7700000000000002,1.7999999999999998,4,428,31,41,0,0.894347339154722,0.22147740130545346,success
1237,2000,8,4,0.0,4.0,0.01,0.7600000000000002,8.999999999999998,4,414,28,58,0,0.46635882961973035,0.27018353474518814,success
1248,2000,8,4,0.0,4.0,0.01,0.7700000000000002,1.9999999999999998,4,451,26,23,0,0.7354664614778279,0.28982146370444145,success
1249,2000,8,4,0.0,4.0,0.01,0.7700000000000002,2.1999999999999997,4,440,28,32,0,0.8048625127552946,0.2828806424456833,success
1238,2000,8,4,0.0,4.0,0.01,0.7600000000000002,9.199999999999998,4,414,28,58,0,0.46595425740541035,0.2692830839094771,success
1250,2000,8,4,0.0,4.0,0.01,0.7700000000000002,2.3999999999999995,4,438,27,35,0,0.8073446669868909,0.2729874536668058,success
1239,2000,8,4,0.0,4.0,0.01,0.7600000000000002,9.399999999999999,4,412,28,60,0,0.46896146983818776,0.2825994205864576,success
1251,2000,8,4,0.0,4.0,0.01,0.7700000000000002,2.5999999999999996,4,440,24,36,0,0.8194568672990337,0.2718570264336645,success
1240,2000,8,4,0.0,4.0,0.01,0.7600000000000002,9.599999999999998,4,412,28,60,0,0.466869363934436,0.28048210051655303,success
1252,2000,8,4,0.0,4.0,0.01,0.7700000000000002,2.8,4,440,24,36,0,0.784292302019362,0.2884553815491716,success
1253,2000,8,4,0.0,4.0,0.01,0.7700000000000002,2.9999999999999996,4,443,25,32,0,0.7147620335045423,0.2751474640964194,success
1254,2000,8,4,0.0,4.0,0.01,0.7700000000000002,3.1999999999999993,4,438,25,37,0,0.7418371315325859,0.2741576866556681,success
1241,2000,8,4,0.0,4.0,0.01,0.7600000000000002,9.799999999999997,4,411,25,64,0,0.4767010561652325,0.2881648477368669,success
1255,2000,8,4,0.0,4.0,0.01,0.7700000000000002,3.3999999999999995,4,438,22,40,0,0.7646296978249346,0.2713670453433906,success
1256,2000,8,4,0.0,4.0,0.01,0.7700000000000002,3.5999999999999996,4,435,23,42,0,0.7718475901271359,0.27087635792588577,success
1257,2000,8,4,0.0,4.0,0.01,0.7700000000000002,3.7999999999999994,4,434,23,43,0,0.7386008569274604,0.26901469259980193,success
1258,2000,8,4,0.0,4.0,0.01,0.7700000000000002,3.999999999999999,4,435,23,42,0,0.7158236602202335,0.28043628330991044,success
1259,2000,8,4,0.0,4.0,0.01,0.7700000000000002,4.199999999999999,4,429,28,43,0,0.7169583547260121,0.27836533696217935,success
1260,2000,8,4,0.0,4.0,0.01,0.7700000000000002,4.3999999999999995,4,428,28,44,0,0.7093863173806557,0.2792277287689684,success
1261,2000,8,4,0.0,4.0,0.01,0.7700000000000002,4.6,4,431,27,42,0,0.6875500208050856,0.27948447030051937,success
1242,2000,8,4,0.0,4.0,0.01,0.7600000000000002,9.999999999999998,4,411,24,65,0,0.46810290833981083,0.28989957203343714,success
1262,2000,8,4,0.0,4.0,0.01,0.7700000000000002,4.799999999999999,4,426,30,44,0,0.6738140887602536,0.27472148648023215,success
1263,2000,8,4,0.0,4.0,0.01,0.7700000000000002,4.999999999999999,4,421,32,47,0,0.6822770263902714,0.27448985037464924,success
1264,2000,8,4,0.0,4.0,0.01,0.7700000000000002,5.199999999999999,4,422,33,45,0,0.669212469292083,0.2773954461576024,success
1265,2000,8,4,0.0,4.0,0.01,0.7700000000000002,5.399999999999999,4,423,34,43,0,0.6518057725804746,0.2777057102925444,success
1266,2000,8,4,0.0,4.0,0.01,0.7700000000000002,5.599999999999999,4,423,32,45,0,0.659808841480233,0.27787350047516995,success
1267,2000,8,4,0.0,4.0,0.01,0.7700000000000002,5.799999999999999,4,423,31,46,0,0.6411875147857856,0.266590981147686,success
1268,2000,8,4,0.0,4.0,0.01,0.7700000000000002,5.999999999999999,4,424,31,45,0,0.6267770423341519,0.25825222828139743,success
1269,2000,8,4,0.0,4.0,0.01,0.7700000000000002,6.199999999999999,4,423,33,44,0,0.5912316207238116,0.2604013073148709,success
1270,2000,8,4,0.0,4.0,0.01,0.7700000000000002,6.399999999999999,4,422,33,45,0,0.5651993343329509,0.2577992824783547,success
1271,2000,8,4,0.0,4.0,0.01,0.7700000000000002,6.599999999999999,4,420,31,49,0,0.5765717872749819,0.2793634962758566,success
1272,2000,8,4,0.0,4.0,0.01,0.7700000000000002,6.799999999999999,4,421,30,49,0,0.5466226391307815,0.2759662835292876,success
1273,2000,8,4,0.0,4.0,0.01,0.7700000000000002,6.999999999999998,4,419,29,52,0,0.545594887159393,0.28435398405947326,success
1274,2000,8,4,0.0,4.0,0.01,0.7700000000000002,7.199999999999998,4,416,29,55,0,0.551168085212347,0.29841544415671795,success
1275,2000,8,4,0.0,4.0,0.01,0.7700000000000002,7.399999999999999,4,415,30,55,0,0.5302257798044575,0.2991890296056297,success
1276,2000,8,4,0.0,4.0,0.01,0.7700000000000002,7.599999999999999,4,415,29,56,0,0.5161163151921757,0.29793446866749096,success
1277,2000,8,4,0.0,4.0,0.01,0.7700000000000002,7.799999999999999,4,416,30,54,0,0.49071641403387745,0.2804528961189348,success
1278,2000,8,4,0.0,4.0,0.01,0.7700000000000002,7.999999999999998,4,417,29,54,0,0.48987156822702854,0.2801366597872487,success
1279,2000,8,4,0.0,4.0,0.01,0.7700000000000002,8.2,4,417,28,55,0,0.4988458291918387,0.2857758863105227,success
1280,2000,8,4,0.0,4.0,0.01,0.7700000000000002,8.399999999999999,4,415,29,56,0,0.4889558806162163,0.289355654466972,success
1281,2000,8,4,0.0,4.0,0.01,0.7700000000000002,8.599999999999998,4,415,28,57,0,0.4909282050645929,0.28492974009408345,success
1289,2000,8,4,0.0,4.0,0.01,0.7800000000000002,1.0,4,477,23,0,0,,,success
1290,2000,8,4,0.0,4.0,0.01,0.7800000000000002,1.2,4,456,23,21,0,0.981810093253751,0.08335662454887352,success
1291,2000,8,4,0.0,4.0,0.01,0.7800000000000002,1.4,4,443,31,26,0,0.9596658349364504,0.14806837888609634,success
1282,2000,8,4,0.0,4.0,0.01,0.7700000000000002,8.799999999999997,4,416,28,56,0,0.47866852242849184,0.27502030392490634,success
1292,2000,8,4,0.0,4.0,0.01,0.7800000000000002,1.5999999999999999,4,434,31,35,0,0.9499284548400286,0.16714776520797672,success
1293,2000,8,4,0.0,4.0,0.01,0.7800000000000002,1.7999999999999998,4,430,29,41,0,0.894347339154722,0.22147740130545346,success
1294,2000,8,4,0.0,4.0,0.01,0.7800000000000002,1.9999999999999998,4,451,26,23,0,0.7354664614778279,0.28982146370444145,success
1295,2000,8,4,0.0,4.0,0.01,0.7800000000000002,2.1999999999999997,4,441,27,32,0,0.8048625127552946,0.2828806424456833,success
1296,2000,8,4,0.0,4.0,0.01,0.7800000000000002,2.3999999999999995,4,439,26,35,0,0.8073446669868909,0.2729874536668058,success
1283,2000,8,4,0.0,4.0,0.01,0.7700000000000002,8.999999999999998,4,415,28,57,0,0.46376071277620157,0.27080233950994137,success
1297,2000,8,4,0.0,4.0,0.01,0.7800000000000002,2.5999999999999996,4,441,23,36,0,0.8055679784101447,0.2751223583167515,success
1284,2000,8,4,0.0,4.0,0.01,0.7700000000000002,9.199999999999998,4,415,28,57,0,0.46338424631977193,0.26987963340994386,success
1298,2000,8,4,0.0,4.0,0.01,0.7800000000000002,2.8,4,440,24,36,0,0.7597923646104896,0.2881484603382252,success
1285,2000,8,4,0.0,4.0,0.01,0.7700000000000002,9.399999999999999,4,413,28,59,0,0.4665249653889745,0.2834058549530773,success
1299,2000,8,4,0.0,4.0,0.01,0.7800000000000002,2.9999999999999996,4,443,24,33,0,0.7016449682171314,0.2738013163806503,success
1300,2000,8,4,0.0,4.0,0.01,0.7800000000000002,3.1999999999999993,4,439,24,37,0,0.7193872875371606,0.2746739690027326,success
1286,2000,8,4,0.0,4.0,0.01,0.7700000000000002,9.599999999999998,4,413,28,59,0,0.46441573655093343,0.2812413963741881,success
1301,2000,8,4,0.0,4.0,0.01,0.7800000000000002,3.3999999999999995,4,438,22,40,0,0.7409129023281456,0.2757141607303044,success
1302,2000,8,4,0.0,4.0,0.01,0.7800000000000002,3.5999999999999996,4,435,23,42,0,0.750630416547751,0.27772225076627216,success
1303,2000,8,4,0.0,4.0,0.01,0.7800000000000002,3.7999999999999994,4,434,23,43,0,0.7260658529592365,0.2756313536733588,success
1304,2000,8,4,0.0,4.0,0.01,0.7800000000000002,3.999999999999999,4,436,23,41,0,0.7054466399195842,0.2905785109514895,success
1287,2000,8,4,0.0,4.0,0.01,0.7700000000000002,9.799999999999997,4,412,25,63,0,0.4748513694133877,0.2892688088216448,success
1305,2000,8,4,0.0,4.0,0.01,0.7800000000000002,4.199999999999999,4,429,28,43,0,0.7067893033756367,0.2841829096059956,success
1306,2000,8,4,0.0,4.0,0.01,0.7800000000000002,4.3999999999999995,4,428,28,44,0,0.6995267629669083,0.28443788387818686,success
1307,2000,8,4,0.0,4.0,0.01,0.7800000000000002,4.6,4,431,27,42,0,0.6774211576611567,0.28459956593030694,success
1308,2000,8,4,0.0,4.0,0.01,0.7800000000000002,4.799999999999999,4,426,30,44,0,0.6642715802785297,0.2791806170000514,success
1309,2000,8,4,0.0,4.0,0.01,0.7800000000000002,4.999999999999999,4,422,32,46,0,0.6648818076134497,0.2773733246881801,success
1288,2000,8,4,0.0,4.0,0.01,0.7700000000000002,9.999999999999998,4,412,24,64,0,0.4661479579602712,0.2909487767282416,success
1310,2000,8,4,0.0,4.0,0.01,0.7800000000000002,5.199999999999999,4,423,32,45,0,0.6552745483082821,0.27815115725008793,success
1311,2000,8,4,0.0,4.0,0.01,0.7800000000000002,5.399999999999999,4,423,33,44,0,0.6443753256504108,0.27818295679628074,success
1312,2000,8,4,0.0,4.0,0.01,0.7800000000000002,5.599999999999999,4,423,31,46,0,0.6523819967026362,0.2783673181493716,success
1314,2000,8,4,0.0,4.0,0.01,0.7800000000000002,5.999999999999999,4,424,31,45,0,0.6137626806522886,0.2582361015960294,success
1313,2000,8,4,0.0,4.0,0.01,0.7800000000000002,5.799999999999999,4,423,30,47,0,0.6342462390868036,0.2669346481647887,success
1315,2000,8,4,0.0,4.0,0.01,0.7800000000000002,6.199999999999999,4,423,33,44,0,0.5797390184305589,0.26056523387763336,success
1316,2000,8,4,0.0,4.0,0.01,0.7800000000000002,6.399999999999999,4,422,33,45,0,0.5539306828342904,0.25677373579141827,success
1317,2000,8,4,0.0,4.0,0.01,0.7800000000000002,6.599999999999999,4,421,30,49,0,0.5623414233554604,0.27406176529757736,success
1318,2000,8,4,0.0,4.0,0.01,0.7800000000000002,6.799999999999999,4,421,29,50,0,0.5416929745963022,0.27430988491919944,success
1319,2000,8,4,0.0,4.0,0.01,0.7800000000000002,6.999999999999998,4,419,29,52,0,0.5375407187153985,0.2842972794878329,success
1320,2000,8,4,0.0,4.0,0.01,0.7800000000000002,7.199999999999998,4,416,29,55,0,0.5433473972006104,0.2984333705351603,success
1321,2000,8,4,0.0,4.0,0.01,0.7800000000000002,7.399999999999999,4,415,30,55,0,0.522173896994291,0.2986334009520501,success
1322,2000,8,4,0.0,4.0,0.01,0.7800000000000002,7.599999999999999,4,416,29,55,0,0.4997784309988627,0.2929029971358981,success
1323,2000,8,4,0.0,4.0,0.01,0.7800000000000002,7.799999999999999,4,416,30,54,0,0.4822495294520696,0.27834134121324977,success
1324,2000,8,4,0.0,4.0,0.01,0.7800000000000002,7.999999999999998,4,417,29,54,0,0.4813472655801416,0.27792935162204946,success
1325,2000,8,4,0.0,4.0,0.01,0.7800000000000002,8.2,4,417,28,55,0,0.49041400951365305,0.28384945166980474,success
1326,2000,8,4,0.0,4.0,0.01,0.7800000000000002,8.399999999999999,4,415,29,56,0,0.4807586087470413,0.2872230569784805,success
1335,2000,8,4,0.0,4.0,0.01,0.7900000000000003,1.0,4,478,22,0,0,,,success
1327,2000,8,4,0.0,4.0,0.01,0.7800000000000002,8.599999999999998,4,415,27,58,0,0.488241614171266,0.28340265207314286,success
1336,2000,8,4,0.0,4.0,0.01,0.7900000000000003,1.2,4,457,22,21,0,0.981810093253751,0.08335662454887352,success
1337,2000,8,4,0.0,4.0,0.01,0.7900000000000003,1.4,4,444,30,26,0,0.9596658349364504,0.14806837888609634,success
1338,2000,8,4,0.0,4.0,0.01,0.7900000000000003,1.5999999999999999,4,436,31,33,0,0.9468938157394243,0.17180899156746685,success
1328,2000,8,4,0.0,4.0,0.01,0.7800000000000002,8.799999999999997,4,416,27,57,0,0.4762190929090928,0.2735536003750849,success
1339,2000,8,4,0.0,4.0,0.01,0.7900000000000003,1.7999999999999998,4,433,29,38,0,0.8860063396143055,0.2281511098908004,success
1340,2000,8,4,0.0,4.0,0.01,0.7900000000000003,1.9999999999999998,4,454,26,20,0,0.7291214431985551,0.2851983006493441,success
1341,2000,8,4,0.0,4.0,0.01,0.7900000000000003,2.1999999999999997,4,445,27,28,0,0.8018881207341284,0.27981789985439237,success
1329,2000,8,4,0.0,4.0,0.01,0.7800000000000002,8.999999999999998,4,415,28,57,0,0.4546880874973261,0.26645529288192404,success
1342,2000,8,4,0.0,4.0,0.01,0.7900000000000003,2.3999999999999995,4,442,26,32,0,0.8203139041653906,0.2690277350254981,success
1343,2000,8,4,0.0,4.0,0.01,0.7900000000000003,2.5999999999999996,4,443,23,34,0,0.8146386527985702,0.2671843479067013,success
1330,2000,8,4,0.0,4.0,0.01,0.7800000000000002,9.199999999999998,4,415,28,57,0,0.4538545869448576,0.2647781428278389,success
1344,2000,8,4,0.0,4.0,0.01,0.7900000000000003,2.8,4,442,24,34,0,0.7661703558342293,0.28273811139436833,success
1345,2000,8,4,0.0,4.0,0.01,0.7900000000000003,2.9999999999999996,4,444,24,32,0,0.7141753870869864,0.2684091721936,success
1346,2000,8,4,0.0,4.0,0.01,0.7900000000000003,3.1999999999999993,4,440,24,36,0,0.7311597393869336,0.26893683292731707,success
1331,2000,8,4,0.0,4.0,0.01,0.7800000000000002,9.399999999999999,4,413,28,59,0,0.4580617178657167,0.280010175218628,success
1347,2000,8,4,0.0,4.0,0.01,0.7900000000000003,3.3999999999999995,4,439,22,39,0,0.7525035562707928,0.2692666830097497,success
1348,2000,8,4,0.0,4.0,0.01,0.7900000000000003,3.5999999999999996,4,436,23,41,0,0.76189268527904,0.27129015694941455,success
1349,2000,8,4,0.0,4.0,0.01,0.7900000000000003,3.7999999999999994,4,435,23,42,0,0.7364751018733875,0.2702844517138176,success
1332,2000,8,4,0.0,4.0,0.01,0.7800000000000002,9.599999999999998,4,413,28,59,0,0.45619449607363627,0.27802909170488055,success
1350,2000,8,4,0.0,4.0,0.01,0.7900000000000003,3.999999999999999,4,437,23,40,0,0.7158608709534512,0.2864281032537125,success
1351,2000,8,4,0.0,4.0,0.01,0.7900000000000003,4.199999999999999,4,430,28,42,0,0.7167707627899075,0.2798948392176433,success
1352,2000,8,4,0.0,4.0,0.01,0.7900000000000003,4.3999999999999995,4,429,28,43,0,0.7091142796993252,0.28051954631205217,success
1333,2000,8,4,0.0,4.0,0.01,0.7800000000000002,9.799999999999997,4,412,25,63,0,0.46728578292286793,0.28676517514027516,success
1353,2000,8,4,0.0,4.0,0.01,0.7900000000000003,4.6,4,432,27,41,0,0.6869371970316,0.2812903837258047,success
1354,2000,8,4,0.0,4.0,0.01,0.7900000000000003,4.799999999999999,4,427,30,43,0,0.6730475949366375,0.27627640689857125,success
1355,2000,8,4,0.0,4.0,0.01,0.7900000000000003,4.999999999999999,4,423,32,45,0,0.6733095336224525,0.27448649041615286,success
1356,2000,8,4,0.0,4.0,0.01,0.7900000000000003,5.199999999999999,4,424,32,44,0,0.6636792186546301,0.275526308153271,success
1334,2000,8,4,0.0,4.0,0.01,0.7800000000000002,9.999999999999998,4,412,24,64,0,0.4584024467044334,0.2878192823004905,success
1357,2000,8,4,0.0,4.0,0.01,0.7900000000000003,5.399999999999999,4,424,33,43,0,0.6527220074293048,0.2758442835970794,success
1358,2000,8,4,0.0,4.0,0.01,0.7900000000000003,5.599999999999999,4,424,31,45,0,0.6605356408702954,0.27590200323569597,success
1359,2000,8,4,0.0,4.0,0.01,0.7900000000000003,5.799999999999999,4,424,30,46,0,0.6418283229251421,0.26471808603058966,success
1360,2000,8,4,0.0,4.0,0.01,0.7900000000000003,5.999999999999999,4,425,31,44,0,0.621233559282556,0.2562548597501039,success
1361,2000,8,4,0.0,4.0,0.01,0.7900000000000003,6.199999999999999,4,424,33,43,0,0.5865902972016434,0.25960770768458,success
1362,2000,8,4,0.0,4.0,0.01,0.7900000000000003,6.399999999999999,4,424,33,43,0,0.5498084138039488,0.2501937645487062,success
1363,2000,8,4,0.0,4.0,0.01,0.7900000000000003,6.599999999999999,4,423,30,47,0,0.558927258430524,0.26931209607404477,success
1364,2000,8,4,0.0,4.0,0.01,0.7900000000000003,6.799999999999999,4,422,29,49,0,0.5468628828965104,0.2746439741462799,success
1365,2000,8,4,0.0,4.0,0.01,0.7900000000000003,6.999999999999998,4,420,29,51,0,0.5424264687511345,0.2848792073884083,success
1366,2000,8,4,0.0,4.0,0.01,0.7900000000000003,7.199999999999998,4,417,29,54,0,0.5480692715022336,0.2991243667792509,success
1367,2000,8,4,0.0,4.0,0.01,0.7900000000000003,7.399999999999999,4,416,30,54,0,0.5265025422030004,0.29966003985091927,success
1368,2000,8,4,0.0,4.0,0.01,0.7900000000000003,7.599999999999999,4,417,29,54,0,0.5031135679470586,0.29352182724202225,success
1369,2000,8,4,0.0,4.0,0.01,0.7900000000000003,7.799999999999999,4,417,30,53,0,0.48590735070023006,0.27965413281631607,success
1370,2000,8,4,0.0,4.0,0.01,0.7900000000000003,7.999999999999998,4,418,29,53,0,0.4841121985361805,0.2782216310334978,success
1371,2000,8,4,0.0,4.0,0.01,0.7900000000000003,8.2,4,418,28,54,0,0.4935047107631536,0.2843950776077815,success
1381,2000,8,4,0.0,4.0,0.01,0.8000000000000003,1.0,4,479,21,0,0,,,success
1372,2000,8,4,0.0,4.0,0.01,0.7900000000000003,8.399999999999999,4,416,29,55,0,0.4836166661968181,0.2879170614687674,success
1382,2000,8,4,0.0,4.0,0.01,0.8000000000000003,1.2,4,458,21,21,0,0.981810093253751,0.08335662454887352,success
1383,2000,8,4,0.0,4.0,0.01,0.8000000000000003,1.4,4,445,29,26,0,0.9596658349364504,0.14806837888609634,success
1373,2000,8,4,0.0,4.0,0.01,0.7900000000000003,8.599999999999998,4,416,27,57,0,0.49173918495598723,0.28461694052700764,success
1384,2000,8,4,0.0,4.0,0.01,0.8000000000000003,1.5999999999999999,4,437,31,32,0,0.9452342474812814,0.1742891689234958,success
1385,2000,8,4,0.0,4.0,0.01,0.8000000000000003,1.7999999999999998,4,434,29,37,0,0.8964389433876649,0.22191905590936345,success
1374,2000,8,4,0.0,4.0,0.01,0.7900000000000003,8.799999999999997,4,417,27,56,0,0.4794495145791086,0.2747401483549741,success
1386,2000,8,4,0.0,4.0,0.01,0.8000000000000003,1.9999999999999998,4,455,26,19,0,0.7411804665247949,0.2877270819728247,success
1387,2000,8,4,0.0,4.0,0.01,0.8000000000000003,2.1999999999999997,4,447,27,26,0,0.8058795146367538,0.28165571715318277,success
1388,2000,8,4,0.0,4.0,0.01,0.8000000000000003,2.3999999999999995,4,444,26,30,0,0.8250014977764166,0.2696169883849677,success
1389,2000,8,4,0.0,4.0,0.01,0.8000000000000003,2.5999999999999996,4,444,23,33,0,0.8241731574288299,0.2653882353483523,success
1375,2000,8,4,0.0,4.0,0.01,0.7900000000000003,8.999999999999998,4,416,28,56,0,0.4575271917922237,0.2677890597032355,success
1391,2000,8,4,0.0,4.0,0.01,0.8000000000000003,2.9999999999999996,4,445,24,31,0,0.7238521360452097,0.2671115647446456,success
1390,2000,8,4,0.0,4.0,0.01,0.8000000000000003,2.8,4,443,24,33,0,0.7768362402721736,0.280089704605043,success
1376,2000,8,4,0.0,4.0,0.01,0.7900000000000003,9.199999999999998,4,416,28,56,0,0.4566780302329804,0.26609816676898285,success
1392,2000,8,4,0.0,4.0,0.01,0.8000000000000003,3.1999999999999993,4,442,24,34,0,0.7325751308396339,0.26734591143518516,success
1393,2000,8,4,0.0,4.0,0.01,0.8000000000000003,3.3999999999999995,4,441,22,37,0,0.7549579060859148,0.26766705637690263,success
1377,2000,8,4,0.0,4.0,0.01,0.7900000000000003,9.399999999999999,4,414,28,58,0,0.4608606194496051,0.2814316618346849,success
1394,2000,8,4,0.0,4.0,0.01,0.8000000000000003,3.5999999999999996,4,437,23,40,0,0.7705850981764643,0.2689017922654583,success
1395,2000,8,4,0.0,4.0,0.01,0.8000000000000003,3.7999999999999994,4,436,23,41,0,0.745265720048464,0.2674945599280487,success
1396,2000,8,4,0.0,4.0,0.01,0.8000000000000003,3.999999999999999,4,438,23,39,0,0.7245737200369952,0.28475177749684033,success
1378,2000,8,4,0.0,4.0,0.01,0.7900000000000003,9.599999999999998,4,414,28,58,0,0.4585705027949518,0.27906838143634455,success
1397,2000,8,4,0.0,4.0,0.01,0.8000000000000003,4.199999999999999,4,431,28,41,0,0.7250807873288018,0.2780769073184669,success
1398,2000,8,4,0.0,4.0,0.01,0.8000000000000003,4.3999999999999995,4,430,28,42,0,0.7170441492946605,0.27899928630129833,success
1399,2000,8,4,0.0,4.0,0.01,0.8000000000000003,4.6,4,433,27,40,0,0.6947091330400089,0.280380249888848,success
1379,2000,8,4,0.0,4.0,0.01,0.7900000000000003,9.799999999999997,4,413,25,62,0,0.46973258914639726,0.2877818571752104,success
1400,2000,8,4,0.0,4.0,0.01,0.8000000000000003,4.799999999999999,4,428,30,42,0,0.6803582876653442,0.27538352583205716,success
1401,2000,8,4,0.0,4.0,0.01,0.8000000000000003,4.999999999999999,4,424,32,44,0,0.6802938752881682,0.27358508026121986,success
1402,2000,8,4,0.0,4.0,0.01,0.8000000000000003,5.199999999999999,4,425,32,43,0,0.6706020260575062,0.27488783437606146,success
1380,2000,8,4,0.0,4.0,0.01,0.7900000000000003,9.999999999999998,4,413,24,63,0,0.4601161869642252,0.2883035953790961,success
1403,2000,8,4,0.0,4.0,0.01,0.8000000000000003,5.399999999999999,4,425,33,42,0,0.6595485411840816,0.2754872475508458,success
1404,2000,8,4,0.0,4.0,0.01,0.8000000000000003,5.599999999999999,4,425,31,44,0,0.6672875196707226,0.2753054098216989,success
1405,2000,8,4,0.0,4.0,0.01,0.8000000000000003,5.799999999999999,4,425,30,45,0,0.647927660236321,0.2641990662257472,success
1406,2000,8,4,0.0,4.0,0.01,0.8000000000000003,5.999999999999999,4,426,31,43,0,0.6270663124317138,0.2559591873567824,success
1407,2000,8,4,0.0,4.0,0.01,0.8000000000000003,6.199999999999999,4,425,33,42,0,0.5915426391037382,0.25997656784032813,success
1408,2000,8,4,0.0,4.0,0.01,0.8000000000000003,6.399999999999999,4,425,33,42,0,0.553794809209664,0.25102996690370677,success
1409,2000,8,4,0.0,4.0,0.01,0.8000000000000003,6.599999999999999,4,424,30,46,0,0.5631367175326477,0.27069866414192045,success
1410,2000,8,4,0.0,4.0,0.01,0.8000000000000003,6.799999999999999,4,423,29,48,0,0.5506546898630057,0.27623489928303413,success
1411,2000,8,4,0.0,4.0,0.01,0.8000000000000003,6.999999999999998,4,421,29,50,0,0.5460267783691769,0.2865934208512533,success
1412,2000,8,4,0.0,4.0,0.01,0.8000000000000003,7.199999999999998,4,418,29,53,0,0.5515797819586007,0.30086166765899514,success
1413,2000,8,4,0.0,4.0,0.01,0.8000000000000003,7.399999999999999,4,417,30,53,0,0.529606131489947,0.3016501191416934,success
1414,2000,8,4,0.0,4.0,0.01,0.8000000000000003,7.599999999999999,4,418,29,53,0,0.5051272719270449,0.2952590087753303,success
1415,2000,8,4,0.0,4.0,0.01,0.8000000000000003,7.799999999999999,4,418,30,52,0,0.4874508516724757,0.2813726464954981,success
1416,2000,8,4,0.0,4.0,0.01,0.8000000000000003,7.999999999999998,4,419,29,52,0,0.48559293126507236,0.2799150755514476,success
1417,2000,8,4,0.0,4.0,0.01,0.8000000000000003,8.2,4,419,28,53,0,0.495136850193307,0.28608607198568375,success
1427,2000,8,4,0.0,4.0,0.01,0.8100000000000003,1.0,4,480,20,0,0,,,success
1418,2000,8,4,0.0,4.0,0.01,0.8000000000000003,8.399999999999999,4,417,29,54,0,0.48503542070769434,0.2896753034486988,success
1428,2000,8,4,0.0,4.0,0.01,0.8100000000000003,1.2,4,459,21,20,0,0.9809005979164386,0.08541512277688862,success
1419,2000,8,4,0.0,4.0,0.01,0.8000000000000003,8.599999999999998,4,417,28,55,0,0.48764979879839815,0.2857407078396177,success
1429,2000,8,4,0.0,4.0,0.01,0.8100000000000003,1.4,4,446,29,25,0,0.9580524683339084,0.15088823153561462,success
1431,2000,8,4,0.0,4.0,0.01,0.8100000000000003,1.7999999999999998,4,435,28,37,0,0.8964389433876649,0.22191905590936345,success
1430,2000,8,4,0.0,4.0,0.01,0.8100000000000003,1.5999999999999999,4,438,31,31,0,0.9434676103032581,0.17687868796267353,success
1432,2000,8,4,0.0,4.0,0.01,0.8100000000000003,1.9999999999999998,4,456,25,19,0,0.7674962559984791,0.2873079421639883,success
1420,2000,8,4,0.0,4.0,0.01,0.8000000000000003,8.799999999999997,4,418,28,54,0,0.47505135685642125,0.275428296131592,success
1433,2000,8,4,0.0,4.0,0.01,0.8100000000000003,2.1999999999999997,4,448,26,26,0,0.8251102838675229,0.276965967286575,success
1434,2000,8,4,0.0,4.0,0.01,0.8100000000000003,2.3999999999999995,4,445,25,30,0,0.8289352297207091,0.26554178584229626,success
1436,2000,8,4,0.0,4.0,0.01,0.8100000000000003,2.8,4,444,23,33,0,0.7970394058158428,0.2709942303144535,success
1435,2000,8,4,0.0,4.0,0.01,0.8100000000000003,2.5999999999999996,4,445,22,33,0,0.8277492773781867,0.26165229037434823,success
1438,2000,8,4,0.0,4.0,0.01,0.8100000000000003,3.1999999999999993,4,444,23,33,0,0.7562502017638798,0.26452225366169385,success
1437,2000,8,4,0.0,4.0,0.01,0.8100000000000003,2.9999999999999996,4,447,23,30,0,0.7496039475687328,0.2647758944896786,success
1421,2000,8,4,0.0,4.0,0.01,0.8000000000000003,8.999999999999998,4,417,29,54,0,0.4522282938862855,0.2676938145744001,success
1422,2000,8,4,0.0,4.0,0.01,0.8000000000000003,9.199999999999998,4,417,29,54,0,0.4510296150537337,0.2654619168373493,success
1439,2000,8,4,0.0,4.0,0.01,0.8100000000000003,3.3999999999999995,4,443,21,36,0,0.7772817981899816,0.2632105247727368,success
1440,2000,8,4,0.0,4.0,0.01,0.8100000000000003,3.5999999999999996,4,440,22,38,0,0.7760554839473592,0.26380932249167144,success
1441,2000,8,4,0.0,4.0,0.01,0.8100000000000003,3.7999999999999994,4,440,23,37,0,0.7423709280817286,0.266782925719217,success
1423,2000,8,4,0.0,4.0,0.01,0.8000000000000003,9.399999999999999,4,415,27,58,0,0.46732619157047767,0.28361981116298524,success
1442,2000,8,4,0.0,4.0,0.01,0.8100000000000003,3.999999999999999,4,441,23,36,0,0.7271886700961226,0.28506939250180946,success
1443,2000,8,4,0.0,4.0,0.01,0.8100000000000003,4.199999999999999,4,434,28,38,0,0.7275981400657493,0.2778325122748258,success
1424,2000,8,4,0.0,4.0,0.01,0.8000000000000003,9.599999999999998,4,415,27,58,0,0.4650812804898042,0.28137733437147217,success
1444,2000,8,4,0.0,4.0,0.01,0.8100000000000003,4.3999999999999995,4,433,27,40,0,0.7287939642748332,0.27854863609256497,success
1445,2000,8,4,0.0,4.0,0.01,0.8100000000000003,4.6,4,435,26,39,0,0.7050273641636594,0.27760186045150287,success
1446,2000,8,4,0.0,4.0,0.01,0.8100000000000003,4.799999999999999,4,430,29,41,0,0.6928273292475919,0.2725686965929344,success
1425,2000,8,4,0.0,4.0,0.01,0.8000000000000003,9.799999999999997,4,414,24,62,0,0.47587042080418634,0.28967811131942284,success
1447,2000,8,4,0.0,4.0,0.01,0.8100000000000003,4.999999999999999,4,426,31,43,0,0.6922577138060958,0.2707699438879044,success
1448,2000,8,4,0.0,4.0,0.01,0.8100000000000003,5.199999999999999,4,427,31,42,0,0.6826384369029912,0.27247085061712295,success
1450,2000,8,4,0.0,4.0,0.01,0.8100000000000003,5.599999999999999,4,428,31,41,0,0.6680757779114646,0.2740271970842511,success
1449,2000,8,4,0.0,4.0,0.01,0.8100000000000003,5.399999999999999,4,428,33,39,0,0.6554205383758256,0.26960652030184334,success
1451,2000,8,4,0.0,4.0,0.01,0.8100000000000003,5.799999999999999,4,428,30,42,0,0.6487176975897712,0.26260540083686,success
1452,2000,8,4,0.0,4.0,0.01,0.8100000000000003,5.999999999999999,4,428,31,41,0,0.6354753282964455,0.257077458313342,success
1453,2000,8,4,0.0,4.0,0.01,0.8100000000000003,6.199999999999999,4,427,33,40,0,0.59840307586179,0.26242637713331535,success
1426,2000,8,4,0.0,4.0,0.01,0.8000000000000003,9.999999999999998,4,414,23,63,0,0.46615095253313465,0.2903628768988706,success
1454,2000,8,4,0.0,4.0,0.01,0.8100000000000003,6.399999999999999,4,427,33,40,0,0.5588441365980208,0.25407682888922534,success
1455,2000,8,4,0.0,4.0,0.01,0.8100000000000003,6.599999999999999,4,426,30,44,0,0.5679371896579092,0.2739170706746984,success
1456,2000,8,4,0.0,4.0,0.01,0.8100000000000003,6.799999999999999,4,425,29,46,0,0.55451327739183,0.27971533500375895,success
1457,2000,8,4,0.0,4.0,0.01,0.8100000000000003,6.999999999999998,4,423,29,48,0,0.5475414658246514,0.2874831411372707,success
1458,2000,8,4,0.0,4.0,0.01,0.8100000000000003,7.199999999999998,4,420,29,51,0,0.5532273958444138,0.30218570033789055,success
1459,2000,8,4,0.0,4.0,0.01,0.8100000000000003,7.399999999999999,4,419,30,51,0,0.5304012107893331,0.3031316048769294,success
1460,2000,8,4,0.0,4.0,0.01,0.8100000000000003,7.599999999999999,4,420,29,51,0,0.5060034597349776,0.29873351051387215,success
1461,2000,8,4,0.0,4.0,0.01,0.8100000000000003,7.799999999999999,4,420,30,50,0,0.4883533687856283,0.28534833969656603,success
1462,2000,8,4,0.0,4.0,0.01,0.8100000000000003,7.999999999999998,4,421,29,50,0,0.48228979615227324,0.2777075968712291,success
1473,2000,8,4,0.0,4.0,0.01,0.8200000000000003,1.0,4,480,20,0,0,,,success
1463,2000,8,4,0.0,4.0,0.01,0.8100000000000003,8.2,4,421,28,51,0,0.4922726034624163,0.2843245805745777,success
1474,2000,8,4,0.0,4.0,0.01,0.8200000000000003,1.2,4,460,21,19,0,0.9798953662278301,0.08763406690978329,success
1464,2000,8,4,0.0,4.0,0.01,0.8100000000000003,8.399999999999999,4,419,29,52,0,0.4817509604297398,0.2879765419616949,success
1475,2000,8,4,0.0,4.0,0.01,0.8200000000000003,1.4,4,448,29,23,0,0.954404856884683,0.15704501302657645,success
1476,2000,8,4,0.0,4.0,0.01,0.8200000000000003,1.5999999999999999,4,439,31,30,0,0.9415831973133667,0.17958569812954314,success
1465,2000,8,4,0.0,4.0,0.01,0.8100000000000003,8.599999999999998,4,419,28,53,0,0.4866143519764706,0.28751384471749336,success
1477,2000,8,4,0.0,4.0,0.01,0.8200000000000003,1.7999999999999998,4,435,28,37,0,0.8964389433876649,0.22191905590936345,success
1478,2000,8,4,0.0,4.0,0.01,0.8200000000000003,1.9999999999999998,4,456,25,19,0,0.7674962559984791,0.2873079421639883,success
1479,2000,8,4,0.0,4.0,0.01,0.8200000000000003,2.1999999999999997,4,448,26,26,0,0.8251102838675229,0.276965967286575,success
1466,2000,8,4,0.0,4.0,0.01,0.8100000000000003,8.799999999999997,4,420,28,52,0,0.47348323771199097,0.27680271590857025,success
1480,2000,8,4,0.0,4.0,0.01,0.8200000000000003,2.3999999999999995,4,445,25,30,0,0.8289352297207091,0.26554178584229626,success
1481,2000,8,4,0.0,4.0,0.01,0.8200000000000003,2.5999999999999996,4,445,22,33,0,0.8277492773781867,0.26165229037434823,success
1482,2000,8,4,0.0,4.0,0.01,0.8200000000000003,2.8,4,444,23,33,0,0.7965233987717858,0.27202228953924706,success
1483,2000,8,4,0.0,4.0,0.01,0.8200000000000003,2.9999999999999996,4,447,23,30,0,0.7490792233798121,0.2657612947216197,success
1484,2000,8,4,0.0,4.0,0.01,0.8200000000000003,3.1999999999999993,4,444,23,33,0,0.7558392542866456,0.2653108054603848,success
1485,2000,8,4,0.0,4.0,0.01,0.8200000000000003,3.3999999999999995,4,443,21,36,0,0.7769050963358501,0.2639660602025158,success
1467,2000,8,4,0.0,4.0,0.01,0.8100000000000003,8.999999999999998,4,419,29,52,0,0.4505458184511063,0.26992939831397017,success
1486,2000,8,4,0.0,4.0,0.01,0.8200000000000003,3.5999999999999996,4,441,22,37,0,0.7716048169963794,0.26700043965130427,success
1487,2000,8,4,0.0,4.0,0.01,0.8200000000000003,3.7999999999999994,4,440,23,37,0,0.7439654323536655,0.26919431966862584,success
1488,2000,8,4,0.0,4.0,0.01,0.8200000000000003,3.999999999999999,4,442,23,35,0,0.7189739030736203,0.2860020482900626,success
1468,2000,8,4,0.0,4.0,0.01,0.8100000000000003,9.199999999999998,4,419,29,52,0,0.44929523110506653,0.26761532436513863,success
1489,2000,8,4,0.0,4.0,0.01,0.8200000000000003,4.199999999999999,4,435,28,37,0,0.7198157368403881,0.27859059474171155,success
1469,2000,8,4,0.0,4.0,0.01,0.8100000000000003,9.399999999999999,4,418,27,55,0,0.45658242942570054,0.2793949779608834,success
1490,2000,8,4,0.0,4.0,0.01,0.8200000000000003,4.3999999999999995,4,435,27,38,0,0.7141108292523476,0.27924423384325386,success
1491,2000,8,4,0.0,4.0,0.01,0.8200000000000003,4.6,4,435,26,39,0,0.7046215556047432,0.2782637600684891,success
1470,2000,8,4,0.0,4.0,0.01,0.8100000000000003,9.599999999999998,4,418,27,55,0,0.4544333790796913,0.2771563539949826,success
1492,2000,8,4,0.0,4.0,0.01,0.8200000000000003,4.799999999999999,4,431,29,40,0,0.6847523491338384,0.2721418371641122,success
1493,2000,8,4,0.0,4.0,0.01,0.8200000000000003,4.999999999999999,4,427,31,42,0,0.6834956892074692,0.27126908872778677,success
1494,2000,8,4,0.0,4.0,0.01,0.8200000000000003,5.199999999999999,4,427,31,42,0,0.681204072226744,0.27400825481162616,success
1471,2000,8,4,0.0,4.0,0.01,0.8100000000000003,9.799999999999997,4,417,24,59,0,0.4664733919516345,0.28668027272565993,success
1495,2000,8,4,0.0,4.0,0.01,0.8200000000000003,5.399999999999999,4,428,33,39,0,0.6538447364490526,0.27110544418014393,success
1496,2000,8,4,0.0,4.0,0.01,0.8200000000000003,5.599999999999999,4,428,31,41,0,0.6656456902875607,0.27483491770671387,success
1497,2000,8,4,0.0,4.0,0.01,0.8200000000000003,5.799999999999999,4,428,30,42,0,0.6475068092202807,0.2637934362644336,success
1498,2000,8,4,0.0,4.0,0.01,0.8200000000000003,5.999999999999999,4,428,31,41,0,0.6343410243831977,0.2582128505511695,success
1499,2000,8,4,0.0,4.0,0.01,0.8200000000000003,6.199999999999999,4,427,33,40,0,0.5972489865003203,0.26339467041835785,success
1500,2000,8,4,0.0,4.0,0.01,0.8200000000000003,6.399999999999999,4,427,33,40,0,0.5575174138949661,0.2548783948603275,success
1501,2000,8,4,0.0,4.0,0.01,0.8200000000000003,6.599999999999999,4,426,30,44,0,0.566730938428406,0.274632621618494,success
1472,2000,8,4,0.0,4.0,0.01,0.8100000000000003,9.999999999999998,4,416,23,61,0,0.465069385184651,0.29288910242376354,success
1502,2000,8,4,0.0,4.0,0.01,0.8200000000000003,6.799999999999999,4,425,29,46,0,0.5533591088718893,0.28032881733123616,success
1503,2000,8,4,0.0,4.0,0.01,0.8200000000000003,6.999999999999998,4,423,29,48,0,0.5464656784069798,0.28797180927734234,success
1504,2000,8,4,0.0,4.0,0.01,0.8200000000000003,7.199999999999998,4,420,29,51,0,0.5523481942242315,0.30282339937343966,success
1505,2000,8,4,0.0,4.0,0.01,0.8200000000000003,7.399999999999999,4,419,30,51,0,0.5295550729138012,0.3037190821419321,success
1506,2000,8,4,0.0,4.0,0.01,0.8200000000000003,7.599999999999999,4,420,29,51,0,0.5048914836703006,0.298937296909129,success
1507,2000,8,4,0.0,4.0,0.01,0.8200000000000003,7.799999999999999,4,420,30,50,0,0.4872521251534449,0.28552421497728336,success
1519,2000,8,4,0.0,4.0,0.01,0.8300000000000003,1.0,4,481,19,0,0,,,success
1508,2000,8,4,0.0,4.0,0.01,0.8200000000000003,7.999999999999998,4,421,29,50,0,0.4813360263713164,0.2779948236655129,success
1520,2000,8,4,0.0,4.0,0.01,0.8300000000000003,1.2,4,461,20,19,0,0.9798953662278301,0.08763406690978329,success
1509,2000,8,4,0.0,4.0,0.01,0.8200000000000003,8.2,4,421,28,51,0,0.4913426334235258,0.28464221061604417,success
1521,2000,8,4,0.0,4.0,0.01,0.8300000000000003,1.4,4,449,28,23,0,0.954404856884683,0.15704501302657645,success
1522,2000,8,4,0.0,4.0,0.01,0.8300000000000003,1.5999999999999999,4,440,28,32,0,0.9452342474812814,0.1742891689234958,success
1510,2000,8,4,0.0,4.0,0.01,0.8200000000000003,8.399999999999999,4,419,29,52,0,0.48082111629614604,0.28824775371853445,success
1523,2000,8,4,0.0,4.0,0.01,0.8300000000000003,1.7999999999999998,4,437,26,37,0,0.9122714793503119,0.20695023990456463,success
1511,2000,8,4,0.0,4.0,0.01,0.8200000000000003,8.599999999999998,4,419,28,53,0,0.48570416462083094,0.28779620410955997,success
1524,2000,8,4,0.0,4.0,0.01,0.8300000000000003,1.9999999999999998,4,459,24,17,0,0.7647960261534102,0.29830718551752283,success
1525,2000,8,4,0.0,4.0,0.01,0.8300000000000003,2.1999999999999997,4,451,25,24,0,0.8279987900496865,0.28393948489371584,success
1512,2000,8,4,0.0,4.0,0.01,0.8200000000000003,8.799999999999997,4,420,28,52,0,0.47255521371112474,0.2770566145920913,success
1526,2000,8,4,0.0,4.0,0.01,0.8300000000000003,2.3999999999999995,4,447,24,29,0,0.8506602935837715,0.26601527692829363,success
1527,2000,8,4,0.0,4.0,0.01,0.8300000000000003,2.5999999999999996,4,448,21,31,0,0.8424779927673632,0.26495919920128885,success
1528,2000,8,4,0.0,4.0,0.01,0.8300000000000003,2.8,4,447,21,32,0,0.8023065318031468,0.27687976302806605,success
1529,2000,8,4,0.0,4.0,0.01,0.8300000000000003,2.9999999999999996,4,449,23,28,0,0.75996646250653,0.2727444579124428,success
1530,2000,8,4,0.0,4.0,0.01,0.8300000000000003,3.1999999999999993,4,446,23,31,0,0.7681829860344843,0.27040348285443133,success
1531,2000,8,4,0.0,4.0,0.01,0.8300000000000003,3.3999999999999995,4,445,21,34,0,0.7888320902118696,0.268319020257405,success
1532,2000,8,4,0.0,4.0,0.01,0.8300000000000003,3.5999999999999996,4,444,22,34,0,0.7774097246752065,0.2718171113798632,success
1513,2000,8,4,0.0,4.0,0.01,0.8200000000000003,8.999999999999998,4,419,28,53,0,0.46000164295814433,0.2779801155426591,success
1533,2000,8,4,0.0,4.0,0.01,0.8300000000000003,3.7999999999999994,4,443,23,34,0,0.7367312056005118,0.27103247301767563,success
1534,2000,8,4,0.0,4.0,0.01,0.8300000000000003,3.999999999999999,4,445,23,32,0,0.7133502044396338,0.2857178767171881,success
1535,2000,8,4,0.0,4.0,0.01,0.8300000000000003,4.199999999999999,4,438,28,34,0,0.7258323513030982,0.28133067282827806,success
1514,2000,8,4,0.0,4.0,0.01,0.8200000000000003,9.199999999999998,4,419,28,53,0,0.4560802987398212,0.2710765464797128,success
1536,2000,8,4,0.0,4.0,0.01,0.8300000000000003,4.3999999999999995,4,437,27,36,0,0.7272591442444496,0.281928523129719,success
1537,2000,8,4,0.0,4.0,0.01,0.8300000000000003,4.6,4,437,26,37,0,0.7178325819656326,0.28049659396579424,success
1515,2000,8,4,0.0,4.0,0.01,0.8200000000000003,9.399999999999999,4,418,26,56,0,0.4629061163007244,0.2821668612627316,success
1538,2000,8,4,0.0,4.0,0.01,0.8300000000000003,4.799999999999999,4,433,28,39,0,0.6948102433385444,0.2713475831355437,success
1516,2000,8,4,0.0,4.0,0.01,0.8200000000000003,9.599999999999998,4,418,27,55,0,0.4521310375665392,0.2753014837434597,success
1539,2000,8,4,0.0,4.0,0.01,0.8300000000000003,4.999999999999999,4,429,30,41,0,0.6938424384112065,0.2697357635858656,success
1540,2000,8,4,0.0,4.0,0.01,0.8300000000000003,5.199999999999999,4,429,30,41,0,0.6895799110135186,0.27345358121162555,success
1541,2000,8,4,0.0,4.0,0.01,0.8300000000000003,5.399999999999999,4,430,32,38,0,0.6615240440875173,0.2716882325091127,success
1542,2000,8,4,0.0,4.0,0.01,0.8300000000000003,5.599999999999999,4,430,31,39,0,0.6652114581341697,0.27321471696981736,success
1543,2000,8,4,0.0,4.0,0.01,0.8300000000000003,5.799999999999999,4,430,30,40,0,0.6533344629486036,0.2671852243348766,success
1517,2000,8,4,0.0,4.0,0.01,0.8200000000000003,9.799999999999997,4,417,24,59,0,0.4643271205284167,0.2851042114881952,success
1544,2000,8,4,0.0,4.0,0.01,0.8300000000000003,5.999999999999999,4,430,31,39,0,0.6392602112264937,0.2621202608063078,success
1545,2000,8,4,0.0,4.0,0.01,0.8300000000000003,6.199999999999999,4,429,33,38,0,0.601219984482059,0.26864865073412175,success
1546,2000,8,4,0.0,4.0,0.01,0.8300000000000003,6.399999999999999,4,429,33,38,0,0.5598933126763289,0.2605291063807197,success
1547,2000,8,4,0.0,4.0,0.01,0.8300000000000003,6.599999999999999,4,428,30,42,0,0.5674810951303828,0.2789037384190722,success
1548,2000,8,4,0.0,4.0,0.01,0.8300000000000003,6.799999999999999,4,427,29,44,0,0.5541355457144157,0.2853560616315494,success
1518,2000,8,4,0.0,4.0,0.01,0.8200000000000003,9.999999999999998,4,416,23,61,0,0.4636076268657886,0.29240473858247423,success
1549,2000,8,4,0.0,4.0,0.01,0.8300000000000003,6.999999999999998,4,425,29,46,0,0.5472132067191727,0.293051513505778,success
1550,2000,8,4,0.0,4.0,0.01,0.8300000000000003,7.199999999999998,4,422,29,49,0,0.5538240579654855,0.30811773431729944,success
1551,2000,8,4,0.0,4.0,0.01,0.8300000000000003,7.399999999999999,4,421,30,49,0,0.5301623085697506,0.3091441924418731,success
1552,2000,8,4,0.0,4.0,0.01,0.8300000000000003,7.599999999999999,4,422,29,49,0,0.5047506092958688,0.304452269356094,success
1553,2000,8,4,0.0,4.0,0.01,0.8300000000000003,7.799999999999999,4,422,30,48,0,0.4866543303925018,0.29104211908276445,success
1565,2000,8,4,0.0,4.0,0.01,0.8400000000000003,1.0,4,482,18,0,0,,,success
1554,2000,8,4,0.0,4.0,0.01,0.8300000000000003,7.999999999999998,4,423,29,48,0,0.48052043016956886,0.2833191437523185,success
1566,2000,8,4,0.0,4.0,0.01,0.8400000000000003,1.2,4,462,20,18,0,0.9787784421293763,0.09003544486596474,success
1567,2000,8,4,0.0,4.0,0.01,0.8400000000000003,1.4,4,450,28,22,0,0.9523323503794413,0.16041843814833376,success
1555,2000,8,4,0.0,4.0,0.01,0.8300000000000003,8.2,4,423,28,49,0,0.490819249507293,0.2899403007182059,success
1556,2000,8,4,0.0,4.0,0.01,0.8300000000000003,8.399999999999999,4,421,29,50,0,0.4798455947581076,0.2934858257512166,success
1568,2000,8,4,0.0,4.0,0.01,0.8400000000000003,1.5999999999999999,4,441,28,31,0,0.9595966425613226,0.1567428872633582,success
1569,2000,8,4,0.0,4.0,0.01,0.8400000000000003,1.7999999999999998,4,439,26,35,0,0.9215441353131867,0.2000844691810528,success
1557,2000,8,4,0.0,4.0,0.01,0.8300000000000003,8.599999999999998,4,421,28,51,0,0.48516945231434844,0.2930230639214216,success
1570,2000,8,4,0.0,4.0,0.01,0.8400000000000003,1.9999999999999998,4,460,24,16,0,0.7813457777879984,0.29992172167293585,success
1571,2000,8,4,0.0,4.0,0.01,0.8400000000000003,2.1999999999999997,4,453,25,22,0,0.8123623164178397,0.2919352258278643,success
1572,2000,8,4,0.0,4.0,0.01,0.8400000000000003,2.3999999999999995,4,449,24,27,0,0.8395980931084952,0.2726992443285254,success
1573,2000,8,4,0.0,4.0,0.01,0.8400000000000003,2.5999999999999996,4,450,21,29,0,0.8488557853720089,0.2647652159415664,success
1574,2000,8,4,0.0,4.0,0.01,0.8400000000000003,2.8,4,448,21,31,0,0.8120583554097,0.27581377892004827,success
1575,2000,8,4,0.0,4.0,0.01,0.8400000000000003,2.9999999999999996,4,450,23,27,0,0.767977166948498,0.2745628689485236,success
1558,2000,8,4,0.0,4.0,0.01,0.8300000000000003,8.799999999999997,4,422,28,50,0,0.47149396696955753,0.2821275629117011,success
1577,2000,8,4,0.0,4.0,0.01,0.8400000000000003,3.3999999999999995,4,446,21,33,0,0.7975845777940473,0.26750503577230916,success
1576,2000,8,4,0.0,4.0,0.01,0.8400000000000003,3.1999999999999993,4,447,23,30,0,0.7731881658342729,0.27356163707553566,success
1578,2000,8,4,0.0,4.0,0.01,0.8400000000000003,3.5999999999999996,4,445,22,33,0,0.7861276372238738,0.271161601043438,success
1579,2000,8,4,0.0,4.0,0.01,0.8400000000000003,3.7999999999999994,4,444,23,33,0,0.7442164357529761,0.27164255459634284,success
1580,2000,8,4,0.0,4.0,0.01,0.8400000000000003,3.999999999999999,4,446,23,31,0,0.7205641268225516,0.28746312845369354,success
1559,2000,8,4,0.0,4.0,0.01,0.8300000000000003,8.999999999999998,4,421,28,51,0,0.4584655821921733,0.28291118456890213,success
1581,2000,8,4,0.0,4.0,0.01,0.8400000000000003,4.199999999999999,4,439,28,33,0,0.732979358184572,0.2825476149096892,success
1582,2000,8,4,0.0,4.0,0.01,0.8400000000000003,4.3999999999999995,4,438,27,35,0,0.7345972750823622,0.282540647045499,success
1583,2000,8,4,0.0,4.0,0.01,0.8400000000000003,4.6,4,438,25,37,0,0.7327757481957164,0.28040560348296767,success
1560,2000,8,4,0.0,4.0,0.01,0.8300000000000003,9.199999999999998,4,421,28,51,0,0.4546099032760126,0.2760057859123608,success
1584,2000,8,4,0.0,4.0,0.01,0.8400000000000003,4.799999999999999,4,435,28,37,0,0.6937857442798153,0.2740997667379069,success
1585,2000,8,4,0.0,4.0,0.01,0.8400000000000003,4.999999999999999,4,431,30,39,0,0.690529638725815,0.2699845894569647,success
1561,2000,8,4,0.0,4.0,0.01,0.8300000000000003,9.399999999999999,4,420,26,54,0,0.46187470612991094,0.28712252997940535,success
1586,2000,8,4,0.0,4.0,0.01,0.8400000000000003,5.199999999999999,4,431,30,39,0,0.6870515694447213,0.2736114220898792,success
1562,2000,8,4,0.0,4.0,0.01,0.8300000000000003,9.599999999999998,4,420,27,53,0,0.45059944343358993,0.28012354921388527,success
1587,2000,8,4,0.0,4.0,0.01,0.8400000000000003,5.399999999999999,4,431,32,37,0,0.6664630787083968,0.2734425561517888,success
1588,2000,8,4,0.0,4.0,0.01,0.8400000000000003,5.599999999999999,4,431,31,38,0,0.6701175551493138,0.2748856727697776,success
1589,2000,8,4,0.0,4.0,0.01,0.8400000000000003,5.799999999999999,4,431,30,39,0,0.6575449651241205,0.268950859800749,success
1590,2000,8,4,0.0,4.0,0.01,0.8400000000000003,5.999999999999999,4,431,31,38,0,0.6432639739511062,0.2640577205821973,success
1563,2000,8,4,0.0,4.0,0.01,0.8300000000000003,9.799999999999997,4,419,24,57,0,0.4633503174889998,0.2898133187549988,success
1591,2000,8,4,0.0,4.0,0.01,0.8400000000000003,6.199999999999999,4,430,33,37,0,0.604484131739719,0.2712198985316669,success
1592,2000,8,4,0.0,4.0,0.01,0.8400000000000003,6.399999999999999,4,430,33,37,0,0.5614816150652353,0.2634330201519167,success
1593,2000,8,4,0.0,4.0,0.01,0.8400000000000003,6.599999999999999,4,429,30,41,0,0.5691683034256394,0.28176744555073824,success
1594,2000,8,4,0.0,4.0,0.01,0.8400000000000003,6.799999999999999,4,428,29,43,0,0.5554827535262785,0.2882668540891642,success
1564,2000,8,4,0.0,4.0,0.01,0.8300000000000003,9.999999999999998,4,418,23,59,0,0.4626465365988665,0.29707961552577655,success
1595,2000,8,4,0.0,4.0,0.01,0.8400000000000003,6.999999999999998,4,427,29,44,0,0.5380395927803076,0.29116935095817376,success
1596,2000,8,4,0.0,4.0,0.01,0.8400000000000003,7.199999999999998,4,425,29,46,0,0.5356667760433662,0.30304699170728583,success
1597,2000,8,4,0.0,4.0,0.01,0.8400000000000003,7.399999999999999,4,424,30,46,0,0.510869787218398,0.3026237449991088,success
1598,2000,8,4,0.0,4.0,0.01,0.8400000000000003,7.599999999999999,4,424,29,47,0,0.4949050075423943,0.3019814982744528,success
1599,2000,8,4,0.0,4.0,0.01,0.8400000000000003,7.799999999999999,4,424,30,46,0,0.4758799355853541,0.2871050858809517,success
1611,2000,8,4,0.0,4.0,0.01,0.8500000000000003,1.0,4,483,17,0,0,,,success
1612,2000,8,4,0.0,4.0,0.01,0.8500000000000003,1.2,4,463,19,18,0,0.9787784421293763,0.09003544486596474,success
1600,2000,8,4,0.0,4.0,0.01,0.8400000000000003,7.999999999999998,4,424,29,47,0,0.4804676353716075,0.2860035875135794,success
1613,2000,8,4,0.0,4.0,0.01,0.8500000000000003,1.4,4,451,27,22,0,0.9523323503794413,0.16041843814833376,success
1614,2000,8,4,0.0,4.0,0.01,0.8500000000000003,1.5999999999999999,4,442,26,32,0,0.9608592474812814,0.1543593836603448,success
1601,2000,8,4,0.0,4.0,0.01,0.8400000000000003,8.2,4,424,28,48,0,0.49099600688098805,0.2926469483425909,success
1602,2000,8,4,0.0,4.0,0.01,0.8400000000000003,8.399999999999999,4,423,29,48,0,0.4694930842386094,0.29028291798230443,success
1615,2000,8,4,0.0,4.0,0.01,0.8500000000000003,1.7999999999999998,4,440,24,36,0,0.9237234648878204,0.1976384408076891,success
1616,2000,8,4,0.0,4.0,0.01,0.8500000000000003,1.9999999999999998,4,463,22,15,0,0.7667688296405317,0.3045252284667685,success
1617,2000,8,4,0.0,4.0,0.01,0.8500000000000003,2.1999999999999997,4,456,24,20,0,0.8006929738384214,0.29616868042813,success
1603,2000,8,4,0.0,4.0,0.01,0.8400000000000003,8.599999999999998,4,423,28,49,0,0.47537705564629956,0.2902284463288341,success
1619,2000,8,4,0.0,4.0,0.01,0.8500000000000003,2.5999999999999996,4,452,20,28,0,0.850268674761115,0.26445161543585477,success
1618,2000,8,4,0.0,4.0,0.01,0.8500000000000003,2.3999999999999995,4,451,23,26,0,0.8388860395963588,0.2720299552848973,success
1620,2000,8,4,0.0,4.0,0.01,0.8500000000000003,2.8,4,451,21,28,0,0.7987326476865592,0.2811097533116275,success
1621,2000,8,4,0.0,4.0,0.01,0.8500000000000003,2.9999999999999996,4,452,23,25,0,0.7674286944763957,0.28196201985374475,success
1622,2000,8,4,0.0,4.0,0.01,0.8500000000000003,3.1999999999999993,4,449,23,28,0,0.7779100057278825,0.282900249718779,success
1623,2000,8,4,0.0,4.0,0.01,0.8500000000000003,3.3999999999999995,4,447,21,32,0,0.8060557114071498,0.270347263338207,success
1604,2000,8,4,0.0,4.0,0.01,0.8400000000000003,8.799999999999997,4,423,28,49,0,0.4713489342501485,0.28482525403100684,success
1624,2000,8,4,0.0,4.0,0.01,0.8500000000000003,3.5999999999999996,4,446,22,32,0,0.7967277123800163,0.27227609669185643,success
1625,2000,8,4,0.0,4.0,0.01,0.8500000000000003,3.7999999999999994,4,445,23,32,0,0.753506785863153,0.27439236893336066,success
1626,2000,8,4,0.0,4.0,0.01,0.8500000000000003,3.999999999999999,4,447,23,30,0,0.7269779034492737,0.2901126138741156,success
1627,2000,8,4,0.0,4.0,0.01,0.8500000000000003,4.199999999999999,4,440,28,32,0,0.7398586382978837,0.2842469555275091,success
1628,2000,8,4,0.0,4.0,0.01,0.8500000000000003,4.3999999999999995,4,439,27,34,0,0.7411194774507083,0.28410261850015034,success
1629,2000,8,4,0.0,4.0,0.01,0.8500000000000003,4.6,4,439,25,36,0,0.7388850080189696,0.28187477354740686,success
1630,2000,8,4,0.0,4.0,0.01,0.8500000000000003,4.799999999999999,4,436,28,36,0,0.6988119484387378,0.27625322764773363,success
1605,2000,8,4,0.0,4.0,0.01,0.8400000000000003,8.999999999999998,4,422,28,50,0,0.4581955407607673,0.2856554373427039,success
1631,2000,8,4,0.0,4.0,0.01,0.8500000000000003,4.999999999999999,4,432,30,38,0,0.6952056188354784,0.27200358532623786,success
1606,2000,8,4,0.0,4.0,0.01,0.8400000000000003,9.199999999999998,4,422,28,50,0,0.4542725448537814,0.27867474273533177,success
1632,2000,8,4,0.0,4.0,0.01,0.8500000000000003,5.199999999999999,4,432,30,38,0,0.6913126689236887,0.27591498642432816,success
1633,2000,8,4,0.0,4.0,0.01,0.8500000000000003,5.399999999999999,4,432,32,36,0,0.67038900511633,0.27620398815946706,success
1634,2000,8,4,0.0,4.0,0.01,0.8500000000000003,5.599999999999999,4,432,31,37,0,0.6745510016087122,0.2772966449666426,success
1607,2000,8,4,0.0,4.0,0.01,0.8400000000000003,9.399999999999999,4,421,26,53,0,0.4616988190413681,0.28975775652656705,success
1635,2000,8,4,0.0,4.0,0.01,0.8500000000000003,5.799999999999999,4,432,30,38,0,0.6615730038620526,0.27136631104214837,success
1636,2000,8,4,0.0,4.0,0.01,0.8500000000000003,5.999999999999999,4,432,31,37,0,0.6472492176628087,0.2665390064915516,success
1608,2000,8,4,0.0,4.0,0.01,0.8400000000000003,9.599999999999998,4,421,27,52,0,0.4502032249360571,0.28272723902238195,success
1637,2000,8,4,0.0,4.0,0.01,0.8500000000000003,6.199999999999999,4,432,33,35,0,0.5962886599046251,0.2699441490231358,success
1638,2000,8,4,0.0,4.0,0.01,0.8500000000000003,6.399999999999999,4,431,33,36,0,0.5633058327696105,0.2669327272060813,success
1609,2000,8,4,0.0,4.0,0.01,0.8400000000000003,9.799999999999997,4,420,24,56,0,0.46320685328998107,0.2923302301622983,success
1639,2000,8,4,0.0,4.0,0.01,0.8500000000000003,6.599999999999999,4,430,30,40,0,0.5710022665685873,0.285109053573776,success
1640,2000,8,4,0.0,4.0,0.01,0.8500000000000003,6.799999999999999,4,429,29,42,0,0.5569035386648156,0.29160870367715946,success
1610,2000,8,4,0.0,4.0,0.01,0.8400000000000003,9.999999999999998,4,419,23,58,0,0.46247741321161207,0.29956508908007845,success
1641,2000,8,4,0.0,4.0,0.01,0.8500000000000003,6.999999999999998,4,428,29,43,0,0.5390216814897301,0.294541515372125,success
1642,2000,8,4,0.0,4.0,0.01,0.8500000000000003,7.199999999999998,4,426,29,45,0,0.5365524870937255,0.3064111424377348,success
1643,2000,8,4,0.0,4.0,0.01,0.8500000000000003,7.399999999999999,4,425,30,45,0,0.5112004941115237,0.3060349244987247,success
1644,2000,8,4,0.0,4.0,0.01,0.8500000000000003,7.599999999999999,4,425,29,46,0,0.4947258716714478,0.3051819501548499,success
1645,2000,8,4,0.0,4.0,0.01,0.8500000000000003,7.799999999999999,4,425,30,45,0,0.4752791898695096,0.290175884613547,success
1657,2000,8,4,0.0,4.0,0.01,0.8600000000000003,1.0,4,483,17,0,0,,,success
1646,2000,8,4,0.0,4.0,0.01,0.8500000000000003,7.999999999999998,4,425,29,46,0,0.4801480219758925,0.2891554259803276,success
1658,2000,8,4,0.0,4.0,0.01,0.8600000000000003,1.2,4,463,19,18,0,0.9787784421293763,0.09003544486596474,success
1647,2000,8,4,0.0,4.0,0.01,0.8500000000000003,8.2,4,425,28,47,0,0.49090018282805276,0.29580999797230595,success
1660,2000,8,4,0.0,4.0,0.01,0.8600000000000003,1.5999999999999999,4,442,26,32,0,0.9608592474812814,0.1543593836603448,success
1659,2000,8,4,0.0,4.0,0.01,0.8600000000000003,1.4,4,451,27,22,0,0.9523323503794413,0.16041843814833376,success
1648,2000,8,4,0.0,4.0,0.01,0.8500000000000003,8.399999999999999,4,424,29,47,0,0.46893975046687314,0.2933955816693958,success
1661,2000,8,4,0.0,4.0,0.01,0.8600000000000003,1.7999999999999998,4,440,24,36,0,0.9237234648878204,0.1976384408076891,success
1662,2000,8,4,0.0,4.0,0.01,0.8600000000000003,1.9999999999999998,4,463,22,15,0,0.7667688296405317,0.3045252284667685,success
1663,2000,8,4,0.0,4.0,0.01,0.8600000000000003,2.1999999999999997,4,456,24,20,0,0.8006929738384214,0.29616868042813,success
1664,2000,8,4,0.0,4.0,0.01,0.8600000000000003,2.3999999999999995,4,451,23,26,0,0.8388860395963588,0.2720299552848973,success
1649,2000,8,4,0.0,4.0,0.01,0.8500000000000003,8.599999999999998,4,424,28,48,0,0.4749574670763623,0.2932846888696216,success
1665,2000,8,4,0.0,4.0,0.01,0.8600000000000003,2.5999999999999996,4,452,20,28,0,0.850268674761115,0.26445161543585477,success
1666,2000,8,4,0.0,4.0,0.01,0.8600000000000003,2.8,4,451,21,28,0,0.7987326476865592,0.2811097533116275,success
1667,2000,8,4,0.0,4.0,0.01,0.8600000000000003,2.9999999999999996,4,452,23,25,0,0.7674286944763957,0.28196201985374475,success
1668,2000,8,4,0.0,4.0,0.01,0.8600000000000003,3.1999999999999993,4,449,23,28,0,0.7771410919765734,0.28352838140719283,success
1669,2000,8,4,0.0,4.0,0.01,0.8600000000000003,3.3999999999999995,4,447,21,32,0,0.8053829118747544,0.2709920427656245,success
1670,2000,8,4,0.0,4.0,0.01,0.8600000000000003,3.5999999999999996,4,446,22,32,0,0.7960549128476209,0.27289258076348843,success
1650,2000,8,4,0.0,4.0,0.01,0.8500000000000003,8.799999999999997,4,424,28,48,0,0.47084276604825215,0.28781613918625815,success
1671,2000,8,4,0.0,4.0,0.01,0.8600000000000003,3.7999999999999994,4,445,23,32,0,0.749146415915739,0.2775407141038602,success
1672,2000,8,4,0.0,4.0,0.01,0.8600000000000003,3.999999999999999,4,447,23,30,0,0.7230444950065871,0.2924317579339878,success
1673,2000,8,4,0.0,4.0,0.01,0.8600000000000003,4.199999999999999,4,441,27,32,0,0.732297130825328,0.281709203418252,success
1674,2000,8,4,0.0,4.0,0.01,0.8600000000000003,4.3999999999999995,4,440,26,34,0,0.729528043565539,0.28340026255853484,success
1675,2000,8,4,0.0,4.0,0.01,0.8600000000000003,4.6,4,440,25,35,0,0.7194346256863162,0.2830421439472683,success
1676,2000,8,4,0.0,4.0,0.01,0.8600000000000003,4.799999999999999,4,437,28,35,0,0.6902707662181257,0.27918313376767717,success
1651,2000,8,4,0.0,4.0,0.01,0.8500000000000003,8.999999999999998,4,423,28,49,0,0.4574488777733636,0.288564632248284,success
1677,2000,8,4,0.0,4.0,0.01,0.8600000000000003,4.999999999999999,4,433,30,37,0,0.6848569886283742,0.2723555540495891,success
1652,2000,8,4,0.0,4.0,0.01,0.8500000000000003,9.199999999999998,4,423,28,49,0,0.45344578356881354,0.28149886017650405,success
1678,2000,8,4,0.0,4.0,0.01,0.8600000000000003,5.199999999999999,4,433,30,37,0,0.6814315005698206,0.27602799671164097,success
1679,2000,8,4,0.0,4.0,0.01,0.8600000000000003,5.399999999999999,4,433,32,35,0,0.6595232284911443,0.2753980783264724,success
1653,2000,8,4,0.0,4.0,0.01,0.8500000000000003,9.399999999999999,4,422,26,52,0,0.4610623686429899,0.29254567137364346,success
1680,2000,8,4,0.0,4.0,0.01,0.8600000000000003,5.599999999999999,4,433,31,36,0,0.6641026631256811,0.2767211566667334,success
1681,2000,8,4,0.0,4.0,0.01,0.8600000000000003,5.799999999999999,4,433,30,37,0,0.6510319686100369,0.27012132626390656,success
1654,2000,8,4,0.0,4.0,0.01,0.8500000000000003,9.599999999999998,4,422,27,51,0,0.44933142909549395,0.28546989940600886,success
1682,2000,8,4,0.0,4.0,0.01,0.8600000000000003,5.999999999999999,4,432,31,37,0,0.6458548579804437,0.26753685017510903,success
1683,2000,8,4,0.0,4.0,0.01,0.8600000000000003,6.199999999999999,4,432,33,35,0,0.594886750758468,0.27068861787684717,success
1684,2000,8,4,0.0,4.0,0.01,0.8600000000000003,6.399999999999999,4,431,33,36,0,0.5597691630278437,0.26647575537760776,success
1685,2000,8,4,0.0,4.0,0.01,0.8600000000000003,6.599999999999999,4,430,30,40,0,0.5687011412299505,0.2854416514993185,success
1655,2000,8,4,0.0,4.0,0.01,0.8500000000000003,9.799999999999997,4,421,24,55,0,0.4626348290356812,0.2949929292709614,success
1686,2000,8,4,0.0,4.0,0.01,0.8600000000000003,6.799999999999999,4,429,29,42,0,0.5547114261637061,0.29181031874328733,success
1656,2000,8,4,0.0,4.0,0.01,0.8500000000000003,9.999999999999998,4,420,23,57,0,0.4592372290964099,0.2979970162268996,success
1687,2000,8,4,0.0,4.0,0.01,0.8600000000000003,6.999999999999998,4,428,29,43,0,0.5362256897299974,0.2939482242343286,success
1688,2000,8,4,0.0,4.0,0.01,0.8600000000000003,7.199999999999998,4,426,29,45,0,0.5344085179258512,0.30634109826025163,success
1689,2000,8,4,0.0,4.0,0.01,0.8600000000000003,7.399999999999999,4,425,30,45,0,0.5092463480798052,0.3059203326528476,success
1690,2000,8,4,0.0,4.0,0.01,0.8600000000000003,7.599999999999999,4,425,29,46,0,0.49280659036089025,0.3049559448221896,success
1691,2000,8,4,0.0,4.0,0.01,0.8600000000000003,7.799999999999999,4,425,30,45,0,0.47344421634382733,0.28993647948418255,success
1703,2000,8,4,0.0,4.0,0.01,0.8700000000000003,1.0,4,483,17,0,0,,,success
1704,2000,8,4,0.0,4.0,0.01,0.8700000000000003,1.2,4,463,18,19,0,0.9798953662278301,0.08763406690978329,success
1692,2000,8,4,0.0,4.0,0.01,0.8600000000000003,7.999999999999998,4,425,29,46,0,0.4783824304466439,0.2889665694600508,success
1705,2000,8,4,0.0,4.0,0.01,0.8700000000000003,1.4,4,452,26,22,0,0.9523323503794413,0.16041843814833376,success
1693,2000,8,4,0.0,4.0,0.01,0.8600000000000003,8.2,4,425,28,47,0,0.48917141894063015,0.2956932473583956,success
1706,2000,8,4,0.0,4.0,0.01,0.8700000000000003,1.5999999999999999,4,442,26,32,0,0.9608592474812814,0.1543593836603448,success
1707,2000,8,4,0.0,4.0,0.01,0.8700000000000003,1.7999999999999998,4,440,25,35,0,0.9215441353131867,0.2000844691810528,success
1708,2000,8,4,0.0,4.0,0.01,0.8700000000000003,1.9999999999999998,4,463,21,16,0,0.7813457777879984,0.29992172167293585,success
1709,2000,8,4,0.0,4.0,0.01,0.8700000000000003,2.1999999999999997,4,456,23,21,0,0.8101837846080202,0.2919275221241805,success
1694,2000,8,4,0.0,4.0,0.01,0.8600000000000003,8.399999999999999,4,424,29,47,0,0.4674010329551677,0.29326340757646746,success
1710,2000,8,4,0.0,4.0,0.01,0.8700000000000003,2.3999999999999995,4,451,22,27,0,0.8448532233150122,0.26854334458498635,success
1711,2000,8,4,0.0,4.0,0.01,0.8700000000000003,2.5999999999999996,4,454,20,26,0,0.83875088051197,0.2712893398399579,success
1712,2000,8,4,0.0,4.0,0.01,0.8700000000000003,2.8,4,453,21,26,0,0.7979427646901177,0.2870835751222074,success
1695,2000,8,4,0.0,4.0,0.01,0.8600000000000003,8.599999999999998,4,424,28,48,0,0.4734103453207769,0.2931499316417963,success
1713,2000,8,4,0.0,4.0,0.01,0.8700000000000003,2.9999999999999996,4,454,23,23,0,0.7676616182535357,0.2858290397590545,success
1714,2000,8,4,0.0,4.0,0.01,0.8700000000000003,3.1999999999999993,4,451,23,26,0,0.7819918593273543,0.28273104867739607,success
1715,2000,8,4,0.0,4.0,0.01,0.8700000000000003,3.3999999999999995,4,449,21,30,0,0.8113210686601956,0.2691021928234637,success
1716,2000,8,4,0.0,4.0,0.01,0.8700000000000003,3.5999999999999996,4,448,21,31,0,0.8022006868263907,0.26496178250113045,success
1717,2000,8,4,0.0,4.0,0.01,0.8700000000000003,3.7999999999999994,4,446,23,31,0,0.7529399878206866,0.27210366708916695,success
1718,2000,8,4,0.0,4.0,0.01,0.8700000000000003,3.999999999999999,4,448,23,29,0,0.7251298644612476,0.2861412651888624,success
1719,2000,8,4,0.0,4.0,0.01,0.8700000000000003,4.199999999999999,4,442,27,31,0,0.7413097439998293,0.28076062352989944,success
1696,2000,8,4,0.0,4.0,0.01,0.8600000000000003,8.799999999999997,4,424,28,48,0,0.469305597552264,0.2876716655876901,success
1720,2000,8,4,0.0,4.0,0.01,0.8700000000000003,4.3999999999999995,4,441,26,33,0,0.737238628555255,0.28201938856668635,success
1721,2000,8,4,0.0,4.0,0.01,0.8700000000000003,4.6,4,442,25,33,0,0.7140676636015901,0.27759691752734517,success
1722,2000,8,4,0.0,4.0,0.01,0.8700000000000003,4.799999999999999,4,438,27,35,0,0.7025091086800982,0.2766022106458308,success
1723,2000,8,4,0.0,4.0,0.01,0.8700000000000003,4.999999999999999,4,434,30,36,0,0.6848330502170112,0.2680197508037402,success
1697,2000,8,4,0.0,4.0,0.01,0.8600000000000003,8.999999999999998,4,423,28,49,0,0.455962904032912,0.2883722133679803,success
1724,2000,8,4,0.0,4.0,0.01,0.8700000000000003,5.199999999999999,4,435,30,35,0,0.6727870887478028,0.2707840545159756,success
1698,2000,8,4,0.0,4.0,0.01,0.8600000000000003,9.199999999999998,4,423,28,49,0,0.45192507079471067,0.28121048300289025,success
1725,2000,8,4,0.0,4.0,0.01,0.8700000000000003,5.399999999999999,4,435,32,33,0,0.6474372430758742,0.2681123265514995,success
1699,2000,8,4,0.0,4.0,0.01,0.8600000000000003,9.399999999999999,4,422,26,52,0,0.45969434274346044,0.2923963374582774,success
1726,2000,8,4,0.0,4.0,0.01,0.8700000000000003,5.599999999999999,4,435,31,34,0,0.6516315642082682,0.2713303745252193,success
1700,2000,8,4,0.0,4.0,0.01,0.8600000000000003,9.599999999999998,4,422,27,51,0,0.4478216215426591,0.28513849794306884,success
1727,2000,8,4,0.0,4.0,0.01,0.8700000000000003,5.799999999999999,4,435,30,35,0,0.6423082837170467,0.26631928816019784,success
1701,2000,8,4,0.0,4.0,0.01,0.8600000000000003,9.799999999999997,4,421,24,55,0,0.461219337237521,0.2947448173300446,success
1728,2000,8,4,0.0,4.0,0.01,0.8700000000000003,5.999999999999999,4,433,31,36,0,0.6474550180847006,0.2661753835653732,success
1702,2000,8,4,0.0,4.0,0.01,0.8600000000000003,9.999999999999998,4,420,23,57,0,0.45797449931661793,0.2978419057490928,success
1729,2000,8,4,0.0,4.0,0.01,0.8700000000000003,6.199999999999999,4,433,33,34,0,0.5954721774092332,0.26989907083269604,success
1730,2000,8,4,0.0,4.0,0.01,0.8700000000000003,6.399999999999999,4,432,33,35,0,0.5574526495757757,0.26458928207241994,success
1731,2000,8,4,0.0,4.0,0.01,0.8700000000000003,6.599999999999999,4,431,30,39,0,0.5675910968356401,0.2850392554802373,success
1732,2000,8,4,0.0,4.0,0.01,0.8700000000000003,6.799999999999999,4,430,29,41,0,0.5532474979837103,0.291403129015444,success
1733,2000,8,4,0.0,4.0,0.01,0.8700000000000003,6.999999999999998,4,429,29,42,0,0.534187220005242,0.2934626599317919,success
1734,2000,8,4,0.0,4.0,0.01,0.8700000000000003,7.199999999999998,4,428,29,43,0,0.5227723342360786,0.3024047329843132,success
1735,2000,8,4,0.0,4.0,0.01,0.8700000000000003,7.399999999999999,4,427,30,43,0,0.4970510531363033,0.3013371183773622,success
1736,2000,8,4,0.0,4.0,0.01,0.8700000000000003,7.599999999999999,4,426,29,45,0,0.4910811101201521,0.30554488268121616,success
1737,2000,8,4,0.0,4.0,0.01,0.8700000000000003,7.799999999999999,4,426,30,44,0,0.4711785437261716,0.29009037365623436,success
1749,2000,8,4,0.0,4.0,0.01,0.8800000000000003,1.0,4,484,16,0,0,,,success
1750,2000,8,4,0.0,4.0,0.01,0.8800000000000003,1.2,4,463,18,19,0,0.9798953662278301,0.08763406690978329,success
1751,2000,8,4,0.0,4.0,0.01,0.8800000000000003,1.4,4,452,26,22,0,0.9523323503794413,0.16041843814833376,success
1752,2000,8,4,0.0,4.0,0.01,0.8800000000000003,1.5999999999999999,4,442,26,32,0,0.9608592474812814,0.1543593836603448,success
1753,2000,8,4,0.0,4.0,0.01,0.8800000000000003,1.7999999999999998,4,440,25,35,0,0.9215441353131867,0.2000844691810528,success
1738,2000,8,4,0.0,4.0,0.01,0.8700000000000003,7.999999999999998,4,426,29,45,0,0.47622573405633717,0.28901786131102464,success
1754,2000,8,4,0.0,4.0,0.01,0.8800000000000003,1.9999999999999998,4,464,20,16,0,0.7813457777879984,0.29992172167293585,success
1756,2000,8,4,0.0,4.0,0.01,0.8800000000000003,2.3999999999999995,4,452,21,27,0,0.8448532233150122,0.26854334458498635,success
1755,2000,8,4,0.0,4.0,0.01,0.8800000000000003,2.1999999999999997,4,456,22,22,0,0.8188117943985648,0.28775204462739773,success
1739,2000,8,4,0.0,4.0,0.01,0.8700000000000003,8.2,4,426,28,46,0,0.48749387894249,0.29610882267932315,success
1757,2000,8,4,0.0,4.0,0.01,0.8800000000000003,2.5999999999999996,4,455,19,26,0,0.83875088051197,0.2712893398399579,success
1758,2000,8,4,0.0,4.0,0.01,0.8800000000000003,2.8,4,454,20,26,0,0.7979427646901177,0.2870835751222074,success
1759,2000,8,4,0.0,4.0,0.01,0.8800000000000003,2.9999999999999996,4,455,22,23,0,0.7676616182535357,0.2858290397590545,success
1760,2000,8,4,0.0,4.0,0.01,0.8800000000000003,3.1999999999999993,4,452,22,26,0,0.7819514364064853,0.2828092747116834,success
1761,2000,8,4,0.0,4.0,0.01,0.8800000000000003,3.3999999999999995,4,450,20,30,0,0.8112860354621091,0.2691769940810196,success
1740,2000,8,4,0.0,4.0,0.01,0.8700000000000003,8.399999999999999,4,425,29,46,0,0.46522812228710597,0.2934518790462806,success
1762,2000,8,4,0.0,4.0,0.01,0.8800000000000003,3.5999999999999996,4,449,20,31,0,0.802161214973259,0.2650453382195392,success
1763,2000,8,4,0.0,4.0,0.01,0.8800000000000003,3.7999999999999994,4,447,22,31,0,0.7529399878206866,0.27210366708916695,success
1764,2000,8,4,0.0,4.0,0.01,0.8800000000000003,3.999999999999999,4,449,22,29,0,0.7251298644612476,0.2861412651888624,success
1741,2000,8,4,0.0,4.0,0.01,0.8700000000000003,8.599999999999998,4,425,28,47,0,0.4680798978313917,0.2880040868194557,success
1765,2000,8,4,0.0,4.0,0.01,0.8800000000000003,4.199999999999999,4,443,26,31,0,0.7413097439998293,0.28076062352989944,success
1766,2000,8,4,0.0,4.0,0.01,0.8800000000000003,4.3999999999999995,4,442,25,33,0,0.737238628555255,0.28201938856668635,success
1767,2000,8,4,0.0,4.0,0.01,0.8800000000000003,4.6,4,443,24,33,0,0.7140676636015901,0.27759691752734517,success
1742,2000,8,4,0.0,4.0,0.01,0.8700000000000003,8.799999999999997,4,425,28,47,0,0.46389782434142973,0.2822033977327367,success
1768,2000,8,4,0.0,4.0,0.01,0.8800000000000003,4.799999999999999,4,439,27,34,0,0.693759376582454,0.2758015768816091,success
1769,2000,8,4,0.0,4.0,0.01,0.8800000000000003,4.999999999999999,4,435,30,35,0,0.6820137218661884,0.2713904982932276,success
1743,2000,8,4,0.0,4.0,0.01,0.8700000000000003,8.999999999999998,4,424,28,48,0,0.4503822526899395,0.2827669522379249,success
1770,2000,8,4,0.0,4.0,0.01,0.8800000000000003,5.199999999999999,4,436,30,34,0,0.6695305440328543,0.2741596616852235,success
1771,2000,8,4,0.0,4.0,0.01,0.8800000000000003,5.399999999999999,4,436,32,32,0,0.6431849822936326,0.2712694636277553,success
1745,2000,8,4,0.0,4.0,0.01,0.8700000000000003,9.399999999999999,4,423,26,51,0,0.4560298083437958,0.2904413862947976,success
1744,2000,8,4,0.0,4.0,0.01,0.8700000000000003,9.199999999999998,4,424,28,48,0,0.4478707197042399,0.27868562458308066,success
1746,2000,8,4,0.0,4.0,0.01,0.8700000000000003,9.599999999999998,4,423,27,50,0,0.44372446639343266,0.28303346637709914,success
1772,2000,8,4,0.0,4.0,0.01,0.8800000000000003,5.599999999999999,4,436,31,33,0,0.6474151888794584,0.27469882593471867,success
1773,2000,8,4,0.0,4.0,0.01,0.8800000000000003,5.799999999999999,4,436,30,34,0,0.638155304176148,0.2691714888824974,success
1747,2000,8,4,0.0,4.0,0.01,0.8700000000000003,9.799999999999997,4,422,24,54,0,0.45767190165754823,0.29321380659020885,success
1748,2000,8,4,0.0,4.0,0.01,0.8700000000000003,9.999999999999998,4,421,23,56,0,0.4558882072033489,0.2978362209860844,success
1774,2000,8,4,0.0,4.0,0.01,0.8800000000000003,5.999999999999999,4,434,31,35,0,0.6448966261244212,0.2696119003275335,success
1775,2000,8,4,0.0,4.0,0.01,0.8800000000000003,6.199999999999999,4,434,33,33,0,0.5911100744674462,0.27291855649989566,success
1776,2000,8,4,0.0,4.0,0.01,0.8800000000000003,6.399999999999999,4,433,33,34,0,0.5539019570333048,0.26775768064588223,success
1777,2000,8,4,0.0,4.0,0.01,0.8800000000000003,6.599999999999999,4,432,30,38,0,0.5647447231202323,0.28830320940597814,success
1778,2000,8,4,0.0,4.0,0.01,0.8800000000000003,6.799999999999999,4,431,29,40,0,0.5504139939600812,0.2946264362056317,success
1779,2000,8,4,0.0,4.0,0.01,0.8800000000000003,6.999999999999998,4,430,29,41,0,0.5309132219041409,0.2964527743555355,success
1780,2000,8,4,0.0,4.0,0.01,0.8800000000000003,7.199999999999998,4,429,29,42,0,0.5193041433249086,0.3053192593428651,success
1781,2000,8,4,0.0,4.0,0.01,0.8800000000000003,7.399999999999999,4,428,30,42,0,0.49291986410119343,0.3038910050586881,success
1782,2000,8,4,0.0,4.0,0.01,0.8800000000000003,7.599999999999999,4,427,29,44,0,0.487224078045319,0.3080651485703173,success
1783,2000,8,4,0.0,4.0,0.01,0.8800000000000003,7.799999999999999,4,427,30,43,0,0.4668526533614426,0.2921665832041365,success
1795,2000,8,4,0.0,4.0,0.01,0.8900000000000003,1.0,4,485,15,0,0,,,success
1796,2000,8,4,0.0,4.0,0.01,0.8900000000000003,1.2,4,465,17,18,0,0.9787784421293763,0.09003544486596474,success
1797,2000,8,4,0.0,4.0,0.01,0.8900000000000003,1.4,4,453,26,21,0,0.9500624623022719,0.16401755640892188,success
1798,2000,8,4,0.0,4.0,0.01,0.8900000000000003,1.5999999999999999,4,443,26,31,0,0.9595966425613226,0.1567428872633582,success
1799,2000,8,4,0.0,4.0,0.01,0.8900000000000003,1.7999999999999998,4,441,25,34,0,0.9192366098812217,0.20262015977408937,success
1800,2000,8,4,0.0,4.0,0.01,0.8900000000000003,1.9999999999999998,4,465,20,15,0,0.7922346990852802,0.3071573725638346,success
1801,2000,8,4,0.0,4.0,0.01,0.8900000000000003,2.1999999999999997,4,458,22,20,0,0.8197923759219826,0.2960847186830682,success
1802,2000,8,4,0.0,4.0,0.01,0.8900000000000003,2.3999999999999995,4,454,21,25,0,0.8549546565471761,0.2754039141195192,success
1803,2000,8,4,0.0,4.0,0.01,0.8900000000000003,2.5999999999999996,4,457,19,24,0,0.8571464186064565,0.2746039164402394,success
1804,2000,8,4,0.0,4.0,0.01,0.8900000000000003,2.8,4,456,20,24,0,0.823692207534438,0.2834240894511852,success
1784,2000,8,4,0.0,4.0,0.01,0.8800000000000003,7.999999999999998,4,427,29,44,0,0.4720048111729399,0.29103368133389973,success
1805,2000,8,4,0.0,4.0,0.01,0.8900000000000003,2.9999999999999996,4,457,22,21,0,0.7754011841759126,0.28162035614289105,success
1806,2000,8,4,0.0,4.0,0.01,0.8900000000000003,3.1999999999999993,4,454,22,24,0,0.7899143747679774,0.2784310868569619,success
1807,2000,8,4,0.0,4.0,0.01,0.8900000000000003,3.3999999999999995,4,452,20,28,0,0.8203505638342088,0.26299508154280327,success
1785,2000,8,4,0.0,4.0,0.01,0.8800000000000003,8.2,4,427,28,45,0,0.48361399598990007,0.29834897093272605,success
1808,2000,8,4,0.0,4.0,0.01,0.8900000000000003,3.5999999999999996,4,450,20,30,0,0.81660774625552,0.2568628932473243,success
1809,2000,8,4,0.0,4.0,0.01,0.8900000000000003,3.7999999999999994,4,448,22,30,0,0.7660022137163683,0.2666868204678209,success
1810,2000,8,4,0.0,4.0,0.01,0.8900000000000003,3.999999999999999,4,450,22,28,0,0.7381318878009268,0.2825335340278486,success
1786,2000,8,4,0.0,4.0,0.01,0.8800000000000003,8.399999999999999,4,426,29,45,0,0.46078658588404614,0.2952984248408652,success
1787,2000,8,4,0.0,4.0,0.01,0.8800000000000003,8.599999999999998,4,426,28,46,0,0.4637969182198987,0.2897672969645045,success
1811,2000,8,4,0.0,4.0,0.01,0.8900000000000003,4.199999999999999,4,444,26,30,0,0.7539842951014826,0.2763928166210941,success
1812,2000,8,4,0.0,4.0,0.01,0.8900000000000003,4.3999999999999995,4,443,25,32,0,0.7489937978554119,0.2781967061857209,success
1813,2000,8,4,0.0,4.0,0.01,0.8900000000000003,4.6,4,444,24,32,0,0.7252032678897407,0.2744481723655975,success
1788,2000,8,4,0.0,4.0,0.01,0.8800000000000003,8.799999999999997,4,426,28,46,0,0.4592982836258024,0.2835825354330635,success
1814,2000,8,4,0.0,4.0,0.01,0.8900000000000003,4.799999999999999,4,440,27,33,0,0.7039421356794744,0.27351052503798,success
1789,2000,8,4,0.0,4.0,0.01,0.8800000000000003,8.999999999999998,4,425,28,47,0,0.44412509199232164,0.2819379719407274,success
1815,2000,8,4,0.0,4.0,0.01,0.8900000000000003,4.999999999999999,4,436,30,34,0,0.6915514783019469,0.2694518970225365,success
1791,2000,8,4,0.0,4.0,0.01,0.8800000000000003,9.399999999999999,4,424,26,50,0,0.45000400564379783,0.29015452229095307,success
1790,2000,8,4,0.0,4.0,0.01,0.8800000000000003,9.199999999999998,4,425,28,47,0,0.44125226441002385,0.27787729742016765,success
1816,2000,8,4,0.0,4.0,0.01,0.8900000000000003,5.199999999999999,4,437,30,33,0,0.6789790452747466,0.27273102815170275,success
1817,2000,8,4,0.0,4.0,0.01,0.8900000000000003,5.399999999999999,4,437,32,31,0,0.6524065159987535,0.27060699611004657,success
1794,2000,8,4,0.0,4.0,0.01,0.8800000000000003,9.999999999999998,4,422,23,55,0,0.450640054744725,0.29776198364850787,success
1792,2000,8,4,0.0,4.0,0.01,0.8800000000000003,9.599999999999998,4,424,27,49,0,0.4385028949529568,0.2836233140543104,success
1818,2000,8,4,0.0,4.0,0.01,0.8900000000000003,5.599999999999999,4,437,31,32,0,0.6565290943737021,0.2739783028994334,success
1793,2000,8,4,0.0,4.0,0.01,0.8800000000000003,9.799999999999997,4,423,24,53,0,0.4522625570728822,0.2930812916876196,success
1819,2000,8,4,0.0,4.0,0.01,0.8900000000000003,5.799999999999999,4,437,30,33,0,0.6467165162097468,0.26860300186862396,success
1820,2000,8,4,0.0,4.0,0.01,0.8900000000000003,5.999999999999999,4,435,31,34,0,0.6534043120206736,0.26885540535637587,success
1821,2000,8,4,0.0,4.0,0.01,0.8900000000000003,6.199999999999999,4,435,33,32,0,0.5984617108152928,0.2739422872085362,success
1822,2000,8,4,0.0,4.0,0.01,0.8900000000000003,6.399999999999999,4,434,33,33,0,0.5599045084025335,0.26957345785612274,success
1823,2000,8,4,0.0,4.0,0.01,0.8900000000000003,6.599999999999999,4,433,30,37,0,0.57039092357093,0.29013977091617216,success
1824,2000,8,4,0.0,4.0,0.01,0.8900000000000003,6.799999999999999,4,432,29,39,0,0.5554051505886081,0.29675754641712093,success
1825,2000,8,4,0.0,4.0,0.01,0.8900000000000003,6.999999999999998,4,431,29,40,0,0.5352901093287972,0.2988815052219605,success
1826,2000,8,4,0.0,4.0,0.01,0.8900000000000003,7.199999999999998,4,430,29,41,0,0.5232717393387932,0.3079948209479713,success
1827,2000,8,4,0.0,4.0,0.01,0.8900000000000003,7.399999999999999,4,429,30,41,0,0.4962449088757434,0.306872919862334,success
1828,2000,8,4,0.0,4.0,0.01,0.8900000000000003,7.599999999999999,4,428,29,43,0,0.4902620094158406,0.311025757387454,success
1841,2000,8,4,0.0,4.0,0.01,0.9000000000000004,1.0,4,486,14,0,0,,,success
1829,2000,8,4,0.0,4.0,0.01,0.8900000000000003,7.799999999999999,4,428,30,42,0,0.469085907695779,0.2949631594553118,success
1842,2000,8,4,0.0,4.0,0.01,0.9000000000000004,1.2,4,467,16,17,0,0.9775301151958101,0.09264570844313588,success
1843,2000,8,4,0.0,4.0,0.01,0.9000000000000004,1.4,4,455,25,20,0,0.9809005979164386,0.08541512277688863,success
1844,2000,8,4,0.0,4.0,0.01,0.9000000000000004,1.5999999999999999,4,446,25,29,0,0.9797998679097263,0.10878104043200998,success
1845,2000,8,4,0.0,4.0,0.01,0.9000000000000004,1.7999999999999998,4,444,25,31,0,0.9490562898691162,0.1634669166428397,success
1847,2000,8,4,0.0,4.0,0.01,0.9000000000000004,2.1999999999999997,4,460,21,19,0,0.8733218153066225,0.2660484176678625,success
1846,2000,8,4,0.0,4.0,0.01,0.9000000000000004,1.9999999999999998,4,467,20,13,0,0.850016979712328,0.28597966405737774,success
1849,2000,8,4,0.0,4.0,0.01,0.9000000000000004,2.5999999999999996,4,461,18,21,0,0.8709886725572085,0.2605090667527712,success
1848,2000,8,4,0.0,4.0,0.01,0.9000000000000004,2.3999999999999995,4,456,20,24,0,0.8997131037844094,0.24115595707828852,success
1850,2000,8,4,0.0,4.0,0.01,0.9000000000000004,2.8,4,459,19,22,0,0.8403573208169515,0.2686468181229363,success
1851,2000,8,4,0.0,4.0,0.01,0.9000000000000004,2.9999999999999996,4,459,21,20,0,0.8003882744138513,0.2639748328201642,success
1852,2000,8,4,0.0,4.0,0.01,0.9000000000000004,3.1999999999999993,4,456,21,23,0,0.8122732876093182,0.26173309011015755,success
1853,2000,8,4,0.0,4.0,0.01,0.9000000000000004,3.3999999999999995,4,454,19,27,0,0.8407379513289917,0.24441965005545943,success
1854,2000,8,4,0.0,4.0,0.01,0.9000000000000004,3.5999999999999996,4,452,19,29,0,0.8354600443513974,0.23935716565811663,success
1830,2000,8,4,0.0,4.0,0.01,0.8900000000000003,7.999999999999998,4,428,29,43,0,0.4743148375445253,0.2937107380740371,success
1855,2000,8,4,0.0,4.0,0.01,0.9000000000000004,3.7999999999999994,4,450,21,29,0,0.7831094934488267,0.2541035080758747,success
1856,2000,8,4,0.0,4.0,0.01,0.9000000000000004,3.999999999999999,4,452,21,27,0,0.7554741391463285,0.2723057217520471,success
1831,2000,8,4,0.0,4.0,0.01,0.8900000000000003,8.2,4,428,28,44,0,0.48615770951629,0.3009781995023535,success
1832,2000,8,4,0.0,4.0,0.01,0.8900000000000003,8.399999999999999,4,427,29,44,0,0.4628124075081455,0.2980671718614078,success
1857,2000,8,4,0.0,4.0,0.01,0.9000000000000004,4.199999999999999,4,446,26,28,0,0.76254058179068,0.2664599021119816,success
1858,2000,8,4,0.0,4.0,0.01,0.9000000000000004,4.3999999999999995,4,445,25,30,0,0.7566569578851815,0.2693007560089753,success
1833,2000,8,4,0.0,4.0,0.01,0.8900000000000003,8.599999999999998,4,427,28,45,0,0.4658511447155486,0.2923814030608596,success
1859,2000,8,4,0.0,4.0,0.01,0.9000000000000004,4.6,4,446,24,30,0,0.7418708563621805,0.27011170451531735,success
1834,2000,8,4,0.0,4.0,0.01,0.8900000000000003,8.799999999999997,4,427,28,45,0,0.4614373993482952,0.28625548028378245,success
1860,2000,8,4,0.0,4.0,0.01,0.9000000000000004,4.799999999999999,4,442,27,31,0,0.7227741877063038,0.2687498415969778,success
1835,2000,8,4,0.0,4.0,0.01,0.8900000000000003,8.999999999999998,4,426,28,46,0,0.4458851945508334,0.28463543399872615,success
1836,2000,8,4,0.0,4.0,0.01,0.8900000000000003,9.199999999999998,4,426,28,46,0,0.44294910001356774,0.2805414562285575,success
1838,2000,8,4,0.0,4.0,0.01,0.8900000000000003,9.599999999999998,4,425,27,48,0,0.4400734054791336,0.2862613158099294,success
1837,2000,8,4,0.0,4.0,0.01,0.8900000000000003,9.399999999999999,4,425,26,49,0,0.4517660399513361,0.292731145459721,success
1861,2000,8,4,0.0,4.0,0.01,0.9000000000000004,4.999999999999999,4,438,30,32,0,0.7090240090255124,0.2654377781516884,success
1862,2000,8,4,0.0,4.0,0.01,0.9000000000000004,5.199999999999999,4,439,30,31,0,0.696204081310221,0.26973914233268176,success
1839,2000,8,4,0.0,4.0,0.01,0.8900000000000003,9.799999999999997,4,424,24,52,0,0.45397446327567603,0.295538055957495,success
1863,2000,8,4,0.0,4.0,0.01,0.9000000000000004,5.399999999999999,4,439,32,29,0,0.6690443168617125,0.2691612565098374,success
1840,2000,8,4,0.0,4.0,0.01,0.8900000000000003,9.999999999999998,4,423,23,54,0,0.4522583416072975,0.30018584747165367,success
1864,2000,8,4,0.0,4.0,0.01,0.9000000000000004,5.599999999999999,4,439,31,30,0,0.6743079342030307,0.27178239125503273,success
1865,2000,8,4,0.0,4.0,0.01,0.9000000000000004,5.799999999999999,4,439,30,31,0,0.6649200157684146,0.26565878017364764,success
1866,2000,8,4,0.0,4.0,0.01,0.9000000000000004,5.999999999999999,4,437,31,32,0,0.6714566387264436,0.26555247157327927,success
1867,2000,8,4,0.0,4.0,0.01,0.9000000000000004,6.199999999999999,4,437,33,30,0,0.6140544864682679,0.27465745713934475,success
1868,2000,8,4,0.0,4.0,0.01,0.9000000000000004,6.399999999999999,4,436,33,31,0,0.5726514235496161,0.2721854571908349,success
1869,2000,8,4,0.0,4.0,0.01,0.9000000000000004,6.599999999999999,4,435,30,35,0,0.582488366413881,0.29290550291659134,success
1870,2000,8,4,0.0,4.0,0.01,0.9000000000000004,6.799999999999999,4,434,29,37,0,0.5664262314054427,0.3002040501151842,success
1871,2000,8,4,0.0,4.0,0.01,0.9000000000000004,6.999999999999998,4,433,29,38,0,0.544953707244068,0.30306769124259747,success
1872,2000,8,4,0.0,4.0,0.01,0.9000000000000004,7.199999999999998,4,432,29,39,0,0.532091801774442,0.3127923713959271,success
1873,2000,8,4,0.0,4.0,0.01,0.9000000000000004,7.399999999999999,4,431,30,39,0,0.5030280963459822,0.3120319524738073,success
1874,2000,8,4,0.0,4.0,0.01,0.9000000000000004,7.599999999999999,4,430,29,41,0,0.4962309880961046,0.316156649359511,success
1887,2000,8,4,0.0,4.0,0.01,0.9100000000000004,1.0,4,487,13,0,0,,,success
1888,2000,8,4,0.0,4.0,0.01,0.9100000000000004,1.2,4,468,16,16,0,1.0,0.0,success
1889,2000,8,4,0.0,4.0,0.01,0.9100000000000004,1.4,4,456,25,19,0,1.0,0.0,success
1890,2000,8,4,0.0,4.0,0.01,0.9100000000000004,1.5999999999999999,4,447,25,28,0,1.0,0.0,success
1891,2000,8,4,0.0,4.0,0.01,0.9100000000000004,1.7999999999999998,4,445,25,30,0,0.970600398610959,0.1129517393318758,success
1875,2000,8,4,0.0,4.0,0.01,0.9000000000000004,7.799999999999999,4,430,30,40,0,0.47412855466927206,0.30008722650941355,success
1892,2000,8,4,0.0,4.0,0.01,0.9100000000000004,1.9999999999999998,4,468,20,12,0,0.8956239757205364,0.24437912383113047,success
1893,2000,8,4,0.0,4.0,0.01,0.9100000000000004,2.1999999999999997,4,461,21,18,0,0.9050211924006665,0.2339447918780741,success
1894,2000,8,4,0.0,4.0,0.01,0.9100000000000004,2.3999999999999995,4,457,20,23,0,0.9256687592700868,0.20951375297192878,success
1895,2000,8,4,0.0,4.0,0.01,0.9100000000000004,2.5999999999999996,4,462,18,20,0,0.9005005100423901,0.22843876128283158,success
1896,2000,8,4,0.0,4.0,0.01,0.9100000000000004,2.8,4,460,19,21,0,0.8678160651225348,0.24158366992569383,success
1897,2000,8,4,0.0,4.0,0.01,0.9100000000000004,2.9999999999999996,4,460,21,19,0,0.8288340965540796,0.23763755220661267,success
1898,2000,8,4,0.0,4.0,0.01,0.9100000000000004,3.1999999999999993,4,457,21,22,0,0.8375912171013895,0.2373211474818479,success
1899,2000,8,4,0.0,4.0,0.01,0.9100000000000004,3.3999999999999995,4,456,19,25,0,0.857785833883961,0.221535603662699,success
1901,2000,8,4,0.0,4.0,0.01,0.9100000000000004,3.7999999999999994,4,452,21,27,0,0.7945868694551715,0.23857151676218868,success
1900,2000,8,4,0.0,4.0,0.01,0.9100000000000004,3.5999999999999996,4,454,19,27,0,0.8507276762921515,0.21822233939395394,success
1902,2000,8,4,0.0,4.0,0.01,0.9100000000000004,3.999999999999999,4,453,21,26,0,0.7746719970086355,0.2583937321629563,success
1876,2000,8,4,0.0,4.0,0.01,0.9000000000000004,7.999999999999998,4,430,29,41,0,0.47946336522472993,0.29854251197589426,success
1877,2000,8,4,0.0,4.0,0.01,0.9000000000000004,8.2,4,430,28,42,0,0.4917890957562963,0.3056971851294059,success
1903,2000,8,4,0.0,4.0,0.01,0.9100000000000004,4.199999999999999,4,447,26,27,0,0.7813300189843844,0.25192514719064735,success
1904,2000,8,4,0.0,4.0,0.01,0.9100000000000004,4.3999999999999995,4,446,25,29,0,0.7739476882411994,0.25656109537568716,success
1878,2000,8,4,0.0,4.0,0.01,0.9000000000000004,8.399999999999999,4,429,29,42,0,0.46720908025953745,0.3030403560902413,success
1879,2000,8,4,0.0,4.0,0.01,0.9000000000000004,8.599999999999998,4,429,28,43,0,0.47027071630687,0.2970098215338659,success
1905,2000,8,4,0.0,4.0,0.01,0.9100000000000004,4.6,4,447,24,29,0,0.7579913496880002,0.25899880934989944,success
1881,2000,8,4,0.0,4.0,0.01,0.9000000000000004,8.999999999999998,4,428,28,44,0,0.4491824322234862,0.2891360266919198,success
1906,2000,8,4,0.0,4.0,0.01,0.9100000000000004,4.799999999999999,4,443,27,30,0,0.7376602493213376,0.25918976861783294,success
1880,2000,8,4,0.0,4.0,0.01,0.9000000000000004,8.799999999999997,4,429,28,43,0,0.4656326360950736,0.2907442151499298,success
1882,2000,8,4,0.0,4.0,0.01,0.9000000000000004,9.199999999999998,4,428,28,44,0,0.4461093499871475,0.2849535470509174,success
1884,2000,8,4,0.0,4.0,0.01,0.9000000000000004,9.599999999999998,4,427,27,46,0,0.4432099151263685,0.2908797447328882,success
1883,2000,8,4,0.0,4.0,0.01,0.9000000000000004,9.399999999999999,4,427,26,47,0,0.45533384283168565,0.29728812271664806,success
1907,2000,8,4,0.0,4.0,0.01,0.9100000000000004,4.999999999999999,4,439,30,31,0,0.7226752119215812,0.25706009089858084,success
1908,2000,8,4,0.0,4.0,0.01,0.9100000000000004,5.199999999999999,4,440,30,30,0,0.7099655659372119,0.26205651929019846,success
1886,2000,8,4,0.0,4.0,0.01,0.9000000000000004,9.999999999999998,4,425,23,52,0,0.4555662389174556,0.3045119037032466,success
1909,2000,8,4,0.0,4.0,0.01,0.9100000000000004,5.399999999999999,4,440,32,28,0,0.6828187730888989,0.262421299139177,success
1885,2000,8,4,0.0,4.0,0.01,0.9000000000000004,9.799999999999997,4,426,24,50,0,0.4574799053418729,0.2998998724675687,success
1910,2000,8,4,0.0,4.0,0.01,0.9100000000000004,5.599999999999999,4,440,31,29,0,0.6879150873732758,0.2651277224157732,success
1911,2000,8,4,0.0,4.0,0.01,0.9100000000000004,5.799999999999999,4,440,30,30,0,0.6695409198681186,0.2526814658048927,success
1912,2000,8,4,0.0,4.0,0.01,0.9100000000000004,5.999999999999999,4,438,31,31,0,0.6761589410394155,0.25287621274497746,success
1913,2000,8,4,0.0,4.0,0.01,0.9100000000000004,6.199999999999999,4,438,33,29,0,0.6171363219936725,0.2628046126767293,success
1914,2000,8,4,0.0,4.0,0.01,0.9100000000000004,6.399999999999999,4,437,33,30,0,0.5717592437963563,0.25959096761862577,success
1915,2000,8,4,0.0,4.0,0.01,0.9100000000000004,6.599999999999999,4,436,30,34,0,0.5907463341455212,0.29155820764640755,success
1916,2000,8,4,0.0,4.0,0.01,0.9100000000000004,6.799999999999999,4,435,29,36,0,0.5730859919064596,0.29956356033126164,success
1917,2000,8,4,0.0,4.0,0.01,0.9100000000000004,6.999999999999998,4,434,29,37,0,0.5508626114985294,0.3029955301802639,success
1918,2000,8,4,0.0,4.0,0.01,0.9100000000000004,7.199999999999998,4,433,29,38,0,0.5374964477333121,0.31322819933236146,success
1919,2000,8,4,0.0,4.0,0.01,0.9100000000000004,7.399999999999999,4,432,30,38,0,0.5076677045998412,0.3129402163931333,success
1933,2000,8,4,0.0,4.0,0.01,0.9200000000000004,1.0,4,487,13,0,0,,,success
1920,2000,8,4,0.0,4.0,0.01,0.9100000000000004,7.599999999999999,4,431,29,40,0,0.5006735661150102,0.3173655909113816,success
1934,2000,8,4,0.0,4.0,0.01,0.9200000000000004,1.2,4,468,16,16,0,1.0,0.0,success
1935,2000,8,4,0.0,4.0,0.01,0.9200000000000004,1.4,4,456,25,19,0,1.0,0.0,success
1936,2000,8,4,0.0,4.0,0.01,0.9200000000000004,1.5999999999999999,4,447,23,30,0,1.0,0.0,success
1937,2000,8,4,0.0,4.0,0.01,0.9200000000000004,1.7999999999999998,4,445,23,32,0,0.9724378736977741,0.10948639599957147,success
1938,2000,8,4,0.0,4.0,0.01,0.9200000000000004,1.9999999999999998,4,468,20,12,0,0.8956239757205364,0.24437912383113047,success
1940,2000,8,4,0.0,4.0,0.01,0.9200000000000004,2.3999999999999995,4,458,19,23,0,0.9256687592700868,0.20951375297192878,success
1939,2000,8,4,0.0,4.0,0.01,0.9200000000000004,2.1999999999999997,4,461,21,18,0,0.9050211924006665,0.2339447918780741,success
1941,2000,8,4,0.0,4.0,0.01,0.9200000000000004,2.5999999999999996,4,462,17,21,0,0.9052385809927525,0.22371072821068907,success
1942,2000,8,4,0.0,4.0,0.01,0.9200000000000004,2.8,4,460,19,21,0,0.8678160651225348,0.24158366992569383,success
1943,2000,8,4,0.0,4.0,0.01,0.9200000000000004,2.9999999999999996,4,460,21,19,0,0.8288340965540796,0.23763755220661267,success
1921,2000,8,4,0.0,4.0,0.01,0.9100000000000004,7.799999999999999,4,431,30,39,0,0.4783735136372744,0.3014940455757618,success
1944,2000,8,4,0.0,4.0,0.01,0.9200000000000004,3.1999999999999993,4,457,21,22,0,0.8375912171013895,0.2373211474818479,success
1945,2000,8,4,0.0,4.0,0.01,0.9200000000000004,3.3999999999999995,4,456,19,25,0,0.857785833883961,0.221535603662699,success
1946,2000,8,4,0.0,4.0,0.01,0.9200000000000004,3.5999999999999996,4,454,19,27,0,0.8535808348787937,0.21970171800089752,success
1947,2000,8,4,0.0,4.0,0.01,0.9200000000000004,3.7999999999999994,4,452,21,27,0,0.7974400280418137,0.2406177524104614,success
1948,2000,8,4,0.0,4.0,0.01,0.9200000000000004,3.999999999999999,4,453,21,26,0,0.7776348924639946,0.2605944551080455,success
1922,2000,8,4,0.0,4.0,0.01,0.9100000000000004,7.999999999999998,4,431,29,40,0,0.48373943827783544,0.2998038164412474,success
1949,2000,8,4,0.0,4.0,0.01,0.9200000000000004,4.199999999999999,4,448,26,26,0,0.7729196350991684,0.2530191783545966,success
1923,2000,8,4,0.0,4.0,0.01,0.9100000000000004,8.2,4,431,28,41,0,0.4962744865145162,0.3068931094677235,success
1950,2000,8,4,0.0,4.0,0.01,0.9200000000000004,4.3999999999999995,4,447,25,28,0,0.7658743913926708,0.2574904560203842,success
1924,2000,8,4,0.0,4.0,0.01,0.9100000000000004,8.399999999999999,4,430,29,41,0,0.471089891904398,0.3045345713231535,success
1951,2000,8,4,0.0,4.0,0.01,0.9200000000000004,4.6,4,447,24,29,0,0.7579913496880002,0.25899880934989944,success
1925,2000,8,4,0.0,4.0,0.01,0.9100000000000004,8.599999999999998,4,430,28,42,0,0.4741373314807954,0.29831066292724806,success
1926,2000,8,4,0.0,4.0,0.01,0.9100000000000004,8.799999999999997,4,430,28,42,0,0.46934598204400907,0.2919944837894985,success
1952,2000,8,4,0.0,4.0,0.01,0.9200000000000004,4.799999999999999,4,444,27,29,0,0.7286140510220733,0.2589129353343269,success
1927,2000,8,4,0.0,4.0,0.01,0.9100000000000004,8.999999999999998,4,429,28,43,0,0.45242988898106296,0.29053056419982404,success
1953,2000,8,4,0.0,4.0,0.01,0.9200000000000004,4.999999999999999,4,439,30,31,0,0.7236158384196635,0.25773804214977547,success
1928,2000,8,4,0.0,4.0,0.01,0.9100000000000004,9.199999999999998,4,429,28,43,0,0.449285072590747,0.28630475781985987,success
1929,2000,8,4,0.0,4.0,0.01,0.9100000000000004,9.399999999999999,4,428,26,46,0,0.45850292319796077,0.2986665982002133,success
1930,2000,8,4,0.0,4.0,0.01,0.9100000000000004,9.599999999999998,4,428,27,45,0,0.44626395201664054,0.2923509719291048,success
1954,2000,8,4,0.0,4.0,0.01,0.9200000000000004,5.199999999999999,4,440,30,30,0,0.7099655659372119,0.26205651929019846,success
1955,2000,8,4,0.0,4.0,0.01,0.9200000000000004,5.399999999999999,4,440,32,28,0,0.6828187730888989,0.262421299139177,success
1932,2000,8,4,0.0,4.0,0.01,0.9100000000000004,9.999999999999998,4,426,23,51,0,0.45838563556907436,0.3058590054124385,success
1931,2000,8,4,0.0,4.0,0.01,0.9100000000000004,9.799999999999997,4,427,24,49,0,0.460453447155971,0.3012079332758694,success
1956,2000,8,4,0.0,4.0,0.01,0.9200000000000004,5.599999999999999,4,440,31,29,0,0.6879150873732758,0.2651277224157732,success
1957,2000,8,4,0.0,4.0,0.01,0.9200000000000004,5.799999999999999,4,440,30,30,0,0.6695409198681186,0.2526814658048927,success
1958,2000,8,4,0.0,4.0,0.01,0.9200000000000004,5.999999999999999,4,439,31,30,0,0.6653642390331884,0.24982908433502496,success
1959,2000,8,4,0.0,4.0,0.01,0.9200000000000004,6.199999999999999,4,438,33,29,0,0.6171363219513888,0.26280461267057315,success
1960,2000,8,4,0.0,4.0,0.01,0.9200000000000004,6.399999999999999,4,437,33,30,0,0.5717592437520224,0.259590967603992,success
1961,2000,8,4,0.0,4.0,0.01,0.9200000000000004,6.599999999999999,4,436,30,34,0,0.5907463340542477,0.2915582076237091,success
1962,2000,8,4,0.0,4.0,0.01,0.9200000000000004,6.799999999999999,4,435,29,36,0,0.5729651234367643,0.2995640647234431,success
1963,2000,8,4,0.0,4.0,0.01,0.9200000000000004,6.999999999999998,4,434,29,37,0,0.5507450097627068,0.30298715038277163,success
1964,2000,8,4,0.0,4.0,0.01,0.9200000000000004,7.199999999999998,4,433,29,38,0,0.537381940780011,0.3132152944609344,success
1965,2000,8,4,0.0,4.0,0.01,0.9200000000000004,7.399999999999999,4,432,30,38,0,0.5076233610239665,0.3129310544215865,success
1979,2000,8,4,0.0,4.0,0.01,0.9300000000000004,1.0,4,487,13,0,0,,,success
1980,2000,8,4,0.0,4.0,0.01,0.9300000000000004,1.2,4,469,16,15,0,1.0,0.0,success
1981,2000,8,4,0.0,4.0,0.01,0.9300000000000004,1.4,4,457,25,18,0,1.0,0.0,success
1982,2000,8,4,0.0,4.0,0.01,0.9300000000000004,1.5999999999999999,4,448,23,29,0,1.0,0.0,success
1983,2000,8,4,0.0,4.0,0.01,0.9300000000000004,1.7999999999999998,4,446,23,31,0,0.9715487728493152,0.11117871826658848,success
1966,2000,8,4,0.0,4.0,0.01,0.9200000000000004,7.599999999999999,4,431,29,40,0,0.5006278781517707,0.31735604778652554,success
1984,2000,8,4,0.0,4.0,0.01,0.9300000000000004,1.9999999999999998,4,468,20,12,0,0.8956239757205364,0.24437912383113047,success
1985,2000,8,4,0.0,4.0,0.01,0.9300000000000004,2.1999999999999997,4,461,21,18,0,0.9050211924006665,0.2339447918780741,success
1987,2000,8,4,0.0,4.0,0.01,0.9300000000000004,2.5999999999999996,4,462,17,21,0,0.9052385809927525,0.22371072821068907,success
1986,2000,8,4,0.0,4.0,0.01,0.9300000000000004,2.3999999999999995,4,458,19,23,0,0.9256687592700868,0.20951375297192878,success
1988,2000,8,4,0.0,4.0,0.01,0.9300000000000004,2.8,4,460,19,21,0,0.8678160651225348,0.24158366992569383,success
1989,2000,8,4,0.0,4.0,0.01,0.9300000000000004,2.9999999999999996,4,460,21,19,0,0.8288340965540796,0.23763755220661267,success
1990,2000,8,4,0.0,4.0,0.01,0.9300000000000004,3.1999999999999993,4,458,21,21,0,0.829857465534789,0.24032428361927366,success
1967,2000,8,4,0.0,4.0,0.01,0.9200000000000004,7.799999999999999,4,431,30,39,0,0.4783195434216508,0.3014779012802607,success
1991,2000,8,4,0.0,4.0,0.01,0.9300000000000004,3.3999999999999995,4,456,19,25,0,0.857785833883961,0.221535603662699,success
1992,2000,8,4,0.0,4.0,0.01,0.9300000000000004,3.5999999999999996,4,455,19,26,0,0.847949328527978,0.22205646442588797,success
1993,2000,8,4,0.0,4.0,0.01,0.9300000000000004,3.7999999999999994,4,453,21,26,0,0.7896492598895756,0.24188516549250913,success
1994,2000,8,4,0.0,4.0,0.01,0.9300000000000004,3.999999999999999,4,453,21,26,0,0.7776348924639946,0.2605944551080455,success
1968,2000,8,4,0.0,4.0,0.01,0.9200000000000004,7.999999999999998,4,431,29,40,0,0.48368296494979274,0.29978924679465735,success
1969,2000,8,4,0.0,4.0,0.01,0.9200000000000004,8.2,4,431,28,41,0,0.4962194900845387,0.3068815517938799,success
1995,2000,8,4,0.0,4.0,0.01,0.9300000000000004,4.199999999999999,4,448,26,26,0,0.7729196350991684,0.2530191783545966,success
1996,2000,8,4,0.0,4.0,0.01,0.9300000000000004,4.3999999999999995,4,447,25,28,0,0.7658743913926708,0.2574904560203842,success
1970,2000,8,4,0.0,4.0,0.01,0.9200000000000004,8.399999999999999,4,430,29,41,0,0.4709570648683802,0.30449466447991125,success
1972,2000,8,4,0.0,4.0,0.01,0.9200000000000004,8.799999999999997,4,430,28,42,0,0.46918776545132923,0.29194384714844634,success
1973,2000,8,4,0.0,4.0,0.01,0.9200000000000004,8.999999999999998,4,429,28,43,0,0.45227475011779733,0.29047158280264074,success
1971,2000,8,4,0.0,4.0,0.01,0.9200000000000004,8.599999999999998,4,430,28,42,0,0.474007555636958,0.2982722458599614,success
1997,2000,8,4,0.0,4.0,0.01,0.9300000000000004,4.6,4,447,24,29,0,0.7579913496880002,0.25899880934989944,success
1974,2000,8,4,0.0,4.0,0.01,0.9200000000000004,9.199999999999998,4,429,28,43,0,0.4491294839298664,0.286242888461229,success
1998,2000,8,4,0.0,4.0,0.01,0.9300000000000004,4.799999999999999,4,444,27,29,0,0.7286140510220733,0.2589129353343269,success
1999,2000,8,4,0.0,4.0,0.01,0.9300000000000004,4.999999999999999,4,439,30,31,0,0.7236158384196635,0.25773804214977547,success
1975,2000,8,4,0.0,4.0,0.01,0.9200000000000004,9.399999999999999,4,428,26,46,0,0.45837333960001875,0.2986217592219676,success
1976,2000,8,4,0.0,4.0,0.01,0.9200000000000004,9.599999999999998,4,428,27,45,0,0.4461314468167126,0.2922985442872817,success
2000,2000,8,4,0.0,4.0,0.01,0.9300000000000004,5.199999999999999,4,440,30,30,0,0.7099655659372119,0.26205651929019846,success
1978,2000,8,4,0.0,4.0,0.01,0.9200000000000004,9.999999999999998,4,426,23,51,0,0.458267516564581,0.30581884592692793,success
1977,2000,8,4,0.0,4.0,0.01,0.9200000000000004,9.799999999999997,4,427,24,49,0,0.4603313672387423,0.3011669834852415,success
2001,2000,8,4,0.0,4.0,0.01,0.9300000000000004,5.399999999999999,4,440,32,28,0,0.6828187730888989,0.262421299139177,success
2002,2000,8,4,0.0,4.0,0.01,0.9300000000000004,5.599999999999999,4,440,31,29,0,0.6879150873732758,0.2651277224157732,success
2003,2000,8,4,0.0,4.0,0.01,0.9300000000000004,5.799999999999999,4,440,30,30,0,0.6695409198681186,0.2526814658048927,success
2004,2000,8,4,0.0,4.0,0.01,0.9300000000000004,5.999999999999999,4,439,31,30,0,0.6653642390305798,0.24982908433895748,success
2005,2000,8,4,0.0,4.0,0.01,0.9300000000000004,6.199999999999999,4,438,33,29,0,0.61713632194869,0.2628046126739321,success
2006,2000,8,4,0.0,4.0,0.01,0.9300000000000004,6.399999999999999,4,437,33,30,0,0.5717592437519944,0.2595909676039828,success
2007,2000,8,4,0.0,4.0,0.01,0.9300000000000004,6.599999999999999,4,436,30,34,0,0.5907463340541983,0.2915582076236969,success
2008,2000,8,4,0.0,4.0,0.01,0.9300000000000004,6.799999999999999,4,435,29,36,0,0.5729651234367129,0.29956406472342745,success
2009,2000,8,4,0.0,4.0,0.01,0.9300000000000004,6.999999999999998,4,434,29,37,0,0.5507450097626414,0.30298715038274676,success
2026,2000,8,4,0.0,4.0,0.01,0.9400000000000004,1.2,4,469,16,15,0,1.0,0.0,success
2025,2000,8,4,0.0,4.0,0.01,0.9400000000000004,1.0,4,487,13,0,0,,,success
2027,2000,8,4,0.0,4.0,0.01,0.9400000000000004,1.4,4,457,25,18,0,1.0,0.0,success
2010,2000,8,4,0.0,4.0,0.01,0.9300000000000004,7.199999999999998,4,433,29,38,0,0.5373819407147721,0.31321529448002666,success
2028,2000,8,4,0.0,4.0,0.01,0.9400000000000004,1.5999999999999999,4,448,23,29,0,1.0,0.0,success
2029,2000,8,4,0.0,4.0,0.01,0.9400000000000004,1.7999999999999998,4,446,23,31,0,0.9715487728493152,0.11117871826658848,success
2030,2000,8,4,0.0,4.0,0.01,0.9400000000000004,1.9999999999999998,4,468,20,12,0,0.8956239757205364,0.24437912383113047,success
2031,2000,8,4,0.0,4.0,0.01,0.9400000000000004,2.1999999999999997,4,461,21,18,0,0.9050211924006665,0.2339447918780741,success
2011,2000,8,4,0.0,4.0,0.01,0.9300000000000004,7.399999999999999,4,432,30,38,0,0.5076190707163569,0.3129288449230536,success
2032,2000,8,4,0.0,4.0,0.01,0.9400000000000004,2.3999999999999995,4,458,19,23,0,0.9256687592700868,0.20951375297192878,success
2033,2000,8,4,0.0,4.0,0.01,0.9400000000000004,2.5999999999999996,4,462,17,21,0,0.9052385809927525,0.22371072821068907,success
2034,2000,8,4,0.0,4.0,0.01,0.9400000000000004,2.8,4,461,19,20,0,0.8612068683786616,0.24590404303344116,success
2035,2000,8,4,0.0,4.0,0.01,0.9400000000000004,2.9999999999999996,4,460,21,19,0,0.8288340965540796,0.23763755220661267,success
2036,2000,8,4,0.0,4.0,0.01,0.9400000000000004,3.1999999999999993,4,458,21,21,0,0.829857465534789,0.24032428361927366,success
2012,2000,8,4,0.0,4.0,0.01,0.9300000000000004,7.599999999999999,4,431,29,40,0,0.5006239318819502,0.31735394741128903,success
2037,2000,8,4,0.0,4.0,0.01,0.9400000000000004,3.3999999999999995,4,456,19,25,0,0.857785833883961,0.221535603662699,success
2038,2000,8,4,0.0,4.0,0.01,0.9400000000000004,3.5999999999999996,4,455,19,26,0,0.847949328527978,0.22205646442588797,success
2039,2000,8,4,0.0,4.0,0.01,0.9400000000000004,3.7999999999999994,4,453,21,26,0,0.7896492598895756,0.24188516549250913,success
2013,2000,8,4,0.0,4.0,0.01,0.9300000000000004,7.799999999999999,4,431,30,39,0,0.47829934087738796,0.3014659013613607,success
2040,2000,8,4,0.0,4.0,0.01,0.9400000000000004,3.999999999999999,4,453,21,26,0,0.7776348924639946,0.2605944551080455,success
2014,2000,8,4,0.0,4.0,0.01,0.9300000000000004,7.999999999999998,4,431,29,40,0,0.4836619663286772,0.29977686150647903,success
2015,2000,8,4,0.0,4.0,0.01,0.9300000000000004,8.2,4,431,28,41,0,0.49619900362491387,0.30687061310526276,success
2016,2000,8,4,0.0,4.0,0.01,0.9300000000000004,8.399999999999999,4,430,29,41,0,0.47092786395474,0.30447802317022676,success
2017,2000,8,4,0.0,4.0,0.01,0.9300000000000004,8.599999999999998,4,430,28,42,0,0.47397896805235173,0.2982558838400277,success
2041,2000,8,4,0.0,4.0,0.01,0.9400000000000004,4.199999999999999,4,448,26,26,0,0.7729196350991684,0.2530191783545966,success
2018,2000,8,4,0.0,4.0,0.01,0.9300000000000004,8.799999999999997,4,430,28,42,0,0.469128938298127,0.2919027376729575,success
2019,2000,8,4,0.0,4.0,0.01,0.9300000000000004,8.999999999999998,4,429,28,43,0,0.4522458406680419,0.29045569198309235,success
2042,2000,8,4,0.0,4.0,0.01,0.9400000000000004,4.3999999999999995,4,447,25,28,0,0.7658743913926708,0.2574904560203842,success
2043,2000,8,4,0.0,4.0,0.01,0.9400000000000004,4.6,4,447,24,29,0,0.7567374698507233,0.25898179949444,success
2020,2000,8,4,0.0,4.0,0.01,0.9300000000000004,9.199999999999998,4,429,28,43,0,0.4490989426858593,0.2862262483968943,success
2044,2000,8,4,0.0,4.0,0.01,0.9400000000000004,4.799999999999999,4,444,27,29,0,0.7275314347705337,0.2587821117523294,success
2045,2000,8,4,0.0,4.0,0.01,0.9400000000000004,4.999999999999999,4,439,30,31,0,0.7236158384191819,0.2577380421506553,success
2021,2000,8,4,0.0,4.0,0.01,0.9300000000000004,9.399999999999999,4,428,26,46,0,0.4583500021210291,0.2986142996347583,success
2024,2000,8,4,0.0,4.0,0.01,0.9300000000000004,9.999999999999998,4,426,23,51,0,0.4580873981979879,0.30571603598312164,success
2022,2000,8,4,0.0,4.0,0.01,0.9300000000000004,9.599999999999998,4,428,27,45,0,0.44607966676866007,0.29226180994475126,success
2023,2000,8,4,0.0,4.0,0.01,0.9300000000000004,9.799999999999997,4,427,24,49,0,0.46015352641805646,0.30106939086166296,success
2046,2000,8,4,0.0,4.0,0.01,0.9400000000000004,5.199999999999999,4,440,30,30,0,0.7099655659367143,0.2620565192910669,success
2047,2000,8,4,0.0,4.0,0.01,0.9400000000000004,5.399999999999999,4,440,32,28,0,0.6828187730883657,0.26242129914005125,success
2048,2000,8,4,0.0,4.0,0.01,0.9400000000000004,5.599999999999999,4,440,31,29,0,0.6879150873727609,0.26512772241661786,success
2049,2000,8,4,0.0,4.0,0.01,0.9400000000000004,5.799999999999999,4,440,30,30,0,0.6695409013291381,0.2526814798378818,success
2050,2000,8,4,0.0,4.0,0.01,0.9400000000000004,5.999999999999999,4,439,31,30,0,0.6653642202419934,0.24982909822293833,success
2051,2000,8,4,0.0,4.0,0.01,0.9400000000000004,6.199999999999999,4,438,33,29,0,0.6171363216237167,0.2628046126719876,success
2052,2000,8,4,0.0,4.0,0.01,0.9400000000000004,6.399999999999999,4,437,33,30,0,0.5717592430932935,0.25959096771011664,success
2053,2000,8,4,0.0,4.0,0.01,0.9400000000000004,6.599999999999999,4,436,30,34,0,0.5907463332137195,0.2915582076816521,success
2054,2000,8,4,0.0,4.0,0.01,0.9400000000000004,6.799999999999999,4,435,29,36,0,0.5729273040395529,0.29958237841472257,success
2072,2000,8,4,0.0,4.0,0.01,0.9500000000000004,1.2,4,469,16,15,0,1.0,0.0,success
2071,2000,8,4,0.0,4.0,0.01,0.9500000000000004,1.0,4,487,13,0,0,,,success
2055,2000,8,4,0.0,4.0,0.01,0.9400000000000004,6.999999999999998,4,434,29,37,0,0.5507082217291298,0.30300197870779993,success
2073,2000,8,4,0.0,4.0,0.01,0.9500000000000004,1.4,4,457,25,18,0,1.0,0.0,success
2074,2000,8,4,0.0,4.0,0.01,0.9500000000000004,1.5999999999999999,4,448,22,30,0,1.0,0.0,success
2075,2000,8,4,0.0,4.0,0.01,0.9500000000000004,1.7999999999999998,4,447,22,31,0,0.9715487728493152,0.11117871826658848,success
2076,2000,8,4,0.0,4.0,0.01,0.9500000000000004,1.9999999999999998,4,469,19,12,0,0.8956239757205364,0.24437912383113047,success
2078,2000,8,4,0.0,4.0,0.01,0.9500000000000004,2.3999999999999995,4,459,18,23,0,0.9256687592700868,0.20951375297192878,success
2077,2000,8,4,0.0,4.0,0.01,0.9500000000000004,2.1999999999999997,4,462,20,18,0,0.9050211924006665,0.2339447918780741,success
2079,2000,8,4,0.0,4.0,0.01,0.9500000000000004,2.5999999999999996,4,462,17,21,0,0.9052385809927525,0.22371072821068907,success
2080,2000,8,4,0.0,4.0,0.01,0.9500000000000004,2.8,4,461,19,20,0,0.8612068683786616,0.24590404303344116,success
2056,2000,8,4,0.0,4.0,0.01,0.9400000000000004,7.199999999999998,4,433,29,38,0,0.5373468889821129,0.31322747370106574,success
2081,2000,8,4,0.0,4.0,0.01,0.9500000000000004,2.9999999999999996,4,460,21,19,0,0.8288340965540796,0.23763755220661267,success
2057,2000,8,4,0.0,4.0,0.01,0.9400000000000004,7.399999999999999,4,432,30,38,0,0.5075839877311661,0.31293759542611244,success
2082,2000,8,4,0.0,4.0,0.01,0.9500000000000004,3.1999999999999993,4,458,21,21,0,0.829857465534789,0.24032428361927366,success
2083,2000,8,4,0.0,4.0,0.01,0.9500000000000004,3.3999999999999995,4,456,19,25,0,0.857785833883961,0.221535603662699,success
2058,2000,8,4,0.0,4.0,0.01,0.9400000000000004,7.599999999999999,4,431,29,40,0,0.500590606242875,0.3173613798104893,success
2084,2000,8,4,0.0,4.0,0.01,0.9500000000000004,3.5999999999999996,4,455,19,26,0,0.847949328527978,0.22205646442588797,success
2085,2000,8,4,0.0,4.0,0.01,0.9500000000000004,3.7999999999999994,4,453,21,26,0,0.7896492598895756,0.24188516549250913,success
2059,2000,8,4,0.0,4.0,0.01,0.9400000000000004,7.799999999999999,4,431,30,39,0,0.478263497291148,0.301470500582118,success
2086,2000,8,4,0.0,4.0,0.01,0.9500000000000004,3.999999999999999,4,453,21,26,0,0.7776348924639946,0.2605944551080455,success
2060,2000,8,4,0.0,4.0,0.01,0.9400000000000004,7.999999999999998,4,431,29,40,0,0.48362082235445597,0.2997831412016841,success
2061,2000,8,4,0.0,4.0,0.01,0.9400000000000004,8.2,4,431,28,41,0,0.49615834036529516,0.3068781859074721,success
2062,2000,8,4,0.0,4.0,0.01,0.9400000000000004,8.399999999999999,4,430,29,41,0,0.47088109751538004,0.30448419500117896,success
2063,2000,8,4,0.0,4.0,0.01,0.9400000000000004,8.599999999999998,4,430,28,42,0,0.4739333129221126,0.29826250752413613,success
2064,2000,8,4,0.0,4.0,0.01,0.9400000000000004,8.799999999999997,4,430,28,42,0,0.4690889483667514,0.291907898149594,success
2065,2000,8,4,0.0,4.0,0.01,0.9400000000000004,8.999999999999998,4,429,28,43,0,0.450984208756654,0.2892351267805361,success
2066,2000,8,4,0.0,4.0,0.01,0.9400000000000004,9.199999999999998,4,429,28,43,0,0.44884912253518394,0.28608188792806283,success
2087,2000,8,4,0.0,4.0,0.01,0.9500000000000004,4.199999999999999,4,448,26,26,0,0.7729196350991684,0.2530191783545966,success
2067,2000,8,4,0.0,4.0,0.01,0.9400000000000004,9.399999999999999,4,428,26,46,0,0.4580767048807223,0.298425491477553,success
2088,2000,8,4,0.0,4.0,0.01,0.9500000000000004,4.3999999999999995,4,447,25,28,0,0.7658743913926708,0.2574904560203842,success
2068,2000,8,4,0.0,4.0,0.01,0.9400000000000004,9.599999999999998,4,428,27,45,0,0.4458000010562464,0.2920520022124327,success
2089,2000,8,4,0.0,4.0,0.01,0.9500000000000004,4.6,4,447,24,29,0,0.7567374698507233,0.25898179949444,success
2090,2000,8,4,0.0,4.0,0.01,0.9500000000000004,4.799999999999999,4,444,27,29,0,0.7275314347705337,0.2587821117523294,success
2091,2000,8,4,0.0,4.0,0.01,0.9500000000000004,4.999999999999999,4,439,30,31,0,0.7236158384190526,0.25773804215089147,success
2092,2000,8,4,0.0,4.0,0.01,0.9500000000000004,5.199999999999999,4,440,30,30,0,0.7099655659365808,0.2620565192912999,success
2069,2000,8,4,0.0,4.0,0.01,0.9400000000000004,9.799999999999997,4,427,24,49,0,0.45989666166516746,0.3008949512220752,success
2070,2000,8,4,0.0,4.0,0.01,0.9400000000000004,9.999999999999998,4,426,23,51,0,0.4573527071403065,0.30519668442173387,success
2093,2000,8,4,0.0,4.0,0.01,0.9500000000000004,5.399999999999999,4,440,32,28,0,0.6828187730882227,0.26242129914028584,success
2094,2000,8,4,0.0,4.0,0.01,0.9500000000000004,5.599999999999999,4,440,31,29,0,0.6879132176018719,0.26512798463063997,success
2095,2000,8,4,0.0,4.0,0.01,0.9500000000000004,5.799999999999999,4,440,30,30,0,0.6695397765922263,0.2526815605833871,success
2096,2000,8,4,0.0,4.0,0.01,0.9500000000000004,5.999999999999999,4,439,31,30,0,0.6653634454943995,0.2498291344625179,success
2097,2000,8,4,0.0,4.0,0.01,0.9500000000000004,6.199999999999999,4,438,33,29,0,0.6171355201606885,0.26280449602142164,success
2098,2000,8,4,0.0,4.0,0.01,0.9500000000000004,6.399999999999999,4,437,33,30,0,0.5717080386551581,0.2595742171546352,success
2099,2000,8,4,0.0,4.0,0.01,0.9500000000000004,6.599999999999999,4,436,30,34,0,0.5906957706837811,0.2915457823138517,success
2100,2000,8,4,0.0,4.0,0.01,0.9500000000000004,6.799999999999999,4,435,29,36,0,0.5728789823214232,0.29956775405274605,success
2117,2000,8,4,0.0,4.0,0.01,0.9600000000000004,1.0,4,487,13,0,0,,,success
2118,2000,8,4,0.0,4.0,0.01,0.9600000000000004,1.2,4,469,16,15,0,1.0,0.0,success
2119,2000,8,4,0.0,4.0,0.01,0.9600000000000004,1.4,4,457,25,18,0,1.0,0.0,success
2120,2000,8,4,0.0,4.0,0.01,0.9600000000000004,1.5999999999999999,4,448,22,30,0,1.0,0.0,success
2121,2000,8,4,0.0,4.0,0.01,0.9600000000000004,1.7999999999999998,4,447,22,31,0,0.9715487728493152,0.11117871826658848,success
2123,2000,8,4,0.0,4.0,0.01,0.9600000000000004,2.1999999999999997,4,462,20,18,0,0.9050211924006665,0.2339447918780741,success
2124,2000,8,4,0.0,4.0,0.01,0.9600000000000004,2.3999999999999995,4,459,18,23,0,0.9256687592700868,0.20951375297192878,success
2122,2000,8,4,0.0,4.0,0.01,0.9600000000000004,1.9999999999999998,4,469,19,12,0,0.8956239757205364,0.24437912383113047,success
2125,2000,8,4,0.0,4.0,0.01,0.9600000000000004,2.5999999999999996,4,462,17,21,0,0.9052385809927525,0.22371072821068907,success
2126,2000,8,4,0.0,4.0,0.01,0.9600000000000004,2.8,4,461,19,20,0,0.8612068683786616,0.24590404303344116,success
2127,2000,8,4,0.0,4.0,0.01,0.9600000000000004,2.9999999999999996,4,460,21,19,0,0.8288340965540796,0.23763755220661267,success
2128,2000,8,4,0.0,4.0,0.01,0.9600000000000004,3.1999999999999993,4,458,21,21,0,0.829857465534789,0.24032428361927366,success
2101,2000,8,4,0.0,4.0,0.01,0.9500000000000004,6.999999999999998,4,434,29,37,0,0.5506458505912949,0.30298348910911954,success
2129,2000,8,4,0.0,4.0,0.01,0.9600000000000004,3.3999999999999995,4,456,19,25,0,0.857785833883961,0.221535603662699,success
2102,2000,8,4,0.0,4.0,0.01,0.9500000000000004,7.199999999999998,4,433,29,38,0,0.5372861585622329,0.31320741068905633,success
2130,2000,8,4,0.0,4.0,0.01,0.9600000000000004,3.5999999999999996,4,455,19,26,0,0.847949328527978,0.22205646442588797,success
2103,2000,8,4,0.0,4.0,0.01,0.9500000000000004,7.399999999999999,4,432,30,38,0,0.5075103578969805,0.3129011903666472,success
2131,2000,8,4,0.0,4.0,0.01,0.9600000000000004,3.7999999999999994,4,453,21,26,0,0.7896492598895756,0.24188516549250913,success
2104,2000,8,4,0.0,4.0,0.01,0.9500000000000004,7.599999999999999,4,431,29,40,0,0.5005206661626961,0.3173257369442671,success
2105,2000,8,4,0.0,4.0,0.01,0.9500000000000004,7.799999999999999,4,431,30,39,0,0.4782290109993275,0.3014492918181443,success
2106,2000,8,4,0.0,4.0,0.01,0.9500000000000004,7.999999999999998,4,431,29,40,0,0.4832887252261096,0.29950010311219,success
2107,2000,8,4,0.0,4.0,0.01,0.9500000000000004,8.2,4,431,28,41,0,0.49583434459063014,0.30662219665678997,success
2132,2000,8,4,0.0,4.0,0.01,0.9600000000000004,3.999999999999999,4,453,21,26,0,0.7776348924639946,0.2605944551080455,success
2109,2000,8,4,0.0,4.0,0.01,0.9500000000000004,8.599999999999998,4,430,28,42,0,0.4735941576935821,0.29795912830391336,success
2108,2000,8,4,0.0,4.0,0.01,0.9500000000000004,8.399999999999999,4,430,29,41,0,0.4705805977801369,0.30421351542997926,success
2111,2000,8,4,0.0,4.0,0.01,0.9500000000000004,8.999999999999998,4,429,27,44,0,0.4631658463053242,0.29732839293892493,success
2110,2000,8,4,0.0,4.0,0.01,0.9500000000000004,8.799999999999997,4,430,28,42,0,0.4687448813173386,0.29158435755361617,success
2133,2000,8,4,0.0,4.0,0.01,0.9600000000000004,4.199999999999999,4,448,26,26,0,0.7729196350991684,0.2530191783545966,success
2112,2000,8,4,0.0,4.0,0.01,0.9500000000000004,9.199999999999998,4,429,28,43,0,0.4498187475547812,0.28811998572737263,success
2113,2000,8,4,0.0,4.0,0.01,0.9500000000000004,9.399999999999999,4,428,26,46,0,0.45902102698008346,0.30031048822767636,success
2114,2000,8,4,0.0,4.0,0.01,0.9500000000000004,9.599999999999998,4,428,27,45,0,0.44683362270244475,0.2941253242955939,success
2134,2000,8,4,0.0,4.0,0.01,0.9600000000000004,4.3999999999999995,4,447,25,28,0,0.7658743913926708,0.2574904560203842,success
2115,2000,8,4,0.0,4.0,0.01,0.9500000000000004,9.799999999999997,4,427,24,49,0,0.46080145014456847,0.3026380160823271,success
2135,2000,8,4,0.0,4.0,0.01,0.9600000000000004,4.6,4,447,24,29,0,0.7567374698507233,0.25898179949444,success
2136,2000,8,4,0.0,4.0,0.01,0.9600000000000004,4.799999999999999,4,444,27,29,0,0.7274786756572837,0.2588722269898828,success
2116,2000,8,4,0.0,4.0,0.01,0.9500000000000004,9.999999999999998,4,426,23,51,0,0.4549348954975154,0.3016469006437287,success
2137,2000,8,4,0.0,4.0,0.01,0.9600000000000004,4.999999999999999,4,439,30,31,0,0.7235664458760112,0.25782178884776846,success
2138,2000,8,4,0.0,4.0,0.01,0.9600000000000004,5.199999999999999,4,440,30,30,0,0.709914526975438,0.2621389765985011,success
2139,2000,8,4,0.0,4.0,0.01,0.9600000000000004,5.399999999999999,4,440,32,28,0,0.6827633729423971,0.26250496717674415,success
2140,2000,8,4,0.0,4.0,0.01,0.9600000000000004,5.599999999999999,4,440,31,29,0,0.6878597278059024,0.2652089059603916,success
2141,2000,8,4,0.0,4.0,0.01,0.9600000000000004,5.799999999999999,4,440,30,30,0,0.6694880697893002,0.25275965123094385,success
2142,2000,8,4,0.0,4.0,0.01,0.9600000000000004,5.999999999999999,4,439,31,30,0,0.6653117303258251,0.24990723915232885,success
2143,2000,8,4,0.0,4.0,0.01,0.9600000000000004,6.199999999999999,4,438,33,29,0,0.6165659478454132,0.26290624519358186,success
2144,2000,8,4,0.0,4.0,0.01,0.9600000000000004,6.399999999999999,4,437,33,30,0,0.5711580105048174,0.2595733573671743,success
2145,2000,8,4,0.0,4.0,0.01,0.9600000000000004,6.599999999999999,4,436,30,34,0,0.5902102363909464,0.29157776891136417,success
2146,2000,8,4,0.0,4.0,0.01,0.9600000000000004,6.799999999999999,4,435,29,36,0,0.5724206088999556,0.29956904548505775,success
2163,2000,8,4,0.0,4.0,0.01,0.9700000000000004,1.0,4,487,13,0,0,,,success
2165,2000,8,4,0.0,4.0,0.01,0.9700000000000004,1.4,4,457,25,18,0,1.0,0.0,success
2164,2000,8,4,0.0,4.0,0.01,0.9700000000000004,1.2,4,469,16,15,0,1.0,0.0,success
2166,2000,8,4,0.0,4.0,0.01,0.9700000000000004,1.5999999999999999,4,448,22,30,0,1.0,0.0,success
2168,2000,8,4,0.0,4.0,0.01,0.9700000000000004,1.9999999999999998,4,469,19,12,0,0.8956239757205364,0.24437912383113047,success
2167,2000,8,4,0.0,4.0,0.01,0.9700000000000004,1.7999999999999998,4,448,22,30,0,0.970600398610959,0.11295173933187579,success
2169,2000,8,4,0.0,4.0,0.01,0.9700000000000004,2.1999999999999997,4,462,20,18,0,0.9050211924006665,0.2339447918780741,success
2170,2000,8,4,0.0,4.0,0.01,0.9700000000000004,2.3999999999999995,4,460,18,22,0,0.9222900665096362,0.21380186681030897,success
2171,2000,8,4,0.0,4.0,0.01,0.9700000000000004,2.5999999999999996,4,463,17,20,0,0.9005005100423901,0.22843876128283158,success
2172,2000,8,4,0.0,4.0,0.01,0.9700000000000004,2.8,4,461,19,20,0,0.8612068683786616,0.24590404303344116,success
2173,2000,8,4,0.0,4.0,0.01,0.9700000000000004,2.9999999999999996,4,460,21,19,0,0.8288340965540796,0.23763755220661267,success
2174,2000,8,4,0.0,4.0,0.01,0.9700000000000004,3.1999999999999993,4,458,21,21,0,0.829857465534789,0.24032428361927366,success
2147,2000,8,4,0.0,4.0,0.01,0.9600000000000004,6.999999999999998,4,434,29,37,0,0.5501998763382265,0.3029511059664174,success
2175,2000,8,4,0.0,4.0,0.01,0.9700000000000004,3.3999999999999995,4,456,19,25,0,0.857785833883961,0.221535603662699,success
2148,2000,8,4,0.0,4.0,0.01,0.9600000000000004,7.199999999999998,4,433,29,38,0,0.5358353069684126,0.3126143311465905,success
2176,2000,8,4,0.0,4.0,0.01,0.9700000000000004,3.5999999999999996,4,455,19,26,0,0.847949328527978,0.22205646442588797,success
2149,2000,8,4,0.0,4.0,0.01,0.9600000000000004,7.399999999999999,4,432,30,38,0,0.5059199636569585,0.31235150300192266,success
2150,2000,8,4,0.0,4.0,0.01,0.9600000000000004,7.599999999999999,4,431,29,40,0,0.49895571182371434,0.3167679705295681,success
2152,2000,8,4,0.0,4.0,0.01,0.9600000000000004,7.999999999999998,4,431,29,40,0,0.482263327141416,0.2991826999917132,success
2151,2000,8,4,0.0,4.0,0.01,0.9600000000000004,7.799999999999999,4,431,30,39,0,0.47717744011675745,0.30110742323251116,success
2177,2000,8,4,0.0,4.0,0.01,0.9700000000000004,3.7999999999999994,4,453,21,26,0,0.7896492598895756,0.24188516549250913,success
2153,2000,8,4,0.0,4.0,0.01,0.9600000000000004,8.2,4,431,28,41,0,0.49462423320434834,0.3062610026019217,success
2154,2000,8,4,0.0,4.0,0.01,0.9600000000000004,8.399999999999999,4,430,29,41,0,0.46950171763092535,0.3038079153660886,success
2155,2000,8,4,0.0,4.0,0.01,0.9600000000000004,8.599999999999998,4,430,28,42,0,0.47238838309108366,0.29743588378745034,success
2157,2000,8,4,0.0,4.0,0.01,0.9600000000000004,8.999999999999998,4,429,27,44,0,0.46221997462346176,0.2969580315622025,success
2156,2000,8,4,0.0,4.0,0.01,0.9600000000000004,8.799999999999997,4,430,28,42,0,0.46762216469377355,0.2910860756518654,success
2158,2000,8,4,0.0,4.0,0.01,0.9600000000000004,9.199999999999998,4,429,28,43,0,0.44887897123823045,0.2877068598823518,success
2159,2000,8,4,0.0,4.0,0.01,0.9600000000000004,9.399999999999999,4,428,26,46,0,0.458190628393417,0.2999924188123773,success
2178,2000,8,4,0.0,4.0,0.01,0.9700000000000004,3.999999999999999,4,453,21,26,0,0.7776348924639946,0.2605944551080455,success
2179,2000,8,4,0.0,4.0,0.01,0.9700000000000004,4.199999999999999,4,448,26,26,0,0.7729196350991684,0.2530191783545966,success
2180,2000,8,4,0.0,4.0,0.01,0.9700000000000004,4.3999999999999995,4,447,25,28,0,0.7658743913926708,0.2574904560203842,success
2181,2000,8,4,0.0,4.0,0.01,0.9700000000000004,4.6,4,447,24,29,0,0.7567374698507233,0.25898179949444,success
2160,2000,8,4,0.0,4.0,0.01,0.9600000000000004,9.599999999999998,4,428,27,45,0,0.44598557989260823,0.29375729427140684,success
2161,2000,8,4,0.0,4.0,0.01,0.9600000000000004,9.799999999999997,4,427,24,49,0,0.46062698574790056,0.3029452547265364,success
2182,2000,8,4,0.0,4.0,0.01,0.9700000000000004,4.799999999999999,4,444,27,29,0,0.7272154067194484,0.2591815189298683,success
2162,2000,8,4,0.0,4.0,0.01,0.9600000000000004,9.999999999999998,4,426,23,51,0,0.4558788228396735,0.30368967405166614,success
2183,2000,8,4,0.0,4.0,0.01,0.9700000000000004,4.999999999999999,4,439,30,31,0,0.7233201620309392,0.25810779862857486,success
2184,2000,8,4,0.0,4.0,0.01,0.9700000000000004,5.199999999999999,4,440,30,30,0,0.7096725546931314,0.26240573192569244,success
2185,2000,8,4,0.0,4.0,0.01,0.9700000000000004,5.399999999999999,4,440,32,28,0,0.68250411692564,0.2627632840560304,success
2186,2000,8,4,0.0,4.0,0.01,0.9700000000000004,5.599999999999999,4,440,31,29,0,0.687609411651792,0.2654604459781635,success
2187,2000,8,4,0.0,4.0,0.01,0.9700000000000004,5.799999999999999,4,440,30,30,0,0.6691513195522824,0.2530908234912402,success
2188,2000,8,4,0.0,4.0,0.01,0.9700000000000004,5.999999999999999,4,439,31,30,0,0.6649359611038338,0.25027535957974356,success
2189,2000,8,4,0.0,4.0,0.01,0.9700000000000004,6.199999999999999,4,438,33,29,0,0.6161772210640428,0.2631941125659041,success
2190,2000,8,4,0.0,4.0,0.01,0.9700000000000004,6.399999999999999,4,437,33,30,0,0.5707822410469124,0.25978694198007224,success
2209,2000,8,4,0.0,4.0,0.01,0.9800000000000004,1.0,4,487,13,0,0,,,success
2210,2000,8,4,0.0,4.0,0.01,0.9800000000000004,1.2,4,469,16,15,0,1.0,0.0,success
2211,2000,8,4,0.0,4.0,0.01,0.9800000000000004,1.4,4,457,25,18,0,1.0,0.0,success
2212,2000,8,4,0.0,4.0,0.01,0.9800000000000004,1.5999999999999999,4,448,22,30,0,1.0,0.0,success
2213,2000,8,4,0.0,4.0,0.01,0.9800000000000004,1.7999999999999998,4,448,22,30,0,0.970600398610959,0.11295173933187579,success
2214,2000,8,4,0.0,4.0,0.01,0.9800000000000004,1.9999999999999998,4,469,19,12,0,0.8956239757205364,0.24437912383113047,success
2191,2000,8,4,0.0,4.0,0.01,0.9700000000000004,6.599999999999999,4,436,30,34,0,0.5898877895561049,0.2917634681343938,success
2215,2000,8,4,0.0,4.0,0.01,0.9800000000000004,2.1999999999999997,4,462,20,18,0,0.9050211924006665,0.2339447918780741,success
2216,2000,8,4,0.0,4.0,0.01,0.9800000000000004,2.3999999999999995,4,460,18,22,0,0.9222900665096362,0.21380186681030897,success
2217,2000,8,4,0.0,4.0,0.01,0.9800000000000004,2.5999999999999996,4,463,17,20,0,0.9005005100423901,0.22843876128283158,success
2218,2000,8,4,0.0,4.0,0.01,0.9800000000000004,2.8,4,461,19,20,0,0.8612068683786616,0.24590404303344116,success
2219,2000,8,4,0.0,4.0,0.01,0.9800000000000004,2.9999999999999996,4,460,21,19,0,0.8288340965540796,0.23763755220661267,success
2192,2000,8,4,0.0,4.0,0.01,0.9700000000000004,6.799999999999999,4,435,29,36,0,0.5721538306661688,0.2997027062888068,success
2220,2000,8,4,0.0,4.0,0.01,0.9800000000000004,3.1999999999999993,4,458,21,21,0,0.829857465534789,0.24032428361927366,success
2221,2000,8,4,0.0,4.0,0.01,0.9800000000000004,3.3999999999999995,4,456,19,25,0,0.857785833883961,0.221535603662699,success
2193,2000,8,4,0.0,4.0,0.01,0.9700000000000004,6.999999999999998,4,434,29,37,0,0.5499403077912592,0.30306004825314664,success
2198,2000,8,4,0.0,4.0,0.01,0.9700000000000004,7.999999999999998,4,431,29,40,0,0.48203621275991504,0.29922702368786563,success
2195,2000,8,4,0.0,4.0,0.01,0.9700000000000004,7.399999999999999,4,432,30,38,0,0.505664451384549,0.3124145811870594,success
2199,2000,8,4,0.0,4.0,0.01,0.9700000000000004,8.2,4,431,28,41,0,0.494404004950434,0.30631125822150174,success
2200,2000,8,4,0.0,4.0,0.01,0.9700000000000004,8.399999999999999,4,430,29,41,0,0.46927611085742493,0.3038381428291115,success
2194,2000,8,4,0.0,4.0,0.01,0.9700000000000004,7.199999999999998,4,433,29,38,0,0.5355849703870866,0.3127045039494018,success
2196,2000,8,4,0.0,4.0,0.01,0.9700000000000004,7.599999999999999,4,431,29,40,0,0.49727950740654236,0.315235892623057,success
2197,2000,8,4,0.0,4.0,0.01,0.9700000000000004,7.799999999999999,4,431,30,39,0,0.47663482981152483,0.30085072637715077,success
2201,2000,8,4,0.0,4.0,0.01,0.9700000000000004,8.599999999999998,4,430,27,43,0,0.4796216192392088,0.2979413603247797,success
2203,2000,8,4,0.0,4.0,0.01,0.9700000000000004,8.999999999999998,4,429,26,45,0,0.4696317986930457,0.2979992879776255,success
2202,2000,8,4,0.0,4.0,0.01,0.9700000000000004,8.799999999999997,4,430,27,43,0,0.47523327188223513,0.2921769625611478,success
2222,2000,8,4,0.0,4.0,0.01,0.9800000000000004,3.5999999999999996,4,455,19,26,0,0.851868229525651,0.22188323272065194,success
2204,2000,8,4,0.0,4.0,0.01,0.9700000000000004,9.199999999999998,4,429,27,44,0,0.4580638330152889,0.2911069032460513,success
2205,2000,8,4,0.0,4.0,0.01,0.9700000000000004,9.399999999999999,4,428,26,46,0,0.4575544648004297,0.29957089006270377,success
2206,2000,8,4,0.0,4.0,0.01,0.9700000000000004,9.599999999999998,4,428,27,45,0,0.4451144049307233,0.2930737733470858,success
2223,2000,8,4,0.0,4.0,0.01,0.9800000000000004,3.7999999999999994,4,453,21,26,0,0.7935681608872487,0.24270713014795192,success
2224,2000,8,4,0.0,4.0,0.01,0.9800000000000004,3.999999999999999,4,453,22,25,0,0.7797421103487947,0.2657419261973106,success
2207,2000,8,4,0.0,4.0,0.01,0.9700000000000004,9.799999999999997,4,427,24,49,0,0.4598178290130802,0.3023685058950733,success
2225,2000,8,4,0.0,4.0,0.01,0.9800000000000004,4.199999999999999,4,448,27,25,0,0.7748382426893755,0.2580435145454718,success
2228,2000,8,4,0.0,4.0,0.01,0.9800000000000004,4.799999999999999,4,445,27,28,0,0.7229520932312329,0.26110605788097513,success
2226,2000,8,4,0.0,4.0,0.01,0.9800000000000004,4.3999999999999995,4,447,26,27,0,0.7666554578470856,0.26236167303562147,success
2227,2000,8,4,0.0,4.0,0.01,0.9800000000000004,4.6,4,448,24,28,0,0.7535023842294348,0.2613802141261626,success
2208,2000,8,4,0.0,4.0,0.01,0.9700000000000004,9.999999999999998,4,426,23,51,0,0.455096371283321,0.3031197542360656,success
2229,2000,8,4,0.0,4.0,0.01,0.9800000000000004,4.999999999999999,4,439,31,30,0,0.722139486644707,0.26273332894049906,success
2230,2000,8,4,0.0,4.0,0.01,0.9800000000000004,5.199999999999999,4,440,30,30,0,0.7178161240735594,0.2677856893118955,success
2231,2000,8,4,0.0,4.0,0.01,0.9800000000000004,5.399999999999999,4,440,33,27,0,0.6794704944779143,0.2674559440078433,success
2232,2000,8,4,0.0,4.0,0.01,0.9800000000000004,5.599999999999999,4,440,31,29,0,0.6891962066856089,0.26562063488903875,success
2233,2000,8,4,0.0,4.0,0.01,0.9800000000000004,5.799999999999999,4,440,30,30,0,0.6706202316349033,0.25335274383025863,success
2234,2000,8,4,0.0,4.0,0.01,0.9800000000000004,5.999999999999999,4,439,31,30,0,0.6664555372036268,0.25058322539035516,success
2235,2000,8,4,0.0,4.0,0.01,0.9800000000000004,6.199999999999999,4,438,33,29,0,0.6177153611376321,0.2638250638509445,success
2255,2000,8,4,0.0,4.0,0.01,0.9900000000000004,1.0,4,487,13,0,0,,,success
2257,2000,8,4,0.0,4.0,0.01,0.9900000000000004,1.4,4,457,25,18,0,1.0,0.0,success
2256,2000,8,4,0.0,4.0,0.01,0.9900000000000004,1.2,4,469,16,15,0,1.0,0.0,success
2259,2000,8,4,0.0,4.0,0.01,0.9900000000000004,1.7999999999999998,4,448,22,30,0,0.970600398610959,0.11295173933187579,success
2258,2000,8,4,0.0,4.0,0.01,0.9900000000000004,1.5999999999999999,4,448,22,30,0,1.0,0.0,success
2260,2000,8,4,0.0,4.0,0.01,0.9900000000000004,1.9999999999999998,4,469,19,12,0,0.8956239757205364,0.24437912383113047,success
2261,2000,8,4,0.0,4.0,0.01,0.9900000000000004,2.1999999999999997,4,463,20,17,0,0.8994342037183527,0.23990378235096327,success
2262,2000,8,4,0.0,4.0,0.01,0.9900000000000004,2.3999999999999995,4,461,18,21,0,0.9185895934862855,0.218358604823285,success
2263,2000,8,4,0.0,4.0,0.01,0.9900000000000004,2.5999999999999996,4,463,17,20,0,0.9005005100423901,0.22843876128283158,success
2236,2000,8,4,0.0,4.0,0.01,0.9800000000000004,6.399999999999999,4,437,33,30,0,0.5723284058435387,0.26069681022043706,success
2264,2000,8,4,0.0,4.0,0.01,0.9900000000000004,2.8,4,461,19,20,0,0.8612068683786616,0.24590404303344116,success
2265,2000,8,4,0.0,4.0,0.01,0.9900000000000004,2.9999999999999996,4,460,21,19,0,0.8288340965540796,0.23763755220661267,success
2237,2000,8,4,0.0,4.0,0.01,0.9800000000000004,6.599999999999999,4,436,30,34,0,0.5915924830374034,0.2925371002172141,success
2238,2000,8,4,0.0,4.0,0.01,0.9800000000000004,6.799999999999999,4,435,29,36,0,0.573796522702226,0.3005325152431177,success
2240,2000,8,4,0.0,4.0,0.01,0.9800000000000004,7.199999999999998,4,433,29,38,0,0.5372139615388167,0.3137012682317931,success
2244,2000,8,4,0.0,4.0,0.01,0.9800000000000004,7.999999999999998,4,431,29,40,0,0.482938359683839,0.29996883758848836,success
2266,2000,8,4,0.0,4.0,0.01,0.9900000000000004,3.1999999999999993,4,458,21,21,0,0.829857465534789,0.24032428361927366,success
2245,2000,8,4,0.0,4.0,0.01,0.9800000000000004,8.2,4,431,28,41,0,0.4952615772841993,0.306955779343114,success
2239,2000,8,4,0.0,4.0,0.01,0.9800000000000004,6.999999999999998,4,434,29,37,0,0.5516117629220539,0.30403616810546585,success
2243,2000,8,4,0.0,4.0,0.01,0.9800000000000004,7.799999999999999,4,431,30,39,0,0.47670171518030824,0.30072118705351947,success
2242,2000,8,4,0.0,4.0,0.01,0.9800000000000004,7.599999999999999,4,431,29,40,0,0.49889182909168356,0.3164284811467955,success
2241,2000,8,4,0.0,4.0,0.01,0.9800000000000004,7.399999999999999,4,432,30,38,0,0.5073275152429432,0.3136058816894069,success
2246,2000,8,4,0.0,4.0,0.01,0.9800000000000004,8.399999999999999,4,430,29,41,0,0.46927381456740386,0.30404337843236057,success
2247,2000,8,4,0.0,4.0,0.01,0.9800000000000004,8.599999999999998,4,430,27,43,0,0.47962885184656706,0.2981590637559463,success
2248,2000,8,4,0.0,4.0,0.01,0.9800000000000004,8.799999999999997,4,430,27,43,0,0.4753623019811364,0.2925415198885412,success
2249,2000,8,4,0.0,4.0,0.01,0.9800000000000004,8.999999999999998,4,429,26,45,0,0.47054964537501615,0.2989647845341289,success
2250,2000,8,4,0.0,4.0,0.01,0.9800000000000004,9.199999999999998,4,429,27,44,0,0.4590061515958737,0.29215033172713795,success
2267,2000,8,4,0.0,4.0,0.01,0.9900000000000004,3.3999999999999995,4,456,19,25,0,0.8565429888547692,0.2232700720807309,success
2251,2000,8,4,0.0,4.0,0.01,0.9800000000000004,9.399999999999999,4,428,26,46,0,0.45852222993139735,0.3005865944149087,success
2268,2000,8,4,0.0,4.0,0.01,0.9900000000000004,3.5999999999999996,4,455,19,26,0,0.8506731862283513,0.22351322194281426,success
2252,2000,8,4,0.0,4.0,0.01,0.9800000000000004,9.599999999999998,4,428,27,45,0,0.4461505994990293,0.29423891022562676,success
2269,2000,8,4,0.0,4.0,0.01,0.9900000000000004,3.7999999999999994,4,453,21,26,0,0.7926420472421719,0.24374256909462982,success
2253,2000,8,4,0.0,4.0,0.01,0.9800000000000004,9.799999999999997,4,427,24,49,0,0.4606181386173283,0.3032745439482362,success
2270,2000,8,4,0.0,4.0,0.01,0.9900000000000004,3.999999999999999,4,453,22,25,0,0.7797421103487947,0.2657419261973106,success
2271,2000,8,4,0.0,4.0,0.01,0.9900000000000004,4.199999999999999,4,448,27,25,0,0.7727221370841676,0.25925067694224785,success
2272,2000,8,4,0.0,4.0,0.01,0.9900000000000004,4.3999999999999995,4,447,26,27,0,0.7661661885152576,0.2626617083597392,success
2254,2000,8,4,0.0,4.0,0.01,0.9800000000000004,9.999999999999998,4,426,23,51,0,0.456048816631811,0.30414679536717326,success
2273,2000,8,4,0.0,4.0,0.01,0.9900000000000004,4.6,4,448,24,28,0,0.7535023842294348,0.2613802141261626,success
2274,2000,8,4,0.0,4.0,0.01,0.9900000000000004,4.799999999999999,4,445,27,28,0,0.7218583630792382,0.2621366630487873,success
2275,2000,8,4,0.0,4.0,0.01,0.9900000000000004,4.999999999999999,4,439,31,30,0,0.7211186718361787,0.2636839574644868,success
2276,2000,8,4,0.0,4.0,0.01,0.9900000000000004,5.199999999999999,4,440,30,30,0,0.7167953092650311,0.26870145443226195,success
2277,2000,8,4,0.0,4.0,0.01,0.9900000000000004,5.399999999999999,4,440,33,27,0,0.6789927595404601,0.2678545264409502,success
2278,2000,8,4,0.0,4.0,0.01,0.9900000000000004,5.599999999999999,4,440,31,29,0,0.6880665473511819,0.2665994851849064,success
2279,2000,8,4,0.0,4.0,0.01,0.9900000000000004,5.799999999999999,4,440,30,30,0,0.6699085770793448,0.2539494282542031,success
2301,2000,8,4,0.0,4.0,0.01,1.0000000000000004,1.0,4,487,13,0,0,,,success
2302,2000,8,4,0.0,4.0,0.01,1.0000000000000004,1.2,4,470,15,15,0,1.0,0.0,success
2303,2000,8,4,0.0,4.0,0.01,1.0000000000000004,1.4,4,457,24,19,0,1.0,0.0,success
2304,2000,8,4,0.0,4.0,0.01,1.0000000000000004,1.5999999999999999,4,447,21,32,0,1.0,0.0,success
2305,2000,8,4,0.0,4.0,0.01,1.0000000000000004,1.7999999999999998,4,448,21,31,0,0.9521545291764294,0.13152036590047228,success
2306,2000,8,4,0.0,4.0,0.01,1.0000000000000004,1.9999999999999998,4,471,18,11,0,0.8861352462405852,0.253977945402,success
2307,2000,8,4,0.0,4.0,0.01,1.0000000000000004,2.1999999999999997,4,465,19,16,0,0.8931488414507498,0.24632169003664725,success
2308,2000,8,4,0.0,4.0,0.01,1.0000000000000004,2.3999999999999995,4,463,17,20,0,0.9145190731605999,0.2232122625621614,success
2309,2000,8,4,0.0,4.0,0.01,1.0000000000000004,2.5999999999999996,4,465,16,19,0,0.8952636947814633,0.2334618546671153,success
2310,2000,8,4,0.0,4.0,0.01,1.0000000000000004,2.8,4,463,19,18,0,0.8457854093096239,0.2550777640661092,success
2280,2000,8,4,0.0,4.0,0.01,0.9900000000000004,5.999999999999999,4,439,31,30,0,0.66573950919867,0.25117298044687536,success
2311,2000,8,4,0.0,4.0,0.01,1.0000000000000004,2.9999999999999996,4,461,21,18,0,0.8530696051034075,0.21903690728613517,success
2281,2000,8,4,0.0,4.0,0.01,0.9900000000000004,6.199999999999999,4,438,33,29,0,0.6171457864654231,0.2641563271591434,success
2285,2000,8,4,0.0,4.0,0.01,0.9900000000000004,6.999999999999998,4,434,29,37,0,0.5511437786747226,0.3041922574551607,success
2286,2000,8,4,0.0,4.0,0.01,0.9900000000000004,7.199999999999998,4,433,29,38,0,0.536691366576315,0.3138492816270799,success
2282,2000,8,4,0.0,4.0,0.01,0.9900000000000004,6.399999999999999,4,437,33,30,0,0.571804109619455,0.26092176223679014,success
2293,2000,8,4,0.0,4.0,0.01,0.9900000000000004,8.599999999999998,4,430,27,43,0,0.4792157600349047,0.298184996367568,success
2288,2000,8,4,0.0,4.0,0.01,0.9900000000000004,7.599999999999999,4,431,29,40,0,0.49840727781711536,0.3164509911925153,success
2292,2000,8,4,0.0,4.0,0.01,0.9900000000000004,8.399999999999999,4,430,29,41,0,0.4687920209960019,0.30401191310811887,success
2287,2000,8,4,0.0,4.0,0.01,0.9900000000000004,7.399999999999999,4,432,30,38,0,0.506803050371901,0.31370120703335747,success
2291,2000,8,4,0.0,4.0,0.01,0.9900000000000004,8.2,4,431,28,41,0,0.49479226326402936,0.30697083061356045,success
2289,2000,8,4,0.0,4.0,0.01,0.9900000000000004,7.799999999999999,4,431,30,39,0,0.4762065921831163,0.30070974825288693,success
2290,2000,8,4,0.0,4.0,0.01,0.9900000000000004,7.999999999999998,4,431,29,40,0,0.4824505830265305,0.2999651657753129,success
2294,2000,8,4,0.0,4.0,0.01,0.9900000000000004,8.799999999999997,4,430,27,43,0,0.4749456452479071,0.2925600133238638,success
2283,2000,8,4,0.0,4.0,0.01,0.9900000000000004,6.599999999999999,4,436,30,34,0,0.5910866512010609,0.29278787806326817,success
2284,2000,8,4,0.0,4.0,0.01,0.9900000000000004,6.799999999999999,4,435,29,36,0,0.5733178575957306,0.3007330158093414,success
2295,2000,8,4,0.0,4.0,0.01,0.9900000000000004,8.999999999999998,4,429,26,45,0,0.4700093908061478,0.2988721318383141,success
2296,2000,8,4,0.0,4.0,0.01,0.9900000000000004,9.199999999999998,4,429,27,44,0,0.4585399776960528,0.2920955737911181,success
2297,2000,8,4,0.0,4.0,0.01,0.9900000000000004,9.399999999999999,4,428,26,46,0,0.458083411751551,0.30053766071452326,success
2312,2000,8,4,0.0,4.0,0.01,1.0000000000000004,3.1999999999999993,4,459,21,20,0,0.8517205916782198,0.22411895177404603,success
2313,2000,8,4,0.0,4.0,0.01,1.0000000000000004,3.3999999999999995,4,457,19,24,0,0.8758741574459608,0.2055926908937856,success
2298,2000,8,4,0.0,4.0,0.01,0.9900000000000004,9.599999999999998,4,428,27,45,0,0.4457621656177244,0.29421743853361787,success
2314,2000,8,4,0.0,4.0,0.01,1.0000000000000004,3.5999999999999996,4,456,19,25,0,0.8683758045884555,0.20827161334106767,success
2299,2000,8,4,0.0,4.0,0.01,0.9900000000000004,9.799999999999997,4,427,24,49,0,0.4602122054285902,0.30325734395499554,success
2315,2000,8,4,0.0,4.0,0.01,1.0000000000000004,3.7999999999999994,4,454,21,25,0,0.808023420042829,0.23516607537984058,success
2300,2000,8,4,0.0,4.0,0.01,0.9900000000000004,9.999999999999998,4,426,23,51,0,0.45566102158950633,0.30412708148847234,success
2316,2000,8,4,0.0,4.0,0.01,1.0000000000000004,3.999999999999999,4,455,22,23,0,0.7893915799964162,0.256209779309849,success
2317,2000,8,4,0.0,4.0,0.01,1.0000000000000004,4.199999999999999,4,450,27,23,0,0.7810457284474019,0.2499454680171189,success
2318,2000,8,4,0.0,4.0,0.01,1.0000000000000004,4.3999999999999995,4,449,26,25,0,0.7737243679773406,0.2539853572658389,success
2319,2000,8,4,0.0,4.0,0.01,1.0000000000000004,4.6,4,449,24,27,0,0.7680521417417475,0.2533973105234529,success
2320,2000,8,4,0.0,4.0,0.01,1.0000000000000004,4.799999999999999,4,446,27,27,0,0.7360587800473626,0.25491992639442734,success
2321,2000,8,4,0.0,4.0,0.01,1.0000000000000004,4.999999999999999,4,440,31,29,0,0.7343270448456558,0.2571550544765279,success
2322,2000,8,4,0.0,4.0,0.01,1.0000000000000004,5.199999999999999,4,441,30,29,0,0.7299310836819977,0.2626580780041514,success
2323,2000,8,4,0.0,4.0,0.01,1.0000000000000004,5.399999999999999,4,441,33,26,0,0.6921926807009829,0.26314107979497414,success
2324,2000,8,4,0.0,4.0,0.01,1.0000000000000004,5.599999999999999,4,441,31,28,0,0.7009580504624647,0.26147122743919265,success
2325,2000,8,4,0.0,4.0,0.01,1.0000000000000004,5.799999999999999,4,441,29,30,0,0.6894761573825677,0.2484987567343718,success
2331,2000,8,4,0.0,4.0,0.01,1.0000000000000004,6.999999999999998,4,435,29,36,0,0.5543417230819052,0.3033305304276044,success
2332,2000,8,4,0.0,4.0,0.01,1.0000000000000004,7.199999999999998,4,434,29,37,0,0.5381246559265377,0.311843253096911,success
2330,2000,8,4,0.0,4.0,0.01,1.0000000000000004,6.799999999999999,4,436,29,35,0,0.5787822497799073,0.30036545246158514,success
2329,2000,8,4,0.0,4.0,0.01,1.0000000000000004,6.599999999999999,4,437,30,33,0,0.5990043967514994,0.2929115309864566,success
2333,2000,8,4,0.0,4.0,0.01,1.0000000000000004,7.399999999999999,4,433,30,37,0,0.5078748294355525,0.31211925155727027,success
2328,2000,8,4,0.0,4.0,0.01,1.0000000000000004,6.399999999999999,4,438,33,29,0,0.5801677840150025,0.26053687618378824,success
2327,2000,8,4,0.0,4.0,0.01,1.0000000000000004,6.199999999999999,4,439,33,28,0,0.6274275091195962,0.2621222353474521,success
2334,2000,8,4,0.0,4.0,0.01,1.0000000000000004,7.599999999999999,4,432,29,39,0,0.49775461900569073,0.3134877125163496,success
2326,2000,8,4,0.0,4.0,0.01,1.0000000000000004,5.999999999999999,4,440,31,29,0,0.6751218129871771,0.2445886751216646,success
2336,2000,8,4,0.0,4.0,0.01,1.0000000000000004,7.999999999999998,4,432,29,39,0,0.4853228521605956,0.3015043110451665,success
2335,2000,8,4,0.0,4.0,0.01,1.0000000000000004,7.799999999999999,4,432,30,38,0,0.4791638090095594,0.3024799591173985,success
2338,2000,8,4,0.0,4.0,0.01,1.0000000000000004,8.399999999999999,4,431,29,40,0,0.47124139287128514,0.30569369646578176,success
2337,2000,8,4,0.0,4.0,0.01,1.0000000000000004,8.2,4,432,28,40,0,0.4978846617100953,0.30846541426064095,success
2339,2000,8,4,0.0,4.0,0.01,1.0000000000000004,8.599999999999998,4,431,27,42,0,0.4817772164678068,0.2995640099999007,success
2340,2000,8,4,0.0,4.0,0.01,1.0000000000000004,8.799999999999997,4,431,27,42,0,0.4774085533553506,0.29387389475013226,success
2341,2000,8,4,0.0,4.0,0.01,1.0000000000000004,8.999999999999998,4,430,26,44,0,0.47208290035018463,0.30025685076832226,success
2342,2000,8,4,0.0,4.0,0.01,1.0000000000000004,9.199999999999998,4,430,27,43,0,0.46037387951409026,0.29344098316047307,success
2343,2000,8,4,0.0,4.0,0.01,1.0000000000000004,9.399999999999999,4,429,26,45,0,0.4597384069616378,0.3018950436578817,success
2345,2000,8,4,0.0,4.0,0.01,1.0000000000000004,9.799999999999997,4,428,24,48,0,0.4618768157136373,0.30462758171396287,success
2344,2000,8,4,0.0,4.0,0.01,1.0000000000000004,9.599999999999998,4,429,27,44,0,0.4472616997870908,0.29564462981447437,success
2346,2000,8,4,0.0,4.0,0.01,1.0000000000000004,9.999999999999998,4,427,23,50,0,0.4576987427146413,0.3059344209598329,success
