combination_id,n,k,p,q,thrshld,p1,p2,beta,seeds,case_A_count,case_B_count,case_C_count,case_Invalid_count,delta_star_mean,delta_star_std,status
1,2000,8,4,0.0,2.0,0.01,0.5,3.0,2,497,0,3,0,0.36155600450012354,0.06196174563155192,success
2,2000,8,4,0.0,2.0,0.01,0.51,3.0,2,498,0,2,0,0.3630007115459763,0.08232791622234388,success
3,2000,8,4,0.0,2.0,0.01,0.52,3.0,2,498,0,2,0,0.3628563865907438,0.08253202253142258,success
5,2000,8,4,0.0,2.0,0.01,0.54,3.0,2,498,0,2,0,0.3562833805298009,0.07406925756804444,success
4,2000,8,4,0.0,2.0,0.01,0.53,3.0,2,498,0,2,0,0.3573202684596491,0.07470276918752887,success
6,2000,8,4,0.0,2.0,0.01,0.55,3.0,2,498,0,2,0,0.3562029084657409,0.07395549390588953,success
7,2000,8,4,0.0,2.0,0.01,0.56,3.0,2,498,0,2,0,0.3421699718630421,0.054109924642431015,success
8,2000,8,4,0.0,2.0,0.01,0.5700000000000001,3.0,2,498,0,2,0,0.3421699718630421,0.054109924642431015,success
9,2000,8,4,0.0,2.0,0.01,0.5800000000000001,3.0,2,498,0,2,0,0.3421699718630421,0.054109924642431015,success
10,2000,8,4,0.0,2.0,0.01,0.5900000000000001,3.0,2,499,0,1,0,0.380421737519023,,success
11,2000,8,4,0.0,2.0,0.01,0.6000000000000001,3.0,2,499,0,1,0,0.380421737519023,,success
12,2000,8,4,0.0,2.0,0.01,0.6100000000000001,3.0,2,499,0,1,0,0.380421737519023,,success
14,2000,8,4,0.0,2.0,0.01,0.6300000000000001,3.0,2,499,0,1,0,0.3804217375189477,,success
13,2000,8,4,0.0,2.0,0.01,0.6200000000000001,3.0,2,499,0,1,0,0.380421737519023,,success
15,2000,8,4,0.0,2.0,0.01,0.6400000000000001,3.0,2,499,0,1,0,0.37757615175807113,,success
16,2000,8,4,0.0,2.0,0.01,0.6500000000000001,3.0,2,499,0,1,0,0.37757615175807113,,success
17,2000,8,4,0.0,2.0,0.01,0.6600000000000001,3.0,2,499,0,1,0,0.37757615173210446,,success
18,2000,8,4,0.0,2.0,0.01,0.6700000000000002,3.0,2,499,0,1,0,0.3775761517320682,,success
19,2000,8,4,0.0,2.0,0.01,0.6800000000000002,3.0,2,499,0,1,0,0.37757382982448595,,success
20,2000,8,4,0.0,2.0,0.01,0.6900000000000002,3.0,2,499,0,1,0,0.37757382962358466,,success
21,2000,8,4,0.0,2.0,0.01,0.7000000000000002,3.0,2,499,0,1,0,0.3775252032634988,,success
22,2000,8,4,0.0,2.0,0.01,0.7100000000000002,3.0,2,499,0,1,0,0.347183182395796,,success
23,2000,8,4,0.0,2.0,0.01,0.7200000000000002,3.0,2,499,0,1,0,0.34718318239577384,,success
24,2000,8,4,0.0,2.0,0.01,0.7300000000000002,3.0,2,500,0,0,0,,,success
25,2000,8,4,0.0,2.0,0.01,0.7400000000000002,3.0,2,500,0,0,0,,,success
26,2000,8,4,0.0,2.0,0.01,0.7500000000000002,3.0,2,500,0,0,0,,,success
27,2000,8,4,0.0,2.0,0.01,0.7600000000000002,3.0,2,500,0,0,0,,,success
28,2000,8,4,0.0,2.0,0.01,0.7700000000000002,3.0,2,500,0,0,0,,,success
29,2000,8,4,0.0,2.0,0.01,0.7800000000000002,3.0,2,500,0,0,0,,,success
31,2000,8,4,0.0,2.0,0.01,0.8000000000000003,3.0,2,500,0,0,0,,,success
32,2000,8,4,0.0,2.0,0.01,0.8100000000000003,3.0,2,500,0,0,0,,,success
30,2000,8,4,0.0,2.0,0.01,0.7900000000000003,3.0,2,500,0,0,0,,,success
52,2000,8,4,0.0,2.1,0.01,0.5,3.0,3,498,0,2,0,0.2147304113065352,0.06644474623220259,success
53,2000,8,4,0.0,2.1,0.01,0.51,3.0,3,498,0,2,0,0.2147304113065352,0.06644474623220259,success
54,2000,8,4,0.0,2.1,0.01,0.52,3.0,3,498,0,2,0,0.21473039476726896,0.06644476962225722,success
55,2000,8,4,0.0,2.1,0.01,0.53,3.0,3,498,0,2,0,0.19062486087246194,0.0323543966600427,success
56,2000,8,4,0.0,2.1,0.01,0.54,3.0,3,498,0,2,0,0.1906248608384853,0.03235439670788517,success
57,2000,8,4,0.0,2.1,0.01,0.55,3.0,3,498,0,2,0,0.1906248608384853,0.03235439670788517,success
41,2000,8,4,0.0,2.0,0.01,0.9000000000000004,3.0,2,500,0,0,0,,,success
40,2000,8,4,0.0,2.0,0.01,0.8900000000000003,3.0,2,500,0,0,0,,,success
39,2000,8,4,0.0,2.0,0.01,0.8800000000000003,3.0,2,500,0,0,0,,,success
38,2000,8,4,0.0,2.0,0.01,0.8700000000000003,3.0,2,500,0,0,0,,,success
58,2000,8,4,0.0,2.1,0.01,0.56,3.0,3,498,0,2,0,0.19054664534051843,0.03246501012589764,success
42,2000,8,4,0.0,2.0,0.01,0.9100000000000004,3.0,2,500,0,0,0,,,success
43,2000,8,4,0.0,2.0,0.01,0.9200000000000004,3.0,2,500,0,0,0,,,success
37,2000,8,4,0.0,2.0,0.01,0.8600000000000003,3.0,2,500,0,0,0,,,success
45,2000,8,4,0.0,2.0,0.01,0.9400000000000004,3.0,2,500,0,0,0,,,success
59,2000,8,4,0.0,2.1,0.01,0.5700000000000001,3.0,3,498,0,2,0,0.1905462593637357,0.03246446427229676,success
44,2000,8,4,0.0,2.0,0.01,0.9300000000000004,3.0,2,500,0,0,0,,,success
46,2000,8,4,0.0,2.0,0.01,0.9500000000000004,3.0,2,500,0,0,0,,,success
36,2000,8,4,0.0,2.0,0.01,0.8500000000000003,3.0,2,500,0,0,0,,,success
47,2000,8,4,0.0,2.0,0.01,0.9600000000000004,3.0,2,500,0,0,0,,,success
48,2000,8,4,0.0,2.0,0.01,0.9700000000000004,3.0,2,500,0,0,0,,,success
35,2000,8,4,0.0,2.0,0.01,0.8400000000000003,3.0,2,500,0,0,0,,,success
34,2000,8,4,0.0,2.0,0.01,0.8300000000000003,3.0,2,500,0,0,0,,,success
60,2000,8,4,0.0,2.1,0.01,0.5800000000000001,3.0,3,498,0,2,0,0.1877588768740499,0.028522510151861823,success
33,2000,8,4,0.0,2.0,0.01,0.8200000000000003,3.0,2,500,0,0,0,,,success
49,2000,8,4,0.0,2.0,0.01,0.9800000000000004,3.0,2,500,0,0,0,,,success
61,2000,8,4,0.0,2.1,0.01,0.5900000000000001,3.0,3,498,0,2,0,0.18751008785475715,0.028170669346626907,success
62,2000,8,4,0.0,2.1,0.01,0.6000000000000001,3.0,3,498,0,2,0,0.18751003844142072,0.028170599465616376,success
50,2000,8,4,0.0,2.0,0.01,0.9900000000000004,3.0,2,500,0,0,0,,,success
63,2000,8,4,0.0,2.1,0.01,0.6100000000000001,3.0,3,499,0,1,0,0.16759041652913806,,success
64,2000,8,4,0.0,2.1,0.01,0.6200000000000001,3.0,3,499,0,1,0,0.16759041652913806,,success
51,2000,8,4,0.0,2.0,0.01,1.0000000000000004,3.0,2,500,0,0,0,,,success
65,2000,8,4,0.0,2.1,0.01,0.6300000000000001,3.0,3,499,0,1,0,0.16749411745437853,,success
66,2000,8,4,0.0,2.1,0.01,0.6400000000000001,3.0,3,499,0,1,0,0.16749411745437853,,success
67,2000,8,4,0.0,2.1,0.01,0.6500000000000001,3.0,3,500,0,0,0,,,success
68,2000,8,4,0.0,2.1,0.01,0.6600000000000001,3.0,3,500,0,0,0,,,success
69,2000,8,4,0.0,2.1,0.01,0.6700000000000002,3.0,3,500,0,0,0,,,success
70,2000,8,4,0.0,2.1,0.01,0.6800000000000002,3.0,3,500,0,0,0,,,success
71,2000,8,4,0.0,2.1,0.01,0.6900000000000002,3.0,3,500,0,0,0,,,success
72,2000,8,4,0.0,2.1,0.01,0.7000000000000002,3.0,3,500,0,0,0,,,success
73,2000,8,4,0.0,2.1,0.01,0.7100000000000002,3.0,3,500,0,0,0,,,success
74,2000,8,4,0.0,2.1,0.01,0.7200000000000002,3.0,3,500,0,0,0,,,success
75,2000,8,4,0.0,2.1,0.01,0.7300000000000002,3.0,3,500,0,0,0,,,success
76,2000,8,4,0.0,2.1,0.01,0.7400000000000002,3.0,3,500,0,0,0,,,success
77,2000,8,4,0.0,2.1,0.01,0.7500000000000002,3.0,3,500,0,0,0,,,success
78,2000,8,4,0.0,2.1,0.01,0.7600000000000002,3.0,3,500,0,0,0,,,success
79,2000,8,4,0.0,2.1,0.01,0.7700000000000002,3.0,3,500,0,0,0,,,success
81,2000,8,4,0.0,2.1,0.01,0.7900000000000003,3.0,3,500,0,0,0,,,success
80,2000,8,4,0.0,2.1,0.01,0.7800000000000002,3.0,3,500,0,0,0,,,success
82,2000,8,4,0.0,2.1,0.01,0.8000000000000003,3.0,3,500,0,0,0,,,success
83,2000,8,4,0.0,2.1,0.01,0.8100000000000003,3.0,3,500,0,0,0,,,success
84,2000,8,4,0.0,2.1,0.01,0.8200000000000003,3.0,3,500,0,0,0,,,success
85,2000,8,4,0.0,2.1,0.01,0.8300000000000003,3.0,3,500,0,0,0,,,success
86,2000,8,4,0.0,2.1,0.01,0.8400000000000003,3.0,3,500,0,0,0,,,success
87,2000,8,4,0.0,2.1,0.01,0.8500000000000003,3.0,3,500,0,0,0,,,success
94,2000,8,4,0.0,2.1,0.01,0.9200000000000004,3.0,3,500,0,0,0,,,success
95,2000,8,4,0.0,2.1,0.01,0.9300000000000004,3.0,3,500,0,0,0,,,success
93,2000,8,4,0.0,2.1,0.01,0.9100000000000004,3.0,3,500,0,0,0,,,success
96,2000,8,4,0.0,2.1,0.01,0.9400000000000004,3.0,3,500,0,0,0,,,success
89,2000,8,4,0.0,2.1,0.01,0.8700000000000003,3.0,3,500,0,0,0,,,success
92,2000,8,4,0.0,2.1,0.01,0.9000000000000004,3.0,3,500,0,0,0,,,success
90,2000,8,4,0.0,2.1,0.01,0.8800000000000003,3.0,3,500,0,0,0,,,success
88,2000,8,4,0.0,2.1,0.01,0.8600000000000003,3.0,3,500,0,0,0,,,success
91,2000,8,4,0.0,2.1,0.01,0.8900000000000003,3.0,3,500,0,0,0,,,success
103,2000,8,4,0.0,2.2,0.01,0.5,3.0,3,496,0,4,0,0.23677736952222175,0.031177728223978983,success
104,2000,8,4,0.0,2.2,0.01,0.51,3.0,3,496,0,4,0,0.23677736952222175,0.031177728223978983,success
105,2000,8,4,0.0,2.2,0.01,0.52,3.0,3,496,0,4,0,0.23677695284533115,0.031178467667373436,success
106,2000,8,4,0.0,2.2,0.01,0.53,3.0,3,496,0,4,0,0.22472722289525673,0.027415145240507643,success
108,2000,8,4,0.0,2.2,0.01,0.55,3.0,3,496,0,4,0,0.22472713228594773,0.027414990640745755,success
107,2000,8,4,0.0,2.2,0.01,0.54,3.0,3,496,0,4,0,0.22472713228594773,0.027414990640745755,success
109,2000,8,4,0.0,2.2,0.01,0.56,3.0,3,496,0,4,0,0.21483919258202086,0.031552994702732165,success
110,2000,8,4,0.0,2.2,0.01,0.5700000000000001,3.0,3,496,0,4,0,0.2147823248330026,0.03161078951670327,success
97,2000,8,4,0.0,2.1,0.01,0.9500000000000004,3.0,3,500,0,0,0,,,success
111,2000,8,4,0.0,2.2,0.01,0.5800000000000001,3.0,3,496,0,4,0,0.21310130380103795,0.032034041602293964,success
98,2000,8,4,0.0,2.1,0.01,0.9600000000000004,3.0,3,500,0,0,0,,,success
99,2000,8,4,0.0,2.1,0.01,0.9700000000000004,3.0,3,500,0,0,0,,,success
100,2000,8,4,0.0,2.1,0.01,0.9800000000000004,3.0,3,500,0,0,0,,,success
112,2000,8,4,0.0,2.2,0.01,0.5900000000000001,3.0,3,496,0,4,0,0.2129574824231551,0.03206761297812972,success
113,2000,8,4,0.0,2.2,0.01,0.6000000000000001,3.0,3,496,0,4,0,0.21295744153456742,0.03206763135767127,success
101,2000,8,4,0.0,2.1,0.01,0.9900000000000004,3.0,3,500,0,0,0,,,success
114,2000,8,4,0.0,2.2,0.01,0.6100000000000001,3.0,3,498,0,2,0,0.19229852154379906,0.0025196042198253085,success
115,2000,8,4,0.0,2.2,0.01,0.6200000000000001,3.0,3,498,0,2,0,0.19229852154379906,0.0025196042198253085,success
102,2000,8,4,0.0,2.1,0.01,1.0000000000000004,3.0,3,500,0,0,0,,,success
116,2000,8,4,0.0,2.2,0.01,0.6300000000000001,3.0,3,498,0,2,0,0.19220170355984473,0.0023826829138354887,success
117,2000,8,4,0.0,2.2,0.01,0.6400000000000001,3.0,3,498,0,2,0,0.19220160219215715,0.002382826269394027,success
118,2000,8,4,0.0,2.2,0.01,0.6500000000000001,3.0,3,499,0,1,0,0.1905166895786792,,success
119,2000,8,4,0.0,2.2,0.01,0.6600000000000001,3.0,3,499,0,1,0,0.19051668956663723,,success
120,2000,8,4,0.0,2.2,0.01,0.6700000000000002,3.0,3,499,0,1,0,0.190470707497857,,success
121,2000,8,4,0.0,2.2,0.01,0.6800000000000002,3.0,3,499,0,1,0,0.18921101797536305,,success
122,2000,8,4,0.0,2.2,0.01,0.6900000000000002,3.0,3,499,0,1,0,0.1892107605354013,,success
123,2000,8,4,0.0,2.2,0.01,0.7000000000000002,3.0,3,499,0,1,0,0.18818112026913641,,success
124,2000,8,4,0.0,2.2,0.01,0.7100000000000002,3.0,3,499,0,1,0,0.18803946913848313,,success
125,2000,8,4,0.0,2.2,0.01,0.7200000000000002,3.0,3,499,0,1,0,0.18803946913848313,,success
126,2000,8,4,0.0,2.2,0.01,0.7300000000000002,3.0,3,499,0,1,0,0.18803946891136478,,success
127,2000,8,4,0.0,2.2,0.01,0.7400000000000002,3.0,3,499,0,1,0,0.18803946891136478,,success
128,2000,8,4,0.0,2.2,0.01,0.7500000000000002,3.0,3,500,0,0,0,,,success
129,2000,8,4,0.0,2.2,0.01,0.7600000000000002,3.0,3,500,0,0,0,,,success
130,2000,8,4,0.0,2.2,0.01,0.7700000000000002,3.0,3,500,0,0,0,,,success
131,2000,8,4,0.0,2.2,0.01,0.7800000000000002,3.0,3,500,0,0,0,,,success
132,2000,8,4,0.0,2.2,0.01,0.7900000000000003,3.0,3,500,0,0,0,,,success
133,2000,8,4,0.0,2.2,0.01,0.8000000000000003,3.0,3,500,0,0,0,,,success
134,2000,8,4,0.0,2.2,0.01,0.8100000000000003,3.0,3,500,0,0,0,,,success
135,2000,8,4,0.0,2.2,0.01,0.8200000000000003,3.0,3,500,0,0,0,,,success
136,2000,8,4,0.0,2.2,0.01,0.8300000000000003,3.0,3,500,0,0,0,,,success
137,2000,8,4,0.0,2.2,0.01,0.8400000000000003,3.0,3,500,0,0,0,,,success
154,2000,8,4,0.0,2.3000000000000003,0.01,0.5,3.0,3,494,0,6,0,0.2408969580375345,0.03643194115330467,success
155,2000,8,4,0.0,2.3000000000000003,0.01,0.51,3.0,3,494,0,6,0,0.23972509291948765,0.0379633349874611,success
156,2000,8,4,0.0,2.3000000000000003,0.01,0.52,3.0,3,494,0,6,0,0.23958091953004199,0.038162410862607535,success
157,2000,8,4,0.0,2.3000000000000003,0.01,0.53,3.0,3,494,0,6,0,0.21714334921706255,0.03525738370773492,success
138,2000,8,4,0.0,2.2,0.01,0.8500000000000003,3.0,3,500,0,0,0,,,success
158,2000,8,4,0.0,2.3000000000000003,0.01,0.54,3.0,3,494,0,6,0,0.21714085156401172,0.035259230724281165,success
159,2000,8,4,0.0,2.3000000000000003,0.01,0.55,3.0,3,494,0,6,0,0.21714082434239212,0.03525917243143152,success
139,2000,8,4,0.0,2.2,0.01,0.8600000000000003,3.0,3,500,0,0,0,,,success
160,2000,8,4,0.0,2.3000000000000003,0.01,0.56,3.0,3,494,0,6,0,0.2105488012426885,0.03599532934086653,success
140,2000,8,4,0.0,2.2,0.01,0.8700000000000003,3.0,3,500,0,0,0,,,success
141,2000,8,4,0.0,2.2,0.01,0.8800000000000003,3.0,3,500,0,0,0,,,success
142,2000,8,4,0.0,2.2,0.01,0.8900000000000003,3.0,3,500,0,0,0,,,success
143,2000,8,4,0.0,2.2,0.01,0.9000000000000004,3.0,3,500,0,0,0,,,success
144,2000,8,4,0.0,2.2,0.01,0.9100000000000004,3.0,3,500,0,0,0,,,success
147,2000,8,4,0.0,2.2,0.01,0.9400000000000004,3.0,3,500,0,0,0,,,success
145,2000,8,4,0.0,2.2,0.01,0.9200000000000004,3.0,3,500,0,0,0,,,success
146,2000,8,4,0.0,2.2,0.01,0.9300000000000004,3.0,3,500,0,0,0,,,success
149,2000,8,4,0.0,2.2,0.01,0.9600000000000004,3.0,3,500,0,0,0,,,success
150,2000,8,4,0.0,2.2,0.01,0.9700000000000004,3.0,3,500,0,0,0,,,success
148,2000,8,4,0.0,2.2,0.01,0.9500000000000004,3.0,3,500,0,0,0,,,success
151,2000,8,4,0.0,2.2,0.01,0.9800000000000004,3.0,3,500,0,0,0,,,success
152,2000,8,4,0.0,2.2,0.01,0.9900000000000004,3.0,3,500,0,0,0,,,success
153,2000,8,4,0.0,2.2,0.01,1.0000000000000004,3.0,3,500,0,0,0,,,success
161,2000,8,4,0.0,2.3000000000000003,0.01,0.5700000000000001,3.0,3,494,0,6,0,0.2100193133588475,0.035552659524050206,success
162,2000,8,4,0.0,2.3000000000000003,0.01,0.5800000000000001,3.0,3,494,0,6,0,0.20805673979444253,0.034757905657896465,success
163,2000,8,4,0.0,2.3000000000000003,0.01,0.5900000000000001,3.0,3,494,0,6,0,0.20799443242134877,0.034756002867498,success
164,2000,8,4,0.0,2.3000000000000003,0.01,0.6000000000000001,3.0,3,494,0,6,0,0.2079944233722888,0.03475600707687539,success
165,2000,8,4,0.0,2.3000000000000003,0.01,0.6100000000000001,3.0,3,496,0,4,0,0.19055450218970085,0.005915342598353533,success
166,2000,8,4,0.0,2.3000000000000003,0.01,0.6200000000000001,3.0,3,496,0,4,0,0.19055450218970085,0.005915342598353533,success
167,2000,8,4,0.0,2.3000000000000003,0.01,0.6300000000000001,3.0,3,497,0,3,0,0.18888617137609745,0.006006115259447965,success
168,2000,8,4,0.0,2.3000000000000003,0.01,0.6400000000000001,3.0,3,497,0,3,0,0.18888617137609745,0.006006115259447965,success
169,2000,8,4,0.0,2.3000000000000003,0.01,0.6500000000000001,3.0,3,498,0,2,0,0.18638599966122338,0.005885719106559452,success
170,2000,8,4,0.0,2.3000000000000003,0.01,0.6600000000000001,3.0,3,498,0,2,0,0.17370574359465077,0.023818309210270134,success
171,2000,8,4,0.0,2.3000000000000003,0.01,0.6700000000000002,3.0,3,498,0,2,0,0.17361988821867802,0.023871761814155762,success
172,2000,8,4,0.0,2.3000000000000003,0.01,0.6800000000000002,3.0,3,499,0,1,0,0.18925013312211983,,success
173,2000,8,4,0.0,2.3000000000000003,0.01,0.6900000000000002,3.0,3,499,0,1,0,0.18924993063433068,,success
174,2000,8,4,0.0,2.3000000000000003,0.01,0.7000000000000002,3.0,3,499,0,1,0,0.18822181704448113,,success
175,2000,8,4,0.0,2.3000000000000003,0.01,0.7100000000000002,3.0,3,499,0,1,0,0.18803946957739498,,success
176,2000,8,4,0.0,2.3000000000000003,0.01,0.7200000000000002,3.0,3,499,0,1,0,0.18803946957739498,,success
177,2000,8,4,0.0,2.3000000000000003,0.01,0.7300000000000002,3.0,3,499,0,1,0,0.1880394692797711,,success
178,2000,8,4,0.0,2.3000000000000003,0.01,0.7400000000000002,3.0,3,499,0,1,0,0.1880394692797711,,success
179,2000,8,4,0.0,2.3000000000000003,0.01,0.7500000000000002,3.0,3,500,0,0,0,,,success
180,2000,8,4,0.0,2.3000000000000003,0.01,0.7600000000000002,3.0,3,500,0,0,0,,,success
181,2000,8,4,0.0,2.3000000000000003,0.01,0.7700000000000002,3.0,3,500,0,0,0,,,success
182,2000,8,4,0.0,2.3000000000000003,0.01,0.7800000000000002,3.0,3,500,0,0,0,,,success
183,2000,8,4,0.0,2.3000000000000003,0.01,0.7900000000000003,3.0,3,500,0,0,0,,,success
184,2000,8,4,0.0,2.3000000000000003,0.01,0.8000000000000003,3.0,3,500,0,0,0,,,success
185,2000,8,4,0.0,2.3000000000000003,0.01,0.8100000000000003,3.0,3,500,0,0,0,,,success
186,2000,8,4,0.0,2.3000000000000003,0.01,0.8200000000000003,3.0,3,500,0,0,0,,,success
187,2000,8,4,0.0,2.3000000000000003,0.01,0.8300000000000003,3.0,3,500,0,0,0,,,success
188,2000,8,4,0.0,2.3000000000000003,0.01,0.8400000000000003,3.0,3,500,0,0,0,,,success
189,2000,8,4,0.0,2.3000000000000003,0.01,0.8500000000000003,3.0,3,500,0,0,0,,,success
190,2000,8,4,0.0,2.3000000000000003,0.01,0.8600000000000003,3.0,3,500,0,0,0,,,success
191,2000,8,4,0.0,2.3000000000000003,0.01,0.8700000000000003,3.0,3,500,0,0,0,,,success
192,2000,8,4,0.0,2.3000000000000003,0.01,0.8800000000000003,3.0,3,500,0,0,0,,,success
193,2000,8,4,0.0,2.3000000000000003,0.01,0.8900000000000003,3.0,3,500,0,0,0,,,success
194,2000,8,4,0.0,2.3000000000000003,0.01,0.9000000000000004,3.0,3,500,0,0,0,,,success
206,2000,8,4,0.0,2.4000000000000004,0.01,0.51,3.0,3,494,0,6,0,0.2537793367286251,0.05283079836519598,success
205,2000,8,4,0.0,2.4000000000000004,0.01,0.5,3.0,3,494,0,6,0,0.2549452101313938,0.051366509502256366,success
207,2000,8,4,0.0,2.4000000000000004,0.01,0.52,3.0,3,494,0,6,0,0.2536573921752712,0.0529904689701936,success
195,2000,8,4,0.0,2.3000000000000003,0.01,0.9100000000000004,3.0,3,500,0,0,0,,,success
208,2000,8,4,0.0,2.4000000000000004,0.01,0.53,3.0,3,494,0,6,0,0.22846023402486984,0.042718124637907966,success
209,2000,8,4,0.0,2.4000000000000004,0.01,0.54,3.0,3,494,0,6,0,0.22840381794787754,0.0426591849200288,success
210,2000,8,4,0.0,2.4000000000000004,0.01,0.55,3.0,3,494,0,6,0,0.22840381794787754,0.0426591849200288,success
211,2000,8,4,0.0,2.4000000000000004,0.01,0.56,3.0,3,494,0,6,0,0.22173952550215323,0.04531667118081725,success
196,2000,8,4,0.0,2.3000000000000003,0.01,0.9200000000000004,3.0,3,500,0,0,0,,,success
212,2000,8,4,0.0,2.4000000000000004,0.01,0.5700000000000001,3.0,3,494,0,6,0,0.22115205496550575,0.044927350163425805,success
197,2000,8,4,0.0,2.3000000000000003,0.01,0.9300000000000004,3.0,3,500,0,0,0,,,success
213,2000,8,4,0.0,2.4000000000000004,0.01,0.5800000000000001,3.0,3,494,0,6,0,0.21885392405253437,0.0425050449611873,success
214,2000,8,4,0.0,2.4000000000000004,0.01,0.5900000000000001,3.0,3,494,0,6,0,0.21885242354256593,0.0425060218476021,success
198,2000,8,4,0.0,2.3000000000000003,0.01,0.9400000000000004,3.0,3,500,0,0,0,,,success
200,2000,8,4,0.0,2.3000000000000003,0.01,0.9600000000000004,3.0,3,500,0,0,0,,,success
215,2000,8,4,0.0,2.4000000000000004,0.01,0.6000000000000001,3.0,3,494,0,6,0,0.21885242074933484,0.042506019257979206,success
216,2000,8,4,0.0,2.4000000000000004,0.01,0.6100000000000001,3.0,3,496,0,4,0,0.1929137389667912,0.008853589990299959,success
199,2000,8,4,0.0,2.3000000000000003,0.01,0.9500000000000004,3.0,3,500,0,0,0,,,success
217,2000,8,4,0.0,2.4000000000000004,0.01,0.6200000000000001,3.0,3,496,0,4,0,0.19291311305840253,0.008853340267918543,success
203,2000,8,4,0.0,2.3000000000000003,0.01,0.9900000000000004,3.0,3,500,0,0,0,,,success
202,2000,8,4,0.0,2.3000000000000003,0.01,0.9800000000000004,3.0,3,500,0,0,0,,,success
201,2000,8,4,0.0,2.3000000000000003,0.01,0.9700000000000004,3.0,3,500,0,0,0,,,success
218,2000,8,4,0.0,2.4000000000000004,0.01,0.6300000000000001,3.0,3,497,0,3,0,0.1920303461418528,0.010625289938424926,success
204,2000,8,4,0.0,2.3000000000000003,0.01,1.0000000000000004,3.0,3,500,0,0,0,,,success
219,2000,8,4,0.0,2.4000000000000004,0.01,0.6400000000000001,3.0,3,497,0,3,0,0.1920303461418528,0.010625289938424926,success
220,2000,8,4,0.0,2.4000000000000004,0.01,0.6500000000000001,3.0,3,498,0,2,0,0.18638599966122338,0.005885719106559452,success
221,2000,8,4,0.0,2.4000000000000004,0.01,0.6600000000000001,3.0,3,498,0,2,0,0.1737057712787889,0.023818270058986558,success
222,2000,8,4,0.0,2.4000000000000004,0.01,0.6700000000000002,3.0,3,498,0,2,0,0.17362012147096223,0.023872091682699527,success
223,2000,8,4,0.0,2.4000000000000004,0.01,0.6800000000000002,3.0,3,499,0,1,0,0.18925077164019105,,success
224,2000,8,4,0.0,2.4000000000000004,0.01,0.6900000000000002,3.0,3,499,0,1,0,0.18925052636512643,,success
225,2000,8,4,0.0,2.4000000000000004,0.01,0.7000000000000002,3.0,3,499,0,1,0,0.18822181709012298,,success
226,2000,8,4,0.0,2.4000000000000004,0.01,0.7100000000000002,3.0,3,499,0,1,0,0.18804579276082625,,success
227,2000,8,4,0.0,2.4000000000000004,0.01,0.7200000000000002,3.0,3,499,0,1,0,0.18804579276082625,,success
228,2000,8,4,0.0,2.4000000000000004,0.01,0.7300000000000002,3.0,3,499,0,1,0,0.18804579276082625,,success
229,2000,8,4,0.0,2.4000000000000004,0.01,0.7400000000000002,3.0,3,499,0,1,0,0.18804579276082625,,success
230,2000,8,4,0.0,2.4000000000000004,0.01,0.7500000000000002,3.0,3,500,0,0,0,,,success
231,2000,8,4,0.0,2.4000000000000004,0.01,0.7600000000000002,3.0,3,500,0,0,0,,,success
232,2000,8,4,0.0,2.4000000000000004,0.01,0.7700000000000002,3.0,3,500,0,0,0,,,success
233,2000,8,4,0.0,2.4000000000000004,0.01,0.7800000000000002,3.0,3,500,0,0,0,,,success
234,2000,8,4,0.0,2.4000000000000004,0.01,0.7900000000000003,3.0,3,500,0,0,0,,,success
235,2000,8,4,0.0,2.4000000000000004,0.01,0.8000000000000003,3.0,3,500,0,0,0,,,success
236,2000,8,4,0.0,2.4000000000000004,0.01,0.8100000000000003,3.0,3,500,0,0,0,,,success
237,2000,8,4,0.0,2.4000000000000004,0.01,0.8200000000000003,3.0,3,500,0,0,0,,,success
238,2000,8,4,0.0,2.4000000000000004,0.01,0.8300000000000003,3.0,3,500,0,0,0,,,success
239,2000,8,4,0.0,2.4000000000000004,0.01,0.8400000000000003,3.0,3,500,0,0,0,,,success
240,2000,8,4,0.0,2.4000000000000004,0.01,0.8500000000000003,3.0,3,500,0,0,0,,,success
241,2000,8,4,0.0,2.4000000000000004,0.01,0.8600000000000003,3.0,3,500,0,0,0,,,success
242,2000,8,4,0.0,2.4000000000000004,0.01,0.8700000000000003,3.0,3,500,0,0,0,,,success
243,2000,8,4,0.0,2.4000000000000004,0.01,0.8800000000000003,3.0,3,500,0,0,0,,,success
244,2000,8,4,0.0,2.4000000000000004,0.01,0.8900000000000003,3.0,3,500,0,0,0,,,success
245,2000,8,4,0.0,2.4000000000000004,0.01,0.9000000000000004,3.0,3,500,0,0,0,,,success
256,2000,8,4,0.0,2.5000000000000004,0.01,0.5,3.0,3,490,0,10,0,0.28572548618901783,0.09679420217474244,success
246,2000,8,4,0.0,2.4000000000000004,0.01,0.9100000000000004,3.0,3,500,0,0,0,,,success
247,2000,8,4,0.0,2.4000000000000004,0.01,0.9200000000000004,3.0,3,500,0,0,0,,,success
248,2000,8,4,0.0,2.4000000000000004,0.01,0.9300000000000004,3.0,3,500,0,0,0,,,success
249,2000,8,4,0.0,2.4000000000000004,0.01,0.9400000000000004,3.0,3,500,0,0,0,,,success
250,2000,8,4,0.0,2.4000000000000004,0.01,0.9500000000000004,3.0,3,500,0,0,0,,,success
253,2000,8,4,0.0,2.4000000000000004,0.01,0.9800000000000004,3.0,3,500,0,0,0,,,success
251,2000,8,4,0.0,2.4000000000000004,0.01,0.9600000000000004,3.0,3,500,0,0,0,,,success
254,2000,8,4,0.0,2.4000000000000004,0.01,0.9900000000000004,3.0,3,500,0,0,0,,,success
252,2000,8,4,0.0,2.4000000000000004,0.01,0.9700000000000004,3.0,3,500,0,0,0,,,success
257,2000,8,4,0.0,2.5000000000000004,0.01,0.51,3.0,3,490,0,10,0,0.2779035483301295,0.08494731418884706,success
255,2000,8,4,0.0,2.4000000000000004,0.01,1.0000000000000004,3.0,3,500,0,0,0,,,success
258,2000,8,4,0.0,2.5000000000000004,0.01,0.52,3.0,3,490,0,10,0,0.2777933463087433,0.08504850174367348,success
259,2000,8,4,0.0,2.5000000000000004,0.01,0.53,3.0,3,491,0,9,0,0.23899659720664024,0.058213332555998074,success
260,2000,8,4,0.0,2.5000000000000004,0.01,0.54,3.0,3,491,0,9,0,0.2389589298932875,0.05819392698544247,success
261,2000,8,4,0.0,2.5000000000000004,0.01,0.55,3.0,3,491,0,9,0,0.23895889779118473,0.05819389626375204,success
262,2000,8,4,0.0,2.5000000000000004,0.01,0.56,3.0,3,491,0,9,0,0.23222866270821033,0.05909133137291435,success
263,2000,8,4,0.0,2.5000000000000004,0.01,0.5700000000000001,3.0,3,491,0,9,0,0.23184623575854232,0.05894465202267113,success
264,2000,8,4,0.0,2.5000000000000004,0.01,0.5800000000000001,3.0,3,491,0,9,0,0.23031554877644414,0.05814187029400965,success
265,2000,8,4,0.0,2.5000000000000004,0.01,0.5900000000000001,3.0,3,492,0,8,0,0.24076486376047596,0.05234788222579295,success
266,2000,8,4,0.0,2.5000000000000004,0.01,0.6000000000000001,3.0,3,492,0,8,0,0.24076486166712274,0.05234788172639629,success
267,2000,8,4,0.0,2.5000000000000004,0.01,0.6100000000000001,3.0,3,494,0,6,0,0.22947583151041293,0.05490176246649011,success
268,2000,8,4,0.0,2.5000000000000004,0.01,0.6200000000000001,3.0,3,494,0,6,0,0.2294754142381538,0.05490207176577206,success
269,2000,8,4,0.0,2.5000000000000004,0.01,0.6300000000000001,3.0,3,495,0,5,0,0.2362582143241742,0.05850426503824821,success
270,2000,8,4,0.0,2.5000000000000004,0.01,0.6400000000000001,3.0,3,495,0,5,0,0.23625805754767332,0.058504090171818506,success
271,2000,8,4,0.0,2.5000000000000004,0.01,0.6500000000000001,3.0,3,496,0,4,0,0.2444928121588759,0.06412147481459088,success
272,2000,8,4,0.0,2.5000000000000004,0.01,0.6600000000000001,3.0,3,496,0,4,0,0.23747463683951478,0.07321602590412139,success
273,2000,8,4,0.0,2.5000000000000004,0.01,0.6700000000000002,3.0,3,496,0,4,0,0.23725594726540064,0.0735243978957696,success
274,2000,8,4,0.0,2.5000000000000004,0.01,0.6800000000000002,3.0,3,497,0,3,0,0.2628114333217367,0.06443902214036436,success
275,2000,8,4,0.0,2.5000000000000004,0.01,0.6900000000000002,3.0,3,497,0,3,0,0.26275501333948914,0.06440561603550064,success
276,2000,8,4,0.0,2.5000000000000004,0.01,0.7000000000000002,3.0,3,497,0,3,0,0.26233004710259983,0.0651308055440699,success
277,2000,8,4,0.0,2.5000000000000004,0.01,0.7100000000000002,3.0,3,497,0,3,0,0.2622891304736816,0.06510637414140655,success
279,2000,8,4,0.0,2.5000000000000004,0.01,0.7300000000000002,3.0,3,497,0,3,0,0.2578333487914014,0.06045062108577623,success
278,2000,8,4,0.0,2.5000000000000004,0.01,0.7200000000000002,3.0,3,497,0,3,0,0.25783334889173626,0.060450620912466745,success
280,2000,8,4,0.0,2.5000000000000004,0.01,0.7400000000000002,3.0,3,497,0,3,0,0.2578328081388876,0.060450214110690306,success
281,2000,8,4,0.0,2.5000000000000004,0.01,0.7500000000000002,3.0,3,498,0,2,0,0.292638208015519,0.0063215171546492635,success
282,2000,8,4,0.0,2.5000000000000004,0.01,0.7600000000000002,3.0,3,498,0,2,0,0.29263332745802506,0.0063284193052491515,success
283,2000,8,4,0.0,2.5000000000000004,0.01,0.7700000000000002,3.0,3,498,0,2,0,0.2926333273256361,0.0063284194924754945,success
284,2000,8,4,0.0,2.5000000000000004,0.01,0.7800000000000002,3.0,3,498,0,2,0,0.2926333273256361,0.0063284194924754945,success
285,2000,8,4,0.0,2.5000000000000004,0.01,0.7900000000000003,3.0,3,498,0,2,0,0.2926333273256361,0.0063284194924754945,success
286,2000,8,4,0.0,2.5000000000000004,0.01,0.8000000000000003,3.0,3,498,0,2,0,0.2886639860156909,0.011941915806687738,success
287,2000,8,4,0.0,2.5000000000000004,0.01,0.8100000000000003,3.0,3,498,0,2,0,0.2886639860156909,0.011941915806687738,success
288,2000,8,4,0.0,2.5000000000000004,0.01,0.8200000000000003,3.0,3,498,0,2,0,0.2886639860156909,0.011941915806687738,success
289,2000,8,4,0.0,2.5000000000000004,0.01,0.8300000000000003,3.0,3,498,0,2,0,0.2879846752271411,0.012902606336921222,success
290,2000,8,4,0.0,2.5000000000000004,0.01,0.8400000000000003,3.0,3,498,0,2,0,0.2879846752271411,0.012902606336921222,success
291,2000,8,4,0.0,2.5000000000000004,0.01,0.8500000000000003,3.0,3,498,0,2,0,0.2879846751123464,0.012902606499265487,success
292,2000,8,4,0.0,2.5000000000000004,0.01,0.8600000000000003,3.0,3,499,0,1,0,0.27886115455825233,,success
293,2000,8,4,0.0,2.5000000000000004,0.01,0.8700000000000003,3.0,3,499,0,1,0,0.27886115455825233,,success
294,2000,8,4,0.0,2.5000000000000004,0.01,0.8800000000000003,3.0,3,499,0,1,0,0.2788611545582523,,success
295,2000,8,4,0.0,2.5000000000000004,0.01,0.8900000000000003,3.0,3,499,0,1,0,0.2710934215603023,,success
296,2000,8,4,0.0,2.5000000000000004,0.01,0.9000000000000004,3.0,3,499,0,1,0,0.2710934215489993,,success
297,2000,8,4,0.0,2.5000000000000004,0.01,0.9100000000000004,3.0,3,499,0,1,0,0.2710934215489993,,success
298,2000,8,4,0.0,2.5000000000000004,0.01,0.9200000000000004,3.0,3,500,0,0,0,,,success
299,2000,8,4,0.0,2.5000000000000004,0.01,0.9300000000000004,3.0,3,500,0,0,0,,,success
307,2000,8,4,0.0,2.6000000000000005,0.01,0.5,3.0,3,486,0,14,0,0.3531708265306257,0.13958842108972455,success
308,2000,8,4,0.0,2.6000000000000005,0.01,0.51,3.0,3,486,0,14,0,0.3514597875845027,0.1401420723760706,success
309,2000,8,4,0.0,2.6000000000000005,0.01,0.52,3.0,3,486,0,14,0,0.3513922031185599,0.14022272965583554,success
310,2000,8,4,0.0,2.6000000000000005,0.01,0.53,3.0,3,487,0,13,0,0.3142460195375282,0.12636942191255393,success
311,2000,8,4,0.0,2.6000000000000005,0.01,0.54,3.0,3,488,0,12,0,0.3051149813834968,0.12743060107234527,success
300,2000,8,4,0.0,2.5000000000000004,0.01,0.9400000000000004,3.0,3,500,0,0,0,,,success
312,2000,8,4,0.0,2.6000000000000005,0.01,0.55,3.0,3,489,0,11,0,0.28661181309846157,0.11700505439708735,success
301,2000,8,4,0.0,2.5000000000000004,0.01,0.9500000000000004,3.0,3,500,0,0,0,,,success
313,2000,8,4,0.0,2.6000000000000005,0.01,0.56,3.0,3,489,0,11,0,0.27919953165754213,0.11717132968183037,success
302,2000,8,4,0.0,2.5000000000000004,0.01,0.9600000000000004,3.0,3,500,0,0,0,,,success
314,2000,8,4,0.0,2.6000000000000005,0.01,0.5700000000000001,3.0,3,489,0,11,0,0.279085611505982,0.11726637566661444,success
303,2000,8,4,0.0,2.5000000000000004,0.01,0.9700000000000004,3.0,3,500,0,0,0,,,success
315,2000,8,4,0.0,2.6000000000000005,0.01,0.5800000000000001,3.0,3,489,0,11,0,0.27592799979092786,0.11585211418926947,success
305,2000,8,4,0.0,2.5000000000000004,0.01,0.9900000000000004,3.0,3,500,0,0,0,,,success
304,2000,8,4,0.0,2.5000000000000004,0.01,0.9800000000000004,3.0,3,500,0,0,0,,,success
316,2000,8,4,0.0,2.6000000000000005,0.01,0.5900000000000001,3.0,3,490,0,10,0,0.28859315899219273,0.1138090190167346,success
306,2000,8,4,0.0,2.5000000000000004,0.01,1.0000000000000004,3.0,3,500,0,0,0,,,success
317,2000,8,4,0.0,2.6000000000000005,0.01,0.6000000000000001,3.0,3,490,0,10,0,0.2860213703954054,0.11675427512147898,success
318,2000,8,4,0.0,2.6000000000000005,0.01,0.6100000000000001,3.0,3,491,0,9,0,0.2735135129497484,0.11651387364977131,success
319,2000,8,4,0.0,2.6000000000000005,0.01,0.6200000000000001,3.0,3,491,0,9,0,0.2735132347682423,0.11651408302380042,success
320,2000,8,4,0.0,2.6000000000000005,0.01,0.6300000000000001,3.0,3,492,0,8,0,0.2832572123882661,0.1205749352970003,success
321,2000,8,4,0.0,2.6000000000000005,0.01,0.6400000000000001,3.0,3,493,0,7,0,0.2797549755384276,0.1297955623456866,success
322,2000,8,4,0.0,2.6000000000000005,0.01,0.6500000000000001,3.0,3,494,0,6,0,0.25841805150582153,0.0763159963522878,success
323,2000,8,4,0.0,2.6000000000000005,0.01,0.6600000000000001,3.0,3,494,0,6,0,0.2537392679595808,0.08211605989308238,success
324,2000,8,4,0.0,2.6000000000000005,0.01,0.6700000000000002,3.0,3,494,0,6,0,0.24766822631620558,0.07500870441813032,success
325,2000,8,4,0.0,2.6000000000000005,0.01,0.6800000000000002,3.0,3,495,0,5,0,0.2653348229210458,0.06849794353446914,success
326,2000,8,4,0.0,2.6000000000000005,0.01,0.6900000000000002,3.0,3,495,0,5,0,0.2645774496689354,0.06785628772519148,success
327,2000,8,4,0.0,2.6000000000000005,0.01,0.7000000000000002,3.0,3,495,0,5,0,0.2645774496689354,0.06785628772519148,success
328,2000,8,4,0.0,2.6000000000000005,0.01,0.7100000000000002,3.0,3,495,0,5,0,0.25083175731045143,0.06300907832517573,success
329,2000,8,4,0.0,2.6000000000000005,0.01,0.7200000000000002,3.0,3,495,0,5,0,0.2481582883613019,0.06006031657584711,success
330,2000,8,4,0.0,2.6000000000000005,0.01,0.7300000000000002,3.0,3,495,0,5,0,0.24815797601971692,0.060059939626132604,success
331,2000,8,4,0.0,2.6000000000000005,0.01,0.7400000000000002,3.0,3,495,0,5,0,0.24815797601971692,0.060059939626132604,success
332,2000,8,4,0.0,2.6000000000000005,0.01,0.7500000000000002,3.0,3,496,0,4,0,0.25034183690999584,0.06912163294709063,success
333,2000,8,4,0.0,2.6000000000000005,0.01,0.7600000000000002,3.0,3,496,0,4,0,0.2501293385919267,0.06915512528002793,success
334,2000,8,4,0.0,2.6000000000000005,0.01,0.7700000000000002,3.0,3,496,0,4,0,0.2501289437181363,0.06915518994026186,success
335,2000,8,4,0.0,2.6000000000000005,0.01,0.7800000000000002,3.0,3,496,0,4,0,0.2501289437181363,0.06915518994026186,success
336,2000,8,4,0.0,2.6000000000000005,0.01,0.7900000000000003,3.0,3,497,0,3,0,0.28162923611117735,0.03492921296605584,success
337,2000,8,4,0.0,2.6000000000000005,0.01,0.8000000000000003,3.0,3,497,0,3,0,0.2756339785487419,0.02978184167164749,success
338,2000,8,4,0.0,2.6000000000000005,0.01,0.8100000000000003,3.0,3,497,0,3,0,0.2755953652377428,0.02975754914586705,success
339,2000,8,4,0.0,2.6000000000000005,0.01,0.8200000000000003,3.0,3,498,0,2,0,0.2925743675937388,0.0064118011449585234,success
340,2000,8,4,0.0,2.6000000000000005,0.01,0.8300000000000003,3.0,3,498,0,2,0,0.29218103868235124,0.006968052225916239,success
341,2000,8,4,0.0,2.6000000000000005,0.01,0.8400000000000003,3.0,3,498,0,2,0,0.29218103868235124,0.006968052225916239,success
342,2000,8,4,0.0,2.6000000000000005,0.01,0.8500000000000003,3.0,3,498,0,2,0,0.2921810301515333,0.0069680642903146295,success
343,2000,8,4,0.0,2.6000000000000005,0.01,0.8600000000000003,3.0,3,499,0,1,0,0.2872538645895235,,success
344,2000,8,4,0.0,2.6000000000000005,0.01,0.8700000000000003,3.0,3,499,0,1,0,0.2872538645895235,,success
345,2000,8,4,0.0,2.6000000000000005,0.01,0.8800000000000003,3.0,3,499,0,1,0,0.2872538645895235,,success
346,2000,8,4,0.0,2.6000000000000005,0.01,0.8900000000000003,3.0,3,499,0,1,0,0.27886115458040434,,success
347,2000,8,4,0.0,2.6000000000000005,0.01,0.9000000000000004,3.0,3,499,0,1,0,0.2788611545612465,,success
348,2000,8,4,0.0,2.6000000000000005,0.01,0.9100000000000004,3.0,3,499,0,1,0,0.2788611480129799,,success
349,2000,8,4,0.0,2.6000000000000005,0.01,0.9200000000000004,3.0,3,500,0,0,0,,,success
350,2000,8,4,0.0,2.6000000000000005,0.01,0.9300000000000004,3.0,3,500,0,0,0,,,success
358,2000,8,4,0.0,2.7000000000000006,0.01,0.5,3.0,3,486,1,13,0,0.3831228827133479,0.14635949445714685,success
359,2000,8,4,0.0,2.7000000000000006,0.01,0.51,3.0,3,486,1,13,0,0.3801741347460285,0.14817364121439128,success
351,2000,8,4,0.0,2.6000000000000005,0.01,0.9400000000000004,3.0,3,500,0,0,0,,,success
360,2000,8,4,0.0,2.7000000000000006,0.01,0.52,3.0,3,486,1,13,0,0.3801741347460285,0.14817364121439128,success
352,2000,8,4,0.0,2.6000000000000005,0.01,0.9500000000000004,3.0,3,500,0,0,0,,,success
361,2000,8,4,0.0,2.7000000000000006,0.01,0.53,3.0,3,487,0,13,0,0.36148371843634064,0.15318252160498796,success
362,2000,8,4,0.0,2.7000000000000006,0.01,0.54,3.0,3,488,0,12,0,0.35628687331564746,0.15879640472810377,success
353,2000,8,4,0.0,2.6000000000000005,0.01,0.9600000000000004,3.0,3,500,0,0,0,,,success
363,2000,8,4,0.0,2.7000000000000006,0.01,0.55,3.0,3,489,0,11,0,0.33841768288175483,0.15484424757895052,success
364,2000,8,4,0.0,2.7000000000000006,0.01,0.56,3.0,3,490,0,10,0,0.30142967489105343,0.13187679232148555,success
365,2000,8,4,0.0,2.7000000000000006,0.01,0.5700000000000001,3.0,3,490,0,10,0,0.30122633926957576,0.13206354612060217,success
354,2000,8,4,0.0,2.6000000000000005,0.01,0.9700000000000004,3.0,3,500,0,0,0,,,success
355,2000,8,4,0.0,2.6000000000000005,0.01,0.9800000000000004,3.0,3,500,0,0,0,,,success
366,2000,8,4,0.0,2.7000000000000006,0.01,0.5800000000000001,3.0,3,490,0,10,0,0.29752727332851014,0.1314573322108015,success
356,2000,8,4,0.0,2.6000000000000005,0.01,0.9900000000000004,3.0,3,500,0,0,0,,,success
357,2000,8,4,0.0,2.6000000000000005,0.01,1.0000000000000004,3.0,3,500,0,0,0,,,success
367,2000,8,4,0.0,2.7000000000000006,0.01,0.5900000000000001,3.0,3,491,0,9,0,0.3113942817192,0.1314452446715731,success
369,2000,8,4,0.0,2.7000000000000006,0.01,0.6100000000000001,3.0,3,492,0,8,0,0.28223219308465214,0.11617923250584919,success
368,2000,8,4,0.0,2.7000000000000006,0.01,0.6000000000000001,3.0,3,491,0,9,0,0.3085137904751927,0.13426434210179689,success
370,2000,8,4,0.0,2.7000000000000006,0.01,0.6200000000000001,3.0,3,492,0,8,0,0.28223219308465214,0.11617923250584919,success
371,2000,8,4,0.0,2.7000000000000006,0.01,0.6300000000000001,3.0,3,493,0,7,0,0.2848762648967881,0.12522765667486302,success
372,2000,8,4,0.0,2.7000000000000006,0.01,0.6400000000000001,3.0,3,494,0,6,0,0.2810601639900634,0.13673343825135928,success
373,2000,8,4,0.0,2.7000000000000006,0.01,0.6500000000000001,3.0,3,495,0,5,0,0.2539011815136596,0.07423340775348064,success
374,2000,8,4,0.0,2.7000000000000006,0.01,0.6600000000000001,3.0,3,495,0,5,0,0.2482866412581707,0.08117435643388621,success
375,2000,8,4,0.0,2.7000000000000006,0.01,0.6700000000000002,3.0,3,495,0,5,0,0.24106761558720485,0.0713793242406601,success
376,2000,8,4,0.0,2.7000000000000006,0.01,0.6800000000000002,3.0,3,496,0,4,0,0.2615009269314634,0.06332358030093024,success
377,2000,8,4,0.0,2.7000000000000006,0.01,0.6900000000000002,3.0,3,496,0,4,0,0.26063964102825443,0.06238754242946428,success
378,2000,8,4,0.0,2.7000000000000006,0.01,0.7000000000000002,3.0,3,496,0,4,0,0.26063964102825443,0.06238754242946428,success
379,2000,8,4,0.0,2.7000000000000006,0.01,0.7100000000000002,3.0,3,496,0,4,0,0.24351438810649761,0.05278064176510488,success
380,2000,8,4,0.0,2.7000000000000006,0.01,0.7200000000000002,3.0,3,496,0,4,0,0.24017255192006068,0.04726244897654111,success
381,2000,8,4,0.0,2.7000000000000006,0.01,0.7300000000000002,3.0,3,496,0,4,0,0.24017255192006068,0.04726244897654111,success
382,2000,8,4,0.0,2.7000000000000006,0.01,0.7400000000000002,3.0,3,496,0,4,0,0.23865371528902285,0.049809091954457825,success
383,2000,8,4,0.0,2.7000000000000006,0.01,0.7500000000000002,3.0,3,497,0,3,0,0.2383974428991634,0.0610002000715131,success
384,2000,8,4,0.0,2.7000000000000006,0.01,0.7600000000000002,3.0,3,497,0,3,0,0.23806406187067516,0.060970137405419456,success
385,2000,8,4,0.0,2.7000000000000006,0.01,0.7700000000000002,3.0,3,497,0,3,0,0.23806353128410493,0.06097008931156311,success
386,2000,8,4,0.0,2.7000000000000006,0.01,0.7800000000000002,3.0,3,497,0,3,0,0.23806353128410493,0.06097008931156311,success
387,2000,8,4,0.0,2.7000000000000006,0.01,0.7900000000000003,3.0,3,498,0,2,0,0.26942776559640524,0.039146039612439704,success
388,2000,8,4,0.0,2.7000000000000006,0.01,0.8000000000000003,3.0,3,498,0,2,0,0.26942776559640524,0.039146039612439704,success
389,2000,8,4,0.0,2.7000000000000006,0.01,0.8100000000000003,3.0,3,498,0,2,0,0.26942776559640524,0.039146039612439704,success
390,2000,8,4,0.0,2.7000000000000006,0.01,0.8200000000000003,3.0,3,499,0,1,0,0.2971081956629586,,success
391,2000,8,4,0.0,2.7000000000000006,0.01,0.8300000000000003,3.0,3,499,0,1,0,0.2971081956629586,,success
392,2000,8,4,0.0,2.7000000000000006,0.01,0.8400000000000003,3.0,3,499,0,1,0,0.2971081956629586,,success
393,2000,8,4,0.0,2.7000000000000006,0.01,0.8500000000000003,3.0,3,499,0,1,0,0.2971081956629586,,success
394,2000,8,4,0.0,2.7000000000000006,0.01,0.8600000000000003,3.0,3,500,0,0,0,,,success
395,2000,8,4,0.0,2.7000000000000006,0.01,0.8700000000000003,3.0,3,500,0,0,0,,,success
396,2000,8,4,0.0,2.7000000000000006,0.01,0.8800000000000003,3.0,3,500,0,0,0,,,success
397,2000,8,4,0.0,2.7000000000000006,0.01,0.8900000000000003,3.0,3,500,0,0,0,,,success
398,2000,8,4,0.0,2.7000000000000006,0.01,0.9000000000000004,3.0,3,500,0,0,0,,,success
399,2000,8,4,0.0,2.7000000000000006,0.01,0.9100000000000004,3.0,3,500,0,0,0,,,success
400,2000,8,4,0.0,2.7000000000000006,0.01,0.9200000000000004,3.0,3,500,0,0,0,,,success
401,2000,8,4,0.0,2.7000000000000006,0.01,0.9300000000000004,3.0,3,500,0,0,0,,,success
409,2000,8,4,0.0,2.8000000000000007,0.01,0.5,3.0,3,484,1,15,0,0.44839595494393397,0.24704837031237092,success
402,2000,8,4,0.0,2.7000000000000006,0.01,0.9400000000000004,3.0,3,500,0,0,0,,,success
410,2000,8,4,0.0,2.8000000000000007,0.01,0.51,3.0,3,484,1,15,0,0.4414978367744868,0.24919944858646031,success
411,2000,8,4,0.0,2.8000000000000007,0.01,0.52,3.0,3,484,1,15,0,0.4414972899833417,0.24919990626995592,success
403,2000,8,4,0.0,2.7000000000000006,0.01,0.9500000000000004,3.0,3,500,0,0,0,,,success
412,2000,8,4,0.0,2.8000000000000007,0.01,0.53,3.0,3,485,0,15,0,0.42529892918161216,0.2560590523016429,success
413,2000,8,4,0.0,2.8000000000000007,0.01,0.54,3.0,3,486,0,14,0,0.4254046803610173,0.2657246966350278,success
414,2000,8,4,0.0,2.8000000000000007,0.01,0.55,3.0,3,487,0,13,0,0.4156470396779936,0.27452337121788384,success
404,2000,8,4,0.0,2.7000000000000006,0.01,0.9600000000000004,3.0,3,500,0,0,0,,,success
415,2000,8,4,0.0,2.8000000000000007,0.01,0.56,3.0,3,488,0,12,0,0.4269362470665254,0.28351059419852803,success
416,2000,8,4,0.0,2.8000000000000007,0.01,0.5700000000000001,3.0,3,488,0,12,0,0.4267230766713157,0.283690644121759,success
417,2000,8,4,0.0,2.8000000000000007,0.01,0.5800000000000001,3.0,3,488,0,12,0,0.42055123822338447,0.28538280733285354,success
418,2000,8,4,0.0,2.8000000000000007,0.01,0.5900000000000001,3.0,3,489,0,11,0,0.4393871214990327,0.29138367629207357,success
405,2000,8,4,0.0,2.7000000000000006,0.01,0.9700000000000004,3.0,3,500,0,0,0,,,success
419,2000,8,4,0.0,2.8000000000000007,0.01,0.6000000000000001,3.0,3,489,0,11,0,0.436772951372764,0.29341406255210517,success
420,2000,8,4,0.0,2.8000000000000007,0.01,0.6100000000000001,3.0,3,490,0,10,0,0.42608356808407555,0.3070195796096422,success
421,2000,8,4,0.0,2.8000000000000007,0.01,0.6200000000000001,3.0,3,490,0,10,0,0.42469572554193896,0.3073184642694426,success
408,2000,8,4,0.0,2.7000000000000006,0.01,1.0000000000000004,3.0,3,500,0,0,0,,,success
406,2000,8,4,0.0,2.7000000000000006,0.01,0.9800000000000004,3.0,3,500,0,0,0,,,success
407,2000,8,4,0.0,2.7000000000000006,0.01,0.9900000000000004,3.0,3,500,0,0,0,,,success
422,2000,8,4,0.0,2.8000000000000007,0.01,0.6300000000000001,3.0,3,491,0,9,0,0.4419431000508303,0.3205856819645577,success
423,2000,8,4,0.0,2.8000000000000007,0.01,0.6400000000000001,3.0,3,492,0,8,0,0.4586923580158265,0.3384845904055793,success
424,2000,8,4,0.0,2.8000000000000007,0.01,0.6500000000000001,3.0,3,492,0,8,0,0.3819141844361469,0.25833164083482785,success
425,2000,8,4,0.0,2.8000000000000007,0.01,0.6600000000000001,3.0,3,492,0,8,0,0.37840509677646633,0.2615087578924229,success
426,2000,8,4,0.0,2.8000000000000007,0.01,0.6700000000000002,3.0,3,493,0,7,0,0.28482348098460253,0.07301786599053568,success
427,2000,8,4,0.0,2.8000000000000007,0.01,0.6800000000000002,3.0,3,494,0,6,0,0.3057383327803411,0.05218725792008456,success
429,2000,8,4,0.0,2.8000000000000007,0.01,0.7000000000000002,3.0,3,494,0,6,0,0.30164086718671496,0.048744220971564084,success
428,2000,8,4,0.0,2.8000000000000007,0.01,0.6900000000000002,3.0,3,494,0,6,0,0.3017086404995936,0.04860281020507316,success
430,2000,8,4,0.0,2.8000000000000007,0.01,0.7100000000000002,3.0,3,494,0,6,0,0.2832360832824765,0.046175585468900215,success
431,2000,8,4,0.0,2.8000000000000007,0.01,0.7200000000000002,3.0,3,494,0,6,0,0.28064636675382604,0.04444588707694967,success
432,2000,8,4,0.0,2.8000000000000007,0.01,0.7300000000000002,3.0,3,494,0,6,0,0.2803516169157189,0.044082825806328885,success
433,2000,8,4,0.0,2.8000000000000007,0.01,0.7400000000000002,3.0,3,494,0,6,0,0.2789472206216142,0.046574681694411764,success
434,2000,8,4,0.0,2.8000000000000007,0.01,0.7500000000000002,3.0,3,496,0,4,0,0.25598108915928663,0.03880132275750828,success
435,2000,8,4,0.0,2.8000000000000007,0.01,0.7600000000000002,3.0,3,496,0,4,0,0.2517970239928748,0.036978293954311195,success
436,2000,8,4,0.0,2.8000000000000007,0.01,0.7700000000000002,3.0,3,497,0,3,0,0.24908948841767017,0.04480114691016872,success
437,2000,8,4,0.0,2.8000000000000007,0.01,0.7800000000000002,3.0,3,497,0,3,0,0.24908948841767017,0.04480114691016872,success
438,2000,8,4,0.0,2.8000000000000007,0.01,0.7900000000000003,3.0,3,498,0,2,0,0.26942776559640524,0.039146039612439704,success
439,2000,8,4,0.0,2.8000000000000007,0.01,0.8000000000000003,3.0,3,498,0,2,0,0.26942776559640524,0.039146039612439704,success
440,2000,8,4,0.0,2.8000000000000007,0.01,0.8100000000000003,3.0,3,498,0,2,0,0.26942776559640524,0.039146039612439704,success
441,2000,8,4,0.0,2.8000000000000007,0.01,0.8200000000000003,3.0,3,499,0,1,0,0.2971081956629586,,success
442,2000,8,4,0.0,2.8000000000000007,0.01,0.8300000000000003,3.0,3,499,0,1,0,0.2971081956629586,,success
443,2000,8,4,0.0,2.8000000000000007,0.01,0.8400000000000003,3.0,3,499,0,1,0,0.2971081956629586,,success
444,2000,8,4,0.0,2.8000000000000007,0.01,0.8500000000000003,3.0,3,499,0,1,0,0.2971081956629586,,success
445,2000,8,4,0.0,2.8000000000000007,0.01,0.8600000000000003,3.0,3,500,0,0,0,,,success
446,2000,8,4,0.0,2.8000000000000007,0.01,0.8700000000000003,3.0,3,500,0,0,0,,,success
447,2000,8,4,0.0,2.8000000000000007,0.01,0.8800000000000003,3.0,3,500,0,0,0,,,success
448,2000,8,4,0.0,2.8000000000000007,0.01,0.8900000000000003,3.0,3,500,0,0,0,,,success
449,2000,8,4,0.0,2.8000000000000007,0.01,0.9000000000000004,3.0,3,500,0,0,0,,,success
450,2000,8,4,0.0,2.8000000000000007,0.01,0.9100000000000004,3.0,3,500,0,0,0,,,success
451,2000,8,4,0.0,2.8000000000000007,0.01,0.9200000000000004,3.0,3,500,0,0,0,,,success
452,2000,8,4,0.0,2.8000000000000007,0.01,0.9300000000000004,3.0,3,500,0,0,0,,,success
453,2000,8,4,0.0,2.8000000000000007,0.01,0.9400000000000004,3.0,3,500,0,0,0,,,success
460,2000,8,4,0.0,2.900000000000001,0.01,0.5,3.0,3,480,0,20,0,0.4726216940944452,0.2640899291821011,success
461,2000,8,4,0.0,2.900000000000001,0.01,0.51,3.0,3,480,0,20,0,0.46352037080798497,0.2596948856365651,success
462,2000,8,4,0.0,2.900000000000001,0.01,0.52,3.0,3,481,0,19,0,0.45991306428010065,0.2662958283921661,success
463,2000,8,4,0.0,2.900000000000001,0.01,0.53,3.0,3,482,0,18,0,0.423314831596989,0.24345958083343983,success
454,2000,8,4,0.0,2.8000000000000007,0.01,0.9500000000000004,3.0,3,500,0,0,0,,,success
464,2000,8,4,0.0,2.900000000000001,0.01,0.54,3.0,3,483,0,17,0,0.423285209180933,0.2509523583996966,success
455,2000,8,4,0.0,2.8000000000000007,0.01,0.9600000000000004,3.0,3,500,0,0,0,,,success
465,2000,8,4,0.0,2.900000000000001,0.01,0.55,3.0,3,484,0,16,0,0.415224659177221,0.2573870444104823,success
466,2000,8,4,0.0,2.900000000000001,0.01,0.56,3.0,3,486,0,14,0,0.38310128541570876,0.21816716801048963,success
467,2000,8,4,0.0,2.900000000000001,0.01,0.5700000000000001,3.0,3,486,0,14,0,0.3830154727611541,0.21824866305972146,success
469,2000,8,4,0.0,2.900000000000001,0.01,0.5900000000000001,3.0,3,487,0,13,0,0.3900627549804334,0.22063141008880682,success
456,2000,8,4,0.0,2.8000000000000007,0.01,0.9700000000000004,3.0,3,500,0,0,0,,,success
468,2000,8,4,0.0,2.900000000000001,0.01,0.5800000000000001,3.0,3,486,0,14,0,0.37744088120977776,0.21717298287046052,success
470,2000,8,4,0.0,2.900000000000001,0.01,0.6000000000000001,3.0,3,487,0,13,0,0.38726332845373757,0.22255582754820927,success
471,2000,8,4,0.0,2.900000000000001,0.01,0.6100000000000001,3.0,3,488,0,12,0,0.3742297071365784,0.2272108776413982,success
472,2000,8,4,0.0,2.900000000000001,0.01,0.6200000000000001,3.0,3,488,0,12,0,0.3742297071365784,0.2272108776413982,success
459,2000,8,4,0.0,2.8000000000000007,0.01,1.0000000000000004,3.0,3,500,0,0,0,,,success
473,2000,8,4,0.0,2.900000000000001,0.01,0.6300000000000001,3.0,3,489,0,11,0,0.37751710478269357,0.22908994377019146,success
474,2000,8,4,0.0,2.900000000000001,0.01,0.6400000000000001,3.0,3,489,0,11,0,0.37751710478269357,0.22908994377019146,success
457,2000,8,4,0.0,2.8000000000000007,0.01,0.9800000000000004,3.0,3,500,0,0,0,,,success
458,2000,8,4,0.0,2.8000000000000007,0.01,0.9900000000000004,3.0,3,500,0,0,0,,,success
475,2000,8,4,0.0,2.900000000000001,0.01,0.6500000000000001,3.0,3,490,0,10,0,0.39029642261575825,0.23620374231209462,success
476,2000,8,4,0.0,2.900000000000001,0.01,0.6600000000000001,3.0,3,490,0,10,0,0.3873728953601855,0.23912078321331082,success
477,2000,8,4,0.0,2.900000000000001,0.01,0.6700000000000002,3.0,3,491,0,9,0,0.31785970574247785,0.11140494648336152,success
478,2000,8,4,0.0,2.900000000000001,0.01,0.6800000000000002,3.0,3,492,0,8,0,0.33749272498138916,0.10109098081030903,success
479,2000,8,4,0.0,2.900000000000001,0.01,0.6900000000000002,3.0,3,492,0,8,0,0.33749272498138916,0.10109098081030903,success
480,2000,8,4,0.0,2.900000000000001,0.01,0.7000000000000002,3.0,3,492,0,8,0,0.33749272498138916,0.10109098081030903,success
481,2000,8,4,0.0,2.900000000000001,0.01,0.7100000000000002,3.0,3,492,0,8,0,0.3354329188704287,0.10334277102734,success
482,2000,8,4,0.0,2.900000000000001,0.01,0.7200000000000002,3.0,3,492,0,8,0,0.3315481073404547,0.09908898491380834,success
483,2000,8,4,0.0,2.900000000000001,0.01,0.7300000000000002,3.0,3,492,0,8,0,0.3315481073404547,0.09908898491380834,success
484,2000,8,4,0.0,2.900000000000001,0.01,0.7400000000000002,3.0,3,493,0,7,0,0.32374117579702094,0.106841307718689,success
485,2000,8,4,0.0,2.900000000000001,0.01,0.7500000000000002,3.0,3,494,0,6,0,0.32357998641681723,0.1170378562393838,success
486,2000,8,4,0.0,2.900000000000001,0.01,0.7600000000000002,3.0,3,494,0,6,0,0.3165445183144352,0.12296978364117589,success
487,2000,8,4,0.0,2.900000000000001,0.01,0.7700000000000002,3.0,3,495,0,5,0,0.327869891227419,0.1339402070843961,success
488,2000,8,4,0.0,2.900000000000001,0.01,0.7800000000000002,3.0,3,495,0,5,0,0.327869891227419,0.1339402070843961,success
490,2000,8,4,0.0,2.900000000000001,0.01,0.8000000000000003,3.0,3,496,0,4,0,0.3549108850756122,0.13800435902449262,success
489,2000,8,4,0.0,2.900000000000001,0.01,0.7900000000000003,3.0,3,496,0,4,0,0.3549108850756122,0.13800435902449262,success
491,2000,8,4,0.0,2.900000000000001,0.01,0.8100000000000003,3.0,3,496,0,4,0,0.3549108850756122,0.13800435902449262,success
492,2000,8,4,0.0,2.900000000000001,0.01,0.8200000000000003,3.0,3,496,0,4,0,0.3549108850756122,0.13800435902449262,success
493,2000,8,4,0.0,2.900000000000001,0.01,0.8300000000000003,3.0,3,496,0,4,0,0.3549108850756122,0.13800435902449262,success
494,2000,8,4,0.0,2.900000000000001,0.01,0.8400000000000003,3.0,3,496,0,4,0,0.3549108850756122,0.13800435902449262,success
495,2000,8,4,0.0,2.900000000000001,0.01,0.8500000000000003,3.0,3,496,0,4,0,0.3549108850756122,0.13800435902449262,success
496,2000,8,4,0.0,2.900000000000001,0.01,0.8600000000000003,3.0,3,497,0,3,0,0.3741784482131634,0.16229716796384483,success
497,2000,8,4,0.0,2.900000000000001,0.01,0.8700000000000003,3.0,3,497,0,3,0,0.3741784482131634,0.16229716796384483,success
498,2000,8,4,0.0,2.900000000000001,0.01,0.8800000000000003,3.0,3,497,0,3,0,0.3741784482131634,0.16229716796384483,success
499,2000,8,4,0.0,2.900000000000001,0.01,0.8900000000000003,3.0,3,497,0,3,0,0.3640833385254902,0.16151782901245382,success
500,2000,8,4,0.0,2.900000000000001,0.01,0.9000000000000004,3.0,3,497,0,3,0,0.3640833385254902,0.16151782901245382,success
501,2000,8,4,0.0,2.900000000000001,0.01,0.9100000000000004,3.0,3,497,0,3,0,0.3640833385254902,0.16151782901245382,success
502,2000,8,4,0.0,2.900000000000001,0.01,0.9200000000000004,3.0,3,497,0,3,0,0.3634810063002658,0.16241722325241065,success
503,2000,8,4,0.0,2.900000000000001,0.01,0.9300000000000004,3.0,3,497,0,3,0,0.3634810063002658,0.16241722325241065,success
504,2000,8,4,0.0,2.900000000000001,0.01,0.9400000000000004,3.0,3,497,0,3,0,0.3634810063002658,0.16241722325241065,success
505,2000,8,4,0.0,2.900000000000001,0.01,0.9500000000000004,3.0,3,497,0,3,0,0.3634810063002658,0.16241722325241065,success
511,2000,8,4,0.0,3.000000000000001,0.01,0.5,3.0,4,486,2,12,0,0.5388591689685528,0.2852031816300452,success
512,2000,8,4,0.0,3.000000000000001,0.01,0.51,3.0,4,486,2,12,0,0.5581827391043389,0.3153010354303946,success
513,2000,8,4,0.0,3.000000000000001,0.01,0.52,3.0,4,487,2,11,0,0.5768215270069121,0.3236826825252302,success
506,2000,8,4,0.0,2.900000000000001,0.01,0.9600000000000004,3.0,3,497,0,3,0,0.3634810063002658,0.16241722325241065,success
514,2000,8,4,0.0,3.000000000000001,0.01,0.53,3.0,4,487,2,11,0,0.5927208102878552,0.34093372308275754,success
515,2000,8,4,0.0,3.000000000000001,0.01,0.54,3.0,4,487,2,11,0,0.5883394394440251,0.3437553867137311,success
516,2000,8,4,0.0,3.000000000000001,0.01,0.55,3.0,4,488,2,10,0,0.5338485830356396,0.3401539385886724,success
507,2000,8,4,0.0,2.900000000000001,0.01,0.9700000000000004,3.0,3,497,0,3,0,0.3634810063002658,0.16241722325241065,success
517,2000,8,4,0.0,3.000000000000001,0.01,0.56,3.0,4,488,2,10,0,0.5338485830356396,0.3401539385886724,success
518,2000,8,4,0.0,3.000000000000001,0.01,0.5700000000000001,3.0,4,488,2,10,0,0.5293766031812055,0.344121918816785,success
519,2000,8,4,0.0,3.000000000000001,0.01,0.5800000000000001,3.0,4,488,2,10,0,0.49197355169446944,0.3092611712314694,success
520,2000,8,4,0.0,3.000000000000001,0.01,0.5900000000000001,3.0,4,489,2,9,0,0.43124710932838967,0.27197102092925296,success
521,2000,8,4,0.0,3.000000000000001,0.01,0.6000000000000001,3.0,4,490,1,9,0,0.4264736322130078,0.2677797189564365,success
522,2000,8,4,0.0,3.000000000000001,0.01,0.6100000000000001,3.0,4,492,1,7,0,0.41352732945140264,0.2959740890366811,success
508,2000,8,4,0.0,2.900000000000001,0.01,0.9800000000000004,3.0,3,497,0,3,0,0.3503970723454409,0.14316113334165836,success
523,2000,8,4,0.0,3.000000000000001,0.01,0.6200000000000001,3.0,4,492,0,8,0,0.4683909492977778,0.31490699491274377,success
524,2000,8,4,0.0,3.000000000000001,0.01,0.6300000000000001,3.0,4,492,0,8,0,0.4683909492977778,0.31490699491274377,success
509,2000,8,4,0.0,2.900000000000001,0.01,0.9900000000000004,3.0,3,497,0,3,0,0.3503970723454409,0.14316113334165836,success
510,2000,8,4,0.0,2.900000000000001,0.01,1.0000000000000004,3.0,3,497,0,3,0,0.3503970723454409,0.14316113334165836,success
525,2000,8,4,0.0,3.000000000000001,0.01,0.6400000000000001,3.0,4,492,0,8,0,0.4683909492977778,0.31490699491274377,success
526,2000,8,4,0.0,3.000000000000001,0.01,0.6500000000000001,3.0,4,492,0,8,0,0.4675593352891065,0.31577313522066697,success
527,2000,8,4,0.0,3.000000000000001,0.01,0.6600000000000001,3.0,4,493,0,7,0,0.37804932835036764,0.25528247887825983,success
528,2000,8,4,0.0,3.000000000000001,0.01,0.6700000000000002,3.0,4,493,0,7,0,0.37804932835036764,0.25528247887825983,success
529,2000,8,4,0.0,3.000000000000001,0.01,0.6800000000000002,3.0,4,494,0,6,0,0.4017177154316775,0.2711042552207609,success
530,2000,8,4,0.0,3.000000000000001,0.01,0.6900000000000002,3.0,4,494,0,6,0,0.4008204606265233,0.27158094469111843,success
531,2000,8,4,0.0,3.000000000000001,0.01,0.7000000000000002,3.0,4,494,0,6,0,0.4008204606265233,0.27158094469111843,success
532,2000,8,4,0.0,3.000000000000001,0.01,0.7100000000000002,3.0,4,494,0,6,0,0.38869980383039343,0.24843677135695436,success
533,2000,8,4,0.0,3.000000000000001,0.01,0.7200000000000002,3.0,4,494,0,6,0,0.38869980383039343,0.24843677135695436,success
534,2000,8,4,0.0,3.000000000000001,0.01,0.7300000000000002,3.0,4,495,0,5,0,0.42180493139346104,0.26012043301573856,success
535,2000,8,4,0.0,3.000000000000001,0.01,0.7400000000000002,3.0,4,495,0,5,0,0.42180493139346104,0.26012043301573856,success
536,2000,8,4,0.0,3.000000000000001,0.01,0.7500000000000002,3.0,4,495,0,5,0,0.42180493139346104,0.26012043301573856,success
537,2000,8,4,0.0,3.000000000000001,0.01,0.7600000000000002,3.0,4,495,0,5,0,0.4196385674179404,0.2622324822087081,success
538,2000,8,4,0.0,3.000000000000001,0.01,0.7700000000000002,3.0,4,496,0,4,0,0.4716474048131645,0.27139461770473916,success
539,2000,8,4,0.0,3.000000000000001,0.01,0.7800000000000002,3.0,4,496,0,4,0,0.4716474048131645,0.27139461770473916,success
540,2000,8,4,0.0,3.000000000000001,0.01,0.7900000000000003,3.0,4,496,0,4,0,0.4716474048131645,0.27139461770473916,success
541,2000,8,4,0.0,3.000000000000001,0.01,0.8000000000000003,3.0,4,496,0,4,0,0.3589961545236081,0.17764232804489613,success
542,2000,8,4,0.0,3.000000000000001,0.01,0.8100000000000003,3.0,4,496,0,4,0,0.3589961545236081,0.17764232804489613,success
543,2000,8,4,0.0,3.000000000000001,0.01,0.8200000000000003,3.0,4,497,0,3,0,0.4011497131141719,0.19150368158008646,success
544,2000,8,4,0.0,3.000000000000001,0.01,0.8300000000000003,3.0,4,497,0,3,0,0.3864491076912418,0.20917732658397103,success
545,2000,8,4,0.0,3.000000000000001,0.01,0.8400000000000003,3.0,4,497,0,3,0,0.3864491076912418,0.20917732658397103,success
546,2000,8,4,0.0,3.000000000000001,0.01,0.8500000000000003,3.0,4,497,0,3,0,0.3802137681513538,0.21206140298201476,success
547,2000,8,4,0.0,3.000000000000001,0.01,0.8600000000000003,3.0,4,497,0,3,0,0.3802137681513538,0.21206140298201476,success
548,2000,8,4,0.0,3.000000000000001,0.01,0.8700000000000003,3.0,4,498,0,2,0,0.4131270093481872,0.28975107357446345,success
549,2000,8,4,0.0,3.000000000000001,0.01,0.8800000000000003,3.0,4,498,0,2,0,0.4131270093481335,0.28975107357453933,success
550,2000,8,4,0.0,3.000000000000001,0.01,0.8900000000000003,3.0,4,498,0,2,0,0.4131270093481335,0.28975107357453933,success
551,2000,8,4,0.0,3.000000000000001,0.01,0.9000000000000004,3.0,4,498,0,2,0,0.41312700934812585,0.2897510735745502,success
552,2000,8,4,0.0,3.000000000000001,0.01,0.9100000000000004,3.0,4,498,0,2,0,0.41312700934812585,0.2897510735745502,success
553,2000,8,4,0.0,3.000000000000001,0.01,0.9200000000000004,3.0,4,498,0,2,0,0.41312700934812585,0.2897510735745502,success
554,2000,8,4,0.0,3.000000000000001,0.01,0.9300000000000004,3.0,4,498,0,2,0,0.4096314426197264,0.2946945514500328,success
555,2000,8,4,0.0,3.000000000000001,0.01,0.9400000000000004,3.0,4,498,0,2,0,0.4096312281666722,0.29469485473245055,success
556,2000,8,4,0.0,3.000000000000001,0.01,0.9500000000000004,3.0,4,498,0,2,0,0.4096312281666722,0.29469485473245055,success
562,2000,8,4,0.0,3.100000000000001,0.01,0.5,3.0,4,482,2,16,0,0.5482671123877513,0.2762589357010511,success
557,2000,8,4,0.0,3.000000000000001,0.01,0.9600000000000004,3.0,4,498,0,2,0,0.4096312281666722,0.29469485473245055,success
563,2000,8,4,0.0,3.100000000000001,0.01,0.51,3.0,4,482,2,16,0,0.5635619255473452,0.29834310501542755,success
564,2000,8,4,0.0,3.100000000000001,0.01,0.52,3.0,4,483,2,15,0,0.5767333711771614,0.3039610230486195,success
566,2000,8,4,0.0,3.100000000000001,0.01,0.54,3.0,4,483,2,15,0,0.5777488063943014,0.32487260711499116,success
565,2000,8,4,0.0,3.100000000000001,0.01,0.53,3.0,4,483,2,15,0,0.5883928455831863,0.3172333345625308,success
567,2000,8,4,0.0,3.100000000000001,0.01,0.55,3.0,4,485,2,13,0,0.4959369432129772,0.304232818631697,success
558,2000,8,4,0.0,3.000000000000001,0.01,0.9700000000000004,3.0,4,498,0,2,0,0.4096312281666722,0.29469485473245055,success
568,2000,8,4,0.0,3.100000000000001,0.01,0.56,3.0,4,486,2,12,0,0.5120376659816709,0.31192232490242133,success
569,2000,8,4,0.0,3.100000000000001,0.01,0.5700000000000001,3.0,4,487,2,11,0,0.5250021710143151,0.3249608775568833,success
570,2000,8,4,0.0,3.100000000000001,0.01,0.5800000000000001,3.0,4,487,2,11,0,0.4909993969354641,0.2913757673341281,success
571,2000,8,4,0.0,3.100000000000001,0.01,0.5900000000000001,3.0,4,489,2,9,0,0.4386984071020949,0.2696220212880824,success
572,2000,8,4,0.0,3.100000000000001,0.01,0.6000000000000001,3.0,4,490,1,9,0,0.433924929986713,0.2655443566924652,success
573,2000,8,4,0.0,3.100000000000001,0.01,0.6100000000000001,3.0,4,492,1,7,0,0.41352732945140264,0.2959740890366811,success
574,2000,8,4,0.0,3.100000000000001,0.01,0.6200000000000001,3.0,4,492,0,8,0,0.4683909492977778,0.31490699491274377,success
559,2000,8,4,0.0,3.000000000000001,0.01,0.9800000000000004,3.0,4,498,0,2,0,0.40900617288185553,0.2955788163934712,success
575,2000,8,4,0.0,3.100000000000001,0.01,0.6300000000000001,3.0,4,492,0,8,0,0.4683909492977778,0.31490699491274377,success
576,2000,8,4,0.0,3.100000000000001,0.01,0.6400000000000001,3.0,4,492,0,8,0,0.4683909492977778,0.31490699491274377,success
561,2000,8,4,0.0,3.000000000000001,0.01,1.0000000000000004,3.0,4,499,0,1,0,0.6180119583287725,,success
577,2000,8,4,0.0,3.100000000000001,0.01,0.6500000000000001,3.0,4,492,0,8,0,0.4675593352891065,0.31577313522066697,success
560,2000,8,4,0.0,3.000000000000001,0.01,0.9900000000000004,3.0,4,498,0,2,0,0.40900617288185553,0.2955788163934712,success
578,2000,8,4,0.0,3.100000000000001,0.01,0.6600000000000001,3.0,4,493,0,7,0,0.37804932835036764,0.25528247887825983,success
579,2000,8,4,0.0,3.100000000000001,0.01,0.6700000000000002,3.0,4,493,0,7,0,0.37804932835036764,0.25528247887825983,success
580,2000,8,4,0.0,3.100000000000001,0.01,0.6800000000000002,3.0,4,494,0,6,0,0.4017177409221697,0.2711042298957065,success
581,2000,8,4,0.0,3.100000000000001,0.01,0.6900000000000002,3.0,4,494,0,6,0,0.40082048611701554,0.27158091951157476,success
582,2000,8,4,0.0,3.100000000000001,0.01,0.7000000000000002,3.0,4,494,0,6,0,0.40082048611701554,0.27158091951157476,success
583,2000,8,4,0.0,3.100000000000001,0.01,0.7100000000000002,3.0,4,494,0,6,0,0.38869982932088565,0.2484367453240509,success
584,2000,8,4,0.0,3.100000000000001,0.01,0.7200000000000002,3.0,4,494,0,6,0,0.38869982932088565,0.2484367453240509,success
585,2000,8,4,0.0,3.100000000000001,0.01,0.7300000000000002,3.0,4,495,0,5,0,0.42180493139346104,0.26012043301573856,success
586,2000,8,4,0.0,3.100000000000001,0.01,0.7400000000000002,3.0,4,495,0,5,0,0.42180493139346104,0.26012043301573856,success
587,2000,8,4,0.0,3.100000000000001,0.01,0.7500000000000002,3.0,4,495,0,5,0,0.42180493139346104,0.26012043301573856,success
588,2000,8,4,0.0,3.100000000000001,0.01,0.7600000000000002,3.0,4,495,0,5,0,0.4196385674179404,0.2622324822087081,success
589,2000,8,4,0.0,3.100000000000001,0.01,0.7700000000000002,3.0,4,496,0,4,0,0.4716474048131645,0.27139461770473916,success
590,2000,8,4,0.0,3.100000000000001,0.01,0.7800000000000002,3.0,4,496,0,4,0,0.4716474048131645,0.27139461770473916,success
591,2000,8,4,0.0,3.100000000000001,0.01,0.7900000000000003,3.0,4,496,0,4,0,0.4716474048131645,0.27139461770473916,success
592,2000,8,4,0.0,3.100000000000001,0.01,0.8000000000000003,3.0,4,496,0,4,0,0.3652596066301579,0.17672593289974373,success
593,2000,8,4,0.0,3.100000000000001,0.01,0.8100000000000003,3.0,4,496,0,4,0,0.3652596066301579,0.17672593289974373,success
594,2000,8,4,0.0,3.100000000000001,0.01,0.8200000000000003,3.0,4,497,0,3,0,0.4095009825895716,0.18736138064775762,success
595,2000,8,4,0.0,3.100000000000001,0.01,0.8300000000000003,3.0,4,497,0,3,0,0.3948003771666415,0.20628641983499368,success
596,2000,8,4,0.0,3.100000000000001,0.01,0.8400000000000003,3.0,4,497,0,3,0,0.3948003771666415,0.20628641983499368,success
597,2000,8,4,0.0,3.100000000000001,0.01,0.8500000000000003,3.0,4,497,0,3,0,0.3860460700585408,0.20946779696738102,success
599,2000,8,4,0.0,3.100000000000001,0.01,0.8700000000000003,3.0,4,498,0,2,0,0.41338849962796576,0.28938127047437184,success
598,2000,8,4,0.0,3.100000000000001,0.01,0.8600000000000003,3.0,4,497,0,3,0,0.3860460700585408,0.20946779696738102,success
600,2000,8,4,0.0,3.100000000000001,0.01,0.8800000000000003,3.0,4,498,0,2,0,0.41338849962796576,0.28938127047437184,success
601,2000,8,4,0.0,3.100000000000001,0.01,0.8900000000000003,3.0,4,498,0,2,0,0.41338849962796576,0.28938127047437184,success
602,2000,8,4,0.0,3.100000000000001,0.01,0.9000000000000004,3.0,4,498,0,2,0,0.41338849962796576,0.28938127047437184,success
603,2000,8,4,0.0,3.100000000000001,0.01,0.9100000000000004,3.0,4,498,0,2,0,0.41338849962796576,0.28938127047437184,success
604,2000,8,4,0.0,3.100000000000001,0.01,0.9200000000000004,3.0,4,498,0,2,0,0.4133806944605948,0.2893923086479245,success
605,2000,8,4,0.0,3.100000000000001,0.01,0.9300000000000004,3.0,4,498,0,2,0,0.4098308503552559,0.2944125463260049,success
606,2000,8,4,0.0,3.100000000000001,0.01,0.9400000000000004,3.0,4,498,0,2,0,0.4098308503552559,0.2944125463260049,success
607,2000,8,4,0.0,3.100000000000001,0.01,0.9500000000000004,3.0,4,498,0,2,0,0.4098308503552559,0.2944125463260049,success
608,2000,8,4,0.0,3.100000000000001,0.01,0.9600000000000004,3.0,4,498,0,2,0,0.4098308503552559,0.2944125463260049,success
609,2000,8,4,0.0,3.100000000000001,0.01,0.9700000000000004,3.0,4,498,0,2,0,0.4098308503552559,0.2944125463260049,success
610,2000,8,4,0.0,3.100000000000001,0.01,0.9800000000000004,3.0,4,498,0,2,0,0.40900749036936,0.29557695318477417,success
611,2000,8,4,0.0,3.100000000000001,0.01,0.9900000000000004,3.0,4,498,0,2,0,0.40900749036936,0.29557695318477417,success
613,2000,8,4,0.0,3.200000000000001,0.01,0.5,3.0,4,478,2,20,0,0.5940764972858525,0.28246308859416136,success
614,2000,8,4,0.0,3.200000000000001,0.01,0.51,3.0,4,479,2,19,0,0.5881286670419974,0.2889136156740372,success
612,2000,8,4,0.0,3.100000000000001,0.01,1.0000000000000004,3.0,4,499,0,1,0,0.6180119583287725,,success
615,2000,8,4,0.0,3.200000000000001,0.01,0.52,3.0,4,480,2,18,0,0.5852694113642241,0.2979753120239846,success
616,2000,8,4,0.0,3.200000000000001,0.01,0.53,3.0,4,480,2,18,0,0.5949856400359114,0.3089067580843298,success
618,2000,8,4,0.0,3.200000000000001,0.01,0.55,3.0,4,482,2,16,0,0.518452786895645,0.30077193211200304,success
617,2000,8,4,0.0,3.200000000000001,0.01,0.54,3.0,4,480,2,18,0,0.5864633393816674,0.31527285815096817,success
619,2000,8,4,0.0,3.200000000000001,0.01,0.56,3.0,4,483,2,15,0,0.5324171429523191,0.30591263337023833,success
620,2000,8,4,0.0,3.200000000000001,0.01,0.5700000000000001,3.0,4,484,2,14,0,0.5440592166901572,0.314963216056194,success
621,2000,8,4,0.0,3.200000000000001,0.01,0.5800000000000001,3.0,4,484,2,14,0,0.5196391344848439,0.2894063552295312,success
622,2000,8,4,0.0,3.200000000000001,0.01,0.5900000000000001,3.0,4,486,2,12,0,0.4851866817013802,0.27913743286648324,success
623,2000,8,4,0.0,3.200000000000001,0.01,0.6000000000000001,3.0,4,487,1,12,0,0.4816065738648438,0.27694479271301947,success
624,2000,8,4,0.0,3.200000000000001,0.01,0.6100000000000001,3.0,4,489,1,10,0,0.47686458226575273,0.30128113356244707,success
625,2000,8,4,0.0,3.200000000000001,0.01,0.6200000000000001,3.0,4,489,1,10,0,0.46611386366622,0.30507828559965416,success
626,2000,8,4,0.0,3.200000000000001,0.01,0.6300000000000001,3.0,4,489,1,10,0,0.46611386366622,0.30507828559965416,success
627,2000,8,4,0.0,3.200000000000001,0.01,0.6400000000000001,3.0,4,489,1,10,0,0.46611386366622,0.30507828559965416,success
628,2000,8,4,0.0,3.200000000000001,0.01,0.6500000000000001,3.0,4,489,1,10,0,0.4614814916377098,0.30792352809638723,success
629,2000,8,4,0.0,3.200000000000001,0.01,0.6600000000000001,3.0,4,490,1,9,0,0.38916590706718995,0.2617711423296737,success
630,2000,8,4,0.0,3.200000000000001,0.01,0.6700000000000002,3.0,4,490,1,9,0,0.38916590706718995,0.2617711423296737,success
631,2000,8,4,0.0,3.200000000000001,0.01,0.6800000000000002,3.0,4,491,1,8,0,0.4083067888356443,0.27302929119658803,success
632,2000,8,4,0.0,3.200000000000001,0.01,0.6900000000000002,3.0,4,491,1,8,0,0.4076042795449324,0.273346800207672,success
633,2000,8,4,0.0,3.200000000000001,0.01,0.7000000000000002,3.0,4,491,1,8,0,0.40545680528643563,0.2739226582541481,success
634,2000,8,4,0.0,3.200000000000001,0.01,0.7100000000000002,3.0,4,491,1,8,0,0.40545680528643563,0.2739226582541481,success
635,2000,8,4,0.0,3.200000000000001,0.01,0.7200000000000002,3.0,4,491,1,8,0,0.40545680528643563,0.2739226582541481,success
636,2000,8,4,0.0,3.200000000000001,0.01,0.7300000000000002,3.0,4,492,1,7,0,0.4288311230478104,0.2850442051537839,success
637,2000,8,4,0.0,3.200000000000001,0.01,0.7400000000000002,3.0,4,492,1,7,0,0.4288311230478104,0.2850442051537839,success
638,2000,8,4,0.0,3.200000000000001,0.01,0.7500000000000002,3.0,4,493,1,6,0,0.4414408850687317,0.31010415580094874,success
639,2000,8,4,0.0,3.200000000000001,0.01,0.7600000000000002,3.0,4,493,1,6,0,0.4393032767416445,0.3118660735601189,success
640,2000,8,4,0.0,3.200000000000001,0.01,0.7700000000000002,3.0,4,494,1,5,0,0.48309351786895005,0.32740444508642547,success
641,2000,8,4,0.0,3.200000000000001,0.01,0.7800000000000002,3.0,4,494,1,5,0,0.48309351786895005,0.32740444508642547,success
642,2000,8,4,0.0,3.200000000000001,0.01,0.7900000000000003,3.0,4,494,1,5,0,0.48309351786895005,0.32740444508642547,success
643,2000,8,4,0.0,3.200000000000001,0.01,0.8000000000000003,3.0,4,494,0,6,0,0.4757557194011451,0.29339051833350865,success
644,2000,8,4,0.0,3.200000000000001,0.01,0.8100000000000003,3.0,4,495,0,5,0,0.370906863281374,0.15858081721262127,success
645,2000,8,4,0.0,3.200000000000001,0.01,0.8200000000000003,3.0,4,495,0,5,0,0.370906863281374,0.15858081721262127,success
646,2000,8,4,0.0,3.200000000000001,0.01,0.8300000000000003,3.0,4,496,0,4,0,0.3894856690187155,0.17922959435090802,success
647,2000,8,4,0.0,3.200000000000001,0.01,0.8400000000000003,3.0,4,496,0,4,0,0.3894856690187155,0.17922959435090802,success
648,2000,8,4,0.0,3.200000000000001,0.01,0.8500000000000003,3.0,4,496,0,4,0,0.3737342414497618,0.17627202326339886,success
649,2000,8,4,0.0,3.200000000000001,0.01,0.8600000000000003,3.0,4,496,0,4,0,0.3737342414497618,0.17627202326339886,success
650,2000,8,4,0.0,3.200000000000001,0.01,0.8700000000000003,3.0,4,497,0,3,0,0.372182291415129,0.2166186374413218,success
651,2000,8,4,0.0,3.200000000000001,0.01,0.8800000000000003,3.0,4,497,0,3,0,0.372182291415129,0.2166186374413218,success
652,2000,8,4,0.0,3.200000000000001,0.01,0.8900000000000003,3.0,4,497,0,3,0,0.372182291415129,0.2166186374413218,success
653,2000,8,4,0.0,3.200000000000001,0.01,0.9000000000000004,3.0,4,497,0,3,0,0.372182291415129,0.2166186374413218,success
654,2000,8,4,0.0,3.200000000000001,0.01,0.9100000000000004,3.0,4,497,0,3,0,0.372182291415129,0.2166186374413218,success
655,2000,8,4,0.0,3.200000000000001,0.01,0.9200000000000004,3.0,4,497,0,3,0,0.372182291415129,0.2166186374413218,success
656,2000,8,4,0.0,3.200000000000001,0.01,0.9300000000000004,3.0,4,497,0,3,0,0.36891352882550305,0.219913745183398,success
657,2000,8,4,0.0,3.200000000000001,0.01,0.9400000000000004,3.0,4,497,0,3,0,0.36891352882550305,0.219913745183398,success
658,2000,8,4,0.0,3.200000000000001,0.01,0.9500000000000004,3.0,4,497,0,3,0,0.36891352882550305,0.219913745183398,success
659,2000,8,4,0.0,3.200000000000001,0.01,0.9600000000000004,3.0,4,497,0,3,0,0.36891352882550305,0.219913745183398,success
660,2000,8,4,0.0,3.200000000000001,0.01,0.9700000000000004,3.0,4,497,0,3,0,0.36891352882550305,0.219913745183398,success
661,2000,8,4,0.0,3.200000000000001,0.01,0.9800000000000004,3.0,4,497,0,3,0,0.36838549727299535,0.2205172406934489,success
662,2000,8,4,0.0,3.200000000000001,0.01,0.9900000000000004,3.0,4,497,0,3,0,0.36838549727299535,0.2205172406934489,success
664,2000,8,4,0.0,3.300000000000001,0.01,0.5,3.0,4,464,7,29,0,0.6613950218753301,0.2745194681580963,success
663,2000,8,4,0.0,3.200000000000001,0.01,1.0000000000000004,3.0,4,499,0,1,0,0.6180119583287725,,success
665,2000,8,4,0.0,3.300000000000001,0.01,0.51,3.0,4,465,7,28,0,0.6597632272309096,0.2794136797125782,success
666,2000,8,4,0.0,3.300000000000001,0.01,0.52,3.0,4,466,6,28,0,0.6806850858513561,0.28226213790592714,success
667,2000,8,4,0.0,3.300000000000001,0.01,0.53,3.0,4,467,5,28,0,0.6708084561726032,0.2818594902751987,success
669,2000,8,4,0.0,3.300000000000001,0.01,0.55,3.0,4,471,5,24,0,0.5986724934382002,0.2802219123214813,success
668,2000,8,4,0.0,3.300000000000001,0.01,0.54,3.0,4,469,5,26,0,0.63958597542525,0.28249246328246796,success
670,2000,8,4,0.0,3.300000000000001,0.01,0.56,3.0,4,472,5,23,0,0.6112674954987508,0.279487628030438,success
671,2000,8,4,0.0,3.300000000000001,0.01,0.5700000000000001,3.0,4,472,5,23,0,0.6081403137706355,0.2823586889233527,success
672,2000,8,4,0.0,3.300000000000001,0.01,0.5800000000000001,3.0,4,473,5,22,0,0.584834584325193,0.2762165552905681,success
673,2000,8,4,0.0,3.300000000000001,0.01,0.5900000000000001,3.0,4,475,5,20,0,0.5706826576391497,0.2739687097486393,success
674,2000,8,4,0.0,3.300000000000001,0.01,0.6000000000000001,3.0,4,476,4,20,0,0.5835117037660522,0.2881247943927487,success
675,2000,8,4,0.0,3.300000000000001,0.01,0.6100000000000001,3.0,4,478,4,18,0,0.6024095456876979,0.29824514339574937,success
676,2000,8,4,0.0,3.300000000000001,0.01,0.6200000000000001,3.0,4,479,3,18,0,0.5872094129156673,0.3041127635111322,success
677,2000,8,4,0.0,3.300000000000001,0.01,0.6300000000000001,3.0,4,480,3,17,0,0.6002216671989458,0.3082639087279171,success
678,2000,8,4,0.0,3.300000000000001,0.01,0.6400000000000001,3.0,4,481,3,16,0,0.5905558054372957,0.3157017096827836,success
679,2000,8,4,0.0,3.300000000000001,0.01,0.6500000000000001,3.0,4,481,3,16,0,0.5860300701548764,0.3179491136922352,success
680,2000,8,4,0.0,3.300000000000001,0.01,0.6600000000000001,3.0,4,482,3,15,0,0.5486335816408496,0.31370488092589915,success
681,2000,8,4,0.0,3.300000000000001,0.01,0.6700000000000002,3.0,4,482,3,15,0,0.5486335816408496,0.31370488092589915,success
682,2000,8,4,0.0,3.300000000000001,0.01,0.6800000000000002,3.0,4,484,3,13,0,0.520371517018894,0.3111479429205998,success
683,2000,8,4,0.0,3.300000000000001,0.01,0.6900000000000002,3.0,4,484,3,13,0,0.5198900419375955,0.31150693578206046,success
684,2000,8,4,0.0,3.300000000000001,0.01,0.7000000000000002,3.0,4,484,3,13,0,0.5189032312316223,0.3120548970743354,success
685,2000,8,4,0.0,3.300000000000001,0.01,0.7100000000000002,3.0,4,484,3,13,0,0.5189032312316223,0.3120548970743354,success
686,2000,8,4,0.0,3.300000000000001,0.01,0.7200000000000002,3.0,4,485,3,12,0,0.47881183383425735,0.288853086721549,success
687,2000,8,4,0.0,3.300000000000001,0.01,0.7300000000000002,3.0,4,486,3,11,0,0.5001126911204863,0.2915604941631049,success
688,2000,8,4,0.0,3.300000000000001,0.01,0.7400000000000002,3.0,4,486,3,11,0,0.5001126911204863,0.2915604941631049,success
689,2000,8,4,0.0,3.300000000000001,0.01,0.7500000000000002,3.0,4,488,3,9,0,0.4608963390447851,0.2656960647890135,success
690,2000,8,4,0.0,3.300000000000001,0.01,0.7600000000000002,3.0,4,488,3,9,0,0.45947126682672706,0.2671007977203341,success
691,2000,8,4,0.0,3.300000000000001,0.01,0.7700000000000002,3.0,4,489,3,8,0,0.4893611662919283,0.2689709093828982,success
692,2000,8,4,0.0,3.300000000000001,0.01,0.7800000000000002,3.0,4,489,3,8,0,0.45525565074587326,0.25431880763814946,success
693,2000,8,4,0.0,3.300000000000001,0.01,0.7900000000000003,3.0,4,489,3,8,0,0.4537853201605068,0.25587121827789366,success
696,2000,8,4,0.0,3.300000000000001,0.01,0.8200000000000003,3.0,4,491,2,7,0,0.37644402011364486,0.14018024788235786,success
694,2000,8,4,0.0,3.300000000000001,0.01,0.8000000000000003,3.0,4,490,2,8,0,0.4543885175994392,0.2558242460093269,success
695,2000,8,4,0.0,3.300000000000001,0.01,0.8100000000000003,3.0,4,491,2,7,0,0.37644402011364486,0.14018024788235786,success
697,2000,8,4,0.0,3.300000000000001,0.01,0.8300000000000003,3.0,4,492,2,6,0,0.3819741279831228,0.15092594260152029,success
699,2000,8,4,0.0,3.300000000000001,0.01,0.8500000000000003,3.0,4,492,2,6,0,0.3715319437949864,0.14833092721682026,success
698,2000,8,4,0.0,3.300000000000001,0.01,0.8400000000000003,3.0,4,492,2,6,0,0.3819741279831228,0.15092594260152029,success
700,2000,8,4,0.0,3.300000000000001,0.01,0.8600000000000003,3.0,4,492,2,6,0,0.3715319437949864,0.14833092721682026,success
701,2000,8,4,0.0,3.300000000000001,0.01,0.8700000000000003,3.0,4,493,1,6,0,0.42597751526032407,0.2029906641409877,success
702,2000,8,4,0.0,3.300000000000001,0.01,0.8800000000000003,3.0,4,494,1,5,0,0.3697559639285689,0.1667334426693702,success
703,2000,8,4,0.0,3.300000000000001,0.01,0.8900000000000003,3.0,4,494,1,5,0,0.3697559639285689,0.1667334426693702,success
704,2000,8,4,0.0,3.300000000000001,0.01,0.9000000000000004,3.0,4,495,1,4,0,0.40929415045145,0.16323275789207448,success
705,2000,8,4,0.0,3.300000000000001,0.01,0.9100000000000004,3.0,4,495,1,4,0,0.40929415045145,0.16323275789207448,success
706,2000,8,4,0.0,3.300000000000001,0.01,0.9200000000000004,3.0,4,495,1,4,0,0.40929415045145,0.16323275789207448,success
707,2000,8,4,0.0,3.300000000000001,0.01,0.9300000000000004,3.0,4,495,1,4,0,0.40727577613437893,0.16638422498514063,success
708,2000,8,4,0.0,3.300000000000001,0.01,0.9400000000000004,3.0,4,495,1,4,0,0.40727577613437893,0.16638422498514063,success
709,2000,8,4,0.0,3.300000000000001,0.01,0.9500000000000004,3.0,4,495,1,4,0,0.3811464459184125,0.1744040744093219,success
710,2000,8,4,0.0,3.300000000000001,0.01,0.9600000000000004,3.0,4,495,1,4,0,0.3779378490804605,0.17643391881603396,success
711,2000,8,4,0.0,3.300000000000001,0.01,0.9700000000000004,3.0,4,495,1,4,0,0.3779378490804605,0.17643391881603396,success
712,2000,8,4,0.0,3.300000000000001,0.01,0.9800000000000004,3.0,4,495,1,4,0,0.3774217414676707,0.1770858623609954,success
713,2000,8,4,0.0,3.300000000000001,0.01,0.9900000000000004,3.0,4,495,1,4,0,0.3774217414676707,0.1770858623609954,success
714,2000,8,4,0.0,3.300000000000001,0.01,1.0000000000000004,3.0,4,497,1,2,0,0.453952920482809,0.2320145163516425,success
715,2000,8,4,0.0,3.4000000000000012,0.01,0.5,3.0,4,458,9,33,0,0.6805487212379588,0.2851673198130544,success
716,2000,8,4,0.0,3.4000000000000012,0.01,0.51,3.0,4,459,9,32,0,0.6797194540291732,0.2896898572303401,success
717,2000,8,4,0.0,3.4000000000000012,0.01,0.52,3.0,4,461,8,31,0,0.6882849861389045,0.29032999737344406,success
719,2000,8,4,0.0,3.4000000000000012,0.01,0.54,3.0,4,464,7,29,0,0.641861131015299,0.28494264258801916,success
718,2000,8,4,0.0,3.4000000000000012,0.01,0.53,3.0,4,462,7,31,0,0.6793641593322891,0.2902343962154096,success
720,2000,8,4,0.0,3.4000000000000012,0.01,0.55,3.0,4,465,7,28,0,0.618825660497783,0.2898720719887149,success
721,2000,8,4,0.0,3.4000000000000012,0.01,0.56,3.0,4,466,7,27,0,0.6300632448678587,0.2892168286405961,success
722,2000,8,4,0.0,3.4000000000000012,0.01,0.5700000000000001,3.0,4,466,7,27,0,0.6273993493216864,0.2917474480926675,success
723,2000,8,4,0.0,3.4000000000000012,0.01,0.5800000000000001,3.0,4,467,7,26,0,0.6085296335906446,0.2885192829555197,success
724,2000,8,4,0.0,3.4000000000000012,0.01,0.5900000000000001,3.0,4,469,7,24,0,0.598710948791063,0.2888490987739311,success
725,2000,8,4,0.0,3.4000000000000012,0.01,0.6000000000000001,3.0,4,470,6,24,0,0.6094018205634817,0.29900754892407544,success
726,2000,8,4,0.0,3.4000000000000012,0.01,0.6100000000000001,3.0,4,472,5,23,0,0.6170175019988217,0.3033383649233707,success
728,2000,8,4,0.0,3.4000000000000012,0.01,0.6300000000000001,3.0,4,476,4,20,0,0.6205236323253327,0.32377496769997166,success
727,2000,8,4,0.0,3.4000000000000012,0.01,0.6200000000000001,3.0,4,473,4,23,0,0.6051217459163631,0.30846350558734453,success
729,2000,8,4,0.0,3.4000000000000012,0.01,0.6400000000000001,3.0,4,477,4,19,0,0.613452483743227,0.3310567197467455,success
730,2000,8,4,0.0,3.4000000000000012,0.01,0.6500000000000001,3.0,4,477,4,19,0,0.6096415937729229,0.3331248094032715,success
731,2000,8,4,0.0,3.4000000000000012,0.01,0.6600000000000001,3.0,4,478,4,18,0,0.579676485909832,0.3334507260831731,success
732,2000,8,4,0.0,3.4000000000000012,0.01,0.6700000000000002,3.0,4,479,4,17,0,0.5549515733162926,0.3262624763598823,success
733,2000,8,4,0.0,3.4000000000000012,0.01,0.6800000000000002,3.0,4,481,4,15,0,0.531300307769149,0.3266404171586386,success
734,2000,8,4,0.0,3.4000000000000012,0.01,0.6900000000000002,3.0,4,481,4,15,0,0.531300307769149,0.3266404171586386,success
735,2000,8,4,0.0,3.4000000000000012,0.01,0.7000000000000002,3.0,4,481,4,15,0,0.5304450718239723,0.32712057242719994,success
736,2000,8,4,0.0,3.4000000000000012,0.01,0.7100000000000002,3.0,4,482,4,14,0,0.49690543409711313,0.3115568391053482,success
737,2000,8,4,0.0,3.4000000000000012,0.01,0.7200000000000002,3.0,4,483,4,13,0,0.45820585210458337,0.28712743109824607,success
738,2000,8,4,0.0,3.4000000000000012,0.01,0.7300000000000002,3.0,4,484,4,12,0,0.4741822419144947,0.2921860020273743,success
739,2000,8,4,0.0,3.4000000000000012,0.01,0.7400000000000002,3.0,4,484,4,12,0,0.4741822419144947,0.2921860020273743,success
740,2000,8,4,0.0,3.4000000000000012,0.01,0.7500000000000002,3.0,4,486,4,10,0,0.43370143520516535,0.26490766534726995,success
741,2000,8,4,0.0,3.4000000000000012,0.01,0.7600000000000002,3.0,4,486,4,10,0,0.43257154796506203,0.2658668044019783,success
742,2000,8,4,0.0,3.4000000000000012,0.01,0.7700000000000002,3.0,4,487,4,9,0,0.4556646919713796,0.27114802740790667,success
743,2000,8,4,0.0,3.4000000000000012,0.01,0.7800000000000002,3.0,4,487,4,9,0,0.42534867815266403,0.2542501563733984,success
744,2000,8,4,0.0,3.4000000000000012,0.01,0.7900000000000003,3.0,4,487,4,9,0,0.4240417176323383,0.25543777583262794,success
745,2000,8,4,0.0,3.4000000000000012,0.01,0.8000000000000003,3.0,4,488,3,9,0,0.4245778931336115,0.25546692392527837,success
746,2000,8,4,0.0,3.4000000000000012,0.01,0.8100000000000003,3.0,4,489,3,8,0,0.35265012977531296,0.14619330039094483,success
747,2000,8,4,0.0,3.4000000000000012,0.01,0.8200000000000003,3.0,4,489,3,8,0,0.35265012977531296,0.14619330039094483,success
748,2000,8,4,0.0,3.4000000000000012,0.01,0.8300000000000003,3.0,4,490,3,7,0,0.3555943492299271,0.15487932878320812,success
749,2000,8,4,0.0,3.4000000000000012,0.01,0.8400000000000003,3.0,4,490,3,7,0,0.3555943492299271,0.15487932878320812,success
750,2000,8,4,0.0,3.4000000000000012,0.01,0.8500000000000003,3.0,4,490,3,7,0,0.34711672686699174,0.15112749592482888,success
751,2000,8,4,0.0,3.4000000000000012,0.01,0.8600000000000003,3.0,4,490,3,7,0,0.34711672686699174,0.15112749592482888,success
752,2000,8,4,0.0,3.4000000000000012,0.01,0.8700000000000003,3.0,4,492,1,7,0,0.39368737143974897,0.20442530645967597,success
753,2000,8,4,0.0,3.4000000000000012,0.01,0.8800000000000003,3.0,4,493,1,6,0,0.34145438802652367,0.16501532302453095,success
754,2000,8,4,0.0,3.4000000000000012,0.01,0.8900000000000003,3.0,4,493,1,6,0,0.34145438802652367,0.16501532302453095,success
755,2000,8,4,0.0,3.4000000000000012,0.01,0.9000000000000004,3.0,4,494,1,5,0,0.36742462206441956,0.17023270285476796,success
756,2000,8,4,0.0,3.4000000000000012,0.01,0.9100000000000004,3.0,4,494,1,5,0,0.36742462206441956,0.17023270285476796,success
757,2000,8,4,0.0,3.4000000000000012,0.01,0.9200000000000004,3.0,4,494,1,5,0,0.36742462206441956,0.17023270285476796,success
759,2000,8,4,0.0,3.4000000000000012,0.01,0.9400000000000004,3.0,4,494,1,5,0,0.3635373483491743,0.1745640358394272,success
758,2000,8,4,0.0,3.4000000000000012,0.01,0.9300000000000004,3.0,4,494,1,5,0,0.3635373483491743,0.1745640358394272,success
760,2000,8,4,0.0,3.4000000000000012,0.01,0.9500000000000004,3.0,4,494,1,5,0,0.34263388417640117,0.17427920839159788,success
761,2000,8,4,0.0,3.4000000000000012,0.01,0.9600000000000004,3.0,4,494,1,5,0,0.34006700670603957,0.17510645000210567,success
763,2000,8,4,0.0,3.4000000000000012,0.01,0.9800000000000004,3.0,4,494,1,5,0,0.34006700670603957,0.17510645000210567,success
762,2000,8,4,0.0,3.4000000000000012,0.01,0.9700000000000004,3.0,4,494,1,5,0,0.34006700670603957,0.17510645000210567,success
764,2000,8,4,0.0,3.4000000000000012,0.01,0.9900000000000004,3.0,4,494,1,5,0,0.34006700670603957,0.17510645000210567,success
765,2000,8,4,0.0,3.4000000000000012,0.01,1.0000000000000004,3.0,4,495,1,4,0,0.3269350227160055,0.19933229815149497,success
766,2000,8,4,0.0,3.5000000000000013,0.01,0.5,3.0,4,448,13,39,0,0.7088129797483683,0.27785853171706903,success
767,2000,8,4,0.0,3.5000000000000013,0.01,0.51,3.0,4,449,13,38,0,0.7088584457438752,0.28158819630783954,success
768,2000,8,4,0.0,3.5000000000000013,0.01,0.52,3.0,4,451,13,36,0,0.7068804186013977,0.2822207511587974,success
769,2000,8,4,0.0,3.5000000000000013,0.01,0.53,3.0,4,454,11,35,0,0.6906042696755782,0.2819884851979738,success
770,2000,8,4,0.0,3.5000000000000013,0.01,0.54,3.0,4,456,10,34,0,0.6536715676114102,0.2755070943517878,success
771,2000,8,4,0.0,3.5000000000000013,0.01,0.55,3.0,4,457,10,33,0,0.6366578741548492,0.2784471432825287,success
772,2000,8,4,0.0,3.5000000000000013,0.01,0.56,3.0,4,458,10,32,0,0.646696842643884,0.27686051943343154,success
773,2000,8,4,0.0,3.5000000000000013,0.01,0.5700000000000001,3.0,4,458,10,32,0,0.6444491807768011,0.27921849679594046,success
774,2000,8,4,0.0,3.5000000000000013,0.01,0.5800000000000001,3.0,4,459,10,31,0,0.6291729621460925,0.27709012030163926,success
775,2000,8,4,0.0,3.5000000000000013,0.01,0.5900000000000001,3.0,4,461,10,29,0,0.6237988157636828,0.2750845822912505,success
776,2000,8,4,0.0,3.5000000000000013,0.01,0.6000000000000001,3.0,4,463,9,28,0,0.6195266635601733,0.2791510094865348,success
777,2000,8,4,0.0,3.5000000000000013,0.01,0.6100000000000001,3.0,4,465,8,27,0,0.6263890900790442,0.28205158379458994,success
778,2000,8,4,0.0,3.5000000000000013,0.01,0.6200000000000001,3.0,4,466,7,27,0,0.6180406711673989,0.2856226709129224,success
779,2000,8,4,0.0,3.5000000000000013,0.01,0.6300000000000001,3.0,4,469,7,24,0,0.6315712011208602,0.2961458365623857,success
780,2000,8,4,0.0,3.5000000000000013,0.01,0.6400000000000001,3.0,4,470,7,23,0,0.6262101465876215,0.30160850752509966,success
781,2000,8,4,0.0,3.5000000000000013,0.01,0.6500000000000001,3.0,4,470,7,23,0,0.6233510660463459,0.3031669436201423,success
782,2000,8,4,0.0,3.5000000000000013,0.01,0.6600000000000001,3.0,4,471,7,22,0,0.597490653126073,0.3047056355424802,success
783,2000,8,4,0.0,3.5000000000000013,0.01,0.6700000000000002,3.0,4,472,7,21,0,0.5783235413701717,0.29833096512121227,success
784,2000,8,4,0.0,3.5000000000000013,0.01,0.6800000000000002,3.0,4,473,7,20,0,0.5840063547008402,0.3053583140731352,success
785,2000,8,4,0.0,3.5000000000000013,0.01,0.6900000000000002,3.0,4,473,7,20,0,0.5840063547008402,0.3053583140731352,success
786,2000,8,4,0.0,3.5000000000000013,0.01,0.7000000000000002,3.0,4,473,7,20,0,0.5840063547008402,0.3053583140731352,success
787,2000,8,4,0.0,3.5000000000000013,0.01,0.7100000000000002,3.0,4,474,7,19,0,0.5621119523166739,0.2971598573074247,success
788,2000,8,4,0.0,3.5000000000000013,0.01,0.7200000000000002,3.0,4,476,7,17,0,0.5105957114127532,0.26935839013696156,success
789,2000,8,4,0.0,3.5000000000000013,0.01,0.7300000000000002,3.0,4,477,7,16,0,0.49839062879700236,0.289840638738777,success
790,2000,8,4,0.0,3.5000000000000013,0.01,0.7400000000000002,3.0,4,477,7,16,0,0.49839062879700236,0.289840638738777,success
791,2000,8,4,0.0,3.5000000000000013,0.01,0.7500000000000002,3.0,4,478,7,15,0,0.46495000405013587,0.26615353328710695,success
792,2000,8,4,0.0,3.5000000000000013,0.01,0.7600000000000002,3.0,4,478,7,15,0,0.45056811066649005,0.2701040644962165,success
793,2000,8,4,0.0,3.5000000000000013,0.01,0.7700000000000002,3.0,4,480,7,13,0,0.47986291818790777,0.2791661412359365,success
794,2000,8,4,0.0,3.5000000000000013,0.01,0.7800000000000002,3.0,4,480,7,13,0,0.4588749086211047,0.2707904641629757,success
795,2000,8,4,0.0,3.5000000000000013,0.01,0.7900000000000003,3.0,4,480,7,13,0,0.45797008979934073,0.2716562890789274,success
796,2000,8,4,0.0,3.5000000000000013,0.01,0.8000000000000003,3.0,4,482,6,12,0,0.46202004812673536,0.2833640390859269,success
798,2000,8,4,0.0,3.5000000000000013,0.01,0.8200000000000003,3.0,4,483,6,11,0,0.3568506263256522,0.13908124122044177,success
797,2000,8,4,0.0,3.5000000000000013,0.01,0.8100000000000003,3.0,4,483,6,11,0,0.35985713964984756,0.1385208136403024,success
799,2000,8,4,0.0,3.5000000000000013,0.01,0.8300000000000003,3.0,4,484,6,10,0,0.3514705463427793,0.14727489378556,success
800,2000,8,4,0.0,3.5000000000000013,0.01,0.8400000000000003,3.0,4,484,6,10,0,0.3514705463427793,0.14727489378556,success
801,2000,8,4,0.0,3.5000000000000013,0.01,0.8500000000000003,3.0,4,484,6,10,0,0.34614133477282366,0.1446945910440426,success
802,2000,8,4,0.0,3.5000000000000013,0.01,0.8600000000000003,3.0,4,484,6,10,0,0.34614133477282366,0.1446945910440426,success
803,2000,8,4,0.0,3.5000000000000013,0.01,0.8700000000000003,3.0,4,486,4,10,0,0.37813566188965464,0.1847725760683881,success
804,2000,8,4,0.0,3.5000000000000013,0.01,0.8800000000000003,3.0,4,487,4,9,0,0.34158570521971615,0.1529040564663183,success
805,2000,8,4,0.0,3.5000000000000013,0.01,0.8900000000000003,3.0,4,487,4,9,0,0.34158570521971615,0.1529040564663183,success
806,2000,8,4,0.0,3.5000000000000013,0.01,0.9000000000000004,3.0,4,490,4,6,0,0.3445162762490091,0.1690430340793499,success
807,2000,8,4,0.0,3.5000000000000013,0.01,0.9100000000000004,3.0,4,491,4,5,0,0.3733946140523673,0.17165298207809795,success
808,2000,8,4,0.0,3.5000000000000013,0.01,0.9200000000000004,3.0,4,491,4,5,0,0.3733946140523673,0.17165298207809795,success
809,2000,8,4,0.0,3.5000000000000013,0.01,0.9300000000000004,3.0,4,491,4,5,0,0.36935305301070886,0.17622269542852728,success
810,2000,8,4,0.0,3.5000000000000013,0.01,0.9400000000000004,3.0,4,491,4,5,0,0.36935305301070886,0.17622269542852728,success
811,2000,8,4,0.0,3.5000000000000013,0.01,0.9500000000000004,3.0,4,491,4,5,0,0.3430504774983074,0.17391594452720852,success
812,2000,8,4,0.0,3.5000000000000013,0.01,0.9600000000000004,3.0,4,491,4,5,0,0.3404836000279458,0.17475255499007666,success
813,2000,8,4,0.0,3.5000000000000013,0.01,0.9700000000000004,3.0,4,491,4,5,0,0.3404836000279458,0.17475255499007666,success
814,2000,8,4,0.0,3.5000000000000013,0.01,0.9800000000000004,3.0,4,491,4,5,0,0.3404836000279458,0.17475255499007666,success
815,2000,8,4,0.0,3.5000000000000013,0.01,0.9900000000000004,3.0,4,491,4,5,0,0.3404836000279458,0.17475255499007666,success
816,2000,8,4,0.0,3.5000000000000013,0.01,1.0000000000000004,3.0,4,492,4,4,0,0.3274557643683883,0.19896342365938374,success
817,2000,8,4,0.0,3.6000000000000014,0.01,0.5,3.0,4,435,18,47,0,0.7325630675113339,0.2675632323510072,success
818,2000,8,4,0.0,3.6000000000000014,0.01,0.51,3.0,4,436,18,46,0,0.7331169326329041,0.27049257959634737,success
819,2000,8,4,0.0,3.6000000000000014,0.01,0.52,3.0,4,439,17,44,0,0.7269855611250959,0.2748125309142754,success
821,2000,8,4,0.0,3.6000000000000014,0.01,0.54,3.0,4,444,14,42,0,0.6967738790152822,0.2757453806446828,success
820,2000,8,4,0.0,3.6000000000000014,0.01,0.53,3.0,4,442,15,43,0,0.714205094383701,0.27551204433100845,success
822,2000,8,4,0.0,3.6000000000000014,0.01,0.55,3.0,4,446,14,40,0,0.6857844303420835,0.283690308593946,success
823,2000,8,4,0.0,3.6000000000000014,0.01,0.56,3.0,4,447,14,39,0,0.6952811879789129,0.28095758971531043,success
824,2000,8,4,0.0,3.6000000000000014,0.01,0.5700000000000001,3.0,4,447,14,39,0,0.6934369526007936,0.2831810895441758,success
826,2000,8,4,0.0,3.6000000000000014,0.01,0.5900000000000001,3.0,4,451,14,35,0,0.6860523721062889,0.28562333022879116,success
825,2000,8,4,0.0,3.6000000000000014,0.01,0.5800000000000001,3.0,4,449,14,37,0,0.6871899781919507,0.2860732411450193,success
827,2000,8,4,0.0,3.6000000000000014,0.01,0.6000000000000001,3.0,4,453,13,34,0,0.6843651160664166,0.2897415577252101,success
828,2000,8,4,0.0,3.6000000000000014,0.01,0.6100000000000001,3.0,4,456,12,32,0,0.6879231031360629,0.2968103789424238,success
829,2000,8,4,0.0,3.6000000000000014,0.01,0.6200000000000001,3.0,4,458,12,30,0,0.6596043996579866,0.29910647288304254,success
830,2000,8,4,0.0,3.6000000000000014,0.01,0.6300000000000001,3.0,4,461,12,27,0,0.676249729448906,0.30730078466526267,success
831,2000,8,4,0.0,3.6000000000000014,0.01,0.6400000000000001,3.0,4,462,12,26,0,0.6719677571805426,0.31432357317164766,success
833,2000,8,4,0.0,3.6000000000000014,0.01,0.6600000000000001,3.0,4,463,12,25,0,0.6485249073580966,0.3213632634634598,success
832,2000,8,4,0.0,3.6000000000000014,0.01,0.6500000000000001,3.0,4,462,12,26,0,0.6694385705478757,0.3160226214238861,success
834,2000,8,4,0.0,3.6000000000000014,0.01,0.6700000000000002,3.0,4,465,12,23,0,0.6179618558240181,0.3169478410099605,success
835,2000,8,4,0.0,3.6000000000000014,0.01,0.6800000000000002,3.0,4,466,12,22,0,0.6249297913270733,0.322979419195671,success
836,2000,8,4,0.0,3.6000000000000014,0.01,0.6900000000000002,3.0,4,466,12,22,0,0.6249297913270733,0.322979419195671,success
837,2000,8,4,0.0,3.6000000000000014,0.01,0.7000000000000002,3.0,4,466,12,22,0,0.6249297913270733,0.322979419195671,success
838,2000,8,4,0.0,3.6000000000000014,0.01,0.7100000000000002,3.0,4,466,12,22,0,0.6249297913270733,0.322979419195671,success
839,2000,8,4,0.0,3.6000000000000014,0.01,0.7200000000000002,3.0,4,468,12,20,0,0.5862073659091112,0.3157326475216845,success
840,2000,8,4,0.0,3.6000000000000014,0.01,0.7300000000000002,3.0,4,469,12,19,0,0.5832803392893448,0.33128137101581184,success
841,2000,8,4,0.0,3.6000000000000014,0.01,0.7400000000000002,3.0,4,469,12,19,0,0.5832803392893448,0.33128137101581184,success
842,2000,8,4,0.0,3.6000000000000014,0.01,0.7500000000000002,3.0,4,470,11,19,0,0.5832803392893448,0.33128137101581184,success
843,2000,8,4,0.0,3.6000000000000014,0.01,0.7600000000000002,3.0,4,470,11,19,0,0.5720005654853056,0.337919327908146,success
844,2000,8,4,0.0,3.6000000000000014,0.01,0.7700000000000002,3.0,4,473,11,16,0,0.6245366923499024,0.34394991945970155,success
845,2000,8,4,0.0,3.6000000000000014,0.01,0.7800000000000002,3.0,4,474,11,15,0,0.599505805173229,0.3406037005252277,success
846,2000,8,4,0.0,3.6000000000000014,0.01,0.7900000000000003,3.0,4,474,11,15,0,0.5987216288610336,0.34154042847341526,success
847,2000,8,4,0.0,3.6000000000000014,0.01,0.8000000000000003,3.0,4,476,10,14,0,0.6122467030746359,0.35026619842089035,success
848,2000,8,4,0.0,3.6000000000000014,0.01,0.8100000000000003,3.0,4,477,10,13,0,0.5373570616671078,0.32410587203591923,success
849,2000,8,4,0.0,3.6000000000000014,0.01,0.8200000000000003,3.0,4,477,10,13,0,0.5344851584648813,0.32592184198805507,success
850,2000,8,4,0.0,3.6000000000000014,0.01,0.8300000000000003,3.0,4,478,10,12,0,0.544804636157423,0.33885435104624717,success
851,2000,8,4,0.0,3.6000000000000014,0.01,0.8400000000000003,3.0,4,478,10,12,0,0.544804636157423,0.33885435104624717,success
852,2000,8,4,0.0,3.6000000000000014,0.01,0.8500000000000003,3.0,4,479,10,11,0,0.5079059333358976,0.33732122854536084,success
853,2000,8,4,0.0,3.6000000000000014,0.01,0.8600000000000003,3.0,4,479,10,11,0,0.5079059333358976,0.33732122854536084,success
854,2000,8,4,0.0,3.6000000000000014,0.01,0.8700000000000003,3.0,4,481,9,10,0,0.49069085378631827,0.31942670067273465,success
855,2000,8,4,0.0,3.6000000000000014,0.01,0.8800000000000003,3.0,4,482,9,9,0,0.46664702954934245,0.32906520257571037,success
856,2000,8,4,0.0,3.6000000000000014,0.01,0.8900000000000003,3.0,4,482,9,9,0,0.46664702954934245,0.32906520257571037,success
857,2000,8,4,0.0,3.6000000000000014,0.01,0.9000000000000004,3.0,4,484,9,7,0,0.527521368065813,0.3526133222535573,success
858,2000,8,4,0.0,3.6000000000000014,0.01,0.9100000000000004,3.0,4,485,9,6,0,0.5721219871185292,0.3639972227775796,success
859,2000,8,4,0.0,3.6000000000000014,0.01,0.9200000000000004,3.0,4,485,9,6,0,0.5721219871185292,0.3639972227775796,success
860,2000,8,4,0.0,3.6000000000000014,0.01,0.9300000000000004,3.0,4,485,9,6,0,0.5687540195838139,0.3679331350654497,success
861,2000,8,4,0.0,3.6000000000000014,0.01,0.9400000000000004,3.0,4,485,9,6,0,0.5687540195838139,0.3679331350654497,success
862,2000,8,4,0.0,3.6000000000000014,0.01,0.9500000000000004,3.0,4,485,9,6,0,0.4649478821657,0.30428724268900936,success
863,2000,8,4,0.0,3.6000000000000014,0.01,0.9600000000000004,3.0,4,485,9,6,0,0.4649478821657,0.30428724268900936,success
864,2000,8,4,0.0,3.6000000000000014,0.01,0.9700000000000004,3.0,4,485,9,6,0,0.4649478821657,0.30428724268900936,success
865,2000,8,4,0.0,3.6000000000000014,0.01,0.9800000000000004,3.0,4,485,9,6,0,0.4649478821657,0.30428724268900936,success
866,2000,8,4,0.0,3.6000000000000014,0.01,0.9900000000000004,3.0,4,485,8,7,0,0.5413838989991714,0.3435930602786294,success
867,2000,8,4,0.0,3.6000000000000014,0.01,1.0000000000000004,3.0,4,486,8,6,0,0.566182058388004,0.36946158139885055,success
868,2000,8,4,0.0,3.7000000000000015,0.01,0.5,3.0,4,422,20,58,0,0.723049369175389,0.25080967491181433,success
870,2000,8,4,0.0,3.7000000000000015,0.01,0.52,3.0,4,426,19,55,0,0.7180684350662563,0.25585641703531764,success
869,2000,8,4,0.0,3.7000000000000015,0.01,0.51,3.0,4,423,20,57,0,0.7233294410570783,0.2530299876065696,success
871,2000,8,4,0.0,3.7000000000000015,0.01,0.53,3.0,4,429,17,54,0,0.7160862230506383,0.25783224445838576,success
872,2000,8,4,0.0,3.7000000000000015,0.01,0.54,3.0,4,431,16,53,0,0.7103974772640396,0.2529051430145515,success
873,2000,8,4,0.0,3.7000000000000015,0.01,0.55,3.0,4,433,16,51,0,0.7031658113819144,0.25759794946535786,success
875,2000,8,4,0.0,3.7000000000000015,0.01,0.5700000000000001,3.0,4,434,16,50,0,0.7134021101233006,0.26020341496740884,success
874,2000,8,4,0.0,3.7000000000000015,0.01,0.56,3.0,4,434,16,50,0,0.7156313729586654,0.2570718814698744,success
876,2000,8,4,0.0,3.7000000000000015,0.01,0.5800000000000001,3.0,4,435,16,49,0,0.7153488479150258,0.2625317465010001,success
877,2000,8,4,0.0,3.7000000000000015,0.01,0.5900000000000001,3.0,4,437,16,47,0,0.718176604072181,0.26329533205038697,success
878,2000,8,4,0.0,3.7000000000000015,0.01,0.6000000000000001,3.0,4,440,15,45,0,0.7224640291984568,0.2671337111053009,success
879,2000,8,4,0.0,3.7000000000000015,0.01,0.6100000000000001,3.0,4,444,15,41,0,0.7135611382445465,0.27074044858916,success
880,2000,8,4,0.0,3.7000000000000015,0.01,0.6200000000000001,3.0,4,446,15,39,0,0.6930922912156919,0.27364349651375675,success
881,2000,8,4,0.0,3.7000000000000015,0.01,0.6300000000000001,3.0,4,449,15,36,0,0.7070281939864091,0.2778746552906928,success
882,2000,8,4,0.0,3.7000000000000015,0.01,0.6400000000000001,3.0,4,450,15,35,0,0.7047266850024105,0.28301960032268564,success
883,2000,8,4,0.0,3.7000000000000015,0.01,0.6500000000000001,3.0,4,451,15,34,0,0.6941080918422069,0.28410586096994256,success
884,2000,8,4,0.0,3.7000000000000015,0.01,0.6600000000000001,3.0,4,452,15,33,0,0.6843230160532086,0.2904954619672265,success
885,2000,8,4,0.0,3.7000000000000015,0.01,0.6700000000000002,3.0,4,454,15,31,0,0.6619745398174961,0.2898348403649127,success
886,2000,8,4,0.0,3.7000000000000015,0.01,0.6800000000000002,3.0,4,454,15,31,0,0.6515721836618342,0.2984589981433461,success
887,2000,8,4,0.0,3.7000000000000015,0.01,0.6900000000000002,3.0,4,455,15,30,0,0.6399579231172287,0.29635047590728614,success
888,2000,8,4,0.0,3.7000000000000015,0.01,0.7000000000000002,3.0,4,456,15,29,0,0.6275426790867883,0.29354874413751775,success
889,2000,8,4,0.0,3.7000000000000015,0.01,0.7100000000000002,3.0,4,457,15,28,0,0.6142406319113165,0.28989815097953286,success
890,2000,8,4,0.0,3.7000000000000015,0.01,0.7200000000000002,3.0,4,459,14,27,0,0.576557433625752,0.2771079133924507,success
891,2000,8,4,0.0,3.7000000000000015,0.01,0.7300000000000002,3.0,4,459,14,27,0,0.5628704353633247,0.2878675061068176,success
892,2000,8,4,0.0,3.7000000000000015,0.01,0.7400000000000002,3.0,4,459,14,27,0,0.5719491222009045,0.297848125177475,success
893,2000,8,4,0.0,3.7000000000000015,0.01,0.7500000000000002,3.0,4,461,13,26,0,0.5771711163570041,0.30287123712019787,success
895,2000,8,4,0.0,3.7000000000000015,0.01,0.7700000000000002,3.0,4,467,12,21,0,0.5648438051039356,0.2991733028011737,success
894,2000,8,4,0.0,3.7000000000000015,0.01,0.7600000000000002,3.0,4,464,12,24,0,0.5330055551252236,0.2925635485704053,success
896,2000,8,4,0.0,3.7000000000000015,0.01,0.7800000000000002,3.0,4,468,12,20,0,0.5430859953591324,0.28939722678308016,success
897,2000,8,4,0.0,3.7000000000000015,0.01,0.7900000000000003,3.0,4,470,12,18,0,0.5680611287323737,0.2949173138630096,success
898,2000,8,4,0.0,3.7000000000000015,0.01,0.8000000000000003,3.0,4,472,11,17,0,0.5931616630687708,0.3005859535533121,success
899,2000,8,4,0.0,3.7000000000000015,0.01,0.8100000000000003,3.0,4,472,10,18,0,0.5832186794887,0.2946466180372855,success
900,2000,8,4,0.0,3.7000000000000015,0.01,0.8200000000000003,3.0,4,472,10,18,0,0.5823441391738322,0.29563488662871523,success
901,2000,8,4,0.0,3.7000000000000015,0.01,0.8300000000000003,3.0,4,474,10,16,0,0.5730354718746519,0.2874278194846193,success
902,2000,8,4,0.0,3.7000000000000015,0.01,0.8400000000000003,3.0,4,474,10,16,0,0.5730354718746519,0.2874278194846193,success
903,2000,8,4,0.0,3.7000000000000015,0.01,0.8500000000000003,3.0,4,475,10,15,0,0.5706500178774773,0.29252321938192805,success
904,2000,8,4,0.0,3.7000000000000015,0.01,0.8600000000000003,3.0,4,476,10,14,0,0.5315527364166704,0.27665365391424734,success
905,2000,8,4,0.0,3.7000000000000015,0.01,0.8700000000000003,3.0,4,478,9,13,0,0.5343407792609137,0.28774546848811117,success
906,2000,8,4,0.0,3.7000000000000015,0.01,0.8800000000000003,3.0,4,479,9,12,0,0.49553584419932317,0.26261985487917816,success
907,2000,8,4,0.0,3.7000000000000015,0.01,0.8900000000000003,3.0,4,480,9,11,0,0.5066943434777016,0.27243815296928425,success
908,2000,8,4,0.0,3.7000000000000015,0.01,0.9000000000000004,3.0,4,482,9,9,0,0.5431571632241298,0.2885669430047724,success
909,2000,8,4,0.0,3.7000000000000015,0.01,0.9100000000000004,3.0,4,483,9,8,0,0.5785621019084566,0.28683353748113927,success
910,2000,8,4,0.0,3.7000000000000015,0.01,0.9200000000000004,3.0,4,483,9,8,0,0.5785621019084566,0.28683353748113927,success
911,2000,8,4,0.0,3.7000000000000015,0.01,0.9300000000000004,3.0,4,483,9,8,0,0.5768624660841328,0.28918381148360733,success
912,2000,8,4,0.0,3.7000000000000015,0.01,0.9400000000000004,3.0,4,483,9,8,0,0.5768624660841328,0.28918381148360733,success
913,2000,8,4,0.0,3.7000000000000015,0.01,0.9500000000000004,3.0,4,483,9,8,0,0.49900786302054745,0.23836786039309402,success
914,2000,8,4,0.0,3.7000000000000015,0.01,0.9600000000000004,3.0,4,483,9,8,0,0.49900786302054745,0.23836786039309402,success
915,2000,8,4,0.0,3.7000000000000015,0.01,0.9700000000000004,3.0,4,483,9,8,0,0.49900786302054745,0.23836786039309402,success
916,2000,8,4,0.0,3.7000000000000015,0.01,0.9800000000000004,3.0,4,483,9,8,0,0.49900786302054745,0.23836786039309402,success
917,2000,8,4,0.0,3.7000000000000015,0.01,0.9900000000000004,3.0,4,483,9,8,0,0.49900786302054745,0.23836786039309402,success
918,2000,8,4,0.0,3.7000000000000015,0.01,1.0000000000000004,3.0,4,484,9,7,0,0.5142097087854577,0.25324338611228797,success
919,2000,8,4,0.0,3.8000000000000016,0.01,0.5,3.0,4,409,25,66,0,0.7166136872933512,0.2470239142515872,success
920,2000,8,4,0.0,3.8000000000000016,0.01,0.51,3.0,4,411,24,65,0,0.714627393766571,0.24983554529450042,success
921,2000,8,4,0.0,3.8000000000000016,0.01,0.52,3.0,4,414,23,63,0,0.709758196559012,0.25206252238422017,success
922,2000,8,4,0.0,3.8000000000000016,0.01,0.53,3.0,4,417,21,62,0,0.7078977177307761,0.2536837383662513,success
923,2000,8,4,0.0,3.8000000000000016,0.01,0.54,3.0,4,420,20,60,0,0.6903882498406662,0.2526533942164365,success
924,2000,8,4,0.0,3.8000000000000016,0.01,0.55,3.0,4,422,20,58,0,0.681304708924047,0.25722486055068444,success
925,2000,8,4,0.0,3.8000000000000016,0.01,0.56,3.0,4,423,20,57,0,0.6878365907289332,0.2546121619903635,success
926,2000,8,4,0.0,3.8000000000000016,0.01,0.5700000000000001,3.0,4,423,20,57,0,0.6858810970137009,0.25716654826224716,success
927,2000,8,4,0.0,3.8000000000000016,0.01,0.5800000000000001,3.0,4,424,20,56,0,0.687093045918789,0.2593295903816221,success
928,2000,8,4,0.0,3.8000000000000016,0.01,0.5900000000000001,3.0,4,427,20,53,0,0.6914871364658124,0.2576137353962896,success
929,2000,8,4,0.0,3.8000000000000016,0.01,0.6000000000000001,3.0,4,431,18,51,0,0.6942235128475707,0.2611982151969189,success
931,2000,8,4,0.0,3.8000000000000016,0.01,0.6200000000000001,3.0,4,437,18,45,0,0.665002604415723,0.2629627244041473,success
930,2000,8,4,0.0,3.8000000000000016,0.01,0.6100000000000001,3.0,4,435,18,47,0,0.6840537129642968,0.26284251199042324,success
932,2000,8,4,0.0,3.8000000000000016,0.01,0.6300000000000001,3.0,4,440,18,42,0,0.6749412577334828,0.2672473178813105,success
933,2000,8,4,0.0,3.8000000000000016,0.01,0.6400000000000001,3.0,4,440,18,42,0,0.6799988527709505,0.2726448345247748,success
934,2000,8,4,0.0,3.8000000000000016,0.01,0.6500000000000001,3.0,4,442,18,40,0,0.6804633396128362,0.2684161009314284,success
935,2000,8,4,0.0,3.8000000000000016,0.01,0.6600000000000001,3.0,4,444,18,38,0,0.6732501587711979,0.27680103710564347,success
936,2000,8,4,0.0,3.8000000000000016,0.01,0.6700000000000002,3.0,4,447,18,35,0,0.6472368340753905,0.2683900596996085,success
937,2000,8,4,0.0,3.8000000000000016,0.01,0.6800000000000002,3.0,4,447,18,35,0,0.6380233186232327,0.2761188006763469,success
938,2000,8,4,0.0,3.8000000000000016,0.01,0.6900000000000002,3.0,4,448,18,34,0,0.6273769456415631,0.27288210765240173,success
939,2000,8,4,0.0,3.8000000000000016,0.01,0.7000000000000002,3.0,4,448,18,34,0,0.6273769456415631,0.27288210765240173,success
940,2000,8,4,0.0,3.8000000000000016,0.01,0.7100000000000002,3.0,4,448,18,34,0,0.6273769456415631,0.27288210765240173,success
942,2000,8,4,0.0,3.8000000000000016,0.01,0.7300000000000002,3.0,4,451,17,32,0,0.5847365079617899,0.27778127407091063,success
941,2000,8,4,0.0,3.8000000000000016,0.01,0.7200000000000002,3.0,4,450,17,33,0,0.5969433080664116,0.263336220946526,success
943,2000,8,4,0.0,3.8000000000000016,0.01,0.7400000000000002,3.0,4,451,17,32,0,0.6032890934409201,0.28705539074297115,success
944,2000,8,4,0.0,3.8000000000000016,0.01,0.7500000000000002,3.0,4,453,16,31,0,0.6086797972892621,0.29048603015412516,success
945,2000,8,4,0.0,3.8000000000000016,0.01,0.7600000000000002,3.0,4,455,15,30,0,0.5949997519815237,0.29832095769625405,success
946,2000,8,4,0.0,3.8000000000000016,0.01,0.7700000000000002,3.0,4,458,15,27,0,0.6240743443319914,0.30048677672461194,success
947,2000,8,4,0.0,3.8000000000000016,0.01,0.7800000000000002,3.0,4,459,15,26,0,0.6096156652678371,0.29670486282825287,success
949,2000,8,4,0.0,3.8000000000000016,0.01,0.8000000000000003,3.0,4,464,15,21,0,0.636426209049101,0.29952412873584633,success
948,2000,8,4,0.0,3.8000000000000016,0.01,0.7900000000000003,3.0,4,462,15,23,0,0.6179733785636454,0.2920715512900613,success
950,2000,8,4,0.0,3.8000000000000016,0.01,0.8100000000000003,3.0,4,465,14,21,0,0.6085303975551724,0.29113195548637416,success
951,2000,8,4,0.0,3.8000000000000016,0.01,0.8200000000000003,3.0,4,466,14,20,0,0.5881698311495499,0.2850987398307352,success
952,2000,8,4,0.0,3.8000000000000016,0.01,0.8300000000000003,3.0,4,467,14,19,0,0.6026194562029709,0.2854292065206979,success
953,2000,8,4,0.0,3.8000000000000016,0.01,0.8400000000000003,3.0,4,467,13,20,0,0.614906170384198,0.2831981867017178,success
954,2000,8,4,0.0,3.8000000000000016,0.01,0.8500000000000003,3.0,4,469,13,18,0,0.610509342547157,0.2886507982139899,success
955,2000,8,4,0.0,3.8000000000000016,0.01,0.8600000000000003,3.0,4,469,13,18,0,0.603953122640003,0.2898082661772121,success
956,2000,8,4,0.0,3.8000000000000016,0.01,0.8700000000000003,3.0,4,471,12,17,0,0.6164197460842876,0.3080843097216695,success
957,2000,8,4,0.0,3.8000000000000016,0.01,0.8800000000000003,3.0,4,472,12,16,0,0.5924459802145556,0.3013663767966572,success
958,2000,8,4,0.0,3.8000000000000016,0.01,0.8900000000000003,3.0,4,473,12,15,0,0.6070895554197153,0.30599500056650913,success
959,2000,8,4,0.0,3.8000000000000016,0.01,0.9000000000000004,3.0,4,477,11,12,0,0.6600933351715151,0.31845318332852857,success
960,2000,8,4,0.0,3.8000000000000016,0.01,0.9100000000000004,3.0,4,478,11,11,0,0.6964729425735151,0.3067308135009076,success
961,2000,8,4,0.0,3.8000000000000016,0.01,0.9200000000000004,3.0,4,478,11,11,0,0.6964729425735151,0.3067308135009076,success
962,2000,8,4,0.0,3.8000000000000016,0.01,0.9300000000000004,3.0,4,478,11,11,0,0.6952368437921888,0.3087923736568348,success
963,2000,8,4,0.0,3.8000000000000016,0.01,0.9400000000000004,3.0,4,478,11,11,0,0.6952368437921888,0.3087923736568348,success
964,2000,8,4,0.0,3.8000000000000016,0.01,0.9500000000000004,3.0,4,478,11,11,0,0.6952368437921888,0.3087923736568348,success
965,2000,8,4,0.0,3.8000000000000016,0.01,0.9600000000000004,3.0,4,478,11,11,0,0.6952368437921888,0.3087923736568348,success
966,2000,8,4,0.0,3.8000000000000016,0.01,0.9700000000000004,3.0,4,478,11,11,0,0.6952368437921888,0.3087923736568348,success
967,2000,8,4,0.0,3.8000000000000016,0.01,0.9800000000000004,3.0,4,478,11,11,0,0.6952368437921888,0.3087923736568348,success
968,2000,8,4,0.0,3.8000000000000016,0.01,0.9900000000000004,3.0,4,478,11,11,0,0.6952368437921888,0.3087923736568348,success
969,2000,8,4,0.0,3.8000000000000016,0.01,1.0000000000000004,3.0,4,479,11,10,0,0.7255010339047901,0.3078195661850803,success
970,2000,8,4,0.0,3.9000000000000017,0.01,0.5,3.0,4,395,32,73,0,0.7505729315810726,0.23769815963426552,success
971,2000,8,4,0.0,3.9000000000000017,0.01,0.51,3.0,4,397,31,72,0,0.7492759935183879,0.23982307106358516,success
972,2000,8,4,0.0,3.9000000000000017,0.01,0.52,3.0,4,401,30,69,0,0.7422008307494864,0.2419913984754751,success
973,2000,8,4,0.0,3.9000000000000017,0.01,0.53,3.0,4,404,28,68,0,0.7409816093794843,0.24357702052427183,success
974,2000,8,4,0.0,3.9000000000000017,0.01,0.54,3.0,4,406,27,67,0,0.7245543612703244,0.24246676480126494,success
975,2000,8,4,0.0,3.9000000000000017,0.01,0.55,3.0,4,408,27,65,0,0.7188203717366834,0.24608683918511842,success
976,2000,8,4,0.0,3.9000000000000017,0.01,0.56,3.0,4,409,27,64,0,0.7235035124251182,0.24464549638131014,success
977,2000,8,4,0.0,3.9000000000000017,0.01,0.5700000000000001,3.0,4,411,27,62,0,0.7127864782812796,0.24601727731317408,success
978,2000,8,4,0.0,3.9000000000000017,0.01,0.5800000000000001,3.0,4,412,26,62,0,0.7180811397355327,0.24932720665711194,success
979,2000,8,4,0.0,3.9000000000000017,0.01,0.5900000000000001,3.0,4,415,26,59,0,0.7136751609189994,0.247036207931173,success
980,2000,8,4,0.0,3.9000000000000017,0.01,0.6000000000000001,3.0,4,419,24,57,0,0.7169020248554212,0.24972928948944123,success
981,2000,8,4,0.0,3.9000000000000017,0.01,0.6100000000000001,3.0,4,423,24,53,0,0.709595108884054,0.25118247849334796,success
983,2000,8,4,0.0,3.9000000000000017,0.01,0.6300000000000001,3.0,4,428,24,48,0,0.7032782084803552,0.2559827177515534,success
982,2000,8,4,0.0,3.9000000000000017,0.01,0.6200000000000001,3.0,4,425,24,51,0,0.6928419290383983,0.2538002836179249,success
985,2000,8,4,0.0,3.9000000000000017,0.01,0.6500000000000001,3.0,4,432,24,44,0,0.6960989719719141,0.2538123625504073,success
984,2000,8,4,0.0,3.9000000000000017,0.01,0.6400000000000001,3.0,4,429,24,47,0,0.7014845318857594,0.25960228648139755,success
986,2000,8,4,0.0,3.9000000000000017,0.01,0.6600000000000001,3.0,4,434,24,42,0,0.6886332468605318,0.26261361427981667,success
987,2000,8,4,0.0,3.9000000000000017,0.01,0.6700000000000002,3.0,4,437,24,39,0,0.6631063480186881,0.2588629698620889,success
989,2000,8,4,0.0,3.9000000000000017,0.01,0.6900000000000002,3.0,4,440,23,37,0,0.6525008060606318,0.26964996793228097,success
988,2000,8,4,0.0,3.9000000000000017,0.01,0.6800000000000002,3.0,4,439,23,38,0,0.6616455216906151,0.27188917137418284,success
991,2000,8,4,0.0,3.9000000000000017,0.01,0.7100000000000002,3.0,4,441,23,36,0,0.6604591315039845,0.26903200246104986,success
990,2000,8,4,0.0,3.9000000000000017,0.01,0.7000000000000002,3.0,4,440,23,37,0,0.6525008060606318,0.26964996793228097,success
992,2000,8,4,0.0,3.9000000000000017,0.01,0.7200000000000002,3.0,4,443,22,35,0,0.6443185024644192,0.27000904482826693,success
993,2000,8,4,0.0,3.9000000000000017,0.01,0.7300000000000002,3.0,4,444,22,34,0,0.6342231374953049,0.28539183562379267,success
994,2000,8,4,0.0,3.9000000000000017,0.01,0.7400000000000002,3.0,4,445,21,34,0,0.6229548159050493,0.27892654035303455,success
995,2000,8,4,0.0,3.9000000000000017,0.01,0.7500000000000002,3.0,4,447,20,33,0,0.628614741413011,0.2815872421972813,success
996,2000,8,4,0.0,3.9000000000000017,0.01,0.7600000000000002,3.0,4,449,19,32,0,0.6164126659408731,0.28980201643486925,success
997,2000,8,4,0.0,3.9000000000000017,0.01,0.7700000000000002,3.0,4,452,19,29,0,0.6448590329866415,0.2896421903498185,success
998,2000,8,4,0.0,3.9000000000000017,0.01,0.7800000000000002,3.0,4,453,19,28,0,0.6321754270218788,0.28663844702957453,success
999,2000,8,4,0.0,3.9000000000000017,0.01,0.7900000000000003,3.0,4,455,19,26,0,0.6563189371774111,0.283251973963376,success
1000,2000,8,4,0.0,3.9000000000000017,0.01,0.8000000000000003,3.0,4,457,19,24,0,0.6756606270699984,0.28657434093501044,success
1001,2000,8,4,0.0,3.9000000000000017,0.01,0.8100000000000003,3.0,4,458,18,24,0,0.6512517920128108,0.2826693070426348,success
1002,2000,8,4,0.0,3.9000000000000017,0.01,0.8200000000000003,3.0,4,459,18,23,0,0.6354044035930365,0.27980640836397064,success
1003,2000,8,4,0.0,3.9000000000000017,0.01,0.8300000000000003,3.0,4,462,18,20,0,0.6587029739799178,0.2872463984841609,success
1004,2000,8,4,0.0,3.9000000000000017,0.01,0.8400000000000003,3.0,4,462,18,20,0,0.6587029739799178,0.2872463984841609,success
1005,2000,8,4,0.0,3.9000000000000017,0.01,0.8500000000000003,3.0,4,464,18,18,0,0.6431221252564819,0.29807298044636454,success
1006,2000,8,4,0.0,3.9000000000000017,0.01,0.8600000000000003,3.0,4,464,18,18,0,0.6431221252564819,0.29807298044636454,success
1007,2000,8,4,0.0,3.9000000000000017,0.01,0.8700000000000003,3.0,4,465,17,18,0,0.6336485134845574,0.2886232647951783,success
1008,2000,8,4,0.0,3.9000000000000017,0.01,0.8800000000000003,3.0,4,466,16,18,0,0.6336485134845574,0.2886232647951783,success
1009,2000,8,4,0.0,3.9000000000000017,0.01,0.8900000000000003,3.0,4,467,16,17,0,0.648992993563816,0.2898392845174312,success
1010,2000,8,4,0.0,3.9000000000000017,0.01,0.9000000000000004,3.0,4,470,15,15,0,0.6898438387564884,0.2829805288607423,success
1011,2000,8,4,0.0,3.9000000000000017,0.01,0.9100000000000004,3.0,4,471,15,14,0,0.7205528519712722,0.26646584173482946,success
1013,2000,8,4,0.0,3.9000000000000017,0.01,0.9300000000000004,3.0,4,471,15,14,0,0.7205528519712722,0.26646584173482946,success
1012,2000,8,4,0.0,3.9000000000000017,0.01,0.9200000000000004,3.0,4,471,15,14,0,0.7205528519712722,0.26646584173482946,success
1014,2000,8,4,0.0,3.9000000000000017,0.01,0.9400000000000004,3.0,4,471,15,14,0,0.7205528519712722,0.26646584173482946,success
1015,2000,8,4,0.0,3.9000000000000017,0.01,0.9500000000000004,3.0,4,471,15,14,0,0.7205528519712722,0.26646584173482946,success
1016,2000,8,4,0.0,3.9000000000000017,0.01,0.9600000000000004,3.0,4,471,15,14,0,0.7205528519712722,0.26646584173482946,success
1017,2000,8,4,0.0,3.9000000000000017,0.01,0.9700000000000004,3.0,4,471,15,14,0,0.7205528519712722,0.26646584173482946,success
1018,2000,8,4,0.0,3.9000000000000017,0.01,0.9800000000000004,3.0,4,471,16,13,0,0.7121742261148041,0.2754202747594268,success
1019,2000,8,4,0.0,3.9000000000000017,0.01,0.9900000000000004,3.0,4,471,16,13,0,0.7121742261148041,0.2754202747594268,success
1020,2000,8,4,0.0,3.9000000000000017,0.01,1.0000000000000004,3.0,4,473,16,11,0,0.7150609088023886,0.2692971734263509,success
1021,2000,8,4,0.0,4.000000000000002,0.01,0.5,3.0,5,415,29,56,0,0.7828330467301573,0.25514729032417505,success
1022,2000,8,4,0.0,4.000000000000002,0.01,0.51,3.0,5,418,28,54,0,0.7972688210588527,0.2553730554280899,success
1023,2000,8,4,0.0,4.000000000000002,0.01,0.52,3.0,5,418,26,56,0,0.7887547967112641,0.2521327575019194,success
1024,2000,8,4,0.0,4.000000000000002,0.01,0.53,3.0,5,418,25,57,0,0.7940235426214233,0.2506049835497914,success
1025,2000,8,4,0.0,4.000000000000002,0.01,0.54,3.0,5,419,24,57,0,0.7940235426214233,0.2506049835497914,success
1026,2000,8,4,0.0,4.000000000000002,0.01,0.55,3.0,5,424,23,53,0,0.7769507710591355,0.2550827039092924,success
1027,2000,8,4,0.0,4.000000000000002,0.01,0.56,3.0,5,425,22,53,0,0.7740562539339045,0.2588406901731152,success
1028,2000,8,4,0.0,4.000000000000002,0.01,0.5700000000000001,3.0,5,427,22,51,0,0.7726856764738855,0.26109101666103973,success
1029,2000,8,4,0.0,4.000000000000002,0.01,0.5800000000000001,3.0,5,429,22,49,0,0.7622264074145341,0.26962910049648364,success
1030,2000,8,4,0.0,4.000000000000002,0.01,0.5900000000000001,3.0,5,432,22,46,0,0.7624039169707268,0.2642718924883134,success
1031,2000,8,4,0.0,4.000000000000002,0.01,0.6000000000000001,3.0,5,436,21,43,0,0.7330787232877048,0.26658062742031646,success
1032,2000,8,4,0.0,4.000000000000002,0.01,0.6100000000000001,3.0,5,439,20,41,0,0.7488123884468939,0.27404950929713734,success
1033,2000,8,4,0.0,4.000000000000002,0.01,0.6200000000000001,3.0,5,440,20,40,0,0.7520823991998469,0.27672947404983383,success
1034,2000,8,4,0.0,4.000000000000002,0.01,0.6300000000000001,3.0,5,443,20,37,0,0.7319809721079426,0.2782509342809833,success
1035,2000,8,4,0.0,4.000000000000002,0.01,0.6400000000000001,3.0,5,444,17,39,0,0.7359304743698959,0.2748908006613009,success
1036,2000,8,4,0.0,4.000000000000002,0.01,0.6500000000000001,3.0,5,447,17,36,0,0.7182757127927321,0.2799382444076435,success
1037,2000,8,4,0.0,4.000000000000002,0.01,0.6600000000000001,3.0,5,449,17,34,0,0.7017036958981868,0.27932359297611675,success
1038,2000,8,4,0.0,4.000000000000002,0.01,0.6700000000000002,3.0,5,449,17,34,0,0.7017036958981868,0.27932359297611675,success
1039,2000,8,4,0.0,4.000000000000002,0.01,0.6800000000000002,3.0,5,451,16,33,0,0.7230065344881752,0.28072808563814566,success
1040,2000,8,4,0.0,4.000000000000002,0.01,0.6900000000000002,3.0,5,454,15,31,0,0.7028956752479211,0.2813824561076302,success
1041,2000,8,4,0.0,4.000000000000002,0.01,0.7000000000000002,3.0,5,455,15,30,0,0.6929921977561853,0.2806439179861324,success
1042,2000,8,4,0.0,4.000000000000002,0.01,0.7100000000000002,3.0,5,456,15,29,0,0.692224110925515,0.2900325002702131,success
1043,2000,8,4,0.0,4.000000000000002,0.01,0.7200000000000002,3.0,5,456,14,30,0,0.6929316730329008,0.2839679633223714,success
1044,2000,8,4,0.0,4.000000000000002,0.01,0.7300000000000002,3.0,5,458,14,28,0,0.7083073376209975,0.27829321831495474,success
1045,2000,8,4,0.0,4.000000000000002,0.01,0.7400000000000002,3.0,5,462,12,26,0,0.6791673616999095,0.2781089412979628,success
1046,2000,8,4,0.0,4.000000000000002,0.01,0.7500000000000002,3.0,5,465,11,24,0,0.6745702158591885,0.278956268992936,success
1047,2000,8,4,0.0,4.000000000000002,0.01,0.7600000000000002,3.0,5,468,11,21,0,0.6280802466962154,0.26708430365097274,success
1048,2000,8,4,0.0,4.000000000000002,0.01,0.7700000000000002,3.0,5,470,11,19,0,0.6556675263379292,0.2661296086211767,success
1049,2000,8,4,0.0,4.000000000000002,0.01,0.7800000000000002,3.0,5,471,10,19,0,0.6549770161696659,0.2662138142228317,success
1050,2000,8,4,0.0,4.000000000000002,0.01,0.7900000000000003,3.0,5,473,10,17,0,0.6725847358513536,0.2738821988125303,success
1051,2000,8,4,0.0,4.000000000000002,0.01,0.8000000000000003,3.0,5,472,10,18,0,0.6907744727485006,0.2766850512457564,success
1052,2000,8,4,0.0,4.000000000000002,0.01,0.8100000000000003,3.0,5,472,10,18,0,0.6901891241762458,0.2863830330986963,success
1053,2000,8,4,0.0,4.000000000000002,0.01,0.8200000000000003,3.0,5,474,9,17,0,0.6719649550101425,0.28423474930576315,success
1054,2000,8,4,0.0,4.000000000000002,0.01,0.8300000000000003,3.0,5,475,8,17,0,0.6719649550101425,0.28423474930576315,success
1055,2000,8,4,0.0,4.000000000000002,0.01,0.8400000000000003,3.0,5,476,8,16,0,0.6717280932004561,0.304222027847519,success
1056,2000,8,4,0.0,4.000000000000002,0.01,0.8500000000000003,3.0,5,478,8,14,0,0.6737601550360611,0.32671906852301286,success
1057,2000,8,4,0.0,4.000000000000002,0.01,0.8600000000000003,3.0,5,478,8,14,0,0.6736537564546573,0.32688347712604665,success
1058,2000,8,4,0.0,4.000000000000002,0.01,0.8700000000000003,3.0,5,478,8,14,0,0.664128254239159,0.3357819692957458,success
1059,2000,8,4,0.0,4.000000000000002,0.01,0.8800000000000003,3.0,5,478,8,14,0,0.664128254239159,0.3357819692957458,success
1060,2000,8,4,0.0,4.000000000000002,0.01,0.8900000000000003,3.0,5,478,8,14,0,0.664128254239159,0.3357819692957458,success
1061,2000,8,4,0.0,4.000000000000002,0.01,0.9000000000000004,3.0,5,479,8,13,0,0.6382919661037096,0.3346959307781232,success
1062,2000,8,4,0.0,4.000000000000002,0.01,0.9100000000000004,3.0,5,479,8,13,0,0.6382919661037096,0.3346959307781232,success
1063,2000,8,4,0.0,4.000000000000002,0.01,0.9200000000000004,3.0,5,480,8,12,0,0.6081496299456856,0.3306358840476018,success
1064,2000,8,4,0.0,4.000000000000002,0.01,0.9300000000000004,3.0,5,480,8,12,0,0.5974513009598815,0.341278614000126,success
1065,2000,8,4,0.0,4.000000000000002,0.01,0.9400000000000004,3.0,5,481,8,11,0,0.6400281771670442,0.3549698926705478,success
1066,2000,8,4,0.0,4.000000000000002,0.01,0.9500000000000004,3.0,5,482,8,10,0,0.6860970012917325,0.3686177390758335,success
1067,2000,8,4,0.0,4.000000000000002,0.01,0.9600000000000004,3.0,5,483,8,9,0,0.6512188903241473,0.3730663315404457,success
1068,2000,8,4,0.0,4.000000000000002,0.01,0.9700000000000004,3.0,5,483,8,9,0,0.6512188903241473,0.3730663315404457,success
1069,2000,8,4,0.0,4.000000000000002,0.01,0.9800000000000004,3.0,5,483,8,9,0,0.6505904614610613,0.37395148600071226,success
1070,2000,8,4,0.0,4.000000000000002,0.01,0.9900000000000004,3.0,5,483,8,9,0,0.6505904614610613,0.37395148600071226,success
1071,2000,8,4,0.0,4.000000000000002,0.01,1.0000000000000004,3.0,5,485,8,7,0,0.6359242068585579,0.39137547563696745,success
1072,2000,8,4,0.0,4.100000000000001,0.01,0.5,3.0,5,403,33,64,0,0.8137223463609773,0.23827120098075283,success
1073,2000,8,4,0.0,4.100000000000001,0.01,0.51,3.0,5,408,31,61,0,0.8244605883178978,0.23706788710427903,success
1074,2000,8,4,0.0,4.100000000000001,0.01,0.52,3.0,5,408,29,63,0,0.815830877548273,0.2358847415429835,success
1075,2000,8,4,0.0,4.100000000000001,0.01,0.53,3.0,5,408,28,64,0,0.8201002906114301,0.2341897501903201,success
1077,2000,8,4,0.0,4.100000000000001,0.01,0.55,3.0,5,417,25,58,0,0.8066802685778589,0.24054139023888355,success
1076,2000,8,4,0.0,4.100000000000001,0.01,0.54,3.0,5,410,27,63,0,0.823308041917504,0.23464925505879972,success
1078,2000,8,4,0.0,4.100000000000001,0.01,0.56,3.0,5,418,25,57,0,0.8005973012259399,0.24526012377154566,success
1079,2000,8,4,0.0,4.100000000000001,0.01,0.5700000000000001,3.0,5,420,25,55,0,0.7933462939977922,0.2466864471092694,success
1080,2000,8,4,0.0,4.100000000000001,0.01,0.5800000000000001,3.0,5,424,24,52,0,0.7776789121701403,0.25693408423532293,success
1081,2000,8,4,0.0,4.100000000000001,0.01,0.5900000000000001,3.0,5,425,24,51,0,0.7863923116821249,0.25161171005241306,success
1082,2000,8,4,0.0,4.100000000000001,0.01,0.6000000000000001,3.0,5,428,22,50,0,0.7711562563301249,0.25486205314994465,success
1083,2000,8,4,0.0,4.100000000000001,0.01,0.6100000000000001,3.0,5,431,21,48,0,0.7838904513463213,0.2587300929227478,success
1084,2000,8,4,0.0,4.100000000000001,0.01,0.6200000000000001,3.0,5,432,21,47,0,0.7874197809849923,0.26035670146566087,success
1085,2000,8,4,0.0,4.100000000000001,0.01,0.6300000000000001,3.0,5,435,21,44,0,0.7729256751430601,0.26295828755692047,success
1086,2000,8,4,0.0,4.100000000000001,0.01,0.6400000000000001,3.0,5,437,18,45,0,0.7694827164161488,0.2609769439953134,success
1087,2000,8,4,0.0,4.100000000000001,0.01,0.6500000000000001,3.0,5,440,18,42,0,0.7564790708912349,0.2669096734660656,success
1088,2000,8,4,0.0,4.100000000000001,0.01,0.6600000000000001,3.0,5,443,18,39,0,0.7377466917290223,0.26799839048535956,success
1089,2000,8,4,0.0,4.100000000000001,0.01,0.6700000000000002,3.0,5,443,18,39,0,0.7377466917290223,0.26799839048535956,success
1090,2000,8,4,0.0,4.100000000000001,0.01,0.6800000000000002,3.0,5,445,17,38,0,0.753183178885093,0.2696405790134039,success
1091,2000,8,4,0.0,4.100000000000001,0.01,0.6900000000000002,3.0,5,447,17,36,0,0.7375419747835918,0.27166563613700884,success
1092,2000,8,4,0.0,4.100000000000001,0.01,0.7000000000000002,3.0,5,448,17,35,0,0.730043174063123,0.2718252731179111,success
1093,2000,8,4,0.0,4.100000000000001,0.01,0.7100000000000002,3.0,5,450,17,33,0,0.7223104356473844,0.2800071907268529,success
1094,2000,8,4,0.0,4.100000000000001,0.01,0.7200000000000002,3.0,5,451,15,34,0,0.7184355281247405,0.2771085842854617,success
1095,2000,8,4,0.0,4.100000000000001,0.01,0.7300000000000002,3.0,5,452,15,33,0,0.7179969168592948,0.28040079050595995,success
1097,2000,8,4,0.0,4.100000000000001,0.01,0.7500000000000002,3.0,5,459,12,29,0,0.7150463281591845,0.2742078329203098,success
1096,2000,8,4,0.0,4.100000000000001,0.01,0.7400000000000002,3.0,5,458,13,29,0,0.716321868499054,0.27646441859099186,success
1098,2000,8,4,0.0,4.100000000000001,0.01,0.7600000000000002,3.0,5,464,12,24,0,0.6556809798590145,0.26496458765907005,success
1099,2000,8,4,0.0,4.100000000000001,0.01,0.7700000000000002,3.0,5,466,12,22,0,0.6820155152916579,0.2611018141775722,success
1100,2000,8,4,0.0,4.100000000000001,0.01,0.7800000000000002,3.0,5,467,11,22,0,0.6814191656008851,0.26123851248294916,success
1101,2000,8,4,0.0,4.100000000000001,0.01,0.7900000000000003,3.0,5,468,11,21,0,0.7133618497842301,0.2670011944545259,success
1102,2000,8,4,0.0,4.100000000000001,0.01,0.8000000000000003,3.0,5,467,11,22,0,0.7263908566122196,0.2676368875872918,success
1103,2000,8,4,0.0,4.100000000000001,0.01,0.8100000000000003,3.0,5,468,11,21,0,0.7253302184054938,0.28028251251097575,success
1104,2000,8,4,0.0,4.100000000000001,0.01,0.8200000000000003,3.0,5,470,10,20,0,0.7115967293257686,0.28022078447858456,success
1105,2000,8,4,0.0,4.100000000000001,0.01,0.8300000000000003,3.0,5,470,9,21,0,0.7253302184054938,0.28028251251097575,success
1106,2000,8,4,0.0,4.100000000000001,0.01,0.8400000000000003,3.0,5,471,9,20,0,0.7278089921275123,0.295958365893521,success
1107,2000,8,4,0.0,4.100000000000001,0.01,0.8500000000000003,3.0,5,473,9,18,0,0.7356206956582114,0.3118387626671156,success
1108,2000,8,4,0.0,4.100000000000001,0.01,0.8600000000000003,3.0,5,474,9,17,0,0.7199813495122441,0.3143112517538923,success
1109,2000,8,4,0.0,4.100000000000001,0.01,0.8700000000000003,3.0,5,475,9,16,0,0.6941453694181983,0.3247417962123564,success
1110,2000,8,4,0.0,4.100000000000001,0.01,0.8800000000000003,3.0,5,475,9,16,0,0.6941453694181983,0.3247417962123564,success
1112,2000,8,4,0.0,4.100000000000001,0.01,0.9000000000000004,3.0,5,476,9,15,0,0.6737550607127449,0.3253651781047093,success
1111,2000,8,4,0.0,4.100000000000001,0.01,0.8900000000000003,3.0,5,475,9,16,0,0.6941453694181983,0.3247417962123564,success
1113,2000,8,4,0.0,4.100000000000001,0.01,0.9100000000000004,3.0,5,476,9,15,0,0.6737550607127449,0.3253651781047093,success
1114,2000,8,4,0.0,4.100000000000001,0.01,0.9200000000000004,3.0,5,478,9,13,0,0.6235635315916288,0.32099506773998004,success
1115,2000,8,4,0.0,4.100000000000001,0.01,0.9300000000000004,3.0,5,478,8,14,0,0.6216020488304689,0.31992511069453083,success
1116,2000,8,4,0.0,4.100000000000001,0.01,0.9400000000000004,3.0,5,479,8,13,0,0.6687260805591979,0.3313285458090886,success
1117,2000,8,4,0.0,4.100000000000001,0.01,0.9500000000000004,3.0,5,480,8,12,0,0.6942646762975763,0.32847818374586596,success
1120,2000,8,4,0.0,4.100000000000001,0.01,0.9800000000000004,3.0,5,481,8,11,0,0.690654474548335,0.3456626037043784,success
1119,2000,8,4,0.0,4.100000000000001,0.01,0.9700000000000004,3.0,5,481,8,11,0,0.6915175813459888,0.3443662217927262,success
1118,2000,8,4,0.0,4.100000000000001,0.01,0.9600000000000004,3.0,5,481,8,11,0,0.6664705559609923,0.3293790152133642,success
1121,2000,8,4,0.0,4.100000000000001,0.01,0.9900000000000004,3.0,5,481,8,11,0,0.690654474548335,0.3456626037043784,success
1122,2000,8,4,0.0,4.100000000000001,0.01,1.0000000000000004,3.0,5,483,8,9,0,0.6963373507382765,0.3551827356644764,success
1124,2000,8,4,0.0,4.200000000000002,0.01,0.51,3.0,5,395,36,69,0,0.8228061913388383,0.2369685791062017,success
1123,2000,8,4,0.0,4.200000000000002,0.01,0.5,3.0,5,392,38,70,0,0.8079965926012945,0.23926468957166885,success
1125,2000,8,4,0.0,4.200000000000002,0.01,0.52,3.0,5,395,34,71,0,0.815195445077877,0.23588659394096154,success
1126,2000,8,4,0.0,4.200000000000002,0.01,0.53,3.0,5,395,33,72,0,0.8189993043627722,0.23439738067611718,success
1127,2000,8,4,0.0,4.200000000000002,0.01,0.54,3.0,5,396,32,72,0,0.8243046938304281,0.2341069371648399,success
1128,2000,8,4,0.0,4.200000000000002,0.01,0.55,3.0,5,404,30,66,0,0.8071058620076347,0.23997064301121226,success
1129,2000,8,4,0.0,4.200000000000002,0.01,0.56,3.0,5,405,30,65,0,0.8041382598846752,0.24061456264518402,success
1130,2000,8,4,0.0,4.200000000000002,0.01,0.5700000000000001,3.0,5,407,30,63,0,0.797920426865141,0.24183919686742442,success
1131,2000,8,4,0.0,4.200000000000002,0.01,0.5800000000000001,3.0,5,411,29,60,0,0.7782042685633564,0.2502592039767081,success
1132,2000,8,4,0.0,4.200000000000002,0.01,0.5900000000000001,3.0,5,411,29,60,0,0.7893160096123744,0.24491409082157226,success
1133,2000,8,4,0.0,4.200000000000002,0.01,0.6000000000000001,3.0,5,414,27,59,0,0.7699792789116797,0.24688743028616883,success
1134,2000,8,4,0.0,4.200000000000002,0.01,0.6100000000000001,3.0,5,416,26,58,0,0.7844432121363153,0.2495171957232823,success
1135,2000,8,4,0.0,4.200000000000002,0.01,0.6200000000000001,3.0,5,417,26,57,0,0.7873630586943423,0.25073349713691045,success
1136,2000,8,4,0.0,4.200000000000002,0.01,0.6300000000000001,3.0,5,419,25,56,0,0.7835659704567413,0.25134352366316026,success
1137,2000,8,4,0.0,4.200000000000002,0.01,0.6400000000000001,3.0,5,422,22,56,0,0.7767444085358852,0.2505452659318901,success
1138,2000,8,4,0.0,4.200000000000002,0.01,0.6500000000000001,3.0,5,425,22,53,0,0.7646240312903009,0.25701952123007,success
1139,2000,8,4,0.0,4.200000000000002,0.01,0.6600000000000001,3.0,5,428,22,50,0,0.750501473167719,0.2578914465080622,success
1141,2000,8,4,0.0,4.200000000000002,0.01,0.6800000000000002,3.0,5,432,21,47,0,0.7600107249138378,0.2628097220056536,success
1140,2000,8,4,0.0,4.200000000000002,0.01,0.6700000000000002,3.0,5,429,22,49,0,0.7556137481303254,0.2579914521537183,success
1142,2000,8,4,0.0,4.200000000000002,0.01,0.6900000000000002,3.0,5,434,20,46,0,0.7463771640353909,0.26178949576267174,success
1144,2000,8,4,0.0,4.200000000000002,0.01,0.7100000000000002,3.0,5,437,20,43,0,0.7353042518554036,0.2681906304639482,success
1143,2000,8,4,0.0,4.200000000000002,0.01,0.7000000000000002,3.0,5,435,20,45,0,0.7407411010139552,0.26191013061889207,success
1145,2000,8,4,0.0,4.200000000000002,0.01,0.7200000000000002,3.0,5,438,19,43,0,0.7257824746432523,0.2661970001056078,success
1146,2000,8,4,0.0,4.200000000000002,0.01,0.7300000000000002,3.0,5,439,19,42,0,0.7256127788041763,0.2686126971033761,success
1147,2000,8,4,0.0,4.200000000000002,0.01,0.7400000000000002,3.0,5,447,17,36,0,0.720173847168795,0.2665006626717289,success
1149,2000,8,4,0.0,4.200000000000002,0.01,0.7600000000000002,3.0,5,453,16,31,0,0.667839219756158,0.2618288238638972,success
1148,2000,8,4,0.0,4.200000000000002,0.01,0.7500000000000002,3.0,5,448,16,36,0,0.7139726614566917,0.26894849798463144,success
1150,2000,8,4,0.0,4.200000000000002,0.01,0.7700000000000002,3.0,5,455,15,30,0,0.6974272850986302,0.26164309148097903,success
1152,2000,8,4,0.0,4.200000000000002,0.01,0.7900000000000003,3.0,5,457,14,29,0,0.7237292888138477,0.26411730345008083,success
1151,2000,8,4,0.0,4.200000000000002,0.01,0.7800000000000002,3.0,5,456,14,30,0,0.6999590724450742,0.26134677580824356,success
1153,2000,8,4,0.0,4.200000000000002,0.01,0.8000000000000003,3.0,5,456,14,30,0,0.7329383125200528,0.26437981571839203,success
1154,2000,8,4,0.0,4.200000000000002,0.01,0.8100000000000003,3.0,5,456,14,30,0,0.7285832358325632,0.2695373796509752,success
1155,2000,8,4,0.0,4.200000000000002,0.01,0.8200000000000003,3.0,5,459,13,28,0,0.7061319015842484,0.2716208302492512,success
1157,2000,8,4,0.0,4.200000000000002,0.01,0.8400000000000003,3.0,5,461,12,27,0,0.7174368527474237,0.2877516422109864,success
1156,2000,8,4,0.0,4.200000000000002,0.01,0.8300000000000003,3.0,5,459,12,29,0,0.71626528428824,0.27225140809314774,success
1158,2000,8,4,0.0,4.200000000000002,0.01,0.8500000000000003,3.0,5,464,12,24,0,0.7348647457347663,0.29858291504227275,success
1159,2000,8,4,0.0,4.200000000000002,0.01,0.8600000000000003,3.0,5,465,12,23,0,0.7233371259841042,0.29978305285355106,success
1160,2000,8,4,0.0,4.200000000000002,0.01,0.8700000000000003,3.0,5,466,12,22,0,0.7041790134298271,0.30771187238811526,success
1161,2000,8,4,0.0,4.200000000000002,0.01,0.8800000000000003,3.0,5,468,12,20,0,0.7312968602678132,0.3092995137475655,success
1162,2000,8,4,0.0,4.200000000000002,0.01,0.8900000000000003,3.0,5,469,12,19,0,0.7171545897555928,0.31106056440414176,success
1163,2000,8,4,0.0,4.200000000000002,0.01,0.9000000000000004,3.0,5,470,12,18,0,0.7014409558531257,0.3122225912022418,success
1164,2000,8,4,0.0,4.200000000000002,0.01,0.9100000000000004,3.0,5,470,12,18,0,0.7014409558531257,0.3122225912022418,success
1165,2000,8,4,0.0,4.200000000000002,0.01,0.9200000000000004,3.0,5,472,12,16,0,0.6641210753347663,0.3116248501404055,success
1166,2000,8,4,0.0,4.200000000000002,0.01,0.9300000000000004,3.0,5,472,11,17,0,0.648525768833218,0.31417822648441857,success
1167,2000,8,4,0.0,4.200000000000002,0.01,0.9400000000000004,3.0,5,473,11,16,0,0.6884967771129821,0.319967390335163,success
1168,2000,8,4,0.0,4.200000000000002,0.01,0.9500000000000004,3.0,5,473,11,16,0,0.6861496133867062,0.3196657074459934,success
1169,2000,8,4,0.0,4.200000000000002,0.01,0.9600000000000004,3.0,5,474,11,15,0,0.6652262542791533,0.31934347811808067,success
1170,2000,8,4,0.0,4.200000000000002,0.01,0.9700000000000004,3.0,5,474,11,15,0,0.6652262542791533,0.31934347811808067,success
1171,2000,8,4,0.0,4.200000000000002,0.01,0.9800000000000004,3.0,5,474,11,15,0,0.664593309294207,0.3202869208558737,success
1172,2000,8,4,0.0,4.200000000000002,0.01,0.9900000000000004,3.0,5,474,11,15,0,0.664593309294207,0.3202869208558737,success
1173,2000,8,4,0.0,4.200000000000002,0.01,1.0000000000000004,3.0,5,476,11,13,0,0.6645181981558393,0.3230301675281447,success
1174,2000,8,4,0.0,4.3000000000000025,0.01,0.5,3.0,5,383,42,75,0,0.8038426179237709,0.24091330382083775,success
1175,2000,8,4,0.0,4.3000000000000025,0.01,0.51,3.0,5,387,40,73,0,0.815096740610576,0.2397678246761693,success
1176,2000,8,4,0.0,4.3000000000000025,0.01,0.52,3.0,5,387,38,75,0,0.8113658134311483,0.23939938405106578,success
1177,2000,8,4,0.0,4.3000000000000025,0.01,0.53,3.0,5,388,37,75,0,0.816458987320098,0.23929356695473247,success
1178,2000,8,4,0.0,4.3000000000000025,0.01,0.54,3.0,5,389,36,75,0,0.8215521612090477,0.23907776005902903,success
1179,2000,8,4,0.0,4.3000000000000025,0.01,0.55,3.0,5,396,33,71,0,0.8103586060196005,0.24347421826041069,success
1180,2000,8,4,0.0,4.3000000000000025,0.01,0.56,3.0,5,396,33,71,0,0.8094324249991874,0.2447931961198475,success
1181,2000,8,4,0.0,4.3000000000000025,0.01,0.5700000000000001,3.0,5,397,33,70,0,0.8067100310706043,0.24547572329004116,success
1182,2000,8,4,0.0,4.3000000000000025,0.01,0.5800000000000001,3.0,5,399,34,67,0,0.7833006326669263,0.2561184220640196,success
1183,2000,8,4,0.0,4.3000000000000025,0.01,0.5900000000000001,3.0,5,399,34,67,0,0.793251445546644,0.2512754863397928,success
1184,2000,8,4,0.0,4.3000000000000025,0.01,0.6000000000000001,3.0,5,401,31,68,0,0.7899656430981146,0.2514445757215392,success
1185,2000,8,4,0.0,4.3000000000000025,0.01,0.6100000000000001,3.0,5,403,30,67,0,0.8027849638625218,0.25276290379151733,success
1186,2000,8,4,0.0,4.3000000000000025,0.01,0.6200000000000001,3.0,5,405,29,66,0,0.8055845548554574,0.25365091980818244,success
1187,2000,8,4,0.0,4.3000000000000025,0.01,0.6300000000000001,3.0,5,408,28,64,0,0.7995090721946905,0.25523298496889985,success
1188,2000,8,4,0.0,4.3000000000000025,0.01,0.6400000000000001,3.0,5,410,26,64,0,0.7935402055139414,0.2549365223589728,success
1189,2000,8,4,0.0,4.3000000000000025,0.01,0.6500000000000001,3.0,5,414,26,60,0,0.7832955124007791,0.2590204486397468,success
1191,2000,8,4,0.0,4.3000000000000025,0.01,0.6700000000000002,3.0,5,417,26,57,0,0.7718900130534517,0.2608402152689204,success
1190,2000,8,4,0.0,4.3000000000000025,0.01,0.6600000000000001,3.0,5,417,26,57,0,0.7718900130534517,0.2608402152689204,success
1192,2000,8,4,0.0,4.3000000000000025,0.01,0.6800000000000002,3.0,5,421,25,54,0,0.7791694295978222,0.2663353574477593,success
1193,2000,8,4,0.0,4.3000000000000025,0.01,0.6900000000000002,3.0,5,424,23,53,0,0.756237539917475,0.26930796202772145,success
1194,2000,8,4,0.0,4.3000000000000025,0.01,0.7000000000000002,3.0,5,425,23,52,0,0.7515498003005033,0.2697431474538048,success
1195,2000,8,4,0.0,4.3000000000000025,0.01,0.7100000000000002,3.0,5,427,23,50,0,0.747306457995611,0.2754831462075721,success
1196,2000,8,4,0.0,4.3000000000000025,0.01,0.7200000000000002,3.0,5,428,22,50,0,0.7391177295931609,0.2742070463375344,success
1197,2000,8,4,0.0,4.3000000000000025,0.01,0.7300000000000002,3.0,5,429,22,49,0,0.7377228986851202,0.2741106430965975,success
1198,2000,8,4,0.0,4.3000000000000025,0.01,0.7400000000000002,3.0,5,436,21,43,0,0.7321866664283655,0.273172206851399,success
1199,2000,8,4,0.0,4.3000000000000025,0.01,0.7500000000000002,3.0,5,436,21,43,0,0.7256260669460409,0.27206547782644175,success
1200,2000,8,4,0.0,4.3000000000000025,0.01,0.7600000000000002,3.0,5,442,21,37,0,0.6811329967210746,0.2679081234813352,success
1201,2000,8,4,0.0,4.3000000000000025,0.01,0.7700000000000002,3.0,5,444,19,37,0,0.7141006383566962,0.267522915849516,success
1202,2000,8,4,0.0,4.3000000000000025,0.01,0.7800000000000002,3.0,5,445,16,39,0,0.7093457723962038,0.2619496295963471,success
1203,2000,8,4,0.0,4.3000000000000025,0.01,0.7900000000000003,3.0,5,447,16,37,0,0.7383936969903347,0.2587712635892197,success
1204,2000,8,4,0.0,4.3000000000000025,0.01,0.8000000000000003,3.0,5,446,16,38,0,0.7452780733853258,0.25875425409540537,success
1205,2000,8,4,0.0,4.3000000000000025,0.01,0.8100000000000003,3.0,5,446,16,38,0,0.741839854947834,0.26306361086752095,success
1206,2000,8,4,0.0,4.3000000000000025,0.01,0.8200000000000003,3.0,5,449,15,36,0,0.725114184927771,0.26543714689584713,success
1207,2000,8,4,0.0,4.3000000000000025,0.01,0.8300000000000003,3.0,5,449,14,37,0,0.7325435312810745,0.2655973745230533,success
1208,2000,8,4,0.0,4.3000000000000025,0.01,0.8400000000000003,3.0,5,451,14,35,0,0.7428558048471693,0.26632350272417055,success
1209,2000,8,4,0.0,4.3000000000000025,0.01,0.8500000000000003,3.0,5,454,14,32,0,0.7586502898772262,0.2708648251611501,success
1210,2000,8,4,0.0,4.3000000000000025,0.01,0.8600000000000003,3.0,5,455,14,31,0,0.7508648153571367,0.27167821984853424,success
1211,2000,8,4,0.0,4.3000000000000025,0.01,0.8700000000000003,3.0,5,456,14,30,0,0.7286512822564745,0.27008899891701876,success
1212,2000,8,4,0.0,4.3000000000000025,0.01,0.8800000000000003,3.0,5,457,14,29,0,0.7583978406067,0.26589919104397014,success
1213,2000,8,4,0.0,4.3000000000000025,0.01,0.8900000000000003,3.0,5,458,14,28,0,0.7497691920569391,0.2666118228876389,success
1214,2000,8,4,0.0,4.3000000000000025,0.01,0.9000000000000004,3.0,5,459,14,27,0,0.7405013843553443,0.2670548620199469,success
1215,2000,8,4,0.0,4.3000000000000025,0.01,0.9100000000000004,3.0,5,459,14,27,0,0.7405013843553443,0.2670548620199469,success
1216,2000,8,4,0.0,4.3000000000000025,0.01,0.9200000000000004,3.0,5,460,14,26,0,0.7222015321693271,0.2687209193106092,success
1217,2000,8,4,0.0,4.3000000000000025,0.01,0.9300000000000004,3.0,5,460,13,27,0,0.7010594125639628,0.28135776551748826,success
1218,2000,8,4,0.0,4.3000000000000025,0.01,0.9400000000000004,3.0,5,461,13,26,0,0.7276774808796154,0.27941108538693077,success
1219,2000,8,4,0.0,4.3000000000000025,0.01,0.9500000000000004,3.0,5,461,13,26,0,0.7262330724326763,0.27941697199685767,success
1220,2000,8,4,0.0,4.3000000000000025,0.01,0.9600000000000004,3.0,5,463,13,24,0,0.7034191618020661,0.2789310384072471,success
1221,2000,8,4,0.0,4.3000000000000025,0.01,0.9700000000000004,3.0,5,463,13,24,0,0.7010583295837836,0.2811196644198418,success
1222,2000,8,4,0.0,4.3000000000000025,0.01,0.9800000000000004,3.0,5,464,13,23,0,0.7089260362713767,0.28314301321553353,success
1223,2000,8,4,0.0,4.3000000000000025,0.01,0.9900000000000004,3.0,5,464,13,23,0,0.7089260362713767,0.28314301321553353,success
1224,2000,8,4,0.0,4.3000000000000025,0.01,1.0000000000000004,3.0,5,465,13,22,0,0.7251433939133737,0.282268306162953,success
1225,2000,8,4,0.0,4.400000000000002,0.01,0.5,3.0,5,369,49,82,0,0.8157601328954549,0.23078153606254537,success
1226,2000,8,4,0.0,4.400000000000002,0.01,0.51,3.0,5,372,48,80,0,0.8263274577214567,0.22888816998760292,success
1227,2000,8,4,0.0,4.400000000000002,0.01,0.52,3.0,5,372,46,82,0,0.8170889068173774,0.22951427065089525,success
1228,2000,8,4,0.0,4.400000000000002,0.01,0.53,3.0,5,373,45,82,0,0.8217472975694656,0.2293002296858967,success
1229,2000,8,4,0.0,4.400000000000002,0.01,0.54,3.0,5,375,44,81,0,0.8242625486712025,0.229587828729617,success
1230,2000,8,4,0.0,4.400000000000002,0.01,0.55,3.0,5,380,41,79,0,0.8137395109950648,0.2325162534327027,success
1231,2000,8,4,0.0,4.400000000000002,0.01,0.56,3.0,5,380,41,79,0,0.8129071204577314,0.2337681522544742,success
1232,2000,8,4,0.0,4.400000000000002,0.01,0.5700000000000001,3.0,5,382,40,78,0,0.8120214676216608,0.2326447923270122,success
1233,2000,8,4,0.0,4.400000000000002,0.01,0.5800000000000001,3.0,5,383,41,76,0,0.7940672985293593,0.24230010953216033,success
1234,2000,8,4,0.0,4.400000000000002,0.01,0.5900000000000001,3.0,5,384,41,75,0,0.8044468649639706,0.23859745770146448,success
1235,2000,8,4,0.0,4.400000000000002,0.01,0.6000000000000001,3.0,5,386,38,76,0,0.8013596283071635,0.23907320979179256,success
1236,2000,8,4,0.0,4.400000000000002,0.01,0.6100000000000001,3.0,5,388,37,75,0,0.8131888161000831,0.23955274505632737,success
1237,2000,8,4,0.0,4.400000000000002,0.01,0.6200000000000001,3.0,5,390,35,75,0,0.8131886866994408,0.23955285191350578,success
1238,2000,8,4,0.0,4.400000000000002,0.01,0.6300000000000001,3.0,5,394,34,72,0,0.8054048819785841,0.24140067758851497,success
1240,2000,8,4,0.0,4.400000000000002,0.01,0.6500000000000001,3.0,5,400,32,68,0,0.7914456121477147,0.24451195222395403,success
1239,2000,8,4,0.0,4.400000000000002,0.01,0.6400000000000001,3.0,5,396,32,72,0,0.8000992227068071,0.24126146515254893,success
1241,2000,8,4,0.0,4.400000000000002,0.01,0.6600000000000001,3.0,5,403,32,65,0,0.7818200250160707,0.24587729335837974,success
1242,2000,8,4,0.0,4.400000000000002,0.01,0.6700000000000002,3.0,5,403,32,65,0,0.7818200250160707,0.24587729335837974,success
1243,2000,8,4,0.0,4.400000000000002,0.01,0.6800000000000002,3.0,5,407,31,62,0,0.7886406464561332,0.24993306880665309,success
1244,2000,8,4,0.0,4.400000000000002,0.01,0.6900000000000002,3.0,5,410,29,61,0,0.7688714835676072,0.2532878987286037,success
1245,2000,8,4,0.0,4.400000000000002,0.01,0.7000000000000002,3.0,5,411,29,60,0,0.7650193416270672,0.2536170490840853,success
1246,2000,8,4,0.0,4.400000000000002,0.01,0.7100000000000002,3.0,5,413,29,58,0,0.7621961730990169,0.257876082862174,success
1247,2000,8,4,0.0,4.400000000000002,0.01,0.7200000000000002,3.0,5,413,28,59,0,0.7499721752007718,0.2525129125790546,success
1248,2000,8,4,0.0,4.400000000000002,0.01,0.7300000000000002,3.0,5,414,28,58,0,0.7540311831179186,0.25414784492370235,success
1249,2000,8,4,0.0,4.400000000000002,0.01,0.7400000000000002,3.0,5,420,27,53,0,0.7560266649375114,0.251039378874397,success
1250,2000,8,4,0.0,4.400000000000002,0.01,0.7500000000000002,3.0,5,420,27,53,0,0.750703914414116,0.2505968244538579,success
1251,2000,8,4,0.0,4.400000000000002,0.01,0.7600000000000002,3.0,5,425,27,48,0,0.7308379623339384,0.25248112331147005,success
1252,2000,8,4,0.0,4.400000000000002,0.01,0.7700000000000002,3.0,5,427,25,48,0,0.7562505194280634,0.24739604988392913,success
1253,2000,8,4,0.0,4.400000000000002,0.01,0.7800000000000002,3.0,5,428,22,50,0,0.7508557287360246,0.2443751259834828,success
1254,2000,8,4,0.0,4.400000000000002,0.01,0.7900000000000003,3.0,5,431,21,48,0,0.774976418791493,0.23700451673975606,success
1255,2000,8,4,0.0,4.400000000000002,0.01,0.8000000000000003,3.0,5,430,21,49,0,0.7795687367753401,0.23671562831927404,success
1256,2000,8,4,0.0,4.400000000000002,0.01,0.8100000000000003,3.0,5,430,21,49,0,0.777536227706281,0.23940510069665932,success
1257,2000,8,4,0.0,4.400000000000002,0.01,0.8200000000000003,3.0,5,434,20,46,0,0.7611624201519527,0.2424549023563341,success
1258,2000,8,4,0.0,4.400000000000002,0.01,0.8300000000000003,3.0,5,434,19,47,0,0.7662440707870175,0.24232240407897462,success
1259,2000,8,4,0.0,4.400000000000002,0.01,0.8400000000000003,3.0,5,436,19,45,0,0.7757625297609109,0.24055908222883185,success
1260,2000,8,4,0.0,4.400000000000002,0.01,0.8500000000000003,3.0,5,440,19,41,0,0.7893744366691219,0.24768395058875303,success
1261,2000,8,4,0.0,4.400000000000002,0.01,0.8600000000000003,3.0,5,441,19,40,0,0.78410879758585,0.24850431400286846,success
1262,2000,8,4,0.0,4.400000000000002,0.01,0.8700000000000003,3.0,5,442,19,39,0,0.7795747259178807,0.24897921123697928,success
1264,2000,8,4,0.0,4.400000000000002,0.01,0.8900000000000003,3.0,5,444,19,37,0,0.7983084654242543,0.24114623095906132,success
1263,2000,8,4,0.0,4.400000000000002,0.01,0.8800000000000003,3.0,5,443,19,38,0,0.803616137386774,0.24010488316475637,success
1265,2000,8,4,0.0,4.400000000000002,0.01,0.9000000000000004,3.0,5,445,19,36,0,0.7927059227971502,0.24211241243143286,success
1266,2000,8,4,0.0,4.400000000000002,0.01,0.9100000000000004,3.0,5,445,19,36,0,0.7927059227971502,0.24211241243143286,success
1267,2000,8,4,0.0,4.400000000000002,0.01,0.9200000000000004,3.0,5,446,19,35,0,0.7806033051287319,0.24573867000556257,success
1268,2000,8,4,0.0,4.400000000000002,0.01,0.9300000000000004,3.0,5,447,18,35,0,0.7595412321170953,0.2561310936904887,success
1269,2000,8,4,0.0,4.400000000000002,0.01,0.9400000000000004,3.0,5,447,18,35,0,0.7673058688741408,0.25925441947609607,success
1270,2000,8,4,0.0,4.400000000000002,0.01,0.9500000000000004,3.0,5,447,18,35,0,0.7662328797421288,0.2594286529632801,success
1271,2000,8,4,0.0,4.400000000000002,0.01,0.9600000000000004,3.0,5,450,18,32,0,0.762623581924764,0.25744832490021174,success
1272,2000,8,4,0.0,4.400000000000002,0.01,0.9700000000000004,3.0,5,450,18,32,0,0.762623581924764,0.25744832490021174,success
1273,2000,8,4,0.0,4.400000000000002,0.01,0.9800000000000004,3.0,5,452,18,30,0,0.7853350727846193,0.24677291986787553,success
1274,2000,8,4,0.0,4.400000000000002,0.01,0.9900000000000004,3.0,5,452,18,30,0,0.7853350727846193,0.24677291986787553,success
1275,2000,8,4,0.0,4.400000000000002,0.01,1.0000000000000004,3.0,5,452,18,30,0,0.7836880347668321,0.25282553460779544,success
1277,2000,8,4,0.0,4.500000000000002,0.01,0.51,3.0,5,354,58,88,0,0.825295700404504,0.23008948597082754,success
1276,2000,8,4,0.0,4.500000000000002,0.01,0.5,3.0,5,353,59,88,0,0.8082502458590494,0.23503975806064917,success
1278,2000,8,4,0.0,4.500000000000002,0.01,0.52,3.0,5,356,56,88,0,0.8127399474648268,0.23154728295308702,success
1279,2000,8,4,0.0,4.500000000000002,0.01,0.53,3.0,5,357,55,88,0,0.8170807206656363,0.23143529577140606,success
1280,2000,8,4,0.0,4.500000000000002,0.01,0.54,3.0,5,359,54,87,0,0.8193688673591634,0.23177364389904578,success
1281,2000,8,4,0.0,4.500000000000002,0.01,0.55,3.0,5,361,52,87,0,0.8196005331780452,0.2316877559423313,success
1282,2000,8,4,0.0,4.500000000000002,0.01,0.56,3.0,5,361,52,87,0,0.8196005331780452,0.2316877559423313,success
1283,2000,8,4,0.0,4.500000000000002,0.01,0.5700000000000001,3.0,5,363,51,86,0,0.8188750970327755,0.23065933180718812,success
1284,2000,8,4,0.0,4.500000000000002,0.01,0.5800000000000001,3.0,5,364,52,84,0,0.8031833822809699,0.2392189362204589,success
1285,2000,8,4,0.0,4.500000000000002,0.01,0.5900000000000001,3.0,5,366,52,82,0,0.8107605707940615,0.23517691812959915,success
1286,2000,8,4,0.0,4.500000000000002,0.01,0.6000000000000001,3.0,5,366,50,84,0,0.8041926629066629,0.23670965125787788,success
1287,2000,8,4,0.0,4.500000000000002,0.01,0.6100000000000001,3.0,5,368,49,83,0,0.8149158209677289,0.23701279703562814,success
1288,2000,8,4,0.0,4.500000000000002,0.01,0.6200000000000001,3.0,5,371,47,82,0,0.8126585784789427,0.237572218403214,success
1289,2000,8,4,0.0,4.500000000000002,0.01,0.6300000000000001,3.0,5,375,46,79,0,0.8055443472819406,0.23918656167524358,success
1290,2000,8,4,0.0,4.500000000000002,0.01,0.6400000000000001,3.0,5,378,44,78,0,0.7981537944577611,0.23952566168607653,success
1291,2000,8,4,0.0,4.500000000000002,0.01,0.6500000000000001,3.0,5,383,44,73,0,0.791178026954868,0.2404356652083888,success
1292,2000,8,4,0.0,4.500000000000002,0.01,0.6600000000000001,3.0,5,385,44,71,0,0.7799156045920301,0.24060730010197878,success
1293,2000,8,4,0.0,4.500000000000002,0.01,0.6700000000000002,3.0,5,385,44,71,0,0.7799156045920301,0.24060730010197878,success
1294,2000,8,4,0.0,4.500000000000002,0.01,0.6800000000000002,3.0,5,388,43,69,0,0.7858308906459281,0.2424106786341783,success
1295,2000,8,4,0.0,4.500000000000002,0.01,0.6900000000000002,3.0,5,390,41,69,0,0.7747824078191015,0.24091687023615266,success
1296,2000,8,4,0.0,4.500000000000002,0.01,0.7000000000000002,3.0,5,391,41,68,0,0.7714703844046765,0.2411203613176726,success
1297,2000,8,4,0.0,4.500000000000002,0.01,0.7100000000000002,3.0,5,393,40,67,0,0.7812234952416303,0.24133221769423688,success
1298,2000,8,4,0.0,4.500000000000002,0.01,0.7200000000000002,3.0,5,393,39,68,0,0.7724193669628587,0.23665169217394133,success
1299,2000,8,4,0.0,4.500000000000002,0.01,0.7300000000000002,3.0,5,395,39,66,0,0.7804540490525474,0.23687493086387712,success
1300,2000,8,4,0.0,4.500000000000002,0.01,0.7400000000000002,3.0,5,399,38,63,0,0.7757827446498683,0.24348151431711298,success
1301,2000,8,4,0.0,4.500000000000002,0.01,0.7500000000000002,3.0,5,399,38,63,0,0.7713048751619325,0.24347624412704072,success
1302,2000,8,4,0.0,4.500000000000002,0.01,0.7600000000000002,3.0,5,403,37,60,0,0.7598701189200291,0.2439315217456665,success
1303,2000,8,4,0.0,4.500000000000002,0.01,0.7700000000000002,3.0,5,405,35,60,0,0.780200164595329,0.2374495640884091,success
1304,2000,8,4,0.0,4.500000000000002,0.01,0.7800000000000002,3.0,5,406,33,61,0,0.7707401371463651,0.2358349989385627,success
1305,2000,8,4,0.0,4.500000000000002,0.01,0.7900000000000003,3.0,5,411,32,57,0,0.783132008387328,0.22934902158011092,success
1306,2000,8,4,0.0,4.500000000000002,0.01,0.8000000000000003,3.0,5,411,32,57,0,0.783132008387328,0.22934902158011092,success
1307,2000,8,4,0.0,4.500000000000002,0.01,0.8100000000000003,3.0,5,411,32,57,0,0.7810217273771457,0.23001594953744278,success
1309,2000,8,4,0.0,4.500000000000002,0.01,0.8300000000000003,3.0,5,413,30,57,0,0.7767215770794544,0.2354981604213104,success
1308,2000,8,4,0.0,4.500000000000002,0.01,0.8200000000000003,3.0,5,413,31,56,0,0.7727344623844447,0.23568013719056516,success
1310,2000,8,4,0.0,4.500000000000002,0.01,0.8400000000000003,3.0,5,415,29,56,0,0.7798030786746442,0.23439458399850843,success
1311,2000,8,4,0.0,4.500000000000002,0.01,0.8500000000000003,3.0,5,420,29,51,0,0.7839695685253036,0.24138790386936207,success
1313,2000,8,4,0.0,4.500000000000002,0.01,0.8700000000000003,3.0,5,423,29,48,0,0.789799682654984,0.23331975901018348,success
1312,2000,8,4,0.0,4.500000000000002,0.01,0.8600000000000003,3.0,5,423,29,48,0,0.783675977181053,0.2372432957919475,success
1314,2000,8,4,0.0,4.500000000000002,0.01,0.8800000000000003,3.0,5,425,29,46,0,0.8244154444954934,0.220117394214546,success
1315,2000,8,4,0.0,4.500000000000002,0.01,0.8900000000000003,3.0,5,426,29,45,0,0.8205135654842822,0.2209900234167079,success
1316,2000,8,4,0.0,4.500000000000002,0.01,0.9000000000000004,3.0,5,427,29,44,0,0.8164343283361977,0.22182448707706526,success
1317,2000,8,4,0.0,4.500000000000002,0.01,0.9100000000000004,3.0,5,428,29,43,0,0.8121653592277371,0.22261339752852147,success
1318,2000,8,4,0.0,4.500000000000002,0.01,0.9200000000000004,3.0,5,428,28,44,0,0.8001548387636569,0.22775589136543892,success
1319,2000,8,4,0.0,4.500000000000002,0.01,0.9300000000000004,3.0,5,429,27,44,0,0.7920829049491267,0.23899499622153475,success
1320,2000,8,4,0.0,4.500000000000002,0.01,0.9400000000000004,3.0,5,430,27,43,0,0.7935676768432129,0.24161801559868165,success
1321,2000,8,4,0.0,4.500000000000002,0.01,0.9500000000000004,3.0,5,430,27,43,0,0.7926943135962266,0.24186683651018917,success
1322,2000,8,4,0.0,4.500000000000002,0.01,0.9600000000000004,3.0,5,433,27,40,0,0.791791482881392,0.23900096839244458,success
1323,2000,8,4,0.0,4.500000000000002,0.01,0.9700000000000004,3.0,5,433,27,40,0,0.791791482881392,0.23900096839244458,success
1324,2000,8,4,0.0,4.500000000000002,0.01,0.9800000000000004,3.0,5,434,27,39,0,0.7850349266361756,0.2535084397998127,success
1325,2000,8,4,0.0,4.500000000000002,0.01,0.9900000000000004,3.0,5,436,27,37,0,0.7734151929408337,0.25520756609651946,success
1326,2000,8,4,0.0,4.500000000000002,0.01,1.0000000000000004,3.0,5,436,27,37,0,0.775406588663873,0.2549629490431386,success
1327,2000,8,4,0.0,4.600000000000002,0.01,0.5,3.0,5,332,75,93,0,0.8264714508791171,0.2251699037290414,success
1328,2000,8,4,0.0,4.600000000000002,0.01,0.51,3.0,5,333,74,93,0,0.8426004831371816,0.21896318851696242,success
1329,2000,8,4,0.0,4.600000000000002,0.01,0.52,3.0,5,335,72,93,0,0.8327571030615203,0.2220537941518767,success
1330,2000,8,4,0.0,4.600000000000002,0.01,0.53,3.0,5,336,71,93,0,0.8368645013590605,0.22157076065987752,success
1331,2000,8,4,0.0,4.600000000000002,0.01,0.54,3.0,5,337,70,93,0,0.8450792979541405,0.22036947691242512,success
1332,2000,8,4,0.0,4.600000000000002,0.01,0.55,3.0,5,338,67,95,0,0.8469076889714263,0.22041606131170877,success
1333,2000,8,4,0.0,4.600000000000002,0.01,0.56,3.0,5,339,66,95,0,0.8469076889714263,0.2204160613117088,success
1334,2000,8,4,0.0,4.600000000000002,0.01,0.5700000000000001,3.0,5,341,65,94,0,0.846534493729939,0.21936914759485482,success
1336,2000,8,4,0.0,4.600000000000002,0.01,0.5900000000000001,3.0,5,344,66,90,0,0.8473631817898992,0.21896897789502168,success
1335,2000,8,4,0.0,4.600000000000002,0.01,0.5800000000000001,3.0,5,342,66,92,0,0.8396491702997757,0.2244825962730469,success
1337,2000,8,4,0.0,4.600000000000002,0.01,0.6000000000000001,3.0,5,345,64,91,0,0.8415124021344331,0.22293470746870409,success
1338,2000,8,4,0.0,4.600000000000002,0.01,0.6100000000000001,3.0,5,348,64,88,0,0.8473226691033553,0.22093845761342146,success
1339,2000,8,4,0.0,4.600000000000002,0.01,0.6200000000000001,3.0,5,351,61,88,0,0.8473225588187169,0.22093857339525894,success
1340,2000,8,4,0.0,4.600000000000002,0.01,0.6300000000000001,3.0,5,357,60,83,0,0.8381251226029769,0.22423941961198815,success
1341,2000,8,4,0.0,4.600000000000002,0.01,0.6400000000000001,3.0,5,358,58,84,0,0.8355044965295135,0.22417488577725825,success
1342,2000,8,4,0.0,4.600000000000002,0.01,0.6500000000000001,3.0,5,362,58,80,0,0.8335297213559894,0.22437146903291436,success
1343,2000,8,4,0.0,4.600000000000002,0.01,0.6600000000000001,3.0,5,363,58,79,0,0.8265872109722521,0.22544194358727548,success
1344,2000,8,4,0.0,4.600000000000002,0.01,0.6700000000000002,3.0,5,363,58,79,0,0.8265872109722521,0.22544194358727548,success
1345,2000,8,4,0.0,4.600000000000002,0.01,0.6800000000000002,3.0,5,367,57,76,0,0.8329100441146392,0.22353935665326496,success
1346,2000,8,4,0.0,4.600000000000002,0.01,0.6900000000000002,3.0,5,368,55,77,0,0.82493459498997,0.22388954818026877,success
1347,2000,8,4,0.0,4.600000000000002,0.01,0.7000000000000002,3.0,5,369,55,76,0,0.8226311028187855,0.22445682898322997,success
1348,2000,8,4,0.0,4.600000000000002,0.01,0.7100000000000002,3.0,5,371,54,75,0,0.8253593580786522,0.22469612688183027,success
1349,2000,8,4,0.0,4.600000000000002,0.01,0.7200000000000002,3.0,5,371,54,75,0,0.8178809293429727,0.2234146333638364,success
1350,2000,8,4,0.0,4.600000000000002,0.01,0.7300000000000002,3.0,5,372,54,74,0,0.8261349247135655,0.22233028528491075,success
1351,2000,8,4,0.0,4.600000000000002,0.01,0.7400000000000002,3.0,5,375,53,72,0,0.8213035117385994,0.2287961099653066,success
1352,2000,8,4,0.0,4.600000000000002,0.01,0.7500000000000002,3.0,5,375,53,72,0,0.8173853759366554,0.2295852349622375,success
1353,2000,8,4,0.0,4.600000000000002,0.01,0.7600000000000002,3.0,5,379,52,69,0,0.8052004686863521,0.2304374079777468,success
1354,2000,8,4,0.0,4.600000000000002,0.01,0.7700000000000002,3.0,5,381,51,68,0,0.8183034730878858,0.2249754702276372,success
1355,2000,8,4,0.0,4.600000000000002,0.01,0.7800000000000002,3.0,5,381,49,70,0,0.8168616057473044,0.2253461660467321,success
1356,2000,8,4,0.0,4.600000000000002,0.01,0.7900000000000003,3.0,5,384,49,67,0,0.8238253634907852,0.2210264132378351,success
1357,2000,8,4,0.0,4.600000000000002,0.01,0.8000000000000003,3.0,5,384,49,67,0,0.828870859588355,0.21820940119695914,success
1358,2000,8,4,0.0,4.600000000000002,0.01,0.8100000000000003,3.0,5,384,49,67,0,0.8260429206084283,0.21718334952163537,success
1359,2000,8,4,0.0,4.600000000000002,0.01,0.8200000000000003,3.0,5,388,48,64,0,0.8177810963536204,0.22578027446799273,success
1360,2000,8,4,0.0,4.600000000000002,0.01,0.8300000000000003,3.0,5,389,47,64,0,0.8194997522416542,0.2256332567497733,success
1361,2000,8,4,0.0,4.600000000000002,0.01,0.8400000000000003,3.0,5,390,46,64,0,0.8215934852088427,0.22194992964337334,success
1362,2000,8,4,0.0,4.600000000000002,0.01,0.8500000000000003,3.0,5,393,47,60,0,0.8273147261639578,0.2245029081691669,success
1363,2000,8,4,0.0,4.600000000000002,0.01,0.8600000000000003,3.0,5,395,47,58,0,0.8322910772368541,0.21883363063527497,success
1364,2000,8,4,0.0,4.600000000000002,0.01,0.8700000000000003,3.0,5,395,47,58,0,0.8373589714221763,0.2141724566425881,success
1365,2000,8,4,0.0,4.600000000000002,0.01,0.8800000000000003,3.0,5,397,47,56,0,0.8585633218185659,0.1998922839888634,success
1366,2000,8,4,0.0,4.600000000000002,0.01,0.8900000000000003,3.0,5,397,47,56,0,0.8585633218185659,0.1998922839888634,success
1367,2000,8,4,0.0,4.600000000000002,0.01,0.9000000000000004,3.0,5,397,46,57,0,0.850600627870399,0.20702044557695348,success
1368,2000,8,4,0.0,4.600000000000002,0.01,0.9100000000000004,3.0,5,398,46,56,0,0.8479327819395133,0.20790291819918644,success
1369,2000,8,4,0.0,4.600000000000002,0.01,0.9200000000000004,3.0,5,398,46,56,0,0.8440703258468026,0.21105717456729775,success
1370,2000,8,4,0.0,4.600000000000002,0.01,0.9300000000000004,3.0,5,399,46,55,0,0.8465799071498916,0.2132018073525792,success
1371,2000,8,4,0.0,4.600000000000002,0.01,0.9400000000000004,3.0,5,400,46,54,0,0.848771429254456,0.2145775292541664,success
1372,2000,8,4,0.0,4.600000000000002,0.01,0.9500000000000004,3.0,5,400,46,54,0,0.8480759733355595,0.21498187691321216,success
1373,2000,8,4,0.0,4.600000000000002,0.01,0.9600000000000004,3.0,5,402,46,52,0,0.8510027778165056,0.211954609170349,success
1374,2000,8,4,0.0,4.600000000000002,0.01,0.9700000000000004,3.0,5,402,46,52,0,0.8510027778165056,0.211954609170349,success
1375,2000,8,4,0.0,4.600000000000002,0.01,0.9800000000000004,3.0,5,403,45,52,0,0.8452251150809258,0.22185677267576304,success
1377,2000,8,4,0.0,4.600000000000002,0.01,1.0000000000000004,3.0,5,404,45,51,0,0.8436350514894233,0.22231641914041186,success
1376,2000,8,4,0.0,4.600000000000002,0.01,0.9900000000000004,3.0,5,404,45,51,0,0.8421903134158458,0.22297160494588486,success
1378,2000,8,4,0.0,4.700000000000003,0.01,0.5,3.0,5,318,89,93,0,0.828028480004993,0.21965699311264508,success
1379,2000,8,4,0.0,4.700000000000003,0.01,0.51,3.0,5,319,88,93,0,0.838781168177036,0.21549024635348105,success
1380,2000,8,4,0.0,4.700000000000003,0.01,0.52,3.0,5,321,87,92,0,0.8370287895702646,0.21600371967173373,success
1381,2000,8,4,0.0,4.700000000000003,0.01,0.53,3.0,5,322,86,92,0,0.8443646892414833,0.21557887189536665,success
1382,2000,8,4,0.0,4.700000000000003,0.01,0.54,3.0,5,324,85,91,0,0.8468520818888757,0.2154416178660977,success
1383,2000,8,4,0.0,4.700000000000003,0.01,0.55,3.0,5,325,82,93,0,0.8501455855041687,0.21425446946249166,success
1384,2000,8,4,0.0,4.700000000000003,0.01,0.56,3.0,5,327,81,92,0,0.8443646892414833,0.21557887189536662,success
1385,2000,8,4,0.0,4.700000000000003,0.01,0.5700000000000001,3.0,5,327,80,93,0,0.8419307889090886,0.21568499044508874,success
1386,2000,8,4,0.0,4.700000000000003,0.01,0.5800000000000001,3.0,5,328,80,92,0,0.8366635285381558,0.22016603745389307,success
1387,2000,8,4,0.0,4.700000000000003,0.01,0.5900000000000001,3.0,5,330,80,90,0,0.8443111924335767,0.21455148623682738,success
1388,2000,8,4,0.0,4.700000000000003,0.01,0.6000000000000001,3.0,5,331,79,90,0,0.8372349403494059,0.2180066827381805,success
1389,2000,8,4,0.0,4.700000000000003,0.01,0.6100000000000001,3.0,5,332,79,89,0,0.8470640113093839,0.21351947834151527,success
1390,2000,8,4,0.0,4.700000000000003,0.01,0.6200000000000001,3.0,5,334,76,90,0,0.8487631922387444,0.21292779714083457,success
1391,2000,8,4,0.0,4.700000000000003,0.01,0.6300000000000001,3.0,5,339,75,86,0,0.8417289221103139,0.21527979917944895,success
1392,2000,8,4,0.0,4.700000000000003,0.01,0.6400000000000001,3.0,5,340,73,87,0,0.839157239470334,0.21536450733069568,success
1393,2000,8,4,0.0,4.700000000000003,0.01,0.6500000000000001,3.0,5,342,72,86,0,0.8372869748130124,0.21591582497611844,success
1394,2000,8,4,0.0,4.700000000000003,0.01,0.6600000000000001,3.0,5,343,72,85,0,0.8308787269676217,0.21696800267907893,success
1395,2000,8,4,0.0,4.700000000000003,0.01,0.6700000000000002,3.0,5,343,72,85,0,0.8263847500067837,0.21737895379383435,success
1396,2000,8,4,0.0,4.700000000000003,0.01,0.6800000000000002,3.0,5,347,70,83,0,0.8226329469676905,0.21984816306814756,success
1397,2000,8,4,0.0,4.700000000000003,0.01,0.6900000000000002,3.0,5,347,68,85,0,0.8176157065862755,0.21949351498980937,success
1398,2000,8,4,0.0,4.700000000000003,0.01,0.7000000000000002,3.0,5,349,68,83,0,0.8178231698976466,0.22013833242651698,success
1399,2000,8,4,0.0,4.700000000000003,0.01,0.7100000000000002,3.0,5,352,67,81,0,0.8180408783108133,0.22081315195888188,success
1400,2000,8,4,0.0,4.700000000000003,0.01,0.7200000000000002,3.0,5,352,67,81,0,0.8144246470999381,0.2201936256878064,success
1401,2000,8,4,0.0,4.700000000000003,0.01,0.7300000000000002,3.0,5,352,67,81,0,0.8180408783108133,0.22081315195888188,success
1402,2000,8,4,0.0,4.700000000000003,0.01,0.7400000000000002,3.0,5,355,66,79,0,0.8134326526525466,0.226544706808511,success
1403,2000,8,4,0.0,4.700000000000003,0.01,0.7500000000000002,3.0,5,356,66,78,0,0.8065809606328447,0.22884745073040694,success
1404,2000,8,4,0.0,4.700000000000003,0.01,0.7600000000000002,3.0,5,360,65,75,0,0.7949386693504131,0.2290600346565597,success
1405,2000,8,4,0.0,4.700000000000003,0.01,0.7700000000000002,3.0,5,362,64,74,0,0.8040863276074625,0.22816225110824628,success
1406,2000,8,4,0.0,4.700000000000003,0.01,0.7800000000000002,3.0,5,362,62,76,0,0.8031324273064119,0.22834453291935752,success
1407,2000,8,4,0.0,4.700000000000003,0.01,0.7900000000000003,3.0,5,364,62,74,0,0.8189492771100096,0.22125980920668045,success
1409,2000,8,4,0.0,4.700000000000003,0.01,0.8100000000000003,3.0,5,364,62,74,0,0.8229984546476016,0.21445071508695696,success
1408,2000,8,4,0.0,4.700000000000003,0.01,0.8000000000000003,3.0,5,364,62,74,0,0.8235174965497013,0.2188254771119611,success
1410,2000,8,4,0.0,4.700000000000003,0.01,0.8200000000000003,3.0,5,367,61,72,0,0.8179861129137435,0.22159005424100425,success
1411,2000,8,4,0.0,4.700000000000003,0.01,0.8300000000000003,3.0,5,367,61,72,0,0.8179861129137436,0.22159005424100425,success
1412,2000,8,4,0.0,4.700000000000003,0.01,0.8400000000000003,3.0,5,367,60,73,0,0.8086160088628019,0.22906394981669723,success
1413,2000,8,4,0.0,4.700000000000003,0.01,0.8500000000000003,3.0,5,372,60,68,0,0.8174392524037658,0.23043513859218526,success
1414,2000,8,4,0.0,4.700000000000003,0.01,0.8600000000000003,3.0,5,374,60,66,0,0.8215131526266082,0.22598514031676178,success
1415,2000,8,4,0.0,4.700000000000003,0.01,0.8700000000000003,3.0,5,374,60,66,0,0.8316435349113928,0.22179925857822327,success
1416,2000,8,4,0.0,4.700000000000003,0.01,0.8800000000000003,3.0,5,376,60,64,0,0.8492656860034884,0.21239721420005936,success
1417,2000,8,4,0.0,4.700000000000003,0.01,0.8900000000000003,3.0,5,376,60,64,0,0.8492656860034884,0.21239721420005936,success
1418,2000,8,4,0.0,4.700000000000003,0.01,0.9000000000000004,3.0,5,376,59,65,0,0.8424260564768662,0.21782659886837824,success
1419,2000,8,4,0.0,4.700000000000003,0.01,0.9100000000000004,3.0,5,377,59,64,0,0.8399639636093174,0.2186350815535087,success
1420,2000,8,4,0.0,4.700000000000003,0.01,0.9200000000000004,3.0,5,377,59,64,0,0.8399259664077148,0.22197764503315484,success
1421,2000,8,4,0.0,4.700000000000003,0.01,0.9300000000000004,3.0,5,377,58,65,0,0.8351571943166525,0.22386354833585087,success
1422,2000,8,4,0.0,4.700000000000003,0.01,0.9400000000000004,3.0,5,378,58,64,0,0.833220711405938,0.22388219328907039,success
1423,2000,8,4,0.0,4.700000000000003,0.01,0.9500000000000004,3.0,5,378,58,64,0,0.8341610288243381,0.22277893558759027,success
1424,2000,8,4,0.0,4.700000000000003,0.01,0.9600000000000004,3.0,5,380,58,62,0,0.8361668988886405,0.22074439867147572,success
1425,2000,8,4,0.0,4.700000000000003,0.01,0.9700000000000004,3.0,5,381,58,61,0,0.8342341779875014,0.22110774841069875,success
1426,2000,8,4,0.0,4.700000000000003,0.01,0.9800000000000004,3.0,5,382,57,61,0,0.8263004424455572,0.22778113299875247,success
1427,2000,8,4,0.0,4.700000000000003,0.01,0.9900000000000004,3.0,5,384,57,59,0,0.8204123218504915,0.2293418647038296,success
1428,2000,8,4,0.0,4.700000000000003,0.01,1.0000000000000004,3.0,5,384,57,59,0,0.8216611632361263,0.2289143215430737,success
1429,2000,8,4,0.0,4.8000000000000025,0.01,0.5,3.0,5,298,108,94,0,0.830164009608894,0.21355473049028761,success
1430,2000,8,4,0.0,4.8000000000000025,0.01,0.51,3.0,5,299,108,93,0,0.83371416024985,0.2119049860366855,success
1431,2000,8,4,0.0,4.8000000000000025,0.01,0.52,3.0,5,302,106,92,0,0.8319067054699569,0.2123440860786839,success
1432,2000,8,4,0.0,4.8000000000000025,0.01,0.53,3.0,5,303,105,92,0,0.8392426051411759,0.21209108893266954,success
1433,2000,8,4,0.0,4.8000000000000025,0.01,0.54,3.0,5,303,104,93,0,0.8450785775769828,0.2109243312682983,success
1435,2000,8,4,0.0,4.8000000000000025,0.01,0.56,3.0,5,306,100,94,0,0.8426629752445549,0.21109049964746668,success
1434,2000,8,4,0.0,4.8000000000000025,0.01,0.55,3.0,5,304,101,95,0,0.848340081206941,0.20986280991471074,success
1436,2000,8,4,0.0,4.8000000000000025,0.01,0.5700000000000001,3.0,5,306,99,95,0,0.840298227698073,0.21122596419504844,success
1437,2000,8,4,0.0,4.8000000000000025,0.01,0.5800000000000001,3.0,5,307,99,94,0,0.8351256690242768,0.21561624982956576,success
1438,2000,8,4,0.0,4.8000000000000025,0.01,0.5900000000000001,3.0,5,308,98,94,0,0.840444817960447,0.21341611898163995,success
1439,2000,8,4,0.0,4.8000000000000025,0.01,0.6000000000000001,3.0,5,309,97,94,0,0.8336696829862409,0.21662372647828518,success
1441,2000,8,4,0.0,4.8000000000000025,0.01,0.6200000000000001,3.0,5,313,95,92,0,0.8349813994760152,0.21582794395319077,success
1440,2000,8,4,0.0,4.8000000000000025,0.01,0.6100000000000001,3.0,5,311,97,92,0,0.8349815049656693,0.2158278367378016,success
1442,2000,8,4,0.0,4.8000000000000025,0.01,0.6300000000000001,3.0,5,315,94,91,0,0.8299491650957416,0.2159867676284514,success
1443,2000,8,4,0.0,4.8000000000000025,0.01,0.6400000000000001,3.0,5,317,92,91,0,0.8299491650957416,0.2159867676284514,success
1444,2000,8,4,0.0,4.8000000000000025,0.01,0.6500000000000001,3.0,5,319,91,90,0,0.8280597113745832,0.21643918500026094,success
1446,2000,8,4,0.0,4.8000000000000025,0.01,0.6700000000000002,3.0,5,321,92,87,0,0.8234871951958767,0.2160769258913178,success
1445,2000,8,4,0.0,4.8000000000000025,0.01,0.6600000000000001,3.0,5,321,92,87,0,0.827877862341523,0.2157338469680587,success
1447,2000,8,4,0.0,4.8000000000000025,0.01,0.6800000000000002,3.0,5,324,90,86,0,0.8221407354196447,0.21758463155324115,success
1448,2000,8,4,0.0,4.8000000000000025,0.01,0.6900000000000002,3.0,5,324,89,87,0,0.8172843830727292,0.2190093061370508,success
1449,2000,8,4,0.0,4.8000000000000025,0.01,0.7000000000000002,3.0,5,326,89,85,0,0.8174791690470431,0.21962898450330356,success
1450,2000,8,4,0.0,4.8000000000000025,0.01,0.7100000000000002,3.0,5,329,88,83,0,0.8130810767349238,0.2204116336307506,success
1451,2000,8,4,0.0,4.8000000000000025,0.01,0.7200000000000002,3.0,5,329,86,85,0,0.8121105429795096,0.22068908089980604,success
1453,2000,8,4,0.0,4.8000000000000025,0.01,0.7400000000000002,3.0,5,330,85,85,0,0.8000520470629707,0.2290524570168378,success
1452,2000,8,4,0.0,4.8000000000000025,0.01,0.7300000000000002,3.0,5,329,86,85,0,0.8121105429795096,0.22068908089980604,success
1454,2000,8,4,0.0,4.8000000000000025,0.01,0.7500000000000002,3.0,5,332,85,83,0,0.7972595942377653,0.2288228594688557,success
1455,2000,8,4,0.0,4.8000000000000025,0.01,0.7600000000000002,3.0,5,334,83,83,0,0.7937305011283567,0.2279148829192488,success
1456,2000,8,4,0.0,4.8000000000000025,0.01,0.7700000000000002,3.0,5,336,82,82,0,0.8005318009389765,0.22869748901734635,success
1457,2000,8,4,0.0,4.8000000000000025,0.01,0.7800000000000002,3.0,5,336,80,84,0,0.7997533798729899,0.22883652806455784,success
1458,2000,8,4,0.0,4.8000000000000025,0.01,0.7900000000000003,3.0,5,337,80,83,0,0.8085477955455964,0.22679370717488934,success
1459,2000,8,4,0.0,4.8000000000000025,0.01,0.8000000000000003,3.0,5,337,79,84,0,0.8079089969760725,0.22549925301231055,success
1460,2000,8,4,0.0,4.8000000000000025,0.01,0.8100000000000003,3.0,5,337,79,84,0,0.8074517457766038,0.22173945656417288,success
1461,2000,8,4,0.0,4.8000000000000025,0.01,0.8200000000000003,3.0,5,338,78,84,0,0.8073697753702588,0.22693020131394764,success
1462,2000,8,4,0.0,4.8000000000000025,0.01,0.8300000000000003,3.0,5,338,78,84,0,0.8073697753702588,0.22693020131394764,success
1463,2000,8,4,0.0,4.8000000000000025,0.01,0.8400000000000003,3.0,5,338,77,85,0,0.8000144085597513,0.23179076665841228,success
1464,2000,8,4,0.0,4.8000000000000025,0.01,0.8500000000000003,3.0,5,343,77,80,0,0.8069765655506298,0.23341967542483266,success
1465,2000,8,4,0.0,4.8000000000000025,0.01,0.8600000000000003,3.0,5,345,77,78,0,0.8101554378711597,0.22995734277164134,success
1466,2000,8,4,0.0,4.8000000000000025,0.01,0.8700000000000003,3.0,5,345,77,78,0,0.8160194963284686,0.2289783637926467,success
1467,2000,8,4,0.0,4.8000000000000025,0.01,0.8800000000000003,3.0,5,348,77,75,0,0.8332805247381749,0.22284077716316428,success
1468,2000,8,4,0.0,4.8000000000000025,0.01,0.8900000000000003,3.0,5,348,77,75,0,0.8254696975198749,0.22714325770180144,success
1469,2000,8,4,0.0,4.8000000000000025,0.01,0.9000000000000004,3.0,5,348,76,76,0,0.8199331194837325,0.230728887763144,success
1470,2000,8,4,0.0,4.8000000000000025,0.01,0.9100000000000004,3.0,5,348,76,76,0,0.8199331194837325,0.230728887763144,success
1471,2000,8,4,0.0,4.8000000000000025,0.01,0.9200000000000004,3.0,5,349,75,76,0,0.8199011218402777,0.23339162949598413,success
1472,2000,8,4,0.0,4.8000000000000025,0.01,0.9300000000000004,3.0,5,350,73,77,0,0.8161355979266203,0.23443193521594594,success
1473,2000,8,4,0.0,4.8000000000000025,0.01,0.9400000000000004,3.0,5,351,73,76,0,0.8142545913124656,0.23443943622172383,success
1474,2000,8,4,0.0,4.8000000000000025,0.01,0.9500000000000004,3.0,5,351,73,76,0,0.816154386493141,0.23307635569248192,success
1475,2000,8,4,0.0,4.8000000000000025,0.01,0.9600000000000004,3.0,5,353,73,74,0,0.8151435469731859,0.22985986499260186,success
1476,2000,8,4,0.0,4.8000000000000025,0.01,0.9700000000000004,3.0,5,354,73,73,0,0.8132405424953101,0.23011062555921893,success
1477,2000,8,4,0.0,4.8000000000000025,0.01,0.9800000000000004,3.0,5,355,72,73,0,0.8070590039334253,0.2340052022739539,success
1478,2000,8,4,0.0,4.8000000000000025,0.01,0.9900000000000004,3.0,5,357,72,71,0,0.8016240462977472,0.2350093490409567,success
1479,2000,8,4,0.0,4.8000000000000025,0.01,1.0000000000000004,3.0,5,357,72,71,0,0.8016240462977472,0.2350093490409567,success
1480,2000,8,4,0.0,4.900000000000002,0.01,0.5,3.0,5,281,123,96,0,0.8524866099098881,0.19707769248989349,success
1481,2000,8,4,0.0,4.900000000000002,0.01,0.51,3.0,5,282,123,95,0,0.8561969952773609,0.19472317863547775,success
1482,2000,8,4,0.0,4.900000000000002,0.01,0.52,3.0,5,284,121,95,0,0.8561969952773609,0.19472317863547775,success
1483,2000,8,4,0.0,4.900000000000002,0.01,0.53,3.0,5,285,120,95,0,0.8599570694734316,0.19391864301191933,success
1485,2000,8,4,0.0,4.900000000000002,0.01,0.55,3.0,5,286,116,98,0,0.8614326971504187,0.1924390738047307,success
1484,2000,8,4,0.0,4.900000000000002,0.01,0.54,3.0,5,285,119,96,0,0.8614158499997501,0.19342413447092416,success
1486,2000,8,4,0.0,4.900000000000002,0.01,0.56,3.0,5,287,116,97,0,0.8554851121617191,0.19546676031499935,success
1488,2000,8,4,0.0,4.900000000000002,0.01,0.5800000000000001,3.0,5,287,116,97,0,0.8469643003778541,0.20243152106666168,success
1487,2000,8,4,0.0,4.900000000000002,0.01,0.5700000000000001,3.0,5,287,116,97,0,0.8515470911135621,0.19637074550579553,success
1489,2000,8,4,0.0,4.900000000000002,0.01,0.5900000000000001,3.0,5,287,116,97,0,0.8464793393732165,0.20259684522468552,success
1490,2000,8,4,0.0,4.900000000000002,0.01,0.6000000000000001,3.0,5,288,116,96,0,0.8467485668838387,0.2047298671710235,success
1491,2000,8,4,0.0,4.900000000000002,0.01,0.6100000000000001,3.0,5,289,115,96,0,0.8423074774408684,0.21227653042628758,success
1492,2000,8,4,0.0,4.900000000000002,0.01,0.6200000000000001,3.0,5,292,113,95,0,0.8446683807468044,0.21213184044842304,success
1493,2000,8,4,0.0,4.900000000000002,0.01,0.6300000000000001,3.0,5,294,113,93,0,0.844261723605536,0.2093519935213254,success
1494,2000,8,4,0.0,4.900000000000002,0.01,0.6400000000000001,3.0,5,296,111,93,0,0.844261723605536,0.2093519935213254,success
1495,2000,8,4,0.0,4.900000000000002,0.01,0.6500000000000001,3.0,5,298,110,92,0,0.8425689162534222,0.20985818382508056,success
1496,2000,8,4,0.0,4.900000000000002,0.01,0.6600000000000001,3.0,5,299,111,90,0,0.8446260032812761,0.20839576552299913,success
1497,2000,8,4,0.0,4.900000000000002,0.01,0.6700000000000002,3.0,5,299,111,90,0,0.8446260032812761,0.20839576552299913,success
1498,2000,8,4,0.0,4.900000000000002,0.01,0.6800000000000002,3.0,5,301,109,90,0,0.8341895284373669,0.21416795684333095,success
1499,2000,8,4,0.0,4.900000000000002,0.01,0.6900000000000002,3.0,5,301,108,91,0,0.8351161572345521,0.2143643903584872,success
1500,2000,8,4,0.0,4.900000000000002,0.01,0.7000000000000002,3.0,5,304,108,88,0,0.833835890341085,0.21533284663606908,success
1501,2000,8,4,0.0,4.900000000000002,0.01,0.7100000000000002,3.0,5,306,107,87,0,0.8319259580461549,0.21583015926008625,success
1502,2000,8,4,0.0,4.900000000000002,0.01,0.7200000000000002,3.0,5,307,105,88,0,0.8343321037985809,0.214603790807336,success
1503,2000,8,4,0.0,4.900000000000002,0.01,0.7300000000000002,3.0,5,307,105,88,0,0.8343321037985809,0.214603790807336,success
1505,2000,8,4,0.0,4.900000000000002,0.01,0.7500000000000002,3.0,5,309,103,88,0,0.8308880161136147,0.21923547587037218,success
1504,2000,8,4,0.0,4.900000000000002,0.01,0.7400000000000002,3.0,5,307,103,90,0,0.8370223459809704,0.2188322393638935,success
1506,2000,8,4,0.0,4.900000000000002,0.01,0.7600000000000002,3.0,5,311,101,88,0,0.8227562956540503,0.2196703466158107,success
1507,2000,8,4,0.0,4.900000000000002,0.01,0.7700000000000002,3.0,5,313,100,87,0,0.8251096788416973,0.21982520109969964,success
1508,2000,8,4,0.0,4.900000000000002,0.01,0.7800000000000002,3.0,5,315,98,87,0,0.8222308507109423,0.221971081550915,success
1509,2000,8,4,0.0,4.900000000000002,0.01,0.7900000000000003,3.0,5,314,98,88,0,0.8371373059290004,0.21443840939106912,success
1510,2000,8,4,0.0,4.900000000000002,0.01,0.8000000000000003,3.0,5,314,97,89,0,0.8346751631908488,0.21447801508334924,success
1511,2000,8,4,0.0,4.900000000000002,0.01,0.8100000000000003,3.0,5,313,97,90,0,0.8330956183777961,0.21498615380384747,success
1512,2000,8,4,0.0,4.900000000000002,0.01,0.8200000000000003,3.0,5,313,96,91,0,0.8321603822612401,0.21891624269995147,success
1513,2000,8,4,0.0,4.900000000000002,0.01,0.8300000000000003,3.0,5,313,96,91,0,0.8321603822612399,0.2189162426999515,success
1514,2000,8,4,0.0,4.900000000000002,0.01,0.8400000000000003,3.0,5,313,95,92,0,0.8250951998070649,0.22443079643396974,success
1515,2000,8,4,0.0,4.900000000000002,0.01,0.8500000000000003,3.0,5,317,95,88,0,0.8291552147581989,0.22620954684291758,success
1517,2000,8,4,0.0,4.900000000000002,0.01,0.8700000000000003,3.0,5,319,94,87,0,0.8395186810657289,0.2206113710563233,success
1516,2000,8,4,0.0,4.900000000000002,0.01,0.8600000000000003,3.0,5,319,94,87,0,0.8344788253864547,0.2219071313400197,success
1518,2000,8,4,0.0,4.900000000000002,0.01,0.8800000000000003,3.0,5,320,94,86,0,0.8421361705223894,0.2243109626650707,success
1519,2000,8,4,0.0,4.900000000000002,0.01,0.8900000000000003,3.0,5,320,94,86,0,0.8421361705223894,0.2243109626650707,success
1520,2000,8,4,0.0,4.900000000000002,0.01,0.9000000000000004,3.0,5,320,93,87,0,0.8371080509390638,0.22788128031430296,success
1521,2000,8,4,0.0,4.900000000000002,0.01,0.9100000000000004,3.0,5,320,93,87,0,0.8371080509390638,0.22788128031430296,success
1522,2000,8,4,0.0,4.900000000000002,0.01,0.9200000000000004,3.0,5,321,92,87,0,0.8370800989746666,0.23023598923995797,success
1523,2000,8,4,0.0,4.900000000000002,0.01,0.9300000000000004,3.0,5,322,90,88,0,0.8335901107656809,0.2314490702558141,success
1524,2000,8,4,0.0,4.900000000000002,0.01,0.9400000000000004,3.0,5,324,90,86,0,0.8319523309032241,0.22938269422126448,success
1525,2000,8,4,0.0,4.900000000000002,0.01,0.9500000000000004,3.0,5,324,90,86,0,0.8350990965396359,0.2235131397461792,success
1526,2000,8,4,0.0,4.900000000000002,0.01,0.9600000000000004,3.0,5,326,90,84,0,0.8346596595826871,0.22038487522189065,success
1527,2000,8,4,0.0,4.900000000000002,0.01,0.9700000000000004,3.0,5,327,90,83,0,0.8326676072885025,0.22096244971331627,success
1528,2000,8,4,0.0,4.900000000000002,0.01,0.9800000000000004,3.0,5,327,89,84,0,0.8314723630444831,0.22520898801383002,success
1529,2000,8,4,0.0,4.900000000000002,0.01,0.9900000000000004,3.0,5,329,89,82,0,0.8227035421227481,0.22672493304710536,success
1530,2000,8,4,0.0,4.900000000000002,0.01,1.0000000000000004,3.0,5,330,89,81,0,0.8271127451385808,0.22457215492299573,success
1531,2000,8,4,0.0,5.000000000000003,0.01,0.5,3.0,6,278,122,100,0,0.8033193205495138,0.21741714448774052,success
1532,2000,8,4,0.0,5.000000000000003,0.01,0.51,3.0,6,279,118,103,0,0.7982975209527685,0.21998888587075824,success
1533,2000,8,4,0.0,5.000000000000003,0.01,0.52,3.0,6,279,116,105,0,0.7959817240423614,0.22295142138151422,success
1534,2000,8,4,0.0,5.000000000000003,0.01,0.53,3.0,6,280,116,104,0,0.7993747291910703,0.22525810999340815,success
1535,2000,8,4,0.0,5.000000000000003,0.01,0.54,3.0,6,283,114,103,0,0.8009084452617454,0.2290254532601009,success
1536,2000,8,4,0.0,5.000000000000003,0.01,0.55,3.0,6,282,112,106,0,0.8001648102789938,0.23163072117523012,success
1537,2000,8,4,0.0,5.000000000000003,0.01,0.56,3.0,6,281,112,107,0,0.7981922320439958,0.23532971763910154,success
1538,2000,8,4,0.0,5.000000000000003,0.01,0.5700000000000001,3.0,6,281,112,107,0,0.7959834234518426,0.23665832871844578,success
1539,2000,8,4,0.0,5.000000000000003,0.01,0.5800000000000001,3.0,6,283,110,107,0,0.7959834234518426,0.23665832871844578,success
1540,2000,8,4,0.0,5.000000000000003,0.01,0.5900000000000001,3.0,6,283,110,107,0,0.7976701105789189,0.23550281608271662,success
1541,2000,8,4,0.0,5.000000000000003,0.01,0.6000000000000001,3.0,6,285,107,108,0,0.7879159634760455,0.23986049108650886,success
1543,2000,8,4,0.0,5.000000000000003,0.01,0.6200000000000001,3.0,6,289,105,106,0,0.7814570381079913,0.2460982190790573,success
1542,2000,8,4,0.0,5.000000000000003,0.01,0.6100000000000001,3.0,6,289,106,105,0,0.781463614777479,0.24727854368094065,success
1544,2000,8,4,0.0,5.000000000000003,0.01,0.6300000000000001,3.0,6,292,103,105,0,0.7809628078783303,0.24937766052542143,success
1545,2000,8,4,0.0,5.000000000000003,0.01,0.6400000000000001,3.0,6,294,103,103,0,0.7795534908282094,0.25076429971853526,success
1546,2000,8,4,0.0,5.000000000000003,0.01,0.6500000000000001,3.0,6,297,100,103,0,0.7768067828569258,0.2532497670304923,success
1547,2000,8,4,0.0,5.000000000000003,0.01,0.6600000000000001,3.0,6,298,99,103,0,0.773963199337149,0.2556730420580835,success
1549,2000,8,4,0.0,5.000000000000003,0.01,0.6800000000000002,3.0,6,299,96,105,0,0.7671861663184352,0.2542909005271333,success
1548,2000,8,4,0.0,5.000000000000003,0.01,0.6700000000000002,3.0,6,299,98,103,0,0.7697866641822618,0.25583466050332676,success
1550,2000,8,4,0.0,5.000000000000003,0.01,0.6900000000000002,3.0,6,304,93,103,0,0.7626436939059104,0.2544468202603194,success
1551,2000,8,4,0.0,5.000000000000003,0.01,0.7000000000000002,3.0,6,307,92,101,0,0.7675905065461234,0.2549713315763551,success
1552,2000,8,4,0.0,5.000000000000003,0.01,0.7100000000000002,3.0,6,309,89,102,0,0.7687896252324169,0.25489872235363864,success
1553,2000,8,4,0.0,5.000000000000003,0.01,0.7200000000000002,3.0,6,309,87,104,0,0.761936437935296,0.2566667753808957,success
1554,2000,8,4,0.0,5.000000000000003,0.01,0.7300000000000002,3.0,6,309,87,104,0,0.7626449111650332,0.25661558606895796,success
1555,2000,8,4,0.0,5.000000000000003,0.01,0.7400000000000002,3.0,6,310,87,103,0,0.7645655877190536,0.256624900660909,success
1556,2000,8,4,0.0,5.000000000000003,0.01,0.7500000000000002,3.0,6,312,87,101,0,0.7648540151986388,0.25674722838383035,success
1557,2000,8,4,0.0,5.000000000000003,0.01,0.7600000000000002,3.0,6,313,84,103,0,0.7657113348872939,0.25569387424732404,success
1558,2000,8,4,0.0,5.000000000000003,0.01,0.7700000000000002,3.0,6,313,83,104,0,0.7668677584501455,0.2558846712314376,success
1559,2000,8,4,0.0,5.000000000000003,0.01,0.7800000000000002,3.0,6,316,83,101,0,0.7657430763310203,0.2551650662277862,success
1560,2000,8,4,0.0,5.000000000000003,0.01,0.7900000000000003,3.0,6,318,83,99,0,0.7601495105271385,0.25701373232713387,success
1561,2000,8,4,0.0,5.000000000000003,0.01,0.8000000000000003,3.0,6,319,81,100,0,0.7575480154218671,0.25703230024220597,success
1562,2000,8,4,0.0,5.000000000000003,0.01,0.8100000000000003,3.0,6,319,79,102,0,0.763916106451219,0.25525895871803617,success
1563,2000,8,4,0.0,5.000000000000003,0.01,0.8200000000000003,3.0,6,321,78,101,0,0.7723615462536105,0.25440205917812614,success
1564,2000,8,4,0.0,5.000000000000003,0.01,0.8300000000000003,3.0,6,322,78,100,0,0.7700851617161467,0.2546477724453558,success
1565,2000,8,4,0.0,5.000000000000003,0.01,0.8400000000000003,3.0,6,322,77,101,0,0.7707501152686304,0.2548633291779203,success
1566,2000,8,4,0.0,5.000000000000003,0.01,0.8500000000000003,3.0,6,324,76,100,0,0.7712788135325597,0.25467270163721906,success
1567,2000,8,4,0.0,5.000000000000003,0.01,0.8600000000000003,3.0,6,324,76,100,0,0.7712788135325597,0.25467270163721906,success
1568,2000,8,4,0.0,5.000000000000003,0.01,0.8700000000000003,3.0,6,326,74,100,0,0.7704207752263804,0.2557382363590795,success
1569,2000,8,4,0.0,5.000000000000003,0.01,0.8800000000000003,3.0,6,328,74,98,0,0.7702278432371432,0.25555315326980643,success
1570,2000,8,4,0.0,5.000000000000003,0.01,0.8900000000000003,3.0,6,329,74,97,0,0.7730136972911344,0.2553805018493343,success
1571,2000,8,4,0.0,5.000000000000003,0.01,0.9000000000000004,3.0,6,330,72,98,0,0.7760782588024153,0.25643627987558043,success
1572,2000,8,4,0.0,5.000000000000003,0.01,0.9100000000000004,3.0,6,333,71,96,0,0.7734852286800898,0.254670444370378,success
1573,2000,8,4,0.0,5.000000000000003,0.01,0.9200000000000004,3.0,6,334,71,95,0,0.7679778980726857,0.25384683762223115,success
1574,2000,8,4,0.0,5.000000000000003,0.01,0.9300000000000004,3.0,6,336,69,95,0,0.7717316510609296,0.2554801629127652,success
1575,2000,8,4,0.0,5.000000000000003,0.01,0.9400000000000004,3.0,6,337,69,94,0,0.7693032643700883,0.2557453773932155,success
1576,2000,8,4,0.0,5.000000000000003,0.01,0.9500000000000004,3.0,6,338,69,93,0,0.7693705819820247,0.2510774089889292,success
1577,2000,8,4,0.0,5.000000000000003,0.01,0.9600000000000004,3.0,6,339,69,92,0,0.7668637404818293,0.25128022814544154,success
1578,2000,8,4,0.0,5.000000000000003,0.01,0.9700000000000004,3.0,6,340,68,92,0,0.7647792369143304,0.24873789924668147,success
1579,2000,8,4,0.0,5.000000000000003,0.01,0.9800000000000004,3.0,6,341,68,91,0,0.7621943933639383,0.24887039360570729,success
1581,2000,8,4,0.0,5.000000000000003,0.01,1.0000000000000004,3.0,6,342,68,90,0,0.7595521088457599,0.24897774587144442,success
1580,2000,8,4,0.0,5.000000000000003,0.01,0.9900000000000004,3.0,6,341,68,91,0,0.7621943933639383,0.24887039360570729,success
