combination_id,n,k,p,q,thrshld,p1,p2,beta,seeds,case_A_count,case_B_count,case_C_count,case_Invalid_count,delta_star_mean,delta_star_std,status
2,2000,8,1,6.0,2.0,0.01,0.5,1.2,2,485,14,1,0,1.0,,success
5,2000,8,1,6.0,2.0,0.01,0.5,1.7999999999999998,2,471,20,9,0,1.0,0.0,success
3,2000,8,1,6.0,2.0,0.01,0.5,1.4,2,476,21,3,0,1.0,0.0,success
4,2000,8,1,6.0,2.0,0.01,0.5,1.5999999999999999,2,473,22,5,0,1.0,0.0,success
6,2000,8,1,6.0,2.0,0.01,0.5,1.9999999999999998,2,468,21,11,0,1.0,0.0,success
10,2000,8,1,6.0,2.0,0.01,0.5,2.8,2,440,31,29,0,1.0,0.0,success
8,2000,8,1,6.0,2.0,0.01,0.5,2.3999999999999995,2,452,24,24,0,1.0,0.0,success
11,2000,8,1,6.0,2.0,0.01,0.5,2.9999999999999996,2,435,31,34,0,0.995642408688858,0.02540890531266415,success
1,2000,8,1,6.0,2.0,0.01,0.5,1.0,2,491,9,0,0,,,success
13,2000,8,1,6.0,2.0,0.01,0.5,3.3999999999999995,2,421,35,44,0,0.9845571483020211,0.07291378373819979,success
12,2000,8,1,6.0,2.0,0.01,0.5,3.1999999999999993,2,426,32,42,0,0.9828171692757466,0.0783564941581204,success
15,2000,8,1,6.0,2.0,0.01,0.5,3.7999999999999994,2,405,34,61,0,0.9679426592454106,0.14401876842907857,success
14,2000,8,1,6.0,2.0,0.01,0.5,3.5999999999999996,2,413,35,52,0,0.9888749992440278,0.0568433186423319,success
7,2000,8,1,6.0,2.0,0.01,0.5,2.1999999999999997,2,457,24,19,0,1.0,0.0,success
9,2000,8,1,6.0,2.0,0.01,0.5,2.5999999999999996,2,448,28,24,0,1.0,0.0,success
21,2000,8,1,6.0,2.0,0.01,0.5,4.999999999999999,2,372,35,93,0,0.9192693953444567,0.24981867277055617,success
25,2000,8,1,6.0,2.0,0.01,0.5,5.799999999999999,2,348,41,111,0,0.8196584148594337,0.3658992225970771,success
26,2000,8,1,6.0,2.0,0.01,0.5,5.999999999999999,2,340,40,120,0,0.8278666358995385,0.3628215429455456,success
17,2000,8,1,6.0,2.0,0.01,0.5,4.199999999999999,2,392,34,74,0,0.9370394041137757,0.22977773389799894,success
22,2000,8,1,6.0,2.0,0.01,0.5,5.199999999999999,2,369,36,95,0,0.8874017980820301,0.29424823424170926,success
19,2000,8,1,6.0,2.0,0.01,0.5,4.6,2,381,37,82,0,0.9230210872575162,0.24578766429728421,success
28,2000,8,1,6.0,2.0,0.01,0.5,6.399999999999999,2,327,39,134,0,0.7557956655505642,0.4092923758822499,success
16,2000,8,1,6.0,2.0,0.01,0.5,3.999999999999999,2,399,35,66,0,0.9774232148295249,0.13097804743623345,success
18,2000,8,1,6.0,2.0,0.01,0.5,4.3999999999999995,2,388,36,76,0,0.9390456408577487,0.2277320951861658,success
27,2000,8,1,6.0,2.0,0.01,0.5,6.199999999999999,2,329,41,130,0,0.7748657987851336,0.4013397591716212,success
23,2000,8,1,6.0,2.0,0.01,0.5,5.399999999999999,2,359,38,103,0,0.8264933155493106,0.3591587318614825,success
20,2000,8,1,6.0,2.0,0.01,0.5,4.799999999999999,2,378,35,87,0,0.9351777179054853,0.21806625144835393,success
30,2000,8,1,6.0,2.0,0.01,0.5,6.799999999999999,2,309,36,155,0,0.6626171485552614,0.4525670019933359,success
29,2000,8,1,6.0,2.0,0.01,0.5,6.599999999999999,2,320,36,144,0,0.7104281204899515,0.4361319976441186,success
24,2000,8,1,6.0,2.0,0.01,0.5,5.599999999999999,2,352,39,109,0,0.8070554324290842,0.3753387890103078,success
31,2000,8,1,6.0,2.0,0.01,0.5,6.999999999999998,2,302,34,164,0,0.6248231167303856,0.4621609630289467,success
32,2000,8,1,6.0,2.0,0.01,0.5,7.199999999999998,2,301,32,167,0,0.6005302269528496,0.4671418548766818,success
47,2000,8,1,6.0,2.0,0.01,0.51,1.0,2,491,9,0,0,,,success
48,2000,8,1,6.0,2.0,0.01,0.51,1.2,2,485,14,1,0,1.0,,success
33,2000,8,1,6.0,2.0,0.01,0.5,7.399999999999999,2,288,30,182,0,0.5619959850462394,0.4731749689003428,success
56,2000,8,1,6.0,2.0,0.01,0.51,2.8,2,440,31,29,0,1.0,0.0,success
50,2000,8,1,6.0,2.0,0.01,0.51,1.5999999999999999,2,473,22,5,0,1.0,0.0,success
52,2000,8,1,6.0,2.0,0.01,0.51,1.9999999999999998,2,468,21,11,0,1.0,0.0,success
51,2000,8,1,6.0,2.0,0.01,0.51,1.7999999999999998,2,471,20,9,0,1.0,0.0,success
53,2000,8,1,6.0,2.0,0.01,0.51,2.1999999999999997,2,457,24,19,0,1.0,0.0,success
35,2000,8,1,6.0,2.0,0.01,0.5,7.799999999999999,2,274,32,194,0,0.5247191838388787,0.4781340326945969,success
49,2000,8,1,6.0,2.0,0.01,0.51,1.4,2,476,21,3,0,1.0,0.0,success
57,2000,8,1,6.0,2.0,0.01,0.51,2.9999999999999996,2,435,31,34,0,0.995642408688858,0.02540890531266415,success
36,2000,8,1,6.0,2.0,0.01,0.5,7.999999999999998,2,264,32,204,0,0.508032825060261,0.4745829246724981,success
34,2000,8,1,6.0,2.0,0.01,0.5,7.599999999999999,2,285,32,183,0,0.5326302523136655,0.47674729975800606,success
55,2000,8,1,6.0,2.0,0.01,0.51,2.5999999999999996,2,448,28,24,0,1.0,0.0,success
58,2000,8,1,6.0,2.0,0.01,0.51,3.1999999999999993,2,426,32,42,0,0.9828171692757466,0.0783564941581204,success
37,2000,8,1,6.0,2.0,0.01,0.5,8.2,2,261,34,205,0,0.49045637801478814,0.47223693922533394,success
62,2000,8,1,6.0,2.0,0.01,0.51,3.999999999999999,2,399,35,66,0,0.9774232148295249,0.13097804743623345,success
54,2000,8,1,6.0,2.0,0.01,0.51,2.3999999999999995,2,452,24,24,0,1.0,0.0,success
38,2000,8,1,6.0,2.0,0.01,0.5,8.399999999999999,2,253,33,214,0,0.48086676323498095,0.4742802370715873,success
60,2000,8,1,6.0,2.0,0.01,0.51,3.5999999999999996,2,413,35,52,0,0.9888749992440278,0.0568433186423319,success
39,2000,8,1,6.0,2.0,0.01,0.5,8.599999999999998,2,247,33,220,0,0.4636371357798217,0.4731617118544875,success
59,2000,8,1,6.0,2.0,0.01,0.51,3.3999999999999995,2,421,35,44,0,0.9845571483020211,0.07291378373819979,success
41,2000,8,1,6.0,2.0,0.01,0.5,8.999999999999998,2,234,31,235,0,0.44118179826864856,0.4701172613740013,success
61,2000,8,1,6.0,2.0,0.01,0.51,3.7999999999999994,2,405,34,61,0,0.9679426592454106,0.14401876842907857,success
63,2000,8,1,6.0,2.0,0.01,0.51,4.199999999999999,2,392,34,74,0,0.9370394041137757,0.22977773389799894,success
40,2000,8,1,6.0,2.0,0.01,0.5,8.799999999999997,2,240,31,229,0,0.44388816534755043,0.47081791970627124,success
64,2000,8,1,6.0,2.0,0.01,0.51,4.3999999999999995,2,388,36,76,0,0.9390456408577487,0.2277320951861658,success
42,2000,8,1,6.0,2.0,0.01,0.5,9.199999999999998,2,232,33,235,0,0.4136401744957386,0.46469638795436524,success
46,2000,8,1,6.0,2.0,0.01,0.5,9.999999999999998,2,207,33,260,0,0.384040941144048,0.4587599051749605,success
43,2000,8,1,6.0,2.0,0.01,0.5,9.399999999999999,2,221,30,249,0,0.4051149136011766,0.46152426561512083,success
44,2000,8,1,6.0,2.0,0.01,0.5,9.599999999999998,2,214,30,256,0,0.4020660494025567,0.4616896419200585,success
45,2000,8,1,6.0,2.0,0.01,0.5,9.799999999999997,2,218,32,250,0,0.38185082516338825,0.4563715366906085,success
65,2000,8,1,6.0,2.0,0.01,0.51,4.6,2,381,37,82,0,0.9230210872575162,0.24578766429728421,success
66,2000,8,1,6.0,2.0,0.01,0.51,4.799999999999999,2,378,35,87,0,0.9351777179054853,0.21806625144835393,success
67,2000,8,1,6.0,2.0,0.01,0.51,4.999999999999999,2,372,35,93,0,0.9192693953444567,0.24981867277055617,success
68,2000,8,1,6.0,2.0,0.01,0.51,5.199999999999999,2,369,36,95,0,0.8874017980820301,0.29424823424170926,success
73,2000,8,1,6.0,2.0,0.01,0.51,6.199999999999999,2,329,41,130,0,0.7748657987851336,0.4013397591716212,success
70,2000,8,1,6.0,2.0,0.01,0.51,5.599999999999999,2,352,39,109,0,0.8070554324290842,0.3753387890103078,success
69,2000,8,1,6.0,2.0,0.01,0.51,5.399999999999999,2,359,38,103,0,0.8264933155493106,0.3591587318614825,success
76,2000,8,1,6.0,2.0,0.01,0.51,6.799999999999999,2,308,36,156,0,0.6583904197800108,0.454161464029708,success
72,2000,8,1,6.0,2.0,0.01,0.51,5.999999999999999,2,340,40,120,0,0.8278666358995385,0.3628215429455456,success
71,2000,8,1,6.0,2.0,0.01,0.51,5.799999999999999,2,348,41,111,0,0.8196584148594337,0.3658992225970771,success
77,2000,8,1,6.0,2.0,0.01,0.51,6.999999999999998,2,301,33,166,0,0.6230894162530066,0.46259835372091407,success
93,2000,8,1,6.0,2.0,0.01,0.52,1.0,2,491,9,0,0,,,success
74,2000,8,1,6.0,2.0,0.01,0.51,6.399999999999999,2,327,39,134,0,0.7557956655505642,0.4092923758822499,success
94,2000,8,1,6.0,2.0,0.01,0.52,1.2,2,485,14,1,0,1.0,,success
75,2000,8,1,6.0,2.0,0.01,0.51,6.599999999999999,2,320,36,144,0,0.7104281204899515,0.4361319976441186,success
80,2000,8,1,6.0,2.0,0.01,0.51,7.599999999999999,2,284,32,184,0,0.5297495797404358,0.477019862243137,success
79,2000,8,1,6.0,2.0,0.01,0.51,7.399999999999999,2,287,30,183,0,0.558952291138883,0.4736662185951445,success
78,2000,8,1,6.0,2.0,0.01,0.51,7.199999999999998,2,299,32,169,0,0.5993701059238218,0.46763574541073466,success
95,2000,8,1,6.0,2.0,0.01,0.52,1.4,2,476,21,3,0,1.0,0.0,success
96,2000,8,1,6.0,2.0,0.01,0.52,1.5999999999999999,2,473,22,5,0,1.0,0.0,success
83,2000,8,1,6.0,2.0,0.01,0.51,8.2,2,261,34,205,0,0.4904215554569916,0.4722517885826229,success
85,2000,8,1,6.0,2.0,0.01,0.51,8.599999999999998,2,247,33,220,0,0.4635339704525352,0.47310628626775214,success
82,2000,8,1,6.0,2.0,0.01,0.51,7.999999999999998,2,264,32,204,0,0.5079965915307538,0.47459796379758384,success
81,2000,8,1,6.0,2.0,0.01,0.51,7.799999999999999,2,274,32,194,0,0.5246809454553509,0.47815100141676403,success
84,2000,8,1,6.0,2.0,0.01,0.51,8.399999999999999,2,253,33,214,0,0.48068229271946955,0.4741584598653749,success
86,2000,8,1,6.0,2.0,0.01,0.51,8.799999999999997,2,240,31,229,0,0.44379612888446096,0.4707673591931618,success
87,2000,8,1,6.0,2.0,0.01,0.51,8.999999999999998,2,234,31,235,0,0.44126813961598366,0.47024487795474007,success
89,2000,8,1,6.0,2.0,0.01,0.51,9.399999999999999,2,221,30,249,0,0.40507527500805146,0.46152188539026506,success
90,2000,8,1,6.0,2.0,0.01,0.51,9.599999999999998,2,214,30,256,0,0.40204710258369236,0.4617069728365502,success
88,2000,8,1,6.0,2.0,0.01,0.51,9.199999999999998,2,232,33,235,0,0.41361889789999395,0.46471506209818425,success
91,2000,8,1,6.0,2.0,0.01,0.51,9.799999999999997,2,217,32,251,0,0.3840769392956124,0.4568694397658534,success
92,2000,8,1,6.0,2.0,0.01,0.51,9.999999999999998,2,207,33,260,0,0.3840190957825584,0.4587727083328239,success
97,2000,8,1,6.0,2.0,0.01,0.52,1.7999999999999998,2,471,20,9,0,1.0,0.0,success
98,2000,8,1,6.0,2.0,0.01,0.52,1.9999999999999998,2,468,21,11,0,1.0,0.0,success
99,2000,8,1,6.0,2.0,0.01,0.52,2.1999999999999997,2,457,24,19,0,1.0,0.0,success
101,2000,8,1,6.0,2.0,0.01,0.52,2.5999999999999996,2,448,28,24,0,1.0,0.0,success
100,2000,8,1,6.0,2.0,0.01,0.52,2.3999999999999995,2,452,24,24,0,1.0,0.0,success
102,2000,8,1,6.0,2.0,0.01,0.52,2.8,2,439,32,29,0,1.0,0.0,success
103,2000,8,1,6.0,2.0,0.01,0.52,2.9999999999999996,2,434,32,34,0,0.995642408688858,0.02540890531266415,success
104,2000,8,1,6.0,2.0,0.01,0.52,3.1999999999999993,2,425,33,42,0,0.9828171692757466,0.0783564941581204,success
107,2000,8,1,6.0,2.0,0.01,0.52,3.7999999999999994,2,405,34,61,0,0.9679426592454106,0.14401876842907857,success
106,2000,8,1,6.0,2.0,0.01,0.52,3.5999999999999996,2,412,36,52,0,0.9888749992440278,0.0568433186423319,success
105,2000,8,1,6.0,2.0,0.01,0.52,3.3999999999999995,2,420,36,44,0,0.9845571483020211,0.07291378373819979,success
110,2000,8,1,6.0,2.0,0.01,0.52,4.3999999999999995,2,388,36,76,0,0.9390456408577487,0.2277320951861658,success
108,2000,8,1,6.0,2.0,0.01,0.52,3.999999999999999,2,399,35,66,0,0.9774232148295249,0.13097804743623345,success
112,2000,8,1,6.0,2.0,0.01,0.52,4.799999999999999,2,378,35,87,0,0.9351777179054853,0.21806625144835393,success
111,2000,8,1,6.0,2.0,0.01,0.52,4.6,2,381,37,82,0,0.9230210872575162,0.24578766429728421,success
109,2000,8,1,6.0,2.0,0.01,0.52,4.199999999999999,2,392,34,74,0,0.9370394041137757,0.22977773389799894,success
113,2000,8,1,6.0,2.0,0.01,0.52,4.999999999999999,2,372,35,93,0,0.9192693953444567,0.24981867277055617,success
114,2000,8,1,6.0,2.0,0.01,0.52,5.199999999999999,2,369,36,95,0,0.8874017980820301,0.29424823424170926,success
115,2000,8,1,6.0,2.0,0.01,0.52,5.399999999999999,2,359,38,103,0,0.8264933155493106,0.3591587318614825,success
116,2000,8,1,6.0,2.0,0.01,0.52,5.599999999999999,2,352,39,109,0,0.8070554324290842,0.3753387890103078,success
118,2000,8,1,6.0,2.0,0.01,0.52,5.999999999999999,2,340,40,120,0,0.8278666358995385,0.3628215429455456,success
117,2000,8,1,6.0,2.0,0.01,0.52,5.799999999999999,2,348,41,111,0,0.8195996960375941,0.36590294699549647,success
120,2000,8,1,6.0,2.0,0.01,0.52,6.399999999999999,2,327,39,134,0,0.7557956655505642,0.4092923758822499,success
119,2000,8,1,6.0,2.0,0.01,0.52,6.199999999999999,2,329,41,130,0,0.7748657987851336,0.4013397591716212,success
122,2000,8,1,6.0,2.0,0.01,0.52,6.799999999999999,2,308,36,156,0,0.6583904197800108,0.454161464029708,success
121,2000,8,1,6.0,2.0,0.01,0.52,6.599999999999999,2,320,36,144,0,0.7104281204899515,0.4361319976441186,success
123,2000,8,1,6.0,2.0,0.01,0.52,6.999999999999998,2,301,33,166,0,0.6230894162530066,0.46259835372091407,success
124,2000,8,1,6.0,2.0,0.01,0.52,7.199999999999998,2,299,32,169,0,0.5993701059238218,0.46763574541073466,success
125,2000,8,1,6.0,2.0,0.01,0.52,7.399999999999999,2,287,30,183,0,0.558952291138883,0.4736662185951445,success
126,2000,8,1,6.0,2.0,0.01,0.52,7.599999999999999,2,284,32,184,0,0.5297495797404358,0.477019862243137,success
127,2000,8,1,6.0,2.0,0.01,0.52,7.799999999999999,2,274,32,194,0,0.5246809454553509,0.47815100141676403,success
128,2000,8,1,6.0,2.0,0.01,0.52,7.999999999999998,2,264,32,204,0,0.5079278921565836,0.47453639794570324,success
139,2000,8,1,6.0,2.0,0.01,0.53,1.0,2,491,9,0,0,,,success
129,2000,8,1,6.0,2.0,0.01,0.52,8.2,2,261,34,205,0,0.4904215863871804,0.4722517971500587,success
130,2000,8,1,6.0,2.0,0.01,0.52,8.399999999999999,2,253,33,214,0,0.48094288575243005,0.47442100892461847,success
140,2000,8,1,6.0,2.0,0.01,0.53,1.2,2,485,14,1,0,1.0,,success
141,2000,8,1,6.0,2.0,0.01,0.53,1.4,2,476,21,3,0,1.0,0.0,success
142,2000,8,1,6.0,2.0,0.01,0.53,1.5999999999999999,2,473,22,5,0,1.0,0.0,success
145,2000,8,1,6.0,2.0,0.01,0.53,2.1999999999999997,2,457,24,19,0,1.0,0.0,success
146,2000,8,1,6.0,2.0,0.01,0.53,2.3999999999999995,2,452,24,24,0,1.0,0.0,success
144,2000,8,1,6.0,2.0,0.01,0.53,1.9999999999999998,2,468,21,11,0,1.0,0.0,success
143,2000,8,1,6.0,2.0,0.01,0.53,1.7999999999999998,2,471,20,9,0,1.0,0.0,success
132,2000,8,1,6.0,2.0,0.01,0.52,8.799999999999997,2,240,31,229,0,0.4437381318712096,0.4707299054844139,success
131,2000,8,1,6.0,2.0,0.01,0.52,8.599999999999998,2,247,33,220,0,0.4636510230711416,0.47322020073688154,success
147,2000,8,1,6.0,2.0,0.01,0.53,2.5999999999999996,2,448,28,24,0,1.0,0.0,success
148,2000,8,1,6.0,2.0,0.01,0.53,2.8,2,439,32,29,0,1.0,0.0,success
134,2000,8,1,6.0,2.0,0.01,0.52,9.199999999999998,2,232,33,235,0,0.4132848590275621,0.46436416156403415,success
133,2000,8,1,6.0,2.0,0.01,0.52,8.999999999999998,2,235,33,232,0,0.4344140707980395,0.4693898446364215,success
149,2000,8,1,6.0,2.0,0.01,0.53,2.9999999999999996,2,434,32,34,0,0.995642408688858,0.02540890531266415,success
150,2000,8,1,6.0,2.0,0.01,0.53,3.1999999999999993,2,425,33,42,0,0.9828171692757466,0.0783564941581204,success
135,2000,8,1,6.0,2.0,0.01,0.52,9.399999999999999,2,220,30,250,0,0.4069301388507657,0.461514936532664,success
153,2000,8,1,6.0,2.0,0.01,0.53,3.7999999999999994,2,405,34,61,0,0.9679426592454106,0.14401876842907857,success
136,2000,8,1,6.0,2.0,0.01,0.52,9.599999999999998,2,214,30,256,0,0.401759324782645,0.46138343496147083,success
151,2000,8,1,6.0,2.0,0.01,0.53,3.3999999999999995,2,420,36,44,0,0.9845571483020211,0.07291378373819979,success
137,2000,8,1,6.0,2.0,0.01,0.52,9.799999999999997,2,217,32,251,0,0.38388311630669525,0.4566572410284869,success
152,2000,8,1,6.0,2.0,0.01,0.53,3.5999999999999996,2,412,36,52,0,0.9888749992440278,0.0568433186423319,success
138,2000,8,1,6.0,2.0,0.01,0.52,9.999999999999998,2,206,32,262,0,0.3882177821863083,0.4595578930400357,success
155,2000,8,1,6.0,2.0,0.01,0.53,4.199999999999999,2,392,34,74,0,0.9370394041137757,0.22977773389799894,success
154,2000,8,1,6.0,2.0,0.01,0.53,3.999999999999999,2,399,35,66,0,0.9774232148295249,0.13097804743623345,success
157,2000,8,1,6.0,2.0,0.01,0.53,4.6,2,381,37,82,0,0.9230210872575162,0.24578766429728421,success
156,2000,8,1,6.0,2.0,0.01,0.53,4.3999999999999995,2,388,36,76,0,0.9390456408577487,0.2277320951861658,success
158,2000,8,1,6.0,2.0,0.01,0.53,4.799999999999999,2,378,35,87,0,0.9351777179054853,0.21806625144835393,success
159,2000,8,1,6.0,2.0,0.01,0.53,4.999999999999999,2,372,35,93,0,0.9192693953444567,0.24981867277055617,success
160,2000,8,1,6.0,2.0,0.01,0.53,5.199999999999999,2,369,36,95,0,0.8874017980820301,0.29424823424170926,success
163,2000,8,1,6.0,2.0,0.01,0.53,5.799999999999999,2,348,41,111,0,0.8195996960375941,0.36590294699549647,success
164,2000,8,1,6.0,2.0,0.01,0.53,5.999999999999999,2,340,40,120,0,0.8278666358995385,0.3628215429455456,success
161,2000,8,1,6.0,2.0,0.01,0.53,5.399999999999999,2,359,38,103,0,0.8264933155493106,0.3591587318614825,success
162,2000,8,1,6.0,2.0,0.01,0.53,5.599999999999999,2,352,39,109,0,0.8070554324290842,0.3753387890103078,success
166,2000,8,1,6.0,2.0,0.01,0.53,6.399999999999999,2,327,39,134,0,0.7557956655505642,0.4092923758822499,success
165,2000,8,1,6.0,2.0,0.01,0.53,6.199999999999999,2,329,41,130,0,0.7748657987851336,0.4013397591716212,success
167,2000,8,1,6.0,2.0,0.01,0.53,6.599999999999999,2,320,36,144,0,0.7104281204899515,0.4361319976441186,success
168,2000,8,1,6.0,2.0,0.01,0.53,6.799999999999999,2,308,36,156,0,0.6583904197800108,0.454161464029708,success
169,2000,8,1,6.0,2.0,0.01,0.53,6.999999999999998,2,301,33,166,0,0.6226231974495262,0.46225506275721207,success
170,2000,8,1,6.0,2.0,0.01,0.53,7.199999999999998,2,299,33,168,0,0.5965247355937391,0.46764084777598636,success
171,2000,8,1,6.0,2.0,0.01,0.53,7.399999999999999,2,287,30,183,0,0.558952291138883,0.4736662185951445,success
172,2000,8,1,6.0,2.0,0.01,0.53,7.599999999999999,2,284,32,184,0,0.5297495797404358,0.477019862243137,success
173,2000,8,1,6.0,2.0,0.01,0.53,7.799999999999999,2,274,32,194,0,0.5246809454553509,0.47815100141676403,success
185,2000,8,1,6.0,2.0,0.01,0.54,1.0,2,491,9,0,0,,,success
174,2000,8,1,6.0,2.0,0.01,0.53,7.999999999999998,2,264,32,204,0,0.5079278921565836,0.47453639794570324,success
186,2000,8,1,6.0,2.0,0.01,0.54,1.2,2,485,14,1,0,1.0,,success
187,2000,8,1,6.0,2.0,0.01,0.54,1.4,2,476,21,3,0,1.0,0.0,success
175,2000,8,1,6.0,2.0,0.01,0.53,8.2,2,260,34,206,0,0.49263839250457725,0.4721717694616878,success
188,2000,8,1,6.0,2.0,0.01,0.54,1.5999999999999999,2,473,22,5,0,1.0,0.0,success
189,2000,8,1,6.0,2.0,0.01,0.54,1.7999999999999998,2,471,20,9,0,1.0,0.0,success
177,2000,8,1,6.0,2.0,0.01,0.53,8.599999999999998,2,247,33,220,0,0.4635974682006088,0.47317782258563845,success
176,2000,8,1,6.0,2.0,0.01,0.53,8.399999999999999,2,253,33,214,0,0.48099657039983795,0.4744699208537384,success
179,2000,8,1,6.0,2.0,0.01,0.53,8.999999999999998,2,235,32,233,0,0.4367097949794179,0.46968620704610997,success
178,2000,8,1,6.0,2.0,0.01,0.53,8.799999999999997,2,240,31,229,0,0.4437381318712096,0.4707299054844139,success
190,2000,8,1,6.0,2.0,0.01,0.54,1.9999999999999998,2,468,21,11,0,1.0,0.0,success
180,2000,8,1,6.0,2.0,0.01,0.53,9.199999999999998,2,232,32,236,0,0.4152741041065419,0.46438349462170037,success
181,2000,8,1,6.0,2.0,0.01,0.53,9.399999999999999,2,220,30,250,0,0.40696177158041735,0.46156351298922665,success
191,2000,8,1,6.0,2.0,0.01,0.54,2.1999999999999997,2,457,24,19,0,1.0,0.0,success
183,2000,8,1,6.0,2.0,0.01,0.53,9.799999999999997,2,217,32,251,0,0.3836710149410063,0.4564004365436011,success
182,2000,8,1,6.0,2.0,0.01,0.53,9.599999999999998,2,214,30,256,0,0.40170088278934546,0.4613174804950975,success
192,2000,8,1,6.0,2.0,0.01,0.54,2.3999999999999995,2,452,24,24,0,1.0,0.0,success
184,2000,8,1,6.0,2.0,0.01,0.53,9.999999999999998,2,206,32,262,0,0.387795236786912,0.4590428544059115,success
193,2000,8,1,6.0,2.0,0.01,0.54,2.5999999999999996,2,448,28,24,0,1.0,0.0,success
194,2000,8,1,6.0,2.0,0.01,0.54,2.8,2,439,32,29,0,1.0,0.0,success
196,2000,8,1,6.0,2.0,0.01,0.54,3.1999999999999993,2,425,33,42,0,0.9828171692757466,0.0783564941581204,success
195,2000,8,1,6.0,2.0,0.01,0.54,2.9999999999999996,2,434,32,34,0,0.995642408688858,0.02540890531266415,success
197,2000,8,1,6.0,2.0,0.01,0.54,3.3999999999999995,2,420,36,44,0,0.9845571483020211,0.07291378373819979,success
198,2000,8,1,6.0,2.0,0.01,0.54,3.5999999999999996,2,412,36,52,0,0.9888749992440278,0.0568433186423319,success
200,2000,8,1,6.0,2.0,0.01,0.54,3.999999999999999,2,399,35,66,0,0.9774232148295249,0.13097804743623345,success
199,2000,8,1,6.0,2.0,0.01,0.54,3.7999999999999994,2,405,34,61,0,0.9679426592454106,0.14401876842907857,success
201,2000,8,1,6.0,2.0,0.01,0.54,4.199999999999999,2,392,34,74,0,0.9370394041137757,0.22977773389799894,success
202,2000,8,1,6.0,2.0,0.01,0.54,4.3999999999999995,2,388,36,76,0,0.9390456408577487,0.2277320951861658,success
203,2000,8,1,6.0,2.0,0.01,0.54,4.6,2,381,37,82,0,0.9230210872575162,0.24578766429728421,success
204,2000,8,1,6.0,2.0,0.01,0.54,4.799999999999999,2,378,35,87,0,0.9351777179054853,0.21806625144835393,success
205,2000,8,1,6.0,2.0,0.01,0.54,4.999999999999999,2,372,35,93,0,0.9192693953444567,0.24981867277055617,success
206,2000,8,1,6.0,2.0,0.01,0.54,5.199999999999999,2,369,36,95,0,0.8874017980820301,0.29424823424170926,success
207,2000,8,1,6.0,2.0,0.01,0.54,5.399999999999999,2,359,38,103,0,0.8264933155493106,0.3591587318614825,success
208,2000,8,1,6.0,2.0,0.01,0.54,5.599999999999999,2,352,39,109,0,0.8070554324290842,0.3753387890103078,success
209,2000,8,1,6.0,2.0,0.01,0.54,5.799999999999999,2,348,41,111,0,0.8195996960375941,0.36590294699549647,success
210,2000,8,1,6.0,2.0,0.01,0.54,5.999999999999999,2,340,40,120,0,0.8278666358995385,0.3628215429455456,success
211,2000,8,1,6.0,2.0,0.01,0.54,6.199999999999999,2,329,41,130,0,0.7748657987851336,0.4013397591716212,success
213,2000,8,1,6.0,2.0,0.01,0.54,6.599999999999999,2,320,36,144,0,0.7104281204899515,0.4361319976441186,success
214,2000,8,1,6.0,2.0,0.01,0.54,6.799999999999999,2,308,36,156,0,0.6583904197800108,0.454161464029708,success
212,2000,8,1,6.0,2.0,0.01,0.54,6.399999999999999,2,327,39,134,0,0.7557956655505642,0.4092923758822499,success
215,2000,8,1,6.0,2.0,0.01,0.54,6.999999999999998,2,301,33,166,0,0.6226232001561006,0.46225506274515976,success
217,2000,8,1,6.0,2.0,0.01,0.54,7.399999999999999,2,287,30,183,0,0.5589522897803335,0.4736662184196481,success
216,2000,8,1,6.0,2.0,0.01,0.54,7.199999999999998,2,299,33,168,0,0.5965247419509884,0.4676408480944038,success
218,2000,8,1,6.0,2.0,0.01,0.54,7.599999999999999,2,284,32,184,0,0.5297495782436571,0.47701986194933754,success
220,2000,8,1,6.0,2.0,0.01,0.54,7.999999999999998,2,264,32,204,0,0.5083769041897912,0.47496159397983023,success
219,2000,8,1,6.0,2.0,0.01,0.54,7.799999999999999,2,274,32,194,0,0.5246809266328447,0.4781509976509548,success
221,2000,8,1,6.0,2.0,0.01,0.54,8.2,2,260,34,206,0,0.49301883544241715,0.4725001937059488,success
222,2000,8,1,6.0,2.0,0.01,0.54,8.399999999999999,2,253,34,213,0,0.47915747018688676,0.4748224683633465,success
223,2000,8,1,6.0,2.0,0.01,0.54,8.599999999999998,2,247,33,220,0,0.46380405003161707,0.47334867009382603,success
224,2000,8,1,6.0,2.0,0.01,0.54,8.799999999999997,2,240,31,229,0,0.44373813252318023,0.47072990574648577,success
231,2000,8,1,6.0,2.0,0.01,0.55,1.0,2,491,9,0,0,,,success
232,2000,8,1,6.0,2.0,0.01,0.55,1.2,2,485,14,1,0,1.0,,success
233,2000,8,1,6.0,2.0,0.01,0.55,1.4,2,476,21,3,0,1.0,0.0,success
225,2000,8,1,6.0,2.0,0.01,0.54,8.999999999999998,2,235,32,233,0,0.4367097949794179,0.46968620704610997,success
234,2000,8,1,6.0,2.0,0.01,0.55,1.5999999999999999,2,473,22,5,0,1.0,0.0,success
237,2000,8,1,6.0,2.0,0.01,0.55,2.1999999999999997,2,457,24,19,0,1.0,0.0,success
236,2000,8,1,6.0,2.0,0.01,0.55,1.9999999999999998,2,468,21,11,0,1.0,0.0,success
235,2000,8,1,6.0,2.0,0.01,0.55,1.7999999999999998,2,471,20,9,0,1.0,0.0,success
226,2000,8,1,6.0,2.0,0.01,0.54,9.199999999999998,2,232,32,236,0,0.4152682872345864,0.46437753832432926,success
227,2000,8,1,6.0,2.0,0.01,0.54,9.399999999999999,2,220,30,250,0,0.40693059529679304,0.4615374054404982,success
228,2000,8,1,6.0,2.0,0.01,0.54,9.599999999999998,2,214,30,256,0,0.40172488686213886,0.46134500315967264,success
229,2000,8,1,6.0,2.0,0.01,0.54,9.799999999999997,2,217,32,251,0,0.38329938001789365,0.45599922630632045,success
238,2000,8,1,6.0,2.0,0.01,0.55,2.3999999999999995,2,451,25,24,0,1.0,0.0,success
239,2000,8,1,6.0,2.0,0.01,0.55,2.5999999999999996,2,447,29,24,0,1.0,0.0,success
240,2000,8,1,6.0,2.0,0.01,0.55,2.8,2,438,33,29,0,1.0,0.0,success
241,2000,8,1,6.0,2.0,0.01,0.55,2.9999999999999996,2,433,33,34,0,0.995642408688858,0.02540890531266415,success
242,2000,8,1,6.0,2.0,0.01,0.55,3.1999999999999993,2,424,34,42,0,0.9828171692757466,0.0783564941581204,success
230,2000,8,1,6.0,2.0,0.01,0.54,9.999999999999998,2,206,32,262,0,0.38779136961995064,0.4590386354316845,success
243,2000,8,1,6.0,2.0,0.01,0.55,3.3999999999999995,2,420,36,44,0,0.9845571483020211,0.07291378373819979,success
246,2000,8,1,6.0,2.0,0.01,0.55,3.999999999999999,2,399,35,66,0,0.9774232148295249,0.13097804743623345,success
244,2000,8,1,6.0,2.0,0.01,0.55,3.5999999999999996,2,412,36,52,0,0.9888749992440278,0.0568433186423319,success
245,2000,8,1,6.0,2.0,0.01,0.55,3.7999999999999994,2,405,34,61,0,0.9679426592454106,0.14401876842907857,success
247,2000,8,1,6.0,2.0,0.01,0.55,4.199999999999999,2,392,34,74,0,0.9370394041137757,0.22977773389799894,success
248,2000,8,1,6.0,2.0,0.01,0.55,4.3999999999999995,2,388,36,76,0,0.9390456408577487,0.2277320951861658,success
250,2000,8,1,6.0,2.0,0.01,0.55,4.799999999999999,2,378,35,87,0,0.9351777179054853,0.21806625144835393,success
249,2000,8,1,6.0,2.0,0.01,0.55,4.6,2,381,37,82,0,0.9230210872575162,0.24578766429728421,success
251,2000,8,1,6.0,2.0,0.01,0.55,4.999999999999999,2,372,35,93,0,0.9192693953444567,0.24981867277055617,success
252,2000,8,1,6.0,2.0,0.01,0.55,5.199999999999999,2,369,36,95,0,0.8874017980820301,0.29424823424170926,success
253,2000,8,1,6.0,2.0,0.01,0.55,5.399999999999999,2,359,38,103,0,0.8264933155493106,0.3591587318614825,success
254,2000,8,1,6.0,2.0,0.01,0.55,5.599999999999999,2,352,39,109,0,0.8070554324290842,0.3753387890103078,success
255,2000,8,1,6.0,2.0,0.01,0.55,5.799999999999999,2,348,41,111,0,0.8195996960375941,0.36590294699549647,success
256,2000,8,1,6.0,2.0,0.01,0.55,5.999999999999999,2,340,40,120,0,0.8278666358995385,0.3628215429455456,success
257,2000,8,1,6.0,2.0,0.01,0.55,6.199999999999999,2,329,41,130,0,0.7748657987851336,0.4013397591716212,success
258,2000,8,1,6.0,2.0,0.01,0.55,6.399999999999999,2,327,40,133,0,0.753959542735155,0.41028546016809697,success
259,2000,8,1,6.0,2.0,0.01,0.55,6.599999999999999,2,320,37,143,0,0.7084031423115595,0.4369851241516317,success
260,2000,8,1,6.0,2.0,0.01,0.55,6.799999999999999,2,308,36,156,0,0.6583904197800108,0.454161464029708,success
261,2000,8,1,6.0,2.0,0.01,0.55,6.999999999999998,2,301,33,166,0,0.6226232001561006,0.46225506274515976,success
262,2000,8,1,6.0,2.0,0.01,0.55,7.199999999999998,2,299,33,168,0,0.5965247419509884,0.4676408480944038,success
264,2000,8,1,6.0,2.0,0.01,0.55,7.599999999999999,2,284,32,184,0,0.5297495782436571,0.47701986194933754,success
265,2000,8,1,6.0,2.0,0.01,0.55,7.799999999999999,2,274,32,194,0,0.5246809266328447,0.4781509976509548,success
263,2000,8,1,6.0,2.0,0.01,0.55,7.399999999999999,2,287,30,183,0,0.5589522897803335,0.4736662184196481,success
266,2000,8,1,6.0,2.0,0.01,0.55,7.999999999999998,2,263,32,205,0,0.5107750656327678,0.47503861027403144,success
277,2000,8,1,6.0,2.0,0.01,0.56,1.0,2,491,9,0,0,,,success
281,2000,8,1,6.0,2.0,0.01,0.56,1.7999999999999998,2,470,21,9,0,1.0,0.0,success
279,2000,8,1,6.0,2.0,0.01,0.56,1.4,2,476,21,3,0,1.0,0.0,success
278,2000,8,1,6.0,2.0,0.01,0.56,1.2,2,485,14,1,0,1.0,,success
267,2000,8,1,6.0,2.0,0.01,0.55,8.2,2,260,34,206,0,0.492991683159005,0.4724746703683537,success
268,2000,8,1,6.0,2.0,0.01,0.55,8.399999999999999,2,253,34,213,0,0.47915747018688676,0.4748224683633465,success
280,2000,8,1,6.0,2.0,0.01,0.56,1.5999999999999999,2,473,22,5,0,1.0,0.0,success
282,2000,8,1,6.0,2.0,0.01,0.56,1.9999999999999998,2,467,22,11,0,1.0,0.0,success
269,2000,8,1,6.0,2.0,0.01,0.55,8.599999999999998,2,247,33,220,0,0.46386035070685644,0.4734062044272677,success
270,2000,8,1,6.0,2.0,0.01,0.55,8.799999999999997,2,240,31,229,0,0.44365772568979056,0.47064453163380204,success
271,2000,8,1,6.0,2.0,0.01,0.55,8.999999999999998,2,235,32,233,0,0.43670979983557795,0.46968620894706525,success
272,2000,8,1,6.0,2.0,0.01,0.55,9.199999999999998,2,232,32,236,0,0.41526689214683693,0.464376112363525,success
273,2000,8,1,6.0,2.0,0.01,0.55,9.399999999999999,2,220,30,250,0,0.4069185212519691,0.46152842215597795,success
283,2000,8,1,6.0,2.0,0.01,0.56,2.1999999999999997,2,456,25,19,0,1.0,0.0,success
274,2000,8,1,6.0,2.0,0.01,0.55,9.599999999999998,2,214,30,256,0,0.4015663165161246,0.461169735475591,success
284,2000,8,1,6.0,2.0,0.01,0.56,2.3999999999999995,2,450,26,24,0,1.0,0.0,success
285,2000,8,1,6.0,2.0,0.01,0.56,2.5999999999999996,2,446,30,24,0,1.0,0.0,success
275,2000,8,1,6.0,2.0,0.01,0.55,9.799999999999997,2,217,32,251,0,0.3831930851813095,0.4558762065058142,success
286,2000,8,1,6.0,2.0,0.01,0.56,2.8,2,438,33,29,0,1.0,0.0,success
276,2000,8,1,6.0,2.0,0.01,0.55,9.999999999999998,2,206,32,262,0,0.38779870049975024,0.45904686956018637,success
287,2000,8,1,6.0,2.0,0.01,0.56,2.9999999999999996,2,433,33,34,0,0.995642408688858,0.02540890531266415,success
288,2000,8,1,6.0,2.0,0.01,0.56,3.1999999999999993,2,424,34,42,0,0.9828171692757466,0.0783564941581204,success
289,2000,8,1,6.0,2.0,0.01,0.56,3.3999999999999995,2,420,36,44,0,0.9845571483020211,0.07291378373819979,success
290,2000,8,1,6.0,2.0,0.01,0.56,3.5999999999999996,2,412,36,52,0,0.9888749992440278,0.0568433186423319,success
292,2000,8,1,6.0,2.0,0.01,0.56,3.999999999999999,2,399,35,66,0,0.9774232148295249,0.13097804743623345,success
291,2000,8,1,6.0,2.0,0.01,0.56,3.7999999999999994,2,405,34,61,0,0.9679426592454106,0.14401876842907857,success
293,2000,8,1,6.0,2.0,0.01,0.56,4.199999999999999,2,392,34,74,0,0.9370394041137757,0.22977773389799894,success
294,2000,8,1,6.0,2.0,0.01,0.56,4.3999999999999995,2,388,36,76,0,0.9390456408577487,0.2277320951861658,success
295,2000,8,1,6.0,2.0,0.01,0.56,4.6,2,381,37,82,0,0.9230210872575162,0.24578766429728421,success
296,2000,8,1,6.0,2.0,0.01,0.56,4.799999999999999,2,378,35,87,0,0.9351777179054853,0.21806625144835393,success
297,2000,8,1,6.0,2.0,0.01,0.56,4.999999999999999,2,372,35,93,0,0.9192693953444567,0.24981867277055617,success
299,2000,8,1,6.0,2.0,0.01,0.56,5.399999999999999,2,359,38,103,0,0.8264933155493106,0.3591587318614825,success
298,2000,8,1,6.0,2.0,0.01,0.56,5.199999999999999,2,369,36,95,0,0.8874017980820301,0.29424823424170926,success
300,2000,8,1,6.0,2.0,0.01,0.56,5.599999999999999,2,352,39,109,0,0.8070554324290842,0.3753387890103078,success
301,2000,8,1,6.0,2.0,0.01,0.56,5.799999999999999,2,348,41,111,0,0.8195996960375941,0.36590294699549647,success
302,2000,8,1,6.0,2.0,0.01,0.56,5.999999999999999,2,340,40,120,0,0.8278666358995385,0.3628215429455456,success
303,2000,8,1,6.0,2.0,0.01,0.56,6.199999999999999,2,329,41,130,0,0.7748657987851336,0.4013397591716212,success
304,2000,8,1,6.0,2.0,0.01,0.56,6.399999999999999,2,327,40,133,0,0.753959542735155,0.41028546016809697,success
305,2000,8,1,6.0,2.0,0.01,0.56,6.599999999999999,2,320,37,143,0,0.7084029346710959,0.4369851504303967,success
306,2000,8,1,6.0,2.0,0.01,0.56,6.799999999999999,2,308,36,156,0,0.6586180989684727,0.4542239270365257,success
307,2000,8,1,6.0,2.0,0.01,0.56,6.999999999999998,2,301,33,166,0,0.622840769751479,0.46232882325438274,success
308,2000,8,1,6.0,2.0,0.01,0.56,7.199999999999998,2,299,33,168,0,0.5967540918259916,0.4677242848295538,success
309,2000,8,1,6.0,2.0,0.01,0.56,7.399999999999999,2,287,30,183,0,0.5590690990277931,0.4736869255712934,success
310,2000,8,1,6.0,2.0,0.01,0.56,7.599999999999999,2,284,32,184,0,0.5299589846512687,0.477123980029254,success
311,2000,8,1,6.0,2.0,0.01,0.56,7.799999999999999,2,274,32,194,0,0.5248912111876226,0.47825332137847854,success
312,2000,8,1,6.0,2.0,0.01,0.56,7.999999999999998,2,264,32,204,0,0.5085768806781585,0.4750664298987263,success
313,2000,8,1,6.0,2.0,0.01,0.56,8.2,2,260,34,206,0,0.4931931292633466,0.47258321192313135,success
314,2000,8,1,6.0,2.0,0.01,0.56,8.399999999999999,2,253,34,213,0,0.4793482630197145,0.4749295409068193,success
315,2000,8,1,6.0,2.0,0.01,0.56,8.599999999999998,2,247,33,220,0,0.4639872855454921,0.4734833847121891,success
316,2000,8,1,6.0,2.0,0.01,0.56,8.799999999999997,2,240,31,229,0,0.4438506073000519,0.47077452894550853,success
318,2000,8,1,6.0,2.0,0.01,0.56,9.199999999999998,2,232,32,236,0,0.41546542384283874,0.4645248323819046,success
317,2000,8,1,6.0,2.0,0.01,0.56,8.999999999999998,2,235,32,233,0,0.43690813869204154,0.4698240644423937,success
319,2000,8,1,6.0,2.0,0.01,0.56,9.399999999999999,2,220,30,250,0,0.40699970065063873,0.4615892271893003,success
320,2000,8,1,6.0,2.0,0.01,0.56,9.599999999999998,2,214,30,256,0,0.40152670829487036,0.46111303273775295,success
323,2000,8,1,6.0,2.0,0.01,0.5700000000000001,1.0,2,491,9,0,0,,,success
324,2000,8,1,6.0,2.0,0.01,0.5700000000000001,1.2,2,485,14,1,0,1.0,,success
326,2000,8,1,6.0,2.0,0.01,0.5700000000000001,1.5999999999999999,2,473,22,5,0,1.0,0.0,success
325,2000,8,1,6.0,2.0,0.01,0.5700000000000001,1.4,2,476,21,3,0,1.0,0.0,success
327,2000,8,1,6.0,2.0,0.01,0.5700000000000001,1.7999999999999998,2,470,21,9,0,1.0,0.0,success
328,2000,8,1,6.0,2.0,0.01,0.5700000000000001,1.9999999999999998,2,467,22,11,0,1.0,0.0,success
329,2000,8,1,6.0,2.0,0.01,0.5700000000000001,2.1999999999999997,2,456,25,19,0,1.0,0.0,success
321,2000,8,1,6.0,2.0,0.01,0.56,9.799999999999997,2,217,32,251,0,0.38331264819681704,0.4559618461386408,success
330,2000,8,1,6.0,2.0,0.01,0.5700000000000001,2.3999999999999995,2,450,26,24,0,1.0,0.0,success
331,2000,8,1,6.0,2.0,0.01,0.5700000000000001,2.5999999999999996,2,446,30,24,0,1.0,0.0,success
322,2000,8,1,6.0,2.0,0.01,0.56,9.999999999999998,2,206,32,262,0,0.3878967780185429,0.45910987448167584,success
332,2000,8,1,6.0,2.0,0.01,0.5700000000000001,2.8,2,438,33,29,0,1.0,0.0,success
333,2000,8,1,6.0,2.0,0.01,0.5700000000000001,2.9999999999999996,2,433,33,34,0,0.995642408688858,0.02540890531266415,success
334,2000,8,1,6.0,2.0,0.01,0.5700000000000001,3.1999999999999993,2,424,34,42,0,0.9828171692757466,0.0783564941581204,success
335,2000,8,1,6.0,2.0,0.01,0.5700000000000001,3.3999999999999995,2,420,36,44,0,0.9845571483020211,0.07291378373819979,success
336,2000,8,1,6.0,2.0,0.01,0.5700000000000001,3.5999999999999996,2,412,36,52,0,0.9888749992440278,0.0568433186423319,success
337,2000,8,1,6.0,2.0,0.01,0.5700000000000001,3.7999999999999994,2,405,34,61,0,0.9679426592454106,0.14401876842907857,success
338,2000,8,1,6.0,2.0,0.01,0.5700000000000001,3.999999999999999,2,399,35,66,0,0.9774232148295249,0.13097804743623345,success
339,2000,8,1,6.0,2.0,0.01,0.5700000000000001,4.199999999999999,2,392,34,74,0,0.9370394041137757,0.22977773389799894,success
340,2000,8,1,6.0,2.0,0.01,0.5700000000000001,4.3999999999999995,2,388,36,76,0,0.9390456408577487,0.2277320951861658,success
341,2000,8,1,6.0,2.0,0.01,0.5700000000000001,4.6,2,381,37,82,0,0.9230210872575162,0.24578766429728421,success
342,2000,8,1,6.0,2.0,0.01,0.5700000000000001,4.799999999999999,2,378,35,87,0,0.9351777179054853,0.21806625144835393,success
343,2000,8,1,6.0,2.0,0.01,0.5700000000000001,4.999999999999999,2,372,35,93,0,0.9192693953444567,0.24981867277055617,success
344,2000,8,1,6.0,2.0,0.01,0.5700000000000001,5.199999999999999,2,369,36,95,0,0.8874017980820301,0.29424823424170926,success
346,2000,8,1,6.0,2.0,0.01,0.5700000000000001,5.599999999999999,2,352,39,109,0,0.8070554324290842,0.3753387890103078,success
345,2000,8,1,6.0,2.0,0.01,0.5700000000000001,5.399999999999999,2,359,38,103,0,0.8264933155493106,0.3591587318614825,success
347,2000,8,1,6.0,2.0,0.01,0.5700000000000001,5.799999999999999,2,348,41,111,0,0.8195996960375941,0.36590294699549647,success
348,2000,8,1,6.0,2.0,0.01,0.5700000000000001,5.999999999999999,2,340,40,120,0,0.8278666358995385,0.3628215429455456,success
349,2000,8,1,6.0,2.0,0.01,0.5700000000000001,6.199999999999999,2,329,41,130,0,0.7748657987851336,0.4013397591716212,success
350,2000,8,1,6.0,2.0,0.01,0.5700000000000001,6.399999999999999,2,327,40,133,0,0.753959542735155,0.41028546016809697,success
351,2000,8,1,6.0,2.0,0.01,0.5700000000000001,6.599999999999999,2,320,37,143,0,0.7084038011629543,0.4369850408614712,success
352,2000,8,1,6.0,2.0,0.01,0.5700000000000001,6.799999999999999,2,308,36,156,0,0.657046771515024,0.45345869037081843,success
353,2000,8,1,6.0,2.0,0.01,0.5700000000000001,6.999999999999998,2,301,33,166,0,0.6215869161602108,0.4615813841066678,success
354,2000,8,1,6.0,2.0,0.01,0.5700000000000001,7.199999999999998,2,299,33,168,0,0.5955151623765021,0.4669247290933468,success
355,2000,8,1,6.0,2.0,0.01,0.5700000000000001,7.399999999999999,2,287,30,183,0,0.55906676832507,0.47368479019924714,success
356,2000,8,1,6.0,2.0,0.01,0.5700000000000001,7.599999999999999,2,284,32,184,0,0.5299566992210617,0.47712176070166284,success
357,2000,8,1,6.0,2.0,0.01,0.5700000000000001,7.799999999999999,2,274,32,194,0,0.5241454636188316,0.4776205053838392,success
358,2000,8,1,6.0,2.0,0.01,0.5700000000000001,7.999999999999998,2,264,32,204,0,0.5085768806781585,0.4750664298987263,success
359,2000,8,1,6.0,2.0,0.01,0.5700000000000001,8.2,2,260,34,206,0,0.4931931292633466,0.47258321192313135,success
369,2000,8,1,6.0,2.0,0.01,0.5800000000000001,1.0,2,490,10,0,0,,,success
370,2000,8,1,6.0,2.0,0.01,0.5800000000000001,1.2,2,484,15,1,0,1.0,,success
361,2000,8,1,6.0,2.0,0.01,0.5700000000000001,8.599999999999998,2,247,33,220,0,0.463987262718602,0.4734833647598355,success
360,2000,8,1,6.0,2.0,0.01,0.5700000000000001,8.399999999999999,2,253,34,213,0,0.4793482630197145,0.4749295409068193,success
362,2000,8,1,6.0,2.0,0.01,0.5700000000000001,8.799999999999997,2,240,31,229,0,0.4438506073000519,0.47077452894550853,success
363,2000,8,1,6.0,2.0,0.01,0.5700000000000001,8.999999999999998,2,235,32,233,0,0.4369081391562356,0.4698240646238541,success
364,2000,8,1,6.0,2.0,0.01,0.5700000000000001,9.199999999999998,2,232,32,236,0,0.41567115338234806,0.4647456877005699,success
371,2000,8,1,6.0,2.0,0.01,0.5800000000000001,1.4,2,475,22,3,0,1.0,0.0,success
372,2000,8,1,6.0,2.0,0.01,0.5800000000000001,1.5999999999999999,2,472,23,5,0,1.0,0.0,success
373,2000,8,1,6.0,2.0,0.01,0.5800000000000001,1.7999999999999998,2,469,22,9,0,1.0,0.0,success
365,2000,8,1,6.0,2.0,0.01,0.5700000000000001,9.399999999999999,2,220,30,250,0,0.40699933554582896,0.46158884663768307,success
374,2000,8,1,6.0,2.0,0.01,0.5800000000000001,1.9999999999999998,2,466,23,11,0,1.0,0.0,success
375,2000,8,1,6.0,2.0,0.01,0.5800000000000001,2.1999999999999997,2,455,26,19,0,1.0,0.0,success
376,2000,8,1,6.0,2.0,0.01,0.5800000000000001,2.3999999999999995,2,449,27,24,0,1.0,0.0,success
366,2000,8,1,6.0,2.0,0.01,0.5700000000000001,9.599999999999998,2,214,30,256,0,0.40152670829487036,0.46111303273775295,success
377,2000,8,1,6.0,2.0,0.01,0.5800000000000001,2.5999999999999996,2,446,30,24,0,1.0,0.0,success
379,2000,8,1,6.0,2.0,0.01,0.5800000000000001,2.9999999999999996,2,433,33,34,0,0.995642408688858,0.02540890531266415,success
378,2000,8,1,6.0,2.0,0.01,0.5800000000000001,2.8,2,438,33,29,0,1.0,0.0,success
367,2000,8,1,6.0,2.0,0.01,0.5700000000000001,9.799999999999997,2,217,32,251,0,0.38327536200161877,0.45592343828167997,success
368,2000,8,1,6.0,2.0,0.01,0.5700000000000001,9.999999999999998,2,206,32,262,0,0.3878516018252965,0.45906355174828145,success
380,2000,8,1,6.0,2.0,0.01,0.5800000000000001,3.1999999999999993,2,424,34,42,0,0.9828171692757466,0.0783564941581204,success
381,2000,8,1,6.0,2.0,0.01,0.5800000000000001,3.3999999999999995,2,420,36,44,0,0.9845571483020211,0.07291378373819979,success
382,2000,8,1,6.0,2.0,0.01,0.5800000000000001,3.5999999999999996,2,411,37,52,0,0.9888749992440278,0.0568433186423319,success
383,2000,8,1,6.0,2.0,0.01,0.5800000000000001,3.7999999999999994,2,404,35,61,0,0.9679426592454106,0.14401876842907857,success
384,2000,8,1,6.0,2.0,0.01,0.5800000000000001,3.999999999999999,2,399,35,66,0,0.9774232148295249,0.13097804743623345,success
385,2000,8,1,6.0,2.0,0.01,0.5800000000000001,4.199999999999999,2,392,34,74,0,0.9370394041137757,0.22977773389799894,success
386,2000,8,1,6.0,2.0,0.01,0.5800000000000001,4.3999999999999995,2,388,36,76,0,0.9390456408577487,0.2277320951861658,success
387,2000,8,1,6.0,2.0,0.01,0.5800000000000001,4.6,2,380,38,82,0,0.9230210872575162,0.24578766429728421,success
388,2000,8,1,6.0,2.0,0.01,0.5800000000000001,4.799999999999999,2,377,36,87,0,0.9351777179054853,0.21806625144835393,success
389,2000,8,1,6.0,2.0,0.01,0.5800000000000001,4.999999999999999,2,372,35,93,0,0.9192693953444567,0.24981867277055617,success
391,2000,8,1,6.0,2.0,0.01,0.5800000000000001,5.399999999999999,2,359,38,103,0,0.8264933155493106,0.3591587318614825,success
390,2000,8,1,6.0,2.0,0.01,0.5800000000000001,5.199999999999999,2,369,36,95,0,0.8874017980820301,0.29424823424170926,success
392,2000,8,1,6.0,2.0,0.01,0.5800000000000001,5.599999999999999,2,352,39,109,0,0.8070554324290842,0.3753387890103078,success
393,2000,8,1,6.0,2.0,0.01,0.5800000000000001,5.799999999999999,2,348,41,111,0,0.8195996960375941,0.36590294699549647,success
394,2000,8,1,6.0,2.0,0.01,0.5800000000000001,5.999999999999999,2,340,40,120,0,0.8278666358995385,0.3628215429455456,success
396,2000,8,1,6.0,2.0,0.01,0.5800000000000001,6.399999999999999,2,327,40,133,0,0.753959542735155,0.41028546016809697,success
395,2000,8,1,6.0,2.0,0.01,0.5800000000000001,6.199999999999999,2,329,41,130,0,0.7748657987851336,0.4013397591716212,success
398,2000,8,1,6.0,2.0,0.01,0.5800000000000001,6.799999999999999,2,308,36,156,0,0.657046771515024,0.45345869037081843,success
397,2000,8,1,6.0,2.0,0.01,0.5800000000000001,6.599999999999999,2,320,37,143,0,0.7084038011629543,0.4369850408614712,success
399,2000,8,1,6.0,2.0,0.01,0.5800000000000001,6.999999999999998,2,301,33,166,0,0.6215869161602108,0.4615813841066678,success
400,2000,8,1,6.0,2.0,0.01,0.5800000000000001,7.199999999999998,2,299,33,168,0,0.5955151623765021,0.4669247290933468,success
401,2000,8,1,6.0,2.0,0.01,0.5800000000000001,7.399999999999999,2,287,30,183,0,0.55906676832507,0.47368479019924714,success
402,2000,8,1,6.0,2.0,0.01,0.5800000000000001,7.599999999999999,2,284,32,184,0,0.5299566992210617,0.47712176070166284,success
404,2000,8,1,6.0,2.0,0.01,0.5800000000000001,7.999999999999998,2,264,32,204,0,0.5085768806781585,0.4750664298987263,success
403,2000,8,1,6.0,2.0,0.01,0.5800000000000001,7.799999999999999,2,274,32,194,0,0.5241454636188316,0.4776205053838392,success
405,2000,8,1,6.0,2.0,0.01,0.5800000000000001,8.2,2,260,34,206,0,0.4931931292633466,0.47258321192313135,success
406,2000,8,1,6.0,2.0,0.01,0.5800000000000001,8.399999999999999,2,253,34,213,0,0.4793482630197145,0.4749295409068193,success
407,2000,8,1,6.0,2.0,0.01,0.5800000000000001,8.599999999999998,2,247,33,220,0,0.4637456316477954,0.4732471838867037,success
408,2000,8,1,6.0,2.0,0.01,0.5800000000000001,8.799999999999997,2,240,31,229,0,0.44369982909412076,0.4706233222802698,success
409,2000,8,1,6.0,2.0,0.01,0.5800000000000001,8.999999999999998,2,235,32,233,0,0.4368990708899409,0.46981773872671645,success
410,2000,8,1,6.0,2.0,0.01,0.5800000000000001,9.199999999999998,2,232,33,235,0,0.41344516908462114,0.4644788017108247,success
415,2000,8,1,6.0,2.0,0.01,0.5900000000000001,1.0,2,490,10,0,0,,,success
411,2000,8,1,6.0,2.0,0.01,0.5800000000000001,9.399999999999999,2,220,30,250,0,0.4067988719620414,0.46133874703498423,success
412,2000,8,1,6.0,2.0,0.01,0.5800000000000001,9.599999999999998,2,214,30,256,0,0.4013557350346665,0.4608947787574158,success
416,2000,8,1,6.0,2.0,0.01,0.5900000000000001,1.2,2,484,15,1,0,1.0,,success
413,2000,8,1,6.0,2.0,0.01,0.5800000000000001,9.799999999999997,2,217,32,251,0,0.38306136816531006,0.4556456559762261,success
414,2000,8,1,6.0,2.0,0.01,0.5800000000000001,9.999999999999998,2,206,32,262,0,0.3878502206006176,0.4590620619384364,success
417,2000,8,1,6.0,2.0,0.01,0.5900000000000001,1.4,2,475,22,3,0,1.0,0.0,success
418,2000,8,1,6.0,2.0,0.01,0.5900000000000001,1.5999999999999999,2,472,23,5,0,1.0,0.0,success
419,2000,8,1,6.0,2.0,0.01,0.5900000000000001,1.7999999999999998,2,469,22,9,0,1.0,0.0,success
420,2000,8,1,6.0,2.0,0.01,0.5900000000000001,1.9999999999999998,2,466,23,11,0,1.0,0.0,success
421,2000,8,1,6.0,2.0,0.01,0.5900000000000001,2.1999999999999997,2,455,26,19,0,1.0,0.0,success
422,2000,8,1,6.0,2.0,0.01,0.5900000000000001,2.3999999999999995,2,449,27,24,0,1.0,0.0,success
423,2000,8,1,6.0,2.0,0.01,0.5900000000000001,2.5999999999999996,2,446,30,24,0,1.0,0.0,success
424,2000,8,1,6.0,2.0,0.01,0.5900000000000001,2.8,2,438,33,29,0,1.0,0.0,success
425,2000,8,1,6.0,2.0,0.01,0.5900000000000001,2.9999999999999996,2,433,33,34,0,1.0,0.0,success
426,2000,8,1,6.0,2.0,0.01,0.5900000000000001,3.1999999999999993,2,424,34,42,0,0.9828171692757466,0.0783564941581204,success
427,2000,8,1,6.0,2.0,0.01,0.5900000000000001,3.3999999999999995,2,420,36,44,0,0.9845571483020211,0.07291378373819979,success
429,2000,8,1,6.0,2.0,0.01,0.5900000000000001,3.7999999999999994,2,404,35,61,0,0.9679426592454106,0.14401876842907857,success
428,2000,8,1,6.0,2.0,0.01,0.5900000000000001,3.5999999999999996,2,411,37,52,0,0.9888749992440278,0.0568433186423319,success
430,2000,8,1,6.0,2.0,0.01,0.5900000000000001,3.999999999999999,2,399,35,66,0,0.9716353701822611,0.1382057525198205,success
431,2000,8,1,6.0,2.0,0.01,0.5900000000000001,4.199999999999999,2,392,34,74,0,0.9318772724013513,0.232617289753989,success
433,2000,8,1,6.0,2.0,0.01,0.5900000000000001,4.6,2,380,38,82,0,0.9183625781511819,0.24792145424993992,success
435,2000,8,1,6.0,2.0,0.01,0.5900000000000001,4.999999999999999,2,372,35,93,0,0.9185780735506799,0.2505694088831662,success
434,2000,8,1,6.0,2.0,0.01,0.5900000000000001,4.799999999999999,2,378,35,87,0,0.9307869392075611,0.22057719266122675,success
432,2000,8,1,6.0,2.0,0.01,0.5900000000000001,4.3999999999999995,2,388,36,76,0,0.9340193547167038,0.23056673455262047,success
436,2000,8,1,6.0,2.0,0.01,0.5900000000000001,5.199999999999999,2,369,36,95,0,0.8867250304312803,0.2947984178545462,success
437,2000,8,1,6.0,2.0,0.01,0.5900000000000001,5.399999999999999,2,359,38,103,0,0.8258691123762889,0.35946753576603546,success
438,2000,8,1,6.0,2.0,0.01,0.5900000000000001,5.599999999999999,2,353,39,108,0,0.8138865667402678,0.3692224416077843,success
440,2000,8,1,6.0,2.0,0.01,0.5900000000000001,5.999999999999999,2,340,40,120,0,0.8273645465100509,0.36310541729129586,success
439,2000,8,1,6.0,2.0,0.01,0.5900000000000001,5.799999999999999,2,348,41,111,0,0.8190579595403459,0.3661808463049956,success
441,2000,8,1,6.0,2.0,0.01,0.5900000000000001,6.199999999999999,2,329,41,130,0,0.774404002462921,0.4015169771613641,success
442,2000,8,1,6.0,2.0,0.01,0.5900000000000001,6.399999999999999,2,327,40,133,0,0.753508162871338,0.4104317169305489,success
443,2000,8,1,6.0,2.0,0.01,0.5900000000000001,6.599999999999999,2,320,37,143,0,0.7079839863245792,0.43706864701149856,success
444,2000,8,1,6.0,2.0,0.01,0.5900000000000001,6.799999999999999,2,309,36,155,0,0.6608116930739415,0.45185652845928836,success
445,2000,8,1,6.0,2.0,0.01,0.5900000000000001,6.999999999999998,2,301,33,166,0,0.6270279223307542,0.4599270922742952,success
446,2000,8,1,6.0,2.0,0.01,0.5900000000000001,7.199999999999998,2,299,33,168,0,0.6008847994906971,0.4656119901082278,success
447,2000,8,1,6.0,2.0,0.01,0.5900000000000001,7.399999999999999,2,288,30,182,0,0.5615971759624281,0.4730713012210247,success
448,2000,8,1,6.0,2.0,0.01,0.5900000000000001,7.599999999999999,2,285,32,183,0,0.5323142080784126,0.47668540584930214,success
449,2000,8,1,6.0,2.0,0.01,0.5900000000000001,7.799999999999999,2,275,32,193,0,0.5257982742502133,0.4768874187891252,success
450,2000,8,1,6.0,2.0,0.01,0.5900000000000001,7.999999999999998,2,264,32,204,0,0.5117726545860624,0.47385342439848144,success
451,2000,8,1,6.0,2.0,0.01,0.5900000000000001,8.2,2,260,34,206,0,0.4963414889966096,0.47147405934069253,success
452,2000,8,1,6.0,2.0,0.01,0.5900000000000001,8.399999999999999,2,253,34,213,0,0.48235848930778735,0.47391975666559255,success
453,2000,8,1,6.0,2.0,0.01,0.5900000000000001,8.599999999999998,2,246,33,221,0,0.46907423215452565,0.4726533076955197,success
454,2000,8,1,6.0,2.0,0.01,0.5900000000000001,8.799999999999997,2,239,31,230,0,0.4489642304476896,0.47032503908763923,success
462,2000,8,1,6.0,2.0,0.01,0.6000000000000001,1.2,2,484,15,1,0,1.0,,success
455,2000,8,1,6.0,2.0,0.01,0.5900000000000001,8.999999999999998,2,234,32,234,0,0.4421232938323405,0.4696132319057501,success
461,2000,8,1,6.0,2.0,0.01,0.6000000000000001,1.0,2,490,10,0,0,,,success
463,2000,8,1,6.0,2.0,0.01,0.6000000000000001,1.4,2,475,22,3,0,1.0,0.0,success
456,2000,8,1,6.0,2.0,0.01,0.5900000000000001,9.199999999999998,2,231,33,236,0,0.41868385742017444,0.4645394568690795,success
457,2000,8,1,6.0,2.0,0.01,0.5900000000000001,9.399999999999999,2,219,31,250,0,0.4099202464798241,0.46149332414946526,success
465,2000,8,1,6.0,2.0,0.01,0.6000000000000001,1.7999999999999998,2,469,22,9,0,1.0,0.0,success
466,2000,8,1,6.0,2.0,0.01,0.6000000000000001,1.9999999999999998,2,466,23,11,0,1.0,0.0,success
464,2000,8,1,6.0,2.0,0.01,0.6000000000000001,1.5999999999999999,2,472,23,5,0,1.0,0.0,success
467,2000,8,1,6.0,2.0,0.01,0.6000000000000001,2.1999999999999997,2,455,26,19,0,1.0,0.0,success
460,2000,8,1,6.0,2.0,0.01,0.5900000000000001,9.999999999999998,2,206,32,262,0,0.390092658004399,0.4585099713510669,success
458,2000,8,1,6.0,2.0,0.01,0.5900000000000001,9.599999999999998,2,213,29,258,0,0.40818448342432984,0.46128372643313387,success
468,2000,8,1,6.0,2.0,0.01,0.6000000000000001,2.3999999999999995,2,449,27,24,0,1.0,0.0,success
459,2000,8,1,6.0,2.0,0.01,0.5900000000000001,9.799999999999997,2,216,32,252,0,0.38815297794144027,0.4561267291144024,success
469,2000,8,1,6.0,2.0,0.01,0.6000000000000001,2.5999999999999996,2,446,30,24,0,1.0,0.0,success
472,2000,8,1,6.0,2.0,0.01,0.6000000000000001,3.1999999999999993,2,424,34,42,0,0.9828171692757466,0.0783564941581204,success
470,2000,8,1,6.0,2.0,0.01,0.6000000000000001,2.8,2,438,33,29,0,1.0,0.0,success
471,2000,8,1,6.0,2.0,0.01,0.6000000000000001,2.9999999999999996,2,433,33,34,0,1.0,0.0,success
473,2000,8,1,6.0,2.0,0.01,0.6000000000000001,3.3999999999999995,2,420,36,44,0,0.9845571483020211,0.07291378373819979,success
475,2000,8,1,6.0,2.0,0.01,0.6000000000000001,3.7999999999999994,2,404,35,61,0,0.9679426592454106,0.14401876842907857,success
474,2000,8,1,6.0,2.0,0.01,0.6000000000000001,3.5999999999999996,2,411,37,52,0,0.9888749992440278,0.0568433186423319,success
476,2000,8,1,6.0,2.0,0.01,0.6000000000000001,3.999999999999999,2,399,35,66,0,0.9716353701822611,0.1382057525198205,success
477,2000,8,1,6.0,2.0,0.01,0.6000000000000001,4.199999999999999,2,392,34,74,0,0.9318772724013513,0.232617289753989,success
478,2000,8,1,6.0,2.0,0.01,0.6000000000000001,4.3999999999999995,2,388,36,76,0,0.9340193547167038,0.23056673455262047,success
479,2000,8,1,6.0,2.0,0.01,0.6000000000000001,4.6,2,381,38,81,0,0.9173547087456411,0.24929705917749653,success
480,2000,8,1,6.0,2.0,0.01,0.6000000000000001,4.799999999999999,2,379,35,86,0,0.9299821361750908,0.221742390827815,success
481,2000,8,1,6.0,2.0,0.01,0.6000000000000001,4.999999999999999,2,372,35,93,0,0.9185780735506799,0.2505694088831662,success
482,2000,8,1,6.0,2.0,0.01,0.6000000000000001,5.199999999999999,2,369,36,95,0,0.8867250304312803,0.2947984178545462,success
483,2000,8,1,6.0,2.0,0.01,0.6000000000000001,5.399999999999999,2,359,38,103,0,0.8258691123762889,0.35946753576603546,success
484,2000,8,1,6.0,2.0,0.01,0.6000000000000001,5.599999999999999,2,353,39,108,0,0.8138865667402678,0.3692224416077843,success
485,2000,8,1,6.0,2.0,0.01,0.6000000000000001,5.799999999999999,2,348,41,111,0,0.8190579595403459,0.3661808463049956,success
486,2000,8,1,6.0,2.0,0.01,0.6000000000000001,5.999999999999999,2,340,40,120,0,0.8273645465100509,0.36310541729129586,success
487,2000,8,1,6.0,2.0,0.01,0.6000000000000001,6.199999999999999,2,329,41,130,0,0.774404002462921,0.4015169771613641,success
488,2000,8,1,6.0,2.0,0.01,0.6000000000000001,6.399999999999999,2,327,40,133,0,0.753508162871338,0.4104317169305489,success
489,2000,8,1,6.0,2.0,0.01,0.6000000000000001,6.599999999999999,2,320,37,143,0,0.7079839863245792,0.43706864701149856,success
490,2000,8,1,6.0,2.0,0.01,0.6000000000000001,6.799999999999999,2,309,36,155,0,0.6608116930739415,0.45185652845928836,success
491,2000,8,1,6.0,2.0,0.01,0.6000000000000001,6.999999999999998,2,301,33,166,0,0.6270279223307542,0.4599270922742952,success
492,2000,8,1,6.0,2.0,0.01,0.6000000000000001,7.199999999999998,2,299,33,168,0,0.6008847994906971,0.4656119901082278,success
493,2000,8,1,6.0,2.0,0.01,0.6000000000000001,7.399999999999999,2,288,30,182,0,0.5615971759624281,0.4730713012210247,success
494,2000,8,1,6.0,2.0,0.01,0.6000000000000001,7.599999999999999,2,285,32,183,0,0.5323142080784126,0.47668540584930214,success
495,2000,8,1,6.0,2.0,0.01,0.6000000000000001,7.799999999999999,2,275,32,193,0,0.5257982589123114,0.47688741574200844,success
496,2000,8,1,6.0,2.0,0.01,0.6000000000000001,7.999999999999998,2,264,32,204,0,0.5117726545860624,0.47385342439848144,success
497,2000,8,1,6.0,2.0,0.01,0.6000000000000001,8.2,2,260,34,206,0,0.4963414889966096,0.47147405934069253,success
498,2000,8,1,6.0,2.0,0.01,0.6000000000000001,8.399999999999999,2,253,34,213,0,0.4822627758059243,0.4738594064341159,success
499,2000,8,1,6.0,2.0,0.01,0.6000000000000001,8.599999999999998,2,246,33,221,0,0.46907600334784105,0.47265484008178843,success
500,2000,8,1,6.0,2.0,0.01,0.6000000000000001,8.799999999999997,2,239,31,230,0,0.4489640308450002,0.470324916127916,success
508,2000,8,1,6.0,2.0,0.01,0.6100000000000001,1.2,2,484,15,1,0,1.0,,success
507,2000,8,1,6.0,2.0,0.01,0.6100000000000001,1.0,2,490,10,0,0,,,success
501,2000,8,1,6.0,2.0,0.01,0.6000000000000001,8.999999999999998,2,234,32,234,0,0.44212347909231353,0.4696133490064446,success
502,2000,8,1,6.0,2.0,0.01,0.6000000000000001,9.199999999999998,2,231,33,236,0,0.41868385742017444,0.4645394568690795,success
504,2000,8,1,6.0,2.0,0.01,0.6000000000000001,9.599999999999998,2,213,29,258,0,0.4082161201609145,0.4613184364362412,success
503,2000,8,1,6.0,2.0,0.01,0.6000000000000001,9.399999999999999,2,219,31,250,0,0.40992024861264825,0.4614933251151613,success
509,2000,8,1,6.0,2.0,0.01,0.6100000000000001,1.4,2,475,22,3,0,1.0,0.0,success
510,2000,8,1,6.0,2.0,0.01,0.6100000000000001,1.5999999999999999,2,472,23,5,0,1.0,0.0,success
505,2000,8,1,6.0,2.0,0.01,0.6000000000000001,9.799999999999997,2,216,32,252,0,0.3881486872565976,0.4561226416934671,success
506,2000,8,1,6.0,2.0,0.01,0.6000000000000001,9.999999999999998,2,206,32,262,0,0.390090263706223,0.45850788299315026,success
511,2000,8,1,6.0,2.0,0.01,0.6100000000000001,1.7999999999999998,2,469,22,9,0,1.0,0.0,success
512,2000,8,1,6.0,2.0,0.01,0.6100000000000001,1.9999999999999998,2,466,23,11,0,1.0,0.0,success
513,2000,8,1,6.0,2.0,0.01,0.6100000000000001,2.1999999999999997,2,455,26,19,0,1.0,0.0,success
514,2000,8,1,6.0,2.0,0.01,0.6100000000000001,2.3999999999999995,2,449,27,24,0,1.0,0.0,success
515,2000,8,1,6.0,2.0,0.01,0.6100000000000001,2.5999999999999996,2,446,30,24,0,1.0,0.0,success
516,2000,8,1,6.0,2.0,0.01,0.6100000000000001,2.8,2,438,33,29,0,1.0,0.0,success
517,2000,8,1,6.0,2.0,0.01,0.6100000000000001,2.9999999999999996,2,433,33,34,0,1.0,0.0,success
518,2000,8,1,6.0,2.0,0.01,0.6100000000000001,3.1999999999999993,2,424,34,42,0,0.9828171692757466,0.0783564941581204,success
519,2000,8,1,6.0,2.0,0.01,0.6100000000000001,3.3999999999999995,2,420,36,44,0,0.9845571483020211,0.07291378373819979,success
520,2000,8,1,6.0,2.0,0.01,0.6100000000000001,3.5999999999999996,2,411,37,52,0,0.9888749992440278,0.0568433186423319,success
521,2000,8,1,6.0,2.0,0.01,0.6100000000000001,3.7999999999999994,2,404,35,61,0,0.9679426592454106,0.14401876842907857,success
522,2000,8,1,6.0,2.0,0.01,0.6100000000000001,3.999999999999999,2,399,35,66,0,0.9716353701822611,0.1382057525198205,success
523,2000,8,1,6.0,2.0,0.01,0.6100000000000001,4.199999999999999,2,392,34,74,0,0.9318772724013513,0.232617289753989,success
524,2000,8,1,6.0,2.0,0.01,0.6100000000000001,4.3999999999999995,2,388,36,76,0,0.9340193547167038,0.23056673455262047,success
525,2000,8,1,6.0,2.0,0.01,0.6100000000000001,4.6,2,381,38,81,0,0.9173547087456411,0.24929705917749653,success
526,2000,8,1,6.0,2.0,0.01,0.6100000000000001,4.799999999999999,2,379,35,86,0,0.9299821361750908,0.221742390827815,success
527,2000,8,1,6.0,2.0,0.01,0.6100000000000001,4.999999999999999,2,372,35,93,0,0.9185780735506799,0.2505694088831662,success
528,2000,8,1,6.0,2.0,0.01,0.6100000000000001,5.199999999999999,2,369,36,95,0,0.8867250304312803,0.2947984178545462,success
529,2000,8,1,6.0,2.0,0.01,0.6100000000000001,5.399999999999999,2,359,38,103,0,0.8258691123762889,0.35946753576603546,success
530,2000,8,1,6.0,2.0,0.01,0.6100000000000001,5.599999999999999,2,353,39,108,0,0.8138865667402678,0.3692224416077843,success
531,2000,8,1,6.0,2.0,0.01,0.6100000000000001,5.799999999999999,2,348,41,111,0,0.8190579595403459,0.3661808463049956,success
532,2000,8,1,6.0,2.0,0.01,0.6100000000000001,5.999999999999999,2,340,40,120,0,0.8273645465100509,0.36310541729129586,success
533,2000,8,1,6.0,2.0,0.01,0.6100000000000001,6.199999999999999,2,329,41,130,0,0.774404002462921,0.4015169771613641,success
534,2000,8,1,6.0,2.0,0.01,0.6100000000000001,6.399999999999999,2,327,40,133,0,0.753508162871338,0.4104317169305489,success
535,2000,8,1,6.0,2.0,0.01,0.6100000000000001,6.599999999999999,2,320,37,143,0,0.7079839863245792,0.43706864701149856,success
536,2000,8,1,6.0,2.0,0.01,0.6100000000000001,6.799999999999999,2,308,36,156,0,0.6607218965667889,0.4503979645950118,success
537,2000,8,1,6.0,2.0,0.01,0.6100000000000001,6.999999999999998,2,301,33,166,0,0.6270279223307542,0.4599270922742952,success
538,2000,8,1,6.0,2.0,0.01,0.6100000000000001,7.199999999999998,2,298,33,169,0,0.6011925018297065,0.46424140570682454,success
539,2000,8,1,6.0,2.0,0.01,0.6100000000000001,7.399999999999999,2,287,30,183,0,0.5620874326336358,0.4718164786493442,success
540,2000,8,1,6.0,2.0,0.01,0.6100000000000001,7.599999999999999,2,284,32,184,0,0.532966418646022,0.4754635184978564,success
541,2000,8,1,6.0,2.0,0.01,0.6100000000000001,7.799999999999999,2,274,32,194,0,0.526796746093929,0.47585362294165173,success
542,2000,8,1,6.0,2.0,0.01,0.6100000000000001,7.999999999999998,2,263,32,205,0,0.5141542513929597,0.4739189346291148,success
543,2000,8,1,6.0,2.0,0.01,0.6100000000000001,8.2,2,259,34,207,0,0.4972490105351015,0.47050951735567714,success
544,2000,8,1,6.0,2.0,0.01,0.6100000000000001,8.399999999999999,2,252,34,214,0,0.48320467199956313,0.4729464943968972,success
545,2000,8,1,6.0,2.0,0.01,0.6100000000000001,8.599999999999998,2,245,33,222,0,0.4699635230804021,0.47175801273262546,success
546,2000,8,1,6.0,2.0,0.01,0.6100000000000001,8.799999999999997,2,239,31,230,0,0.448944965700229,0.4703089596247814,success
547,2000,8,1,6.0,2.0,0.01,0.6100000000000001,8.999999999999998,2,234,32,234,0,0.442101765048283,0.4695956621541552,success
553,2000,8,1,6.0,2.0,0.01,0.6200000000000001,1.0,2,490,10,0,0,,,success
554,2000,8,1,6.0,2.0,0.01,0.6200000000000001,1.2,2,484,15,1,0,1.0,,success
548,2000,8,1,6.0,2.0,0.01,0.6100000000000001,9.199999999999998,2,230,33,237,0,0.4198902657558604,0.463920597440072,success
555,2000,8,1,6.0,2.0,0.01,0.6200000000000001,1.4,2,475,22,3,0,1.0,0.0,success
556,2000,8,1,6.0,2.0,0.01,0.6200000000000001,1.5999999999999999,2,472,23,5,0,1.0,0.0,success
549,2000,8,1,6.0,2.0,0.01,0.6100000000000001,9.399999999999999,2,218,31,251,0,0.41105637385464766,0.4608992302434575,success
557,2000,8,1,6.0,2.0,0.01,0.6200000000000001,1.7999999999999998,2,469,22,9,0,1.0,0.0,success
558,2000,8,1,6.0,2.0,0.01,0.6200000000000001,1.9999999999999998,2,466,23,11,0,1.0,0.0,success
550,2000,8,1,6.0,2.0,0.01,0.6100000000000001,9.599999999999998,2,212,29,259,0,0.40901746081545226,0.4604725873270003,success
559,2000,8,1,6.0,2.0,0.01,0.6200000000000001,2.1999999999999997,2,455,26,19,0,1.0,0.0,success
561,2000,8,1,6.0,2.0,0.01,0.6200000000000001,2.5999999999999996,2,446,30,24,0,1.0,0.0,success
552,2000,8,1,6.0,2.0,0.01,0.6100000000000001,9.999999999999998,2,205,32,263,0,0.3914127767553706,0.45813168410958177,success
551,2000,8,1,6.0,2.0,0.01,0.6100000000000001,9.799999999999997,2,216,32,252,0,0.3881592097800332,0.45613230929963794,success
560,2000,8,1,6.0,2.0,0.01,0.6200000000000001,2.3999999999999995,2,449,27,24,0,1.0,0.0,success
562,2000,8,1,6.0,2.0,0.01,0.6200000000000001,2.8,2,438,33,29,0,1.0,0.0,success
563,2000,8,1,6.0,2.0,0.01,0.6200000000000001,2.9999999999999996,2,433,33,34,0,1.0,0.0,success
565,2000,8,1,6.0,2.0,0.01,0.6200000000000001,3.3999999999999995,2,420,36,44,0,0.9845571483020211,0.07291378373819979,success
564,2000,8,1,6.0,2.0,0.01,0.6200000000000001,3.1999999999999993,2,424,34,42,0,0.9828171692757466,0.0783564941581204,success
566,2000,8,1,6.0,2.0,0.01,0.6200000000000001,3.5999999999999996,2,411,37,52,0,0.9888749992440278,0.0568433186423319,success
567,2000,8,1,6.0,2.0,0.01,0.6200000000000001,3.7999999999999994,2,404,35,61,0,0.9679426592454106,0.14401876842907857,success
568,2000,8,1,6.0,2.0,0.01,0.6200000000000001,3.999999999999999,2,399,35,66,0,0.9716353701822611,0.1382057525198205,success
569,2000,8,1,6.0,2.0,0.01,0.6200000000000001,4.199999999999999,2,392,34,74,0,0.9318772724013513,0.232617289753989,success
570,2000,8,1,6.0,2.0,0.01,0.6200000000000001,4.3999999999999995,2,388,36,76,0,0.9340193547167038,0.23056673455262047,success
571,2000,8,1,6.0,2.0,0.01,0.6200000000000001,4.6,2,381,38,81,0,0.9173547087456411,0.24929705917749653,success
572,2000,8,1,6.0,2.0,0.01,0.6200000000000001,4.799999999999999,2,379,35,86,0,0.9299821361750908,0.221742390827815,success
573,2000,8,1,6.0,2.0,0.01,0.6200000000000001,4.999999999999999,2,372,35,93,0,0.9185780735506799,0.2505694088831662,success
574,2000,8,1,6.0,2.0,0.01,0.6200000000000001,5.199999999999999,2,369,36,95,0,0.8867250304312803,0.2947984178545462,success
575,2000,8,1,6.0,2.0,0.01,0.6200000000000001,5.399999999999999,2,359,38,103,0,0.8258691123762889,0.35946753576603546,success
576,2000,8,1,6.0,2.0,0.01,0.6200000000000001,5.599999999999999,2,353,39,108,0,0.8138865667402678,0.3692224416077843,success
577,2000,8,1,6.0,2.0,0.01,0.6200000000000001,5.799999999999999,2,348,41,111,0,0.8190579595403459,0.3661808463049956,success
578,2000,8,1,6.0,2.0,0.01,0.6200000000000001,5.999999999999999,2,340,40,120,0,0.8273645465100509,0.36310541729129586,success
579,2000,8,1,6.0,2.0,0.01,0.6200000000000001,6.199999999999999,2,329,41,130,0,0.774404002462921,0.4015169771613641,success
580,2000,8,1,6.0,2.0,0.01,0.6200000000000001,6.399999999999999,2,327,40,133,0,0.7537416992378727,0.41047609896517295,success
581,2000,8,1,6.0,2.0,0.01,0.6200000000000001,6.599999999999999,2,320,37,143,0,0.7082138854234342,0.4371296893852486,success
582,2000,8,1,6.0,2.0,0.01,0.6200000000000001,6.799999999999999,2,308,36,156,0,0.6606364799172423,0.45037865547197614,success
583,2000,8,1,6.0,2.0,0.01,0.6200000000000001,6.999999999999998,2,302,33,165,0,0.6307543624255764,0.4587382961385318,success
584,2000,8,1,6.0,2.0,0.01,0.6200000000000001,7.199999999999998,2,299,33,168,0,0.6046986160865199,0.4633131444857003,success
585,2000,8,1,6.0,2.0,0.01,0.6200000000000001,7.399999999999999,2,288,30,182,0,0.5651610336472705,0.4713075867783023,success
586,2000,8,1,6.0,2.0,0.01,0.6200000000000001,7.599999999999999,2,285,32,183,0,0.5358578946074625,0.47515991368495764,success
587,2000,8,1,6.0,2.0,0.01,0.6200000000000001,7.799999999999999,2,275,32,193,0,0.529675608688756,0.47570224385994275,success
588,2000,8,1,6.0,2.0,0.01,0.6200000000000001,7.999999999999998,2,264,32,204,0,0.5168047556399107,0.47382161874578044,success
590,2000,8,1,6.0,2.0,0.01,0.6200000000000001,8.399999999999999,2,253,34,213,0,0.48558588239311273,0.4730025111192752,success
589,2000,8,1,6.0,2.0,0.01,0.6200000000000001,8.2,2,260,34,206,0,0.4997890788815314,0.47048744802080095,success
591,2000,8,1,6.0,2.0,0.01,0.6200000000000001,8.599999999999998,2,246,33,221,0,0.4722012623186167,0.4718731655707096,success
592,2000,8,1,6.0,2.0,0.01,0.6200000000000001,8.799999999999997,2,240,31,229,0,0.451116932186874,0.4705880414579608,success
593,2000,8,1,6.0,2.0,0.01,0.6200000000000001,8.999999999999998,2,235,32,233,0,0.44423389166542837,0.46991760129528276,success
599,2000,8,1,6.0,2.0,0.01,0.6300000000000001,1.0,2,490,10,0,0,,,success
600,2000,8,1,6.0,2.0,0.01,0.6300000000000001,1.2,2,484,15,1,0,1.0,,success
601,2000,8,1,6.0,2.0,0.01,0.6300000000000001,1.4,2,475,22,3,0,1.0,0.0,success
594,2000,8,1,6.0,2.0,0.01,0.6200000000000001,9.199999999999998,2,230,33,237,0,0.4243401009683434,0.4648515604506281,success
602,2000,8,1,6.0,2.0,0.01,0.6300000000000001,1.5999999999999999,2,472,23,5,0,1.0,0.0,success
595,2000,8,1,6.0,2.0,0.01,0.6200000000000001,9.399999999999999,2,218,31,251,0,0.41524255207637534,0.4618529323891465,success
596,2000,8,1,6.0,2.0,0.01,0.6200000000000001,9.599999999999998,2,212,29,259,0,0.413067750425113,0.46141055455104363,success
597,2000,8,1,6.0,2.0,0.01,0.6200000000000001,9.799999999999997,2,217,32,251,0,0.38991659005767354,0.45660380405543677,success
603,2000,8,1,6.0,2.0,0.01,0.6300000000000001,1.7999999999999998,2,469,22,9,0,1.0,0.0,success
604,2000,8,1,6.0,2.0,0.01,0.6300000000000001,1.9999999999999998,2,466,23,11,0,1.0,0.0,success
605,2000,8,1,6.0,2.0,0.01,0.6300000000000001,2.1999999999999997,2,455,26,19,0,1.0,0.0,success
606,2000,8,1,6.0,2.0,0.01,0.6300000000000001,2.3999999999999995,2,448,27,25,0,1.0,0.0,success
598,2000,8,1,6.0,2.0,0.01,0.6200000000000001,9.999999999999998,2,206,32,262,0,0.393051643709113,0.45852461381701987,success
607,2000,8,1,6.0,2.0,0.01,0.6300000000000001,2.5999999999999996,2,445,30,25,0,1.0,0.0,success
608,2000,8,1,6.0,2.0,0.01,0.6300000000000001,2.8,2,437,33,30,0,1.0,0.0,success
609,2000,8,1,6.0,2.0,0.01,0.6300000000000001,2.9999999999999996,2,433,33,34,0,1.0,0.0,success
610,2000,8,1,6.0,2.0,0.01,0.6300000000000001,3.1999999999999993,2,424,34,42,0,0.9828171692757466,0.0783564941581204,success
611,2000,8,1,6.0,2.0,0.01,0.6300000000000001,3.3999999999999995,2,420,36,44,0,0.9845571483020211,0.07291378373819979,success
612,2000,8,1,6.0,2.0,0.01,0.6300000000000001,3.5999999999999996,2,411,37,52,0,0.9888749992440278,0.0568433186423319,success
613,2000,8,1,6.0,2.0,0.01,0.6300000000000001,3.7999999999999994,2,404,35,61,0,0.9679426592454106,0.14401876842907857,success
614,2000,8,1,6.0,2.0,0.01,0.6300000000000001,3.999999999999999,2,400,35,65,0,0.9711989912619883,0.13923546950505794,success
615,2000,8,1,6.0,2.0,0.01,0.6300000000000001,4.199999999999999,2,393,34,73,0,0.9309440843520548,0.23408760164677142,success
616,2000,8,1,6.0,2.0,0.01,0.6300000000000001,4.3999999999999995,2,389,36,75,0,0.9331396127795935,0.23199094051733474,success
617,2000,8,1,6.0,2.0,0.01,0.6300000000000001,4.6,2,382,38,80,0,0.9163216426049617,0.25069539424470805,success
618,2000,8,1,6.0,2.0,0.01,0.6300000000000001,4.799999999999999,2,380,35,85,0,0.9291583966006801,0.22292597780944762,success
620,2000,8,1,6.0,2.0,0.01,0.6300000000000001,5.199999999999999,2,370,36,94,0,0.8855199775635278,0.2961437886894611,success
619,2000,8,1,6.0,2.0,0.01,0.6300000000000001,4.999999999999999,2,373,35,92,0,0.9176930526110133,0.2517962076551277,success
621,2000,8,1,6.0,2.0,0.01,0.6300000000000001,5.399999999999999,2,360,39,101,0,0.8224209759877006,0.3621916724520427,success
623,2000,8,1,6.0,2.0,0.01,0.6300000000000001,5.799999999999999,2,349,41,110,0,0.8174130318998037,0.3674445309633476,success
622,2000,8,1,6.0,2.0,0.01,0.6300000000000001,5.599999999999999,2,354,39,107,0,0.8121471888593358,0.3705151396947506,success
624,2000,8,1,6.0,2.0,0.01,0.6300000000000001,5.999999999999999,2,341,40,119,0,0.8259138284134966,0.3642913517668483,success
625,2000,8,1,6.0,2.0,0.01,0.6300000000000001,6.199999999999999,2,330,41,129,0,0.7711961115578139,0.40209540156073,success
626,2000,8,1,6.0,2.0,0.01,0.6300000000000001,6.399999999999999,2,328,40,132,0,0.7530384345300754,0.41195938438400587,success
627,2000,8,1,6.0,2.0,0.01,0.6300000000000001,6.599999999999999,2,321,37,142,0,0.7072873432577027,0.4385361171785451,success
628,2000,8,1,6.0,2.0,0.01,0.6300000000000001,6.799999999999999,2,309,36,155,0,0.6594806967363388,0.4516063981126564,success
629,2000,8,1,6.0,2.0,0.01,0.6300000000000001,6.999999999999998,2,303,33,164,0,0.629502396758063,0.45986048071198093,success
630,2000,8,1,6.0,2.0,0.01,0.6300000000000001,7.199999999999998,2,300,32,168,0,0.6056743498252236,0.46397547988893045,success
631,2000,8,1,6.0,2.0,0.01,0.6300000000000001,7.399999999999999,2,288,30,182,0,0.5654704577870286,0.47150487656384743,success
632,2000,8,1,6.0,2.0,0.01,0.6300000000000001,7.599999999999999,2,285,32,183,0,0.5361656279049268,0.4753736041727657,success
633,2000,8,1,6.0,2.0,0.01,0.6300000000000001,7.799999999999999,2,276,32,192,0,0.5275193830389328,0.4759326487256002,success
634,2000,8,1,6.0,2.0,0.01,0.6300000000000001,7.999999999999998,2,265,32,203,0,0.514652894690152,0.47388390127818736,success
635,2000,8,1,6.0,2.0,0.01,0.6300000000000001,8.2,2,261,34,205,0,0.4979047030107101,0.4707608028830864,success
637,2000,8,1,6.0,2.0,0.01,0.6300000000000001,8.599999999999998,2,247,33,220,0,0.470025163199618,0.47176502047153,success
636,2000,8,1,6.0,2.0,0.01,0.6300000000000001,8.399999999999999,2,254,34,212,0,0.48340033460490506,0.47296580146815115,success
638,2000,8,1,6.0,2.0,0.01,0.6300000000000001,8.799999999999997,2,240,31,229,0,0.45165463251592813,0.4710819757579204,success
639,2000,8,1,6.0,2.0,0.01,0.6300000000000001,8.999999999999998,2,236,32,232,0,0.44260617620695086,0.4702749154355111,success
640,2000,8,1,6.0,2.0,0.01,0.6300000000000001,9.199999999999998,2,231,33,236,0,0.42266354225972397,0.465121375905978,success
641,2000,8,1,6.0,2.0,0.01,0.6300000000000001,9.399999999999999,2,218,31,251,0,0.41556549314245544,0.4621650512977225,success
642,2000,8,1,6.0,2.0,0.01,0.6300000000000001,9.599999999999998,2,212,29,259,0,0.41333194349288627,0.46167051374018414,success
645,2000,8,1,6.0,2.0,0.01,0.6400000000000001,1.0,2,490,10,0,0,,,success
646,2000,8,1,6.0,2.0,0.01,0.6400000000000001,1.2,2,484,15,1,0,1.0,,success
647,2000,8,1,6.0,2.0,0.01,0.6400000000000001,1.4,2,475,22,3,0,1.0,0.0,success
648,2000,8,1,6.0,2.0,0.01,0.6400000000000001,1.5999999999999999,2,472,23,5,0,1.0,0.0,success
649,2000,8,1,6.0,2.0,0.01,0.6400000000000001,1.7999999999999998,2,469,22,9,0,1.0,0.0,success
650,2000,8,1,6.0,2.0,0.01,0.6400000000000001,1.9999999999999998,2,466,23,11,0,1.0,0.0,success
643,2000,8,1,6.0,2.0,0.01,0.6300000000000001,9.799999999999997,2,217,32,251,0,0.39024390898701444,0.45694476208924356,success
651,2000,8,1,6.0,2.0,0.01,0.6400000000000001,2.1999999999999997,2,455,26,19,0,1.0,0.0,success
653,2000,8,1,6.0,2.0,0.01,0.6400000000000001,2.5999999999999996,2,445,30,25,0,1.0,0.0,success
652,2000,8,1,6.0,2.0,0.01,0.6400000000000001,2.3999999999999995,2,448,27,25,0,1.0,0.0,success
654,2000,8,1,6.0,2.0,0.01,0.6400000000000001,2.8,2,437,33,30,0,1.0,0.0,success
656,2000,8,1,6.0,2.0,0.01,0.6400000000000001,3.1999999999999993,2,424,34,42,0,0.9828171692757466,0.0783564941581204,success
655,2000,8,1,6.0,2.0,0.01,0.6400000000000001,2.9999999999999996,2,433,33,34,0,1.0,0.0,success
644,2000,8,1,6.0,2.0,0.01,0.6300000000000001,9.999999999999998,2,206,32,262,0,0.3932837826537907,0.4587516799638209,success
657,2000,8,1,6.0,2.0,0.01,0.6400000000000001,3.3999999999999995,2,420,36,44,0,0.9845571483020211,0.07291378373819979,success
659,2000,8,1,6.0,2.0,0.01,0.6400000000000001,3.7999999999999994,2,404,35,61,0,0.9679426592454106,0.14401876842907857,success
658,2000,8,1,6.0,2.0,0.01,0.6400000000000001,3.5999999999999996,2,411,37,52,0,0.9888749992440278,0.0568433186423319,success
660,2000,8,1,6.0,2.0,0.01,0.6400000000000001,3.999999999999999,2,400,35,65,0,0.9711989912619883,0.13923546950505794,success
661,2000,8,1,6.0,2.0,0.01,0.6400000000000001,4.199999999999999,2,393,34,73,0,0.9309440843520548,0.23408760164677142,success
662,2000,8,1,6.0,2.0,0.01,0.6400000000000001,4.3999999999999995,2,389,36,75,0,0.9331396127795935,0.23199094051733474,success
663,2000,8,1,6.0,2.0,0.01,0.6400000000000001,4.6,2,382,38,80,0,0.9163216426049617,0.25069539424470805,success
664,2000,8,1,6.0,2.0,0.01,0.6400000000000001,4.799999999999999,2,380,35,85,0,0.9291583966006801,0.22292597780944762,success
665,2000,8,1,6.0,2.0,0.01,0.6400000000000001,4.999999999999999,2,373,35,92,0,0.9176930526110133,0.2517962076551277,success
666,2000,8,1,6.0,2.0,0.01,0.6400000000000001,5.199999999999999,2,370,36,94,0,0.8855199775635278,0.2961437886894611,success
667,2000,8,1,6.0,2.0,0.01,0.6400000000000001,5.399999999999999,2,360,39,101,0,0.8224209759877006,0.3621916724520427,success
668,2000,8,1,6.0,2.0,0.01,0.6400000000000001,5.599999999999999,2,354,39,107,0,0.8121471888593358,0.3705151396947506,success
669,2000,8,1,6.0,2.0,0.01,0.6400000000000001,5.799999999999999,2,349,41,110,0,0.8174130318998037,0.3674445309633476,success
670,2000,8,1,6.0,2.0,0.01,0.6400000000000001,5.999999999999999,2,341,40,119,0,0.8259138284134966,0.3642913517668483,success
671,2000,8,1,6.0,2.0,0.01,0.6400000000000001,6.199999999999999,2,330,41,129,0,0.7711961115578139,0.40209540156073,success
672,2000,8,1,6.0,2.0,0.01,0.6400000000000001,6.399999999999999,2,328,40,132,0,0.7530384345300754,0.41195938438400587,success
673,2000,8,1,6.0,2.0,0.01,0.6400000000000001,6.599999999999999,2,321,37,142,0,0.7072873432577027,0.4385361171785451,success
674,2000,8,1,6.0,2.0,0.01,0.6400000000000001,6.799999999999999,2,309,36,155,0,0.6594202717274634,0.45157728468155717,success
676,2000,8,1,6.0,2.0,0.01,0.6400000000000001,7.199999999999998,2,300,32,168,0,0.6056743498252236,0.46397547988893045,success
675,2000,8,1,6.0,2.0,0.01,0.6400000000000001,6.999999999999998,2,303,33,164,0,0.6291827188385588,0.45964969778726056,success
677,2000,8,1,6.0,2.0,0.01,0.6400000000000001,7.399999999999999,2,288,30,182,0,0.5654704577870286,0.47150487656384743,success
678,2000,8,1,6.0,2.0,0.01,0.6400000000000001,7.599999999999999,2,285,32,183,0,0.5361656279049268,0.4753736041727657,success
679,2000,8,1,6.0,2.0,0.01,0.6400000000000001,7.799999999999999,2,276,32,192,0,0.5275193830753834,0.4759326487327249,success
680,2000,8,1,6.0,2.0,0.01,0.6400000000000001,7.999999999999998,2,265,32,203,0,0.514652894690152,0.47388390127818736,success
683,2000,8,1,6.0,2.0,0.01,0.6400000000000001,8.599999999999998,2,247,33,220,0,0.4700264058246071,0.4717653914128462,success
681,2000,8,1,6.0,2.0,0.01,0.6400000000000001,8.2,2,261,34,205,0,0.49790470336087445,0.4707608029747955,success
682,2000,8,1,6.0,2.0,0.01,0.6400000000000001,8.399999999999999,2,254,34,212,0,0.48340033419215755,0.47296580134720073,success
684,2000,8,1,6.0,2.0,0.01,0.6400000000000001,8.799999999999997,2,240,31,229,0,0.4516517850623593,0.4710802428014781,success
691,2000,8,1,6.0,2.0,0.01,0.6500000000000001,1.0,2,490,10,0,0,,,success
685,2000,8,1,6.0,2.0,0.01,0.6400000000000001,8.999999999999998,2,236,32,232,0,0.44260617620695086,0.4702749154355111,success
692,2000,8,1,6.0,2.0,0.01,0.6500000000000001,1.2,2,484,15,1,0,1.0,,success
686,2000,8,1,6.0,2.0,0.01,0.6400000000000001,9.199999999999998,2,231,33,236,0,0.4226634919713847,0.46512135469806476,success
687,2000,8,1,6.0,2.0,0.01,0.6400000000000001,9.399999999999999,2,218,31,251,0,0.4155653308620087,0.4621650766205235,success
688,2000,8,1,6.0,2.0,0.01,0.6400000000000001,9.599999999999998,2,211,29,260,0,0.41558831730131146,0.46221267491292267,success
693,2000,8,1,6.0,2.0,0.01,0.6500000000000001,1.4,2,475,22,3,0,1.0,0.0,success
694,2000,8,1,6.0,2.0,0.01,0.6500000000000001,1.5999999999999999,2,472,23,5,0,1.0,0.0,success
696,2000,8,1,6.0,2.0,0.01,0.6500000000000001,1.9999999999999998,2,466,23,11,0,1.0,0.0,success
695,2000,8,1,6.0,2.0,0.01,0.6500000000000001,1.7999999999999998,2,469,22,9,0,1.0,0.0,success
689,2000,8,1,6.0,2.0,0.01,0.6400000000000001,9.799999999999997,2,216,32,252,0,0.3926767104233585,0.457661291846051,success
697,2000,8,1,6.0,2.0,0.01,0.6500000000000001,2.1999999999999997,2,455,26,19,0,1.0,0.0,success
698,2000,8,1,6.0,2.0,0.01,0.6500000000000001,2.3999999999999995,2,448,27,25,0,1.0,0.0,success
690,2000,8,1,6.0,2.0,0.01,0.6400000000000001,9.999999999999998,2,205,32,263,0,0.395587679603852,0.4593986450400708,success
700,2000,8,1,6.0,2.0,0.01,0.6500000000000001,2.8,2,437,33,30,0,1.0,0.0,success
699,2000,8,1,6.0,2.0,0.01,0.6500000000000001,2.5999999999999996,2,445,30,25,0,1.0,0.0,success
701,2000,8,1,6.0,2.0,0.01,0.6500000000000001,2.9999999999999996,2,433,33,34,0,1.0,0.0,success
702,2000,8,1,6.0,2.0,0.01,0.6500000000000001,3.1999999999999993,2,424,34,42,0,0.9828171692757466,0.0783564941581204,success
703,2000,8,1,6.0,2.0,0.01,0.6500000000000001,3.3999999999999995,2,420,36,44,0,0.9845571483020211,0.07291378373819979,success
704,2000,8,1,6.0,2.0,0.01,0.6500000000000001,3.5999999999999996,2,411,37,52,0,0.9888749992440278,0.0568433186423319,success
705,2000,8,1,6.0,2.0,0.01,0.6500000000000001,3.7999999999999994,2,404,35,61,0,0.9679426592454106,0.14401876842907857,success
706,2000,8,1,6.0,2.0,0.01,0.6500000000000001,3.999999999999999,2,400,36,64,0,0.9707489755004568,0.14028851014501506,success
707,2000,8,1,6.0,2.0,0.01,0.6500000000000001,4.199999999999999,2,393,35,72,0,0.9299849744124999,0.23558585725743159,success
708,2000,8,1,6.0,2.0,0.01,0.6500000000000001,4.3999999999999995,2,389,37,74,0,0.9322360940333717,0.2334416186052604,success
710,2000,8,1,6.0,2.0,0.01,0.6500000000000001,4.799999999999999,2,380,35,85,0,0.9291583966006801,0.22292597780944762,success
709,2000,8,1,6.0,2.0,0.01,0.6500000000000001,4.6,2,382,39,79,0,0.9152624228911005,0.2521170763265055,success
711,2000,8,1,6.0,2.0,0.01,0.6500000000000001,4.999999999999999,2,373,35,92,0,0.9176930526110133,0.2517962076551277,success
712,2000,8,1,6.0,2.0,0.01,0.6500000000000001,5.199999999999999,2,370,36,94,0,0.8855199775635278,0.2961437886894611,success
713,2000,8,1,6.0,2.0,0.01,0.6500000000000001,5.399999999999999,2,361,39,100,0,0.8206451857475776,0.36357416408879767,success
715,2000,8,1,6.0,2.0,0.01,0.6500000000000001,5.799999999999999,2,349,40,111,0,0.8190579595403459,0.3661808463049956,success
714,2000,8,1,6.0,2.0,0.01,0.6500000000000001,5.599999999999999,2,354,38,108,0,0.813886566740268,0.3692224416077842,success
716,2000,8,1,6.0,2.0,0.01,0.6500000000000001,5.999999999999999,2,341,40,119,0,0.8270160163326135,0.36462059576933936,success
717,2000,8,1,6.0,2.0,0.01,0.6500000000000001,6.199999999999999,2,330,41,129,0,0.7722128585529684,0.402509847848118,success
718,2000,8,1,6.0,2.0,0.01,0.6500000000000001,6.399999999999999,2,328,40,132,0,0.7530384345300754,0.41195938438400587,success
719,2000,8,1,6.0,2.0,0.01,0.6500000000000001,6.599999999999999,2,321,37,142,0,0.7072873432577027,0.4385361171785451,success
720,2000,8,1,6.0,2.0,0.01,0.6500000000000001,6.799999999999999,2,309,36,155,0,0.6594202717274634,0.45157728468155717,success
721,2000,8,1,6.0,2.0,0.01,0.6500000000000001,6.999999999999998,2,303,33,164,0,0.6291827188385588,0.45964969778726056,success
722,2000,8,1,6.0,2.0,0.01,0.6500000000000001,7.199999999999998,2,300,32,168,0,0.6047350129059692,0.4633316696687594,success
723,2000,8,1,6.0,2.0,0.01,0.6500000000000001,7.399999999999999,2,288,29,183,0,0.5670181061545381,0.4706736150541226,success
725,2000,8,1,6.0,2.0,0.01,0.6500000000000001,7.799999999999999,2,276,31,193,0,0.5289726897972908,0.47512704676405865,success
724,2000,8,1,6.0,2.0,0.01,0.6500000000000001,7.599999999999999,2,285,31,184,0,0.5379734794665406,0.47472037310441206,success
726,2000,8,1,6.0,2.0,0.01,0.6500000000000001,7.999999999999998,2,265,32,203,0,0.5141063370712686,0.47346427615423536,success
727,2000,8,1,6.0,2.0,0.01,0.6500000000000001,8.2,2,261,34,205,0,0.4979344314870715,0.470789498815052,success
728,2000,8,1,6.0,2.0,0.01,0.6500000000000001,8.399999999999999,2,254,34,212,0,0.48340033419215755,0.47296580134720073,success
730,2000,8,1,6.0,2.0,0.01,0.6500000000000001,8.799999999999997,2,240,31,229,0,0.4516517850623593,0.4710802428014781,success
729,2000,8,1,6.0,2.0,0.01,0.6500000000000001,8.599999999999998,2,247,33,220,0,0.4700265903822768,0.4717655419379137,success
731,2000,8,1,6.0,2.0,0.01,0.6500000000000001,8.999999999999998,2,236,32,232,0,0.44260617620695086,0.4702749154355111,success
732,2000,8,1,6.0,2.0,0.01,0.6500000000000001,9.199999999999998,2,231,33,236,0,0.4226634956797892,0.4651213569889581,success
733,2000,8,1,6.0,2.0,0.01,0.6500000000000001,9.399999999999999,2,218,31,251,0,0.4155578004449369,0.4621591882421597,success
734,2000,8,1,6.0,2.0,0.01,0.6500000000000001,9.599999999999998,2,211,29,260,0,0.4155868166572094,0.4622111449302932,success
735,2000,8,1,6.0,2.0,0.01,0.6500000000000001,9.799999999999997,2,216,32,252,0,0.3926756417825674,0.45766026066017695,success
736,2000,8,1,6.0,2.0,0.01,0.6500000000000001,9.999999999999998,2,207,32,261,0,0.3909522424344826,0.458078351033789,success
737,2000,8,1,6.0,2.0,0.01,0.6600000000000001,1.0,2,490,10,0,0,,,success
738,2000,8,1,6.0,2.0,0.01,0.6600000000000001,1.2,2,484,15,1,0,1.0,,success
739,2000,8,1,6.0,2.0,0.01,0.6600000000000001,1.4,2,475,22,3,0,1.0,0.0,success
740,2000,8,1,6.0,2.0,0.01,0.6600000000000001,1.5999999999999999,2,472,23,5,0,1.0,0.0,success
741,2000,8,1,6.0,2.0,0.01,0.6600000000000001,1.7999999999999998,2,469,22,9,0,1.0,0.0,success
743,2000,8,1,6.0,2.0,0.01,0.6600000000000001,2.1999999999999997,2,455,26,19,0,1.0,0.0,success
742,2000,8,1,6.0,2.0,0.01,0.6600000000000001,1.9999999999999998,2,466,23,11,0,1.0,0.0,success
744,2000,8,1,6.0,2.0,0.01,0.6600000000000001,2.3999999999999995,2,448,27,25,0,1.0,0.0,success
745,2000,8,1,6.0,2.0,0.01,0.6600000000000001,2.5999999999999996,2,445,30,25,0,1.0,0.0,success
746,2000,8,1,6.0,2.0,0.01,0.6600000000000001,2.8,2,437,33,30,0,1.0,0.0,success
747,2000,8,1,6.0,2.0,0.01,0.6600000000000001,2.9999999999999996,2,433,33,34,0,1.0,0.0,success
748,2000,8,1,6.0,2.0,0.01,0.6600000000000001,3.1999999999999993,2,424,34,42,0,0.9828171692757466,0.0783564941581204,success
750,2000,8,1,6.0,2.0,0.01,0.6600000000000001,3.5999999999999996,2,411,37,52,0,0.9888749992440278,0.0568433186423319,success
752,2000,8,1,6.0,2.0,0.01,0.6600000000000001,3.999999999999999,2,400,36,64,0,0.9707489755004568,0.14028851014501506,success
749,2000,8,1,6.0,2.0,0.01,0.6600000000000001,3.3999999999999995,2,420,36,44,0,0.9845571483020211,0.07291378373819979,success
751,2000,8,1,6.0,2.0,0.01,0.6600000000000001,3.7999999999999994,2,404,35,61,0,0.9679426592454106,0.14401876842907857,success
753,2000,8,1,6.0,2.0,0.01,0.6600000000000001,4.199999999999999,2,393,35,72,0,0.9299849744124999,0.23558585725743159,success
754,2000,8,1,6.0,2.0,0.01,0.6600000000000001,4.3999999999999995,2,389,37,74,0,0.9322360940333717,0.2334416186052604,success
756,2000,8,1,6.0,2.0,0.01,0.6600000000000001,4.799999999999999,2,380,35,85,0,0.9291583966006801,0.22292597780944762,success
755,2000,8,1,6.0,2.0,0.01,0.6600000000000001,4.6,2,382,39,79,0,0.9152624228911005,0.2521170763265055,success
757,2000,8,1,6.0,2.0,0.01,0.6600000000000001,4.999999999999999,2,373,35,92,0,0.9176930526110133,0.2517962076551277,success
758,2000,8,1,6.0,2.0,0.01,0.6600000000000001,5.199999999999999,2,370,36,94,0,0.8855199775635278,0.2961437886894611,success
759,2000,8,1,6.0,2.0,0.01,0.6600000000000001,5.399999999999999,2,361,39,100,0,0.8206451857475776,0.36357416408879767,success
760,2000,8,1,6.0,2.0,0.01,0.6600000000000001,5.599999999999999,2,354,38,108,0,0.813886566740268,0.3692224416077842,success
761,2000,8,1,6.0,2.0,0.01,0.6600000000000001,5.799999999999999,2,349,40,111,0,0.8190579595403459,0.3661808463049956,success
762,2000,8,1,6.0,2.0,0.01,0.6600000000000001,5.999999999999999,2,341,40,119,0,0.8270160163326135,0.36462059576933936,success
763,2000,8,1,6.0,2.0,0.01,0.6600000000000001,6.199999999999999,2,330,41,129,0,0.7722128585529684,0.402509847848118,success
764,2000,8,1,6.0,2.0,0.01,0.6600000000000001,6.399999999999999,2,328,40,132,0,0.7530384345300754,0.41195938438400587,success
765,2000,8,1,6.0,2.0,0.01,0.6600000000000001,6.599999999999999,2,321,37,142,0,0.7072873432577027,0.4385361171785451,success
766,2000,8,1,6.0,2.0,0.01,0.6600000000000001,6.799999999999999,2,309,36,155,0,0.6594202717274634,0.45157728468155717,success
767,2000,8,1,6.0,2.0,0.01,0.6600000000000001,6.999999999999998,2,303,33,164,0,0.6291827188385588,0.45964969778726056,success
768,2000,8,1,6.0,2.0,0.01,0.6600000000000001,7.199999999999998,2,300,32,168,0,0.6047350129059692,0.4633316696687594,success
769,2000,8,1,6.0,2.0,0.01,0.6600000000000001,7.399999999999999,2,288,29,183,0,0.5670181061545381,0.4706736150541226,success
770,2000,8,1,6.0,2.0,0.01,0.6600000000000001,7.599999999999999,2,285,31,184,0,0.537802021004561,0.47459191470233353,success
771,2000,8,1,6.0,2.0,0.01,0.6600000000000001,7.799999999999999,2,276,31,193,0,0.5289726897972908,0.47512704676405865,success
773,2000,8,1,6.0,2.0,0.01,0.6600000000000001,8.2,2,261,34,205,0,0.4979344314870715,0.470789498815052,success
772,2000,8,1,6.0,2.0,0.01,0.6600000000000001,7.999999999999998,2,265,32,203,0,0.5141063370712686,0.47346427615423536,success
774,2000,8,1,6.0,2.0,0.01,0.6600000000000001,8.399999999999999,2,254,34,212,0,0.48340033463421084,0.4729658014767389,success
776,2000,8,1,6.0,2.0,0.01,0.6600000000000001,8.799999999999997,2,240,31,229,0,0.45165226550072207,0.4710805349196646,success
775,2000,8,1,6.0,2.0,0.01,0.6600000000000001,8.599999999999998,2,247,33,220,0,0.47003041054721617,0.47176880053743897,success
783,2000,8,1,6.0,2.0,0.01,0.6700000000000002,1.0,2,490,10,0,0,,,success
777,2000,8,1,6.0,2.0,0.01,0.6600000000000001,8.999999999999998,2,236,32,232,0,0.44260621444324094,0.47027492990374387,success
784,2000,8,1,6.0,2.0,0.01,0.6700000000000002,1.2,2,484,15,1,0,1.0,,success
778,2000,8,1,6.0,2.0,0.01,0.6600000000000001,9.199999999999998,2,231,33,236,0,0.42266340868509045,0.46512128757749044,success
785,2000,8,1,6.0,2.0,0.01,0.6700000000000002,1.4,2,475,22,3,0,1.0,0.0,success
779,2000,8,1,6.0,2.0,0.01,0.6600000000000001,9.399999999999999,2,217,31,252,0,0.4178858501593676,0.4627091034278067,success
780,2000,8,1,6.0,2.0,0.01,0.6600000000000001,9.599999999999998,2,210,29,261,0,0.4177867875845507,0.46270045942470145,success
786,2000,8,1,6.0,2.0,0.01,0.6700000000000002,1.5999999999999999,2,472,23,5,0,1.0,0.0,success
782,2000,8,1,6.0,2.0,0.01,0.6600000000000001,9.999999999999998,2,207,32,261,0,0.3909153444218586,0.45804392945309036,success
781,2000,8,1,6.0,2.0,0.01,0.6600000000000001,9.799999999999997,2,216,32,252,0,0.3926748881866267,0.45765953877121784,success
787,2000,8,1,6.0,2.0,0.01,0.6700000000000002,1.7999999999999998,2,469,22,9,0,1.0,0.0,success
788,2000,8,1,6.0,2.0,0.01,0.6700000000000002,1.9999999999999998,2,466,23,11,0,1.0,0.0,success
789,2000,8,1,6.0,2.0,0.01,0.6700000000000002,2.1999999999999997,2,455,26,19,0,1.0,0.0,success
790,2000,8,1,6.0,2.0,0.01,0.6700000000000002,2.3999999999999995,2,447,27,26,0,1.0,0.0,success
791,2000,8,1,6.0,2.0,0.01,0.6700000000000002,2.5999999999999996,2,445,30,25,0,1.0,0.0,success
792,2000,8,1,6.0,2.0,0.01,0.6700000000000002,2.8,2,437,33,30,0,1.0,0.0,success
793,2000,8,1,6.0,2.0,0.01,0.6700000000000002,2.9999999999999996,2,433,33,34,0,1.0,0.0,success
795,2000,8,1,6.0,2.0,0.01,0.6700000000000002,3.3999999999999995,2,420,36,44,0,0.9845571483020211,0.07291378373819979,success
794,2000,8,1,6.0,2.0,0.01,0.6700000000000002,3.1999999999999993,2,424,34,42,0,0.9828171692757466,0.0783564941581204,success
796,2000,8,1,6.0,2.0,0.01,0.6700000000000002,3.5999999999999996,2,411,37,52,0,0.9888749992440278,0.0568433186423319,success
797,2000,8,1,6.0,2.0,0.01,0.6700000000000002,3.7999999999999994,2,404,35,61,0,0.9679426592454106,0.14401876842907857,success
798,2000,8,1,6.0,2.0,0.01,0.6700000000000002,3.999999999999999,2,400,36,64,0,0.9707489755004568,0.14028851014501506,success
799,2000,8,1,6.0,2.0,0.01,0.6700000000000002,4.199999999999999,2,393,35,72,0,0.9299849744124999,0.23558585725743159,success
800,2000,8,1,6.0,2.0,0.01,0.6700000000000002,4.3999999999999995,2,389,37,74,0,0.9322360940333717,0.2334416186052604,success
801,2000,8,1,6.0,2.0,0.01,0.6700000000000002,4.6,2,382,39,79,0,0.9152624228911005,0.2521170763265055,success
802,2000,8,1,6.0,2.0,0.01,0.6700000000000002,4.799999999999999,2,380,35,85,0,0.9291583966006801,0.22292597780944762,success
803,2000,8,1,6.0,2.0,0.01,0.6700000000000002,4.999999999999999,2,373,35,92,0,0.9176930526110133,0.2517962076551277,success
804,2000,8,1,6.0,2.0,0.01,0.6700000000000002,5.199999999999999,2,370,36,94,0,0.8855199775635278,0.2961437886894611,success
806,2000,8,1,6.0,2.0,0.01,0.6700000000000002,5.599999999999999,2,354,38,108,0,0.813886566740268,0.3692224416077842,success
805,2000,8,1,6.0,2.0,0.01,0.6700000000000002,5.399999999999999,2,361,39,100,0,0.8206451857475776,0.36357416408879767,success
807,2000,8,1,6.0,2.0,0.01,0.6700000000000002,5.799999999999999,2,349,41,110,0,0.8174130318998036,0.36744453096334756,success
808,2000,8,1,6.0,2.0,0.01,0.6700000000000002,5.999999999999999,2,341,41,118,0,0.8255500503693306,0.3658231329475251,success
809,2000,8,1,6.0,2.0,0.01,0.6700000000000002,6.199999999999999,2,330,41,129,0,0.7722128585529684,0.402509847848118,success
810,2000,8,1,6.0,2.0,0.01,0.6700000000000002,6.399999999999999,2,328,40,132,0,0.7530384345300754,0.41195938438400587,success
811,2000,8,1,6.0,2.0,0.01,0.6700000000000002,6.599999999999999,2,321,37,142,0,0.7072873432577027,0.4385361171785451,success
812,2000,8,1,6.0,2.0,0.01,0.6700000000000002,6.799999999999999,2,309,36,155,0,0.6594202717274634,0.45157728468155717,success
813,2000,8,1,6.0,2.0,0.01,0.6700000000000002,6.999999999999998,2,303,33,164,0,0.6291827188385588,0.45964969778726056,success
814,2000,8,1,6.0,2.0,0.01,0.6700000000000002,7.199999999999998,2,301,32,167,0,0.6023681566958253,0.4637053585586754,success
815,2000,8,1,6.0,2.0,0.01,0.6700000000000002,7.399999999999999,2,289,29,182,0,0.5646390847597828,0.4708674330670471,success
816,2000,8,1,6.0,2.0,0.01,0.6700000000000002,7.599999999999999,2,285,31,184,0,0.5377618568142118,0.474563466026398,success
817,2000,8,1,6.0,2.0,0.01,0.6700000000000002,7.799999999999999,2,276,32,192,0,0.5265915516606636,0.47521323746264543,success
818,2000,8,1,6.0,2.0,0.01,0.6700000000000002,7.999999999999998,2,265,32,203,0,0.5141063370712686,0.47346427615423536,success
819,2000,8,1,6.0,2.0,0.01,0.6700000000000002,8.2,2,261,34,205,0,0.4979344314870715,0.470789498815052,success
820,2000,8,1,6.0,2.0,0.01,0.6700000000000002,8.399999999999999,2,254,34,212,0,0.48340033463421084,0.4729658014767389,success
821,2000,8,1,6.0,2.0,0.01,0.6700000000000002,8.599999999999998,2,247,33,220,0,0.47009536604810276,0.4718252487377004,success
822,2000,8,1,6.0,2.0,0.01,0.6700000000000002,8.799999999999997,2,241,31,228,0,0.4494947085738502,0.4709817138591562,success
823,2000,8,1,6.0,2.0,0.01,0.6700000000000002,8.999999999999998,2,236,32,232,0,0.44260621444324094,0.47027492990374387,success
829,2000,8,1,6.0,2.0,0.01,0.6800000000000002,1.0,2,490,10,0,0,,,success
824,2000,8,1,6.0,2.0,0.01,0.6700000000000002,9.199999999999998,2,231,33,236,0,0.42266340868509045,0.46512128757749044,success
825,2000,8,1,6.0,2.0,0.01,0.6700000000000002,9.399999999999999,2,217,31,252,0,0.4178858516235759,0.46270910406347004,success
826,2000,8,1,6.0,2.0,0.01,0.6700000000000002,9.599999999999998,2,210,29,261,0,0.41781385422578105,0.4627250283608347,success
827,2000,8,1,6.0,2.0,0.01,0.6700000000000002,9.799999999999997,2,216,32,252,0,0.3925847436684079,0.45757718998347024,success
830,2000,8,1,6.0,2.0,0.01,0.6800000000000002,1.2,2,484,15,1,0,1.0,,success
828,2000,8,1,6.0,2.0,0.01,0.6700000000000002,9.999999999999998,2,207,32,261,0,0.39090563456056826,0.4580388560974469,success
832,2000,8,1,6.0,2.0,0.01,0.6800000000000002,1.5999999999999999,2,472,23,5,0,1.0,0.0,success
831,2000,8,1,6.0,2.0,0.01,0.6800000000000002,1.4,2,475,22,3,0,1.0,0.0,success
833,2000,8,1,6.0,2.0,0.01,0.6800000000000002,1.7999999999999998,2,469,22,9,0,1.0,0.0,success
834,2000,8,1,6.0,2.0,0.01,0.6800000000000002,1.9999999999999998,2,466,23,11,0,1.0,0.0,success
835,2000,8,1,6.0,2.0,0.01,0.6800000000000002,2.1999999999999997,2,455,26,19,0,1.0,0.0,success
836,2000,8,1,6.0,2.0,0.01,0.6800000000000002,2.3999999999999995,2,447,27,26,0,1.0,0.0,success
839,2000,8,1,6.0,2.0,0.01,0.6800000000000002,2.9999999999999996,2,433,33,34,0,1.0,0.0,success
837,2000,8,1,6.0,2.0,0.01,0.6800000000000002,2.5999999999999996,2,445,30,25,0,1.0,0.0,success
838,2000,8,1,6.0,2.0,0.01,0.6800000000000002,2.8,2,437,33,30,0,1.0,0.0,success
840,2000,8,1,6.0,2.0,0.01,0.6800000000000002,3.1999999999999993,2,424,34,42,0,0.9828171692757466,0.0783564941581204,success
841,2000,8,1,6.0,2.0,0.01,0.6800000000000002,3.3999999999999995,2,420,36,44,0,0.9845571483020211,0.07291378373819979,success
842,2000,8,1,6.0,2.0,0.01,0.6800000000000002,3.5999999999999996,2,411,37,52,0,0.9888749992440278,0.0568433186423319,success
843,2000,8,1,6.0,2.0,0.01,0.6800000000000002,3.7999999999999994,2,404,35,61,0,0.9679426592454106,0.14401876842907857,success
844,2000,8,1,6.0,2.0,0.01,0.6800000000000002,3.999999999999999,2,400,36,64,0,0.9707489755004568,0.14028851014501506,success
845,2000,8,1,6.0,2.0,0.01,0.6800000000000002,4.199999999999999,2,393,35,72,0,0.9299849744124999,0.23558585725743159,success
846,2000,8,1,6.0,2.0,0.01,0.6800000000000002,4.3999999999999995,2,389,37,74,0,0.9322360940333717,0.2334416186052604,success
847,2000,8,1,6.0,2.0,0.01,0.6800000000000002,4.6,2,382,39,79,0,0.9152624228911005,0.2521170763265055,success
848,2000,8,1,6.0,2.0,0.01,0.6800000000000002,4.799999999999999,2,380,35,85,0,0.9291583966006801,0.22292597780944762,success
849,2000,8,1,6.0,2.0,0.01,0.6800000000000002,4.999999999999999,2,373,35,92,0,0.9176930526110133,0.2517962076551277,success
850,2000,8,1,6.0,2.0,0.01,0.6800000000000002,5.199999999999999,2,370,36,94,0,0.8855199775635278,0.2961437886894611,success
851,2000,8,1,6.0,2.0,0.01,0.6800000000000002,5.399999999999999,2,361,39,100,0,0.8206451857475776,0.36357416408879767,success
852,2000,8,1,6.0,2.0,0.01,0.6800000000000002,5.599999999999999,2,354,38,108,0,0.813886566740268,0.3692224416077842,success
853,2000,8,1,6.0,2.0,0.01,0.6800000000000002,5.799999999999999,2,349,41,110,0,0.8174130318998036,0.36744453096334756,success
854,2000,8,1,6.0,2.0,0.01,0.6800000000000002,5.999999999999999,2,341,41,118,0,0.8255500503693306,0.3658231329475251,success
855,2000,8,1,6.0,2.0,0.01,0.6800000000000002,6.199999999999999,2,330,41,129,0,0.7722128585529684,0.402509847848118,success
856,2000,8,1,6.0,2.0,0.01,0.6800000000000002,6.399999999999999,2,328,40,132,0,0.7530384345300754,0.41195938438400587,success
857,2000,8,1,6.0,2.0,0.01,0.6800000000000002,6.599999999999999,2,321,37,142,0,0.7072873432577027,0.4385361171785451,success
858,2000,8,1,6.0,2.0,0.01,0.6800000000000002,6.799999999999999,2,309,36,155,0,0.6594202717274634,0.45157728468155717,success
859,2000,8,1,6.0,2.0,0.01,0.6800000000000002,6.999999999999998,2,303,33,164,0,0.6291827188385588,0.45964969778726056,success
860,2000,8,1,6.0,2.0,0.01,0.6800000000000002,7.199999999999998,2,301,32,167,0,0.6023681566958253,0.4637053585586754,success
861,2000,8,1,6.0,2.0,0.01,0.6800000000000002,7.399999999999999,2,289,30,181,0,0.5622337758358037,0.47105104081591836,success
862,2000,8,1,6.0,2.0,0.01,0.6800000000000002,7.599999999999999,2,285,31,184,0,0.5377618568142118,0.474563466026398,success
863,2000,8,1,6.0,2.0,0.01,0.6800000000000002,7.799999999999999,2,276,32,192,0,0.5265915516606636,0.47521323746264543,success
864,2000,8,1,6.0,2.0,0.01,0.6800000000000002,7.999999999999998,2,265,32,203,0,0.5141063370712686,0.47346427615423536,success
865,2000,8,1,6.0,2.0,0.01,0.6800000000000002,8.2,2,261,34,205,0,0.4979344314870715,0.470789498815052,success
866,2000,8,1,6.0,2.0,0.01,0.6800000000000002,8.399999999999999,2,254,34,212,0,0.48340033463421084,0.4729658014767389,success
867,2000,8,1,6.0,2.0,0.01,0.6800000000000002,8.599999999999998,2,247,33,220,0,0.4702762403837291,0.47199274862491386,success
868,2000,8,1,6.0,2.0,0.01,0.6800000000000002,8.799999999999997,2,241,31,228,0,0.4494947085738502,0.4709817138591562,success
869,2000,8,1,6.0,2.0,0.01,0.6800000000000002,8.999999999999998,2,236,32,232,0,0.44260621444324094,0.47027492990374387,success
875,2000,8,1,6.0,2.0,0.01,0.6900000000000002,1.0,2,490,10,0,0,,,success
876,2000,8,1,6.0,2.0,0.01,0.6900000000000002,1.2,2,484,15,1,0,1.0,,success
870,2000,8,1,6.0,2.0,0.01,0.6800000000000002,9.199999999999998,2,231,33,236,0,0.42264522991208964,0.4651061522841848,success
877,2000,8,1,6.0,2.0,0.01,0.6900000000000002,1.4,2,475,22,3,0,1.0,0.0,success
871,2000,8,1,6.0,2.0,0.01,0.6800000000000002,9.399999999999999,2,217,31,252,0,0.41788584867743944,0.46270910278445176,success
878,2000,8,1,6.0,2.0,0.01,0.6900000000000002,1.5999999999999999,2,472,23,5,0,1.0,0.0,success
872,2000,8,1,6.0,2.0,0.01,0.6800000000000002,9.599999999999998,2,210,29,261,0,0.41796269373634015,0.4628693289840588,success
879,2000,8,1,6.0,2.0,0.01,0.6900000000000002,1.7999999999999998,2,469,22,9,0,1.0,0.0,success
873,2000,8,1,6.0,2.0,0.01,0.6800000000000002,9.799999999999997,2,216,32,252,0,0.392696526381971,0.4576799449251062,success
881,2000,8,1,6.0,2.0,0.01,0.6900000000000002,2.1999999999999997,2,455,27,18,0,1.0,0.0,success
874,2000,8,1,6.0,2.0,0.01,0.6800000000000002,9.999999999999998,2,207,32,261,0,0.39086815237050515,0.4580030276980238,success
880,2000,8,1,6.0,2.0,0.01,0.6900000000000002,1.9999999999999998,2,466,23,11,0,1.0,0.0,success
882,2000,8,1,6.0,2.0,0.01,0.6900000000000002,2.3999999999999995,2,447,28,25,0,1.0,0.0,success
883,2000,8,1,6.0,2.0,0.01,0.6900000000000002,2.5999999999999996,2,445,31,24,0,1.0,0.0,success
885,2000,8,1,6.0,2.0,0.01,0.6900000000000002,2.9999999999999996,2,433,34,33,0,1.0,0.0,success
884,2000,8,1,6.0,2.0,0.01,0.6900000000000002,2.8,2,437,34,29,0,1.0,0.0,success
886,2000,8,1,6.0,2.0,0.01,0.6900000000000002,3.1999999999999993,2,424,35,41,0,0.9823980758434477,0.07928223261923359,success
887,2000,8,1,6.0,2.0,0.01,0.6900000000000002,3.3999999999999995,2,420,37,43,0,0.9841980122160215,0.07373731144827245,success
888,2000,8,1,6.0,2.0,0.01,0.6900000000000002,3.5999999999999996,2,411,38,51,0,0.9886568619743028,0.057386952204982376,success
889,2000,8,1,6.0,2.0,0.01,0.6900000000000002,3.7999999999999994,2,404,36,60,0,0.967408370232834,0.14517316011265152,success
890,2000,8,1,6.0,2.0,0.01,0.6900000000000002,3.999999999999999,2,400,37,63,0,0.9702846735242736,0.1413657666740871,success
891,2000,8,1,6.0,2.0,0.01,0.6900000000000002,4.199999999999999,2,393,36,71,0,0.9289988472915492,0.23711294109397435,success
892,2000,8,1,6.0,2.0,0.01,0.6900000000000002,4.3999999999999995,2,389,38,73,0,0.9313078213488973,0.2349195893264286,success
893,2000,8,1,6.0,2.0,0.01,0.6900000000000002,4.6,2,382,40,78,0,0.9141760436973966,0.25356274511189036,success
894,2000,8,1,6.0,2.0,0.01,0.6900000000000002,4.799999999999999,2,380,36,84,0,0.9275496207972443,0.22508660626553362,success
895,2000,8,1,6.0,2.0,0.01,0.6900000000000002,4.999999999999999,2,373,36,91,0,0.9160820360013618,0.25379167101499156,success
896,2000,8,1,6.0,2.0,0.01,0.6900000000000002,5.199999999999999,2,370,37,93,0,0.883597659428842,0.29805581094110595,success
897,2000,8,1,6.0,2.0,0.01,0.6900000000000002,5.399999999999999,2,361,40,99,0,0.8181840708148328,0.3652730664487784,success
898,2000,8,1,6.0,2.0,0.01,0.6900000000000002,5.599999999999999,2,354,39,107,0,0.8121471888593359,0.3705151396947506,success
899,2000,8,1,6.0,2.0,0.01,0.6900000000000002,5.799999999999999,2,349,42,109,0,0.8157379221007194,0.3687195540395549,success
900,2000,8,1,6.0,2.0,0.01,0.6900000000000002,5.999999999999999,2,341,42,117,0,0.824059025158812,0.36703630333396786,success
901,2000,8,1,6.0,2.0,0.01,0.6900000000000002,6.199999999999999,2,330,41,129,0,0.7722128585529684,0.402509847848118,success
903,2000,8,1,6.0,2.0,0.01,0.6900000000000002,6.599999999999999,2,321,37,142,0,0.7072873432577027,0.4385361171785451,success
902,2000,8,1,6.0,2.0,0.01,0.6900000000000002,6.399999999999999,2,328,40,132,0,0.7530384345300754,0.41195938438400587,success
904,2000,8,1,6.0,2.0,0.01,0.6900000000000002,6.799999999999999,2,309,36,155,0,0.6594202717274634,0.45157728468155717,success
905,2000,8,1,6.0,2.0,0.01,0.6900000000000002,6.999999999999998,2,303,33,164,0,0.6291827188385588,0.45964969778726056,success
906,2000,8,1,6.0,2.0,0.01,0.6900000000000002,7.199999999999998,2,301,32,167,0,0.6023681566958253,0.4637053585586754,success
907,2000,8,1,6.0,2.0,0.01,0.6900000000000002,7.399999999999999,2,289,30,181,0,0.5622337758358037,0.47105104081591836,success
908,2000,8,1,6.0,2.0,0.01,0.6900000000000002,7.599999999999999,2,285,31,184,0,0.5370800542913409,0.47398550818076357,success
909,2000,8,1,6.0,2.0,0.01,0.6900000000000002,7.799999999999999,2,277,32,191,0,0.5249247198036284,0.4756839276557597,success
911,2000,8,1,6.0,2.0,0.01,0.6900000000000002,8.2,2,261,34,205,0,0.4979344314870715,0.470789498815052,success
910,2000,8,1,6.0,2.0,0.01,0.6900000000000002,7.999999999999998,2,265,32,203,0,0.5141063370712686,0.47346427615423536,success
912,2000,8,1,6.0,2.0,0.01,0.6900000000000002,8.399999999999999,2,254,34,212,0,0.48340033550129985,0.4729658017308285,success
913,2000,8,1,6.0,2.0,0.01,0.6900000000000002,8.599999999999998,2,247,33,220,0,0.47027624267379536,0.4719927493872245,success
914,2000,8,1,6.0,2.0,0.01,0.6900000000000002,8.799999999999997,2,241,31,228,0,0.44948017699104037,0.4709691655309556,success
915,2000,8,1,6.0,2.0,0.01,0.6900000000000002,8.999999999999998,2,236,32,232,0,0.4425917385834514,0.4702620286792025,success
916,2000,8,1,6.0,2.0,0.01,0.6900000000000002,9.199999999999998,2,231,33,236,0,0.4226432917993797,0.46510481584439733,success
921,2000,8,1,6.0,2.0,0.01,0.7000000000000002,1.0,2,490,10,0,0,,,success
922,2000,8,1,6.0,2.0,0.01,0.7000000000000002,1.2,2,484,15,1,0,1.0,,success
923,2000,8,1,6.0,2.0,0.01,0.7000000000000002,1.4,2,475,22,3,0,1.0,0.0,success
917,2000,8,1,6.0,2.0,0.01,0.6900000000000002,9.399999999999999,2,217,31,252,0,0.4178856780196246,0.4627089686401981,success
918,2000,8,1,6.0,2.0,0.01,0.6900000000000002,9.599999999999998,2,210,29,261,0,0.4179571303153879,0.4628637002578128,success
924,2000,8,1,6.0,2.0,0.01,0.7000000000000002,1.5999999999999999,2,472,23,5,0,1.0,0.0,success
925,2000,8,1,6.0,2.0,0.01,0.7000000000000002,1.7999999999999998,2,469,22,9,0,1.0,0.0,success
919,2000,8,1,6.0,2.0,0.01,0.6900000000000002,9.799999999999997,2,216,32,252,0,0.39269538650221725,0.4576788099085291,success
920,2000,8,1,6.0,2.0,0.01,0.6900000000000002,9.999999999999998,2,207,32,261,0,0.39087237438694067,0.4580065444539692,success
926,2000,8,1,6.0,2.0,0.01,0.7000000000000002,1.9999999999999998,2,466,23,11,0,1.0,0.0,success
927,2000,8,1,6.0,2.0,0.01,0.7000000000000002,2.1999999999999997,2,455,27,18,0,1.0,0.0,success
928,2000,8,1,6.0,2.0,0.01,0.7000000000000002,2.3999999999999995,2,447,28,25,0,1.0,0.0,success
929,2000,8,1,6.0,2.0,0.01,0.7000000000000002,2.5999999999999996,2,445,31,24,0,1.0,0.0,success
930,2000,8,1,6.0,2.0,0.01,0.7000000000000002,2.8,2,437,34,29,0,1.0,0.0,success
931,2000,8,1,6.0,2.0,0.01,0.7000000000000002,2.9999999999999996,2,433,34,33,0,1.0,0.0,success
933,2000,8,1,6.0,2.0,0.01,0.7000000000000002,3.3999999999999995,2,420,37,43,0,0.9841980122160215,0.07373731144827245,success
932,2000,8,1,6.0,2.0,0.01,0.7000000000000002,3.1999999999999993,2,424,35,41,0,0.9823980758434477,0.07928223261923359,success
934,2000,8,1,6.0,2.0,0.01,0.7000000000000002,3.5999999999999996,2,411,38,51,0,0.9886568619743028,0.057386952204982376,success
935,2000,8,1,6.0,2.0,0.01,0.7000000000000002,3.7999999999999994,2,404,36,60,0,0.9610414168339005,0.1519390639689461,success
936,2000,8,1,6.0,2.0,0.01,0.7000000000000002,3.999999999999999,2,400,37,63,0,0.9702846735242736,0.1413657666740871,success
937,2000,8,1,6.0,2.0,0.01,0.7000000000000002,4.199999999999999,2,393,36,71,0,0.9289988472915492,0.23711294109397435,success
938,2000,8,1,6.0,2.0,0.01,0.7000000000000002,4.3999999999999995,2,389,38,73,0,0.9313078213488973,0.2349195893264286,success
939,2000,8,1,6.0,2.0,0.01,0.7000000000000002,4.6,2,382,40,78,0,0.9141760436973966,0.25356274511189036,success
940,2000,8,1,6.0,2.0,0.01,0.7000000000000002,4.799999999999999,2,380,36,84,0,0.9275496207972443,0.22508660626553362,success
941,2000,8,1,6.0,2.0,0.01,0.7000000000000002,4.999999999999999,2,374,36,90,0,0.9151496141791549,0.25505669414416515,success
942,2000,8,1,6.0,2.0,0.01,0.7000000000000002,5.199999999999999,2,371,37,92,0,0.8823324165965469,0.299437783259984,success
943,2000,8,1,6.0,2.0,0.01,0.7000000000000002,5.399999999999999,2,361,40,99,0,0.8181840708148328,0.3652730664487784,success
944,2000,8,1,6.0,2.0,0.01,0.7000000000000002,5.599999999999999,2,354,39,107,0,0.8121471888593359,0.3705151396947506,success
946,2000,8,1,6.0,2.0,0.01,0.7000000000000002,5.999999999999999,2,342,42,116,0,0.8182319477894914,0.36909030592997777,success
945,2000,8,1,6.0,2.0,0.01,0.7000000000000002,5.799999999999999,2,349,42,109,0,0.8111507661374167,0.3695153003082015,success
947,2000,8,1,6.0,2.0,0.01,0.7000000000000002,6.199999999999999,2,330,41,129,0,0.7684379217559497,0.4026403443548518,success
948,2000,8,1,6.0,2.0,0.01,0.7000000000000002,6.399999999999999,2,327,40,133,0,0.7511981439332713,0.4109443703914795,success
949,2000,8,1,6.0,2.0,0.01,0.7000000000000002,6.599999999999999,2,320,37,143,0,0.7059046487240221,0.43730195101761493,success
950,2000,8,1,6.0,2.0,0.01,0.7000000000000002,6.799999999999999,2,309,36,155,0,0.6585103866265904,0.45174492355389356,success
951,2000,8,1,6.0,2.0,0.01,0.7000000000000002,6.999999999999998,2,302,33,165,0,0.6284229314131757,0.4583501018096922,success
952,2000,8,1,6.0,2.0,0.01,0.7000000000000002,7.199999999999998,2,301,32,167,0,0.6014894510068396,0.46374808666066136,success
953,2000,8,1,6.0,2.0,0.01,0.7000000000000002,7.399999999999999,2,289,30,181,0,0.5614256329767539,0.4710228380987896,success
954,2000,8,1,6.0,2.0,0.01,0.7000000000000002,7.599999999999999,2,285,31,184,0,0.5362798076909688,0.47391417410790343,success
955,2000,8,1,6.0,2.0,0.01,0.7000000000000002,7.799999999999999,2,276,32,192,0,0.5250581211994284,0.4744406484936918,success
956,2000,8,1,6.0,2.0,0.01,0.7000000000000002,7.999999999999998,2,265,32,203,0,0.5119106150677931,0.47223170726580316,success
957,2000,8,1,6.0,2.0,0.01,0.7000000000000002,8.2,2,261,34,205,0,0.49715973856793133,0.47061212613438613,success
958,2000,8,1,6.0,2.0,0.01,0.7000000000000002,8.399999999999999,2,255,34,211,0,0.4802003546741087,0.47254399072057696,success
959,2000,8,1,6.0,2.0,0.01,0.7000000000000002,8.599999999999998,2,247,33,220,0,0.4696074397943476,0.47180975677911435,success
960,2000,8,1,6.0,2.0,0.01,0.7000000000000002,8.799999999999997,2,240,31,229,0,0.4497263869049766,0.46994976301047264,success
961,2000,8,1,6.0,2.0,0.01,0.7000000000000002,8.999999999999998,2,235,32,233,0,0.442867569715145,0.46926632720612005,success
962,2000,8,1,6.0,2.0,0.01,0.7000000000000002,9.199999999999998,2,231,32,237,0,0.4241497818720587,0.4651152645749326,success
967,2000,8,1,6.0,2.0,0.01,0.7100000000000002,1.0,2,490,10,0,0,,,success
968,2000,8,1,6.0,2.0,0.01,0.7100000000000002,1.2,2,484,15,1,0,1.0,,success
969,2000,8,1,6.0,2.0,0.01,0.7100000000000002,1.4,2,475,22,3,0,1.0,0.0,success
963,2000,8,1,6.0,2.0,0.01,0.7000000000000002,9.399999999999999,2,217,31,252,0,0.41729406429199173,0.46253418835848925,success
964,2000,8,1,6.0,2.0,0.01,0.7000000000000002,9.599999999999998,2,210,29,261,0,0.417663787382333,0.4629693116864547,success
965,2000,8,1,6.0,2.0,0.01,0.7000000000000002,9.799999999999997,2,215,32,253,0,0.39317919706701016,0.4568393897017841,success
971,2000,8,1,6.0,2.0,0.01,0.7100000000000002,1.7999999999999998,2,469,22,9,0,1.0,0.0,success
970,2000,8,1,6.0,2.0,0.01,0.7100000000000002,1.5999999999999999,2,472,23,5,0,1.0,0.0,success
972,2000,8,1,6.0,2.0,0.01,0.7100000000000002,1.9999999999999998,2,466,23,11,0,1.0,0.0,success
966,2000,8,1,6.0,2.0,0.01,0.7000000000000002,9.999999999999998,2,207,32,261,0,0.38999683362561416,0.45755209496210375,success
974,2000,8,1,6.0,2.0,0.01,0.7100000000000002,2.3999999999999995,2,447,28,25,0,1.0,0.0,success
973,2000,8,1,6.0,2.0,0.01,0.7100000000000002,2.1999999999999997,2,455,27,18,0,1.0,0.0,success
976,2000,8,1,6.0,2.0,0.01,0.7100000000000002,2.8,2,437,34,29,0,1.0,0.0,success
975,2000,8,1,6.0,2.0,0.01,0.7100000000000002,2.5999999999999996,2,445,31,24,0,1.0,0.0,success
977,2000,8,1,6.0,2.0,0.01,0.7100000000000002,2.9999999999999996,2,433,34,33,0,1.0,0.0,success
979,2000,8,1,6.0,2.0,0.01,0.7100000000000002,3.3999999999999995,2,420,37,43,0,0.9841980122160215,0.07373731144827245,success
978,2000,8,1,6.0,2.0,0.01,0.7100000000000002,3.1999999999999993,2,424,35,41,0,0.9823980758434477,0.07928223261923359,success
980,2000,8,1,6.0,2.0,0.01,0.7100000000000002,3.5999999999999996,2,411,38,51,0,0.9886568619743028,0.057386952204982376,success
981,2000,8,1,6.0,2.0,0.01,0.7100000000000002,3.7999999999999994,2,404,36,60,0,0.9610414168339005,0.1519390639689461,success
982,2000,8,1,6.0,2.0,0.01,0.7100000000000002,3.999999999999999,2,400,37,63,0,0.9702846735242736,0.1413657666740871,success
983,2000,8,1,6.0,2.0,0.01,0.7100000000000002,4.199999999999999,2,393,36,71,0,0.9289988472915492,0.23711294109397435,success
984,2000,8,1,6.0,2.0,0.01,0.7100000000000002,4.3999999999999995,2,389,38,73,0,0.9313078213488973,0.2349195893264286,success
985,2000,8,1,6.0,2.0,0.01,0.7100000000000002,4.6,2,382,40,78,0,0.9141760436973966,0.25356274511189036,success
986,2000,8,1,6.0,2.0,0.01,0.7100000000000002,4.799999999999999,2,380,36,84,0,0.9275496207972443,0.22508660626553362,success
987,2000,8,1,6.0,2.0,0.01,0.7100000000000002,4.999999999999999,2,374,36,90,0,0.9151496141791549,0.25505669414416515,success
988,2000,8,1,6.0,2.0,0.01,0.7100000000000002,5.199999999999999,2,371,37,92,0,0.8823324165965469,0.299437783259984,success
989,2000,8,1,6.0,2.0,0.01,0.7100000000000002,5.399999999999999,2,361,40,99,0,0.8181840708148328,0.3652730664487784,success
990,2000,8,1,6.0,2.0,0.01,0.7100000000000002,5.599999999999999,2,354,39,107,0,0.8121471888593359,0.3705151396947506,success
991,2000,8,1,6.0,2.0,0.01,0.7100000000000002,5.799999999999999,2,349,42,109,0,0.8111507661374167,0.3695153003082015,success
992,2000,8,1,6.0,2.0,0.01,0.7100000000000002,5.999999999999999,2,342,42,116,0,0.8182319477894914,0.36909030592997777,success
993,2000,8,1,6.0,2.0,0.01,0.7100000000000002,6.199999999999999,2,330,41,129,0,0.7684379217559497,0.4026403443548518,success
994,2000,8,1,6.0,2.0,0.01,0.7100000000000002,6.399999999999999,2,327,40,133,0,0.7511981439332713,0.4109443703914795,success
995,2000,8,1,6.0,2.0,0.01,0.7100000000000002,6.599999999999999,2,320,37,143,0,0.7059046487240221,0.43730195101761493,success
996,2000,8,1,6.0,2.0,0.01,0.7100000000000002,6.799999999999999,2,309,36,155,0,0.6585103866265904,0.45174492355389356,success
997,2000,8,1,6.0,2.0,0.01,0.7100000000000002,6.999999999999998,2,302,33,165,0,0.6284229314131757,0.4583501018096922,success
999,2000,8,1,6.0,2.0,0.01,0.7100000000000002,7.399999999999999,2,289,30,181,0,0.5614256329755902,0.47102283809864465,success
998,2000,8,1,6.0,2.0,0.01,0.7100000000000002,7.199999999999998,2,301,32,167,0,0.6014894510068396,0.46374808666066136,success
1000,2000,8,1,6.0,2.0,0.01,0.7100000000000002,7.599999999999999,2,285,31,184,0,0.5362798076909688,0.47391417410790343,success
1001,2000,8,1,6.0,2.0,0.01,0.7100000000000002,7.799999999999999,2,276,32,192,0,0.5252914064229102,0.47459371750439994,success
1002,2000,8,1,6.0,2.0,0.01,0.7100000000000002,7.999999999999998,2,265,32,203,0,0.5122684328864326,0.4724788552800625,success
1003,2000,8,1,6.0,2.0,0.01,0.7100000000000002,8.2,2,261,34,205,0,0.49698079175727494,0.4704734312077513,success
1004,2000,8,1,6.0,2.0,0.01,0.7100000000000002,8.399999999999999,2,255,34,211,0,0.480090355698712,0.4724493930151659,success
1005,2000,8,1,6.0,2.0,0.01,0.7100000000000002,8.599999999999998,2,247,33,220,0,0.46932666742076234,0.47155575282583573,success
1006,2000,8,1,6.0,2.0,0.01,0.7100000000000002,8.799999999999997,2,240,31,229,0,0.4497263869049766,0.46994976301047264,success
1007,2000,8,1,6.0,2.0,0.01,0.7100000000000002,8.999999999999998,2,235,32,233,0,0.442867569715145,0.46926632720612005,success
1013,2000,8,1,6.0,2.0,0.01,0.7200000000000002,1.0,2,490,10,0,0,,,success
1008,2000,8,1,6.0,2.0,0.01,0.7100000000000002,9.199999999999998,2,231,32,237,0,0.4241497818720587,0.4651152645749326,success
1014,2000,8,1,6.0,2.0,0.01,0.7200000000000002,1.2,2,484,15,1,0,1.0,,success
1009,2000,8,1,6.0,2.0,0.01,0.7100000000000002,9.399999999999999,2,217,31,252,0,0.41729406912449474,0.462534190463578,success
1015,2000,8,1,6.0,2.0,0.01,0.7200000000000002,1.4,2,475,22,3,0,1.0,0.0,success
1016,2000,8,1,6.0,2.0,0.01,0.7200000000000002,1.5999999999999999,2,472,23,5,0,1.0,0.0,success
1010,2000,8,1,6.0,2.0,0.01,0.7100000000000002,9.599999999999998,2,210,29,261,0,0.4175602601453497,0.4628653034286177,success
1017,2000,8,1,6.0,2.0,0.01,0.7200000000000002,1.7999999999999998,2,469,22,9,0,1.0,0.0,success
1011,2000,8,1,6.0,2.0,0.01,0.7100000000000002,9.799999999999997,2,215,32,253,0,0.39296935329098687,0.456988237580419,success
1018,2000,8,1,6.0,2.0,0.01,0.7200000000000002,1.9999999999999998,2,466,23,11,0,1.0,0.0,success
1019,2000,8,1,6.0,2.0,0.01,0.7200000000000002,2.1999999999999997,2,455,27,18,0,1.0,0.0,success
1012,2000,8,1,6.0,2.0,0.01,0.7100000000000002,9.999999999999998,2,207,32,261,0,0.38972716023453247,0.45774491524182076,success
1020,2000,8,1,6.0,2.0,0.01,0.7200000000000002,2.3999999999999995,2,447,28,25,0,1.0,0.0,success
1021,2000,8,1,6.0,2.0,0.01,0.7200000000000002,2.5999999999999996,2,445,31,24,0,1.0,0.0,success
1023,2000,8,1,6.0,2.0,0.01,0.7200000000000002,2.9999999999999996,2,433,34,33,0,1.0,0.0,success
1022,2000,8,1,6.0,2.0,0.01,0.7200000000000002,2.8,2,437,34,29,0,1.0,0.0,success
1024,2000,8,1,6.0,2.0,0.01,0.7200000000000002,3.1999999999999993,2,424,35,41,0,0.9823980758434477,0.07928223261923359,success
1025,2000,8,1,6.0,2.0,0.01,0.7200000000000002,3.3999999999999995,2,420,37,43,0,0.9841980122160215,0.07373731144827245,success
1026,2000,8,1,6.0,2.0,0.01,0.7200000000000002,3.5999999999999996,2,411,38,51,0,0.9886568619743028,0.057386952204982376,success
1027,2000,8,1,6.0,2.0,0.01,0.7200000000000002,3.7999999999999994,2,404,36,60,0,0.9610414168339005,0.1519390639689461,success
1028,2000,8,1,6.0,2.0,0.01,0.7200000000000002,3.999999999999999,2,400,37,63,0,0.9702846735242736,0.1413657666740871,success
1029,2000,8,1,6.0,2.0,0.01,0.7200000000000002,4.199999999999999,2,393,36,71,0,0.9289988472915492,0.23711294109397435,success
1030,2000,8,1,6.0,2.0,0.01,0.7200000000000002,4.3999999999999995,2,389,38,73,0,0.9313078213488973,0.2349195893264286,success
1031,2000,8,1,6.0,2.0,0.01,0.7200000000000002,4.6,2,382,40,78,0,0.9141760436973966,0.25356274511189036,success
1032,2000,8,1,6.0,2.0,0.01,0.7200000000000002,4.799999999999999,2,380,36,84,0,0.9275496207972443,0.22508660626553362,success
1033,2000,8,1,6.0,2.0,0.01,0.7200000000000002,4.999999999999999,2,374,36,90,0,0.9151496141791549,0.25505669414416515,success
1034,2000,8,1,6.0,2.0,0.01,0.7200000000000002,5.199999999999999,2,371,37,92,0,0.8823324165965469,0.299437783259984,success
1035,2000,8,1,6.0,2.0,0.01,0.7200000000000002,5.399999999999999,2,361,40,99,0,0.8181840708148328,0.3652730664487784,success
1037,2000,8,1,6.0,2.0,0.01,0.7200000000000002,5.799999999999999,2,348,42,110,0,0.8128675773543493,0.3682568408170003,success
1036,2000,8,1,6.0,2.0,0.01,0.7200000000000002,5.599999999999999,2,354,39,107,0,0.8121471888593359,0.3705151396947506,success
1039,2000,8,1,6.0,2.0,0.01,0.7200000000000002,6.199999999999999,2,329,41,130,0,0.7702191685116733,0.40159055984265296,success
1038,2000,8,1,6.0,2.0,0.01,0.7200000000000002,5.999999999999999,2,341,42,117,0,0.8197855208853078,0.3678799635208232,success
1040,2000,8,1,6.0,2.0,0.01,0.7200000000000002,6.399999999999999,2,327,40,133,0,0.750569470487658,0.4107961428083531,success
1041,2000,8,1,6.0,2.0,0.01,0.7200000000000002,6.599999999999999,2,320,37,143,0,0.7052725199711349,0.4371117545105168,success
1043,2000,8,1,6.0,2.0,0.01,0.7200000000000002,6.999999999999998,2,302,33,165,0,0.6283201307900224,0.4582918558025575,success
1042,2000,8,1,6.0,2.0,0.01,0.7200000000000002,6.799999999999999,2,309,36,155,0,0.6584009537051689,0.4516893240250043,success
1044,2000,8,1,6.0,2.0,0.01,0.7200000000000002,7.199999999999998,2,301,32,167,0,0.6013878815288735,0.4636852772481738,success
1045,2000,8,1,6.0,2.0,0.01,0.7200000000000002,7.399999999999999,2,289,30,181,0,0.5610763444146376,0.47079751775458084,success
1046,2000,8,1,6.0,2.0,0.01,0.7200000000000002,7.599999999999999,2,285,31,184,0,0.5359771567597702,0.4737064357664758,success
1047,2000,8,1,6.0,2.0,0.01,0.7200000000000002,7.799999999999999,2,276,32,192,0,0.5251062299210932,0.47446259182219597,success
1048,2000,8,1,6.0,2.0,0.01,0.7200000000000002,7.999999999999998,2,265,32,203,0,0.512093290533794,0.4723494651213875,success
1049,2000,8,1,6.0,2.0,0.01,0.7200000000000002,8.2,2,261,34,205,0,0.49680735811051563,0.4703390990032029,success
1050,2000,8,1,6.0,2.0,0.01,0.7200000000000002,8.399999999999999,2,255,33,212,0,0.4821181885328081,0.4723240110611802,success
1051,2000,8,1,6.0,2.0,0.01,0.7200000000000002,8.599999999999998,2,247,33,220,0,0.46877235038564996,0.4711492229855499,success
1052,2000,8,1,6.0,2.0,0.01,0.7200000000000002,8.799999999999997,2,240,31,229,0,0.4493088488013298,0.4701139189539705,success
1053,2000,8,1,6.0,2.0,0.01,0.7200000000000002,8.999999999999998,2,235,32,233,0,0.44245332985897545,0.4694175112516004,success
1054,2000,8,1,6.0,2.0,0.01,0.7200000000000002,9.199999999999998,2,231,32,237,0,0.4237463378816152,0.4652532386812463,success
1055,2000,8,1,6.0,2.0,0.01,0.7200000000000002,9.399999999999999,2,217,31,252,0,0.4169146428297766,0.46265901047425045,success
1056,2000,8,1,6.0,2.0,0.01,0.7200000000000002,9.599999999999998,2,210,29,261,0,0.41743522414856565,0.4627813688294935,success
1059,2000,8,1,6.0,2.0,0.01,0.7300000000000002,1.0,2,489,11,0,0,,,success
1057,2000,8,1,6.0,2.0,0.01,0.7200000000000002,9.799999999999997,2,215,32,253,0,0.39277589773208343,0.4568315841254465,success
1060,2000,8,1,6.0,2.0,0.01,0.7300000000000002,1.2,2,483,16,1,0,1.0,,success
1061,2000,8,1,6.0,2.0,0.01,0.7300000000000002,1.4,2,474,23,3,0,1.0,0.0,success
1062,2000,8,1,6.0,2.0,0.01,0.7300000000000002,1.5999999999999999,2,471,24,5,0,1.0,0.0,success
1063,2000,8,1,6.0,2.0,0.01,0.7300000000000002,1.7999999999999998,2,467,24,9,0,1.0,0.0,success
1064,2000,8,1,6.0,2.0,0.01,0.7300000000000002,1.9999999999999998,2,464,25,11,0,1.0,0.0,success
1065,2000,8,1,6.0,2.0,0.01,0.7300000000000002,2.1999999999999997,2,453,29,18,0,1.0,0.0,success
1058,2000,8,1,6.0,2.0,0.01,0.7200000000000002,9.999999999999998,2,207,32,261,0,0.3901383993399366,0.4582925100254413,success
1066,2000,8,1,6.0,2.0,0.01,0.7300000000000002,2.3999999999999995,2,445,30,25,0,1.0,0.0,success
1067,2000,8,1,6.0,2.0,0.01,0.7300000000000002,2.5999999999999996,2,443,33,24,0,1.0,0.0,success
1068,2000,8,1,6.0,2.0,0.01,0.7300000000000002,2.8,2,436,35,29,0,1.0,0.0,success
1069,2000,8,1,6.0,2.0,0.01,0.7300000000000002,2.9999999999999996,2,433,34,33,0,1.0,0.0,success
1070,2000,8,1,6.0,2.0,0.01,0.7300000000000002,3.1999999999999993,2,424,35,41,0,0.9823980758434477,0.07928223261923359,success
1072,2000,8,1,6.0,2.0,0.01,0.7300000000000002,3.5999999999999996,2,411,38,51,0,0.9886568619743028,0.057386952204982376,success
1071,2000,8,1,6.0,2.0,0.01,0.7300000000000002,3.3999999999999995,2,420,37,43,0,0.9841980122160215,0.07373731144827245,success
1073,2000,8,1,6.0,2.0,0.01,0.7300000000000002,3.7999999999999994,2,404,36,60,0,0.9610414168339005,0.1519390639689461,success
1074,2000,8,1,6.0,2.0,0.01,0.7300000000000002,3.999999999999999,2,400,37,63,0,0.9702846735242736,0.1413657666740871,success
1075,2000,8,1,6.0,2.0,0.01,0.7300000000000002,4.199999999999999,2,393,36,71,0,0.9289988472915492,0.23711294109397435,success
1076,2000,8,1,6.0,2.0,0.01,0.7300000000000002,4.3999999999999995,2,389,38,73,0,0.9313078213488973,0.2349195893264286,success
1077,2000,8,1,6.0,2.0,0.01,0.7300000000000002,4.6,2,382,40,78,0,0.9141760436973966,0.25356274511189036,success
1078,2000,8,1,6.0,2.0,0.01,0.7300000000000002,4.799999999999999,2,380,36,84,0,0.9275496207972443,0.22508660626553362,success
1079,2000,8,1,6.0,2.0,0.01,0.7300000000000002,4.999999999999999,2,374,36,90,0,0.9151496141791549,0.25505669414416515,success
1080,2000,8,1,6.0,2.0,0.01,0.7300000000000002,5.199999999999999,2,371,37,92,0,0.8823324165965469,0.299437783259984,success
1081,2000,8,1,6.0,2.0,0.01,0.7300000000000002,5.399999999999999,2,361,40,99,0,0.8181840708148328,0.3652730664487784,success
1082,2000,8,1,6.0,2.0,0.01,0.7300000000000002,5.599999999999999,2,354,39,107,0,0.8121471888593359,0.3705151396947506,success
1083,2000,8,1,6.0,2.0,0.01,0.7300000000000002,5.799999999999999,2,348,42,110,0,0.8128675773543493,0.3682568408170003,success
1084,2000,8,1,6.0,2.0,0.01,0.7300000000000002,5.999999999999999,2,341,42,117,0,0.8197855208853078,0.3678799635208232,success
1085,2000,8,1,6.0,2.0,0.01,0.7300000000000002,6.199999999999999,2,329,41,130,0,0.7702191685116733,0.40159055984265296,success
1086,2000,8,1,6.0,2.0,0.01,0.7300000000000002,6.399999999999999,2,327,40,133,0,0.750569470487658,0.4107961428083531,success
1087,2000,8,1,6.0,2.0,0.01,0.7300000000000002,6.599999999999999,2,320,37,143,0,0.7052725199711349,0.4371117545105168,success
1088,2000,8,1,6.0,2.0,0.01,0.7300000000000002,6.799999999999999,2,309,36,155,0,0.6584009537051689,0.4516893240250043,success
1089,2000,8,1,6.0,2.0,0.01,0.7300000000000002,6.999999999999998,2,302,33,165,0,0.6284491898669764,0.45837822538878875,success
1090,2000,8,1,6.0,2.0,0.01,0.7300000000000002,7.199999999999998,2,301,32,167,0,0.6014999769272845,0.4637711339245964,success
1091,2000,8,1,6.0,2.0,0.01,0.7300000000000002,7.399999999999999,2,289,30,181,0,0.5610649101042383,0.4707921939339282,success
1092,2000,8,1,6.0,2.0,0.01,0.7300000000000002,7.599999999999999,2,285,31,184,0,0.5359659088783448,0.4737006321519132,success
1093,2000,8,1,6.0,2.0,0.01,0.7300000000000002,7.799999999999999,2,276,32,192,0,0.5239923163622747,0.47359206696760286,success
1094,2000,8,1,6.0,2.0,0.01,0.7300000000000002,7.999999999999998,2,265,32,203,0,0.512106571471766,0.4723588605680491,success
1095,2000,8,1,6.0,2.0,0.01,0.7300000000000002,8.2,2,261,34,205,0,0.49660034833602573,0.47015583661058125,success
1096,2000,8,1,6.0,2.0,0.01,0.7300000000000002,8.399999999999999,2,255,33,212,0,0.48148574371826935,0.47177035638146203,success
1097,2000,8,1,6.0,2.0,0.01,0.7300000000000002,8.599999999999998,2,247,33,220,0,0.4688246062959408,0.4711858202163548,success
1098,2000,8,1,6.0,2.0,0.01,0.7300000000000002,8.799999999999997,2,240,31,229,0,0.4493088488013298,0.4701139189539705,success
1100,2000,8,1,6.0,2.0,0.01,0.7300000000000002,9.199999999999998,2,231,32,237,0,0.4238805801995892,0.46539601576410466,success
1099,2000,8,1,6.0,2.0,0.01,0.7300000000000002,8.999999999999998,2,235,32,233,0,0.4425898767660993,0.46955599784255747,success
1106,2000,8,1,6.0,2.0,0.01,0.7400000000000002,1.2,2,482,17,1,0,1.0,,success
1105,2000,8,1,6.0,2.0,0.01,0.7400000000000002,1.0,2,488,12,0,0,,,success
1107,2000,8,1,6.0,2.0,0.01,0.7400000000000002,1.4,2,473,24,3,0,1.0,0.0,success
1101,2000,8,1,6.0,2.0,0.01,0.7300000000000002,9.399999999999999,2,217,31,252,0,0.41704089408422007,0.4627958808471148,success
1108,2000,8,1,6.0,2.0,0.01,0.7400000000000002,1.5999999999999999,2,470,25,5,0,1.0,0.0,success
1102,2000,8,1,6.0,2.0,0.01,0.7300000000000002,9.599999999999998,2,210,29,261,0,0.41755589910202195,0.46291214288939836,success
1103,2000,8,1,6.0,2.0,0.01,0.7300000000000002,9.799999999999997,2,215,32,253,0,0.3928972695275378,0.4569641503018164,success
1110,2000,8,1,6.0,2.0,0.01,0.7400000000000002,1.9999999999999998,2,464,25,11,0,1.0,0.0,success
1104,2000,8,1,6.0,2.0,0.01,0.7300000000000002,9.999999999999998,2,207,31,262,0,0.39180252185098957,0.45822573836597985,success
1109,2000,8,1,6.0,2.0,0.01,0.7400000000000002,1.7999999999999998,2,467,24,9,0,1.0,0.0,success
1111,2000,8,1,6.0,2.0,0.01,0.7400000000000002,2.1999999999999997,2,453,29,18,0,1.0,0.0,success
1112,2000,8,1,6.0,2.0,0.01,0.7400000000000002,2.3999999999999995,2,445,30,25,0,1.0,0.0,success
1113,2000,8,1,6.0,2.0,0.01,0.7400000000000002,2.5999999999999996,2,443,33,24,0,1.0,0.0,success
1114,2000,8,1,6.0,2.0,0.01,0.7400000000000002,2.8,2,436,35,29,0,1.0,0.0,success
1115,2000,8,1,6.0,2.0,0.01,0.7400000000000002,2.9999999999999996,2,433,34,33,0,1.0,0.0,success
1116,2000,8,1,6.0,2.0,0.01,0.7400000000000002,3.1999999999999993,2,424,35,41,0,0.9823980758434477,0.07928223261923359,success
1117,2000,8,1,6.0,2.0,0.01,0.7400000000000002,3.3999999999999995,2,420,37,43,0,0.9841980122160215,0.07373731144827245,success
1118,2000,8,1,6.0,2.0,0.01,0.7400000000000002,3.5999999999999996,2,411,38,51,0,0.9886568619743028,0.057386952204982376,success
1119,2000,8,1,6.0,2.0,0.01,0.7400000000000002,3.7999999999999994,2,404,36,60,0,0.9610414168339005,0.1519390639689461,success
1120,2000,8,1,6.0,2.0,0.01,0.7400000000000002,3.999999999999999,2,400,37,63,0,0.9702846735242736,0.1413657666740871,success
1121,2000,8,1,6.0,2.0,0.01,0.7400000000000002,4.199999999999999,2,393,36,71,0,0.9289988472915492,0.23711294109397435,success
1122,2000,8,1,6.0,2.0,0.01,0.7400000000000002,4.3999999999999995,2,389,38,73,0,0.9313078213488973,0.2349195893264286,success
1123,2000,8,1,6.0,2.0,0.01,0.7400000000000002,4.6,2,382,40,78,0,0.910740353002464,0.2541995032559712,success
1125,2000,8,1,6.0,2.0,0.01,0.7400000000000002,4.999999999999999,2,374,36,90,0,0.9121720155768799,0.2556186364874641,success
1124,2000,8,1,6.0,2.0,0.01,0.7400000000000002,4.799999999999999,2,380,36,84,0,0.9243593365805212,0.22594486245163942,success
1127,2000,8,1,6.0,2.0,0.01,0.7400000000000002,5.399999999999999,2,361,40,99,0,0.8154771629945828,0.36490472556017295,success
1126,2000,8,1,6.0,2.0,0.01,0.7400000000000002,5.199999999999999,2,371,37,92,0,0.8794195483986692,0.29958396895453054,success
1128,2000,8,1,6.0,2.0,0.01,0.7400000000000002,5.599999999999999,2,354,39,107,0,0.8117838300491342,0.37057503564449723,success
1129,2000,8,1,6.0,2.0,0.01,0.7400000000000002,5.799999999999999,2,348,42,110,0,0.8125141283298802,0.36831614797614737,success
1130,2000,8,1,6.0,2.0,0.01,0.7400000000000002,5.999999999999999,2,341,42,117,0,0.8194532183836701,0.36794206055824213,success
1131,2000,8,1,6.0,2.0,0.01,0.7400000000000002,6.199999999999999,2,329,41,130,0,0.7699200962601994,0.4016045291217948,success
1132,2000,8,1,6.0,2.0,0.01,0.7400000000000002,6.399999999999999,2,327,40,133,0,0.7502019562568942,0.41093004887297574,success
1133,2000,8,1,6.0,2.0,0.01,0.7400000000000002,6.599999999999999,2,320,37,143,0,0.7050006361061587,0.43708274004865083,success
1134,2000,8,1,6.0,2.0,0.01,0.7400000000000002,6.799999999999999,2,309,36,155,0,0.6581501189136103,0.4516372395843954,success
1135,2000,8,1,6.0,2.0,0.01,0.7400000000000002,6.999999999999998,2,302,33,165,0,0.6282135571839971,0.45831454200756466,success
1136,2000,8,1,6.0,2.0,0.01,0.7400000000000002,7.199999999999998,2,301,32,167,0,0.6012671661926045,0.4636953384011202,success
1137,2000,8,1,6.0,2.0,0.01,0.7400000000000002,7.399999999999999,2,289,30,181,0,0.5608501068296992,0.4707047863396678,success
1138,2000,8,1,6.0,2.0,0.01,0.7400000000000002,7.599999999999999,2,285,31,184,0,0.535754607831108,0.47360392723165023,success
1139,2000,8,1,6.0,2.0,0.01,0.7400000000000002,7.799999999999999,2,276,32,192,0,0.5237898195253394,0.473494246093597,success
1140,2000,8,1,6.0,2.0,0.01,0.7400000000000002,7.999999999999998,2,265,32,203,0,0.511915047369837,0.4722612837410387,success
1141,2000,8,1,6.0,2.0,0.01,0.7400000000000002,8.2,2,261,34,205,0,0.49638895820701334,0.4700365381832808,success
1142,2000,8,1,6.0,2.0,0.01,0.7400000000000002,8.399999999999999,2,255,33,212,0,0.48129390134379924,0.47165868437035036,success
1143,2000,8,1,6.0,2.0,0.01,0.7400000000000002,8.599999999999998,2,247,33,220,0,0.46864778750060754,0.4710792212858108,success
1144,2000,8,1,6.0,2.0,0.01,0.7400000000000002,8.799999999999997,2,240,31,229,0,0.44913906979394297,0.4700042780998492,success
1145,2000,8,1,6.0,2.0,0.01,0.7400000000000002,8.999999999999998,2,235,32,233,0,0.441601598405521,0.46863263225610874,success
1146,2000,8,1,6.0,2.0,0.01,0.7400000000000002,9.199999999999998,2,231,32,237,0,0.4228934863691727,0.46442803836717367,success
1147,2000,8,1,6.0,2.0,0.01,0.7400000000000002,9.399999999999999,2,217,31,252,0,0.4168679573699352,0.4626681535575678,success
1151,2000,8,1,6.0,2.0,0.01,0.7500000000000002,1.0,2,487,13,0,0,,,success
1148,2000,8,1,6.0,2.0,0.01,0.7400000000000002,9.599999999999998,2,210,29,261,0,0.4173976714122602,0.46279752892935505,success
1149,2000,8,1,6.0,2.0,0.01,0.7400000000000002,9.799999999999997,2,215,32,253,0,0.39275206612571806,0.456852969074433,success
1152,2000,8,1,6.0,2.0,0.01,0.7500000000000002,1.2,2,481,18,1,0,1.0,,success
1150,2000,8,1,6.0,2.0,0.01,0.7400000000000002,9.999999999999998,2,207,31,262,0,0.3916531533001175,0.45810784748192573,success
1153,2000,8,1,6.0,2.0,0.01,0.7500000000000002,1.4,2,471,26,3,0,1.0,0.0,success
1154,2000,8,1,6.0,2.0,0.01,0.7500000000000002,1.5999999999999999,2,468,27,5,0,1.0,0.0,success
1155,2000,8,1,6.0,2.0,0.01,0.7500000000000002,1.7999999999999998,2,466,25,9,0,1.0,0.0,success
1156,2000,8,1,6.0,2.0,0.01,0.7500000000000002,1.9999999999999998,2,463,26,11,0,1.0,0.0,success
1157,2000,8,1,6.0,2.0,0.01,0.7500000000000002,2.1999999999999997,2,453,29,18,0,1.0,0.0,success
1158,2000,8,1,6.0,2.0,0.01,0.7500000000000002,2.3999999999999995,2,445,30,25,0,1.0,0.0,success
1159,2000,8,1,6.0,2.0,0.01,0.7500000000000002,2.5999999999999996,2,443,33,24,0,1.0,0.0,success
1160,2000,8,1,6.0,2.0,0.01,0.7500000000000002,2.8,2,436,35,29,0,1.0,0.0,success
1161,2000,8,1,6.0,2.0,0.01,0.7500000000000002,2.9999999999999996,2,433,34,33,0,1.0,0.0,success
1163,2000,8,1,6.0,2.0,0.01,0.7500000000000002,3.3999999999999995,2,421,37,42,0,0.9838217744116411,0.07458934372018217,success
1162,2000,8,1,6.0,2.0,0.01,0.7500000000000002,3.1999999999999993,2,425,35,40,0,0.9819580277395339,0.0802415141189952,success
1165,2000,8,1,6.0,2.0,0.01,0.7500000000000002,3.7999999999999994,2,404,36,60,0,0.9610414168339005,0.1519390639689461,success
1164,2000,8,1,6.0,2.0,0.01,0.7500000000000002,3.5999999999999996,2,411,38,51,0,0.9886568619743028,0.057386952204982376,success
1168,2000,8,1,6.0,2.0,0.01,0.7500000000000002,4.3999999999999995,2,389,38,73,0,0.9313078213488973,0.2349195893264286,success
1166,2000,8,1,6.0,2.0,0.01,0.7500000000000002,3.999999999999999,2,400,37,63,0,0.9702846735242736,0.1413657666740871,success
1167,2000,8,1,6.0,2.0,0.01,0.7500000000000002,4.199999999999999,2,393,36,71,0,0.9289988472915492,0.23711294109397435,success
1169,2000,8,1,6.0,2.0,0.01,0.7500000000000002,4.6,2,382,40,78,0,0.910740353002464,0.2541995032559712,success
1171,2000,8,1,6.0,2.0,0.01,0.7500000000000002,4.999999999999999,2,374,36,90,0,0.9121720155768799,0.2556186364874641,success
1170,2000,8,1,6.0,2.0,0.01,0.7500000000000002,4.799999999999999,2,380,36,84,0,0.9243593365805212,0.22594486245163942,success
1172,2000,8,1,6.0,2.0,0.01,0.7500000000000002,5.199999999999999,2,371,37,92,0,0.8794195483986692,0.29958396895453054,success
1173,2000,8,1,6.0,2.0,0.01,0.7500000000000002,5.399999999999999,2,361,40,99,0,0.8154771629945828,0.36490472556017295,success
1174,2000,8,1,6.0,2.0,0.01,0.7500000000000002,5.599999999999999,2,354,39,107,0,0.8117838300491342,0.37057503564449723,success
1175,2000,8,1,6.0,2.0,0.01,0.7500000000000002,5.799999999999999,2,348,42,110,0,0.8125141283298802,0.36831614797614737,success
1176,2000,8,1,6.0,2.0,0.01,0.7500000000000002,5.999999999999999,2,341,42,117,0,0.8194532183836701,0.36794206055824213,success
1177,2000,8,1,6.0,2.0,0.01,0.7500000000000002,6.199999999999999,2,329,41,130,0,0.7699200962601994,0.4016045291217948,success
1178,2000,8,1,6.0,2.0,0.01,0.7500000000000002,6.399999999999999,2,327,40,133,0,0.7502019562568942,0.41093004887297574,success
1179,2000,8,1,6.0,2.0,0.01,0.7500000000000002,6.599999999999999,2,320,37,143,0,0.7050006361061587,0.43708274004865083,success
1180,2000,8,1,6.0,2.0,0.01,0.7500000000000002,6.799999999999999,2,309,36,155,0,0.6583091680606112,0.4516909703787933,success
1181,2000,8,1,6.0,2.0,0.01,0.7500000000000002,6.999999999999998,2,302,33,165,0,0.6283081703728807,0.45845848849673715,success
1182,2000,8,1,6.0,2.0,0.01,0.7500000000000002,7.199999999999998,2,301,32,167,0,0.6014865314974974,0.46391571189968767,success
1183,2000,8,1,6.0,2.0,0.01,0.7500000000000002,7.399999999999999,2,289,30,181,0,0.5611022414478442,0.47090642884299844,success
1184,2000,8,1,6.0,2.0,0.01,0.7500000000000002,7.599999999999999,2,285,31,184,0,0.5359995054607881,0.4738124176768095,success
1185,2000,8,1,6.0,2.0,0.01,0.7500000000000002,7.799999999999999,2,276,32,192,0,0.5240505939619764,0.473713522482306,success
1186,2000,8,1,6.0,2.0,0.01,0.7500000000000002,7.999999999999998,2,265,32,203,0,0.5119521968106348,0.47224849178796824,success
1188,2000,8,1,6.0,2.0,0.01,0.7500000000000002,8.399999999999999,2,255,33,212,0,0.4817405618627805,0.4719993515600431,success
1187,2000,8,1,6.0,2.0,0.01,0.7500000000000002,8.2,2,261,33,206,0,0.49798714083271356,0.4694503962942492,success
1189,2000,8,1,6.0,2.0,0.01,0.7500000000000002,8.599999999999998,2,247,33,220,0,0.4690593263470946,0.47145910809368013,success
1190,2000,8,1,6.0,2.0,0.01,0.7500000000000002,8.799999999999997,2,240,30,230,0,0.4510175062305421,0.46984920071853375,success
1191,2000,8,1,6.0,2.0,0.01,0.7500000000000002,8.999999999999998,2,235,32,233,0,0.44139252955894714,0.46838518254089423,success
1192,2000,8,1,6.0,2.0,0.01,0.7500000000000002,9.199999999999998,2,231,31,238,0,0.42495283297081543,0.46450657792949035,success
1197,2000,8,1,6.0,2.0,0.01,0.7600000000000002,1.0,2,486,14,0,0,,,success
1198,2000,8,1,6.0,2.0,0.01,0.7600000000000002,1.2,2,480,19,1,0,1.0,,success
1193,2000,8,1,6.0,2.0,0.01,0.7500000000000002,9.399999999999999,2,217,31,252,0,0.4170998088097516,0.4628755189765363,success
1199,2000,8,1,6.0,2.0,0.01,0.7600000000000002,1.4,2,472,25,3,0,1.0,0.0,success
1200,2000,8,1,6.0,2.0,0.01,0.7600000000000002,1.5999999999999999,2,469,26,5,0,1.0,0.0,success
1201,2000,8,1,6.0,2.0,0.01,0.7600000000000002,1.7999999999999998,2,466,25,9,0,1.0,0.0,success
1202,2000,8,1,6.0,2.0,0.01,0.7600000000000002,1.9999999999999998,2,463,26,11,0,1.0,0.0,success
1203,2000,8,1,6.0,2.0,0.01,0.7600000000000002,2.1999999999999997,2,453,29,18,0,1.0,0.0,success
1194,2000,8,1,6.0,2.0,0.01,0.7500000000000002,9.599999999999998,2,210,29,261,0,0.4174901129826293,0.4628709557561293,success
1195,2000,8,1,6.0,2.0,0.01,0.7500000000000002,9.799999999999997,2,215,32,253,0,0.39277834662977196,0.4568831231645886,success
1196,2000,8,1,6.0,2.0,0.01,0.7500000000000002,9.999999999999998,2,207,31,262,0,0.39225803902638906,0.4586857909786396,success
1204,2000,8,1,6.0,2.0,0.01,0.7600000000000002,2.3999999999999995,2,445,30,25,0,1.0,0.0,success
1205,2000,8,1,6.0,2.0,0.01,0.7600000000000002,2.5999999999999996,2,443,33,24,0,1.0,0.0,success
1206,2000,8,1,6.0,2.0,0.01,0.7600000000000002,2.8,2,436,35,29,0,1.0,0.0,success
1207,2000,8,1,6.0,2.0,0.01,0.7600000000000002,2.9999999999999996,2,433,34,33,0,1.0,0.0,success
1208,2000,8,1,6.0,2.0,0.01,0.7600000000000002,3.1999999999999993,2,425,35,40,0,0.9819580277395339,0.0802415141189952,success
1209,2000,8,1,6.0,2.0,0.01,0.7600000000000002,3.3999999999999995,2,421,37,42,0,0.9838217744116411,0.07458934372018217,success
1210,2000,8,1,6.0,2.0,0.01,0.7600000000000002,3.5999999999999996,2,411,38,51,0,0.9886568619743028,0.057386952204982376,success
1211,2000,8,1,6.0,2.0,0.01,0.7600000000000002,3.7999999999999994,2,404,36,60,0,0.9610414168339005,0.1519390639689461,success
1212,2000,8,1,6.0,2.0,0.01,0.7600000000000002,3.999999999999999,2,400,37,63,0,0.9702846735242736,0.1413657666740871,success
1213,2000,8,1,6.0,2.0,0.01,0.7600000000000002,4.199999999999999,2,393,36,71,0,0.9289988472915492,0.23711294109397435,success
1214,2000,8,1,6.0,2.0,0.01,0.7600000000000002,4.3999999999999995,2,389,38,73,0,0.9313078213488973,0.2349195893264286,success
1215,2000,8,1,6.0,2.0,0.01,0.7600000000000002,4.6,2,382,40,78,0,0.910740353002464,0.2541995032559712,success
1216,2000,8,1,6.0,2.0,0.01,0.7600000000000002,4.799999999999999,2,380,36,84,0,0.9243593365805212,0.22594486245163942,success
1217,2000,8,1,6.0,2.0,0.01,0.7600000000000002,4.999999999999999,2,374,36,90,0,0.9121720155768799,0.2556186364874641,success
1218,2000,8,1,6.0,2.0,0.01,0.7600000000000002,5.199999999999999,2,371,37,92,0,0.8794195483986692,0.29958396895453054,success
1219,2000,8,1,6.0,2.0,0.01,0.7600000000000002,5.399999999999999,2,361,40,99,0,0.8154771629945828,0.36490472556017295,success
1220,2000,8,1,6.0,2.0,0.01,0.7600000000000002,5.599999999999999,2,354,39,107,0,0.8117838300491342,0.37057503564449723,success
1221,2000,8,1,6.0,2.0,0.01,0.7600000000000002,5.799999999999999,2,348,42,110,0,0.8125141283298802,0.36831614797614737,success
1222,2000,8,1,6.0,2.0,0.01,0.7600000000000002,5.999999999999999,2,341,42,117,0,0.8194532183836701,0.36794206055824213,success
1224,2000,8,1,6.0,2.0,0.01,0.7600000000000002,6.399999999999999,2,327,40,133,0,0.7502019562568942,0.41093004887297574,success
1223,2000,8,1,6.0,2.0,0.01,0.7600000000000002,6.199999999999999,2,329,42,129,0,0.7681365311149295,0.4026530414893026,success
1225,2000,8,1,6.0,2.0,0.01,0.7600000000000002,6.599999999999999,2,320,37,143,0,0.7050006361061587,0.43708274004865083,success
1226,2000,8,1,6.0,2.0,0.01,0.7600000000000002,6.799999999999999,2,309,36,155,0,0.6583091680606112,0.4516909703787933,success
1227,2000,8,1,6.0,2.0,0.01,0.7600000000000002,6.999999999999998,2,301,33,166,0,0.6245834223585862,0.4595795733656878,success
1229,2000,8,1,6.0,2.0,0.01,0.7600000000000002,7.399999999999999,2,288,30,182,0,0.5581143687052795,0.4714075494768672,success
1228,2000,8,1,6.0,2.0,0.01,0.7600000000000002,7.199999999999998,2,300,32,168,0,0.5980331102520848,0.46481592890276474,success
1231,2000,8,1,6.0,2.0,0.01,0.7600000000000002,7.799999999999999,2,276,32,192,0,0.5240938430180053,0.47374858441360446,success
1230,2000,8,1,6.0,2.0,0.01,0.7600000000000002,7.599999999999999,2,285,31,184,0,0.5360498498879371,0.47385370244875846,success
1233,2000,8,1,6.0,2.0,0.01,0.7600000000000002,8.2,2,261,33,206,0,0.4980346593693287,0.4694905653388401,success
1232,2000,8,1,6.0,2.0,0.01,0.7600000000000002,7.999999999999998,2,265,32,203,0,0.5119726655504029,0.4722683668057625,success
1234,2000,8,1,6.0,2.0,0.01,0.7600000000000002,8.399999999999999,2,255,33,212,0,0.48177312410504497,0.4720290216862215,success
1235,2000,8,1,6.0,2.0,0.01,0.7600000000000002,8.599999999999998,2,248,33,219,0,0.46671998500637935,0.47125235351214223,success
1236,2000,8,1,6.0,2.0,0.01,0.7600000000000002,8.799999999999997,2,240,30,230,0,0.4510396636513638,0.46987473793649454,success
1237,2000,8,1,6.0,2.0,0.01,0.7600000000000002,8.999999999999998,2,235,32,233,0,0.4411804016603617,0.4682153931218398,success
1238,2000,8,1,6.0,2.0,0.01,0.7600000000000002,9.199999999999998,2,231,31,238,0,0.4253561237648102,0.4649200367994725,success
1239,2000,8,1,6.0,2.0,0.01,0.7600000000000002,9.399999999999999,2,216,31,253,0,0.41947344458234864,0.46347758194705174,success
1243,2000,8,1,6.0,2.0,0.01,0.7700000000000002,1.0,2,486,14,0,0,,,success
1240,2000,8,1,6.0,2.0,0.01,0.7600000000000002,9.599999999999998,2,209,29,262,0,0.4197586515017607,0.46342719162870755,success
1241,2000,8,1,6.0,2.0,0.01,0.7600000000000002,9.799999999999997,2,215,32,253,0,0.3928256704519719,0.45693311177763535,success
1244,2000,8,1,6.0,2.0,0.01,0.7700000000000002,1.2,2,480,19,1,0,1.0,,success
1245,2000,8,1,6.0,2.0,0.01,0.7700000000000002,1.4,2,472,25,3,0,1.0,0.0,success
1246,2000,8,1,6.0,2.0,0.01,0.7700000000000002,1.5999999999999999,2,469,26,5,0,1.0,0.0,success
1247,2000,8,1,6.0,2.0,0.01,0.7700000000000002,1.7999999999999998,2,466,25,9,0,1.0,0.0,success
1242,2000,8,1,6.0,2.0,0.01,0.7600000000000002,9.999999999999998,2,207,31,262,0,0.3923031504829838,0.45873280350444284,success
1248,2000,8,1,6.0,2.0,0.01,0.7700000000000002,1.9999999999999998,2,463,26,11,0,1.0,0.0,success
1249,2000,8,1,6.0,2.0,0.01,0.7700000000000002,2.1999999999999997,2,453,29,18,0,1.0,0.0,success
1250,2000,8,1,6.0,2.0,0.01,0.7700000000000002,2.3999999999999995,2,445,30,25,0,1.0,0.0,success
1251,2000,8,1,6.0,2.0,0.01,0.7700000000000002,2.5999999999999996,2,443,33,24,0,1.0,0.0,success
1252,2000,8,1,6.0,2.0,0.01,0.7700000000000002,2.8,2,436,35,29,0,1.0,0.0,success
1253,2000,8,1,6.0,2.0,0.01,0.7700000000000002,2.9999999999999996,2,433,34,33,0,1.0,0.0,success
1254,2000,8,1,6.0,2.0,0.01,0.7700000000000002,3.1999999999999993,2,425,35,40,0,0.9819580277395339,0.0802415141189952,success
1255,2000,8,1,6.0,2.0,0.01,0.7700000000000002,3.3999999999999995,2,421,37,42,0,0.9838217744116411,0.07458934372018217,success
1256,2000,8,1,6.0,2.0,0.01,0.7700000000000002,3.5999999999999996,2,411,38,51,0,0.9886568619743028,0.057386952204982376,success
1257,2000,8,1,6.0,2.0,0.01,0.7700000000000002,3.7999999999999994,2,404,36,60,0,0.9610414168339005,0.1519390639689461,success
1258,2000,8,1,6.0,2.0,0.01,0.7700000000000002,3.999999999999999,2,400,37,63,0,0.9702846735242736,0.1413657666740871,success
1259,2000,8,1,6.0,2.0,0.01,0.7700000000000002,4.199999999999999,2,393,36,71,0,0.9289988472915492,0.23711294109397435,success
1262,2000,8,1,6.0,2.0,0.01,0.7700000000000002,4.799999999999999,2,380,36,84,0,0.9243593365805212,0.22594486245163942,success
1260,2000,8,1,6.0,2.0,0.01,0.7700000000000002,4.3999999999999995,2,389,38,73,0,0.9313078213488973,0.2349195893264286,success
1261,2000,8,1,6.0,2.0,0.01,0.7700000000000002,4.6,2,382,40,78,0,0.910740353002464,0.2541995032559712,success
1263,2000,8,1,6.0,2.0,0.01,0.7700000000000002,4.999999999999999,2,374,36,90,0,0.9121720155768799,0.2556186364874641,success
1264,2000,8,1,6.0,2.0,0.01,0.7700000000000002,5.199999999999999,2,371,37,92,0,0.8794195483986692,0.29958396895453054,success
1265,2000,8,1,6.0,2.0,0.01,0.7700000000000002,5.399999999999999,2,361,40,99,0,0.8154771629945828,0.36490472556017295,success
1266,2000,8,1,6.0,2.0,0.01,0.7700000000000002,5.599999999999999,2,354,39,107,0,0.8117838300491342,0.37057503564449723,success
1267,2000,8,1,6.0,2.0,0.01,0.7700000000000002,5.799999999999999,2,348,42,110,0,0.8125141283298802,0.36831614797614737,success
1268,2000,8,1,6.0,2.0,0.01,0.7700000000000002,5.999999999999999,2,341,42,117,0,0.8194532183836701,0.36794206055824213,success
1269,2000,8,1,6.0,2.0,0.01,0.7700000000000002,6.199999999999999,2,329,42,129,0,0.7681365311149295,0.4026530414893026,success
1271,2000,8,1,6.0,2.0,0.01,0.7700000000000002,6.599999999999999,2,320,37,143,0,0.7050006361061587,0.43708274004865083,success
1270,2000,8,1,6.0,2.0,0.01,0.7700000000000002,6.399999999999999,2,327,40,133,0,0.7502019562568942,0.41093004887297574,success
1272,2000,8,1,6.0,2.0,0.01,0.7700000000000002,6.799999999999999,2,309,36,155,0,0.6583091680606112,0.4516909703787933,success
1274,2000,8,1,6.0,2.0,0.01,0.7700000000000002,7.199999999999998,2,300,32,168,0,0.5980331102520848,0.46481592890276474,success
1275,2000,8,1,6.0,2.0,0.01,0.7700000000000002,7.399999999999999,2,288,30,182,0,0.5581143687052795,0.4714075494768672,success
1273,2000,8,1,6.0,2.0,0.01,0.7700000000000002,6.999999999999998,2,301,33,166,0,0.6245834223585862,0.4595795733656878,success
1276,2000,8,1,6.0,2.0,0.01,0.7700000000000002,7.599999999999999,2,285,31,184,0,0.5360498498879371,0.47385370244875846,success
1277,2000,8,1,6.0,2.0,0.01,0.7700000000000002,7.799999999999999,2,276,32,192,0,0.5240938430180053,0.47374858441360446,success
1278,2000,8,1,6.0,2.0,0.01,0.7700000000000002,7.999999999999998,2,265,32,203,0,0.5119726655504029,0.4722683668057625,success
1279,2000,8,1,6.0,2.0,0.01,0.7700000000000002,8.2,2,262,33,205,0,0.49581376335231736,0.46955411808667225,success
1280,2000,8,1,6.0,2.0,0.01,0.7700000000000002,8.399999999999999,2,255,33,212,0,0.48177312410504497,0.4720290216862215,success
1281,2000,8,1,6.0,2.0,0.01,0.7700000000000002,8.599999999999998,2,248,33,219,0,0.4669092550176279,0.4714656354300879,success
1282,2000,8,1,6.0,2.0,0.01,0.7700000000000002,8.799999999999997,2,240,30,230,0,0.4510340740158544,0.46987054506661996,success
1283,2000,8,1,6.0,2.0,0.01,0.7700000000000002,8.999999999999998,2,235,32,233,0,0.44117843577447724,0.4682138678773684,success
1284,2000,8,1,6.0,2.0,0.01,0.7700000000000002,9.199999999999998,2,231,31,238,0,0.4253561237648102,0.4649200367994725,success
1289,2000,8,1,6.0,2.0,0.01,0.7800000000000002,1.0,2,486,14,0,0,,,success
1290,2000,8,1,6.0,2.0,0.01,0.7800000000000002,1.2,2,480,19,1,0,1.0,,success
1285,2000,8,1,6.0,2.0,0.01,0.7700000000000002,9.399999999999999,2,216,31,253,0,0.4194734446118512,0.4634775819597365,success
1291,2000,8,1,6.0,2.0,0.01,0.7800000000000002,1.4,2,472,25,3,0,1.0,0.0,success
1292,2000,8,1,6.0,2.0,0.01,0.7800000000000002,1.5999999999999999,2,469,26,5,0,1.0,0.0,success
1286,2000,8,1,6.0,2.0,0.01,0.7700000000000002,9.599999999999998,2,209,29,262,0,0.4197746825495433,0.46344146764902766,success
1293,2000,8,1,6.0,2.0,0.01,0.7800000000000002,1.7999999999999998,2,466,25,9,0,1.0,0.0,success
1287,2000,8,1,6.0,2.0,0.01,0.7700000000000002,9.799999999999997,2,215,32,253,0,0.3928181455614425,0.4569266787652371,success
1294,2000,8,1,6.0,2.0,0.01,0.7800000000000002,1.9999999999999998,2,463,26,11,0,1.0,0.0,success
1295,2000,8,1,6.0,2.0,0.01,0.7800000000000002,2.1999999999999997,2,453,29,18,0,1.0,0.0,success
1296,2000,8,1,6.0,2.0,0.01,0.7800000000000002,2.3999999999999995,2,445,30,25,0,1.0,0.0,success
1297,2000,8,1,6.0,2.0,0.01,0.7800000000000002,2.5999999999999996,2,443,33,24,0,1.0,0.0,success
1288,2000,8,1,6.0,2.0,0.01,0.7700000000000002,9.999999999999998,2,207,31,262,0,0.39230771122253577,0.45873807503723923,success
1298,2000,8,1,6.0,2.0,0.01,0.7800000000000002,2.8,2,436,35,29,0,1.0,0.0,success
1299,2000,8,1,6.0,2.0,0.01,0.7800000000000002,2.9999999999999996,2,433,34,33,0,1.0,0.0,success
1300,2000,8,1,6.0,2.0,0.01,0.7800000000000002,3.1999999999999993,2,425,35,40,0,0.9819580277395339,0.0802415141189952,success
1302,2000,8,1,6.0,2.0,0.01,0.7800000000000002,3.5999999999999996,2,411,38,51,0,0.9886568619743028,0.057386952204982376,success
1301,2000,8,1,6.0,2.0,0.01,0.7800000000000002,3.3999999999999995,2,421,37,42,0,0.9838217744116411,0.07458934372018217,success
1303,2000,8,1,6.0,2.0,0.01,0.7800000000000002,3.7999999999999994,2,404,36,60,0,0.9610414168339005,0.1519390639689461,success
1304,2000,8,1,6.0,2.0,0.01,0.7800000000000002,3.999999999999999,2,400,37,63,0,0.9702846735242736,0.1413657666740871,success
1305,2000,8,1,6.0,2.0,0.01,0.7800000000000002,4.199999999999999,2,393,36,71,0,0.9289988472915492,0.23711294109397435,success
1306,2000,8,1,6.0,2.0,0.01,0.7800000000000002,4.3999999999999995,2,389,38,73,0,0.9313078213488973,0.2349195893264286,success
1307,2000,8,1,6.0,2.0,0.01,0.7800000000000002,4.6,2,382,40,78,0,0.910740353002464,0.2541995032559712,success
1308,2000,8,1,6.0,2.0,0.01,0.7800000000000002,4.799999999999999,2,380,36,84,0,0.9243593365805212,0.22594486245163942,success
1309,2000,8,1,6.0,2.0,0.01,0.7800000000000002,4.999999999999999,2,374,36,90,0,0.9126760283004485,0.2554326614155973,success
1310,2000,8,1,6.0,2.0,0.01,0.7800000000000002,5.199999999999999,2,372,37,91,0,0.8894171384373488,0.2868510863646847,success
1311,2000,8,1,6.0,2.0,0.01,0.7800000000000002,5.399999999999999,2,362,39,99,0,0.8254266579440778,0.3561804130750922,success
1312,2000,8,1,6.0,2.0,0.01,0.7800000000000002,5.599999999999999,2,354,38,108,0,0.8135265723634939,0.3692836986678946,success
1313,2000,8,1,6.0,2.0,0.01,0.7800000000000002,5.799999999999999,2,348,42,110,0,0.8125141283298802,0.36831614797614737,success
1314,2000,8,1,6.0,2.0,0.01,0.7800000000000002,5.999999999999999,2,341,42,117,0,0.8194532183836701,0.36794206055824213,success
1315,2000,8,1,6.0,2.0,0.01,0.7800000000000002,6.199999999999999,2,330,42,128,0,0.7740985352642651,0.3984778637658565,success
1317,2000,8,1,6.0,2.0,0.01,0.7800000000000002,6.599999999999999,2,320,37,143,0,0.7050006361061587,0.43708274004865083,success
1316,2000,8,1,6.0,2.0,0.01,0.7800000000000002,6.399999999999999,2,328,40,132,0,0.7558474256224768,0.40728527521569946,success
1318,2000,8,1,6.0,2.0,0.01,0.7800000000000002,6.799999999999999,2,309,36,155,0,0.6583091680606112,0.4516909703787933,success
1319,2000,8,1,6.0,2.0,0.01,0.7800000000000002,6.999999999999998,2,301,33,166,0,0.6245834223585862,0.4595795733656878,success
1321,2000,8,1,6.0,2.0,0.01,0.7800000000000002,7.399999999999999,2,287,30,183,0,0.560529044286125,0.4712441736899656,success
1320,2000,8,1,6.0,2.0,0.01,0.7800000000000002,7.199999999999998,2,300,32,168,0,0.5980331102520848,0.46481592890276474,success
1322,2000,8,1,6.0,2.0,0.01,0.7800000000000002,7.599999999999999,2,285,31,184,0,0.5360498498879371,0.47385370244875846,success
1323,2000,8,1,6.0,2.0,0.01,0.7800000000000002,7.799999999999999,2,276,32,192,0,0.5240938750445757,0.47374859093694344,success
1324,2000,8,1,6.0,2.0,0.01,0.7800000000000002,7.999999999999998,2,264,32,204,0,0.5095120152290774,0.47241283114618904,success
1325,2000,8,1,6.0,2.0,0.01,0.7800000000000002,8.2,2,262,33,205,0,0.49546590466737117,0.4698793793183815,success
1326,2000,8,1,6.0,2.0,0.01,0.7800000000000002,8.399999999999999,2,255,33,212,0,0.48149010523712044,0.4722949949061395,success
1327,2000,8,1,6.0,2.0,0.01,0.7800000000000002,8.599999999999998,2,248,33,219,0,0.4668865533940819,0.47148782351625673,success
1328,2000,8,1,6.0,2.0,0.01,0.7800000000000002,8.799999999999997,2,240,30,230,0,0.45098796632815574,0.4698687159275147,success
1329,2000,8,1,6.0,2.0,0.01,0.7800000000000002,8.999999999999998,2,235,32,233,0,0.4411571412550342,0.46823372660776247,success
1330,2000,8,1,6.0,2.0,0.01,0.7800000000000002,9.199999999999998,2,231,32,237,0,0.42309072352709365,0.4646284710206429,success
1331,2000,8,1,6.0,2.0,0.01,0.7800000000000002,9.399999999999999,2,216,32,252,0,0.4173855892716223,0.4632462635429316,success
1335,2000,8,1,6.0,2.0,0.01,0.7900000000000003,1.0,2,486,14,0,0,,,success
1332,2000,8,1,6.0,2.0,0.01,0.7800000000000002,9.599999999999998,2,209,29,262,0,0.41975935840653844,0.4634621405129446,success
1337,2000,8,1,6.0,2.0,0.01,0.7900000000000003,1.4,2,472,25,3,0,1.0,0.0,success
1336,2000,8,1,6.0,2.0,0.01,0.7900000000000003,1.2,2,480,19,1,0,1.0,,success
1338,2000,8,1,6.0,2.0,0.01,0.7900000000000003,1.5999999999999999,2,469,26,5,0,1.0,0.0,success
1333,2000,8,1,6.0,2.0,0.01,0.7800000000000002,9.799999999999997,2,215,32,253,0,0.39279894499590906,0.4569424551465763,success
1339,2000,8,1,6.0,2.0,0.01,0.7900000000000003,1.7999999999999998,2,466,25,9,0,1.0,0.0,success
1334,2000,8,1,6.0,2.0,0.01,0.7800000000000002,9.999999999999998,2,207,31,262,0,0.3922740679063626,0.4587413690184655,success
1340,2000,8,1,6.0,2.0,0.01,0.7900000000000003,1.9999999999999998,2,463,26,11,0,1.0,0.0,success
1341,2000,8,1,6.0,2.0,0.01,0.7900000000000003,2.1999999999999997,2,453,29,18,0,1.0,0.0,success
1342,2000,8,1,6.0,2.0,0.01,0.7900000000000003,2.3999999999999995,2,445,30,25,0,1.0,0.0,success
1343,2000,8,1,6.0,2.0,0.01,0.7900000000000003,2.5999999999999996,2,443,33,24,0,1.0,0.0,success
1344,2000,8,1,6.0,2.0,0.01,0.7900000000000003,2.8,2,436,35,29,0,1.0,0.0,success
1345,2000,8,1,6.0,2.0,0.01,0.7900000000000003,2.9999999999999996,2,433,34,33,0,1.0,0.0,success
1346,2000,8,1,6.0,2.0,0.01,0.7900000000000003,3.1999999999999993,2,425,35,40,0,0.9758298938871375,0.08782974665451847,success
1347,2000,8,1,6.0,2.0,0.01,0.7900000000000003,3.3999999999999995,2,421,37,42,0,0.9838217744116411,0.07458934372018217,success
1348,2000,8,1,6.0,2.0,0.01,0.7900000000000003,3.5999999999999996,2,411,38,51,0,0.9886568619743028,0.057386952204982376,success
1349,2000,8,1,6.0,2.0,0.01,0.7900000000000003,3.7999999999999994,2,404,36,60,0,0.9610414168339005,0.1519390639689461,success
1350,2000,8,1,6.0,2.0,0.01,0.7900000000000003,3.999999999999999,2,400,37,63,0,0.9702846735242736,0.1413657666740871,success
1351,2000,8,1,6.0,2.0,0.01,0.7900000000000003,4.199999999999999,2,393,36,71,0,0.9289988472915492,0.23711294109397435,success
1352,2000,8,1,6.0,2.0,0.01,0.7900000000000003,4.3999999999999995,2,389,38,73,0,0.9313078213488973,0.2349195893264286,success
1353,2000,8,1,6.0,2.0,0.01,0.7900000000000003,4.6,2,382,40,78,0,0.910740353002464,0.2541995032559712,success
1354,2000,8,1,6.0,2.0,0.01,0.7900000000000003,4.799999999999999,2,380,36,84,0,0.9243593365805212,0.22594486245163942,success
1355,2000,8,1,6.0,2.0,0.01,0.7900000000000003,4.999999999999999,2,374,36,90,0,0.9126760283004485,0.2554326614155973,success
1356,2000,8,1,6.0,2.0,0.01,0.7900000000000003,5.199999999999999,2,372,37,91,0,0.8894171384373488,0.2868510863646847,success
1357,2000,8,1,6.0,2.0,0.01,0.7900000000000003,5.399999999999999,2,362,39,99,0,0.8254266579440778,0.3561804130750922,success
1358,2000,8,1,6.0,2.0,0.01,0.7900000000000003,5.599999999999999,2,354,38,108,0,0.8135265723634939,0.3692836986678946,success
1359,2000,8,1,6.0,2.0,0.01,0.7900000000000003,5.799999999999999,2,348,42,110,0,0.8125141283298802,0.36831614797614737,success
1360,2000,8,1,6.0,2.0,0.01,0.7900000000000003,5.999999999999999,2,341,42,117,0,0.8194532183836701,0.36794206055824213,success
1361,2000,8,1,6.0,2.0,0.01,0.7900000000000003,6.199999999999999,2,330,42,128,0,0.7740985352642651,0.3984778637658565,success
1362,2000,8,1,6.0,2.0,0.01,0.7900000000000003,6.399999999999999,2,328,40,132,0,0.7558474256224768,0.40728527521569946,success
1363,2000,8,1,6.0,2.0,0.01,0.7900000000000003,6.599999999999999,2,320,37,143,0,0.7050007570334004,0.4370827257284828,success
1364,2000,8,1,6.0,2.0,0.01,0.7900000000000003,6.799999999999999,2,309,36,155,0,0.6583585537801727,0.4517147130082122,success
1365,2000,8,1,6.0,2.0,0.01,0.7900000000000003,6.999999999999998,2,301,33,166,0,0.6248556515424987,0.45975968905083836,success
1366,2000,8,1,6.0,2.0,0.01,0.7900000000000003,7.199999999999998,2,300,32,168,0,0.5980331102520848,0.46481592890276474,success
1367,2000,8,1,6.0,2.0,0.01,0.7900000000000003,7.399999999999999,2,287,30,183,0,0.5605268851686184,0.47124317334560184,success
1368,2000,8,1,6.0,2.0,0.01,0.7900000000000003,7.599999999999999,2,285,31,184,0,0.5360477020975583,0.4738526014204075,success
1369,2000,8,1,6.0,2.0,0.01,0.7900000000000003,7.799999999999999,2,276,32,192,0,0.52409363897918,0.47374845214895334,success
1370,2000,8,1,6.0,2.0,0.01,0.7900000000000003,7.999999999999998,2,264,32,204,0,0.5094881636237761,0.472396093437247,success
1371,2000,8,1,6.0,2.0,0.01,0.7900000000000003,8.2,2,262,33,205,0,0.4954645553017867,0.4698785500822566,success
1372,2000,8,1,6.0,2.0,0.01,0.7900000000000003,8.399999999999999,2,255,33,212,0,0.48149010523712044,0.4722949949061395,success
1373,2000,8,1,6.0,2.0,0.01,0.7900000000000003,8.599999999999998,2,248,33,219,0,0.4668648008961288,0.4714710250281742,success
1374,2000,8,1,6.0,2.0,0.01,0.7900000000000003,8.799999999999997,2,240,30,230,0,0.4509556057573456,0.46983712984833315,success
1375,2000,8,1,6.0,2.0,0.01,0.7900000000000003,8.999999999999998,2,235,32,233,0,0.44133155894054626,0.4684363542795672,success
1376,2000,8,1,6.0,2.0,0.01,0.7900000000000003,9.199999999999998,2,230,32,238,0,0.42551471208370245,0.4651528276935505,success
1381,2000,8,1,6.0,2.0,0.01,0.8000000000000003,1.0,2,486,14,0,0,,,success
1377,2000,8,1,6.0,2.0,0.01,0.7900000000000003,9.399999999999999,2,216,32,252,0,0.4173855884788518,0.4632462631983058,success
1378,2000,8,1,6.0,2.0,0.01,0.7900000000000003,9.599999999999998,2,209,29,262,0,0.41980778059918045,0.46350609295341777,success
1382,2000,8,1,6.0,2.0,0.01,0.8000000000000003,1.2,2,480,19,1,0,1.0,,success
1384,2000,8,1,6.0,2.0,0.01,0.8000000000000003,1.5999999999999999,2,469,26,5,0,1.0,0.0,success
1379,2000,8,1,6.0,2.0,0.01,0.7900000000000003,9.799999999999997,2,216,32,252,0,0.3903532715612046,0.4561951275512151,success
1383,2000,8,1,6.0,2.0,0.01,0.8000000000000003,1.4,2,472,25,3,0,1.0,0.0,success
1386,2000,8,1,6.0,2.0,0.01,0.8000000000000003,1.9999999999999998,2,463,26,11,0,1.0,0.0,success
1385,2000,8,1,6.0,2.0,0.01,0.8000000000000003,1.7999999999999998,2,467,24,9,0,1.0,0.0,success
1380,2000,8,1,6.0,2.0,0.01,0.7900000000000003,9.999999999999998,2,208,31,261,0,0.3899445766022297,0.45806656801338397,success
1387,2000,8,1,6.0,2.0,0.01,0.8000000000000003,2.1999999999999997,2,453,29,18,0,1.0,0.0,success
1388,2000,8,1,6.0,2.0,0.01,0.8000000000000003,2.3999999999999995,2,445,30,25,0,1.0,0.0,success
1390,2000,8,1,6.0,2.0,0.01,0.8000000000000003,2.8,2,436,35,29,0,1.0,0.0,success
1389,2000,8,1,6.0,2.0,0.01,0.8000000000000003,2.5999999999999996,2,443,33,24,0,1.0,0.0,success
1391,2000,8,1,6.0,2.0,0.01,0.8000000000000003,2.9999999999999996,2,433,34,33,0,1.0,0.0,success
1392,2000,8,1,6.0,2.0,0.01,0.8000000000000003,3.1999999999999993,2,425,35,40,0,0.9758298938871375,0.08782974665451847,success
1393,2000,8,1,6.0,2.0,0.01,0.8000000000000003,3.3999999999999995,2,421,37,42,0,0.9838217744116411,0.07458934372018217,success
1395,2000,8,1,6.0,2.0,0.01,0.8000000000000003,3.7999999999999994,2,404,36,60,0,0.9610414168339005,0.1519390639689461,success
1394,2000,8,1,6.0,2.0,0.01,0.8000000000000003,3.5999999999999996,2,411,38,51,0,0.9886568619743028,0.057386952204982376,success
1396,2000,8,1,6.0,2.0,0.01,0.8000000000000003,3.999999999999999,2,400,37,63,0,0.9702846735242736,0.1413657666740871,success
1397,2000,8,1,6.0,2.0,0.01,0.8000000000000003,4.199999999999999,2,393,36,71,0,0.9289988472915492,0.23711294109397435,success
1398,2000,8,1,6.0,2.0,0.01,0.8000000000000003,4.3999999999999995,2,389,38,73,0,0.9313078213488973,0.2349195893264286,success
1399,2000,8,1,6.0,2.0,0.01,0.8000000000000003,4.6,2,382,40,78,0,0.910740353002464,0.2541995032559712,success
1400,2000,8,1,6.0,2.0,0.01,0.8000000000000003,4.799999999999999,2,380,36,84,0,0.9243593365805212,0.22594486245163942,success
1401,2000,8,1,6.0,2.0,0.01,0.8000000000000003,4.999999999999999,2,374,36,90,0,0.9126760283004485,0.2554326614155973,success
1402,2000,8,1,6.0,2.0,0.01,0.8000000000000003,5.199999999999999,2,372,37,91,0,0.8894171384373488,0.2868510863646847,success
1403,2000,8,1,6.0,2.0,0.01,0.8000000000000003,5.399999999999999,2,362,39,99,0,0.8254266579440778,0.3561804130750922,success
1404,2000,8,1,6.0,2.0,0.01,0.8000000000000003,5.599999999999999,2,354,38,108,0,0.8135265723634939,0.3692836986678946,success
1405,2000,8,1,6.0,2.0,0.01,0.8000000000000003,5.799999999999999,2,348,42,110,0,0.8125141283298802,0.36831614797614737,success
1406,2000,8,1,6.0,2.0,0.01,0.8000000000000003,5.999999999999999,2,341,42,117,0,0.8194532183836701,0.36794206055824213,success
1407,2000,8,1,6.0,2.0,0.01,0.8000000000000003,6.199999999999999,2,330,42,128,0,0.7740985352642651,0.3984778637658565,success
1408,2000,8,1,6.0,2.0,0.01,0.8000000000000003,6.399999999999999,2,328,40,132,0,0.7558474256224768,0.40728527521569946,success
1409,2000,8,1,6.0,2.0,0.01,0.8000000000000003,6.599999999999999,2,320,37,143,0,0.7050007570334004,0.4370827257284828,success
1410,2000,8,1,6.0,2.0,0.01,0.8000000000000003,6.799999999999999,2,309,36,155,0,0.6583585537801727,0.4517147130082122,success
1411,2000,8,1,6.0,2.0,0.01,0.8000000000000003,6.999999999999998,2,301,33,166,0,0.6248556515424987,0.45975968905083836,success
1412,2000,8,1,6.0,2.0,0.01,0.8000000000000003,7.199999999999998,2,300,32,168,0,0.5980331102520848,0.46481592890276474,success
1413,2000,8,1,6.0,2.0,0.01,0.8000000000000003,7.399999999999999,2,287,30,183,0,0.5605262813824237,0.4712428937187949,success
1414,2000,8,1,6.0,2.0,0.01,0.8000000000000003,7.599999999999999,2,285,31,184,0,0.5360471015928104,0.4738522936615035,success
1415,2000,8,1,6.0,2.0,0.01,0.8000000000000003,7.799999999999999,2,276,32,192,0,0.52409363897918,0.47374845214895334,success
1416,2000,8,1,6.0,2.0,0.01,0.8000000000000003,7.999999999999998,2,265,32,203,0,0.5119240748640405,0.47227784527744837,success
1418,2000,8,1,6.0,2.0,0.01,0.8000000000000003,8.399999999999999,2,256,33,211,0,0.483706842656392,0.47232354084756917,success
1417,2000,8,1,6.0,2.0,0.01,0.8000000000000003,8.2,2,263,33,204,0,0.49783616938579806,0.46982992497983395,success
1419,2000,8,1,6.0,2.0,0.01,0.8000000000000003,8.599999999999998,2,249,33,218,0,0.4686902537800521,0.47130099375029644,success
1420,2000,8,1,6.0,2.0,0.01,0.8000000000000003,8.799999999999997,2,240,30,230,0,0.4509400368777038,0.46982316677683955,success
1421,2000,8,1,6.0,2.0,0.01,0.8000000000000003,8.999999999999998,2,235,32,233,0,0.4413302746565627,0.4684353620500081,success
1423,2000,8,1,6.0,2.0,0.01,0.8000000000000003,9.399999999999999,2,216,32,252,0,0.41726281851529906,0.4631153924188927,success
1422,2000,8,1,6.0,2.0,0.01,0.8000000000000003,9.199999999999998,2,230,32,238,0,0.42551471208370245,0.4651528276935505,success
1424,2000,8,1,6.0,2.0,0.01,0.8000000000000003,9.599999999999998,2,209,29,262,0,0.41957435398886556,0.46323678330881296,success
1427,2000,8,1,6.0,2.0,0.01,0.8100000000000003,1.0,2,486,14,0,0,,,success
1428,2000,8,1,6.0,2.0,0.01,0.8100000000000003,1.2,2,480,19,1,0,1.0,,success
1425,2000,8,1,6.0,2.0,0.01,0.8000000000000003,9.799999999999997,2,216,32,252,0,0.3903584709501772,0.4561982998361148,success
1429,2000,8,1,6.0,2.0,0.01,0.8100000000000003,1.4,2,472,25,3,0,1.0,0.0,success
1430,2000,8,1,6.0,2.0,0.01,0.8100000000000003,1.5999999999999999,2,469,26,5,0,1.0,0.0,success
1432,2000,8,1,6.0,2.0,0.01,0.8100000000000003,1.9999999999999998,2,463,26,11,0,1.0,0.0,success
1426,2000,8,1,6.0,2.0,0.01,0.8000000000000003,9.999999999999998,2,208,31,261,0,0.38993379634230935,0.4580550219242737,success
1431,2000,8,1,6.0,2.0,0.01,0.8100000000000003,1.7999999999999998,2,467,24,9,0,1.0,0.0,success
1433,2000,8,1,6.0,2.0,0.01,0.8100000000000003,2.1999999999999997,2,453,29,18,0,1.0,0.0,success
1434,2000,8,1,6.0,2.0,0.01,0.8100000000000003,2.3999999999999995,2,445,30,25,0,1.0,0.0,success
1435,2000,8,1,6.0,2.0,0.01,0.8100000000000003,2.5999999999999996,2,443,33,24,0,1.0,0.0,success
1436,2000,8,1,6.0,2.0,0.01,0.8100000000000003,2.8,2,436,35,29,0,1.0,0.0,success
1437,2000,8,1,6.0,2.0,0.01,0.8100000000000003,2.9999999999999996,2,433,34,33,0,1.0,0.0,success
1438,2000,8,1,6.0,2.0,0.01,0.8100000000000003,3.1999999999999993,2,425,35,40,0,0.9758298938871375,0.08782974665451847,success
1439,2000,8,1,6.0,2.0,0.01,0.8100000000000003,3.3999999999999995,2,421,37,42,0,0.9838217744116411,0.07458934372018217,success
1440,2000,8,1,6.0,2.0,0.01,0.8100000000000003,3.5999999999999996,2,411,38,51,0,0.9886568619743028,0.057386952204982376,success
1442,2000,8,1,6.0,2.0,0.01,0.8100000000000003,3.999999999999999,2,400,37,63,0,0.9702846735242736,0.1413657666740871,success
1441,2000,8,1,6.0,2.0,0.01,0.8100000000000003,3.7999999999999994,2,404,36,60,0,0.9610414168339005,0.1519390639689461,success
1443,2000,8,1,6.0,2.0,0.01,0.8100000000000003,4.199999999999999,2,393,36,71,0,0.9289988472915492,0.23711294109397435,success
1444,2000,8,1,6.0,2.0,0.01,0.8100000000000003,4.3999999999999995,2,389,38,73,0,0.9313078213488973,0.2349195893264286,success
1445,2000,8,1,6.0,2.0,0.01,0.8100000000000003,4.6,2,382,40,78,0,0.910740353002464,0.2541995032559712,success
1446,2000,8,1,6.0,2.0,0.01,0.8100000000000003,4.799999999999999,2,380,36,84,0,0.9243593365805212,0.22594486245163942,success
1447,2000,8,1,6.0,2.0,0.01,0.8100000000000003,4.999999999999999,2,374,36,90,0,0.9126760283004485,0.2554326614155973,success
1449,2000,8,1,6.0,2.0,0.01,0.8100000000000003,5.399999999999999,2,362,39,99,0,0.8254266579440778,0.3561804130750922,success
1448,2000,8,1,6.0,2.0,0.01,0.8100000000000003,5.199999999999999,2,372,37,91,0,0.8894171384373488,0.2868510863646847,success
1450,2000,8,1,6.0,2.0,0.01,0.8100000000000003,5.599999999999999,2,354,38,108,0,0.8135265723634939,0.3692836986678946,success
1451,2000,8,1,6.0,2.0,0.01,0.8100000000000003,5.799999999999999,2,348,42,110,0,0.8125141283298802,0.36831614797614737,success
1452,2000,8,1,6.0,2.0,0.01,0.8100000000000003,5.999999999999999,2,341,42,117,0,0.8194532183836701,0.36794206055824213,success
1453,2000,8,1,6.0,2.0,0.01,0.8100000000000003,6.199999999999999,2,330,42,128,0,0.7740985352642651,0.3984778637658565,success
1454,2000,8,1,6.0,2.0,0.01,0.8100000000000003,6.399999999999999,2,328,40,132,0,0.7558474256224768,0.40728527521569946,success
1455,2000,8,1,6.0,2.0,0.01,0.8100000000000003,6.599999999999999,2,320,37,143,0,0.7050007570334004,0.4370827257284828,success
1456,2000,8,1,6.0,2.0,0.01,0.8100000000000003,6.799999999999999,2,309,36,155,0,0.6583585537801727,0.4517147130082122,success
1457,2000,8,1,6.0,2.0,0.01,0.8100000000000003,6.999999999999998,2,300,33,167,0,0.6269622327116453,0.4591804630447356,success
1458,2000,8,1,6.0,2.0,0.01,0.8100000000000003,7.199999999999998,2,299,32,169,0,0.6002734747286405,0.46434476774114164,success
1459,2000,8,1,6.0,2.0,0.01,0.8100000000000003,7.399999999999999,2,286,30,184,0,0.5627714680474136,0.4709393667688244,success
1460,2000,8,1,6.0,2.0,0.01,0.8100000000000003,7.599999999999999,2,285,31,184,0,0.5360118218420716,0.4738272188650743,success
1461,2000,8,1,6.0,2.0,0.01,0.8100000000000003,7.799999999999999,2,276,32,192,0,0.5240440253762783,0.4737163230894435,success
1462,2000,8,1,6.0,2.0,0.01,0.8100000000000003,7.999999999999998,2,265,32,203,0,0.5118445307283316,0.4722795652668051,success
1463,2000,8,1,6.0,2.0,0.01,0.8100000000000003,8.2,2,263,33,204,0,0.4977035464247244,0.4697519881928578,success
1465,2000,8,1,6.0,2.0,0.01,0.8100000000000003,8.599999999999998,2,249,33,218,0,0.4686664129078803,0.4712790152176613,success
1464,2000,8,1,6.0,2.0,0.01,0.8100000000000003,8.399999999999999,2,256,33,211,0,0.48368539586980874,0.47230392922027326,success
1466,2000,8,1,6.0,2.0,0.01,0.8100000000000003,8.799999999999997,2,240,30,230,0,0.4509211140464021,0.46980653939879546,success
1467,2000,8,1,6.0,2.0,0.01,0.8100000000000003,8.999999999999998,2,235,32,233,0,0.44131045529000906,0.46842012355561263,success
1468,2000,8,1,6.0,2.0,0.01,0.8100000000000003,9.199999999999998,2,230,33,237,0,0.42329182337364635,0.4648749682419674,success
1469,2000,8,1,6.0,2.0,0.01,0.8100000000000003,9.399999999999999,2,216,31,253,0,0.4192400326324045,0.46326269233476536,success
1470,2000,8,1,6.0,2.0,0.01,0.8100000000000003,9.599999999999998,2,209,29,262,0,0.4195359431882963,0.46320197824012743,success
1471,2000,8,1,6.0,2.0,0.01,0.8100000000000003,9.799999999999997,2,216,32,252,0,0.3903270218565587,0.4561737622705634,success
1472,2000,8,1,6.0,2.0,0.01,0.8100000000000003,9.999999999999998,2,208,31,261,0,0.3898974065480091,0.4580274517946827,success
1473,2000,8,1,6.0,2.0,0.01,0.8200000000000003,1.0,2,486,14,0,0,,,success
1474,2000,8,1,6.0,2.0,0.01,0.8200000000000003,1.2,2,480,19,1,0,1.0,,success
1475,2000,8,1,6.0,2.0,0.01,0.8200000000000003,1.4,2,472,25,3,0,1.0,0.0,success
1476,2000,8,1,6.0,2.0,0.01,0.8200000000000003,1.5999999999999999,2,469,26,5,0,1.0,0.0,success
1477,2000,8,1,6.0,2.0,0.01,0.8200000000000003,1.7999999999999998,2,467,24,9,0,1.0,0.0,success
1478,2000,8,1,6.0,2.0,0.01,0.8200000000000003,1.9999999999999998,2,463,26,11,0,1.0,0.0,success
1479,2000,8,1,6.0,2.0,0.01,0.8200000000000003,2.1999999999999997,2,453,29,18,0,1.0,0.0,success
1480,2000,8,1,6.0,2.0,0.01,0.8200000000000003,2.3999999999999995,2,445,30,25,0,1.0,0.0,success
1481,2000,8,1,6.0,2.0,0.01,0.8200000000000003,2.5999999999999996,2,443,33,24,0,1.0,0.0,success
1482,2000,8,1,6.0,2.0,0.01,0.8200000000000003,2.8,2,436,35,29,0,1.0,0.0,success
1483,2000,8,1,6.0,2.0,0.01,0.8200000000000003,2.9999999999999996,2,433,34,33,0,1.0,0.0,success
1484,2000,8,1,6.0,2.0,0.01,0.8200000000000003,3.1999999999999993,2,425,35,40,0,0.9758298938871375,0.08782974665451847,success
1485,2000,8,1,6.0,2.0,0.01,0.8200000000000003,3.3999999999999995,2,421,37,42,0,0.9838217744116411,0.07458934372018217,success
1486,2000,8,1,6.0,2.0,0.01,0.8200000000000003,3.5999999999999996,2,411,38,51,0,0.9886568619743028,0.057386952204982376,success
1488,2000,8,1,6.0,2.0,0.01,0.8200000000000003,3.999999999999999,2,400,37,63,0,0.9702846735242736,0.1413657666740871,success
1487,2000,8,1,6.0,2.0,0.01,0.8200000000000003,3.7999999999999994,2,404,36,60,0,0.9610414168339005,0.1519390639689461,success
1489,2000,8,1,6.0,2.0,0.01,0.8200000000000003,4.199999999999999,2,393,36,71,0,0.9289988472915492,0.23711294109397435,success
1490,2000,8,1,6.0,2.0,0.01,0.8200000000000003,4.3999999999999995,2,389,38,73,0,0.9313078213488973,0.2349195893264286,success
1491,2000,8,1,6.0,2.0,0.01,0.8200000000000003,4.6,2,383,40,77,0,0.9095811368076908,0.25565880012722414,success
1492,2000,8,1,6.0,2.0,0.01,0.8200000000000003,4.799999999999999,2,380,36,84,0,0.9243593365805212,0.22594486245163942,success
1493,2000,8,1,6.0,2.0,0.01,0.8200000000000003,4.999999999999999,2,374,36,90,0,0.9126760283004485,0.2554326614155973,success
1494,2000,8,1,6.0,2.0,0.01,0.8200000000000003,5.199999999999999,2,372,37,91,0,0.8894171384373488,0.2868510863646847,success
1495,2000,8,1,6.0,2.0,0.01,0.8200000000000003,5.399999999999999,2,362,39,99,0,0.8254266579440778,0.3561804130750922,success
1496,2000,8,1,6.0,2.0,0.01,0.8200000000000003,5.599999999999999,2,354,38,108,0,0.8135265723634939,0.3692836986678946,success
1497,2000,8,1,6.0,2.0,0.01,0.8200000000000003,5.799999999999999,2,348,42,110,0,0.8125141283298802,0.36831614797614737,success
1498,2000,8,1,6.0,2.0,0.01,0.8200000000000003,5.999999999999999,2,341,42,117,0,0.8194532183836701,0.36794206055824213,success
1499,2000,8,1,6.0,2.0,0.01,0.8200000000000003,6.199999999999999,2,330,42,128,0,0.7740985352642651,0.3984778637658565,success
1500,2000,8,1,6.0,2.0,0.01,0.8200000000000003,6.399999999999999,2,328,40,132,0,0.7558474256224768,0.40728527521569946,success
1501,2000,8,1,6.0,2.0,0.01,0.8200000000000003,6.599999999999999,2,319,37,144,0,0.7070493692562625,0.4362449912722855,success
1502,2000,8,1,6.0,2.0,0.01,0.8200000000000003,6.799999999999999,2,309,36,155,0,0.6583585537801727,0.4517147130082122,success
1503,2000,8,1,6.0,2.0,0.01,0.8200000000000003,6.999999999999998,2,300,33,167,0,0.6269622327116453,0.4591804630447356,success
1504,2000,8,1,6.0,2.0,0.01,0.8200000000000003,7.199999999999998,2,299,32,169,0,0.6002734747286405,0.46434476774114164,success
1505,2000,8,1,6.0,2.0,0.01,0.8200000000000003,7.399999999999999,2,286,30,184,0,0.5627714680474136,0.4709393667688244,success
1506,2000,8,1,6.0,2.0,0.01,0.8200000000000003,7.599999999999999,2,285,31,184,0,0.5360049391628456,0.47382287901375314,success
1507,2000,8,1,6.0,2.0,0.01,0.8200000000000003,7.799999999999999,2,276,32,192,0,0.5240421981587482,0.47371591576491456,success
1508,2000,8,1,6.0,2.0,0.01,0.8200000000000003,7.999999999999998,2,265,32,203,0,0.5118445307283316,0.4722795652668051,success
1509,2000,8,1,6.0,2.0,0.01,0.8200000000000003,8.2,2,263,33,204,0,0.4977022815893996,0.4697512816126591,success
1510,2000,8,1,6.0,2.0,0.01,0.8200000000000003,8.399999999999999,2,256,33,211,0,0.4836763004024554,0.47229589688609785,success
1512,2000,8,1,6.0,2.0,0.01,0.8200000000000003,8.799999999999997,2,240,30,230,0,0.4509121481859262,0.4697972664922507,success
1511,2000,8,1,6.0,2.0,0.01,0.8200000000000003,8.599999999999998,2,249,33,218,0,0.4686654964020732,0.47127832231326683,success
1513,2000,8,1,6.0,2.0,0.01,0.8200000000000003,8.999999999999998,2,235,32,233,0,0.4411729758844508,0.46852535824785224,success
1519,2000,8,1,6.0,2.0,0.01,0.8300000000000003,1.0,2,486,14,0,0,,,success
1514,2000,8,1,6.0,2.0,0.01,0.8200000000000003,9.199999999999998,2,230,33,237,0,0.4231652401691045,0.4649824825638679,success
1520,2000,8,1,6.0,2.0,0.01,0.8300000000000003,1.2,2,480,19,1,0,1.0,,success
1515,2000,8,1,6.0,2.0,0.01,0.8200000000000003,9.399999999999999,2,216,31,253,0,0.41914676233354825,0.4633899938869758,success
1521,2000,8,1,6.0,2.0,0.01,0.8300000000000003,1.4,2,472,25,3,0,1.0,0.0,success
1516,2000,8,1,6.0,2.0,0.01,0.8200000000000003,9.599999999999998,2,209,29,262,0,0.41940240813573976,0.4632816787249442,success
1522,2000,8,1,6.0,2.0,0.01,0.8300000000000003,1.5999999999999999,2,469,26,5,0,1.0,0.0,success
1517,2000,8,1,6.0,2.0,0.01,0.8200000000000003,9.799999999999997,2,216,32,252,0,0.39044773889885204,0.4564915044691554,success
1518,2000,8,1,6.0,2.0,0.01,0.8200000000000003,9.999999999999998,2,208,31,261,0,0.3898737019057991,0.4580664337129228,success
1523,2000,8,1,6.0,2.0,0.01,0.8300000000000003,1.7999999999999998,2,467,24,9,0,1.0,0.0,success
1524,2000,8,1,6.0,2.0,0.01,0.8300000000000003,1.9999999999999998,2,463,26,11,0,1.0,0.0,success
1525,2000,8,1,6.0,2.0,0.01,0.8300000000000003,2.1999999999999997,2,453,29,18,0,1.0,0.0,success
1526,2000,8,1,6.0,2.0,0.01,0.8300000000000003,2.3999999999999995,2,445,30,25,0,1.0,0.0,success
1528,2000,8,1,6.0,2.0,0.01,0.8300000000000003,2.8,2,436,35,29,0,1.0,0.0,success
1527,2000,8,1,6.0,2.0,0.01,0.8300000000000003,2.5999999999999996,2,443,33,24,0,1.0,0.0,success
1529,2000,8,1,6.0,2.0,0.01,0.8300000000000003,2.9999999999999996,2,433,34,33,0,1.0,0.0,success
1530,2000,8,1,6.0,2.0,0.01,0.8300000000000003,3.1999999999999993,2,425,35,40,0,0.9758298938871375,0.08782974665451847,success
1531,2000,8,1,6.0,2.0,0.01,0.8300000000000003,3.3999999999999995,2,421,37,42,0,0.9838217744116411,0.07458934372018217,success
1532,2000,8,1,6.0,2.0,0.01,0.8300000000000003,3.5999999999999996,2,411,38,51,0,0.9886568619743028,0.057386952204982376,success
1533,2000,8,1,6.0,2.0,0.01,0.8300000000000003,3.7999999999999994,2,404,36,60,0,0.9610414168339005,0.1519390639689461,success
1534,2000,8,1,6.0,2.0,0.01,0.8300000000000003,3.999999999999999,2,400,37,63,0,0.9702846735242736,0.1413657666740871,success
1535,2000,8,1,6.0,2.0,0.01,0.8300000000000003,4.199999999999999,2,393,36,71,0,0.9289988472915492,0.23711294109397435,success
1536,2000,8,1,6.0,2.0,0.01,0.8300000000000003,4.3999999999999995,2,389,38,73,0,0.9313078213488973,0.2349195893264286,success
1537,2000,8,1,6.0,2.0,0.01,0.8300000000000003,4.6,2,383,40,77,0,0.9095811368076908,0.25565880012722414,success
1538,2000,8,1,6.0,2.0,0.01,0.8300000000000003,4.799999999999999,2,380,36,84,0,0.9243593365805212,0.22594486245163942,success
1540,2000,8,1,6.0,2.0,0.01,0.8300000000000003,5.199999999999999,2,373,37,90,0,0.8881884399755416,0.28821719874589224,success
1539,2000,8,1,6.0,2.0,0.01,0.8300000000000003,4.999999999999999,2,375,36,89,0,0.9116948600791052,0.2567092670740609,success
1541,2000,8,1,6.0,2.0,0.01,0.8300000000000003,5.399999999999999,2,363,39,98,0,0.8236452973108542,0.35756814450646046,success
1542,2000,8,1,6.0,2.0,0.01,0.8300000000000003,5.599999999999999,2,355,38,107,0,0.8117838300491342,0.37057503564449723,success
1543,2000,8,1,6.0,2.0,0.01,0.8300000000000003,5.799999999999999,2,349,42,109,0,0.810794074461347,0.36957327885438873,success
1544,2000,8,1,6.0,2.0,0.01,0.8300000000000003,5.999999999999999,2,341,42,117,0,0.8194532183836701,0.36794206055824213,success
1545,2000,8,1,6.0,2.0,0.01,0.8300000000000003,6.199999999999999,2,330,42,128,0,0.7740985352642651,0.3984778637658565,success
1546,2000,8,1,6.0,2.0,0.01,0.8300000000000003,6.399999999999999,2,328,40,132,0,0.7558474256224768,0.40728527521569946,success
1547,2000,8,1,6.0,2.0,0.01,0.8300000000000003,6.599999999999999,2,319,37,144,0,0.7070493692562625,0.4362449912722855,success
1548,2000,8,1,6.0,2.0,0.01,0.8300000000000003,6.799999999999999,2,309,36,155,0,0.6583585537801727,0.4517147130082122,success
1549,2000,8,1,6.0,2.0,0.01,0.8300000000000003,6.999999999999998,2,300,33,167,0,0.6269316554869241,0.4591888826814437,success
1550,2000,8,1,6.0,2.0,0.01,0.8300000000000003,7.199999999999998,2,299,32,169,0,0.6002734747286405,0.46434476774114164,success
1551,2000,8,1,6.0,2.0,0.01,0.8300000000000003,7.399999999999999,2,286,30,184,0,0.5627714680474136,0.4709393667688244,success
1553,2000,8,1,6.0,2.0,0.01,0.8300000000000003,7.799999999999999,2,276,32,192,0,0.5240421951236064,0.47371591402685315,success
1552,2000,8,1,6.0,2.0,0.01,0.8300000000000003,7.599999999999999,2,285,31,184,0,0.5360049391628456,0.47382287901375314,success
1554,2000,8,1,6.0,2.0,0.01,0.8300000000000003,7.999999999999998,2,265,32,203,0,0.5118445307283316,0.4722795652668051,success
1555,2000,8,1,6.0,2.0,0.01,0.8300000000000003,8.2,2,263,33,204,0,0.49770272905139185,0.46975153150091137,success
1556,2000,8,1,6.0,2.0,0.01,0.8300000000000003,8.399999999999999,2,256,33,211,0,0.4836763004024554,0.47229589688609785,success
1557,2000,8,1,6.0,2.0,0.01,0.8300000000000003,8.599999999999998,2,249,33,218,0,0.46866364401890237,0.4712769219095778,success
1558,2000,8,1,6.0,2.0,0.01,0.8300000000000003,8.799999999999997,2,240,30,230,0,0.450907072659251,0.4697934680289104,success
1559,2000,8,1,6.0,2.0,0.01,0.8300000000000003,8.999999999999998,2,235,32,233,0,0.44117237729309694,0.46852489711069567,success
1560,2000,8,1,6.0,2.0,0.01,0.8300000000000003,9.199999999999998,2,230,33,237,0,0.42316524009426176,0.46498248254704944,success
1561,2000,8,1,6.0,2.0,0.01,0.8300000000000003,9.399999999999999,2,216,31,253,0,0.41914734823432126,0.46339063317884077,success
1565,2000,8,1,6.0,2.0,0.01,0.8400000000000003,1.0,2,486,14,0,0,,,success
1562,2000,8,1,6.0,2.0,0.01,0.8300000000000003,9.599999999999998,2,209,29,262,0,0.4194018503331573,0.4632811853640971,success
1566,2000,8,1,6.0,2.0,0.01,0.8400000000000003,1.2,2,480,19,1,0,1.0,,success
1563,2000,8,1,6.0,2.0,0.01,0.8300000000000003,9.799999999999997,2,216,32,252,0,0.3904476591995788,0.4564916043851758,success
1564,2000,8,1,6.0,2.0,0.01,0.8300000000000003,9.999999999999998,2,208,31,261,0,0.38979594104036724,0.45800218694804234,success
1567,2000,8,1,6.0,2.0,0.01,0.8400000000000003,1.4,2,472,25,3,0,1.0,0.0,success
1568,2000,8,1,6.0,2.0,0.01,0.8400000000000003,1.5999999999999999,2,469,26,5,0,1.0,0.0,success
1569,2000,8,1,6.0,2.0,0.01,0.8400000000000003,1.7999999999999998,2,467,24,9,0,1.0,0.0,success
1570,2000,8,1,6.0,2.0,0.01,0.8400000000000003,1.9999999999999998,2,463,26,11,0,1.0,0.0,success
1571,2000,8,1,6.0,2.0,0.01,0.8400000000000003,2.1999999999999997,2,453,29,18,0,1.0,0.0,success
1572,2000,8,1,6.0,2.0,0.01,0.8400000000000003,2.3999999999999995,2,445,30,25,0,1.0,0.0,success
1573,2000,8,1,6.0,2.0,0.01,0.8400000000000003,2.5999999999999996,2,443,33,24,0,1.0,0.0,success
1574,2000,8,1,6.0,2.0,0.01,0.8400000000000003,2.8,2,436,35,29,0,1.0,0.0,success
1575,2000,8,1,6.0,2.0,0.01,0.8400000000000003,2.9999999999999996,2,433,34,33,0,1.0,0.0,success
1576,2000,8,1,6.0,2.0,0.01,0.8400000000000003,3.1999999999999993,2,425,35,40,0,0.9758298938871375,0.08782974665451847,success
1577,2000,8,1,6.0,2.0,0.01,0.8400000000000003,3.3999999999999995,2,421,37,42,0,0.9831979098963023,0.0779459489840646,success
1578,2000,8,1,6.0,2.0,0.01,0.8400000000000003,3.5999999999999996,2,411,38,51,0,0.9877030713776306,0.06297813251071617,success
1579,2000,8,1,6.0,2.0,0.01,0.8400000000000003,3.7999999999999994,2,404,36,60,0,0.9602306948267291,0.15365671404092904,success
1580,2000,8,1,6.0,2.0,0.01,0.8400000000000003,3.999999999999999,2,400,37,63,0,0.9702846735242736,0.1413657666740871,success
1581,2000,8,1,6.0,2.0,0.01,0.8400000000000003,4.199999999999999,2,393,36,71,0,0.9289988472915492,0.23711294109397435,success
1582,2000,8,1,6.0,2.0,0.01,0.8400000000000003,4.3999999999999995,2,389,38,73,0,0.9313078213488973,0.2349195893264286,success
1583,2000,8,1,6.0,2.0,0.01,0.8400000000000003,4.6,2,383,40,77,0,0.9095811368076908,0.25565880012722414,success
1584,2000,8,1,6.0,2.0,0.01,0.8400000000000003,4.799999999999999,2,380,36,84,0,0.9243593365805212,0.22594486245163942,success
1585,2000,8,1,6.0,2.0,0.01,0.8400000000000003,4.999999999999999,2,375,36,89,0,0.9116948600791052,0.2567092670740609,success
1586,2000,8,1,6.0,2.0,0.01,0.8400000000000003,5.199999999999999,2,373,37,90,0,0.8881884399755416,0.28821719874589224,success
1587,2000,8,1,6.0,2.0,0.01,0.8400000000000003,5.399999999999999,2,363,39,98,0,0.8236452973108542,0.35756814450646046,success
1588,2000,8,1,6.0,2.0,0.01,0.8400000000000003,5.599999999999999,2,355,38,107,0,0.8117838300491342,0.37057503564449723,success
1589,2000,8,1,6.0,2.0,0.01,0.8400000000000003,5.799999999999999,2,349,42,109,0,0.810794074461347,0.36957327885438873,success
1590,2000,8,1,6.0,2.0,0.01,0.8400000000000003,5.999999999999999,2,341,42,117,0,0.8194532183836701,0.36794206055824213,success
1591,2000,8,1,6.0,2.0,0.01,0.8400000000000003,6.199999999999999,2,330,42,128,0,0.7740985352642651,0.3984778637658565,success
1592,2000,8,1,6.0,2.0,0.01,0.8400000000000003,6.399999999999999,2,328,40,132,0,0.7558474256224768,0.40728527521569946,success
1593,2000,8,1,6.0,2.0,0.01,0.8400000000000003,6.599999999999999,2,319,37,144,0,0.7070493692562625,0.4362449912722855,success
1594,2000,8,1,6.0,2.0,0.01,0.8400000000000003,6.799999999999999,2,309,36,155,0,0.6583585537801727,0.4517147130082122,success
1596,2000,8,1,6.0,2.0,0.01,0.8400000000000003,7.199999999999998,2,299,32,169,0,0.6002734747286405,0.46434476774114164,success
1595,2000,8,1,6.0,2.0,0.01,0.8400000000000003,6.999999999999998,2,300,33,167,0,0.6269108240349428,0.4591772150775928,success
1597,2000,8,1,6.0,2.0,0.01,0.8400000000000003,7.399999999999999,2,286,30,184,0,0.5627714680474136,0.4709393667688244,success
1598,2000,8,1,6.0,2.0,0.01,0.8400000000000003,7.599999999999999,2,285,31,184,0,0.5360049391628456,0.47382287901375314,success
1599,2000,8,1,6.0,2.0,0.01,0.8400000000000003,7.799999999999999,2,276,32,192,0,0.5240421941692878,0.4737159134803673,success
1600,2000,8,1,6.0,2.0,0.01,0.8400000000000003,7.999999999999998,2,265,32,203,0,0.5118445307283316,0.4722795652668051,success
1601,2000,8,1,6.0,2.0,0.01,0.8400000000000003,8.2,2,263,33,204,0,0.4977025082148582,0.4697514081623675,success
1602,2000,8,1,6.0,2.0,0.01,0.8400000000000003,8.399999999999999,2,256,33,211,0,0.48367630079637325,0.47229589700147034,success
1603,2000,8,1,6.0,2.0,0.01,0.8400000000000003,8.599999999999998,2,249,33,218,0,0.46867273549522426,0.4712838100178798,success
1604,2000,8,1,6.0,2.0,0.01,0.8400000000000003,8.799999999999997,2,240,30,230,0,0.4509078466523608,0.4697940454961699,success
1605,2000,8,1,6.0,2.0,0.01,0.8400000000000003,8.999999999999998,2,235,32,233,0,0.4404059594857493,0.4677528625473234,success
1606,2000,8,1,6.0,2.0,0.01,0.8400000000000003,9.199999999999998,2,230,33,237,0,0.4224083846606336,0.46418488659254975,success
1611,2000,8,1,6.0,2.0,0.01,0.8500000000000003,1.0,2,486,14,0,0,,,success
1612,2000,8,1,6.0,2.0,0.01,0.8500000000000003,1.2,2,480,19,1,0,1.0,,success
1607,2000,8,1,6.0,2.0,0.01,0.8400000000000003,9.399999999999999,2,216,31,253,0,0.41843836104994764,0.46263500567997334,success
1608,2000,8,1,6.0,2.0,0.01,0.8400000000000003,9.599999999999998,2,209,29,262,0,0.41871625684795477,0.462551007455173,success
1613,2000,8,1,6.0,2.0,0.01,0.8500000000000003,1.4,2,472,25,3,0,1.0,0.0,success
1609,2000,8,1,6.0,2.0,0.01,0.8400000000000003,9.799999999999997,2,216,32,252,0,0.39049833331787964,0.4565425855519555,success
1615,2000,8,1,6.0,2.0,0.01,0.8500000000000003,1.7999999999999998,2,467,24,9,0,1.0,0.0,success
1610,2000,8,1,6.0,2.0,0.01,0.8400000000000003,9.999999999999998,2,207,31,262,0,0.3921248893070674,0.45867561516379185,success
1614,2000,8,1,6.0,2.0,0.01,0.8500000000000003,1.5999999999999999,2,469,26,5,0,1.0,0.0,success
1616,2000,8,1,6.0,2.0,0.01,0.8500000000000003,1.9999999999999998,2,463,26,11,0,1.0,0.0,success
1617,2000,8,1,6.0,2.0,0.01,0.8500000000000003,2.1999999999999997,2,453,29,18,0,1.0,0.0,success
1618,2000,8,1,6.0,2.0,0.01,0.8500000000000003,2.3999999999999995,2,445,30,25,0,1.0,0.0,success
1619,2000,8,1,6.0,2.0,0.01,0.8500000000000003,2.5999999999999996,2,443,33,24,0,1.0,0.0,success
1620,2000,8,1,6.0,2.0,0.01,0.8500000000000003,2.8,2,436,35,29,0,1.0,0.0,success
1621,2000,8,1,6.0,2.0,0.01,0.8500000000000003,2.9999999999999996,2,433,34,33,0,1.0,0.0,success
1622,2000,8,1,6.0,2.0,0.01,0.8500000000000003,3.1999999999999993,2,425,35,40,0,0.9758298938871375,0.08782974665451847,success
1623,2000,8,1,6.0,2.0,0.01,0.8500000000000003,3.3999999999999995,2,421,37,42,0,0.9831979098963023,0.0779459489840646,success
1624,2000,8,1,6.0,2.0,0.01,0.8500000000000003,3.5999999999999996,2,411,38,51,0,0.9877030713776306,0.06297813251071617,success
1625,2000,8,1,6.0,2.0,0.01,0.8500000000000003,3.7999999999999994,2,404,36,60,0,0.9602306948267291,0.15365671404092904,success
1626,2000,8,1,6.0,2.0,0.01,0.8500000000000003,3.999999999999999,2,400,37,63,0,0.9702846735242736,0.1413657666740871,success
1627,2000,8,1,6.0,2.0,0.01,0.8500000000000003,4.199999999999999,2,393,36,71,0,0.9289988472915492,0.23711294109397435,success
1628,2000,8,1,6.0,2.0,0.01,0.8500000000000003,4.3999999999999995,2,389,38,73,0,0.9313078213488973,0.2349195893264286,success
1629,2000,8,1,6.0,2.0,0.01,0.8500000000000003,4.6,2,383,40,77,0,0.9095811368076908,0.25565880012722414,success
1630,2000,8,1,6.0,2.0,0.01,0.8500000000000003,4.799999999999999,2,380,36,84,0,0.9224524884288832,0.22597469918285298,success
1631,2000,8,1,6.0,2.0,0.01,0.8500000000000003,4.999999999999999,2,375,35,90,0,0.9113111650993834,0.2552889584101813,success
1632,2000,8,1,6.0,2.0,0.01,0.8500000000000003,5.199999999999999,2,373,37,90,0,0.8881884399755416,0.28821719874589224,success
1633,2000,8,1,6.0,2.0,0.01,0.8500000000000003,5.399999999999999,2,363,39,98,0,0.8236452973108542,0.35756814450646046,success
1634,2000,8,1,6.0,2.0,0.01,0.8500000000000003,5.599999999999999,2,355,38,107,0,0.8117838300491342,0.37057503564449723,success
1635,2000,8,1,6.0,2.0,0.01,0.8500000000000003,5.799999999999999,2,349,42,109,0,0.810794074461347,0.36957327885438873,success
1636,2000,8,1,6.0,2.0,0.01,0.8500000000000003,5.999999999999999,2,341,42,117,0,0.8194532183836701,0.36794206055824213,success
1637,2000,8,1,6.0,2.0,0.01,0.8500000000000003,6.199999999999999,2,330,42,128,0,0.7740985352642651,0.3984778637658565,success
1638,2000,8,1,6.0,2.0,0.01,0.8500000000000003,6.399999999999999,2,328,40,132,0,0.7558474256224768,0.40728527521569946,success
1639,2000,8,1,6.0,2.0,0.01,0.8500000000000003,6.599999999999999,2,319,37,144,0,0.7070494141458243,0.4362449857355703,success
1640,2000,8,1,6.0,2.0,0.01,0.8500000000000003,6.799999999999999,2,310,36,154,0,0.6561401015986268,0.4523405741514915,success
1642,2000,8,1,6.0,2.0,0.01,0.8500000000000003,7.199999999999998,2,299,32,169,0,0.6002734747286405,0.46434476774114164,success
1641,2000,8,1,6.0,2.0,0.01,0.8500000000000003,6.999999999999998,2,300,33,167,0,0.6269108240349428,0.4591772150775928,success
1643,2000,8,1,6.0,2.0,0.01,0.8500000000000003,7.399999999999999,2,286,30,184,0,0.5627714680474136,0.4709393667688244,success
1644,2000,8,1,6.0,2.0,0.01,0.8500000000000003,7.599999999999999,2,285,31,184,0,0.5360049391628456,0.47382287901375314,success
1645,2000,8,1,6.0,2.0,0.01,0.8500000000000003,7.799999999999999,2,276,32,192,0,0.5240421936083666,0.4737159131591587,success
1646,2000,8,1,6.0,2.0,0.01,0.8500000000000003,7.999999999999998,2,265,32,203,0,0.5118445307283316,0.4722795652668051,success
1647,2000,8,1,6.0,2.0,0.01,0.8500000000000003,8.2,2,263,33,204,0,0.4976992297973161,0.469749579633469,success
1648,2000,8,1,6.0,2.0,0.01,0.8500000000000003,8.399999999999999,2,256,33,211,0,0.48335565572359573,0.47197628867130714,success
1650,2000,8,1,6.0,2.0,0.01,0.8500000000000003,8.799999999999997,2,240,30,230,0,0.45090501746790607,0.4697923280381732,success
1649,2000,8,1,6.0,2.0,0.01,0.8500000000000003,8.599999999999998,2,249,33,218,0,0.46836052546009715,0.47099924461666043,success
1651,2000,8,1,6.0,2.0,0.01,0.8500000000000003,8.999999999999998,2,235,32,233,0,0.4403735999149788,0.46772830126275144,success
1652,2000,8,1,6.0,2.0,0.01,0.8500000000000003,9.199999999999998,2,230,33,237,0,0.4224083846606336,0.46418488659254975,success
1653,2000,8,1,6.0,2.0,0.01,0.8500000000000003,9.399999999999999,2,216,30,254,0,0.4206244015494472,0.46303234034442625,success
1654,2000,8,1,6.0,2.0,0.01,0.8500000000000003,9.599999999999998,2,209,28,263,0,0.42079090299512145,0.4628915454718792,success
1657,2000,8,1,6.0,2.0,0.01,0.8600000000000003,1.0,2,486,14,0,0,,,success
1655,2000,8,1,6.0,2.0,0.01,0.8500000000000003,9.799999999999997,2,216,32,252,0,0.3904982593398487,0.4565425932720039,success
1658,2000,8,1,6.0,2.0,0.01,0.8600000000000003,1.2,2,480,19,1,0,1.0,,success
1656,2000,8,1,6.0,2.0,0.01,0.8500000000000003,9.999999999999998,2,207,31,262,0,0.3921246784717996,0.45867537735313774,success
1659,2000,8,1,6.0,2.0,0.01,0.8600000000000003,1.4,2,472,25,3,0,1.0,0.0,success
1660,2000,8,1,6.0,2.0,0.01,0.8600000000000003,1.5999999999999999,2,469,26,5,0,1.0,0.0,success
1661,2000,8,1,6.0,2.0,0.01,0.8600000000000003,1.7999999999999998,2,467,24,9,0,1.0,0.0,success
1662,2000,8,1,6.0,2.0,0.01,0.8600000000000003,1.9999999999999998,2,463,26,11,0,1.0,0.0,success
1663,2000,8,1,6.0,2.0,0.01,0.8600000000000003,2.1999999999999997,2,453,29,18,0,1.0,0.0,success
1664,2000,8,1,6.0,2.0,0.01,0.8600000000000003,2.3999999999999995,2,445,30,25,0,1.0,0.0,success
1665,2000,8,1,6.0,2.0,0.01,0.8600000000000003,2.5999999999999996,2,443,33,24,0,1.0,0.0,success
1666,2000,8,1,6.0,2.0,0.01,0.8600000000000003,2.8,2,436,35,29,0,1.0,0.0,success
1667,2000,8,1,6.0,2.0,0.01,0.8600000000000003,2.9999999999999996,2,433,34,33,0,1.0,0.0,success
1668,2000,8,1,6.0,2.0,0.01,0.8600000000000003,3.1999999999999993,2,425,35,40,0,0.9758298938871375,0.08782974665451847,success
1669,2000,8,1,6.0,2.0,0.01,0.8600000000000003,3.3999999999999995,2,421,37,42,0,0.9831979098963023,0.0779459489840646,success
1670,2000,8,1,6.0,2.0,0.01,0.8600000000000003,3.5999999999999996,2,411,38,51,0,0.9877030713776306,0.06297813251071617,success
1671,2000,8,1,6.0,2.0,0.01,0.8600000000000003,3.7999999999999994,2,404,36,60,0,0.9602306948267291,0.15365671404092904,success
1672,2000,8,1,6.0,2.0,0.01,0.8600000000000003,3.999999999999999,2,400,37,63,0,0.9702846735242736,0.1413657666740871,success
1673,2000,8,1,6.0,2.0,0.01,0.8600000000000003,4.199999999999999,2,393,36,71,0,0.9289988472915492,0.23711294109397435,success
1674,2000,8,1,6.0,2.0,0.01,0.8600000000000003,4.3999999999999995,2,389,38,73,0,0.9313078213488973,0.2349195893264286,success
1675,2000,8,1,6.0,2.0,0.01,0.8600000000000003,4.6,2,383,40,77,0,0.9095811368076908,0.25565880012722414,success
1676,2000,8,1,6.0,2.0,0.01,0.8600000000000003,4.799999999999999,2,380,37,83,0,0.9215181810605565,0.22718512913782846,success
1678,2000,8,1,6.0,2.0,0.01,0.8600000000000003,5.199999999999999,2,373,38,89,0,0.8869321303123455,0.2896022425086667,success
1677,2000,8,1,6.0,2.0,0.01,0.8600000000000003,4.999999999999999,2,375,36,89,0,0.9103146613364551,0.25655927379267285,success
1679,2000,8,1,6.0,2.0,0.01,0.8600000000000003,5.399999999999999,2,363,40,97,0,0.8218272075924095,0.3589700436208893,success
1680,2000,8,1,6.0,2.0,0.01,0.8600000000000003,5.599999999999999,2,355,39,106,0,0.809961035992994,0.3719806211661717,success
1681,2000,8,1,6.0,2.0,0.01,0.8600000000000003,5.799999999999999,2,349,43,108,0,0.8136717973730262,0.37006729339954153,success
1682,2000,8,1,6.0,2.0,0.01,0.8600000000000003,5.999999999999999,2,341,43,116,0,0.8222071254387018,0.36832532463691825,success
1683,2000,8,1,6.0,2.0,0.01,0.8600000000000003,6.199999999999999,2,330,43,127,0,0.7761541681940262,0.39937404809168153,success
1684,2000,8,1,6.0,2.0,0.01,0.8600000000000003,6.399999999999999,2,328,41,131,0,0.7577372549390211,0.40826737186832346,success
1685,2000,8,1,6.0,2.0,0.01,0.8600000000000003,6.599999999999999,2,319,37,144,0,0.7104552334170648,0.4366067004666442,success
1686,2000,8,1,6.0,2.0,0.01,0.8600000000000003,6.799999999999999,2,310,37,153,0,0.6571229045677496,0.4536611060041172,success
1688,2000,8,1,6.0,2.0,0.01,0.8600000000000003,7.199999999999998,2,299,32,169,0,0.6022629339610687,0.46465921733146337,success
1687,2000,8,1,6.0,2.0,0.01,0.8600000000000003,6.999999999999998,2,300,33,167,0,0.628999806516012,0.4593839767924318,success
1689,2000,8,1,6.0,2.0,0.01,0.8600000000000003,7.399999999999999,2,286,30,184,0,0.5646208274234052,0.4713793513505949,success
1690,2000,8,1,6.0,2.0,0.01,0.8600000000000003,7.599999999999999,2,285,31,184,0,0.5378678595185136,0.4743741350276252,success
1691,2000,8,1,6.0,2.0,0.01,0.8600000000000003,7.799999999999999,2,276,32,192,0,0.5254826480471744,0.474219422596248,success
1692,2000,8,1,6.0,2.0,0.01,0.8600000000000003,7.999999999999998,2,265,32,203,0,0.5133024733775622,0.47286763426844874,success
1693,2000,8,1,6.0,2.0,0.01,0.8600000000000003,8.2,2,263,34,203,0,0.49756035203233384,0.47090545959236235,success
1694,2000,8,1,6.0,2.0,0.01,0.8600000000000003,8.399999999999999,2,256,34,210,0,0.48315635185388306,0.4730951709799681,success
1695,2000,8,1,6.0,2.0,0.01,0.8600000000000003,8.599999999999998,2,249,34,217,0,0.4681059016898615,0.47207703829619163,success
1696,2000,8,1,6.0,2.0,0.01,0.8600000000000003,8.799999999999997,2,240,30,230,0,0.45231975566838584,0.47044271404578336,success
1697,2000,8,1,6.0,2.0,0.01,0.8600000000000003,8.999999999999998,2,235,32,233,0,0.441830665472019,0.4684624553554146,success
1698,2000,8,1,6.0,2.0,0.01,0.8600000000000003,9.199999999999998,2,230,32,238,0,0.42614901282500056,0.4654173075306104,success
1699,2000,8,1,6.0,2.0,0.01,0.8600000000000003,9.399999999999999,2,216,31,253,0,0.4200834117246607,0.4637590273739446,success
1700,2000,8,1,6.0,2.0,0.01,0.8600000000000003,9.599999999999998,2,209,28,263,0,0.42217991372797886,0.46375349318668274,success
1704,2000,8,1,6.0,2.0,0.01,0.8700000000000003,1.2,2,480,19,1,0,1.0,,success
1703,2000,8,1,6.0,2.0,0.01,0.8700000000000003,1.0,2,486,14,0,0,,,success
1701,2000,8,1,6.0,2.0,0.01,0.8600000000000003,9.799999999999997,2,216,32,252,0,0.3919533584192292,0.45750303329519015,success
1705,2000,8,1,6.0,2.0,0.01,0.8700000000000003,1.4,2,472,25,3,0,1.0,0.0,success
1706,2000,8,1,6.0,2.0,0.01,0.8700000000000003,1.5999999999999999,2,469,26,5,0,1.0,0.0,success
1707,2000,8,1,6.0,2.0,0.01,0.8700000000000003,1.7999999999999998,2,467,24,9,0,1.0,0.0,success
1708,2000,8,1,6.0,2.0,0.01,0.8700000000000003,1.9999999999999998,2,463,26,11,0,1.0,0.0,success
1709,2000,8,1,6.0,2.0,0.01,0.8700000000000003,2.1999999999999997,2,453,29,18,0,1.0,0.0,success
1710,2000,8,1,6.0,2.0,0.01,0.8700000000000003,2.3999999999999995,2,445,30,25,0,1.0,0.0,success
1702,2000,8,1,6.0,2.0,0.01,0.8600000000000003,9.999999999999998,2,207,31,262,0,0.3935333061337026,0.45961324649487373,success
1711,2000,8,1,6.0,2.0,0.01,0.8700000000000003,2.5999999999999996,2,443,33,24,0,1.0,0.0,success
1712,2000,8,1,6.0,2.0,0.01,0.8700000000000003,2.8,2,436,35,29,0,1.0,0.0,success
1713,2000,8,1,6.0,2.0,0.01,0.8700000000000003,2.9999999999999996,2,433,34,33,0,1.0,0.0,success
1714,2000,8,1,6.0,2.0,0.01,0.8700000000000003,3.1999999999999993,2,425,35,40,0,0.9758298938871375,0.08782974665451847,success
1715,2000,8,1,6.0,2.0,0.01,0.8700000000000003,3.3999999999999995,2,421,37,42,0,0.9831979098963023,0.0779459489840646,success
1716,2000,8,1,6.0,2.0,0.01,0.8700000000000003,3.5999999999999996,2,411,38,51,0,0.9877030713776306,0.06297813251071617,success
1717,2000,8,1,6.0,2.0,0.01,0.8700000000000003,3.7999999999999994,2,404,36,60,0,0.9602306948267291,0.15365671404092904,success
1718,2000,8,1,6.0,2.0,0.01,0.8700000000000003,3.999999999999999,2,400,37,63,0,0.9702846735242736,0.1413657666740871,success
1719,2000,8,1,6.0,2.0,0.01,0.8700000000000003,4.199999999999999,2,393,36,71,0,0.9289988472915492,0.23711294109397435,success
1720,2000,8,1,6.0,2.0,0.01,0.8700000000000003,4.3999999999999995,2,389,38,73,0,0.9313078213488973,0.2349195893264286,success
1721,2000,8,1,6.0,2.0,0.01,0.8700000000000003,4.6,2,383,40,77,0,0.9095811368076908,0.25565880012722414,success
1722,2000,8,1,6.0,2.0,0.01,0.8700000000000003,4.799999999999999,2,380,37,83,0,0.9215181810605565,0.22718512913782846,success
1723,2000,8,1,6.0,2.0,0.01,0.8700000000000003,4.999999999999999,2,375,36,89,0,0.9103146613364551,0.25655927379267285,success
1724,2000,8,1,6.0,2.0,0.01,0.8700000000000003,5.199999999999999,2,373,38,89,0,0.8869321303123455,0.2896022425086667,success
1725,2000,8,1,6.0,2.0,0.01,0.8700000000000003,5.399999999999999,2,363,40,97,0,0.8218272075924095,0.3589700436208893,success
1726,2000,8,1,6.0,2.0,0.01,0.8700000000000003,5.599999999999999,2,355,39,106,0,0.809961035992994,0.3719806211661717,success
1727,2000,8,1,6.0,2.0,0.01,0.8700000000000003,5.799999999999999,2,349,43,108,0,0.8136717973730262,0.37006729339954153,success
1728,2000,8,1,6.0,2.0,0.01,0.8700000000000003,5.999999999999999,2,341,43,116,0,0.8222071254387018,0.36832532463691825,success
1729,2000,8,1,6.0,2.0,0.01,0.8700000000000003,6.199999999999999,2,330,43,127,0,0.7761541681940262,0.39937404809168153,success
1731,2000,8,1,6.0,2.0,0.01,0.8700000000000003,6.599999999999999,2,319,37,144,0,0.7104552334170648,0.4366067004666442,success
1730,2000,8,1,6.0,2.0,0.01,0.8700000000000003,6.399999999999999,2,328,41,131,0,0.7577372549390211,0.40826737186832346,success
1732,2000,8,1,6.0,2.0,0.01,0.8700000000000003,6.799999999999999,2,310,37,153,0,0.6571229045677496,0.4536611060041172,success
1733,2000,8,1,6.0,2.0,0.01,0.8700000000000003,6.999999999999998,2,300,33,167,0,0.6277191070087867,0.4586409771959336,success
1734,2000,8,1,6.0,2.0,0.01,0.8700000000000003,7.199999999999998,2,299,32,169,0,0.6009973906610296,0.46386006441947797,success
1735,2000,8,1,6.0,2.0,0.01,0.8700000000000003,7.399999999999999,2,286,30,184,0,0.5634584538350961,0.4705628757727535,success
1736,2000,8,1,6.0,2.0,0.01,0.8700000000000003,7.599999999999999,2,285,31,184,0,0.5367054855092386,0.473496793383831,success
1737,2000,8,1,6.0,2.0,0.01,0.8700000000000003,7.799999999999999,2,276,32,192,0,0.5243687085710449,0.4733493466959207,success
1738,2000,8,1,6.0,2.0,0.01,0.8700000000000003,7.999999999999998,2,265,32,203,0,0.513191262640515,0.47280046787761937,success
1739,2000,8,1,6.0,2.0,0.01,0.8700000000000003,8.2,2,263,34,203,0,0.49744919381828634,0.4708343057834518,success
1740,2000,8,1,6.0,2.0,0.01,0.8700000000000003,8.399999999999999,2,256,34,210,0,0.48285328735201927,0.47287773438865827,success
1741,2000,8,1,6.0,2.0,0.01,0.8700000000000003,8.599999999999998,2,249,34,217,0,0.46800297873266905,0.47200496273109954,success
1742,2000,8,1,6.0,2.0,0.01,0.8700000000000003,8.799999999999997,2,240,30,230,0,0.4521901945256066,0.4703475019993955,success
1743,2000,8,1,6.0,2.0,0.01,0.8700000000000003,8.999999999999998,2,235,32,233,0,0.4417294367242441,0.468385151969151,success
1744,2000,8,1,6.0,2.0,0.01,0.8700000000000003,9.199999999999998,2,230,32,238,0,0.4258971977812014,0.46516035857010146,success
1745,2000,8,1,6.0,2.0,0.01,0.8700000000000003,9.399999999999999,2,216,31,253,0,0.4198371361903493,0.4635027590586043,success
1749,2000,8,1,6.0,2.0,0.01,0.8800000000000003,1.0,2,486,14,0,0,,,success
1746,2000,8,1,6.0,2.0,0.01,0.8700000000000003,9.599999999999998,2,209,28,263,0,0.42181842982592305,0.46339215599700134,success
1750,2000,8,1,6.0,2.0,0.01,0.8800000000000003,1.2,2,480,19,1,0,1.0,,success
1751,2000,8,1,6.0,2.0,0.01,0.8800000000000003,1.4,2,472,25,3,0,1.0,0.0,success
1752,2000,8,1,6.0,2.0,0.01,0.8800000000000003,1.5999999999999999,2,469,26,5,0,1.0,0.0,success
1753,2000,8,1,6.0,2.0,0.01,0.8800000000000003,1.7999999999999998,2,467,24,9,0,1.0,0.0,success
1747,2000,8,1,6.0,2.0,0.01,0.8700000000000003,9.799999999999997,2,216,32,252,0,0.3916661173872156,0.45718804489370507,success
1748,2000,8,1,6.0,2.0,0.01,0.8700000000000003,9.999999999999998,2,207,31,262,0,0.3931677383457017,0.45916974877093103,success
1754,2000,8,1,6.0,2.0,0.01,0.8800000000000003,1.9999999999999998,2,463,26,11,0,1.0,0.0,success
1755,2000,8,1,6.0,2.0,0.01,0.8800000000000003,2.1999999999999997,2,453,29,18,0,1.0,0.0,success
1757,2000,8,1,6.0,2.0,0.01,0.8800000000000003,2.5999999999999996,2,443,33,24,0,1.0,0.0,success
1756,2000,8,1,6.0,2.0,0.01,0.8800000000000003,2.3999999999999995,2,445,30,25,0,1.0,0.0,success
1758,2000,8,1,6.0,2.0,0.01,0.8800000000000003,2.8,2,436,35,29,0,1.0,0.0,success
1759,2000,8,1,6.0,2.0,0.01,0.8800000000000003,2.9999999999999996,2,433,34,33,0,1.0,0.0,success
1760,2000,8,1,6.0,2.0,0.01,0.8800000000000003,3.1999999999999993,2,425,35,40,0,0.9758298938871375,0.08782974665451847,success
1761,2000,8,1,6.0,2.0,0.01,0.8800000000000003,3.3999999999999995,2,421,37,42,0,0.9831979098963023,0.0779459489840646,success
1762,2000,8,1,6.0,2.0,0.01,0.8800000000000003,3.5999999999999996,2,411,38,51,0,0.9877030713776306,0.06297813251071617,success
1763,2000,8,1,6.0,2.0,0.01,0.8800000000000003,3.7999999999999994,2,404,36,60,0,0.9602306948267291,0.15365671404092904,success
1764,2000,8,1,6.0,2.0,0.01,0.8800000000000003,3.999999999999999,2,400,37,63,0,0.9702846735242736,0.1413657666740871,success
1765,2000,8,1,6.0,2.0,0.01,0.8800000000000003,4.199999999999999,2,393,36,71,0,0.9289988472915492,0.23711294109397435,success
1766,2000,8,1,6.0,2.0,0.01,0.8800000000000003,4.3999999999999995,2,389,38,73,0,0.9313078213488973,0.2349195893264286,success
1767,2000,8,1,6.0,2.0,0.01,0.8800000000000003,4.6,2,383,40,77,0,0.9095811368076908,0.25565880012722414,success
1768,2000,8,1,6.0,2.0,0.01,0.8800000000000003,4.799999999999999,2,380,37,83,0,0.9215181810605565,0.22718512913782846,success
1769,2000,8,1,6.0,2.0,0.01,0.8800000000000003,4.999999999999999,2,375,36,89,0,0.9103146613364551,0.25655927379267285,success
1770,2000,8,1,6.0,2.0,0.01,0.8800000000000003,5.199999999999999,2,373,38,89,0,0.8869321303123455,0.2896022425086667,success
1772,2000,8,1,6.0,2.0,0.01,0.8800000000000003,5.599999999999999,2,355,39,106,0,0.809961035992994,0.3719806211661717,success
1771,2000,8,1,6.0,2.0,0.01,0.8800000000000003,5.399999999999999,2,363,40,97,0,0.8218272075924095,0.3589700436208893,success
1773,2000,8,1,6.0,2.0,0.01,0.8800000000000003,5.799999999999999,2,349,43,108,0,0.8136717973730262,0.37006729339954153,success
1774,2000,8,1,6.0,2.0,0.01,0.8800000000000003,5.999999999999999,2,341,43,116,0,0.8222071254387018,0.36832532463691825,success
1775,2000,8,1,6.0,2.0,0.01,0.8800000000000003,6.199999999999999,2,330,43,127,0,0.7761541681940262,0.39937404809168153,success
1776,2000,8,1,6.0,2.0,0.01,0.8800000000000003,6.399999999999999,2,328,41,131,0,0.7577372549390211,0.40826737186832346,success
1777,2000,8,1,6.0,2.0,0.01,0.8800000000000003,6.599999999999999,2,319,37,144,0,0.7104552326909235,0.43660670056183154,success
1778,2000,8,1,6.0,2.0,0.01,0.8800000000000003,6.799999999999999,2,310,37,153,0,0.6571229045677496,0.4536611060041172,success
1779,2000,8,1,6.0,2.0,0.01,0.8800000000000003,6.999999999999998,2,300,33,167,0,0.6277191070087867,0.4586409771959336,success
1780,2000,8,1,6.0,2.0,0.01,0.8800000000000003,7.199999999999998,2,299,32,169,0,0.6009973906610296,0.46386006441947797,success
1781,2000,8,1,6.0,2.0,0.01,0.8800000000000003,7.399999999999999,2,286,30,184,0,0.5634584538350961,0.4705628757727535,success
1782,2000,8,1,6.0,2.0,0.01,0.8800000000000003,7.599999999999999,2,285,31,184,0,0.5367054855092386,0.473496793383831,success
1783,2000,8,1,6.0,2.0,0.01,0.8800000000000003,7.799999999999999,2,276,32,192,0,0.5243687034214624,0.4733493475739779,success
1784,2000,8,1,6.0,2.0,0.01,0.8800000000000003,7.999999999999998,2,265,32,203,0,0.513191262640515,0.47280046787761937,success
1785,2000,8,1,6.0,2.0,0.01,0.8800000000000003,8.2,2,263,34,203,0,0.4974480243840621,0.47083365675493877,success
1786,2000,8,1,6.0,2.0,0.01,0.8800000000000003,8.399999999999999,2,256,34,210,0,0.4828669825862344,0.472887372162602,success
1787,2000,8,1,6.0,2.0,0.01,0.8800000000000003,8.599999999999998,2,249,34,217,0,0.4679754685419993,0.4719841392511287,success
1788,2000,8,1,6.0,2.0,0.01,0.8800000000000003,8.799999999999997,2,240,30,230,0,0.45218367493711037,0.47034281206467377,success
1789,2000,8,1,6.0,2.0,0.01,0.8800000000000003,8.999999999999998,2,235,32,233,0,0.44119779030660833,0.46781402860857224,success
1790,2000,8,1,6.0,2.0,0.01,0.8800000000000003,9.199999999999998,2,230,32,238,0,0.4251832604495585,0.4644110612629989,success
1791,2000,8,1,6.0,2.0,0.01,0.8800000000000003,9.399999999999999,2,216,31,253,0,0.41932080339010297,0.46292637108008877,success
1792,2000,8,1,6.0,2.0,0.01,0.8800000000000003,9.599999999999998,2,209,27,264,0,0.42324811024966585,0.4630343383230565,success
1795,2000,8,1,6.0,2.0,0.01,0.8900000000000003,1.0,2,486,14,0,0,,,success
1793,2000,8,1,6.0,2.0,0.01,0.8800000000000003,9.799999999999997,2,216,32,252,0,0.3909552860069044,0.45637752854180447,success
1796,2000,8,1,6.0,2.0,0.01,0.8900000000000003,1.2,2,480,19,1,0,1.0,,success
1797,2000,8,1,6.0,2.0,0.01,0.8900000000000003,1.4,2,472,25,3,0,1.0,0.0,success
1798,2000,8,1,6.0,2.0,0.01,0.8900000000000003,1.5999999999999999,2,469,26,5,0,1.0,0.0,success
1799,2000,8,1,6.0,2.0,0.01,0.8900000000000003,1.7999999999999998,2,467,24,9,0,1.0,0.0,success
1794,2000,8,1,6.0,2.0,0.01,0.8800000000000003,9.999999999999998,2,207,31,262,0,0.39363746441983627,0.4596065709617743,success
1800,2000,8,1,6.0,2.0,0.01,0.8900000000000003,1.9999999999999998,2,463,26,11,0,1.0,0.0,success
1801,2000,8,1,6.0,2.0,0.01,0.8900000000000003,2.1999999999999997,2,453,29,18,0,1.0,0.0,success
1803,2000,8,1,6.0,2.0,0.01,0.8900000000000003,2.5999999999999996,2,443,33,24,0,1.0,0.0,success
1802,2000,8,1,6.0,2.0,0.01,0.8900000000000003,2.3999999999999995,2,445,30,25,0,1.0,0.0,success
1804,2000,8,1,6.0,2.0,0.01,0.8900000000000003,2.8,2,436,35,29,0,1.0,0.0,success
1805,2000,8,1,6.0,2.0,0.01,0.8900000000000003,2.9999999999999996,2,433,34,33,0,1.0,0.0,success
1806,2000,8,1,6.0,2.0,0.01,0.8900000000000003,3.1999999999999993,2,425,35,40,0,0.9758298938871375,0.08782974665451847,success
1808,2000,8,1,6.0,2.0,0.01,0.8900000000000003,3.5999999999999996,2,411,38,51,0,0.9877030713776306,0.06297813251071617,success
1807,2000,8,1,6.0,2.0,0.01,0.8900000000000003,3.3999999999999995,2,421,37,42,0,0.9831979098963023,0.0779459489840646,success
1809,2000,8,1,6.0,2.0,0.01,0.8900000000000003,3.7999999999999994,2,404,36,60,0,0.9602306948267291,0.15365671404092904,success
1810,2000,8,1,6.0,2.0,0.01,0.8900000000000003,3.999999999999999,2,400,37,63,0,0.9702846735242736,0.1413657666740871,success
1811,2000,8,1,6.0,2.0,0.01,0.8900000000000003,4.199999999999999,2,393,36,71,0,0.9289988472915492,0.23711294109397435,success
1812,2000,8,1,6.0,2.0,0.01,0.8900000000000003,4.3999999999999995,2,389,38,73,0,0.9313078213488973,0.2349195893264286,success
1813,2000,8,1,6.0,2.0,0.01,0.8900000000000003,4.6,2,383,40,77,0,0.9095811368076908,0.25565880012722414,success
1814,2000,8,1,6.0,2.0,0.01,0.8900000000000003,4.799999999999999,2,380,37,83,0,0.9215181810605565,0.22718512913782846,success
1815,2000,8,1,6.0,2.0,0.01,0.8900000000000003,4.999999999999999,2,375,36,89,0,0.9103146613364551,0.25655927379267285,success
1816,2000,8,1,6.0,2.0,0.01,0.8900000000000003,5.199999999999999,2,373,38,89,0,0.8869321303123455,0.2896022425086667,success
1817,2000,8,1,6.0,2.0,0.01,0.8900000000000003,5.399999999999999,2,363,40,97,0,0.8218272075924095,0.3589700436208893,success
1818,2000,8,1,6.0,2.0,0.01,0.8900000000000003,5.599999999999999,2,355,39,106,0,0.809961035992994,0.3719806211661717,success
1819,2000,8,1,6.0,2.0,0.01,0.8900000000000003,5.799999999999999,2,349,43,108,0,0.8136717973730262,0.37006729339954153,success
1820,2000,8,1,6.0,2.0,0.01,0.8900000000000003,5.999999999999999,2,341,43,116,0,0.8222071254387018,0.36832532463691825,success
1821,2000,8,1,6.0,2.0,0.01,0.8900000000000003,6.199999999999999,2,330,43,127,0,0.7761541681940262,0.39937404809168153,success
1822,2000,8,1,6.0,2.0,0.01,0.8900000000000003,6.399999999999999,2,328,41,131,0,0.7577372549390211,0.40826737186832346,success
1823,2000,8,1,6.0,2.0,0.01,0.8900000000000003,6.599999999999999,2,319,37,144,0,0.7102494938643285,0.43651522458702485,success
1824,2000,8,1,6.0,2.0,0.01,0.8900000000000003,6.799999999999999,2,310,37,153,0,0.6568728097289743,0.453512660433422,success
1825,2000,8,1,6.0,2.0,0.01,0.8900000000000003,6.999999999999998,2,300,34,166,0,0.6253927469095726,0.4590460818939683,success
1827,2000,8,1,6.0,2.0,0.01,0.8900000000000003,7.399999999999999,2,286,31,183,0,0.5608456843588417,0.4705545273465088,success
1826,2000,8,1,6.0,2.0,0.01,0.8900000000000003,7.199999999999998,2,299,33,168,0,0.5976819002477771,0.4635347943860672,success
1828,2000,8,1,6.0,2.0,0.01,0.8900000000000003,7.599999999999999,2,285,32,183,0,0.533647191261443,0.4730779037694582,success
1829,2000,8,1,6.0,2.0,0.01,0.8900000000000003,7.799999999999999,2,276,31,193,0,0.5265593102181952,0.47311250129179067,success
1830,2000,8,1,6.0,2.0,0.01,0.8900000000000003,7.999999999999998,2,265,33,202,0,0.5104013491692871,0.47235908599546256,success
1831,2000,8,1,6.0,2.0,0.01,0.8900000000000003,8.2,2,263,35,202,0,0.49494976261954504,0.47065815850033504,success
1832,2000,8,1,6.0,2.0,0.01,0.8900000000000003,8.399999999999999,2,256,35,209,0,0.4803925208618999,0.47265803830479347,success
1833,2000,8,1,6.0,2.0,0.01,0.8900000000000003,8.599999999999998,2,249,35,216,0,0.4655119904982808,0.47168026008523845,success
1834,2000,8,1,6.0,2.0,0.01,0.8900000000000003,8.799999999999997,2,240,31,229,0,0.4497911997986942,0.46996858085424975,success
1835,2000,8,1,6.0,2.0,0.01,0.8900000000000003,8.999999999999998,2,235,33,232,0,0.43892162648768496,0.46748290277480975,success
1836,2000,8,1,6.0,2.0,0.01,0.8900000000000003,9.199999999999998,2,230,33,237,0,0.4227580264347379,0.46388111654019554,success
1841,2000,8,1,6.0,2.0,0.01,0.9000000000000004,1.0,2,486,14,0,0,,,success
1837,2000,8,1,6.0,2.0,0.01,0.8900000000000003,9.399999999999999,2,216,32,252,0,0.41701663049468873,0.4623916050249528,success
1838,2000,8,1,6.0,2.0,0.01,0.8900000000000003,9.599999999999998,2,209,28,263,0,0.42103358017708564,0.4625151103282301,success
1842,2000,8,1,6.0,2.0,0.01,0.9000000000000004,1.2,2,480,19,1,0,1.0,,success
1843,2000,8,1,6.0,2.0,0.01,0.9000000000000004,1.4,2,472,25,3,0,1.0,0.0,success
1844,2000,8,1,6.0,2.0,0.01,0.9000000000000004,1.5999999999999999,2,469,26,5,0,1.0,0.0,success
1845,2000,8,1,6.0,2.0,0.01,0.9000000000000004,1.7999999999999998,2,467,24,9,0,1.0,0.0,success
1839,2000,8,1,6.0,2.0,0.01,0.8900000000000003,9.799999999999997,2,216,33,251,0,0.3885245672331226,0.4556539524108754,success
1840,2000,8,1,6.0,2.0,0.01,0.8900000000000003,9.999999999999998,2,207,32,261,0,0.3913054511052784,0.45893719294005214,success
1846,2000,8,1,6.0,2.0,0.01,0.9000000000000004,1.9999999999999998,2,463,26,11,0,1.0,0.0,success
1847,2000,8,1,6.0,2.0,0.01,0.9000000000000004,2.1999999999999997,2,453,29,18,0,1.0,0.0,success
1848,2000,8,1,6.0,2.0,0.01,0.9000000000000004,2.3999999999999995,2,445,30,25,0,1.0,0.0,success
1849,2000,8,1,6.0,2.0,0.01,0.9000000000000004,2.5999999999999996,2,443,33,24,0,1.0,0.0,success
1850,2000,8,1,6.0,2.0,0.01,0.9000000000000004,2.8,2,436,35,29,0,1.0,0.0,success
1851,2000,8,1,6.0,2.0,0.01,0.9000000000000004,2.9999999999999996,2,433,34,33,0,1.0,0.0,success
1852,2000,8,1,6.0,2.0,0.01,0.9000000000000004,3.1999999999999993,2,425,35,40,0,0.9758298938871375,0.08782974665451847,success
1853,2000,8,1,6.0,2.0,0.01,0.9000000000000004,3.3999999999999995,2,421,37,42,0,0.9831979098963023,0.0779459489840646,success
1854,2000,8,1,6.0,2.0,0.01,0.9000000000000004,3.5999999999999996,2,411,38,51,0,0.9877030713776306,0.06297813251071617,success
1855,2000,8,1,6.0,2.0,0.01,0.9000000000000004,3.7999999999999994,2,404,36,60,0,0.9602306948267291,0.15365671404092904,success
1856,2000,8,1,6.0,2.0,0.01,0.9000000000000004,3.999999999999999,2,400,37,63,0,0.9702846735242736,0.1413657666740871,success
1857,2000,8,1,6.0,2.0,0.01,0.9000000000000004,4.199999999999999,2,393,36,71,0,0.9289988472915492,0.23711294109397435,success
1858,2000,8,1,6.0,2.0,0.01,0.9000000000000004,4.3999999999999995,2,389,38,73,0,0.9313078213488973,0.2349195893264286,success
1859,2000,8,1,6.0,2.0,0.01,0.9000000000000004,4.6,2,383,40,77,0,0.9095811368076908,0.25565880012722414,success
1860,2000,8,1,6.0,2.0,0.01,0.9000000000000004,4.799999999999999,2,380,37,83,0,0.9215181810605565,0.22718512913782846,success
1861,2000,8,1,6.0,2.0,0.01,0.9000000000000004,4.999999999999999,2,375,36,89,0,0.9103146613364551,0.25655927379267285,success
1862,2000,8,1,6.0,2.0,0.01,0.9000000000000004,5.199999999999999,2,373,38,89,0,0.8869321303123455,0.2896022425086667,success
1863,2000,8,1,6.0,2.0,0.01,0.9000000000000004,5.399999999999999,2,363,40,97,0,0.8218272075924095,0.3589700436208893,success
1864,2000,8,1,6.0,2.0,0.01,0.9000000000000004,5.599999999999999,2,355,39,106,0,0.809961035992994,0.3719806211661717,success
1866,2000,8,1,6.0,2.0,0.01,0.9000000000000004,5.999999999999999,2,341,43,116,0,0.8222071254387018,0.36832532463691825,success
1865,2000,8,1,6.0,2.0,0.01,0.9000000000000004,5.799999999999999,2,349,43,108,0,0.8136717973730262,0.37006729339954153,success
1867,2000,8,1,6.0,2.0,0.01,0.9000000000000004,6.199999999999999,2,330,43,127,0,0.7761541681940262,0.39937404809168153,success
1869,2000,8,1,6.0,2.0,0.01,0.9000000000000004,6.599999999999999,2,319,37,144,0,0.7102494938643285,0.43651522458702485,success
1868,2000,8,1,6.0,2.0,0.01,0.9000000000000004,6.399999999999999,2,328,41,131,0,0.7577372549390211,0.40826737186832346,success
1870,2000,8,1,6.0,2.0,0.01,0.9000000000000004,6.799999999999999,2,310,37,153,0,0.6568728097289743,0.453512660433422,success
1871,2000,8,1,6.0,2.0,0.01,0.9000000000000004,6.999999999999998,2,300,34,166,0,0.6253927469095726,0.4590460818939683,success
1872,2000,8,1,6.0,2.0,0.01,0.9000000000000004,7.199999999999998,2,299,33,168,0,0.5976819002477771,0.4635347943860672,success
1873,2000,8,1,6.0,2.0,0.01,0.9000000000000004,7.399999999999999,2,286,31,183,0,0.5608456843588417,0.4705545273465088,success
1874,2000,8,1,6.0,2.0,0.01,0.9000000000000004,7.599999999999999,2,285,32,183,0,0.5339301296695922,0.47334262019020623,success
1875,2000,8,1,6.0,2.0,0.01,0.9000000000000004,7.799999999999999,2,276,31,193,0,0.5267621706948628,0.47329335992046817,success
1876,2000,8,1,6.0,2.0,0.01,0.9000000000000004,7.999999999999998,2,265,33,202,0,0.5104013491692871,0.47235908599546256,success
1877,2000,8,1,6.0,2.0,0.01,0.9000000000000004,8.2,2,263,36,201,0,0.49365453819536154,0.4714722969771933,success
1878,2000,8,1,6.0,2.0,0.01,0.9000000000000004,8.399999999999999,2,256,35,209,0,0.4807423195499243,0.4729344752750113,success
1879,2000,8,1,6.0,2.0,0.01,0.9000000000000004,8.599999999999998,2,249,36,215,0,0.46386076800722487,0.4721548584401517,success
1880,2000,8,1,6.0,2.0,0.01,0.9000000000000004,8.799999999999997,2,240,31,229,0,0.45024290722400684,0.4703450309997108,success
1881,2000,8,1,6.0,2.0,0.01,0.9000000000000004,8.999999999999998,2,235,33,232,0,0.43853797616942986,0.4671963936702047,success
1882,2000,8,1,6.0,2.0,0.01,0.9000000000000004,9.199999999999998,2,230,32,238,0,0.42413601742108703,0.4633893204026277,success
1883,2000,8,1,6.0,2.0,0.01,0.9000000000000004,9.399999999999999,2,216,32,252,0,0.41625300991881553,0.46167985468692235,success
1884,2000,8,1,6.0,2.0,0.01,0.9000000000000004,9.599999999999998,2,209,28,263,0,0.4207335870098942,0.4622865671568493,success
1885,2000,8,1,6.0,2.0,0.01,0.9000000000000004,9.799999999999997,2,216,33,251,0,0.3883750544589991,0.4555188735936367,success
1887,2000,8,1,6.0,2.0,0.01,0.9100000000000004,1.0,2,486,14,0,0,,,success
1886,2000,8,1,6.0,2.0,0.01,0.9000000000000004,9.999999999999998,2,207,32,261,0,0.3912299905732172,0.45887105246058246,success
1888,2000,8,1,6.0,2.0,0.01,0.9100000000000004,1.2,2,480,19,1,0,1.0,,success
1889,2000,8,1,6.0,2.0,0.01,0.9100000000000004,1.4,2,472,25,3,0,1.0,0.0,success
1890,2000,8,1,6.0,2.0,0.01,0.9100000000000004,1.5999999999999999,2,469,26,5,0,1.0,0.0,success
1891,2000,8,1,6.0,2.0,0.01,0.9100000000000004,1.7999999999999998,2,467,24,9,0,1.0,0.0,success
1892,2000,8,1,6.0,2.0,0.01,0.9100000000000004,1.9999999999999998,2,463,26,11,0,1.0,0.0,success
1893,2000,8,1,6.0,2.0,0.01,0.9100000000000004,2.1999999999999997,2,453,29,18,0,1.0,0.0,success
1894,2000,8,1,6.0,2.0,0.01,0.9100000000000004,2.3999999999999995,2,445,30,25,0,1.0,0.0,success
1895,2000,8,1,6.0,2.0,0.01,0.9100000000000004,2.5999999999999996,2,443,33,24,0,1.0,0.0,success
1896,2000,8,1,6.0,2.0,0.01,0.9100000000000004,2.8,2,436,35,29,0,1.0,0.0,success
1897,2000,8,1,6.0,2.0,0.01,0.9100000000000004,2.9999999999999996,2,433,34,33,0,1.0,0.0,success
1898,2000,8,1,6.0,2.0,0.01,0.9100000000000004,3.1999999999999993,2,425,35,40,0,0.9758298938871375,0.08782974665451847,success
1899,2000,8,1,6.0,2.0,0.01,0.9100000000000004,3.3999999999999995,2,421,37,42,0,0.9831979098963023,0.0779459489840646,success
1900,2000,8,1,6.0,2.0,0.01,0.9100000000000004,3.5999999999999996,2,411,38,51,0,0.9877030713776306,0.06297813251071617,success
1901,2000,8,1,6.0,2.0,0.01,0.9100000000000004,3.7999999999999994,2,404,36,60,0,0.9602306948267291,0.15365671404092904,success
1902,2000,8,1,6.0,2.0,0.01,0.9100000000000004,3.999999999999999,2,400,37,63,0,0.9702846735242736,0.1413657666740871,success
1903,2000,8,1,6.0,2.0,0.01,0.9100000000000004,4.199999999999999,2,393,36,71,0,0.9289988472915492,0.23711294109397435,success
1904,2000,8,1,6.0,2.0,0.01,0.9100000000000004,4.3999999999999995,2,389,38,73,0,0.9313078213488973,0.2349195893264286,success
1905,2000,8,1,6.0,2.0,0.01,0.9100000000000004,4.6,2,383,40,77,0,0.9095811368076908,0.25565880012722414,success
1907,2000,8,1,6.0,2.0,0.01,0.9100000000000004,4.999999999999999,2,375,36,89,0,0.9103146613364551,0.25655927379267285,success
1906,2000,8,1,6.0,2.0,0.01,0.9100000000000004,4.799999999999999,2,380,37,83,0,0.9215181810605565,0.22718512913782846,success
1908,2000,8,1,6.0,2.0,0.01,0.9100000000000004,5.199999999999999,2,373,38,89,0,0.8869321303123455,0.2896022425086667,success
1909,2000,8,1,6.0,2.0,0.01,0.9100000000000004,5.399999999999999,2,363,40,97,0,0.8218272075924095,0.3589700436208893,success
1910,2000,8,1,6.0,2.0,0.01,0.9100000000000004,5.599999999999999,2,355,39,106,0,0.809961035992994,0.3719806211661717,success
1911,2000,8,1,6.0,2.0,0.01,0.9100000000000004,5.799999999999999,2,349,43,108,0,0.8136717973730262,0.37006729339954153,success
1912,2000,8,1,6.0,2.0,0.01,0.9100000000000004,5.999999999999999,2,341,43,116,0,0.8222071254387018,0.36832532463691825,success
1913,2000,8,1,6.0,2.0,0.01,0.9100000000000004,6.199999999999999,2,330,43,127,0,0.7761541681940262,0.39937404809168153,success
1914,2000,8,1,6.0,2.0,0.01,0.9100000000000004,6.399999999999999,2,328,41,131,0,0.7577372549390211,0.40826737186832346,success
1915,2000,8,1,6.0,2.0,0.01,0.9100000000000004,6.599999999999999,2,319,37,144,0,0.7102494938643285,0.43651522458702485,success
1916,2000,8,1,6.0,2.0,0.01,0.9100000000000004,6.799999999999999,2,310,37,153,0,0.6568728097289743,0.453512660433422,success
1917,2000,8,1,6.0,2.0,0.01,0.9100000000000004,6.999999999999998,2,300,34,166,0,0.6253927469095726,0.4590460818939683,success
1919,2000,8,1,6.0,2.0,0.01,0.9100000000000004,7.399999999999999,2,286,31,183,0,0.5608456843588417,0.4705545273465088,success
1918,2000,8,1,6.0,2.0,0.01,0.9100000000000004,7.199999999999998,2,299,33,168,0,0.5976819002477771,0.4635347943860672,success
1920,2000,8,1,6.0,2.0,0.01,0.9100000000000004,7.599999999999999,2,285,32,183,0,0.5339301296695922,0.47334262019020623,success
1921,2000,8,1,6.0,2.0,0.01,0.9100000000000004,7.799999999999999,2,276,31,193,0,0.5267621942239772,0.47329337327023885,success
1922,2000,8,1,6.0,2.0,0.01,0.9100000000000004,7.999999999999998,2,265,33,202,0,0.5104013491692871,0.47235908599546256,success
1923,2000,8,1,6.0,2.0,0.01,0.9100000000000004,8.2,2,263,36,201,0,0.49365453819536154,0.4714722969771933,success
1924,2000,8,1,6.0,2.0,0.01,0.9100000000000004,8.399999999999999,2,256,35,209,0,0.480739391701751,0.47293193626294877,success
1925,2000,8,1,6.0,2.0,0.01,0.9100000000000004,8.599999999999998,2,249,36,215,0,0.4638608457496007,0.4721548853818188,success
1926,2000,8,1,6.0,2.0,0.01,0.9100000000000004,8.799999999999997,2,240,31,229,0,0.4502426601407582,0.4703448798815786,success
1927,2000,8,1,6.0,2.0,0.01,0.9100000000000004,8.999999999999998,2,235,33,232,0,0.4385454655000764,0.46720122783363227,success
1933,2000,8,1,6.0,2.0,0.01,0.9200000000000004,1.0,2,486,14,0,0,,,success
1929,2000,8,1,6.0,2.0,0.01,0.9100000000000004,9.399999999999999,2,216,32,252,0,0.4162527101389417,0.4616796274606902,success
1934,2000,8,1,6.0,2.0,0.01,0.9200000000000004,1.2,2,480,19,1,0,1.0,,success
1928,2000,8,1,6.0,2.0,0.01,0.9100000000000004,9.199999999999998,2,230,32,238,0,0.42413491195813435,0.4633885383290097,success
1935,2000,8,1,6.0,2.0,0.01,0.9200000000000004,1.4,2,472,25,3,0,1.0,0.0,success
1930,2000,8,1,6.0,2.0,0.01,0.9100000000000004,9.599999999999998,2,209,28,263,0,0.42073144921430267,0.4622979086083395,success
1936,2000,8,1,6.0,2.0,0.01,0.9200000000000004,1.5999999999999999,2,469,26,5,0,1.0,0.0,success
1931,2000,8,1,6.0,2.0,0.01,0.9100000000000004,9.799999999999997,2,216,32,252,0,0.39062289215073914,0.4560394709552912,success
1932,2000,8,1,6.0,2.0,0.01,0.9100000000000004,9.999999999999998,2,207,32,261,0,0.3909688966929825,0.4585969718780359,success
1937,2000,8,1,6.0,2.0,0.01,0.9200000000000004,1.7999999999999998,2,467,24,9,0,1.0,0.0,success
1939,2000,8,1,6.0,2.0,0.01,0.9200000000000004,2.1999999999999997,2,453,29,18,0,1.0,0.0,success
1938,2000,8,1,6.0,2.0,0.01,0.9200000000000004,1.9999999999999998,2,463,26,11,0,1.0,0.0,success
1940,2000,8,1,6.0,2.0,0.01,0.9200000000000004,2.3999999999999995,2,445,30,25,0,1.0,0.0,success
1941,2000,8,1,6.0,2.0,0.01,0.9200000000000004,2.5999999999999996,2,443,33,24,0,1.0,0.0,success
1942,2000,8,1,6.0,2.0,0.01,0.9200000000000004,2.8,2,436,35,29,0,1.0,0.0,success
1943,2000,8,1,6.0,2.0,0.01,0.9200000000000004,2.9999999999999996,2,433,34,33,0,1.0,0.0,success
1944,2000,8,1,6.0,2.0,0.01,0.9200000000000004,3.1999999999999993,2,425,35,40,0,0.9758298938871375,0.08782974665451847,success
1945,2000,8,1,6.0,2.0,0.01,0.9200000000000004,3.3999999999999995,2,421,37,42,0,0.9831979098963023,0.0779459489840646,success
1946,2000,8,1,6.0,2.0,0.01,0.9200000000000004,3.5999999999999996,2,411,38,51,0,0.9877030713776306,0.06297813251071617,success
1947,2000,8,1,6.0,2.0,0.01,0.9200000000000004,3.7999999999999994,2,404,36,60,0,0.9602306948267291,0.15365671404092904,success
1948,2000,8,1,6.0,2.0,0.01,0.9200000000000004,3.999999999999999,2,400,37,63,0,0.9702846735242736,0.1413657666740871,success
1950,2000,8,1,6.0,2.0,0.01,0.9200000000000004,4.3999999999999995,2,389,38,73,0,0.9313078213488973,0.2349195893264286,success
1949,2000,8,1,6.0,2.0,0.01,0.9200000000000004,4.199999999999999,2,393,36,71,0,0.9289988472915492,0.23711294109397435,success
1951,2000,8,1,6.0,2.0,0.01,0.9200000000000004,4.6,2,383,40,77,0,0.9095811368076908,0.25565880012722414,success
1952,2000,8,1,6.0,2.0,0.01,0.9200000000000004,4.799999999999999,2,380,37,83,0,0.9215181810605565,0.22718512913782846,success
1953,2000,8,1,6.0,2.0,0.01,0.9200000000000004,4.999999999999999,2,375,36,89,0,0.9103146613364551,0.25655927379267285,success
1954,2000,8,1,6.0,2.0,0.01,0.9200000000000004,5.199999999999999,2,373,38,89,0,0.8869321303123455,0.2896022425086667,success
1955,2000,8,1,6.0,2.0,0.01,0.9200000000000004,5.399999999999999,2,363,40,97,0,0.8218272075924095,0.3589700436208893,success
1956,2000,8,1,6.0,2.0,0.01,0.9200000000000004,5.599999999999999,2,355,39,106,0,0.809961035992994,0.3719806211661717,success
1957,2000,8,1,6.0,2.0,0.01,0.9200000000000004,5.799999999999999,2,349,43,108,0,0.8136717973730262,0.37006729339954153,success
1958,2000,8,1,6.0,2.0,0.01,0.9200000000000004,5.999999999999999,2,341,43,116,0,0.8222071254387018,0.36832532463691825,success
1959,2000,8,1,6.0,2.0,0.01,0.9200000000000004,6.199999999999999,2,330,43,127,0,0.7761541681940262,0.39937404809168153,success
1960,2000,8,1,6.0,2.0,0.01,0.9200000000000004,6.399999999999999,2,328,41,131,0,0.7577372549390211,0.40826737186832346,success
1961,2000,8,1,6.0,2.0,0.01,0.9200000000000004,6.599999999999999,2,319,37,144,0,0.7102494938643285,0.43651522458702485,success
1962,2000,8,1,6.0,2.0,0.01,0.9200000000000004,6.799999999999999,2,310,37,153,0,0.6568728097289743,0.453512660433422,success
1963,2000,8,1,6.0,2.0,0.01,0.9200000000000004,6.999999999999998,2,300,34,166,0,0.6239160783043666,0.458227268929157,success
1964,2000,8,1,6.0,2.0,0.01,0.9200000000000004,7.199999999999998,2,299,33,168,0,0.5962228110307284,0.46264576253777867,success
1965,2000,8,1,6.0,2.0,0.01,0.9200000000000004,7.399999999999999,2,286,31,183,0,0.5595061926186002,0.4696455657307121,success
1967,2000,8,1,6.0,2.0,0.01,0.9200000000000004,7.799999999999999,2,276,31,193,0,0.5266003901676862,0.47320958364932286,success
1966,2000,8,1,6.0,2.0,0.01,0.9200000000000004,7.599999999999999,2,285,32,183,0,0.5325906379293507,0.4723622844573508,success
1968,2000,8,1,6.0,2.0,0.01,0.9200000000000004,7.999999999999998,2,265,33,202,0,0.5102466726789634,0.47227345989954045,success
1969,2000,8,1,6.0,2.0,0.01,0.9200000000000004,8.2,2,263,36,201,0,0.49349909145987386,0.4713805303676397,success
1970,2000,8,1,6.0,2.0,0.01,0.9200000000000004,8.399999999999999,2,255,35,210,0,0.48305729375297884,0.47306065922660206,success
1971,2000,8,1,6.0,2.0,0.01,0.9200000000000004,8.599999999999998,2,249,36,215,0,0.46378416507170167,0.47211928524158037,success
1972,2000,8,1,6.0,2.0,0.01,0.9200000000000004,8.799999999999997,2,240,31,229,0,0.4501062206165425,0.4702515431097898,success
1973,2000,8,1,6.0,2.0,0.01,0.9200000000000004,8.999999999999998,2,235,33,232,0,0.4384086775487952,0.4671036999028846,success
1974,2000,8,1,6.0,2.0,0.01,0.9200000000000004,9.199999999999998,2,230,32,238,0,0.4240019996940795,0.4632888153836757,success
1979,2000,8,1,6.0,2.0,0.01,0.9300000000000004,1.0,2,486,14,0,0,,,success
1975,2000,8,1,6.0,2.0,0.01,0.9200000000000004,9.399999999999999,2,216,32,252,0,0.41612633385317804,0.4615823489975272,success
1976,2000,8,1,6.0,2.0,0.01,0.9200000000000004,9.599999999999998,2,209,28,263,0,0.42061236455460005,0.46220746701658977,success
1980,2000,8,1,6.0,2.0,0.01,0.9300000000000004,1.2,2,480,19,1,0,1.0,,success
1977,2000,8,1,6.0,2.0,0.01,0.9200000000000004,9.799999999999997,2,216,32,252,0,0.3906193970833583,0.4560364512241763,success
1978,2000,8,1,6.0,2.0,0.01,0.9200000000000004,9.999999999999998,2,207,32,261,0,0.39090227352481505,0.4585716729684021,success
1981,2000,8,1,6.0,2.0,0.01,0.9300000000000004,1.4,2,472,25,3,0,1.0,0.0,success
1982,2000,8,1,6.0,2.0,0.01,0.9300000000000004,1.5999999999999999,2,469,26,5,0,1.0,0.0,success
1983,2000,8,1,6.0,2.0,0.01,0.9300000000000004,1.7999999999999998,2,467,24,9,0,1.0,0.0,success
1984,2000,8,1,6.0,2.0,0.01,0.9300000000000004,1.9999999999999998,2,463,26,11,0,1.0,0.0,success
1985,2000,8,1,6.0,2.0,0.01,0.9300000000000004,2.1999999999999997,2,453,29,18,0,1.0,0.0,success
1986,2000,8,1,6.0,2.0,0.01,0.9300000000000004,2.3999999999999995,2,445,30,25,0,1.0,0.0,success
1987,2000,8,1,6.0,2.0,0.01,0.9300000000000004,2.5999999999999996,2,443,33,24,0,1.0,0.0,success
1988,2000,8,1,6.0,2.0,0.01,0.9300000000000004,2.8,2,436,35,29,0,1.0,0.0,success
1989,2000,8,1,6.0,2.0,0.01,0.9300000000000004,2.9999999999999996,2,433,34,33,0,1.0,0.0,success
1990,2000,8,1,6.0,2.0,0.01,0.9300000000000004,3.1999999999999993,2,425,35,40,0,0.9758298938871375,0.08782974665451847,success
1991,2000,8,1,6.0,2.0,0.01,0.9300000000000004,3.3999999999999995,2,421,37,42,0,0.9831979098963023,0.0779459489840646,success
1992,2000,8,1,6.0,2.0,0.01,0.9300000000000004,3.5999999999999996,2,411,38,51,0,0.9877030713776306,0.06297813251071617,success
1993,2000,8,1,6.0,2.0,0.01,0.9300000000000004,3.7999999999999994,2,404,36,60,0,0.9602306948267291,0.15365671404092904,success
1994,2000,8,1,6.0,2.0,0.01,0.9300000000000004,3.999999999999999,2,400,37,63,0,0.9702846735242736,0.1413657666740871,success
1995,2000,8,1,6.0,2.0,0.01,0.9300000000000004,4.199999999999999,2,393,36,71,0,0.9289988472915492,0.23711294109397435,success
1996,2000,8,1,6.0,2.0,0.01,0.9300000000000004,4.3999999999999995,2,389,38,73,0,0.9313078213488973,0.2349195893264286,success
1997,2000,8,1,6.0,2.0,0.01,0.9300000000000004,4.6,2,383,40,77,0,0.9095811368076908,0.25565880012722414,success
1999,2000,8,1,6.0,2.0,0.01,0.9300000000000004,4.999999999999999,2,375,36,89,0,0.9103146613364551,0.25655927379267285,success
1998,2000,8,1,6.0,2.0,0.01,0.9300000000000004,4.799999999999999,2,380,37,83,0,0.9215181810605565,0.22718512913782846,success
2000,2000,8,1,6.0,2.0,0.01,0.9300000000000004,5.199999999999999,2,373,38,89,0,0.8869321303123455,0.2896022425086667,success
2001,2000,8,1,6.0,2.0,0.01,0.9300000000000004,5.399999999999999,2,363,40,97,0,0.8218272075924095,0.3589700436208893,success
2002,2000,8,1,6.0,2.0,0.01,0.9300000000000004,5.599999999999999,2,355,39,106,0,0.809961035992994,0.3719806211661717,success
2004,2000,8,1,6.0,2.0,0.01,0.9300000000000004,5.999999999999999,2,341,43,116,0,0.8200939688119593,0.3679994461797557,success
2003,2000,8,1,6.0,2.0,0.01,0.9300000000000004,5.799999999999999,2,349,43,108,0,0.8136717973730262,0.37006729339954153,success
2005,2000,8,1,6.0,2.0,0.01,0.9300000000000004,6.199999999999999,2,330,43,127,0,0.7742240408814108,0.39887566376399886,success
2006,2000,8,1,6.0,2.0,0.01,0.9300000000000004,6.399999999999999,2,328,41,131,0,0.7558660628115239,0.40770983634280683,success
2007,2000,8,1,6.0,2.0,0.01,0.9300000000000004,6.599999999999999,2,319,37,144,0,0.7085472288038969,0.435854847777374,success
2008,2000,8,1,6.0,2.0,0.01,0.9300000000000004,6.799999999999999,2,310,37,153,0,0.6552706779073918,0.4527248107544772,success
2010,2000,8,1,6.0,2.0,0.01,0.9300000000000004,7.199999999999998,2,299,33,168,0,0.5959966105491282,0.4625540087405287,success
2009,2000,8,1,6.0,2.0,0.01,0.9300000000000004,6.999999999999998,2,300,34,166,0,0.6237278292019839,0.458166642002386,success
2011,2000,8,1,6.0,2.0,0.01,0.9300000000000004,7.399999999999999,2,286,31,183,0,0.5592630210755137,0.4695245449688074,success
2012,2000,8,1,6.0,2.0,0.01,0.9300000000000004,7.599999999999999,2,285,32,183,0,0.5323297607497227,0.47221976074221345,success
2013,2000,8,1,6.0,2.0,0.01,0.9300000000000004,7.799999999999999,2,276,31,193,0,0.5264049401068435,0.47310683164700396,success
2014,2000,8,1,6.0,2.0,0.01,0.9300000000000004,7.999999999999998,2,265,33,202,0,0.510053798890803,0.472165215422397,success
2015,2000,8,1,6.0,2.0,0.01,0.9300000000000004,8.2,2,263,35,202,0,0.49567879449637203,0.4712849369858686,success
2016,2000,8,1,6.0,2.0,0.01,0.9300000000000004,8.399999999999999,2,255,35,210,0,0.4829090223857038,0.47296993405623516,success
2017,2000,8,1,6.0,2.0,0.01,0.9300000000000004,8.599999999999998,2,249,36,215,0,0.4636388260799573,0.4720243898187886,success
2018,2000,8,1,6.0,2.0,0.01,0.9300000000000004,8.799999999999997,2,240,31,229,0,0.44960363704370016,0.469845101109729,success
2019,2000,8,1,6.0,2.0,0.01,0.9300000000000004,8.999999999999998,2,235,33,232,0,0.4385386472016344,0.4671983906248494,success
2020,2000,8,1,6.0,2.0,0.01,0.9300000000000004,9.199999999999998,2,230,32,238,0,0.4236061464772258,0.4629113070396882,success
2025,2000,8,1,6.0,2.0,0.01,0.9400000000000004,1.0,2,486,14,0,0,,,success
2026,2000,8,1,6.0,2.0,0.01,0.9400000000000004,1.2,2,480,19,1,0,1.0,,success
2021,2000,8,1,6.0,2.0,0.01,0.9300000000000004,9.399999999999999,2,216,32,252,0,0.41574537788460536,0.46121112129528047,success
2028,2000,8,1,6.0,2.0,0.01,0.9400000000000004,1.5999999999999999,2,469,26,5,0,1.0,0.0,success
2027,2000,8,1,6.0,2.0,0.01,0.9400000000000004,1.4,2,472,25,3,0,1.0,0.0,success
2022,2000,8,1,6.0,2.0,0.01,0.9300000000000004,9.599999999999998,2,209,28,263,0,0.4202408736532278,0.46184928478656967,success
2023,2000,8,1,6.0,2.0,0.01,0.9300000000000004,9.799999999999997,2,216,32,252,0,0.3903775659271365,0.455800619710403,success
2029,2000,8,1,6.0,2.0,0.01,0.9400000000000004,1.7999999999999998,2,467,24,9,0,1.0,0.0,success
2031,2000,8,1,6.0,2.0,0.01,0.9400000000000004,2.1999999999999997,2,453,29,18,0,1.0,0.0,success
2030,2000,8,1,6.0,2.0,0.01,0.9400000000000004,1.9999999999999998,2,463,26,11,0,1.0,0.0,success
2024,2000,8,1,6.0,2.0,0.01,0.9300000000000004,9.999999999999998,2,207,32,261,0,0.39061231622733106,0.458263355893865,success
2032,2000,8,1,6.0,2.0,0.01,0.9400000000000004,2.3999999999999995,2,445,30,25,0,1.0,0.0,success
2033,2000,8,1,6.0,2.0,0.01,0.9400000000000004,2.5999999999999996,2,443,33,24,0,1.0,0.0,success
2034,2000,8,1,6.0,2.0,0.01,0.9400000000000004,2.8,2,436,35,29,0,1.0,0.0,success
2036,2000,8,1,6.0,2.0,0.01,0.9400000000000004,3.1999999999999993,2,425,35,40,0,0.9758298938871375,0.08782974665451847,success
2035,2000,8,1,6.0,2.0,0.01,0.9400000000000004,2.9999999999999996,2,433,34,33,0,1.0,0.0,success
2037,2000,8,1,6.0,2.0,0.01,0.9400000000000004,3.3999999999999995,2,421,37,42,0,0.9831979098963023,0.0779459489840646,success
2038,2000,8,1,6.0,2.0,0.01,0.9400000000000004,3.5999999999999996,2,411,38,51,0,0.9877030713776306,0.06297813251071617,success
2039,2000,8,1,6.0,2.0,0.01,0.9400000000000004,3.7999999999999994,2,404,36,60,0,0.9602306948267291,0.15365671404092904,success
2040,2000,8,1,6.0,2.0,0.01,0.9400000000000004,3.999999999999999,2,400,37,63,0,0.9702846735242736,0.1413657666740871,success
2041,2000,8,1,6.0,2.0,0.01,0.9400000000000004,4.199999999999999,2,393,36,71,0,0.9289988472915492,0.23711294109397435,success
2042,2000,8,1,6.0,2.0,0.01,0.9400000000000004,4.3999999999999995,2,389,38,73,0,0.9313078213488973,0.2349195893264286,success
2043,2000,8,1,6.0,2.0,0.01,0.9400000000000004,4.6,2,383,40,77,0,0.9095811368076908,0.25565880012722414,success
2044,2000,8,1,6.0,2.0,0.01,0.9400000000000004,4.799999999999999,2,380,37,83,0,0.9215181810605565,0.22718512913782846,success
2045,2000,8,1,6.0,2.0,0.01,0.9400000000000004,4.999999999999999,2,375,36,89,0,0.9103146613364551,0.25655927379267285,success
2046,2000,8,1,6.0,2.0,0.01,0.9400000000000004,5.199999999999999,2,373,38,89,0,0.8869321303123455,0.2896022425086667,success
2047,2000,8,1,6.0,2.0,0.01,0.9400000000000004,5.399999999999999,2,363,40,97,0,0.8218272075924095,0.3589700436208893,success
2048,2000,8,1,6.0,2.0,0.01,0.9400000000000004,5.599999999999999,2,355,39,106,0,0.809961035992994,0.3719806211661717,success
2049,2000,8,1,6.0,2.0,0.01,0.9400000000000004,5.799999999999999,2,349,43,108,0,0.8136717973730262,0.37006729339954153,success
2050,2000,8,1,6.0,2.0,0.01,0.9400000000000004,5.999999999999999,2,341,43,116,0,0.8200939688119593,0.3679994461797557,success
2051,2000,8,1,6.0,2.0,0.01,0.9400000000000004,6.199999999999999,2,330,43,127,0,0.7742240408814108,0.39887566376399886,success
2052,2000,8,1,6.0,2.0,0.01,0.9400000000000004,6.399999999999999,2,328,41,131,0,0.7558660628115239,0.40770983634280683,success
2053,2000,8,1,6.0,2.0,0.01,0.9400000000000004,6.599999999999999,2,319,37,144,0,0.7085472288038969,0.435854847777374,success
2054,2000,8,1,6.0,2.0,0.01,0.9400000000000004,6.799999999999999,2,310,37,153,0,0.6552706779073918,0.4527248107544772,success
2056,2000,8,1,6.0,2.0,0.01,0.9400000000000004,7.199999999999998,2,299,33,168,0,0.5955680650638777,0.4622106914523832,success
2055,2000,8,1,6.0,2.0,0.01,0.9400000000000004,6.999999999999998,2,300,34,166,0,0.6237278292019839,0.458166642002386,success
2057,2000,8,1,6.0,2.0,0.01,0.9400000000000004,7.399999999999999,2,286,31,183,0,0.5592630210755137,0.4695245449688074,success
2058,2000,8,1,6.0,2.0,0.01,0.9400000000000004,7.599999999999999,2,285,32,183,0,0.5323297607497227,0.47221976074221345,success
2059,2000,8,1,6.0,2.0,0.01,0.9400000000000004,7.799999999999999,2,276,31,193,0,0.5264049399519571,0.4731068315610974,success
2060,2000,8,1,6.0,2.0,0.01,0.9400000000000004,7.999999999999998,2,265,33,202,0,0.510053798890803,0.472165215422397,success
2061,2000,8,1,6.0,2.0,0.01,0.9400000000000004,8.2,2,263,35,202,0,0.49567879449637203,0.4712849369858686,success
2062,2000,8,1,6.0,2.0,0.01,0.9400000000000004,8.399999999999999,2,255,35,210,0,0.48290891418029197,0.47296990219667123,success
2064,2000,8,1,6.0,2.0,0.01,0.9400000000000004,8.799999999999997,2,240,31,229,0,0.44960362737633935,0.4698450973371023,success
2063,2000,8,1,6.0,2.0,0.01,0.9400000000000004,8.599999999999998,2,249,36,215,0,0.46363879176821754,0.47202437790810586,success
2065,2000,8,1,6.0,2.0,0.01,0.9400000000000004,8.999999999999998,2,235,33,232,0,0.4385818467555627,0.4672364155650314,success
2066,2000,8,1,6.0,2.0,0.01,0.9400000000000004,9.199999999999998,2,231,32,237,0,0.42117349675909344,0.4623643350607055,success
2067,2000,8,1,6.0,2.0,0.01,0.9400000000000004,9.399999999999999,2,216,32,252,0,0.41574058148996923,0.46120764935020236,success
2068,2000,8,1,6.0,2.0,0.01,0.9400000000000004,9.599999999999998,2,209,28,263,0,0.4202370773422396,0.4618467195575087,success
2071,2000,8,1,6.0,2.0,0.01,0.9500000000000004,1.0,2,486,14,0,0,,,success
2073,2000,8,1,6.0,2.0,0.01,0.9500000000000004,1.4,2,472,25,3,0,1.0,0.0,success
2072,2000,8,1,6.0,2.0,0.01,0.9500000000000004,1.2,2,480,19,1,0,1.0,,success
2069,2000,8,1,6.0,2.0,0.01,0.9400000000000004,9.799999999999997,2,216,32,252,0,0.39037652922282406,0.4557967013795598,success
2074,2000,8,1,6.0,2.0,0.01,0.9500000000000004,1.5999999999999999,2,469,26,5,0,1.0,0.0,success
2075,2000,8,1,6.0,2.0,0.01,0.9500000000000004,1.7999999999999998,2,467,24,9,0,1.0,0.0,success
2076,2000,8,1,6.0,2.0,0.01,0.9500000000000004,1.9999999999999998,2,463,26,11,0,1.0,0.0,success
2070,2000,8,1,6.0,2.0,0.01,0.9400000000000004,9.999999999999998,2,207,32,261,0,0.3906097168470844,0.45826111170228684,success
2077,2000,8,1,6.0,2.0,0.01,0.9500000000000004,2.1999999999999997,2,453,29,18,0,1.0,0.0,success
2078,2000,8,1,6.0,2.0,0.01,0.9500000000000004,2.3999999999999995,2,445,30,25,0,1.0,0.0,success
2079,2000,8,1,6.0,2.0,0.01,0.9500000000000004,2.5999999999999996,2,443,33,24,0,1.0,0.0,success
2080,2000,8,1,6.0,2.0,0.01,0.9500000000000004,2.8,2,436,35,29,0,1.0,0.0,success
2081,2000,8,1,6.0,2.0,0.01,0.9500000000000004,2.9999999999999996,2,433,34,33,0,1.0,0.0,success
2082,2000,8,1,6.0,2.0,0.01,0.9500000000000004,3.1999999999999993,2,425,35,40,0,0.9758298938871375,0.08782974665451847,success
2083,2000,8,1,6.0,2.0,0.01,0.9500000000000004,3.3999999999999995,2,421,37,42,0,0.9831979098963023,0.0779459489840646,success
2084,2000,8,1,6.0,2.0,0.01,0.9500000000000004,3.5999999999999996,2,411,38,51,0,0.9877030713776306,0.06297813251071617,success
2085,2000,8,1,6.0,2.0,0.01,0.9500000000000004,3.7999999999999994,2,404,36,60,0,0.9602306948267291,0.15365671404092904,success
2086,2000,8,1,6.0,2.0,0.01,0.9500000000000004,3.999999999999999,2,401,37,62,0,0.9716291049445354,0.14211316666137905,success
2087,2000,8,1,6.0,2.0,0.01,0.9500000000000004,4.199999999999999,2,394,36,70,0,0.92798454511,0.23866977666036254,success
2088,2000,8,1,6.0,2.0,0.01,0.9500000000000004,4.3999999999999995,2,389,38,73,0,0.9313078213488973,0.2349195893264286,success
2089,2000,8,1,6.0,2.0,0.01,0.9500000000000004,4.6,2,383,40,77,0,0.9095811368076908,0.25565880012722414,success
2090,2000,8,1,6.0,2.0,0.01,0.9500000000000004,4.799999999999999,2,380,37,83,0,0.9215181810605565,0.22718512913782846,success
2091,2000,8,1,6.0,2.0,0.01,0.9500000000000004,4.999999999999999,2,375,36,89,0,0.9103146613364551,0.25655927379267285,success
2092,2000,8,1,6.0,2.0,0.01,0.9500000000000004,5.199999999999999,2,373,38,89,0,0.8869321303123455,0.2896022425086667,success
2093,2000,8,1,6.0,2.0,0.01,0.9500000000000004,5.399999999999999,2,363,40,97,0,0.8218272075924095,0.3589700436208893,success
2094,2000,8,1,6.0,2.0,0.01,0.9500000000000004,5.599999999999999,2,355,39,106,0,0.809961035992994,0.3719806211661717,success
2095,2000,8,1,6.0,2.0,0.01,0.9500000000000004,5.799999999999999,2,349,43,108,0,0.8136717973730262,0.37006729339954153,success
2096,2000,8,1,6.0,2.0,0.01,0.9500000000000004,5.999999999999999,2,341,43,116,0,0.8200939688119593,0.3679994461797557,success
2097,2000,8,1,6.0,2.0,0.01,0.9500000000000004,6.199999999999999,2,330,43,127,0,0.7742240408814108,0.39887566376399886,success
2098,2000,8,1,6.0,2.0,0.01,0.9500000000000004,6.399999999999999,2,328,41,131,0,0.7558660628115239,0.40770983634280683,success
2099,2000,8,1,6.0,2.0,0.01,0.9500000000000004,6.599999999999999,2,319,37,144,0,0.7085472288038969,0.435854847777374,success
2100,2000,8,1,6.0,2.0,0.01,0.9500000000000004,6.799999999999999,2,309,37,154,0,0.6575091799989022,0.4520971414907532,success
2102,2000,8,1,6.0,2.0,0.01,0.9500000000000004,7.199999999999998,2,299,33,168,0,0.5955680650638777,0.4622106914523832,success
2101,2000,8,1,6.0,2.0,0.01,0.9500000000000004,6.999999999999998,2,300,34,166,0,0.6237278292019839,0.458166642002386,success
2103,2000,8,1,6.0,2.0,0.01,0.9500000000000004,7.399999999999999,2,286,31,183,0,0.5592630210755137,0.4695245449688074,success
2104,2000,8,1,6.0,2.0,0.01,0.9500000000000004,7.599999999999999,2,284,32,184,0,0.5348236861921454,0.47215403907846293,success
2105,2000,8,1,6.0,2.0,0.01,0.9500000000000004,7.799999999999999,2,276,31,193,0,0.5263594373058247,0.4730735893248705,success
2106,2000,8,1,6.0,2.0,0.01,0.9500000000000004,7.999999999999998,2,266,33,201,0,0.5074055297993741,0.4719539261588356,success
2107,2000,8,1,6.0,2.0,0.01,0.9500000000000004,8.2,2,264,35,201,0,0.49268846787105,0.4706719651271647,success
2108,2000,8,1,6.0,2.0,0.01,0.9500000000000004,8.399999999999999,2,256,35,209,0,0.48029254812157857,0.47262129609204434,success
2109,2000,8,1,6.0,2.0,0.01,0.9500000000000004,8.599999999999998,2,249,36,215,0,0.46364906438056636,0.4720334322140804,success
2110,2000,8,1,6.0,2.0,0.01,0.9500000000000004,8.799999999999997,2,240,31,229,0,0.44965714755034164,0.469886792746375,success
2111,2000,8,1,6.0,2.0,0.01,0.9500000000000004,8.999999999999998,2,234,33,233,0,0.440889792103857,0.4676063872974573,success
2112,2000,8,1,6.0,2.0,0.01,0.9500000000000004,9.199999999999998,2,230,32,238,0,0.42362826703993745,0.4629300224480461,success
2113,2000,8,1,6.0,2.0,0.01,0.9500000000000004,9.399999999999999,2,215,32,253,0,0.41804579771418865,0.4617499899174808,success
2117,2000,8,1,6.0,2.0,0.01,0.9600000000000004,1.0,2,486,14,0,0,,,success
2114,2000,8,1,6.0,2.0,0.01,0.9500000000000004,9.599999999999998,2,208,28,264,0,0.42237675162478017,0.46228393459280087,success
2118,2000,8,1,6.0,2.0,0.01,0.9600000000000004,1.2,2,480,19,1,0,1.0,,success
2119,2000,8,1,6.0,2.0,0.01,0.9600000000000004,1.4,2,472,24,4,0,1.0,0.0,success
2115,2000,8,1,6.0,2.0,0.01,0.9500000000000004,9.799999999999997,2,215,32,253,0,0.39282839464459157,0.4565551155467688,success
2120,2000,8,1,6.0,2.0,0.01,0.9600000000000004,1.5999999999999999,2,469,25,6,0,1.0,0.0,success
2121,2000,8,1,6.0,2.0,0.01,0.9600000000000004,1.7999999999999998,2,468,23,9,0,1.0,0.0,success
2122,2000,8,1,6.0,2.0,0.01,0.9600000000000004,1.9999999999999998,2,463,26,11,0,1.0,0.0,success
2116,2000,8,1,6.0,2.0,0.01,0.9500000000000004,9.999999999999998,2,206,32,262,0,0.3929795569920154,0.45896811128536047,success
2123,2000,8,1,6.0,2.0,0.01,0.9600000000000004,2.1999999999999997,2,453,29,18,0,1.0,0.0,success
2125,2000,8,1,6.0,2.0,0.01,0.9600000000000004,2.5999999999999996,2,443,33,24,0,1.0,0.0,success
2124,2000,8,1,6.0,2.0,0.01,0.9600000000000004,2.3999999999999995,2,445,30,25,0,1.0,0.0,success
2126,2000,8,1,6.0,2.0,0.01,0.9600000000000004,2.8,2,436,35,29,0,1.0,0.0,success
2127,2000,8,1,6.0,2.0,0.01,0.9600000000000004,2.9999999999999996,2,433,34,33,0,1.0,0.0,success
2128,2000,8,1,6.0,2.0,0.01,0.9600000000000004,3.1999999999999993,2,425,35,40,0,0.9758298938871375,0.08782974665451847,success
2129,2000,8,1,6.0,2.0,0.01,0.9600000000000004,3.3999999999999995,2,421,37,42,0,0.9831979098963023,0.0779459489840646,success
2130,2000,8,1,6.0,2.0,0.01,0.9600000000000004,3.5999999999999996,2,411,38,51,0,0.9877030713776306,0.06297813251071617,success
2131,2000,8,1,6.0,2.0,0.01,0.9600000000000004,3.7999999999999994,2,404,36,60,0,0.9602306948267291,0.15365671404092904,success
2132,2000,8,1,6.0,2.0,0.01,0.9600000000000004,3.999999999999999,2,401,37,62,0,0.9716291049445354,0.14211316666137905,success
2133,2000,8,1,6.0,2.0,0.01,0.9600000000000004,4.199999999999999,2,394,36,70,0,0.92798454511,0.23866977666036254,success
2134,2000,8,1,6.0,2.0,0.01,0.9600000000000004,4.3999999999999995,2,389,38,73,0,0.9313078213488973,0.2349195893264286,success
2136,2000,8,1,6.0,2.0,0.01,0.9600000000000004,4.799999999999999,2,380,37,83,0,0.9215181810605565,0.22718512913782846,success
2135,2000,8,1,6.0,2.0,0.01,0.9600000000000004,4.6,2,383,40,77,0,0.9095811368076908,0.25565880012722414,success
2137,2000,8,1,6.0,2.0,0.01,0.9600000000000004,4.999999999999999,2,375,36,89,0,0.9103146613364551,0.25655927379267285,success
2138,2000,8,1,6.0,2.0,0.01,0.9600000000000004,5.199999999999999,2,373,38,89,0,0.8869321303123455,0.2896022425086667,success
2139,2000,8,1,6.0,2.0,0.01,0.9600000000000004,5.399999999999999,2,363,40,97,0,0.8218272075924095,0.3589700436208893,success
2140,2000,8,1,6.0,2.0,0.01,0.9600000000000004,5.599999999999999,2,355,39,106,0,0.809961035992994,0.3719806211661717,success
2141,2000,8,1,6.0,2.0,0.01,0.9600000000000004,5.799999999999999,2,349,43,108,0,0.8112343814274299,0.36969530919570376,success
2142,2000,8,1,6.0,2.0,0.01,0.9600000000000004,5.999999999999999,2,341,43,116,0,0.8178246505177834,0.36769191110090343,success
2143,2000,8,1,6.0,2.0,0.01,0.9600000000000004,6.199999999999999,2,330,43,127,0,0.7721512777150771,0.39837675985326415,success
2144,2000,8,1,6.0,2.0,0.01,0.9600000000000004,6.399999999999999,2,328,41,131,0,0.7538565901235514,0.40714564684408044,success
2146,2000,8,1,6.0,2.0,0.01,0.9600000000000004,6.799999999999999,2,309,37,154,0,0.6573197782468199,0.4520394941251055,success
2145,2000,8,1,6.0,2.0,0.01,0.9600000000000004,6.599999999999999,2,319,37,144,0,0.7067191668446997,0.4351754013481812,success
2147,2000,8,1,6.0,2.0,0.01,0.9600000000000004,6.999999999999998,2,300,34,166,0,0.623552119142823,0.4581008626923949,success
2148,2000,8,1,6.0,2.0,0.01,0.9600000000000004,7.199999999999998,2,299,33,168,0,0.5953944467911356,0.4621356266043563,success
2149,2000,8,1,6.0,2.0,0.01,0.9600000000000004,7.399999999999999,2,286,31,183,0,0.5591036338087341,0.4694443487788177,success
2150,2000,8,1,6.0,2.0,0.01,0.9600000000000004,7.599999999999999,2,284,32,184,0,0.5345269741947547,0.47199811794273056,success
2151,2000,8,1,6.0,2.0,0.01,0.9600000000000004,7.799999999999999,2,276,31,193,0,0.5262418873647045,0.473013660496985,success
2152,2000,8,1,6.0,2.0,0.01,0.9600000000000004,7.999999999999998,2,266,33,201,0,0.5072885521682388,0.47188966353568473,success
2153,2000,8,1,6.0,2.0,0.01,0.9600000000000004,8.2,2,264,36,200,0,0.48990561160275997,0.47034032182238855,success
2154,2000,8,1,6.0,2.0,0.01,0.9600000000000004,8.399999999999999,2,256,35,209,0,0.48013926978521904,0.47253004532334086,success
2155,2000,8,1,6.0,2.0,0.01,0.9600000000000004,8.599999999999998,2,249,36,215,0,0.46351869992262684,0.4719535452735873,success
2156,2000,8,1,6.0,2.0,0.01,0.9600000000000004,8.799999999999997,2,240,31,229,0,0.4496853635174294,0.4698995120274562,success
2157,2000,8,1,6.0,2.0,0.01,0.9600000000000004,8.999999999999998,2,234,33,233,0,0.44104502667831996,0.46774709816707377,success
2158,2000,8,1,6.0,2.0,0.01,0.9600000000000004,9.199999999999998,2,230,32,238,0,0.42365589627799327,0.4629457796903285,success
2159,2000,8,1,6.0,2.0,0.01,0.9600000000000004,9.399999999999999,2,215,32,253,0,0.41808707403199014,0.4617792155134134,success
2163,2000,8,1,6.0,2.0,0.01,0.9700000000000004,1.0,2,486,14,0,0,,,success
2160,2000,8,1,6.0,2.0,0.01,0.9600000000000004,9.599999999999998,2,208,28,264,0,0.42239394940806296,0.4622928976334142,success
2164,2000,8,1,6.0,2.0,0.01,0.9700000000000004,1.2,2,480,19,1,0,1.0,,success
2161,2000,8,1,6.0,2.0,0.01,0.9600000000000004,9.799999999999997,2,214,32,254,0,0.3953101918015883,0.4573071221845381,success
2165,2000,8,1,6.0,2.0,0.01,0.9700000000000004,1.4,2,472,24,4,0,1.0,0.0,success
2162,2000,8,1,6.0,2.0,0.01,0.9600000000000004,9.999999999999998,2,206,31,263,0,0.3949891363629023,0.45919929683770494,success
2166,2000,8,1,6.0,2.0,0.01,0.9700000000000004,1.5999999999999999,2,469,25,6,0,1.0,0.0,success
2167,2000,8,1,6.0,2.0,0.01,0.9700000000000004,1.7999999999999998,2,468,23,9,0,1.0,0.0,success
2168,2000,8,1,6.0,2.0,0.01,0.9700000000000004,1.9999999999999998,2,463,26,11,0,1.0,0.0,success
2169,2000,8,1,6.0,2.0,0.01,0.9700000000000004,2.1999999999999997,2,453,29,18,0,1.0,0.0,success
2170,2000,8,1,6.0,2.0,0.01,0.9700000000000004,2.3999999999999995,2,445,30,25,0,1.0,0.0,success
2171,2000,8,1,6.0,2.0,0.01,0.9700000000000004,2.5999999999999996,2,443,33,24,0,1.0,0.0,success
2172,2000,8,1,6.0,2.0,0.01,0.9700000000000004,2.8,2,436,35,29,0,1.0,0.0,success
2173,2000,8,1,6.0,2.0,0.01,0.9700000000000004,2.9999999999999996,2,433,34,33,0,1.0,0.0,success
2174,2000,8,1,6.0,2.0,0.01,0.9700000000000004,3.1999999999999993,2,425,35,40,0,0.9758298938871375,0.08782974665451847,success
2175,2000,8,1,6.0,2.0,0.01,0.9700000000000004,3.3999999999999995,2,421,37,42,0,0.9831979098963023,0.0779459489840646,success
2176,2000,8,1,6.0,2.0,0.01,0.9700000000000004,3.5999999999999996,2,411,38,51,0,0.9877030713776306,0.06297813251071617,success
2177,2000,8,1,6.0,2.0,0.01,0.9700000000000004,3.7999999999999994,2,404,36,60,0,0.9602306948267291,0.15365671404092904,success
2179,2000,8,1,6.0,2.0,0.01,0.9700000000000004,4.199999999999999,2,395,36,69,0,0.9269408428652175,0.24025732864048646,success
2178,2000,8,1,6.0,2.0,0.01,0.9700000000000004,3.999999999999999,2,401,37,62,0,0.9716291049445354,0.14211316666137905,success
2180,2000,8,1,6.0,2.0,0.01,0.9700000000000004,4.3999999999999995,2,390,38,72,0,0.9303537633120764,0.2364257086845527,success
2181,2000,8,1,6.0,2.0,0.01,0.9700000000000004,4.6,2,383,40,77,0,0.9095811368076908,0.25565880012722414,success
2182,2000,8,1,6.0,2.0,0.01,0.9700000000000004,4.799999999999999,2,380,37,83,0,0.9215181810605565,0.22718512913782846,success
2183,2000,8,1,6.0,2.0,0.01,0.9700000000000004,4.999999999999999,2,375,36,89,0,0.9103146613364551,0.25655927379267285,success
2184,2000,8,1,6.0,2.0,0.01,0.9700000000000004,5.199999999999999,2,373,38,89,0,0.8869321303123455,0.2896022425086667,success
2185,2000,8,1,6.0,2.0,0.01,0.9700000000000004,5.399999999999999,2,363,40,97,0,0.8218272075924095,0.3589700436208893,success
2186,2000,8,1,6.0,2.0,0.01,0.9700000000000004,5.599999999999999,2,355,39,106,0,0.809961035992994,0.3719806211661717,success
2187,2000,8,1,6.0,2.0,0.01,0.9700000000000004,5.799999999999999,2,349,43,108,0,0.8112343814274299,0.36969530919570376,success
2188,2000,8,1,6.0,2.0,0.01,0.9700000000000004,5.999999999999999,2,341,43,116,0,0.8178246505177834,0.36769191110090343,success
2190,2000,8,1,6.0,2.0,0.01,0.9700000000000004,6.399999999999999,2,328,41,131,0,0.7538184221846201,0.40721567222553773,success
2189,2000,8,1,6.0,2.0,0.01,0.9700000000000004,6.199999999999999,2,330,43,127,0,0.7721512777150771,0.39837675985326415,success
2191,2000,8,1,6.0,2.0,0.01,0.9700000000000004,6.599999999999999,2,319,37,144,0,0.7067188529595767,0.4351754399323488,success
2192,2000,8,1,6.0,2.0,0.01,0.9700000000000004,6.799999999999999,2,309,37,154,0,0.6573197782468199,0.4520394941251055,success
2193,2000,8,1,6.0,2.0,0.01,0.9700000000000004,6.999999999999998,2,300,34,166,0,0.623552119142823,0.4581008626923949,success
2194,2000,8,1,6.0,2.0,0.01,0.9700000000000004,7.199999999999998,2,299,33,168,0,0.5953944467911356,0.4621356266043563,success
2195,2000,8,1,6.0,2.0,0.01,0.9700000000000004,7.399999999999999,2,286,31,183,0,0.5591036338087341,0.4694443487788177,success
2196,2000,8,1,6.0,2.0,0.01,0.9700000000000004,7.599999999999999,2,284,32,184,0,0.534526989224627,0.47199812077140507,success
2197,2000,8,1,6.0,2.0,0.01,0.9700000000000004,7.799999999999999,2,276,31,193,0,0.5262418873647045,0.473013660496985,success
2198,2000,8,1,6.0,2.0,0.01,0.9700000000000004,7.999999999999998,2,266,33,201,0,0.5072688384100248,0.4718723291280263,success
2199,2000,8,1,6.0,2.0,0.01,0.9700000000000004,8.2,2,264,36,200,0,0.49000427335912994,0.47041515915206267,success
2200,2000,8,1,6.0,2.0,0.01,0.9700000000000004,8.399999999999999,2,256,35,209,0,0.4801408998714309,0.47253137061800043,success
2201,2000,8,1,6.0,2.0,0.01,0.9700000000000004,8.599999999999998,2,249,36,215,0,0.4635187131718111,0.47195354987689947,success
2202,2000,8,1,6.0,2.0,0.01,0.9700000000000004,8.799999999999997,2,240,31,229,0,0.44968556906249973,0.4698995922047329,success
2203,2000,8,1,6.0,2.0,0.01,0.9700000000000004,8.999999999999998,2,234,33,233,0,0.4410449015866203,0.4677470512000855,success
2204,2000,8,1,6.0,2.0,0.01,0.9700000000000004,9.199999999999998,2,229,32,239,0,0.42606696137553696,0.46347371641130397,success
2205,2000,8,1,6.0,2.0,0.01,0.9700000000000004,9.399999999999999,2,215,32,253,0,0.41808586645487766,0.46177833561560483,success
2206,2000,8,1,6.0,2.0,0.01,0.9700000000000004,9.599999999999998,2,208,28,264,0,0.4223514802619392,0.4622644323228445,success
2207,2000,8,1,6.0,2.0,0.01,0.9700000000000004,9.799999999999997,2,214,32,254,0,0.3953131439297996,0.4573085365498986,success
2208,2000,8,1,6.0,2.0,0.01,0.9700000000000004,9.999999999999998,2,206,31,263,0,0.39500771245538246,0.4592088035611111,success
2209,2000,8,1,6.0,2.0,0.01,0.9800000000000004,1.0,2,486,14,0,0,,,success
2210,2000,8,1,6.0,2.0,0.01,0.9800000000000004,1.2,2,480,19,1,0,1.0,,success
2211,2000,8,1,6.0,2.0,0.01,0.9800000000000004,1.4,2,472,24,4,0,1.0,0.0,success
2212,2000,8,1,6.0,2.0,0.01,0.9800000000000004,1.5999999999999999,2,469,25,6,0,1.0,0.0,success
2213,2000,8,1,6.0,2.0,0.01,0.9800000000000004,1.7999999999999998,2,468,23,9,0,1.0,0.0,success
2214,2000,8,1,6.0,2.0,0.01,0.9800000000000004,1.9999999999999998,2,463,26,11,0,1.0,0.0,success
2215,2000,8,1,6.0,2.0,0.01,0.9800000000000004,2.1999999999999997,2,453,29,18,0,1.0,0.0,success
2216,2000,8,1,6.0,2.0,0.01,0.9800000000000004,2.3999999999999995,2,445,30,25,0,1.0,0.0,success
2217,2000,8,1,6.0,2.0,0.01,0.9800000000000004,2.5999999999999996,2,443,33,24,0,1.0,0.0,success
2218,2000,8,1,6.0,2.0,0.01,0.9800000000000004,2.8,2,436,35,29,0,1.0,0.0,success
2219,2000,8,1,6.0,2.0,0.01,0.9800000000000004,2.9999999999999996,2,433,34,33,0,1.0,0.0,success
2220,2000,8,1,6.0,2.0,0.01,0.9800000000000004,3.1999999999999993,2,425,35,40,0,0.9758298938871375,0.08782974665451847,success
2221,2000,8,1,6.0,2.0,0.01,0.9800000000000004,3.3999999999999995,2,421,37,42,0,0.9831979098963023,0.0779459489840646,success
2222,2000,8,1,6.0,2.0,0.01,0.9800000000000004,3.5999999999999996,2,411,38,51,0,0.9877030713776306,0.06297813251071617,success
2223,2000,8,1,6.0,2.0,0.01,0.9800000000000004,3.7999999999999994,2,404,36,60,0,0.9602306948267291,0.15365671404092904,success
2224,2000,8,1,6.0,2.0,0.01,0.9800000000000004,3.999999999999999,2,401,37,62,0,0.9716291049445354,0.14211316666137905,success
2225,2000,8,1,6.0,2.0,0.01,0.9800000000000004,4.199999999999999,2,395,36,69,0,0.9269408428652175,0.24025732864048646,success
2226,2000,8,1,6.0,2.0,0.01,0.9800000000000004,4.3999999999999995,2,390,38,72,0,0.9303537633120764,0.2364257086845527,success
2227,2000,8,1,6.0,2.0,0.01,0.9800000000000004,4.6,2,383,40,77,0,0.9095811368076908,0.25565880012722414,success
2228,2000,8,1,6.0,2.0,0.01,0.9800000000000004,4.799999999999999,2,380,37,83,0,0.9215181810605565,0.22718512913782846,success
2229,2000,8,1,6.0,2.0,0.01,0.9800000000000004,4.999999999999999,2,375,36,89,0,0.9103146613364551,0.25655927379267285,success
2230,2000,8,1,6.0,2.0,0.01,0.9800000000000004,5.199999999999999,2,373,38,89,0,0.8869321303123455,0.2896022425086667,success
2231,2000,8,1,6.0,2.0,0.01,0.9800000000000004,5.399999999999999,2,363,40,97,0,0.8218272075924095,0.3589700436208893,success
2232,2000,8,1,6.0,2.0,0.01,0.9800000000000004,5.599999999999999,2,355,39,106,0,0.809961035992994,0.3719806211661717,success
2233,2000,8,1,6.0,2.0,0.01,0.9800000000000004,5.799999999999999,2,349,43,108,0,0.8112343814274299,0.36969530919570376,success
2234,2000,8,1,6.0,2.0,0.01,0.9800000000000004,5.999999999999999,2,341,43,116,0,0.8178246505177834,0.36769191110090343,success
2235,2000,8,1,6.0,2.0,0.01,0.9800000000000004,6.199999999999999,2,330,43,127,0,0.7721512777150771,0.39837675985326415,success
2236,2000,8,1,6.0,2.0,0.01,0.9800000000000004,6.399999999999999,2,328,41,131,0,0.7538184221846201,0.40721567222553773,success
2237,2000,8,1,6.0,2.0,0.01,0.9800000000000004,6.599999999999999,2,319,37,144,0,0.7067188529595767,0.4351754399323488,success
2238,2000,8,1,6.0,2.0,0.01,0.9800000000000004,6.799999999999999,2,309,37,154,0,0.6573197782468199,0.4520394941251055,success
2239,2000,8,1,6.0,2.0,0.01,0.9800000000000004,6.999999999999998,2,300,34,166,0,0.623552119142823,0.4581008626923949,success
2240,2000,8,1,6.0,2.0,0.01,0.9800000000000004,7.199999999999998,2,299,33,168,0,0.5953944467911356,0.4621356266043563,success
2241,2000,8,1,6.0,2.0,0.01,0.9800000000000004,7.399999999999999,2,286,31,183,0,0.5591036338087341,0.4694443487788177,success
2242,2000,8,1,6.0,2.0,0.01,0.9800000000000004,7.599999999999999,2,284,32,184,0,0.5344087816769902,0.47191112947269526,success
2244,2000,8,1,6.0,2.0,0.01,0.9800000000000004,7.999999999999998,2,266,33,201,0,0.5072686027520439,0.4718722121317199,success
2243,2000,8,1,6.0,2.0,0.01,0.9800000000000004,7.799999999999999,2,276,31,193,0,0.5261899702511007,0.47297637405533677,success
2245,2000,8,1,6.0,2.0,0.01,0.9800000000000004,8.2,2,264,36,200,0,0.49002386726273384,0.4704316648088299,success
2246,2000,8,1,6.0,2.0,0.01,0.9800000000000004,8.399999999999999,2,256,35,209,0,0.47948529690741165,0.47202302811331653,success
2247,2000,8,1,6.0,2.0,0.01,0.9800000000000004,8.599999999999998,2,249,36,215,0,0.4633689254316031,0.4718261825392867,success
2248,2000,8,1,6.0,2.0,0.01,0.9800000000000004,8.799999999999997,2,240,31,229,0,0.44968473749070514,0.46989884412315264,success
2249,2000,8,1,6.0,2.0,0.01,0.9800000000000004,8.999999999999998,2,234,33,233,0,0.44104757946235795,0.46774902905809834,success
2255,2000,8,1,6.0,2.0,0.01,0.9900000000000004,1.0,2,486,14,0,0,,,success
2250,2000,8,1,6.0,2.0,0.01,0.9800000000000004,9.199999999999998,2,229,32,239,0,0.4260651452573116,0.46347241375929177,success
2256,2000,8,1,6.0,2.0,0.01,0.9900000000000004,1.2,2,480,19,1,0,1.0,,success
2251,2000,8,1,6.0,2.0,0.01,0.9800000000000004,9.399999999999999,2,215,32,253,0,0.4180916587971819,0.4617825380855289,success
2257,2000,8,1,6.0,2.0,0.01,0.9900000000000004,1.4,2,472,24,4,0,1.0,0.0,success
2258,2000,8,1,6.0,2.0,0.01,0.9900000000000004,1.5999999999999999,2,469,25,6,0,1.0,0.0,success
2252,2000,8,1,6.0,2.0,0.01,0.9800000000000004,9.599999999999998,2,208,28,264,0,0.42239175704449694,0.46233831191974634,success
2253,2000,8,1,6.0,2.0,0.01,0.9800000000000004,9.799999999999997,2,214,32,254,0,0.39534734864095583,0.45736018907800025,success
2254,2000,8,1,6.0,2.0,0.01,0.9800000000000004,9.999999999999998,2,206,31,263,0,0.3949763057940278,0.45917989214346366,success
2259,2000,8,1,6.0,2.0,0.01,0.9900000000000004,1.7999999999999998,2,468,23,9,0,1.0,0.0,success
2260,2000,8,1,6.0,2.0,0.01,0.9900000000000004,1.9999999999999998,2,463,26,11,0,1.0,0.0,success
2261,2000,8,1,6.0,2.0,0.01,0.9900000000000004,2.1999999999999997,2,453,29,18,0,1.0,0.0,success
2262,2000,8,1,6.0,2.0,0.01,0.9900000000000004,2.3999999999999995,2,445,30,25,0,1.0,0.0,success
2263,2000,8,1,6.0,2.0,0.01,0.9900000000000004,2.5999999999999996,2,443,33,24,0,1.0,0.0,success
2264,2000,8,1,6.0,2.0,0.01,0.9900000000000004,2.8,2,436,35,29,0,1.0,0.0,success
2265,2000,8,1,6.0,2.0,0.01,0.9900000000000004,2.9999999999999996,2,433,34,33,0,1.0,0.0,success
2266,2000,8,1,6.0,2.0,0.01,0.9900000000000004,3.1999999999999993,2,425,35,40,0,0.9758298938871375,0.08782974665451847,success
2267,2000,8,1,6.0,2.0,0.01,0.9900000000000004,3.3999999999999995,2,421,37,42,0,0.9831979098963023,0.0779459489840646,success
2268,2000,8,1,6.0,2.0,0.01,0.9900000000000004,3.5999999999999996,2,411,38,51,0,0.9877030713776306,0.06297813251071617,success
2269,2000,8,1,6.0,2.0,0.01,0.9900000000000004,3.7999999999999994,2,404,36,60,0,0.9602306948267291,0.15365671404092904,success
2270,2000,8,1,6.0,2.0,0.01,0.9900000000000004,3.999999999999999,2,401,37,62,0,0.9716291049445354,0.14211316666137905,success
2271,2000,8,1,6.0,2.0,0.01,0.9900000000000004,4.199999999999999,2,395,36,69,0,0.9269408428652175,0.24025732864048646,success
2272,2000,8,1,6.0,2.0,0.01,0.9900000000000004,4.3999999999999995,2,390,38,72,0,0.9303537633120764,0.2364257086845527,success
2273,2000,8,1,6.0,2.0,0.01,0.9900000000000004,4.6,2,383,40,77,0,0.9095811368076908,0.25565880012722414,success
2274,2000,8,1,6.0,2.0,0.01,0.9900000000000004,4.799999999999999,2,380,37,83,0,0.9215181810605565,0.22718512913782846,success
2275,2000,8,1,6.0,2.0,0.01,0.9900000000000004,4.999999999999999,2,375,36,89,0,0.9103146613364551,0.25655927379267285,success
2276,2000,8,1,6.0,2.0,0.01,0.9900000000000004,5.199999999999999,2,373,38,89,0,0.8869321303123455,0.2896022425086667,success
2277,2000,8,1,6.0,2.0,0.01,0.9900000000000004,5.399999999999999,2,363,40,97,0,0.8218272075924095,0.3589700436208893,success
2278,2000,8,1,6.0,2.0,0.01,0.9900000000000004,5.599999999999999,2,355,39,106,0,0.809961035992994,0.3719806211661717,success
2279,2000,8,1,6.0,2.0,0.01,0.9900000000000004,5.799999999999999,2,349,43,108,0,0.8112343814274299,0.36969530919570376,success
2280,2000,8,1,6.0,2.0,0.01,0.9900000000000004,5.999999999999999,2,341,43,116,0,0.8178246505177834,0.36769191110090343,success
2281,2000,8,1,6.0,2.0,0.01,0.9900000000000004,6.199999999999999,2,330,43,127,0,0.7721512777150771,0.39837675985326415,success
2282,2000,8,1,6.0,2.0,0.01,0.9900000000000004,6.399999999999999,2,328,41,131,0,0.7538184221846201,0.40721567222553773,success
2284,2000,8,1,6.0,2.0,0.01,0.9900000000000004,6.799999999999999,2,309,37,154,0,0.6573197782468199,0.4520394941251055,success
2283,2000,8,1,6.0,2.0,0.01,0.9900000000000004,6.599999999999999,2,319,37,144,0,0.7067191118991286,0.4351754080999836,success
2285,2000,8,1,6.0,2.0,0.01,0.9900000000000004,6.999999999999998,2,300,34,166,0,0.623552119142823,0.4581008626923949,success
2286,2000,8,1,6.0,2.0,0.01,0.9900000000000004,7.199999999999998,2,299,33,168,0,0.5953944467911356,0.4621356266043563,success
2287,2000,8,1,6.0,2.0,0.01,0.9900000000000004,7.399999999999999,2,286,31,183,0,0.5591036338087341,0.4694443487788177,success
2288,2000,8,1,6.0,2.0,0.01,0.9900000000000004,7.599999999999999,2,284,32,184,0,0.5340404757715991,0.4716754196882494,success
2289,2000,8,1,6.0,2.0,0.01,0.9900000000000004,7.799999999999999,2,276,31,193,0,0.5261899702511007,0.47297637405533677,success
2290,2000,8,1,6.0,2.0,0.01,0.9900000000000004,7.999999999999998,2,266,33,201,0,0.5072743321730019,0.47187751973291375,success
2291,2000,8,1,6.0,2.0,0.01,0.9900000000000004,8.2,2,264,36,200,0,0.49002386726273384,0.4704316648088299,success
2292,2000,8,1,6.0,2.0,0.01,0.9900000000000004,8.399999999999999,2,256,35,209,0,0.4794718270954385,0.47201457293885696,success
2293,2000,8,1,6.0,2.0,0.01,0.9900000000000004,8.599999999999998,2,249,36,215,0,0.46333931412578316,0.4718026900042363,success
2294,2000,8,1,6.0,2.0,0.01,0.9900000000000004,8.799999999999997,2,240,31,229,0,0.4496961159232186,0.4699085440049367,success
2295,2000,8,1,6.0,2.0,0.01,0.9900000000000004,8.999999999999998,2,234,33,233,0,0.44106661820298454,0.467765891707785,success
2296,2000,8,1,6.0,2.0,0.01,0.9900000000000004,9.199999999999998,2,229,32,239,0,0.4260282077150782,0.4634389869537035,success
2297,2000,8,1,6.0,2.0,0.01,0.9900000000000004,9.399999999999999,2,215,32,253,0,0.41805477037512373,0.4617486030997047,success
2301,2000,8,1,6.0,2.0,0.01,1.0000000000000004,1.0,2,486,14,0,0,,,success
2298,2000,8,1,6.0,2.0,0.01,0.9900000000000004,9.599999999999998,2,208,28,264,0,0.422390080695982,0.4623372160699188,success
2299,2000,8,1,6.0,2.0,0.01,0.9900000000000004,9.799999999999997,2,214,32,254,0,0.3953317826996884,0.4573452621985392,success
2300,2000,8,1,6.0,2.0,0.01,0.9900000000000004,9.999999999999998,2,206,31,263,0,0.3949727897457115,0.45917677323822337,success
2302,2000,8,1,6.0,2.0,0.01,1.0000000000000004,1.2,2,480,19,1,0,1.0,,success
2303,2000,8,1,6.0,2.0,0.01,1.0000000000000004,1.4,2,472,24,4,0,1.0,0.0,success
2304,2000,8,1,6.0,2.0,0.01,1.0000000000000004,1.5999999999999999,2,469,25,6,0,1.0,0.0,success
2305,2000,8,1,6.0,2.0,0.01,1.0000000000000004,1.7999999999999998,2,468,23,9,0,1.0,0.0,success
2306,2000,8,1,6.0,2.0,0.01,1.0000000000000004,1.9999999999999998,2,463,26,11,0,1.0,0.0,success
2307,2000,8,1,6.0,2.0,0.01,1.0000000000000004,2.1999999999999997,2,453,29,18,0,1.0,0.0,success
2308,2000,8,1,6.0,2.0,0.01,1.0000000000000004,2.3999999999999995,2,445,30,25,0,1.0,0.0,success
2309,2000,8,1,6.0,2.0,0.01,1.0000000000000004,2.5999999999999996,2,443,33,24,0,1.0,0.0,success
2310,2000,8,1,6.0,2.0,0.01,1.0000000000000004,2.8,2,436,35,29,0,1.0,0.0,success
2311,2000,8,1,6.0,2.0,0.01,1.0000000000000004,2.9999999999999996,2,433,34,33,0,1.0,0.0,success
2312,2000,8,1,6.0,2.0,0.01,1.0000000000000004,3.1999999999999993,2,425,35,40,0,0.9758298938871375,0.08782974665451847,success
2313,2000,8,1,6.0,2.0,0.01,1.0000000000000004,3.3999999999999995,2,421,37,42,0,0.9831979098963023,0.0779459489840646,success
2314,2000,8,1,6.0,2.0,0.01,1.0000000000000004,3.5999999999999996,2,411,38,51,0,0.9877030713776306,0.06297813251071617,success
2315,2000,8,1,6.0,2.0,0.01,1.0000000000000004,3.7999999999999994,2,404,36,60,0,0.9602306948267291,0.15365671404092904,success
2316,2000,8,1,6.0,2.0,0.01,1.0000000000000004,3.999999999999999,2,401,37,62,0,0.9716291049445354,0.14211316666137905,success
2317,2000,8,1,6.0,2.0,0.01,1.0000000000000004,4.199999999999999,2,395,36,69,0,0.9269408428652175,0.24025732864048646,success
2318,2000,8,1,6.0,2.0,0.01,1.0000000000000004,4.3999999999999995,2,390,38,72,0,0.9303537633120764,0.2364257086845527,success
2319,2000,8,1,6.0,2.0,0.01,1.0000000000000004,4.6,2,383,40,77,0,0.9095811368076908,0.25565880012722414,success
2320,2000,8,1,6.0,2.0,0.01,1.0000000000000004,4.799999999999999,2,380,37,83,0,0.9215181810605565,0.22718512913782846,success
2321,2000,8,1,6.0,2.0,0.01,1.0000000000000004,4.999999999999999,2,375,36,89,0,0.9103146613364551,0.25655927379267285,success
2322,2000,8,1,6.0,2.0,0.01,1.0000000000000004,5.199999999999999,2,373,38,89,0,0.8869321303123455,0.2896022425086667,success
2323,2000,8,1,6.0,2.0,0.01,1.0000000000000004,5.399999999999999,2,363,40,97,0,0.8178888859023474,0.3590904851491472,success
2324,2000,8,1,6.0,2.0,0.01,1.0000000000000004,5.599999999999999,2,355,39,106,0,0.8063571001068052,0.3719724802440802,success
2325,2000,8,1,6.0,2.0,0.01,1.0000000000000004,5.799999999999999,2,349,43,108,0,0.8112343814274299,0.36969530919570376,success
2326,2000,8,1,6.0,2.0,0.01,1.0000000000000004,5.999999999999999,2,341,43,116,0,0.8178246505177834,0.36769191110090343,success
2327,2000,8,1,6.0,2.0,0.01,1.0000000000000004,6.199999999999999,2,330,43,127,0,0.7721512777150771,0.39837675985326415,success
2328,2000,8,1,6.0,2.0,0.01,1.0000000000000004,6.399999999999999,2,328,41,131,0,0.7538184221846201,0.40721567222553773,success
2329,2000,8,1,6.0,2.0,0.01,1.0000000000000004,6.599999999999999,2,319,37,144,0,0.7067191118991286,0.4351754080999836,success
2330,2000,8,1,6.0,2.0,0.01,1.0000000000000004,6.799999999999999,2,309,37,154,0,0.6573197782468199,0.4520394941251055,success
2331,2000,8,1,6.0,2.0,0.01,1.0000000000000004,6.999999999999998,2,300,34,166,0,0.623552119142823,0.4581008626923949,success
2332,2000,8,1,6.0,2.0,0.01,1.0000000000000004,7.199999999999998,2,299,33,168,0,0.5954433241369349,0.46216839788289515,success
2333,2000,8,1,6.0,2.0,0.01,1.0000000000000004,7.399999999999999,2,286,31,183,0,0.559315372029292,0.4695783912985398,success
2334,2000,8,1,6.0,2.0,0.01,1.0000000000000004,7.599999999999999,2,284,32,184,0,0.534301780257932,0.4718457800606765,success
2335,2000,8,1,6.0,2.0,0.01,1.0000000000000004,7.799999999999999,2,276,31,193,0,0.5261899702511007,0.47297637405533677,success
2336,2000,8,1,6.0,2.0,0.01,1.0000000000000004,7.999999999999998,2,266,33,201,0,0.5069110605943286,0.4715580161484366,success
2337,2000,8,1,6.0,2.0,0.01,1.0000000000000004,8.2,2,264,36,200,0,0.4899426197451406,0.47036974427647255,success
2338,2000,8,1,6.0,2.0,0.01,1.0000000000000004,8.399999999999999,2,256,35,209,0,0.47947000152916774,0.47201344277271423,success
2339,2000,8,1,6.0,2.0,0.01,1.0000000000000004,8.599999999999998,2,249,36,215,0,0.4633393219070168,0.47180269271171416,success
2340,2000,8,1,6.0,2.0,0.01,1.0000000000000004,8.799999999999997,2,240,31,229,0,0.44965432781599024,0.46987327159627285,success
2341,2000,8,1,6.0,2.0,0.01,1.0000000000000004,8.999999999999998,2,234,33,233,0,0.4410224036750823,0.4677270118487494,success
2342,2000,8,1,6.0,2.0,0.01,1.0000000000000004,9.199999999999998,2,229,32,239,0,0.4260278349156305,0.46343610803621305,success
2343,2000,8,1,6.0,2.0,0.01,1.0000000000000004,9.399999999999999,2,215,32,253,0,0.41794524327856003,0.4616479242413918,success
2344,2000,8,1,6.0,2.0,0.01,1.0000000000000004,9.599999999999998,2,208,28,264,0,0.422381766923458,0.46233039928622477,success
2346,2000,8,1,6.0,2.0,0.01,1.0000000000000004,9.999999999999998,2,206,31,263,0,0.39497664732698595,0.45918762226341614,success
2345,2000,8,1,6.0,2.0,0.01,1.0000000000000004,9.799999999999997,2,214,32,254,0,0.3953413261481985,0.45735561019011206,success
