combination_id,n,k,p,q,thrshld,p1,p2,beta,seeds,case_A_count,case_B_count,case_C_count,case_Invalid_count,delta_star_mean,delta_star_std,status
3,2000,8,2,4.0,2.0,0.01,0.6,1.4,2,487,10,3,0,0.777766583339646,0.38491956879535705,success
2,2000,8,2,4.0,2.0,0.01,0.6,1.2,2,492,5,3,0,1.0,0.0,success
1,2000,8,2,4.0,2.0,0.01,0.6,1.0,2,494,6,0,0,,,success
6,2000,8,2,4.0,2.0,0.01,0.6,1.9999999999999998,2,481,9,10,0,0.8833299750018938,0.2490805929355716,success
4,2000,8,2,4.0,2.0,0.01,0.6,1.5999999999999999,2,485,10,5,0,0.8666599500037876,0.2981574159147516,success
5,2000,8,2,4.0,2.0,0.01,0.6,1.7999999999999998,2,482,11,7,0,0.9047571071455626,0.2519890086392122,success
7,2000,8,2,4.0,2.0,0.01,0.6,2.1999999999999997,2,477,11,12,0,0.9002277523011523,0.2367828337316739,success
8,2000,8,2,4.0,2.0,0.01,0.6,2.3999999999999995,2,473,11,16,0,0.8958312343761836,0.22669673069534657,success
10,2000,8,2,4.0,2.0,0.01,0.6,2.8,2,473,10,17,0,0.8945318697907073,0.2368528432831449,success
9,2000,8,2,4.0,2.0,0.01,0.6,2.5999999999999996,2,472,10,18,0,0.9074055416677188,0.21559248274512735,success
12,2000,8,2,4.0,2.0,0.01,0.6,3.1999999999999993,2,470,10,20,0,0.8829154933826875,0.24343904848727907,success
11,2000,8,2,4.0,2.0,0.01,0.6,2.9999999999999996,2,473,10,17,0,0.82862908569865,0.27670543517845897,success
13,2000,8,2,4.0,2.0,0.01,0.6,3.3999999999999995,2,470,12,18,0,0.8323430549189613,0.2804083912022923,success
15,2000,8,2,4.0,2.0,0.01,0.6,3.7999999999999994,2,465,9,26,0,0.847567781036809,0.24735328932980086,success
14,2000,8,2,4.0,2.0,0.01,0.6,3.5999999999999996,2,466,12,22,0,0.8642907554213999,0.25827239229662924,success
17,2000,8,2,4.0,2.0,0.01,0.6,4.199999999999999,2,463,9,28,0,0.7784123027930502,0.3297709887136801,success
16,2000,8,2,4.0,2.0,0.01,0.6,3.999999999999999,2,465,9,26,0,0.7996059373330973,0.3018605748335428,success
18,2000,8,2,4.0,2.0,0.01,0.6,4.3999999999999995,2,460,8,32,0,0.8002315449865625,0.28682876067200425,success
19,2000,8,2,4.0,2.0,0.01,0.6,4.6,2,458,8,34,0,0.7656989715194136,0.3171469705540288,success
20,2000,8,2,4.0,2.0,0.01,0.6,4.799999999999999,2,456,9,35,0,0.7389392016082181,0.34068868145704334,success
21,2000,8,2,4.0,2.0,0.01,0.6,4.999999999999999,2,457,7,36,0,0.751688646475626,0.33919229813640345,success
22,2000,8,2,4.0,2.0,0.01,0.6,5.199999999999999,2,457,7,36,0,0.7498752127770083,0.3390694752491518,success
23,2000,8,2,4.0,2.0,0.01,0.6,5.399999999999999,2,457,9,34,0,0.7276071930258478,0.34052774475073394,success
25,2000,8,2,4.0,2.0,0.01,0.6,5.799999999999999,2,453,9,38,0,0.7300475784924941,0.32611714301492983,success
24,2000,8,2,4.0,2.0,0.01,0.6,5.599999999999999,2,452,9,39,0,0.7129712344299373,0.3413095130048101,success
26,2000,8,2,4.0,2.0,0.01,0.6,5.999999999999999,2,453,10,37,0,0.7097389271931859,0.3487300856095658,success
31,2000,8,2,4.0,2.0,0.01,0.6,6.999999999999998,2,445,6,49,0,0.5244517288468279,0.42316301517620686,success
29,2000,8,2,4.0,2.0,0.01,0.6,6.599999999999999,2,449,7,44,0,0.6108559189809908,0.40044231052933504,success
28,2000,8,2,4.0,2.0,0.01,0.6,6.399999999999999,2,451,7,42,0,0.6605287306081905,0.37789491591602575,success
32,2000,8,2,4.0,2.0,0.01,0.6,7.199999999999998,2,443,7,50,0,0.49427132558459236,0.4232005265072113,success
27,2000,8,2,4.0,2.0,0.01,0.6,6.199999999999999,2,452,10,38,0,0.6550054239450317,0.37144795951810666,success
30,2000,8,2,4.0,2.0,0.01,0.6,6.799999999999999,2,451,7,42,0,0.5286118023001499,0.4152554389168934,success
47,2000,8,2,4.0,2.1,0.01,0.6,1.0,3,489,11,0,0,,,success
49,2000,8,2,4.0,2.1,0.01,0.6,1.4,3,480,9,11,0,1.0,0.0,success
48,2000,8,2,4.0,2.1,0.01,0.6,1.2,3,483,11,6,0,1.0,0.0,success
50,2000,8,2,4.0,2.1,0.01,0.6,1.5999999999999999,3,475,13,12,0,0.8431676631940643,0.23369721699896875,success
52,2000,8,2,4.0,2.1,0.01,0.6,1.9999999999999998,3,481,7,12,0,0.8267287488285501,0.2648877939070123,success
51,2000,8,2,4.0,2.1,0.01,0.6,1.7999999999999998,3,476,11,13,0,0.8015957681494309,0.2693140955819695,success
53,2000,8,2,4.0,2.1,0.01,0.6,2.1999999999999997,3,476,7,17,0,0.8776908815260354,0.2342253518126916,success
54,2000,8,2,4.0,2.1,0.01,0.6,2.3999999999999995,3,473,4,23,0,0.88023724675343,0.21818792048597374,success
55,2000,8,2,4.0,2.1,0.01,0.6,2.5999999999999996,3,472,6,22,0,0.8177686642690755,0.2420920747677747,success
33,2000,8,2,4.0,2.0,0.01,0.6,7.399999999999999,2,442,6,52,0,0.438939554128759,0.40929968922309956,success
34,2000,8,2,4.0,2.0,0.01,0.6,7.599999999999999,2,437,6,57,0,0.4289026950410446,0.4051358589624989,success
35,2000,8,2,4.0,2.0,0.01,0.6,7.799999999999999,2,435,6,59,0,0.40209734681737136,0.40635213696760475,success
37,2000,8,2,4.0,2.0,0.01,0.6,8.2,2,435,6,59,0,0.37450410575922966,0.4051762138941328,success
56,2000,8,2,4.0,2.1,0.01,0.6,2.8,3,470,8,22,0,0.8149988216304928,0.24487249758068824,success
36,2000,8,2,4.0,2.0,0.01,0.6,7.999999999999998,2,435,6,59,0,0.3760626360792947,0.4045424895331466,success
57,2000,8,2,4.0,2.1,0.01,0.6,2.9999999999999996,3,476,5,19,0,0.7902471349122725,0.24618849673364568,success
38,2000,8,2,4.0,2.0,0.01,0.6,8.399999999999999,2,430,4,66,0,0.3798851952408748,0.41070227797115094,success
39,2000,8,2,4.0,2.0,0.01,0.6,8.599999999999998,2,425,4,71,0,0.3545609015748823,0.40789591227340294,success
40,2000,8,2,4.0,2.0,0.01,0.6,8.799999999999997,2,422,4,74,0,0.3401289894096339,0.40383793428348175,success
58,2000,8,2,4.0,2.1,0.01,0.6,3.1999999999999993,3,475,5,20,0,0.8018955149778048,0.24168818114939314,success
59,2000,8,2,4.0,2.1,0.01,0.6,3.3999999999999995,3,474,4,22,0,0.8235858827204009,0.23625671389398403,success
43,2000,8,2,4.0,2.0,0.01,0.6,9.399999999999999,2,419,5,76,0,0.30618254911970505,0.3914733961589421,success
41,2000,8,2,4.0,2.0,0.01,0.6,8.999999999999998,2,421,6,73,0,0.3086022527665547,0.3928031438661807,success
44,2000,8,2,4.0,2.0,0.01,0.6,9.599999999999998,2,419,4,77,0,0.3169465838464065,0.39825707623422163,success
60,2000,8,2,4.0,2.1,0.01,0.6,3.5999999999999996,3,475,4,21,0,0.7857215177053298,0.2506184608027681,success
45,2000,8,2,4.0,2.0,0.01,0.6,9.799999999999997,2,417,4,79,0,0.30567667582520947,0.38839940397733597,success
63,2000,8,2,4.0,2.1,0.01,0.6,4.199999999999999,3,470,5,25,0,0.6474248694037754,0.2602715901144198,success
42,2000,8,2,4.0,2.0,0.01,0.6,9.199999999999998,2,419,7,74,0,0.29074350064768795,0.38351764974289376,success
61,2000,8,2,4.0,2.1,0.01,0.6,3.7999999999999994,3,473,4,23,0,0.7511381402399854,0.24161981272371924,success
46,2000,8,2,4.0,2.0,0.01,0.6,9.999999999999998,2,417,5,78,0,0.28334180155271627,0.3751976538722712,success
62,2000,8,2,4.0,2.1,0.01,0.6,3.999999999999999,3,472,6,22,0,0.6761010048416495,0.2345972967459476,success
64,2000,8,2,4.0,2.1,0.01,0.6,4.3999999999999995,3,465,9,26,0,0.6467893727536729,0.29314904734780917,success
65,2000,8,2,4.0,2.1,0.01,0.6,4.6,3,464,8,28,0,0.6884506895558875,0.2644863162787247,success
66,2000,8,2,4.0,2.1,0.01,0.6,4.799999999999999,3,467,7,26,0,0.6834691031068144,0.23289068773590346,success
68,2000,8,2,4.0,2.1,0.01,0.6,5.199999999999999,3,466,5,29,0,0.5930103230863931,0.2945647001305723,success
67,2000,8,2,4.0,2.1,0.01,0.6,4.999999999999999,3,468,6,26,0,0.5937596898376705,0.27286764028634075,success
69,2000,8,2,4.0,2.1,0.01,0.6,5.399999999999999,3,469,4,27,0,0.6303461637153892,0.25685017526132464,success
70,2000,8,2,4.0,2.1,0.01,0.6,5.599999999999999,3,469,4,27,0,0.6240034332010699,0.2568619411309471,success
93,2000,8,2,4.0,2.2,0.01,0.6,1.0,3,489,11,0,0,,,success
94,2000,8,2,4.0,2.2,0.01,0.6,1.2,3,483,12,5,0,1.0,0.0,success
95,2000,8,2,4.0,2.2,0.01,0.6,1.4,3,478,11,11,0,1.0,0.0,success
96,2000,8,2,4.0,2.2,0.01,0.6,1.5999999999999999,3,474,14,12,0,0.8431676631940643,0.23369721699896875,success
71,2000,8,2,4.0,2.1,0.01,0.6,5.799999999999999,3,468,3,29,0,0.6035759948517956,0.3182101438689326,success
72,2000,8,2,4.0,2.1,0.01,0.6,5.999999999999999,3,469,4,27,0,0.608470032460713,0.29574369122734506,success
73,2000,8,2,4.0,2.1,0.01,0.6,6.199999999999999,3,467,4,29,0,0.5639294791360929,0.32333439832248884,success
74,2000,8,2,4.0,2.1,0.01,0.6,6.399999999999999,3,466,3,31,0,0.5196811391482599,0.30716906891792467,success
75,2000,8,2,4.0,2.1,0.01,0.6,6.599999999999999,3,463,3,34,0,0.52374837526333,0.31935941461267003,success
76,2000,8,2,4.0,2.1,0.01,0.6,6.799999999999999,3,464,3,33,0,0.5267676021999232,0.3323266508676558,success
77,2000,8,2,4.0,2.1,0.01,0.6,6.999999999999998,3,462,2,36,0,0.5078840668828919,0.34967551539709885,success
78,2000,8,2,4.0,2.1,0.01,0.6,7.199999999999998,3,463,2,35,0,0.42752799559120047,0.32420428928065065,success
79,2000,8,2,4.0,2.1,0.01,0.6,7.399999999999999,3,464,2,34,0,0.4140299232772579,0.31701014743140765,success
80,2000,8,2,4.0,2.1,0.01,0.6,7.599999999999999,3,464,2,34,0,0.3842680727365588,0.3026507041368142,success
82,2000,8,2,4.0,2.1,0.01,0.6,7.999999999999998,3,463,3,34,0,0.3471035407724314,0.28030893121765244,success
83,2000,8,2,4.0,2.1,0.01,0.6,8.2,3,461,3,36,0,0.32944885773166166,0.28486866867826827,success
81,2000,8,2,4.0,2.1,0.01,0.6,7.799999999999999,3,463,2,35,0,0.37609409703884844,0.30865721307981997,success
84,2000,8,2,4.0,2.1,0.01,0.6,8.399999999999999,3,457,2,41,0,0.31065431035835084,0.2887304941863838,success
85,2000,8,2,4.0,2.1,0.01,0.6,8.599999999999998,3,456,1,43,0,0.3146956546199759,0.2968496120693818,success
86,2000,8,2,4.0,2.1,0.01,0.6,8.799999999999997,3,455,1,44,0,0.31439081406288194,0.3091153723877396,success
87,2000,8,2,4.0,2.1,0.01,0.6,8.999999999999998,3,455,2,43,0,0.29969570788851696,0.2943031582650905,success
89,2000,8,2,4.0,2.1,0.01,0.6,9.399999999999999,3,454,1,45,0,0.30102717238175664,0.29748396960030543,success
88,2000,8,2,4.0,2.1,0.01,0.6,9.199999999999998,3,454,2,44,0,0.29332317526265256,0.2929965899552404,success
90,2000,8,2,4.0,2.1,0.01,0.6,9.599999999999998,3,452,1,47,0,0.2863969983827761,0.29229552194134506,success
91,2000,8,2,4.0,2.1,0.01,0.6,9.799999999999997,3,450,1,49,0,0.30625468563061187,0.3241491460460818,success
92,2000,8,2,4.0,2.1,0.01,0.6,9.999999999999998,3,450,1,49,0,0.3019584344690937,0.3149924552800431,success
97,2000,8,2,4.0,2.2,0.01,0.6,1.7999999999999998,3,475,12,13,0,0.8015957681494309,0.2693140955819695,success
98,2000,8,2,4.0,2.2,0.01,0.6,1.9999999999999998,3,481,8,11,0,0.8109768169038728,0.2718581787503708,success
99,2000,8,2,4.0,2.2,0.01,0.6,2.1999999999999997,3,475,9,16,0,0.8700465616214126,0.23970673143346374,success
100,2000,8,2,4.0,2.2,0.01,0.6,2.3999999999999995,3,472,7,21,0,0.8688312702537564,0.22537890914894054,success
101,2000,8,2,4.0,2.2,0.01,0.6,2.5999999999999996,3,472,7,21,0,0.8295749464476514,0.24149354358761296,success
102,2000,8,2,4.0,2.2,0.01,0.6,2.8,3,467,9,24,0,0.8483638937798176,0.23539406325171844,success
103,2000,8,2,4.0,2.2,0.01,0.6,2.9999999999999996,3,471,7,22,0,0.8402630584727757,0.23333211394904269,success
104,2000,8,2,4.0,2.2,0.01,0.6,3.1999999999999993,3,469,8,23,0,0.8232378689046228,0.22851162983789355,success
105,2000,8,2,4.0,2.2,0.01,0.6,3.3999999999999995,3,468,7,25,0,0.8498279525762132,0.22506384294650783,success
106,2000,8,2,4.0,2.2,0.01,0.6,3.5999999999999996,3,468,8,24,0,0.8293241872379306,0.2405705283021529,success
107,2000,8,2,4.0,2.2,0.01,0.6,3.7999999999999994,3,466,7,27,0,0.8038871798410105,0.236846966186048,success
108,2000,8,2,4.0,2.2,0.01,0.6,3.999999999999999,3,465,8,27,0,0.7496500279611351,0.2408436783364629,success
109,2000,8,2,4.0,2.2,0.01,0.6,4.199999999999999,3,464,7,29,0,0.70914973318236,0.26802048096557085,success
110,2000,8,2,4.0,2.2,0.01,0.6,4.3999999999999995,3,459,10,31,0,0.7033058260289052,0.29148295062172946,success
112,2000,8,2,4.0,2.2,0.01,0.6,4.799999999999999,3,459,9,32,0,0.7506200753640511,0.24120398164016463,success
111,2000,8,2,4.0,2.2,0.01,0.6,4.6,3,457,9,34,0,0.7504247738522241,0.26573679890385776,success
113,2000,8,2,4.0,2.2,0.01,0.6,4.999999999999999,3,461,8,31,0,0.647371293476146,0.2776948985582316,success
114,2000,8,2,4.0,2.2,0.01,0.6,5.199999999999999,3,459,7,34,0,0.6475541820602732,0.3008545837863377,success
116,2000,8,2,4.0,2.2,0.01,0.6,5.599999999999999,3,461,6,33,0,0.6532102529035032,0.24981893820063722,success
115,2000,8,2,4.0,2.2,0.01,0.6,5.399999999999999,3,462,6,32,0,0.6772838492837219,0.26463890708452525,success
118,2000,8,2,4.0,2.2,0.01,0.6,5.999999999999999,3,460,6,34,0,0.6532942625946159,0.2860128873427679,success
117,2000,8,2,4.0,2.2,0.01,0.6,5.799999999999999,3,459,5,36,0,0.67052103433449,0.28926614169958537,success
119,2000,8,2,4.0,2.2,0.01,0.6,6.199999999999999,3,458,6,36,0,0.6135191940436238,0.31401790764042337,success
120,2000,8,2,4.0,2.2,0.01,0.6,6.399999999999999,3,456,5,39,0,0.5409241651135223,0.3231422357808717,success
121,2000,8,2,4.0,2.2,0.01,0.6,6.599999999999999,3,453,5,42,0,0.5428428582684361,0.3305722832384533,success
122,2000,8,2,4.0,2.2,0.01,0.6,6.799999999999999,3,453,5,42,0,0.5103841731947423,0.3465743155569974,success
123,2000,8,2,4.0,2.2,0.01,0.6,6.999999999999998,3,452,4,44,0,0.5055807585783544,0.3524735641834753,success
124,2000,8,2,4.0,2.2,0.01,0.6,7.199999999999998,3,453,3,44,0,0.45276810002784773,0.3407028443877205,success
125,2000,8,2,4.0,2.2,0.01,0.6,7.399999999999999,3,453,4,43,0,0.4210855891010771,0.33423423025208965,success
127,2000,8,2,4.0,2.2,0.01,0.6,7.799999999999999,3,450,5,45,0,0.4103233330885361,0.34517608285882373,success
126,2000,8,2,4.0,2.2,0.01,0.6,7.599999999999999,3,452,5,43,0,0.40418144981392923,0.3332255132538456,success
128,2000,8,2,4.0,2.2,0.01,0.6,7.999999999999998,3,451,5,44,0,0.39056267136506706,0.328705841545161,success
139,2000,8,2,4.0,2.3000000000000003,0.01,0.6,1.0,3,487,13,0,0,,,success
140,2000,8,2,4.0,2.3000000000000003,0.01,0.6,1.2,3,481,14,5,0,1.0,0.0,success
129,2000,8,2,4.0,2.2,0.01,0.6,8.2,3,448,5,47,0,0.38742689836863003,0.3411176834633887,success
130,2000,8,2,4.0,2.2,0.01,0.6,8.399999999999999,3,444,4,52,0,0.3501126803823151,0.33271567459263107,success
131,2000,8,2,4.0,2.2,0.01,0.6,8.599999999999998,3,443,3,54,0,0.35146749150707823,0.33569033737069803,success
141,2000,8,2,4.0,2.3000000000000003,0.01,0.6,1.4,3,476,14,10,0,1.0,0.0,success
132,2000,8,2,4.0,2.2,0.01,0.6,8.799999999999997,3,442,3,55,0,0.35034977982530974,0.34167774325759714,success
143,2000,8,2,4.0,2.3000000000000003,0.01,0.6,1.7999999999999998,3,472,14,14,0,0.8157674989959001,0.26412606150986057,success
142,2000,8,2,4.0,2.3000000000000003,0.01,0.6,1.5999999999999999,3,471,16,13,0,0.8552316891022133,0.2279368761406767,success
144,2000,8,2,4.0,2.3000000000000003,0.01,0.6,1.9999999999999998,3,477,11,12,0,0.8267287488285501,0.2648877939070123,success
133,2000,8,2,4.0,2.2,0.01,0.6,8.999999999999998,3,443,4,53,0,0.3267831687913378,0.3248922004202913,success
145,2000,8,2,4.0,2.3000000000000003,0.01,0.6,2.1999999999999997,3,470,13,17,0,0.8776908815260354,0.2342253518126916,success
146,2000,8,2,4.0,2.3000000000000003,0.01,0.6,2.3999999999999995,3,466,9,25,0,0.8898182670131556,0.2115146414959479,success
134,2000,8,2,4.0,2.2,0.01,0.6,9.199999999999998,3,442,3,55,0,0.3328129377398325,0.33291444240324053,success
135,2000,8,2,4.0,2.2,0.01,0.6,9.399999999999999,3,441,2,57,0,0.34657386483715025,0.33937440753460785,success
147,2000,8,2,4.0,2.3000000000000003,0.01,0.6,2.5999999999999996,3,467,9,24,0,0.8630828584783993,0.23224902143186665,success
148,2000,8,2,4.0,2.3000000000000003,0.01,0.6,2.8,3,461,13,26,0,0.8600282096429086,0.22951147682557196,success
136,2000,8,2,4.0,2.2,0.01,0.6,9.599999999999998,3,438,1,61,0,0.3542811497212135,0.35010272135688586,success
137,2000,8,2,4.0,2.2,0.01,0.6,9.799999999999997,3,436,1,63,0,0.3664062417735507,0.3658141133416954,success
149,2000,8,2,4.0,2.3000000000000003,0.01,0.6,2.9999999999999996,3,463,13,24,0,0.8535744702667111,0.2274719778213217,success
138,2000,8,2,4.0,2.2,0.01,0.6,9.999999999999998,3,438,1,61,0,0.34313819669763634,0.3473280486073658,success
150,2000,8,2,4.0,2.3000000000000003,0.01,0.6,3.1999999999999993,3,461,13,26,0,0.85099077456985,0.22392221692668862,success
151,2000,8,2,4.0,2.3000000000000003,0.01,0.6,3.3999999999999995,3,459,12,29,0,0.8802091374180737,0.212688977293677,success
153,2000,8,2,4.0,2.3000000000000003,0.01,0.6,3.7999999999999994,3,455,11,34,0,0.8449424509994865,0.22430104800155332,success
152,2000,8,2,4.0,2.3000000000000003,0.01,0.6,3.5999999999999996,3,459,12,29,0,0.8607219337732243,0.22518781385541778,success
154,2000,8,2,4.0,2.3000000000000003,0.01,0.6,3.999999999999999,3,452,11,37,0,0.8244311617661984,0.23182652940315862,success
155,2000,8,2,4.0,2.3000000000000003,0.01,0.6,4.199999999999999,3,452,9,39,0,0.7817014105768072,0.2610294329946762,success
156,2000,8,2,4.0,2.3000000000000003,0.01,0.6,4.3999999999999995,3,448,11,41,0,0.7505388229990136,0.3049140008789137,success
157,2000,8,2,4.0,2.3000000000000003,0.01,0.6,4.6,3,447,10,43,0,0.777404210595454,0.28179112943464446,success
158,2000,8,2,4.0,2.3000000000000003,0.01,0.6,4.799999999999999,3,449,11,40,0,0.7647945725290392,0.2636287470135219,success
159,2000,8,2,4.0,2.3000000000000003,0.01,0.6,4.999999999999999,3,450,9,41,0,0.7082415991749949,0.29686152090986007,success
160,2000,8,2,4.0,2.3000000000000003,0.01,0.6,5.199999999999999,3,447,10,43,0,0.7228054802885892,0.2982418133831098,success
161,2000,8,2,4.0,2.3000000000000003,0.01,0.6,5.399999999999999,3,449,10,41,0,0.726898080905978,0.2855540197983869,success
162,2000,8,2,4.0,2.3000000000000003,0.01,0.6,5.599999999999999,3,449,10,41,0,0.7100892819569659,0.28249288509204146,success
163,2000,8,2,4.0,2.3000000000000003,0.01,0.6,5.799999999999999,3,446,8,46,0,0.7146360834712191,0.29825173081545187,success
164,2000,8,2,4.0,2.3000000000000003,0.01,0.6,5.999999999999999,3,449,8,43,0,0.686140478427639,0.2938958218433839,success
165,2000,8,2,4.0,2.3000000000000003,0.01,0.6,6.199999999999999,3,447,8,45,0,0.6714704456527337,0.3039579423838748,success
166,2000,8,2,4.0,2.3000000000000003,0.01,0.6,6.399999999999999,3,444,8,48,0,0.5918214632680187,0.33346927262547466,success
167,2000,8,2,4.0,2.3000000000000003,0.01,0.6,6.599999999999999,3,442,8,50,0,0.5887465397260757,0.3441392673157612,success
168,2000,8,2,4.0,2.3000000000000003,0.01,0.6,6.799999999999999,3,440,7,53,0,0.5637479476672297,0.3651159476086028,success
169,2000,8,2,4.0,2.3000000000000003,0.01,0.6,6.999999999999998,3,437,6,57,0,0.535613970959653,0.37354986236889076,success
185,2000,8,2,4.0,2.4000000000000004,0.01,0.6,1.0,3,485,15,0,0,,,success
170,2000,8,2,4.0,2.3000000000000003,0.01,0.6,7.199999999999998,3,438,6,56,0,0.49069948256176765,0.37166022584978714,success
186,2000,8,2,4.0,2.4000000000000004,0.01,0.6,1.2,3,479,16,5,0,1.0,0.0,success
171,2000,8,2,4.0,2.3000000000000003,0.01,0.6,7.399999999999999,3,439,6,55,0,0.4673696412063198,0.3714673766877445,success
172,2000,8,2,4.0,2.3000000000000003,0.01,0.6,7.599999999999999,3,438,6,56,0,0.46062164639553504,0.37226015295838544,success
173,2000,8,2,4.0,2.3000000000000003,0.01,0.6,7.799999999999999,3,434,6,60,0,0.46348626193698056,0.3822454032430106,success
188,2000,8,2,4.0,2.4000000000000004,0.01,0.6,1.5999999999999999,3,469,18,13,0,0.8936932275637517,0.20391995482792172,success
187,2000,8,2,4.0,2.4000000000000004,0.01,0.6,1.4,3,474,16,10,0,1.0,0.0,success
174,2000,8,2,4.0,2.3000000000000003,0.01,0.6,7.999999999999998,3,434,6,60,0,0.4561400214436893,0.37430892640153607,success
175,2000,8,2,4.0,2.3000000000000003,0.01,0.6,8.2,3,430,6,64,0,0.4430834769119183,0.38078572139820643,success
176,2000,8,2,4.0,2.3000000000000003,0.01,0.6,8.399999999999999,3,425,5,70,0,0.4032124991343025,0.3743828398253607,success
190,2000,8,2,4.0,2.4000000000000004,0.01,0.6,1.9999999999999998,3,473,13,14,0,0.9370008541663408,0.16180481373438094,success
189,2000,8,2,4.0,2.4000000000000004,0.01,0.6,1.7999999999999998,3,469,17,14,0,0.8655722827377694,0.22238627303084443,success
177,2000,8,2,4.0,2.3000000000000003,0.01,0.6,8.599999999999998,3,422,4,74,0,0.40880185650934875,0.38422239210700176,success
179,2000,8,2,4.0,2.3000000000000003,0.01,0.6,8.999999999999998,3,421,5,74,0,0.38188205245447454,0.37373901161565015,success
191,2000,8,2,4.0,2.4000000000000004,0.01,0.6,2.1999999999999997,3,464,16,20,0,0.9559005979164386,0.13707848667964814,success
178,2000,8,2,4.0,2.3000000000000003,0.01,0.6,8.799999999999997,3,419,4,77,0,0.4088837618299484,0.3890209686209827,success
181,2000,8,2,4.0,2.3000000000000003,0.01,0.6,9.399999999999999,3,422,3,75,0,0.37625135184989594,0.375785463242636,success
180,2000,8,2,4.0,2.3000000000000003,0.01,0.6,9.199999999999998,3,422,4,74,0,0.3702550757206322,0.3711248913247109,success
192,2000,8,2,4.0,2.4000000000000004,0.01,0.6,2.3999999999999995,3,462,12,26,0,0.928451855645364,0.15445716489190528,success
182,2000,8,2,4.0,2.3000000000000003,0.01,0.6,9.599999999999998,3,419,2,79,0,0.3846234469991577,0.3863592987418085,success
183,2000,8,2,4.0,2.3000000000000003,0.01,0.6,9.799999999999997,3,415,3,82,0,0.383034851709258,0.38600609944198827,success
184,2000,8,2,4.0,2.3000000000000003,0.01,0.6,9.999999999999998,3,416,3,81,0,0.37017189412288437,0.37433547605609,success
193,2000,8,2,4.0,2.4000000000000004,0.01,0.6,2.5999999999999996,3,463,13,24,0,0.9169234721445024,0.17229338858591334,success
194,2000,8,2,4.0,2.4000000000000004,0.01,0.6,2.8,3,457,18,25,0,0.8910846764188267,0.18537293066034818,success
196,2000,8,2,4.0,2.4000000000000004,0.01,0.6,3.1999999999999993,3,455,18,27,0,0.8872768307270801,0.18352539783081975,success
195,2000,8,2,4.0,2.4000000000000004,0.01,0.6,2.9999999999999996,3,457,19,24,0,0.8881819548140907,0.1856544882468673,success
197,2000,8,2,4.0,2.4000000000000004,0.01,0.6,3.3999999999999995,3,453,17,30,0,0.9035615015708586,0.17329385806822284,success
198,2000,8,2,4.0,2.4000000000000004,0.01,0.6,3.5999999999999996,3,451,17,32,0,0.8928846055106217,0.18470207430675947,success
200,2000,8,2,4.0,2.4000000000000004,0.01,0.6,3.999999999999999,3,442,16,42,0,0.8699128526592448,0.198068385052053,success
199,2000,8,2,4.0,2.4000000000000004,0.01,0.6,3.7999999999999994,3,444,16,40,0,0.8917312163384177,0.18471105977161695,success
201,2000,8,2,4.0,2.4000000000000004,0.01,0.6,4.199999999999999,3,443,14,43,0,0.8492163231098756,0.20318432857721677,success
202,2000,8,2,4.0,2.4000000000000004,0.01,0.6,4.3999999999999995,3,439,16,45,0,0.8124124610634054,0.2680145897395353,success
204,2000,8,2,4.0,2.4000000000000004,0.01,0.6,4.799999999999999,3,437,15,48,0,0.8170384183235587,0.2425337376775277,success
203,2000,8,2,4.0,2.4000000000000004,0.01,0.6,4.6,3,437,15,48,0,0.838591219267104,0.2365650762888637,success
205,2000,8,2,4.0,2.4000000000000004,0.01,0.6,4.999999999999999,3,437,13,50,0,0.7686980411391288,0.2798197072081405,success
206,2000,8,2,4.0,2.4000000000000004,0.01,0.6,5.199999999999999,3,433,14,53,0,0.7832997167485422,0.2794844214656505,success
207,2000,8,2,4.0,2.4000000000000004,0.01,0.6,5.399999999999999,3,435,12,53,0,0.7952896672365091,0.263356008089902,success
209,2000,8,2,4.0,2.4000000000000004,0.01,0.6,5.799999999999999,3,432,9,59,0,0.7805720101993192,0.2768609483781865,success
208,2000,8,2,4.0,2.4000000000000004,0.01,0.6,5.599999999999999,3,433,14,53,0,0.7812485449136958,0.2619398898825667,success
210,2000,8,2,4.0,2.4000000000000004,0.01,0.6,5.999999999999999,3,437,10,53,0,0.7433459403246585,0.2768321625933737,success
211,2000,8,2,4.0,2.4000000000000004,0.01,0.6,6.199999999999999,3,435,11,54,0,0.7262087488916921,0.2901813623006037,success
212,2000,8,2,4.0,2.4000000000000004,0.01,0.6,6.399999999999999,3,431,10,59,0,0.6716786832610967,0.3318948549172444,success
213,2000,8,2,4.0,2.4000000000000004,0.01,0.6,6.599999999999999,3,428,11,61,0,0.6592034160679013,0.3362524302581523,success
216,2000,8,2,4.0,2.4000000000000004,0.01,0.6,7.199999999999998,3,419,9,72,0,0.5223073471229949,0.38250466385306686,success
214,2000,8,2,4.0,2.4000000000000004,0.01,0.6,6.799999999999999,3,426,10,64,0,0.6142902851987346,0.36154227144806667,success
215,2000,8,2,4.0,2.4000000000000004,0.01,0.6,6.999999999999998,3,422,10,68,0,0.5679099821799021,0.37114227496398405,success
218,2000,8,2,4.0,2.4000000000000004,0.01,0.6,7.599999999999999,3,415,9,76,0,0.49236442291110655,0.38656157386780476,success
217,2000,8,2,4.0,2.4000000000000004,0.01,0.6,7.399999999999999,3,416,9,75,0,0.5004894025974982,0.3871589101796426,success
219,2000,8,2,4.0,2.4000000000000004,0.01,0.6,7.799999999999999,3,412,10,78,0,0.4808964353134701,0.3905112977523766,success
220,2000,8,2,4.0,2.4000000000000004,0.01,0.6,7.999999999999998,3,413,9,78,0,0.47797018628364707,0.3875265280696204,success
221,2000,8,2,4.0,2.4000000000000004,0.01,0.6,8.2,3,406,9,85,0,0.4696988552021952,0.3927377171589331,success
222,2000,8,2,4.0,2.4000000000000004,0.01,0.6,8.399999999999999,3,401,9,90,0,0.432423934233024,0.3888877803687012,success
223,2000,8,2,4.0,2.4000000000000004,0.01,0.6,8.599999999999998,3,401,9,90,0,0.4137045764744482,0.3887761775854395,success
224,2000,8,2,4.0,2.4000000000000004,0.01,0.6,8.799999999999997,3,397,9,94,0,0.4166650670819654,0.39255223877516493,success
231,2000,8,2,4.0,2.5000000000000004,0.01,0.6,1.0,3,484,16,0,0,,,success
232,2000,8,2,4.0,2.5000000000000004,0.01,0.6,1.2,3,478,17,5,0,1.0,0.0,success
225,2000,8,2,4.0,2.4000000000000004,0.01,0.6,8.999999999999998,3,397,8,95,0,0.4188058202152876,0.39005990932086276,success
226,2000,8,2,4.0,2.4000000000000004,0.01,0.6,9.199999999999998,3,398,6,96,0,0.4160706547545658,0.3915915111379269,success
233,2000,8,2,4.0,2.5000000000000004,0.01,0.6,1.4,3,473,17,10,0,1.0,0.0,success
234,2000,8,2,4.0,2.5000000000000004,0.01,0.6,1.5999999999999999,3,468,19,13,0,0.8936932275637517,0.20391995482792172,success
235,2000,8,2,4.0,2.5000000000000004,0.01,0.6,1.7999999999999998,3,467,19,14,0,0.8655722827377694,0.22238627303084443,success
236,2000,8,2,4.0,2.5000000000000004,0.01,0.6,1.9999999999999998,3,469,16,15,0,0.9412007972219182,0.156765218051379,success
237,2000,8,2,4.0,2.5000000000000004,0.01,0.6,2.1999999999999997,3,458,19,23,0,0.9616526938403814,0.1282917482141832,success
227,2000,8,2,4.0,2.4000000000000004,0.01,0.6,9.399999999999999,3,397,5,98,0,0.425759296924177,0.3965936151521671,success
228,2000,8,2,4.0,2.4000000000000004,0.01,0.6,9.599999999999998,3,395,5,100,0,0.42007043961811996,0.3998106221722492,success
238,2000,8,2,4.0,2.5000000000000004,0.01,0.6,2.3999999999999995,3,456,16,28,0,0.9423168854069329,0.1460937478581605,success
239,2000,8,2,4.0,2.5000000000000004,0.01,0.6,2.5999999999999996,3,458,17,25,0,0.92280577692662,0.18388137494467582,success
241,2000,8,2,4.0,2.5000000000000004,0.01,0.6,2.9999999999999996,3,452,21,27,0,0.8682647476501457,0.19985321804908684,success
240,2000,8,2,4.0,2.5000000000000004,0.01,0.6,2.8,3,449,21,30,0,0.8796531422019134,0.19624261884483055,success
229,2000,8,2,4.0,2.4000000000000004,0.01,0.6,9.799999999999997,3,391,6,103,0,0.42021421822419064,0.4021697276720216,success
242,2000,8,2,4.0,2.5000000000000004,0.01,0.6,3.1999999999999993,3,449,20,31,0,0.8823333249866694,0.18705754314606568,success
230,2000,8,2,4.0,2.4000000000000004,0.01,0.6,9.999999999999998,3,393,6,101,0,0.40520563513017116,0.3931581134819762,success
243,2000,8,2,4.0,2.5000000000000004,0.01,0.6,3.3999999999999995,3,444,20,36,0,0.9005551367742767,0.17628936335507703,success
244,2000,8,2,4.0,2.5000000000000004,0.01,0.6,3.5999999999999996,3,443,20,37,0,0.8821928661535642,0.19600195064433895,success
245,2000,8,2,4.0,2.5000000000000004,0.01,0.6,3.7999999999999994,3,436,19,45,0,0.8709836542438022,0.2018130590584007,success
246,2000,8,2,4.0,2.5000000000000004,0.01,0.6,3.999999999999999,3,435,18,47,0,0.8785726277359437,0.18670143815233115,success
247,2000,8,2,4.0,2.5000000000000004,0.01,0.6,4.199999999999999,3,436,16,48,0,0.8617673059086645,0.19623075264831363,success
248,2000,8,2,4.0,2.5000000000000004,0.01,0.6,4.3999999999999995,3,430,18,52,0,0.8298731345375803,0.2558980810462567,success
249,2000,8,2,4.0,2.5000000000000004,0.01,0.6,4.6,3,427,17,56,0,0.8636815221338298,0.22011543722936883,success
250,2000,8,2,4.0,2.5000000000000004,0.01,0.6,4.799999999999999,3,427,17,56,0,0.8320587624463739,0.25034490100571827,success
251,2000,8,2,4.0,2.5000000000000004,0.01,0.6,4.999999999999999,3,428,14,58,0,0.8114652077322864,0.2669008907944877,success
252,2000,8,2,4.0,2.5000000000000004,0.01,0.6,5.199999999999999,3,425,15,60,0,0.8090269144682356,0.26620936621554203,success
254,2000,8,2,4.0,2.5000000000000004,0.01,0.6,5.599999999999999,3,424,17,59,0,0.7816925885026448,0.2669544544102592,success
253,2000,8,2,4.0,2.5000000000000004,0.01,0.6,5.399999999999999,3,425,15,60,0,0.812085744149561,0.24591600808282918,success
255,2000,8,2,4.0,2.5000000000000004,0.01,0.6,5.799999999999999,3,420,13,67,0,0.7627455278380812,0.2906677463520303,success
256,2000,8,2,4.0,2.5000000000000004,0.01,0.6,5.999999999999999,3,420,12,68,0,0.749722520197147,0.2987277233050317,success
257,2000,8,2,4.0,2.5000000000000004,0.01,0.6,6.199999999999999,3,419,12,69,0,0.7238238569725673,0.3191568357634503,success
258,2000,8,2,4.0,2.5000000000000004,0.01,0.6,6.399999999999999,3,418,11,71,0,0.6772372776942263,0.3407580196125136,success
259,2000,8,2,4.0,2.5000000000000004,0.01,0.6,6.599999999999999,3,417,12,71,0,0.6425509788815924,0.35090174968230436,success
260,2000,8,2,4.0,2.5000000000000004,0.01,0.6,6.799999999999999,3,410,11,79,0,0.6005600503660959,0.37482035405883657,success
261,2000,8,2,4.0,2.5000000000000004,0.01,0.6,6.999999999999998,3,404,11,85,0,0.5771351334091512,0.38664656686651533,success
262,2000,8,2,4.0,2.5000000000000004,0.01,0.6,7.199999999999998,3,398,10,92,0,0.5502412521652644,0.3940090976632618,success
263,2000,8,2,4.0,2.5000000000000004,0.01,0.6,7.399999999999999,3,396,11,93,0,0.4923071482405396,0.39946270056577504,success
264,2000,8,2,4.0,2.5000000000000004,0.01,0.6,7.599999999999999,3,397,11,92,0,0.48848793170337973,0.3994305627067592,success
265,2000,8,2,4.0,2.5000000000000004,0.01,0.6,7.799999999999999,3,394,11,95,0,0.4808559032703005,0.39945188004197113,success
266,2000,8,2,4.0,2.5000000000000004,0.01,0.6,7.999999999999998,3,395,10,95,0,0.45937204231023504,0.39745643530587454,success
267,2000,8,2,4.0,2.5000000000000004,0.01,0.6,8.2,3,388,10,102,0,0.4558585097070351,0.40303060302236143,success
277,2000,8,2,4.0,2.6000000000000005,0.01,0.6,1.0,3,482,18,0,0,,,success
278,2000,8,2,4.0,2.6000000000000005,0.01,0.6,1.2,3,475,19,6,0,1.0,0.0,success
268,2000,8,2,4.0,2.5000000000000004,0.01,0.6,8.399999999999999,3,380,11,109,0,0.416580415328176,0.3975102558848812,success
269,2000,8,2,4.0,2.5000000000000004,0.01,0.6,8.599999999999998,3,383,11,106,0,0.3836598160788262,0.3888171563771895,success
279,2000,8,2,4.0,2.6000000000000005,0.01,0.6,1.4,3,471,17,12,0,1.0,0.0,success
281,2000,8,2,4.0,2.6000000000000005,0.01,0.6,1.7999999999999998,3,466,18,16,0,0.8823757473955482,0.21206090747200051,success
280,2000,8,2,4.0,2.6000000000000005,0.01,0.6,1.5999999999999999,3,466,18,16,0,0.9136257473955482,0.18735824504091567,success
270,2000,8,2,4.0,2.5000000000000004,0.01,0.6,8.799999999999997,3,377,11,112,0,0.3913870987015952,0.39733538777692007,success
282,2000,8,2,4.0,2.6000000000000005,0.01,0.6,1.9999999999999998,3,466,19,15,0,0.9412007972219182,0.15676521805137902,success
283,2000,8,2,4.0,2.6000000000000005,0.01,0.6,2.1999999999999997,3,455,21,24,0,0.9632504982636988,0.1257157322850153,success
271,2000,8,2,4.0,2.5000000000000004,0.01,0.6,8.999999999999998,3,377,10,113,0,0.3940118267600644,0.3971890563794345,success
272,2000,8,2,4.0,2.5000000000000004,0.01,0.6,9.199999999999998,3,377,9,114,0,0.39024246022959724,0.3962938206178851,success
273,2000,8,2,4.0,2.5000000000000004,0.01,0.6,9.399999999999999,3,376,8,116,0,0.39854225748233146,0.3995238294547253,success
274,2000,8,2,4.0,2.5000000000000004,0.01,0.6,9.599999999999998,3,373,8,119,0,0.39740866613407383,0.40183461378993973,success
284,2000,8,2,4.0,2.6000000000000005,0.01,0.6,2.3999999999999995,3,454,18,28,0,0.9423168854069329,0.14609374785816054,success
285,2000,8,2,4.0,2.6000000000000005,0.01,0.6,2.5999999999999996,3,453,21,26,0,0.913317092136613,0.18235991610640911,success
286,2000,8,2,4.0,2.6000000000000005,0.01,0.6,2.8,3,443,27,30,0,0.8861770969066229,0.18274980357160617,success
275,2000,8,2,4.0,2.5000000000000004,0.01,0.6,9.799999999999997,3,369,7,124,0,0.40698064844282966,0.40600071653104264,success
276,2000,8,2,4.0,2.5000000000000004,0.01,0.6,9.999999999999998,3,368,8,124,0,0.3981276607741803,0.4008613683033253,success
287,2000,8,2,4.0,2.6000000000000005,0.01,0.6,2.9999999999999996,3,443,25,32,0,0.8983611666022693,0.17178080145165853,success
288,2000,8,2,4.0,2.6000000000000005,0.01,0.6,3.1999999999999993,3,439,22,39,0,0.9035412673725639,0.17062280721794038,success
289,2000,8,2,4.0,2.6000000000000005,0.01,0.6,3.3999999999999995,3,434,22,44,0,0.9173098632729105,0.16464497950154877,success
290,2000,8,2,4.0,2.6000000000000005,0.01,0.6,3.5999999999999996,3,434,22,44,0,0.9021968839103668,0.1803890111789917,success
291,2000,8,2,4.0,2.6000000000000005,0.01,0.6,3.7999999999999994,3,425,25,50,0,0.8947946267798238,0.1845516680503412,success
292,2000,8,2,4.0,2.6000000000000005,0.01,0.6,3.999999999999999,3,422,24,54,0,0.8690723875703704,0.21598684792981504,success
294,2000,8,2,4.0,2.6000000000000005,0.01,0.6,4.3999999999999995,3,415,24,61,0,0.8220792541543075,0.2845991438699467,success
293,2000,8,2,4.0,2.6000000000000005,0.01,0.6,4.199999999999999,3,422,22,56,0,0.8580333803035859,0.22006401428257757,success
295,2000,8,2,4.0,2.6000000000000005,0.01,0.6,4.6,3,412,23,65,0,0.8819643340660512,0.20800408144960453,success
297,2000,8,2,4.0,2.6000000000000005,0.01,0.6,4.999999999999999,3,414,17,69,0,0.8372778041663603,0.266861734122922,success
296,2000,8,2,4.0,2.6000000000000005,0.01,0.6,4.799999999999999,3,412,21,67,0,0.8629003489675247,0.22923819665534959,success
298,2000,8,2,4.0,2.6000000000000005,0.01,0.6,5.199999999999999,3,410,18,72,0,0.8299109856528424,0.2794564315011019,success
300,2000,8,2,4.0,2.6000000000000005,0.01,0.6,5.599999999999999,3,405,21,74,0,0.7980879511005395,0.2782345292048811,success
299,2000,8,2,4.0,2.6000000000000005,0.01,0.6,5.399999999999999,3,408,20,72,0,0.8558602818178097,0.2286215974952383,success
301,2000,8,2,4.0,2.6000000000000005,0.01,0.6,5.799999999999999,3,402,18,80,0,0.7855794403280256,0.2992520922490138,success
302,2000,8,2,4.0,2.6000000000000005,0.01,0.6,5.999999999999999,3,400,17,83,0,0.7454438564752801,0.3216250597667529,success
303,2000,8,2,4.0,2.6000000000000005,0.01,0.6,6.199999999999999,3,399,18,83,0,0.7148233503132603,0.34806377374724656,success
304,2000,8,2,4.0,2.6000000000000005,0.01,0.6,6.399999999999999,3,397,18,85,0,0.6746114398447068,0.3626298852853232,success
305,2000,8,2,4.0,2.6000000000000005,0.01,0.6,6.599999999999999,3,396,19,85,0,0.6483941630263841,0.37244004833552347,success
306,2000,8,2,4.0,2.6000000000000005,0.01,0.6,6.799999999999999,3,386,15,99,0,0.6062297765724952,0.3895740828743774,success
307,2000,8,2,4.0,2.6000000000000005,0.01,0.6,6.999999999999998,3,380,16,104,0,0.5890544853962175,0.4015699269221442,success
308,2000,8,2,4.0,2.6000000000000005,0.01,0.6,7.199999999999998,3,372,14,114,0,0.5724594291494134,0.4118030559571594,success
309,2000,8,2,4.0,2.6000000000000005,0.01,0.6,7.399999999999999,3,368,18,114,0,0.5105113505636474,0.4169672550721518,success
310,2000,8,2,4.0,2.6000000000000005,0.01,0.6,7.599999999999999,3,372,18,110,0,0.4934897807509255,0.4142429310404822,success
311,2000,8,2,4.0,2.6000000000000005,0.01,0.6,7.799999999999999,3,368,17,115,0,0.48773335438022347,0.41594875760134853,success
312,2000,8,2,4.0,2.6000000000000005,0.01,0.6,7.999999999999998,3,370,16,114,0,0.46232351894134305,0.4101718404094551,success
313,2000,8,2,4.0,2.6000000000000005,0.01,0.6,8.2,3,365,16,119,0,0.4512584340199183,0.41343957380898383,success
314,2000,8,2,4.0,2.6000000000000005,0.01,0.6,8.399999999999999,3,358,16,126,0,0.41548532758941875,0.4061509961793396,success
315,2000,8,2,4.0,2.6000000000000005,0.01,0.6,8.599999999999998,3,359,16,125,0,0.4120651282612733,0.40658217107195904,success
316,2000,8,2,4.0,2.6000000000000005,0.01,0.6,8.799999999999997,3,354,16,130,0,0.413490837278809,0.41137315518284134,success
317,2000,8,2,4.0,2.6000000000000005,0.01,0.6,8.999999999999998,3,351,15,134,0,0.4224905468514805,0.4147035431376784,success
318,2000,8,2,4.0,2.6000000000000005,0.01,0.6,9.199999999999998,3,350,14,136,0,0.41713012960652807,0.41453581051237803,success
319,2000,8,2,4.0,2.6000000000000005,0.01,0.6,9.399999999999999,3,347,13,140,0,0.425660740017635,0.41664169329538836,success
320,2000,8,2,4.0,2.6000000000000005,0.01,0.6,9.599999999999998,3,344,13,143,0,0.4171322440991765,0.4164407332947305,success
323,2000,8,2,4.0,2.7000000000000006,0.01,0.6,1.0,3,482,18,0,0,,,success
324,2000,8,2,4.0,2.7000000000000006,0.01,0.6,1.2,3,475,16,9,0,1.0,0.0,success
325,2000,8,2,4.0,2.7000000000000006,0.01,0.6,1.4,3,469,15,16,0,1.0,0.0,success
327,2000,8,2,4.0,2.7000000000000006,0.01,0.6,1.7999999999999998,3,465,17,18,0,0.9020007895338539,0.19081372622083212,success
326,2000,8,2,4.0,2.7000000000000006,0.01,0.6,1.5999999999999999,3,465,16,19,0,0.9535795767541458,0.14043041095694553,success
321,2000,8,2,4.0,2.6000000000000005,0.01,0.6,9.799999999999997,3,340,11,149,0,0.41441287345809996,0.41614235509200187,success
328,2000,8,2,4.0,2.7000000000000006,0.01,0.6,1.9999999999999998,3,466,17,17,0,0.9775301151958101,0.09264570844313594,success
329,2000,8,2,4.0,2.7000000000000006,0.01,0.6,2.1999999999999997,3,452,21,27,0,0.9858522947529175,0.07351363289536703,success
330,2000,8,2,4.0,2.7000000000000006,0.01,0.6,2.3999999999999995,3,449,20,31,0,0.9774292625300195,0.08776077952370408,success
322,2000,8,2,4.0,2.6000000000000005,0.01,0.6,9.999999999999998,3,337,13,150,0,0.42000102712172077,0.4181958992001369,success
331,2000,8,2,4.0,2.7000000000000006,0.01,0.6,2.5999999999999996,3,449,21,30,0,0.9600105412401126,0.12441182043352715,success
332,2000,8,2,4.0,2.7000000000000006,0.01,0.6,2.8,3,439,28,33,0,0.9321277477863883,0.1503603712888507,success
333,2000,8,2,4.0,2.7000000000000006,0.01,0.6,2.9999999999999996,3,439,28,33,0,0.9370442454855983,0.1406275489692057,success
334,2000,8,2,4.0,2.7000000000000006,0.01,0.6,3.1999999999999993,3,435,23,42,0,0.9434340851755807,0.12967244162209343,success
335,2000,8,2,4.0,2.7000000000000006,0.01,0.6,3.3999999999999995,3,428,22,50,0,0.953112516131298,0.12241836826966637,success
336,2000,8,2,4.0,2.7000000000000006,0.01,0.6,3.5999999999999996,3,427,24,49,0,0.9270534303177147,0.14431698629825118,success
337,2000,8,2,4.0,2.7000000000000006,0.01,0.6,3.7999999999999994,3,417,27,56,0,0.9340413528137991,0.1460689530827189,success
338,2000,8,2,4.0,2.7000000000000006,0.01,0.6,3.999999999999999,3,413,25,62,0,0.9340223741933068,0.14206543367598168,success
339,2000,8,2,4.0,2.7000000000000006,0.01,0.6,4.199999999999999,3,417,22,61,0,0.9089012164195167,0.15719853168170533,success
340,2000,8,2,4.0,2.7000000000000006,0.01,0.6,4.3999999999999995,3,408,25,67,0,0.8979360502248424,0.21669195881077127,success
341,2000,8,2,4.0,2.7000000000000006,0.01,0.6,4.6,3,402,24,74,0,0.9167963572802986,0.1770995419937919,success
342,2000,8,2,4.0,2.7000000000000006,0.01,0.6,4.799999999999999,3,401,22,77,0,0.9108239089592219,0.173399004359835,success
343,2000,8,2,4.0,2.7000000000000006,0.01,0.6,4.999999999999999,3,399,18,83,0,0.870348225118101,0.25682575369924954,success
344,2000,8,2,4.0,2.7000000000000006,0.01,0.6,5.199999999999999,3,391,21,88,0,0.8383864914887269,0.2953454191470301,success
345,2000,8,2,4.0,2.7000000000000006,0.01,0.6,5.399999999999999,3,387,23,90,0,0.8665975082866753,0.2517081344092857,success
346,2000,8,2,4.0,2.7000000000000006,0.01,0.6,5.599999999999999,3,385,26,89,0,0.8280337608490742,0.28021920892341523,success
347,2000,8,2,4.0,2.7000000000000006,0.01,0.6,5.799999999999999,3,382,25,93,0,0.8146966627579108,0.3020582586268802,success
348,2000,8,2,4.0,2.7000000000000006,0.01,0.6,5.999999999999999,3,379,21,100,0,0.7677295113396437,0.3379189581949402,success
349,2000,8,2,4.0,2.7000000000000006,0.01,0.6,6.199999999999999,3,378,21,101,0,0.7299895151840051,0.3640934740802734,success
350,2000,8,2,4.0,2.7000000000000006,0.01,0.6,6.399999999999999,3,375,19,106,0,0.7133784155359097,0.3710975883760424,success
351,2000,8,2,4.0,2.7000000000000006,0.01,0.6,6.599999999999999,3,373,20,107,0,0.690333579818995,0.38611157381620564,success
352,2000,8,2,4.0,2.7000000000000006,0.01,0.6,6.799999999999999,3,359,19,122,0,0.636688495933459,0.4064470424195264,success
353,2000,8,2,4.0,2.7000000000000006,0.01,0.6,6.999999999999998,3,353,20,127,0,0.6176570818417437,0.4144694523932578,success
354,2000,8,2,4.0,2.7000000000000006,0.01,0.6,7.199999999999998,3,346,18,136,0,0.5941822720059368,0.4253414758855402,success
355,2000,8,2,4.0,2.7000000000000006,0.01,0.6,7.399999999999999,3,340,24,136,0,0.5378498246119071,0.4345509371985718,success
356,2000,8,2,4.0,2.7000000000000006,0.01,0.6,7.599999999999999,3,344,22,134,0,0.5376597605149142,0.4328098892950122,success
357,2000,8,2,4.0,2.7000000000000006,0.01,0.6,7.799999999999999,3,341,23,136,0,0.5253863425943327,0.4310363957074487,success
358,2000,8,2,4.0,2.7000000000000006,0.01,0.6,7.999999999999998,3,344,21,135,0,0.5100918680955859,0.4334803135585319,success
359,2000,8,2,4.0,2.7000000000000006,0.01,0.6,8.2,3,339,21,140,0,0.49153701313580234,0.4374825056069454,success
360,2000,8,2,4.0,2.7000000000000006,0.01,0.6,8.399999999999999,3,328,19,153,0,0.4782033857370524,0.43554491495636566,success
369,2000,8,2,4.0,2.8000000000000007,0.01,0.6,1.0,3,485,15,0,0,,,success
361,2000,8,2,4.0,2.7000000000000006,0.01,0.6,8.599999999999998,3,330,18,152,0,0.46656213452491796,0.43233752289789956,success
362,2000,8,2,4.0,2.7000000000000006,0.01,0.6,8.799999999999997,3,323,21,156,0,0.4634596676693748,0.4346566246031803,success
370,2000,8,2,4.0,2.8000000000000007,0.01,0.6,1.2,3,478,13,9,0,1.0,0.0,success
371,2000,8,2,4.0,2.8000000000000007,0.01,0.6,1.4,3,472,12,16,0,1.0,0.0,success
363,2000,8,2,4.0,2.7000000000000006,0.01,0.6,8.999999999999998,3,318,18,164,0,0.47744743532753886,0.4374924883150444,success
372,2000,8,2,4.0,2.8000000000000007,0.01,0.6,1.5999999999999999,3,468,13,19,0,0.9535795767541458,0.14043041095694553,success
373,2000,8,2,4.0,2.8000000000000007,0.01,0.6,1.7999999999999998,3,468,14,18,0,0.9020007895338539,0.19081372622083212,success
364,2000,8,2,4.0,2.7000000000000006,0.01,0.6,9.199999999999998,3,316,17,167,0,0.46793168592008694,0.43577392618240535,success
365,2000,8,2,4.0,2.7000000000000006,0.01,0.6,9.399999999999999,3,317,16,167,0,0.4614059593933443,0.4339688348205818,success
374,2000,8,2,4.0,2.8000000000000007,0.01,0.6,1.9999999999999998,3,469,14,17,0,0.9775301151958101,0.09264570844313594,success
375,2000,8,2,4.0,2.8000000000000007,0.01,0.6,2.1999999999999997,3,457,18,25,0,0.9847204783331509,0.07639760833424547,success
366,2000,8,2,4.0,2.7000000000000006,0.01,0.6,9.599999999999998,3,313,16,171,0,0.45527636296281526,0.4339812817614773,success
376,2000,8,2,4.0,2.8000000000000007,0.01,0.6,2.3999999999999995,3,452,17,31,0,0.9774292625300195,0.08776077952370408,success
367,2000,8,2,4.0,2.7000000000000006,0.01,0.6,9.799999999999997,3,309,18,173,0,0.43526496488901345,0.4313757134517566,success
377,2000,8,2,4.0,2.8000000000000007,0.01,0.6,2.5999999999999996,3,453,19,28,0,0.975011294185835,0.0921675695133057,success
368,2000,8,2,4.0,2.7000000000000006,0.01,0.6,9.999999999999998,3,305,21,174,0,0.439780861562451,0.43286733918576437,success
378,2000,8,2,4.0,2.8000000000000007,0.01,0.6,2.8,3,442,26,32,0,0.9555785044228207,0.12055159556870694,success
379,2000,8,2,4.0,2.8000000000000007,0.01,0.6,2.9999999999999996,3,442,28,30,0,0.9571791609701881,0.11338381068244528,success
380,2000,8,2,4.0,2.8000000000000007,0.01,0.6,3.1999999999999993,3,437,23,40,0,0.9558362976419843,0.11072334320856592,success
381,2000,8,2,4.0,2.8000000000000007,0.01,0.6,3.3999999999999995,3,429,21,50,0,0.968970810692916,0.09692294724161198,success
382,2000,8,2,4.0,2.8000000000000007,0.01,0.6,3.5999999999999996,3,428,22,50,0,0.9485596550003195,0.12508493837634813,success
383,2000,8,2,4.0,2.8000000000000007,0.01,0.6,3.7999999999999994,3,417,25,58,0,0.9509074356901313,0.12675568273185658,success
384,2000,8,2,4.0,2.8000000000000007,0.01,0.6,3.999999999999999,3,413,26,61,0,0.9419742750945258,0.13669579783098101,success
385,2000,8,2,4.0,2.8000000000000007,0.01,0.6,4.199999999999999,3,413,24,63,0,0.9235021610410137,0.14794557511869838,success
386,2000,8,2,4.0,2.8000000000000007,0.01,0.6,4.3999999999999995,3,403,27,70,0,0.912500105723669,0.20824670284644503,success
387,2000,8,2,4.0,2.8000000000000007,0.01,0.6,4.6,3,392,27,81,0,0.9201954717070587,0.19472122686247528,success
388,2000,8,2,4.0,2.8000000000000007,0.01,0.6,4.799999999999999,3,392,23,85,0,0.9113932146957664,0.1921926129833405,success
389,2000,8,2,4.0,2.8000000000000007,0.01,0.6,4.999999999999999,3,392,19,89,0,0.8614166111053142,0.28015399837047095,success
390,2000,8,2,4.0,2.8000000000000007,0.01,0.6,5.199999999999999,3,385,22,93,0,0.8442764825329059,0.30200994665156455,success
391,2000,8,2,4.0,2.8000000000000007,0.01,0.6,5.399999999999999,3,380,24,96,0,0.8627157718487563,0.27402572472977943,success
393,2000,8,2,4.0,2.8000000000000007,0.01,0.6,5.799999999999999,3,375,25,100,0,0.8101940890266853,0.324921358886688,success
392,2000,8,2,4.0,2.8000000000000007,0.01,0.6,5.599999999999999,3,377,27,96,0,0.8342148600649825,0.29763702921557417,success
394,2000,8,2,4.0,2.8000000000000007,0.01,0.6,5.999999999999999,3,373,25,102,0,0.7840938016579945,0.3472202834834416,success
395,2000,8,2,4.0,2.8000000000000007,0.01,0.6,6.199999999999999,3,369,23,108,0,0.7491264641008561,0.37433149433900803,success
396,2000,8,2,4.0,2.8000000000000007,0.01,0.6,6.399999999999999,3,362,21,117,0,0.726147824522196,0.38017080974221523,success
397,2000,8,2,4.0,2.8000000000000007,0.01,0.6,6.599999999999999,3,363,22,115,0,0.7148095223104989,0.38721256432612405,success
398,2000,8,2,4.0,2.8000000000000007,0.01,0.6,6.799999999999999,3,343,23,134,0,0.6418009816697772,0.4172394361017273,success
399,2000,8,2,4.0,2.8000000000000007,0.01,0.6,6.999999999999998,3,337,24,139,0,0.6420927808513678,0.422475407043147,success
400,2000,8,2,4.0,2.8000000000000007,0.01,0.6,7.199999999999998,3,323,23,154,0,0.6010715143011194,0.437787608923601,success
402,2000,8,2,4.0,2.8000000000000007,0.01,0.6,7.599999999999999,3,322,26,152,0,0.5497792133705065,0.4434168228303953,success
403,2000,8,2,4.0,2.8000000000000007,0.01,0.6,7.799999999999999,3,322,25,153,0,0.5370126861271615,0.4427957758374036,success
401,2000,8,2,4.0,2.8000000000000007,0.01,0.6,7.399999999999999,3,319,27,154,0,0.5491672749851637,0.44518157319466684,success
404,2000,8,2,4.0,2.8000000000000007,0.01,0.6,7.999999999999998,3,322,22,156,0,0.5215983310608615,0.44649267271009524,success
405,2000,8,2,4.0,2.8000000000000007,0.01,0.6,8.2,3,315,20,165,0,0.5072067992906131,0.44795628292882256,success
406,2000,8,2,4.0,2.8000000000000007,0.01,0.6,8.399999999999999,3,305,18,177,0,0.49342421847013357,0.44685374828507196,success
407,2000,8,2,4.0,2.8000000000000007,0.01,0.6,8.599999999999998,3,307,19,174,0,0.474939425600596,0.44555549785333187,success
408,2000,8,2,4.0,2.8000000000000007,0.01,0.6,8.799999999999997,3,303,24,173,0,0.45734218271642074,0.4452227324091492,success
409,2000,8,2,4.0,2.8000000000000007,0.01,0.6,8.999999999999998,3,297,23,180,0,0.4655413630607568,0.44842821076022066,success
415,2000,8,2,4.0,2.900000000000001,0.01,0.6,1.0,3,487,13,0,0,,,success
410,2000,8,2,4.0,2.8000000000000007,0.01,0.6,9.199999999999998,3,293,21,186,0,0.45966709725331517,0.44659828584697264,success
411,2000,8,2,4.0,2.8000000000000007,0.01,0.6,9.399999999999999,3,290,19,191,0,0.46499465882254115,0.44477333982055856,success
416,2000,8,2,4.0,2.900000000000001,0.01,0.6,1.2,3,481,10,9,0,1.0,0.0,success
412,2000,8,2,4.0,2.8000000000000007,0.01,0.6,9.599999999999998,3,286,19,195,0,0.45515645854644965,0.44459767812351025,success
413,2000,8,2,4.0,2.8000000000000007,0.01,0.6,9.799999999999997,3,284,19,197,0,0.43649891088476156,0.44087067367634525,success
414,2000,8,2,4.0,2.8000000000000007,0.01,0.6,9.999999999999998,3,275,20,205,0,0.4482667400439261,0.44229485671713137,success
417,2000,8,2,4.0,2.900000000000001,0.01,0.6,1.4,3,475,9,16,0,1.0,0.0,success
418,2000,8,2,4.0,2.900000000000001,0.01,0.6,1.5999999999999999,3,470,12,18,0,0.9510006643515985,0.1440379925142494,success
419,2000,8,2,4.0,2.900000000000001,0.01,0.6,1.7999999999999998,3,469,13,18,0,0.9297785673116317,0.1632533666926054,success
420,2000,8,2,4.0,2.900000000000001,0.01,0.6,1.9999999999999998,3,470,14,16,0,0.9761257473955482,0.09549701041780682,success
421,2000,8,2,4.0,2.900000000000001,0.01,0.6,2.1999999999999997,3,459,17,24,0,0.9840838315970322,0.07797298249495872,success
422,2000,8,2,4.0,2.900000000000001,0.01,0.6,2.3999999999999995,3,453,19,28,0,0.9750109692296645,0.09216863974556846,success
423,2000,8,2,4.0,2.900000000000001,0.01,0.6,2.5999999999999996,3,450,23,27,0,0.9858522947529175,0.07351363289536703,success
424,2000,8,2,4.0,2.900000000000001,0.01,0.6,2.8,3,439,28,33,0,0.9685000055515602,0.10231672902055391,success
425,2000,8,2,4.0,2.900000000000001,0.01,0.6,2.9999999999999996,3,438,28,34,0,0.9622169067384012,0.10720871491030354,success
426,2000,8,2,4.0,2.900000000000001,0.01,0.6,3.1999999999999993,3,432,22,46,0,0.9615967805582473,0.10416897177589071,success
427,2000,8,2,4.0,2.900000000000001,0.01,0.6,3.3999999999999995,3,422,22,56,0,0.9670529713531393,0.095322843928053,success
428,2000,8,2,4.0,2.900000000000001,0.01,0.6,3.5999999999999996,3,421,25,54,0,0.9525316149960626,0.11768834386959165,success
429,2000,8,2,4.0,2.900000000000001,0.01,0.6,3.7999999999999994,3,408,30,62,0,0.9481550307511555,0.1258729678013073,success
430,2000,8,2,4.0,2.900000000000001,0.01,0.6,3.999999999999999,3,404,30,66,0,0.9478725940249451,0.1319390974935641,success
431,2000,8,2,4.0,2.900000000000001,0.01,0.6,4.199999999999999,3,401,32,67,0,0.9331989236067559,0.14038670192317249,success
432,2000,8,2,4.0,2.900000000000001,0.01,0.6,4.3999999999999995,3,383,33,84,0,0.9349298834267754,0.1641991845251267,success
433,2000,8,2,4.0,2.900000000000001,0.01,0.6,4.6,3,371,32,97,0,0.9188569207035053,0.20314021810830185,success
434,2000,8,2,4.0,2.900000000000001,0.01,0.6,4.799999999999999,3,370,29,101,0,0.9076682721146621,0.22005075310676572,success
435,2000,8,2,4.0,2.900000000000001,0.01,0.6,4.999999999999999,3,369,25,106,0,0.8556573050672902,0.29873396520124007,success
436,2000,8,2,4.0,2.900000000000001,0.01,0.6,5.199999999999999,3,367,29,104,0,0.8673056711385592,0.28820670357715433,success
437,2000,8,2,4.0,2.900000000000001,0.01,0.6,5.399999999999999,3,356,31,113,0,0.8648392489464903,0.2914249445351066,success
438,2000,8,2,4.0,2.900000000000001,0.01,0.6,5.599999999999999,3,354,35,111,0,0.8425329431061905,0.31266837722835583,success
439,2000,8,2,4.0,2.900000000000001,0.01,0.6,5.799999999999999,3,351,33,116,0,0.8208743602865382,0.33406326621114196,success
440,2000,8,2,4.0,2.900000000000001,0.01,0.6,5.999999999999999,3,344,35,121,0,0.7994418178745109,0.3480212067232052,success
441,2000,8,2,4.0,2.900000000000001,0.01,0.6,6.199999999999999,3,342,33,125,0,0.7642393558828663,0.38316125422446323,success
442,2000,8,2,4.0,2.900000000000001,0.01,0.6,6.399999999999999,3,331,31,138,0,0.7484125963458943,0.3903005870838346,success
443,2000,8,2,4.0,2.900000000000001,0.01,0.6,6.599999999999999,3,328,29,143,0,0.7512337090949284,0.3905079722256624,success
444,2000,8,2,4.0,2.900000000000001,0.01,0.6,6.799999999999999,3,312,29,159,0,0.6673951318438677,0.42716742387058365,success
445,2000,8,2,4.0,2.900000000000001,0.01,0.6,6.999999999999998,3,308,31,161,0,0.6653250231030035,0.4302189225918611,success
447,2000,8,2,4.0,2.900000000000001,0.01,0.6,7.399999999999999,3,288,34,178,0,0.5744260805051871,0.45446184841415477,success
446,2000,8,2,4.0,2.900000000000001,0.01,0.6,7.199999999999998,3,294,31,175,0,0.6230323963596116,0.44410524979418237,success
448,2000,8,2,4.0,2.900000000000001,0.01,0.6,7.599999999999999,3,287,33,180,0,0.5739129975541217,0.4541384392930015,success
449,2000,8,2,4.0,2.900000000000001,0.01,0.6,7.799999999999999,3,287,32,181,0,0.5525107418717261,0.45544067843943287,success
450,2000,8,2,4.0,2.900000000000001,0.01,0.6,7.999999999999998,3,286,26,188,0,0.551739120136781,0.45515692157669846,success
451,2000,8,2,4.0,2.900000000000001,0.01,0.6,8.2,3,278,25,197,0,0.5303678510322272,0.45927792557781855,success
452,2000,8,2,4.0,2.900000000000001,0.01,0.6,8.399999999999999,3,268,22,210,0,0.5219196706904283,0.4604339012588261,success
453,2000,8,2,4.0,2.900000000000001,0.01,0.6,8.599999999999998,3,270,24,206,0,0.5012145601383649,0.45725545692525543,success
454,2000,8,2,4.0,2.900000000000001,0.01,0.6,8.799999999999997,3,262,28,210,0,0.49730171484494595,0.4579771302470955,success
455,2000,8,2,4.0,2.900000000000001,0.01,0.6,8.999999999999998,3,260,29,211,0,0.49178128769186974,0.45952251269784666,success
461,2000,8,2,4.0,3.000000000000001,0.01,0.6,1.0,4,489,11,0,0,,,success
462,2000,8,2,4.0,3.000000000000001,0.01,0.6,1.2,4,478,13,9,0,1.0,0.0,success
463,2000,8,2,4.0,3.000000000000001,0.01,0.6,1.4,4,472,11,17,0,1.0,0.0,success
456,2000,8,2,4.0,2.900000000000001,0.01,0.6,9.199999999999998,3,253,30,217,0,0.4792878440591726,0.4589046174187793,success
464,2000,8,2,4.0,3.000000000000001,0.01,0.6,1.5999999999999999,4,468,15,17,0,0.9705882352941176,0.1212678125181665,success
457,2000,8,2,4.0,2.900000000000001,0.01,0.6,9.399999999999999,3,250,30,220,0,0.4797329038688965,0.4572603770767381,success
465,2000,8,2,4.0,3.000000000000001,0.01,0.6,1.7999999999999998,4,468,13,19,0,0.9736842105263158,0.11470786693528087,success
466,2000,8,2,4.0,3.000000000000001,0.01,0.6,1.9999999999999998,4,468,10,22,0,1.0,0.0,success
458,2000,8,2,4.0,2.900000000000001,0.01,0.6,9.599999999999998,3,246,32,222,0,0.4580471279268507,0.4554530938020528,success
467,2000,8,2,4.0,3.000000000000001,0.01,0.6,2.1999999999999997,4,452,14,34,0,0.9901953468226992,0.057170461022482945,success
468,2000,8,2,4.0,3.000000000000001,0.01,0.6,2.3999999999999995,4,440,15,45,0,0.9864694336163735,0.06374648578853166,success
459,2000,8,2,4.0,2.900000000000001,0.01,0.6,9.799999999999997,3,243,32,225,0,0.44314076811659536,0.4521719466045377,success
460,2000,8,2,4.0,2.900000000000001,0.01,0.6,9.999999999999998,3,243,31,226,0,0.43577466063728054,0.450905025628872,success
469,2000,8,2,4.0,3.000000000000001,0.01,0.6,2.5999999999999996,4,431,24,45,0,0.9860641647492027,0.06695683288273054,success
470,2000,8,2,4.0,3.000000000000001,0.01,0.6,2.8,4,431,23,46,0,0.9678495075213097,0.1065024069596071,success
472,2000,8,2,4.0,3.000000000000001,0.01,0.6,3.1999999999999993,4,414,26,60,0,0.9631010578654172,0.10440630295199843,success
471,2000,8,2,4.0,3.000000000000001,0.01,0.6,2.9999999999999996,4,433,20,47,0,0.969558644019335,0.10164839620432238,success
473,2000,8,2,4.0,3.000000000000001,0.01,0.6,3.3999999999999995,4,398,35,67,0,0.9677801216506975,0.09890860447780334,success
474,2000,8,2,4.0,3.000000000000001,0.01,0.6,3.5999999999999996,4,383,34,83,0,0.9349151080779152,0.18701669888978179,success
475,2000,8,2,4.0,3.000000000000001,0.01,0.6,3.7999999999999994,4,382,36,82,0,0.9414297668699232,0.16300125801554485,success
476,2000,8,2,4.0,3.000000000000001,0.01,0.6,3.999999999999999,4,393,32,75,0,0.9434680170833651,0.16501797234723528,success
477,2000,8,2,4.0,3.000000000000001,0.01,0.6,4.199999999999999,4,370,37,93,0,0.8891336049313809,0.27675133179088185,success
478,2000,8,2,4.0,3.000000000000001,0.01,0.6,4.3999999999999995,4,367,36,97,0,0.9012722257313677,0.2560753034983323,success
479,2000,8,2,4.0,3.000000000000001,0.01,0.6,4.6,4,357,34,109,0,0.9234635204326502,0.22768041584297383,success
480,2000,8,2,4.0,3.000000000000001,0.01,0.6,4.799999999999999,4,353,31,116,0,0.88389529694359,0.2808169354915867,success
481,2000,8,2,4.0,3.000000000000001,0.01,0.6,4.999999999999999,4,347,31,122,0,0.8719798599194435,0.2955049789140356,success
482,2000,8,2,4.0,3.000000000000001,0.01,0.6,5.199999999999999,4,333,36,131,0,0.8521544433293393,0.3225869972292388,success
483,2000,8,2,4.0,3.000000000000001,0.01,0.6,5.399999999999999,4,337,32,131,0,0.8469286565764257,0.3302751877411013,success
484,2000,8,2,4.0,3.000000000000001,0.01,0.6,5.599999999999999,4,319,32,149,0,0.8188562213874138,0.3554556815580082,success
485,2000,8,2,4.0,3.000000000000001,0.01,0.6,5.799999999999999,4,314,34,152,0,0.8032923471447347,0.36376762081493996,success
486,2000,8,2,4.0,3.000000000000001,0.01,0.6,5.999999999999999,4,317,34,149,0,0.7953343071698801,0.37041680056950294,success
487,2000,8,2,4.0,3.000000000000001,0.01,0.6,6.199999999999999,4,299,37,164,0,0.7499918714754211,0.4051059342697688,success
488,2000,8,2,4.0,3.000000000000001,0.01,0.6,6.399999999999999,4,293,34,173,0,0.7159948688690588,0.4230801606414826,success
489,2000,8,2,4.0,3.000000000000001,0.01,0.6,6.599999999999999,4,283,29,188,0,0.6952412030784976,0.43544107085663974,success
490,2000,8,2,4.0,3.000000000000001,0.01,0.6,6.799999999999999,4,279,28,193,0,0.6757648873113633,0.44063493338177767,success
491,2000,8,2,4.0,3.000000000000001,0.01,0.6,6.999999999999998,4,269,30,201,0,0.6375378572631105,0.45393239356699583,success
492,2000,8,2,4.0,3.000000000000001,0.01,0.6,7.199999999999998,4,273,32,195,0,0.6200564183167202,0.4562384621471283,success
493,2000,8,2,4.0,3.000000000000001,0.01,0.6,7.399999999999999,4,266,32,202,0,0.6035841946254701,0.45892058562781657,success
494,2000,8,2,4.0,3.000000000000001,0.01,0.6,7.599999999999999,4,260,34,206,0,0.5697086180817452,0.46486914823801784,success
496,2000,8,2,4.0,3.000000000000001,0.01,0.6,7.999999999999998,4,249,30,221,0,0.574809324856287,0.464867173489389,success
495,2000,8,2,4.0,3.000000000000001,0.01,0.6,7.799999999999999,4,249,31,220,0,0.5624600278885151,0.4672884883104483,success
497,2000,8,2,4.0,3.000000000000001,0.01,0.6,8.2,4,241,29,230,0,0.5787937526541331,0.4653512325014731,success
498,2000,8,2,4.0,3.000000000000001,0.01,0.6,8.399999999999999,4,227,30,243,0,0.5517146234119209,0.4655882159695987,success
499,2000,8,2,4.0,3.000000000000001,0.01,0.6,8.599999999999998,4,227,34,239,0,0.52210747426372,0.468813693553174,success
507,2000,8,2,4.0,3.100000000000001,0.01,0.6,1.0,4,489,11,0,0,,,success
500,2000,8,2,4.0,3.000000000000001,0.01,0.6,8.799999999999997,4,229,36,235,0,0.49801730732586247,0.4674056249305467,success
501,2000,8,2,4.0,3.000000000000001,0.01,0.6,8.999999999999998,4,228,36,236,0,0.48980303356600535,0.46704092987178686,success
508,2000,8,2,4.0,3.100000000000001,0.01,0.6,1.2,4,478,13,9,0,1.0,0.0,success
509,2000,8,2,4.0,3.100000000000001,0.01,0.6,1.4,4,472,11,17,0,1.0,0.0,success
510,2000,8,2,4.0,3.100000000000001,0.01,0.6,1.5999999999999999,4,468,15,17,0,0.9705882352941176,0.1212678125181665,success
502,2000,8,2,4.0,3.000000000000001,0.01,0.6,9.199999999999998,4,229,38,233,0,0.4528176342239193,0.46008069175112637,success
503,2000,8,2,4.0,3.000000000000001,0.01,0.6,9.399999999999999,4,219,42,239,0,0.45754053798139505,0.46295204750188657,success
504,2000,8,2,4.0,3.000000000000001,0.01,0.6,9.599999999999998,4,210,37,253,0,0.46375762974307605,0.4633716880729527,success
511,2000,8,2,4.0,3.100000000000001,0.01,0.6,1.7999999999999998,4,468,13,19,0,0.9736842105263158,0.11470786693528087,success
505,2000,8,2,4.0,3.000000000000001,0.01,0.6,9.799999999999997,4,211,39,250,0,0.44138364057990837,0.4591737500583668,success
506,2000,8,2,4.0,3.000000000000001,0.01,0.6,9.999999999999998,4,212,36,252,0,0.4254524795180327,0.4534115305169403,success
512,2000,8,2,4.0,3.100000000000001,0.01,0.6,1.9999999999999998,4,467,11,22,0,1.0,0.0,success
513,2000,8,2,4.0,3.100000000000001,0.01,0.6,2.1999999999999997,4,451,15,34,0,0.9901953468226992,0.057170461022482945,success
514,2000,8,2,4.0,3.100000000000001,0.01,0.6,2.3999999999999995,4,439,15,46,0,0.9867635763638437,0.06306577380018763,success
515,2000,8,2,4.0,3.100000000000001,0.01,0.6,2.5999999999999996,4,430,24,46,0,0.9863671176894373,0.0662405639851281,success
516,2000,8,2,4.0,3.100000000000001,0.01,0.6,2.8,4,430,23,47,0,0.9685335605527712,0.10544275002323987,success
517,2000,8,2,4.0,3.100000000000001,0.01,0.6,2.9999999999999996,4,432,21,47,0,0.969558644019335,0.10164839620432238,success
518,2000,8,2,4.0,3.100000000000001,0.01,0.6,3.1999999999999993,4,413,27,60,0,0.9631010578654172,0.10440630295199843,success
519,2000,8,2,4.0,3.100000000000001,0.01,0.6,3.3999999999999995,4,397,36,67,0,0.9677801216506975,0.09890860447780334,success
520,2000,8,2,4.0,3.100000000000001,0.01,0.6,3.5999999999999996,4,382,35,83,0,0.9349151080779152,0.18701669888978179,success
521,2000,8,2,4.0,3.100000000000001,0.01,0.6,3.7999999999999994,4,382,37,81,0,0.9429393428647972,0.1634390673517024,success
522,2000,8,2,4.0,3.100000000000001,0.01,0.6,3.999999999999999,4,393,33,74,0,0.9451479347292875,0.16549742887226318,success
523,2000,8,2,4.0,3.100000000000001,0.01,0.6,4.199999999999999,4,369,38,93,0,0.8891336049313809,0.27675133179088185,success
524,2000,8,2,4.0,3.100000000000001,0.01,0.6,4.3999999999999995,4,366,37,97,0,0.9012722257313677,0.2560753034983323,success
525,2000,8,2,4.0,3.100000000000001,0.01,0.6,4.6,4,356,35,109,0,0.9234635204326502,0.22768041584297383,success
526,2000,8,2,4.0,3.100000000000001,0.01,0.6,4.799999999999999,4,352,32,116,0,0.8871884647674515,0.279910007307755,success
527,2000,8,2,4.0,3.100000000000001,0.01,0.6,4.999999999999999,4,346,32,122,0,0.8752794639170154,0.29466046610609226,success
528,2000,8,2,4.0,3.100000000000001,0.01,0.6,5.199999999999999,4,332,37,131,0,0.8552273569759331,0.32205893262002877,success
529,2000,8,2,4.0,3.100000000000001,0.01,0.6,5.399999999999999,4,335,33,132,0,0.851137921963754,0.3288065792399558,success
530,2000,8,2,4.0,3.100000000000001,0.01,0.6,5.599999999999999,4,317,34,149,0,0.8215230005572712,0.3551821374925913,success
532,2000,8,2,4.0,3.100000000000001,0.01,0.6,5.999999999999999,4,315,35,150,0,0.7927253444291475,0.3746306242092275,success
531,2000,8,2,4.0,3.100000000000001,0.01,0.6,5.799999999999999,4,311,35,154,0,0.8083469335251201,0.3619327015055416,success
533,2000,8,2,4.0,3.100000000000001,0.01,0.6,6.199999999999999,4,297,38,165,0,0.7478525927861812,0.40822045032538723,success
534,2000,8,2,4.0,3.100000000000001,0.01,0.6,6.399999999999999,4,290,35,175,0,0.7166465923181589,0.42539980197017,success
535,2000,8,2,4.0,3.100000000000001,0.01,0.6,6.599999999999999,4,280,31,189,0,0.6936356965419557,0.437591860841521,success
536,2000,8,2,4.0,3.100000000000001,0.01,0.6,6.799999999999999,4,276,29,195,0,0.6764662842732037,0.4421814093068455,success
537,2000,8,2,4.0,3.100000000000001,0.01,0.6,6.999999999999998,4,265,31,204,0,0.6397597583885761,0.4546164370125657,success
538,2000,8,2,4.0,3.100000000000001,0.01,0.6,7.199999999999998,4,268,33,199,0,0.6244371480987712,0.4565825211587387,success
539,2000,8,2,4.0,3.100000000000001,0.01,0.6,7.399999999999999,4,263,34,203,0,0.6029443014786727,0.4607318804790848,success
540,2000,8,2,4.0,3.100000000000001,0.01,0.6,7.599999999999999,4,256,36,208,0,0.5666241674807033,0.4669539042252979,success
541,2000,8,2,4.0,3.100000000000001,0.01,0.6,7.799999999999999,4,244,33,223,0,0.5628520169029315,0.4694755998169527,success
542,2000,8,2,4.0,3.100000000000001,0.01,0.6,7.999999999999998,4,247,31,222,0,0.5743909845395978,0.4662602920353087,success
543,2000,8,2,4.0,3.100000000000001,0.01,0.6,8.2,4,237,31,232,0,0.580191814159491,0.4665006857819841,success
544,2000,8,2,4.0,3.100000000000001,0.01,0.6,8.399999999999999,4,224,32,244,0,0.5480945774697891,0.4677952858719043,success
545,2000,8,2,4.0,3.100000000000001,0.01,0.6,8.599999999999998,4,224,36,240,0,0.5185673746405066,0.47096273176807607,success
546,2000,8,2,4.0,3.100000000000001,0.01,0.6,8.799999999999997,4,224,38,238,0,0.4943262975851139,0.4693039756961235,success
547,2000,8,2,4.0,3.100000000000001,0.01,0.6,8.999999999999998,4,224,38,238,0,0.4844247681735722,0.46884679482759634,success
548,2000,8,2,4.0,3.100000000000001,0.01,0.6,9.199999999999998,4,225,40,235,0,0.447774843297081,0.461545390833015,success
553,2000,8,2,4.0,3.200000000000001,0.01,0.6,1.0,4,489,11,0,0,,,success
554,2000,8,2,4.0,3.200000000000001,0.01,0.6,1.2,4,478,13,9,0,1.0,0.0,success
555,2000,8,2,4.0,3.200000000000001,0.01,0.6,1.4,4,472,11,17,0,1.0,0.0,success
556,2000,8,2,4.0,3.200000000000001,0.01,0.6,1.5999999999999999,4,468,15,17,0,0.9705882352941176,0.1212678125181665,success
549,2000,8,2,4.0,3.100000000000001,0.01,0.6,9.399999999999999,4,214,46,240,0,0.446951166204896,0.4638574103727598,success
558,2000,8,2,4.0,3.200000000000001,0.01,0.6,1.9999999999999998,4,467,11,22,0,1.0,0.0,success
557,2000,8,2,4.0,3.200000000000001,0.01,0.6,1.7999999999999998,4,468,13,19,0,0.9736842105263158,0.11470786693528087,success
559,2000,8,2,4.0,3.200000000000001,0.01,0.6,2.1999999999999997,4,451,15,34,0,0.9901953468226992,0.057170461022482945,success
550,2000,8,2,4.0,3.100000000000001,0.01,0.6,9.599999999999998,4,204,39,257,0,0.4592286934808683,0.4644405839764178,success
560,2000,8,2,4.0,3.200000000000001,0.01,0.6,2.3999999999999995,4,439,15,46,0,0.9867635763638437,0.06306577380018763,success
551,2000,8,2,4.0,3.100000000000001,0.01,0.6,9.799999999999997,4,204,40,256,0,0.4404069306606452,0.4598560291057719,success
561,2000,8,2,4.0,3.200000000000001,0.01,0.6,2.5999999999999996,4,430,25,45,0,0.9915113768517505,0.05694341518459241,success
552,2000,8,2,4.0,3.100000000000001,0.01,0.6,9.999999999999998,4,203,39,258,0,0.4254991799475699,0.4550518445841377,success
562,2000,8,2,4.0,3.200000000000001,0.01,0.6,2.8,4,429,24,47,0,0.9685335605527712,0.10544275002323987,success
563,2000,8,2,4.0,3.200000000000001,0.01,0.6,2.9999999999999996,4,431,21,48,0,0.9701928389355988,0.10065716060846448,success
564,2000,8,2,4.0,3.200000000000001,0.01,0.6,3.1999999999999993,4,412,28,60,0,0.9631010578654172,0.10440630295199843,success
565,2000,8,2,4.0,3.200000000000001,0.01,0.6,3.3999999999999995,4,396,36,68,0,0.9682539433911285,0.09824543198566002,success
566,2000,8,2,4.0,3.200000000000001,0.01,0.6,3.5999999999999996,4,381,35,84,0,0.9319075007844976,0.18791938723479018,success
567,2000,8,2,4.0,3.200000000000001,0.01,0.6,3.7999999999999994,4,381,37,82,0,0.939760644619965,0.1649578277867923,success
568,2000,8,2,4.0,3.200000000000001,0.01,0.6,3.999999999999999,4,391,34,75,0,0.9458792955995636,0.16449738175577347,success
569,2000,8,2,4.0,3.200000000000001,0.01,0.6,4.199999999999999,4,366,39,95,0,0.8914676343012464,0.27425847320809726,success
570,2000,8,2,4.0,3.200000000000001,0.01,0.6,4.3999999999999995,4,364,38,98,0,0.8921265907749253,0.27036181915574126,success
571,2000,8,2,4.0,3.200000000000001,0.01,0.6,4.6,4,354,36,110,0,0.9241593066105352,0.22675106039605913,success
572,2000,8,2,4.0,3.200000000000001,0.01,0.6,4.799999999999999,4,350,34,116,0,0.8871884647674515,0.279910007307755,success
573,2000,8,2,4.0,3.200000000000001,0.01,0.6,4.999999999999999,4,343,32,125,0,0.878272756783007,0.2917044638659907,success
574,2000,8,2,4.0,3.200000000000001,0.01,0.6,5.199999999999999,4,328,37,135,0,0.8524798797322016,0.32546297306608585,success
575,2000,8,2,4.0,3.200000000000001,0.01,0.6,5.399999999999999,4,329,34,137,0,0.8421182897752959,0.33904400324800815,success
576,2000,8,2,4.0,3.200000000000001,0.01,0.6,5.599999999999999,4,311,34,155,0,0.8151890211405458,0.36100988511939863,success
577,2000,8,2,4.0,3.200000000000001,0.01,0.6,5.799999999999999,4,305,35,160,0,0.8093776735179281,0.3621664525972457,success
578,2000,8,2,4.0,3.200000000000001,0.01,0.6,5.999999999999999,4,309,35,156,0,0.7943833440023855,0.3744338467962445,success
579,2000,8,2,4.0,3.200000000000001,0.01,0.6,6.199999999999999,4,290,38,172,0,0.7465737081960458,0.4099883909261486,success
580,2000,8,2,4.0,3.200000000000001,0.01,0.6,6.399999999999999,4,283,35,182,0,0.7155969634675764,0.4258463278373386,success
581,2000,8,2,4.0,3.200000000000001,0.01,0.6,6.599999999999999,4,273,32,195,0,0.6917744209900522,0.43811861335230623,success
582,2000,8,2,4.0,3.200000000000001,0.01,0.6,6.799999999999999,4,267,29,204,0,0.6707044389624385,0.444825937073952,success
583,2000,8,2,4.0,3.200000000000001,0.01,0.6,6.999999999999998,4,260,31,209,0,0.6336921450281946,0.4563632223012174,success
584,2000,8,2,4.0,3.200000000000001,0.01,0.6,7.199999999999998,4,262,33,205,0,0.6206654335160094,0.4576650528419384,success
585,2000,8,2,4.0,3.200000000000001,0.01,0.6,7.399999999999999,4,255,34,211,0,0.6030826837438793,0.4605238691983082,success
586,2000,8,2,4.0,3.200000000000001,0.01,0.6,7.599999999999999,4,249,36,215,0,0.565865080276832,0.466941147868735,success
587,2000,8,2,4.0,3.200000000000001,0.01,0.6,7.799999999999999,4,238,34,228,0,0.5588529670772218,0.46997965729896907,success
588,2000,8,2,4.0,3.200000000000001,0.01,0.6,7.999999999999998,4,238,32,230,0,0.5708907490827843,0.46671250784984103,success
589,2000,8,2,4.0,3.200000000000001,0.01,0.6,8.2,4,231,32,237,0,0.5716170251659577,0.467361795628151,success
590,2000,8,2,4.0,3.200000000000001,0.01,0.6,8.399999999999999,4,217,33,250,0,0.5440177585686611,0.46912450601926553,success
591,2000,8,2,4.0,3.200000000000001,0.01,0.6,8.599999999999998,4,214,37,249,0,0.5199914431028657,0.47084577997102983,success
592,2000,8,2,4.0,3.200000000000001,0.01,0.6,8.799999999999997,4,215,39,246,0,0.49465864494192435,0.4688834439814038,success
599,2000,8,2,4.0,3.300000000000001,0.01,0.6,1.0,4,489,11,0,0,,,success
600,2000,8,2,4.0,3.300000000000001,0.01,0.6,1.2,4,477,14,9,0,1.0,0.0,success
593,2000,8,2,4.0,3.200000000000001,0.01,0.6,8.999999999999998,4,213,39,248,0,0.4886636483735019,0.4694851054954601,success
601,2000,8,2,4.0,3.300000000000001,0.01,0.6,1.4,4,471,12,17,0,1.0,0.0,success
595,2000,8,2,4.0,3.200000000000001,0.01,0.6,9.399999999999999,4,205,46,249,0,0.450609206410069,0.4648347881115044,success
594,2000,8,2,4.0,3.200000000000001,0.01,0.6,9.199999999999998,4,216,41,243,0,0.44972611026747145,0.4626850535198106,success
602,2000,8,2,4.0,3.300000000000001,0.01,0.6,1.5999999999999999,4,468,15,17,0,0.9705882352941176,0.1212678125181665,success
603,2000,8,2,4.0,3.300000000000001,0.01,0.6,1.7999999999999998,4,468,13,19,0,0.9736842105263158,0.11470786693528087,success
596,2000,8,2,4.0,3.200000000000001,0.01,0.6,9.599999999999998,4,194,40,266,0,0.46289764981076476,0.4658004705723262,success
604,2000,8,2,4.0,3.300000000000001,0.01,0.6,1.9999999999999998,4,467,11,22,0,1.0,0.0,success
605,2000,8,2,4.0,3.300000000000001,0.01,0.6,2.1999999999999997,4,451,16,33,0,0.9898982361203567,0.05803021544714554,success
597,2000,8,2,4.0,3.200000000000001,0.01,0.6,9.799999999999997,4,194,41,265,0,0.4442470955935396,0.46115630475802954,success
606,2000,8,2,4.0,3.300000000000001,0.01,0.6,2.3999999999999995,4,439,17,44,0,0.9861619207440184,0.06444969171396017,success
598,2000,8,2,4.0,3.200000000000001,0.01,0.6,9.999999999999998,4,195,39,266,0,0.4268899550722104,0.4553047255849821,success
607,2000,8,2,4.0,3.300000000000001,0.01,0.6,2.5999999999999996,4,430,26,44,0,1.0,0.0,success
608,2000,8,2,4.0,3.300000000000001,0.01,0.6,2.8,4,429,25,46,0,0.9855049706333151,0.0694985606267687,success
609,2000,8,2,4.0,3.300000000000001,0.01,0.6,2.9999999999999996,4,430,24,46,0,0.9855050511358957,0.06949812548377894,success
610,2000,8,2,4.0,3.300000000000001,0.01,0.6,3.1999999999999993,4,411,30,59,0,0.9754243992418219,0.08277185392689317,success
611,2000,8,2,4.0,3.300000000000001,0.01,0.6,3.3999999999999995,4,396,38,66,0,0.9788673368778665,0.07784814018808617,success
612,2000,8,2,4.0,3.300000000000001,0.01,0.6,3.5999999999999996,4,380,36,84,0,0.9295321224697016,0.20758316245122535,success
613,2000,8,2,4.0,3.300000000000001,0.01,0.6,3.7999999999999994,4,381,38,81,0,0.9521901140740555,0.14981823015329704,success
614,2000,8,2,4.0,3.300000000000001,0.01,0.6,3.999999999999999,4,390,35,75,0,0.9597010825851273,0.14682347485559644,success
615,2000,8,2,4.0,3.300000000000001,0.01,0.6,4.199999999999999,4,364,40,96,0,0.9036609223812339,0.2669007207282287,success
616,2000,8,2,4.0,3.300000000000001,0.01,0.6,4.3999999999999995,4,362,40,98,0,0.8976024481618362,0.2676368098661333,success
617,2000,8,2,4.0,3.300000000000001,0.01,0.6,4.6,4,352,39,109,0,0.9283867683584969,0.2240825079780635,success
618,2000,8,2,4.0,3.300000000000001,0.01,0.6,4.799999999999999,4,349,38,113,0,0.8999198672583699,0.27642329583384895,success
619,2000,8,2,4.0,3.300000000000001,0.01,0.6,4.999999999999999,4,343,35,122,0,0.8862644621082016,0.2906116927823303,success
620,2000,8,2,4.0,3.300000000000001,0.01,0.6,5.199999999999999,4,327,40,133,0,0.8529475223460321,0.3328862261012097,success
621,2000,8,2,4.0,3.300000000000001,0.01,0.6,5.399999999999999,4,327,37,136,0,0.8434374445932553,0.34538765629360174,success
622,2000,8,2,4.0,3.300000000000001,0.01,0.6,5.599999999999999,4,309,39,152,0,0.8072780462014445,0.37367130306409263,success
623,2000,8,2,4.0,3.300000000000001,0.01,0.6,5.799999999999999,4,303,39,158,0,0.8028533048942171,0.37344592022852907,success
625,2000,8,2,4.0,3.300000000000001,0.01,0.6,6.199999999999999,4,287,40,173,0,0.7502713192087442,0.41329422127963145,success
624,2000,8,2,4.0,3.300000000000001,0.01,0.6,5.999999999999999,4,305,37,158,0,0.7982570611941381,0.37699840445508115,success
626,2000,8,2,4.0,3.300000000000001,0.01,0.6,6.399999999999999,4,280,38,182,0,0.7178615716458148,0.4297253170355936,success
627,2000,8,2,4.0,3.300000000000001,0.01,0.6,6.599999999999999,4,270,34,196,0,0.6949540965642367,0.44106592884885726,success
628,2000,8,2,4.0,3.300000000000001,0.01,0.6,6.799999999999999,4,260,30,210,0,0.6726236828928158,0.44836586955604646,success
629,2000,8,2,4.0,3.300000000000001,0.01,0.6,6.999999999999998,4,253,34,213,0,0.6328066692947963,0.4605410729168683,success
630,2000,8,2,4.0,3.300000000000001,0.01,0.6,7.199999999999998,4,255,34,211,0,0.6235626480178504,0.4610012448336986,success
631,2000,8,2,4.0,3.300000000000001,0.01,0.6,7.399999999999999,4,249,36,215,0,0.6033337203712689,0.4647905221452604,success
632,2000,8,2,4.0,3.300000000000001,0.01,0.6,7.599999999999999,4,243,38,219,0,0.5623049811360253,0.4715997952147432,success
633,2000,8,2,4.0,3.300000000000001,0.01,0.6,7.799999999999999,4,231,36,233,0,0.5562189541771794,0.47294143712360254,success
635,2000,8,2,4.0,3.300000000000001,0.01,0.6,8.2,4,224,34,242,0,0.5680027247117551,0.4698964189633235,success
634,2000,8,2,4.0,3.300000000000001,0.01,0.6,7.999999999999998,4,231,34,235,0,0.5674424922668423,0.4694643211258147,success
636,2000,8,2,4.0,3.300000000000001,0.01,0.6,8.399999999999999,4,209,35,256,0,0.5388888865511163,0.4713869646988037,success
637,2000,8,2,4.0,3.300000000000001,0.01,0.6,8.599999999999998,4,208,37,255,0,0.5161840459425385,0.4735670185895574,success
638,2000,8,2,4.0,3.300000000000001,0.01,0.6,8.799999999999997,4,208,40,252,0,0.494239582114811,0.47081452993312756,success
639,2000,8,2,4.0,3.300000000000001,0.01,0.6,8.999999999999998,4,205,39,256,0,0.4899200546700091,0.47277976488069334,success
640,2000,8,2,4.0,3.300000000000001,0.01,0.6,9.199999999999998,4,205,41,254,0,0.45724274089544104,0.46598759567508236,success
641,2000,8,2,4.0,3.300000000000001,0.01,0.6,9.399999999999999,4,196,46,258,0,0.45380209847387326,0.46742106820356755,success
642,2000,8,2,4.0,3.300000000000001,0.01,0.6,9.599999999999998,4,184,40,276,0,0.46414921946718884,0.4675023695690318,success
645,2000,8,2,4.0,3.4000000000000012,0.01,0.6,1.0,4,489,11,0,0,,,success
646,2000,8,2,4.0,3.4000000000000012,0.01,0.6,1.2,4,477,14,9,0,1.0,0.0,success
647,2000,8,2,4.0,3.4000000000000012,0.01,0.6,1.4,4,471,13,16,0,1.0,0.0,success
648,2000,8,2,4.0,3.4000000000000012,0.01,0.6,1.5999999999999999,4,468,16,16,0,0.96875,0.125,success
643,2000,8,2,4.0,3.300000000000001,0.01,0.6,9.799999999999997,4,183,41,276,0,0.4483790799653196,0.46407169053431974,success
649,2000,8,2,4.0,3.4000000000000012,0.01,0.6,1.7999999999999998,4,467,14,19,0,0.9736842105263158,0.11470786693528087,success
644,2000,8,2,4.0,3.300000000000001,0.01,0.6,9.999999999999998,4,185,39,276,0,0.4296534099063835,0.45822626014759127,success
650,2000,8,2,4.0,3.4000000000000012,0.01,0.6,1.9999999999999998,4,466,11,23,0,1.0,0.0,success
652,2000,8,2,4.0,3.4000000000000012,0.01,0.6,2.3999999999999995,4,439,17,44,0,0.9861619207440184,0.06444969171396017,success
653,2000,8,2,4.0,3.4000000000000012,0.01,0.6,2.5999999999999996,4,430,26,44,0,1.0,0.0,success
651,2000,8,2,4.0,3.4000000000000012,0.01,0.6,2.1999999999999997,4,451,16,33,0,0.9898982361203567,0.05803021544714554,success
655,2000,8,2,4.0,3.4000000000000012,0.01,0.6,2.9999999999999996,4,429,24,47,0,0.9816829723527677,0.07356343607898982,success
654,2000,8,2,4.0,3.4000000000000012,0.01,0.6,2.8,4,429,25,46,0,0.9855049706333151,0.0694985606267687,success
656,2000,8,2,4.0,3.4000000000000012,0.01,0.6,3.1999999999999993,4,410,30,60,0,0.9720806617437575,0.08605749786209739,success
657,2000,8,2,4.0,3.4000000000000012,0.01,0.6,3.3999999999999995,4,395,38,67,0,0.9752867434893374,0.08262864629447277,success
658,2000,8,2,4.0,3.4000000000000012,0.01,0.6,3.5999999999999996,4,379,36,85,0,0.9272901866741338,0.2073765113351067,success
659,2000,8,2,4.0,3.4000000000000012,0.01,0.6,3.7999999999999994,4,379,38,83,0,0.9479802189128466,0.15437712799722808,success
660,2000,8,2,4.0,3.4000000000000012,0.01,0.6,3.999999999999999,4,388,35,77,0,0.9607478383559495,0.14502224965389432,success
661,2000,8,2,4.0,3.4000000000000012,0.01,0.6,4.199999999999999,4,363,40,97,0,0.9048181294501305,0.26558864123318093,success
662,2000,8,2,4.0,3.4000000000000012,0.01,0.6,4.3999999999999995,4,359,42,99,0,0.896458646881841,0.26651091717462777,success
663,2000,8,2,4.0,3.4000000000000012,0.01,0.6,4.6,4,350,40,110,0,0.92800741528513,0.2236155570971773,success
664,2000,8,2,4.0,3.4000000000000012,0.01,0.6,4.799999999999999,4,347,39,114,0,0.8998035344779292,0.27561318560033193,success
665,2000,8,2,4.0,3.4000000000000012,0.01,0.6,4.999999999999999,4,339,36,125,0,0.8801401314014261,0.2978321738179837,success
666,2000,8,2,4.0,3.4000000000000012,0.01,0.6,5.199999999999999,4,324,41,135,0,0.8540482696815483,0.3310335263400943,success
667,2000,8,2,4.0,3.4000000000000012,0.01,0.6,5.399999999999999,4,323,39,138,0,0.8446735732318772,0.34351553925711986,success
668,2000,8,2,4.0,3.4000000000000012,0.01,0.6,5.599999999999999,4,306,41,153,0,0.8127425651698239,0.37252839645559077,success
669,2000,8,2,4.0,3.4000000000000012,0.01,0.6,5.799999999999999,4,300,41,159,0,0.8081394441613194,0.37241135635540307,success
670,2000,8,2,4.0,3.4000000000000012,0.01,0.6,5.999999999999999,4,300,39,161,0,0.8014838419019593,0.3736686101445644,success
671,2000,8,2,4.0,3.4000000000000012,0.01,0.6,6.199999999999999,4,282,42,176,0,0.7541653495852656,0.41024927503491415,success
672,2000,8,2,4.0,3.4000000000000012,0.01,0.6,6.399999999999999,4,275,39,186,0,0.7158636483093501,0.42810587834093305,success
673,2000,8,2,4.0,3.4000000000000012,0.01,0.6,6.599999999999999,4,264,35,201,0,0.6975713547797874,0.4394618862455958,success
674,2000,8,2,4.0,3.4000000000000012,0.01,0.6,6.799999999999999,4,253,31,216,0,0.6771264040526532,0.4466360365795051,success
675,2000,8,2,4.0,3.4000000000000012,0.01,0.6,6.999999999999998,4,245,34,221,0,0.6414607232041055,0.4579806053163035,success
676,2000,8,2,4.0,3.4000000000000012,0.01,0.6,7.199999999999998,4,246,35,219,0,0.6281875765778825,0.4597929236335578,success
677,2000,8,2,4.0,3.4000000000000012,0.01,0.6,7.399999999999999,4,242,37,221,0,0.6076649751959953,0.4625888627174605,success
678,2000,8,2,4.0,3.4000000000000012,0.01,0.6,7.599999999999999,4,235,39,226,0,0.5667835151933324,0.4709440789935192,success
679,2000,8,2,4.0,3.4000000000000012,0.01,0.6,7.799999999999999,4,223,39,238,0,0.5567255928201233,0.47232111389964726,success
680,2000,8,2,4.0,3.4000000000000012,0.01,0.6,7.999999999999998,4,223,36,241,0,0.5708135343872877,0.46975057868760506,success
681,2000,8,2,4.0,3.4000000000000012,0.01,0.6,8.2,4,217,36,247,0,0.5700289527261054,0.47070432544556823,success
682,2000,8,2,4.0,3.4000000000000012,0.01,0.6,8.399999999999999,4,203,36,261,0,0.5447394916748604,0.47151797912327775,success
684,2000,8,2,4.0,3.4000000000000012,0.01,0.6,8.799999999999997,4,201,42,257,0,0.49695309180955016,0.4714385201487044,success
691,2000,8,2,4.0,3.5000000000000013,0.01,0.6,1.0,4,489,11,0,0,,,success
683,2000,8,2,4.0,3.4000000000000012,0.01,0.6,8.599999999999998,4,203,39,258,0,0.5186140226927372,0.4738621434031454,success
692,2000,8,2,4.0,3.5000000000000013,0.01,0.6,1.2,4,477,14,9,0,1.0,0.0,success
685,2000,8,2,4.0,3.4000000000000012,0.01,0.6,8.999999999999998,4,199,42,259,0,0.4901829124714253,0.47430362358740125,success
693,2000,8,2,4.0,3.5000000000000013,0.01,0.6,1.4,4,471,13,16,0,1.0,0.0,success
686,2000,8,2,4.0,3.4000000000000012,0.01,0.6,9.199999999999998,4,198,42,260,0,0.46341597616389746,0.4678733153882547,success
687,2000,8,2,4.0,3.4000000000000012,0.01,0.6,9.399999999999999,4,189,47,264,0,0.4595501345015794,0.468833135467402,success
694,2000,8,2,4.0,3.5000000000000013,0.01,0.6,1.5999999999999999,4,468,16,16,0,0.96875,0.125,success
695,2000,8,2,4.0,3.5000000000000013,0.01,0.6,1.7999999999999998,4,467,14,19,0,0.9736842105263158,0.11470786693528087,success
696,2000,8,2,4.0,3.5000000000000013,0.01,0.6,1.9999999999999998,4,466,12,22,0,1.0,0.0,success
688,2000,8,2,4.0,3.4000000000000012,0.01,0.6,9.599999999999998,4,178,41,281,0,0.46703745552211945,0.4681177149074911,success
697,2000,8,2,4.0,3.5000000000000013,0.01,0.6,2.1999999999999997,4,450,17,33,0,0.9898982361203567,0.05803021544714554,success
689,2000,8,2,4.0,3.4000000000000012,0.01,0.6,9.799999999999997,4,174,42,284,0,0.45740622815072823,0.46583960966576604,success
690,2000,8,2,4.0,3.4000000000000012,0.01,0.6,9.999999999999998,4,178,41,281,0,0.43333065598195203,0.45941437054248513,success
698,2000,8,2,4.0,3.5000000000000013,0.01,0.6,2.3999999999999995,4,438,18,44,0,0.9861619207440184,0.06444969171396017,success
699,2000,8,2,4.0,3.5000000000000013,0.01,0.6,2.5999999999999996,4,430,26,44,0,1.0,0.0,success
700,2000,8,2,4.0,3.5000000000000013,0.01,0.6,2.8,4,429,25,46,0,0.9855049706333151,0.0694985606267687,success
701,2000,8,2,4.0,3.5000000000000013,0.01,0.6,2.9999999999999996,4,429,24,47,0,0.9816829723527677,0.07356343607898982,success
702,2000,8,2,4.0,3.5000000000000013,0.01,0.6,3.1999999999999993,4,410,30,60,0,0.9720806617437575,0.08605749786209739,success
703,2000,8,2,4.0,3.5000000000000013,0.01,0.6,3.3999999999999995,4,395,38,67,0,0.9752867434893374,0.08262864629447277,success
704,2000,8,2,4.0,3.5000000000000013,0.01,0.6,3.5999999999999996,4,378,38,84,0,0.9264245936583494,0.2084674951414351,success
705,2000,8,2,4.0,3.5000000000000013,0.01,0.6,3.7999999999999994,4,378,40,82,0,0.9473458313386129,0.15521825926954394,success
706,2000,8,2,4.0,3.5000000000000013,0.01,0.6,3.999999999999999,4,386,38,76,0,0.9602313625448433,0.14591456016037407,success
707,2000,8,2,4.0,3.5000000000000013,0.01,0.6,4.199999999999999,4,360,44,96,0,0.8950939141306821,0.2819286204620407,success
708,2000,8,2,4.0,3.5000000000000013,0.01,0.6,4.3999999999999995,4,356,45,99,0,0.8917986940278081,0.28001752455689766,success
709,2000,8,2,4.0,3.5000000000000013,0.01,0.6,4.6,4,347,43,110,0,0.9314802104448386,0.22171504285659321,success
710,2000,8,2,4.0,3.5000000000000013,0.01,0.6,4.799999999999999,4,344,41,115,0,0.9056601513455679,0.2734162032164388,success
711,2000,8,2,4.0,3.5000000000000013,0.01,0.6,4.999999999999999,4,336,39,125,0,0.8857379751485805,0.29670558175076467,success
712,2000,8,2,4.0,3.5000000000000013,0.01,0.6,5.199999999999999,4,320,43,137,0,0.8612864735430898,0.32850989897490496,success
713,2000,8,2,4.0,3.5000000000000013,0.01,0.6,5.399999999999999,4,320,42,138,0,0.8497440838724156,0.3431641994647604,success
714,2000,8,2,4.0,3.5000000000000013,0.01,0.6,5.599999999999999,4,304,45,151,0,0.8165726326924967,0.3747773134883296,success
715,2000,8,2,4.0,3.5000000000000013,0.01,0.6,5.799999999999999,4,297,45,158,0,0.8086165511703857,0.3785649844304633,success
716,2000,8,2,4.0,3.5000000000000013,0.01,0.6,5.999999999999999,4,296,42,162,0,0.7982148365753388,0.3829527882864748,success
717,2000,8,2,4.0,3.5000000000000013,0.01,0.6,6.199999999999999,4,276,44,180,0,0.7480130055387059,0.4179569869019019,success
718,2000,8,2,4.0,3.5000000000000013,0.01,0.6,6.399999999999999,4,271,41,188,0,0.7186072181253628,0.4305556746987111,success
719,2000,8,2,4.0,3.5000000000000013,0.01,0.6,6.599999999999999,4,260,38,202,0,0.6987582493942929,0.4423573294019678,success
720,2000,8,2,4.0,3.5000000000000013,0.01,0.6,6.799999999999999,4,249,35,216,0,0.6769623387513742,0.44985811866763226,success
721,2000,8,2,4.0,3.5000000000000013,0.01,0.6,6.999999999999998,4,241,38,221,0,0.6380200276981927,0.4629599864079461,success
722,2000,8,2,4.0,3.5000000000000013,0.01,0.6,7.199999999999998,4,242,38,220,0,0.6309204386068304,0.4629350848490159,success
723,2000,8,2,4.0,3.5000000000000013,0.01,0.6,7.399999999999999,4,236,40,224,0,0.6139642290643097,0.46521330246583475,success
724,2000,8,2,4.0,3.5000000000000013,0.01,0.6,7.599999999999999,4,229,40,231,0,0.5803125317100096,0.472007550348896,success
725,2000,8,2,4.0,3.5000000000000013,0.01,0.6,7.799999999999999,4,218,41,241,0,0.5695749706047983,0.4728856391911108,success
726,2000,8,2,4.0,3.5000000000000013,0.01,0.6,7.999999999999998,4,218,38,244,0,0.5791330611732656,0.47079596997829964,success
727,2000,8,2,4.0,3.5000000000000013,0.01,0.6,8.2,4,210,39,251,0,0.5727813348503056,0.4717637741180747,success
729,2000,8,2,4.0,3.5000000000000013,0.01,0.6,8.599999999999998,4,195,40,265,0,0.5242484744677736,0.4759762718567185,success
728,2000,8,2,4.0,3.5000000000000013,0.01,0.6,8.399999999999999,4,195,36,269,0,0.5514726681336842,0.47329536580901926,success
730,2000,8,2,4.0,3.5000000000000013,0.01,0.6,8.799999999999997,4,194,42,264,0,0.5070132361850228,0.4739550772199839,success
731,2000,8,2,4.0,3.5000000000000013,0.01,0.6,8.999999999999998,4,193,42,265,0,0.4979779026584123,0.47601835242228635,success
732,2000,8,2,4.0,3.5000000000000013,0.01,0.6,9.199999999999998,4,192,43,265,0,0.47010999430688194,0.4703637409004504,success
733,2000,8,2,4.0,3.5000000000000013,0.01,0.6,9.399999999999999,4,183,48,269,0,0.466110160420765,0.47167844820551097,success
734,2000,8,2,4.0,3.5000000000000013,0.01,0.6,9.599999999999998,4,175,42,283,0,0.46724813005212756,0.46966264049059364,success
735,2000,8,2,4.0,3.5000000000000013,0.01,0.6,9.799999999999997,4,168,45,287,0,0.46040022909161876,0.4684409231233469,success
736,2000,8,2,4.0,3.5000000000000013,0.01,0.6,9.999999999999998,4,173,44,283,0,0.43273780821528196,0.46115874999789785,success
737,2000,8,2,4.0,3.6000000000000014,0.01,0.6,1.0,4,489,11,0,0,,,success
738,2000,8,2,4.0,3.6000000000000014,0.01,0.6,1.2,4,477,14,9,0,1.0,0.0,success
739,2000,8,2,4.0,3.6000000000000014,0.01,0.6,1.4,4,471,13,16,0,1.0,0.0,success
741,2000,8,2,4.0,3.6000000000000014,0.01,0.6,1.7999999999999998,4,467,14,19,0,0.9736842105263158,0.11470786693528087,success
740,2000,8,2,4.0,3.6000000000000014,0.01,0.6,1.5999999999999999,4,468,16,16,0,0.96875,0.125,success
742,2000,8,2,4.0,3.6000000000000014,0.01,0.6,1.9999999999999998,4,465,13,22,0,1.0,0.0,success
743,2000,8,2,4.0,3.6000000000000014,0.01,0.6,2.1999999999999997,4,449,18,33,0,0.9898982361203567,0.05803021544714554,success
745,2000,8,2,4.0,3.6000000000000014,0.01,0.6,2.5999999999999996,4,429,27,44,0,1.0,0.0,success
744,2000,8,2,4.0,3.6000000000000014,0.01,0.6,2.3999999999999995,4,437,19,44,0,0.9861619207440184,0.06444969171396017,success
746,2000,8,2,4.0,3.6000000000000014,0.01,0.6,2.8,4,428,27,45,0,0.985182858869611,0.0702491462125169,success
747,2000,8,2,4.0,3.6000000000000014,0.01,0.6,2.9999999999999996,4,427,26,47,0,0.9816829723527677,0.07356343607898982,success
748,2000,8,2,4.0,3.6000000000000014,0.01,0.6,3.1999999999999993,4,409,30,61,0,0.96957367333567,0.08755481616044251,success
749,2000,8,2,4.0,3.6000000000000014,0.01,0.6,3.3999999999999995,4,394,38,68,0,0.9729906791564121,0.08416697857040274,success
750,2000,8,2,4.0,3.6000000000000014,0.01,0.6,3.5999999999999996,4,377,39,84,0,0.9242716694779973,0.20863226499698137,success
752,2000,8,2,4.0,3.6000000000000014,0.01,0.6,3.999999999999999,4,383,38,79,0,0.9584810169287309,0.1459593993817116,success
751,2000,8,2,4.0,3.6000000000000014,0.01,0.6,3.7999999999999994,4,377,40,83,0,0.948754668200091,0.15355562789366423,success
753,2000,8,2,4.0,3.6000000000000014,0.01,0.6,4.199999999999999,4,357,44,99,0,0.894626688664132,0.2795754245549197,success
755,2000,8,2,4.0,3.6000000000000014,0.01,0.6,4.6,4,344,43,113,0,0.9301048634525293,0.2210825825940576,success
754,2000,8,2,4.0,3.6000000000000014,0.01,0.6,4.3999999999999995,4,351,45,104,0,0.8839624724034287,0.2886965232784285,success
756,2000,8,2,4.0,3.6000000000000014,0.01,0.6,4.799999999999999,4,340,41,119,0,0.9028957438568751,0.27178354899971213,success
757,2000,8,2,4.0,3.6000000000000014,0.01,0.6,4.999999999999999,4,332,39,129,0,0.88251295951544,0.29652585671157183,success
758,2000,8,2,4.0,3.6000000000000014,0.01,0.6,5.199999999999999,4,314,43,143,0,0.8541830192959617,0.3326190269970407,success
759,2000,8,2,4.0,3.6000000000000014,0.01,0.6,5.399999999999999,4,315,42,143,0,0.8417496514486541,0.34751585774522614,success
760,2000,8,2,4.0,3.6000000000000014,0.01,0.6,5.599999999999999,4,300,44,156,0,0.8101557854607663,0.37667893055173335,success
761,2000,8,2,4.0,3.6000000000000014,0.01,0.6,5.799999999999999,4,291,44,165,0,0.8000434633409454,0.38314811250442754,success
762,2000,8,2,4.0,3.6000000000000014,0.01,0.6,5.999999999999999,4,289,43,168,0,0.7896344994616461,0.38811648842397045,success
763,2000,8,2,4.0,3.6000000000000014,0.01,0.6,6.199999999999999,4,270,45,185,0,0.7404520293299689,0.4211101238551991,success
764,2000,8,2,4.0,3.6000000000000014,0.01,0.6,6.399999999999999,4,265,41,194,0,0.7137077829318206,0.4321775536133626,success
765,2000,8,2,4.0,3.6000000000000014,0.01,0.6,6.599999999999999,4,254,38,208,0,0.6862267408855177,0.4473380567946554,success
766,2000,8,2,4.0,3.6000000000000014,0.01,0.6,6.799999999999999,4,242,35,223,0,0.6676563894653905,0.453360958275384,success
767,2000,8,2,4.0,3.6000000000000014,0.01,0.6,6.999999999999998,4,236,38,226,0,0.6311256712596326,0.4645502827171735,success
768,2000,8,2,4.0,3.6000000000000014,0.01,0.6,7.199999999999998,4,237,38,225,0,0.6240475180833344,0.4645580351191226,success
769,2000,8,2,4.0,3.6000000000000014,0.01,0.6,7.399999999999999,4,231,40,229,0,0.6076483756746245,0.4664327929735452,success
770,2000,8,2,4.0,3.6000000000000014,0.01,0.6,7.599999999999999,4,224,40,236,0,0.574594702835365,0.47285825196938497,success
771,2000,8,2,4.0,3.6000000000000014,0.01,0.6,7.799999999999999,4,214,42,244,0,0.5605166263854555,0.4731729356821239,success
772,2000,8,2,4.0,3.6000000000000014,0.01,0.6,7.999999999999998,4,213,39,248,0,0.5697451302780699,0.4730964915378661,success
773,2000,8,2,4.0,3.6000000000000014,0.01,0.6,8.2,4,205,40,255,0,0.5635190859146606,0.47351125310769415,success
774,2000,8,2,4.0,3.6000000000000014,0.01,0.6,8.399999999999999,4,191,38,271,0,0.5398476204491723,0.4749073920438289,success
775,2000,8,2,4.0,3.6000000000000014,0.01,0.6,8.599999999999998,4,189,41,270,0,0.5175322861746232,0.47675520753341044,success
776,2000,8,2,4.0,3.6000000000000014,0.01,0.6,8.799999999999997,4,190,44,266,0,0.49521217108008986,0.47437288940617967,success
783,2000,8,2,4.0,3.7000000000000015,0.01,0.6,1.0,4,489,11,0,0,,,success
777,2000,8,2,4.0,3.6000000000000014,0.01,0.6,8.999999999999998,4,186,44,270,0,0.4883376582779282,0.47597557621271336,success
784,2000,8,2,4.0,3.7000000000000015,0.01,0.6,1.2,4,477,14,9,0,1.0,0.0,success
778,2000,8,2,4.0,3.6000000000000014,0.01,0.6,9.199999999999998,4,185,45,270,0,0.46076980648256627,0.4698182415784171,success
779,2000,8,2,4.0,3.6000000000000014,0.01,0.6,9.399999999999999,4,178,50,272,0,0.45405657181502845,0.4705909087868746,success
785,2000,8,2,4.0,3.7000000000000015,0.01,0.6,1.4,4,471,13,16,0,1.0,0.0,success
786,2000,8,2,4.0,3.7000000000000015,0.01,0.6,1.5999999999999999,4,468,16,16,0,1.0,0.0,success
787,2000,8,2,4.0,3.7000000000000015,0.01,0.6,1.7999999999999998,4,467,14,19,0,1.0,0.0,success
780,2000,8,2,4.0,3.6000000000000014,0.01,0.6,9.599999999999998,4,169,44,287,0,0.4576369068158676,0.469675263788194,success
788,2000,8,2,4.0,3.7000000000000015,0.01,0.6,1.9999999999999998,4,465,13,22,0,1.0,0.0,success
781,2000,8,2,4.0,3.6000000000000014,0.01,0.6,9.799999999999997,4,164,49,287,0,0.44426059990246747,0.4673628474495062,success
790,2000,8,2,4.0,3.7000000000000015,0.01,0.6,2.3999999999999995,4,437,19,44,0,0.9861619207440184,0.06444969171396017,success
789,2000,8,2,4.0,3.7000000000000015,0.01,0.6,2.1999999999999997,4,449,18,33,0,0.9898982361203567,0.05803021544714554,success
782,2000,8,2,4.0,3.6000000000000014,0.01,0.6,9.999999999999998,4,166,49,285,0,0.4209023771475364,0.4596550933803506,success
791,2000,8,2,4.0,3.7000000000000015,0.01,0.6,2.5999999999999996,4,429,28,43,0,1.0,0.0,success
792,2000,8,2,4.0,3.7000000000000015,0.01,0.6,2.8,4,428,28,44,0,0.9848461056621022,0.07102455103314527,success
793,2000,8,2,4.0,3.7000000000000015,0.01,0.6,2.9999999999999996,4,427,26,47,0,0.9898103774947088,0.0497618186448861,success
794,2000,8,2,4.0,3.7000000000000015,0.01,0.6,3.1999999999999993,4,409,30,61,0,0.9758357723794607,0.07470930608236812,success
795,2000,8,2,4.0,3.7000000000000015,0.01,0.6,3.3999999999999995,4,394,38,68,0,0.9786081503574595,0.07198747644200432,success
796,2000,8,2,4.0,3.7000000000000015,0.01,0.6,3.5999999999999996,4,377,39,84,0,0.9288191461645596,0.20602312168378012,success
797,2000,8,2,4.0,3.7000000000000015,0.01,0.6,3.7999999999999994,4,377,40,83,0,0.9533569337623949,0.14918405982290012,success
798,2000,8,2,4.0,3.7000000000000015,0.01,0.6,3.999999999999999,4,382,38,80,0,0.963774854738012,0.13993714246409894,success
799,2000,8,2,4.0,3.7000000000000015,0.01,0.6,4.199999999999999,4,356,45,99,0,0.8999331279574121,0.2785050922378884,success
800,2000,8,2,4.0,3.7000000000000015,0.01,0.6,4.3999999999999995,4,350,47,103,0,0.887761203555924,0.28936769843740034,success
801,2000,8,2,4.0,3.7000000000000015,0.01,0.6,4.6,4,343,44,113,0,0.934803375111717,0.21922024402817059,success
802,2000,8,2,4.0,3.7000000000000015,0.01,0.6,4.799999999999999,4,339,42,119,0,0.9074428599635546,0.27071181330161165,success
803,2000,8,2,4.0,3.7000000000000015,0.01,0.6,4.999999999999999,4,331,40,129,0,0.8877523780783299,0.2940506233530247,success
804,2000,8,2,4.0,3.7000000000000015,0.01,0.6,5.199999999999999,4,313,44,143,0,0.859025154697378,0.3309671311249547,success
805,2000,8,2,4.0,3.7000000000000015,0.01,0.6,5.399999999999999,4,313,43,144,0,0.8464894160959512,0.3449365336077705,success
806,2000,8,2,4.0,3.7000000000000015,0.01,0.6,5.599999999999999,4,297,45,158,0,0.8158900407064598,0.3737856203288405,success
807,2000,8,2,4.0,3.7000000000000015,0.01,0.6,5.799999999999999,4,288,44,168,0,0.8067575393444129,0.3796787659844757,success
808,2000,8,2,4.0,3.7000000000000015,0.01,0.6,5.999999999999999,4,286,43,171,0,0.7964092635541322,0.38484554136932947,success
809,2000,8,2,4.0,3.7000000000000015,0.01,0.6,6.199999999999999,4,267,45,188,0,0.7474684969224779,0.4186131212294854,success
810,2000,8,2,4.0,3.7000000000000015,0.01,0.6,6.399999999999999,4,262,41,197,0,0.7208258076299043,0.4301074596004185,success
812,2000,8,2,4.0,3.7000000000000015,0.01,0.6,6.799999999999999,4,240,36,224,0,0.6723600106106112,0.45340509919886157,success
811,2000,8,2,4.0,3.7000000000000015,0.01,0.6,6.599999999999999,4,252,38,210,0,0.6911101932886509,0.44582913787554773,success
814,2000,8,2,4.0,3.7000000000000015,0.01,0.6,7.199999999999998,4,235,38,227,0,0.6219202836924581,0.46725886995939336,success
813,2000,8,2,4.0,3.7000000000000015,0.01,0.6,6.999999999999998,4,234,39,227,0,0.6270865135495745,0.46748913881207665,success
815,2000,8,2,4.0,3.7000000000000015,0.01,0.6,7.399999999999999,4,229,40,231,0,0.6053533604322225,0.46873159501899486,success
817,2000,8,2,4.0,3.7000000000000015,0.01,0.6,7.799999999999999,4,211,42,247,0,0.5604977212227426,0.4749031663139491,success
816,2000,8,2,4.0,3.7000000000000015,0.01,0.6,7.599999999999999,4,221,40,239,0,0.5746776120566067,0.4747867014271072,success
818,2000,8,2,4.0,3.7000000000000015,0.01,0.6,7.999999999999998,4,209,39,252,0,0.5715860777037355,0.47477822302136413,success
819,2000,8,2,4.0,3.7000000000000015,0.01,0.6,8.2,4,201,41,258,0,0.563605118714523,0.4752418910328327,success
820,2000,8,2,4.0,3.7000000000000015,0.01,0.6,8.399999999999999,4,186,38,276,0,0.5440611051491548,0.47683170414001497,success
821,2000,8,2,4.0,3.7000000000000015,0.01,0.6,8.599999999999998,4,183,41,276,0,0.5233816622657353,0.4780402656336521,success
822,2000,8,2,4.0,3.7000000000000015,0.01,0.6,8.799999999999997,4,184,44,272,0,0.5017462519355419,0.4762618366823537,success
823,2000,8,2,4.0,3.7000000000000015,0.01,0.6,8.999999999999998,4,180,44,276,0,0.49507993235267056,0.4780065185609085,success
824,2000,8,2,4.0,3.7000000000000015,0.01,0.6,9.199999999999998,4,180,46,274,0,0.46088614918658494,0.47169384640744816,success
829,2000,8,2,4.0,3.8000000000000016,0.01,0.6,1.0,4,489,11,0,0,,,success
825,2000,8,2,4.0,3.7000000000000015,0.01,0.6,9.399999999999999,4,172,52,276,0,0.4540966024071036,0.4722992467030632,success
826,2000,8,2,4.0,3.7000000000000015,0.01,0.6,9.599999999999998,4,165,46,289,0,0.4538386144275095,0.4707507442184729,success
830,2000,8,2,4.0,3.8000000000000016,0.01,0.6,1.2,4,477,14,9,0,1.0,0.0,success
827,2000,8,2,4.0,3.7000000000000015,0.01,0.6,9.799999999999997,4,161,52,287,0,0.4403719542004376,0.4686651818253486,success
828,2000,8,2,4.0,3.7000000000000015,0.01,0.6,9.999999999999998,4,164,53,283,0,0.4162790144547025,0.4601212492305259,success
831,2000,8,2,4.0,3.8000000000000016,0.01,0.6,1.4,4,471,13,16,0,1.0,0.0,success
832,2000,8,2,4.0,3.8000000000000016,0.01,0.6,1.5999999999999999,4,468,16,16,0,1.0,0.0,success
833,2000,8,2,4.0,3.8000000000000016,0.01,0.6,1.7999999999999998,4,466,14,20,0,1.0,0.0,success
834,2000,8,2,4.0,3.8000000000000016,0.01,0.6,1.9999999999999998,4,464,13,23,0,1.0,0.0,success
835,2000,8,2,4.0,3.8000000000000016,0.01,0.6,2.1999999999999997,4,449,19,32,0,0.9895825559991179,0.05892996236523866,success
836,2000,8,2,4.0,3.8000000000000016,0.01,0.6,2.3999999999999995,4,437,20,43,0,0.9858401049473676,0.06517665610021864,success
837,2000,8,2,4.0,3.8000000000000016,0.01,0.6,2.5999999999999996,4,428,28,44,0,1.0,0.0,success
838,2000,8,2,4.0,3.8000000000000016,0.01,0.6,2.8,4,427,28,45,0,0.985182858869611,0.0702491462125169,success
839,2000,8,2,4.0,3.8000000000000016,0.01,0.6,2.9999999999999996,4,426,26,48,0,0.9900226612969023,0.049251555905422385,success
840,2000,8,2,4.0,3.8000000000000016,0.01,0.6,3.1999999999999993,4,408,31,61,0,0.9758357723794607,0.07470930608236812,success
841,2000,8,2,4.0,3.8000000000000016,0.01,0.6,3.3999999999999995,4,393,41,66,0,0.9806999328304561,0.07027819933968137,success
842,2000,8,2,4.0,3.8000000000000016,0.01,0.6,3.5999999999999996,4,376,41,83,0,0.930140356871396,0.20691722175684474,success
843,2000,8,2,4.0,3.8000000000000016,0.01,0.6,3.7999999999999994,4,376,43,81,0,0.9544378622812548,0.15019583341115833,success
844,2000,8,2,4.0,3.8000000000000016,0.01,0.6,3.999999999999999,4,379,41,80,0,0.963774854738012,0.13993714246409894,success
845,2000,8,2,4.0,3.8000000000000016,0.01,0.6,4.199999999999999,4,353,49,98,0,0.8989120374263653,0.2797506789692193,success
846,2000,8,2,4.0,3.8000000000000016,0.01,0.6,4.3999999999999995,4,347,50,103,0,0.887761203555924,0.28936769843740034,success
847,2000,8,2,4.0,3.8000000000000016,0.01,0.6,4.6,4,338,46,116,0,0.9279119085140003,0.23312560771552873,success
848,2000,8,2,4.0,3.8000000000000016,0.01,0.6,4.799999999999999,4,335,45,120,0,0.8999225027971914,0.2818789440756848,success
849,2000,8,2,4.0,3.8000000000000016,0.01,0.6,4.999999999999999,4,328,42,130,0,0.8894000426575918,0.2932358697036452,success
850,2000,8,2,4.0,3.8000000000000016,0.01,0.6,5.199999999999999,4,307,45,148,0,0.8626589822222211,0.32610664045594073,success
851,2000,8,2,4.0,3.8000000000000016,0.01,0.6,5.399999999999999,4,306,44,150,0,0.8526298394521131,0.3392653989072113,success
852,2000,8,2,4.0,3.8000000000000016,0.01,0.6,5.599999999999999,4,292,46,162,0,0.820435965627288,0.3702240502830056,success
853,2000,8,2,4.0,3.8000000000000016,0.01,0.6,5.799999999999999,4,283,44,173,0,0.8123425815598923,0.3755257021999351,success
854,2000,8,2,4.0,3.8000000000000016,0.01,0.6,5.999999999999999,4,281,43,176,0,0.8044120462896803,0.3808299969433721,success
855,2000,8,2,4.0,3.8000000000000016,0.01,0.6,6.199999999999999,4,261,46,193,0,0.7553744461717055,0.41513653152803387,success
856,2000,8,2,4.0,3.8000000000000016,0.01,0.6,6.399999999999999,4,256,42,202,0,0.7285827742942051,0.42671063133348475,success
857,2000,8,2,4.0,3.8000000000000016,0.01,0.6,6.599999999999999,4,246,39,215,0,0.6990987616256604,0.4428936700342381,success
858,2000,8,2,4.0,3.8000000000000016,0.01,0.6,6.799999999999999,4,233,37,230,0,0.6818339240202088,0.45062971573569943,success
859,2000,8,2,4.0,3.8000000000000016,0.01,0.6,6.999999999999998,4,228,42,230,0,0.635763745172936,0.468178808581274,success
860,2000,8,2,4.0,3.8000000000000016,0.01,0.6,7.199999999999998,4,228,39,233,0,0.634183439955221,0.46599818744695815,success
861,2000,8,2,4.0,3.8000000000000016,0.01,0.6,7.399999999999999,4,224,45,231,0,0.6093527673131165,0.47093712025032264,success
862,2000,8,2,4.0,3.8000000000000016,0.01,0.6,7.599999999999999,4,215,44,241,0,0.5776121376754441,0.47713413667021387,success
863,2000,8,2,4.0,3.8000000000000016,0.01,0.6,7.799999999999999,4,206,46,248,0,0.55861926109393,0.47858415577295976,success
864,2000,8,2,4.0,3.8000000000000016,0.01,0.6,7.999999999999998,4,202,41,257,0,0.5789744664906392,0.47607196420032255,success
865,2000,8,2,4.0,3.8000000000000016,0.01,0.6,8.2,4,197,42,261,0,0.5676325781011494,0.47688875562636446,success
866,2000,8,2,4.0,3.8000000000000016,0.01,0.6,8.399999999999999,4,181,41,278,0,0.5422462056283051,0.4781867223817046,success
867,2000,8,2,4.0,3.8000000000000016,0.01,0.6,8.599999999999998,4,176,43,281,0,0.5264471453195295,0.478725035673156,success
868,2000,8,2,4.0,3.8000000000000016,0.01,0.6,8.799999999999997,4,176,47,277,0,0.5055806170739695,0.4778389004053291,success
869,2000,8,2,4.0,3.8000000000000016,0.01,0.6,8.999999999999998,4,170,46,284,0,0.5006700121935139,0.47962686499726975,success
875,2000,8,2,4.0,3.9000000000000017,0.01,0.6,1.0,4,489,11,0,0,,,success
870,2000,8,2,4.0,3.8000000000000016,0.01,0.6,9.199999999999998,4,169,48,283,0,0.4700803077376504,0.4742857799060601,success
871,2000,8,2,4.0,3.8000000000000016,0.01,0.6,9.399999999999999,4,161,53,286,0,0.46229231853084507,0.47462552207251824,success
877,2000,8,2,4.0,3.9000000000000017,0.01,0.6,1.4,4,471,13,16,0,1.0,0.0,success
876,2000,8,2,4.0,3.9000000000000017,0.01,0.6,1.2,4,477,14,9,0,1.0,0.0,success
872,2000,8,2,4.0,3.8000000000000016,0.01,0.6,9.599999999999998,4,154,48,298,0,0.4599593883557721,0.4728634524930884,success
873,2000,8,2,4.0,3.8000000000000016,0.01,0.6,9.799999999999997,4,150,55,295,0,0.4454646809600796,0.46992173649562685,success
878,2000,8,2,4.0,3.9000000000000017,0.01,0.6,1.5999999999999999,4,468,16,16,0,1.0,0.0,success
879,2000,8,2,4.0,3.9000000000000017,0.01,0.6,1.7999999999999998,4,466,15,19,0,1.0,0.0,success
880,2000,8,2,4.0,3.9000000000000017,0.01,0.6,1.9999999999999998,4,464,14,22,0,1.0,0.0,success
881,2000,8,2,4.0,3.9000000000000017,0.01,0.6,2.1999999999999997,4,449,21,30,0,0.9888880597323925,0.06086260342218645,success
874,2000,8,2,4.0,3.8000000000000016,0.01,0.6,9.999999999999998,4,155,55,290,0,0.4232072895706683,0.4632021752085035,success
882,2000,8,2,4.0,3.9000000000000017,0.01,0.6,2.3999999999999995,4,436,23,41,0,0.9851493783594344,0.06670743709086445,success
883,2000,8,2,4.0,3.9000000000000017,0.01,0.6,2.5999999999999996,4,426,30,44,0,1.0,0.0,success
884,2000,8,2,4.0,3.9000000000000017,0.01,0.6,2.8,4,424,32,44,0,0.9935277362255097,0.04293214096838739,success
885,2000,8,2,4.0,3.9000000000000017,0.01,0.6,2.9999999999999996,4,420,32,48,0,0.9900226612969023,0.049251555905422385,success
886,2000,8,2,4.0,3.9000000000000017,0.01,0.6,3.1999999999999993,4,402,38,60,0,0.9784471291049447,0.07247800504113719,success
887,2000,8,2,4.0,3.9000000000000017,0.01,0.6,3.3999999999999995,4,388,48,64,0,0.9857483665407302,0.06512610115800531,success
888,2000,8,2,4.0,3.9000000000000017,0.01,0.6,3.5999999999999996,4,371,47,82,0,0.9344831980480443,0.20701004036743537,success
889,2000,8,2,4.0,3.9000000000000017,0.01,0.6,3.7999999999999994,4,367,46,87,0,0.9596587640911632,0.14461502121787523,success
890,2000,8,2,4.0,3.9000000000000017,0.01,0.6,3.999999999999999,4,371,44,85,0,0.9721775161684036,0.13044814980793196,success
891,2000,8,2,4.0,3.9000000000000017,0.01,0.6,4.199999999999999,4,346,52,102,0,0.9115835001995966,0.27258173721810236,success
892,2000,8,2,4.0,3.9000000000000017,0.01,0.6,4.3999999999999995,4,340,52,108,0,0.9011809381373632,0.28173029659318033,success
893,2000,8,2,4.0,3.9000000000000017,0.01,0.6,4.6,4,330,48,122,0,0.9383600237923716,0.2248845760187545,success
894,2000,8,2,4.0,3.9000000000000017,0.01,0.6,4.799999999999999,4,326,48,126,0,0.9106494181180648,0.2732409894646583,success
895,2000,8,2,4.0,3.9000000000000017,0.01,0.6,4.999999999999999,4,319,44,137,0,0.9005697649602249,0.2844814156010229,success
896,2000,8,2,4.0,3.9000000000000017,0.01,0.6,5.199999999999999,4,299,47,154,0,0.8727277423282835,0.3195801015008742,success
897,2000,8,2,4.0,3.9000000000000017,0.01,0.6,5.399999999999999,4,298,47,155,0,0.8556251530943911,0.34057189341259286,success
898,2000,8,2,4.0,3.9000000000000017,0.01,0.6,5.599999999999999,4,284,49,167,0,0.8246637335435267,0.37089245250338,success
899,2000,8,2,4.0,3.9000000000000017,0.01,0.6,5.799999999999999,4,277,48,175,0,0.8155340107998015,0.3785719825811164,success
900,2000,8,2,4.0,3.9000000000000017,0.01,0.6,5.999999999999999,4,272,47,181,0,0.8111867970557001,0.38100007640774525,success
901,2000,8,2,4.0,3.9000000000000017,0.01,0.6,6.199999999999999,4,252,50,198,0,0.762631200642322,0.41533863096454937,success
903,2000,8,2,4.0,3.9000000000000017,0.01,0.6,6.599999999999999,4,235,43,222,0,0.7095645160830035,0.44224011266566654,success
902,2000,8,2,4.0,3.9000000000000017,0.01,0.6,6.399999999999999,4,246,46,208,0,0.7374632128268577,0.4265675277700103,success
904,2000,8,2,4.0,3.9000000000000017,0.01,0.6,6.799999999999999,4,223,40,237,0,0.6880797296975414,0.45175621191712656,success
905,2000,8,2,4.0,3.9000000000000017,0.01,0.6,6.999999999999998,4,216,43,241,0,0.6449335432727257,0.4687001563617688,success
906,2000,8,2,4.0,3.9000000000000017,0.01,0.6,7.199999999999998,4,217,41,242,0,0.6403917911058139,0.4676369871612094,success
908,2000,8,2,4.0,3.9000000000000017,0.01,0.6,7.599999999999999,4,203,45,252,0,0.5890955499755716,0.4786709895509689,success
907,2000,8,2,4.0,3.9000000000000017,0.01,0.6,7.399999999999999,4,213,46,241,0,0.6193945105677182,0.4732113782006603,success
909,2000,8,2,4.0,3.9000000000000017,0.01,0.6,7.799999999999999,4,193,49,258,0,0.5690146293373188,0.4807387084083615,success
910,2000,8,2,4.0,3.9000000000000017,0.01,0.6,7.999999999999998,4,192,45,263,0,0.5856232913429849,0.4782400369146965,success
911,2000,8,2,4.0,3.9000000000000017,0.01,0.6,8.2,4,186,45,269,0,0.5739011823293506,0.4791925058706886,success
912,2000,8,2,4.0,3.9000000000000017,0.01,0.6,8.399999999999999,4,171,46,283,0,0.5444050839048145,0.4812580687673484,success
913,2000,8,2,4.0,3.9000000000000017,0.01,0.6,8.599999999999998,4,166,48,286,0,0.5295832588474721,0.48238172997313505,success
914,2000,8,2,4.0,3.9000000000000017,0.01,0.6,8.799999999999997,4,168,51,281,0,0.5069760481444135,0.481327930770482,success
915,2000,8,2,4.0,3.9000000000000017,0.01,0.6,8.999999999999998,4,162,50,288,0,0.501533877968071,0.48252071283573095,success
916,2000,8,2,4.0,3.9000000000000017,0.01,0.6,9.199999999999998,4,161,52,287,0,0.4714982925059467,0.4774719844440403,success
917,2000,8,2,4.0,3.9000000000000017,0.01,0.6,9.399999999999999,4,154,56,290,0,0.4633381310852534,0.4773077567217118,success
921,2000,8,2,4.0,4.000000000000002,0.01,0.6,1.0,5,491,9,0,0,,,success
922,2000,8,2,4.0,4.000000000000002,0.01,0.6,1.2,5,477,8,15,0,1.0,0.0,success
918,2000,8,2,4.0,3.9000000000000017,0.01,0.6,9.599999999999998,4,146,50,304,0,0.4649739137581064,0.4763309251846126,success
923,2000,8,2,4.0,4.000000000000002,0.01,0.6,1.4,5,470,13,17,0,1.0,0.0,success
924,2000,8,2,4.0,4.000000000000002,0.01,0.6,1.5999999999999999,5,466,15,19,0,0.9798953662278301,0.08763406690978336,success
919,2000,8,2,4.0,3.9000000000000017,0.01,0.6,9.799999999999997,4,141,57,302,0,0.4530463366659243,0.47434869448930583,success
925,2000,8,2,4.0,4.000000000000002,0.01,0.6,1.7999999999999998,5,461,21,18,0,1.0,0.0,success
920,2000,8,2,4.0,3.9000000000000017,0.01,0.6,9.999999999999998,4,146,60,294,0,0.4250590130132858,0.4661544304150141,success
926,2000,8,2,4.0,4.000000000000002,0.01,0.6,1.9999999999999998,5,453,28,19,0,1.0,0.0,success
927,2000,8,2,4.0,4.000000000000002,0.01,0.6,2.1999999999999997,5,441,30,29,0,1.0,0.0,success
928,2000,8,2,4.0,4.000000000000002,0.01,0.6,2.3999999999999995,5,431,30,39,0,1.0,0.0,success
929,2000,8,2,4.0,4.000000000000002,0.01,0.6,2.5999999999999996,5,419,32,49,0,1.0,0.0,success
930,2000,8,2,4.0,4.000000000000002,0.01,0.6,2.8,5,407,38,55,0,0.9922332716257762,0.04207370592127097,success
931,2000,8,2,4.0,4.000000000000002,0.01,0.6,2.9999999999999996,5,400,42,58,0,1.0,0.0,success
932,2000,8,2,4.0,4.000000000000002,0.01,0.6,3.1999999999999993,5,376,48,76,0,0.9827929989144127,0.11880244267350794,success
933,2000,8,2,4.0,4.000000000000002,0.01,0.6,3.3999999999999995,5,365,51,84,0,0.9844317609225639,0.11304624229981794,success
934,2000,8,2,4.0,4.000000000000002,0.01,0.6,3.5999999999999996,5,359,53,88,0,0.9717045454545453,0.15755292189449283,success
935,2000,8,2,4.0,4.000000000000002,0.01,0.6,3.7999999999999994,5,351,54,95,0,0.9842631578947368,0.11376059319636875,success
936,2000,8,2,4.0,4.000000000000002,0.01,0.6,3.999999999999999,5,343,57,100,0,0.9815935577223576,0.11360837037329406,success
937,2000,8,2,4.0,4.000000000000002,0.01,0.6,4.199999999999999,5,333,46,121,0,0.9547860822432913,0.18870376311838194,success
939,2000,8,2,4.0,4.000000000000002,0.01,0.6,4.6,5,307,47,146,0,0.8709895415160034,0.32774968984886,success
938,2000,8,2,4.0,4.000000000000002,0.01,0.6,4.3999999999999995,5,321,45,134,0,0.8900837297365407,0.30644564828123055,success
940,2000,8,2,4.0,4.000000000000002,0.01,0.6,4.799999999999999,5,299,49,152,0,0.8784277192141484,0.3219036280384703,success
941,2000,8,2,4.0,4.000000000000002,0.01,0.6,4.999999999999999,5,297,49,154,0,0.8697710892545173,0.3265281254832732,success
942,2000,8,2,4.0,4.000000000000002,0.01,0.6,5.199999999999999,5,283,49,168,0,0.8580092156139791,0.34133230973204887,success
943,2000,8,2,4.0,4.000000000000002,0.01,0.6,5.399999999999999,5,271,54,175,0,0.8187013529041243,0.3758940354779695,success
944,2000,8,2,4.0,4.000000000000002,0.01,0.6,5.599999999999999,5,258,48,194,0,0.8016121429645966,0.38761545587876384,success
945,2000,8,2,4.0,4.000000000000002,0.01,0.6,5.799999999999999,5,247,53,200,0,0.7939857050959788,0.3940244610455607,success
946,2000,8,2,4.0,4.000000000000002,0.01,0.6,5.999999999999999,5,237,59,204,0,0.8035740769518999,0.38211894887025616,success
947,2000,8,2,4.0,4.000000000000002,0.01,0.6,6.199999999999999,5,225,57,218,0,0.7809080273906681,0.39921298168316594,success
948,2000,8,2,4.0,4.000000000000002,0.01,0.6,6.399999999999999,5,224,53,223,0,0.7592026453878712,0.41458510528830134,success
950,2000,8,2,4.0,4.000000000000002,0.01,0.6,6.799999999999999,5,204,62,234,0,0.718941396044868,0.4352788054273848,success
949,2000,8,2,4.0,4.000000000000002,0.01,0.6,6.599999999999999,5,214,58,228,0,0.7256796007977562,0.4339988735081017,success
951,2000,8,2,4.0,4.000000000000002,0.01,0.6,6.999999999999998,5,198,62,240,0,0.7061071211273753,0.44054483980083736,success
952,2000,8,2,4.0,4.000000000000002,0.01,0.6,7.199999999999998,5,192,54,254,0,0.6785936723522893,0.45339800542131903,success
953,2000,8,2,4.0,4.000000000000002,0.01,0.6,7.399999999999999,5,178,53,269,0,0.6624547266486395,0.4588167794461805,success
954,2000,8,2,4.0,4.000000000000002,0.01,0.6,7.599999999999999,5,173,52,275,0,0.643777113567885,0.46412526603262005,success
955,2000,8,2,4.0,4.000000000000002,0.01,0.6,7.799999999999999,5,173,59,268,0,0.6079289738028375,0.474344153495821,success
956,2000,8,2,4.0,4.000000000000002,0.01,0.6,7.999999999999998,5,167,54,279,0,0.5822946942097124,0.4766035046190048,success
957,2000,8,2,4.0,4.000000000000002,0.01,0.6,8.2,5,154,61,285,0,0.5742920363782565,0.4770274231042571,success
958,2000,8,2,4.0,4.000000000000002,0.01,0.6,8.399999999999999,5,150,59,291,0,0.5613445586692954,0.4788016770885064,success
959,2000,8,2,4.0,4.000000000000002,0.01,0.6,8.599999999999998,5,142,60,298,0,0.5405025609947518,0.478433933230588,success
960,2000,8,2,4.0,4.000000000000002,0.01,0.6,8.799999999999997,5,135,64,301,0,0.525733129284855,0.47897204770025215,success
961,2000,8,2,4.0,4.000000000000002,0.01,0.6,8.999999999999998,5,128,69,303,0,0.5139825174670956,0.4782113761723578,success
962,2000,8,2,4.0,4.000000000000002,0.01,0.6,9.199999999999998,5,125,73,302,0,0.5115356533910452,0.4800774773996092,success
963,2000,8,2,4.0,4.000000000000002,0.01,0.6,9.399999999999999,5,120,76,304,0,0.49292124235917373,0.47847214481716466,success
967,2000,8,2,4.0,4.100000000000001,0.01,0.6,1.0,5,491,9,0,0,,,success
968,2000,8,2,4.0,4.100000000000001,0.01,0.6,1.2,5,477,8,15,0,1.0,0.0,success
969,2000,8,2,4.0,4.100000000000001,0.01,0.6,1.4,5,470,13,17,0,1.0,0.0,success
970,2000,8,2,4.0,4.100000000000001,0.01,0.6,1.5999999999999999,5,466,15,19,0,0.9798953662278301,0.08763406690978336,success
971,2000,8,2,4.0,4.100000000000001,0.01,0.6,1.7999999999999998,5,461,21,18,0,1.0,0.0,success
964,2000,8,2,4.0,4.000000000000002,0.01,0.6,9.599999999999998,5,113,70,317,0,0.4860353453107016,0.47840833287531653,success
972,2000,8,2,4.0,4.100000000000001,0.01,0.6,1.9999999999999998,5,453,28,19,0,1.0,0.0,success
965,2000,8,2,4.0,4.000000000000002,0.01,0.6,9.799999999999997,5,110,69,321,0,0.48249092277412764,0.4766034635020577,success
973,2000,8,2,4.0,4.100000000000001,0.01,0.6,2.1999999999999997,5,441,30,29,0,1.0,0.0,success
974,2000,8,2,4.0,4.100000000000001,0.01,0.6,2.3999999999999995,5,431,30,39,0,1.0,0.0,success
966,2000,8,2,4.0,4.000000000000002,0.01,0.6,9.999999999999998,5,107,66,327,0,0.4838034056447069,0.4775078667575326,success
975,2000,8,2,4.0,4.100000000000001,0.01,0.6,2.5999999999999996,5,419,32,49,0,1.0,0.0,success
976,2000,8,2,4.0,4.100000000000001,0.01,0.6,2.8,5,407,38,55,0,0.9922332716257762,0.04207370592127097,success
978,2000,8,2,4.0,4.100000000000001,0.01,0.6,3.1999999999999993,5,376,48,76,0,0.9827929989144127,0.11880244267350794,success
977,2000,8,2,4.0,4.100000000000001,0.01,0.6,2.9999999999999996,5,400,42,58,0,1.0,0.0,success
979,2000,8,2,4.0,4.100000000000001,0.01,0.6,3.3999999999999995,5,365,51,84,0,0.9844317609225639,0.11304624229981794,success
980,2000,8,2,4.0,4.100000000000001,0.01,0.6,3.5999999999999996,5,359,53,88,0,0.9717045454545453,0.15755292189449283,success
981,2000,8,2,4.0,4.100000000000001,0.01,0.6,3.7999999999999994,5,351,54,95,0,0.9842631578947368,0.11376059319636875,success
982,2000,8,2,4.0,4.100000000000001,0.01,0.6,3.999999999999999,5,343,57,100,0,0.9815935577223576,0.11360837037329406,success
983,2000,8,2,4.0,4.100000000000001,0.01,0.6,4.199999999999999,5,333,46,121,0,0.9547860822432913,0.18870376311838194,success
984,2000,8,2,4.0,4.100000000000001,0.01,0.6,4.3999999999999995,5,321,45,134,0,0.8900837297365407,0.30644564828123055,success
985,2000,8,2,4.0,4.100000000000001,0.01,0.6,4.6,5,307,47,146,0,0.8709895415160034,0.32774968984886,success
986,2000,8,2,4.0,4.100000000000001,0.01,0.6,4.799999999999999,5,299,49,152,0,0.8784277192141484,0.3219036280384703,success
987,2000,8,2,4.0,4.100000000000001,0.01,0.6,4.999999999999999,5,297,49,154,0,0.8697710892545173,0.3265281254832732,success
988,2000,8,2,4.0,4.100000000000001,0.01,0.6,5.199999999999999,5,283,49,168,0,0.8580092156139791,0.34133230973204887,success
989,2000,8,2,4.0,4.100000000000001,0.01,0.6,5.399999999999999,5,271,54,175,0,0.8187013529041243,0.3758940354779695,success
991,2000,8,2,4.0,4.100000000000001,0.01,0.6,5.799999999999999,5,247,53,200,0,0.7939857050959788,0.3940244610455607,success
990,2000,8,2,4.0,4.100000000000001,0.01,0.6,5.599999999999999,5,259,48,193,0,0.8007672314873835,0.38844440837835575,success
992,2000,8,2,4.0,4.100000000000001,0.01,0.6,5.999999999999999,5,237,59,204,0,0.8035740769518999,0.38211894887025616,success
993,2000,8,2,4.0,4.100000000000001,0.01,0.6,6.199999999999999,5,225,57,218,0,0.7809080273906681,0.39921298168316594,success
994,2000,8,2,4.0,4.100000000000001,0.01,0.6,6.399999999999999,5,224,53,223,0,0.7592026453878712,0.41458510528830134,success
995,2000,8,2,4.0,4.100000000000001,0.01,0.6,6.599999999999999,5,213,58,229,0,0.7268775064711283,0.43342532649855464,success
996,2000,8,2,4.0,4.100000000000001,0.01,0.6,6.799999999999999,5,203,62,235,0,0.7201373901042516,0.4347345076162403,success
997,2000,8,2,4.0,4.100000000000001,0.01,0.6,6.999999999999998,5,197,62,241,0,0.7073265936538177,0.44003350385756757,success
998,2000,8,2,4.0,4.100000000000001,0.01,0.6,7.199999999999998,5,192,54,254,0,0.6785936723522893,0.45339800542131903,success
999,2000,8,2,4.0,4.100000000000001,0.01,0.6,7.399999999999999,5,178,53,269,0,0.6594546250485847,0.4604379147691726,success
1000,2000,8,2,4.0,4.100000000000001,0.01,0.6,7.599999999999999,5,173,52,275,0,0.6409210548582757,0.465602959609853,success
1001,2000,8,2,4.0,4.100000000000001,0.01,0.6,7.799999999999999,5,173,59,268,0,0.6048968529770079,0.4755623608294747,success
1002,2000,8,2,4.0,4.100000000000001,0.01,0.6,7.999999999999998,5,167,54,279,0,0.5795348257868329,0.47768272254955607,success
1003,2000,8,2,4.0,4.100000000000001,0.01,0.6,8.2,5,154,61,285,0,0.571603094442556,0.47804326871397623,success
1004,2000,8,2,4.0,4.100000000000001,0.01,0.6,8.399999999999999,5,150,59,291,0,0.5587134600927623,0.47972277544027875,success
1005,2000,8,2,4.0,4.100000000000001,0.01,0.6,8.599999999999998,5,142,60,298,0,0.5379383530803047,0.4792246171141726,success
1013,2000,8,2,4.0,4.200000000000002,0.01,0.6,1.0,5,491,9,0,0,,,success
1006,2000,8,2,4.0,4.100000000000001,0.01,0.6,8.799999999999997,5,135,64,301,0,0.5232051480539622,0.4796811651242036,success
1007,2000,8,2,4.0,4.100000000000001,0.01,0.6,8.999999999999998,5,128,69,303,0,0.5114739807762297,0.4788566359499458,success
1014,2000,8,2,4.0,4.200000000000002,0.01,0.6,1.2,5,477,8,15,0,1.0,0.0,success
1008,2000,8,2,4.0,4.100000000000001,0.01,0.6,9.199999999999998,5,125,73,302,0,0.509025108553951,0.48071291043576386,success
1015,2000,8,2,4.0,4.200000000000002,0.01,0.6,1.4,5,470,13,17,0,1.0,0.0,success
1016,2000,8,2,4.0,4.200000000000002,0.01,0.6,1.5999999999999999,5,466,15,19,0,0.9798953662278301,0.08763406690978336,success
1009,2000,8,2,4.0,4.100000000000001,0.01,0.6,9.399999999999999,5,120,76,304,0,0.4905644957423525,0.4791487985583608,success
1017,2000,8,2,4.0,4.200000000000002,0.01,0.6,1.7999999999999998,5,461,21,18,0,1.0,0.0,success
1010,2000,8,2,4.0,4.100000000000001,0.01,0.6,9.599999999999998,5,113,70,317,0,0.4836435959706307,0.47888828442394155,success
1011,2000,8,2,4.0,4.100000000000001,0.01,0.6,9.799999999999997,5,110,69,321,0,0.48013234985075376,0.47706372161507477,success
1012,2000,8,2,4.0,4.100000000000001,0.01,0.6,9.999999999999998,5,107,66,327,0,0.48148817795454935,0.47796533882420866,success
1018,2000,8,2,4.0,4.200000000000002,0.01,0.6,1.9999999999999998,5,453,28,19,0,1.0,0.0,success
1019,2000,8,2,4.0,4.200000000000002,0.01,0.6,2.1999999999999997,5,441,30,29,0,1.0,0.0,success
1020,2000,8,2,4.0,4.200000000000002,0.01,0.6,2.3999999999999995,5,431,30,39,0,1.0,0.0,success
1021,2000,8,2,4.0,4.200000000000002,0.01,0.6,2.5999999999999996,5,419,32,49,0,1.0,0.0,success
1022,2000,8,2,4.0,4.200000000000002,0.01,0.6,2.8,5,407,38,55,0,0.9922332716257762,0.04207370592127097,success
1023,2000,8,2,4.0,4.200000000000002,0.01,0.6,2.9999999999999996,5,400,42,58,0,1.0,0.0,success
1024,2000,8,2,4.0,4.200000000000002,0.01,0.6,3.1999999999999993,5,376,48,76,0,0.9827929989144127,0.11880244267350794,success
1025,2000,8,2,4.0,4.200000000000002,0.01,0.6,3.3999999999999995,5,365,51,84,0,0.9844317609225639,0.11304624229981794,success
1026,2000,8,2,4.0,4.200000000000002,0.01,0.6,3.5999999999999996,5,359,53,88,0,0.9717045454545453,0.15755292189449283,success
1028,2000,8,2,4.0,4.200000000000002,0.01,0.6,3.999999999999999,5,343,57,100,0,0.9815935577223576,0.11360837037329406,success
1027,2000,8,2,4.0,4.200000000000002,0.01,0.6,3.7999999999999994,5,351,54,95,0,0.9842631578947368,0.11376059319636875,success
1029,2000,8,2,4.0,4.200000000000002,0.01,0.6,4.199999999999999,5,333,46,121,0,0.9547860822432913,0.18870376311838194,success
1030,2000,8,2,4.0,4.200000000000002,0.01,0.6,4.3999999999999995,5,321,45,134,0,0.8900837297365407,0.30644564828123055,success
1031,2000,8,2,4.0,4.200000000000002,0.01,0.6,4.6,5,307,47,146,0,0.8709895415160034,0.32774968984886,success
1032,2000,8,2,4.0,4.200000000000002,0.01,0.6,4.799999999999999,5,299,49,152,0,0.8784277192141484,0.3219036280384703,success
1033,2000,8,2,4.0,4.200000000000002,0.01,0.6,4.999999999999999,5,297,49,154,0,0.8697710892545173,0.3265281254832732,success
1034,2000,8,2,4.0,4.200000000000002,0.01,0.6,5.199999999999999,5,283,49,168,0,0.8580092156139791,0.34133230973204887,success
1035,2000,8,2,4.0,4.200000000000002,0.01,0.6,5.399999999999999,5,271,54,175,0,0.8187013529041243,0.3758940354779695,success
1036,2000,8,2,4.0,4.200000000000002,0.01,0.6,5.599999999999999,5,259,48,193,0,0.8007672314873835,0.38844440837835575,success
1037,2000,8,2,4.0,4.200000000000002,0.01,0.6,5.799999999999999,5,247,53,200,0,0.7939857050959788,0.3940244610455607,success
1038,2000,8,2,4.0,4.200000000000002,0.01,0.6,5.999999999999999,5,237,59,204,0,0.8035740769518999,0.38211894887025616,success
1039,2000,8,2,4.0,4.200000000000002,0.01,0.6,6.199999999999999,5,225,57,218,0,0.7809080273906681,0.39921298168316594,success
1040,2000,8,2,4.0,4.200000000000002,0.01,0.6,6.399999999999999,5,224,53,223,0,0.7592026453878712,0.41458510528830134,success
1042,2000,8,2,4.0,4.200000000000002,0.01,0.6,6.799999999999999,5,203,62,235,0,0.7201373901042516,0.4347345076162403,success
1041,2000,8,2,4.0,4.200000000000002,0.01,0.6,6.599999999999999,5,213,58,229,0,0.7268775064711283,0.43342532649855464,success
1043,2000,8,2,4.0,4.200000000000002,0.01,0.6,6.999999999999998,5,197,62,241,0,0.7073265936538177,0.44003350385756757,success
1044,2000,8,2,4.0,4.200000000000002,0.01,0.6,7.199999999999998,5,192,54,254,0,0.6785936723522893,0.45339800542131903,success
1046,2000,8,2,4.0,4.200000000000002,0.01,0.6,7.599999999999999,5,173,52,275,0,0.6409210548582757,0.465602959609853,success
1045,2000,8,2,4.0,4.200000000000002,0.01,0.6,7.399999999999999,5,178,53,269,0,0.6594546250485847,0.4604379147691726,success
1047,2000,8,2,4.0,4.200000000000002,0.01,0.6,7.799999999999999,5,173,59,268,0,0.6048968529770079,0.4755623608294747,success
1048,2000,8,2,4.0,4.200000000000002,0.01,0.6,7.999999999999998,5,168,54,278,0,0.5815835122105265,0.4773146948938493,success
1049,2000,8,2,4.0,4.200000000000002,0.01,0.6,8.2,5,155,61,284,0,0.5735805701272129,0.47771798372406354,success
1050,2000,8,2,4.0,4.200000000000002,0.01,0.6,8.399999999999999,5,151,59,290,0,0.5606055754723926,0.4794630729657482,success
1051,2000,8,2,4.0,4.200000000000002,0.01,0.6,8.599999999999998,5,142,60,298,0,0.5381564738856738,0.47899825403957735,success
1052,2000,8,2,4.0,4.200000000000002,0.01,0.6,8.799999999999997,5,135,64,301,0,0.5234210948978161,0.4794639379789411,success
1053,2000,8,2,4.0,4.200000000000002,0.01,0.6,8.999999999999998,5,128,69,303,0,0.5116389972778799,0.47869183994650405,success
1054,2000,8,2,4.0,4.200000000000002,0.01,0.6,9.199999999999998,5,125,73,302,0,0.5091906714678582,0.4805490519527729,success
1055,2000,8,2,4.0,4.200000000000002,0.01,0.6,9.399999999999999,5,120,76,304,0,0.4906960746897209,0.47902187069357055,success
1056,2000,8,2,4.0,4.200000000000002,0.01,0.6,9.599999999999998,5,113,70,317,0,0.48372246032394295,0.4788120894049996,success
1057,2000,8,2,4.0,4.200000000000002,0.01,0.6,9.799999999999997,5,110,69,321,0,0.48021023147069136,0.4769887664736559,success
1059,2000,8,2,4.0,4.3000000000000025,0.01,0.6,1.0,5,491,9,0,0,,,success
1060,2000,8,2,4.0,4.3000000000000025,0.01,0.6,1.2,5,477,8,15,0,1.0,0.0,success
1061,2000,8,2,4.0,4.3000000000000025,0.01,0.6,1.4,5,470,13,17,0,1.0,0.0,success
1062,2000,8,2,4.0,4.3000000000000025,0.01,0.6,1.5999999999999999,5,466,15,19,0,0.9798953662278301,0.08763406690978336,success
1058,2000,8,2,4.0,4.200000000000002,0.01,0.6,9.999999999999998,5,107,66,327,0,0.48162316683676987,0.47792384500686824,success
1063,2000,8,2,4.0,4.3000000000000025,0.01,0.6,1.7999999999999998,5,461,21,18,0,1.0,0.0,success
1065,2000,8,2,4.0,4.3000000000000025,0.01,0.6,2.1999999999999997,5,441,30,29,0,1.0,0.0,success
1064,2000,8,2,4.0,4.3000000000000025,0.01,0.6,1.9999999999999998,5,453,28,19,0,1.0,0.0,success
1066,2000,8,2,4.0,4.3000000000000025,0.01,0.6,2.3999999999999995,5,431,30,39,0,1.0,0.0,success
1067,2000,8,2,4.0,4.3000000000000025,0.01,0.6,2.5999999999999996,5,419,32,49,0,1.0,0.0,success
1068,2000,8,2,4.0,4.3000000000000025,0.01,0.6,2.8,5,407,38,55,0,0.9922332716257762,0.04207370592127097,success
1069,2000,8,2,4.0,4.3000000000000025,0.01,0.6,2.9999999999999996,5,400,42,58,0,1.0,0.0,success
1070,2000,8,2,4.0,4.3000000000000025,0.01,0.6,3.1999999999999993,5,376,48,76,0,0.9827929989144127,0.11880244267350794,success
1071,2000,8,2,4.0,4.3000000000000025,0.01,0.6,3.3999999999999995,5,365,51,84,0,0.9844317609225639,0.11304624229981794,success
1072,2000,8,2,4.0,4.3000000000000025,0.01,0.6,3.5999999999999996,5,359,53,88,0,0.9717045454545453,0.15755292189449283,success
1073,2000,8,2,4.0,4.3000000000000025,0.01,0.6,3.7999999999999994,5,351,54,95,0,0.9842631578947368,0.11376059319636875,success
1074,2000,8,2,4.0,4.3000000000000025,0.01,0.6,3.999999999999999,5,343,57,100,0,0.9815935577223576,0.11360837037329406,success
1075,2000,8,2,4.0,4.3000000000000025,0.01,0.6,4.199999999999999,5,333,46,121,0,0.9547860822432913,0.18870376311838194,success
1076,2000,8,2,4.0,4.3000000000000025,0.01,0.6,4.3999999999999995,5,321,45,134,0,0.8900837297365407,0.30644564828123055,success
1077,2000,8,2,4.0,4.3000000000000025,0.01,0.6,4.6,5,307,47,146,0,0.8709895415160034,0.32774968984886,success
1078,2000,8,2,4.0,4.3000000000000025,0.01,0.6,4.799999999999999,5,299,49,152,0,0.8784277192141484,0.3219036280384703,success
1079,2000,8,2,4.0,4.3000000000000025,0.01,0.6,4.999999999999999,5,297,49,154,0,0.8697710892545173,0.3265281254832732,success
1080,2000,8,2,4.0,4.3000000000000025,0.01,0.6,5.199999999999999,5,283,49,168,0,0.8580092156139791,0.34133230973204887,success
1081,2000,8,2,4.0,4.3000000000000025,0.01,0.6,5.399999999999999,5,271,54,175,0,0.8187013529041243,0.3758940354779695,success
1082,2000,8,2,4.0,4.3000000000000025,0.01,0.6,5.599999999999999,5,259,48,193,0,0.8007672314873835,0.38844440837835575,success
1083,2000,8,2,4.0,4.3000000000000025,0.01,0.6,5.799999999999999,5,247,53,200,0,0.7939857050959788,0.3940244610455607,success
1084,2000,8,2,4.0,4.3000000000000025,0.01,0.6,5.999999999999999,5,237,59,204,0,0.8035740769518999,0.38211894887025616,success
1085,2000,8,2,4.0,4.3000000000000025,0.01,0.6,6.199999999999999,5,225,57,218,0,0.7809080273906681,0.39921298168316594,success
1086,2000,8,2,4.0,4.3000000000000025,0.01,0.6,6.399999999999999,5,224,53,223,0,0.7592026453878712,0.41458510528830134,success
1087,2000,8,2,4.0,4.3000000000000025,0.01,0.6,6.599999999999999,5,213,58,229,0,0.7268775064711283,0.43342532649855464,success
1088,2000,8,2,4.0,4.3000000000000025,0.01,0.6,6.799999999999999,5,203,62,235,0,0.7201373901042516,0.4347345076162403,success
1089,2000,8,2,4.0,4.3000000000000025,0.01,0.6,6.999999999999998,5,197,62,241,0,0.7073265936538177,0.44003350385756757,success
1090,2000,8,2,4.0,4.3000000000000025,0.01,0.6,7.199999999999998,5,192,54,254,0,0.6785936723522893,0.45339800542131903,success
1091,2000,8,2,4.0,4.3000000000000025,0.01,0.6,7.399999999999999,5,178,53,269,0,0.6594546250485847,0.4604379147691726,success
1092,2000,8,2,4.0,4.3000000000000025,0.01,0.6,7.599999999999999,5,173,52,275,0,0.6409210548582757,0.465602959609853,success
1093,2000,8,2,4.0,4.3000000000000025,0.01,0.6,7.799999999999999,5,173,59,268,0,0.6048968529770079,0.4755623608294747,success
1094,2000,8,2,4.0,4.3000000000000025,0.01,0.6,7.999999999999998,5,168,54,278,0,0.5815835122105265,0.4773146948938493,success
1095,2000,8,2,4.0,4.3000000000000025,0.01,0.6,8.2,5,155,61,284,0,0.5735805701272129,0.47771798372406354,success
1096,2000,8,2,4.0,4.3000000000000025,0.01,0.6,8.399999999999999,5,151,59,290,0,0.5606055754723926,0.4794630729657482,success
1097,2000,8,2,4.0,4.3000000000000025,0.01,0.6,8.599999999999998,5,142,60,298,0,0.5381564738856738,0.47899825403957735,success
1098,2000,8,2,4.0,4.3000000000000025,0.01,0.6,8.799999999999997,5,135,64,301,0,0.5234210948978161,0.4794639379789411,success
1099,2000,8,2,4.0,4.3000000000000025,0.01,0.6,8.999999999999998,5,128,69,303,0,0.5116389972778799,0.47869183994650405,success
1105,2000,8,2,4.0,4.400000000000002,0.01,0.6,1.0,5,491,9,0,0,,,success
1106,2000,8,2,4.0,4.400000000000002,0.01,0.6,1.2,5,477,8,15,0,1.0,0.0,success
1100,2000,8,2,4.0,4.3000000000000025,0.01,0.6,9.199999999999998,5,125,73,302,0,0.5091906714678582,0.4805490519527729,success
1101,2000,8,2,4.0,4.3000000000000025,0.01,0.6,9.399999999999999,5,120,76,304,0,0.4906960746897209,0.47902187069357055,success
1107,2000,8,2,4.0,4.400000000000002,0.01,0.6,1.4,5,470,13,17,0,1.0,0.0,success
1102,2000,8,2,4.0,4.3000000000000025,0.01,0.6,9.599999999999998,5,113,70,317,0,0.48372246032394295,0.4788120894049996,success
1103,2000,8,2,4.0,4.3000000000000025,0.01,0.6,9.799999999999997,5,110,69,321,0,0.48021023147069136,0.4769887664736559,success
1109,2000,8,2,4.0,4.400000000000002,0.01,0.6,1.7999999999999998,5,461,21,18,0,1.0,0.0,success
1108,2000,8,2,4.0,4.400000000000002,0.01,0.6,1.5999999999999999,5,466,15,19,0,0.9798953662278301,0.08763406690978336,success
1110,2000,8,2,4.0,4.400000000000002,0.01,0.6,1.9999999999999998,5,453,28,19,0,1.0,0.0,success
1111,2000,8,2,4.0,4.400000000000002,0.01,0.6,2.1999999999999997,5,441,30,29,0,1.0,0.0,success
1104,2000,8,2,4.0,4.3000000000000025,0.01,0.6,9.999999999999998,5,107,66,327,0,0.48162316683676987,0.47792384500686824,success
1112,2000,8,2,4.0,4.400000000000002,0.01,0.6,2.3999999999999995,5,431,30,39,0,1.0,0.0,success
1113,2000,8,2,4.0,4.400000000000002,0.01,0.6,2.5999999999999996,5,419,32,49,0,1.0,0.0,success
1114,2000,8,2,4.0,4.400000000000002,0.01,0.6,2.8,5,407,38,55,0,0.9922332716257762,0.04207370592127097,success
1115,2000,8,2,4.0,4.400000000000002,0.01,0.6,2.9999999999999996,5,400,42,58,0,1.0,0.0,success
1116,2000,8,2,4.0,4.400000000000002,0.01,0.6,3.1999999999999993,5,376,48,76,0,0.9827929989144127,0.11880244267350794,success
1117,2000,8,2,4.0,4.400000000000002,0.01,0.6,3.3999999999999995,5,365,51,84,0,0.9844317609225639,0.11304624229981794,success
1118,2000,8,2,4.0,4.400000000000002,0.01,0.6,3.5999999999999996,5,359,53,88,0,0.9717045454545453,0.15755292189449283,success
1119,2000,8,2,4.0,4.400000000000002,0.01,0.6,3.7999999999999994,5,351,54,95,0,0.9842631578947368,0.11376059319636875,success
1120,2000,8,2,4.0,4.400000000000002,0.01,0.6,3.999999999999999,5,343,57,100,0,0.9815935577223576,0.11360837037329406,success
1121,2000,8,2,4.0,4.400000000000002,0.01,0.6,4.199999999999999,5,333,46,121,0,0.9547860822432913,0.18870376311838194,success
1122,2000,8,2,4.0,4.400000000000002,0.01,0.6,4.3999999999999995,5,321,45,134,0,0.8900837297365407,0.30644564828123055,success
1123,2000,8,2,4.0,4.400000000000002,0.01,0.6,4.6,5,307,47,146,0,0.8709895415160034,0.32774968984886,success
1124,2000,8,2,4.0,4.400000000000002,0.01,0.6,4.799999999999999,5,299,49,152,0,0.8784277192141484,0.3219036280384703,success
1125,2000,8,2,4.0,4.400000000000002,0.01,0.6,4.999999999999999,5,297,49,154,0,0.8697710892545173,0.3265281254832732,success
1126,2000,8,2,4.0,4.400000000000002,0.01,0.6,5.199999999999999,5,283,49,168,0,0.8580092156139791,0.34133230973204887,success
1127,2000,8,2,4.0,4.400000000000002,0.01,0.6,5.399999999999999,5,271,54,175,0,0.8187013529041243,0.3758940354779695,success
1128,2000,8,2,4.0,4.400000000000002,0.01,0.6,5.599999999999999,5,259,48,193,0,0.8007672314873835,0.38844440837835575,success
1129,2000,8,2,4.0,4.400000000000002,0.01,0.6,5.799999999999999,5,247,53,200,0,0.7939857050959788,0.3940244610455607,success
1130,2000,8,2,4.0,4.400000000000002,0.01,0.6,5.999999999999999,5,237,59,204,0,0.8035740769518999,0.38211894887025616,success
1131,2000,8,2,4.0,4.400000000000002,0.01,0.6,6.199999999999999,5,225,57,218,0,0.7809080273906681,0.39921298168316594,success
1132,2000,8,2,4.0,4.400000000000002,0.01,0.6,6.399999999999999,5,224,53,223,0,0.7592026453878712,0.41458510528830134,success
1133,2000,8,2,4.0,4.400000000000002,0.01,0.6,6.599999999999999,5,213,58,229,0,0.7268775064711283,0.43342532649855464,success
1134,2000,8,2,4.0,4.400000000000002,0.01,0.6,6.799999999999999,5,203,62,235,0,0.7201373901042516,0.4347345076162403,success
1135,2000,8,2,4.0,4.400000000000002,0.01,0.6,6.999999999999998,5,197,62,241,0,0.7073265936538177,0.44003350385756757,success
1137,2000,8,2,4.0,4.400000000000002,0.01,0.6,7.399999999999999,5,178,53,269,0,0.6594546250485847,0.4604379147691726,success
1136,2000,8,2,4.0,4.400000000000002,0.01,0.6,7.199999999999998,5,192,54,254,0,0.6785936723522893,0.45339800542131903,success
1138,2000,8,2,4.0,4.400000000000002,0.01,0.6,7.599999999999999,5,173,52,275,0,0.6409210548582757,0.465602959609853,success
1139,2000,8,2,4.0,4.400000000000002,0.01,0.6,7.799999999999999,5,173,59,268,0,0.6048968529770079,0.4755623608294747,success
1140,2000,8,2,4.0,4.400000000000002,0.01,0.6,7.999999999999998,5,168,54,278,0,0.5815835122105265,0.4773146948938493,success
1141,2000,8,2,4.0,4.400000000000002,0.01,0.6,8.2,5,155,61,284,0,0.5735805701272129,0.47771798372406354,success
1142,2000,8,2,4.0,4.400000000000002,0.01,0.6,8.399999999999999,5,151,59,290,0,0.5606055754723926,0.4794630729657482,success
1143,2000,8,2,4.0,4.400000000000002,0.01,0.6,8.599999999999998,5,142,60,298,0,0.5381564738856738,0.47899825403957735,success
1144,2000,8,2,4.0,4.400000000000002,0.01,0.6,8.799999999999997,5,135,64,301,0,0.5234210948978161,0.4794639379789411,success
1145,2000,8,2,4.0,4.400000000000002,0.01,0.6,8.999999999999998,5,128,69,303,0,0.5116389972778799,0.47869183994650405,success
1146,2000,8,2,4.0,4.400000000000002,0.01,0.6,9.199999999999998,5,125,73,302,0,0.5091906714678582,0.4805490519527729,success
1147,2000,8,2,4.0,4.400000000000002,0.01,0.6,9.399999999999999,5,120,76,304,0,0.4906960746897209,0.47902187069357055,success
1151,2000,8,2,4.0,4.500000000000002,0.01,0.6,1.0,5,491,9,0,0,,,success
1148,2000,8,2,4.0,4.400000000000002,0.01,0.6,9.599999999999998,5,113,70,317,0,0.48372246032394295,0.4788120894049996,success
1149,2000,8,2,4.0,4.400000000000002,0.01,0.6,9.799999999999997,5,110,69,321,0,0.48021023147069136,0.4769887664736559,success
1152,2000,8,2,4.0,4.500000000000002,0.01,0.6,1.2,5,477,8,15,0,1.0,0.0,success
1150,2000,8,2,4.0,4.400000000000002,0.01,0.6,9.999999999999998,5,107,66,327,0,0.48162316683676987,0.47792384500686824,success
1153,2000,8,2,4.0,4.500000000000002,0.01,0.6,1.4,5,470,13,17,0,1.0,0.0,success
1154,2000,8,2,4.0,4.500000000000002,0.01,0.6,1.5999999999999999,5,466,15,19,0,0.9798953662278301,0.08763406690978336,success
1155,2000,8,2,4.0,4.500000000000002,0.01,0.6,1.7999999999999998,5,461,21,18,0,1.0,0.0,success
1156,2000,8,2,4.0,4.500000000000002,0.01,0.6,1.9999999999999998,5,453,28,19,0,1.0,0.0,success
1157,2000,8,2,4.0,4.500000000000002,0.01,0.6,2.1999999999999997,5,441,30,29,0,1.0,0.0,success
1158,2000,8,2,4.0,4.500000000000002,0.01,0.6,2.3999999999999995,5,431,30,39,0,1.0,0.0,success
1159,2000,8,2,4.0,4.500000000000002,0.01,0.6,2.5999999999999996,5,419,32,49,0,1.0,0.0,success
1160,2000,8,2,4.0,4.500000000000002,0.01,0.6,2.8,5,407,38,55,0,0.9922332716257762,0.04207370592127097,success
1161,2000,8,2,4.0,4.500000000000002,0.01,0.6,2.9999999999999996,5,400,42,58,0,1.0,0.0,success
1162,2000,8,2,4.0,4.500000000000002,0.01,0.6,3.1999999999999993,5,376,48,76,0,0.9827929989144127,0.11880244267350794,success
1164,2000,8,2,4.0,4.500000000000002,0.01,0.6,3.5999999999999996,5,359,53,88,0,0.9717045454545453,0.15755292189449283,success
1163,2000,8,2,4.0,4.500000000000002,0.01,0.6,3.3999999999999995,5,365,51,84,0,0.9844317609225639,0.11304624229981794,success
1165,2000,8,2,4.0,4.500000000000002,0.01,0.6,3.7999999999999994,5,351,54,95,0,0.9842631578947368,0.11376059319636875,success
1166,2000,8,2,4.0,4.500000000000002,0.01,0.6,3.999999999999999,5,343,57,100,0,0.9815935577223576,0.11360837037329406,success
1167,2000,8,2,4.0,4.500000000000002,0.01,0.6,4.199999999999999,5,333,46,121,0,0.9547860822432913,0.18870376311838194,success
1168,2000,8,2,4.0,4.500000000000002,0.01,0.6,4.3999999999999995,5,321,45,134,0,0.8900837297365407,0.30644564828123055,success
1169,2000,8,2,4.0,4.500000000000002,0.01,0.6,4.6,5,307,47,146,0,0.8709895415160034,0.32774968984886,success
1170,2000,8,2,4.0,4.500000000000002,0.01,0.6,4.799999999999999,5,299,49,152,0,0.8784277192141484,0.3219036280384703,success
1171,2000,8,2,4.0,4.500000000000002,0.01,0.6,4.999999999999999,5,297,49,154,0,0.8697710892545173,0.3265281254832732,success
1172,2000,8,2,4.0,4.500000000000002,0.01,0.6,5.199999999999999,5,283,49,168,0,0.8580092156139791,0.34133230973204887,success
1173,2000,8,2,4.0,4.500000000000002,0.01,0.6,5.399999999999999,5,271,54,175,0,0.8187013529041243,0.3758940354779695,success
1175,2000,8,2,4.0,4.500000000000002,0.01,0.6,5.799999999999999,5,247,53,200,0,0.7939857050959788,0.3940244610455607,success
1174,2000,8,2,4.0,4.500000000000002,0.01,0.6,5.599999999999999,5,259,48,193,0,0.8007672314873835,0.38844440837835575,success
1176,2000,8,2,4.0,4.500000000000002,0.01,0.6,5.999999999999999,5,237,59,204,0,0.8035740769518999,0.38211894887025616,success
1177,2000,8,2,4.0,4.500000000000002,0.01,0.6,6.199999999999999,5,225,57,218,0,0.7809080273906681,0.39921298168316594,success
1178,2000,8,2,4.0,4.500000000000002,0.01,0.6,6.399999999999999,5,224,53,223,0,0.7592026453878712,0.41458510528830134,success
1179,2000,8,2,4.0,4.500000000000002,0.01,0.6,6.599999999999999,5,212,58,230,0,0.7280649955734277,0.43285275226973063,success
1180,2000,8,2,4.0,4.500000000000002,0.01,0.6,6.799999999999999,5,202,62,236,0,0.721323248620759,0.43419090201492055,success
1181,2000,8,2,4.0,4.500000000000002,0.01,0.6,6.999999999999998,5,196,62,242,0,0.7085359878949177,0.439522468373184,success
1182,2000,8,2,4.0,4.500000000000002,0.01,0.6,7.199999999999998,5,191,54,255,0,0.6798540893234568,0.45295201465545104,success
1183,2000,8,2,4.0,4.500000000000002,0.01,0.6,7.399999999999999,5,177,53,270,0,0.6607159042150714,0.4600483459695462,success
1184,2000,8,2,4.0,4.500000000000002,0.01,0.6,7.599999999999999,5,172,52,276,0,0.6422220655290789,0.4652579589729368,success
1185,2000,8,2,4.0,4.500000000000002,0.01,0.6,7.799999999999999,5,173,59,268,0,0.6048968529770079,0.4755623608294747,success
1186,2000,8,2,4.0,4.500000000000002,0.01,0.6,7.999999999999998,5,167,55,278,0,0.5815835122105265,0.4773146948938493,success
1187,2000,8,2,4.0,4.500000000000002,0.01,0.6,8.2,5,154,62,284,0,0.5735805701272129,0.47771798372406354,success
1188,2000,8,2,4.0,4.500000000000002,0.01,0.6,8.399999999999999,5,150,60,290,0,0.5606055754723928,0.4794630729657482,success
1189,2000,8,2,4.0,4.500000000000002,0.01,0.6,8.599999999999998,5,141,61,298,0,0.5381564738856738,0.47899825403957735,success
1190,2000,8,2,4.0,4.500000000000002,0.01,0.6,8.799999999999997,5,134,65,301,0,0.5234210948978161,0.4794639379789411,success
1191,2000,8,2,4.0,4.500000000000002,0.01,0.6,8.999999999999998,5,128,69,303,0,0.5116389972778799,0.47869183994650405,success
1197,2000,8,2,4.0,4.600000000000002,0.01,0.6,1.0,5,491,9,0,0,,,success
1198,2000,8,2,4.0,4.600000000000002,0.01,0.6,1.2,5,477,8,15,0,1.0,0.0,success
1192,2000,8,2,4.0,4.500000000000002,0.01,0.6,9.199999999999998,5,125,73,302,0,0.5091906714678582,0.4805490519527729,success
1193,2000,8,2,4.0,4.500000000000002,0.01,0.6,9.399999999999999,5,119,76,305,0,0.4923659236251645,0.47912170078764965,success
1199,2000,8,2,4.0,4.600000000000002,0.01,0.6,1.4,5,470,13,17,0,1.0,0.0,success
1194,2000,8,2,4.0,4.500000000000002,0.01,0.6,9.599999999999998,5,113,70,317,0,0.48372246032394295,0.4788120894049996,success
1200,2000,8,2,4.0,4.600000000000002,0.01,0.6,1.5999999999999999,5,466,15,19,0,0.9798953662278301,0.08763406690978336,success
1195,2000,8,2,4.0,4.500000000000002,0.01,0.6,9.799999999999997,5,110,69,321,0,0.48021023147069136,0.4769887664736559,success
1201,2000,8,2,4.0,4.600000000000002,0.01,0.6,1.7999999999999998,5,461,21,18,0,1.0,0.0,success
1202,2000,8,2,4.0,4.600000000000002,0.01,0.6,1.9999999999999998,5,453,28,19,0,1.0,0.0,success
1196,2000,8,2,4.0,4.500000000000002,0.01,0.6,9.999999999999998,5,106,66,328,0,0.48279031768291897,0.47766045628922854,success
1203,2000,8,2,4.0,4.600000000000002,0.01,0.6,2.1999999999999997,5,441,30,29,0,1.0,0.0,success
1204,2000,8,2,4.0,4.600000000000002,0.01,0.6,2.3999999999999995,5,431,30,39,0,1.0,0.0,success
1205,2000,8,2,4.0,4.600000000000002,0.01,0.6,2.5999999999999996,5,419,32,49,0,1.0,0.0,success
1206,2000,8,2,4.0,4.600000000000002,0.01,0.6,2.8,5,407,38,55,0,0.9922332716257762,0.04207370592127097,success
1207,2000,8,2,4.0,4.600000000000002,0.01,0.6,2.9999999999999996,5,400,42,58,0,1.0,0.0,success
1208,2000,8,2,4.0,4.600000000000002,0.01,0.6,3.1999999999999993,5,376,48,76,0,0.9827929989144127,0.11880244267350794,success
1209,2000,8,2,4.0,4.600000000000002,0.01,0.6,3.3999999999999995,5,365,51,84,0,0.9844317609225639,0.11304624229981794,success
1210,2000,8,2,4.0,4.600000000000002,0.01,0.6,3.5999999999999996,5,359,53,88,0,0.9717045454545453,0.15755292189449283,success
1211,2000,8,2,4.0,4.600000000000002,0.01,0.6,3.7999999999999994,5,351,54,95,0,0.9842631578947368,0.11376059319636875,success
1212,2000,8,2,4.0,4.600000000000002,0.01,0.6,3.999999999999999,5,343,57,100,0,0.9815935577223576,0.11360837037329406,success
1213,2000,8,2,4.0,4.600000000000002,0.01,0.6,4.199999999999999,5,333,46,121,0,0.9547860822432913,0.18870376311838194,success
1214,2000,8,2,4.0,4.600000000000002,0.01,0.6,4.3999999999999995,5,321,45,134,0,0.8900837297365407,0.30644564828123055,success
1215,2000,8,2,4.0,4.600000000000002,0.01,0.6,4.6,5,307,48,145,0,0.8700998142161137,0.32870876485054634,success
1216,2000,8,2,4.0,4.600000000000002,0.01,0.6,4.799999999999999,5,299,50,151,0,0.877622604771858,0.3228212726193787,success
1217,2000,8,2,4.0,4.600000000000002,0.01,0.6,4.999999999999999,5,296,50,154,0,0.863342517825946,0.3336159275729745,success
1218,2000,8,2,4.0,4.600000000000002,0.01,0.6,5.199999999999999,5,282,50,168,0,0.8520865965663602,0.3474316704415623,success
1219,2000,8,2,4.0,4.600000000000002,0.01,0.6,5.399999999999999,5,270,55,175,0,0.81301563861841,0.3806312370120464,success
1220,2000,8,2,4.0,4.600000000000002,0.01,0.6,5.599999999999999,5,258,49,193,0,0.8007672314873835,0.38844440837835575,success
1221,2000,8,2,4.0,4.600000000000002,0.01,0.6,5.799999999999999,5,246,54,200,0,0.7939857050959788,0.3940244610455607,success
1222,2000,8,2,4.0,4.600000000000002,0.01,0.6,5.999999999999999,5,236,60,204,0,0.7987211357754294,0.3858800647729265,success
1223,2000,8,2,4.0,4.600000000000002,0.01,0.6,6.199999999999999,5,224,58,218,0,0.7763667429869984,0.40232796107030644,success
1224,2000,8,2,4.0,4.600000000000002,0.01,0.6,6.399999999999999,5,223,54,223,0,0.7553145793443304,0.41753021076808955,success
1225,2000,8,2,4.0,4.600000000000002,0.01,0.6,6.599999999999999,5,212,59,229,0,0.7230694770924839,0.4359238581569329,success
1226,2000,8,2,4.0,4.600000000000002,0.01,0.6,6.799999999999999,5,201,63,236,0,0.7176281692660574,0.43656423665687066,success
1227,2000,8,2,4.0,4.600000000000002,0.01,0.6,6.999999999999998,5,195,63,242,0,0.7044244176469837,0.441434387040432,success
1228,2000,8,2,4.0,4.600000000000002,0.01,0.6,7.199999999999998,5,190,55,255,0,0.675952128539143,0.4544664440728278,success
1229,2000,8,2,4.0,4.600000000000002,0.01,0.6,7.399999999999999,5,176,54,270,0,0.6570307190298862,0.4613039067114715,success
1230,2000,8,2,4.0,4.600000000000002,0.01,0.6,7.599999999999999,5,172,53,275,0,0.6373028730400938,0.46666722381095194,success
1231,2000,8,2,4.0,4.600000000000002,0.01,0.6,7.799999999999999,5,173,60,267,0,0.5996904741492065,0.47661489671940743,success
1232,2000,8,2,4.0,4.600000000000002,0.01,0.6,7.999999999999998,5,167,56,277,0,0.576953556204188,0.4784666451643961,success
1233,2000,8,2,4.0,4.600000000000002,0.01,0.6,8.2,5,153,63,284,0,0.5700770490004523,0.47822795656826933,success
1234,2000,8,2,4.0,4.600000000000002,0.01,0.6,8.399999999999999,5,150,60,290,0,0.5573414958671523,0.4800139224451525,success
1235,2000,8,2,4.0,4.600000000000002,0.01,0.6,8.599999999999998,5,141,61,298,0,0.5348175477111772,0.4792359041106487,success
1236,2000,8,2,4.0,4.600000000000002,0.01,0.6,8.799999999999997,5,134,65,301,0,0.5201154470572845,0.4795972067124922,success
1237,2000,8,2,4.0,4.600000000000002,0.01,0.6,8.999999999999998,5,128,69,303,0,0.5084838675933252,0.47887074888794956,success
1238,2000,8,2,4.0,4.600000000000002,0.01,0.6,9.199999999999998,5,124,73,303,0,0.5075266758524528,0.48062636440707096,success
1239,2000,8,2,4.0,4.600000000000002,0.01,0.6,9.399999999999999,5,118,76,306,0,0.4907732245283502,0.47914630703942146,success
1240,2000,8,2,4.0,4.600000000000002,0.01,0.6,9.599999999999998,5,112,70,318,0,0.4822170437820438,0.47880943265294973,success
1243,2000,8,2,4.0,4.700000000000003,0.01,0.6,1.0,5,491,9,0,0,,,success
1244,2000,8,2,4.0,4.700000000000003,0.01,0.6,1.2,5,477,8,15,0,1.0,0.0,success
1241,2000,8,2,4.0,4.600000000000002,0.01,0.6,9.799999999999997,5,109,69,322,0,0.47873442329842214,0.47698094593633966,success
1245,2000,8,2,4.0,4.700000000000003,0.01,0.6,1.4,5,470,13,17,0,1.0,0.0,success
1246,2000,8,2,4.0,4.700000000000003,0.01,0.6,1.5999999999999999,5,466,15,19,0,0.9798953662278301,0.08763406690978336,success
1242,2000,8,2,4.0,4.600000000000002,0.01,0.6,9.999999999999998,5,105,66,329,0,0.4813380674771958,0.4776586378605602,success
1247,2000,8,2,4.0,4.700000000000003,0.01,0.6,1.7999999999999998,5,461,21,18,0,1.0,0.0,success
1248,2000,8,2,4.0,4.700000000000003,0.01,0.6,1.9999999999999998,5,453,28,19,0,1.0,0.0,success
1249,2000,8,2,4.0,4.700000000000003,0.01,0.6,2.1999999999999997,5,441,30,29,0,1.0,0.0,success
1250,2000,8,2,4.0,4.700000000000003,0.01,0.6,2.3999999999999995,5,431,30,39,0,1.0,0.0,success
1251,2000,8,2,4.0,4.700000000000003,0.01,0.6,2.5999999999999996,5,419,32,49,0,1.0,0.0,success
1252,2000,8,2,4.0,4.700000000000003,0.01,0.6,2.8,5,407,38,55,0,0.9922332716257762,0.04207370592127097,success
1253,2000,8,2,4.0,4.700000000000003,0.01,0.6,2.9999999999999996,5,400,42,58,0,1.0,0.0,success
1254,2000,8,2,4.0,4.700000000000003,0.01,0.6,3.1999999999999993,5,376,48,76,0,0.9827929989144127,0.11880244267350794,success
1255,2000,8,2,4.0,4.700000000000003,0.01,0.6,3.3999999999999995,5,365,51,84,0,0.9844317609225639,0.11304624229981794,success
1257,2000,8,2,4.0,4.700000000000003,0.01,0.6,3.7999999999999994,5,351,54,95,0,0.9842631578947368,0.11376059319636875,success
1256,2000,8,2,4.0,4.700000000000003,0.01,0.6,3.5999999999999996,5,359,53,88,0,0.9717045454545453,0.15755292189449283,success
1258,2000,8,2,4.0,4.700000000000003,0.01,0.6,3.999999999999999,5,343,57,100,0,0.9815935577223576,0.11360837037329406,success
1259,2000,8,2,4.0,4.700000000000003,0.01,0.6,4.199999999999999,5,333,46,121,0,0.9547860822432913,0.18870376311838194,success
1260,2000,8,2,4.0,4.700000000000003,0.01,0.6,4.3999999999999995,5,321,45,134,0,0.8900837297365407,0.30644564828123055,success
1261,2000,8,2,4.0,4.700000000000003,0.01,0.6,4.6,5,307,48,145,0,0.8700998142161137,0.32870876485054634,success
1262,2000,8,2,4.0,4.700000000000003,0.01,0.6,4.799999999999999,5,299,50,151,0,0.877622604771858,0.3228212726193787,success
1263,2000,8,2,4.0,4.700000000000003,0.01,0.6,4.999999999999999,5,296,50,154,0,0.863342517825946,0.3336159275729745,success
1264,2000,8,2,4.0,4.700000000000003,0.01,0.6,5.199999999999999,5,282,50,168,0,0.8520865965663602,0.3474316704415623,success
1265,2000,8,2,4.0,4.700000000000003,0.01,0.6,5.399999999999999,5,270,55,175,0,0.81301563861841,0.3806312370120464,success
1266,2000,8,2,4.0,4.700000000000003,0.01,0.6,5.599999999999999,5,258,49,193,0,0.8007672314873835,0.38844440837835575,success
1267,2000,8,2,4.0,4.700000000000003,0.01,0.6,5.799999999999999,5,246,54,200,0,0.7951117105768774,0.3942910442223716,success
1268,2000,8,2,4.0,4.700000000000003,0.01,0.6,5.999999999999999,5,236,60,204,0,0.7998250627174868,0.3861333357437917,success
1269,2000,8,2,4.0,4.700000000000003,0.01,0.6,6.199999999999999,5,224,58,218,0,0.7773997755382814,0.4026129333946989,success
1270,2000,8,2,4.0,4.700000000000003,0.01,0.6,6.399999999999999,5,223,54,223,0,0.7563244497307866,0.41784977129788997,success
1271,2000,8,2,4.0,4.700000000000003,0.01,0.6,6.599999999999999,5,212,59,229,0,0.7240528879928319,0.43629492791771224,success
1272,2000,8,2,4.0,4.700000000000003,0.01,0.6,6.799999999999999,5,201,63,236,0,0.7185824111990221,0.43693569638683,success
1273,2000,8,2,4.0,4.700000000000003,0.01,0.6,6.999999999999998,5,195,63,242,0,0.7053550006890487,0.44182056139282555,success
1274,2000,8,2,4.0,4.700000000000003,0.01,0.6,7.199999999999998,5,190,55,255,0,0.676835270092789,0.4548779088846015,success
1275,2000,8,2,4.0,4.700000000000003,0.01,0.6,7.399999999999999,5,176,54,270,0,0.6578647971638851,0.46172103667874037,success
1276,2000,8,2,4.0,4.700000000000003,0.01,0.6,7.599999999999999,5,172,53,275,0,0.6381217861171109,0.4671067697811861,success
1277,2000,8,2,4.0,4.700000000000003,0.01,0.6,7.799999999999999,5,173,60,267,0,0.6005339239476324,0.4771249379601163,success
1278,2000,8,2,4.0,4.700000000000003,0.01,0.6,7.999999999999998,5,167,56,277,0,0.5780012135911183,0.4787317701756116,success
1279,2000,8,2,4.0,4.700000000000003,0.01,0.6,8.2,5,153,63,284,0,0.5709228275081273,0.4786937546403363,success
1280,2000,8,2,4.0,4.700000000000003,0.01,0.6,8.399999999999999,5,150,60,290,0,0.5581697755091514,0.48049040449879366,success
1281,2000,8,2,4.0,4.700000000000003,0.01,0.6,8.599999999999998,5,141,61,298,0,0.5357074842755386,0.4796508853439162,success
1282,2000,8,2,4.0,4.700000000000003,0.01,0.6,8.799999999999997,5,134,65,301,0,0.5208802347522336,0.48015350850013055,success
1283,2000,8,2,4.0,4.700000000000003,0.01,0.6,8.999999999999998,5,128,69,303,0,0.5066118806063579,0.47982316763532745,success
1284,2000,8,2,4.0,4.700000000000003,0.01,0.6,9.199999999999998,5,124,73,303,0,0.5054313724671264,0.48140097417807937,success
1285,2000,8,2,4.0,4.700000000000003,0.01,0.6,9.399999999999999,5,118,76,306,0,0.48869846333307615,0.4798430426080648,success
1289,2000,8,2,4.0,4.8000000000000025,0.01,0.6,1.0,5,491,9,0,0,,,success
1286,2000,8,2,4.0,4.700000000000003,0.01,0.6,9.599999999999998,5,112,70,318,0,0.4802809838994986,0.4794690307492756,success
1290,2000,8,2,4.0,4.8000000000000025,0.01,0.6,1.2,5,477,8,15,0,1.0,0.0,success
1293,2000,8,2,4.0,4.8000000000000025,0.01,0.6,1.7999999999999998,5,461,21,18,0,1.0,0.0,success
1287,2000,8,2,4.0,4.700000000000003,0.01,0.6,9.799999999999997,5,109,69,322,0,0.47612303156292807,0.4770169092679603,success
1292,2000,8,2,4.0,4.8000000000000025,0.01,0.6,1.5999999999999999,5,466,15,19,0,0.9798953662278301,0.08763406690978336,success
1291,2000,8,2,4.0,4.8000000000000025,0.01,0.6,1.4,5,470,13,17,0,1.0,0.0,success
1288,2000,8,2,4.0,4.700000000000003,0.01,0.6,9.999999999999998,5,105,66,329,0,0.47890786457728307,0.4776619951396633,success
1294,2000,8,2,4.0,4.8000000000000025,0.01,0.6,1.9999999999999998,5,453,28,19,0,1.0,0.0,success
1295,2000,8,2,4.0,4.8000000000000025,0.01,0.6,2.1999999999999997,5,441,30,29,0,1.0,0.0,success
1297,2000,8,2,4.0,4.8000000000000025,0.01,0.6,2.5999999999999996,5,419,32,49,0,1.0,0.0,success
1296,2000,8,2,4.0,4.8000000000000025,0.01,0.6,2.3999999999999995,5,431,30,39,0,1.0,0.0,success
1298,2000,8,2,4.0,4.8000000000000025,0.01,0.6,2.8,5,407,38,55,0,0.9922332716257762,0.04207370592127097,success
1299,2000,8,2,4.0,4.8000000000000025,0.01,0.6,2.9999999999999996,5,400,42,58,0,1.0,0.0,success
1300,2000,8,2,4.0,4.8000000000000025,0.01,0.6,3.1999999999999993,5,376,48,76,0,0.9827929989144127,0.11880244267350794,success
1301,2000,8,2,4.0,4.8000000000000025,0.01,0.6,3.3999999999999995,5,365,51,84,0,0.9844317609225639,0.11304624229981794,success
1302,2000,8,2,4.0,4.8000000000000025,0.01,0.6,3.5999999999999996,5,359,53,88,0,0.9717045454545453,0.15755292189449283,success
1304,2000,8,2,4.0,4.8000000000000025,0.01,0.6,3.999999999999999,5,343,57,100,0,0.9815935577223576,0.11360837037329406,success
1303,2000,8,2,4.0,4.8000000000000025,0.01,0.6,3.7999999999999994,5,351,54,95,0,0.9842631578947368,0.11376059319636875,success
1305,2000,8,2,4.0,4.8000000000000025,0.01,0.6,4.199999999999999,5,333,46,121,0,0.9547860822432913,0.18870376311838194,success
1306,2000,8,2,4.0,4.8000000000000025,0.01,0.6,4.3999999999999995,5,321,45,134,0,0.8900837297365407,0.30644564828123055,success
1307,2000,8,2,4.0,4.8000000000000025,0.01,0.6,4.6,5,307,48,145,0,0.8700998142161137,0.32870876485054634,success
1308,2000,8,2,4.0,4.8000000000000025,0.01,0.6,4.799999999999999,5,299,50,151,0,0.877622604771858,0.3228212726193787,success
1309,2000,8,2,4.0,4.8000000000000025,0.01,0.6,4.999999999999999,5,296,50,154,0,0.863342517825946,0.3336159275729745,success
1310,2000,8,2,4.0,4.8000000000000025,0.01,0.6,5.199999999999999,5,282,50,168,0,0.8520865965663602,0.3474316704415623,success
1311,2000,8,2,4.0,4.8000000000000025,0.01,0.6,5.399999999999999,5,270,55,175,0,0.81301563861841,0.3806312370120464,success
1312,2000,8,2,4.0,4.8000000000000025,0.01,0.6,5.599999999999999,5,258,49,193,0,0.8007672314873835,0.38844440837835575,success
1313,2000,8,2,4.0,4.8000000000000025,0.01,0.6,5.799999999999999,5,246,54,200,0,0.7951117105768774,0.3942910442223716,success
1314,2000,8,2,4.0,4.8000000000000025,0.01,0.6,5.999999999999999,5,236,60,204,0,0.8008172886596857,0.38638753616237714,success
1315,2000,8,2,4.0,4.8000000000000025,0.01,0.6,6.199999999999999,5,224,59,217,0,0.7772151271492229,0.40353457954704636,success
1316,2000,8,2,4.0,4.8000000000000025,0.01,0.6,6.399999999999999,5,223,55,222,0,0.7517784424742364,0.42162764766268496,success
1317,2000,8,2,4.0,4.8000000000000025,0.01,0.6,6.599999999999999,5,212,60,228,0,0.71946613109432,0.4395601779213305,success
1318,2000,8,2,4.0,4.8000000000000025,0.01,0.6,6.799999999999999,5,200,65,235,0,0.710687105713884,0.4423467949824299,success
1319,2000,8,2,4.0,4.8000000000000025,0.01,0.6,6.999999999999998,5,194,63,243,0,0.6994495232744958,0.44551005239346325,success
1320,2000,8,2,4.0,4.8000000000000025,0.01,0.6,7.199999999999998,5,189,55,256,0,0.6712627612562867,0.45788954354015565,success
1321,2000,8,2,4.0,4.8000000000000025,0.01,0.6,7.399999999999999,5,175,54,271,0,0.652670731521023,0.4642871123836399,success
1322,2000,8,2,4.0,4.8000000000000025,0.01,0.6,7.599999999999999,5,171,53,276,0,0.6330933485150496,0.4693655967075753,success
1323,2000,8,2,4.0,4.8000000000000025,0.01,0.6,7.799999999999999,5,172,60,268,0,0.5961826952496061,0.47925591063871337,success
1324,2000,8,2,4.0,4.8000000000000025,0.01,0.6,7.999999999999998,5,166,56,278,0,0.5733818846627426,0.4802051379879857,success
1325,2000,8,2,4.0,4.8000000000000025,0.01,0.6,8.2,5,152,63,285,0,0.5665320003597965,0.4801756964708979,success
1326,2000,8,2,4.0,4.8000000000000025,0.01,0.6,8.399999999999999,5,149,61,290,0,0.5522439749327346,0.48185575124393454,success
1327,2000,8,2,4.0,4.8000000000000025,0.01,0.6,8.599999999999998,5,140,62,298,0,0.5299617717891141,0.48072671689619506,success
1328,2000,8,2,4.0,4.8000000000000025,0.01,0.6,8.799999999999997,5,133,66,301,0,0.5151585659118532,0.4810762438629418,success
1329,2000,8,2,4.0,4.8000000000000025,0.01,0.6,8.999999999999998,5,126,69,305,0,0.503803204359728,0.48032524241643165,success
1331,2000,8,2,4.0,4.8000000000000025,0.01,0.6,9.399999999999999,5,116,76,308,0,0.48613776172012013,0.4803176175976863,success
1330,2000,8,2,4.0,4.8000000000000025,0.01,0.6,9.199999999999998,5,122,74,304,0,0.5009709121969079,0.48181162122658605,success
1335,2000,8,2,4.0,4.900000000000002,0.01,0.6,1.0,5,491,9,0,0,,,success
1336,2000,8,2,4.0,4.900000000000002,0.01,0.6,1.2,5,477,8,15,0,1.0,0.0,success
1337,2000,8,2,4.0,4.900000000000002,0.01,0.6,1.4,5,470,13,17,0,1.0,0.0,success
1332,2000,8,2,4.0,4.8000000000000025,0.01,0.6,9.599999999999998,5,111,70,319,0,0.4762592297426867,0.47976442437980343,success
1333,2000,8,2,4.0,4.8000000000000025,0.01,0.6,9.799999999999997,5,108,70,322,0,0.4707020074865198,0.47730086908811886,success
1338,2000,8,2,4.0,4.900000000000002,0.01,0.6,1.5999999999999999,5,466,15,19,0,0.9798953662278301,0.08763406690978336,success
1339,2000,8,2,4.0,4.900000000000002,0.01,0.6,1.7999999999999998,5,461,21,18,0,1.0,0.0,success
1340,2000,8,2,4.0,4.900000000000002,0.01,0.6,1.9999999999999998,5,453,28,19,0,1.0,0.0,success
1341,2000,8,2,4.0,4.900000000000002,0.01,0.6,2.1999999999999997,5,441,30,29,0,1.0,0.0,success
1334,2000,8,2,4.0,4.8000000000000025,0.01,0.6,9.999999999999998,5,104,66,330,0,0.4747921411286899,0.47772504974609303,success
1342,2000,8,2,4.0,4.900000000000002,0.01,0.6,2.3999999999999995,5,431,30,39,0,1.0,0.0,success
1343,2000,8,2,4.0,4.900000000000002,0.01,0.6,2.5999999999999996,5,419,33,48,0,1.0,0.0,success
1344,2000,8,2,4.0,4.900000000000002,0.01,0.6,2.8,5,407,39,54,0,0.9920894433225499,0.04245512264850419,success
1345,2000,8,2,4.0,4.900000000000002,0.01,0.6,2.9999999999999996,5,400,43,57,0,1.0,0.0,success
1346,2000,8,2,4.0,4.900000000000002,0.01,0.6,3.1999999999999993,5,376,49,75,0,0.9825635722332716,0.11958551730636564,success
1347,2000,8,2,4.0,4.900000000000002,0.01,0.6,3.3999999999999995,5,365,52,83,0,0.9842441917770527,0.11372030839256388,success
1348,2000,8,2,4.0,4.900000000000002,0.01,0.6,3.5999999999999996,5,359,54,87,0,0.9713793103448275,0.15843656506108708,success
1349,2000,8,2,4.0,4.900000000000002,0.01,0.6,3.7999999999999994,5,351,55,94,0,0.984095744680851,0.11435880801645694,success
1350,2000,8,2,4.0,4.900000000000002,0.01,0.6,3.999999999999999,5,343,58,99,0,0.9814076340629875,0.11417124181122365,success
1351,2000,8,2,4.0,4.900000000000002,0.01,0.6,4.199999999999999,5,333,47,120,0,0.9544092995953186,0.18944926576626916,success
1352,2000,8,2,4.0,4.900000000000002,0.01,0.6,4.3999999999999995,5,321,46,133,0,0.889257291614259,0.30745430771821614,success
1353,2000,8,2,4.0,4.900000000000002,0.01,0.6,4.6,5,307,49,144,0,0.8703100262717857,0.32984631335786696,success
1355,2000,8,2,4.0,4.900000000000002,0.01,0.6,4.999999999999999,5,296,51,153,0,0.8639986913293332,0.33461183216169693,success
1354,2000,8,2,4.0,4.900000000000002,0.01,0.6,4.799999999999999,5,299,51,150,0,0.8779666666666667,0.3238749741511866,success
1356,2000,8,2,4.0,4.900000000000002,0.01,0.6,5.199999999999999,5,282,51,167,0,0.8527395127469456,0.3483731865490166,success
1357,2000,8,2,4.0,4.900000000000002,0.01,0.6,5.399999999999999,5,270,56,174,0,0.8134177423207652,0.3816924641493523,success
1358,2000,8,2,4.0,4.900000000000002,0.01,0.6,5.599999999999999,5,258,50,192,0,0.8010194042412309,0.38944411169219745,success
1359,2000,8,2,4.0,4.900000000000002,0.01,0.6,5.799999999999999,5,246,55,199,0,0.7954701954371802,0.39525279808308156,success
1360,2000,8,2,4.0,4.900000000000002,0.01,0.6,5.999999999999999,5,236,61,203,0,0.8010086042908083,0.3873330739549941,success
1361,2000,8,2,4.0,4.900000000000002,0.01,0.6,6.199999999999999,5,224,60,216,0,0.7772917035997672,0.4044703630335808,success
1363,2000,8,2,4.0,4.900000000000002,0.01,0.6,6.599999999999999,5,212,61,227,0,0.7192634426583707,0.4405209043590738,success
1362,2000,8,2,4.0,4.900000000000002,0.01,0.6,6.399999999999999,5,223,55,222,0,0.7528008164125869,0.4219544706107277,success
1364,2000,8,2,4.0,4.900000000000002,0.01,0.6,6.799999999999999,5,200,66,234,0,0.711569408443736,0.44368246841195674,success
1365,2000,8,2,4.0,4.900000000000002,0.01,0.6,6.999999999999998,5,194,65,241,0,0.6985990647328523,0.4472519970639657,success
1366,2000,8,2,4.0,4.900000000000002,0.01,0.6,7.199999999999998,5,189,57,254,0,0.6702455820521306,0.45953930390629016,success
1367,2000,8,2,4.0,4.900000000000002,0.01,0.6,7.399999999999999,5,175,55,270,0,0.652240478317062,0.46509516979905696,success
1368,2000,8,2,4.0,4.900000000000002,0.01,0.6,7.599999999999999,5,171,54,275,0,0.6326077913893515,0.47015187330800495,success
1369,2000,8,2,4.0,4.900000000000002,0.01,0.6,7.799999999999999,5,172,60,268,0,0.5970991943255318,0.4797941206230185,success
1370,2000,8,2,4.0,4.900000000000002,0.01,0.6,7.999999999999998,5,166,56,278,0,0.5741980448405838,0.48073833661381915,success
1371,2000,8,2,4.0,4.900000000000002,0.01,0.6,8.2,5,152,64,284,0,0.565823150607445,0.48087391328428114,success
1372,2000,8,2,4.0,4.900000000000002,0.01,0.6,8.399999999999999,5,149,61,290,0,0.5530518020113796,0.4824109532894059,success
1373,2000,8,2,4.0,4.900000000000002,0.01,0.6,8.599999999999998,5,140,64,296,0,0.5275396744025466,0.4813558711821098,success
1374,2000,8,2,4.0,4.900000000000002,0.01,0.6,8.799999999999997,5,133,68,299,0,0.5128722619811834,0.4818287275861071,success
1375,2000,8,2,4.0,4.900000000000002,0.01,0.6,8.999999999999998,5,126,70,304,0,0.5031745925544836,0.4811189370682198,success
1376,2000,8,2,4.0,4.900000000000002,0.01,0.6,9.199999999999998,5,122,75,303,0,0.5000630520105857,0.48234814436812734,success
1377,2000,8,2,4.0,4.900000000000002,0.01,0.6,9.399999999999999,5,116,76,308,0,0.4871110986244198,0.48116787893836876,success
1381,2000,8,2,4.0,5.000000000000003,0.01,0.6,1.0,6,485,15,0,0,,,success
1382,2000,8,2,4.0,5.000000000000003,0.01,0.6,1.2,6,470,18,12,0,1.0,0.0,success
1378,2000,8,2,4.0,4.900000000000002,0.01,0.6,9.599999999999998,5,111,70,319,0,0.4770876336173933,0.4804908548389273,success
1383,2000,8,2,4.0,5.000000000000003,0.01,0.6,1.4,6,458,22,20,0,1.0,0.0,success
1379,2000,8,2,4.0,4.900000000000002,0.01,0.6,9.799999999999997,5,108,71,321,0,0.47000654868002345,0.47800288620657605,success
1384,2000,8,2,4.0,5.000000000000003,0.01,0.6,1.5999999999999999,6,453,27,20,0,1.0,0.0,success
1380,2000,8,2,4.0,4.900000000000002,0.01,0.6,9.999999999999998,5,104,67,329,0,0.4741501628777233,0.4784402226315885,success
1385,2000,8,2,4.0,5.000000000000003,0.01,0.6,1.7999999999999998,6,443,37,20,0,1.0,0.0,success
1386,2000,8,2,4.0,5.000000000000003,0.01,0.6,1.9999999999999998,6,448,29,23,0,1.0,0.0,success
1387,2000,8,2,4.0,5.000000000000003,0.01,0.6,2.1999999999999997,6,432,33,35,0,0.9937360955253776,0.037057758625580396,success
1388,2000,8,2,4.0,5.000000000000003,0.01,0.6,2.3999999999999995,6,403,50,47,0,1.0,0.0,success
1389,2000,8,2,4.0,5.000000000000003,0.01,0.6,2.5999999999999996,6,401,46,53,0,0.986797881368564,0.06760012136385306,success
1390,2000,8,2,4.0,5.000000000000003,0.01,0.6,2.8,6,400,39,61,0,0.9937377418570589,0.04890979963134929,success
1391,2000,8,2,4.0,5.000000000000003,0.01,0.6,2.9999999999999996,6,393,41,66,0,0.989963423651712,0.06441809958073778,success
1392,2000,8,2,4.0,5.000000000000003,0.01,0.6,3.1999999999999993,6,376,47,77,0,0.9655960454469094,0.16416699062947698,success
1393,2000,8,2,4.0,5.000000000000003,0.01,0.6,3.3999999999999995,6,351,59,90,0,0.9731092715990306,0.15360873947331616,success
1394,2000,8,2,4.0,5.000000000000003,0.01,0.6,3.5999999999999996,6,346,57,97,0,0.9491697033275909,0.20542341096440286,success
1395,2000,8,2,4.0,5.000000000000003,0.01,0.6,3.7999999999999994,6,336,60,104,0,0.9482351705010637,0.2150345499482184,success
1396,2000,8,2,4.0,5.000000000000003,0.01,0.6,3.999999999999999,6,321,59,120,0,0.9522988578556697,0.20218919149842718,success
1397,2000,8,2,4.0,5.000000000000003,0.01,0.6,4.199999999999999,6,312,56,132,0,0.9407329564999916,0.22667465680592466,success
1398,2000,8,2,4.0,5.000000000000003,0.01,0.6,4.3999999999999995,6,294,64,142,0,0.9124949397332413,0.26800769325337176,success
1399,2000,8,2,4.0,5.000000000000003,0.01,0.6,4.6,6,275,69,156,0,0.9102994473628004,0.275810909456971,success
1400,2000,8,2,4.0,5.000000000000003,0.01,0.6,4.799999999999999,6,278,69,153,0,0.872826196577805,0.3213252684912115,success
1401,2000,8,2,4.0,5.000000000000003,0.01,0.6,4.999999999999999,6,268,72,160,0,0.8715797713541399,0.3280631136379996,success
1402,2000,8,2,4.0,5.000000000000003,0.01,0.6,5.199999999999999,6,251,71,178,0,0.870747838459871,0.3264058254118437,success
1403,2000,8,2,4.0,5.000000000000003,0.01,0.6,5.399999999999999,6,233,81,186,0,0.8357132838033298,0.3637128143878872,success
1404,2000,8,2,4.0,5.000000000000003,0.01,0.6,5.599999999999999,6,233,81,186,0,0.8370233334452069,0.3587317737863552,success
1405,2000,8,2,4.0,5.000000000000003,0.01,0.6,5.799999999999999,6,215,82,203,0,0.7924523888031358,0.3950537590157781,success
1406,2000,8,2,4.0,5.000000000000003,0.01,0.6,5.999999999999999,6,215,78,207,0,0.8108940805785704,0.3810121328669246,success
1407,2000,8,2,4.0,5.000000000000003,0.01,0.6,6.199999999999999,6,203,77,220,0,0.769373299613046,0.40975518992478277,success
1408,2000,8,2,4.0,5.000000000000003,0.01,0.6,6.399999999999999,6,182,77,241,0,0.714744154830036,0.43959159750109966,success
1409,2000,8,2,4.0,5.000000000000003,0.01,0.6,6.599999999999999,6,178,73,249,0,0.7144389192819527,0.44133604174373764,success
1410,2000,8,2,4.0,5.000000000000003,0.01,0.6,6.799999999999999,6,163,71,266,0,0.6959606341651987,0.44895101486724287,success
1411,2000,8,2,4.0,5.000000000000003,0.01,0.6,6.999999999999998,6,159,77,264,0,0.6440427637391495,0.4648812558803068,success
1412,2000,8,2,4.0,5.000000000000003,0.01,0.6,7.199999999999998,6,152,78,270,0,0.6219035554578708,0.46962471263920774,success
1413,2000,8,2,4.0,5.000000000000003,0.01,0.6,7.399999999999999,6,141,74,285,0,0.598138633148944,0.47606515749612865,success
1414,2000,8,2,4.0,5.000000000000003,0.01,0.6,7.599999999999999,6,141,77,282,0,0.5888253043792813,0.4786138182880493,success
1415,2000,8,2,4.0,5.000000000000003,0.01,0.6,7.799999999999999,6,136,79,285,0,0.5790863842894082,0.47966338231149813,success
1416,2000,8,2,4.0,5.000000000000003,0.01,0.6,7.999999999999998,6,131,86,283,0,0.5667698826091265,0.4789930125043955,success
1417,2000,8,2,4.0,5.000000000000003,0.01,0.6,8.2,6,126,82,292,0,0.5561331991200057,0.4792508370919939,success
1418,2000,8,2,4.0,5.000000000000003,0.01,0.6,8.399999999999999,6,119,86,295,0,0.5308860559684143,0.4810411140653243,success
1419,2000,8,2,4.0,5.000000000000003,0.01,0.6,8.599999999999998,6,114,86,300,0,0.5215283967568689,0.4818567536583585,success
1420,2000,8,2,4.0,5.000000000000003,0.01,0.6,8.799999999999997,6,104,83,313,0,0.5179538323784282,0.4808845071594842,success
1421,2000,8,2,4.0,5.000000000000003,0.01,0.6,8.999999999999998,6,107,85,308,0,0.5161675458913367,0.4801290714022339,success
1422,2000,8,2,4.0,5.000000000000003,0.01,0.6,9.199999999999998,6,98,85,317,0,0.5148073379811569,0.4789195097397858,success
1423,2000,8,2,4.0,5.000000000000003,0.01,0.6,9.399999999999999,6,100,86,314,0,0.5140777519225773,0.4794716711756869,success
1424,2000,8,2,4.0,5.000000000000003,0.01,0.6,9.599999999999998,6,100,86,314,0,0.49018788844541095,0.47735972380340946,success
1425,2000,8,2,4.0,5.000000000000003,0.01,0.6,9.799999999999997,6,95,81,324,0,0.48658336426750126,0.47553611442135074,success
1426,2000,8,2,4.0,5.000000000000003,0.01,0.6,9.999999999999998,6,93,76,331,0,0.4991215177939278,0.47695116461773107,success
