combination_id,n,k,p,q,thrshld,p1,p2,beta,seeds,case_A_count,case_B_count,case_C_count,case_Invalid_count,delta_star_mean,delta_star_std,status
1,2000,8,2,4.0,4.0,0.01,0.5,1.0,4,489,11,0,0,,,success
3,2000,8,2,4.0,4.0,0.01,0.5,1.4,4,471,13,16,0,1.0,0.0,success
4,2000,8,2,4.0,4.0,0.01,0.5,1.5999999999999999,4,468,16,16,0,1.0,0.0,success
6,2000,8,2,4.0,4.0,0.01,0.5,1.9999999999999998,4,463,15,22,0,1.0,0.0,success
5,2000,8,2,4.0,4.0,0.01,0.5,1.7999999999999998,4,466,15,19,0,1.0,0.0,success
2,2000,8,2,4.0,4.0,0.01,0.5,1.2,4,477,14,9,0,1.0,0.0,success
7,2000,8,2,4.0,4.0,0.01,0.5,2.1999999999999997,4,448,22,30,0,0.9888880597323925,0.06086260342218645,success
8,2000,8,2,4.0,4.0,0.01,0.5,2.3999999999999995,4,435,24,41,0,0.9851493783594344,0.06670743709086445,success
15,2000,8,2,4.0,4.0,0.01,0.5,3.7999999999999994,4,364,49,87,0,0.9647742058124943,0.1378459002688743,success
21,2000,8,2,4.0,4.0,0.01,0.5,4.999999999999999,4,314,46,140,0,0.9034145586249533,0.2818853292107605,success
18,2000,8,2,4.0,4.0,0.01,0.5,4.3999999999999995,4,336,55,109,0,0.9020875350351856,0.2805826500653329,success
11,2000,8,2,4.0,4.0,0.01,0.5,2.9999999999999996,4,419,32,49,0,0.9902262804541084,0.048756656893407684,success
13,2000,8,2,4.0,4.0,0.01,0.5,3.3999999999999995,4,386,49,65,0,0.9859676224401036,0.06463947547989714,success
10,2000,8,2,4.0,4.0,0.01,0.5,2.8,4,422,34,44,0,0.9935277362255097,0.04293214096838739,success
9,2000,8,2,4.0,4.0,0.01,0.5,2.5999999999999996,4,425,31,44,0,1.0,0.0,success
14,2000,8,2,4.0,4.0,0.01,0.5,3.5999999999999996,4,368,49,83,0,0.9352725571077063,0.20586955486613287,success
19,2000,8,2,4.0,4.0,0.01,0.5,4.6,4,324,51,125,0,0.9318793832213546,0.2374741385892306,success
16,2000,8,2,4.0,4.0,0.01,0.5,3.999999999999999,4,368,47,85,0,0.9721775161684034,0.13044814980793196,success
12,2000,8,2,4.0,4.0,0.01,0.5,3.1999999999999993,4,401,39,60,0,0.9825325516732089,0.06630809470939504,success
20,2000,8,2,4.0,4.0,0.01,0.5,4.799999999999999,4,320,51,129,0,0.912727338626947,0.2703581735934034,success
23,2000,8,2,4.0,4.0,0.01,0.5,5.399999999999999,4,290,49,161,0,0.8458622904439413,0.3488960990435264,success
22,2000,8,2,4.0,4.0,0.01,0.5,5.199999999999999,4,291,49,160,0,0.8775004519909728,0.3144292551177993,success
24,2000,8,2,4.0,4.0,0.01,0.5,5.599999999999999,4,276,51,173,0,0.8166518701364907,0.3763505969729589,success
17,2000,8,2,4.0,4.0,0.01,0.5,4.199999999999999,4,342,54,104,0,0.9132838175034504,0.2701979754692914,success
25,2000,8,2,4.0,4.0,0.01,0.5,5.799999999999999,4,268,51,181,0,0.8083502402537457,0.38325801682862737,success
27,2000,8,2,4.0,4.0,0.01,0.5,6.199999999999999,4,245,50,205,0,0.7637667541589068,0.41324992139548344,success
26,2000,8,2,4.0,4.0,0.01,0.5,5.999999999999999,4,265,48,187,0,0.8099079842948967,0.3806510724041993,success
28,2000,8,2,4.0,4.0,0.01,0.5,6.399999999999999,4,239,47,214,0,0.7381078936332353,0.4246019732388945,success
29,2000,8,2,4.0,4.0,0.01,0.5,6.599999999999999,4,228,44,228,0,0.7113215147653105,0.4403431641383452,success
30,2000,8,2,4.0,4.0,0.01,0.5,6.799999999999999,4,217,42,241,0,0.68766754661569,0.45087563686387205,success
31,2000,8,2,4.0,4.0,0.01,0.5,6.999999999999998,4,210,45,245,0,0.6481500851141117,0.4660213707256033,success
32,2000,8,2,4.0,4.0,0.01,0.5,7.199999999999998,4,212,43,245,0,0.6465257333087349,0.4643399898619297,success
47,2000,8,2,4.0,4.0,0.01,0.51,1.0,4,489,11,0,0,,,success
48,2000,8,2,4.0,4.0,0.01,0.51,1.2,4,477,14,9,0,1.0,0.0,success
50,2000,8,2,4.0,4.0,0.01,0.51,1.5999999999999999,4,468,16,16,0,1.0,0.0,success
51,2000,8,2,4.0,4.0,0.01,0.51,1.7999999999999998,4,466,15,19,0,1.0,0.0,success
53,2000,8,2,4.0,4.0,0.01,0.51,2.1999999999999997,4,448,22,30,0,0.9888880597323925,0.06086260342218645,success
52,2000,8,2,4.0,4.0,0.01,0.51,1.9999999999999998,4,463,15,22,0,1.0,0.0,success
49,2000,8,2,4.0,4.0,0.01,0.51,1.4,4,471,13,16,0,1.0,0.0,success
55,2000,8,2,4.0,4.0,0.01,0.51,2.5999999999999996,4,425,31,44,0,1.0,0.0,success
34,2000,8,2,4.0,4.0,0.01,0.5,7.599999999999999,4,195,46,259,0,0.5957143993090838,0.4765850410745443,success
54,2000,8,2,4.0,4.0,0.01,0.51,2.3999999999999995,4,435,24,41,0,0.9851493783594344,0.06670743709086445,success
58,2000,8,2,4.0,4.0,0.01,0.51,3.1999999999999993,4,401,39,60,0,0.9825325516732089,0.06630809470939504,success
57,2000,8,2,4.0,4.0,0.01,0.51,2.9999999999999996,4,419,32,49,0,0.9902262804541084,0.048756656893407684,success
60,2000,8,2,4.0,4.0,0.01,0.51,3.5999999999999996,4,368,49,83,0,0.9352725571077063,0.20586955486613287,success
35,2000,8,2,4.0,4.0,0.01,0.5,7.799999999999999,4,185,49,266,0,0.5744308515630208,0.47948758884089304,success
59,2000,8,2,4.0,4.0,0.01,0.51,3.3999999999999995,4,386,49,65,0,0.9859676224401036,0.06463947547989714,success
56,2000,8,2,4.0,4.0,0.01,0.51,2.8,4,422,34,44,0,0.9935277362255097,0.04293214096838739,success
33,2000,8,2,4.0,4.0,0.01,0.5,7.399999999999999,4,206,48,246,0,0.6221842989845079,0.47172790459294534,success
36,2000,8,2,4.0,4.0,0.01,0.5,7.999999999999998,4,184,45,271,0,0.589885495894667,0.4764134646422745,success
38,2000,8,2,4.0,4.0,0.01,0.5,8.399999999999999,4,164,46,290,0,0.5475350068291615,0.4797031126848634,success
62,2000,8,2,4.0,4.0,0.01,0.51,3.999999999999999,4,368,47,85,0,0.9721775161684034,0.13044814980793196,success
61,2000,8,2,4.0,4.0,0.01,0.51,3.7999999999999994,4,364,49,87,0,0.9647742058124943,0.1378459002688743,success
37,2000,8,2,4.0,4.0,0.01,0.5,8.2,4,177,45,278,0,0.5795973295792477,0.4771244729845985,success
63,2000,8,2,4.0,4.0,0.01,0.51,4.199999999999999,4,342,54,104,0,0.9132838175034504,0.2701979754692914,success
39,2000,8,2,4.0,4.0,0.01,0.5,8.599999999999998,4,160,48,292,0,0.5314762473728608,0.48108180828381025,success
64,2000,8,2,4.0,4.0,0.01,0.51,4.3999999999999995,4,336,55,109,0,0.9020875350351856,0.2805826500653329,success
40,2000,8,2,4.0,4.0,0.01,0.5,8.799999999999997,4,160,53,287,0,0.5088475461959574,0.47984218987471877,success
42,2000,8,2,4.0,4.0,0.01,0.5,9.199999999999998,4,153,54,293,0,0.4740558889734919,0.47638413875550023,success
41,2000,8,2,4.0,4.0,0.01,0.5,8.999999999999998,4,155,53,292,0,0.5005517849769744,0.48120397960069106,success
43,2000,8,2,4.0,4.0,0.01,0.5,9.399999999999999,4,146,59,295,0,0.46728218362680685,0.4762020191413071,success
44,2000,8,2,4.0,4.0,0.01,0.5,9.599999999999998,4,138,51,311,0,0.4722051133841553,0.47571139995684286,success
45,2000,8,2,4.0,4.0,0.01,0.5,9.799999999999997,4,135,58,307,0,0.4610075214342052,0.4741989105603153,success
46,2000,8,2,4.0,4.0,0.01,0.5,9.999999999999998,4,136,61,303,0,0.4346166654006206,0.4669342992563571,success
65,2000,8,2,4.0,4.0,0.01,0.51,4.6,4,324,51,125,0,0.9318793832213546,0.2374741385892306,success
66,2000,8,2,4.0,4.0,0.01,0.51,4.799999999999999,4,320,51,129,0,0.912727338626947,0.2703581735934034,success
69,2000,8,2,4.0,4.0,0.01,0.51,5.399999999999999,4,290,49,161,0,0.8458622904439413,0.3488960990435264,success
70,2000,8,2,4.0,4.0,0.01,0.51,5.599999999999999,4,276,51,173,0,0.8166518701364907,0.3763505969729589,success
67,2000,8,2,4.0,4.0,0.01,0.51,4.999999999999999,4,314,46,140,0,0.9034145586249533,0.2818853292107605,success
68,2000,8,2,4.0,4.0,0.01,0.51,5.199999999999999,4,291,49,160,0,0.8775004519909728,0.3144292551177993,success
71,2000,8,2,4.0,4.0,0.01,0.51,5.799999999999999,4,268,51,181,0,0.8083502402537457,0.38325801682862737,success
72,2000,8,2,4.0,4.0,0.01,0.51,5.999999999999999,4,265,48,187,0,0.8099079842948967,0.3806510724041993,success
73,2000,8,2,4.0,4.0,0.01,0.51,6.199999999999999,4,245,50,205,0,0.7637667541589068,0.41324992139548344,success
74,2000,8,2,4.0,4.0,0.01,0.51,6.399999999999999,4,239,47,214,0,0.7381078936332353,0.4246019732388945,success
75,2000,8,2,4.0,4.0,0.01,0.51,6.599999999999999,4,228,44,228,0,0.7113215147653105,0.4403431641383452,success
78,2000,8,2,4.0,4.0,0.01,0.51,7.199999999999998,4,212,43,245,0,0.6465257333087349,0.4643399898619297,success
77,2000,8,2,4.0,4.0,0.01,0.51,6.999999999999998,4,210,45,245,0,0.6481500851141117,0.4660213707256033,success
76,2000,8,2,4.0,4.0,0.01,0.51,6.799999999999999,4,217,42,241,0,0.68766754661569,0.45087563686387205,success
79,2000,8,2,4.0,4.0,0.01,0.51,7.399999999999999,4,206,48,246,0,0.6221842989845079,0.47172790459294534,success
82,2000,8,2,4.0,4.0,0.01,0.51,7.999999999999998,4,184,45,271,0,0.589885495894667,0.4764134646422745,success
81,2000,8,2,4.0,4.0,0.01,0.51,7.799999999999999,4,185,49,266,0,0.5744308515630208,0.47948758884089304,success
93,2000,8,2,4.0,4.0,0.01,0.52,1.0,4,489,11,0,0,,,success
80,2000,8,2,4.0,4.0,0.01,0.51,7.599999999999999,4,195,46,259,0,0.5957143993090838,0.4765850410745443,success
94,2000,8,2,4.0,4.0,0.01,0.52,1.2,4,477,14,9,0,1.0,0.0,success
83,2000,8,2,4.0,4.0,0.01,0.51,8.2,4,177,45,278,0,0.5795973295792477,0.4771244729845985,success
95,2000,8,2,4.0,4.0,0.01,0.52,1.4,4,471,13,16,0,1.0,0.0,success
96,2000,8,2,4.0,4.0,0.01,0.52,1.5999999999999999,4,468,16,16,0,1.0,0.0,success
84,2000,8,2,4.0,4.0,0.01,0.51,8.399999999999999,4,164,46,290,0,0.5475350068291615,0.4797031126848634,success
86,2000,8,2,4.0,4.0,0.01,0.51,8.799999999999997,4,160,53,287,0,0.5088475461959574,0.47984218987471877,success
85,2000,8,2,4.0,4.0,0.01,0.51,8.599999999999998,4,160,49,291,0,0.5298662001129737,0.4811218415829595,success
87,2000,8,2,4.0,4.0,0.01,0.51,8.999999999999998,4,155,53,292,0,0.5005517849769744,0.48120397960069106,success
88,2000,8,2,4.0,4.0,0.01,0.51,9.199999999999998,4,153,54,293,0,0.47394284137979653,0.4762628176300572,success
89,2000,8,2,4.0,4.0,0.01,0.51,9.399999999999999,4,146,58,296,0,0.46908190597941885,0.4764015122568871,success
90,2000,8,2,4.0,4.0,0.01,0.51,9.599999999999998,4,139,51,310,0,0.47078761072009345,0.4758222188176416,success
91,2000,8,2,4.0,4.0,0.01,0.51,9.799999999999997,4,135,59,306,0,0.45944594095878094,0.47418433488361134,success
92,2000,8,2,4.0,4.0,0.01,0.51,9.999999999999998,4,136,61,303,0,0.4346166654006206,0.4669342992563571,success
97,2000,8,2,4.0,4.0,0.01,0.52,1.7999999999999998,4,466,15,19,0,1.0,0.0,success
98,2000,8,2,4.0,4.0,0.01,0.52,1.9999999999999998,4,463,15,22,0,1.0,0.0,success
100,2000,8,2,4.0,4.0,0.01,0.52,2.3999999999999995,4,435,24,41,0,0.9851493783594344,0.06670743709086445,success
99,2000,8,2,4.0,4.0,0.01,0.52,2.1999999999999997,4,448,22,30,0,0.9888880597323925,0.06086260342218645,success
101,2000,8,2,4.0,4.0,0.01,0.52,2.5999999999999996,4,425,31,44,0,1.0,0.0,success
102,2000,8,2,4.0,4.0,0.01,0.52,2.8,4,422,34,44,0,0.9935277362255097,0.04293214096838739,success
103,2000,8,2,4.0,4.0,0.01,0.52,2.9999999999999996,4,419,32,49,0,0.9902262804541084,0.048756656893407684,success
104,2000,8,2,4.0,4.0,0.01,0.52,3.1999999999999993,4,401,39,60,0,0.9825325516732089,0.06630809470939504,success
105,2000,8,2,4.0,4.0,0.01,0.52,3.3999999999999995,4,386,49,65,0,0.9859676224401036,0.06463947547989714,success
106,2000,8,2,4.0,4.0,0.01,0.52,3.5999999999999996,4,368,49,83,0,0.9352725571077063,0.20586955486613287,success
108,2000,8,2,4.0,4.0,0.01,0.52,3.999999999999999,4,368,47,85,0,0.9721775161684034,0.13044814980793196,success
107,2000,8,2,4.0,4.0,0.01,0.52,3.7999999999999994,4,364,49,87,0,0.9647742058124943,0.1378459002688743,success
109,2000,8,2,4.0,4.0,0.01,0.52,4.199999999999999,4,342,54,104,0,0.9132838175034504,0.2701979754692914,success
110,2000,8,2,4.0,4.0,0.01,0.52,4.3999999999999995,4,336,55,109,0,0.9020875350351856,0.2805826500653329,success
112,2000,8,2,4.0,4.0,0.01,0.52,4.799999999999999,4,320,51,129,0,0.912727338626947,0.2703581735934034,success
111,2000,8,2,4.0,4.0,0.01,0.52,4.6,4,324,51,125,0,0.9318793832213546,0.2374741385892306,success
113,2000,8,2,4.0,4.0,0.01,0.52,4.999999999999999,4,314,46,140,0,0.9034145586249533,0.2818853292107605,success
116,2000,8,2,4.0,4.0,0.01,0.52,5.599999999999999,4,276,51,173,0,0.8166518701364907,0.3763505969729589,success
115,2000,8,2,4.0,4.0,0.01,0.52,5.399999999999999,4,290,49,161,0,0.8458622904439413,0.3488960990435264,success
114,2000,8,2,4.0,4.0,0.01,0.52,5.199999999999999,4,291,49,160,0,0.8775004519909728,0.3144292551177993,success
117,2000,8,2,4.0,4.0,0.01,0.52,5.799999999999999,4,268,51,181,0,0.8083502402537457,0.38325801682862737,success
118,2000,8,2,4.0,4.0,0.01,0.52,5.999999999999999,4,265,48,187,0,0.8099079842948967,0.3806510724041993,success
119,2000,8,2,4.0,4.0,0.01,0.52,6.199999999999999,4,245,50,205,0,0.7637667541589068,0.41324992139548344,success
121,2000,8,2,4.0,4.0,0.01,0.52,6.599999999999999,4,228,44,228,0,0.7113215147653105,0.4403431641383452,success
120,2000,8,2,4.0,4.0,0.01,0.52,6.399999999999999,4,239,47,214,0,0.7381078936332353,0.4246019732388945,success
122,2000,8,2,4.0,4.0,0.01,0.52,6.799999999999999,4,217,42,241,0,0.68766754661569,0.45087563686387205,success
123,2000,8,2,4.0,4.0,0.01,0.52,6.999999999999998,4,210,45,245,0,0.6481500851141117,0.4660213707256033,success
124,2000,8,2,4.0,4.0,0.01,0.52,7.199999999999998,4,212,43,245,0,0.6465257333087349,0.4643399898619297,success
126,2000,8,2,4.0,4.0,0.01,0.52,7.599999999999999,4,195,46,259,0,0.5957143993090838,0.4765850410745443,success
125,2000,8,2,4.0,4.0,0.01,0.52,7.399999999999999,4,206,48,246,0,0.6221842989845079,0.47172790459294534,success
127,2000,8,2,4.0,4.0,0.01,0.52,7.799999999999999,4,185,49,266,0,0.5744308515630208,0.47948758884089304,success
128,2000,8,2,4.0,4.0,0.01,0.52,7.999999999999998,4,184,45,271,0,0.589885495894667,0.4764134646422745,success
129,2000,8,2,4.0,4.0,0.01,0.52,8.2,4,177,45,278,0,0.5795973295792477,0.4771244729845985,success
139,2000,8,2,4.0,4.0,0.01,0.53,1.0,4,489,11,0,0,,,success
140,2000,8,2,4.0,4.0,0.01,0.53,1.2,4,477,14,9,0,1.0,0.0,success
130,2000,8,2,4.0,4.0,0.01,0.52,8.399999999999999,4,164,46,290,0,0.5475350068291615,0.4797031126848634,success
132,2000,8,2,4.0,4.0,0.01,0.52,8.799999999999997,4,160,53,287,0,0.5088475461959574,0.47984218987471877,success
131,2000,8,2,4.0,4.0,0.01,0.52,8.599999999999998,4,160,49,291,0,0.5298662001129737,0.4811218415829595,success
141,2000,8,2,4.0,4.0,0.01,0.53,1.4,4,471,13,16,0,1.0,0.0,success
142,2000,8,2,4.0,4.0,0.01,0.53,1.5999999999999999,4,468,16,16,0,1.0,0.0,success
144,2000,8,2,4.0,4.0,0.01,0.53,1.9999999999999998,4,463,15,22,0,1.0,0.0,success
133,2000,8,2,4.0,4.0,0.01,0.52,8.999999999999998,4,155,53,292,0,0.5005517849769744,0.48120397960069106,success
143,2000,8,2,4.0,4.0,0.01,0.53,1.7999999999999998,4,466,15,19,0,1.0,0.0,success
134,2000,8,2,4.0,4.0,0.01,0.52,9.199999999999998,4,153,54,293,0,0.47394284137979653,0.4762628176300572,success
146,2000,8,2,4.0,4.0,0.01,0.53,2.3999999999999995,4,435,24,41,0,0.9851493783594344,0.06670743709086445,success
145,2000,8,2,4.0,4.0,0.01,0.53,2.1999999999999997,4,448,22,30,0,0.9888880597323925,0.06086260342218645,success
149,2000,8,2,4.0,4.0,0.01,0.53,2.9999999999999996,4,419,32,49,0,0.9902262804541084,0.048756656893407684,success
147,2000,8,2,4.0,4.0,0.01,0.53,2.5999999999999996,4,425,31,44,0,1.0,0.0,success
148,2000,8,2,4.0,4.0,0.01,0.53,2.8,4,422,34,44,0,0.9935277362255097,0.04293214096838739,success
150,2000,8,2,4.0,4.0,0.01,0.53,3.1999999999999993,4,401,39,60,0,0.9825325516732089,0.06630809470939504,success
136,2000,8,2,4.0,4.0,0.01,0.52,9.599999999999998,4,139,51,310,0,0.47078761072009345,0.4758222188176416,success
135,2000,8,2,4.0,4.0,0.01,0.52,9.399999999999999,4,146,58,296,0,0.46908190597941885,0.4764015122568871,success
137,2000,8,2,4.0,4.0,0.01,0.52,9.799999999999997,4,135,59,306,0,0.45944594095878094,0.47418433488361134,success
151,2000,8,2,4.0,4.0,0.01,0.53,3.3999999999999995,4,386,49,65,0,0.9859676224401036,0.06463947547989714,success
152,2000,8,2,4.0,4.0,0.01,0.53,3.5999999999999996,4,368,49,83,0,0.9352725571077063,0.20586955486613287,success
138,2000,8,2,4.0,4.0,0.01,0.52,9.999999999999998,4,136,61,303,0,0.4346166654006206,0.4669342992563571,success
153,2000,8,2,4.0,4.0,0.01,0.53,3.7999999999999994,4,364,49,87,0,0.9647742058124943,0.1378459002688743,success
154,2000,8,2,4.0,4.0,0.01,0.53,3.999999999999999,4,368,47,85,0,0.9721775161684034,0.13044814980793196,success
155,2000,8,2,4.0,4.0,0.01,0.53,4.199999999999999,4,342,54,104,0,0.9132838175034504,0.2701979754692914,success
156,2000,8,2,4.0,4.0,0.01,0.53,4.3999999999999995,4,336,55,109,0,0.9020875350351856,0.2805826500653329,success
157,2000,8,2,4.0,4.0,0.01,0.53,4.6,4,324,51,125,0,0.9318793832213546,0.2374741385892306,success
158,2000,8,2,4.0,4.0,0.01,0.53,4.799999999999999,4,320,51,129,0,0.912727338626947,0.2703581735934034,success
159,2000,8,2,4.0,4.0,0.01,0.53,4.999999999999999,4,314,46,140,0,0.9034145586249533,0.2818853292107605,success
160,2000,8,2,4.0,4.0,0.01,0.53,5.199999999999999,4,291,49,160,0,0.8775004519909728,0.3144292551177993,success
161,2000,8,2,4.0,4.0,0.01,0.53,5.399999999999999,4,290,49,161,0,0.8458622904439413,0.3488960990435264,success
162,2000,8,2,4.0,4.0,0.01,0.53,5.599999999999999,4,276,51,173,0,0.8166518701364907,0.3763505969729589,success
164,2000,8,2,4.0,4.0,0.01,0.53,5.999999999999999,4,265,48,187,0,0.8099079842948967,0.3806510724041993,success
163,2000,8,2,4.0,4.0,0.01,0.53,5.799999999999999,4,268,51,181,0,0.8083502402537457,0.38325801682862737,success
165,2000,8,2,4.0,4.0,0.01,0.53,6.199999999999999,4,245,50,205,0,0.7637667541589068,0.41324992139548344,success
166,2000,8,2,4.0,4.0,0.01,0.53,6.399999999999999,4,239,47,214,0,0.7381078936332353,0.4246019732388945,success
167,2000,8,2,4.0,4.0,0.01,0.53,6.599999999999999,4,228,44,228,0,0.7113215147653105,0.4403431641383452,success
168,2000,8,2,4.0,4.0,0.01,0.53,6.799999999999999,4,217,42,241,0,0.68766754661569,0.45087563686387205,success
169,2000,8,2,4.0,4.0,0.01,0.53,6.999999999999998,4,210,45,245,0,0.6481500851141117,0.4660213707256033,success
170,2000,8,2,4.0,4.0,0.01,0.53,7.199999999999998,4,212,43,245,0,0.6465257333087349,0.4643399898619297,success
171,2000,8,2,4.0,4.0,0.01,0.53,7.399999999999999,4,206,48,246,0,0.6221842989845079,0.47172790459294534,success
185,2000,8,2,4.0,4.0,0.01,0.54,1.0,4,489,11,0,0,,,success
172,2000,8,2,4.0,4.0,0.01,0.53,7.599999999999999,4,195,46,259,0,0.5957143993090838,0.4765850410745443,success
173,2000,8,2,4.0,4.0,0.01,0.53,7.799999999999999,4,185,49,266,0,0.5744308515630208,0.47948758884089304,success
174,2000,8,2,4.0,4.0,0.01,0.53,7.999999999999998,4,184,45,271,0,0.589885495894667,0.4764134646422745,success
186,2000,8,2,4.0,4.0,0.01,0.54,1.2,4,477,14,9,0,1.0,0.0,success
175,2000,8,2,4.0,4.0,0.01,0.53,8.2,4,177,45,278,0,0.5795973295792477,0.4771244729845985,success
188,2000,8,2,4.0,4.0,0.01,0.54,1.5999999999999999,4,468,16,16,0,1.0,0.0,success
176,2000,8,2,4.0,4.0,0.01,0.53,8.399999999999999,4,164,46,290,0,0.5475350068291615,0.4797031126848634,success
187,2000,8,2,4.0,4.0,0.01,0.54,1.4,4,471,13,16,0,1.0,0.0,success
177,2000,8,2,4.0,4.0,0.01,0.53,8.599999999999998,4,160,49,291,0,0.5298662001129737,0.4811218415829595,success
178,2000,8,2,4.0,4.0,0.01,0.53,8.799999999999997,4,160,53,287,0,0.5088475461959574,0.47984218987471877,success
179,2000,8,2,4.0,4.0,0.01,0.53,8.999999999999998,4,155,53,292,0,0.5005517849769744,0.48120397960069106,success
181,2000,8,2,4.0,4.0,0.01,0.53,9.399999999999999,4,146,58,296,0,0.46908190597941885,0.4764015122568871,success
180,2000,8,2,4.0,4.0,0.01,0.53,9.199999999999998,4,153,54,293,0,0.47394284137979653,0.4762628176300572,success
189,2000,8,2,4.0,4.0,0.01,0.54,1.7999999999999998,4,466,15,19,0,1.0,0.0,success
190,2000,8,2,4.0,4.0,0.01,0.54,1.9999999999999998,4,463,15,22,0,1.0,0.0,success
182,2000,8,2,4.0,4.0,0.01,0.53,9.599999999999998,4,139,51,310,0,0.47078761072009345,0.4758222188176416,success
191,2000,8,2,4.0,4.0,0.01,0.54,2.1999999999999997,4,448,22,30,0,0.9888880597323925,0.06086260342218645,success
183,2000,8,2,4.0,4.0,0.01,0.53,9.799999999999997,4,135,59,306,0,0.45944594095878094,0.47418433488361134,success
184,2000,8,2,4.0,4.0,0.01,0.53,9.999999999999998,4,136,61,303,0,0.4346166654006206,0.4669342992563571,success
192,2000,8,2,4.0,4.0,0.01,0.54,2.3999999999999995,4,435,24,41,0,0.9851493783594344,0.06670743709086445,success
193,2000,8,2,4.0,4.0,0.01,0.54,2.5999999999999996,4,425,31,44,0,1.0,0.0,success
194,2000,8,2,4.0,4.0,0.01,0.54,2.8,4,422,34,44,0,0.9935277362255097,0.04293214096838739,success
196,2000,8,2,4.0,4.0,0.01,0.54,3.1999999999999993,4,401,39,60,0,0.9825325516732089,0.06630809470939504,success
195,2000,8,2,4.0,4.0,0.01,0.54,2.9999999999999996,4,419,32,49,0,0.9902262804541084,0.048756656893407684,success
197,2000,8,2,4.0,4.0,0.01,0.54,3.3999999999999995,4,386,49,65,0,0.9859676224401036,0.06463947547989714,success
198,2000,8,2,4.0,4.0,0.01,0.54,3.5999999999999996,4,368,49,83,0,0.9352725571077063,0.20586955486613287,success
199,2000,8,2,4.0,4.0,0.01,0.54,3.7999999999999994,4,364,49,87,0,0.9647742058124943,0.1378459002688743,success
200,2000,8,2,4.0,4.0,0.01,0.54,3.999999999999999,4,368,47,85,0,0.9721775161684034,0.13044814980793196,success
201,2000,8,2,4.0,4.0,0.01,0.54,4.199999999999999,4,342,54,104,0,0.9132838175034504,0.2701979754692914,success
202,2000,8,2,4.0,4.0,0.01,0.54,4.3999999999999995,4,336,55,109,0,0.9020875350351856,0.2805826500653329,success
203,2000,8,2,4.0,4.0,0.01,0.54,4.6,4,324,51,125,0,0.9318793832213546,0.2374741385892306,success
205,2000,8,2,4.0,4.0,0.01,0.54,4.999999999999999,4,314,46,140,0,0.9034145586249533,0.2818853292107605,success
204,2000,8,2,4.0,4.0,0.01,0.54,4.799999999999999,4,320,51,129,0,0.912727338626947,0.2703581735934034,success
206,2000,8,2,4.0,4.0,0.01,0.54,5.199999999999999,4,291,49,160,0,0.8775004519909728,0.3144292551177993,success
207,2000,8,2,4.0,4.0,0.01,0.54,5.399999999999999,4,290,49,161,0,0.8458622904439413,0.3488960990435264,success
209,2000,8,2,4.0,4.0,0.01,0.54,5.799999999999999,4,268,51,181,0,0.8083502402537457,0.38325801682862737,success
208,2000,8,2,4.0,4.0,0.01,0.54,5.599999999999999,4,276,51,173,0,0.8166518701364907,0.3763505969729589,success
210,2000,8,2,4.0,4.0,0.01,0.54,5.999999999999999,4,265,48,187,0,0.8099079842948967,0.3806510724041993,success
211,2000,8,2,4.0,4.0,0.01,0.54,6.199999999999999,4,245,50,205,0,0.7637667541589068,0.41324992139548344,success
212,2000,8,2,4.0,4.0,0.01,0.54,6.399999999999999,4,239,47,214,0,0.7381078936332353,0.4246019732388945,success
215,2000,8,2,4.0,4.0,0.01,0.54,6.999999999999998,4,210,45,245,0,0.6481500851141117,0.4660213707256033,success
213,2000,8,2,4.0,4.0,0.01,0.54,6.599999999999999,4,228,44,228,0,0.7113215147653105,0.4403431641383452,success
214,2000,8,2,4.0,4.0,0.01,0.54,6.799999999999999,4,217,42,241,0,0.68766754661569,0.45087563686387205,success
216,2000,8,2,4.0,4.0,0.01,0.54,7.199999999999998,4,212,43,245,0,0.6465257333087349,0.4643399898619297,success
217,2000,8,2,4.0,4.0,0.01,0.54,7.399999999999999,4,206,48,246,0,0.6221842989845079,0.47172790459294534,success
218,2000,8,2,4.0,4.0,0.01,0.54,7.599999999999999,4,195,46,259,0,0.5957143993090838,0.4765850410745443,success
220,2000,8,2,4.0,4.0,0.01,0.54,7.999999999999998,4,184,45,271,0,0.589885495894667,0.4764134646422745,success
219,2000,8,2,4.0,4.0,0.01,0.54,7.799999999999999,4,185,49,266,0,0.5744308515630208,0.47948758884089304,success
221,2000,8,2,4.0,4.0,0.01,0.54,8.2,4,177,45,278,0,0.5795973295792477,0.4771244729845985,success
222,2000,8,2,4.0,4.0,0.01,0.54,8.399999999999999,4,164,46,290,0,0.5475350068291615,0.4797031126848634,success
223,2000,8,2,4.0,4.0,0.01,0.54,8.599999999999998,4,160,49,291,0,0.5298662001129737,0.4811218415829595,success
224,2000,8,2,4.0,4.0,0.01,0.54,8.799999999999997,4,160,53,287,0,0.5088475461959574,0.47984218987471877,success
231,2000,8,2,4.0,4.0,0.01,0.55,1.0,4,489,11,0,0,,,success
233,2000,8,2,4.0,4.0,0.01,0.55,1.4,4,471,13,16,0,1.0,0.0,success
232,2000,8,2,4.0,4.0,0.01,0.55,1.2,4,477,14,9,0,1.0,0.0,success
234,2000,8,2,4.0,4.0,0.01,0.55,1.5999999999999999,4,468,16,16,0,1.0,0.0,success
235,2000,8,2,4.0,4.0,0.01,0.55,1.7999999999999998,4,466,15,19,0,1.0,0.0,success
225,2000,8,2,4.0,4.0,0.01,0.54,8.999999999999998,4,155,53,292,0,0.5005517849769744,0.48120397960069106,success
236,2000,8,2,4.0,4.0,0.01,0.55,1.9999999999999998,4,463,15,22,0,1.0,0.0,success
226,2000,8,2,4.0,4.0,0.01,0.54,9.199999999999998,4,153,54,293,0,0.47394284137979653,0.4762628176300572,success
227,2000,8,2,4.0,4.0,0.01,0.54,9.399999999999999,4,146,58,296,0,0.46908190597941885,0.4764015122568871,success
237,2000,8,2,4.0,4.0,0.01,0.55,2.1999999999999997,4,448,22,30,0,0.9888880597323925,0.06086260342218645,success
238,2000,8,2,4.0,4.0,0.01,0.55,2.3999999999999995,4,435,24,41,0,0.9851493783594344,0.06670743709086445,success
228,2000,8,2,4.0,4.0,0.01,0.54,9.599999999999998,4,139,51,310,0,0.47078761072009345,0.4758222188176416,success
241,2000,8,2,4.0,4.0,0.01,0.55,2.9999999999999996,4,419,32,49,0,0.9902262804541084,0.048756656893407684,success
229,2000,8,2,4.0,4.0,0.01,0.54,9.799999999999997,4,135,59,306,0,0.45944594095878094,0.47418433488361134,success
239,2000,8,2,4.0,4.0,0.01,0.55,2.5999999999999996,4,425,31,44,0,1.0,0.0,success
240,2000,8,2,4.0,4.0,0.01,0.55,2.8,4,422,34,44,0,0.9935277362255097,0.04293214096838739,success
230,2000,8,2,4.0,4.0,0.01,0.54,9.999999999999998,4,136,61,303,0,0.4346166654006206,0.4669342992563571,success
242,2000,8,2,4.0,4.0,0.01,0.55,3.1999999999999993,4,401,39,60,0,0.9825325516732089,0.06630809470939504,success
244,2000,8,2,4.0,4.0,0.01,0.55,3.5999999999999996,4,368,49,83,0,0.9352725571077063,0.20586955486613287,success
243,2000,8,2,4.0,4.0,0.01,0.55,3.3999999999999995,4,386,49,65,0,0.9859676224401036,0.06463947547989714,success
245,2000,8,2,4.0,4.0,0.01,0.55,3.7999999999999994,4,364,49,87,0,0.9647742058124943,0.1378459002688743,success
246,2000,8,2,4.0,4.0,0.01,0.55,3.999999999999999,4,368,47,85,0,0.9721775161684034,0.13044814980793196,success
247,2000,8,2,4.0,4.0,0.01,0.55,4.199999999999999,4,342,54,104,0,0.9132838175034504,0.2701979754692914,success
248,2000,8,2,4.0,4.0,0.01,0.55,4.3999999999999995,4,336,55,109,0,0.9020875350351856,0.2805826500653329,success
249,2000,8,2,4.0,4.0,0.01,0.55,4.6,4,324,51,125,0,0.9318793832213546,0.2374741385892306,success
250,2000,8,2,4.0,4.0,0.01,0.55,4.799999999999999,4,320,51,129,0,0.912727338626947,0.2703581735934034,success
251,2000,8,2,4.0,4.0,0.01,0.55,4.999999999999999,4,314,46,140,0,0.9034145586249533,0.2818853292107605,success
253,2000,8,2,4.0,4.0,0.01,0.55,5.399999999999999,4,290,49,161,0,0.8458622904439413,0.3488960990435264,success
252,2000,8,2,4.0,4.0,0.01,0.55,5.199999999999999,4,291,49,160,0,0.8775004519909728,0.3144292551177993,success
255,2000,8,2,4.0,4.0,0.01,0.55,5.799999999999999,4,268,51,181,0,0.8083502402537457,0.38325801682862737,success
254,2000,8,2,4.0,4.0,0.01,0.55,5.599999999999999,4,276,51,173,0,0.8166518701364907,0.3763505969729589,success
256,2000,8,2,4.0,4.0,0.01,0.55,5.999999999999999,4,265,48,187,0,0.8099079842948967,0.3806510724041993,success
257,2000,8,2,4.0,4.0,0.01,0.55,6.199999999999999,4,245,50,205,0,0.7637667541589068,0.41324992139548344,success
258,2000,8,2,4.0,4.0,0.01,0.55,6.399999999999999,4,239,47,214,0,0.7381078936332353,0.4246019732388945,success
259,2000,8,2,4.0,4.0,0.01,0.55,6.599999999999999,4,228,44,228,0,0.7113215147653105,0.4403431641383452,success
260,2000,8,2,4.0,4.0,0.01,0.55,6.799999999999999,4,217,42,241,0,0.6873590685259454,0.4509489380677195,success
261,2000,8,2,4.0,4.0,0.01,0.55,6.999999999999998,4,210,45,245,0,0.6481500851141117,0.4660213707256033,success
262,2000,8,2,4.0,4.0,0.01,0.55,7.199999999999998,4,212,43,245,0,0.6465257333087349,0.4643399898619297,success
277,2000,8,2,4.0,4.0,0.01,0.56,1.0,4,489,11,0,0,,,success
263,2000,8,2,4.0,4.0,0.01,0.55,7.399999999999999,4,206,48,246,0,0.6221842989845079,0.47172790459294534,success
264,2000,8,2,4.0,4.0,0.01,0.55,7.599999999999999,4,195,46,259,0,0.5957143993090838,0.4765850410745443,success
265,2000,8,2,4.0,4.0,0.01,0.55,7.799999999999999,4,185,49,266,0,0.5744308515630208,0.47948758884089304,success
266,2000,8,2,4.0,4.0,0.01,0.55,7.999999999999998,4,184,45,271,0,0.589885495894667,0.4764134646422745,success
267,2000,8,2,4.0,4.0,0.01,0.55,8.2,4,177,45,278,0,0.5795973295792477,0.4771244729845985,success
279,2000,8,2,4.0,4.0,0.01,0.56,1.4,4,471,13,16,0,1.0,0.0,success
278,2000,8,2,4.0,4.0,0.01,0.56,1.2,4,477,14,9,0,1.0,0.0,success
268,2000,8,2,4.0,4.0,0.01,0.55,8.399999999999999,4,164,46,290,0,0.5475350068291615,0.4797031126848634,success
280,2000,8,2,4.0,4.0,0.01,0.56,1.5999999999999999,4,468,16,16,0,1.0,0.0,success
269,2000,8,2,4.0,4.0,0.01,0.55,8.599999999999998,4,160,49,291,0,0.5298662001129737,0.4811218415829595,success
270,2000,8,2,4.0,4.0,0.01,0.55,8.799999999999997,4,160,53,287,0,0.5088475461959574,0.47984218987471877,success
271,2000,8,2,4.0,4.0,0.01,0.55,8.999999999999998,4,155,53,292,0,0.5005517849769744,0.48120397960069106,success
272,2000,8,2,4.0,4.0,0.01,0.55,9.199999999999998,4,153,54,293,0,0.47394284137979653,0.4762628176300572,success
282,2000,8,2,4.0,4.0,0.01,0.56,1.9999999999999998,4,463,15,22,0,1.0,0.0,success
281,2000,8,2,4.0,4.0,0.01,0.56,1.7999999999999998,4,466,15,19,0,1.0,0.0,success
273,2000,8,2,4.0,4.0,0.01,0.55,9.399999999999999,4,146,58,296,0,0.46908190597941885,0.4764015122568871,success
283,2000,8,2,4.0,4.0,0.01,0.56,2.1999999999999997,4,448,22,30,0,0.9888880597323925,0.06086260342218645,success
284,2000,8,2,4.0,4.0,0.01,0.56,2.3999999999999995,4,435,24,41,0,0.9851493783594344,0.06670743709086445,success
285,2000,8,2,4.0,4.0,0.01,0.56,2.5999999999999996,4,425,31,44,0,1.0,0.0,success
274,2000,8,2,4.0,4.0,0.01,0.55,9.599999999999998,4,139,51,310,0,0.47078761072009345,0.4758222188176416,success
286,2000,8,2,4.0,4.0,0.01,0.56,2.8,4,422,34,44,0,0.9935277362255097,0.04293214096838739,success
287,2000,8,2,4.0,4.0,0.01,0.56,2.9999999999999996,4,419,32,49,0,0.9902262804541084,0.048756656893407684,success
275,2000,8,2,4.0,4.0,0.01,0.55,9.799999999999997,4,135,59,306,0,0.45944594095878094,0.47418433488361134,success
276,2000,8,2,4.0,4.0,0.01,0.55,9.999999999999998,4,136,61,303,0,0.4346166654006206,0.4669342992563571,success
288,2000,8,2,4.0,4.0,0.01,0.56,3.1999999999999993,4,401,39,60,0,0.9825325516732089,0.06630809470939504,success
289,2000,8,2,4.0,4.0,0.01,0.56,3.3999999999999995,4,386,49,65,0,0.9859676224401036,0.06463947547989714,success
290,2000,8,2,4.0,4.0,0.01,0.56,3.5999999999999996,4,368,49,83,0,0.9352725571077063,0.20586955486613287,success
291,2000,8,2,4.0,4.0,0.01,0.56,3.7999999999999994,4,364,49,87,0,0.9647742058124943,0.1378459002688743,success
292,2000,8,2,4.0,4.0,0.01,0.56,3.999999999999999,4,368,47,85,0,0.9721775161684034,0.13044814980793196,success
293,2000,8,2,4.0,4.0,0.01,0.56,4.199999999999999,4,342,54,104,0,0.9132838175034504,0.2701979754692914,success
295,2000,8,2,4.0,4.0,0.01,0.56,4.6,4,324,51,125,0,0.9318793832213546,0.2374741385892306,success
294,2000,8,2,4.0,4.0,0.01,0.56,4.3999999999999995,4,336,55,109,0,0.9020875350351856,0.2805826500653329,success
296,2000,8,2,4.0,4.0,0.01,0.56,4.799999999999999,4,320,51,129,0,0.912727338626947,0.2703581735934034,success
298,2000,8,2,4.0,4.0,0.01,0.56,5.199999999999999,4,291,49,160,0,0.8775004519909728,0.3144292551177993,success
297,2000,8,2,4.0,4.0,0.01,0.56,4.999999999999999,4,314,46,140,0,0.9034145586249533,0.2818853292107605,success
299,2000,8,2,4.0,4.0,0.01,0.56,5.399999999999999,4,290,49,161,0,0.8458622904439413,0.3488960990435264,success
300,2000,8,2,4.0,4.0,0.01,0.56,5.599999999999999,4,276,51,173,0,0.8166518701364907,0.3763505969729589,success
301,2000,8,2,4.0,4.0,0.01,0.56,5.799999999999999,4,268,51,181,0,0.8083502402537457,0.38325801682862737,success
302,2000,8,2,4.0,4.0,0.01,0.56,5.999999999999999,4,265,48,187,0,0.8099079842948967,0.3806510724041993,success
303,2000,8,2,4.0,4.0,0.01,0.56,6.199999999999999,4,245,50,205,0,0.7637667541589068,0.41324992139548344,success
304,2000,8,2,4.0,4.0,0.01,0.56,6.399999999999999,4,239,47,214,0,0.7381078936332353,0.4246019732388945,success
305,2000,8,2,4.0,4.0,0.01,0.56,6.599999999999999,4,228,44,228,0,0.7113215147653105,0.4403431641383452,success
306,2000,8,2,4.0,4.0,0.01,0.56,6.799999999999999,4,217,42,241,0,0.6873590685259454,0.4509489380677195,success
307,2000,8,2,4.0,4.0,0.01,0.56,6.999999999999998,4,210,45,245,0,0.6481500851141117,0.4660213707256033,success
308,2000,8,2,4.0,4.0,0.01,0.56,7.199999999999998,4,212,43,245,0,0.6465257333087349,0.4643399898619297,success
309,2000,8,2,4.0,4.0,0.01,0.56,7.399999999999999,4,206,48,246,0,0.6221842989845079,0.47172790459294534,success
310,2000,8,2,4.0,4.0,0.01,0.56,7.599999999999999,4,195,46,259,0,0.5957143993090838,0.4765850410745443,success
311,2000,8,2,4.0,4.0,0.01,0.56,7.799999999999999,4,185,49,266,0,0.5744308515630208,0.47948758884089304,success
312,2000,8,2,4.0,4.0,0.01,0.56,7.999999999999998,4,184,45,271,0,0.589885495894667,0.4764134646422745,success
313,2000,8,2,4.0,4.0,0.01,0.56,8.2,4,177,45,278,0,0.5795973295792477,0.4771244729845985,success
314,2000,8,2,4.0,4.0,0.01,0.56,8.399999999999999,4,164,46,290,0,0.5475350068291615,0.4797031126848634,success
316,2000,8,2,4.0,4.0,0.01,0.56,8.799999999999997,4,160,53,287,0,0.5088475461959574,0.47984218987471877,success
315,2000,8,2,4.0,4.0,0.01,0.56,8.599999999999998,4,160,49,291,0,0.5298662001129737,0.4811218415829595,success
317,2000,8,2,4.0,4.0,0.01,0.56,8.999999999999998,4,155,53,292,0,0.5005517849769744,0.48120397960069106,success
318,2000,8,2,4.0,4.0,0.01,0.56,9.199999999999998,4,153,54,293,0,0.47394284137979653,0.4762628176300572,success
319,2000,8,2,4.0,4.0,0.01,0.56,9.399999999999999,4,146,58,296,0,0.46908190597941885,0.4764015122568871,success
320,2000,8,2,4.0,4.0,0.01,0.56,9.599999999999998,4,139,51,310,0,0.47078761072009345,0.4758222188176416,success
324,2000,8,2,4.0,4.0,0.01,0.5700000000000001,1.2,4,477,14,9,0,1.0,0.0,success
323,2000,8,2,4.0,4.0,0.01,0.5700000000000001,1.0,4,489,11,0,0,,,success
325,2000,8,2,4.0,4.0,0.01,0.5700000000000001,1.4,4,471,13,16,0,1.0,0.0,success
326,2000,8,2,4.0,4.0,0.01,0.5700000000000001,1.5999999999999999,4,468,16,16,0,1.0,0.0,success
327,2000,8,2,4.0,4.0,0.01,0.5700000000000001,1.7999999999999998,4,466,15,19,0,1.0,0.0,success
328,2000,8,2,4.0,4.0,0.01,0.5700000000000001,1.9999999999999998,4,463,15,22,0,1.0,0.0,success
329,2000,8,2,4.0,4.0,0.01,0.5700000000000001,2.1999999999999997,4,448,22,30,0,0.9888880597323925,0.06086260342218645,success
330,2000,8,2,4.0,4.0,0.01,0.5700000000000001,2.3999999999999995,4,435,24,41,0,0.9851493783594344,0.06670743709086445,success
321,2000,8,2,4.0,4.0,0.01,0.56,9.799999999999997,4,135,59,306,0,0.45944594095878094,0.47418433488361134,success
331,2000,8,2,4.0,4.0,0.01,0.5700000000000001,2.5999999999999996,4,425,31,44,0,1.0,0.0,success
332,2000,8,2,4.0,4.0,0.01,0.5700000000000001,2.8,4,422,34,44,0,0.9935277362255097,0.04293214096838739,success
333,2000,8,2,4.0,4.0,0.01,0.5700000000000001,2.9999999999999996,4,419,32,49,0,0.9902262804541084,0.048756656893407684,success
334,2000,8,2,4.0,4.0,0.01,0.5700000000000001,3.1999999999999993,4,401,39,60,0,0.9825325516732089,0.06630809470939504,success
322,2000,8,2,4.0,4.0,0.01,0.56,9.999999999999998,4,136,61,303,0,0.4346166654006206,0.4669342992563571,success
335,2000,8,2,4.0,4.0,0.01,0.5700000000000001,3.3999999999999995,4,386,49,65,0,0.9859676224401036,0.06463947547989714,success
336,2000,8,2,4.0,4.0,0.01,0.5700000000000001,3.5999999999999996,4,368,49,83,0,0.9352725571077063,0.20586955486613287,success
337,2000,8,2,4.0,4.0,0.01,0.5700000000000001,3.7999999999999994,4,364,49,87,0,0.9647742058124943,0.1378459002688743,success
338,2000,8,2,4.0,4.0,0.01,0.5700000000000001,3.999999999999999,4,368,47,85,0,0.9721775161684034,0.13044814980793196,success
339,2000,8,2,4.0,4.0,0.01,0.5700000000000001,4.199999999999999,4,342,54,104,0,0.9132838175034504,0.2701979754692914,success
340,2000,8,2,4.0,4.0,0.01,0.5700000000000001,4.3999999999999995,4,336,55,109,0,0.9020875350351856,0.2805826500653329,success
341,2000,8,2,4.0,4.0,0.01,0.5700000000000001,4.6,4,324,51,125,0,0.9318793832213546,0.2374741385892306,success
342,2000,8,2,4.0,4.0,0.01,0.5700000000000001,4.799999999999999,4,320,51,129,0,0.912727338626947,0.2703581735934034,success
344,2000,8,2,4.0,4.0,0.01,0.5700000000000001,5.199999999999999,4,291,49,160,0,0.8775004519909728,0.3144292551177993,success
343,2000,8,2,4.0,4.0,0.01,0.5700000000000001,4.999999999999999,4,314,46,140,0,0.9034145586249533,0.2818853292107605,success
345,2000,8,2,4.0,4.0,0.01,0.5700000000000001,5.399999999999999,4,290,49,161,0,0.8458622904439413,0.3488960990435264,success
347,2000,8,2,4.0,4.0,0.01,0.5700000000000001,5.799999999999999,4,268,51,181,0,0.8083502402537457,0.38325801682862737,success
346,2000,8,2,4.0,4.0,0.01,0.5700000000000001,5.599999999999999,4,276,51,173,0,0.8166518701364907,0.3763505969729589,success
348,2000,8,2,4.0,4.0,0.01,0.5700000000000001,5.999999999999999,4,265,48,187,0,0.8099079842948967,0.3806510724041993,success
349,2000,8,2,4.0,4.0,0.01,0.5700000000000001,6.199999999999999,4,245,50,205,0,0.7637667541589068,0.41324992139548344,success
350,2000,8,2,4.0,4.0,0.01,0.5700000000000001,6.399999999999999,4,239,47,214,0,0.7381078936332353,0.4246019732388945,success
351,2000,8,2,4.0,4.0,0.01,0.5700000000000001,6.599999999999999,4,228,44,228,0,0.7113215147653105,0.4403431641383452,success
352,2000,8,2,4.0,4.0,0.01,0.5700000000000001,6.799999999999999,4,217,42,241,0,0.6873590685259454,0.4509489380677195,success
353,2000,8,2,4.0,4.0,0.01,0.5700000000000001,6.999999999999998,4,210,45,245,0,0.6481500851141117,0.4660213707256033,success
354,2000,8,2,4.0,4.0,0.01,0.5700000000000001,7.199999999999998,4,212,43,245,0,0.6465257333087349,0.4643399898619297,success
355,2000,8,2,4.0,4.0,0.01,0.5700000000000001,7.399999999999999,4,206,48,246,0,0.6221842989845079,0.47172790459294534,success
356,2000,8,2,4.0,4.0,0.01,0.5700000000000001,7.599999999999999,4,195,46,259,0,0.5957143993090838,0.4765850410745443,success
357,2000,8,2,4.0,4.0,0.01,0.5700000000000001,7.799999999999999,4,185,49,266,0,0.5744308515630208,0.47948758884089304,success
369,2000,8,2,4.0,4.0,0.01,0.5800000000000001,1.0,4,489,11,0,0,,,success
358,2000,8,2,4.0,4.0,0.01,0.5700000000000001,7.999999999999998,4,184,45,271,0,0.589885495894667,0.4764134646422745,success
359,2000,8,2,4.0,4.0,0.01,0.5700000000000001,8.2,4,177,45,278,0,0.5795973295792477,0.4771244729845985,success
370,2000,8,2,4.0,4.0,0.01,0.5800000000000001,1.2,4,477,14,9,0,1.0,0.0,success
371,2000,8,2,4.0,4.0,0.01,0.5800000000000001,1.4,4,471,13,16,0,1.0,0.0,success
360,2000,8,2,4.0,4.0,0.01,0.5700000000000001,8.399999999999999,4,164,46,290,0,0.5475350068291615,0.4797031126848634,success
372,2000,8,2,4.0,4.0,0.01,0.5800000000000001,1.5999999999999999,4,468,16,16,0,1.0,0.0,success
361,2000,8,2,4.0,4.0,0.01,0.5700000000000001,8.599999999999998,4,160,49,291,0,0.5298662001129737,0.4811218415829595,success
362,2000,8,2,4.0,4.0,0.01,0.5700000000000001,8.799999999999997,4,160,53,287,0,0.5088475461959574,0.47984218987471877,success
363,2000,8,2,4.0,4.0,0.01,0.5700000000000001,8.999999999999998,4,155,53,292,0,0.5005517849769744,0.48120397960069106,success
364,2000,8,2,4.0,4.0,0.01,0.5700000000000001,9.199999999999998,4,153,54,293,0,0.47394284137979653,0.4762628176300572,success
373,2000,8,2,4.0,4.0,0.01,0.5800000000000001,1.7999999999999998,4,466,15,19,0,1.0,0.0,success
374,2000,8,2,4.0,4.0,0.01,0.5800000000000001,1.9999999999999998,4,463,15,22,0,1.0,0.0,success
377,2000,8,2,4.0,4.0,0.01,0.5800000000000001,2.5999999999999996,4,425,31,44,0,1.0,0.0,success
365,2000,8,2,4.0,4.0,0.01,0.5700000000000001,9.399999999999999,4,146,58,296,0,0.46908190597941885,0.4764015122568871,success
366,2000,8,2,4.0,4.0,0.01,0.5700000000000001,9.599999999999998,4,139,51,310,0,0.47078761072009345,0.4758222188176416,success
376,2000,8,2,4.0,4.0,0.01,0.5800000000000001,2.3999999999999995,4,435,24,41,0,0.9851493783594344,0.06670743709086445,success
375,2000,8,2,4.0,4.0,0.01,0.5800000000000001,2.1999999999999997,4,448,22,30,0,0.9888880597323925,0.06086260342218645,success
367,2000,8,2,4.0,4.0,0.01,0.5700000000000001,9.799999999999997,4,135,59,306,0,0.45944594095878094,0.47418433488361134,success
378,2000,8,2,4.0,4.0,0.01,0.5800000000000001,2.8,4,422,34,44,0,0.9935277362255097,0.04293214096838739,success
368,2000,8,2,4.0,4.0,0.01,0.5700000000000001,9.999999999999998,4,136,61,303,0,0.4346166654006206,0.4669342992563571,success
380,2000,8,2,4.0,4.0,0.01,0.5800000000000001,3.1999999999999993,4,401,39,60,0,0.9825325516732089,0.06630809470939504,success
379,2000,8,2,4.0,4.0,0.01,0.5800000000000001,2.9999999999999996,4,419,32,49,0,0.9902262804541084,0.048756656893407684,success
381,2000,8,2,4.0,4.0,0.01,0.5800000000000001,3.3999999999999995,4,386,49,65,0,0.9859676224401036,0.06463947547989714,success
382,2000,8,2,4.0,4.0,0.01,0.5800000000000001,3.5999999999999996,4,368,49,83,0,0.9352725571077063,0.20586955486613287,success
383,2000,8,2,4.0,4.0,0.01,0.5800000000000001,3.7999999999999994,4,364,49,87,0,0.9647742058124943,0.1378459002688743,success
384,2000,8,2,4.0,4.0,0.01,0.5800000000000001,3.999999999999999,4,368,47,85,0,0.9721775161684034,0.13044814980793196,success
385,2000,8,2,4.0,4.0,0.01,0.5800000000000001,4.199999999999999,4,342,54,104,0,0.9132838175034504,0.2701979754692914,success
386,2000,8,2,4.0,4.0,0.01,0.5800000000000001,4.3999999999999995,4,336,55,109,0,0.9020875350351856,0.2805826500653329,success
387,2000,8,2,4.0,4.0,0.01,0.5800000000000001,4.6,4,324,51,125,0,0.9318793832213546,0.2374741385892306,success
388,2000,8,2,4.0,4.0,0.01,0.5800000000000001,4.799999999999999,4,320,51,129,0,0.912727338626947,0.2703581735934034,success
389,2000,8,2,4.0,4.0,0.01,0.5800000000000001,4.999999999999999,4,314,46,140,0,0.9034145586249533,0.2818853292107605,success
391,2000,8,2,4.0,4.0,0.01,0.5800000000000001,5.399999999999999,4,290,49,161,0,0.8458622904439413,0.3488960990435264,success
390,2000,8,2,4.0,4.0,0.01,0.5800000000000001,5.199999999999999,4,291,49,160,0,0.8775004519909728,0.3144292551177993,success
392,2000,8,2,4.0,4.0,0.01,0.5800000000000001,5.599999999999999,4,276,51,173,0,0.8166518701364907,0.3763505969729589,success
393,2000,8,2,4.0,4.0,0.01,0.5800000000000001,5.799999999999999,4,268,51,181,0,0.8083502402537457,0.38325801682862737,success
394,2000,8,2,4.0,4.0,0.01,0.5800000000000001,5.999999999999999,4,265,48,187,0,0.8099079842948967,0.3806510724041993,success
396,2000,8,2,4.0,4.0,0.01,0.5800000000000001,6.399999999999999,4,239,47,214,0,0.7381078936332353,0.4246019732388945,success
395,2000,8,2,4.0,4.0,0.01,0.5800000000000001,6.199999999999999,4,245,50,205,0,0.7637667541589068,0.41324992139548344,success
397,2000,8,2,4.0,4.0,0.01,0.5800000000000001,6.599999999999999,4,228,44,228,0,0.7113215147653105,0.4403431641383452,success
398,2000,8,2,4.0,4.0,0.01,0.5800000000000001,6.799999999999999,4,217,42,241,0,0.6873590685259454,0.4509489380677195,success
399,2000,8,2,4.0,4.0,0.01,0.5800000000000001,6.999999999999998,4,210,45,245,0,0.6481500851141117,0.4660213707256033,success
400,2000,8,2,4.0,4.0,0.01,0.5800000000000001,7.199999999999998,4,212,43,245,0,0.6465257333087349,0.4643399898619297,success
402,2000,8,2,4.0,4.0,0.01,0.5800000000000001,7.599999999999999,4,195,46,259,0,0.5957143993090838,0.4765850410745443,success
401,2000,8,2,4.0,4.0,0.01,0.5800000000000001,7.399999999999999,4,206,48,246,0,0.6221842989845079,0.47172790459294534,success
403,2000,8,2,4.0,4.0,0.01,0.5800000000000001,7.799999999999999,4,185,49,266,0,0.5744308515630208,0.47948758884089304,success
404,2000,8,2,4.0,4.0,0.01,0.5800000000000001,7.999999999999998,4,184,45,271,0,0.589885495894667,0.4764134646422745,success
405,2000,8,2,4.0,4.0,0.01,0.5800000000000001,8.2,4,177,45,278,0,0.5795973295792477,0.4771244729845985,success
406,2000,8,2,4.0,4.0,0.01,0.5800000000000001,8.399999999999999,4,164,46,290,0,0.5475350068291615,0.4797031126848634,success
407,2000,8,2,4.0,4.0,0.01,0.5800000000000001,8.599999999999998,4,160,49,291,0,0.5298662001129737,0.4811218415829595,success
408,2000,8,2,4.0,4.0,0.01,0.5800000000000001,8.799999999999997,4,160,53,287,0,0.5088475461959574,0.47984218987471877,success
409,2000,8,2,4.0,4.0,0.01,0.5800000000000001,8.999999999999998,4,155,52,293,0,0.5021321014251446,0.48114031618297853,success
410,2000,8,2,4.0,4.0,0.01,0.5800000000000001,9.199999999999998,4,153,54,293,0,0.47394284137979653,0.4762628176300572,success
415,2000,8,2,4.0,4.0,0.01,0.5900000000000001,1.0,4,489,11,0,0,,,success
411,2000,8,2,4.0,4.0,0.01,0.5800000000000001,9.399999999999999,4,146,58,296,0,0.46908190597941885,0.4764015122568871,success
412,2000,8,2,4.0,4.0,0.01,0.5800000000000001,9.599999999999998,4,139,51,310,0,0.47078761072009345,0.4758222188176416,success
416,2000,8,2,4.0,4.0,0.01,0.5900000000000001,1.2,4,477,14,9,0,1.0,0.0,success
413,2000,8,2,4.0,4.0,0.01,0.5800000000000001,9.799999999999997,4,135,59,306,0,0.45944594095878094,0.47418433488361134,success
414,2000,8,2,4.0,4.0,0.01,0.5800000000000001,9.999999999999998,4,136,61,303,0,0.4346166654006206,0.4669342992563571,success
417,2000,8,2,4.0,4.0,0.01,0.5900000000000001,1.4,4,471,13,16,0,1.0,0.0,success
418,2000,8,2,4.0,4.0,0.01,0.5900000000000001,1.5999999999999999,4,468,16,16,0,1.0,0.0,success
419,2000,8,2,4.0,4.0,0.01,0.5900000000000001,1.7999999999999998,4,466,15,19,0,1.0,0.0,success
420,2000,8,2,4.0,4.0,0.01,0.5900000000000001,1.9999999999999998,4,463,15,22,0,1.0,0.0,success
422,2000,8,2,4.0,4.0,0.01,0.5900000000000001,2.3999999999999995,4,435,24,41,0,0.9851493783594344,0.06670743709086445,success
421,2000,8,2,4.0,4.0,0.01,0.5900000000000001,2.1999999999999997,4,448,22,30,0,0.9888880597323925,0.06086260342218645,success
423,2000,8,2,4.0,4.0,0.01,0.5900000000000001,2.5999999999999996,4,425,31,44,0,1.0,0.0,success
424,2000,8,2,4.0,4.0,0.01,0.5900000000000001,2.8,4,422,34,44,0,0.9935277362255097,0.04293214096838739,success
425,2000,8,2,4.0,4.0,0.01,0.5900000000000001,2.9999999999999996,4,419,32,49,0,0.9902262804541084,0.048756656893407684,success
426,2000,8,2,4.0,4.0,0.01,0.5900000000000001,3.1999999999999993,4,401,39,60,0,0.9825325516732089,0.06630809470939504,success
427,2000,8,2,4.0,4.0,0.01,0.5900000000000001,3.3999999999999995,4,386,49,65,0,0.9859676224401036,0.06463947547989714,success
428,2000,8,2,4.0,4.0,0.01,0.5900000000000001,3.5999999999999996,4,368,49,83,0,0.9352725571077063,0.20586955486613287,success
429,2000,8,2,4.0,4.0,0.01,0.5900000000000001,3.7999999999999994,4,364,49,87,0,0.9647742058124943,0.1378459002688743,success
430,2000,8,2,4.0,4.0,0.01,0.5900000000000001,3.999999999999999,4,368,47,85,0,0.9721775161684034,0.13044814980793196,success
431,2000,8,2,4.0,4.0,0.01,0.5900000000000001,4.199999999999999,4,342,54,104,0,0.9132838175034504,0.2701979754692914,success
432,2000,8,2,4.0,4.0,0.01,0.5900000000000001,4.3999999999999995,4,336,55,109,0,0.9020875350351856,0.2805826500653329,success
433,2000,8,2,4.0,4.0,0.01,0.5900000000000001,4.6,4,324,51,125,0,0.9318793832213546,0.2374741385892306,success
434,2000,8,2,4.0,4.0,0.01,0.5900000000000001,4.799999999999999,4,320,51,129,0,0.912727338626947,0.2703581735934034,success
435,2000,8,2,4.0,4.0,0.01,0.5900000000000001,4.999999999999999,4,314,46,140,0,0.9034145586249533,0.2818853292107605,success
436,2000,8,2,4.0,4.0,0.01,0.5900000000000001,5.199999999999999,4,291,49,160,0,0.8775004519909728,0.3144292551177993,success
437,2000,8,2,4.0,4.0,0.01,0.5900000000000001,5.399999999999999,4,290,49,161,0,0.8458622904439413,0.3488960990435264,success
438,2000,8,2,4.0,4.0,0.01,0.5900000000000001,5.599999999999999,4,276,51,173,0,0.8166518701364907,0.3763505969729589,success
439,2000,8,2,4.0,4.0,0.01,0.5900000000000001,5.799999999999999,4,268,51,181,0,0.8083502402537457,0.38325801682862737,success
440,2000,8,2,4.0,4.0,0.01,0.5900000000000001,5.999999999999999,4,265,48,187,0,0.8099079842948967,0.3806510724041993,success
441,2000,8,2,4.0,4.0,0.01,0.5900000000000001,6.199999999999999,4,245,50,205,0,0.7637667541589068,0.41324992139548344,success
442,2000,8,2,4.0,4.0,0.01,0.5900000000000001,6.399999999999999,4,239,47,214,0,0.7381078936332353,0.4246019732388945,success
444,2000,8,2,4.0,4.0,0.01,0.5900000000000001,6.799999999999999,4,217,42,241,0,0.6873590685259454,0.4509489380677195,success
443,2000,8,2,4.0,4.0,0.01,0.5900000000000001,6.599999999999999,4,228,44,228,0,0.7113215147653105,0.4403431641383452,success
445,2000,8,2,4.0,4.0,0.01,0.5900000000000001,6.999999999999998,4,210,45,245,0,0.6481500851141117,0.4660213707256033,success
446,2000,8,2,4.0,4.0,0.01,0.5900000000000001,7.199999999999998,4,212,43,245,0,0.6465257333087349,0.4643399898619297,success
447,2000,8,2,4.0,4.0,0.01,0.5900000000000001,7.399999999999999,4,206,48,246,0,0.6221842989845079,0.47172790459294534,success
448,2000,8,2,4.0,4.0,0.01,0.5900000000000001,7.599999999999999,4,195,46,259,0,0.5957143993090838,0.4765850410745443,success
449,2000,8,2,4.0,4.0,0.01,0.5900000000000001,7.799999999999999,4,185,49,266,0,0.5744308515630208,0.47948758884089304,success
450,2000,8,2,4.0,4.0,0.01,0.5900000000000001,7.999999999999998,4,184,45,271,0,0.589885495894667,0.4764134646422745,success
451,2000,8,2,4.0,4.0,0.01,0.5900000000000001,8.2,4,177,45,278,0,0.5795973295792477,0.4771244729845985,success
452,2000,8,2,4.0,4.0,0.01,0.5900000000000001,8.399999999999999,4,164,46,290,0,0.5475350068291615,0.4797031126848634,success
461,2000,8,2,4.0,4.0,0.01,0.6000000000000001,1.0,4,489,11,0,0,,,success
453,2000,8,2,4.0,4.0,0.01,0.5900000000000001,8.599999999999998,4,160,49,291,0,0.5298662001129737,0.4811218415829595,success
454,2000,8,2,4.0,4.0,0.01,0.5900000000000001,8.799999999999997,4,160,53,287,0,0.5088475461959574,0.47984218987471877,success
455,2000,8,2,4.0,4.0,0.01,0.5900000000000001,8.999999999999998,4,155,52,293,0,0.5021321014251446,0.48114031618297853,success
462,2000,8,2,4.0,4.0,0.01,0.6000000000000001,1.2,4,477,14,9,0,1.0,0.0,success
463,2000,8,2,4.0,4.0,0.01,0.6000000000000001,1.4,4,471,13,16,0,1.0,0.0,success
456,2000,8,2,4.0,4.0,0.01,0.5900000000000001,9.199999999999998,4,153,54,293,0,0.47394284137979653,0.4762628176300572,success
457,2000,8,2,4.0,4.0,0.01,0.5900000000000001,9.399999999999999,4,146,58,296,0,0.46908190597941885,0.4764015122568871,success
464,2000,8,2,4.0,4.0,0.01,0.6000000000000001,1.5999999999999999,4,468,16,16,0,1.0,0.0,success
458,2000,8,2,4.0,4.0,0.01,0.5900000000000001,9.599999999999998,4,139,51,310,0,0.47078761072009345,0.4758222188176416,success
465,2000,8,2,4.0,4.0,0.01,0.6000000000000001,1.7999999999999998,4,466,15,19,0,1.0,0.0,success
459,2000,8,2,4.0,4.0,0.01,0.5900000000000001,9.799999999999997,4,135,59,306,0,0.45944594095878094,0.47418433488361134,success
467,2000,8,2,4.0,4.0,0.01,0.6000000000000001,2.1999999999999997,4,448,22,30,0,0.9888880597323925,0.06086260342218645,success
466,2000,8,2,4.0,4.0,0.01,0.6000000000000001,1.9999999999999998,4,463,15,22,0,1.0,0.0,success
468,2000,8,2,4.0,4.0,0.01,0.6000000000000001,2.3999999999999995,4,435,24,41,0,0.9851493783594344,0.06670743709086445,success
460,2000,8,2,4.0,4.0,0.01,0.5900000000000001,9.999999999999998,4,136,61,303,0,0.4346166654006206,0.4669342992563571,success
470,2000,8,2,4.0,4.0,0.01,0.6000000000000001,2.8,4,422,34,44,0,0.9935277362255097,0.04293214096838739,success
469,2000,8,2,4.0,4.0,0.01,0.6000000000000001,2.5999999999999996,4,425,31,44,0,1.0,0.0,success
471,2000,8,2,4.0,4.0,0.01,0.6000000000000001,2.9999999999999996,4,419,32,49,0,0.9902262804541084,0.048756656893407684,success
473,2000,8,2,4.0,4.0,0.01,0.6000000000000001,3.3999999999999995,4,386,49,65,0,0.9859676224401036,0.06463947547989714,success
472,2000,8,2,4.0,4.0,0.01,0.6000000000000001,3.1999999999999993,4,401,39,60,0,0.9825325516732089,0.06630809470939504,success
474,2000,8,2,4.0,4.0,0.01,0.6000000000000001,3.5999999999999996,4,368,49,83,0,0.9352725571077063,0.20586955486613287,success
477,2000,8,2,4.0,4.0,0.01,0.6000000000000001,4.199999999999999,4,342,54,104,0,0.9132838175034504,0.2701979754692914,success
476,2000,8,2,4.0,4.0,0.01,0.6000000000000001,3.999999999999999,4,368,47,85,0,0.9721775161684034,0.13044814980793196,success
475,2000,8,2,4.0,4.0,0.01,0.6000000000000001,3.7999999999999994,4,364,49,87,0,0.9647742058124943,0.1378459002688743,success
478,2000,8,2,4.0,4.0,0.01,0.6000000000000001,4.3999999999999995,4,336,55,109,0,0.9020875350351856,0.2805826500653329,success
479,2000,8,2,4.0,4.0,0.01,0.6000000000000001,4.6,4,324,51,125,0,0.9318793832213546,0.2374741385892306,success
480,2000,8,2,4.0,4.0,0.01,0.6000000000000001,4.799999999999999,4,320,51,129,0,0.912727338626947,0.2703581735934034,success
481,2000,8,2,4.0,4.0,0.01,0.6000000000000001,4.999999999999999,4,314,46,140,0,0.9034145586249533,0.2818853292107605,success
482,2000,8,2,4.0,4.0,0.01,0.6000000000000001,5.199999999999999,4,291,49,160,0,0.8775004519909728,0.3144292551177993,success
483,2000,8,2,4.0,4.0,0.01,0.6000000000000001,5.399999999999999,4,290,49,161,0,0.8458622904439413,0.3488960990435264,success
484,2000,8,2,4.0,4.0,0.01,0.6000000000000001,5.599999999999999,4,276,51,173,0,0.8166518701364907,0.3763505969729589,success
485,2000,8,2,4.0,4.0,0.01,0.6000000000000001,5.799999999999999,4,268,51,181,0,0.8083502402537457,0.38325801682862737,success
486,2000,8,2,4.0,4.0,0.01,0.6000000000000001,5.999999999999999,4,265,48,187,0,0.8099079842948967,0.3806510724041993,success
487,2000,8,2,4.0,4.0,0.01,0.6000000000000001,6.199999999999999,4,245,50,205,0,0.7637667541589068,0.41324992139548344,success
488,2000,8,2,4.0,4.0,0.01,0.6000000000000001,6.399999999999999,4,239,47,214,0,0.7381078936332353,0.4246019732388945,success
489,2000,8,2,4.0,4.0,0.01,0.6000000000000001,6.599999999999999,4,228,44,228,0,0.7113215147653105,0.4403431641383452,success
491,2000,8,2,4.0,4.0,0.01,0.6000000000000001,6.999999999999998,4,210,45,245,0,0.6481500851141117,0.4660213707256033,success
490,2000,8,2,4.0,4.0,0.01,0.6000000000000001,6.799999999999999,4,217,42,241,0,0.6873590685259454,0.4509489380677195,success
492,2000,8,2,4.0,4.0,0.01,0.6000000000000001,7.199999999999998,4,212,43,245,0,0.6465257333087349,0.4643399898619297,success
493,2000,8,2,4.0,4.0,0.01,0.6000000000000001,7.399999999999999,4,206,48,246,0,0.6221842989845079,0.47172790459294534,success
494,2000,8,2,4.0,4.0,0.01,0.6000000000000001,7.599999999999999,4,195,46,259,0,0.5957143993090838,0.4765850410745443,success
496,2000,8,2,4.0,4.0,0.01,0.6000000000000001,7.999999999999998,4,184,45,271,0,0.589885495894667,0.4764134646422745,success
495,2000,8,2,4.0,4.0,0.01,0.6000000000000001,7.799999999999999,4,185,49,266,0,0.5744308515630208,0.47948758884089304,success
497,2000,8,2,4.0,4.0,0.01,0.6000000000000001,8.2,4,177,45,278,0,0.5795973295792477,0.4771244729845985,success
498,2000,8,2,4.0,4.0,0.01,0.6000000000000001,8.399999999999999,4,164,46,290,0,0.5475350068291615,0.4797031126848634,success
500,2000,8,2,4.0,4.0,0.01,0.6000000000000001,8.799999999999997,4,160,53,287,0,0.5088475461959574,0.47984218987471877,success
499,2000,8,2,4.0,4.0,0.01,0.6000000000000001,8.599999999999998,4,160,49,291,0,0.5298662001129737,0.4811218415829595,success
507,2000,8,2,4.0,4.0,0.01,0.6100000000000001,1.0,4,489,11,0,0,,,success
501,2000,8,2,4.0,4.0,0.01,0.6000000000000001,8.999999999999998,4,155,52,293,0,0.5021321014251446,0.48114031618297853,success
508,2000,8,2,4.0,4.0,0.01,0.6100000000000001,1.2,4,477,14,9,0,1.0,0.0,success
509,2000,8,2,4.0,4.0,0.01,0.6100000000000001,1.4,4,471,13,16,0,1.0,0.0,success
502,2000,8,2,4.0,4.0,0.01,0.6000000000000001,9.199999999999998,4,153,54,293,0,0.47394284137979653,0.4762628176300572,success
503,2000,8,2,4.0,4.0,0.01,0.6000000000000001,9.399999999999999,4,146,58,296,0,0.46908190597941885,0.4764015122568871,success
504,2000,8,2,4.0,4.0,0.01,0.6000000000000001,9.599999999999998,4,139,51,310,0,0.47078761072009345,0.4758222188176416,success
505,2000,8,2,4.0,4.0,0.01,0.6000000000000001,9.799999999999997,4,135,59,306,0,0.45944594095878094,0.47418433488361134,success
510,2000,8,2,4.0,4.0,0.01,0.6100000000000001,1.5999999999999999,4,468,16,16,0,1.0,0.0,success
511,2000,8,2,4.0,4.0,0.01,0.6100000000000001,1.7999999999999998,4,466,15,19,0,1.0,0.0,success
506,2000,8,2,4.0,4.0,0.01,0.6000000000000001,9.999999999999998,4,136,61,303,0,0.4346166654006206,0.4669342992563571,success
512,2000,8,2,4.0,4.0,0.01,0.6100000000000001,1.9999999999999998,4,463,15,22,0,1.0,0.0,success
513,2000,8,2,4.0,4.0,0.01,0.6100000000000001,2.1999999999999997,4,448,22,30,0,0.9888880597323925,0.06086260342218645,success
514,2000,8,2,4.0,4.0,0.01,0.6100000000000001,2.3999999999999995,4,435,24,41,0,0.9851493783594344,0.06670743709086445,success
515,2000,8,2,4.0,4.0,0.01,0.6100000000000001,2.5999999999999996,4,425,31,44,0,1.0,0.0,success
516,2000,8,2,4.0,4.0,0.01,0.6100000000000001,2.8,4,422,34,44,0,0.9935277362255097,0.04293214096838739,success
517,2000,8,2,4.0,4.0,0.01,0.6100000000000001,2.9999999999999996,4,419,32,49,0,0.9902262804541084,0.048756656893407684,success
518,2000,8,2,4.0,4.0,0.01,0.6100000000000001,3.1999999999999993,4,401,39,60,0,0.9825325516732089,0.06630809470939504,success
519,2000,8,2,4.0,4.0,0.01,0.6100000000000001,3.3999999999999995,4,386,49,65,0,0.9859676224401036,0.06463947547989714,success
520,2000,8,2,4.0,4.0,0.01,0.6100000000000001,3.5999999999999996,4,368,49,83,0,0.9352725571077063,0.20586955486613287,success
521,2000,8,2,4.0,4.0,0.01,0.6100000000000001,3.7999999999999994,4,364,49,87,0,0.9647742058124943,0.1378459002688743,success
522,2000,8,2,4.0,4.0,0.01,0.6100000000000001,3.999999999999999,4,368,47,85,0,0.9721775161684034,0.13044814980793196,success
523,2000,8,2,4.0,4.0,0.01,0.6100000000000001,4.199999999999999,4,342,54,104,0,0.9132838175034504,0.2701979754692914,success
524,2000,8,2,4.0,4.0,0.01,0.6100000000000001,4.3999999999999995,4,336,55,109,0,0.9020875350351856,0.2805826500653329,success
525,2000,8,2,4.0,4.0,0.01,0.6100000000000001,4.6,4,324,51,125,0,0.9318793832213546,0.2374741385892306,success
526,2000,8,2,4.0,4.0,0.01,0.6100000000000001,4.799999999999999,4,320,51,129,0,0.912727338626947,0.2703581735934034,success
527,2000,8,2,4.0,4.0,0.01,0.6100000000000001,4.999999999999999,4,314,46,140,0,0.9034145586249533,0.2818853292107605,success
528,2000,8,2,4.0,4.0,0.01,0.6100000000000001,5.199999999999999,4,291,49,160,0,0.8775004519909728,0.3144292551177993,success
529,2000,8,2,4.0,4.0,0.01,0.6100000000000001,5.399999999999999,4,290,49,161,0,0.8458622904439413,0.3488960990435264,success
530,2000,8,2,4.0,4.0,0.01,0.6100000000000001,5.599999999999999,4,276,51,173,0,0.8166518701364907,0.3763505969729589,success
531,2000,8,2,4.0,4.0,0.01,0.6100000000000001,5.799999999999999,4,268,51,181,0,0.8083502402537457,0.38325801682862737,success
532,2000,8,2,4.0,4.0,0.01,0.6100000000000001,5.999999999999999,4,265,48,187,0,0.8099079842948967,0.3806510724041993,success
533,2000,8,2,4.0,4.0,0.01,0.6100000000000001,6.199999999999999,4,245,50,205,0,0.7637667541589068,0.41324992139548344,success
534,2000,8,2,4.0,4.0,0.01,0.6100000000000001,6.399999999999999,4,239,47,214,0,0.7381078936332353,0.4246019732388945,success
537,2000,8,2,4.0,4.0,0.01,0.6100000000000001,6.999999999999998,4,210,45,245,0,0.6481500851141117,0.4660213707256033,success
535,2000,8,2,4.0,4.0,0.01,0.6100000000000001,6.599999999999999,4,228,44,228,0,0.7113215147653105,0.4403431641383452,success
536,2000,8,2,4.0,4.0,0.01,0.6100000000000001,6.799999999999999,4,217,42,241,0,0.6873590685259454,0.4509489380677195,success
538,2000,8,2,4.0,4.0,0.01,0.6100000000000001,7.199999999999998,4,212,43,245,0,0.6465257333087349,0.4643399898619297,success
539,2000,8,2,4.0,4.0,0.01,0.6100000000000001,7.399999999999999,4,206,48,246,0,0.6221842989845079,0.47172790459294534,success
540,2000,8,2,4.0,4.0,0.01,0.6100000000000001,7.599999999999999,4,195,46,259,0,0.5957143993090838,0.4765850410745443,success
541,2000,8,2,4.0,4.0,0.01,0.6100000000000001,7.799999999999999,4,185,49,266,0,0.5744308515630208,0.47948758884089304,success
542,2000,8,2,4.0,4.0,0.01,0.6100000000000001,7.999999999999998,4,184,45,271,0,0.589885495894667,0.4764134646422745,success
543,2000,8,2,4.0,4.0,0.01,0.6100000000000001,8.2,4,177,45,278,0,0.5795973295792477,0.4771244729845985,success
544,2000,8,2,4.0,4.0,0.01,0.6100000000000001,8.399999999999999,4,164,46,290,0,0.5475350068291615,0.4797031126848634,success
545,2000,8,2,4.0,4.0,0.01,0.6100000000000001,8.599999999999998,4,160,49,291,0,0.5298662001129737,0.4811218415829595,success
546,2000,8,2,4.0,4.0,0.01,0.6100000000000001,8.799999999999997,4,160,53,287,0,0.5088475461959574,0.47984218987471877,success
553,2000,8,2,4.0,4.0,0.01,0.6200000000000001,1.0,4,489,11,0,0,,,success
547,2000,8,2,4.0,4.0,0.01,0.6100000000000001,8.999999999999998,4,155,52,293,0,0.5021321014251446,0.48114031618297853,success
554,2000,8,2,4.0,4.0,0.01,0.6200000000000001,1.2,4,477,14,9,0,1.0,0.0,success
555,2000,8,2,4.0,4.0,0.01,0.6200000000000001,1.4,4,471,13,16,0,1.0,0.0,success
548,2000,8,2,4.0,4.0,0.01,0.6100000000000001,9.199999999999998,4,153,54,293,0,0.47394284137979653,0.4762628176300572,success
549,2000,8,2,4.0,4.0,0.01,0.6100000000000001,9.399999999999999,4,146,58,296,0,0.46908190597941885,0.4764015122568871,success
556,2000,8,2,4.0,4.0,0.01,0.6200000000000001,1.5999999999999999,4,468,16,16,0,1.0,0.0,success
557,2000,8,2,4.0,4.0,0.01,0.6200000000000001,1.7999999999999998,4,466,15,19,0,1.0,0.0,success
550,2000,8,2,4.0,4.0,0.01,0.6100000000000001,9.599999999999998,4,139,51,310,0,0.47078761072009345,0.4758222188176416,success
558,2000,8,2,4.0,4.0,0.01,0.6200000000000001,1.9999999999999998,4,463,15,22,0,1.0,0.0,success
559,2000,8,2,4.0,4.0,0.01,0.6200000000000001,2.1999999999999997,4,448,22,30,0,0.9888880597323925,0.06086260342218645,success
551,2000,8,2,4.0,4.0,0.01,0.6100000000000001,9.799999999999997,4,135,59,306,0,0.45944594095878094,0.47418433488361134,success
560,2000,8,2,4.0,4.0,0.01,0.6200000000000001,2.3999999999999995,4,435,24,41,0,0.9851493783594344,0.06670743709086445,success
561,2000,8,2,4.0,4.0,0.01,0.6200000000000001,2.5999999999999996,4,425,31,44,0,1.0,0.0,success
552,2000,8,2,4.0,4.0,0.01,0.6100000000000001,9.999999999999998,4,136,61,303,0,0.4346166654006206,0.4669342992563571,success
562,2000,8,2,4.0,4.0,0.01,0.6200000000000001,2.8,4,422,34,44,0,0.9935277362255097,0.04293214096838739,success
563,2000,8,2,4.0,4.0,0.01,0.6200000000000001,2.9999999999999996,4,419,32,49,0,0.9902262804541084,0.048756656893407684,success
564,2000,8,2,4.0,4.0,0.01,0.6200000000000001,3.1999999999999993,4,401,39,60,0,0.9825325516732089,0.06630809470939504,success
565,2000,8,2,4.0,4.0,0.01,0.6200000000000001,3.3999999999999995,4,386,49,65,0,0.9859676224401036,0.06463947547989714,success
566,2000,8,2,4.0,4.0,0.01,0.6200000000000001,3.5999999999999996,4,368,49,83,0,0.9352725571077063,0.20586955486613287,success
568,2000,8,2,4.0,4.0,0.01,0.6200000000000001,3.999999999999999,4,368,47,85,0,0.9721775161684034,0.13044814980793196,success
567,2000,8,2,4.0,4.0,0.01,0.6200000000000001,3.7999999999999994,4,364,49,87,0,0.9647742058124943,0.1378459002688743,success
569,2000,8,2,4.0,4.0,0.01,0.6200000000000001,4.199999999999999,4,342,54,104,0,0.9132838175034504,0.2701979754692914,success
570,2000,8,2,4.0,4.0,0.01,0.6200000000000001,4.3999999999999995,4,336,55,109,0,0.9020875350351856,0.2805826500653329,success
571,2000,8,2,4.0,4.0,0.01,0.6200000000000001,4.6,4,324,51,125,0,0.9318793832213546,0.2374741385892306,success
572,2000,8,2,4.0,4.0,0.01,0.6200000000000001,4.799999999999999,4,320,51,129,0,0.912727338626947,0.2703581735934034,success
574,2000,8,2,4.0,4.0,0.01,0.6200000000000001,5.199999999999999,4,291,49,160,0,0.8775004519909728,0.3144292551177993,success
573,2000,8,2,4.0,4.0,0.01,0.6200000000000001,4.999999999999999,4,314,46,140,0,0.9034145586249533,0.2818853292107605,success
575,2000,8,2,4.0,4.0,0.01,0.6200000000000001,5.399999999999999,4,290,49,161,0,0.8458622904439413,0.3488960990435264,success
576,2000,8,2,4.0,4.0,0.01,0.6200000000000001,5.599999999999999,4,276,51,173,0,0.8166518701364907,0.3763505969729589,success
577,2000,8,2,4.0,4.0,0.01,0.6200000000000001,5.799999999999999,4,268,51,181,0,0.8083502402537457,0.38325801682862737,success
579,2000,8,2,4.0,4.0,0.01,0.6200000000000001,6.199999999999999,4,245,50,205,0,0.7637667541589068,0.41324992139548344,success
578,2000,8,2,4.0,4.0,0.01,0.6200000000000001,5.999999999999999,4,265,48,187,0,0.8099079842948967,0.3806510724041993,success
580,2000,8,2,4.0,4.0,0.01,0.6200000000000001,6.399999999999999,4,239,47,214,0,0.7381078936332353,0.4246019732388945,success
581,2000,8,2,4.0,4.0,0.01,0.6200000000000001,6.599999999999999,4,228,44,228,0,0.7113215147653105,0.4403431641383452,success
583,2000,8,2,4.0,4.0,0.01,0.6200000000000001,6.999999999999998,4,210,45,245,0,0.6481500851141117,0.4660213707256033,success
582,2000,8,2,4.0,4.0,0.01,0.6200000000000001,6.799999999999999,4,217,42,241,0,0.6873590685259454,0.4509489380677195,success
584,2000,8,2,4.0,4.0,0.01,0.6200000000000001,7.199999999999998,4,212,43,245,0,0.6465257333087349,0.4643399898619297,success
585,2000,8,2,4.0,4.0,0.01,0.6200000000000001,7.399999999999999,4,206,48,246,0,0.6221842989845079,0.47172790459294534,success
586,2000,8,2,4.0,4.0,0.01,0.6200000000000001,7.599999999999999,4,195,46,259,0,0.5957143993090838,0.4765850410745443,success
587,2000,8,2,4.0,4.0,0.01,0.6200000000000001,7.799999999999999,4,185,49,266,0,0.5744308515630208,0.47948758884089304,success
589,2000,8,2,4.0,4.0,0.01,0.6200000000000001,8.2,4,177,45,278,0,0.5795973295792477,0.4771244729845985,success
588,2000,8,2,4.0,4.0,0.01,0.6200000000000001,7.999999999999998,4,184,45,271,0,0.589885495894667,0.4764134646422745,success
590,2000,8,2,4.0,4.0,0.01,0.6200000000000001,8.399999999999999,4,164,46,290,0,0.5475350068291615,0.4797031126848634,success
591,2000,8,2,4.0,4.0,0.01,0.6200000000000001,8.599999999999998,4,160,49,291,0,0.5298662001129737,0.4811218415829595,success
592,2000,8,2,4.0,4.0,0.01,0.6200000000000001,8.799999999999997,4,160,53,287,0,0.5088475461959574,0.47984218987471877,success
599,2000,8,2,4.0,4.0,0.01,0.6300000000000001,1.0,4,489,11,0,0,,,success
593,2000,8,2,4.0,4.0,0.01,0.6200000000000001,8.999999999999998,4,155,52,293,0,0.5021321014251446,0.48114031618297853,success
600,2000,8,2,4.0,4.0,0.01,0.6300000000000001,1.2,4,477,14,9,0,1.0,0.0,success
595,2000,8,2,4.0,4.0,0.01,0.6200000000000001,9.399999999999999,4,146,58,296,0,0.46908190597941885,0.4764015122568871,success
601,2000,8,2,4.0,4.0,0.01,0.6300000000000001,1.4,4,471,13,16,0,1.0,0.0,success
603,2000,8,2,4.0,4.0,0.01,0.6300000000000001,1.7999999999999998,4,466,15,19,0,1.0,0.0,success
594,2000,8,2,4.0,4.0,0.01,0.6200000000000001,9.199999999999998,4,153,54,293,0,0.47394284137979653,0.4762628176300572,success
602,2000,8,2,4.0,4.0,0.01,0.6300000000000001,1.5999999999999999,4,468,16,16,0,1.0,0.0,success
596,2000,8,2,4.0,4.0,0.01,0.6200000000000001,9.599999999999998,4,139,51,310,0,0.47078761072009345,0.4758222188176416,success
604,2000,8,2,4.0,4.0,0.01,0.6300000000000001,1.9999999999999998,4,463,15,22,0,1.0,0.0,success
597,2000,8,2,4.0,4.0,0.01,0.6200000000000001,9.799999999999997,4,135,59,306,0,0.45944594095878094,0.47418433488361134,success
605,2000,8,2,4.0,4.0,0.01,0.6300000000000001,2.1999999999999997,4,448,22,30,0,0.9888880597323925,0.06086260342218645,success
598,2000,8,2,4.0,4.0,0.01,0.6200000000000001,9.999999999999998,4,136,61,303,0,0.4346166654006206,0.4669342992563571,success
606,2000,8,2,4.0,4.0,0.01,0.6300000000000001,2.3999999999999995,4,435,24,41,0,0.9851493783594344,0.06670743709086445,success
607,2000,8,2,4.0,4.0,0.01,0.6300000000000001,2.5999999999999996,4,425,31,44,0,1.0,0.0,success
608,2000,8,2,4.0,4.0,0.01,0.6300000000000001,2.8,4,422,34,44,0,0.9935277362255097,0.04293214096838739,success
609,2000,8,2,4.0,4.0,0.01,0.6300000000000001,2.9999999999999996,4,419,32,49,0,0.9902262804541084,0.048756656893407684,success
610,2000,8,2,4.0,4.0,0.01,0.6300000000000001,3.1999999999999993,4,401,39,60,0,0.9825325516732089,0.06630809470939504,success
611,2000,8,2,4.0,4.0,0.01,0.6300000000000001,3.3999999999999995,4,386,49,65,0,0.9859676224401036,0.06463947547989714,success
613,2000,8,2,4.0,4.0,0.01,0.6300000000000001,3.7999999999999994,4,364,49,87,0,0.9647742058124943,0.1378459002688743,success
612,2000,8,2,4.0,4.0,0.01,0.6300000000000001,3.5999999999999996,4,368,49,83,0,0.9352725571077063,0.20586955486613287,success
614,2000,8,2,4.0,4.0,0.01,0.6300000000000001,3.999999999999999,4,368,47,85,0,0.9721775161684034,0.13044814980793196,success
615,2000,8,2,4.0,4.0,0.01,0.6300000000000001,4.199999999999999,4,342,54,104,0,0.9132838175034504,0.2701979754692914,success
616,2000,8,2,4.0,4.0,0.01,0.6300000000000001,4.3999999999999995,4,336,55,109,0,0.9020875350351856,0.2805826500653329,success
618,2000,8,2,4.0,4.0,0.01,0.6300000000000001,4.799999999999999,4,320,51,129,0,0.912727338626947,0.2703581735934034,success
617,2000,8,2,4.0,4.0,0.01,0.6300000000000001,4.6,4,324,51,125,0,0.9318793832213546,0.2374741385892306,success
620,2000,8,2,4.0,4.0,0.01,0.6300000000000001,5.199999999999999,4,291,49,160,0,0.8775004519909728,0.3144292551177993,success
619,2000,8,2,4.0,4.0,0.01,0.6300000000000001,4.999999999999999,4,314,46,140,0,0.9034145586249533,0.2818853292107605,success
621,2000,8,2,4.0,4.0,0.01,0.6300000000000001,5.399999999999999,4,290,49,161,0,0.8458622904439413,0.3488960990435264,success
622,2000,8,2,4.0,4.0,0.01,0.6300000000000001,5.599999999999999,4,276,51,173,0,0.8166518701364907,0.3763505969729589,success
624,2000,8,2,4.0,4.0,0.01,0.6300000000000001,5.999999999999999,4,265,48,187,0,0.8099079842948967,0.3806510724041993,success
623,2000,8,2,4.0,4.0,0.01,0.6300000000000001,5.799999999999999,4,268,51,181,0,0.8083502402537457,0.38325801682862737,success
626,2000,8,2,4.0,4.0,0.01,0.6300000000000001,6.399999999999999,4,239,47,214,0,0.7381078936332353,0.4246019732388945,success
625,2000,8,2,4.0,4.0,0.01,0.6300000000000001,6.199999999999999,4,245,50,205,0,0.7637667541589068,0.41324992139548344,success
627,2000,8,2,4.0,4.0,0.01,0.6300000000000001,6.599999999999999,4,228,44,228,0,0.7113215147653105,0.4403431641383452,success
628,2000,8,2,4.0,4.0,0.01,0.6300000000000001,6.799999999999999,4,217,42,241,0,0.6873590685259454,0.4509489380677195,success
630,2000,8,2,4.0,4.0,0.01,0.6300000000000001,7.199999999999998,4,212,43,245,0,0.6465257333087349,0.4643399898619297,success
629,2000,8,2,4.0,4.0,0.01,0.6300000000000001,6.999999999999998,4,210,45,245,0,0.6481500851141117,0.4660213707256033,success
631,2000,8,2,4.0,4.0,0.01,0.6300000000000001,7.399999999999999,4,206,48,246,0,0.6221842989845079,0.47172790459294534,success
632,2000,8,2,4.0,4.0,0.01,0.6300000000000001,7.599999999999999,4,195,46,259,0,0.5957143993090838,0.4765850410745443,success
633,2000,8,2,4.0,4.0,0.01,0.6300000000000001,7.799999999999999,4,185,49,266,0,0.5744308515630208,0.47948758884089304,success
634,2000,8,2,4.0,4.0,0.01,0.6300000000000001,7.999999999999998,4,184,45,271,0,0.589885495894667,0.4764134646422745,success
635,2000,8,2,4.0,4.0,0.01,0.6300000000000001,8.2,4,177,45,278,0,0.5795973295792477,0.4771244729845985,success
637,2000,8,2,4.0,4.0,0.01,0.6300000000000001,8.599999999999998,4,160,49,291,0,0.5298662001129737,0.4811218415829595,success
636,2000,8,2,4.0,4.0,0.01,0.6300000000000001,8.399999999999999,4,164,46,290,0,0.5475350068291615,0.4797031126848634,success
638,2000,8,2,4.0,4.0,0.01,0.6300000000000001,8.799999999999997,4,160,53,287,0,0.5088475461959574,0.47984218987471877,success
639,2000,8,2,4.0,4.0,0.01,0.6300000000000001,8.999999999999998,4,155,52,293,0,0.5021321014251446,0.48114031618297853,success
640,2000,8,2,4.0,4.0,0.01,0.6300000000000001,9.199999999999998,4,153,54,293,0,0.47394284137979653,0.4762628176300572,success
641,2000,8,2,4.0,4.0,0.01,0.6300000000000001,9.399999999999999,4,146,58,296,0,0.46908190597941885,0.4764015122568871,success
645,2000,8,2,4.0,4.0,0.01,0.6400000000000001,1.0,4,489,11,0,0,,,success
646,2000,8,2,4.0,4.0,0.01,0.6400000000000001,1.2,4,477,14,9,0,1.0,0.0,success
647,2000,8,2,4.0,4.0,0.01,0.6400000000000001,1.4,4,471,13,16,0,1.0,0.0,success
648,2000,8,2,4.0,4.0,0.01,0.6400000000000001,1.5999999999999999,4,468,16,16,0,1.0,0.0,success
649,2000,8,2,4.0,4.0,0.01,0.6400000000000001,1.7999999999999998,4,466,15,19,0,1.0,0.0,success
642,2000,8,2,4.0,4.0,0.01,0.6300000000000001,9.599999999999998,4,139,51,310,0,0.47078761072009345,0.4758222188176416,success
650,2000,8,2,4.0,4.0,0.01,0.6400000000000001,1.9999999999999998,4,463,15,22,0,1.0,0.0,success
651,2000,8,2,4.0,4.0,0.01,0.6400000000000001,2.1999999999999997,4,448,22,30,0,0.9888880597323925,0.06086260342218645,success
643,2000,8,2,4.0,4.0,0.01,0.6300000000000001,9.799999999999997,4,135,59,306,0,0.45944594095878094,0.47418433488361134,success
652,2000,8,2,4.0,4.0,0.01,0.6400000000000001,2.3999999999999995,4,435,24,41,0,0.9851493783594344,0.06670743709086445,success
644,2000,8,2,4.0,4.0,0.01,0.6300000000000001,9.999999999999998,4,136,61,303,0,0.4346166654006206,0.4669342992563571,success
653,2000,8,2,4.0,4.0,0.01,0.6400000000000001,2.5999999999999996,4,425,31,44,0,1.0,0.0,success
654,2000,8,2,4.0,4.0,0.01,0.6400000000000001,2.8,4,422,34,44,0,0.9935277362255097,0.04293214096838739,success
655,2000,8,2,4.0,4.0,0.01,0.6400000000000001,2.9999999999999996,4,419,32,49,0,0.9902262804541084,0.048756656893407684,success
656,2000,8,2,4.0,4.0,0.01,0.6400000000000001,3.1999999999999993,4,401,39,60,0,0.9825325516732089,0.06630809470939504,success
657,2000,8,2,4.0,4.0,0.01,0.6400000000000001,3.3999999999999995,4,386,49,65,0,0.9859676224401036,0.06463947547989714,success
658,2000,8,2,4.0,4.0,0.01,0.6400000000000001,3.5999999999999996,4,368,49,83,0,0.9352725571077063,0.20586955486613287,success
659,2000,8,2,4.0,4.0,0.01,0.6400000000000001,3.7999999999999994,4,364,49,87,0,0.9647742058124943,0.1378459002688743,success
661,2000,8,2,4.0,4.0,0.01,0.6400000000000001,4.199999999999999,4,342,54,104,0,0.9132838175034504,0.2701979754692914,success
660,2000,8,2,4.0,4.0,0.01,0.6400000000000001,3.999999999999999,4,368,47,85,0,0.9721775161684034,0.13044814980793196,success
662,2000,8,2,4.0,4.0,0.01,0.6400000000000001,4.3999999999999995,4,336,55,109,0,0.9020875350351856,0.2805826500653329,success
663,2000,8,2,4.0,4.0,0.01,0.6400000000000001,4.6,4,324,51,125,0,0.9318793832213546,0.2374741385892306,success
664,2000,8,2,4.0,4.0,0.01,0.6400000000000001,4.799999999999999,4,320,51,129,0,0.912727338626947,0.2703581735934034,success
666,2000,8,2,4.0,4.0,0.01,0.6400000000000001,5.199999999999999,4,291,49,160,0,0.8775004519909728,0.3144292551177993,success
665,2000,8,2,4.0,4.0,0.01,0.6400000000000001,4.999999999999999,4,314,46,140,0,0.9034145586249533,0.2818853292107605,success
667,2000,8,2,4.0,4.0,0.01,0.6400000000000001,5.399999999999999,4,290,49,161,0,0.8458622904439413,0.3488960990435264,success
668,2000,8,2,4.0,4.0,0.01,0.6400000000000001,5.599999999999999,4,276,51,173,0,0.8166518701364907,0.3763505969729589,success
669,2000,8,2,4.0,4.0,0.01,0.6400000000000001,5.799999999999999,4,268,51,181,0,0.8083502402537457,0.38325801682862737,success
670,2000,8,2,4.0,4.0,0.01,0.6400000000000001,5.999999999999999,4,265,48,187,0,0.8099079842948967,0.3806510724041993,success
671,2000,8,2,4.0,4.0,0.01,0.6400000000000001,6.199999999999999,4,245,50,205,0,0.7637667541589068,0.41324992139548344,success
672,2000,8,2,4.0,4.0,0.01,0.6400000000000001,6.399999999999999,4,239,47,214,0,0.7381078936332353,0.4246019732388945,success
673,2000,8,2,4.0,4.0,0.01,0.6400000000000001,6.599999999999999,4,228,44,228,0,0.7113215147653105,0.4403431641383452,success
675,2000,8,2,4.0,4.0,0.01,0.6400000000000001,6.999999999999998,4,210,45,245,0,0.6481500851141117,0.4660213707256033,success
674,2000,8,2,4.0,4.0,0.01,0.6400000000000001,6.799999999999999,4,217,42,241,0,0.6873590685259454,0.4509489380677195,success
676,2000,8,2,4.0,4.0,0.01,0.6400000000000001,7.199999999999998,4,212,43,245,0,0.6465257333087349,0.4643399898619297,success
677,2000,8,2,4.0,4.0,0.01,0.6400000000000001,7.399999999999999,4,206,48,246,0,0.6221842989845079,0.47172790459294534,success
678,2000,8,2,4.0,4.0,0.01,0.6400000000000001,7.599999999999999,4,195,46,259,0,0.5957143993090838,0.4765850410745443,success
679,2000,8,2,4.0,4.0,0.01,0.6400000000000001,7.799999999999999,4,185,49,266,0,0.5744308515630208,0.47948758884089304,success
680,2000,8,2,4.0,4.0,0.01,0.6400000000000001,7.999999999999998,4,184,45,271,0,0.589885495894667,0.4764134646422745,success
681,2000,8,2,4.0,4.0,0.01,0.6400000000000001,8.2,4,177,45,278,0,0.5795973295792477,0.4771244729845985,success
682,2000,8,2,4.0,4.0,0.01,0.6400000000000001,8.399999999999999,4,164,46,290,0,0.5475350068291615,0.4797031126848634,success
683,2000,8,2,4.0,4.0,0.01,0.6400000000000001,8.599999999999998,4,160,49,291,0,0.5298662001129737,0.4811218415829595,success
684,2000,8,2,4.0,4.0,0.01,0.6400000000000001,8.799999999999997,4,160,53,287,0,0.5088475461959574,0.47984218987471877,success
692,2000,8,2,4.0,4.0,0.01,0.6500000000000001,1.2,4,477,14,9,0,1.0,0.0,success
691,2000,8,2,4.0,4.0,0.01,0.6500000000000001,1.0,4,489,11,0,0,,,success
685,2000,8,2,4.0,4.0,0.01,0.6400000000000001,8.999999999999998,4,155,52,293,0,0.5021321014251446,0.48114031618297853,success
693,2000,8,2,4.0,4.0,0.01,0.6500000000000001,1.4,4,471,13,16,0,1.0,0.0,success
694,2000,8,2,4.0,4.0,0.01,0.6500000000000001,1.5999999999999999,4,468,16,16,0,1.0,0.0,success
686,2000,8,2,4.0,4.0,0.01,0.6400000000000001,9.199999999999998,4,153,54,293,0,0.47394284137979653,0.4762628176300572,success
695,2000,8,2,4.0,4.0,0.01,0.6500000000000001,1.7999999999999998,4,466,15,19,0,1.0,0.0,success
696,2000,8,2,4.0,4.0,0.01,0.6500000000000001,1.9999999999999998,4,463,15,22,0,1.0,0.0,success
687,2000,8,2,4.0,4.0,0.01,0.6400000000000001,9.399999999999999,4,146,58,296,0,0.46908190597941885,0.4764015122568871,success
688,2000,8,2,4.0,4.0,0.01,0.6400000000000001,9.599999999999998,4,139,51,310,0,0.47078761072009345,0.4758222188176416,success
697,2000,8,2,4.0,4.0,0.01,0.6500000000000001,2.1999999999999997,4,448,22,30,0,0.9888880597323925,0.06086260342218645,success
689,2000,8,2,4.0,4.0,0.01,0.6400000000000001,9.799999999999997,4,135,59,306,0,0.45944594095878094,0.47418433488361134,success
698,2000,8,2,4.0,4.0,0.01,0.6500000000000001,2.3999999999999995,4,435,24,41,0,0.9851493783594344,0.06670743709086445,success
690,2000,8,2,4.0,4.0,0.01,0.6400000000000001,9.999999999999998,4,136,61,303,0,0.4346166654006206,0.4669342992563571,success
699,2000,8,2,4.0,4.0,0.01,0.6500000000000001,2.5999999999999996,4,425,31,44,0,1.0,0.0,success
700,2000,8,2,4.0,4.0,0.01,0.6500000000000001,2.8,4,422,34,44,0,0.9935277362255097,0.04293214096838739,success
701,2000,8,2,4.0,4.0,0.01,0.6500000000000001,2.9999999999999996,4,419,32,49,0,0.9902262804541084,0.048756656893407684,success
702,2000,8,2,4.0,4.0,0.01,0.6500000000000001,3.1999999999999993,4,401,39,60,0,0.9825325516732089,0.06630809470939504,success
703,2000,8,2,4.0,4.0,0.01,0.6500000000000001,3.3999999999999995,4,386,49,65,0,0.9859676224401036,0.06463947547989714,success
704,2000,8,2,4.0,4.0,0.01,0.6500000000000001,3.5999999999999996,4,368,49,83,0,0.9352725571077063,0.20586955486613287,success
705,2000,8,2,4.0,4.0,0.01,0.6500000000000001,3.7999999999999994,4,364,49,87,0,0.9647742058124943,0.1378459002688743,success
706,2000,8,2,4.0,4.0,0.01,0.6500000000000001,3.999999999999999,4,368,47,85,0,0.9721775161684034,0.13044814980793196,success
707,2000,8,2,4.0,4.0,0.01,0.6500000000000001,4.199999999999999,4,342,54,104,0,0.9132838175034504,0.2701979754692914,success
708,2000,8,2,4.0,4.0,0.01,0.6500000000000001,4.3999999999999995,4,336,55,109,0,0.9020875350351856,0.2805826500653329,success
709,2000,8,2,4.0,4.0,0.01,0.6500000000000001,4.6,4,324,51,125,0,0.9318793832213546,0.2374741385892306,success
711,2000,8,2,4.0,4.0,0.01,0.6500000000000001,4.999999999999999,4,314,46,140,0,0.9034145586249533,0.2818853292107605,success
710,2000,8,2,4.0,4.0,0.01,0.6500000000000001,4.799999999999999,4,320,51,129,0,0.912727338626947,0.2703581735934034,success
712,2000,8,2,4.0,4.0,0.01,0.6500000000000001,5.199999999999999,4,291,49,160,0,0.8775004519909728,0.3144292551177993,success
713,2000,8,2,4.0,4.0,0.01,0.6500000000000001,5.399999999999999,4,290,49,161,0,0.8458622904439413,0.3488960990435264,success
714,2000,8,2,4.0,4.0,0.01,0.6500000000000001,5.599999999999999,4,276,51,173,0,0.8166518701364907,0.3763505969729589,success
715,2000,8,2,4.0,4.0,0.01,0.6500000000000001,5.799999999999999,4,268,51,181,0,0.8083502402537457,0.38325801682862737,success
716,2000,8,2,4.0,4.0,0.01,0.6500000000000001,5.999999999999999,4,265,48,187,0,0.8099079842948967,0.3806510724041993,success
717,2000,8,2,4.0,4.0,0.01,0.6500000000000001,6.199999999999999,4,245,50,205,0,0.7637667541589068,0.41324992139548344,success
718,2000,8,2,4.0,4.0,0.01,0.6500000000000001,6.399999999999999,4,239,47,214,0,0.7381078936332353,0.4246019732388945,success
719,2000,8,2,4.0,4.0,0.01,0.6500000000000001,6.599999999999999,4,228,44,228,0,0.7113215147653105,0.4403431641383452,success
720,2000,8,2,4.0,4.0,0.01,0.6500000000000001,6.799999999999999,4,217,42,241,0,0.6873590685259454,0.4509489380677195,success
721,2000,8,2,4.0,4.0,0.01,0.6500000000000001,6.999999999999998,4,210,45,245,0,0.6481500851141117,0.4660213707256033,success
722,2000,8,2,4.0,4.0,0.01,0.6500000000000001,7.199999999999998,4,212,43,245,0,0.6465257333087349,0.4643399898619297,success
724,2000,8,2,4.0,4.0,0.01,0.6500000000000001,7.599999999999999,4,195,46,259,0,0.5957143993090838,0.4765850410745443,success
723,2000,8,2,4.0,4.0,0.01,0.6500000000000001,7.399999999999999,4,206,48,246,0,0.6221842989845079,0.47172790459294534,success
725,2000,8,2,4.0,4.0,0.01,0.6500000000000001,7.799999999999999,4,185,49,266,0,0.5744308515630208,0.47948758884089304,success
726,2000,8,2,4.0,4.0,0.01,0.6500000000000001,7.999999999999998,4,184,45,271,0,0.589885495894667,0.4764134646422745,success
727,2000,8,2,4.0,4.0,0.01,0.6500000000000001,8.2,4,177,45,278,0,0.5795973295792477,0.4771244729845985,success
728,2000,8,2,4.0,4.0,0.01,0.6500000000000001,8.399999999999999,4,164,46,290,0,0.5475350068291615,0.4797031126848634,success
730,2000,8,2,4.0,4.0,0.01,0.6500000000000001,8.799999999999997,4,160,53,287,0,0.5088475461959574,0.47984218987471877,success
729,2000,8,2,4.0,4.0,0.01,0.6500000000000001,8.599999999999998,4,160,49,291,0,0.5298662001129737,0.4811218415829595,success
731,2000,8,2,4.0,4.0,0.01,0.6500000000000001,8.999999999999998,4,155,52,293,0,0.5021321014251446,0.48114031618297853,success
732,2000,8,2,4.0,4.0,0.01,0.6500000000000001,9.199999999999998,4,153,54,293,0,0.47394284137979653,0.4762628176300572,success
733,2000,8,2,4.0,4.0,0.01,0.6500000000000001,9.399999999999999,4,146,58,296,0,0.46908190597941885,0.4764015122568871,success
734,2000,8,2,4.0,4.0,0.01,0.6500000000000001,9.599999999999998,4,139,51,310,0,0.47078761072009345,0.4758222188176416,success
735,2000,8,2,4.0,4.0,0.01,0.6500000000000001,9.799999999999997,4,135,59,306,0,0.45944594095878094,0.47418433488361134,success
736,2000,8,2,4.0,4.0,0.01,0.6500000000000001,9.999999999999998,4,136,61,303,0,0.4346166654006206,0.4669342992563571,success
737,2000,8,2,4.0,4.0,0.01,0.6600000000000001,1.0,4,489,11,0,0,,,success
738,2000,8,2,4.0,4.0,0.01,0.6600000000000001,1.2,4,477,14,9,0,1.0,0.0,success
739,2000,8,2,4.0,4.0,0.01,0.6600000000000001,1.4,4,471,13,16,0,1.0,0.0,success
740,2000,8,2,4.0,4.0,0.01,0.6600000000000001,1.5999999999999999,4,468,16,16,0,1.0,0.0,success
741,2000,8,2,4.0,4.0,0.01,0.6600000000000001,1.7999999999999998,4,466,15,19,0,1.0,0.0,success
742,2000,8,2,4.0,4.0,0.01,0.6600000000000001,1.9999999999999998,4,463,15,22,0,1.0,0.0,success
743,2000,8,2,4.0,4.0,0.01,0.6600000000000001,2.1999999999999997,4,448,22,30,0,0.9888880597323925,0.06086260342218645,success
745,2000,8,2,4.0,4.0,0.01,0.6600000000000001,2.5999999999999996,4,425,31,44,0,1.0,0.0,success
744,2000,8,2,4.0,4.0,0.01,0.6600000000000001,2.3999999999999995,4,435,24,41,0,0.9851493783594344,0.06670743709086445,success
746,2000,8,2,4.0,4.0,0.01,0.6600000000000001,2.8,4,422,34,44,0,0.9935277362255097,0.04293214096838739,success
747,2000,8,2,4.0,4.0,0.01,0.6600000000000001,2.9999999999999996,4,419,32,49,0,0.9902262804541084,0.048756656893407684,success
748,2000,8,2,4.0,4.0,0.01,0.6600000000000001,3.1999999999999993,4,401,39,60,0,0.9825325516732089,0.06630809470939504,success
749,2000,8,2,4.0,4.0,0.01,0.6600000000000001,3.3999999999999995,4,386,49,65,0,0.9859676224401036,0.06463947547989714,success
750,2000,8,2,4.0,4.0,0.01,0.6600000000000001,3.5999999999999996,4,368,49,83,0,0.9352725571077063,0.20586955486613287,success
751,2000,8,2,4.0,4.0,0.01,0.6600000000000001,3.7999999999999994,4,364,49,87,0,0.9647742058124943,0.1378459002688743,success
752,2000,8,2,4.0,4.0,0.01,0.6600000000000001,3.999999999999999,4,368,47,85,0,0.9721775161684034,0.13044814980793196,success
753,2000,8,2,4.0,4.0,0.01,0.6600000000000001,4.199999999999999,4,342,54,104,0,0.9132838175034504,0.2701979754692914,success
754,2000,8,2,4.0,4.0,0.01,0.6600000000000001,4.3999999999999995,4,336,55,109,0,0.9020875350351856,0.2805826500653329,success
755,2000,8,2,4.0,4.0,0.01,0.6600000000000001,4.6,4,324,51,125,0,0.9318793832213546,0.2374741385892306,success
756,2000,8,2,4.0,4.0,0.01,0.6600000000000001,4.799999999999999,4,320,51,129,0,0.912727338626947,0.2703581735934034,success
757,2000,8,2,4.0,4.0,0.01,0.6600000000000001,4.999999999999999,4,314,46,140,0,0.9034145586249533,0.2818853292107605,success
758,2000,8,2,4.0,4.0,0.01,0.6600000000000001,5.199999999999999,4,291,49,160,0,0.8775004519909728,0.3144292551177993,success
759,2000,8,2,4.0,4.0,0.01,0.6600000000000001,5.399999999999999,4,290,49,161,0,0.8458622904439413,0.3488960990435264,success
760,2000,8,2,4.0,4.0,0.01,0.6600000000000001,5.599999999999999,4,276,51,173,0,0.8166518701364907,0.3763505969729589,success
761,2000,8,2,4.0,4.0,0.01,0.6600000000000001,5.799999999999999,4,268,51,181,0,0.8083502402537457,0.38325801682862737,success
762,2000,8,2,4.0,4.0,0.01,0.6600000000000001,5.999999999999999,4,265,48,187,0,0.8099079842948967,0.3806510724041993,success
763,2000,8,2,4.0,4.0,0.01,0.6600000000000001,6.199999999999999,4,245,50,205,0,0.7637667541589068,0.41324992139548344,success
764,2000,8,2,4.0,4.0,0.01,0.6600000000000001,6.399999999999999,4,239,47,214,0,0.7381078936332353,0.4246019732388945,success
765,2000,8,2,4.0,4.0,0.01,0.6600000000000001,6.599999999999999,4,228,44,228,0,0.7113215147653105,0.4403431641383452,success
766,2000,8,2,4.0,4.0,0.01,0.6600000000000001,6.799999999999999,4,217,42,241,0,0.6873590685259454,0.4509489380677195,success
767,2000,8,2,4.0,4.0,0.01,0.6600000000000001,6.999999999999998,4,210,45,245,0,0.6481500851141117,0.4660213707256033,success
768,2000,8,2,4.0,4.0,0.01,0.6600000000000001,7.199999999999998,4,212,43,245,0,0.6465257333087349,0.4643399898619297,success
769,2000,8,2,4.0,4.0,0.01,0.6600000000000001,7.399999999999999,4,206,48,246,0,0.6221842989845079,0.47172790459294534,success
770,2000,8,2,4.0,4.0,0.01,0.6600000000000001,7.599999999999999,4,195,46,259,0,0.5957143993090838,0.4765850410745443,success
771,2000,8,2,4.0,4.0,0.01,0.6600000000000001,7.799999999999999,4,185,49,266,0,0.5744308515630208,0.47948758884089304,success
772,2000,8,2,4.0,4.0,0.01,0.6600000000000001,7.999999999999998,4,184,45,271,0,0.589885495894667,0.4764134646422745,success
773,2000,8,2,4.0,4.0,0.01,0.6600000000000001,8.2,4,177,45,278,0,0.5795973295792477,0.4771244729845985,success
774,2000,8,2,4.0,4.0,0.01,0.6600000000000001,8.399999999999999,4,164,46,290,0,0.5475350068291615,0.4797031126848634,success
775,2000,8,2,4.0,4.0,0.01,0.6600000000000001,8.599999999999998,4,160,49,291,0,0.5298662001129737,0.4811218415829595,success
776,2000,8,2,4.0,4.0,0.01,0.6600000000000001,8.799999999999997,4,160,53,287,0,0.5088475461959574,0.47984218987471877,success
783,2000,8,2,4.0,4.0,0.01,0.6700000000000002,1.0,4,489,11,0,0,,,success
777,2000,8,2,4.0,4.0,0.01,0.6600000000000001,8.999999999999998,4,155,52,293,0,0.5021321014251446,0.48114031618297853,success
784,2000,8,2,4.0,4.0,0.01,0.6700000000000002,1.2,4,477,14,9,0,1.0,0.0,success
785,2000,8,2,4.0,4.0,0.01,0.6700000000000002,1.4,4,471,13,16,0,1.0,0.0,success
786,2000,8,2,4.0,4.0,0.01,0.6700000000000002,1.5999999999999999,4,468,16,16,0,1.0,0.0,success
778,2000,8,2,4.0,4.0,0.01,0.6600000000000001,9.199999999999998,4,153,54,293,0,0.47394284137979653,0.4762628176300572,success
787,2000,8,2,4.0,4.0,0.01,0.6700000000000002,1.7999999999999998,4,466,15,19,0,1.0,0.0,success
779,2000,8,2,4.0,4.0,0.01,0.6600000000000001,9.399999999999999,4,146,58,296,0,0.46908190597941885,0.4764015122568871,success
780,2000,8,2,4.0,4.0,0.01,0.6600000000000001,9.599999999999998,4,139,51,310,0,0.47078761072009345,0.4758222188176416,success
789,2000,8,2,4.0,4.0,0.01,0.6700000000000002,2.1999999999999997,4,448,22,30,0,0.9888880597323925,0.06086260342218645,success
788,2000,8,2,4.0,4.0,0.01,0.6700000000000002,1.9999999999999998,4,463,15,22,0,1.0,0.0,success
781,2000,8,2,4.0,4.0,0.01,0.6600000000000001,9.799999999999997,4,135,59,306,0,0.45944594095878094,0.47418433488361134,success
790,2000,8,2,4.0,4.0,0.01,0.6700000000000002,2.3999999999999995,4,435,24,41,0,0.9851493783594344,0.06670743709086445,success
782,2000,8,2,4.0,4.0,0.01,0.6600000000000001,9.999999999999998,4,136,61,303,0,0.4346166654006206,0.4669342992563571,success
791,2000,8,2,4.0,4.0,0.01,0.6700000000000002,2.5999999999999996,4,425,31,44,0,1.0,0.0,success
792,2000,8,2,4.0,4.0,0.01,0.6700000000000002,2.8,4,422,34,44,0,0.9935277362255097,0.04293214096838739,success
793,2000,8,2,4.0,4.0,0.01,0.6700000000000002,2.9999999999999996,4,419,32,49,0,0.9902262804541084,0.048756656893407684,success
794,2000,8,2,4.0,4.0,0.01,0.6700000000000002,3.1999999999999993,4,401,39,60,0,0.9825325516732089,0.06630809470939504,success
795,2000,8,2,4.0,4.0,0.01,0.6700000000000002,3.3999999999999995,4,386,49,65,0,0.9859676224401036,0.06463947547989714,success
796,2000,8,2,4.0,4.0,0.01,0.6700000000000002,3.5999999999999996,4,368,49,83,0,0.9352725571077063,0.20586955486613287,success
798,2000,8,2,4.0,4.0,0.01,0.6700000000000002,3.999999999999999,4,368,47,85,0,0.9721775161684034,0.13044814980793196,success
797,2000,8,2,4.0,4.0,0.01,0.6700000000000002,3.7999999999999994,4,364,49,87,0,0.9647742058124943,0.1378459002688743,success
799,2000,8,2,4.0,4.0,0.01,0.6700000000000002,4.199999999999999,4,342,54,104,0,0.9132838175034504,0.2701979754692914,success
800,2000,8,2,4.0,4.0,0.01,0.6700000000000002,4.3999999999999995,4,336,55,109,0,0.9020875350351856,0.2805826500653329,success
801,2000,8,2,4.0,4.0,0.01,0.6700000000000002,4.6,4,324,51,125,0,0.9318793832213546,0.2374741385892306,success
802,2000,8,2,4.0,4.0,0.01,0.6700000000000002,4.799999999999999,4,320,51,129,0,0.912727338626947,0.2703581735934034,success
803,2000,8,2,4.0,4.0,0.01,0.6700000000000002,4.999999999999999,4,314,46,140,0,0.9034145586249533,0.2818853292107605,success
804,2000,8,2,4.0,4.0,0.01,0.6700000000000002,5.199999999999999,4,291,49,160,0,0.8775004519909728,0.3144292551177993,success
806,2000,8,2,4.0,4.0,0.01,0.6700000000000002,5.599999999999999,4,276,51,173,0,0.8166518701364907,0.3763505969729589,success
805,2000,8,2,4.0,4.0,0.01,0.6700000000000002,5.399999999999999,4,290,49,161,0,0.8458622904439413,0.3488960990435264,success
807,2000,8,2,4.0,4.0,0.01,0.6700000000000002,5.799999999999999,4,268,51,181,0,0.8083502402537457,0.38325801682862737,success
808,2000,8,2,4.0,4.0,0.01,0.6700000000000002,5.999999999999999,4,265,48,187,0,0.8099079842948967,0.3806510724041993,success
809,2000,8,2,4.0,4.0,0.01,0.6700000000000002,6.199999999999999,4,245,50,205,0,0.7637667541589068,0.41324992139548344,success
810,2000,8,2,4.0,4.0,0.01,0.6700000000000002,6.399999999999999,4,239,47,214,0,0.7381078936332353,0.4246019732388945,success
811,2000,8,2,4.0,4.0,0.01,0.6700000000000002,6.599999999999999,4,228,44,228,0,0.7113215147653105,0.4403431641383452,success
812,2000,8,2,4.0,4.0,0.01,0.6700000000000002,6.799999999999999,4,217,42,241,0,0.6873590685259454,0.4509489380677195,success
813,2000,8,2,4.0,4.0,0.01,0.6700000000000002,6.999999999999998,4,210,45,245,0,0.6481500851141117,0.4660213707256033,success
815,2000,8,2,4.0,4.0,0.01,0.6700000000000002,7.399999999999999,4,206,48,246,0,0.6221842989845079,0.47172790459294534,success
814,2000,8,2,4.0,4.0,0.01,0.6700000000000002,7.199999999999998,4,212,43,245,0,0.6465257333087349,0.4643399898619297,success
816,2000,8,2,4.0,4.0,0.01,0.6700000000000002,7.599999999999999,4,195,46,259,0,0.5957143993090838,0.4765850410745443,success
817,2000,8,2,4.0,4.0,0.01,0.6700000000000002,7.799999999999999,4,185,49,266,0,0.5744308515630208,0.47948758884089304,success
818,2000,8,2,4.0,4.0,0.01,0.6700000000000002,7.999999999999998,4,184,45,271,0,0.589885495894667,0.4764134646422745,success
819,2000,8,2,4.0,4.0,0.01,0.6700000000000002,8.2,4,177,45,278,0,0.5795973295792477,0.4771244729845985,success
820,2000,8,2,4.0,4.0,0.01,0.6700000000000002,8.399999999999999,4,164,46,290,0,0.5475350068291615,0.4797031126848634,success
821,2000,8,2,4.0,4.0,0.01,0.6700000000000002,8.599999999999998,4,160,49,291,0,0.5298662001129737,0.4811218415829595,success
823,2000,8,2,4.0,4.0,0.01,0.6700000000000002,8.999999999999998,4,155,52,293,0,0.5021321014251446,0.48114031618297853,success
822,2000,8,2,4.0,4.0,0.01,0.6700000000000002,8.799999999999997,4,160,53,287,0,0.5088475461959574,0.47984218987471877,success
829,2000,8,2,4.0,4.0,0.01,0.6800000000000002,1.0,4,489,11,0,0,,,success
830,2000,8,2,4.0,4.0,0.01,0.6800000000000002,1.2,4,477,14,9,0,1.0,0.0,success
824,2000,8,2,4.0,4.0,0.01,0.6700000000000002,9.199999999999998,4,153,54,293,0,0.47394284137979653,0.4762628176300572,success
825,2000,8,2,4.0,4.0,0.01,0.6700000000000002,9.399999999999999,4,146,58,296,0,0.46908190597941885,0.4764015122568871,success
826,2000,8,2,4.0,4.0,0.01,0.6700000000000002,9.599999999999998,4,139,51,310,0,0.47078761072009345,0.4758222188176416,success
827,2000,8,2,4.0,4.0,0.01,0.6700000000000002,9.799999999999997,4,135,59,306,0,0.45944594095878094,0.47418433488361134,success
828,2000,8,2,4.0,4.0,0.01,0.6700000000000002,9.999999999999998,4,136,61,303,0,0.4346166654006206,0.4669342992563571,success
831,2000,8,2,4.0,4.0,0.01,0.6800000000000002,1.4,4,471,13,16,0,1.0,0.0,success
832,2000,8,2,4.0,4.0,0.01,0.6800000000000002,1.5999999999999999,4,468,16,16,0,1.0,0.0,success
833,2000,8,2,4.0,4.0,0.01,0.6800000000000002,1.7999999999999998,4,466,15,19,0,1.0,0.0,success
834,2000,8,2,4.0,4.0,0.01,0.6800000000000002,1.9999999999999998,4,463,15,22,0,1.0,0.0,success
835,2000,8,2,4.0,4.0,0.01,0.6800000000000002,2.1999999999999997,4,448,22,30,0,0.9888880597323925,0.06086260342218645,success
836,2000,8,2,4.0,4.0,0.01,0.6800000000000002,2.3999999999999995,4,435,24,41,0,0.9851493783594344,0.06670743709086445,success
837,2000,8,2,4.0,4.0,0.01,0.6800000000000002,2.5999999999999996,4,425,31,44,0,1.0,0.0,success
838,2000,8,2,4.0,4.0,0.01,0.6800000000000002,2.8,4,422,34,44,0,0.9935277362255097,0.04293214096838739,success
839,2000,8,2,4.0,4.0,0.01,0.6800000000000002,2.9999999999999996,4,419,32,49,0,0.9902262804541084,0.048756656893407684,success
840,2000,8,2,4.0,4.0,0.01,0.6800000000000002,3.1999999999999993,4,401,39,60,0,0.9825325516732089,0.06630809470939504,success
841,2000,8,2,4.0,4.0,0.01,0.6800000000000002,3.3999999999999995,4,386,49,65,0,0.9859676224401036,0.06463947547989714,success
842,2000,8,2,4.0,4.0,0.01,0.6800000000000002,3.5999999999999996,4,368,49,83,0,0.9352725571077063,0.20586955486613287,success
843,2000,8,2,4.0,4.0,0.01,0.6800000000000002,3.7999999999999994,4,364,49,87,0,0.9647742058124943,0.1378459002688743,success
844,2000,8,2,4.0,4.0,0.01,0.6800000000000002,3.999999999999999,4,368,47,85,0,0.9721775161684034,0.13044814980793196,success
846,2000,8,2,4.0,4.0,0.01,0.6800000000000002,4.3999999999999995,4,336,55,109,0,0.9020875350351856,0.2805826500653329,success
845,2000,8,2,4.0,4.0,0.01,0.6800000000000002,4.199999999999999,4,342,54,104,0,0.9132838175034504,0.2701979754692914,success
848,2000,8,2,4.0,4.0,0.01,0.6800000000000002,4.799999999999999,4,320,51,129,0,0.912727338626947,0.2703581735934034,success
847,2000,8,2,4.0,4.0,0.01,0.6800000000000002,4.6,4,324,51,125,0,0.9318793832213546,0.2374741385892306,success
849,2000,8,2,4.0,4.0,0.01,0.6800000000000002,4.999999999999999,4,314,46,140,0,0.9034145586249533,0.2818853292107605,success
850,2000,8,2,4.0,4.0,0.01,0.6800000000000002,5.199999999999999,4,291,49,160,0,0.8775004519909728,0.3144292551177993,success
852,2000,8,2,4.0,4.0,0.01,0.6800000000000002,5.599999999999999,4,276,51,173,0,0.8166518701364907,0.3763505969729589,success
851,2000,8,2,4.0,4.0,0.01,0.6800000000000002,5.399999999999999,4,290,49,161,0,0.8458622904439413,0.3488960990435264,success
854,2000,8,2,4.0,4.0,0.01,0.6800000000000002,5.999999999999999,4,265,48,187,0,0.8099079842948967,0.3806510724041993,success
853,2000,8,2,4.0,4.0,0.01,0.6800000000000002,5.799999999999999,4,268,51,181,0,0.8083502402537457,0.38325801682862737,success
855,2000,8,2,4.0,4.0,0.01,0.6800000000000002,6.199999999999999,4,245,50,205,0,0.7637667541589068,0.41324992139548344,success
856,2000,8,2,4.0,4.0,0.01,0.6800000000000002,6.399999999999999,4,239,47,214,0,0.7381078936332353,0.4246019732388945,success
857,2000,8,2,4.0,4.0,0.01,0.6800000000000002,6.599999999999999,4,228,44,228,0,0.7113215147653105,0.4403431641383452,success
858,2000,8,2,4.0,4.0,0.01,0.6800000000000002,6.799999999999999,4,217,42,241,0,0.6873590685259454,0.4509489380677195,success
859,2000,8,2,4.0,4.0,0.01,0.6800000000000002,6.999999999999998,4,210,45,245,0,0.6481500851141117,0.4660213707256033,success
860,2000,8,2,4.0,4.0,0.01,0.6800000000000002,7.199999999999998,4,212,43,245,0,0.6465257333087349,0.4643399898619297,success
861,2000,8,2,4.0,4.0,0.01,0.6800000000000002,7.399999999999999,4,206,48,246,0,0.6221842989845079,0.47172790459294534,success
862,2000,8,2,4.0,4.0,0.01,0.6800000000000002,7.599999999999999,4,195,46,259,0,0.5957143993090838,0.4765850410745443,success
863,2000,8,2,4.0,4.0,0.01,0.6800000000000002,7.799999999999999,4,185,49,266,0,0.5744308515630208,0.47948758884089304,success
864,2000,8,2,4.0,4.0,0.01,0.6800000000000002,7.999999999999998,4,184,45,271,0,0.589885495894667,0.4764134646422745,success
865,2000,8,2,4.0,4.0,0.01,0.6800000000000002,8.2,4,177,45,278,0,0.5795973295792477,0.4771244729845985,success
866,2000,8,2,4.0,4.0,0.01,0.6800000000000002,8.399999999999999,4,164,46,290,0,0.5475350068291615,0.4797031126848634,success
867,2000,8,2,4.0,4.0,0.01,0.6800000000000002,8.599999999999998,4,160,49,291,0,0.5298662001129737,0.4811218415829595,success
868,2000,8,2,4.0,4.0,0.01,0.6800000000000002,8.799999999999997,4,160,53,287,0,0.5088475461959574,0.47984218987471877,success
869,2000,8,2,4.0,4.0,0.01,0.6800000000000002,8.999999999999998,4,155,52,293,0,0.5021321014251446,0.48114031618297853,success
870,2000,8,2,4.0,4.0,0.01,0.6800000000000002,9.199999999999998,4,153,54,293,0,0.47394284137979653,0.4762628176300572,success
875,2000,8,2,4.0,4.0,0.01,0.6900000000000002,1.0,4,489,11,0,0,,,success
876,2000,8,2,4.0,4.0,0.01,0.6900000000000002,1.2,4,477,14,9,0,1.0,0.0,success
871,2000,8,2,4.0,4.0,0.01,0.6800000000000002,9.399999999999999,4,146,58,296,0,0.46908190597941885,0.4764015122568871,success
877,2000,8,2,4.0,4.0,0.01,0.6900000000000002,1.4,4,471,13,16,0,1.0,0.0,success
878,2000,8,2,4.0,4.0,0.01,0.6900000000000002,1.5999999999999999,4,468,16,16,0,1.0,0.0,success
879,2000,8,2,4.0,4.0,0.01,0.6900000000000002,1.7999999999999998,4,466,15,19,0,1.0,0.0,success
880,2000,8,2,4.0,4.0,0.01,0.6900000000000002,1.9999999999999998,4,463,15,22,0,1.0,0.0,success
872,2000,8,2,4.0,4.0,0.01,0.6800000000000002,9.599999999999998,4,139,51,310,0,0.47078761072009345,0.4758222188176416,success
881,2000,8,2,4.0,4.0,0.01,0.6900000000000002,2.1999999999999997,4,448,22,30,0,0.9888880597323925,0.06086260342218645,success
882,2000,8,2,4.0,4.0,0.01,0.6900000000000002,2.3999999999999995,4,435,24,41,0,0.9851493783594344,0.06670743709086445,success
873,2000,8,2,4.0,4.0,0.01,0.6800000000000002,9.799999999999997,4,135,59,306,0,0.45944594095878094,0.47418433488361134,success
883,2000,8,2,4.0,4.0,0.01,0.6900000000000002,2.5999999999999996,4,425,31,44,0,1.0,0.0,success
874,2000,8,2,4.0,4.0,0.01,0.6800000000000002,9.999999999999998,4,136,61,303,0,0.4346166654006206,0.4669342992563571,success
884,2000,8,2,4.0,4.0,0.01,0.6900000000000002,2.8,4,422,34,44,0,0.9935277362255097,0.04293214096838739,success
885,2000,8,2,4.0,4.0,0.01,0.6900000000000002,2.9999999999999996,4,419,32,49,0,0.9902262804541084,0.048756656893407684,success
886,2000,8,2,4.0,4.0,0.01,0.6900000000000002,3.1999999999999993,4,401,39,60,0,0.9825325516732089,0.06630809470939504,success
887,2000,8,2,4.0,4.0,0.01,0.6900000000000002,3.3999999999999995,4,386,49,65,0,0.9859676224401036,0.06463947547989714,success
888,2000,8,2,4.0,4.0,0.01,0.6900000000000002,3.5999999999999996,4,368,49,83,0,0.9352725571077063,0.20586955486613287,success
889,2000,8,2,4.0,4.0,0.01,0.6900000000000002,3.7999999999999994,4,364,49,87,0,0.9647742058124943,0.1378459002688743,success
890,2000,8,2,4.0,4.0,0.01,0.6900000000000002,3.999999999999999,4,368,47,85,0,0.9721775161684034,0.13044814980793196,success
891,2000,8,2,4.0,4.0,0.01,0.6900000000000002,4.199999999999999,4,342,54,104,0,0.9132838175034504,0.2701979754692914,success
892,2000,8,2,4.0,4.0,0.01,0.6900000000000002,4.3999999999999995,4,336,55,109,0,0.9020875350351856,0.2805826500653329,success
893,2000,8,2,4.0,4.0,0.01,0.6900000000000002,4.6,4,324,51,125,0,0.9318793832213546,0.2374741385892306,success
894,2000,8,2,4.0,4.0,0.01,0.6900000000000002,4.799999999999999,4,320,51,129,0,0.912727338626947,0.2703581735934034,success
895,2000,8,2,4.0,4.0,0.01,0.6900000000000002,4.999999999999999,4,314,46,140,0,0.9034145586249533,0.2818853292107605,success
896,2000,8,2,4.0,4.0,0.01,0.6900000000000002,5.199999999999999,4,291,49,160,0,0.8775004519909728,0.3144292551177993,success
897,2000,8,2,4.0,4.0,0.01,0.6900000000000002,5.399999999999999,4,290,49,161,0,0.8458622904439413,0.3488960990435264,success
898,2000,8,2,4.0,4.0,0.01,0.6900000000000002,5.599999999999999,4,276,51,173,0,0.8166518701364907,0.3763505969729589,success
899,2000,8,2,4.0,4.0,0.01,0.6900000000000002,5.799999999999999,4,268,51,181,0,0.8083502402537457,0.38325801682862737,success
900,2000,8,2,4.0,4.0,0.01,0.6900000000000002,5.999999999999999,4,265,48,187,0,0.8099079842948967,0.3806510724041993,success
901,2000,8,2,4.0,4.0,0.01,0.6900000000000002,6.199999999999999,4,245,50,205,0,0.7637667541589068,0.41324992139548344,success
902,2000,8,2,4.0,4.0,0.01,0.6900000000000002,6.399999999999999,4,239,47,214,0,0.7381078936332353,0.4246019732388945,success
903,2000,8,2,4.0,4.0,0.01,0.6900000000000002,6.599999999999999,4,228,44,228,0,0.7113215147653105,0.4403431641383452,success
905,2000,8,2,4.0,4.0,0.01,0.6900000000000002,6.999999999999998,4,210,45,245,0,0.6481500851141117,0.4660213707256033,success
904,2000,8,2,4.0,4.0,0.01,0.6900000000000002,6.799999999999999,4,217,42,241,0,0.6873590685259454,0.4509489380677195,success
906,2000,8,2,4.0,4.0,0.01,0.6900000000000002,7.199999999999998,4,212,43,245,0,0.6465257333087349,0.4643399898619297,success
907,2000,8,2,4.0,4.0,0.01,0.6900000000000002,7.399999999999999,4,206,48,246,0,0.6221842989845079,0.47172790459294534,success
908,2000,8,2,4.0,4.0,0.01,0.6900000000000002,7.599999999999999,4,195,46,259,0,0.5957143993090838,0.4765850410745443,success
909,2000,8,2,4.0,4.0,0.01,0.6900000000000002,7.799999999999999,4,185,49,266,0,0.5744308515630208,0.47948758884089304,success
910,2000,8,2,4.0,4.0,0.01,0.6900000000000002,7.999999999999998,4,184,45,271,0,0.589885495894667,0.4764134646422745,success
911,2000,8,2,4.0,4.0,0.01,0.6900000000000002,8.2,4,177,45,278,0,0.5795973295792477,0.4771244729845985,success
912,2000,8,2,4.0,4.0,0.01,0.6900000000000002,8.399999999999999,4,164,46,290,0,0.5475350068291615,0.4797031126848634,success
913,2000,8,2,4.0,4.0,0.01,0.6900000000000002,8.599999999999998,4,160,49,291,0,0.5298662001129737,0.4811218415829595,success
914,2000,8,2,4.0,4.0,0.01,0.6900000000000002,8.799999999999997,4,160,53,287,0,0.5088475461959574,0.47984218987471877,success
915,2000,8,2,4.0,4.0,0.01,0.6900000000000002,8.999999999999998,4,155,52,293,0,0.5021321014251446,0.48114031618297853,success
916,2000,8,2,4.0,4.0,0.01,0.6900000000000002,9.199999999999998,4,153,54,293,0,0.47394284137979653,0.4762628176300572,success
921,2000,8,2,4.0,4.0,0.01,0.7000000000000002,1.0,4,489,11,0,0,,,success
922,2000,8,2,4.0,4.0,0.01,0.7000000000000002,1.2,4,477,14,9,0,1.0,0.0,success
917,2000,8,2,4.0,4.0,0.01,0.6900000000000002,9.399999999999999,4,146,58,296,0,0.46908190597941885,0.4764015122568871,success
923,2000,8,2,4.0,4.0,0.01,0.7000000000000002,1.4,4,471,13,16,0,1.0,0.0,success
918,2000,8,2,4.0,4.0,0.01,0.6900000000000002,9.599999999999998,4,139,51,310,0,0.47078761072009345,0.4758222188176416,success
919,2000,8,2,4.0,4.0,0.01,0.6900000000000002,9.799999999999997,4,135,59,306,0,0.45944594095878094,0.47418433488361134,success
920,2000,8,2,4.0,4.0,0.01,0.6900000000000002,9.999999999999998,4,136,61,303,0,0.4346166654006206,0.4669342992563571,success
925,2000,8,2,4.0,4.0,0.01,0.7000000000000002,1.7999999999999998,4,466,15,19,0,1.0,0.0,success
924,2000,8,2,4.0,4.0,0.01,0.7000000000000002,1.5999999999999999,4,468,16,16,0,1.0,0.0,success
926,2000,8,2,4.0,4.0,0.01,0.7000000000000002,1.9999999999999998,4,463,15,22,0,1.0,0.0,success
927,2000,8,2,4.0,4.0,0.01,0.7000000000000002,2.1999999999999997,4,448,22,30,0,0.9888880597323925,0.06086260342218645,success
928,2000,8,2,4.0,4.0,0.01,0.7000000000000002,2.3999999999999995,4,435,24,41,0,0.9851493783594344,0.06670743709086445,success
929,2000,8,2,4.0,4.0,0.01,0.7000000000000002,2.5999999999999996,4,425,31,44,0,1.0,0.0,success
930,2000,8,2,4.0,4.0,0.01,0.7000000000000002,2.8,4,422,34,44,0,0.9935277362255097,0.04293214096838739,success
931,2000,8,2,4.0,4.0,0.01,0.7000000000000002,2.9999999999999996,4,419,32,49,0,0.9902262804541084,0.048756656893407684,success
932,2000,8,2,4.0,4.0,0.01,0.7000000000000002,3.1999999999999993,4,401,39,60,0,0.9825325516732089,0.06630809470939504,success
933,2000,8,2,4.0,4.0,0.01,0.7000000000000002,3.3999999999999995,4,386,49,65,0,0.9859676224401036,0.06463947547989714,success
934,2000,8,2,4.0,4.0,0.01,0.7000000000000002,3.5999999999999996,4,368,49,83,0,0.9352725571077063,0.20586955486613287,success
935,2000,8,2,4.0,4.0,0.01,0.7000000000000002,3.7999999999999994,4,364,49,87,0,0.9647742058124943,0.1378459002688743,success
936,2000,8,2,4.0,4.0,0.01,0.7000000000000002,3.999999999999999,4,368,47,85,0,0.9721775161684034,0.13044814980793196,success
937,2000,8,2,4.0,4.0,0.01,0.7000000000000002,4.199999999999999,4,342,54,104,0,0.9132838175034504,0.2701979754692914,success
938,2000,8,2,4.0,4.0,0.01,0.7000000000000002,4.3999999999999995,4,336,55,109,0,0.9020875350351856,0.2805826500653329,success
939,2000,8,2,4.0,4.0,0.01,0.7000000000000002,4.6,4,324,51,125,0,0.9318793832213546,0.2374741385892306,success
940,2000,8,2,4.0,4.0,0.01,0.7000000000000002,4.799999999999999,4,320,51,129,0,0.912727338626947,0.2703581735934034,success
941,2000,8,2,4.0,4.0,0.01,0.7000000000000002,4.999999999999999,4,314,46,140,0,0.9034145586249533,0.2818853292107605,success
942,2000,8,2,4.0,4.0,0.01,0.7000000000000002,5.199999999999999,4,291,49,160,0,0.8775004519909728,0.3144292551177993,success
943,2000,8,2,4.0,4.0,0.01,0.7000000000000002,5.399999999999999,4,290,49,161,0,0.8458622904439413,0.3488960990435264,success
944,2000,8,2,4.0,4.0,0.01,0.7000000000000002,5.599999999999999,4,276,51,173,0,0.8166518701364907,0.3763505969729589,success
945,2000,8,2,4.0,4.0,0.01,0.7000000000000002,5.799999999999999,4,268,51,181,0,0.8083502402537457,0.38325801682862737,success
946,2000,8,2,4.0,4.0,0.01,0.7000000000000002,5.999999999999999,4,265,48,187,0,0.8099079842948967,0.3806510724041993,success
947,2000,8,2,4.0,4.0,0.01,0.7000000000000002,6.199999999999999,4,245,50,205,0,0.7637667541589068,0.41324992139548344,success
948,2000,8,2,4.0,4.0,0.01,0.7000000000000002,6.399999999999999,4,239,47,214,0,0.7381078936332353,0.4246019732388945,success
949,2000,8,2,4.0,4.0,0.01,0.7000000000000002,6.599999999999999,4,228,44,228,0,0.7113215147653105,0.4403431641383452,success
950,2000,8,2,4.0,4.0,0.01,0.7000000000000002,6.799999999999999,4,217,42,241,0,0.6873590685259454,0.4509489380677195,success
951,2000,8,2,4.0,4.0,0.01,0.7000000000000002,6.999999999999998,4,210,45,245,0,0.6481500851141117,0.4660213707256033,success
952,2000,8,2,4.0,4.0,0.01,0.7000000000000002,7.199999999999998,4,212,43,245,0,0.6465257333087349,0.4643399898619297,success
953,2000,8,2,4.0,4.0,0.01,0.7000000000000002,7.399999999999999,4,206,48,246,0,0.6221842989845079,0.47172790459294534,success
954,2000,8,2,4.0,4.0,0.01,0.7000000000000002,7.599999999999999,4,195,46,259,0,0.5957143993090838,0.4765850410745443,success
955,2000,8,2,4.0,4.0,0.01,0.7000000000000002,7.799999999999999,4,185,49,266,0,0.5744308515630208,0.47948758884089304,success
957,2000,8,2,4.0,4.0,0.01,0.7000000000000002,8.2,4,177,45,278,0,0.5795973295792477,0.4771244729845985,success
956,2000,8,2,4.0,4.0,0.01,0.7000000000000002,7.999999999999998,4,184,45,271,0,0.589885495894667,0.4764134646422745,success
958,2000,8,2,4.0,4.0,0.01,0.7000000000000002,8.399999999999999,4,164,46,290,0,0.5475350068291615,0.4797031126848634,success
959,2000,8,2,4.0,4.0,0.01,0.7000000000000002,8.599999999999998,4,160,49,291,0,0.5298662001129737,0.4811218415829595,success
960,2000,8,2,4.0,4.0,0.01,0.7000000000000002,8.799999999999997,4,160,53,287,0,0.5088475461959574,0.47984218987471877,success
961,2000,8,2,4.0,4.0,0.01,0.7000000000000002,8.999999999999998,4,155,52,293,0,0.5021321014251446,0.48114031618297853,success
962,2000,8,2,4.0,4.0,0.01,0.7000000000000002,9.199999999999998,4,153,54,293,0,0.47394284137979653,0.4762628176300572,success
963,2000,8,2,4.0,4.0,0.01,0.7000000000000002,9.399999999999999,4,146,58,296,0,0.46908190597941885,0.4764015122568871,success
967,2000,8,2,4.0,4.0,0.01,0.7100000000000002,1.0,4,489,11,0,0,,,success
968,2000,8,2,4.0,4.0,0.01,0.7100000000000002,1.2,4,477,14,9,0,1.0,0.0,success
964,2000,8,2,4.0,4.0,0.01,0.7000000000000002,9.599999999999998,4,139,51,310,0,0.47078761072009345,0.4758222188176416,success
969,2000,8,2,4.0,4.0,0.01,0.7100000000000002,1.4,4,471,13,16,0,1.0,0.0,success
970,2000,8,2,4.0,4.0,0.01,0.7100000000000002,1.5999999999999999,4,468,16,16,0,1.0,0.0,success
971,2000,8,2,4.0,4.0,0.01,0.7100000000000002,1.7999999999999998,4,466,15,19,0,1.0,0.0,success
972,2000,8,2,4.0,4.0,0.01,0.7100000000000002,1.9999999999999998,4,463,15,22,0,1.0,0.0,success
965,2000,8,2,4.0,4.0,0.01,0.7000000000000002,9.799999999999997,4,135,59,306,0,0.45944594095878094,0.47418433488361134,success
973,2000,8,2,4.0,4.0,0.01,0.7100000000000002,2.1999999999999997,4,448,22,30,0,0.9888880597323925,0.06086260342218645,success
966,2000,8,2,4.0,4.0,0.01,0.7000000000000002,9.999999999999998,4,136,61,303,0,0.4346166654006206,0.4669342992563571,success
974,2000,8,2,4.0,4.0,0.01,0.7100000000000002,2.3999999999999995,4,435,24,41,0,0.9851493783594344,0.06670743709086445,success
975,2000,8,2,4.0,4.0,0.01,0.7100000000000002,2.5999999999999996,4,425,31,44,0,1.0,0.0,success
976,2000,8,2,4.0,4.0,0.01,0.7100000000000002,2.8,4,422,34,44,0,0.9935277362255097,0.04293214096838739,success
977,2000,8,2,4.0,4.0,0.01,0.7100000000000002,2.9999999999999996,4,419,32,49,0,0.9902262804541084,0.048756656893407684,success
978,2000,8,2,4.0,4.0,0.01,0.7100000000000002,3.1999999999999993,4,401,39,60,0,0.9825325516732089,0.06630809470939504,success
979,2000,8,2,4.0,4.0,0.01,0.7100000000000002,3.3999999999999995,4,386,49,65,0,0.9859676224401036,0.06463947547989714,success
980,2000,8,2,4.0,4.0,0.01,0.7100000000000002,3.5999999999999996,4,368,49,83,0,0.9352725571077063,0.20586955486613287,success
981,2000,8,2,4.0,4.0,0.01,0.7100000000000002,3.7999999999999994,4,364,49,87,0,0.9647742058124943,0.1378459002688743,success
982,2000,8,2,4.0,4.0,0.01,0.7100000000000002,3.999999999999999,4,368,47,85,0,0.9721775161684034,0.13044814980793196,success
983,2000,8,2,4.0,4.0,0.01,0.7100000000000002,4.199999999999999,4,342,54,104,0,0.9132838175034504,0.2701979754692914,success
984,2000,8,2,4.0,4.0,0.01,0.7100000000000002,4.3999999999999995,4,336,55,109,0,0.9020875350351856,0.2805826500653329,success
985,2000,8,2,4.0,4.0,0.01,0.7100000000000002,4.6,4,324,51,125,0,0.9318793832213546,0.2374741385892306,success
987,2000,8,2,4.0,4.0,0.01,0.7100000000000002,4.999999999999999,4,314,46,140,0,0.9034145586249533,0.2818853292107605,success
986,2000,8,2,4.0,4.0,0.01,0.7100000000000002,4.799999999999999,4,320,51,129,0,0.912727338626947,0.2703581735934034,success
989,2000,8,2,4.0,4.0,0.01,0.7100000000000002,5.399999999999999,4,291,49,160,0,0.8510551797592161,0.34369350968059775,success
988,2000,8,2,4.0,4.0,0.01,0.7100000000000002,5.199999999999999,4,291,49,160,0,0.8775004519909728,0.3144292551177993,success
990,2000,8,2,4.0,4.0,0.01,0.7100000000000002,5.599999999999999,4,276,51,173,0,0.8166518701364907,0.3763505969729589,success
991,2000,8,2,4.0,4.0,0.01,0.7100000000000002,5.799999999999999,4,268,51,181,0,0.8083502402537457,0.38325801682862737,success
992,2000,8,2,4.0,4.0,0.01,0.7100000000000002,5.999999999999999,4,265,48,187,0,0.8099079842948967,0.3806510724041993,success
993,2000,8,2,4.0,4.0,0.01,0.7100000000000002,6.199999999999999,4,245,50,205,0,0.7637667541589068,0.41324992139548344,success
994,2000,8,2,4.0,4.0,0.01,0.7100000000000002,6.399999999999999,4,239,47,214,0,0.7381078936332353,0.4246019732388945,success
995,2000,8,2,4.0,4.0,0.01,0.7100000000000002,6.599999999999999,4,228,44,228,0,0.7113215147653105,0.4403431641383452,success
997,2000,8,2,4.0,4.0,0.01,0.7100000000000002,6.999999999999998,4,210,45,245,0,0.6481500851141117,0.4660213707256033,success
996,2000,8,2,4.0,4.0,0.01,0.7100000000000002,6.799999999999999,4,217,42,241,0,0.6873590685259454,0.4509489380677195,success
998,2000,8,2,4.0,4.0,0.01,0.7100000000000002,7.199999999999998,4,213,43,244,0,0.6450770682813118,0.4647393210027129,success
1000,2000,8,2,4.0,4.0,0.01,0.7100000000000002,7.599999999999999,4,196,46,258,0,0.5944202732817233,0.4770551722204926,success
999,2000,8,2,4.0,4.0,0.01,0.7100000000000002,7.399999999999999,4,207,48,245,0,0.6206421940824038,0.4720718225505662,success
1001,2000,8,2,4.0,4.0,0.01,0.7100000000000002,7.799999999999999,4,186,49,265,0,0.573090594722247,0.4798953950556278,success
1002,2000,8,2,4.0,4.0,0.01,0.7100000000000002,7.999999999999998,4,185,45,270,0,0.5886553423760605,0.47686677424211577,success
1003,2000,8,2,4.0,4.0,0.01,0.7100000000000002,8.2,4,177,45,278,0,0.5795973295792477,0.4771244729845985,success
1004,2000,8,2,4.0,4.0,0.01,0.7100000000000002,8.399999999999999,4,164,46,290,0,0.5475350068291615,0.4797031126848634,success
1005,2000,8,2,4.0,4.0,0.01,0.7100000000000002,8.599999999999998,4,160,49,291,0,0.5298662001129737,0.4811218415829595,success
1006,2000,8,2,4.0,4.0,0.01,0.7100000000000002,8.799999999999997,4,160,53,287,0,0.5088475461959574,0.47984218987471877,success
1007,2000,8,2,4.0,4.0,0.01,0.7100000000000002,8.999999999999998,4,155,52,293,0,0.5021321014251446,0.48114031618297853,success
1013,2000,8,2,4.0,4.0,0.01,0.7200000000000002,1.0,4,489,11,0,0,,,success
1008,2000,8,2,4.0,4.0,0.01,0.7100000000000002,9.199999999999998,4,153,54,293,0,0.47405538958789123,0.4763739303692437,success
1015,2000,8,2,4.0,4.0,0.01,0.7200000000000002,1.4,4,471,13,16,0,1.0,0.0,success
1014,2000,8,2,4.0,4.0,0.01,0.7200000000000002,1.2,4,477,14,9,0,1.0,0.0,success
1009,2000,8,2,4.0,4.0,0.01,0.7100000000000002,9.399999999999999,4,146,58,296,0,0.46891581140964894,0.47622432075631976,success
1010,2000,8,2,4.0,4.0,0.01,0.7100000000000002,9.599999999999998,4,140,51,309,0,0.46929906705508084,0.4758705227641173,success
1016,2000,8,2,4.0,4.0,0.01,0.7200000000000002,1.5999999999999999,4,468,16,16,0,1.0,0.0,success
1011,2000,8,2,4.0,4.0,0.01,0.7100000000000002,9.799999999999997,4,136,59,305,0,0.457900689607141,0.4741912624044426,success
1017,2000,8,2,4.0,4.0,0.01,0.7200000000000002,1.7999999999999998,4,466,15,19,0,1.0,0.0,success
1012,2000,8,2,4.0,4.0,0.01,0.7100000000000002,9.999999999999998,4,137,61,302,0,0.43299607285690433,0.46685497250339175,success
1018,2000,8,2,4.0,4.0,0.01,0.7200000000000002,1.9999999999999998,4,463,15,22,0,1.0,0.0,success
1019,2000,8,2,4.0,4.0,0.01,0.7200000000000002,2.1999999999999997,4,448,22,30,0,0.9888880597323925,0.06086260342218645,success
1020,2000,8,2,4.0,4.0,0.01,0.7200000000000002,2.3999999999999995,4,435,24,41,0,0.9851493783594344,0.06670743709086445,success
1021,2000,8,2,4.0,4.0,0.01,0.7200000000000002,2.5999999999999996,4,425,31,44,0,1.0,0.0,success
1022,2000,8,2,4.0,4.0,0.01,0.7200000000000002,2.8,4,422,34,44,0,0.9935277362255097,0.04293214096838739,success
1023,2000,8,2,4.0,4.0,0.01,0.7200000000000002,2.9999999999999996,4,419,32,49,0,0.9902262804541084,0.048756656893407684,success
1024,2000,8,2,4.0,4.0,0.01,0.7200000000000002,3.1999999999999993,4,401,39,60,0,0.9825325516732089,0.06630809470939504,success
1025,2000,8,2,4.0,4.0,0.01,0.7200000000000002,3.3999999999999995,4,386,49,65,0,0.9859676224401036,0.06463947547989714,success
1026,2000,8,2,4.0,4.0,0.01,0.7200000000000002,3.5999999999999996,4,368,49,83,0,0.9352725571077063,0.20586955486613287,success
1027,2000,8,2,4.0,4.0,0.01,0.7200000000000002,3.7999999999999994,4,364,49,87,0,0.9647742058124943,0.1378459002688743,success
1028,2000,8,2,4.0,4.0,0.01,0.7200000000000002,3.999999999999999,4,368,47,85,0,0.9721775161684034,0.13044814980793196,success
1029,2000,8,2,4.0,4.0,0.01,0.7200000000000002,4.199999999999999,4,342,54,104,0,0.9132838175034504,0.2701979754692914,success
1031,2000,8,2,4.0,4.0,0.01,0.7200000000000002,4.6,4,324,51,125,0,0.9318793832213546,0.2374741385892306,success
1030,2000,8,2,4.0,4.0,0.01,0.7200000000000002,4.3999999999999995,4,336,55,109,0,0.9020875350351856,0.2805826500653329,success
1032,2000,8,2,4.0,4.0,0.01,0.7200000000000002,4.799999999999999,4,320,51,129,0,0.912727338626947,0.2703581735934034,success
1033,2000,8,2,4.0,4.0,0.01,0.7200000000000002,4.999999999999999,4,314,46,140,0,0.9034145586249533,0.2818853292107605,success
1034,2000,8,2,4.0,4.0,0.01,0.7200000000000002,5.199999999999999,4,291,49,160,0,0.8775004519909728,0.3144292551177993,success
1035,2000,8,2,4.0,4.0,0.01,0.7200000000000002,5.399999999999999,4,291,49,160,0,0.8510551797592161,0.34369350968059775,success
1036,2000,8,2,4.0,4.0,0.01,0.7200000000000002,5.599999999999999,4,276,51,173,0,0.8166518701364907,0.3763505969729589,success
1037,2000,8,2,4.0,4.0,0.01,0.7200000000000002,5.799999999999999,4,268,51,181,0,0.8083502402537457,0.38325801682862737,success
1038,2000,8,2,4.0,4.0,0.01,0.7200000000000002,5.999999999999999,4,265,48,187,0,0.8099079842948967,0.3806510724041993,success
1039,2000,8,2,4.0,4.0,0.01,0.7200000000000002,6.199999999999999,4,245,50,205,0,0.7637667541589068,0.41324992139548344,success
1040,2000,8,2,4.0,4.0,0.01,0.7200000000000002,6.399999999999999,4,239,47,214,0,0.7381078936332353,0.4246019732388945,success
1041,2000,8,2,4.0,4.0,0.01,0.7200000000000002,6.599999999999999,4,228,44,228,0,0.7096459579427628,0.4399665373807654,success
1042,2000,8,2,4.0,4.0,0.01,0.7200000000000002,6.799999999999999,4,217,42,241,0,0.6857738944365641,0.4505166072953008,success
1043,2000,8,2,4.0,4.0,0.01,0.7200000000000002,6.999999999999998,4,210,45,245,0,0.6465907914180264,0.46547807516626,success
1045,2000,8,2,4.0,4.0,0.01,0.7200000000000002,7.399999999999999,4,207,48,245,0,0.6203797660291946,0.47205529467144103,success
1044,2000,8,2,4.0,4.0,0.01,0.7200000000000002,7.199999999999998,4,213,43,244,0,0.6435113840372918,0.4641818630097745,success
1047,2000,8,2,4.0,4.0,0.01,0.7200000000000002,7.799999999999999,4,186,48,266,0,0.573308313690717,0.4790022379387708,success
1046,2000,8,2,4.0,4.0,0.01,0.7200000000000002,7.599999999999999,4,196,46,258,0,0.5929065522308612,0.4763823665580314,success
1048,2000,8,2,4.0,4.0,0.01,0.7200000000000002,7.999999999999998,4,185,44,271,0,0.5889050908931482,0.47600062445606006,success
1049,2000,8,2,4.0,4.0,0.01,0.7200000000000002,8.2,4,177,44,279,0,0.5797975872491852,0.4762773085619346,success
1050,2000,8,2,4.0,4.0,0.01,0.7200000000000002,8.399999999999999,4,164,46,290,0,0.5467328581587744,0.4792754330969072,success
1051,2000,8,2,4.0,4.0,0.01,0.7200000000000002,8.599999999999998,4,160,48,292,0,0.5302898211043348,0.4803490079209848,success
1052,2000,8,2,4.0,4.0,0.01,0.7200000000000002,8.799999999999997,4,160,52,288,0,0.5093892398813735,0.47909370266914103,success
1053,2000,8,2,4.0,4.0,0.01,0.7200000000000002,8.999999999999998,4,155,51,294,0,0.5026863986151533,0.480412578151841,success
1054,2000,8,2,4.0,4.0,0.01,0.7200000000000002,9.199999999999998,4,153,54,293,0,0.4740454531827153,0.47636364593891983,success
1055,2000,8,2,4.0,4.0,0.01,0.7200000000000002,9.399999999999999,4,146,58,296,0,0.4686790485931081,0.4759767452142838,success
1056,2000,8,2,4.0,4.0,0.01,0.7200000000000002,9.599999999999998,4,140,51,309,0,0.46929906705508084,0.4758705227641173,success
1059,2000,8,2,4.0,4.0,0.01,0.7300000000000002,1.0,4,489,11,0,0,,,success
1057,2000,8,2,4.0,4.0,0.01,0.7200000000000002,9.799999999999997,4,136,59,305,0,0.457900689607141,0.4741912624044426,success
1060,2000,8,2,4.0,4.0,0.01,0.7300000000000002,1.2,4,477,14,9,0,1.0,0.0,success
1062,2000,8,2,4.0,4.0,0.01,0.7300000000000002,1.5999999999999999,4,468,16,16,0,1.0,0.0,success
1063,2000,8,2,4.0,4.0,0.01,0.7300000000000002,1.7999999999999998,4,466,15,19,0,1.0,0.0,success
1061,2000,8,2,4.0,4.0,0.01,0.7300000000000002,1.4,4,471,13,16,0,1.0,0.0,success
1058,2000,8,2,4.0,4.0,0.01,0.7200000000000002,9.999999999999998,4,137,61,302,0,0.43299607285690433,0.46685497250339175,success
1064,2000,8,2,4.0,4.0,0.01,0.7300000000000002,1.9999999999999998,4,463,15,22,0,1.0,0.0,success
1065,2000,8,2,4.0,4.0,0.01,0.7300000000000002,2.1999999999999997,4,448,22,30,0,0.9888880597323925,0.06086260342218645,success
1066,2000,8,2,4.0,4.0,0.01,0.7300000000000002,2.3999999999999995,4,435,24,41,0,0.9851493783594344,0.06670743709086445,success
1067,2000,8,2,4.0,4.0,0.01,0.7300000000000002,2.5999999999999996,4,425,31,44,0,1.0,0.0,success
1068,2000,8,2,4.0,4.0,0.01,0.7300000000000002,2.8,4,422,34,44,0,0.9935277362255097,0.04293214096838739,success
1069,2000,8,2,4.0,4.0,0.01,0.7300000000000002,2.9999999999999996,4,419,32,49,0,0.9902262804541084,0.048756656893407684,success
1070,2000,8,2,4.0,4.0,0.01,0.7300000000000002,3.1999999999999993,4,401,39,60,0,0.9825325516732089,0.06630809470939504,success
1072,2000,8,2,4.0,4.0,0.01,0.7300000000000002,3.5999999999999996,4,368,49,83,0,0.9352725571077063,0.20586955486613287,success
1071,2000,8,2,4.0,4.0,0.01,0.7300000000000002,3.3999999999999995,4,386,49,65,0,0.9859676224401036,0.06463947547989714,success
1073,2000,8,2,4.0,4.0,0.01,0.7300000000000002,3.7999999999999994,4,364,49,87,0,0.9647742058124943,0.1378459002688743,success
1074,2000,8,2,4.0,4.0,0.01,0.7300000000000002,3.999999999999999,4,368,47,85,0,0.9721775161684034,0.13044814980793196,success
1075,2000,8,2,4.0,4.0,0.01,0.7300000000000002,4.199999999999999,4,342,54,104,0,0.9132838175034504,0.2701979754692914,success
1076,2000,8,2,4.0,4.0,0.01,0.7300000000000002,4.3999999999999995,4,336,55,109,0,0.9020875350351856,0.2805826500653329,success
1077,2000,8,2,4.0,4.0,0.01,0.7300000000000002,4.6,4,324,51,125,0,0.9318793832213546,0.2374741385892306,success
1078,2000,8,2,4.0,4.0,0.01,0.7300000000000002,4.799999999999999,4,320,51,129,0,0.912727338626947,0.2703581735934034,success
1079,2000,8,2,4.0,4.0,0.01,0.7300000000000002,4.999999999999999,4,314,46,140,0,0.9034145586249533,0.2818853292107605,success
1080,2000,8,2,4.0,4.0,0.01,0.7300000000000002,5.199999999999999,4,291,49,160,0,0.8775004519909728,0.3144292551177993,success
1082,2000,8,2,4.0,4.0,0.01,0.7300000000000002,5.599999999999999,4,276,51,173,0,0.8166518701364907,0.3763505969729589,success
1081,2000,8,2,4.0,4.0,0.01,0.7300000000000002,5.399999999999999,4,291,49,160,0,0.8510551797592161,0.34369350968059775,success
1083,2000,8,2,4.0,4.0,0.01,0.7300000000000002,5.799999999999999,4,268,51,181,0,0.8083502402537457,0.38325801682862737,success
1084,2000,8,2,4.0,4.0,0.01,0.7300000000000002,5.999999999999999,4,265,48,187,0,0.8099079842948967,0.3806510724041993,success
1085,2000,8,2,4.0,4.0,0.01,0.7300000000000002,6.199999999999999,4,245,50,205,0,0.7637667541589068,0.41324992139548344,success
1086,2000,8,2,4.0,4.0,0.01,0.7300000000000002,6.399999999999999,4,239,47,214,0,0.7381078936332353,0.4246019732388945,success
1087,2000,8,2,4.0,4.0,0.01,0.7300000000000002,6.599999999999999,4,228,44,228,0,0.7096459579427628,0.4399665373807654,success
1088,2000,8,2,4.0,4.0,0.01,0.7300000000000002,6.799999999999999,4,217,42,241,0,0.6857738944365641,0.4505166072953008,success
1089,2000,8,2,4.0,4.0,0.01,0.7300000000000002,6.999999999999998,4,210,45,245,0,0.6465907914180264,0.46547807516626,success
1090,2000,8,2,4.0,4.0,0.01,0.7300000000000002,7.199999999999998,4,213,43,244,0,0.6435113840372918,0.4641818630097745,success
1091,2000,8,2,4.0,4.0,0.01,0.7300000000000002,7.399999999999999,4,207,48,245,0,0.6203797660291946,0.47205529467144103,success
1092,2000,8,2,4.0,4.0,0.01,0.7300000000000002,7.599999999999999,4,196,46,258,0,0.5929065522308612,0.4763823665580314,success
1093,2000,8,2,4.0,4.0,0.01,0.7300000000000002,7.799999999999999,4,186,48,266,0,0.573308313690717,0.4790022379387708,success
1095,2000,8,2,4.0,4.0,0.01,0.7300000000000002,8.2,4,177,44,279,0,0.5797975872491852,0.4762773085619346,success
1094,2000,8,2,4.0,4.0,0.01,0.7300000000000002,7.999999999999998,4,185,44,271,0,0.5889050908931482,0.47600062445606006,success
1096,2000,8,2,4.0,4.0,0.01,0.7300000000000002,8.399999999999999,4,164,46,290,0,0.5467328581587744,0.4792754330969072,success
1097,2000,8,2,4.0,4.0,0.01,0.7300000000000002,8.599999999999998,4,160,48,292,0,0.5302898211043348,0.4803490079209848,success
1098,2000,8,2,4.0,4.0,0.01,0.7300000000000002,8.799999999999997,4,160,52,288,0,0.5093892398813735,0.47909370266914103,success
1099,2000,8,2,4.0,4.0,0.01,0.7300000000000002,8.999999999999998,4,155,51,294,0,0.5026863986151533,0.480412578151841,success
1105,2000,8,2,4.0,4.0,0.01,0.7400000000000002,1.0,4,489,11,0,0,,,success
1106,2000,8,2,4.0,4.0,0.01,0.7400000000000002,1.2,4,477,14,9,0,1.0,0.0,success
1100,2000,8,2,4.0,4.0,0.01,0.7300000000000002,9.199999999999998,4,153,54,293,0,0.4740454531827153,0.47636364593891983,success
1107,2000,8,2,4.0,4.0,0.01,0.7400000000000002,1.4,4,471,13,16,0,1.0,0.0,success
1108,2000,8,2,4.0,4.0,0.01,0.7400000000000002,1.5999999999999999,4,468,16,16,0,1.0,0.0,success
1101,2000,8,2,4.0,4.0,0.01,0.7300000000000002,9.399999999999999,4,146,58,296,0,0.4686790485931081,0.4759767452142838,success
1102,2000,8,2,4.0,4.0,0.01,0.7300000000000002,9.599999999999998,4,140,51,309,0,0.46929906705508084,0.4758705227641173,success
1109,2000,8,2,4.0,4.0,0.01,0.7400000000000002,1.7999999999999998,4,466,15,19,0,1.0,0.0,success
1103,2000,8,2,4.0,4.0,0.01,0.7300000000000002,9.799999999999997,4,136,59,305,0,0.457900689607141,0.4741912624044426,success
1104,2000,8,2,4.0,4.0,0.01,0.7300000000000002,9.999999999999998,4,137,61,302,0,0.43299607285690433,0.46685497250339175,success
1110,2000,8,2,4.0,4.0,0.01,0.7400000000000002,1.9999999999999998,4,463,15,22,0,1.0,0.0,success
1111,2000,8,2,4.0,4.0,0.01,0.7400000000000002,2.1999999999999997,4,448,22,30,0,0.9888880597323925,0.06086260342218645,success
1112,2000,8,2,4.0,4.0,0.01,0.7400000000000002,2.3999999999999995,4,435,24,41,0,0.9851493783594344,0.06670743709086445,success
1113,2000,8,2,4.0,4.0,0.01,0.7400000000000002,2.5999999999999996,4,425,31,44,0,1.0,0.0,success
1114,2000,8,2,4.0,4.0,0.01,0.7400000000000002,2.8,4,422,34,44,0,0.9935277362255097,0.04293214096838739,success
1115,2000,8,2,4.0,4.0,0.01,0.7400000000000002,2.9999999999999996,4,419,32,49,0,0.9902262804541084,0.048756656893407684,success
1116,2000,8,2,4.0,4.0,0.01,0.7400000000000002,3.1999999999999993,4,401,39,60,0,0.9825325516732089,0.06630809470939504,success
1117,2000,8,2,4.0,4.0,0.01,0.7400000000000002,3.3999999999999995,4,386,49,65,0,0.9859676224401036,0.06463947547989714,success
1118,2000,8,2,4.0,4.0,0.01,0.7400000000000002,3.5999999999999996,4,368,49,83,0,0.9352725571077063,0.20586955486613287,success
1119,2000,8,2,4.0,4.0,0.01,0.7400000000000002,3.7999999999999994,4,364,49,87,0,0.9647742058124943,0.1378459002688743,success
1120,2000,8,2,4.0,4.0,0.01,0.7400000000000002,3.999999999999999,4,368,47,85,0,0.9721775161684034,0.13044814980793196,success
1121,2000,8,2,4.0,4.0,0.01,0.7400000000000002,4.199999999999999,4,342,54,104,0,0.9132838175034504,0.2701979754692914,success
1122,2000,8,2,4.0,4.0,0.01,0.7400000000000002,4.3999999999999995,4,336,55,109,0,0.9020875350351856,0.2805826500653329,success
1123,2000,8,2,4.0,4.0,0.01,0.7400000000000002,4.6,4,324,51,125,0,0.9318793832213546,0.2374741385892306,success
1124,2000,8,2,4.0,4.0,0.01,0.7400000000000002,4.799999999999999,4,320,51,129,0,0.912727338626947,0.2703581735934034,success
1125,2000,8,2,4.0,4.0,0.01,0.7400000000000002,4.999999999999999,4,314,46,140,0,0.9034145586249533,0.2818853292107605,success
1126,2000,8,2,4.0,4.0,0.01,0.7400000000000002,5.199999999999999,4,291,49,160,0,0.8775004519909728,0.3144292551177993,success
1127,2000,8,2,4.0,4.0,0.01,0.7400000000000002,5.399999999999999,4,291,49,160,0,0.8510551797592161,0.34369350968059775,success
1128,2000,8,2,4.0,4.0,0.01,0.7400000000000002,5.599999999999999,4,276,51,173,0,0.8166518701364907,0.3763505969729589,success
1130,2000,8,2,4.0,4.0,0.01,0.7400000000000002,5.999999999999999,4,265,48,187,0,0.8099079842948967,0.3806510724041993,success
1129,2000,8,2,4.0,4.0,0.01,0.7400000000000002,5.799999999999999,4,268,51,181,0,0.8083502402537457,0.38325801682862737,success
1131,2000,8,2,4.0,4.0,0.01,0.7400000000000002,6.199999999999999,4,245,50,205,0,0.7637667541589068,0.41324992139548344,success
1133,2000,8,2,4.0,4.0,0.01,0.7400000000000002,6.599999999999999,4,228,44,228,0,0.7093198911900063,0.4400623078829183,success
1132,2000,8,2,4.0,4.0,0.01,0.7400000000000002,6.399999999999999,4,239,47,214,0,0.7377604954106723,0.42473111107400946,success
1135,2000,8,2,4.0,4.0,0.01,0.7400000000000002,6.999999999999998,4,210,45,245,0,0.6465907914180264,0.46547807516626,success
1134,2000,8,2,4.0,4.0,0.01,0.7400000000000002,6.799999999999999,4,217,42,241,0,0.6857738944365641,0.4505166072953008,success
1136,2000,8,2,4.0,4.0,0.01,0.7400000000000002,7.199999999999998,4,213,43,244,0,0.6435113840372918,0.4641818630097745,success
1137,2000,8,2,4.0,4.0,0.01,0.7400000000000002,7.399999999999999,4,207,48,245,0,0.6203797660291946,0.47205529467144103,success
1138,2000,8,2,4.0,4.0,0.01,0.7400000000000002,7.599999999999999,4,196,46,258,0,0.5929065522308612,0.4763823665580314,success
1139,2000,8,2,4.0,4.0,0.01,0.7400000000000002,7.799999999999999,4,186,48,266,0,0.573308313690717,0.4790022379387708,success
1140,2000,8,2,4.0,4.0,0.01,0.7400000000000002,7.999999999999998,4,185,44,271,0,0.5889050908931482,0.47600062445606006,success
1141,2000,8,2,4.0,4.0,0.01,0.7400000000000002,8.2,4,177,44,279,0,0.5797975872491852,0.4762773085619346,success
1142,2000,8,2,4.0,4.0,0.01,0.7400000000000002,8.399999999999999,4,164,46,290,0,0.5467328581587744,0.4792754330969072,success
1143,2000,8,2,4.0,4.0,0.01,0.7400000000000002,8.599999999999998,4,160,48,292,0,0.5302898211043348,0.4803490079209848,success
1144,2000,8,2,4.0,4.0,0.01,0.7400000000000002,8.799999999999997,4,160,52,288,0,0.5093892398813735,0.47909370266914103,success
1145,2000,8,2,4.0,4.0,0.01,0.7400000000000002,8.999999999999998,4,155,51,294,0,0.5026863986151533,0.480412578151841,success
1146,2000,8,2,4.0,4.0,0.01,0.7400000000000002,9.199999999999998,4,153,54,293,0,0.4740454531827153,0.47636364593891983,success
1151,2000,8,2,4.0,4.0,0.01,0.7500000000000002,1.0,4,489,11,0,0,,,success
1147,2000,8,2,4.0,4.0,0.01,0.7400000000000002,9.399999999999999,4,146,58,296,0,0.4686790485931081,0.4759767452142838,success
1152,2000,8,2,4.0,4.0,0.01,0.7500000000000002,1.2,4,477,14,9,0,1.0,0.0,success
1148,2000,8,2,4.0,4.0,0.01,0.7400000000000002,9.599999999999998,4,140,51,309,0,0.46929906705508084,0.4758705227641173,success
1149,2000,8,2,4.0,4.0,0.01,0.7400000000000002,9.799999999999997,4,136,59,305,0,0.457900689607141,0.4741912624044426,success
1150,2000,8,2,4.0,4.0,0.01,0.7400000000000002,9.999999999999998,4,137,61,302,0,0.43299607285690433,0.46685497250339175,success
1153,2000,8,2,4.0,4.0,0.01,0.7500000000000002,1.4,4,471,13,16,0,1.0,0.0,success
1154,2000,8,2,4.0,4.0,0.01,0.7500000000000002,1.5999999999999999,4,468,16,16,0,1.0,0.0,success
1155,2000,8,2,4.0,4.0,0.01,0.7500000000000002,1.7999999999999998,4,466,15,19,0,1.0,0.0,success
1156,2000,8,2,4.0,4.0,0.01,0.7500000000000002,1.9999999999999998,4,463,15,22,0,1.0,0.0,success
1157,2000,8,2,4.0,4.0,0.01,0.7500000000000002,2.1999999999999997,4,448,22,30,0,0.9888880597323925,0.06086260342218645,success
1158,2000,8,2,4.0,4.0,0.01,0.7500000000000002,2.3999999999999995,4,435,24,41,0,0.9851493783594344,0.06670743709086445,success
1160,2000,8,2,4.0,4.0,0.01,0.7500000000000002,2.8,4,422,34,44,0,0.9935277362255097,0.04293214096838739,success
1159,2000,8,2,4.0,4.0,0.01,0.7500000000000002,2.5999999999999996,4,425,31,44,0,1.0,0.0,success
1161,2000,8,2,4.0,4.0,0.01,0.7500000000000002,2.9999999999999996,4,419,32,49,0,0.9902262804541084,0.048756656893407684,success
1162,2000,8,2,4.0,4.0,0.01,0.7500000000000002,3.1999999999999993,4,401,39,60,0,0.9825325516732089,0.06630809470939504,success
1163,2000,8,2,4.0,4.0,0.01,0.7500000000000002,3.3999999999999995,4,386,49,65,0,0.9859676224401036,0.06463947547989714,success
1164,2000,8,2,4.0,4.0,0.01,0.7500000000000002,3.5999999999999996,4,368,49,83,0,0.9352725571077063,0.20586955486613287,success
1165,2000,8,2,4.0,4.0,0.01,0.7500000000000002,3.7999999999999994,4,364,49,87,0,0.9647742058124943,0.1378459002688743,success
1168,2000,8,2,4.0,4.0,0.01,0.7500000000000002,4.3999999999999995,4,336,55,109,0,0.9020875350351856,0.2805826500653329,success
1166,2000,8,2,4.0,4.0,0.01,0.7500000000000002,3.999999999999999,4,368,47,85,0,0.9721775161684034,0.13044814980793196,success
1167,2000,8,2,4.0,4.0,0.01,0.7500000000000002,4.199999999999999,4,342,54,104,0,0.9132838175034504,0.2701979754692914,success
1169,2000,8,2,4.0,4.0,0.01,0.7500000000000002,4.6,4,324,51,125,0,0.9318793832213546,0.2374741385892306,success
1170,2000,8,2,4.0,4.0,0.01,0.7500000000000002,4.799999999999999,4,320,51,129,0,0.912727338626947,0.2703581735934034,success
1171,2000,8,2,4.0,4.0,0.01,0.7500000000000002,4.999999999999999,4,314,46,140,0,0.9034145586249533,0.2818853292107605,success
1172,2000,8,2,4.0,4.0,0.01,0.7500000000000002,5.199999999999999,4,291,49,160,0,0.8775004519909728,0.3144292551177993,success
1173,2000,8,2,4.0,4.0,0.01,0.7500000000000002,5.399999999999999,4,291,49,160,0,0.8510551797592161,0.34369350968059775,success
1174,2000,8,2,4.0,4.0,0.01,0.7500000000000002,5.599999999999999,4,276,51,173,0,0.8166518701364907,0.3763505969729589,success
1175,2000,8,2,4.0,4.0,0.01,0.7500000000000002,5.799999999999999,4,268,51,181,0,0.8083502402537457,0.38325801682862737,success
1176,2000,8,2,4.0,4.0,0.01,0.7500000000000002,5.999999999999999,4,265,48,187,0,0.8099079842948967,0.3806510724041993,success
1177,2000,8,2,4.0,4.0,0.01,0.7500000000000002,6.199999999999999,4,245,50,205,0,0.7637667541589068,0.41324992139548344,success
1178,2000,8,2,4.0,4.0,0.01,0.7500000000000002,6.399999999999999,4,239,47,214,0,0.7377604954106723,0.42473111107400946,success
1179,2000,8,2,4.0,4.0,0.01,0.7500000000000002,6.599999999999999,4,228,44,228,0,0.7093198911900063,0.4400623078829183,success
1180,2000,8,2,4.0,4.0,0.01,0.7500000000000002,6.799999999999999,4,217,42,241,0,0.6857738944365641,0.4505166072953008,success
1181,2000,8,2,4.0,4.0,0.01,0.7500000000000002,6.999999999999998,4,210,45,245,0,0.6465907914180264,0.46547807516626,success
1182,2000,8,2,4.0,4.0,0.01,0.7500000000000002,7.199999999999998,4,213,43,244,0,0.6435113840372918,0.4641818630097745,success
1183,2000,8,2,4.0,4.0,0.01,0.7500000000000002,7.399999999999999,4,207,48,245,0,0.6203797660291946,0.47205529467144103,success
1184,2000,8,2,4.0,4.0,0.01,0.7500000000000002,7.599999999999999,4,196,46,258,0,0.5929065522308612,0.4763823665580314,success
1185,2000,8,2,4.0,4.0,0.01,0.7500000000000002,7.799999999999999,4,186,48,266,0,0.573308313690717,0.4790022379387708,success
1186,2000,8,2,4.0,4.0,0.01,0.7500000000000002,7.999999999999998,4,185,44,271,0,0.5889050908931482,0.47600062445606006,success
1187,2000,8,2,4.0,4.0,0.01,0.7500000000000002,8.2,4,177,44,279,0,0.5797975872491852,0.4762773085619346,success
1188,2000,8,2,4.0,4.0,0.01,0.7500000000000002,8.399999999999999,4,164,46,290,0,0.5467328581587744,0.4792754330969072,success
1189,2000,8,2,4.0,4.0,0.01,0.7500000000000002,8.599999999999998,4,160,48,292,0,0.5302898211043348,0.4803490079209848,success
1190,2000,8,2,4.0,4.0,0.01,0.7500000000000002,8.799999999999997,4,160,52,288,0,0.5093892398813735,0.47909370266914103,success
1191,2000,8,2,4.0,4.0,0.01,0.7500000000000002,8.999999999999998,4,155,51,294,0,0.5026863986151533,0.480412578151841,success
1192,2000,8,2,4.0,4.0,0.01,0.7500000000000002,9.199999999999998,4,153,54,293,0,0.4740454531827153,0.47636364593891983,success
1197,2000,8,2,4.0,4.0,0.01,0.7600000000000002,1.0,4,489,11,0,0,,,success
1198,2000,8,2,4.0,4.0,0.01,0.7600000000000002,1.2,4,477,14,9,0,1.0,0.0,success
1193,2000,8,2,4.0,4.0,0.01,0.7500000000000002,9.399999999999999,4,146,58,296,0,0.4686790485931081,0.4759767452142838,success
1199,2000,8,2,4.0,4.0,0.01,0.7600000000000002,1.4,4,471,13,16,0,1.0,0.0,success
1200,2000,8,2,4.0,4.0,0.01,0.7600000000000002,1.5999999999999999,4,468,16,16,0,1.0,0.0,success
1194,2000,8,2,4.0,4.0,0.01,0.7500000000000002,9.599999999999998,4,140,51,309,0,0.46929906705508084,0.4758705227641173,success
1201,2000,8,2,4.0,4.0,0.01,0.7600000000000002,1.7999999999999998,4,466,15,19,0,1.0,0.0,success
1202,2000,8,2,4.0,4.0,0.01,0.7600000000000002,1.9999999999999998,4,463,15,22,0,1.0,0.0,success
1195,2000,8,2,4.0,4.0,0.01,0.7500000000000002,9.799999999999997,4,136,59,305,0,0.457900689607141,0.4741912624044426,success
1203,2000,8,2,4.0,4.0,0.01,0.7600000000000002,2.1999999999999997,4,448,22,30,0,0.9888880597323925,0.06086260342218645,success
1204,2000,8,2,4.0,4.0,0.01,0.7600000000000002,2.3999999999999995,4,435,24,41,0,0.9851493783594344,0.06670743709086445,success
1196,2000,8,2,4.0,4.0,0.01,0.7500000000000002,9.999999999999998,4,137,61,302,0,0.43299607285690433,0.46685497250339175,success
1205,2000,8,2,4.0,4.0,0.01,0.7600000000000002,2.5999999999999996,4,425,31,44,0,1.0,0.0,success
1206,2000,8,2,4.0,4.0,0.01,0.7600000000000002,2.8,4,422,34,44,0,0.9935277362255097,0.04293214096838739,success
1207,2000,8,2,4.0,4.0,0.01,0.7600000000000002,2.9999999999999996,4,419,32,49,0,0.9902262804541084,0.048756656893407684,success
1208,2000,8,2,4.0,4.0,0.01,0.7600000000000002,3.1999999999999993,4,401,39,60,0,0.9825325516732089,0.06630809470939504,success
1209,2000,8,2,4.0,4.0,0.01,0.7600000000000002,3.3999999999999995,4,386,49,65,0,0.9859676224401036,0.06463947547989714,success
1210,2000,8,2,4.0,4.0,0.01,0.7600000000000002,3.5999999999999996,4,368,49,83,0,0.9352725571077063,0.20586955486613287,success
1211,2000,8,2,4.0,4.0,0.01,0.7600000000000002,3.7999999999999994,4,364,49,87,0,0.9647742058124943,0.1378459002688743,success
1212,2000,8,2,4.0,4.0,0.01,0.7600000000000002,3.999999999999999,4,368,47,85,0,0.9721775161684034,0.13044814980793196,success
1213,2000,8,2,4.0,4.0,0.01,0.7600000000000002,4.199999999999999,4,342,54,104,0,0.9132838175034504,0.2701979754692914,success
1214,2000,8,2,4.0,4.0,0.01,0.7600000000000002,4.3999999999999995,4,336,55,109,0,0.9020875350351856,0.2805826500653329,success
1215,2000,8,2,4.0,4.0,0.01,0.7600000000000002,4.6,4,324,51,125,0,0.9318793832213546,0.2374741385892306,success
1216,2000,8,2,4.0,4.0,0.01,0.7600000000000002,4.799999999999999,4,320,51,129,0,0.912727338626947,0.2703581735934034,success
1217,2000,8,2,4.0,4.0,0.01,0.7600000000000002,4.999999999999999,4,314,46,140,0,0.9034145586249533,0.2818853292107605,success
1218,2000,8,2,4.0,4.0,0.01,0.7600000000000002,5.199999999999999,4,291,49,160,0,0.8775004519909728,0.3144292551177993,success
1219,2000,8,2,4.0,4.0,0.01,0.7600000000000002,5.399999999999999,4,291,49,160,0,0.8510551797592161,0.34369350968059775,success
1220,2000,8,2,4.0,4.0,0.01,0.7600000000000002,5.599999999999999,4,276,51,173,0,0.8166518701364907,0.3763505969729589,success
1221,2000,8,2,4.0,4.0,0.01,0.7600000000000002,5.799999999999999,4,268,51,181,0,0.8083502402537457,0.38325801682862737,success
1222,2000,8,2,4.0,4.0,0.01,0.7600000000000002,5.999999999999999,4,265,48,187,0,0.8099079842948967,0.3806510724041993,success
1223,2000,8,2,4.0,4.0,0.01,0.7600000000000002,6.199999999999999,4,245,50,205,0,0.7637667541589068,0.41324992139548344,success
1224,2000,8,2,4.0,4.0,0.01,0.7600000000000002,6.399999999999999,4,239,47,214,0,0.7377604954106723,0.42473111107400946,success
1225,2000,8,2,4.0,4.0,0.01,0.7600000000000002,6.599999999999999,4,228,44,228,0,0.7093198911900063,0.4400623078829183,success
1226,2000,8,2,4.0,4.0,0.01,0.7600000000000002,6.799999999999999,4,217,42,241,0,0.6857738944365641,0.4505166072953008,success
1227,2000,8,2,4.0,4.0,0.01,0.7600000000000002,6.999999999999998,4,210,45,245,0,0.6465907914180264,0.46547807516626,success
1228,2000,8,2,4.0,4.0,0.01,0.7600000000000002,7.199999999999998,4,213,43,244,0,0.6435113840372918,0.4641818630097745,success
1229,2000,8,2,4.0,4.0,0.01,0.7600000000000002,7.399999999999999,4,207,48,245,0,0.6203797660291946,0.47205529467144103,success
1230,2000,8,2,4.0,4.0,0.01,0.7600000000000002,7.599999999999999,4,196,46,258,0,0.5929065522308612,0.4763823665580314,success
1231,2000,8,2,4.0,4.0,0.01,0.7600000000000002,7.799999999999999,4,186,48,266,0,0.573308313690717,0.4790022379387708,success
1232,2000,8,2,4.0,4.0,0.01,0.7600000000000002,7.999999999999998,4,185,44,271,0,0.5889050908931482,0.47600062445606006,success
1233,2000,8,2,4.0,4.0,0.01,0.7600000000000002,8.2,4,177,44,279,0,0.5797975872491852,0.4762773085619346,success
1234,2000,8,2,4.0,4.0,0.01,0.7600000000000002,8.399999999999999,4,164,46,290,0,0.5467328581587744,0.4792754330969072,success
1235,2000,8,2,4.0,4.0,0.01,0.7600000000000002,8.599999999999998,4,160,48,292,0,0.5302898211043348,0.4803490079209848,success
1236,2000,8,2,4.0,4.0,0.01,0.7600000000000002,8.799999999999997,4,160,52,288,0,0.5093892398813735,0.47909370266914103,success
1237,2000,8,2,4.0,4.0,0.01,0.7600000000000002,8.999999999999998,4,155,51,294,0,0.5026863986151533,0.480412578151841,success
1238,2000,8,2,4.0,4.0,0.01,0.7600000000000002,9.199999999999998,4,153,54,293,0,0.4740454531827153,0.47636364593891983,success
1243,2000,8,2,4.0,4.0,0.01,0.7700000000000002,1.0,4,489,11,0,0,,,success
1239,2000,8,2,4.0,4.0,0.01,0.7600000000000002,9.399999999999999,4,146,58,296,0,0.4686790485931081,0.4759767452142838,success
1244,2000,8,2,4.0,4.0,0.01,0.7700000000000002,1.2,4,477,14,9,0,1.0,0.0,success
1240,2000,8,2,4.0,4.0,0.01,0.7600000000000002,9.599999999999998,4,140,51,309,0,0.46929906705508084,0.4758705227641173,success
1245,2000,8,2,4.0,4.0,0.01,0.7700000000000002,1.4,4,471,13,16,0,1.0,0.0,success
1241,2000,8,2,4.0,4.0,0.01,0.7600000000000002,9.799999999999997,4,136,59,305,0,0.457900689607141,0.4741912624044426,success
1246,2000,8,2,4.0,4.0,0.01,0.7700000000000002,1.5999999999999999,4,468,16,16,0,1.0,0.0,success
1247,2000,8,2,4.0,4.0,0.01,0.7700000000000002,1.7999999999999998,4,466,15,19,0,1.0,0.0,success
1242,2000,8,2,4.0,4.0,0.01,0.7600000000000002,9.999999999999998,4,137,61,302,0,0.43299607285690433,0.46685497250339175,success
1248,2000,8,2,4.0,4.0,0.01,0.7700000000000002,1.9999999999999998,4,463,15,22,0,1.0,0.0,success
1249,2000,8,2,4.0,4.0,0.01,0.7700000000000002,2.1999999999999997,4,448,22,30,0,0.9888880597323925,0.06086260342218645,success
1250,2000,8,2,4.0,4.0,0.01,0.7700000000000002,2.3999999999999995,4,435,24,41,0,0.9851493783594344,0.06670743709086445,success
1251,2000,8,2,4.0,4.0,0.01,0.7700000000000002,2.5999999999999996,4,425,31,44,0,1.0,0.0,success
1252,2000,8,2,4.0,4.0,0.01,0.7700000000000002,2.8,4,422,34,44,0,0.9935277362255097,0.04293214096838739,success
1253,2000,8,2,4.0,4.0,0.01,0.7700000000000002,2.9999999999999996,4,419,32,49,0,0.9902262804541084,0.048756656893407684,success
1254,2000,8,2,4.0,4.0,0.01,0.7700000000000002,3.1999999999999993,4,401,39,60,0,0.9825325516732089,0.06630809470939504,success
1255,2000,8,2,4.0,4.0,0.01,0.7700000000000002,3.3999999999999995,4,386,49,65,0,0.9859676224401036,0.06463947547989714,success
1257,2000,8,2,4.0,4.0,0.01,0.7700000000000002,3.7999999999999994,4,364,49,87,0,0.9647742058124943,0.1378459002688743,success
1256,2000,8,2,4.0,4.0,0.01,0.7700000000000002,3.5999999999999996,4,368,49,83,0,0.9352725571077063,0.20586955486613287,success
1258,2000,8,2,4.0,4.0,0.01,0.7700000000000002,3.999999999999999,4,368,47,85,0,0.9721775161684034,0.13044814980793196,success
1259,2000,8,2,4.0,4.0,0.01,0.7700000000000002,4.199999999999999,4,342,54,104,0,0.9132838175034504,0.2701979754692914,success
1260,2000,8,2,4.0,4.0,0.01,0.7700000000000002,4.3999999999999995,4,336,55,109,0,0.9020875350351856,0.2805826500653329,success
1261,2000,8,2,4.0,4.0,0.01,0.7700000000000002,4.6,4,324,51,125,0,0.9318793832213546,0.2374741385892306,success
1262,2000,8,2,4.0,4.0,0.01,0.7700000000000002,4.799999999999999,4,320,51,129,0,0.912727338626947,0.2703581735934034,success
1263,2000,8,2,4.0,4.0,0.01,0.7700000000000002,4.999999999999999,4,314,46,140,0,0.9034145586249533,0.2818853292107605,success
1264,2000,8,2,4.0,4.0,0.01,0.7700000000000002,5.199999999999999,4,291,49,160,0,0.8775004519909728,0.3144292551177993,success
1265,2000,8,2,4.0,4.0,0.01,0.7700000000000002,5.399999999999999,4,291,49,160,0,0.8510551797592161,0.34369350968059775,success
1266,2000,8,2,4.0,4.0,0.01,0.7700000000000002,5.599999999999999,4,276,51,173,0,0.8166518701364907,0.3763505969729589,success
1267,2000,8,2,4.0,4.0,0.01,0.7700000000000002,5.799999999999999,4,268,51,181,0,0.8083502402537457,0.38325801682862737,success
1268,2000,8,2,4.0,4.0,0.01,0.7700000000000002,5.999999999999999,4,265,48,187,0,0.8099079842948967,0.3806510724041993,success
1269,2000,8,2,4.0,4.0,0.01,0.7700000000000002,6.199999999999999,4,245,50,205,0,0.7637667541589068,0.41324992139548344,success
1271,2000,8,2,4.0,4.0,0.01,0.7700000000000002,6.599999999999999,4,228,44,228,0,0.7093198911900063,0.4400623078829183,success
1270,2000,8,2,4.0,4.0,0.01,0.7700000000000002,6.399999999999999,4,239,47,214,0,0.7377604954106723,0.42473111107400946,success
1272,2000,8,2,4.0,4.0,0.01,0.7700000000000002,6.799999999999999,4,217,42,241,0,0.6857738944365641,0.4505166072953008,success
1273,2000,8,2,4.0,4.0,0.01,0.7700000000000002,6.999999999999998,4,210,45,245,0,0.6465907914180264,0.46547807516626,success
1275,2000,8,2,4.0,4.0,0.01,0.7700000000000002,7.399999999999999,4,207,48,245,0,0.6203797660291946,0.47205529467144103,success
1274,2000,8,2,4.0,4.0,0.01,0.7700000000000002,7.199999999999998,4,213,43,244,0,0.6435113840372918,0.4641818630097745,success
1276,2000,8,2,4.0,4.0,0.01,0.7700000000000002,7.599999999999999,4,196,46,258,0,0.5929065522308612,0.4763823665580314,success
1277,2000,8,2,4.0,4.0,0.01,0.7700000000000002,7.799999999999999,4,186,48,266,0,0.573308313690717,0.4790022379387708,success
1278,2000,8,2,4.0,4.0,0.01,0.7700000000000002,7.999999999999998,4,185,44,271,0,0.5889050908931482,0.47600062445606006,success
1279,2000,8,2,4.0,4.0,0.01,0.7700000000000002,8.2,4,177,44,279,0,0.5797975872491852,0.4762773085619346,success
1280,2000,8,2,4.0,4.0,0.01,0.7700000000000002,8.399999999999999,4,164,46,290,0,0.5467328581587744,0.4792754330969072,success
1281,2000,8,2,4.0,4.0,0.01,0.7700000000000002,8.599999999999998,4,160,48,292,0,0.5302898211043348,0.4803490079209848,success
1282,2000,8,2,4.0,4.0,0.01,0.7700000000000002,8.799999999999997,4,160,52,288,0,0.5093892398813735,0.47909370266914103,success
1283,2000,8,2,4.0,4.0,0.01,0.7700000000000002,8.999999999999998,4,155,51,294,0,0.5026863986151533,0.480412578151841,success
1284,2000,8,2,4.0,4.0,0.01,0.7700000000000002,9.199999999999998,4,153,54,293,0,0.4740454531827153,0.47636364593891983,success
1290,2000,8,2,4.0,4.0,0.01,0.7800000000000002,1.2,4,477,14,9,0,1.0,0.0,success
1289,2000,8,2,4.0,4.0,0.01,0.7800000000000002,1.0,4,489,11,0,0,,,success
1285,2000,8,2,4.0,4.0,0.01,0.7700000000000002,9.399999999999999,4,146,58,296,0,0.4686790485931081,0.4759767452142838,success
1291,2000,8,2,4.0,4.0,0.01,0.7800000000000002,1.4,4,471,13,16,0,1.0,0.0,success
1286,2000,8,2,4.0,4.0,0.01,0.7700000000000002,9.599999999999998,4,140,51,309,0,0.46929906705508084,0.4758705227641173,success
1292,2000,8,2,4.0,4.0,0.01,0.7800000000000002,1.5999999999999999,4,468,16,16,0,1.0,0.0,success
1293,2000,8,2,4.0,4.0,0.01,0.7800000000000002,1.7999999999999998,4,466,15,19,0,1.0,0.0,success
1287,2000,8,2,4.0,4.0,0.01,0.7700000000000002,9.799999999999997,4,136,59,305,0,0.457900689607141,0.4741912624044426,success
1294,2000,8,2,4.0,4.0,0.01,0.7800000000000002,1.9999999999999998,4,463,15,22,0,1.0,0.0,success
1288,2000,8,2,4.0,4.0,0.01,0.7700000000000002,9.999999999999998,4,137,61,302,0,0.43299607285690433,0.46685497250339175,success
1295,2000,8,2,4.0,4.0,0.01,0.7800000000000002,2.1999999999999997,4,448,22,30,0,0.9888880597323925,0.06086260342218645,success
1296,2000,8,2,4.0,4.0,0.01,0.7800000000000002,2.3999999999999995,4,435,24,41,0,0.9851493783594344,0.06670743709086445,success
1297,2000,8,2,4.0,4.0,0.01,0.7800000000000002,2.5999999999999996,4,425,31,44,0,1.0,0.0,success
1298,2000,8,2,4.0,4.0,0.01,0.7800000000000002,2.8,4,422,34,44,0,0.9935277362255097,0.04293214096838739,success
1299,2000,8,2,4.0,4.0,0.01,0.7800000000000002,2.9999999999999996,4,419,32,49,0,0.9902262804541084,0.048756656893407684,success
1300,2000,8,2,4.0,4.0,0.01,0.7800000000000002,3.1999999999999993,4,401,39,60,0,0.9825325516732089,0.06630809470939504,success
1301,2000,8,2,4.0,4.0,0.01,0.7800000000000002,3.3999999999999995,4,386,49,65,0,0.9859676224401036,0.06463947547989714,success
1302,2000,8,2,4.0,4.0,0.01,0.7800000000000002,3.5999999999999996,4,368,49,83,0,0.9352725571077063,0.20586955486613287,success
1303,2000,8,2,4.0,4.0,0.01,0.7800000000000002,3.7999999999999994,4,364,49,87,0,0.9647742058124943,0.1378459002688743,success
1304,2000,8,2,4.0,4.0,0.01,0.7800000000000002,3.999999999999999,4,368,47,85,0,0.9721775161684034,0.13044814980793196,success
1305,2000,8,2,4.0,4.0,0.01,0.7800000000000002,4.199999999999999,4,342,54,104,0,0.9132838175034504,0.2701979754692914,success
1306,2000,8,2,4.0,4.0,0.01,0.7800000000000002,4.3999999999999995,4,336,55,109,0,0.9020875350351856,0.2805826500653329,success
1308,2000,8,2,4.0,4.0,0.01,0.7800000000000002,4.799999999999999,4,320,51,129,0,0.912727338626947,0.2703581735934034,success
1307,2000,8,2,4.0,4.0,0.01,0.7800000000000002,4.6,4,324,51,125,0,0.9318793832213546,0.2374741385892306,success
1309,2000,8,2,4.0,4.0,0.01,0.7800000000000002,4.999999999999999,4,314,46,140,0,0.9034145586249533,0.2818853292107605,success
1310,2000,8,2,4.0,4.0,0.01,0.7800000000000002,5.199999999999999,4,291,49,160,0,0.8775004519909728,0.3144292551177993,success
1311,2000,8,2,4.0,4.0,0.01,0.7800000000000002,5.399999999999999,4,291,49,160,0,0.8510551797592161,0.34369350968059775,success
1312,2000,8,2,4.0,4.0,0.01,0.7800000000000002,5.599999999999999,4,276,51,173,0,0.8166518701364907,0.3763505969729589,success
1313,2000,8,2,4.0,4.0,0.01,0.7800000000000002,5.799999999999999,4,268,51,181,0,0.8083502402537457,0.38325801682862737,success
1314,2000,8,2,4.0,4.0,0.01,0.7800000000000002,5.999999999999999,4,265,48,187,0,0.8099079842948967,0.3806510724041993,success
1315,2000,8,2,4.0,4.0,0.01,0.7800000000000002,6.199999999999999,4,245,50,205,0,0.7637667541589068,0.41324992139548344,success
1316,2000,8,2,4.0,4.0,0.01,0.7800000000000002,6.399999999999999,4,239,47,214,0,0.7377604954106723,0.42473111107400946,success
1317,2000,8,2,4.0,4.0,0.01,0.7800000000000002,6.599999999999999,4,228,44,228,0,0.7093198911900063,0.4400623078829183,success
1318,2000,8,2,4.0,4.0,0.01,0.7800000000000002,6.799999999999999,4,217,42,241,0,0.6857738944365641,0.4505166072953008,success
1319,2000,8,2,4.0,4.0,0.01,0.7800000000000002,6.999999999999998,4,210,45,245,0,0.6465907914180264,0.46547807516626,success
1320,2000,8,2,4.0,4.0,0.01,0.7800000000000002,7.199999999999998,4,213,43,244,0,0.6435113840372918,0.4641818630097745,success
1321,2000,8,2,4.0,4.0,0.01,0.7800000000000002,7.399999999999999,4,207,48,245,0,0.6203797660291946,0.47205529467144103,success
1322,2000,8,2,4.0,4.0,0.01,0.7800000000000002,7.599999999999999,4,196,46,258,0,0.5929065522308612,0.4763823665580314,success
1324,2000,8,2,4.0,4.0,0.01,0.7800000000000002,7.999999999999998,4,185,44,271,0,0.5889050908931482,0.47600062445606006,success
1323,2000,8,2,4.0,4.0,0.01,0.7800000000000002,7.799999999999999,4,186,48,266,0,0.573308313690717,0.4790022379387708,success
1325,2000,8,2,4.0,4.0,0.01,0.7800000000000002,8.2,4,177,44,279,0,0.5797975872491852,0.4762773085619346,success
1326,2000,8,2,4.0,4.0,0.01,0.7800000000000002,8.399999999999999,4,164,46,290,0,0.5467328581587744,0.4792754330969072,success
1327,2000,8,2,4.0,4.0,0.01,0.7800000000000002,8.599999999999998,4,160,48,292,0,0.5302898211043348,0.4803490079209848,success
1328,2000,8,2,4.0,4.0,0.01,0.7800000000000002,8.799999999999997,4,160,52,288,0,0.5093892398813735,0.47909370266914103,success
1329,2000,8,2,4.0,4.0,0.01,0.7800000000000002,8.999999999999998,4,155,51,294,0,0.5026863986151533,0.480412578151841,success
1330,2000,8,2,4.0,4.0,0.01,0.7800000000000002,9.199999999999998,4,153,54,293,0,0.4740454531827153,0.47636364593891983,success
1335,2000,8,2,4.0,4.0,0.01,0.7900000000000003,1.0,4,489,11,0,0,,,success
1331,2000,8,2,4.0,4.0,0.01,0.7800000000000002,9.399999999999999,4,146,58,296,0,0.4686790485931081,0.4759767452142838,success
1336,2000,8,2,4.0,4.0,0.01,0.7900000000000003,1.2,4,477,14,9,0,1.0,0.0,success
1332,2000,8,2,4.0,4.0,0.01,0.7800000000000002,9.599999999999998,4,140,51,309,0,0.46929906705508084,0.4758705227641173,success
1337,2000,8,2,4.0,4.0,0.01,0.7900000000000003,1.4,4,471,13,16,0,1.0,0.0,success
1333,2000,8,2,4.0,4.0,0.01,0.7800000000000002,9.799999999999997,4,136,59,305,0,0.457900689607141,0.4741912624044426,success
1338,2000,8,2,4.0,4.0,0.01,0.7900000000000003,1.5999999999999999,4,468,16,16,0,1.0,0.0,success
1339,2000,8,2,4.0,4.0,0.01,0.7900000000000003,1.7999999999999998,4,466,15,19,0,1.0,0.0,success
1334,2000,8,2,4.0,4.0,0.01,0.7800000000000002,9.999999999999998,4,137,61,302,0,0.43299607285690433,0.46685497250339175,success
1340,2000,8,2,4.0,4.0,0.01,0.7900000000000003,1.9999999999999998,4,463,15,22,0,1.0,0.0,success
1341,2000,8,2,4.0,4.0,0.01,0.7900000000000003,2.1999999999999997,4,448,22,30,0,0.9888880597323925,0.06086260342218645,success
1342,2000,8,2,4.0,4.0,0.01,0.7900000000000003,2.3999999999999995,4,435,24,41,0,0.9851493783594344,0.06670743709086445,success
1343,2000,8,2,4.0,4.0,0.01,0.7900000000000003,2.5999999999999996,4,425,31,44,0,1.0,0.0,success
1344,2000,8,2,4.0,4.0,0.01,0.7900000000000003,2.8,4,422,34,44,0,0.9935277362255097,0.04293214096838739,success
1345,2000,8,2,4.0,4.0,0.01,0.7900000000000003,2.9999999999999996,4,419,32,49,0,0.9902262804541084,0.048756656893407684,success
1346,2000,8,2,4.0,4.0,0.01,0.7900000000000003,3.1999999999999993,4,401,39,60,0,0.9825325516732089,0.06630809470939504,success
1347,2000,8,2,4.0,4.0,0.01,0.7900000000000003,3.3999999999999995,4,386,49,65,0,0.9859676224401036,0.06463947547989714,success
1348,2000,8,2,4.0,4.0,0.01,0.7900000000000003,3.5999999999999996,4,368,49,83,0,0.9352725571077063,0.20586955486613287,success
1349,2000,8,2,4.0,4.0,0.01,0.7900000000000003,3.7999999999999994,4,364,49,87,0,0.9647742058124943,0.1378459002688743,success
1350,2000,8,2,4.0,4.0,0.01,0.7900000000000003,3.999999999999999,4,368,47,85,0,0.9721775161684034,0.13044814980793196,success
1351,2000,8,2,4.0,4.0,0.01,0.7900000000000003,4.199999999999999,4,342,54,104,0,0.9132838175034504,0.2701979754692914,success
1352,2000,8,2,4.0,4.0,0.01,0.7900000000000003,4.3999999999999995,4,336,55,109,0,0.9020875350351856,0.2805826500653329,success
1353,2000,8,2,4.0,4.0,0.01,0.7900000000000003,4.6,4,324,51,125,0,0.9318793832213546,0.2374741385892306,success
1354,2000,8,2,4.0,4.0,0.01,0.7900000000000003,4.799999999999999,4,320,51,129,0,0.912727338626947,0.2703581735934034,success
1355,2000,8,2,4.0,4.0,0.01,0.7900000000000003,4.999999999999999,4,314,46,140,0,0.9034145586249533,0.2818853292107605,success
1356,2000,8,2,4.0,4.0,0.01,0.7900000000000003,5.199999999999999,4,291,49,160,0,0.8775004519909728,0.3144292551177993,success
1357,2000,8,2,4.0,4.0,0.01,0.7900000000000003,5.399999999999999,4,291,49,160,0,0.8510551797592161,0.34369350968059775,success
1358,2000,8,2,4.0,4.0,0.01,0.7900000000000003,5.599999999999999,4,276,51,173,0,0.8166518701364907,0.3763505969729589,success
1359,2000,8,2,4.0,4.0,0.01,0.7900000000000003,5.799999999999999,4,268,51,181,0,0.8083502402537457,0.38325801682862737,success
1360,2000,8,2,4.0,4.0,0.01,0.7900000000000003,5.999999999999999,4,265,48,187,0,0.8099079842948967,0.3806510724041993,success
1361,2000,8,2,4.0,4.0,0.01,0.7900000000000003,6.199999999999999,4,245,50,205,0,0.7637667541589068,0.41324992139548344,success
1362,2000,8,2,4.0,4.0,0.01,0.7900000000000003,6.399999999999999,4,239,47,214,0,0.7377604954106723,0.42473111107400946,success
1363,2000,8,2,4.0,4.0,0.01,0.7900000000000003,6.599999999999999,4,228,44,228,0,0.7093198911900063,0.4400623078829183,success
1364,2000,8,2,4.0,4.0,0.01,0.7900000000000003,6.799999999999999,4,217,42,241,0,0.6857738944365641,0.4505166072953008,success
1365,2000,8,2,4.0,4.0,0.01,0.7900000000000003,6.999999999999998,4,210,45,245,0,0.6465907914180264,0.46547807516626,success
1366,2000,8,2,4.0,4.0,0.01,0.7900000000000003,7.199999999999998,4,213,43,244,0,0.6435113840372918,0.4641818630097745,success
1367,2000,8,2,4.0,4.0,0.01,0.7900000000000003,7.399999999999999,4,207,48,245,0,0.6203797660291946,0.47205529467144103,success
1368,2000,8,2,4.0,4.0,0.01,0.7900000000000003,7.599999999999999,4,196,46,258,0,0.5929065522308612,0.4763823665580314,success
1370,2000,8,2,4.0,4.0,0.01,0.7900000000000003,7.999999999999998,4,185,44,271,0,0.5889050908931482,0.47600062445606006,success
1369,2000,8,2,4.0,4.0,0.01,0.7900000000000003,7.799999999999999,4,186,48,266,0,0.573308313690717,0.4790022379387708,success
1371,2000,8,2,4.0,4.0,0.01,0.7900000000000003,8.2,4,177,44,279,0,0.5797975872491852,0.4762773085619346,success
1372,2000,8,2,4.0,4.0,0.01,0.7900000000000003,8.399999999999999,4,164,46,290,0,0.5467328581587744,0.4792754330969072,success
1373,2000,8,2,4.0,4.0,0.01,0.7900000000000003,8.599999999999998,4,160,48,292,0,0.5302898211043348,0.4803490079209848,success
1374,2000,8,2,4.0,4.0,0.01,0.7900000000000003,8.799999999999997,4,160,52,288,0,0.5093892398813735,0.47909370266914103,success
1375,2000,8,2,4.0,4.0,0.01,0.7900000000000003,8.999999999999998,4,155,51,294,0,0.5026863986151533,0.480412578151841,success
1376,2000,8,2,4.0,4.0,0.01,0.7900000000000003,9.199999999999998,4,153,54,293,0,0.4740454531827153,0.47636364593891983,success
1377,2000,8,2,4.0,4.0,0.01,0.7900000000000003,9.399999999999999,4,146,58,296,0,0.4686790485931081,0.4759767452142838,success
1381,2000,8,2,4.0,4.0,0.01,0.8000000000000003,1.0,4,489,11,0,0,,,success
1378,2000,8,2,4.0,4.0,0.01,0.7900000000000003,9.599999999999998,4,140,51,309,0,0.46929906705508084,0.4758705227641173,success
1382,2000,8,2,4.0,4.0,0.01,0.8000000000000003,1.2,4,477,14,9,0,1.0,0.0,success
1383,2000,8,2,4.0,4.0,0.01,0.8000000000000003,1.4,4,471,13,16,0,1.0,0.0,success
1384,2000,8,2,4.0,4.0,0.01,0.8000000000000003,1.5999999999999999,4,468,16,16,0,1.0,0.0,success
1379,2000,8,2,4.0,4.0,0.01,0.7900000000000003,9.799999999999997,4,136,59,305,0,0.457900689607141,0.4741912624044426,success
1385,2000,8,2,4.0,4.0,0.01,0.8000000000000003,1.7999999999999998,4,466,15,19,0,1.0,0.0,success
1380,2000,8,2,4.0,4.0,0.01,0.7900000000000003,9.999999999999998,4,137,61,302,0,0.43299607285690433,0.46685497250339175,success
1386,2000,8,2,4.0,4.0,0.01,0.8000000000000003,1.9999999999999998,4,463,15,22,0,1.0,0.0,success
1387,2000,8,2,4.0,4.0,0.01,0.8000000000000003,2.1999999999999997,4,448,22,30,0,0.9888880597323925,0.06086260342218645,success
1388,2000,8,2,4.0,4.0,0.01,0.8000000000000003,2.3999999999999995,4,435,24,41,0,0.9851493783594344,0.06670743709086445,success
1389,2000,8,2,4.0,4.0,0.01,0.8000000000000003,2.5999999999999996,4,425,31,44,0,1.0,0.0,success
1390,2000,8,2,4.0,4.0,0.01,0.8000000000000003,2.8,4,422,34,44,0,0.9935277362255097,0.04293214096838739,success
1391,2000,8,2,4.0,4.0,0.01,0.8000000000000003,2.9999999999999996,4,419,32,49,0,0.9902262804541084,0.048756656893407684,success
1392,2000,8,2,4.0,4.0,0.01,0.8000000000000003,3.1999999999999993,4,401,39,60,0,0.9825325516732089,0.06630809470939504,success
1393,2000,8,2,4.0,4.0,0.01,0.8000000000000003,3.3999999999999995,4,386,49,65,0,0.9859676224401036,0.06463947547989714,success
1395,2000,8,2,4.0,4.0,0.01,0.8000000000000003,3.7999999999999994,4,364,49,87,0,0.9647742058124943,0.1378459002688743,success
1394,2000,8,2,4.0,4.0,0.01,0.8000000000000003,3.5999999999999996,4,368,49,83,0,0.9352725571077063,0.20586955486613287,success
1396,2000,8,2,4.0,4.0,0.01,0.8000000000000003,3.999999999999999,4,368,47,85,0,0.9721775161684034,0.13044814980793196,success
1397,2000,8,2,4.0,4.0,0.01,0.8000000000000003,4.199999999999999,4,342,54,104,0,0.9132838175034504,0.2701979754692914,success
1398,2000,8,2,4.0,4.0,0.01,0.8000000000000003,4.3999999999999995,4,336,55,109,0,0.9020875350351856,0.2805826500653329,success
1399,2000,8,2,4.0,4.0,0.01,0.8000000000000003,4.6,4,324,51,125,0,0.9318793832213546,0.2374741385892306,success
1400,2000,8,2,4.0,4.0,0.01,0.8000000000000003,4.799999999999999,4,320,51,129,0,0.912727338626947,0.2703581735934034,success
1401,2000,8,2,4.0,4.0,0.01,0.8000000000000003,4.999999999999999,4,314,46,140,0,0.9034145586249533,0.2818853292107605,success
1402,2000,8,2,4.0,4.0,0.01,0.8000000000000003,5.199999999999999,4,291,49,160,0,0.8775004519909728,0.3144292551177993,success
1403,2000,8,2,4.0,4.0,0.01,0.8000000000000003,5.399999999999999,4,291,49,160,0,0.8510551797592161,0.34369350968059775,success
1405,2000,8,2,4.0,4.0,0.01,0.8000000000000003,5.799999999999999,4,268,51,181,0,0.8083502402537457,0.38325801682862737,success
1404,2000,8,2,4.0,4.0,0.01,0.8000000000000003,5.599999999999999,4,276,51,173,0,0.8166518701364907,0.3763505969729589,success
1406,2000,8,2,4.0,4.0,0.01,0.8000000000000003,5.999999999999999,4,265,48,187,0,0.8099079842948967,0.3806510724041993,success
1408,2000,8,2,4.0,4.0,0.01,0.8000000000000003,6.399999999999999,4,239,47,214,0,0.7377604954106723,0.42473111107400946,success
1407,2000,8,2,4.0,4.0,0.01,0.8000000000000003,6.199999999999999,4,245,50,205,0,0.7637667541589068,0.41324992139548344,success
1409,2000,8,2,4.0,4.0,0.01,0.8000000000000003,6.599999999999999,4,228,44,228,0,0.7093198911900063,0.4400623078829183,success
1410,2000,8,2,4.0,4.0,0.01,0.8000000000000003,6.799999999999999,4,217,42,241,0,0.6857738944365641,0.4505166072953008,success
1411,2000,8,2,4.0,4.0,0.01,0.8000000000000003,6.999999999999998,4,210,45,245,0,0.6465907914180264,0.46547807516626,success
1412,2000,8,2,4.0,4.0,0.01,0.8000000000000003,7.199999999999998,4,213,43,244,0,0.6435113840372918,0.4641818630097745,success
1413,2000,8,2,4.0,4.0,0.01,0.8000000000000003,7.399999999999999,4,207,48,245,0,0.6203797660291946,0.47205529467144103,success
1414,2000,8,2,4.0,4.0,0.01,0.8000000000000003,7.599999999999999,4,196,46,258,0,0.5929065522308612,0.4763823665580314,success
1415,2000,8,2,4.0,4.0,0.01,0.8000000000000003,7.799999999999999,4,186,48,266,0,0.573308313690717,0.4790022379387708,success
1416,2000,8,2,4.0,4.0,0.01,0.8000000000000003,7.999999999999998,4,185,44,271,0,0.5889050908931482,0.47600062445606006,success
1417,2000,8,2,4.0,4.0,0.01,0.8000000000000003,8.2,4,177,44,279,0,0.5797975872491852,0.4762773085619346,success
1418,2000,8,2,4.0,4.0,0.01,0.8000000000000003,8.399999999999999,4,164,46,290,0,0.5467328581587744,0.4792754330969072,success
1419,2000,8,2,4.0,4.0,0.01,0.8000000000000003,8.599999999999998,4,160,48,292,0,0.5302898211043348,0.4803490079209848,success
1420,2000,8,2,4.0,4.0,0.01,0.8000000000000003,8.799999999999997,4,160,52,288,0,0.5093892398813735,0.47909370266914103,success
1421,2000,8,2,4.0,4.0,0.01,0.8000000000000003,8.999999999999998,4,155,51,294,0,0.5026863986151533,0.480412578151841,success
1427,2000,8,2,4.0,4.0,0.01,0.8100000000000003,1.0,4,489,11,0,0,,,success
1422,2000,8,2,4.0,4.0,0.01,0.8000000000000003,9.199999999999998,4,153,54,293,0,0.4740454531827153,0.47636364593891983,success
1423,2000,8,2,4.0,4.0,0.01,0.8000000000000003,9.399999999999999,4,146,58,296,0,0.4686790485931081,0.4759767452142838,success
1424,2000,8,2,4.0,4.0,0.01,0.8000000000000003,9.599999999999998,4,140,51,309,0,0.46929906705508084,0.4758705227641173,success
1428,2000,8,2,4.0,4.0,0.01,0.8100000000000003,1.2,4,477,14,9,0,1.0,0.0,success
1429,2000,8,2,4.0,4.0,0.01,0.8100000000000003,1.4,4,471,13,16,0,1.0,0.0,success
1425,2000,8,2,4.0,4.0,0.01,0.8000000000000003,9.799999999999997,4,136,59,305,0,0.457900689607141,0.4741912624044426,success
1430,2000,8,2,4.0,4.0,0.01,0.8100000000000003,1.5999999999999999,4,468,16,16,0,1.0,0.0,success
1426,2000,8,2,4.0,4.0,0.01,0.8000000000000003,9.999999999999998,4,137,61,302,0,0.43299607285690433,0.46685497250339175,success
1431,2000,8,2,4.0,4.0,0.01,0.8100000000000003,1.7999999999999998,4,466,15,19,0,1.0,0.0,success
1432,2000,8,2,4.0,4.0,0.01,0.8100000000000003,1.9999999999999998,4,463,15,22,0,1.0,0.0,success
1433,2000,8,2,4.0,4.0,0.01,0.8100000000000003,2.1999999999999997,4,448,22,30,0,0.9888880597323925,0.06086260342218645,success
1434,2000,8,2,4.0,4.0,0.01,0.8100000000000003,2.3999999999999995,4,435,24,41,0,0.9851493783594344,0.06670743709086445,success
1435,2000,8,2,4.0,4.0,0.01,0.8100000000000003,2.5999999999999996,4,425,31,44,0,1.0,0.0,success
1436,2000,8,2,4.0,4.0,0.01,0.8100000000000003,2.8,4,422,34,44,0,0.9935277362255097,0.04293214096838739,success
1437,2000,8,2,4.0,4.0,0.01,0.8100000000000003,2.9999999999999996,4,419,32,49,0,0.9902262804541084,0.048756656893407684,success
1438,2000,8,2,4.0,4.0,0.01,0.8100000000000003,3.1999999999999993,4,401,39,60,0,0.9825325516732089,0.06630809470939504,success
1439,2000,8,2,4.0,4.0,0.01,0.8100000000000003,3.3999999999999995,4,386,49,65,0,0.9859676224401036,0.06463947547989714,success
1440,2000,8,2,4.0,4.0,0.01,0.8100000000000003,3.5999999999999996,4,368,49,83,0,0.9352725571077063,0.20586955486613287,success
1442,2000,8,2,4.0,4.0,0.01,0.8100000000000003,3.999999999999999,4,368,47,85,0,0.9721775161684034,0.13044814980793196,success
1441,2000,8,2,4.0,4.0,0.01,0.8100000000000003,3.7999999999999994,4,364,49,87,0,0.9647742058124943,0.1378459002688743,success
1443,2000,8,2,4.0,4.0,0.01,0.8100000000000003,4.199999999999999,4,342,54,104,0,0.9132838175034504,0.2701979754692914,success
1444,2000,8,2,4.0,4.0,0.01,0.8100000000000003,4.3999999999999995,4,336,55,109,0,0.9020875350351856,0.2805826500653329,success
1445,2000,8,2,4.0,4.0,0.01,0.8100000000000003,4.6,4,324,51,125,0,0.9318793832213546,0.2374741385892306,success
1446,2000,8,2,4.0,4.0,0.01,0.8100000000000003,4.799999999999999,4,320,51,129,0,0.912727338626947,0.2703581735934034,success
1447,2000,8,2,4.0,4.0,0.01,0.8100000000000003,4.999999999999999,4,314,46,140,0,0.9034145586249533,0.2818853292107605,success
1448,2000,8,2,4.0,4.0,0.01,0.8100000000000003,5.199999999999999,4,291,49,160,0,0.8775004519909728,0.3144292551177993,success
1449,2000,8,2,4.0,4.0,0.01,0.8100000000000003,5.399999999999999,4,291,49,160,0,0.8510551797592161,0.34369350968059775,success
1450,2000,8,2,4.0,4.0,0.01,0.8100000000000003,5.599999999999999,4,276,51,173,0,0.8166518701364907,0.3763505969729589,success
1451,2000,8,2,4.0,4.0,0.01,0.8100000000000003,5.799999999999999,4,268,51,181,0,0.8083502402537457,0.38325801682862737,success
1452,2000,8,2,4.0,4.0,0.01,0.8100000000000003,5.999999999999999,4,265,48,187,0,0.8099079842948967,0.3806510724041993,success
1453,2000,8,2,4.0,4.0,0.01,0.8100000000000003,6.199999999999999,4,245,50,205,0,0.7637667541589068,0.41324992139548344,success
1454,2000,8,2,4.0,4.0,0.01,0.8100000000000003,6.399999999999999,4,239,47,214,0,0.7377604954106723,0.42473111107400946,success
1455,2000,8,2,4.0,4.0,0.01,0.8100000000000003,6.599999999999999,4,228,44,228,0,0.7093198911900063,0.4400623078829183,success
1456,2000,8,2,4.0,4.0,0.01,0.8100000000000003,6.799999999999999,4,217,42,241,0,0.6857738944365641,0.4505166072953008,success
1457,2000,8,2,4.0,4.0,0.01,0.8100000000000003,6.999999999999998,4,210,45,245,0,0.6465907914180264,0.46547807516626,success
1458,2000,8,2,4.0,4.0,0.01,0.8100000000000003,7.199999999999998,4,213,43,244,0,0.6435113840372918,0.4641818630097745,success
1459,2000,8,2,4.0,4.0,0.01,0.8100000000000003,7.399999999999999,4,207,48,245,0,0.6203797660291946,0.47205529467144103,success
1460,2000,8,2,4.0,4.0,0.01,0.8100000000000003,7.599999999999999,4,196,46,258,0,0.5929065522308612,0.4763823665580314,success
1461,2000,8,2,4.0,4.0,0.01,0.8100000000000003,7.799999999999999,4,186,48,266,0,0.573308313690717,0.4790022379387708,success
1462,2000,8,2,4.0,4.0,0.01,0.8100000000000003,7.999999999999998,4,185,44,271,0,0.5889050908931482,0.47600062445606006,success
1463,2000,8,2,4.0,4.0,0.01,0.8100000000000003,8.2,4,177,44,279,0,0.5797975872491852,0.4762773085619346,success
1464,2000,8,2,4.0,4.0,0.01,0.8100000000000003,8.399999999999999,4,164,46,290,0,0.5467328581587744,0.4792754330969072,success
1465,2000,8,2,4.0,4.0,0.01,0.8100000000000003,8.599999999999998,4,160,48,292,0,0.5302898211043348,0.4803490079209848,success
1467,2000,8,2,4.0,4.0,0.01,0.8100000000000003,8.999999999999998,4,155,51,294,0,0.5026863986151533,0.480412578151841,success
1466,2000,8,2,4.0,4.0,0.01,0.8100000000000003,8.799999999999997,4,160,52,288,0,0.5093892398813735,0.47909370266914103,success
1468,2000,8,2,4.0,4.0,0.01,0.8100000000000003,9.199999999999998,4,153,54,293,0,0.4740454531827153,0.47636364593891983,success
1469,2000,8,2,4.0,4.0,0.01,0.8100000000000003,9.399999999999999,4,146,58,296,0,0.4686790485931081,0.4759767452142838,success
1470,2000,8,2,4.0,4.0,0.01,0.8100000000000003,9.599999999999998,4,140,51,309,0,0.46929906705508084,0.4758705227641173,success
1471,2000,8,2,4.0,4.0,0.01,0.8100000000000003,9.799999999999997,4,136,59,305,0,0.457900689607141,0.4741912624044426,success
1472,2000,8,2,4.0,4.0,0.01,0.8100000000000003,9.999999999999998,4,137,61,302,0,0.43299607285690433,0.46685497250339175,success
1473,2000,8,2,4.0,4.0,0.01,0.8200000000000003,1.0,4,489,11,0,0,,,success
1474,2000,8,2,4.0,4.0,0.01,0.8200000000000003,1.2,4,477,14,9,0,1.0,0.0,success
1475,2000,8,2,4.0,4.0,0.01,0.8200000000000003,1.4,4,471,13,16,0,1.0,0.0,success
1476,2000,8,2,4.0,4.0,0.01,0.8200000000000003,1.5999999999999999,4,468,16,16,0,1.0,0.0,success
1477,2000,8,2,4.0,4.0,0.01,0.8200000000000003,1.7999999999999998,4,466,15,19,0,1.0,0.0,success
1478,2000,8,2,4.0,4.0,0.01,0.8200000000000003,1.9999999999999998,4,463,15,22,0,1.0,0.0,success
1479,2000,8,2,4.0,4.0,0.01,0.8200000000000003,2.1999999999999997,4,448,22,30,0,0.9888880597323925,0.06086260342218645,success
1480,2000,8,2,4.0,4.0,0.01,0.8200000000000003,2.3999999999999995,4,435,24,41,0,0.9851493783594344,0.06670743709086445,success
1481,2000,8,2,4.0,4.0,0.01,0.8200000000000003,2.5999999999999996,4,425,31,44,0,1.0,0.0,success
1482,2000,8,2,4.0,4.0,0.01,0.8200000000000003,2.8,4,422,34,44,0,0.9935277362255097,0.04293214096838739,success
1483,2000,8,2,4.0,4.0,0.01,0.8200000000000003,2.9999999999999996,4,419,32,49,0,0.9902262804541084,0.048756656893407684,success
1484,2000,8,2,4.0,4.0,0.01,0.8200000000000003,3.1999999999999993,4,401,39,60,0,0.9825325516732089,0.06630809470939504,success
1486,2000,8,2,4.0,4.0,0.01,0.8200000000000003,3.5999999999999996,4,368,49,83,0,0.9352725571077063,0.20586955486613287,success
1485,2000,8,2,4.0,4.0,0.01,0.8200000000000003,3.3999999999999995,4,386,49,65,0,0.9859676224401036,0.06463947547989714,success
1487,2000,8,2,4.0,4.0,0.01,0.8200000000000003,3.7999999999999994,4,364,49,87,0,0.9647742058124943,0.1378459002688743,success
1488,2000,8,2,4.0,4.0,0.01,0.8200000000000003,3.999999999999999,4,368,47,85,0,0.9721775161684034,0.13044814980793196,success
1489,2000,8,2,4.0,4.0,0.01,0.8200000000000003,4.199999999999999,4,342,54,104,0,0.9132838175034504,0.2701979754692914,success
1490,2000,8,2,4.0,4.0,0.01,0.8200000000000003,4.3999999999999995,4,336,55,109,0,0.9020875350351856,0.2805826500653329,success
1491,2000,8,2,4.0,4.0,0.01,0.8200000000000003,4.6,4,324,51,125,0,0.9318793832213546,0.2374741385892306,success
1492,2000,8,2,4.0,4.0,0.01,0.8200000000000003,4.799999999999999,4,320,51,129,0,0.912727338626947,0.2703581735934034,success
1493,2000,8,2,4.0,4.0,0.01,0.8200000000000003,4.999999999999999,4,314,46,140,0,0.9034145586249533,0.2818853292107605,success
1494,2000,8,2,4.0,4.0,0.01,0.8200000000000003,5.199999999999999,4,291,49,160,0,0.8775004519909728,0.3144292551177993,success
1495,2000,8,2,4.0,4.0,0.01,0.8200000000000003,5.399999999999999,4,291,49,160,0,0.8510551797592161,0.34369350968059775,success
1496,2000,8,2,4.0,4.0,0.01,0.8200000000000003,5.599999999999999,4,276,51,173,0,0.8166518701364907,0.3763505969729589,success
1497,2000,8,2,4.0,4.0,0.01,0.8200000000000003,5.799999999999999,4,268,51,181,0,0.8083502402537457,0.38325801682862737,success
1499,2000,8,2,4.0,4.0,0.01,0.8200000000000003,6.199999999999999,4,245,50,205,0,0.7637667541589068,0.41324992139548344,success
1498,2000,8,2,4.0,4.0,0.01,0.8200000000000003,5.999999999999999,4,265,48,187,0,0.8099079842948967,0.3806510724041993,success
1500,2000,8,2,4.0,4.0,0.01,0.8200000000000003,6.399999999999999,4,239,47,214,0,0.7377604954106723,0.42473111107400946,success
1501,2000,8,2,4.0,4.0,0.01,0.8200000000000003,6.599999999999999,4,228,44,228,0,0.7093198911900063,0.4400623078829183,success
1502,2000,8,2,4.0,4.0,0.01,0.8200000000000003,6.799999999999999,4,217,42,241,0,0.6857738944365641,0.4505166072953008,success
1503,2000,8,2,4.0,4.0,0.01,0.8200000000000003,6.999999999999998,4,210,45,245,0,0.6465907914180264,0.46547807516626,success
1504,2000,8,2,4.0,4.0,0.01,0.8200000000000003,7.199999999999998,4,213,43,244,0,0.6435113840372918,0.4641818630097745,success
1505,2000,8,2,4.0,4.0,0.01,0.8200000000000003,7.399999999999999,4,207,48,245,0,0.6203797660291946,0.47205529467144103,success
1506,2000,8,2,4.0,4.0,0.01,0.8200000000000003,7.599999999999999,4,196,46,258,0,0.5929065522308612,0.4763823665580314,success
1507,2000,8,2,4.0,4.0,0.01,0.8200000000000003,7.799999999999999,4,186,48,266,0,0.573308313690717,0.4790022379387708,success
1508,2000,8,2,4.0,4.0,0.01,0.8200000000000003,7.999999999999998,4,185,44,271,0,0.5889050908931482,0.47600062445606006,success
1509,2000,8,2,4.0,4.0,0.01,0.8200000000000003,8.2,4,177,44,279,0,0.5797975872491852,0.4762773085619346,success
1510,2000,8,2,4.0,4.0,0.01,0.8200000000000003,8.399999999999999,4,164,46,290,0,0.5467328581587744,0.4792754330969072,success
1511,2000,8,2,4.0,4.0,0.01,0.8200000000000003,8.599999999999998,4,160,48,292,0,0.5302898211043348,0.4803490079209848,success
1512,2000,8,2,4.0,4.0,0.01,0.8200000000000003,8.799999999999997,4,160,52,288,0,0.5093892398813735,0.47909370266914103,success
1513,2000,8,2,4.0,4.0,0.01,0.8200000000000003,8.999999999999998,4,155,51,294,0,0.5026863986151533,0.480412578151841,success
1519,2000,8,2,4.0,4.0,0.01,0.8300000000000003,1.0,4,489,11,0,0,,,success
1514,2000,8,2,4.0,4.0,0.01,0.8200000000000003,9.199999999999998,4,153,54,293,0,0.4740454531827153,0.47636364593891983,success
1515,2000,8,2,4.0,4.0,0.01,0.8200000000000003,9.399999999999999,4,146,58,296,0,0.4686790485931081,0.4759767452142838,success
1520,2000,8,2,4.0,4.0,0.01,0.8300000000000003,1.2,4,477,14,9,0,1.0,0.0,success
1521,2000,8,2,4.0,4.0,0.01,0.8300000000000003,1.4,4,471,13,16,0,1.0,0.0,success
1516,2000,8,2,4.0,4.0,0.01,0.8200000000000003,9.599999999999998,4,140,51,309,0,0.46929906705508084,0.4758705227641173,success
1522,2000,8,2,4.0,4.0,0.01,0.8300000000000003,1.5999999999999999,4,468,16,16,0,1.0,0.0,success
1517,2000,8,2,4.0,4.0,0.01,0.8200000000000003,9.799999999999997,4,136,59,305,0,0.457900689607141,0.4741912624044426,success
1518,2000,8,2,4.0,4.0,0.01,0.8200000000000003,9.999999999999998,4,137,61,302,0,0.43299607285690433,0.46685497250339175,success
1524,2000,8,2,4.0,4.0,0.01,0.8300000000000003,1.9999999999999998,4,463,15,22,0,1.0,0.0,success
1523,2000,8,2,4.0,4.0,0.01,0.8300000000000003,1.7999999999999998,4,466,15,19,0,1.0,0.0,success
1525,2000,8,2,4.0,4.0,0.01,0.8300000000000003,2.1999999999999997,4,448,22,30,0,0.9888880597323925,0.06086260342218645,success
1526,2000,8,2,4.0,4.0,0.01,0.8300000000000003,2.3999999999999995,4,435,24,41,0,0.9851493783594344,0.06670743709086445,success
1527,2000,8,2,4.0,4.0,0.01,0.8300000000000003,2.5999999999999996,4,425,31,44,0,1.0,0.0,success
1528,2000,8,2,4.0,4.0,0.01,0.8300000000000003,2.8,4,422,34,44,0,0.9935277362255097,0.04293214096838739,success
1529,2000,8,2,4.0,4.0,0.01,0.8300000000000003,2.9999999999999996,4,419,32,49,0,0.9902262804541084,0.048756656893407684,success
1531,2000,8,2,4.0,4.0,0.01,0.8300000000000003,3.3999999999999995,4,386,49,65,0,0.9859676224401036,0.06463947547989714,success
1530,2000,8,2,4.0,4.0,0.01,0.8300000000000003,3.1999999999999993,4,401,39,60,0,0.9825325516732089,0.06630809470939504,success
1532,2000,8,2,4.0,4.0,0.01,0.8300000000000003,3.5999999999999996,4,368,49,83,0,0.9352725571077063,0.20586955486613287,success
1533,2000,8,2,4.0,4.0,0.01,0.8300000000000003,3.7999999999999994,4,364,49,87,0,0.9647742058124943,0.1378459002688743,success
1534,2000,8,2,4.0,4.0,0.01,0.8300000000000003,3.999999999999999,4,368,47,85,0,0.9721775161684034,0.13044814980793196,success
1535,2000,8,2,4.0,4.0,0.01,0.8300000000000003,4.199999999999999,4,342,54,104,0,0.9132838175034504,0.2701979754692914,success
1536,2000,8,2,4.0,4.0,0.01,0.8300000000000003,4.3999999999999995,4,336,55,109,0,0.9020875350351856,0.2805826500653329,success
1537,2000,8,2,4.0,4.0,0.01,0.8300000000000003,4.6,4,324,51,125,0,0.9318793832213546,0.2374741385892306,success
1538,2000,8,2,4.0,4.0,0.01,0.8300000000000003,4.799999999999999,4,320,51,129,0,0.912727338626947,0.2703581735934034,success
1539,2000,8,2,4.0,4.0,0.01,0.8300000000000003,4.999999999999999,4,314,46,140,0,0.9034145586249533,0.2818853292107605,success
1540,2000,8,2,4.0,4.0,0.01,0.8300000000000003,5.199999999999999,4,291,49,160,0,0.8775004519909728,0.3144292551177993,success
1541,2000,8,2,4.0,4.0,0.01,0.8300000000000003,5.399999999999999,4,291,49,160,0,0.8510551797592161,0.34369350968059775,success
1542,2000,8,2,4.0,4.0,0.01,0.8300000000000003,5.599999999999999,4,276,51,173,0,0.8166518701364907,0.3763505969729589,success
1543,2000,8,2,4.0,4.0,0.01,0.8300000000000003,5.799999999999999,4,268,51,181,0,0.8083502402537457,0.38325801682862737,success
1544,2000,8,2,4.0,4.0,0.01,0.8300000000000003,5.999999999999999,4,265,48,187,0,0.8099079842948967,0.3806510724041993,success
1545,2000,8,2,4.0,4.0,0.01,0.8300000000000003,6.199999999999999,4,245,50,205,0,0.7637667541589068,0.41324992139548344,success
1546,2000,8,2,4.0,4.0,0.01,0.8300000000000003,6.399999999999999,4,239,47,214,0,0.7377604954106723,0.42473111107400946,success
1547,2000,8,2,4.0,4.0,0.01,0.8300000000000003,6.599999999999999,4,228,44,228,0,0.7093198911900063,0.4400623078829183,success
1548,2000,8,2,4.0,4.0,0.01,0.8300000000000003,6.799999999999999,4,217,42,241,0,0.6857738944365641,0.4505166072953008,success
1549,2000,8,2,4.0,4.0,0.01,0.8300000000000003,6.999999999999998,4,210,45,245,0,0.6465907914180264,0.46547807516626,success
1550,2000,8,2,4.0,4.0,0.01,0.8300000000000003,7.199999999999998,4,213,43,244,0,0.6435113840372918,0.4641818630097745,success
1551,2000,8,2,4.0,4.0,0.01,0.8300000000000003,7.399999999999999,4,207,48,245,0,0.6203797660291946,0.47205529467144103,success
1552,2000,8,2,4.0,4.0,0.01,0.8300000000000003,7.599999999999999,4,196,46,258,0,0.5929065522308612,0.4763823665580314,success
1553,2000,8,2,4.0,4.0,0.01,0.8300000000000003,7.799999999999999,4,186,48,266,0,0.573308313690717,0.4790022379387708,success
1554,2000,8,2,4.0,4.0,0.01,0.8300000000000003,7.999999999999998,4,185,44,271,0,0.5889050908931482,0.47600062445606006,success
1555,2000,8,2,4.0,4.0,0.01,0.8300000000000003,8.2,4,177,44,279,0,0.5797975872491852,0.4762773085619346,success
1556,2000,8,2,4.0,4.0,0.01,0.8300000000000003,8.399999999999999,4,164,46,290,0,0.5467328581587744,0.4792754330969072,success
1557,2000,8,2,4.0,4.0,0.01,0.8300000000000003,8.599999999999998,4,160,48,292,0,0.5302898211043348,0.4803490079209848,success
1558,2000,8,2,4.0,4.0,0.01,0.8300000000000003,8.799999999999997,4,160,52,288,0,0.5093892398813735,0.47909370266914103,success
1559,2000,8,2,4.0,4.0,0.01,0.8300000000000003,8.999999999999998,4,155,51,294,0,0.5026863986151533,0.480412578151841,success
1560,2000,8,2,4.0,4.0,0.01,0.8300000000000003,9.199999999999998,4,153,54,293,0,0.4740454531827153,0.47636364593891983,success
1565,2000,8,2,4.0,4.0,0.01,0.8400000000000003,1.0,4,489,11,0,0,,,success
1561,2000,8,2,4.0,4.0,0.01,0.8300000000000003,9.399999999999999,4,146,58,296,0,0.46866902405691147,0.47596725317180527,success
1562,2000,8,2,4.0,4.0,0.01,0.8300000000000003,9.599999999999998,4,140,51,309,0,0.46929906705508084,0.4758705227641173,success
1563,2000,8,2,4.0,4.0,0.01,0.8300000000000003,9.799999999999997,4,136,59,305,0,0.457900689607141,0.4741912624044426,success
1564,2000,8,2,4.0,4.0,0.01,0.8300000000000003,9.999999999999998,4,137,61,302,0,0.43299607285690433,0.46685497250339175,success
1566,2000,8,2,4.0,4.0,0.01,0.8400000000000003,1.2,4,477,14,9,0,1.0,0.0,success
1567,2000,8,2,4.0,4.0,0.01,0.8400000000000003,1.4,4,471,13,16,0,1.0,0.0,success
1568,2000,8,2,4.0,4.0,0.01,0.8400000000000003,1.5999999999999999,4,468,16,16,0,1.0,0.0,success
1569,2000,8,2,4.0,4.0,0.01,0.8400000000000003,1.7999999999999998,4,466,15,19,0,1.0,0.0,success
1570,2000,8,2,4.0,4.0,0.01,0.8400000000000003,1.9999999999999998,4,463,15,22,0,1.0,0.0,success
1571,2000,8,2,4.0,4.0,0.01,0.8400000000000003,2.1999999999999997,4,448,22,30,0,0.9888880597323925,0.06086260342218645,success
1572,2000,8,2,4.0,4.0,0.01,0.8400000000000003,2.3999999999999995,4,435,24,41,0,0.9851493783594344,0.06670743709086445,success
1573,2000,8,2,4.0,4.0,0.01,0.8400000000000003,2.5999999999999996,4,425,31,44,0,1.0,0.0,success
1574,2000,8,2,4.0,4.0,0.01,0.8400000000000003,2.8,4,422,34,44,0,0.9935277362255097,0.04293214096838739,success
1575,2000,8,2,4.0,4.0,0.01,0.8400000000000003,2.9999999999999996,4,419,32,49,0,0.9902262804541084,0.048756656893407684,success
1576,2000,8,2,4.0,4.0,0.01,0.8400000000000003,3.1999999999999993,4,401,39,60,0,0.9825325516732089,0.06630809470939504,success
1577,2000,8,2,4.0,4.0,0.01,0.8400000000000003,3.3999999999999995,4,386,49,65,0,0.9859676224401036,0.06463947547989714,success
1578,2000,8,2,4.0,4.0,0.01,0.8400000000000003,3.5999999999999996,4,368,49,83,0,0.9352725571077063,0.20586955486613287,success
1579,2000,8,2,4.0,4.0,0.01,0.8400000000000003,3.7999999999999994,4,364,49,87,0,0.9647742058124943,0.1378459002688743,success
1580,2000,8,2,4.0,4.0,0.01,0.8400000000000003,3.999999999999999,4,368,47,85,0,0.9721775161684034,0.13044814980793196,success
1581,2000,8,2,4.0,4.0,0.01,0.8400000000000003,4.199999999999999,4,342,54,104,0,0.9132838175034504,0.2701979754692914,success
1582,2000,8,2,4.0,4.0,0.01,0.8400000000000003,4.3999999999999995,4,336,55,109,0,0.9020875350351856,0.2805826500653329,success
1583,2000,8,2,4.0,4.0,0.01,0.8400000000000003,4.6,4,324,51,125,0,0.9318793832213546,0.2374741385892306,success
1584,2000,8,2,4.0,4.0,0.01,0.8400000000000003,4.799999999999999,4,320,51,129,0,0.912727338626947,0.2703581735934034,success
1585,2000,8,2,4.0,4.0,0.01,0.8400000000000003,4.999999999999999,4,314,46,140,0,0.9034145586249533,0.2818853292107605,success
1586,2000,8,2,4.0,4.0,0.01,0.8400000000000003,5.199999999999999,4,291,49,160,0,0.8775004519909728,0.3144292551177993,success
1587,2000,8,2,4.0,4.0,0.01,0.8400000000000003,5.399999999999999,4,291,49,160,0,0.8510551797592161,0.34369350968059775,success
1588,2000,8,2,4.0,4.0,0.01,0.8400000000000003,5.599999999999999,4,276,51,173,0,0.8166518701364907,0.3763505969729589,success
1590,2000,8,2,4.0,4.0,0.01,0.8400000000000003,5.999999999999999,4,265,48,187,0,0.8099079842948967,0.3806510724041993,success
1589,2000,8,2,4.0,4.0,0.01,0.8400000000000003,5.799999999999999,4,268,51,181,0,0.8083502402537457,0.38325801682862737,success
1591,2000,8,2,4.0,4.0,0.01,0.8400000000000003,6.199999999999999,4,245,50,205,0,0.7637667541589068,0.41324992139548344,success
1592,2000,8,2,4.0,4.0,0.01,0.8400000000000003,6.399999999999999,4,239,47,214,0,0.7377604954106723,0.42473111107400946,success
1593,2000,8,2,4.0,4.0,0.01,0.8400000000000003,6.599999999999999,4,228,44,228,0,0.7093198911900063,0.4400623078829183,success
1594,2000,8,2,4.0,4.0,0.01,0.8400000000000003,6.799999999999999,4,217,42,241,0,0.6857738944365641,0.4505166072953008,success
1595,2000,8,2,4.0,4.0,0.01,0.8400000000000003,6.999999999999998,4,210,45,245,0,0.6465907914180264,0.46547807516626,success
1596,2000,8,2,4.0,4.0,0.01,0.8400000000000003,7.199999999999998,4,213,43,244,0,0.6435113840372918,0.4641818630097745,success
1597,2000,8,2,4.0,4.0,0.01,0.8400000000000003,7.399999999999999,4,207,48,245,0,0.6203797660291946,0.47205529467144103,success
1598,2000,8,2,4.0,4.0,0.01,0.8400000000000003,7.599999999999999,4,196,46,258,0,0.5929065522308612,0.4763823665580314,success
1599,2000,8,2,4.0,4.0,0.01,0.8400000000000003,7.799999999999999,4,186,48,266,0,0.573308313690717,0.4790022379387708,success
1600,2000,8,2,4.0,4.0,0.01,0.8400000000000003,7.999999999999998,4,185,44,271,0,0.5889050908931482,0.47600062445606006,success
1601,2000,8,2,4.0,4.0,0.01,0.8400000000000003,8.2,4,177,44,279,0,0.5797975872491852,0.4762773085619346,success
1602,2000,8,2,4.0,4.0,0.01,0.8400000000000003,8.399999999999999,4,164,46,290,0,0.5467328581587744,0.4792754330969072,success
1603,2000,8,2,4.0,4.0,0.01,0.8400000000000003,8.599999999999998,4,160,48,292,0,0.5302898211043348,0.4803490079209848,success
1604,2000,8,2,4.0,4.0,0.01,0.8400000000000003,8.799999999999997,4,160,52,288,0,0.5093892398813735,0.47909370266914103,success
1605,2000,8,2,4.0,4.0,0.01,0.8400000000000003,8.999999999999998,4,155,51,294,0,0.5026785609158501,0.48040505189617655,success
1606,2000,8,2,4.0,4.0,0.01,0.8400000000000003,9.199999999999998,4,153,54,293,0,0.4740454531827153,0.47636364593891983,success
1607,2000,8,2,4.0,4.0,0.01,0.8400000000000003,9.399999999999999,4,146,58,296,0,0.46866902405691147,0.47596725317180527,success
1608,2000,8,2,4.0,4.0,0.01,0.8400000000000003,9.599999999999998,4,140,51,309,0,0.46929906705508084,0.4758705227641173,success
1611,2000,8,2,4.0,4.0,0.01,0.8500000000000003,1.0,4,489,11,0,0,,,success
1612,2000,8,2,4.0,4.0,0.01,0.8500000000000003,1.2,4,477,14,9,0,1.0,0.0,success
1613,2000,8,2,4.0,4.0,0.01,0.8500000000000003,1.4,4,471,13,16,0,1.0,0.0,success
1614,2000,8,2,4.0,4.0,0.01,0.8500000000000003,1.5999999999999999,4,468,16,16,0,1.0,0.0,success
1615,2000,8,2,4.0,4.0,0.01,0.8500000000000003,1.7999999999999998,4,466,15,19,0,1.0,0.0,success
1609,2000,8,2,4.0,4.0,0.01,0.8400000000000003,9.799999999999997,4,136,59,305,0,0.457900689607141,0.4741912624044426,success
1610,2000,8,2,4.0,4.0,0.01,0.8400000000000003,9.999999999999998,4,137,61,302,0,0.43299607285690433,0.46685497250339175,success
1616,2000,8,2,4.0,4.0,0.01,0.8500000000000003,1.9999999999999998,4,463,15,22,0,1.0,0.0,success
1617,2000,8,2,4.0,4.0,0.01,0.8500000000000003,2.1999999999999997,4,448,22,30,0,0.9888880597323925,0.06086260342218645,success
1618,2000,8,2,4.0,4.0,0.01,0.8500000000000003,2.3999999999999995,4,435,24,41,0,0.9851493783594344,0.06670743709086445,success
1619,2000,8,2,4.0,4.0,0.01,0.8500000000000003,2.5999999999999996,4,425,31,44,0,1.0,0.0,success
1620,2000,8,2,4.0,4.0,0.01,0.8500000000000003,2.8,4,422,34,44,0,0.9935277362255097,0.04293214096838739,success
1621,2000,8,2,4.0,4.0,0.01,0.8500000000000003,2.9999999999999996,4,419,32,49,0,0.9902262804541084,0.048756656893407684,success
1622,2000,8,2,4.0,4.0,0.01,0.8500000000000003,3.1999999999999993,4,401,39,60,0,0.9825325516732089,0.06630809470939504,success
1623,2000,8,2,4.0,4.0,0.01,0.8500000000000003,3.3999999999999995,4,386,49,65,0,0.9859676224401036,0.06463947547989714,success
1624,2000,8,2,4.0,4.0,0.01,0.8500000000000003,3.5999999999999996,4,368,49,83,0,0.9352725571077063,0.20586955486613287,success
1625,2000,8,2,4.0,4.0,0.01,0.8500000000000003,3.7999999999999994,4,364,49,87,0,0.9647742058124943,0.1378459002688743,success
1626,2000,8,2,4.0,4.0,0.01,0.8500000000000003,3.999999999999999,4,368,47,85,0,0.9721775161684034,0.13044814980793196,success
1627,2000,8,2,4.0,4.0,0.01,0.8500000000000003,4.199999999999999,4,342,54,104,0,0.9132838175034504,0.2701979754692914,success
1628,2000,8,2,4.0,4.0,0.01,0.8500000000000003,4.3999999999999995,4,336,55,109,0,0.9020875350351856,0.2805826500653329,success
1629,2000,8,2,4.0,4.0,0.01,0.8500000000000003,4.6,4,324,51,125,0,0.9318793832213546,0.2374741385892306,success
1630,2000,8,2,4.0,4.0,0.01,0.8500000000000003,4.799999999999999,4,320,51,129,0,0.912727338626947,0.2703581735934034,success
1631,2000,8,2,4.0,4.0,0.01,0.8500000000000003,4.999999999999999,4,314,46,140,0,0.9034145586249533,0.2818853292107605,success
1632,2000,8,2,4.0,4.0,0.01,0.8500000000000003,5.199999999999999,4,291,49,160,0,0.8775004519909728,0.3144292551177993,success
1633,2000,8,2,4.0,4.0,0.01,0.8500000000000003,5.399999999999999,4,291,49,160,0,0.8510551797592161,0.34369350968059775,success
1634,2000,8,2,4.0,4.0,0.01,0.8500000000000003,5.599999999999999,4,276,51,173,0,0.8166518701364907,0.3763505969729589,success
1635,2000,8,2,4.0,4.0,0.01,0.8500000000000003,5.799999999999999,4,268,51,181,0,0.8083502402537457,0.38325801682862737,success
1636,2000,8,2,4.0,4.0,0.01,0.8500000000000003,5.999999999999999,4,265,48,187,0,0.8099079842948967,0.3806510724041993,success
1637,2000,8,2,4.0,4.0,0.01,0.8500000000000003,6.199999999999999,4,245,50,205,0,0.7637667541589068,0.41324992139548344,success
1638,2000,8,2,4.0,4.0,0.01,0.8500000000000003,6.399999999999999,4,239,47,214,0,0.7377604954106723,0.42473111107400946,success
1639,2000,8,2,4.0,4.0,0.01,0.8500000000000003,6.599999999999999,4,228,44,228,0,0.7093198911900063,0.4400623078829183,success
1640,2000,8,2,4.0,4.0,0.01,0.8500000000000003,6.799999999999999,4,217,42,241,0,0.6857738944365641,0.4505166072953008,success
1641,2000,8,2,4.0,4.0,0.01,0.8500000000000003,6.999999999999998,4,210,45,245,0,0.6465907914180264,0.46547807516626,success
1642,2000,8,2,4.0,4.0,0.01,0.8500000000000003,7.199999999999998,4,213,43,244,0,0.6435113840372918,0.4641818630097745,success
1644,2000,8,2,4.0,4.0,0.01,0.8500000000000003,7.599999999999999,4,196,46,258,0,0.5929065522308612,0.4763823665580314,success
1643,2000,8,2,4.0,4.0,0.01,0.8500000000000003,7.399999999999999,4,207,48,245,0,0.6203797660291946,0.47205529467144103,success
1645,2000,8,2,4.0,4.0,0.01,0.8500000000000003,7.799999999999999,4,186,48,266,0,0.573308313690717,0.4790022379387708,success
1646,2000,8,2,4.0,4.0,0.01,0.8500000000000003,7.999999999999998,4,185,44,271,0,0.5889050908931482,0.47600062445606006,success
1647,2000,8,2,4.0,4.0,0.01,0.8500000000000003,8.2,4,177,44,279,0,0.5797975872491852,0.4762773085619346,success
1648,2000,8,2,4.0,4.0,0.01,0.8500000000000003,8.399999999999999,4,164,46,290,0,0.5467328581587744,0.4792754330969072,success
1649,2000,8,2,4.0,4.0,0.01,0.8500000000000003,8.599999999999998,4,160,48,292,0,0.5302898211043348,0.4803490079209848,success
1650,2000,8,2,4.0,4.0,0.01,0.8500000000000003,8.799999999999997,4,160,52,288,0,0.5093892398813735,0.47909370266914103,success
1651,2000,8,2,4.0,4.0,0.01,0.8500000000000003,8.999999999999998,4,155,51,294,0,0.5026785609158501,0.48040505189617655,success
1652,2000,8,2,4.0,4.0,0.01,0.8500000000000003,9.199999999999998,4,153,54,293,0,0.4740454531827153,0.47636364593891983,success
1653,2000,8,2,4.0,4.0,0.01,0.8500000000000003,9.399999999999999,4,146,58,296,0,0.46866902405691147,0.47596725317180527,success
1654,2000,8,2,4.0,4.0,0.01,0.8500000000000003,9.599999999999998,4,140,51,309,0,0.46929906705508084,0.4758705227641173,success
1657,2000,8,2,4.0,4.0,0.01,0.8600000000000003,1.0,4,489,11,0,0,,,success
1658,2000,8,2,4.0,4.0,0.01,0.8600000000000003,1.2,4,477,14,9,0,1.0,0.0,success
1659,2000,8,2,4.0,4.0,0.01,0.8600000000000003,1.4,4,471,13,16,0,1.0,0.0,success
1655,2000,8,2,4.0,4.0,0.01,0.8500000000000003,9.799999999999997,4,136,59,305,0,0.457900689607141,0.4741912624044426,success
1660,2000,8,2,4.0,4.0,0.01,0.8600000000000003,1.5999999999999999,4,468,16,16,0,1.0,0.0,success
1656,2000,8,2,4.0,4.0,0.01,0.8500000000000003,9.999999999999998,4,137,61,302,0,0.43299607285690433,0.46685497250339175,success
1661,2000,8,2,4.0,4.0,0.01,0.8600000000000003,1.7999999999999998,4,466,15,19,0,1.0,0.0,success
1663,2000,8,2,4.0,4.0,0.01,0.8600000000000003,2.1999999999999997,4,448,22,30,0,0.9888880597323925,0.06086260342218645,success
1662,2000,8,2,4.0,4.0,0.01,0.8600000000000003,1.9999999999999998,4,463,15,22,0,1.0,0.0,success
1664,2000,8,2,4.0,4.0,0.01,0.8600000000000003,2.3999999999999995,4,435,24,41,0,0.9851493783594344,0.06670743709086445,success
1665,2000,8,2,4.0,4.0,0.01,0.8600000000000003,2.5999999999999996,4,425,31,44,0,1.0,0.0,success
1666,2000,8,2,4.0,4.0,0.01,0.8600000000000003,2.8,4,422,34,44,0,0.9935277362255097,0.04293214096838739,success
1667,2000,8,2,4.0,4.0,0.01,0.8600000000000003,2.9999999999999996,4,419,32,49,0,0.9902262804541084,0.048756656893407684,success
1668,2000,8,2,4.0,4.0,0.01,0.8600000000000003,3.1999999999999993,4,401,39,60,0,0.9825325516732089,0.06630809470939504,success
1669,2000,8,2,4.0,4.0,0.01,0.8600000000000003,3.3999999999999995,4,386,49,65,0,0.9859676224401036,0.06463947547989714,success
1670,2000,8,2,4.0,4.0,0.01,0.8600000000000003,3.5999999999999996,4,368,49,83,0,0.9352725571077063,0.20586955486613287,success
1672,2000,8,2,4.0,4.0,0.01,0.8600000000000003,3.999999999999999,4,368,47,85,0,0.9721775161684034,0.13044814980793196,success
1671,2000,8,2,4.0,4.0,0.01,0.8600000000000003,3.7999999999999994,4,364,49,87,0,0.9647742058124943,0.1378459002688743,success
1673,2000,8,2,4.0,4.0,0.01,0.8600000000000003,4.199999999999999,4,342,54,104,0,0.9132838175034504,0.2701979754692914,success
1674,2000,8,2,4.0,4.0,0.01,0.8600000000000003,4.3999999999999995,4,336,55,109,0,0.9020875350351856,0.2805826500653329,success
1675,2000,8,2,4.0,4.0,0.01,0.8600000000000003,4.6,4,324,51,125,0,0.9318793832213546,0.2374741385892306,success
1676,2000,8,2,4.0,4.0,0.01,0.8600000000000003,4.799999999999999,4,320,51,129,0,0.912727338626947,0.2703581735934034,success
1677,2000,8,2,4.0,4.0,0.01,0.8600000000000003,4.999999999999999,4,314,46,140,0,0.9034145586249533,0.2818853292107605,success
1678,2000,8,2,4.0,4.0,0.01,0.8600000000000003,5.199999999999999,4,291,49,160,0,0.8775004519909728,0.3144292551177993,success
1679,2000,8,2,4.0,4.0,0.01,0.8600000000000003,5.399999999999999,4,291,49,160,0,0.8510551797592161,0.34369350968059775,success
1680,2000,8,2,4.0,4.0,0.01,0.8600000000000003,5.599999999999999,4,276,51,173,0,0.8166518701364907,0.3763505969729589,success
1681,2000,8,2,4.0,4.0,0.01,0.8600000000000003,5.799999999999999,4,268,51,181,0,0.8083502402537457,0.38325801682862737,success
1682,2000,8,2,4.0,4.0,0.01,0.8600000000000003,5.999999999999999,4,265,48,187,0,0.8099079842948967,0.3806510724041993,success
1683,2000,8,2,4.0,4.0,0.01,0.8600000000000003,6.199999999999999,4,245,50,205,0,0.7637667541589068,0.41324992139548344,success
1685,2000,8,2,4.0,4.0,0.01,0.8600000000000003,6.599999999999999,4,228,44,228,0,0.7093198911900063,0.4400623078829183,success
1684,2000,8,2,4.0,4.0,0.01,0.8600000000000003,6.399999999999999,4,239,47,214,0,0.7377604954106723,0.42473111107400946,success
1686,2000,8,2,4.0,4.0,0.01,0.8600000000000003,6.799999999999999,4,217,42,241,0,0.6857738944365641,0.4505166072953008,success
1687,2000,8,2,4.0,4.0,0.01,0.8600000000000003,6.999999999999998,4,210,45,245,0,0.6465907914180264,0.46547807516626,success
1688,2000,8,2,4.0,4.0,0.01,0.8600000000000003,7.199999999999998,4,213,43,244,0,0.6435113840372918,0.4641818630097745,success
1689,2000,8,2,4.0,4.0,0.01,0.8600000000000003,7.399999999999999,4,207,48,245,0,0.6203797660291946,0.47205529467144103,success
1690,2000,8,2,4.0,4.0,0.01,0.8600000000000003,7.599999999999999,4,196,46,258,0,0.5929065522308612,0.4763823665580314,success
1691,2000,8,2,4.0,4.0,0.01,0.8600000000000003,7.799999999999999,4,186,48,266,0,0.573308313690717,0.4790022379387708,success
1692,2000,8,2,4.0,4.0,0.01,0.8600000000000003,7.999999999999998,4,185,44,271,0,0.5889050908931482,0.47600062445606006,success
1693,2000,8,2,4.0,4.0,0.01,0.8600000000000003,8.2,4,177,44,279,0,0.5797975872491852,0.4762773085619346,success
1694,2000,8,2,4.0,4.0,0.01,0.8600000000000003,8.399999999999999,4,164,46,290,0,0.5467328581587744,0.4792754330969072,success
1695,2000,8,2,4.0,4.0,0.01,0.8600000000000003,8.599999999999998,4,160,48,292,0,0.5302898211043348,0.4803490079209848,success
1696,2000,8,2,4.0,4.0,0.01,0.8600000000000003,8.799999999999997,4,160,52,288,0,0.5093892398813735,0.47909370266914103,success
1697,2000,8,2,4.0,4.0,0.01,0.8600000000000003,8.999999999999998,4,155,51,294,0,0.5026785609158501,0.48040505189617655,success
1698,2000,8,2,4.0,4.0,0.01,0.8600000000000003,9.199999999999998,4,153,54,293,0,0.4740454531827153,0.47636364593891983,success
1699,2000,8,2,4.0,4.0,0.01,0.8600000000000003,9.399999999999999,4,146,58,296,0,0.46866902405691147,0.47596725317180527,success
1700,2000,8,2,4.0,4.0,0.01,0.8600000000000003,9.599999999999998,4,140,51,309,0,0.46929906705508084,0.4758705227641173,success
1703,2000,8,2,4.0,4.0,0.01,0.8700000000000003,1.0,4,489,11,0,0,,,success
1704,2000,8,2,4.0,4.0,0.01,0.8700000000000003,1.2,4,477,14,9,0,1.0,0.0,success
1705,2000,8,2,4.0,4.0,0.01,0.8700000000000003,1.4,4,471,13,16,0,1.0,0.0,success
1706,2000,8,2,4.0,4.0,0.01,0.8700000000000003,1.5999999999999999,4,468,16,16,0,1.0,0.0,success
1701,2000,8,2,4.0,4.0,0.01,0.8600000000000003,9.799999999999997,4,136,59,305,0,0.457900689607141,0.4741912624044426,success
1702,2000,8,2,4.0,4.0,0.01,0.8600000000000003,9.999999999999998,4,137,61,302,0,0.43299607285690433,0.46685497250339175,success
1707,2000,8,2,4.0,4.0,0.01,0.8700000000000003,1.7999999999999998,4,466,15,19,0,1.0,0.0,success
1708,2000,8,2,4.0,4.0,0.01,0.8700000000000003,1.9999999999999998,4,463,15,22,0,1.0,0.0,success
1709,2000,8,2,4.0,4.0,0.01,0.8700000000000003,2.1999999999999997,4,448,22,30,0,0.9888880597323925,0.06086260342218645,success
1710,2000,8,2,4.0,4.0,0.01,0.8700000000000003,2.3999999999999995,4,435,24,41,0,0.9851493783594344,0.06670743709086445,success
1711,2000,8,2,4.0,4.0,0.01,0.8700000000000003,2.5999999999999996,4,425,31,44,0,1.0,0.0,success
1712,2000,8,2,4.0,4.0,0.01,0.8700000000000003,2.8,4,422,34,44,0,0.9935277362255097,0.04293214096838739,success
1713,2000,8,2,4.0,4.0,0.01,0.8700000000000003,2.9999999999999996,4,419,32,49,0,0.9902262804541084,0.048756656893407684,success
1714,2000,8,2,4.0,4.0,0.01,0.8700000000000003,3.1999999999999993,4,401,39,60,0,0.9825325516732089,0.06630809470939504,success
1715,2000,8,2,4.0,4.0,0.01,0.8700000000000003,3.3999999999999995,4,386,49,65,0,0.9859676224401036,0.06463947547989714,success
1716,2000,8,2,4.0,4.0,0.01,0.8700000000000003,3.5999999999999996,4,368,49,83,0,0.9352725571077063,0.20586955486613287,success
1717,2000,8,2,4.0,4.0,0.01,0.8700000000000003,3.7999999999999994,4,364,49,87,0,0.9647742058124943,0.1378459002688743,success
1718,2000,8,2,4.0,4.0,0.01,0.8700000000000003,3.999999999999999,4,368,47,85,0,0.9721775161684034,0.13044814980793196,success
1719,2000,8,2,4.0,4.0,0.01,0.8700000000000003,4.199999999999999,4,342,54,104,0,0.9132838175034504,0.2701979754692914,success
1720,2000,8,2,4.0,4.0,0.01,0.8700000000000003,4.3999999999999995,4,336,55,109,0,0.9020875350351856,0.2805826500653329,success
1721,2000,8,2,4.0,4.0,0.01,0.8700000000000003,4.6,4,324,51,125,0,0.9318793832213546,0.2374741385892306,success
1722,2000,8,2,4.0,4.0,0.01,0.8700000000000003,4.799999999999999,4,320,51,129,0,0.912727338626947,0.2703581735934034,success
1723,2000,8,2,4.0,4.0,0.01,0.8700000000000003,4.999999999999999,4,314,46,140,0,0.9034145586249533,0.2818853292107605,success
1724,2000,8,2,4.0,4.0,0.01,0.8700000000000003,5.199999999999999,4,291,49,160,0,0.8775004519909728,0.3144292551177993,success
1725,2000,8,2,4.0,4.0,0.01,0.8700000000000003,5.399999999999999,4,291,49,160,0,0.8510551797592161,0.34369350968059775,success
1726,2000,8,2,4.0,4.0,0.01,0.8700000000000003,5.599999999999999,4,276,51,173,0,0.8166518701364907,0.3763505969729589,success
1727,2000,8,2,4.0,4.0,0.01,0.8700000000000003,5.799999999999999,4,268,51,181,0,0.8083502402537457,0.38325801682862737,success
1728,2000,8,2,4.0,4.0,0.01,0.8700000000000003,5.999999999999999,4,265,48,187,0,0.8099079842948967,0.3806510724041993,success
1729,2000,8,2,4.0,4.0,0.01,0.8700000000000003,6.199999999999999,4,245,50,205,0,0.7637667541589068,0.41324992139548344,success
1730,2000,8,2,4.0,4.0,0.01,0.8700000000000003,6.399999999999999,4,239,47,214,0,0.7377604954106723,0.42473111107400946,success
1731,2000,8,2,4.0,4.0,0.01,0.8700000000000003,6.599999999999999,4,228,44,228,0,0.7093198911900063,0.4400623078829183,success
1733,2000,8,2,4.0,4.0,0.01,0.8700000000000003,6.999999999999998,4,210,45,245,0,0.6465907914180264,0.46547807516626,success
1732,2000,8,2,4.0,4.0,0.01,0.8700000000000003,6.799999999999999,4,217,42,241,0,0.6857738944365641,0.4505166072953008,success
1734,2000,8,2,4.0,4.0,0.01,0.8700000000000003,7.199999999999998,4,213,43,244,0,0.6435113840372918,0.4641818630097745,success
1735,2000,8,2,4.0,4.0,0.01,0.8700000000000003,7.399999999999999,4,207,48,245,0,0.6203797660291946,0.47205529467144103,success
1736,2000,8,2,4.0,4.0,0.01,0.8700000000000003,7.599999999999999,4,196,46,258,0,0.5929065522308612,0.4763823665580314,success
1737,2000,8,2,4.0,4.0,0.01,0.8700000000000003,7.799999999999999,4,186,48,266,0,0.573308313690717,0.4790022379387708,success
1738,2000,8,2,4.0,4.0,0.01,0.8700000000000003,7.999999999999998,4,185,44,271,0,0.5889050908931482,0.47600062445606006,success
1739,2000,8,2,4.0,4.0,0.01,0.8700000000000003,8.2,4,177,44,279,0,0.5797975872491852,0.4762773085619346,success
1740,2000,8,2,4.0,4.0,0.01,0.8700000000000003,8.399999999999999,4,164,46,290,0,0.5467328581587744,0.4792754330969072,success
1741,2000,8,2,4.0,4.0,0.01,0.8700000000000003,8.599999999999998,4,160,48,292,0,0.5302898211043348,0.4803490079209848,success
1742,2000,8,2,4.0,4.0,0.01,0.8700000000000003,8.799999999999997,4,160,52,288,0,0.5093892398813735,0.47909370266914103,success
1743,2000,8,2,4.0,4.0,0.01,0.8700000000000003,8.999999999999998,4,155,51,294,0,0.5026785609158501,0.48040505189617655,success
1744,2000,8,2,4.0,4.0,0.01,0.8700000000000003,9.199999999999998,4,153,54,293,0,0.4740454531827153,0.47636364593891983,success
1749,2000,8,2,4.0,4.0,0.01,0.8800000000000003,1.0,4,489,11,0,0,,,success
1745,2000,8,2,4.0,4.0,0.01,0.8700000000000003,9.399999999999999,4,146,58,296,0,0.46866902405691147,0.47596725317180527,success
1750,2000,8,2,4.0,4.0,0.01,0.8800000000000003,1.2,4,477,14,9,0,1.0,0.0,success
1751,2000,8,2,4.0,4.0,0.01,0.8800000000000003,1.4,4,471,13,16,0,1.0,0.0,success
1752,2000,8,2,4.0,4.0,0.01,0.8800000000000003,1.5999999999999999,4,468,16,16,0,1.0,0.0,success
1746,2000,8,2,4.0,4.0,0.01,0.8700000000000003,9.599999999999998,4,140,51,309,0,0.46929906705508084,0.4758705227641173,success
1747,2000,8,2,4.0,4.0,0.01,0.8700000000000003,9.799999999999997,4,136,59,305,0,0.457900689607141,0.4741912624044426,success
1748,2000,8,2,4.0,4.0,0.01,0.8700000000000003,9.999999999999998,4,137,61,302,0,0.43299607285690433,0.46685497250339175,success
1753,2000,8,2,4.0,4.0,0.01,0.8800000000000003,1.7999999999999998,4,466,15,19,0,1.0,0.0,success
1754,2000,8,2,4.0,4.0,0.01,0.8800000000000003,1.9999999999999998,4,463,15,22,0,1.0,0.0,success
1755,2000,8,2,4.0,4.0,0.01,0.8800000000000003,2.1999999999999997,4,448,22,30,0,0.9888880597323925,0.06086260342218645,success
1756,2000,8,2,4.0,4.0,0.01,0.8800000000000003,2.3999999999999995,4,435,24,41,0,0.9851493783594344,0.06670743709086445,success
1757,2000,8,2,4.0,4.0,0.01,0.8800000000000003,2.5999999999999996,4,425,31,44,0,1.0,0.0,success
1758,2000,8,2,4.0,4.0,0.01,0.8800000000000003,2.8,4,422,34,44,0,0.9935277362255097,0.04293214096838739,success
1759,2000,8,2,4.0,4.0,0.01,0.8800000000000003,2.9999999999999996,4,419,32,49,0,0.9902262804541084,0.048756656893407684,success
1760,2000,8,2,4.0,4.0,0.01,0.8800000000000003,3.1999999999999993,4,401,39,60,0,0.9825325516732089,0.06630809470939504,success
1761,2000,8,2,4.0,4.0,0.01,0.8800000000000003,3.3999999999999995,4,386,49,65,0,0.9859676224401036,0.06463947547989714,success
1762,2000,8,2,4.0,4.0,0.01,0.8800000000000003,3.5999999999999996,4,368,49,83,0,0.9352725571077063,0.20586955486613287,success
1763,2000,8,2,4.0,4.0,0.01,0.8800000000000003,3.7999999999999994,4,364,49,87,0,0.9647742058124943,0.1378459002688743,success
1764,2000,8,2,4.0,4.0,0.01,0.8800000000000003,3.999999999999999,4,368,47,85,0,0.9721775161684034,0.13044814980793196,success
1765,2000,8,2,4.0,4.0,0.01,0.8800000000000003,4.199999999999999,4,342,54,104,0,0.9132838175034504,0.2701979754692914,success
1766,2000,8,2,4.0,4.0,0.01,0.8800000000000003,4.3999999999999995,4,336,55,109,0,0.9020875350351856,0.2805826500653329,success
1767,2000,8,2,4.0,4.0,0.01,0.8800000000000003,4.6,4,324,51,125,0,0.9318793832213546,0.2374741385892306,success
1768,2000,8,2,4.0,4.0,0.01,0.8800000000000003,4.799999999999999,4,320,51,129,0,0.912727338626947,0.2703581735934034,success
1769,2000,8,2,4.0,4.0,0.01,0.8800000000000003,4.999999999999999,4,314,46,140,0,0.9034145586249533,0.2818853292107605,success
1770,2000,8,2,4.0,4.0,0.01,0.8800000000000003,5.199999999999999,4,291,49,160,0,0.8775004519909728,0.3144292551177993,success
1771,2000,8,2,4.0,4.0,0.01,0.8800000000000003,5.399999999999999,4,291,49,160,0,0.8510551797592161,0.34369350968059775,success
1772,2000,8,2,4.0,4.0,0.01,0.8800000000000003,5.599999999999999,4,276,51,173,0,0.8166518701364907,0.3763505969729589,success
1773,2000,8,2,4.0,4.0,0.01,0.8800000000000003,5.799999999999999,4,268,51,181,0,0.8083502402537457,0.38325801682862737,success
1774,2000,8,2,4.0,4.0,0.01,0.8800000000000003,5.999999999999999,4,265,48,187,0,0.8099079842948967,0.3806510724041993,success
1775,2000,8,2,4.0,4.0,0.01,0.8800000000000003,6.199999999999999,4,245,50,205,0,0.7637667541589068,0.41324992139548344,success
1776,2000,8,2,4.0,4.0,0.01,0.8800000000000003,6.399999999999999,4,239,47,214,0,0.7377604954106723,0.42473111107400946,success
1777,2000,8,2,4.0,4.0,0.01,0.8800000000000003,6.599999999999999,4,228,44,228,0,0.7093198911900063,0.4400623078829183,success
1778,2000,8,2,4.0,4.0,0.01,0.8800000000000003,6.799999999999999,4,217,42,241,0,0.6857738944365641,0.4505166072953008,success
1780,2000,8,2,4.0,4.0,0.01,0.8800000000000003,7.199999999999998,4,213,43,244,0,0.6435113840372918,0.4641818630097745,success
1779,2000,8,2,4.0,4.0,0.01,0.8800000000000003,6.999999999999998,4,210,45,245,0,0.6465907914180264,0.46547807516626,success
1781,2000,8,2,4.0,4.0,0.01,0.8800000000000003,7.399999999999999,4,207,48,245,0,0.6203797660291946,0.47205529467144103,success
1782,2000,8,2,4.0,4.0,0.01,0.8800000000000003,7.599999999999999,4,196,46,258,0,0.5929065522308612,0.4763823665580314,success
1783,2000,8,2,4.0,4.0,0.01,0.8800000000000003,7.799999999999999,4,186,48,266,0,0.573308313690717,0.4790022379387708,success
1784,2000,8,2,4.0,4.0,0.01,0.8800000000000003,7.999999999999998,4,185,44,271,0,0.5889050908931482,0.47600062445606006,success
1785,2000,8,2,4.0,4.0,0.01,0.8800000000000003,8.2,4,177,44,279,0,0.5797975872491852,0.4762773085619346,success
1786,2000,8,2,4.0,4.0,0.01,0.8800000000000003,8.399999999999999,4,164,46,290,0,0.5467328581587744,0.4792754330969072,success
1787,2000,8,2,4.0,4.0,0.01,0.8800000000000003,8.599999999999998,4,160,48,292,0,0.5302898211043348,0.4803490079209848,success
1788,2000,8,2,4.0,4.0,0.01,0.8800000000000003,8.799999999999997,4,160,52,288,0,0.5093892398813735,0.47909370266914103,success
1789,2000,8,2,4.0,4.0,0.01,0.8800000000000003,8.999999999999998,4,155,51,294,0,0.5026785609158501,0.48040505189617655,success
1790,2000,8,2,4.0,4.0,0.01,0.8800000000000003,9.199999999999998,4,153,54,293,0,0.4740454531827153,0.47636364593891983,success
1791,2000,8,2,4.0,4.0,0.01,0.8800000000000003,9.399999999999999,4,146,58,296,0,0.46866902405691147,0.47596725317180527,success
1792,2000,8,2,4.0,4.0,0.01,0.8800000000000003,9.599999999999998,4,140,51,309,0,0.46929906705508084,0.4758705227641173,success
1793,2000,8,2,4.0,4.0,0.01,0.8800000000000003,9.799999999999997,4,136,59,305,0,0.457900689607141,0.4741912624044426,success
1795,2000,8,2,4.0,4.0,0.01,0.8900000000000003,1.0,4,489,11,0,0,,,success
1796,2000,8,2,4.0,4.0,0.01,0.8900000000000003,1.2,4,477,14,9,0,1.0,0.0,success
1797,2000,8,2,4.0,4.0,0.01,0.8900000000000003,1.4,4,471,13,16,0,1.0,0.0,success
1794,2000,8,2,4.0,4.0,0.01,0.8800000000000003,9.999999999999998,4,137,61,302,0,0.43299607285690433,0.46685497250339175,success
1798,2000,8,2,4.0,4.0,0.01,0.8900000000000003,1.5999999999999999,4,468,16,16,0,1.0,0.0,success
1799,2000,8,2,4.0,4.0,0.01,0.8900000000000003,1.7999999999999998,4,466,15,19,0,1.0,0.0,success
1800,2000,8,2,4.0,4.0,0.01,0.8900000000000003,1.9999999999999998,4,463,15,22,0,1.0,0.0,success
1802,2000,8,2,4.0,4.0,0.01,0.8900000000000003,2.3999999999999995,4,435,24,41,0,0.9851493783594344,0.06670743709086445,success
1801,2000,8,2,4.0,4.0,0.01,0.8900000000000003,2.1999999999999997,4,448,22,30,0,0.9888880597323925,0.06086260342218645,success
1803,2000,8,2,4.0,4.0,0.01,0.8900000000000003,2.5999999999999996,4,425,31,44,0,1.0,0.0,success
1804,2000,8,2,4.0,4.0,0.01,0.8900000000000003,2.8,4,422,34,44,0,0.9935277362255097,0.04293214096838739,success
1805,2000,8,2,4.0,4.0,0.01,0.8900000000000003,2.9999999999999996,4,419,32,49,0,0.9902262804541084,0.048756656893407684,success
1806,2000,8,2,4.0,4.0,0.01,0.8900000000000003,3.1999999999999993,4,401,39,60,0,0.9825325516732089,0.06630809470939504,success
1807,2000,8,2,4.0,4.0,0.01,0.8900000000000003,3.3999999999999995,4,386,49,65,0,0.9859676224401036,0.06463947547989714,success
1808,2000,8,2,4.0,4.0,0.01,0.8900000000000003,3.5999999999999996,4,368,49,83,0,0.9352725571077063,0.20586955486613287,success
1809,2000,8,2,4.0,4.0,0.01,0.8900000000000003,3.7999999999999994,4,364,49,87,0,0.9647742058124943,0.1378459002688743,success
1811,2000,8,2,4.0,4.0,0.01,0.8900000000000003,4.199999999999999,4,342,54,104,0,0.9132838175034504,0.2701979754692914,success
1810,2000,8,2,4.0,4.0,0.01,0.8900000000000003,3.999999999999999,4,368,47,85,0,0.9721775161684034,0.13044814980793196,success
1812,2000,8,2,4.0,4.0,0.01,0.8900000000000003,4.3999999999999995,4,336,55,109,0,0.9020875350351856,0.2805826500653329,success
1813,2000,8,2,4.0,4.0,0.01,0.8900000000000003,4.6,4,324,51,125,0,0.9318793832213546,0.2374741385892306,success
1814,2000,8,2,4.0,4.0,0.01,0.8900000000000003,4.799999999999999,4,320,51,129,0,0.912727338626947,0.2703581735934034,success
1815,2000,8,2,4.0,4.0,0.01,0.8900000000000003,4.999999999999999,4,314,46,140,0,0.9034145586249533,0.2818853292107605,success
1816,2000,8,2,4.0,4.0,0.01,0.8900000000000003,5.199999999999999,4,291,49,160,0,0.8775004519909728,0.3144292551177993,success
1817,2000,8,2,4.0,4.0,0.01,0.8900000000000003,5.399999999999999,4,291,49,160,0,0.8510551797592161,0.34369350968059775,success
1818,2000,8,2,4.0,4.0,0.01,0.8900000000000003,5.599999999999999,4,276,51,173,0,0.8166518701364907,0.3763505969729589,success
1819,2000,8,2,4.0,4.0,0.01,0.8900000000000003,5.799999999999999,4,268,51,181,0,0.8083502402537457,0.38325801682862737,success
1820,2000,8,2,4.0,4.0,0.01,0.8900000000000003,5.999999999999999,4,265,48,187,0,0.8099079842948967,0.3806510724041993,success
1821,2000,8,2,4.0,4.0,0.01,0.8900000000000003,6.199999999999999,4,245,50,205,0,0.7637667541589068,0.41324992139548344,success
1822,2000,8,2,4.0,4.0,0.01,0.8900000000000003,6.399999999999999,4,239,47,214,0,0.7377604954106723,0.42473111107400946,success
1823,2000,8,2,4.0,4.0,0.01,0.8900000000000003,6.599999999999999,4,228,44,228,0,0.7093198911900063,0.4400623078829183,success
1824,2000,8,2,4.0,4.0,0.01,0.8900000000000003,6.799999999999999,4,217,42,241,0,0.6857738944365641,0.4505166072953008,success
1825,2000,8,2,4.0,4.0,0.01,0.8900000000000003,6.999999999999998,4,210,45,245,0,0.6465907914180264,0.46547807516626,success
1826,2000,8,2,4.0,4.0,0.01,0.8900000000000003,7.199999999999998,4,213,43,244,0,0.6435113840372918,0.4641818630097745,success
1827,2000,8,2,4.0,4.0,0.01,0.8900000000000003,7.399999999999999,4,207,48,245,0,0.6203797660291946,0.47205529467144103,success
1828,2000,8,2,4.0,4.0,0.01,0.8900000000000003,7.599999999999999,4,196,46,258,0,0.5929065522308612,0.4763823665580314,success
1829,2000,8,2,4.0,4.0,0.01,0.8900000000000003,7.799999999999999,4,186,48,266,0,0.573308313690717,0.4790022379387708,success
1830,2000,8,2,4.0,4.0,0.01,0.8900000000000003,7.999999999999998,4,185,44,271,0,0.5889050908931482,0.47600062445606006,success
1831,2000,8,2,4.0,4.0,0.01,0.8900000000000003,8.2,4,177,44,279,0,0.5797975872491852,0.4762773085619346,success
1832,2000,8,2,4.0,4.0,0.01,0.8900000000000003,8.399999999999999,4,164,46,290,0,0.5467328581587744,0.4792754330969072,success
1833,2000,8,2,4.0,4.0,0.01,0.8900000000000003,8.599999999999998,4,160,48,292,0,0.5302898211043348,0.4803490079209848,success
1834,2000,8,2,4.0,4.0,0.01,0.8900000000000003,8.799999999999997,4,160,52,288,0,0.5093892398813735,0.47909370266914103,success
1835,2000,8,2,4.0,4.0,0.01,0.8900000000000003,8.999999999999998,4,155,51,294,0,0.5026785609158501,0.48040505189617655,success
1836,2000,8,2,4.0,4.0,0.01,0.8900000000000003,9.199999999999998,4,153,54,293,0,0.4740454531827153,0.47636364593891983,success
1841,2000,8,2,4.0,4.0,0.01,0.9000000000000004,1.0,4,489,11,0,0,,,success
1837,2000,8,2,4.0,4.0,0.01,0.8900000000000003,9.399999999999999,4,146,58,296,0,0.46866902405691147,0.47596725317180527,success
1842,2000,8,2,4.0,4.0,0.01,0.9000000000000004,1.2,4,477,14,9,0,1.0,0.0,success
1843,2000,8,2,4.0,4.0,0.01,0.9000000000000004,1.4,4,471,13,16,0,1.0,0.0,success
1838,2000,8,2,4.0,4.0,0.01,0.8900000000000003,9.599999999999998,4,140,51,309,0,0.46929906705508084,0.4758705227641173,success
1844,2000,8,2,4.0,4.0,0.01,0.9000000000000004,1.5999999999999999,4,468,16,16,0,1.0,0.0,success
1845,2000,8,2,4.0,4.0,0.01,0.9000000000000004,1.7999999999999998,4,466,15,19,0,1.0,0.0,success
1839,2000,8,2,4.0,4.0,0.01,0.8900000000000003,9.799999999999997,4,136,59,305,0,0.457900689607141,0.4741912624044426,success
1846,2000,8,2,4.0,4.0,0.01,0.9000000000000004,1.9999999999999998,4,463,15,22,0,1.0,0.0,success
1840,2000,8,2,4.0,4.0,0.01,0.8900000000000003,9.999999999999998,4,137,61,302,0,0.43299607285690433,0.46685497250339175,success
1847,2000,8,2,4.0,4.0,0.01,0.9000000000000004,2.1999999999999997,4,448,22,30,0,0.9888880597323925,0.06086260342218645,success
1848,2000,8,2,4.0,4.0,0.01,0.9000000000000004,2.3999999999999995,4,435,24,41,0,0.9851493783594344,0.06670743709086445,success
1849,2000,8,2,4.0,4.0,0.01,0.9000000000000004,2.5999999999999996,4,425,31,44,0,1.0,0.0,success
1850,2000,8,2,4.0,4.0,0.01,0.9000000000000004,2.8,4,422,34,44,0,0.9935277362255097,0.04293214096838739,success
1851,2000,8,2,4.0,4.0,0.01,0.9000000000000004,2.9999999999999996,4,419,32,49,0,0.9902262804541084,0.048756656893407684,success
1852,2000,8,2,4.0,4.0,0.01,0.9000000000000004,3.1999999999999993,4,401,39,60,0,0.9825325516732089,0.06630809470939504,success
1853,2000,8,2,4.0,4.0,0.01,0.9000000000000004,3.3999999999999995,4,386,49,65,0,0.9859676224401036,0.06463947547989714,success
1854,2000,8,2,4.0,4.0,0.01,0.9000000000000004,3.5999999999999996,4,368,49,83,0,0.9352725571077063,0.20586955486613287,success
1855,2000,8,2,4.0,4.0,0.01,0.9000000000000004,3.7999999999999994,4,364,49,87,0,0.9647742058124943,0.1378459002688743,success
1856,2000,8,2,4.0,4.0,0.01,0.9000000000000004,3.999999999999999,4,368,47,85,0,0.9721775161684034,0.13044814980793196,success
1857,2000,8,2,4.0,4.0,0.01,0.9000000000000004,4.199999999999999,4,343,54,103,0,0.9124419128190179,0.27138213289451657,success
1858,2000,8,2,4.0,4.0,0.01,0.9000000000000004,4.3999999999999995,4,335,55,110,0,0.9029776483530475,0.27944858937853884,success
1859,2000,8,2,4.0,4.0,0.01,0.9000000000000004,4.6,4,323,51,126,0,0.9324200230370582,0.2366001764251421,success
1860,2000,8,2,4.0,4.0,0.01,0.9000000000000004,4.799999999999999,4,320,51,129,0,0.912727338626947,0.2703581735934034,success
1861,2000,8,2,4.0,4.0,0.01,0.9000000000000004,4.999999999999999,4,314,46,140,0,0.9034145586249533,0.2818853292107605,success
1862,2000,8,2,4.0,4.0,0.01,0.9000000000000004,5.199999999999999,4,291,49,160,0,0.8775004519909728,0.3144292551177993,success
1863,2000,8,2,4.0,4.0,0.01,0.9000000000000004,5.399999999999999,4,291,49,160,0,0.8510551797592161,0.34369350968059775,success
1864,2000,8,2,4.0,4.0,0.01,0.9000000000000004,5.599999999999999,4,276,51,173,0,0.8166518701364907,0.3763505969729589,success
1865,2000,8,2,4.0,4.0,0.01,0.9000000000000004,5.799999999999999,4,268,51,181,0,0.8083502402537457,0.38325801682862737,success
1866,2000,8,2,4.0,4.0,0.01,0.9000000000000004,5.999999999999999,4,265,48,187,0,0.8099079842948967,0.3806510724041993,success
1867,2000,8,2,4.0,4.0,0.01,0.9000000000000004,6.199999999999999,4,245,50,205,0,0.7637667541589068,0.41324992139548344,success
1868,2000,8,2,4.0,4.0,0.01,0.9000000000000004,6.399999999999999,4,239,47,214,0,0.7377604954106723,0.42473111107400946,success
1869,2000,8,2,4.0,4.0,0.01,0.9000000000000004,6.599999999999999,4,228,44,228,0,0.7093198911900063,0.4400623078829183,success
1870,2000,8,2,4.0,4.0,0.01,0.9000000000000004,6.799999999999999,4,217,42,241,0,0.6857738944365641,0.4505166072953008,success
1871,2000,8,2,4.0,4.0,0.01,0.9000000000000004,6.999999999999998,4,210,45,245,0,0.6465907914180264,0.46547807516626,success
1872,2000,8,2,4.0,4.0,0.01,0.9000000000000004,7.199999999999998,4,213,43,244,0,0.6435113840372918,0.4641818630097745,success
1873,2000,8,2,4.0,4.0,0.01,0.9000000000000004,7.399999999999999,4,207,48,245,0,0.6203797660291946,0.47205529467144103,success
1874,2000,8,2,4.0,4.0,0.01,0.9000000000000004,7.599999999999999,4,196,46,258,0,0.5929065522308612,0.4763823665580314,success
1875,2000,8,2,4.0,4.0,0.01,0.9000000000000004,7.799999999999999,4,186,48,266,0,0.573308313690717,0.4790022379387708,success
1876,2000,8,2,4.0,4.0,0.01,0.9000000000000004,7.999999999999998,4,185,44,271,0,0.5889050908931482,0.47600062445606006,success
1878,2000,8,2,4.0,4.0,0.01,0.9000000000000004,8.399999999999999,4,165,46,289,0,0.5451644597440989,0.479360706643553,success
1877,2000,8,2,4.0,4.0,0.01,0.9000000000000004,8.2,4,178,44,278,0,0.5782860677788585,0.476465383717929,success
1879,2000,8,2,4.0,4.0,0.01,0.9000000000000004,8.599999999999998,4,161,48,291,0,0.5286756967782327,0.4803825647720498,success
1880,2000,8,2,4.0,4.0,0.01,0.9000000000000004,8.799999999999997,4,160,52,288,0,0.5093892398813735,0.47909370266914103,success
1881,2000,8,2,4.0,4.0,0.01,0.9000000000000004,8.999999999999998,4,155,51,294,0,0.5026785609158501,0.48040505189617655,success
1882,2000,8,2,4.0,4.0,0.01,0.9000000000000004,9.199999999999998,4,154,54,292,0,0.47224423898128626,0.4761809079832343,success
1883,2000,8,2,4.0,4.0,0.01,0.9000000000000004,9.399999999999999,4,146,58,296,0,0.46866902405691147,0.47596725317180527,success
1884,2000,8,2,4.0,4.0,0.01,0.9000000000000004,9.599999999999998,4,140,51,309,0,0.46929906705508084,0.4758705227641173,success
1887,2000,8,2,4.0,4.0,0.01,0.9100000000000004,1.0,4,489,11,0,0,,,success
1885,2000,8,2,4.0,4.0,0.01,0.9000000000000004,9.799999999999997,4,136,59,305,0,0.457900689607141,0.4741912624044426,success
1888,2000,8,2,4.0,4.0,0.01,0.9100000000000004,1.2,4,477,14,9,0,1.0,0.0,success
1886,2000,8,2,4.0,4.0,0.01,0.9000000000000004,9.999999999999998,4,137,61,302,0,0.43301721301916674,0.4668791850453438,success
1889,2000,8,2,4.0,4.0,0.01,0.9100000000000004,1.4,4,471,13,16,0,1.0,0.0,success
1890,2000,8,2,4.0,4.0,0.01,0.9100000000000004,1.5999999999999999,4,468,16,16,0,1.0,0.0,success
1891,2000,8,2,4.0,4.0,0.01,0.9100000000000004,1.7999999999999998,4,466,15,19,0,1.0,0.0,success
1892,2000,8,2,4.0,4.0,0.01,0.9100000000000004,1.9999999999999998,4,463,15,22,0,1.0,0.0,success
1893,2000,8,2,4.0,4.0,0.01,0.9100000000000004,2.1999999999999997,4,448,22,30,0,0.9888880597323925,0.06086260342218645,success
1894,2000,8,2,4.0,4.0,0.01,0.9100000000000004,2.3999999999999995,4,435,24,41,0,0.9851493783594344,0.06670743709086445,success
1895,2000,8,2,4.0,4.0,0.01,0.9100000000000004,2.5999999999999996,4,425,31,44,0,1.0,0.0,success
1896,2000,8,2,4.0,4.0,0.01,0.9100000000000004,2.8,4,422,34,44,0,0.9935277362255097,0.04293214096838739,success
1897,2000,8,2,4.0,4.0,0.01,0.9100000000000004,2.9999999999999996,4,419,32,49,0,0.9902262804541084,0.048756656893407684,success
1898,2000,8,2,4.0,4.0,0.01,0.9100000000000004,3.1999999999999993,4,401,39,60,0,0.9825325516732089,0.06630809470939504,success
1899,2000,8,2,4.0,4.0,0.01,0.9100000000000004,3.3999999999999995,4,386,49,65,0,0.9859676224401036,0.06463947547989714,success
1901,2000,8,2,4.0,4.0,0.01,0.9100000000000004,3.7999999999999994,4,364,49,87,0,0.9647742058124943,0.1378459002688743,success
1900,2000,8,2,4.0,4.0,0.01,0.9100000000000004,3.5999999999999996,4,368,49,83,0,0.9352725571077063,0.20586955486613287,success
1902,2000,8,2,4.0,4.0,0.01,0.9100000000000004,3.999999999999999,4,368,47,85,0,0.9721775161684034,0.13044814980793196,success
1903,2000,8,2,4.0,4.0,0.01,0.9100000000000004,4.199999999999999,4,343,54,103,0,0.9124419128190179,0.27138213289451657,success
1904,2000,8,2,4.0,4.0,0.01,0.9100000000000004,4.3999999999999995,4,335,55,110,0,0.9029776483530475,0.27944858937853884,success
1905,2000,8,2,4.0,4.0,0.01,0.9100000000000004,4.6,4,323,51,126,0,0.9324200230370582,0.2366001764251421,success
1906,2000,8,2,4.0,4.0,0.01,0.9100000000000004,4.799999999999999,4,320,51,129,0,0.912727338626947,0.2703581735934034,success
1907,2000,8,2,4.0,4.0,0.01,0.9100000000000004,4.999999999999999,4,314,46,140,0,0.9034145586249533,0.2818853292107605,success
1908,2000,8,2,4.0,4.0,0.01,0.9100000000000004,5.199999999999999,4,291,49,160,0,0.8775004519909728,0.3144292551177993,success
1909,2000,8,2,4.0,4.0,0.01,0.9100000000000004,5.399999999999999,4,291,49,160,0,0.8510551797592161,0.34369350968059775,success
1910,2000,8,2,4.0,4.0,0.01,0.9100000000000004,5.599999999999999,4,276,51,173,0,0.8166518701364907,0.3763505969729589,success
1911,2000,8,2,4.0,4.0,0.01,0.9100000000000004,5.799999999999999,4,268,51,181,0,0.8083502402537457,0.38325801682862737,success
1912,2000,8,2,4.0,4.0,0.01,0.9100000000000004,5.999999999999999,4,265,48,187,0,0.8099079842948967,0.3806510724041993,success
1913,2000,8,2,4.0,4.0,0.01,0.9100000000000004,6.199999999999999,4,245,50,205,0,0.7637667541589068,0.41324992139548344,success
1914,2000,8,2,4.0,4.0,0.01,0.9100000000000004,6.399999999999999,4,239,47,214,0,0.7377604954106723,0.42473111107400946,success
1915,2000,8,2,4.0,4.0,0.01,0.9100000000000004,6.599999999999999,4,228,44,228,0,0.7093198911900063,0.4400623078829183,success
1916,2000,8,2,4.0,4.0,0.01,0.9100000000000004,6.799999999999999,4,217,42,241,0,0.6857738944365641,0.4505166072953008,success
1917,2000,8,2,4.0,4.0,0.01,0.9100000000000004,6.999999999999998,4,210,45,245,0,0.6465907914180264,0.46547807516626,success
1918,2000,8,2,4.0,4.0,0.01,0.9100000000000004,7.199999999999998,4,213,43,244,0,0.6435113840372918,0.4641818630097745,success
1919,2000,8,2,4.0,4.0,0.01,0.9100000000000004,7.399999999999999,4,207,48,245,0,0.6203797660291946,0.47205529467144103,success
1920,2000,8,2,4.0,4.0,0.01,0.9100000000000004,7.599999999999999,4,196,46,258,0,0.5929065522308612,0.4763823665580314,success
1921,2000,8,2,4.0,4.0,0.01,0.9100000000000004,7.799999999999999,4,186,48,266,0,0.573308313690717,0.4790022379387708,success
1922,2000,8,2,4.0,4.0,0.01,0.9100000000000004,7.999999999999998,4,185,44,271,0,0.5889050908931482,0.47600062445606006,success
1923,2000,8,2,4.0,4.0,0.01,0.9100000000000004,8.2,4,178,44,278,0,0.5782860677788585,0.476465383717929,success
1924,2000,8,2,4.0,4.0,0.01,0.9100000000000004,8.399999999999999,4,165,46,289,0,0.5451644597440989,0.479360706643553,success
1925,2000,8,2,4.0,4.0,0.01,0.9100000000000004,8.599999999999998,4,161,48,291,0,0.5286756967782327,0.4803825647720498,success
1926,2000,8,2,4.0,4.0,0.01,0.9100000000000004,8.799999999999997,4,160,52,288,0,0.5093892398813735,0.47909370266914103,success
1927,2000,8,2,4.0,4.0,0.01,0.9100000000000004,8.999999999999998,4,155,51,294,0,0.5026785609158501,0.48040505189617655,success
1928,2000,8,2,4.0,4.0,0.01,0.9100000000000004,9.199999999999998,4,154,54,292,0,0.47224423898128626,0.4761809079832343,success
1929,2000,8,2,4.0,4.0,0.01,0.9100000000000004,9.399999999999999,4,146,58,296,0,0.46866902405691147,0.47596725317180527,success
1933,2000,8,2,4.0,4.0,0.01,0.9200000000000004,1.0,4,489,11,0,0,,,success
1930,2000,8,2,4.0,4.0,0.01,0.9100000000000004,9.599999999999998,4,140,51,309,0,0.46929906705508084,0.4758705227641173,success
1931,2000,8,2,4.0,4.0,0.01,0.9100000000000004,9.799999999999997,4,136,59,305,0,0.457900689607141,0.4741912624044426,success
1935,2000,8,2,4.0,4.0,0.01,0.9200000000000004,1.4,4,471,13,16,0,1.0,0.0,success
1934,2000,8,2,4.0,4.0,0.01,0.9200000000000004,1.2,4,477,14,9,0,1.0,0.0,success
1936,2000,8,2,4.0,4.0,0.01,0.9200000000000004,1.5999999999999999,4,468,16,16,0,1.0,0.0,success
1937,2000,8,2,4.0,4.0,0.01,0.9200000000000004,1.7999999999999998,4,466,15,19,0,1.0,0.0,success
1932,2000,8,2,4.0,4.0,0.01,0.9100000000000004,9.999999999999998,4,137,61,302,0,0.43301721301916674,0.4668791850453438,success
1938,2000,8,2,4.0,4.0,0.01,0.9200000000000004,1.9999999999999998,4,463,15,22,0,1.0,0.0,success
1939,2000,8,2,4.0,4.0,0.01,0.9200000000000004,2.1999999999999997,4,448,22,30,0,0.9888880597323925,0.06086260342218645,success
1940,2000,8,2,4.0,4.0,0.01,0.9200000000000004,2.3999999999999995,4,435,24,41,0,0.9851493783594344,0.06670743709086445,success
1941,2000,8,2,4.0,4.0,0.01,0.9200000000000004,2.5999999999999996,4,425,31,44,0,1.0,0.0,success
1942,2000,8,2,4.0,4.0,0.01,0.9200000000000004,2.8,4,422,34,44,0,0.9935277362255097,0.04293214096838739,success
1943,2000,8,2,4.0,4.0,0.01,0.9200000000000004,2.9999999999999996,4,419,32,49,0,0.9902262804541084,0.048756656893407684,success
1945,2000,8,2,4.0,4.0,0.01,0.9200000000000004,3.3999999999999995,4,386,49,65,0,0.9859676224401036,0.06463947547989714,success
1944,2000,8,2,4.0,4.0,0.01,0.9200000000000004,3.1999999999999993,4,401,39,60,0,0.9825325516732089,0.06630809470939504,success
1946,2000,8,2,4.0,4.0,0.01,0.9200000000000004,3.5999999999999996,4,368,49,83,0,0.9352725571077063,0.20586955486613287,success
1948,2000,8,2,4.0,4.0,0.01,0.9200000000000004,3.999999999999999,4,368,47,85,0,0.9721775161684034,0.13044814980793196,success
1947,2000,8,2,4.0,4.0,0.01,0.9200000000000004,3.7999999999999994,4,364,49,87,0,0.9647742058124943,0.1378459002688743,success
1949,2000,8,2,4.0,4.0,0.01,0.9200000000000004,4.199999999999999,4,343,54,103,0,0.9124419128190179,0.27138213289451657,success
1950,2000,8,2,4.0,4.0,0.01,0.9200000000000004,4.3999999999999995,4,335,55,110,0,0.9029776483530475,0.27944858937853884,success
1951,2000,8,2,4.0,4.0,0.01,0.9200000000000004,4.6,4,323,51,126,0,0.9324200230370582,0.2366001764251421,success
1952,2000,8,2,4.0,4.0,0.01,0.9200000000000004,4.799999999999999,4,320,51,129,0,0.912727338626947,0.2703581735934034,success
1953,2000,8,2,4.0,4.0,0.01,0.9200000000000004,4.999999999999999,4,314,46,140,0,0.9034145586249533,0.2818853292107605,success
1954,2000,8,2,4.0,4.0,0.01,0.9200000000000004,5.199999999999999,4,291,49,160,0,0.8775004519909728,0.3144292551177993,success
1955,2000,8,2,4.0,4.0,0.01,0.9200000000000004,5.399999999999999,4,291,49,160,0,0.8510551797592161,0.34369350968059775,success
1956,2000,8,2,4.0,4.0,0.01,0.9200000000000004,5.599999999999999,4,276,51,173,0,0.8166518701364907,0.3763505969729589,success
1957,2000,8,2,4.0,4.0,0.01,0.9200000000000004,5.799999999999999,4,268,51,181,0,0.8083502402537457,0.38325801682862737,success
1958,2000,8,2,4.0,4.0,0.01,0.9200000000000004,5.999999999999999,4,265,48,187,0,0.8099079842948967,0.3806510724041993,success
1959,2000,8,2,4.0,4.0,0.01,0.9200000000000004,6.199999999999999,4,245,50,205,0,0.7637667541589068,0.41324992139548344,success
1960,2000,8,2,4.0,4.0,0.01,0.9200000000000004,6.399999999999999,4,239,47,214,0,0.7377604954106723,0.42473111107400946,success
1961,2000,8,2,4.0,4.0,0.01,0.9200000000000004,6.599999999999999,4,228,44,228,0,0.7093198911900063,0.4400623078829183,success
1962,2000,8,2,4.0,4.0,0.01,0.9200000000000004,6.799999999999999,4,217,42,241,0,0.6857738944365641,0.4505166072953008,success
1963,2000,8,2,4.0,4.0,0.01,0.9200000000000004,6.999999999999998,4,210,45,245,0,0.6465907914180264,0.46547807516626,success
1964,2000,8,2,4.0,4.0,0.01,0.9200000000000004,7.199999999999998,4,213,43,244,0,0.6435113840372918,0.4641818630097745,success
1965,2000,8,2,4.0,4.0,0.01,0.9200000000000004,7.399999999999999,4,207,48,245,0,0.6203797660291946,0.47205529467144103,success
1966,2000,8,2,4.0,4.0,0.01,0.9200000000000004,7.599999999999999,4,196,46,258,0,0.5929065522308612,0.4763823665580314,success
1967,2000,8,2,4.0,4.0,0.01,0.9200000000000004,7.799999999999999,4,186,48,266,0,0.573308313690717,0.4790022379387708,success
1968,2000,8,2,4.0,4.0,0.01,0.9200000000000004,7.999999999999998,4,185,44,271,0,0.5889050908931482,0.47600062445606006,success
1969,2000,8,2,4.0,4.0,0.01,0.9200000000000004,8.2,4,178,44,278,0,0.5782860677788585,0.476465383717929,success
1970,2000,8,2,4.0,4.0,0.01,0.9200000000000004,8.399999999999999,4,165,46,289,0,0.5451644597440989,0.479360706643553,success
1971,2000,8,2,4.0,4.0,0.01,0.9200000000000004,8.599999999999998,4,161,48,291,0,0.5286756967782327,0.4803825647720498,success
1972,2000,8,2,4.0,4.0,0.01,0.9200000000000004,8.799999999999997,4,160,52,288,0,0.5093892398813735,0.47909370266914103,success
1973,2000,8,2,4.0,4.0,0.01,0.9200000000000004,8.999999999999998,4,155,51,294,0,0.5026785609158501,0.48040505189617655,success
1974,2000,8,2,4.0,4.0,0.01,0.9200000000000004,9.199999999999998,4,154,54,292,0,0.47224423898128626,0.4761809079832343,success
1975,2000,8,2,4.0,4.0,0.01,0.9200000000000004,9.399999999999999,4,146,58,296,0,0.46866902405691147,0.47596725317180527,success
1979,2000,8,2,4.0,4.0,0.01,0.9300000000000004,1.0,4,489,11,0,0,,,success
1980,2000,8,2,4.0,4.0,0.01,0.9300000000000004,1.2,4,477,14,9,0,1.0,0.0,success
1976,2000,8,2,4.0,4.0,0.01,0.9200000000000004,9.599999999999998,4,140,51,309,0,0.46929906705508084,0.4758705227641173,success
1977,2000,8,2,4.0,4.0,0.01,0.9200000000000004,9.799999999999997,4,136,59,305,0,0.457900689607141,0.4741912624044426,success
1981,2000,8,2,4.0,4.0,0.01,0.9300000000000004,1.4,4,471,13,16,0,1.0,0.0,success
1982,2000,8,2,4.0,4.0,0.01,0.9300000000000004,1.5999999999999999,4,468,16,16,0,1.0,0.0,success
1983,2000,8,2,4.0,4.0,0.01,0.9300000000000004,1.7999999999999998,4,466,15,19,0,1.0,0.0,success
1978,2000,8,2,4.0,4.0,0.01,0.9200000000000004,9.999999999999998,4,137,61,302,0,0.43301721301916674,0.4668791850453438,success
1984,2000,8,2,4.0,4.0,0.01,0.9300000000000004,1.9999999999999998,4,463,15,22,0,1.0,0.0,success
1985,2000,8,2,4.0,4.0,0.01,0.9300000000000004,2.1999999999999997,4,448,22,30,0,0.9888880597323925,0.06086260342218645,success
1986,2000,8,2,4.0,4.0,0.01,0.9300000000000004,2.3999999999999995,4,435,24,41,0,0.9851493783594344,0.06670743709086445,success
1987,2000,8,2,4.0,4.0,0.01,0.9300000000000004,2.5999999999999996,4,425,31,44,0,1.0,0.0,success
1988,2000,8,2,4.0,4.0,0.01,0.9300000000000004,2.8,4,422,34,44,0,0.9935277362255097,0.04293214096838739,success
1989,2000,8,2,4.0,4.0,0.01,0.9300000000000004,2.9999999999999996,4,419,32,49,0,0.9902262804541084,0.048756656893407684,success
1990,2000,8,2,4.0,4.0,0.01,0.9300000000000004,3.1999999999999993,4,401,39,60,0,0.9825325516732089,0.06630809470939504,success
1991,2000,8,2,4.0,4.0,0.01,0.9300000000000004,3.3999999999999995,4,386,49,65,0,0.9859676224401036,0.06463947547989714,success
1992,2000,8,2,4.0,4.0,0.01,0.9300000000000004,3.5999999999999996,4,368,49,83,0,0.9352725571077063,0.20586955486613287,success
1993,2000,8,2,4.0,4.0,0.01,0.9300000000000004,3.7999999999999994,4,364,49,87,0,0.9647742058124943,0.1378459002688743,success
1994,2000,8,2,4.0,4.0,0.01,0.9300000000000004,3.999999999999999,4,368,47,85,0,0.9721775161684034,0.13044814980793196,success
1995,2000,8,2,4.0,4.0,0.01,0.9300000000000004,4.199999999999999,4,343,54,103,0,0.9124419128190179,0.27138213289451657,success
1996,2000,8,2,4.0,4.0,0.01,0.9300000000000004,4.3999999999999995,4,335,55,110,0,0.9029776483530475,0.27944858937853884,success
1997,2000,8,2,4.0,4.0,0.01,0.9300000000000004,4.6,4,323,51,126,0,0.9324200230370582,0.2366001764251421,success
1998,2000,8,2,4.0,4.0,0.01,0.9300000000000004,4.799999999999999,4,320,51,129,0,0.912727338626947,0.2703581735934034,success
1999,2000,8,2,4.0,4.0,0.01,0.9300000000000004,4.999999999999999,4,314,46,140,0,0.9034145586249533,0.2818853292107605,success
2000,2000,8,2,4.0,4.0,0.01,0.9300000000000004,5.199999999999999,4,291,49,160,0,0.8775004519909728,0.3144292551177993,success
2001,2000,8,2,4.0,4.0,0.01,0.9300000000000004,5.399999999999999,4,291,49,160,0,0.8510551797592161,0.34369350968059775,success
2002,2000,8,2,4.0,4.0,0.01,0.9300000000000004,5.599999999999999,4,276,51,173,0,0.8166518701364907,0.3763505969729589,success
2003,2000,8,2,4.0,4.0,0.01,0.9300000000000004,5.799999999999999,4,268,51,181,0,0.8083502402537457,0.38325801682862737,success
2004,2000,8,2,4.0,4.0,0.01,0.9300000000000004,5.999999999999999,4,265,48,187,0,0.8099079842948967,0.3806510724041993,success
2005,2000,8,2,4.0,4.0,0.01,0.9300000000000004,6.199999999999999,4,245,50,205,0,0.7637667541589068,0.41324992139548344,success
2006,2000,8,2,4.0,4.0,0.01,0.9300000000000004,6.399999999999999,4,239,47,214,0,0.7377604954106723,0.42473111107400946,success
2007,2000,8,2,4.0,4.0,0.01,0.9300000000000004,6.599999999999999,4,228,44,228,0,0.7093198911900063,0.4400623078829183,success
2008,2000,8,2,4.0,4.0,0.01,0.9300000000000004,6.799999999999999,4,217,42,241,0,0.6857738944365641,0.4505166072953008,success
2009,2000,8,2,4.0,4.0,0.01,0.9300000000000004,6.999999999999998,4,210,45,245,0,0.6465907914180264,0.46547807516626,success
2010,2000,8,2,4.0,4.0,0.01,0.9300000000000004,7.199999999999998,4,213,43,244,0,0.6435113840372918,0.4641818630097745,success
2011,2000,8,2,4.0,4.0,0.01,0.9300000000000004,7.399999999999999,4,207,48,245,0,0.6203797660291946,0.47205529467144103,success
2012,2000,8,2,4.0,4.0,0.01,0.9300000000000004,7.599999999999999,4,196,46,258,0,0.5929065522308612,0.4763823665580314,success
2013,2000,8,2,4.0,4.0,0.01,0.9300000000000004,7.799999999999999,4,186,48,266,0,0.573308313690717,0.4790022379387708,success
2014,2000,8,2,4.0,4.0,0.01,0.9300000000000004,7.999999999999998,4,185,44,271,0,0.5889050908931482,0.47600062445606006,success
2015,2000,8,2,4.0,4.0,0.01,0.9300000000000004,8.2,4,178,44,278,0,0.5782860677788585,0.476465383717929,success
2016,2000,8,2,4.0,4.0,0.01,0.9300000000000004,8.399999999999999,4,165,46,289,0,0.5451644597440989,0.479360706643553,success
2017,2000,8,2,4.0,4.0,0.01,0.9300000000000004,8.599999999999998,4,161,48,291,0,0.5286756967782327,0.4803825647720498,success
2018,2000,8,2,4.0,4.0,0.01,0.9300000000000004,8.799999999999997,4,160,52,288,0,0.5093892398813735,0.47909370266914103,success
2019,2000,8,2,4.0,4.0,0.01,0.9300000000000004,8.999999999999998,4,155,51,294,0,0.5028102608454563,0.48053649306157076,success
2020,2000,8,2,4.0,4.0,0.01,0.9300000000000004,9.199999999999998,4,154,54,292,0,0.47224423898128626,0.4761809079832343,success
2021,2000,8,2,4.0,4.0,0.01,0.9300000000000004,9.399999999999999,4,146,58,296,0,0.46866902405691147,0.47596725317180527,success
2025,2000,8,2,4.0,4.0,0.01,0.9400000000000004,1.0,4,489,11,0,0,,,success
2026,2000,8,2,4.0,4.0,0.01,0.9400000000000004,1.2,4,477,14,9,0,1.0,0.0,success
2022,2000,8,2,4.0,4.0,0.01,0.9300000000000004,9.599999999999998,4,140,51,309,0,0.46929906705508084,0.4758705227641173,success
2027,2000,8,2,4.0,4.0,0.01,0.9400000000000004,1.4,4,471,13,16,0,1.0,0.0,success
2023,2000,8,2,4.0,4.0,0.01,0.9300000000000004,9.799999999999997,4,136,59,305,0,0.457900689607141,0.4741912624044426,success
2028,2000,8,2,4.0,4.0,0.01,0.9400000000000004,1.5999999999999999,4,468,16,16,0,1.0,0.0,success
2029,2000,8,2,4.0,4.0,0.01,0.9400000000000004,1.7999999999999998,4,466,15,19,0,1.0,0.0,success
2024,2000,8,2,4.0,4.0,0.01,0.9300000000000004,9.999999999999998,4,137,61,302,0,0.43301721301916674,0.4668791850453438,success
2030,2000,8,2,4.0,4.0,0.01,0.9400000000000004,1.9999999999999998,4,463,15,22,0,1.0,0.0,success
2031,2000,8,2,4.0,4.0,0.01,0.9400000000000004,2.1999999999999997,4,448,22,30,0,0.9888880597323925,0.06086260342218645,success
2032,2000,8,2,4.0,4.0,0.01,0.9400000000000004,2.3999999999999995,4,435,24,41,0,0.9851493783594344,0.06670743709086445,success
2033,2000,8,2,4.0,4.0,0.01,0.9400000000000004,2.5999999999999996,4,425,31,44,0,1.0,0.0,success
2034,2000,8,2,4.0,4.0,0.01,0.9400000000000004,2.8,4,422,34,44,0,0.9935277362255097,0.04293214096838739,success
2035,2000,8,2,4.0,4.0,0.01,0.9400000000000004,2.9999999999999996,4,419,32,49,0,0.9902262804541084,0.048756656893407684,success
2036,2000,8,2,4.0,4.0,0.01,0.9400000000000004,3.1999999999999993,4,401,39,60,0,0.9825325516732089,0.06630809470939504,success
2037,2000,8,2,4.0,4.0,0.01,0.9400000000000004,3.3999999999999995,4,386,49,65,0,0.9859676224401036,0.06463947547989714,success
2038,2000,8,2,4.0,4.0,0.01,0.9400000000000004,3.5999999999999996,4,368,49,83,0,0.9352725571077063,0.20586955486613287,success
2039,2000,8,2,4.0,4.0,0.01,0.9400000000000004,3.7999999999999994,4,364,49,87,0,0.9647742058124943,0.1378459002688743,success
2040,2000,8,2,4.0,4.0,0.01,0.9400000000000004,3.999999999999999,4,368,47,85,0,0.9721775161684034,0.13044814980793196,success
2041,2000,8,2,4.0,4.0,0.01,0.9400000000000004,4.199999999999999,4,343,54,103,0,0.9124419128190179,0.27138213289451657,success
2042,2000,8,2,4.0,4.0,0.01,0.9400000000000004,4.3999999999999995,4,335,55,110,0,0.9029776483530475,0.27944858937853884,success
2043,2000,8,2,4.0,4.0,0.01,0.9400000000000004,4.6,4,323,51,126,0,0.9324200230370582,0.2366001764251421,success
2044,2000,8,2,4.0,4.0,0.01,0.9400000000000004,4.799999999999999,4,320,51,129,0,0.912727338626947,0.2703581735934034,success
2045,2000,8,2,4.0,4.0,0.01,0.9400000000000004,4.999999999999999,4,314,46,140,0,0.9034145586249533,0.2818853292107605,success
2046,2000,8,2,4.0,4.0,0.01,0.9400000000000004,5.199999999999999,4,291,49,160,0,0.8775004519909728,0.3144292551177993,success
2047,2000,8,2,4.0,4.0,0.01,0.9400000000000004,5.399999999999999,4,291,49,160,0,0.8510551797592161,0.34369350968059775,success
2048,2000,8,2,4.0,4.0,0.01,0.9400000000000004,5.599999999999999,4,276,51,173,0,0.8166518701364907,0.3763505969729589,success
2049,2000,8,2,4.0,4.0,0.01,0.9400000000000004,5.799999999999999,4,268,51,181,0,0.8083502402537457,0.38325801682862737,success
2050,2000,8,2,4.0,4.0,0.01,0.9400000000000004,5.999999999999999,4,265,48,187,0,0.8099079842948967,0.3806510724041993,success
2051,2000,8,2,4.0,4.0,0.01,0.9400000000000004,6.199999999999999,4,245,50,205,0,0.7637667541589068,0.41324992139548344,success
2052,2000,8,2,4.0,4.0,0.01,0.9400000000000004,6.399999999999999,4,239,47,214,0,0.7377604954106723,0.42473111107400946,success
2053,2000,8,2,4.0,4.0,0.01,0.9400000000000004,6.599999999999999,4,228,44,228,0,0.7093198911900063,0.4400623078829183,success
2055,2000,8,2,4.0,4.0,0.01,0.9400000000000004,6.999999999999998,4,210,45,245,0,0.6465907914180264,0.46547807516626,success
2054,2000,8,2,4.0,4.0,0.01,0.9400000000000004,6.799999999999999,4,217,42,241,0,0.6857738944365641,0.4505166072953008,success
2056,2000,8,2,4.0,4.0,0.01,0.9400000000000004,7.199999999999998,4,213,43,244,0,0.6435113840372918,0.4641818630097745,success
2057,2000,8,2,4.0,4.0,0.01,0.9400000000000004,7.399999999999999,4,207,48,245,0,0.6203797660291946,0.47205529467144103,success
2058,2000,8,2,4.0,4.0,0.01,0.9400000000000004,7.599999999999999,4,196,46,258,0,0.5929065522308612,0.4763823665580314,success
2059,2000,8,2,4.0,4.0,0.01,0.9400000000000004,7.799999999999999,4,186,48,266,0,0.573308313690717,0.4790022379387708,success
2060,2000,8,2,4.0,4.0,0.01,0.9400000000000004,7.999999999999998,4,185,44,271,0,0.5889050908931482,0.47600062445606006,success
2061,2000,8,2,4.0,4.0,0.01,0.9400000000000004,8.2,4,178,44,278,0,0.5782860677788585,0.476465383717929,success
2062,2000,8,2,4.0,4.0,0.01,0.9400000000000004,8.399999999999999,4,165,46,289,0,0.5451644597440989,0.479360706643553,success
2063,2000,8,2,4.0,4.0,0.01,0.9400000000000004,8.599999999999998,4,161,48,291,0,0.5286756967782327,0.4803825647720498,success
2064,2000,8,2,4.0,4.0,0.01,0.9400000000000004,8.799999999999997,4,160,52,288,0,0.5093892398813735,0.47909370266914103,success
2065,2000,8,2,4.0,4.0,0.01,0.9400000000000004,8.999999999999998,4,155,51,294,0,0.5028102608454563,0.48053649306157076,success
2066,2000,8,2,4.0,4.0,0.01,0.9400000000000004,9.199999999999998,4,154,54,292,0,0.47224423898128626,0.4761809079832343,success
2071,2000,8,2,4.0,4.0,0.01,0.9500000000000004,1.0,4,489,11,0,0,,,success
2067,2000,8,2,4.0,4.0,0.01,0.9400000000000004,9.399999999999999,4,146,58,296,0,0.46866902405691147,0.47596725317180527,success
2068,2000,8,2,4.0,4.0,0.01,0.9400000000000004,9.599999999999998,4,140,51,309,0,0.46929906705508084,0.4758705227641173,success
2069,2000,8,2,4.0,4.0,0.01,0.9400000000000004,9.799999999999997,4,136,59,305,0,0.457900689607141,0.4741912624044426,success
2072,2000,8,2,4.0,4.0,0.01,0.9500000000000004,1.2,4,477,14,9,0,1.0,0.0,success
2070,2000,8,2,4.0,4.0,0.01,0.9400000000000004,9.999999999999998,4,137,61,302,0,0.43301721301916674,0.4668791850453438,success
2073,2000,8,2,4.0,4.0,0.01,0.9500000000000004,1.4,4,471,13,16,0,1.0,0.0,success
2074,2000,8,2,4.0,4.0,0.01,0.9500000000000004,1.5999999999999999,4,468,16,16,0,1.0,0.0,success
2075,2000,8,2,4.0,4.0,0.01,0.9500000000000004,1.7999999999999998,4,466,15,19,0,1.0,0.0,success
2076,2000,8,2,4.0,4.0,0.01,0.9500000000000004,1.9999999999999998,4,463,15,22,0,1.0,0.0,success
2077,2000,8,2,4.0,4.0,0.01,0.9500000000000004,2.1999999999999997,4,448,22,30,0,0.9888880597323925,0.06086260342218645,success
2078,2000,8,2,4.0,4.0,0.01,0.9500000000000004,2.3999999999999995,4,435,24,41,0,0.9851493783594344,0.06670743709086445,success
2079,2000,8,2,4.0,4.0,0.01,0.9500000000000004,2.5999999999999996,4,425,31,44,0,1.0,0.0,success
2080,2000,8,2,4.0,4.0,0.01,0.9500000000000004,2.8,4,422,34,44,0,0.9935277362255097,0.04293214096838739,success
2081,2000,8,2,4.0,4.0,0.01,0.9500000000000004,2.9999999999999996,4,419,32,49,0,0.9902262804541084,0.048756656893407684,success
2082,2000,8,2,4.0,4.0,0.01,0.9500000000000004,3.1999999999999993,4,401,39,60,0,0.9825325516732089,0.06630809470939504,success
2083,2000,8,2,4.0,4.0,0.01,0.9500000000000004,3.3999999999999995,4,386,49,65,0,0.9859676224401036,0.06463947547989714,success
2084,2000,8,2,4.0,4.0,0.01,0.9500000000000004,3.5999999999999996,4,368,49,83,0,0.9352725571077063,0.20586955486613287,success
2085,2000,8,2,4.0,4.0,0.01,0.9500000000000004,3.7999999999999994,4,364,49,87,0,0.9647742058124943,0.1378459002688743,success
2086,2000,8,2,4.0,4.0,0.01,0.9500000000000004,3.999999999999999,4,368,47,85,0,0.9721775161684034,0.13044814980793196,success
2087,2000,8,2,4.0,4.0,0.01,0.9500000000000004,4.199999999999999,4,343,54,103,0,0.9124419128190179,0.27138213289451657,success
2088,2000,8,2,4.0,4.0,0.01,0.9500000000000004,4.3999999999999995,4,335,55,110,0,0.9029776483530475,0.27944858937853884,success
2089,2000,8,2,4.0,4.0,0.01,0.9500000000000004,4.6,4,323,51,126,0,0.9324200230370582,0.2366001764251421,success
2090,2000,8,2,4.0,4.0,0.01,0.9500000000000004,4.799999999999999,4,320,51,129,0,0.912727338626947,0.2703581735934034,success
2091,2000,8,2,4.0,4.0,0.01,0.9500000000000004,4.999999999999999,4,314,46,140,0,0.9034145586249533,0.2818853292107605,success
2092,2000,8,2,4.0,4.0,0.01,0.9500000000000004,5.199999999999999,4,291,49,160,0,0.8775004519909728,0.3144292551177993,success
2093,2000,8,2,4.0,4.0,0.01,0.9500000000000004,5.399999999999999,4,291,49,160,0,0.8510551797592161,0.34369350968059775,success
2094,2000,8,2,4.0,4.0,0.01,0.9500000000000004,5.599999999999999,4,276,51,173,0,0.8166518701364907,0.3763505969729589,success
2095,2000,8,2,4.0,4.0,0.01,0.9500000000000004,5.799999999999999,4,268,51,181,0,0.8083502402537457,0.38325801682862737,success
2096,2000,8,2,4.0,4.0,0.01,0.9500000000000004,5.999999999999999,4,265,48,187,0,0.8099079842948967,0.3806510724041993,success
2097,2000,8,2,4.0,4.0,0.01,0.9500000000000004,6.199999999999999,4,245,50,205,0,0.7637667541589068,0.41324992139548344,success
2098,2000,8,2,4.0,4.0,0.01,0.9500000000000004,6.399999999999999,4,239,47,214,0,0.7377604954106723,0.42473111107400946,success
2099,2000,8,2,4.0,4.0,0.01,0.9500000000000004,6.599999999999999,4,228,44,228,0,0.7093198911900063,0.4400623078829183,success
2100,2000,8,2,4.0,4.0,0.01,0.9500000000000004,6.799999999999999,4,217,42,241,0,0.6857738944365641,0.4505166072953008,success
2101,2000,8,2,4.0,4.0,0.01,0.9500000000000004,6.999999999999998,4,210,45,245,0,0.6465907914180264,0.46547807516626,success
2102,2000,8,2,4.0,4.0,0.01,0.9500000000000004,7.199999999999998,4,213,43,244,0,0.6435113840372918,0.4641818630097745,success
2103,2000,8,2,4.0,4.0,0.01,0.9500000000000004,7.399999999999999,4,207,48,245,0,0.6203797660291946,0.47205529467144103,success
2104,2000,8,2,4.0,4.0,0.01,0.9500000000000004,7.599999999999999,4,196,46,258,0,0.5929065522308612,0.4763823665580314,success
2105,2000,8,2,4.0,4.0,0.01,0.9500000000000004,7.799999999999999,4,186,48,266,0,0.573308313690717,0.4790022379387708,success
2106,2000,8,2,4.0,4.0,0.01,0.9500000000000004,7.999999999999998,4,185,44,271,0,0.5889050908931482,0.47600062445606006,success
2107,2000,8,2,4.0,4.0,0.01,0.9500000000000004,8.2,4,178,44,278,0,0.5782860677788585,0.476465383717929,success
2108,2000,8,2,4.0,4.0,0.01,0.9500000000000004,8.399999999999999,4,165,46,289,0,0.5451644597440989,0.479360706643553,success
2109,2000,8,2,4.0,4.0,0.01,0.9500000000000004,8.599999999999998,4,161,48,291,0,0.5286756967782327,0.4803825647720498,success
2110,2000,8,2,4.0,4.0,0.01,0.9500000000000004,8.799999999999997,4,160,52,288,0,0.5093892398813735,0.47909370266914103,success
2111,2000,8,2,4.0,4.0,0.01,0.9500000000000004,8.999999999999998,4,155,51,294,0,0.5028102608454563,0.48053649306157076,success
2112,2000,8,2,4.0,4.0,0.01,0.9500000000000004,9.199999999999998,4,154,54,292,0,0.47224423898128626,0.4761809079832343,success
2113,2000,8,2,4.0,4.0,0.01,0.9500000000000004,9.399999999999999,4,146,58,296,0,0.46866902405691147,0.47596725317180527,success
2114,2000,8,2,4.0,4.0,0.01,0.9500000000000004,9.599999999999998,4,140,51,309,0,0.46929906705508084,0.4758705227641173,success
2115,2000,8,2,4.0,4.0,0.01,0.9500000000000004,9.799999999999997,4,136,59,305,0,0.457900689607141,0.4741912624044426,success
2117,2000,8,2,4.0,4.0,0.01,0.9600000000000004,1.0,4,489,11,0,0,,,success
2118,2000,8,2,4.0,4.0,0.01,0.9600000000000004,1.2,4,477,14,9,0,1.0,0.0,success
2119,2000,8,2,4.0,4.0,0.01,0.9600000000000004,1.4,4,471,13,16,0,1.0,0.0,success
2120,2000,8,2,4.0,4.0,0.01,0.9600000000000004,1.5999999999999999,4,468,16,16,0,1.0,0.0,success
2121,2000,8,2,4.0,4.0,0.01,0.9600000000000004,1.7999999999999998,4,466,15,19,0,1.0,0.0,success
2116,2000,8,2,4.0,4.0,0.01,0.9500000000000004,9.999999999999998,4,137,61,302,0,0.43301721301916674,0.4668791850453438,success
2122,2000,8,2,4.0,4.0,0.01,0.9600000000000004,1.9999999999999998,4,463,15,22,0,1.0,0.0,success
2123,2000,8,2,4.0,4.0,0.01,0.9600000000000004,2.1999999999999997,4,448,22,30,0,0.9888880597323925,0.06086260342218645,success
2124,2000,8,2,4.0,4.0,0.01,0.9600000000000004,2.3999999999999995,4,435,24,41,0,0.9851493783594344,0.06670743709086445,success
2125,2000,8,2,4.0,4.0,0.01,0.9600000000000004,2.5999999999999996,4,425,31,44,0,1.0,0.0,success
2126,2000,8,2,4.0,4.0,0.01,0.9600000000000004,2.8,4,422,34,44,0,0.9935277362255097,0.04293214096838739,success
2127,2000,8,2,4.0,4.0,0.01,0.9600000000000004,2.9999999999999996,4,419,32,49,0,0.9902262804541084,0.048756656893407684,success
2128,2000,8,2,4.0,4.0,0.01,0.9600000000000004,3.1999999999999993,4,401,39,60,0,0.9825325516732089,0.06630809470939504,success
2129,2000,8,2,4.0,4.0,0.01,0.9600000000000004,3.3999999999999995,4,386,49,65,0,0.9859676224401036,0.06463947547989714,success
2130,2000,8,2,4.0,4.0,0.01,0.9600000000000004,3.5999999999999996,4,368,49,83,0,0.9352725571077063,0.20586955486613287,success
2131,2000,8,2,4.0,4.0,0.01,0.9600000000000004,3.7999999999999994,4,364,49,87,0,0.9647742058124943,0.1378459002688743,success
2132,2000,8,2,4.0,4.0,0.01,0.9600000000000004,3.999999999999999,4,368,47,85,0,0.9721775161684034,0.13044814980793196,success
2133,2000,8,2,4.0,4.0,0.01,0.9600000000000004,4.199999999999999,4,343,54,103,0,0.9124419128190179,0.27138213289451657,success
2134,2000,8,2,4.0,4.0,0.01,0.9600000000000004,4.3999999999999995,4,335,55,110,0,0.9029776483530475,0.27944858937853884,success
2135,2000,8,2,4.0,4.0,0.01,0.9600000000000004,4.6,4,323,51,126,0,0.9324200230370582,0.2366001764251421,success
2136,2000,8,2,4.0,4.0,0.01,0.9600000000000004,4.799999999999999,4,320,51,129,0,0.912727338626947,0.2703581735934034,success
2138,2000,8,2,4.0,4.0,0.01,0.9600000000000004,5.199999999999999,4,291,49,160,0,0.8775004519909728,0.3144292551177993,success
2137,2000,8,2,4.0,4.0,0.01,0.9600000000000004,4.999999999999999,4,314,46,140,0,0.9034145586249533,0.2818853292107605,success
2139,2000,8,2,4.0,4.0,0.01,0.9600000000000004,5.399999999999999,4,291,49,160,0,0.8510551797592161,0.34369350968059775,success
2140,2000,8,2,4.0,4.0,0.01,0.9600000000000004,5.599999999999999,4,276,51,173,0,0.8166518701364907,0.3763505969729589,success
2141,2000,8,2,4.0,4.0,0.01,0.9600000000000004,5.799999999999999,4,268,51,181,0,0.8083502402537457,0.38325801682862737,success
2142,2000,8,2,4.0,4.0,0.01,0.9600000000000004,5.999999999999999,4,265,48,187,0,0.8099079842948967,0.3806510724041993,success
2143,2000,8,2,4.0,4.0,0.01,0.9600000000000004,6.199999999999999,4,245,50,205,0,0.7637667541589068,0.41324992139548344,success
2144,2000,8,2,4.0,4.0,0.01,0.9600000000000004,6.399999999999999,4,239,47,214,0,0.7377604954106723,0.42473111107400946,success
2145,2000,8,2,4.0,4.0,0.01,0.9600000000000004,6.599999999999999,4,228,44,228,0,0.7093198911900063,0.4400623078829183,success
2146,2000,8,2,4.0,4.0,0.01,0.9600000000000004,6.799999999999999,4,217,42,241,0,0.6857738944365641,0.4505166072953008,success
2147,2000,8,2,4.0,4.0,0.01,0.9600000000000004,6.999999999999998,4,210,45,245,0,0.6465907914180264,0.46547807516626,success
2149,2000,8,2,4.0,4.0,0.01,0.9600000000000004,7.399999999999999,4,207,48,245,0,0.6203797660291946,0.47205529467144103,success
2148,2000,8,2,4.0,4.0,0.01,0.9600000000000004,7.199999999999998,4,213,43,244,0,0.6435113840372918,0.4641818630097745,success
2150,2000,8,2,4.0,4.0,0.01,0.9600000000000004,7.599999999999999,4,196,46,258,0,0.5929065522308612,0.4763823665580314,success
2151,2000,8,2,4.0,4.0,0.01,0.9600000000000004,7.799999999999999,4,186,48,266,0,0.573308313690717,0.4790022379387708,success
2152,2000,8,2,4.0,4.0,0.01,0.9600000000000004,7.999999999999998,4,185,44,271,0,0.5889050908931482,0.47600062445606006,success
2153,2000,8,2,4.0,4.0,0.01,0.9600000000000004,8.2,4,178,44,278,0,0.5782860677788585,0.476465383717929,success
2154,2000,8,2,4.0,4.0,0.01,0.9600000000000004,8.399999999999999,4,165,46,289,0,0.5451644597440989,0.479360706643553,success
2155,2000,8,2,4.0,4.0,0.01,0.9600000000000004,8.599999999999998,4,161,48,291,0,0.5286756967782327,0.4803825647720498,success
2156,2000,8,2,4.0,4.0,0.01,0.9600000000000004,8.799999999999997,4,160,52,288,0,0.5093892398813735,0.47909370266914103,success
2157,2000,8,2,4.0,4.0,0.01,0.9600000000000004,8.999999999999998,4,155,51,294,0,0.5028102608454563,0.48053649306157076,success
2158,2000,8,2,4.0,4.0,0.01,0.9600000000000004,9.199999999999998,4,154,54,292,0,0.47224423898128626,0.4761809079832343,success
2163,2000,8,2,4.0,4.0,0.01,0.9700000000000004,1.0,4,489,11,0,0,,,success
2159,2000,8,2,4.0,4.0,0.01,0.9600000000000004,9.399999999999999,4,146,58,296,0,0.46866902405691147,0.47596725317180527,success
2160,2000,8,2,4.0,4.0,0.01,0.9600000000000004,9.599999999999998,4,140,51,309,0,0.46929906705508084,0.4758705227641173,success
2164,2000,8,2,4.0,4.0,0.01,0.9700000000000004,1.2,4,477,14,9,0,1.0,0.0,success
2166,2000,8,2,4.0,4.0,0.01,0.9700000000000004,1.5999999999999999,4,468,16,16,0,1.0,0.0,success
2161,2000,8,2,4.0,4.0,0.01,0.9600000000000004,9.799999999999997,4,136,59,305,0,0.457900689607141,0.4741912624044426,success
2165,2000,8,2,4.0,4.0,0.01,0.9700000000000004,1.4,4,471,13,16,0,1.0,0.0,success
2162,2000,8,2,4.0,4.0,0.01,0.9600000000000004,9.999999999999998,4,137,61,302,0,0.43301721301916674,0.4668791850453438,success
2167,2000,8,2,4.0,4.0,0.01,0.9700000000000004,1.7999999999999998,4,466,15,19,0,1.0,0.0,success
2168,2000,8,2,4.0,4.0,0.01,0.9700000000000004,1.9999999999999998,4,463,15,22,0,1.0,0.0,success
2169,2000,8,2,4.0,4.0,0.01,0.9700000000000004,2.1999999999999997,4,448,22,30,0,0.9888880597323925,0.06086260342218645,success
2170,2000,8,2,4.0,4.0,0.01,0.9700000000000004,2.3999999999999995,4,435,24,41,0,0.9851493783594344,0.06670743709086445,success
2171,2000,8,2,4.0,4.0,0.01,0.9700000000000004,2.5999999999999996,4,425,31,44,0,1.0,0.0,success
2172,2000,8,2,4.0,4.0,0.01,0.9700000000000004,2.8,4,422,34,44,0,0.9935277362255097,0.04293214096838739,success
2173,2000,8,2,4.0,4.0,0.01,0.9700000000000004,2.9999999999999996,4,419,32,49,0,0.9902262804541084,0.048756656893407684,success
2174,2000,8,2,4.0,4.0,0.01,0.9700000000000004,3.1999999999999993,4,401,39,60,0,0.9825325516732089,0.06630809470939504,success
2175,2000,8,2,4.0,4.0,0.01,0.9700000000000004,3.3999999999999995,4,386,49,65,0,0.9859676224401036,0.06463947547989714,success
2176,2000,8,2,4.0,4.0,0.01,0.9700000000000004,3.5999999999999996,4,368,49,83,0,0.9352725571077063,0.20586955486613287,success
2177,2000,8,2,4.0,4.0,0.01,0.9700000000000004,3.7999999999999994,4,364,49,87,0,0.9647742058124943,0.1378459002688743,success
2178,2000,8,2,4.0,4.0,0.01,0.9700000000000004,3.999999999999999,4,368,47,85,0,0.9721775161684034,0.13044814980793196,success
2179,2000,8,2,4.0,4.0,0.01,0.9700000000000004,4.199999999999999,4,343,54,103,0,0.9124419128190179,0.27138213289451657,success
2180,2000,8,2,4.0,4.0,0.01,0.9700000000000004,4.3999999999999995,4,335,55,110,0,0.9029776483530475,0.27944858937853884,success
2182,2000,8,2,4.0,4.0,0.01,0.9700000000000004,4.799999999999999,4,320,51,129,0,0.912727338626947,0.2703581735934034,success
2181,2000,8,2,4.0,4.0,0.01,0.9700000000000004,4.6,4,323,51,126,0,0.9324200230370582,0.2366001764251421,success
2183,2000,8,2,4.0,4.0,0.01,0.9700000000000004,4.999999999999999,4,314,46,140,0,0.9034145586249533,0.2818853292107605,success
2184,2000,8,2,4.0,4.0,0.01,0.9700000000000004,5.199999999999999,4,291,49,160,0,0.8775004519909728,0.3144292551177993,success
2185,2000,8,2,4.0,4.0,0.01,0.9700000000000004,5.399999999999999,4,291,49,160,0,0.8510551797592161,0.34369350968059775,success
2186,2000,8,2,4.0,4.0,0.01,0.9700000000000004,5.599999999999999,4,276,51,173,0,0.8166518701364907,0.3763505969729589,success
2187,2000,8,2,4.0,4.0,0.01,0.9700000000000004,5.799999999999999,4,268,51,181,0,0.8083502402537457,0.38325801682862737,success
2188,2000,8,2,4.0,4.0,0.01,0.9700000000000004,5.999999999999999,4,265,48,187,0,0.8092770602517738,0.3810684447471093,success
2189,2000,8,2,4.0,4.0,0.01,0.9700000000000004,6.199999999999999,4,245,50,205,0,0.7631912283244482,0.41353600462557044,success
2190,2000,8,2,4.0,4.0,0.01,0.9700000000000004,6.399999999999999,4,239,47,214,0,0.7375565721563008,0.4248352140242771,success
2191,2000,8,2,4.0,4.0,0.01,0.9700000000000004,6.599999999999999,4,228,44,228,0,0.7091284895389733,0.4401441694196872,success
2192,2000,8,2,4.0,4.0,0.01,0.9700000000000004,6.799999999999999,4,217,42,241,0,0.6855928173559188,0.4505827388925636,success
2193,2000,8,2,4.0,4.0,0.01,0.9700000000000004,6.999999999999998,4,210,45,245,0,0.6464126706978814,0.46552597926620004,success
2194,2000,8,2,4.0,4.0,0.01,0.9700000000000004,7.199999999999998,4,213,43,244,0,0.6433325333141954,0.4642289071358852,success
2195,2000,8,2,4.0,4.0,0.01,0.9700000000000004,7.399999999999999,4,207,48,245,0,0.6202016453090498,0.47209260152741356,success
2196,2000,8,2,4.0,4.0,0.01,0.9700000000000004,7.599999999999999,4,196,46,258,0,0.5927374065857622,0.47640767421514596,success
2197,2000,8,2,4.0,4.0,0.01,0.9700000000000004,7.799999999999999,4,186,48,266,0,0.5731442551326886,0.4790199108095724,success
2198,2000,8,2,4.0,4.0,0.01,0.9700000000000004,7.999999999999998,4,185,44,271,0,0.5887440592457845,0.47602337567612707,success
2199,2000,8,2,4.0,4.0,0.01,0.9700000000000004,8.2,4,178,44,278,0,0.5781290908852054,0.4764840280139288,success
2200,2000,8,2,4.0,4.0,0.01,0.9700000000000004,8.399999999999999,4,165,46,289,0,0.5450105436142555,0.47936786513425655,success
2201,2000,8,2,4.0,4.0,0.01,0.9700000000000004,8.599999999999998,4,161,48,291,0,0.5285228384912062,0.48038439415422834,success
2202,2000,8,2,4.0,4.0,0.01,0.9700000000000004,8.799999999999997,4,160,52,288,0,0.5092328994955351,0.47908896088893926,success
2203,2000,8,2,4.0,4.0,0.01,0.9700000000000004,8.999999999999998,4,155,51,294,0,0.5026571110797371,0.4805297588990949,success
2204,2000,8,2,4.0,4.0,0.01,0.9700000000000004,9.199999999999998,4,154,54,292,0,0.4720900402445688,0.47616413307899697,success
2205,2000,8,2,4.0,4.0,0.01,0.9700000000000004,9.399999999999999,4,146,58,296,0,0.4685150368563175,0.4759489075698482,success
2206,2000,8,2,4.0,4.0,0.01,0.9700000000000004,9.599999999999998,4,140,51,309,0,0.4691513399120076,0.4758530981998627,success
2207,2000,8,2,4.0,4.0,0.01,0.9700000000000004,9.799999999999997,4,136,59,305,0,0.45775001911538665,0.47416967999584014,success
2208,2000,8,2,4.0,4.0,0.01,0.9700000000000004,9.999999999999998,4,137,61,302,0,0.4328666217684548,0.46684941341948405,success
2209,2000,8,2,4.0,4.0,0.01,0.9800000000000004,1.0,4,489,11,0,0,,,success
2210,2000,8,2,4.0,4.0,0.01,0.9800000000000004,1.2,4,477,14,9,0,1.0,0.0,success
2211,2000,8,2,4.0,4.0,0.01,0.9800000000000004,1.4,4,471,13,16,0,1.0,0.0,success
2212,2000,8,2,4.0,4.0,0.01,0.9800000000000004,1.5999999999999999,4,468,16,16,0,1.0,0.0,success
2213,2000,8,2,4.0,4.0,0.01,0.9800000000000004,1.7999999999999998,4,466,15,19,0,1.0,0.0,success
2214,2000,8,2,4.0,4.0,0.01,0.9800000000000004,1.9999999999999998,4,463,15,22,0,1.0,0.0,success
2215,2000,8,2,4.0,4.0,0.01,0.9800000000000004,2.1999999999999997,4,448,22,30,0,0.9888880597323925,0.06086260342218645,success
2216,2000,8,2,4.0,4.0,0.01,0.9800000000000004,2.3999999999999995,4,435,24,41,0,0.9851493783594344,0.06670743709086445,success
2217,2000,8,2,4.0,4.0,0.01,0.9800000000000004,2.5999999999999996,4,425,31,44,0,1.0,0.0,success
2218,2000,8,2,4.0,4.0,0.01,0.9800000000000004,2.8,4,422,34,44,0,0.9935277362255097,0.04293214096838739,success
2219,2000,8,2,4.0,4.0,0.01,0.9800000000000004,2.9999999999999996,4,419,32,49,0,0.9902262804541084,0.048756656893407684,success
2220,2000,8,2,4.0,4.0,0.01,0.9800000000000004,3.1999999999999993,4,401,39,60,0,0.9825325516732089,0.06630809470939504,success
2221,2000,8,2,4.0,4.0,0.01,0.9800000000000004,3.3999999999999995,4,386,49,65,0,0.9859676224401036,0.06463947547989714,success
2222,2000,8,2,4.0,4.0,0.01,0.9800000000000004,3.5999999999999996,4,368,49,83,0,0.9352725571077063,0.20586955486613287,success
2223,2000,8,2,4.0,4.0,0.01,0.9800000000000004,3.7999999999999994,4,364,49,87,0,0.9647742058124943,0.1378459002688743,success
2224,2000,8,2,4.0,4.0,0.01,0.9800000000000004,3.999999999999999,4,368,47,85,0,0.9721775161684034,0.13044814980793196,success
2225,2000,8,2,4.0,4.0,0.01,0.9800000000000004,4.199999999999999,4,343,54,103,0,0.9124419128190179,0.27138213289451657,success
2226,2000,8,2,4.0,4.0,0.01,0.9800000000000004,4.3999999999999995,4,335,55,110,0,0.9029776483530475,0.27944858937853884,success
2228,2000,8,2,4.0,4.0,0.01,0.9800000000000004,4.799999999999999,4,320,51,129,0,0.912727338626947,0.2703581735934034,success
2227,2000,8,2,4.0,4.0,0.01,0.9800000000000004,4.6,4,323,51,126,0,0.9324200230370582,0.2366001764251421,success
2229,2000,8,2,4.0,4.0,0.01,0.9800000000000004,4.999999999999999,4,314,46,140,0,0.9034145586249533,0.2818853292107605,success
2230,2000,8,2,4.0,4.0,0.01,0.9800000000000004,5.199999999999999,4,291,49,160,0,0.8775004519909728,0.3144292551177993,success
2231,2000,8,2,4.0,4.0,0.01,0.9800000000000004,5.399999999999999,4,291,49,160,0,0.8510551797592161,0.34369350968059775,success
2232,2000,8,2,4.0,4.0,0.01,0.9800000000000004,5.599999999999999,4,276,51,173,0,0.8166518701364907,0.3763505969729589,success
2233,2000,8,2,4.0,4.0,0.01,0.9800000000000004,5.799999999999999,4,268,51,181,0,0.8083502402537457,0.38325801682862737,success
2234,2000,8,2,4.0,4.0,0.01,0.9800000000000004,5.999999999999999,4,265,48,187,0,0.8092770602517738,0.3810684447471093,success
2235,2000,8,2,4.0,4.0,0.01,0.9800000000000004,6.199999999999999,4,245,50,205,0,0.7631912283244482,0.41353600462557044,success
2236,2000,8,2,4.0,4.0,0.01,0.9800000000000004,6.399999999999999,4,239,47,214,0,0.7375565721563008,0.4248352140242771,success
2237,2000,8,2,4.0,4.0,0.01,0.9800000000000004,6.599999999999999,4,228,44,228,0,0.7091284895389733,0.4401441694196872,success
2238,2000,8,2,4.0,4.0,0.01,0.9800000000000004,6.799999999999999,4,217,42,241,0,0.6855928173559188,0.4505827388925636,success
2239,2000,8,2,4.0,4.0,0.01,0.9800000000000004,6.999999999999998,4,210,45,245,0,0.6464126706978814,0.46552597926620004,success
2240,2000,8,2,4.0,4.0,0.01,0.9800000000000004,7.199999999999998,4,213,43,244,0,0.6433325333141954,0.4642289071358852,success
2241,2000,8,2,4.0,4.0,0.01,0.9800000000000004,7.399999999999999,4,207,48,245,0,0.6202016453090498,0.47209260152741356,success
2242,2000,8,2,4.0,4.0,0.01,0.9800000000000004,7.599999999999999,4,196,46,258,0,0.5927374065857622,0.47640767421514596,success
2243,2000,8,2,4.0,4.0,0.01,0.9800000000000004,7.799999999999999,4,186,48,266,0,0.5731442551326886,0.4790199108095724,success
2244,2000,8,2,4.0,4.0,0.01,0.9800000000000004,7.999999999999998,4,185,44,271,0,0.5887440592457845,0.47602337567612707,success
2245,2000,8,2,4.0,4.0,0.01,0.9800000000000004,8.2,4,178,44,278,0,0.5781290908852054,0.4764840280139288,success
2246,2000,8,2,4.0,4.0,0.01,0.9800000000000004,8.399999999999999,4,165,46,289,0,0.5450105436142555,0.47936786513425655,success
2247,2000,8,2,4.0,4.0,0.01,0.9800000000000004,8.599999999999998,4,161,48,291,0,0.5285228384912062,0.48038439415422834,success
2248,2000,8,2,4.0,4.0,0.01,0.9800000000000004,8.799999999999997,4,160,52,288,0,0.5092328994955351,0.47908896088893926,success
2249,2000,8,2,4.0,4.0,0.01,0.9800000000000004,8.999999999999998,4,155,51,294,0,0.5026571110797371,0.4805297588990949,success
2250,2000,8,2,4.0,4.0,0.01,0.9800000000000004,9.199999999999998,4,154,54,292,0,0.4720900402445688,0.47616413307899697,success
2251,2000,8,2,4.0,4.0,0.01,0.9800000000000004,9.399999999999999,4,146,58,296,0,0.4685150368563175,0.4759489075698482,success
2255,2000,8,2,4.0,4.0,0.01,0.9900000000000004,1.0,4,489,11,0,0,,,success
2256,2000,8,2,4.0,4.0,0.01,0.9900000000000004,1.2,4,477,14,9,0,1.0,0.0,success
2252,2000,8,2,4.0,4.0,0.01,0.9800000000000004,9.599999999999998,4,140,51,309,0,0.4691513399120076,0.4758530981998627,success
2253,2000,8,2,4.0,4.0,0.01,0.9800000000000004,9.799999999999997,4,136,59,305,0,0.45775001911538665,0.47416967999584014,success
2257,2000,8,2,4.0,4.0,0.01,0.9900000000000004,1.4,4,471,13,16,0,1.0,0.0,success
2258,2000,8,2,4.0,4.0,0.01,0.9900000000000004,1.5999999999999999,4,468,16,16,0,1.0,0.0,success
2254,2000,8,2,4.0,4.0,0.01,0.9800000000000004,9.999999999999998,4,137,61,302,0,0.4328666217684548,0.46684941341948405,success
2260,2000,8,2,4.0,4.0,0.01,0.9900000000000004,1.9999999999999998,4,463,15,22,0,1.0,0.0,success
2259,2000,8,2,4.0,4.0,0.01,0.9900000000000004,1.7999999999999998,4,466,15,19,0,1.0,0.0,success
2261,2000,8,2,4.0,4.0,0.01,0.9900000000000004,2.1999999999999997,4,448,22,30,0,0.9888880597323925,0.06086260342218645,success
2262,2000,8,2,4.0,4.0,0.01,0.9900000000000004,2.3999999999999995,4,435,24,41,0,0.9851493783594344,0.06670743709086445,success
2263,2000,8,2,4.0,4.0,0.01,0.9900000000000004,2.5999999999999996,4,425,31,44,0,1.0,0.0,success
2264,2000,8,2,4.0,4.0,0.01,0.9900000000000004,2.8,4,422,34,44,0,0.9935277362255097,0.04293214096838739,success
2265,2000,8,2,4.0,4.0,0.01,0.9900000000000004,2.9999999999999996,4,419,32,49,0,0.9902262804541084,0.048756656893407684,success
2266,2000,8,2,4.0,4.0,0.01,0.9900000000000004,3.1999999999999993,4,401,39,60,0,0.9825325516732089,0.06630809470939504,success
2267,2000,8,2,4.0,4.0,0.01,0.9900000000000004,3.3999999999999995,4,386,49,65,0,0.9859676224401036,0.06463947547989714,success
2268,2000,8,2,4.0,4.0,0.01,0.9900000000000004,3.5999999999999996,4,368,49,83,0,0.9352725571077063,0.20586955486613287,success
2269,2000,8,2,4.0,4.0,0.01,0.9900000000000004,3.7999999999999994,4,364,49,87,0,0.9647742058124943,0.1378459002688743,success
2270,2000,8,2,4.0,4.0,0.01,0.9900000000000004,3.999999999999999,4,368,47,85,0,0.9721775161684034,0.13044814980793196,success
2271,2000,8,2,4.0,4.0,0.01,0.9900000000000004,4.199999999999999,4,343,54,103,0,0.9124419128190179,0.27138213289451657,success
2272,2000,8,2,4.0,4.0,0.01,0.9900000000000004,4.3999999999999995,4,335,55,110,0,0.9029776483530475,0.27944858937853884,success
2273,2000,8,2,4.0,4.0,0.01,0.9900000000000004,4.6,4,323,51,126,0,0.9324200230370582,0.2366001764251421,success
2274,2000,8,2,4.0,4.0,0.01,0.9900000000000004,4.799999999999999,4,320,51,129,0,0.912727338626947,0.2703581735934034,success
2275,2000,8,2,4.0,4.0,0.01,0.9900000000000004,4.999999999999999,4,314,46,140,0,0.9034145586249533,0.2818853292107605,success
2276,2000,8,2,4.0,4.0,0.01,0.9900000000000004,5.199999999999999,4,291,49,160,0,0.8775004519909728,0.3144292551177993,success
2277,2000,8,2,4.0,4.0,0.01,0.9900000000000004,5.399999999999999,4,291,49,160,0,0.8510551797592161,0.34369350968059775,success
2278,2000,8,2,4.0,4.0,0.01,0.9900000000000004,5.599999999999999,4,276,51,173,0,0.8166518701364907,0.3763505969729589,success
2279,2000,8,2,4.0,4.0,0.01,0.9900000000000004,5.799999999999999,4,268,51,181,0,0.8083502402537457,0.38325801682862737,success
2280,2000,8,2,4.0,4.0,0.01,0.9900000000000004,5.999999999999999,4,265,48,187,0,0.8092770602517738,0.3810684447471093,success
2281,2000,8,2,4.0,4.0,0.01,0.9900000000000004,6.199999999999999,4,245,50,205,0,0.7631912283244482,0.41353600462557044,success
2282,2000,8,2,4.0,4.0,0.01,0.9900000000000004,6.399999999999999,4,239,47,214,0,0.7375565721563008,0.4248352140242771,success
2283,2000,8,2,4.0,4.0,0.01,0.9900000000000004,6.599999999999999,4,228,44,228,0,0.7091284895389733,0.4401441694196872,success
2284,2000,8,2,4.0,4.0,0.01,0.9900000000000004,6.799999999999999,4,217,42,241,0,0.6855928173559188,0.4505827388925636,success
2285,2000,8,2,4.0,4.0,0.01,0.9900000000000004,6.999999999999998,4,210,45,245,0,0.6464126706978814,0.46552597926620004,success
2286,2000,8,2,4.0,4.0,0.01,0.9900000000000004,7.199999999999998,4,213,43,244,0,0.6433325333141954,0.4642289071358852,success
2287,2000,8,2,4.0,4.0,0.01,0.9900000000000004,7.399999999999999,4,207,48,245,0,0.6202016453090498,0.47209260152741356,success
2288,2000,8,2,4.0,4.0,0.01,0.9900000000000004,7.599999999999999,4,196,46,258,0,0.5927374065857622,0.47640767421514596,success
2289,2000,8,2,4.0,4.0,0.01,0.9900000000000004,7.799999999999999,4,186,48,266,0,0.5731442551326886,0.4790199108095724,success
2290,2000,8,2,4.0,4.0,0.01,0.9900000000000004,7.999999999999998,4,185,44,271,0,0.5887440592457845,0.47602337567612707,success
2291,2000,8,2,4.0,4.0,0.01,0.9900000000000004,8.2,4,178,44,278,0,0.5781290908852054,0.4764840280139288,success
2292,2000,8,2,4.0,4.0,0.01,0.9900000000000004,8.399999999999999,4,165,46,289,0,0.5450105436142555,0.47936786513425655,success
2293,2000,8,2,4.0,4.0,0.01,0.9900000000000004,8.599999999999998,4,161,48,291,0,0.5285867534436604,0.4804287523718755,success
2294,2000,8,2,4.0,4.0,0.01,0.9900000000000004,8.799999999999997,4,160,52,288,0,0.5093169309346529,0.47914438197355996,success
2295,2000,8,2,4.0,4.0,0.01,0.9900000000000004,8.999999999999998,4,155,51,294,0,0.5027430134678083,0.48058585453951524,success
2296,2000,8,2,4.0,4.0,0.01,0.9900000000000004,9.199999999999998,4,154,54,292,0,0.47217595018523467,0.4762260856268329,success
2297,2000,8,2,4.0,4.0,0.01,0.9900000000000004,9.399999999999999,4,146,58,296,0,0.4686035310932716,0.4760112179773115,success
2298,2000,8,2,4.0,4.0,0.01,0.9900000000000004,9.599999999999998,4,140,51,309,0,0.46923650963277524,0.4759122036620541,success
2301,2000,8,2,4.0,4.0,0.01,1.0000000000000004,1.0,4,489,11,0,0,,,success
2299,2000,8,2,4.0,4.0,0.01,0.9900000000000004,9.799999999999997,4,136,59,305,0,0.4577082159357973,0.47413874809069173,success
2302,2000,8,2,4.0,4.0,0.01,1.0000000000000004,1.2,4,477,14,9,0,1.0,0.0,success
2303,2000,8,2,4.0,4.0,0.01,1.0000000000000004,1.4,4,471,13,16,0,1.0,0.0,success
2300,2000,8,2,4.0,4.0,0.01,0.9900000000000004,9.999999999999998,4,137,61,302,0,0.4330669090545077,0.467026716017592,success
2304,2000,8,2,4.0,4.0,0.01,1.0000000000000004,1.5999999999999999,4,468,16,16,0,1.0,0.0,success
2305,2000,8,2,4.0,4.0,0.01,1.0000000000000004,1.7999999999999998,4,466,15,19,0,1.0,0.0,success
2306,2000,8,2,4.0,4.0,0.01,1.0000000000000004,1.9999999999999998,4,463,15,22,0,1.0,0.0,success
2307,2000,8,2,4.0,4.0,0.01,1.0000000000000004,2.1999999999999997,4,448,22,30,0,0.9888880597323925,0.06086260342218645,success
2308,2000,8,2,4.0,4.0,0.01,1.0000000000000004,2.3999999999999995,4,435,24,41,0,0.9851493783594344,0.06670743709086445,success
2309,2000,8,2,4.0,4.0,0.01,1.0000000000000004,2.5999999999999996,4,425,31,44,0,1.0,0.0,success
2310,2000,8,2,4.0,4.0,0.01,1.0000000000000004,2.8,4,422,34,44,0,0.9935277362255097,0.04293214096838739,success
2311,2000,8,2,4.0,4.0,0.01,1.0000000000000004,2.9999999999999996,4,419,32,49,0,0.9902262804541084,0.048756656893407684,success
2312,2000,8,2,4.0,4.0,0.01,1.0000000000000004,3.1999999999999993,4,401,39,60,0,0.9825325516732089,0.06630809470939504,success
2313,2000,8,2,4.0,4.0,0.01,1.0000000000000004,3.3999999999999995,4,386,49,65,0,0.9859676224401036,0.06463947547989714,success
2314,2000,8,2,4.0,4.0,0.01,1.0000000000000004,3.5999999999999996,4,368,49,83,0,0.9352725571077063,0.20586955486613287,success
2315,2000,8,2,4.0,4.0,0.01,1.0000000000000004,3.7999999999999994,4,364,49,87,0,0.9647742058124943,0.1378459002688743,success
2316,2000,8,2,4.0,4.0,0.01,1.0000000000000004,3.999999999999999,4,368,47,85,0,0.9721775161684034,0.13044814980793196,success
2317,2000,8,2,4.0,4.0,0.01,1.0000000000000004,4.199999999999999,4,343,54,103,0,0.9124419128190179,0.27138213289451657,success
2318,2000,8,2,4.0,4.0,0.01,1.0000000000000004,4.3999999999999995,4,335,55,110,0,0.9029776483530475,0.27944858937853884,success
2319,2000,8,2,4.0,4.0,0.01,1.0000000000000004,4.6,4,323,51,126,0,0.9324200230370582,0.2366001764251421,success
2320,2000,8,2,4.0,4.0,0.01,1.0000000000000004,4.799999999999999,4,320,51,129,0,0.912727338626947,0.2703581735934034,success
2321,2000,8,2,4.0,4.0,0.01,1.0000000000000004,4.999999999999999,4,314,46,140,0,0.9034145586249533,0.2818853292107605,success
2322,2000,8,2,4.0,4.0,0.01,1.0000000000000004,5.199999999999999,4,291,49,160,0,0.8775004519909728,0.3144292551177993,success
2323,2000,8,2,4.0,4.0,0.01,1.0000000000000004,5.399999999999999,4,291,49,160,0,0.8510551797592161,0.34369350968059775,success
2324,2000,8,2,4.0,4.0,0.01,1.0000000000000004,5.599999999999999,4,276,51,173,0,0.8166518701364907,0.3763505969729589,success
2325,2000,8,2,4.0,4.0,0.01,1.0000000000000004,5.799999999999999,4,268,51,181,0,0.8083502402537457,0.38325801682862737,success
2326,2000,8,2,4.0,4.0,0.01,1.0000000000000004,5.999999999999999,4,265,48,187,0,0.8092770602517738,0.3810684447471093,success
2327,2000,8,2,4.0,4.0,0.01,1.0000000000000004,6.199999999999999,4,245,50,205,0,0.7631912283244482,0.41353600462557044,success
2328,2000,8,2,4.0,4.0,0.01,1.0000000000000004,6.399999999999999,4,239,47,214,0,0.7375565721563008,0.4248352140242771,success
2329,2000,8,2,4.0,4.0,0.01,1.0000000000000004,6.599999999999999,4,228,44,228,0,0.7091284895389733,0.4401441694196872,success
2330,2000,8,2,4.0,4.0,0.01,1.0000000000000004,6.799999999999999,4,217,42,241,0,0.6855928173559188,0.4505827388925636,success
2331,2000,8,2,4.0,4.0,0.01,1.0000000000000004,6.999999999999998,4,210,45,245,0,0.6464126706978814,0.46552597926620004,success
2332,2000,8,2,4.0,4.0,0.01,1.0000000000000004,7.199999999999998,4,213,43,244,0,0.6433325333141954,0.4642289071358852,success
2333,2000,8,2,4.0,4.0,0.01,1.0000000000000004,7.399999999999999,4,207,48,245,0,0.6202016453090498,0.47209260152741356,success
2334,2000,8,2,4.0,4.0,0.01,1.0000000000000004,7.599999999999999,4,196,46,258,0,0.5927374065857622,0.47640767421514596,success
2335,2000,8,2,4.0,4.0,0.01,1.0000000000000004,7.799999999999999,4,186,48,266,0,0.5731442551326886,0.4790199108095724,success
2336,2000,8,2,4.0,4.0,0.01,1.0000000000000004,7.999999999999998,4,185,44,271,0,0.5887440592457845,0.47602337567612707,success
2337,2000,8,2,4.0,4.0,0.01,1.0000000000000004,8.2,4,178,44,278,0,0.5781290908852054,0.4764840280139288,success
2338,2000,8,2,4.0,4.0,0.01,1.0000000000000004,8.399999999999999,4,165,46,289,0,0.5450105436142555,0.47936786513425655,success
2339,2000,8,2,4.0,4.0,0.01,1.0000000000000004,8.599999999999998,4,161,48,291,0,0.5285867534436604,0.4804287523718755,success
2341,2000,8,2,4.0,4.0,0.01,1.0000000000000004,8.999999999999998,4,155,51,294,0,0.5027430134678083,0.48058585453951524,success
2340,2000,8,2,4.0,4.0,0.01,1.0000000000000004,8.799999999999997,4,160,52,288,0,0.5093169309346529,0.47914438197355996,success
2342,2000,8,2,4.0,4.0,0.01,1.0000000000000004,9.199999999999998,4,154,54,292,0,0.47217595018523467,0.4762260856268329,success
2343,2000,8,2,4.0,4.0,0.01,1.0000000000000004,9.399999999999999,4,146,58,296,0,0.4686035310932716,0.4760112179773115,success
2344,2000,8,2,4.0,4.0,0.01,1.0000000000000004,9.599999999999998,4,140,51,309,0,0.46923650963277524,0.4759122036620541,success
2345,2000,8,2,4.0,4.0,0.01,1.0000000000000004,9.799999999999997,4,136,59,305,0,0.4577082159357973,0.47413874809069173,success
2346,2000,8,2,4.0,4.0,0.01,1.0000000000000004,9.999999999999998,4,137,61,302,0,0.4330669090545077,0.467026716017592,success
