combination_id,n,k,p,q,thrshld,p1,p2,beta,seeds,case_A_count,case_B_count,case_C_count,case_Invalid_count,delta_star_mean,delta_star_std,status
32,2000,8,3,2.0,2.0,0.01,0.8100000000000003,5.0,2,495,1,4,0,0.5763877531659568,0.5028449174738383,success
26,2000,8,3,2.0,2.0,0.01,0.7500000000000002,5.0,2,496,1,3,0,0.6699999999999999,0.5715767664977295,success
29,2000,8,3,2.0,2.0,0.01,0.7800000000000002,5.0,2,495,1,4,0,0.5763913009887666,0.5028422755917632,success
31,2000,8,3,2.0,2.0,0.01,0.8000000000000003,5.0,2,495,1,4,0,0.5763912301717483,0.5028423283247289,success
28,2000,8,3,2.0,2.0,0.01,0.7700000000000002,5.0,2,495,1,4,0,0.5808728677744045,0.4995744016610891,success
27,2000,8,3,2.0,2.0,0.01,0.7600000000000002,5.0,2,495,1,4,0,0.5808728755214685,0.4995743961325947,success
30,2000,8,3,2.0,2.0,0.01,0.7900000000000003,5.0,2,495,1,4,0,0.5763913009887464,0.5028422755917783,success
24,2000,8,3,2.0,2.0,0.01,0.7300000000000002,5.0,2,496,1,3,0,0.6699999999999999,0.5715767664977295,success
25,2000,8,3,2.0,2.0,0.01,0.7400000000000002,5.0,2,496,1,3,0,0.6699999999999999,0.5715767664977295,success
23,2000,8,3,2.0,2.0,0.01,0.7200000000000002,5.0,2,496,1,3,0,0.6699999999999999,0.5715767664977295,success
22,2000,8,3,2.0,2.0,0.01,0.7100000000000002,5.0,2,496,1,3,0,0.6699999999999999,0.5715767664977295,success
19,2000,8,3,2.0,2.0,0.01,0.6800000000000002,5.0,2,496,1,3,0,0.6699999999999999,0.5715767664977295,success
20,2000,8,3,2.0,2.0,0.01,0.6900000000000002,5.0,2,496,1,3,0,0.6699999999999999,0.5715767664977295,success
21,2000,8,3,2.0,2.0,0.01,0.7000000000000002,5.0,2,496,1,3,0,0.6699999999999999,0.5715767664977295,success
16,2000,8,3,2.0,2.0,0.01,0.6500000000000001,5.0,2,494,1,5,0,0.4908511881699592,0.47280085244792386,success
18,2000,8,3,2.0,2.0,0.01,0.6700000000000002,5.0,2,496,1,3,0,0.6699999999999999,0.5715767664977295,success
17,2000,8,3,2.0,2.0,0.01,0.6600000000000001,5.0,2,495,1,4,0,0.5567167157352794,0.5187797316542021,success
15,2000,8,3,2.0,2.0,0.01,0.6400000000000001,5.0,2,493,1,6,0,0.4600615165903547,0.4295584462920131,success
11,2000,8,3,2.0,2.0,0.01,0.6000000000000001,5.0,2,492,1,7,0,0.4438202392000506,0.39444250551502086,success
14,2000,8,3,2.0,2.0,0.01,0.6300000000000001,5.0,2,493,1,6,0,0.4600644003064754,0.42955720160063415,success
10,2000,8,3,2.0,2.0,0.01,0.5900000000000001,5.0,2,492,1,7,0,0.44412195380045744,0.39425012320830005,success
13,2000,8,3,2.0,2.0,0.01,0.6200000000000001,5.0,2,493,1,6,0,0.46006520750538543,0.4295566532301223,success
12,2000,8,3,2.0,2.0,0.01,0.6100000000000001,5.0,2,493,1,6,0,0.46023608283476664,0.4294627304453201,success
8,2000,8,3,2.0,2.0,0.01,0.5700000000000001,5.0,2,491,1,8,0,0.4468574625984301,0.36082241759406264,success
9,2000,8,3,2.0,2.0,0.01,0.5800000000000001,5.0,2,491,1,8,0,0.44685733851142456,0.3608224727775128,success
7,2000,8,3,2.0,2.0,0.01,0.56,5.0,2,491,1,8,0,0.4468594614933087,0.36082130689987435,success
5,2000,8,3,2.0,2.0,0.01,0.54,5.0,2,490,1,9,0,0.4341474291489407,0.33971442931160467,success
4,2000,8,3,2.0,2.0,0.01,0.53,5.0,2,490,1,9,0,0.4348536695054297,0.3395058994312599,success
2,2000,8,3,2.0,2.0,0.01,0.51,5.0,2,490,1,9,0,0.4349094482407955,0.3394886282231316,success
6,2000,8,3,2.0,2.0,0.01,0.55,5.0,2,490,1,9,0,0.430493280160066,0.34114370463300686,success
3,2000,8,3,2.0,2.0,0.01,0.52,5.0,2,490,1,9,0,0.4348634784181082,0.33950487709953925,success
1,2000,8,3,2.0,2.0,0.01,0.5,5.0,2,490,1,9,0,0.4399465861388133,0.33920816077065485,success
34,2000,8,3,2.0,2.0,0.01,0.8300000000000003,5.0,2,495,1,4,0,0.5763877512956895,0.5028449188665535,success
37,2000,8,3,2.0,2.0,0.01,0.8600000000000003,5.0,2,495,1,4,0,0.5763877285537765,0.5028449358015706,success
35,2000,8,3,2.0,2.0,0.01,0.8400000000000003,5.0,2,495,1,4,0,0.5763877512998599,0.5028449188634478,success
42,2000,8,3,2.0,2.0,0.01,0.9100000000000004,5.0,2,495,1,4,0,0.5763872939603198,0.5028452594270789,success
40,2000,8,3,2.0,2.0,0.01,0.8900000000000003,5.0,2,495,1,4,0,0.5763876296208154,0.5028450094731363,success
33,2000,8,3,2.0,2.0,0.01,0.8200000000000003,5.0,2,495,1,4,0,0.5763877531655109,0.5028449174741704,success
38,2000,8,3,2.0,2.0,0.01,0.8700000000000003,5.0,2,495,1,4,0,0.5763877285534336,0.502844935801826,success
47,2000,8,3,2.0,2.0,0.01,0.9600000000000004,5.0,2,495,1,4,0,0.5763869309800301,0.5028455297259293,success
39,2000,8,3,2.0,2.0,0.01,0.8800000000000003,5.0,2,495,1,4,0,0.5763877269181688,0.5028449370195441,success
46,2000,8,3,2.0,2.0,0.01,0.9500000000000004,5.0,2,495,1,4,0,0.5763869309800301,0.5028455297259293,success
41,2000,8,3,2.0,2.0,0.01,0.9000000000000004,5.0,2,495,1,4,0,0.5763872946301495,0.5028452589282808,success
36,2000,8,3,2.0,2.0,0.01,0.8500000000000003,5.0,2,495,1,4,0,0.5763877512998569,0.5028449188634502,success
43,2000,8,3,2.0,2.0,0.01,0.9200000000000004,5.0,2,495,1,4,0,0.5763869543680931,0.5028455123096217,success
50,2000,8,3,2.0,2.0,0.01,0.9900000000000004,5.0,2,495,1,4,0,0.5724982566128948,0.5057928032842102,success
44,2000,8,3,2.0,2.0,0.01,0.9300000000000004,5.0,2,495,1,4,0,0.5763869543326928,0.5028455123359831,success
49,2000,8,3,2.0,2.0,0.01,0.9800000000000004,5.0,2,495,1,4,0,0.5763752415670396,0.5028542349096016,success
48,2000,8,3,2.0,2.0,0.01,0.9700000000000004,5.0,2,495,1,4,0,0.5763869284016522,0.5028455316459614,success
45,2000,8,3,2.0,2.0,0.01,0.9400000000000004,5.0,2,495,1,4,0,0.5763869309804566,0.5028455297256118,success
51,2000,8,3,2.0,2.0,0.01,1.0000000000000004,5.0,2,495,1,4,0,0.5724982062196758,0.5057928421414477,success
52,2000,8,3,2.0,2.1,0.01,0.5,5.0,3,486,0,14,0,0.4287682387260226,0.22611048092670832,success
54,2000,8,3,2.0,2.1,0.01,0.52,5.0,3,486,0,14,0,0.4265102831461132,0.22649441732621564,success
56,2000,8,3,2.0,2.1,0.01,0.54,5.0,3,487,0,13,0,0.4209361493646174,0.23627905205552394,success
55,2000,8,3,2.0,2.1,0.01,0.53,5.0,3,487,0,13,0,0.4218551809827366,0.2364887685841867,success
60,2000,8,3,2.0,2.1,0.01,0.5800000000000001,5.0,3,489,0,11,0,0.42001167672870493,0.25970781473330656,success
57,2000,8,3,2.0,2.1,0.01,0.55,5.0,3,488,0,12,0,0.4236966268556542,0.24673400891634906,success
53,2000,8,3,2.0,2.1,0.01,0.51,5.0,3,486,0,14,0,0.4270924209091489,0.22646775662908628,success
62,2000,8,3,2.0,2.1,0.01,0.6000000000000001,5.0,3,491,0,9,0,0.44831269236490584,0.2757929736050029,success
63,2000,8,3,2.0,2.1,0.01,0.6100000000000001,5.0,3,492,0,8,0,0.4553100599908545,0.2837028379363759,success
59,2000,8,3,2.0,2.1,0.01,0.5700000000000001,5.0,3,489,0,11,0,0.4218270425436474,0.2591684386647028,success
64,2000,8,3,2.0,2.1,0.01,0.6200000000000001,5.0,3,492,0,8,0,0.45532898255534077,0.2837267238303336,success
61,2000,8,3,2.0,2.1,0.01,0.5900000000000001,5.0,3,490,0,10,0,0.44307782586147004,0.26122641181024686,success
58,2000,8,3,2.0,2.1,0.01,0.56,5.0,3,488,0,12,0,0.42323449573840266,0.24699781903474846,success
78,2000,8,3,2.0,2.1,0.01,0.7600000000000002,5.0,3,495,0,5,0,0.5566482660066804,0.3111464694914842,success
72,2000,8,3,2.0,2.1,0.01,0.7000000000000002,5.0,3,494,0,6,0,0.5113802426966628,0.30382051480861716,success
65,2000,8,3,2.0,2.1,0.01,0.6300000000000001,5.0,3,493,0,7,0,0.4739864984084889,0.30108225097491453,success
66,2000,8,3,2.0,2.1,0.01,0.6400000000000001,5.0,3,493,0,7,0,0.4737014357738225,0.30133324357222024,success
68,2000,8,3,2.0,2.1,0.01,0.6600000000000001,5.0,3,494,0,6,0,0.5124844530326673,0.3039169493103357,success
80,2000,8,3,2.0,2.1,0.01,0.7800000000000002,5.0,3,496,0,4,0,0.627713045021774,0.3088305819412352,success
77,2000,8,3,2.0,2.1,0.01,0.7500000000000002,5.0,3,495,0,5,0,0.5606718797266059,0.30907032253712524,success
74,2000,8,3,2.0,2.1,0.01,0.7200000000000002,5.0,3,494,0,6,0,0.5106756046296249,0.3031280272095877,success
79,2000,8,3,2.0,2.1,0.01,0.7700000000000002,5.0,3,496,0,4,0,0.6277201109671741,0.30883457837056627,success
82,2000,8,3,2.0,2.1,0.01,0.8000000000000003,5.0,3,496,0,4,0,0.6271382867683064,0.30852749230650733,success
73,2000,8,3,2.0,2.1,0.01,0.7100000000000002,5.0,3,494,0,6,0,0.5111666996769827,0.30361277189431096,success
70,2000,8,3,2.0,2.1,0.01,0.6800000000000002,5.0,3,494,0,6,0,0.5124954181283424,0.30394151380952367,success
76,2000,8,3,2.0,2.1,0.01,0.7400000000000002,5.0,3,494,0,6,0,0.5097924795399913,0.30329029155359766,success
69,2000,8,3,2.0,2.1,0.01,0.6700000000000002,5.0,3,494,0,6,0,0.512335452284152,0.3037794932386215,success
75,2000,8,3,2.0,2.1,0.01,0.7300000000000002,5.0,3,494,0,6,0,0.5095952263282202,0.30309194077998414,success
67,2000,8,3,2.0,2.1,0.01,0.6500000000000001,5.0,3,494,0,6,0,0.5124858861371899,0.30391747903130373,success
81,2000,8,3,2.0,2.1,0.01,0.7900000000000003,5.0,3,496,0,4,0,0.6274030367608339,0.30865594017117903,success
71,2000,8,3,2.0,2.1,0.01,0.6900000000000002,5.0,3,494,0,6,0,0.5119010579320503,0.30332019546999944,success
83,2000,8,3,2.0,2.1,0.01,0.8100000000000003,5.0,3,496,0,4,0,0.6263659833993983,0.30809936423342626,success
84,2000,8,3,2.0,2.1,0.01,0.8200000000000003,5.0,3,496,0,4,0,0.6261198197823719,0.3079644128282221,success
85,2000,8,3,2.0,2.1,0.01,0.8300000000000003,5.0,3,496,0,4,0,0.6253940801916255,0.30765124538877064,success
88,2000,8,3,2.0,2.1,0.01,0.8600000000000003,5.0,3,497,0,3,0,0.7233111243048406,0.29156209920974285,success
86,2000,8,3,2.0,2.1,0.01,0.8400000000000003,5.0,3,496,0,4,0,0.6257279491840921,0.3079322987631599,success
89,2000,8,3,2.0,2.1,0.01,0.8700000000000003,5.0,3,497,0,3,0,0.7233925929061185,0.29157376849803535,success
91,2000,8,3,2.0,2.1,0.01,0.8900000000000003,5.0,3,497,0,3,0,0.7192419757722325,0.29107220897358366,success
93,2000,8,3,2.0,2.1,0.01,0.9100000000000004,5.0,3,497,0,3,0,0.7133162857407495,0.2988113314242427,success
90,2000,8,3,2.0,2.1,0.01,0.8800000000000003,5.0,3,497,0,3,0,0.7195426409594182,0.2911030951421815,success
87,2000,8,3,2.0,2.1,0.01,0.8500000000000003,5.0,3,497,0,3,0,0.7225609143579291,0.29133150379925066,success
96,2000,8,3,2.0,2.1,0.01,0.9400000000000004,5.0,3,497,0,3,0,0.7127457819757698,0.30098713928827847,success
95,2000,8,3,2.0,2.1,0.01,0.9300000000000004,5.0,3,497,0,3,0,0.7122250033688634,0.30083324328042516,success
94,2000,8,3,2.0,2.1,0.01,0.9200000000000004,5.0,3,497,0,3,0,0.7118333959099407,0.30078595941192715,success
92,2000,8,3,2.0,2.1,0.01,0.9000000000000004,5.0,3,497,0,3,0,0.7195191443333582,0.2911006479848437,success
97,2000,8,3,2.0,2.1,0.01,0.9500000000000004,5.0,3,497,0,3,0,0.7124192082850835,0.3009456710180871,success
98,2000,8,3,2.0,2.1,0.01,0.9600000000000004,5.0,3,497,0,3,0,0.7117987920422157,0.30086980486513953,success
99,2000,8,3,2.0,2.1,0.01,0.9700000000000004,5.0,3,497,0,3,0,0.7118559686976854,0.3008766391588486,success
100,2000,8,3,2.0,2.1,0.01,0.9800000000000004,5.0,3,497,0,3,0,0.7114700947443621,0.3008311605176954,success
101,2000,8,3,2.0,2.1,0.01,0.9900000000000004,5.0,3,497,0,3,0,0.7113756309478636,0.3008202524077668,success
102,2000,8,3,2.0,2.1,0.01,1.0000000000000004,5.0,3,497,0,3,0,0.7103343708571227,0.3007058860394679,success
105,2000,8,3,2.0,2.2,0.01,0.52,5.0,3,486,0,14,0,0.4388836468325718,0.22302550772095178,success
103,2000,8,3,2.0,2.2,0.01,0.5,5.0,3,486,0,14,0,0.440619854302536,0.22280368515700938,success
104,2000,8,3,2.0,2.2,0.01,0.51,5.0,3,486,0,14,0,0.4392652145395059,0.2231354009775793,success
106,2000,8,3,2.0,2.2,0.01,0.53,5.0,3,487,0,13,0,0.4351757743131158,0.23217714619958846,success
107,2000,8,3,2.0,2.2,0.01,0.54,5.0,3,487,0,13,0,0.4337914932638164,0.23129823071963979,success
108,2000,8,3,2.0,2.2,0.01,0.55,5.0,3,488,0,12,0,0.4343000257393546,0.24159259055736806,success
109,2000,8,3,2.0,2.2,0.01,0.56,5.0,3,488,0,12,0,0.4339575998176523,0.2417972300650545,success
110,2000,8,3,2.0,2.2,0.01,0.5700000000000001,5.0,3,489,0,11,0,0.4325371672270913,0.2539621277523738,success
111,2000,8,3,2.0,2.2,0.01,0.5800000000000001,5.0,3,489,0,11,0,0.43065781087851784,0.25458837109186927,success
112,2000,8,3,2.0,2.2,0.01,0.5900000000000001,5.0,3,490,0,10,0,0.45480874596261545,0.25434122404057824,success
113,2000,8,3,2.0,2.2,0.01,0.6000000000000001,5.0,3,491,0,9,0,0.46158399574424114,0.26852569647782437,success
116,2000,8,3,2.0,2.2,0.01,0.6300000000000001,5.0,3,493,0,7,0,0.487605772159835,0.2924373887308045,success
115,2000,8,3,2.0,2.2,0.01,0.6200000000000001,5.0,3,492,0,8,0,0.4704527294108923,0.27543469551555916,success
114,2000,8,3,2.0,2.2,0.01,0.6100000000000001,5.0,3,492,0,8,0,0.47068821552813306,0.2757287410721089,success
117,2000,8,3,2.0,2.2,0.01,0.6400000000000001,5.0,3,493,0,7,0,0.4872868934005795,0.2927633542504253,success
119,2000,8,3,2.0,2.2,0.01,0.6600000000000001,5.0,3,494,0,6,0,0.5316675731395294,0.2887480837726367,success
118,2000,8,3,2.0,2.2,0.01,0.6500000000000001,5.0,3,494,0,6,0,0.5316687114669287,0.288748871325393,success
120,2000,8,3,2.0,2.2,0.01,0.6700000000000002,5.0,3,495,0,5,0,0.5683093297314921,0.3068025557592766,success
121,2000,8,3,2.0,2.2,0.01,0.6800000000000002,5.0,3,495,0,5,0,0.5682933777900188,0.30679110259678755,success
122,2000,8,3,2.0,2.2,0.01,0.6900000000000002,5.0,3,495,0,5,0,0.5681142284129935,0.3068479401509139,success
126,2000,8,3,2.0,2.2,0.01,0.7300000000000002,5.0,3,495,0,5,0,0.5659257987798166,0.3062949134149645,success
127,2000,8,3,2.0,2.2,0.01,0.7400000000000002,5.0,3,495,0,5,0,0.565924824907373,0.30629421953816083,success
124,2000,8,3,2.0,2.2,0.01,0.7100000000000002,5.0,3,495,0,5,0,0.5667554062255304,0.3069576923545506,success
128,2000,8,3,2.0,2.2,0.01,0.7500000000000002,5.0,3,496,0,4,0,0.638559376155334,0.29802385812132137,success
125,2000,8,3,2.0,2.2,0.01,0.7200000000000002,5.0,3,495,0,5,0,0.5659289225792377,0.3062944249616159,success
123,2000,8,3,2.0,2.2,0.01,0.7000000000000002,5.0,3,495,0,5,0,0.5669235583793487,0.3070886515808381,success
130,2000,8,3,2.0,2.2,0.01,0.7700000000000002,5.0,3,496,0,4,0,0.63346693348031,0.30251516303349196,success
129,2000,8,3,2.0,2.2,0.01,0.7600000000000002,5.0,3,496,0,4,0,0.6335969813684663,0.3025831864649637,success
131,2000,8,3,2.0,2.2,0.01,0.7800000000000002,5.0,3,496,0,4,0,0.6334679369742757,0.3025157262335449,success
133,2000,8,3,2.0,2.2,0.01,0.8000000000000003,5.0,3,496,0,4,0,0.6333571829461703,0.3024548768791113,success
132,2000,8,3,2.0,2.2,0.01,0.7900000000000003,5.0,3,496,0,4,0,0.633594847673386,0.30258820032716865,success
134,2000,8,3,2.0,2.2,0.01,0.8100000000000003,5.0,3,496,0,4,0,0.6312431406750677,0.3030398908076706,success
135,2000,8,3,2.0,2.2,0.01,0.8200000000000003,5.0,3,496,0,4,0,0.6312343457162518,0.3030351082215685,success
136,2000,8,3,2.0,2.2,0.01,0.8300000000000003,5.0,3,496,0,4,0,0.6299378584354433,0.3023355530767263,success
137,2000,8,3,2.0,2.2,0.01,0.8400000000000003,5.0,3,496,0,4,0,0.6298711586908116,0.30230066257630905,success
138,2000,8,3,2.0,2.2,0.01,0.8500000000000003,5.0,3,497,0,3,0,0.7230403094866995,0.2913131227929322,success
139,2000,8,3,2.0,2.2,0.01,0.8600000000000003,5.0,3,497,0,3,0,0.723512153749987,0.29139686084071464,success
151,2000,8,3,2.0,2.2,0.01,0.9800000000000004,5.0,3,497,0,3,0,0.7123718721651308,0.3009299632273989,success
140,2000,8,3,2.0,2.2,0.01,0.8700000000000003,5.0,3,497,0,3,0,0.7234631113278485,0.29138984935558315,success
149,2000,8,3,2.0,2.2,0.01,0.9600000000000004,5.0,3,497,0,3,0,0.7118371304402665,0.30086291985129077,success
143,2000,8,3,2.0,2.2,0.01,0.9000000000000004,5.0,3,497,0,3,0,0.719800036579665,0.290949046206167,success
154,2000,8,3,2.0,2.3000000000000003,0.01,0.5,5.0,3,483,1,16,0,0.4507051951479163,0.20365554521019247,success
141,2000,8,3,2.0,2.2,0.01,0.8800000000000003,5.0,3,497,0,3,0,0.7196480001800046,0.2909199148804408,success
142,2000,8,3,2.0,2.2,0.01,0.8900000000000003,5.0,3,497,0,3,0,0.7199857046550414,0.29096868600503056,success
152,2000,8,3,2.0,2.2,0.01,0.9900000000000004,5.0,3,497,0,3,0,0.7115658557967929,0.3008325880218363,success
153,2000,8,3,2.0,2.2,0.01,1.0000000000000004,5.0,3,497,0,3,0,0.7114214764844675,0.30081582641156834,success
150,2000,8,3,2.0,2.2,0.01,0.9700000000000004,5.0,3,497,0,3,0,0.7118179046809648,0.30086234540343393,success
144,2000,8,3,2.0,2.2,0.01,0.9100000000000004,5.0,3,497,0,3,0,0.7144496209091974,0.29877615962314164,success
146,2000,8,3,2.0,2.2,0.01,0.9300000000000004,5.0,3,497,0,3,0,0.7129229760375354,0.30092127433179605,success
145,2000,8,3,2.0,2.2,0.01,0.9200000000000004,5.0,3,497,0,3,0,0.7129273078686343,0.3009218358638251,success
148,2000,8,3,2.0,2.2,0.01,0.9500000000000004,5.0,3,497,0,3,0,0.712720955554773,0.3009724017450164,success
147,2000,8,3,2.0,2.2,0.01,0.9400000000000004,5.0,3,497,0,3,0,0.7127741883106865,0.30097924316690483,success
156,2000,8,3,2.0,2.3000000000000003,0.01,0.52,5.0,3,483,1,16,0,0.446690144970719,0.20346656029209564,success
157,2000,8,3,2.0,2.3000000000000003,0.01,0.53,5.0,3,484,1,15,0,0.4426611358396794,0.2107080271023192,success
155,2000,8,3,2.0,2.3000000000000003,0.01,0.51,5.0,3,483,1,16,0,0.4471121436354505,0.20354261726864672,success
158,2000,8,3,2.0,2.3000000000000003,0.01,0.54,5.0,3,484,1,15,0,0.44051835367403874,0.21013400218635614,success
159,2000,8,3,2.0,2.3000000000000003,0.01,0.55,5.0,3,485,1,14,0,0.43670112181824944,0.21899033805785156,success
160,2000,8,3,2.0,2.3000000000000003,0.01,0.56,5.0,3,485,1,14,0,0.4366866174440012,0.21896383265367336,success
161,2000,8,3,2.0,2.3000000000000003,0.01,0.5700000000000001,5.0,3,485,1,14,0,0.4313855961945122,0.2215329194512725,success
162,2000,8,3,2.0,2.3000000000000003,0.01,0.5800000000000001,5.0,3,485,1,14,0,0.4246595759011375,0.22345897498192485,success
163,2000,8,3,2.0,2.3000000000000003,0.01,0.5900000000000001,5.0,3,486,1,13,0,0.44265072502847624,0.2214866159979667,success
164,2000,8,3,2.0,2.3000000000000003,0.01,0.6000000000000001,5.0,3,487,1,12,0,0.44587527971290225,0.23070604578217424,success
165,2000,8,3,2.0,2.3000000000000003,0.01,0.6100000000000001,5.0,3,489,1,10,0,0.4543599903065358,0.24641745464415968,success
166,2000,8,3,2.0,2.3000000000000003,0.01,0.6200000000000001,5.0,3,489,1,10,0,0.4532690822845812,0.24679173507694036,success
167,2000,8,3,2.0,2.3000000000000003,0.01,0.6300000000000001,5.0,3,490,1,9,0,0.4583443109456684,0.26122219385657236,success
168,2000,8,3,2.0,2.3000000000000003,0.01,0.6400000000000001,5.0,3,490,1,9,0,0.45804463743332985,0.26081926681157686,success
172,2000,8,3,2.0,2.3000000000000003,0.01,0.6800000000000002,5.0,3,492,1,7,0,0.49743842675091915,0.28289384482641705,success
169,2000,8,3,2.0,2.3000000000000003,0.01,0.6500000000000001,5.0,3,491,1,8,0,0.4810342972857829,0.2652313048677747,success
171,2000,8,3,2.0,2.3000000000000003,0.01,0.6700000000000002,5.0,3,492,1,7,0,0.4974383937297651,0.282893806439552,success
170,2000,8,3,2.0,2.3000000000000003,0.01,0.6600000000000001,5.0,3,491,1,8,0,0.4809709420020943,0.26515099668988107,success
174,2000,8,3,2.0,2.3000000000000003,0.01,0.7000000000000002,5.0,3,492,1,7,0,0.49709225768103493,0.2834231646996286,success
180,2000,8,3,2.0,2.3000000000000003,0.01,0.7600000000000002,5.0,3,494,1,5,0,0.5828788577164349,0.28914896722194794,success
179,2000,8,3,2.0,2.3000000000000003,0.01,0.7500000000000002,5.0,3,494,1,5,0,0.5869539707563456,0.2865257315950708,success
173,2000,8,3,2.0,2.3000000000000003,0.01,0.6900000000000002,5.0,3,492,1,7,0,0.49738362365869454,0.28292196336897774,success
176,2000,8,3,2.0,2.3000000000000003,0.01,0.7200000000000002,5.0,3,492,1,7,0,0.4936040911681324,0.2845512848153126,success
191,2000,8,3,2.0,2.3000000000000003,0.01,0.8700000000000003,5.0,3,495,1,4,0,0.6324543386462694,0.29997741869158273,success
181,2000,8,3,2.0,2.3000000000000003,0.01,0.7700000000000002,5.0,3,494,1,5,0,0.5828203854931304,0.2892057643416904,success
182,2000,8,3,2.0,2.3000000000000003,0.01,0.7800000000000002,5.0,3,494,1,5,0,0.5828018799021888,0.28922390334149006,success
188,2000,8,3,2.0,2.3000000000000003,0.01,0.8400000000000003,5.0,3,494,1,5,0,0.5766104537788035,0.2877976836252409,success
183,2000,8,3,2.0,2.3000000000000003,0.01,0.7900000000000003,5.0,3,494,1,5,0,0.5809669044195729,0.28776159361995934,success
186,2000,8,3,2.0,2.3000000000000003,0.01,0.8200000000000003,5.0,3,494,1,5,0,0.5786734534317896,0.28776818373385854,success
190,2000,8,3,2.0,2.3000000000000003,0.01,0.8600000000000003,5.0,3,495,1,4,0,0.6324700308501463,0.2999857664658112,success
185,2000,8,3,2.0,2.3000000000000003,0.01,0.8100000000000003,5.0,3,494,1,5,0,0.578662079984001,0.2877583867200275,success
175,2000,8,3,2.0,2.3000000000000003,0.01,0.7100000000000002,5.0,3,492,1,7,0,0.49633933638751004,0.2826748635309724,success
187,2000,8,3,2.0,2.3000000000000003,0.01,0.8300000000000003,5.0,3,494,1,5,0,0.5774989331204778,0.2869639371290149,success
184,2000,8,3,2.0,2.3000000000000003,0.01,0.8000000000000003,5.0,3,494,1,5,0,0.5802470833579092,0.2880780414263422,success
192,2000,8,3,2.0,2.3000000000000003,0.01,0.8800000000000003,5.0,3,495,1,4,0,0.6292412075671785,0.2983323627386601,success
178,2000,8,3,2.0,2.3000000000000003,0.01,0.7400000000000002,5.0,3,493,1,6,0,0.5349442076555516,0.287375254838825,success
177,2000,8,3,2.0,2.3000000000000003,0.01,0.7300000000000002,5.0,3,492,1,7,0,0.4929743599608201,0.2848697812376775,success
189,2000,8,3,2.0,2.3000000000000003,0.01,0.8500000000000003,5.0,3,495,1,4,0,0.6327578984115638,0.2990677084614803,success
193,2000,8,3,2.0,2.3000000000000003,0.01,0.8900000000000003,5.0,3,495,1,4,0,0.629570447697619,0.2985035243279981,success
194,2000,8,3,2.0,2.3000000000000003,0.01,0.9000000000000004,5.0,3,495,1,4,0,0.6296069997334441,0.2985227401506825,success
195,2000,8,3,2.0,2.3000000000000003,0.01,0.9100000000000004,5.0,3,495,1,4,0,0.6253522959021492,0.30192296787674505,success
196,2000,8,3,2.0,2.3000000000000003,0.01,0.9200000000000004,5.0,3,495,1,4,0,0.6236338343353811,0.30372076357888184,success
197,2000,8,3,2.0,2.3000000000000003,0.01,0.9300000000000004,5.0,3,495,1,4,0,0.6235859889154305,0.3037702961073633,success
206,2000,8,3,2.0,2.4000000000000004,0.01,0.51,5.0,3,480,1,19,0,0.5090831721393116,0.21380768550959664,success
198,2000,8,3,2.0,2.3000000000000003,0.01,0.9400000000000004,5.0,3,495,1,4,0,0.6237985269032612,0.3039388865879275,success
205,2000,8,3,2.0,2.4000000000000004,0.01,0.5,5.0,3,480,1,19,0,0.5120088412470362,0.21313815501121267,success
208,2000,8,3,2.0,2.4000000000000004,0.01,0.53,5.0,3,482,1,17,0,0.5036510685811875,0.225785985715233,success
209,2000,8,3,2.0,2.4000000000000004,0.01,0.54,5.0,3,484,1,15,0,0.4718434680078794,0.19881859734636328,success
201,2000,8,3,2.0,2.3000000000000003,0.01,0.9700000000000004,5.0,3,495,1,4,0,0.6228662513692254,0.3045643579535815,success
207,2000,8,3,2.0,2.4000000000000004,0.01,0.52,5.0,3,480,1,19,0,0.5089803991803293,0.2138712461494332,success
199,2000,8,3,2.0,2.3000000000000003,0.01,0.9500000000000004,5.0,3,495,1,4,0,0.6237856610333773,0.3039324985352276,success
210,2000,8,3,2.0,2.4000000000000004,0.01,0.55,5.0,3,485,1,14,0,0.46931605386561304,0.20632682650008716,success
211,2000,8,3,2.0,2.4000000000000004,0.01,0.56,5.0,3,485,1,14,0,0.4693035032149173,0.20631014668808678,success
200,2000,8,3,2.0,2.3000000000000003,0.01,0.9600000000000004,5.0,3,495,1,4,0,0.622868066721868,0.3045652788752926,success
212,2000,8,3,2.0,2.4000000000000004,0.01,0.5700000000000001,5.0,3,485,1,14,0,0.4640180079308528,0.2100181343058434,success
202,2000,8,3,2.0,2.3000000000000003,0.01,0.9800000000000004,5.0,3,495,1,4,0,0.622825609815576,0.3045437512574789,success
214,2000,8,3,2.0,2.4000000000000004,0.01,0.5900000000000001,5.0,3,485,1,14,0,0.4512513430473958,0.21718905008635256,success
203,2000,8,3,2.0,2.3000000000000003,0.01,0.9900000000000004,5.0,3,495,1,4,0,0.6221286705909413,0.30419354092949047,success
213,2000,8,3,2.0,2.4000000000000004,0.01,0.5800000000000001,5.0,3,485,1,14,0,0.4575963858301183,0.2129164042818164,success
204,2000,8,3,2.0,2.3000000000000003,0.01,1.0000000000000004,5.0,3,495,1,4,0,0.6222346208543321,0.3042463950826406,success
216,2000,8,3,2.0,2.4000000000000004,0.01,0.6100000000000001,5.0,3,488,1,11,0,0.46203895714586507,0.23933163905263227,success
215,2000,8,3,2.0,2.4000000000000004,0.01,0.6000000000000001,5.0,3,486,1,13,0,0.45357506857508234,0.22546077447193766,success
218,2000,8,3,2.0,2.4000000000000004,0.01,0.6300000000000001,5.0,3,488,1,11,0,0.4599495439929106,0.23893544487053048,success
217,2000,8,3,2.0,2.4000000000000004,0.01,0.6200000000000001,5.0,3,488,1,11,0,0.46176222211951484,0.23908297286420285,success
219,2000,8,3,2.0,2.4000000000000004,0.01,0.6400000000000001,5.0,3,488,1,11,0,0.45994774123973686,0.23893382889798281,success
221,2000,8,3,2.0,2.4000000000000004,0.01,0.6600000000000001,5.0,3,489,1,10,0,0.4676594537749595,0.24443209607016403,success
220,2000,8,3,2.0,2.4000000000000004,0.01,0.6500000000000001,5.0,3,489,1,10,0,0.46793666357905506,0.24482001937550413,success
222,2000,8,3,2.0,2.4000000000000004,0.01,0.6700000000000002,5.0,3,490,1,9,0,0.47261700665836887,0.2592342758342553,success
223,2000,8,3,2.0,2.4000000000000004,0.01,0.6800000000000002,5.0,3,490,1,9,0,0.4726169554685853,0.25923423319523664,success
224,2000,8,3,2.0,2.4000000000000004,0.01,0.6900000000000002,5.0,3,490,1,9,0,0.47203949935307715,0.2588418089656559,success
226,2000,8,3,2.0,2.4000000000000004,0.01,0.7100000000000002,5.0,3,490,1,9,0,0.47149727744222436,0.2591766829657328,success
225,2000,8,3,2.0,2.4000000000000004,0.01,0.7000000000000002,5.0,3,490,1,9,0,0.4716096122866311,0.2592358490695804,success
227,2000,8,3,2.0,2.4000000000000004,0.01,0.7200000000000002,5.0,3,490,1,9,0,0.46883995597203904,0.2597140231299953,success
228,2000,8,3,2.0,2.4000000000000004,0.01,0.7300000000000002,5.0,3,490,1,9,0,0.46822634400101065,0.25981873265833383,success
229,2000,8,3,2.0,2.4000000000000004,0.01,0.7400000000000002,5.0,3,491,1,8,0,0.495157492953626,0.26409222742592925,success
230,2000,8,3,2.0,2.4000000000000004,0.01,0.7500000000000002,5.0,3,492,1,7,0,0.5229321842476488,0.26823099651477916,success
231,2000,8,3,2.0,2.4000000000000004,0.01,0.7600000000000002,5.0,3,492,1,7,0,0.5222269845457773,0.2686962726608174,success
232,2000,8,3,2.0,2.4000000000000004,0.01,0.7700000000000002,5.0,3,492,1,7,0,0.5222248941858681,0.2686969155072311,success
256,2000,8,3,2.0,2.5000000000000004,0.01,0.5,5.0,3,473,3,24,0,0.5703272652886255,0.2756113806222804,success
234,2000,8,3,2.0,2.4000000000000004,0.01,0.7900000000000003,5.0,3,493,1,6,0,0.572103301542869,0.25088797291958415,success
233,2000,8,3,2.0,2.4000000000000004,0.01,0.7800000000000002,5.0,3,493,1,6,0,0.5742588407222065,0.2527731489327213,success
235,2000,8,3,2.0,2.4000000000000004,0.01,0.8000000000000003,5.0,3,493,1,6,0,0.572082800062038,0.25090366718447044,success
236,2000,8,3,2.0,2.4000000000000004,0.01,0.8100000000000003,5.0,3,493,1,6,0,0.5721048566214735,0.2513463376681559,success
247,2000,8,3,2.0,2.4000000000000004,0.01,0.9200000000000004,5.0,3,494,1,5,0,0.5802533713468796,0.29022976021031116,success
243,2000,8,3,2.0,2.4000000000000004,0.01,0.8800000000000003,5.0,3,494,1,5,0,0.6124673452773659,0.25783853757361314,success
252,2000,8,3,2.0,2.4000000000000004,0.01,0.9700000000000004,5.0,3,494,1,5,0,0.5799755326978021,0.29002738000082395,success
251,2000,8,3,2.0,2.4000000000000004,0.01,0.9600000000000004,5.0,3,494,1,5,0,0.5799179246115129,0.28998406993412784,success
244,2000,8,3,2.0,2.4000000000000004,0.01,0.8900000000000003,5.0,3,494,1,5,0,0.6124584544920385,0.25783230808915236,success
237,2000,8,3,2.0,2.4000000000000004,0.01,0.8200000000000003,5.0,3,493,1,6,0,0.5721049444088897,0.2513466053874053,success
248,2000,8,3,2.0,2.4000000000000004,0.01,0.9300000000000004,5.0,3,494,1,5,0,0.5802584498665733,0.2902336017843478,success
246,2000,8,3,2.0,2.4000000000000004,0.01,0.9100000000000004,5.0,3,494,1,5,0,0.5811091849188741,0.2895711528375312,success
249,2000,8,3,2.0,2.4000000000000004,0.01,0.9400000000000004,5.0,3,494,1,5,0,0.5802068357431982,0.290194577480282,success
250,2000,8,3,2.0,2.4000000000000004,0.01,0.9500000000000004,5.0,3,494,1,5,0,0.5802073166102536,0.2901949442751302,success
245,2000,8,3,2.0,2.4000000000000004,0.01,0.9000000000000004,5.0,3,494,1,5,0,0.6125514660102216,0.2578975520710554,success
242,2000,8,3,2.0,2.4000000000000004,0.01,0.8700000000000003,5.0,3,494,1,5,0,0.6111618216369676,0.2569283321351164,success
239,2000,8,3,2.0,2.4000000000000004,0.01,0.8400000000000003,5.0,3,493,1,6,0,0.5724306809540113,0.25179561834598685,success
253,2000,8,3,2.0,2.4000000000000004,0.01,0.9800000000000004,5.0,3,495,1,4,0,0.6505614202614417,0.28098568862064205,success
241,2000,8,3,2.0,2.4000000000000004,0.01,0.8600000000000003,5.0,3,494,1,5,0,0.6112026174359204,0.25694589744144436,success
238,2000,8,3,2.0,2.4000000000000004,0.01,0.8300000000000003,5.0,3,493,1,6,0,0.571924685276065,0.251287029095516,success
240,2000,8,3,2.0,2.4000000000000004,0.01,0.8500000000000003,5.0,3,494,1,5,0,0.613197358393885,0.2583318606271147,success
255,2000,8,3,2.0,2.4000000000000004,0.01,1.0000000000000004,5.0,3,495,1,4,0,0.649721842796509,0.2805760874929173,success
254,2000,8,3,2.0,2.4000000000000004,0.01,0.9900000000000004,5.0,3,495,1,4,0,0.6497269995781418,0.2805785741306195,success
257,2000,8,3,2.0,2.5000000000000004,0.01,0.51,5.0,3,473,3,24,0,0.5676103315663703,0.27611158247998685,success
258,2000,8,3,2.0,2.5000000000000004,0.01,0.52,5.0,3,473,3,24,0,0.5675550976299636,0.2761585299121131,success
259,2000,8,3,2.0,2.5000000000000004,0.01,0.53,5.0,3,475,3,22,0,0.5630075889000661,0.2893838985490884,success
260,2000,8,3,2.0,2.5000000000000004,0.01,0.54,5.0,3,476,3,21,0,0.5670861425885803,0.29597231343338654,success
261,2000,8,3,2.0,2.5000000000000004,0.01,0.55,5.0,3,477,3,20,0,0.5696476946841418,0.3038103827098348,success
262,2000,8,3,2.0,2.5000000000000004,0.01,0.56,5.0,3,477,3,20,0,0.569647382242452,0.303810475922167,success
264,2000,8,3,2.0,2.5000000000000004,0.01,0.5800000000000001,5.0,3,478,3,19,0,0.5927270799222605,0.2878074731298613,success
263,2000,8,3,2.0,2.5000000000000004,0.01,0.5700000000000001,5.0,3,477,3,20,0,0.5660273241559152,0.3067790062609808,success
266,2000,8,3,2.0,2.5000000000000004,0.01,0.6000000000000001,5.0,3,479,2,19,0,0.588629907683645,0.2916941920470796,success
265,2000,8,3,2.0,2.5000000000000004,0.01,0.5900000000000001,5.0,3,479,2,19,0,0.5878870406732849,0.2923887230599757,success
267,2000,8,3,2.0,2.5000000000000004,0.01,0.6100000000000001,5.0,3,480,2,18,0,0.6017741891848996,0.29398095202952335,success
268,2000,8,3,2.0,2.5000000000000004,0.01,0.6200000000000001,5.0,3,480,2,18,0,0.6019465269451848,0.29420105834366334,success
269,2000,8,3,2.0,2.5000000000000004,0.01,0.6300000000000001,5.0,3,480,2,18,0,0.5990688252211354,0.29561011548612837,success
270,2000,8,3,2.0,2.5000000000000004,0.01,0.6400000000000001,5.0,3,480,2,18,0,0.5969249859966718,0.2966057928532203,success
271,2000,8,3,2.0,2.5000000000000004,0.01,0.6500000000000001,5.0,3,481,2,17,0,0.6097685244304574,0.29799882128628746,success
272,2000,8,3,2.0,2.5000000000000004,0.01,0.6600000000000001,5.0,3,481,2,17,0,0.6097683784114535,0.2979989180801135,success
274,2000,8,3,2.0,2.5000000000000004,0.01,0.6800000000000002,5.0,3,482,2,16,0,0.619478961765676,0.3052426034215379,success
273,2000,8,3,2.0,2.5000000000000004,0.01,0.6700000000000002,5.0,3,482,2,16,0,0.6194789894503656,0.3052425806659348,success
275,2000,8,3,2.0,2.5000000000000004,0.01,0.6900000000000002,5.0,3,482,2,16,0,0.6193729885621602,0.3053306340712673,success
276,2000,8,3,2.0,2.5000000000000004,0.01,0.7000000000000002,5.0,3,483,2,15,0,0.6270960977490152,0.3146190991447339,success
278,2000,8,3,2.0,2.5000000000000004,0.01,0.7200000000000002,5.0,3,483,2,15,0,0.6192976985041846,0.3193485394408994,success
277,2000,8,3,2.0,2.5000000000000004,0.01,0.7100000000000002,5.0,3,483,2,15,0,0.6222449190127559,0.31915754875951174,success
279,2000,8,3,2.0,2.5000000000000004,0.01,0.7300000000000002,5.0,3,484,2,14,0,0.5916337454884254,0.3130483948641324,success
280,2000,8,3,2.0,2.5000000000000004,0.01,0.7400000000000002,5.0,3,485,2,13,0,0.611819242316592,0.3082059803722462,success
282,2000,8,3,2.0,2.5000000000000004,0.01,0.7600000000000002,5.0,3,486,2,12,0,0.6287277462699433,0.3061429403599706,success
281,2000,8,3,2.0,2.5000000000000004,0.01,0.7500000000000002,5.0,3,486,2,12,0,0.6291105066658228,0.3057993680782915,success
283,2000,8,3,2.0,2.5000000000000004,0.01,0.7700000000000002,5.0,3,486,2,12,0,0.6287269090373498,0.3061437135154243,success
284,2000,8,3,2.0,2.5000000000000004,0.01,0.7800000000000002,5.0,3,487,2,11,0,0.6667910766041394,0.289777735800065,success
285,2000,8,3,2.0,2.5000000000000004,0.01,0.7900000000000003,5.0,3,488,2,10,0,0.7017636836870416,0.2788741943397707,success
286,2000,8,3,2.0,2.5000000000000004,0.01,0.8000000000000003,5.0,3,488,2,10,0,0.70175672664625,0.2788834037350127,success
287,2000,8,3,2.0,2.5000000000000004,0.01,0.8100000000000003,5.0,3,488,2,10,0,0.6914490394519129,0.28732772834625303,success
288,2000,8,3,2.0,2.5000000000000004,0.01,0.8200000000000003,5.0,3,488,2,10,0,0.6914492463923153,0.28732780651275974,success
289,2000,8,3,2.0,2.5000000000000004,0.01,0.8300000000000003,5.0,3,488,2,10,0,0.6893510057617153,0.2892651532592305,success
290,2000,8,3,2.0,2.5000000000000004,0.01,0.8400000000000003,5.0,3,488,2,10,0,0.6893457903580833,0.28927089912685006,success
291,2000,8,3,2.0,2.5000000000000004,0.01,0.8500000000000003,5.0,3,489,2,9,0,0.7240271918159629,0.2837723845924709,success
292,2000,8,3,2.0,2.5000000000000004,0.01,0.8600000000000003,5.0,3,489,2,9,0,0.7240271877828508,0.283772383739614,success
307,2000,8,3,2.0,2.6000000000000005,0.01,0.5,5.0,3,470,4,26,0,0.591579225603205,0.2384482875454061,success
308,2000,8,3,2.0,2.6000000000000005,0.01,0.51,5.0,3,470,4,26,0,0.5903556258662813,0.2386741774458069,success
309,2000,8,3,2.0,2.6000000000000005,0.01,0.52,5.0,3,470,4,26,0,0.590296753587375,0.23874153272476686,success
310,2000,8,3,2.0,2.6000000000000005,0.01,0.53,5.0,3,472,4,24,0,0.5827559444220597,0.24931720277952973,success
311,2000,8,3,2.0,2.6000000000000005,0.01,0.54,5.0,3,473,4,23,0,0.586786282443409,0.2540173716706048,success
293,2000,8,3,2.0,2.5000000000000004,0.01,0.8700000000000003,5.0,3,489,2,9,0,0.7240270386880479,0.2837725249337037,success
294,2000,8,3,2.0,2.5000000000000004,0.01,0.8800000000000003,5.0,3,489,2,9,0,0.7240204709678733,0.2837711000257783,success
313,2000,8,3,2.0,2.6000000000000005,0.01,0.56,5.0,3,475,4,21,0,0.5968873297251778,0.2638225147474909,success
312,2000,8,3,2.0,2.6000000000000005,0.01,0.55,5.0,3,474,4,22,0,0.5898290938657555,0.2595841962080167,success
314,2000,8,3,2.0,2.6000000000000005,0.01,0.5700000000000001,5.0,3,475,4,21,0,0.5961232119668602,0.2644936125369696,success
295,2000,8,3,2.0,2.5000000000000004,0.01,0.8900000000000003,5.0,3,489,2,9,0,0.7239214278317746,0.2837497625034216,success
296,2000,8,3,2.0,2.5000000000000004,0.01,0.9000000000000004,5.0,3,490,2,8,0,0.7632677621299779,0.27584823862366215,success
315,2000,8,3,2.0,2.6000000000000005,0.01,0.5800000000000001,5.0,3,475,4,21,0,0.5899661559293796,0.2670124714121452,success
316,2000,8,3,2.0,2.6000000000000005,0.01,0.5900000000000001,5.0,3,476,3,21,0,0.5896617434833532,0.26731090467235874,success
302,2000,8,3,2.0,2.5000000000000004,0.01,0.9600000000000004,5.0,3,490,2,8,0,0.7414496985755057,0.3075664832925546,success
297,2000,8,3,2.0,2.5000000000000004,0.01,0.9100000000000004,5.0,3,490,2,8,0,0.7419756561636889,0.30687872849602066,success
300,2000,8,3,2.0,2.5000000000000004,0.01,0.9400000000000004,5.0,3,490,2,8,0,0.7415291652743092,0.3074458634014459,success
299,2000,8,3,2.0,2.5000000000000004,0.01,0.9300000000000004,5.0,3,490,2,8,0,0.7415291653378993,0.3074458620017669,success
301,2000,8,3,2.0,2.5000000000000004,0.01,0.9500000000000004,5.0,3,490,2,8,0,0.7415243391052542,0.30744522913899414,success
317,2000,8,3,2.0,2.6000000000000005,0.01,0.6000000000000001,5.0,3,476,3,21,0,0.5896616286749375,0.2673109502859213,success
305,2000,8,3,2.0,2.5000000000000004,0.01,0.9900000000000004,5.0,3,491,2,7,0,0.8038232089516717,0.27131818863477897,success
303,2000,8,3,2.0,2.5000000000000004,0.01,0.9700000000000004,5.0,3,490,2,8,0,0.741443612208421,0.30756566066904584,success
298,2000,8,3,2.0,2.5000000000000004,0.01,0.9200000000000004,5.0,3,490,2,8,0,0.7415291657357883,0.3074458615665657,success
304,2000,8,3,2.0,2.5000000000000004,0.01,0.9800000000000004,5.0,3,491,2,7,0,0.8038275040550162,0.2713175287714492,success
306,2000,8,3,2.0,2.5000000000000004,0.01,1.0000000000000004,5.0,3,491,2,7,0,0.8036906952599726,0.27133480878747346,success
319,2000,8,3,2.0,2.6000000000000005,0.01,0.6200000000000001,5.0,3,477,3,20,0,0.6017820955015029,0.2682516112151305,success
318,2000,8,3,2.0,2.6000000000000005,0.01,0.6100000000000001,5.0,3,477,3,20,0,0.6018502351091876,0.26819835699663414,success
320,2000,8,3,2.0,2.6000000000000005,0.01,0.6300000000000001,5.0,3,477,3,20,0,0.5996988394569609,0.2694111331632136,success
321,2000,8,3,2.0,2.6000000000000005,0.01,0.6400000000000001,5.0,3,477,3,20,0,0.598409046992473,0.27051603221066456,success
323,2000,8,3,2.0,2.6000000000000005,0.01,0.6600000000000001,5.0,3,478,3,19,0,0.603994692188235,0.2751550951001833,success
322,2000,8,3,2.0,2.6000000000000005,0.01,0.6500000000000001,5.0,3,478,3,19,0,0.6040140626595741,0.2751363147984618,success
324,2000,8,3,2.0,2.6000000000000005,0.01,0.6700000000000002,5.0,3,479,3,18,0,0.6112739740614939,0.2814940218090502,success
325,2000,8,3,2.0,2.6000000000000005,0.01,0.6800000000000002,5.0,3,479,3,18,0,0.6112737764722511,0.2814942405427945,success
326,2000,8,3,2.0,2.6000000000000005,0.01,0.6900000000000002,5.0,3,479,3,18,0,0.6112652756476026,0.2815031396561106,success
327,2000,8,3,2.0,2.6000000000000005,0.01,0.7000000000000002,5.0,3,480,3,17,0,0.6160905006273625,0.2904157944335109,success
328,2000,8,3,2.0,2.6000000000000005,0.01,0.7100000000000002,5.0,3,480,3,17,0,0.6110008287110955,0.2949307441103061,success
329,2000,8,3,2.0,2.6000000000000005,0.01,0.7200000000000002,5.0,3,480,3,17,0,0.6102300049118342,0.29530103547748415,success
330,2000,8,3,2.0,2.6000000000000005,0.01,0.7300000000000002,5.0,3,481,3,16,0,0.5858095640112218,0.2868621748857348,success
331,2000,8,3,2.0,2.6000000000000005,0.01,0.7400000000000002,5.0,3,481,3,16,0,0.5810149792890291,0.2850251475851036,success
332,2000,8,3,2.0,2.6000000000000005,0.01,0.7500000000000002,5.0,3,483,3,14,0,0.6089431666872184,0.2860271476662757,success
333,2000,8,3,2.0,2.6000000000000005,0.01,0.7600000000000002,5.0,3,483,3,14,0,0.6078468216620313,0.28675590353895286,success
334,2000,8,3,2.0,2.6000000000000005,0.01,0.7700000000000002,5.0,3,483,3,14,0,0.6078459028242679,0.28675643537296003,success
335,2000,8,3,2.0,2.6000000000000005,0.01,0.7800000000000002,5.0,3,483,3,14,0,0.6077905553409791,0.2867908114430838,success
336,2000,8,3,2.0,2.6000000000000005,0.01,0.7900000000000003,5.0,3,484,3,13,0,0.629829417860393,0.2847879033066698,success
337,2000,8,3,2.0,2.6000000000000005,0.01,0.8000000000000003,5.0,3,484,3,13,0,0.628129374125156,0.2859620139956103,success
338,2000,8,3,2.0,2.6000000000000005,0.01,0.8100000000000003,5.0,3,484,3,13,0,0.6199593983700804,0.2900823767849415,success
339,2000,8,3,2.0,2.6000000000000005,0.01,0.8200000000000003,5.0,3,484,3,13,0,0.6199592612442875,0.2900822799740436,success
340,2000,8,3,2.0,2.6000000000000005,0.01,0.8300000000000003,5.0,3,484,3,13,0,0.6178064949820907,0.2915637058974794,success
341,2000,8,3,2.0,2.6000000000000005,0.01,0.8400000000000003,5.0,3,485,3,12,0,0.643450869836849,0.28857364530884083,success
342,2000,8,3,2.0,2.6000000000000005,0.01,0.8500000000000003,5.0,3,486,3,11,0,0.6740978829844926,0.28107514924472377,success
343,2000,8,3,2.0,2.6000000000000005,0.01,0.8600000000000003,5.0,3,486,3,11,0,0.6548357545001907,0.3033433231230648,success
344,2000,8,3,2.0,2.6000000000000005,0.01,0.8700000000000003,5.0,3,486,3,11,0,0.6548352038230525,0.3033430763656014,success
345,2000,8,3,2.0,2.6000000000000005,0.01,0.8800000000000003,5.0,3,486,3,11,0,0.654834976693249,0.30334325134014667,success
346,2000,8,3,2.0,2.6000000000000005,0.01,0.8900000000000003,5.0,3,486,3,11,0,0.6546542961673929,0.30326269923767774,success
347,2000,8,3,2.0,2.6000000000000005,0.01,0.9000000000000004,5.0,3,487,3,10,0,0.6787991186528581,0.3082774262637672,success
348,2000,8,3,2.0,2.6000000000000005,0.01,0.9100000000000004,5.0,3,487,3,10,0,0.6622278477143989,0.3236037160118223,success
349,2000,8,3,2.0,2.6000000000000005,0.01,0.9200000000000004,5.0,3,487,3,10,0,0.6615813956316443,0.3241628669637681,success
350,2000,8,3,2.0,2.6000000000000005,0.01,0.9300000000000004,5.0,3,487,3,10,0,0.6615802989934424,0.3241624287372568,success
351,2000,8,3,2.0,2.6000000000000005,0.01,0.9400000000000004,5.0,3,487,3,10,0,0.6584928879696176,0.32402211441947826,success
352,2000,8,3,2.0,2.6000000000000005,0.01,0.9500000000000004,5.0,3,487,3,10,0,0.6581970275387415,0.32433780275082597,success
359,2000,8,3,2.0,2.7000000000000006,0.01,0.51,5.0,3,459,8,33,0,0.7295235717525433,0.2578437207122055,success
358,2000,8,3,2.0,2.7000000000000006,0.01,0.5,5.0,3,459,8,33,0,0.7326492160411157,0.2567866903862324,success
360,2000,8,3,2.0,2.7000000000000006,0.01,0.52,5.0,3,460,8,32,0,0.7227949061000619,0.2609045520125348,success
361,2000,8,3,2.0,2.7000000000000006,0.01,0.53,5.0,3,462,8,30,0,0.7237363706457342,0.27199284230876647,success
362,2000,8,3,2.0,2.7000000000000006,0.01,0.54,5.0,3,463,8,29,0,0.7318582423312068,0.2729834192062202,success
363,2000,8,3,2.0,2.7000000000000006,0.01,0.55,5.0,3,464,8,28,0,0.7394150089992078,0.27489839909935393,success
353,2000,8,3,2.0,2.6000000000000005,0.01,0.9600000000000004,5.0,3,487,3,10,0,0.6582064293970138,0.32434095186587286,success
364,2000,8,3,2.0,2.7000000000000006,0.01,0.56,5.0,3,465,8,27,0,0.7296730712797578,0.2753883992357758,success
366,2000,8,3,2.0,2.7000000000000006,0.01,0.5800000000000001,5.0,3,465,8,27,0,0.7261033108345774,0.2792799275042914,success
365,2000,8,3,2.0,2.7000000000000006,0.01,0.5700000000000001,5.0,3,465,8,27,0,0.7294804776377267,0.2768982300598762,success
367,2000,8,3,2.0,2.7000000000000006,0.01,0.5900000000000001,5.0,3,466,7,27,0,0.7261033108345774,0.2792799275042914,success
354,2000,8,3,2.0,2.6000000000000005,0.01,0.9700000000000004,5.0,3,487,3,10,0,0.6581672250761177,0.3243278419271527,success
368,2000,8,3,2.0,2.7000000000000006,0.01,0.6000000000000001,5.0,3,466,7,27,0,0.7261033108345774,0.2792799275042914,success
356,2000,8,3,2.0,2.6000000000000005,0.01,0.9900000000000004,5.0,3,488,3,9,0,0.6943561390019591,0.3220193313284405,success
369,2000,8,3,2.0,2.7000000000000006,0.01,0.6100000000000001,5.0,3,466,6,28,0,0.7192708530364259,0.27604747554776116,success
355,2000,8,3,2.0,2.6000000000000005,0.01,0.9800000000000004,5.0,3,488,3,9,0,0.6944239832759911,0.3220326669831191,success
370,2000,8,3,2.0,2.7000000000000006,0.01,0.6200000000000001,5.0,3,466,6,28,0,0.7192021350869887,0.27612717323849006,success
371,2000,8,3,2.0,2.7000000000000006,0.01,0.6300000000000001,5.0,3,466,6,28,0,0.7189096865374724,0.276470451584937,success
357,2000,8,3,2.0,2.6000000000000005,0.01,1.0000000000000004,5.0,3,488,3,9,0,0.694063836674356,0.3219570686056921,success
372,2000,8,3,2.0,2.7000000000000006,0.01,0.6400000000000001,5.0,3,466,6,28,0,0.7184111041909704,0.27712308366412236,success
373,2000,8,3,2.0,2.7000000000000006,0.01,0.6500000000000001,5.0,3,468,6,26,0,0.7284388636470699,0.28059359162197034,success
374,2000,8,3,2.0,2.7000000000000006,0.01,0.6600000000000001,5.0,3,468,6,26,0,0.7284388636470699,0.28059359162197034,success
375,2000,8,3,2.0,2.7000000000000006,0.01,0.6700000000000002,5.0,3,469,6,25,0,0.7401156004951223,0.27985817812583225,success
376,2000,8,3,2.0,2.7000000000000006,0.01,0.6800000000000002,5.0,3,469,6,25,0,0.7401156004951223,0.27985817812583225,success
377,2000,8,3,2.0,2.7000000000000006,0.01,0.6900000000000002,5.0,3,469,6,25,0,0.7400978307039188,0.279881693617423,success
378,2000,8,3,2.0,2.7000000000000006,0.01,0.7000000000000002,5.0,3,469,6,25,0,0.7390530208285733,0.2813283187630157,success
379,2000,8,3,2.0,2.7000000000000006,0.01,0.7100000000000002,5.0,3,469,6,25,0,0.7388377711724816,0.2813588730157084,success
380,2000,8,3,2.0,2.7000000000000006,0.01,0.7200000000000002,5.0,3,469,6,25,0,0.7323925291934108,0.2889103588181746,success
381,2000,8,3,2.0,2.7000000000000006,0.01,0.7300000000000002,5.0,3,470,6,24,0,0.7212380372584839,0.28958295047263727,success
382,2000,8,3,2.0,2.7000000000000006,0.01,0.7400000000000002,5.0,3,470,6,24,0,0.716741186424947,0.2918241055958159,success
383,2000,8,3,2.0,2.7000000000000006,0.01,0.7500000000000002,5.0,3,472,6,22,0,0.7468870671736191,0.2806589779085902,success
384,2000,8,3,2.0,2.7000000000000006,0.01,0.7600000000000002,5.0,3,472,6,22,0,0.7452547331223265,0.28228056738824925,success
385,2000,8,3,2.0,2.7000000000000006,0.01,0.7700000000000002,5.0,3,472,6,22,0,0.7452329970879034,0.282302197825929,success
386,2000,8,3,2.0,2.7000000000000006,0.01,0.7800000000000002,5.0,3,472,6,22,0,0.7451210377020722,0.28241417007338837,success
387,2000,8,3,2.0,2.7000000000000006,0.01,0.7900000000000003,5.0,3,473,6,21,0,0.7666295327829606,0.2710188890415817,success
388,2000,8,3,2.0,2.7000000000000006,0.01,0.8000000000000003,5.0,3,473,6,21,0,0.7648291705908354,0.27207274997943703,success
389,2000,8,3,2.0,2.7000000000000006,0.01,0.8100000000000003,5.0,3,473,6,21,0,0.759855589388801,0.27733364033753527,success
390,2000,8,3,2.0,2.7000000000000006,0.01,0.8200000000000003,5.0,3,473,6,21,0,0.7593719556269914,0.27792501692038485,success
391,2000,8,3,2.0,2.7000000000000006,0.01,0.8300000000000003,5.0,3,473,6,21,0,0.7577617241126358,0.2799124797621413,success
392,2000,8,3,2.0,2.7000000000000006,0.01,0.8400000000000003,5.0,3,474,6,20,0,0.7791681516962584,0.2671848408246577,success
393,2000,8,3,2.0,2.7000000000000006,0.01,0.8500000000000003,5.0,3,475,6,19,0,0.8021729677419919,0.25314206808397643,success
394,2000,8,3,2.0,2.7000000000000006,0.01,0.8600000000000003,5.0,3,475,6,19,0,0.7910432660113589,0.2724281129753918,success
395,2000,8,3,2.0,2.7000000000000006,0.01,0.8700000000000003,5.0,3,475,6,19,0,0.791043057066612,0.2724283708375149,success
396,2000,8,3,2.0,2.7000000000000006,0.01,0.8800000000000003,5.0,3,475,6,19,0,0.7910430570581563,0.27242837084808214,success
409,2000,8,3,2.0,2.8000000000000007,0.01,0.5,5.0,3,447,12,41,0,0.7113344240847986,0.284639853575569,success
397,2000,8,3,2.0,2.7000000000000006,0.01,0.8900000000000003,5.0,3,475,6,19,0,0.7910430408530332,0.2724283714496153,success
410,2000,8,3,2.0,2.8000000000000007,0.01,0.51,5.0,3,447,12,41,0,0.70872603791209,0.2860555704440838,success
411,2000,8,3,2.0,2.8000000000000007,0.01,0.52,5.0,3,447,12,41,0,0.7077804853910271,0.2858260168665109,success
398,2000,8,3,2.0,2.7000000000000006,0.01,0.9000000000000004,5.0,3,476,6,18,0,0.812049485406609,0.264024210935644,success
412,2000,8,3,2.0,2.8000000000000007,0.01,0.53,5.0,3,449,12,39,0,0.7101271202408702,0.2934963910140826,success
399,2000,8,3,2.0,2.7000000000000006,0.01,0.9100000000000004,5.0,3,476,6,18,0,0.8031851640030732,0.2776736224005944,success
414,2000,8,3,2.0,2.8000000000000007,0.01,0.55,5.0,3,452,12,36,0,0.7127804171404534,0.2976613891799974,success
413,2000,8,3,2.0,2.8000000000000007,0.01,0.54,5.0,3,450,12,38,0,0.7084431725551072,0.2914036238005469,success
400,2000,8,3,2.0,2.7000000000000006,0.01,0.9200000000000004,5.0,3,476,6,18,0,0.8028995209038007,0.2780455240471045,success
415,2000,8,3,2.0,2.8000000000000007,0.01,0.56,5.0,3,452,12,36,0,0.7127804171404534,0.2976613891799974,success
402,2000,8,3,2.0,2.7000000000000006,0.01,0.9400000000000004,5.0,3,476,6,18,0,0.8015689721910353,0.27821519057947325,success
401,2000,8,3,2.0,2.7000000000000006,0.01,0.9300000000000004,5.0,3,476,6,18,0,0.8028822950357586,0.27804777354818766,success
416,2000,8,3,2.0,2.8000000000000007,0.01,0.5700000000000001,5.0,3,452,12,36,0,0.7099742430063947,0.2982044237485444,success
403,2000,8,3,2.0,2.7000000000000006,0.01,0.9500000000000004,5.0,3,477,6,17,0,0.7896647651814522,0.2825105738361667,success
404,2000,8,3,2.0,2.7000000000000006,0.01,0.9600000000000004,5.0,3,477,6,17,0,0.7896647356655109,0.2825105883752432,success
406,2000,8,3,2.0,2.7000000000000006,0.01,0.9800000000000004,5.0,3,478,6,16,0,0.8180027725221503,0.265646305754516,success
405,2000,8,3,2.0,2.7000000000000006,0.01,0.9700000000000004,5.0,3,477,6,17,0,0.7896607625497166,0.2825133936302491,success
407,2000,8,3,2.0,2.7000000000000006,0.01,0.9900000000000004,5.0,3,478,6,16,0,0.8180035541953892,0.2656461126896943,success
408,2000,8,3,2.0,2.7000000000000006,0.01,1.0000000000000004,5.0,3,478,6,16,0,0.8180035389203286,0.26564611662070603,success
417,2000,8,3,2.0,2.8000000000000007,0.01,0.5800000000000001,5.0,3,453,12,35,0,0.6988937211698858,0.29965115037595264,success
418,2000,8,3,2.0,2.8000000000000007,0.01,0.5900000000000001,5.0,3,455,11,34,0,0.7073112019497648,0.29992783808608264,success
419,2000,8,3,2.0,2.8000000000000007,0.01,0.6000000000000001,5.0,3,455,11,34,0,0.7073112019497648,0.29992783808608264,success
420,2000,8,3,2.0,2.8000000000000007,0.01,0.6100000000000001,5.0,3,456,10,34,0,0.7134816632066288,0.2930899839185605,success
421,2000,8,3,2.0,2.8000000000000007,0.01,0.6200000000000001,5.0,3,456,10,34,0,0.7134049598643675,0.29317331073387154,success
422,2000,8,3,2.0,2.8000000000000007,0.01,0.6300000000000001,5.0,3,456,10,34,0,0.7115463854451719,0.2947904491113288,success
423,2000,8,3,2.0,2.8000000000000007,0.01,0.6400000000000001,5.0,3,456,10,34,0,0.7110807409340202,0.29538291762793895,success
424,2000,8,3,2.0,2.8000000000000007,0.01,0.6500000000000001,5.0,3,458,10,32,0,0.7188266321107659,0.2994380101719476,success
425,2000,8,3,2.0,2.8000000000000007,0.01,0.6600000000000001,5.0,3,459,10,31,0,0.7418532745179935,0.27407856211589066,success
426,2000,8,3,2.0,2.8000000000000007,0.01,0.6700000000000002,5.0,3,460,10,30,0,0.7508883898027594,0.2745707633778823,success
427,2000,8,3,2.0,2.8000000000000007,0.01,0.6800000000000002,5.0,3,460,10,30,0,0.7508746709443768,0.27459178239904075,success
428,2000,8,3,2.0,2.8000000000000007,0.01,0.6900000000000002,5.0,3,460,10,30,0,0.7508557638160112,0.27461657931173755,success
429,2000,8,3,2.0,2.8000000000000007,0.01,0.7000000000000002,5.0,3,460,10,30,0,0.7503225900049523,0.275473554269162,success
430,2000,8,3,2.0,2.8000000000000007,0.01,0.7100000000000002,5.0,3,460,10,30,0,0.7495232563468056,0.2757370380405392,success
431,2000,8,3,2.0,2.8000000000000007,0.01,0.7200000000000002,5.0,3,460,10,30,0,0.7430384439170815,0.28313315284534263,success
432,2000,8,3,2.0,2.8000000000000007,0.01,0.7300000000000002,5.0,3,461,10,29,0,0.734171092224087,0.28388969162841765,success
433,2000,8,3,2.0,2.8000000000000007,0.01,0.7400000000000002,5.0,3,461,10,29,0,0.7304545741459786,0.28594186549275535,success
434,2000,8,3,2.0,2.8000000000000007,0.01,0.7500000000000002,5.0,3,463,10,27,0,0.7514285536072509,0.28235841474707485,success
436,2000,8,3,2.0,2.8000000000000007,0.01,0.7700000000000002,5.0,3,463,10,27,0,0.7511098885828263,0.2828649115936532,success
435,2000,8,3,2.0,2.8000000000000007,0.01,0.7600000000000002,5.0,3,463,10,27,0,0.7513010296328168,0.2825445518105434,success
438,2000,8,3,2.0,2.8000000000000007,0.01,0.7900000000000003,5.0,3,464,10,26,0,0.7687013206297049,0.27355926026196337,success
437,2000,8,3,2.0,2.8000000000000007,0.01,0.7800000000000002,5.0,3,463,10,27,0,0.7510997259368842,0.2828768601095343,success
439,2000,8,3,2.0,2.8000000000000007,0.01,0.8000000000000003,5.0,3,464,10,26,0,0.7671327327849663,0.2744998627190893,success
440,2000,8,3,2.0,2.8000000000000007,0.01,0.8100000000000003,5.0,3,464,9,27,0,0.735034404207219,0.3093926874566429,success
441,2000,8,3,2.0,2.8000000000000007,0.01,0.8200000000000003,5.0,3,464,9,27,0,0.7346582481517804,0.30976938750956295,success
442,2000,8,3,2.0,2.8000000000000007,0.01,0.8300000000000003,5.0,3,464,9,27,0,0.7336356219736331,0.3108515048748981,success
443,2000,8,3,2.0,2.8000000000000007,0.01,0.8400000000000003,5.0,3,465,9,26,0,0.7493805963023418,0.30497906105449246,success
444,2000,8,3,2.0,2.8000000000000007,0.01,0.8500000000000003,5.0,3,466,9,25,0,0.7650609915662033,0.30030267678868433,success
445,2000,8,3,2.0,2.8000000000000007,0.01,0.8600000000000003,5.0,3,466,9,25,0,0.7564573483726968,0.31170643985754093,success
446,2000,8,3,2.0,2.8000000000000007,0.01,0.8700000000000003,5.0,3,466,9,25,0,0.7564572025467534,0.31170657750552677,success
447,2000,8,3,2.0,2.8000000000000007,0.01,0.8800000000000003,5.0,3,466,9,25,0,0.7564455739680127,0.31172457937118186,success
448,2000,8,3,2.0,2.8000000000000007,0.01,0.8900000000000003,5.0,3,466,9,25,0,0.7564455383051427,0.3117245760579041,success
449,2000,8,3,2.0,2.8000000000000007,0.01,0.9000000000000004,5.0,3,467,9,24,0,0.7707551674089941,0.30992729923451545,success
450,2000,8,3,2.0,2.8000000000000007,0.01,0.9100000000000004,5.0,3,467,9,24,0,0.7631147820959158,0.3183394443917966,success
451,2000,8,3,2.0,2.8000000000000007,0.01,0.9200000000000004,5.0,3,467,9,24,0,0.7631145474750225,0.318339547688434,success
460,2000,8,3,2.0,2.900000000000001,0.01,0.5,5.0,3,424,22,54,0,0.7600204937769659,0.2736261106357865,success
461,2000,8,3,2.0,2.900000000000001,0.01,0.51,5.0,3,424,22,54,0,0.7599994137631152,0.27349673909909294,success
452,2000,8,3,2.0,2.8000000000000007,0.01,0.9300000000000004,5.0,3,467,9,24,0,0.7614605421212417,0.3208242982947093,success
462,2000,8,3,2.0,2.900000000000001,0.01,0.52,5.0,3,424,22,54,0,0.7575482879881041,0.27369359369067503,success
463,2000,8,3,2.0,2.900000000000001,0.01,0.53,5.0,3,426,22,52,0,0.7568679368789386,0.2811035113708335,success
453,2000,8,3,2.0,2.8000000000000007,0.01,0.9400000000000004,5.0,3,467,9,24,0,0.7607637742183361,0.32079598882611443,success
464,2000,8,3,2.0,2.900000000000001,0.01,0.54,5.0,3,426,22,52,0,0.7469417456046828,0.28449908485535025,success
465,2000,8,3,2.0,2.900000000000001,0.01,0.55,5.0,3,428,22,50,0,0.7491078119258952,0.2879738425998154,success
466,2000,8,3,2.0,2.900000000000001,0.01,0.56,5.0,3,428,22,50,0,0.7491078119258952,0.2879738425998154,success
468,2000,8,3,2.0,2.900000000000001,0.01,0.5800000000000001,5.0,3,432,21,47,0,0.7403161564631165,0.293433400765314,success
467,2000,8,3,2.0,2.900000000000001,0.01,0.5700000000000001,5.0,3,430,21,49,0,0.7430363235763293,0.2894285982813375,success
454,2000,8,3,2.0,2.8000000000000007,0.01,0.9500000000000004,5.0,3,468,9,23,0,0.7502291851400117,0.32401835157775377,success
470,2000,8,3,2.0,2.900000000000001,0.01,0.6000000000000001,5.0,3,434,20,46,0,0.7568636251360666,0.2876451884186275,success
469,2000,8,3,2.0,2.900000000000001,0.01,0.5900000000000001,5.0,3,434,20,46,0,0.7573188773377026,0.28692101962300437,success
472,2000,8,3,2.0,2.900000000000001,0.01,0.6200000000000001,5.0,3,435,19,46,0,0.7503144200025322,0.2861261871229531,success
455,2000,8,3,2.0,2.8000000000000007,0.01,0.9600000000000004,5.0,3,468,9,23,0,0.7501966900105037,0.3240896563608204,success
471,2000,8,3,2.0,2.900000000000001,0.01,0.6100000000000001,5.0,3,434,19,47,0,0.7556760756623334,0.2852724638592698,success
473,2000,8,3,2.0,2.900000000000001,0.01,0.6300000000000001,5.0,3,435,19,46,0,0.7489412248594959,0.28752284532931816,success
456,2000,8,3,2.0,2.8000000000000007,0.01,0.9700000000000004,5.0,3,468,9,23,0,0.7302511104811353,0.3221372152936508,success
474,2000,8,3,2.0,2.900000000000001,0.01,0.6400000000000001,5.0,3,435,19,46,0,0.7481309321431648,0.28867836929870827,success
475,2000,8,3,2.0,2.900000000000001,0.01,0.6500000000000001,5.0,3,437,19,44,0,0.7554645715665917,0.2904784569098702,success
457,2000,8,3,2.0,2.8000000000000007,0.01,0.9800000000000004,5.0,3,469,9,22,0,0.7481597513274901,0.3177775382547028,success
458,2000,8,3,2.0,2.8000000000000007,0.01,0.9900000000000004,5.0,3,469,9,22,0,0.7481501666051955,0.3177770023978719,success
476,2000,8,3,2.0,2.900000000000001,0.01,0.6600000000000001,5.0,3,437,19,44,0,0.7298380784958044,0.308650366855346,success
459,2000,8,3,2.0,2.8000000000000007,0.01,1.0000000000000004,5.0,3,469,9,22,0,0.7481501444168697,0.31777700712174417,success
477,2000,8,3,2.0,2.900000000000001,0.01,0.6700000000000002,5.0,3,438,19,43,0,0.7317216904627596,0.30743235007619674,success
478,2000,8,3,2.0,2.900000000000001,0.01,0.6800000000000002,5.0,3,439,19,42,0,0.7340991421854285,0.3107678881811524,success
479,2000,8,3,2.0,2.900000000000001,0.01,0.6900000000000002,5.0,3,441,19,40,0,0.7597097710466522,0.29153334660753105,success
480,2000,8,3,2.0,2.900000000000001,0.01,0.7000000000000002,5.0,3,441,19,40,0,0.7593097603127409,0.2921466404777173,success
481,2000,8,3,2.0,2.900000000000001,0.01,0.7100000000000002,5.0,3,441,19,40,0,0.7578933920776446,0.2933959003978263,success
482,2000,8,3,2.0,2.900000000000001,0.01,0.7200000000000002,5.0,3,441,19,40,0,0.75405665005763,0.2979608975795174,success
483,2000,8,3,2.0,2.900000000000001,0.01,0.7300000000000002,5.0,3,442,19,39,0,0.747750410315518,0.2991394699300278,success
484,2000,8,3,2.0,2.900000000000001,0.01,0.7400000000000002,5.0,3,442,19,39,0,0.7413751321073383,0.29994130133667596,success
486,2000,8,3,2.0,2.900000000000001,0.01,0.7600000000000002,5.0,3,445,19,36,0,0.7623567817987329,0.2990489672911519,success
485,2000,8,3,2.0,2.900000000000001,0.01,0.7500000000000002,5.0,3,445,19,36,0,0.7624494187357338,0.29892015522740445,success
487,2000,8,3,2.0,2.900000000000001,0.01,0.7700000000000002,5.0,3,445,19,36,0,0.7623567817987329,0.2990489672911519,success
488,2000,8,3,2.0,2.900000000000001,0.01,0.7800000000000002,5.0,3,445,19,36,0,0.7623491935964101,0.29905761103645145,success
489,2000,8,3,2.0,2.900000000000001,0.01,0.7900000000000003,5.0,3,446,19,35,0,0.7754988955182677,0.2926734892879126,success
490,2000,8,3,2.0,2.900000000000001,0.01,0.8000000000000003,5.0,3,446,19,35,0,0.774356893044848,0.2933133968475972,success
491,2000,8,3,2.0,2.900000000000001,0.01,0.8100000000000003,5.0,3,446,18,36,0,0.7508167321905299,0.31763908151762676,success
492,2000,8,3,2.0,2.900000000000001,0.01,0.8200000000000003,5.0,3,446,18,36,0,0.7507264000408462,0.3177582042132865,success
493,2000,8,3,2.0,2.900000000000001,0.01,0.8300000000000003,5.0,3,446,18,36,0,0.7499321291123606,0.3185881750258557,success
494,2000,8,3,2.0,2.900000000000001,0.01,0.8400000000000003,5.0,3,447,18,35,0,0.7624524733290241,0.31412377823585397,success
495,2000,8,3,2.0,2.900000000000001,0.01,0.8500000000000003,5.0,3,447,18,35,0,0.7550321780333904,0.3182004075711619,success
496,2000,8,3,2.0,2.900000000000001,0.01,0.8600000000000003,5.0,3,447,18,35,0,0.7496962576002443,0.32582398762187625,success
498,2000,8,3,2.0,2.900000000000001,0.01,0.8800000000000003,5.0,3,447,18,35,0,0.7494549640556268,0.326160305855736,success
497,2000,8,3,2.0,2.900000000000001,0.01,0.8700000000000003,5.0,3,447,18,35,0,0.7496376060218791,0.32588908045148046,success
499,2000,8,3,2.0,2.900000000000001,0.01,0.8900000000000003,5.0,3,447,18,35,0,0.749454952438533,0.32616032351232876,success
500,2000,8,3,2.0,2.900000000000001,0.01,0.9000000000000004,5.0,3,447,18,35,0,0.7494549524384743,0.3261603235124023,success
501,2000,8,3,2.0,2.900000000000001,0.01,0.9100000000000004,5.0,3,448,18,34,0,0.7614847390177949,0.323086902857236,success
502,2000,8,3,2.0,2.900000000000001,0.01,0.9200000000000004,5.0,3,448,18,34,0,0.7614608880378516,0.3231070441434112,success
503,2000,8,3,2.0,2.900000000000001,0.01,0.9300000000000004,5.0,3,448,18,34,0,0.7613025370295747,0.32329239075337696,success
511,2000,8,3,2.0,3.000000000000001,0.01,0.5,5.0,4,423,22,55,0,0.69272626405589,0.3068902067781233,success
504,2000,8,3,2.0,2.900000000000001,0.01,0.9400000000000004,5.0,3,449,18,33,0,0.7620492726971991,0.3284338115491889,success
512,2000,8,3,2.0,3.000000000000001,0.01,0.51,5.0,4,425,22,53,0,0.6852406276709736,0.30952734504402085,success
505,2000,8,3,2.0,2.900000000000001,0.01,0.9500000000000004,5.0,3,449,18,33,0,0.7620492491946587,0.3284338515982727,success
506,2000,8,3,2.0,2.900000000000001,0.01,0.9600000000000004,5.0,3,449,18,33,0,0.7620492398088206,0.3284338565358192,success
507,2000,8,3,2.0,2.900000000000001,0.01,0.9700000000000004,5.0,3,449,18,33,0,0.7482195819718502,0.32770886619335704,success
508,2000,8,3,2.0,2.900000000000001,0.01,0.9800000000000004,5.0,3,449,18,33,0,0.7482020159600101,0.3277223459582156,success
509,2000,8,3,2.0,2.900000000000001,0.01,0.9900000000000004,5.0,3,449,18,33,0,0.7482020158474924,0.3277223460791108,success
510,2000,8,3,2.0,2.900000000000001,0.01,1.0000000000000004,5.0,3,450,18,32,0,0.7632119094935026,0.3212349358721608,success
513,2000,8,3,2.0,3.000000000000001,0.01,0.52,5.0,4,426,22,52,0,0.675404646016563,0.31250742741516685,success
514,2000,8,3,2.0,3.000000000000001,0.01,0.53,5.0,4,429,22,49,0,0.6853912644196037,0.3188249319233835,success
515,2000,8,3,2.0,3.000000000000001,0.01,0.54,5.0,4,429,22,49,0,0.6818689691046249,0.3201046920621366,success
516,2000,8,3,2.0,3.000000000000001,0.01,0.55,5.0,4,432,22,46,0,0.6764127616737566,0.31847884977164265,success
517,2000,8,3,2.0,3.000000000000001,0.01,0.56,5.0,4,432,22,46,0,0.6710149661268142,0.3189335891444636,success
519,2000,8,3,2.0,3.000000000000001,0.01,0.5800000000000001,5.0,4,433,22,45,0,0.6617353676024111,0.320056779721716,success
518,2000,8,3,2.0,3.000000000000001,0.01,0.5700000000000001,5.0,4,433,22,45,0,0.663704187596299,0.3186156937572636,success
520,2000,8,3,2.0,3.000000000000001,0.01,0.5900000000000001,5.0,4,433,22,45,0,0.6509820654913837,0.3166373635148501,success
521,2000,8,3,2.0,3.000000000000001,0.01,0.6000000000000001,5.0,4,434,22,44,0,0.6514401571200773,0.3202829483048417,success
522,2000,8,3,2.0,3.000000000000001,0.01,0.6100000000000001,5.0,4,434,22,44,0,0.6507113635614863,0.3206269432078095,success
523,2000,8,3,2.0,3.000000000000001,0.01,0.6200000000000001,5.0,4,434,22,44,0,0.6507113635614863,0.3206269432078095,success
525,2000,8,3,2.0,3.000000000000001,0.01,0.6400000000000001,5.0,4,437,21,42,0,0.6667521646649953,0.3297958770642367,success
524,2000,8,3,2.0,3.000000000000001,0.01,0.6300000000000001,5.0,4,436,21,43,0,0.6628742073472047,0.3268368519873695,success
527,2000,8,3,2.0,3.000000000000001,0.01,0.6600000000000001,5.0,4,437,21,42,0,0.6603613764402088,0.32822999326838537,success
526,2000,8,3,2.0,3.000000000000001,0.01,0.6500000000000001,5.0,4,437,21,42,0,0.6635513762663725,0.3271242407332636,success
529,2000,8,3,2.0,3.000000000000001,0.01,0.6800000000000002,5.0,4,439,21,40,0,0.6686025432508578,0.33323801985024337,success
528,2000,8,3,2.0,3.000000000000001,0.01,0.6700000000000002,5.0,4,439,21,40,0,0.6731317697998298,0.33080384118330614,success
530,2000,8,3,2.0,3.000000000000001,0.01,0.6900000000000002,5.0,4,439,21,40,0,0.6681455113250351,0.33378700203234063,success
531,2000,8,3,2.0,3.000000000000001,0.01,0.7000000000000002,5.0,4,439,21,40,0,0.6634977349818515,0.335730757951701,success
532,2000,8,3,2.0,3.000000000000001,0.01,0.7100000000000002,5.0,4,441,21,38,0,0.6808236528520275,0.33438153867605946,success
533,2000,8,3,2.0,3.000000000000001,0.01,0.7200000000000002,5.0,4,441,21,38,0,0.6805585518241655,0.3346785303535289,success
534,2000,8,3,2.0,3.000000000000001,0.01,0.7300000000000002,5.0,4,441,21,38,0,0.6804890363380952,0.33470591527883303,success
535,2000,8,3,2.0,3.000000000000001,0.01,0.7400000000000002,5.0,4,441,21,38,0,0.6804890363380952,0.33470591527883303,success
536,2000,8,3,2.0,3.000000000000001,0.01,0.7500000000000002,5.0,4,442,21,37,0,0.6969908873545289,0.3208913910121919,success
537,2000,8,3,2.0,3.000000000000001,0.01,0.7600000000000002,5.0,4,442,21,37,0,0.6931553943632824,0.32436150960428317,success
538,2000,8,3,2.0,3.000000000000001,0.01,0.7700000000000002,5.0,4,443,21,36,0,0.6916312227459591,0.32035555964365536,success
539,2000,8,3,2.0,3.000000000000001,0.01,0.7800000000000002,5.0,4,443,21,36,0,0.6906497868820742,0.321478713320729,success
540,2000,8,3,2.0,3.000000000000001,0.01,0.7900000000000003,5.0,4,445,21,34,0,0.69354511940228,0.32620842373696723,success
541,2000,8,3,2.0,3.000000000000001,0.01,0.8000000000000003,5.0,4,445,21,34,0,0.6896413386116911,0.32871177127888157,success
542,2000,8,3,2.0,3.000000000000001,0.01,0.8100000000000003,5.0,4,445,21,34,0,0.6878369746257009,0.33098220536120126,success
543,2000,8,3,2.0,3.000000000000001,0.01,0.8200000000000003,5.0,4,446,21,33,0,0.6921942305911423,0.33550526866149233,success
544,2000,8,3,2.0,3.000000000000001,0.01,0.8300000000000003,5.0,4,446,21,33,0,0.6895254446298099,0.3349313527748448,success
545,2000,8,3,2.0,3.000000000000001,0.01,0.8400000000000003,5.0,4,447,21,32,0,0.6798231127434362,0.3355458530802262,success
546,2000,8,3,2.0,3.000000000000001,0.01,0.8500000000000003,5.0,4,447,21,32,0,0.6797802305546587,0.3355897327971681,success
547,2000,8,3,2.0,3.000000000000001,0.01,0.8600000000000003,5.0,4,448,21,31,0,0.6814399841157232,0.3284025413041663,success
548,2000,8,3,2.0,3.000000000000001,0.01,0.8700000000000003,5.0,4,448,21,31,0,0.6597694801293706,0.3244213348820191,success
549,2000,8,3,2.0,3.000000000000001,0.01,0.8800000000000003,5.0,4,449,21,30,0,0.6732642348948231,0.32099603918771424,success
550,2000,8,3,2.0,3.000000000000001,0.01,0.8900000000000003,5.0,4,449,21,30,0,0.6731625368124003,0.32110246086573896,success
551,2000,8,3,2.0,3.000000000000001,0.01,0.9000000000000004,5.0,4,450,21,29,0,0.6845037275272843,0.3205576626078707,success
552,2000,8,3,2.0,3.000000000000001,0.01,0.9100000000000004,5.0,4,450,21,29,0,0.6789638674923417,0.32729131314623094,success
562,2000,8,3,2.0,3.100000000000001,0.01,0.5,5.0,4,406,25,69,0,0.7160986662843444,0.31008502523598985,success
553,2000,8,3,2.0,3.000000000000001,0.01,0.9200000000000004,5.0,4,450,21,29,0,0.6785603626311935,0.3275780917100427,success
563,2000,8,3,2.0,3.100000000000001,0.01,0.51,5.0,4,409,24,67,0,0.7108748763747375,0.31268985778970154,success
554,2000,8,3,2.0,3.000000000000001,0.01,0.9300000000000004,5.0,4,451,21,28,0,0.6948926862523173,0.32134039868080355,success
564,2000,8,3,2.0,3.100000000000001,0.01,0.52,5.0,4,411,24,65,0,0.7036855346280718,0.31958054940653885,success
555,2000,8,3,2.0,3.000000000000001,0.01,0.9400000000000004,5.0,4,451,21,28,0,0.6932200164806596,0.3224112995195576,success
565,2000,8,3,2.0,3.100000000000001,0.01,0.53,5.0,4,414,24,62,0,0.7129466147503866,0.3240214762767686,success
556,2000,8,3,2.0,3.000000000000001,0.01,0.9500000000000004,5.0,4,451,21,28,0,0.6931999369011816,0.3224256094182792,success
567,2000,8,3,2.0,3.100000000000001,0.01,0.55,5.0,4,419,24,57,0,0.6969476710501741,0.32570309528303987,success
566,2000,8,3,2.0,3.100000000000001,0.01,0.54,5.0,4,416,24,60,0,0.7005016274015002,0.326243672094957,success
568,2000,8,3,2.0,3.100000000000001,0.01,0.56,5.0,4,418,24,58,0,0.6986269070941349,0.3255856388993535,success
557,2000,8,3,2.0,3.000000000000001,0.01,0.9600000000000004,5.0,4,451,21,28,0,0.6931999369011816,0.3224256094182792,success
569,2000,8,3,2.0,3.100000000000001,0.01,0.5700000000000001,5.0,4,419,24,57,0,0.6933396598501722,0.32595801919372425,success
558,2000,8,3,2.0,3.000000000000001,0.01,0.9700000000000004,5.0,4,451,21,28,0,0.6931999171210477,0.3224256235317249,success
570,2000,8,3,2.0,3.100000000000001,0.01,0.5800000000000001,5.0,4,420,24,56,0,0.7040493519952654,0.3166762386345811,success
559,2000,8,3,2.0,3.000000000000001,0.01,0.9800000000000004,5.0,4,451,21,28,0,0.6931999171209731,0.3224256235317819,success
571,2000,8,3,2.0,3.100000000000001,0.01,0.5900000000000001,5.0,4,420,24,56,0,0.6953886009706748,0.31516158296638064,success
560,2000,8,3,2.0,3.000000000000001,0.01,0.9900000000000004,5.0,4,451,21,28,0,0.691640711636477,0.3232800019620756,success
561,2000,8,3,2.0,3.000000000000001,0.01,1.0000000000000004,5.0,4,451,21,28,0,0.6916407116364012,0.3232800019621218,success
572,2000,8,3,2.0,3.100000000000001,0.01,0.6000000000000001,5.0,4,421,24,55,0,0.6965624658277986,0.3179427846553797,success
573,2000,8,3,2.0,3.100000000000001,0.01,0.6100000000000001,5.0,4,421,24,55,0,0.6898478043243814,0.31877937411835505,success
574,2000,8,3,2.0,3.100000000000001,0.01,0.6200000000000001,5.0,4,421,24,55,0,0.6898478043243814,0.31877937411835505,success
575,2000,8,3,2.0,3.100000000000001,0.01,0.6300000000000001,5.0,4,422,23,55,0,0.6943785782113101,0.3224411993076048,success
576,2000,8,3,2.0,3.100000000000001,0.01,0.6400000000000001,5.0,4,423,23,54,0,0.6979781815115196,0.32435151387039657,success
577,2000,8,3,2.0,3.100000000000001,0.01,0.6500000000000001,5.0,4,423,23,54,0,0.6970555829721191,0.3237918113548151,success
578,2000,8,3,2.0,3.100000000000001,0.01,0.6600000000000001,5.0,4,424,23,53,0,0.7007743774890667,0.3247884562336413,success
579,2000,8,3,2.0,3.100000000000001,0.01,0.6700000000000002,5.0,4,425,23,52,0,0.7077966696905745,0.32387557534320877,success
580,2000,8,3,2.0,3.100000000000001,0.01,0.6800000000000002,5.0,4,425,23,52,0,0.7066185968957538,0.32456508528449035,success
581,2000,8,3,2.0,3.100000000000001,0.01,0.6900000000000002,5.0,4,426,23,51,0,0.7103114855205157,0.3269483139248737,success
582,2000,8,3,2.0,3.100000000000001,0.01,0.7000000000000002,5.0,4,426,23,51,0,0.7066661985359941,0.32897954399555407,success
583,2000,8,3,2.0,3.100000000000001,0.01,0.7100000000000002,5.0,4,428,23,49,0,0.721880616375151,0.3256963003229249,success
584,2000,8,3,2.0,3.100000000000001,0.01,0.7200000000000002,5.0,4,429,23,48,0,0.7237675294569194,0.3290777548714127,success
585,2000,8,3,2.0,3.100000000000001,0.01,0.7300000000000002,5.0,4,429,23,48,0,0.7237481690509296,0.32908797597873907,success
586,2000,8,3,2.0,3.100000000000001,0.01,0.7400000000000002,5.0,4,429,23,48,0,0.7236984558578313,0.32916426078767186,success
587,2000,8,3,2.0,3.100000000000001,0.01,0.7500000000000002,5.0,4,430,23,47,0,0.7164384113286352,0.33125217266693036,success
589,2000,8,3,2.0,3.100000000000001,0.01,0.7700000000000002,5.0,4,431,23,46,0,0.7110099832105626,0.3319809551248412,success
588,2000,8,3,2.0,3.100000000000001,0.01,0.7600000000000002,5.0,4,430,23,47,0,0.7121312820092104,0.3342609234344659,success
590,2000,8,3,2.0,3.100000000000001,0.01,0.7800000000000002,5.0,4,431,23,46,0,0.7102419237067737,0.33287028010090663,success
591,2000,8,3,2.0,3.100000000000001,0.01,0.7900000000000003,5.0,4,432,23,45,0,0.7067902578500833,0.3357981021413084,success
593,2000,8,3,2.0,3.100000000000001,0.01,0.8100000000000003,5.0,4,432,23,45,0,0.7029105441462252,0.3389223366431837,success
592,2000,8,3,2.0,3.100000000000001,0.01,0.8000000000000003,5.0,4,432,23,45,0,0.7039352102859595,0.33765204170332147,success
594,2000,8,3,2.0,3.100000000000001,0.01,0.8200000000000003,5.0,4,433,23,44,0,0.7066349210954956,0.34211632026705124,success
595,2000,8,3,2.0,3.100000000000001,0.01,0.8300000000000003,5.0,4,433,23,44,0,0.7046086962650923,0.34181867793530013,success
596,2000,8,3,2.0,3.100000000000001,0.01,0.8400000000000003,5.0,4,433,23,44,0,0.7046086962650923,0.34181867793530013,success
597,2000,8,3,2.0,3.100000000000001,0.01,0.8500000000000003,5.0,4,433,23,44,0,0.7043518264072745,0.3419925138914347,success
599,2000,8,3,2.0,3.100000000000001,0.01,0.8700000000000003,5.0,4,435,23,42,0,0.7089910847223377,0.33809595145177124,success
598,2000,8,3,2.0,3.100000000000001,0.01,0.8600000000000003,5.0,4,435,23,42,0,0.7141041135744287,0.33695669613390783,success
600,2000,8,3,2.0,3.100000000000001,0.01,0.8800000000000003,5.0,4,436,23,41,0,0.7197197823812422,0.33497959035065383,success
601,2000,8,3,2.0,3.100000000000001,0.01,0.8900000000000003,5.0,4,436,23,41,0,0.7194399972021548,0.3351957839673312,success
602,2000,8,3,2.0,3.100000000000001,0.01,0.9000000000000004,5.0,4,437,23,40,0,0.7284682804508876,0.33435118466738767,success
603,2000,8,3,2.0,3.100000000000001,0.01,0.9100000000000004,5.0,4,437,23,40,0,0.7244346514435479,0.33956300509561904,success
604,2000,8,3,2.0,3.100000000000001,0.01,0.9200000000000004,5.0,4,437,23,40,0,0.7241428586739204,0.3398011206934375,success
605,2000,8,3,2.0,3.100000000000001,0.01,0.9300000000000004,5.0,4,438,23,39,0,0.7370366818495366,0.33418306552046867,success
606,2000,8,3,2.0,3.100000000000001,0.01,0.9400000000000004,5.0,4,438,23,39,0,0.7351304126260826,0.33509074586919746,success
607,2000,8,3,2.0,3.100000000000001,0.01,0.9500000000000004,5.0,4,438,23,39,0,0.7351304126260826,0.33509074586919746,success
608,2000,8,3,2.0,3.100000000000001,0.01,0.9600000000000004,5.0,4,438,23,39,0,0.7351304126260826,0.33509074586919746,success
609,2000,8,3,2.0,3.100000000000001,0.01,0.9700000000000004,5.0,4,438,23,39,0,0.7351304126260826,0.33509074586919746,success
610,2000,8,3,2.0,3.100000000000001,0.01,0.9800000000000004,5.0,4,438,23,39,0,0.7351304126260826,0.33509074586919746,success
611,2000,8,3,2.0,3.100000000000001,0.01,0.9900000000000004,5.0,4,438,23,39,0,0.734962810154492,0.3353580010490289,success
612,2000,8,3,2.0,3.100000000000001,0.01,1.0000000000000004,5.0,4,438,23,39,0,0.734962810154492,0.3353580010490289,success
613,2000,8,3,2.0,3.200000000000001,0.01,0.5,5.0,4,397,28,75,0,0.7336333501807439,0.30097997518481756,success
614,2000,8,3,2.0,3.200000000000001,0.01,0.51,5.0,4,401,27,72,0,0.7297788636909944,0.3055671745260641,success
615,2000,8,3,2.0,3.200000000000001,0.01,0.52,5.0,4,403,27,70,0,0.7253377326754221,0.31040540647964,success
616,2000,8,3,2.0,3.200000000000001,0.01,0.53,5.0,4,406,27,67,0,0.7348771888205798,0.31356112556909954,success
617,2000,8,3,2.0,3.200000000000001,0.01,0.54,5.0,4,408,27,65,0,0.7267195638612131,0.3148474950759816,success
618,2000,8,3,2.0,3.200000000000001,0.01,0.55,5.0,4,411,27,62,0,0.7214082608638818,0.31195096111590104,success
620,2000,8,3,2.0,3.200000000000001,0.01,0.5700000000000001,5.0,4,411,27,62,0,0.7183333254424641,0.3122549660030458,success
619,2000,8,3,2.0,3.200000000000001,0.01,0.56,5.0,4,410,27,63,0,0.7228042250386154,0.311752843677491,success
621,2000,8,3,2.0,3.200000000000001,0.01,0.5800000000000001,5.0,4,412,27,61,0,0.7275561924443158,0.3026005217009197,success
623,2000,8,3,2.0,3.200000000000001,0.01,0.6000000000000001,5.0,4,413,27,60,0,0.7216494302244034,0.30370843177569135,success
622,2000,8,3,2.0,3.200000000000001,0.01,0.5900000000000001,5.0,4,412,27,61,0,0.7201605220867716,0.3013913165638701,success
624,2000,8,3,2.0,3.200000000000001,0.01,0.6100000000000001,5.0,4,413,27,60,0,0.7160287724559045,0.30465211575108353,success
625,2000,8,3,2.0,3.200000000000001,0.01,0.6200000000000001,5.0,4,413,27,60,0,0.7160287724559045,0.30465211575108353,success
626,2000,8,3,2.0,3.200000000000001,0.01,0.6300000000000001,5.0,4,413,25,62,0,0.7179914512741871,0.3018668211621913,success
627,2000,8,3,2.0,3.200000000000001,0.01,0.6400000000000001,5.0,4,414,25,61,0,0.7215650816229442,0.3030467221166257,success
628,2000,8,3,2.0,3.200000000000001,0.01,0.6500000000000001,5.0,4,414,25,61,0,0.7207483550470815,0.302582433968028,success
630,2000,8,3,2.0,3.200000000000001,0.01,0.6700000000000002,5.0,4,416,25,59,0,0.7238407243280036,0.301029388000711,success
629,2000,8,3,2.0,3.200000000000001,0.01,0.6600000000000001,5.0,4,415,25,60,0,0.7201100455892036,0.29986306913298505,success
631,2000,8,3,2.0,3.200000000000001,0.01,0.6800000000000002,5.0,4,417,25,58,0,0.720044543029519,0.3036223837982416,success
632,2000,8,3,2.0,3.200000000000001,0.01,0.6900000000000002,5.0,4,418,25,57,0,0.7235649637828467,0.3053855959433136,success
634,2000,8,3,2.0,3.200000000000001,0.01,0.7100000000000002,5.0,4,419,25,56,0,0.7222299813185803,0.3098589076788549,success
633,2000,8,3,2.0,3.200000000000001,0.01,0.7000000000000002,5.0,4,418,25,57,0,0.717182881050407,0.30944335332226164,success
635,2000,8,3,2.0,3.200000000000001,0.01,0.7200000000000002,5.0,4,419,25,56,0,0.721998781916618,0.3101528754708779,success
636,2000,8,3,2.0,3.200000000000001,0.01,0.7300000000000002,5.0,4,419,25,56,0,0.7219821872829124,0.3101620465532577,success
637,2000,8,3,2.0,3.200000000000001,0.01,0.7400000000000002,5.0,4,419,25,56,0,0.7219337229920095,0.3102401237830558,success
638,2000,8,3,2.0,3.200000000000001,0.01,0.7500000000000002,5.0,4,419,25,56,0,0.7191607668863974,0.31187571883724335,success
639,2000,8,3,2.0,3.200000000000001,0.01,0.7600000000000002,5.0,4,419,25,56,0,0.7175072090643206,0.31266996680429,success
640,2000,8,3,2.0,3.200000000000001,0.01,0.7700000000000002,5.0,4,420,25,55,0,0.7167698136466643,0.31011850904970895,success
641,2000,8,3,2.0,3.200000000000001,0.01,0.7800000000000002,5.0,4,420,25,55,0,0.7161274366071317,0.31092415939465534,success
642,2000,8,3,2.0,3.200000000000001,0.01,0.7900000000000003,5.0,4,421,25,54,0,0.7133600393728593,0.31315922975596566,success
644,2000,8,3,2.0,3.200000000000001,0.01,0.8100000000000003,5.0,4,422,25,53,0,0.7150630739388655,0.3168084145448515,success
643,2000,8,3,2.0,3.200000000000001,0.01,0.8000000000000003,5.0,4,421,25,54,0,0.7110708062507234,0.31466804222815786,success
645,2000,8,3,2.0,3.200000000000001,0.01,0.8200000000000003,5.0,4,423,25,52,0,0.7178765174402607,0.3194583696714301,success
646,2000,8,3,2.0,3.200000000000001,0.01,0.8300000000000003,5.0,4,423,25,52,0,0.7178535761740675,0.31949118232435236,success
647,2000,8,3,2.0,3.200000000000001,0.01,0.8400000000000003,5.0,4,423,25,52,0,0.7178535761740675,0.31949118232435236,success
648,2000,8,3,2.0,3.200000000000001,0.01,0.8500000000000003,5.0,4,423,25,52,0,0.7178535761740675,0.31949118232435236,success
649,2000,8,3,2.0,3.200000000000001,0.01,0.8600000000000003,5.0,4,425,25,50,0,0.7219392190113325,0.31640843411170533,success
651,2000,8,3,2.0,3.200000000000001,0.01,0.8800000000000003,5.0,4,426,25,49,0,0.7267018143843905,0.31416730828945455,success
650,2000,8,3,2.0,3.200000000000001,0.01,0.8700000000000003,5.0,4,425,25,50,0,0.717550067710848,0.3176074823464247,success
652,2000,8,3,2.0,3.200000000000001,0.01,0.8900000000000003,5.0,4,426,25,49,0,0.7267018143843905,0.31416730828945455,success
653,2000,8,3,2.0,3.200000000000001,0.01,0.9000000000000004,5.0,4,426,25,49,0,0.7267018143843905,0.31416730828945455,success
654,2000,8,3,2.0,3.200000000000001,0.01,0.9100000000000004,5.0,4,426,25,49,0,0.7179371009961366,0.320293391203476,success
655,2000,8,3,2.0,3.200000000000001,0.01,0.9200000000000004,5.0,4,426,25,49,0,0.7176989028168488,0.3204935965499866,success
656,2000,8,3,2.0,3.200000000000001,0.01,0.9300000000000004,5.0,4,427,25,48,0,0.7272470002169369,0.3166222585893389,success
657,2000,8,3,2.0,3.200000000000001,0.01,0.9400000000000004,5.0,4,427,25,48,0,0.7256981564728807,0.31734903318383156,success
658,2000,8,3,2.0,3.200000000000001,0.01,0.9500000000000004,5.0,4,427,25,48,0,0.7275690122062682,0.31709103702307695,success
660,2000,8,3,2.0,3.200000000000001,0.01,0.9700000000000004,5.0,4,427,25,48,0,0.7275361644233488,0.31714466882924003,success
659,2000,8,3,2.0,3.200000000000001,0.01,0.9600000000000004,5.0,4,427,25,48,0,0.7275361644233488,0.31714466882924003,success
661,2000,8,3,2.0,3.200000000000001,0.01,0.9800000000000004,5.0,4,427,25,48,0,0.726621298384186,0.31734121388380343,success
662,2000,8,3,2.0,3.200000000000001,0.01,0.9900000000000004,5.0,4,427,25,48,0,0.726621298384186,0.31734121388380343,success
663,2000,8,3,2.0,3.200000000000001,0.01,1.0000000000000004,5.0,4,427,25,48,0,0.726621298384186,0.31734121388380343,success
665,2000,8,3,2.0,3.300000000000001,0.01,0.51,5.0,4,391,29,80,0,0.7510455047385394,0.30705434261710224,success
664,2000,8,3,2.0,3.300000000000001,0.01,0.5,5.0,4,388,30,82,0,0.7583237904233078,0.30184731952168553,success
667,2000,8,3,2.0,3.300000000000001,0.01,0.53,5.0,4,395,29,76,0,0.7551885049571376,0.3121848421212893,success
666,2000,8,3,2.0,3.300000000000001,0.01,0.52,5.0,4,392,29,79,0,0.7459645064942173,0.31001575746833354,success
668,2000,8,3,2.0,3.300000000000001,0.01,0.54,5.0,4,396,29,75,0,0.7519243516898995,0.31297874471101994,success
669,2000,8,3,2.0,3.300000000000001,0.01,0.55,5.0,4,398,29,73,0,0.7518474917715654,0.3099859007827751,success
670,2000,8,3,2.0,3.300000000000001,0.01,0.56,5.0,4,397,29,74,0,0.7526246067999511,0.30974743408538924,success
671,2000,8,3,2.0,3.300000000000001,0.01,0.5700000000000001,5.0,4,398,29,73,0,0.749235902783512,0.31050676894106516,success
672,2000,8,3,2.0,3.300000000000001,0.01,0.5800000000000001,5.0,4,399,29,72,0,0.7575367230516661,0.3013907343104123,success
673,2000,8,3,2.0,3.300000000000001,0.01,0.5900000000000001,5.0,4,399,29,72,0,0.7512802880277888,0.3009942339200409,success
674,2000,8,3,2.0,3.300000000000001,0.01,0.6000000000000001,5.0,4,400,29,71,0,0.752976826819323,0.3027896715992213,success
675,2000,8,3,2.0,3.300000000000001,0.01,0.6100000000000001,5.0,4,400,29,71,0,0.752976826819323,0.3027896715992213,success
676,2000,8,3,2.0,3.300000000000001,0.01,0.6200000000000001,5.0,4,401,29,70,0,0.7478642030387261,0.3076642247535997,success
677,2000,8,3,2.0,3.300000000000001,0.01,0.6300000000000001,5.0,4,401,27,72,0,0.7486699700605022,0.3050836795436543,success
678,2000,8,3,2.0,3.300000000000001,0.01,0.6400000000000001,5.0,4,401,27,72,0,0.7486699700605022,0.3050836795436543,success
679,2000,8,3,2.0,3.300000000000001,0.01,0.6500000000000001,5.0,4,402,27,71,0,0.7518879839933903,0.3029959292787648,success
681,2000,8,3,2.0,3.300000000000001,0.01,0.6700000000000002,5.0,4,404,27,69,0,0.7563238875459838,0.30335540466075434,success
680,2000,8,3,2.0,3.300000000000001,0.01,0.6600000000000001,5.0,4,403,27,70,0,0.7572429629796985,0.30171748866594417,success
682,2000,8,3,2.0,3.300000000000001,0.01,0.6800000000000002,5.0,4,405,27,68,0,0.7535636617798938,0.3059114639544309,success
683,2000,8,3,2.0,3.300000000000001,0.01,0.6900000000000002,5.0,4,405,27,68,0,0.7532786535432785,0.3063591871440013,success
684,2000,8,3,2.0,3.300000000000001,0.01,0.7000000000000002,5.0,4,405,27,68,0,0.7478421785222998,0.31032703291499103,success
685,2000,8,3,2.0,3.300000000000001,0.01,0.7100000000000002,5.0,4,406,27,67,0,0.75251825184304,0.3102389584279937,success
686,2000,8,3,2.0,3.300000000000001,0.01,0.7200000000000002,5.0,4,406,27,67,0,0.7522471941500929,0.310561534554643,success
687,2000,8,3,2.0,3.300000000000001,0.01,0.7300000000000002,5.0,4,406,27,67,0,0.7522333240084882,0.3105705385187455,success
688,2000,8,3,2.0,3.300000000000001,0.01,0.7400000000000002,5.0,4,406,27,67,0,0.7588896334584909,0.31036523980180863,success
689,2000,8,3,2.0,3.300000000000001,0.01,0.7500000000000002,5.0,4,406,27,67,0,0.7533020055918193,0.30943812290955974,success
690,2000,8,3,2.0,3.300000000000001,0.01,0.7600000000000002,5.0,4,406,27,67,0,0.7521662798659081,0.31008571894877435,success
691,2000,8,3,2.0,3.300000000000001,0.01,0.7700000000000002,5.0,4,407,27,66,0,0.7521066541763712,0.30789809388438905,success
692,2000,8,3,2.0,3.300000000000001,0.01,0.7800000000000002,5.0,4,407,27,66,0,0.7517034761563419,0.3083931030722699,success
693,2000,8,3,2.0,3.300000000000001,0.01,0.7900000000000003,5.0,4,409,27,64,0,0.7395372120291923,0.309643023423799,success
694,2000,8,3,2.0,3.300000000000001,0.01,0.8000000000000003,5.0,4,409,27,64,0,0.7365401771137952,0.31140496225768916,success
695,2000,8,3,2.0,3.300000000000001,0.01,0.8100000000000003,5.0,4,410,27,63,0,0.7395175759297864,0.3138866396318817,success
696,2000,8,3,2.0,3.300000000000001,0.01,0.8200000000000003,5.0,4,411,27,62,0,0.7415897038875306,0.3163950497897967,success
697,2000,8,3,2.0,3.300000000000001,0.01,0.8300000000000003,5.0,4,411,27,62,0,0.7415707046717982,0.3164238417069113,success
698,2000,8,3,2.0,3.300000000000001,0.01,0.8400000000000003,5.0,4,411,27,62,0,0.7415707046717982,0.3164238417069113,success
699,2000,8,3,2.0,3.300000000000001,0.01,0.8500000000000003,5.0,4,411,27,62,0,0.7415707046717982,0.3164238417069113,success
700,2000,8,3,2.0,3.300000000000001,0.01,0.8600000000000003,5.0,4,412,27,61,0,0.7367908630276837,0.31542786224279956,success
701,2000,8,3,2.0,3.300000000000001,0.01,0.8700000000000003,5.0,4,412,27,61,0,0.7336040854652447,0.3162420803546607,success
702,2000,8,3,2.0,3.300000000000001,0.01,0.8800000000000003,5.0,4,413,27,60,0,0.7413436580645101,0.31303071820109163,success
703,2000,8,3,2.0,3.300000000000001,0.01,0.8900000000000003,5.0,4,413,27,60,0,0.7413436580645101,0.31303071820109163,success
704,2000,8,3,2.0,3.300000000000001,0.01,0.9000000000000004,5.0,4,413,27,60,0,0.7413436580645101,0.31303071820109163,success
705,2000,8,3,2.0,3.300000000000001,0.01,0.9100000000000004,5.0,4,413,27,60,0,0.734185808797436,0.31839471881602904,success
707,2000,8,3,2.0,3.300000000000001,0.01,0.9300000000000004,5.0,4,415,27,58,0,0.7480670931619311,0.3142501661535103,success
706,2000,8,3,2.0,3.300000000000001,0.01,0.9200000000000004,5.0,4,413,27,60,0,0.7339524053844584,0.3185856167624575,success
708,2000,8,3,2.0,3.300000000000001,0.01,0.9400000000000004,5.0,4,415,27,58,0,0.7480670931619311,0.3142501661535103,success
709,2000,8,3,2.0,3.300000000000001,0.01,0.9500000000000004,5.0,4,415,27,58,0,0.7496153875619759,0.31392391709493117,success
710,2000,8,3,2.0,3.300000000000001,0.01,0.9600000000000004,5.0,4,415,27,58,0,0.7495877518609626,0.31397125061345954,success
711,2000,8,3,2.0,3.300000000000001,0.01,0.9700000000000004,5.0,4,415,27,58,0,0.7495877518609626,0.31397125061345954,success
712,2000,8,3,2.0,3.300000000000001,0.01,0.9800000000000004,5.0,4,415,27,58,0,0.7488306213457936,0.3141892302359785,success
713,2000,8,3,2.0,3.300000000000001,0.01,0.9900000000000004,5.0,4,415,27,58,0,0.7488306213457936,0.3141892302359785,success
715,2000,8,3,2.0,3.4000000000000012,0.01,0.5,5.0,4,370,35,95,0,0.7779694361432985,0.2883853874616354,success
714,2000,8,3,2.0,3.300000000000001,0.01,1.0000000000000004,5.0,4,415,27,58,0,0.7488306213457936,0.3141892302359785,success
716,2000,8,3,2.0,3.4000000000000012,0.01,0.51,5.0,4,372,34,94,0,0.772334667111865,0.29162879001653835,success
717,2000,8,3,2.0,3.4000000000000012,0.01,0.52,5.0,4,373,34,93,0,0.7741211768886835,0.2926918274930908,success
718,2000,8,3,2.0,3.4000000000000012,0.01,0.53,5.0,4,378,34,88,0,0.788081994171139,0.2940799050148297,success
719,2000,8,3,2.0,3.4000000000000012,0.01,0.54,5.0,4,379,34,87,0,0.7856461550236808,0.29489049479283636,success
720,2000,8,3,2.0,3.4000000000000012,0.01,0.55,5.0,4,381,34,85,0,0.7863736001134356,0.2916803432357132,success
721,2000,8,3,2.0,3.4000000000000012,0.01,0.56,5.0,4,381,34,85,0,0.7838946359776183,0.292314432477167,success
722,2000,8,3,2.0,3.4000000000000012,0.01,0.5700000000000001,5.0,4,382,34,84,0,0.7813219530725901,0.293100410558194,success
723,2000,8,3,2.0,3.4000000000000012,0.01,0.5800000000000001,5.0,4,383,34,83,0,0.7906752296156333,0.28198803548444173,success
724,2000,8,3,2.0,3.4000000000000012,0.01,0.5900000000000001,5.0,4,383,34,83,0,0.7852743266306889,0.28222275225660737,success
725,2000,8,3,2.0,3.4000000000000012,0.01,0.6000000000000001,5.0,4,384,34,82,0,0.7871578423965647,0.2834341592746564,success
726,2000,8,3,2.0,3.4000000000000012,0.01,0.6100000000000001,5.0,4,384,34,82,0,0.7871578423965647,0.2834341592746564,success
727,2000,8,3,2.0,3.4000000000000012,0.01,0.6200000000000001,5.0,4,385,34,81,0,0.7864235719131721,0.2851216336707871,success
729,2000,8,3,2.0,3.4000000000000012,0.01,0.6400000000000001,5.0,4,385,32,83,0,0.7872193761410198,0.2830770285524579,success
728,2000,8,3,2.0,3.4000000000000012,0.01,0.6300000000000001,5.0,4,385,32,83,0,0.7872193761410198,0.2830770285524579,success
730,2000,8,3,2.0,3.4000000000000012,0.01,0.6500000000000001,5.0,4,386,32,82,0,0.7981583349805424,0.2771264873065536,success
731,2000,8,3,2.0,3.4000000000000012,0.01,0.6600000000000001,5.0,4,387,32,81,0,0.8033573334994154,0.2747399850093899,success
732,2000,8,3,2.0,3.4000000000000012,0.01,0.6700000000000002,5.0,4,387,32,81,0,0.7993985783400819,0.2763480616752248,success
733,2000,8,3,2.0,3.4000000000000012,0.01,0.6800000000000002,5.0,4,387,31,82,0,0.7969425718825346,0.2758309617298196,success
734,2000,8,3,2.0,3.4000000000000012,0.01,0.6900000000000002,5.0,4,387,31,82,0,0.7918050340747648,0.2760796193619402,success
735,2000,8,3,2.0,3.4000000000000012,0.01,0.7000000000000002,5.0,4,387,31,82,0,0.7873193048113567,0.2790322502689245,success
736,2000,8,3,2.0,3.4000000000000012,0.01,0.7100000000000002,5.0,4,388,31,81,0,0.7916891719270948,0.27793310427283924,success
737,2000,8,3,2.0,3.4000000000000012,0.01,0.7200000000000002,5.0,4,388,31,81,0,0.7956814051011137,0.2785425987738326,success
738,2000,8,3,2.0,3.4000000000000012,0.01,0.7300000000000002,5.0,4,388,31,81,0,0.7956814051011137,0.2785425987738326,success
739,2000,8,3,2.0,3.4000000000000012,0.01,0.7400000000000002,5.0,4,388,31,81,0,0.8010855429373342,0.27756171839554766,success
740,2000,8,3,2.0,3.4000000000000012,0.01,0.7500000000000002,5.0,4,390,31,79,0,0.7913108596311025,0.2790165600094921,success
741,2000,8,3,2.0,3.4000000000000012,0.01,0.7600000000000002,5.0,4,390,31,79,0,0.7903476492053296,0.27975712102744915,success
742,2000,8,3,2.0,3.4000000000000012,0.01,0.7700000000000002,5.0,4,390,31,79,0,0.7855121116411784,0.2793880816782202,success
743,2000,8,3,2.0,3.4000000000000012,0.01,0.7800000000000002,5.0,4,391,31,78,0,0.7894293408745318,0.27911259615973255,success
744,2000,8,3,2.0,3.4000000000000012,0.01,0.7900000000000003,5.0,4,392,31,77,0,0.7830316978151065,0.280122512942425,success
745,2000,8,3,2.0,3.4000000000000012,0.01,0.8000000000000003,5.0,4,392,31,77,0,0.7813066294146911,0.2808799670916724,success
747,2000,8,3,2.0,3.4000000000000012,0.01,0.8200000000000003,5.0,4,394,31,75,0,0.7850820163854731,0.2847249702934015,success
748,2000,8,3,2.0,3.4000000000000012,0.01,0.8300000000000003,5.0,4,395,31,74,0,0.7821777193096011,0.28554780131660373,success
746,2000,8,3,2.0,3.4000000000000012,0.01,0.8100000000000003,5.0,4,393,31,76,0,0.7844504375065879,0.28212217458030925,success
750,2000,8,3,2.0,3.4000000000000012,0.01,0.8500000000000003,5.0,4,395,31,74,0,0.7821777193096011,0.28554780131660373,success
749,2000,8,3,2.0,3.4000000000000012,0.01,0.8400000000000003,5.0,4,395,31,74,0,0.7821777193096011,0.28554780131660373,success
751,2000,8,3,2.0,3.4000000000000012,0.01,0.8600000000000003,5.0,4,396,31,73,0,0.7769692534692522,0.2862420228122049,success
752,2000,8,3,2.0,3.4000000000000012,0.01,0.8700000000000003,5.0,4,396,31,73,0,0.7743063297526935,0.2873699071727724,success
754,2000,8,3,2.0,3.4000000000000012,0.01,0.8900000000000003,5.0,4,397,31,72,0,0.7824454205680774,0.2832179506473701,success
753,2000,8,3,2.0,3.4000000000000012,0.01,0.8800000000000003,5.0,4,397,31,72,0,0.7812134382470287,0.28321870688254985,success
755,2000,8,3,2.0,3.4000000000000012,0.01,0.9000000000000004,5.0,4,397,31,72,0,0.7824454205680774,0.2832179506473701,success
756,2000,8,3,2.0,3.4000000000000012,0.01,0.9100000000000004,5.0,4,397,31,72,0,0.7768696539581335,0.2869022274173134,success
757,2000,8,3,2.0,3.4000000000000012,0.01,0.9200000000000004,5.0,4,397,31,72,0,0.7764454291410069,0.28724293710789833,success
758,2000,8,3,2.0,3.4000000000000012,0.01,0.9300000000000004,5.0,4,398,31,71,0,0.7794108157180024,0.2873022465943619,success
759,2000,8,3,2.0,3.4000000000000012,0.01,0.9400000000000004,5.0,4,398,31,71,0,0.7794108157180024,0.2873022465943619,success
761,2000,8,3,2.0,3.4000000000000012,0.01,0.9600000000000004,5.0,4,398,31,71,0,0.7806756195940954,0.28687217342686294,success
760,2000,8,3,2.0,3.4000000000000012,0.01,0.9500000000000004,5.0,4,398,31,71,0,0.7806756195940954,0.28687217342686294,success
762,2000,8,3,2.0,3.4000000000000012,0.01,0.9700000000000004,5.0,4,398,31,71,0,0.7806756195940954,0.28687217342686294,success
763,2000,8,3,2.0,3.4000000000000012,0.01,0.9800000000000004,5.0,4,398,31,71,0,0.7800571186098725,0.2871345207589689,success
764,2000,8,3,2.0,3.4000000000000012,0.01,0.9900000000000004,5.0,4,398,31,71,0,0.7800571186098725,0.2871345207589689,success
765,2000,8,3,2.0,3.4000000000000012,0.01,1.0000000000000004,5.0,4,398,31,71,0,0.7800571186098725,0.2871345207589689,success
766,2000,8,3,2.0,3.5000000000000013,0.01,0.5,5.0,4,347,45,108,0,0.812109710688262,0.26647316489987655,success
767,2000,8,3,2.0,3.5000000000000013,0.01,0.51,5.0,4,348,45,107,0,0.8074786077498527,0.26996379690022554,success
768,2000,8,3,2.0,3.5000000000000013,0.01,0.52,5.0,4,349,45,106,0,0.8093775638808162,0.27052731983292183,success
769,2000,8,3,2.0,3.5000000000000013,0.01,0.53,5.0,4,351,45,104,0,0.8162240266274272,0.2685100647996714,success
770,2000,8,3,2.0,3.5000000000000013,0.01,0.54,5.0,4,353,45,102,0,0.8178602544331848,0.2682735686330672,success
771,2000,8,3,2.0,3.5000000000000013,0.01,0.55,5.0,4,355,45,100,0,0.8191228647476667,0.26458995379536643,success
772,2000,8,3,2.0,3.5000000000000013,0.01,0.56,5.0,4,355,45,100,0,0.8170157452322221,0.26544724598859465,success
773,2000,8,3,2.0,3.5000000000000013,0.01,0.5700000000000001,5.0,4,356,45,99,0,0.8151674194264867,0.2661505701642297,success
774,2000,8,3,2.0,3.5000000000000013,0.01,0.5800000000000001,5.0,4,357,45,98,0,0.8234344339104305,0.2544221557692003,success
775,2000,8,3,2.0,3.5000000000000013,0.01,0.5900000000000001,5.0,4,357,45,98,0,0.8183866298683615,0.2559353724972866,success
776,2000,8,3,2.0,3.5000000000000013,0.01,0.6000000000000001,5.0,4,358,45,97,0,0.8203202442605212,0.25654436543282805,success
780,2000,8,3,2.0,3.5000000000000013,0.01,0.6400000000000001,5.0,4,359,43,98,0,0.820033967718948,0.2565179036836353,success
778,2000,8,3,2.0,3.5000000000000013,0.01,0.6200000000000001,5.0,4,359,45,96,0,0.8200461452262416,0.2578767858497549,success
777,2000,8,3,2.0,3.5000000000000013,0.01,0.6100000000000001,5.0,4,358,45,97,0,0.8203202442605212,0.25654436543282805,success
779,2000,8,3,2.0,3.5000000000000013,0.01,0.6300000000000001,5.0,4,359,43,98,0,0.820033967718948,0.2565179036836353,success
781,2000,8,3,2.0,3.5000000000000013,0.01,0.6500000000000001,5.0,4,360,43,97,0,0.8295917070422998,0.2495077172637523,success
782,2000,8,3,2.0,3.5000000000000013,0.01,0.6600000000000001,5.0,4,360,43,97,0,0.8294776866909926,0.24966423613167057,success
783,2000,8,3,2.0,3.5000000000000013,0.01,0.6700000000000002,5.0,4,360,43,97,0,0.8269737822701791,0.25066044271259796,success
784,2000,8,3,2.0,3.5000000000000013,0.01,0.6800000000000002,5.0,4,361,42,97,0,0.8258494311175556,0.25172002476223165,success
785,2000,8,3,2.0,3.5000000000000013,0.01,0.6900000000000002,5.0,4,361,42,97,0,0.8215063579192345,0.25245980963618864,success
786,2000,8,3,2.0,3.5000000000000013,0.01,0.7000000000000002,5.0,4,361,42,97,0,0.8176410552627814,0.25560487935091514,success
788,2000,8,3,2.0,3.5000000000000013,0.01,0.7200000000000002,5.0,4,361,42,97,0,0.8209163449872823,0.2558878780990837,success
787,2000,8,3,2.0,3.5000000000000013,0.01,0.7100000000000002,5.0,4,361,42,97,0,0.8176410552627814,0.25560487935091514,success
789,2000,8,3,2.0,3.5000000000000013,0.01,0.7300000000000002,5.0,4,362,42,96,0,0.8230302361218998,0.25637832214921347,success
790,2000,8,3,2.0,3.5000000000000013,0.01,0.7400000000000002,5.0,4,361,42,97,0,0.8251529084087927,0.2538611273758281,success
791,2000,8,3,2.0,3.5000000000000013,0.01,0.7500000000000002,5.0,4,363,42,95,0,0.8175311689324835,0.255448792069584,success
792,2000,8,3,2.0,3.5000000000000013,0.01,0.7600000000000002,5.0,4,363,42,95,0,0.8171743356936121,0.2560391678643917,success
793,2000,8,3,2.0,3.5000000000000013,0.01,0.7700000000000002,5.0,4,363,42,95,0,0.8171743356936121,0.2560391678643917,success
794,2000,8,3,2.0,3.5000000000000013,0.01,0.7800000000000002,5.0,4,364,42,94,0,0.816201539085141,0.2559219471701376,success
796,2000,8,3,2.0,3.5000000000000013,0.01,0.8000000000000003,5.0,4,366,42,92,0,0.8115634524282507,0.2599014368241051,success
795,2000,8,3,2.0,3.5000000000000013,0.01,0.7900000000000003,5.0,4,366,42,92,0,0.8108541000463746,0.2582989917471452,success
797,2000,8,3,2.0,3.5000000000000013,0.01,0.8100000000000003,5.0,4,367,42,91,0,0.8154996371528341,0.25856924437709466,success
798,2000,8,3,2.0,3.5000000000000013,0.01,0.8200000000000003,5.0,4,369,42,89,0,0.8185999149088277,0.26118328800659746,success
799,2000,8,3,2.0,3.5000000000000013,0.01,0.8300000000000003,5.0,4,369,42,89,0,0.8185999149088277,0.26118328800659746,success
800,2000,8,3,2.0,3.5000000000000013,0.01,0.8400000000000003,5.0,4,369,42,89,0,0.8185999149088277,0.26118328800659746,success
802,2000,8,3,2.0,3.5000000000000013,0.01,0.8600000000000003,5.0,4,369,42,89,0,0.8103223957719063,0.26483523578108803,success
801,2000,8,3,2.0,3.5000000000000013,0.01,0.8500000000000003,5.0,4,369,42,89,0,0.8185999149088277,0.26118328800659746,success
803,2000,8,3,2.0,3.5000000000000013,0.01,0.8700000000000003,5.0,4,369,42,89,0,0.8102694704546433,0.2649006991409649,success
804,2000,8,3,2.0,3.5000000000000013,0.01,0.8800000000000003,5.0,4,370,42,88,0,0.8151854592641502,0.26230398165248486,success
805,2000,8,3,2.0,3.5000000000000013,0.01,0.8900000000000003,5.0,4,370,42,88,0,0.8161934447995537,0.2621716685244286,success
806,2000,8,3,2.0,3.5000000000000013,0.01,0.9000000000000004,5.0,4,371,42,87,0,0.820681141816937,0.26026974277738607,success
807,2000,8,3,2.0,3.5000000000000013,0.01,0.9100000000000004,5.0,4,371,42,87,0,0.8161450258522039,0.2641550714890461,success
808,2000,8,3,2.0,3.5000000000000013,0.01,0.9200000000000004,5.0,4,371,41,88,0,0.8178871938898709,0.26372085845673865,success
810,2000,8,3,2.0,3.5000000000000013,0.01,0.9400000000000004,5.0,4,372,41,87,0,0.8207835641394747,0.2630620124514131,success
811,2000,8,3,2.0,3.5000000000000013,0.01,0.9500000000000004,5.0,4,373,41,86,0,0.8271159309911276,0.25933084206262713,success
809,2000,8,3,2.0,3.5000000000000013,0.01,0.9300000000000004,5.0,4,372,41,87,0,0.8207835641394747,0.2630620124514131,success
812,2000,8,3,2.0,3.5000000000000013,0.01,0.9600000000000004,5.0,4,373,41,86,0,0.8271159309911276,0.25933084206262713,success
813,2000,8,3,2.0,3.5000000000000013,0.01,0.9700000000000004,5.0,4,373,41,86,0,0.8271159309911276,0.25933084206262713,success
815,2000,8,3,2.0,3.5000000000000013,0.01,0.9900000000000004,5.0,4,373,41,86,0,0.8266053080855482,0.259662359400155,success
814,2000,8,3,2.0,3.5000000000000013,0.01,0.9800000000000004,5.0,4,373,41,86,0,0.8266053080855482,0.259662359400155,success
816,2000,8,3,2.0,3.5000000000000013,0.01,1.0000000000000004,5.0,4,374,41,85,0,0.8314571803055892,0.25725204708929555,success
817,2000,8,3,2.0,3.6000000000000014,0.01,0.5,5.0,4,323,52,125,0,0.8243414981487853,0.25782621166391817,success
818,2000,8,3,2.0,3.6000000000000014,0.01,0.51,5.0,4,324,52,124,0,0.8216292375947919,0.26160932017472566,success
819,2000,8,3,2.0,3.6000000000000014,0.01,0.52,5.0,4,325,52,123,0,0.8233807821454183,0.26194823258900507,success
820,2000,8,3,2.0,3.6000000000000014,0.01,0.53,5.0,4,327,52,121,0,0.8294968033204326,0.2596937990228822,success
821,2000,8,3,2.0,3.6000000000000014,0.01,0.54,5.0,4,329,52,119,0,0.8311223561739898,0.2592535454324586,success
822,2000,8,3,2.0,3.6000000000000014,0.01,0.55,5.0,4,330,52,118,0,0.8338312727822005,0.25518654691067805,success
823,2000,8,3,2.0,3.6000000000000014,0.01,0.56,5.0,4,330,52,118,0,0.8319683441682686,0.2561488351837673,success
824,2000,8,3,2.0,3.6000000000000014,0.01,0.5700000000000001,5.0,4,331,52,117,0,0.8305321761697069,0.25677298533203397,success
825,2000,8,3,2.0,3.6000000000000014,0.01,0.5800000000000001,5.0,4,332,52,116,0,0.837648832860825,0.24602537961333643,success
826,2000,8,3,2.0,3.6000000000000014,0.01,0.5900000000000001,5.0,4,332,52,116,0,0.8339557476018284,0.24701968883448622,success
827,2000,8,3,2.0,3.6000000000000014,0.01,0.6000000000000001,5.0,4,333,52,115,0,0.835589570103583,0.24755969794267185,success
828,2000,8,3,2.0,3.6000000000000014,0.01,0.6100000000000001,5.0,4,333,52,115,0,0.835589570103583,0.24755969794267185,success
829,2000,8,3,2.0,3.6000000000000014,0.01,0.6200000000000001,5.0,4,334,52,114,0,0.8354926913189533,0.2486504924782337,success
830,2000,8,3,2.0,3.6000000000000014,0.01,0.6300000000000001,5.0,4,334,50,116,0,0.8324772490103466,0.2475536382822771,success
831,2000,8,3,2.0,3.6000000000000014,0.01,0.6400000000000001,5.0,4,334,50,116,0,0.8324772490103466,0.2475536382822771,success
832,2000,8,3,2.0,3.6000000000000014,0.01,0.6500000000000001,5.0,4,335,50,115,0,0.840088127869784,0.24140659065224823,success
833,2000,8,3,2.0,3.6000000000000014,0.01,0.6600000000000001,5.0,4,335,50,115,0,0.8399919541821597,0.2415470429361241,success
834,2000,8,3,2.0,3.6000000000000014,0.01,0.6700000000000002,5.0,4,335,49,116,0,0.8379944592899392,0.24145489166626136,success
835,2000,8,3,2.0,3.6000000000000014,0.01,0.6800000000000002,5.0,4,336,48,116,0,0.8375823706996478,0.24172093063834105,success
836,2000,8,3,2.0,3.6000000000000014,0.01,0.6900000000000002,5.0,4,336,48,116,0,0.8338290215112414,0.24263863552803797,success
837,2000,8,3,2.0,3.6000000000000014,0.01,0.7000000000000002,5.0,4,337,48,115,0,0.8291114218075156,0.2462789792622931,success
838,2000,8,3,2.0,3.6000000000000014,0.01,0.7100000000000002,5.0,4,337,48,115,0,0.8291114218075156,0.2462789792622931,success
839,2000,8,3,2.0,3.6000000000000014,0.01,0.7200000000000002,5.0,4,337,48,115,0,0.8318740574881817,0.24639952873741655,success
840,2000,8,3,2.0,3.6000000000000014,0.01,0.7300000000000002,5.0,4,338,48,114,0,0.8337502966234814,0.24666088974741338,success
843,2000,8,3,2.0,3.6000000000000014,0.01,0.7600000000000002,5.0,4,339,48,113,0,0.8287111908044265,0.24669637256309426,success
841,2000,8,3,2.0,3.6000000000000014,0.01,0.7400000000000002,5.0,4,337,48,115,0,0.8352250985747218,0.24469109371018616,success
842,2000,8,3,2.0,3.6000000000000014,0.01,0.7500000000000002,5.0,4,339,48,113,0,0.828995710345363,0.24618954432727352,success
844,2000,8,3,2.0,3.6000000000000014,0.01,0.7700000000000002,5.0,4,339,48,113,0,0.8287111908044265,0.24669637256309426,success
845,2000,8,3,2.0,3.6000000000000014,0.01,0.7800000000000002,5.0,4,340,48,112,0,0.8279977441429491,0.2465453339598653,success
846,2000,8,3,2.0,3.6000000000000014,0.01,0.7900000000000003,5.0,4,342,48,110,0,0.8231553358859296,0.24906391610555978,success
847,2000,8,3,2.0,3.6000000000000014,0.01,0.8000000000000003,5.0,4,342,48,110,0,0.8237486124234987,0.2504225095752535,success
848,2000,8,3,2.0,3.6000000000000014,0.01,0.8100000000000003,5.0,4,343,48,109,0,0.8271465754504009,0.24901858956815603,success
849,2000,8,3,2.0,3.6000000000000014,0.01,0.8200000000000003,5.0,4,345,48,107,0,0.8301757232217905,0.2506856824192383,success
850,2000,8,3,2.0,3.6000000000000014,0.01,0.8300000000000003,5.0,4,345,48,107,0,0.8301757232217905,0.2506856824192383,success
851,2000,8,3,2.0,3.6000000000000014,0.01,0.8400000000000003,5.0,4,345,48,107,0,0.8301757232217905,0.2506856824192383,success
852,2000,8,3,2.0,3.6000000000000014,0.01,0.8500000000000003,5.0,4,345,48,107,0,0.8301757232217905,0.2506856824192383,success
853,2000,8,3,2.0,3.6000000000000014,0.01,0.8600000000000003,5.0,4,345,48,107,0,0.8232906839396784,0.25418237274551947,success
854,2000,8,3,2.0,3.6000000000000014,0.01,0.8700000000000003,5.0,4,345,48,107,0,0.822595869228752,0.25484953842774866,success
855,2000,8,3,2.0,3.6000000000000014,0.01,0.8800000000000003,5.0,4,347,48,105,0,0.830789047251485,0.2501343560702092,success
856,2000,8,3,2.0,3.6000000000000014,0.01,0.8900000000000003,5.0,4,347,48,105,0,0.830789047251485,0.2501343560702092,success
858,2000,8,3,2.0,3.6000000000000014,0.01,0.9100000000000004,5.0,4,348,48,104,0,0.8308888852710281,0.25175000044961754,success
857,2000,8,3,2.0,3.6000000000000014,0.01,0.9000000000000004,5.0,4,348,48,104,0,0.834683520741526,0.24812629076727974,success
859,2000,8,3,2.0,3.6000000000000014,0.01,0.9200000000000004,5.0,4,348,47,105,0,0.8323419436774522,0.2512207305959348,success
861,2000,8,3,2.0,3.6000000000000014,0.01,0.9400000000000004,5.0,4,349,47,104,0,0.8349941474189497,0.2502447519359343,success
860,2000,8,3,2.0,3.6000000000000014,0.01,0.9300000000000004,5.0,4,349,47,104,0,0.8349941474189497,0.2502447519359343,success
862,2000,8,3,2.0,3.6000000000000014,0.01,0.9500000000000004,5.0,4,350,47,103,0,0.8403081309224837,0.24669201329171322,success
863,2000,8,3,2.0,3.6000000000000014,0.01,0.9600000000000004,5.0,4,350,47,103,0,0.8403081309224837,0.24669201329171322,success
864,2000,8,3,2.0,3.6000000000000014,0.01,0.9700000000000004,5.0,4,350,47,103,0,0.8403081309224837,0.24669201329171322,success
865,2000,8,3,2.0,3.6000000000000014,0.01,0.9800000000000004,5.0,4,350,47,103,0,0.8398817855838446,0.2470055145633688,success
866,2000,8,3,2.0,3.6000000000000014,0.01,0.9900000000000004,5.0,4,350,47,103,0,0.8391599943244786,0.24776768768108196,success
867,2000,8,3,2.0,3.6000000000000014,0.01,1.0000000000000004,5.0,4,351,47,102,0,0.842485092308052,0.2466709661170552,success
868,2000,8,3,2.0,3.7000000000000015,0.01,0.5,5.0,4,309,58,133,0,0.8498822628163631,0.24819525133405684,success
869,2000,8,3,2.0,3.7000000000000015,0.01,0.51,5.0,4,310,58,132,0,0.8462974629450404,0.25171027671563273,success
870,2000,8,3,2.0,3.7000000000000015,0.01,0.52,5.0,4,311,57,132,0,0.844296675197328,0.2515287897146786,success
871,2000,8,3,2.0,3.7000000000000015,0.01,0.53,5.0,4,311,57,132,0,0.850844660211581,0.24945299089531284,success
872,2000,8,3,2.0,3.7000000000000015,0.01,0.54,5.0,4,312,57,131,0,0.8497060698315168,0.2500660368029646,success
873,2000,8,3,2.0,3.7000000000000015,0.01,0.55,5.0,4,313,57,130,0,0.8523078842424888,0.24597614224458209,success
875,2000,8,3,2.0,3.7000000000000015,0.01,0.5700000000000001,5.0,4,314,57,129,0,0.8495295581393728,0.24751349993600819,success
876,2000,8,3,2.0,3.7000000000000015,0.01,0.5800000000000001,5.0,4,315,57,128,0,0.8561274453123365,0.23682368427330527,success
874,2000,8,3,2.0,3.7000000000000015,0.01,0.56,5.0,4,313,57,130,0,0.8506870230767622,0.24690522565649337,success
878,2000,8,3,2.0,3.7000000000000015,0.01,0.6000000000000001,5.0,4,316,57,127,0,0.8543511448024361,0.23794743576008123,success
877,2000,8,3,2.0,3.7000000000000015,0.01,0.5900000000000001,5.0,4,315,57,128,0,0.8531431637367801,0.23740249232911453,success
879,2000,8,3,2.0,3.7000000000000015,0.01,0.6100000000000001,5.0,4,316,57,127,0,0.8543511448024361,0.23794743576008123,success
880,2000,8,3,2.0,3.7000000000000015,0.01,0.6200000000000001,5.0,4,317,57,126,0,0.8544123939552225,0.2388963243658999,success
881,2000,8,3,2.0,3.7000000000000015,0.01,0.6300000000000001,5.0,4,317,55,128,0,0.851384029009356,0.2382486665086227,success
882,2000,8,3,2.0,3.7000000000000015,0.01,0.6400000000000001,5.0,4,317,55,128,0,0.851384029009356,0.2382486665086227,success
884,2000,8,3,2.0,3.7000000000000015,0.01,0.6600000000000001,5.0,4,318,55,127,0,0.8540330990717705,0.23437788699559275,success
883,2000,8,3,2.0,3.7000000000000015,0.01,0.6500000000000001,5.0,4,317,55,128,0,0.8552598715327473,0.23367364963733092,success
885,2000,8,3,2.0,3.7000000000000015,0.01,0.6700000000000002,5.0,4,318,55,127,0,0.8540330990717705,0.23437788699559275,success
886,2000,8,3,2.0,3.7000000000000015,0.01,0.6800000000000002,5.0,4,318,54,128,0,0.8525114798145838,0.23408718947079712,success
889,2000,8,3,2.0,3.7000000000000015,0.01,0.7100000000000002,5.0,4,319,54,127,0,0.8458466835259177,0.23937439579977485,success
887,2000,8,3,2.0,3.7000000000000015,0.01,0.6900000000000002,5.0,4,318,54,128,0,0.8491100071125903,0.23516564254719938,success
888,2000,8,3,2.0,3.7000000000000015,0.01,0.7000000000000002,5.0,4,319,54,127,0,0.8464499017217089,0.23879670937004283,success
890,2000,8,3,2.0,3.7000000000000015,0.01,0.7200000000000002,5.0,4,320,54,126,0,0.8471446977068899,0.2398808362370318,success
891,2000,8,3,2.0,3.7000000000000015,0.01,0.7300000000000002,5.0,4,320,54,126,0,0.8482311344944603,0.23914350438828855,success
893,2000,8,3,2.0,3.7000000000000015,0.01,0.7500000000000002,5.0,4,321,54,125,0,0.8424372895461634,0.23981921982965432,success
892,2000,8,3,2.0,3.7000000000000015,0.01,0.7400000000000002,5.0,4,319,54,127,0,0.8478663957506882,0.23822809493192973,success
894,2000,8,3,2.0,3.7000000000000015,0.01,0.7600000000000002,5.0,4,320,54,126,0,0.8426567866903067,0.23887072379770322,success
895,2000,8,3,2.0,3.7000000000000015,0.01,0.7700000000000002,5.0,4,320,54,126,0,0.8426567866903067,0.23887072379770322,success
896,2000,8,3,2.0,3.7000000000000015,0.01,0.7800000000000002,5.0,4,321,53,126,0,0.8420024800515225,0.23774916734501048,success
897,2000,8,3,2.0,3.7000000000000015,0.01,0.7900000000000003,5.0,4,322,53,125,0,0.8374351048656161,0.2392502350745893,success
898,2000,8,3,2.0,3.7000000000000015,0.01,0.8000000000000003,5.0,4,322,53,125,0,0.837957188218677,0.2404624547713851,success
899,2000,8,3,2.0,3.7000000000000015,0.01,0.8100000000000003,5.0,4,323,53,124,0,0.8407102383598436,0.23901776709076508,success
900,2000,8,3,2.0,3.7000000000000015,0.01,0.8200000000000003,5.0,4,325,53,122,0,0.8435893050594956,0.24021376334142605,success
901,2000,8,3,2.0,3.7000000000000015,0.01,0.8300000000000003,5.0,4,325,53,122,0,0.8435893050594956,0.24021376334142605,success
902,2000,8,3,2.0,3.7000000000000015,0.01,0.8400000000000003,5.0,4,325,53,122,0,0.8435893050594956,0.24021376334142605,success
903,2000,8,3,2.0,3.7000000000000015,0.01,0.8500000000000003,5.0,4,325,53,122,0,0.8435893050594956,0.24021376334142605,success
904,2000,8,3,2.0,3.7000000000000015,0.01,0.8600000000000003,5.0,4,325,53,122,0,0.8380712442961255,0.24285973681056672,success
907,2000,8,3,2.0,3.7000000000000015,0.01,0.8900000000000003,5.0,4,328,53,119,0,0.8459253514416176,0.238467146778704,success
905,2000,8,3,2.0,3.7000000000000015,0.01,0.8700000000000003,5.0,4,326,53,121,0,0.8427227429653835,0.23942784915343887,success
908,2000,8,3,2.0,3.7000000000000015,0.01,0.9000000000000004,5.0,4,328,53,119,0,0.8489557373209524,0.23773764078227924,success
906,2000,8,3,2.0,3.7000000000000015,0.01,0.8800000000000003,5.0,4,327,53,120,0,0.8461267562605062,0.23747331921703713,success
909,2000,8,3,2.0,3.7000000000000015,0.01,0.9100000000000004,5.0,4,328,53,119,0,0.8459840473103118,0.24067441283495303,success
910,2000,8,3,2.0,3.7000000000000015,0.01,0.9200000000000004,5.0,4,328,52,120,0,0.8471296803989387,0.24021053112208177,success
911,2000,8,3,2.0,3.7000000000000015,0.01,0.9300000000000004,5.0,4,329,52,119,0,0.8490382613719003,0.24003650320977318,success
912,2000,8,3,2.0,3.7000000000000015,0.01,0.9400000000000004,5.0,4,329,52,119,0,0.8490382613719003,0.24003650320977318,success
913,2000,8,3,2.0,3.7000000000000015,0.01,0.9500000000000004,5.0,4,329,52,119,0,0.8550243635016904,0.23581859618329948,success
914,2000,8,3,2.0,3.7000000000000015,0.01,0.9600000000000004,5.0,4,329,52,119,0,0.8550243635016904,0.23581859618329948,success
915,2000,8,3,2.0,3.7000000000000015,0.01,0.9700000000000004,5.0,4,329,52,119,0,0.8550243635016904,0.23581859618329948,success
916,2000,8,3,2.0,3.7000000000000015,0.01,0.9800000000000004,5.0,4,329,52,119,0,0.8546553419060618,0.23612533385289333,success
917,2000,8,3,2.0,3.7000000000000015,0.01,0.9900000000000004,5.0,4,329,52,119,0,0.8540305982109803,0.23685400668964132,success
919,2000,8,3,2.0,3.8000000000000016,0.01,0.5,5.0,4,283,74,143,0,0.8541414824327035,0.2507384796549625,success
920,2000,8,3,2.0,3.8000000000000016,0.01,0.51,5.0,4,284,74,142,0,0.8540871533069655,0.25281999381139436,success
918,2000,8,3,2.0,3.7000000000000015,0.01,1.0000000000000004,5.0,4,330,52,118,0,0.857030857517853,0.23558218427618696,success
921,2000,8,3,2.0,3.8000000000000016,0.01,0.52,5.0,4,284,73,143,0,0.8532606418663709,0.25212201251291616,success
922,2000,8,3,2.0,3.8000000000000016,0.01,0.53,5.0,4,284,73,143,0,0.8593049357256815,0.2500001428484102,success
923,2000,8,3,2.0,3.8000000000000016,0.01,0.54,5.0,4,285,73,142,0,0.8583141254138904,0.2506031821158386,success
925,2000,8,3,2.0,3.8000000000000016,0.01,0.56,5.0,4,286,73,141,0,0.8604834105707307,0.2479398727538101,success
924,2000,8,3,2.0,3.8000000000000016,0.01,0.55,5.0,4,286,73,141,0,0.8607740114352291,0.24676423355572819,success
926,2000,8,3,2.0,3.8000000000000016,0.01,0.5700000000000001,5.0,4,288,73,139,0,0.8612241628574995,0.2485909131303985,success
927,2000,8,3,2.0,3.8000000000000016,0.01,0.5800000000000001,5.0,4,289,73,138,0,0.8674286857767567,0.23845020795112776,success
928,2000,8,3,2.0,3.8000000000000016,0.01,0.5900000000000001,5.0,4,289,73,138,0,0.8646606564892841,0.2391162397221576,success
929,2000,8,3,2.0,3.8000000000000016,0.01,0.6000000000000001,5.0,4,289,73,138,0,0.8646606564892841,0.2391162397221576,success
930,2000,8,3,2.0,3.8000000000000016,0.01,0.6100000000000001,5.0,4,289,73,138,0,0.8646606564892841,0.2391162397221576,success
931,2000,8,3,2.0,3.8000000000000016,0.01,0.6200000000000001,5.0,4,291,73,136,0,0.8674745356174253,0.23880585211065367,success
932,2000,8,3,2.0,3.8000000000000016,0.01,0.6300000000000001,5.0,4,292,72,136,0,0.8624833155794808,0.2395495135622427,success
933,2000,8,3,2.0,3.8000000000000016,0.01,0.6400000000000001,5.0,4,292,72,136,0,0.8624833155794808,0.2395495135622427,success
934,2000,8,3,2.0,3.8000000000000016,0.01,0.6500000000000001,5.0,4,292,72,136,0,0.866131167366202,0.2351002374452056,success
936,2000,8,3,2.0,3.8000000000000016,0.01,0.6700000000000002,5.0,4,294,71,135,0,0.8651395463837294,0.23569020285654343,success
935,2000,8,3,2.0,3.8000000000000016,0.01,0.6600000000000001,5.0,4,292,72,136,0,0.866131167366202,0.2351002374452056,success
937,2000,8,3,2.0,3.8000000000000016,0.01,0.6800000000000002,5.0,4,295,70,135,0,0.8664284086669313,0.23595019510545887,success
938,2000,8,3,2.0,3.8000000000000016,0.01,0.6900000000000002,5.0,4,295,70,135,0,0.8632033086235598,0.2371563520745212,success
939,2000,8,3,2.0,3.8000000000000016,0.01,0.7000000000000002,5.0,4,296,70,134,0,0.8611353181338423,0.2401710709019462,success
940,2000,8,3,2.0,3.8000000000000016,0.01,0.7100000000000002,5.0,4,296,70,134,0,0.8611353181338423,0.2401710709019462,success
941,2000,8,3,2.0,3.8000000000000016,0.01,0.7200000000000002,5.0,4,297,70,133,0,0.8619342670789696,0.24090028318678733,success
942,2000,8,3,2.0,3.8000000000000016,0.01,0.7300000000000002,5.0,4,298,69,133,0,0.8629635229829837,0.24014133544839136,success
943,2000,8,3,2.0,3.8000000000000016,0.01,0.7400000000000002,5.0,4,298,69,133,0,0.8629635229829837,0.24014133544839136,success
944,2000,8,3,2.0,3.8000000000000016,0.01,0.7500000000000002,5.0,4,300,69,131,0,0.8579552754898389,0.2419876925635279,success
945,2000,8,3,2.0,3.8000000000000016,0.01,0.7600000000000002,5.0,4,299,69,132,0,0.8580472349914933,0.24106462132028506,success
946,2000,8,3,2.0,3.8000000000000016,0.01,0.7700000000000002,5.0,4,299,69,132,0,0.8580472349914933,0.24106462132028506,success
948,2000,8,3,2.0,3.8000000000000016,0.01,0.7900000000000003,5.0,4,299,69,132,0,0.8516270500404286,0.24299955324318642,success
947,2000,8,3,2.0,3.8000000000000016,0.01,0.7800000000000002,5.0,4,299,69,132,0,0.8549516500150548,0.24203937917319887,success
949,2000,8,3,2.0,3.8000000000000016,0.01,0.8000000000000003,5.0,4,299,69,132,0,0.8506207601401864,0.2437932434626031,success
950,2000,8,3,2.0,3.8000000000000016,0.01,0.8100000000000003,5.0,4,300,69,131,0,0.8532972544924013,0.2427745189419525,success
953,2000,8,3,2.0,3.8000000000000016,0.01,0.8400000000000003,5.0,4,302,69,129,0,0.8570153996890527,0.24281065575474942,success
951,2000,8,3,2.0,3.8000000000000016,0.01,0.8200000000000003,5.0,4,302,69,129,0,0.8571299110974768,0.24266956933093883,success
952,2000,8,3,2.0,3.8000000000000016,0.01,0.8300000000000003,5.0,4,302,69,129,0,0.8570153996890527,0.24281065575474942,success
955,2000,8,3,2.0,3.8000000000000016,0.01,0.8600000000000003,5.0,4,303,68,129,0,0.8544357423433698,0.24532431004300356,success
954,2000,8,3,2.0,3.8000000000000016,0.01,0.8500000000000003,5.0,4,303,69,128,0,0.8558983324991234,0.24343172405042857,success
956,2000,8,3,2.0,3.8000000000000016,0.01,0.8700000000000003,5.0,4,304,68,128,0,0.8587218245224442,0.2423692175132533,success
957,2000,8,3,2.0,3.8000000000000016,0.01,0.8800000000000003,5.0,4,305,68,127,0,0.862064192057655,0.2403492458801185,success
958,2000,8,3,2.0,3.8000000000000016,0.01,0.8900000000000003,5.0,4,306,68,126,0,0.8620004639810631,0.24130765045445826,success
959,2000,8,3,2.0,3.8000000000000016,0.01,0.9000000000000004,5.0,4,306,67,127,0,0.8630870745008973,0.24065991764668318,success
960,2000,8,3,2.0,3.8000000000000016,0.01,0.9100000000000004,5.0,4,306,67,127,0,0.8621579994423771,0.24183849320697223,success
961,2000,8,3,2.0,3.8000000000000016,0.01,0.9200000000000004,5.0,4,306,67,127,0,0.8620277633632082,0.24197543195360502,success
962,2000,8,3,2.0,3.8000000000000016,0.01,0.9300000000000004,5.0,4,307,67,126,0,0.8639485508135787,0.24171027325870478,success
963,2000,8,3,2.0,3.8000000000000016,0.01,0.9400000000000004,5.0,4,307,67,126,0,0.8639485508135787,0.24171027325870478,success
964,2000,8,3,2.0,3.8000000000000016,0.01,0.9500000000000004,5.0,4,307,67,126,0,0.8696020917139363,0.23740492102664174,success
965,2000,8,3,2.0,3.8000000000000016,0.01,0.9600000000000004,5.0,4,307,67,126,0,0.8696020917139363,0.23740492102664174,success
966,2000,8,3,2.0,3.8000000000000016,0.01,0.9700000000000004,5.0,4,307,67,126,0,0.8696020917139363,0.23740492102664174,success
968,2000,8,3,2.0,3.8000000000000016,0.01,0.9900000000000004,5.0,4,307,67,126,0,0.867010994650159,0.23823785773903844,success
967,2000,8,3,2.0,3.8000000000000016,0.01,0.9800000000000004,5.0,4,307,67,126,0,0.8692535713180647,0.23771411936530862,success
971,2000,8,3,2.0,3.9000000000000017,0.01,0.51,5.0,4,262,87,151,0,0.8775786587090572,0.23769965489929681,success
970,2000,8,3,2.0,3.9000000000000017,0.01,0.5,5.0,4,262,87,151,0,0.8795102138244003,0.23621341026134646,success
969,2000,8,3,2.0,3.8000000000000016,0.01,1.0000000000000004,5.0,4,308,67,125,0,0.8699470826073602,0.2368966863552333,success
972,2000,8,3,2.0,3.9000000000000017,0.01,0.52,5.0,4,262,87,151,0,0.8775786587090572,0.23769965489929681,success
973,2000,8,3,2.0,3.9000000000000017,0.01,0.53,5.0,4,260,87,153,0,0.8812555586006144,0.23619682093458025,success
974,2000,8,3,2.0,3.9000000000000017,0.01,0.54,5.0,4,261,87,152,0,0.8804743451703553,0.23677923887455274,success
975,2000,8,3,2.0,3.9000000000000017,0.01,0.55,5.0,4,263,87,150,0,0.8811045486949809,0.23549000971492537,success
976,2000,8,3,2.0,3.9000000000000017,0.01,0.56,5.0,4,263,87,150,0,0.8796998023513511,0.23650318891732752,success
977,2000,8,3,2.0,3.9000000000000017,0.01,0.5700000000000001,5.0,4,263,87,150,0,0.8809751426052579,0.2366335064682964,success
978,2000,8,3,2.0,3.9000000000000017,0.01,0.5800000000000001,5.0,4,264,87,149,0,0.8868541704079778,0.22617313848170786,success
979,2000,8,3,2.0,3.9000000000000017,0.01,0.5900000000000001,5.0,4,265,87,148,0,0.886089671559383,0.2267478780563289,success
980,2000,8,3,2.0,3.9000000000000017,0.01,0.6000000000000001,5.0,4,265,87,148,0,0.888764030495808,0.22540580702978089,success
981,2000,8,3,2.0,3.9000000000000017,0.01,0.6100000000000001,5.0,4,265,87,148,0,0.888764030495808,0.22540580702978089,success
982,2000,8,3,2.0,3.9000000000000017,0.01,0.6200000000000001,5.0,4,266,87,147,0,0.891408683764487,0.22386055048728162,success
983,2000,8,3,2.0,3.9000000000000017,0.01,0.6300000000000001,5.0,4,267,86,147,0,0.886790956382443,0.22509280715718488,success
984,2000,8,3,2.0,3.9000000000000017,0.01,0.6400000000000001,5.0,4,267,86,147,0,0.886790956382443,0.22509280715718488,success
985,2000,8,3,2.0,3.9000000000000017,0.01,0.6500000000000001,5.0,4,267,85,148,0,0.8815910475244474,0.22662662402779685,success
986,2000,8,3,2.0,3.9000000000000017,0.01,0.6600000000000001,5.0,4,267,85,148,0,0.8815995105598491,0.22662984186670637,success
988,2000,8,3,2.0,3.9000000000000017,0.01,0.6800000000000002,5.0,4,270,83,147,0,0.881977714089047,0.22735777724008538,success
987,2000,8,3,2.0,3.9000000000000017,0.01,0.6700000000000002,5.0,4,269,84,147,0,0.8807940650534535,0.22719199362104656,success
989,2000,8,3,2.0,3.9000000000000017,0.01,0.6900000000000002,5.0,4,270,83,147,0,0.8785918420952391,0.22909900083419063,success
990,2000,8,3,2.0,3.9000000000000017,0.01,0.7000000000000002,5.0,4,271,83,146,0,0.8777493987053376,0.23125939604398849,success
991,2000,8,3,2.0,3.9000000000000017,0.01,0.7100000000000002,5.0,4,271,83,146,0,0.8777493987053376,0.23125939604398849,success
992,2000,8,3,2.0,3.9000000000000017,0.01,0.7200000000000002,5.0,4,272,83,145,0,0.8769062911102021,0.23183572095544455,success
993,2000,8,3,2.0,3.9000000000000017,0.01,0.7300000000000002,5.0,4,273,82,145,0,0.8778503672152633,0.23105141213260147,success
994,2000,8,3,2.0,3.9000000000000017,0.01,0.7400000000000002,5.0,4,273,82,145,0,0.8778503672152633,0.23105141213260147,success
995,2000,8,3,2.0,3.9000000000000017,0.01,0.7500000000000002,5.0,4,272,82,146,0,0.8785164448860289,0.22876610050679425,success
996,2000,8,3,2.0,3.9000000000000017,0.01,0.7600000000000002,5.0,4,271,82,147,0,0.8784591488644113,0.2279823671931157,success
997,2000,8,3,2.0,3.9000000000000017,0.01,0.7700000000000002,5.0,4,271,82,147,0,0.8784591488644113,0.2279823671931157,success
998,2000,8,3,2.0,3.9000000000000017,0.01,0.7800000000000002,5.0,4,271,82,147,0,0.8758604586088471,0.22876332335389332,success
999,2000,8,3,2.0,3.9000000000000017,0.01,0.7900000000000003,5.0,4,271,82,147,0,0.8728244015041589,0.22993926639295653,success
1000,2000,8,3,2.0,3.9000000000000017,0.01,0.8000000000000003,5.0,4,271,82,147,0,0.8719207942467982,0.23077564447120422,success
1002,2000,8,3,2.0,3.9000000000000017,0.01,0.8200000000000003,5.0,4,274,82,144,0,0.8753125480231936,0.2301223168489215,success
1001,2000,8,3,2.0,3.9000000000000017,0.01,0.8100000000000003,5.0,4,273,82,145,0,0.8733737668264682,0.23050719138282785,success
1003,2000,8,3,2.0,3.9000000000000017,0.01,0.8300000000000003,5.0,4,274,82,144,0,0.875195267036611,0.23027312545699852,success
1004,2000,8,3,2.0,3.9000000000000017,0.01,0.8400000000000003,5.0,4,274,82,144,0,0.875195267036611,0.23027312545699852,success
1005,2000,8,3,2.0,3.9000000000000017,0.01,0.8500000000000003,5.0,4,274,82,144,0,0.875195267036611,0.23027312545699852,success
1006,2000,8,3,2.0,3.9000000000000017,0.01,0.8600000000000003,5.0,4,274,81,145,0,0.8737609838322683,0.23225897311960247,success
1007,2000,8,3,2.0,3.9000000000000017,0.01,0.8700000000000003,5.0,4,275,81,144,0,0.8782213236550428,0.22838915288013792,success
1008,2000,8,3,2.0,3.9000000000000017,0.01,0.8800000000000003,5.0,4,276,81,143,0,0.8811070804789222,0.2265420980879249,success
1009,2000,8,3,2.0,3.9000000000000017,0.01,0.8900000000000003,5.0,4,276,81,143,0,0.8811070804789222,0.2265420980879249,success
1010,2000,8,3,2.0,3.9000000000000017,0.01,0.9000000000000004,5.0,4,276,80,144,0,0.8819327257533741,0.22596591605410288,success
1011,2000,8,3,2.0,3.9000000000000017,0.01,0.9100000000000004,5.0,4,276,80,144,0,0.8811133331670403,0.22714058083912758,success
1012,2000,8,3,2.0,3.9000000000000017,0.01,0.9200000000000004,5.0,4,276,80,144,0,0.880998472180551,0.22727869853242536,success
1013,2000,8,3,2.0,3.9000000000000017,0.01,0.9300000000000004,5.0,4,277,80,143,0,0.8839889616215502,0.2252165930795492,success
1014,2000,8,3,2.0,3.9000000000000017,0.01,0.9400000000000004,5.0,4,277,80,143,0,0.8839889616215502,0.2252165930795492,success
1015,2000,8,3,2.0,3.9000000000000017,0.01,0.9500000000000004,5.0,4,278,80,142,0,0.8875582200559696,0.22230988225635684,success
1017,2000,8,3,2.0,3.9000000000000017,0.01,0.9700000000000004,5.0,4,279,80,141,0,0.8867607606237425,0.22289851289241153,success
1016,2000,8,3,2.0,3.9000000000000017,0.01,0.9600000000000004,5.0,4,279,80,141,0,0.8867607606237425,0.22289851289241153,success
1019,2000,8,3,2.0,3.9000000000000017,0.01,0.9900000000000004,5.0,4,279,80,141,0,0.8847693065211522,0.22321952480020057,success
1018,2000,8,3,2.0,3.9000000000000017,0.01,0.9800000000000004,5.0,4,279,80,141,0,0.8862460452476872,0.22328868982077396,success
1021,2000,8,3,2.0,4.000000000000002,0.01,0.5,5.0,5,235,106,159,0,0.856958026419551,0.23564019943174588,success
1020,2000,8,3,2.0,3.9000000000000017,0.01,1.0000000000000004,5.0,4,280,80,140,0,0.8875176587105891,0.22161391299980862,success
1022,2000,8,3,2.0,4.000000000000002,0.01,0.51,5.0,5,237,106,157,0,0.8559605367762727,0.23526011435051514,success
1023,2000,8,3,2.0,4.000000000000002,0.01,0.52,5.0,5,236,106,158,0,0.8561264054853973,0.23510378133618526,success
1024,2000,8,3,2.0,4.000000000000002,0.01,0.53,5.0,5,237,105,158,0,0.8543575439073007,0.23532650687468795,success
1025,2000,8,3,2.0,4.000000000000002,0.01,0.54,5.0,5,237,104,159,0,0.8556778361568961,0.23474617796431801,success
1026,2000,8,3,2.0,4.000000000000002,0.01,0.55,5.0,5,236,104,160,0,0.8575528540050726,0.23353120082839002,success
1027,2000,8,3,2.0,4.000000000000002,0.01,0.56,5.0,5,237,103,160,0,0.8595305613006834,0.23414779038832104,success
1028,2000,8,3,2.0,4.000000000000002,0.01,0.5700000000000001,5.0,5,237,102,161,0,0.857959874127551,0.23426422409293618,success
1029,2000,8,3,2.0,4.000000000000002,0.01,0.5800000000000001,5.0,5,237,102,161,0,0.8577927597166817,0.23453061896782454,success
1030,2000,8,3,2.0,4.000000000000002,0.01,0.5900000000000001,5.0,5,238,101,161,0,0.8558284136106905,0.23504478185070538,success
1032,2000,8,3,2.0,4.000000000000002,0.01,0.6100000000000001,5.0,5,238,101,161,0,0.8529136415761941,0.23448748457905189,success
1031,2000,8,3,2.0,4.000000000000002,0.01,0.6000000000000001,5.0,5,238,101,161,0,0.8532007753841412,0.2359685033955105,success
1033,2000,8,3,2.0,4.000000000000002,0.01,0.6200000000000001,5.0,5,239,101,160,0,0.8552868651649377,0.23354943149921542,success
1034,2000,8,3,2.0,4.000000000000002,0.01,0.6300000000000001,5.0,5,239,101,160,0,0.8574014278211536,0.2334557823935518,success
1036,2000,8,3,2.0,4.000000000000002,0.01,0.6500000000000001,5.0,5,242,101,157,0,0.8647640298370377,0.22432333258557713,success
1035,2000,8,3,2.0,4.000000000000002,0.01,0.6400000000000001,5.0,5,240,101,159,0,0.8576228283089559,0.23436126573736316,success
1037,2000,8,3,2.0,4.000000000000002,0.01,0.6600000000000001,5.0,5,243,101,156,0,0.8650563429171805,0.22381233566153386,success
1038,2000,8,3,2.0,4.000000000000002,0.01,0.6700000000000002,5.0,5,243,100,157,0,0.864478580174635,0.22321126184148246,success
1039,2000,8,3,2.0,4.000000000000002,0.01,0.6800000000000002,5.0,5,246,100,154,0,0.8730317679391923,0.21111646857982866,success
1040,2000,8,3,2.0,4.000000000000002,0.01,0.6900000000000002,5.0,5,246,99,155,0,0.8711094043586877,0.21051041695697933,success
1041,2000,8,3,2.0,4.000000000000002,0.01,0.7000000000000002,5.0,5,246,99,155,0,0.8706625308216333,0.2111800759683778,success
1042,2000,8,3,2.0,4.000000000000002,0.01,0.7100000000000002,5.0,5,246,98,156,0,0.8652661164483004,0.21454268693892203,success
1044,2000,8,3,2.0,4.000000000000002,0.01,0.7300000000000002,5.0,5,246,98,156,0,0.8601938633783434,0.2177257747356981,success
1043,2000,8,3,2.0,4.000000000000002,0.01,0.7200000000000002,5.0,5,246,98,156,0,0.8631927594499346,0.2160942414567547,success
1045,2000,8,3,2.0,4.000000000000002,0.01,0.7400000000000002,5.0,5,247,98,155,0,0.8631189419597581,0.21544126870261188,success
1046,2000,8,3,2.0,4.000000000000002,0.01,0.7500000000000002,5.0,5,247,98,155,0,0.8622543628700814,0.21716990950056533,success
1047,2000,8,3,2.0,4.000000000000002,0.01,0.7600000000000002,5.0,5,248,96,156,0,0.8609253116473624,0.2171970559068011,success
1048,2000,8,3,2.0,4.000000000000002,0.01,0.7700000000000002,5.0,5,249,96,155,0,0.8640279568013951,0.21440480056115047,success
1050,2000,8,3,2.0,4.000000000000002,0.01,0.7900000000000003,5.0,5,249,96,155,0,0.8640279568013951,0.21440480056115047,success
1049,2000,8,3,2.0,4.000000000000002,0.01,0.7800000000000002,5.0,5,249,96,155,0,0.8640279568013951,0.21440480056115047,success
1051,2000,8,3,2.0,4.000000000000002,0.01,0.8000000000000003,5.0,5,249,96,155,0,0.8641711725996097,0.21440370075864026,success
1052,2000,8,3,2.0,4.000000000000002,0.01,0.8100000000000003,5.0,5,250,96,154,0,0.8653751795752636,0.21344147672323321,success
1053,2000,8,3,2.0,4.000000000000002,0.01,0.8200000000000003,5.0,5,251,96,153,0,0.8653224640367293,0.21414143003492112,success
1054,2000,8,3,2.0,4.000000000000002,0.01,0.8300000000000003,5.0,5,251,96,153,0,0.865242223204402,0.21617867881365124,success
1055,2000,8,3,2.0,4.000000000000002,0.01,0.8400000000000003,5.0,5,251,96,153,0,0.8664088492780359,0.21488430902796551,success
1056,2000,8,3,2.0,4.000000000000002,0.01,0.8500000000000003,5.0,5,250,96,154,0,0.8643864368969545,0.2156463552294152,success
1057,2000,8,3,2.0,4.000000000000002,0.01,0.8600000000000003,5.0,5,251,96,153,0,0.865998697958263,0.21561284043100074,success
1058,2000,8,3,2.0,4.000000000000002,0.01,0.8700000000000003,5.0,5,252,96,152,0,0.8681425822470513,0.214683228583968,success
1059,2000,8,3,2.0,4.000000000000002,0.01,0.8800000000000003,5.0,5,252,96,152,0,0.8684149511973972,0.214800400504781,success
1060,2000,8,3,2.0,4.000000000000002,0.01,0.8900000000000003,5.0,5,252,95,153,0,0.8680398978643498,0.21448787384198933,success
1061,2000,8,3,2.0,4.000000000000002,0.01,0.9000000000000004,5.0,5,252,95,153,0,0.8679996306446705,0.21459217467604857,success
1062,2000,8,3,2.0,4.000000000000002,0.01,0.9100000000000004,5.0,5,252,95,153,0,0.8678866575087619,0.21472000163715946,success
1065,2000,8,3,2.0,4.000000000000002,0.01,0.9400000000000004,5.0,5,254,95,151,0,0.8670422210769898,0.21899118402460777,success
1064,2000,8,3,2.0,4.000000000000002,0.01,0.9300000000000004,5.0,5,254,95,151,0,0.8719223238423881,0.21458048990819276,success
1063,2000,8,3,2.0,4.000000000000002,0.01,0.9200000000000004,5.0,5,253,95,152,0,0.8693842818860658,0.2155945744670861,success
1068,2000,8,3,2.0,4.000000000000002,0.01,0.9700000000000004,5.0,5,255,95,150,0,0.8681284556219123,0.2196341346382055,success
1066,2000,8,3,2.0,4.000000000000002,0.01,0.9500000000000004,5.0,5,254,95,151,0,0.8675431939892,0.21847745291987225,success
1067,2000,8,3,2.0,4.000000000000002,0.01,0.9600000000000004,5.0,5,255,95,150,0,0.8693437568225912,0.21808236413628523,success
1069,2000,8,3,2.0,4.000000000000002,0.01,0.9800000000000004,5.0,5,257,95,148,0,0.8727177508044832,0.2169402668007948,success
1070,2000,8,3,2.0,4.000000000000002,0.01,0.9900000000000004,5.0,5,257,95,148,0,0.8727177508044832,0.2169402668007948,success
1071,2000,8,3,2.0,4.000000000000002,0.01,1.0000000000000004,5.0,5,257,94,149,0,0.8724865873854127,0.21603523880404443,success
1072,2000,8,3,2.0,4.100000000000001,0.01,0.5,5.0,5,229,113,158,0,0.8679858741891728,0.23238907279887025,success
1073,2000,8,3,2.0,4.100000000000001,0.01,0.51,5.0,5,231,113,156,0,0.8671233730452277,0.23200406144021882,success
1074,2000,8,3,2.0,4.100000000000001,0.01,0.52,5.0,5,232,113,155,0,0.8656593015197593,0.23289130247698728,success
1075,2000,8,3,2.0,4.100000000000001,0.01,0.53,5.0,5,232,112,156,0,0.8647289205527142,0.2326965693393544,success
1076,2000,8,3,2.0,4.100000000000001,0.01,0.54,5.0,5,232,111,157,0,0.8659999720880025,0.23206080355963044,success
1077,2000,8,3,2.0,4.100000000000001,0.01,0.55,5.0,5,231,111,158,0,0.8678333943650732,0.23074972926431,success
1078,2000,8,3,2.0,4.100000000000001,0.01,0.56,5.0,5,232,111,157,0,0.8690070667323521,0.23179648472549688,success
1079,2000,8,3,2.0,4.100000000000001,0.01,0.5700000000000001,5.0,5,232,110,158,0,0.8673465785025674,0.23199789752749927,success
1081,2000,8,3,2.0,4.100000000000001,0.01,0.5900000000000001,5.0,5,233,110,157,0,0.8655096816327756,0.23359605929734556,success
1080,2000,8,3,2.0,4.100000000000001,0.01,0.5800000000000001,5.0,5,232,110,158,0,0.8671762910332639,0.23227895303786175,success
1082,2000,8,3,2.0,4.100000000000001,0.01,0.6000000000000001,5.0,5,233,110,157,0,0.8628150972093716,0.23466079126166087,success
1083,2000,8,3,2.0,4.100000000000001,0.01,0.6100000000000001,5.0,5,233,110,157,0,0.861307224066162,0.23530131211587257,success
1084,2000,8,3,2.0,4.100000000000001,0.01,0.6200000000000001,5.0,5,234,110,156,0,0.8637951045577578,0.2342579891890542,success
1085,2000,8,3,2.0,4.100000000000001,0.01,0.6300000000000001,5.0,5,234,110,156,0,0.8659638867692612,0.23408263660585693,success
1086,2000,8,3,2.0,4.100000000000001,0.01,0.6400000000000001,5.0,5,235,110,155,0,0.866246242488672,0.2350037590128165,success
1088,2000,8,3,2.0,4.100000000000001,0.01,0.6600000000000001,5.0,5,237,110,153,0,0.872820020688823,0.22373527855780043,success
1087,2000,8,3,2.0,4.100000000000001,0.01,0.6500000000000001,5.0,5,237,110,153,0,0.8742690691878705,0.2238889633117073,success
1089,2000,8,3,2.0,4.100000000000001,0.01,0.6700000000000002,5.0,5,237,109,154,0,0.8725459298398289,0.2230288573372539,success
1090,2000,8,3,2.0,4.100000000000001,0.01,0.6800000000000002,5.0,5,240,109,151,0,0.8814293269572954,0.21032061070013475,success
1091,2000,8,3,2.0,4.100000000000001,0.01,0.6900000000000002,5.0,5,240,109,151,0,0.8802385358471746,0.21023558768788883,success
1093,2000,8,3,2.0,4.100000000000001,0.01,0.7100000000000002,5.0,5,240,108,152,0,0.8765808004040587,0.21398440842102062,success
1092,2000,8,3,2.0,4.100000000000001,0.01,0.7000000000000002,5.0,5,240,109,151,0,0.8797798246005294,0.21094394321128979,success
1094,2000,8,3,2.0,4.100000000000001,0.01,0.7200000000000002,5.0,5,240,108,152,0,0.8744528813794205,0.2156931587248475,success
1095,2000,8,3,2.0,4.100000000000001,0.01,0.7300000000000002,5.0,5,240,108,152,0,0.8713750669901554,0.21753070500302482,success
1096,2000,8,3,2.0,4.100000000000001,0.01,0.7400000000000002,5.0,5,241,108,151,0,0.8744516788029446,0.21502085304270063,success
1097,2000,8,3,2.0,4.100000000000001,0.01,0.7500000000000002,5.0,5,241,108,151,0,0.8735641969559254,0.21684549229233477,success
1098,2000,8,3,2.0,4.100000000000001,0.01,0.7600000000000002,5.0,5,242,106,152,0,0.8721257638978329,0.2169484989077866,success
1099,2000,8,3,2.0,4.100000000000001,0.01,0.7700000000000002,5.0,5,243,106,151,0,0.8753847735079359,0.21390477381509743,success
1100,2000,8,3,2.0,4.100000000000001,0.01,0.7800000000000002,5.0,5,243,106,151,0,0.8753847735079359,0.21390477381509743,success
1101,2000,8,3,2.0,4.100000000000001,0.01,0.7900000000000003,5.0,5,243,106,151,0,0.8753847735079359,0.21390477381509743,success
1102,2000,8,3,2.0,4.100000000000001,0.01,0.8000000000000003,5.0,5,243,106,151,0,0.8753847735079359,0.21390477381509743,success
1103,2000,8,3,2.0,4.100000000000001,0.01,0.8100000000000003,5.0,5,244,106,150,0,0.8766956446756626,0.21284289762737096,success
1105,2000,8,3,2.0,4.100000000000001,0.01,0.8300000000000003,5.0,5,245,106,149,0,0.876635095282096,0.21566264265478305,success
1104,2000,8,3,2.0,4.100000000000001,0.01,0.8200000000000003,5.0,5,245,106,149,0,0.8767174902307272,0.21356058219270263,success
1106,2000,8,3,2.0,4.100000000000001,0.01,0.8400000000000003,5.0,5,245,106,149,0,0.8775305443658665,0.2143262743760757,success
1107,2000,8,3,2.0,4.100000000000001,0.01,0.8500000000000003,5.0,5,244,106,150,0,0.8783470074034274,0.21383977654976313,success
1108,2000,8,3,2.0,4.100000000000001,0.01,0.8600000000000003,5.0,5,245,106,149,0,0.8800962457449487,0.21367993844866295,success
1109,2000,8,3,2.0,4.100000000000001,0.01,0.8700000000000003,5.0,5,246,106,148,0,0.8823933265536144,0.21255155492474684,success
1110,2000,8,3,2.0,4.100000000000001,0.01,0.8800000000000003,5.0,5,246,105,149,0,0.8803977254673304,0.2137467359488737,success
1111,2000,8,3,2.0,4.100000000000001,0.01,0.8900000000000003,5.0,5,246,104,150,0,0.8799352859058227,0.21345714978364178,success
1112,2000,8,3,2.0,4.100000000000001,0.01,0.9000000000000004,5.0,5,246,104,150,0,0.8798942133417497,0.21356636661450015,success
1113,2000,8,3,2.0,4.100000000000001,0.01,0.9100000000000004,5.0,5,246,104,150,0,0.8798942133417497,0.21356636661450015,success
1114,2000,8,3,2.0,4.100000000000001,0.01,0.9200000000000004,5.0,5,247,104,149,0,0.8815025788530458,0.21436653616657175,success
1115,2000,8,3,2.0,4.100000000000001,0.01,0.9300000000000004,5.0,5,248,104,148,0,0.8841739479906926,0.213165497116632,success
1116,2000,8,3,2.0,4.100000000000001,0.01,0.9400000000000004,5.0,5,248,104,148,0,0.8831066820239776,0.21297697826478837,success
1118,2000,8,3,2.0,4.100000000000001,0.01,0.9600000000000004,5.0,5,249,104,147,0,0.8855644699340945,0.21179621491130618,success
1117,2000,8,3,2.0,4.100000000000001,0.01,0.9500000000000004,5.0,5,248,104,148,0,0.8836178097925164,0.21239897962217835,success
1120,2000,8,3,2.0,4.100000000000001,0.01,0.9800000000000004,5.0,5,251,104,145,0,0.8905292059873545,0.20824670706910647,success
1119,2000,8,3,2.0,4.100000000000001,0.01,0.9700000000000004,5.0,5,249,104,147,0,0.8855644699340945,0.21179621491130618,success
1121,2000,8,3,2.0,4.100000000000001,0.01,0.9900000000000004,5.0,5,251,104,145,0,0.8905292059873545,0.20824670706910647,success
1122,2000,8,3,2.0,4.100000000000001,0.01,1.0000000000000004,5.0,5,251,103,146,0,0.8911209046305423,0.20608685760389422,success
1123,2000,8,3,2.0,4.200000000000002,0.01,0.5,5.0,5,222,121,157,0,0.8906481939051459,0.21320510265498194,success
1124,2000,8,3,2.0,4.200000000000002,0.01,0.51,5.0,5,223,121,156,0,0.8870219499786782,0.21531127130766617,success
1125,2000,8,3,2.0,4.200000000000002,0.01,0.52,5.0,5,224,121,155,0,0.8856862563689099,0.21628538099687208,success
1126,2000,8,3,2.0,4.200000000000002,0.01,0.53,5.0,5,224,120,156,0,0.8846274974861649,0.21627912426672982,success
1127,2000,8,3,2.0,4.200000000000002,0.01,0.54,5.0,5,224,119,157,0,0.8857718064932147,0.21559306746516824,success
1129,2000,8,3,2.0,4.200000000000002,0.01,0.56,5.0,5,224,119,157,0,0.8854795712931572,0.21680452875826947,success
1130,2000,8,3,2.0,4.200000000000002,0.01,0.5700000000000001,5.0,5,224,119,157,0,0.8854795712931572,0.21680452875826947,success
1128,2000,8,3,2.0,4.200000000000002,0.01,0.55,5.0,5,224,119,157,0,0.8858972419955152,0.21551060232544164,success
1131,2000,8,3,2.0,4.200000000000002,0.01,0.5800000000000001,5.0,5,224,119,157,0,0.8853081991902911,0.2171215842489928,success
1132,2000,8,3,2.0,4.200000000000002,0.01,0.5900000000000001,5.0,5,225,119,156,0,0.8837471365767041,0.2185746063173228,success
1133,2000,8,3,2.0,4.200000000000002,0.01,0.6000000000000001,5.0,5,225,119,156,0,0.8812984952839398,0.21940194630627183,success
1134,2000,8,3,2.0,4.200000000000002,0.01,0.6100000000000001,5.0,5,225,119,156,0,0.879780956287248,0.22021948677798578,success
1135,2000,8,3,2.0,4.200000000000002,0.01,0.6200000000000001,5.0,5,226,119,155,0,0.8824040729898933,0.2187760087629231,success
1136,2000,8,3,2.0,4.200000000000002,0.01,0.6300000000000001,5.0,5,226,119,155,0,0.8816428308451703,0.21990438685209812,success
1137,2000,8,3,2.0,4.200000000000002,0.01,0.6400000000000001,5.0,5,227,119,154,0,0.8820288313684469,0.22077167726731423,success
1138,2000,8,3,2.0,4.200000000000002,0.01,0.6500000000000001,5.0,5,228,119,153,0,0.8877610459525545,0.20968387130289332,success
1139,2000,8,3,2.0,4.200000000000002,0.01,0.6600000000000001,5.0,5,228,119,153,0,0.886311997453507,0.20961367122464222,success
1140,2000,8,3,2.0,4.200000000000002,0.01,0.6700000000000002,5.0,5,228,118,154,0,0.8859502963657814,0.20897574707909414,success
1141,2000,8,3,2.0,4.200000000000002,0.01,0.6800000000000002,5.0,5,231,118,151,0,0.8895253886225267,0.20729939902721092,success
1142,2000,8,3,2.0,4.200000000000002,0.01,0.6900000000000002,5.0,5,231,118,151,0,0.8883345975124062,0.20725996685723747,success
1143,2000,8,3,2.0,4.200000000000002,0.01,0.7000000000000002,5.0,5,231,118,151,0,0.8878758862657609,0.2079964320235445,success
1144,2000,8,3,2.0,4.200000000000002,0.01,0.7100000000000002,5.0,5,231,118,151,0,0.883859516376602,0.2117144391195428,success
1145,2000,8,3,2.0,4.200000000000002,0.01,0.7200000000000002,5.0,5,231,117,152,0,0.8819664879875527,0.2125437954892553,success
1146,2000,8,3,2.0,4.200000000000002,0.01,0.7300000000000002,5.0,5,231,117,152,0,0.8788886735982877,0.21451687852076248,success
1147,2000,8,3,2.0,4.200000000000002,0.01,0.7400000000000002,5.0,5,232,117,151,0,0.8820448521996901,0.21183142651079656,success
1148,2000,8,3,2.0,4.200000000000002,0.01,0.7500000000000002,5.0,5,232,117,151,0,0.8811573703526708,0.21371504626419996,success
1149,2000,8,3,2.0,4.200000000000002,0.01,0.7600000000000002,5.0,5,233,115,152,0,0.8796689822064422,0.21389239034476507,success
1150,2000,8,3,2.0,4.200000000000002,0.01,0.7700000000000002,5.0,5,234,115,151,0,0.8829779469046815,0.21066459955775665,success
1152,2000,8,3,2.0,4.200000000000002,0.01,0.7900000000000003,5.0,5,234,115,151,0,0.8829779469046815,0.21066459955775665,success
1151,2000,8,3,2.0,4.200000000000002,0.01,0.7800000000000002,5.0,5,234,115,151,0,0.8829779469046815,0.21066459955775665,success
1153,2000,8,3,2.0,4.200000000000002,0.01,0.8000000000000003,5.0,5,234,115,151,0,0.8829779469046815,0.21066459955775665,success
1154,2000,8,3,2.0,4.200000000000002,0.01,0.8100000000000003,5.0,5,235,115,150,0,0.8841016352418808,0.20949681922251526,success
1155,2000,8,3,2.0,4.200000000000002,0.01,0.8200000000000003,5.0,5,236,115,149,0,0.8841731854316182,0.21020154828060858,success
1157,2000,8,3,2.0,4.200000000000002,0.01,0.8400000000000003,5.0,5,236,115,149,0,0.8849862395667574,0.21095050328461445,success
1156,2000,8,3,2.0,4.200000000000002,0.01,0.8300000000000003,5.0,5,236,115,149,0,0.8840907904829868,0.21233977723139433,success
1158,2000,8,3,2.0,4.200000000000002,0.01,0.8500000000000003,5.0,5,235,115,150,0,0.8857529979696456,0.2104510492120666,success
1160,2000,8,3,2.0,4.200000000000002,0.01,0.8700000000000003,5.0,5,237,115,148,0,0.889718302582736,0.20896858007218216,success
1159,2000,8,3,2.0,4.200000000000002,0.01,0.8600000000000003,5.0,5,236,115,149,0,0.8873720608611233,0.21022139991234812,success
1162,2000,8,3,2.0,4.200000000000002,0.01,0.8900000000000003,5.0,5,237,114,149,0,0.8875663990275949,0.21037322865906682,success
1163,2000,8,3,2.0,4.200000000000002,0.01,0.9000000000000004,5.0,5,237,114,149,0,0.8875250508087296,0.21048630343237978,success
1161,2000,8,3,2.0,4.200000000000002,0.01,0.8800000000000003,5.0,5,237,114,149,0,0.887673540583505,0.21027879434455846,success
1164,2000,8,3,2.0,4.200000000000002,0.01,0.9100000000000004,5.0,5,237,114,149,0,0.8875764416118671,0.21048347419410962,success
1165,2000,8,3,2.0,4.200000000000002,0.01,0.9200000000000004,5.0,5,238,114,148,0,0.8892475814054702,0.21121910176462913,success
1166,2000,8,3,2.0,4.200000000000002,0.01,0.9300000000000004,5.0,5,239,114,147,0,0.8919898102144778,0.20986814914461413,success
1167,2000,8,3,2.0,4.200000000000002,0.01,0.9400000000000004,5.0,5,239,114,147,0,0.8909152839350641,0.2097156593560533,success
1168,2000,8,3,2.0,4.200000000000002,0.01,0.9500000000000004,5.0,5,239,114,147,0,0.8909152839350641,0.2097156593560533,success
1169,2000,8,3,2.0,4.200000000000002,0.01,0.9600000000000004,5.0,5,240,114,146,0,0.8929252600648898,0.20901195261970196,success
1170,2000,8,3,2.0,4.200000000000002,0.01,0.9700000000000004,5.0,5,240,114,146,0,0.8929771145059167,0.20900963028009628,success
1171,2000,8,3,2.0,4.200000000000002,0.01,0.9800000000000004,5.0,5,242,114,144,0,0.8980792812897107,0.20516001360880606,success
1172,2000,8,3,2.0,4.200000000000002,0.01,0.9900000000000004,5.0,5,242,114,144,0,0.8980792812897107,0.20516001360880606,success
1174,2000,8,3,2.0,4.3000000000000025,0.01,0.5,5.0,5,215,130,155,0,0.9005940543930462,0.20859617557271432,success
1173,2000,8,3,2.0,4.200000000000002,0.01,1.0000000000000004,5.0,5,242,113,145,0,0.8986229911283525,0.20295264062100923,success
1175,2000,8,3,2.0,4.3000000000000025,0.01,0.51,5.0,5,216,130,154,0,0.8969852998992731,0.21091984983625908,success
1176,2000,8,3,2.0,4.3000000000000025,0.01,0.52,5.0,5,216,130,154,0,0.8963745566558132,0.21143429346859646,success
1177,2000,8,3,2.0,4.3000000000000025,0.01,0.53,5.0,5,216,129,155,0,0.8955216732207862,0.21101402873776998,success
1178,2000,8,3,2.0,4.3000000000000025,0.01,0.54,5.0,5,216,128,156,0,0.8966034830821465,0.2102828909611288,success
1180,2000,8,3,2.0,4.3000000000000025,0.01,0.56,5.0,5,216,128,156,0,0.897423601227492,0.20989839951249212,success
1179,2000,8,3,2.0,4.3000000000000025,0.01,0.55,5.0,5,216,128,156,0,0.89672972265818,0.21019124940582423,success
1181,2000,8,3,2.0,4.3000000000000025,0.01,0.5700000000000001,5.0,5,216,128,156,0,0.897423601227492,0.20989839951249212,success
1182,2000,8,3,2.0,4.3000000000000025,0.01,0.5800000000000001,5.0,5,216,128,156,0,0.897423601227492,0.20989839951249212,success
1184,2000,8,3,2.0,4.3000000000000025,0.01,0.6000000000000001,5.0,5,216,128,156,0,0.8967410963400798,0.21063616482535663,success
1183,2000,8,3,2.0,4.3000000000000025,0.01,0.5900000000000001,5.0,5,216,128,156,0,0.8967410963400798,0.21063616482535663,success
1185,2000,8,3,2.0,4.3000000000000025,0.01,0.6100000000000001,5.0,5,216,128,156,0,0.8952235573433882,0.21159908820361742,success
1186,2000,8,3,2.0,4.3000000000000025,0.01,0.6200000000000001,5.0,5,217,128,155,0,0.8971849988703917,0.21107236893611125,success
1187,2000,8,3,2.0,4.3000000000000025,0.01,0.6300000000000001,5.0,5,217,128,155,0,0.8964237567256688,0.21229505912856578,success
1188,2000,8,3,2.0,4.3000000000000025,0.01,0.6400000000000001,5.0,5,218,128,154,0,0.8969057372871306,0.21311239735481585,success
1189,2000,8,3,2.0,4.3000000000000025,0.01,0.6500000000000001,5.0,5,219,128,153,0,0.902735186550445,0.20111677682999077,success
1190,2000,8,3,2.0,4.3000000000000025,0.01,0.6600000000000001,5.0,5,219,128,153,0,0.9012861380513976,0.2011521941651943,success
1191,2000,8,3,2.0,4.3000000000000025,0.01,0.6700000000000002,5.0,5,219,127,154,0,0.9008272022844649,0.2005746298855359,success
1192,2000,8,3,2.0,4.3000000000000025,0.01,0.6800000000000002,5.0,5,222,127,151,0,0.9046978622084688,0.19836789784240352,success
1194,2000,8,3,2.0,4.3000000000000025,0.01,0.7000000000000002,5.0,5,222,127,151,0,0.903048359851703,0.19922270339376033,success
1193,2000,8,3,2.0,4.3000000000000025,0.01,0.6900000000000002,5.0,5,222,127,151,0,0.9035070710983483,0.19841837442380722,success
1195,2000,8,3,2.0,4.3000000000000025,0.01,0.7100000000000002,5.0,5,222,127,151,0,0.8990319899625441,0.20340320200778342,success
1196,2000,8,3,2.0,4.3000000000000025,0.01,0.7200000000000002,5.0,5,222,126,152,0,0.8970391426683242,0.2044664540195037,success
1197,2000,8,3,2.0,4.3000000000000025,0.01,0.7300000000000002,5.0,5,222,126,152,0,0.893961328279059,0.20674272200895033,success
1198,2000,8,3,2.0,4.3000000000000025,0.01,0.7400000000000002,5.0,5,223,126,151,0,0.8972173257856323,0.2036611035701775,success
1199,2000,8,3,2.0,4.3000000000000025,0.01,0.7500000000000002,5.0,5,223,126,151,0,0.896359909925113,0.20542441846230983,success
1200,2000,8,3,2.0,4.3000000000000025,0.01,0.7600000000000002,5.0,5,224,124,152,0,0.8947715050711708,0.20577855377182325,success
1202,2000,8,3,2.0,4.3000000000000025,0.01,0.7800000000000002,5.0,5,224,124,152,0,0.8988503516976689,0.20161002728270466,success
1201,2000,8,3,2.0,4.3000000000000025,0.01,0.7700000000000002,5.0,5,224,124,152,0,0.8988503516976689,0.20161002728270466,success
1203,2000,8,3,2.0,4.3000000000000025,0.01,0.7900000000000003,5.0,5,224,124,152,0,0.8988503516976689,0.20161002728270466,success
1204,2000,8,3,2.0,4.3000000000000025,0.01,0.8000000000000003,5.0,5,224,124,152,0,0.8988503516976689,0.20161002728270466,success
1205,2000,8,3,2.0,4.3000000000000025,0.01,0.8100000000000003,5.0,5,224,124,152,0,0.8971155272177455,0.2028781261919185,success
1207,2000,8,3,2.0,4.3000000000000025,0.01,0.8300000000000003,5.0,5,225,124,151,0,0.8947838498646626,0.20681546182286878,success
1206,2000,8,3,2.0,4.3000000000000025,0.01,0.8200000000000003,5.0,5,225,124,151,0,0.8972723144379223,0.2035440236699087,success
1208,2000,8,3,2.0,4.3000000000000025,0.01,0.8400000000000003,5.0,5,225,124,151,0,0.8955244385899642,0.20570636127147665,success
1209,2000,8,3,2.0,4.3000000000000025,0.01,0.8500000000000003,5.0,5,224,124,152,0,0.896211777809767,0.20519913430929287,success
1213,2000,8,3,2.0,4.3000000000000025,0.01,0.8900000000000003,5.0,5,226,123,151,0,0.8980704237533069,0.20499073186501734,success
1211,2000,8,3,2.0,4.3000000000000025,0.01,0.8700000000000003,5.0,5,226,124,150,0,0.9002636620925508,0.2034187470727176,success
1212,2000,8,3,2.0,4.3000000000000025,0.01,0.8800000000000003,5.0,5,226,123,151,0,0.8981761462157611,0.20488965356930172,success
1210,2000,8,3,2.0,4.3000000000000025,0.01,0.8600000000000003,5.0,5,225,124,151,0,0.8978786596022852,0.2048468920557366,success
1214,2000,8,3,2.0,4.3000000000000025,0.01,0.9000000000000004,5.0,5,226,123,151,0,0.8980296231929696,0.205107330705361,success
1216,2000,8,3,2.0,4.3000000000000025,0.01,0.9200000000000004,5.0,5,227,123,150,0,0.8992803375913976,0.20556678324134564,success
1215,2000,8,3,2.0,4.3000000000000025,0.01,0.9100000000000004,5.0,5,226,123,151,0,0.898080333323218,0.2051018515795506,success
1217,2000,8,3,2.0,4.3000000000000025,0.01,0.9300000000000004,5.0,5,228,123,149,0,0.9020530918941493,0.204022056647693,success
1218,2000,8,3,2.0,4.3000000000000025,0.01,0.9400000000000004,5.0,5,228,123,149,0,0.9015153508059874,0.2040742653923446,success
1220,2000,8,3,2.0,4.3000000000000025,0.01,0.9600000000000004,5.0,5,229,123,148,0,0.9035697871696732,0.20321528057122284,success
1219,2000,8,3,2.0,4.3000000000000025,0.01,0.9500000000000004,5.0,5,228,123,149,0,0.9015153508059874,0.2040742653923446,success
1221,2000,8,3,2.0,4.3000000000000025,0.01,0.9700000000000004,5.0,5,229,123,148,0,0.9036209408750105,0.2032102268375991,success
1222,2000,8,3,2.0,4.3000000000000025,0.01,0.9800000000000004,5.0,5,230,123,147,0,0.9064537411036593,0.20085445619553044,success
1223,2000,8,3,2.0,4.3000000000000025,0.01,0.9900000000000004,5.0,5,230,123,147,0,0.9064537411036593,0.20085445619553044,success
1224,2000,8,3,2.0,4.3000000000000025,0.01,1.0000000000000004,5.0,5,230,122,148,0,0.9069298456089911,0.1986541978774665,success
1225,2000,8,3,2.0,4.400000000000002,0.01,0.5,5.0,5,211,134,155,0,0.898884290427291,0.2138175632979773,success
1226,2000,8,3,2.0,4.400000000000002,0.01,0.51,5.0,5,212,134,154,0,0.8952644335701039,0.21608948096247285,success
1227,2000,8,3,2.0,4.400000000000002,0.01,0.52,5.0,5,212,133,155,0,0.8947627719388118,0.21547728339886416,success
1228,2000,8,3,2.0,4.400000000000002,0.01,0.53,5.0,5,212,132,156,0,0.8939256876586057,0.21503539030280902,success
1229,2000,8,3,2.0,4.400000000000002,0.01,0.54,5.0,5,212,131,157,0,0.8950107725244296,0.21430501538966118,success
1230,2000,8,3,2.0,4.400000000000002,0.01,0.55,5.0,5,212,131,157,0,0.8951362080267306,0.21421660988468527,success
1231,2000,8,3,2.0,4.400000000000002,0.01,0.56,5.0,5,212,131,157,0,0.8958969828010923,0.2137727569743724,success
1232,2000,8,3,2.0,4.400000000000002,0.01,0.5700000000000001,5.0,5,212,131,157,0,0.8958969828010923,0.2137727569743724,success
1233,2000,8,3,2.0,4.400000000000002,0.01,0.5800000000000001,5.0,5,212,131,157,0,0.8958969828010923,0.2137727569743724,success
1234,2000,8,3,2.0,4.400000000000002,0.01,0.5900000000000001,5.0,5,212,131,157,0,0.8952188250785682,0.21448770999154404,success
1235,2000,8,3,2.0,4.400000000000002,0.01,0.6000000000000001,5.0,5,212,131,157,0,0.8952188250785682,0.21448770999154404,success
1236,2000,8,3,2.0,4.400000000000002,0.01,0.6100000000000001,5.0,5,212,131,157,0,0.8937109519353587,0.21541668019602983,success
1237,2000,8,3,2.0,4.400000000000002,0.01,0.6200000000000001,5.0,5,213,131,156,0,0.8956501239307274,0.2149410432644933,success
1238,2000,8,3,2.0,4.400000000000002,0.01,0.6300000000000001,5.0,5,214,131,155,0,0.8942156567791061,0.2166627566038702,success
1239,2000,8,3,2.0,4.400000000000002,0.01,0.6400000000000001,5.0,5,215,131,154,0,0.893936501536182,0.21796039121030594,success
1240,2000,8,3,2.0,4.400000000000002,0.01,0.6500000000000001,5.0,5,216,131,153,0,0.8997465440298825,0.2063651138771525,success
1242,2000,8,3,2.0,4.400000000000002,0.01,0.6700000000000002,5.0,5,216,130,154,0,0.8977556330288805,0.2059329758861642,success
1241,2000,8,3,2.0,4.400000000000002,0.01,0.6600000000000001,5.0,5,216,131,153,0,0.8981944931797636,0.20653701330908025,success
1244,2000,8,3,2.0,4.400000000000002,0.01,0.6900000000000002,5.0,5,218,130,152,0,0.9010622592896609,0.20336864284632922,success
1243,2000,8,3,2.0,4.400000000000002,0.01,0.6800000000000002,5.0,5,218,130,152,0,0.9022128653165712,0.20343080435667046,success
1245,2000,8,3,2.0,4.400000000000002,0.01,0.7000000000000002,5.0,5,218,130,152,0,0.9006065658801646,0.20414279189606618,success
1246,2000,8,3,2.0,4.400000000000002,0.01,0.7100000000000002,5.0,5,218,130,152,0,0.8966166194771186,0.2081509103649048,success
1247,2000,8,3,2.0,4.400000000000002,0.01,0.7200000000000002,5.0,5,218,129,153,0,0.8930810580200605,0.20918144884038795,success
1248,2000,8,3,2.0,4.400000000000002,0.01,0.7300000000000002,5.0,5,218,129,153,0,0.8925201408984899,0.2103542002124724,success
1249,2000,8,3,2.0,4.400000000000002,0.01,0.7400000000000002,5.0,5,219,129,152,0,0.8957452358729104,0.20739343164186844,success
1250,2000,8,3,2.0,4.400000000000002,0.01,0.7500000000000002,5.0,5,219,129,152,0,0.8948934609062105,0.20910783199512936,success
1251,2000,8,3,2.0,4.400000000000002,0.01,0.7600000000000002,5.0,5,220,127,153,0,0.8933250224174503,0.20941849457239786,success
1252,2000,8,3,2.0,4.400000000000002,0.01,0.7700000000000002,5.0,5,220,127,153,0,0.8974939713254587,0.20510847729093656,success
1253,2000,8,3,2.0,4.400000000000002,0.01,0.7800000000000002,5.0,5,220,127,153,0,0.8974939713254587,0.20510847729093656,success
1254,2000,8,3,2.0,4.400000000000002,0.01,0.7900000000000003,5.0,5,220,127,153,0,0.8974939713254587,0.20510847729093656,success
1256,2000,8,3,2.0,4.400000000000002,0.01,0.8100000000000003,5.0,5,220,127,153,0,0.8957704855676263,0.20633554566240125,success
1255,2000,8,3,2.0,4.400000000000002,0.01,0.8000000000000003,5.0,5,220,127,153,0,0.8974939713254587,0.20510847729093656,success
1257,2000,8,3,2.0,4.400000000000002,0.01,0.8200000000000003,5.0,5,221,127,152,0,0.8959173923347091,0.20700962040109863,success
1258,2000,8,3,2.0,4.400000000000002,0.01,0.8300000000000003,5.0,5,221,127,152,0,0.8934450896040458,0.21008094786027282,success
1259,2000,8,3,2.0,4.400000000000002,0.01,0.8400000000000003,5.0,5,221,127,152,0,0.8941808060351014,0.20900117944702626,success
1260,2000,8,3,2.0,4.400000000000002,0.01,0.8500000000000003,5.0,5,220,127,153,0,0.8948724347538263,0.20848813481898207,success
1261,2000,8,3,2.0,4.400000000000002,0.01,0.8600000000000003,5.0,5,221,127,152,0,0.8965195387512891,0.20817621096950664,success
1262,2000,8,3,2.0,4.400000000000002,0.01,0.8700000000000003,5.0,5,222,127,151,0,0.8988797457227384,0.20681846588646138,success
1263,2000,8,3,2.0,4.400000000000002,0.01,0.8800000000000003,5.0,5,222,126,152,0,0.8968150682159922,0.2082199533147697,success
1264,2000,8,3,2.0,4.400000000000002,0.01,0.8900000000000003,5.0,5,222,126,152,0,0.8967100412960541,0.2083180666163604,success
1265,2000,8,3,2.0,4.400000000000002,0.01,0.9000000000000004,5.0,5,222,126,152,0,0.8967100412960541,0.2083180666163604,success
1266,2000,8,3,2.0,4.400000000000002,0.01,0.9100000000000004,5.0,5,222,126,152,0,0.8967604178070243,0.20831302893723314,success
1267,2000,8,3,2.0,4.400000000000002,0.01,0.9200000000000004,5.0,5,223,126,151,0,0.8979437338647114,0.20879658748637622,success
1268,2000,8,3,2.0,4.400000000000002,0.01,0.9300000000000004,5.0,5,224,126,150,0,0.9009586741269637,0.20684692339199975,success
1269,2000,8,3,2.0,4.400000000000002,0.01,0.9400000000000004,5.0,5,224,126,150,0,0.9004245179793895,0.20689523392230605,success
1270,2000,8,3,2.0,4.400000000000002,0.01,0.9500000000000004,5.0,5,224,126,150,0,0.9004245179793895,0.20689523392230605,success
1272,2000,8,3,2.0,4.400000000000002,0.01,0.9700000000000004,5.0,5,225,126,149,0,0.9025086555457573,0.20607907606545509,success
1271,2000,8,3,2.0,4.400000000000002,0.01,0.9600000000000004,5.0,5,225,126,149,0,0.9024578451538788,0.2060837497296267,success
1275,2000,8,3,2.0,4.400000000000002,0.01,1.0000000000000004,5.0,5,226,125,149,0,0.9056032362816018,0.20195803752177374,success
1273,2000,8,3,2.0,4.400000000000002,0.01,0.9800000000000004,5.0,5,226,126,148,0,0.9053147997909069,0.20380764227085818,success
1274,2000,8,3,2.0,4.400000000000002,0.01,0.9900000000000004,5.0,5,226,126,148,0,0.9053147997909069,0.20380764227085818,success
1276,2000,8,3,2.0,4.500000000000002,0.01,0.5,5.0,5,206,140,154,0,0.9090530176259057,0.20814706208636888,success
1277,2000,8,3,2.0,4.500000000000002,0.01,0.51,5.0,5,206,140,154,0,0.9060897562854245,0.21008317059363557,success
1278,2000,8,3,2.0,4.500000000000002,0.01,0.52,5.0,5,206,140,154,0,0.9060897562854245,0.21008317059363557,success
1279,2000,8,3,2.0,4.500000000000002,0.01,0.53,5.0,5,206,139,155,0,0.9051741941431096,0.2097099841022111,success
1280,2000,8,3,2.0,4.500000000000002,0.01,0.54,5.0,5,206,138,156,0,0.9061941288703526,0.20893420935050722,success
1281,2000,8,3,2.0,4.500000000000002,0.01,0.55,5.0,5,206,138,156,0,0.9063203684463857,0.2088361412027028,success
1282,2000,8,3,2.0,4.500000000000002,0.01,0.56,5.0,5,206,138,156,0,0.9070142470156978,0.20850926911949003,success
1283,2000,8,3,2.0,4.500000000000002,0.01,0.5700000000000001,5.0,5,206,138,156,0,0.9070142470156978,0.20850926911949003,success
1284,2000,8,3,2.0,4.500000000000002,0.01,0.5800000000000001,5.0,5,206,138,156,0,0.9070142470156978,0.20850926911949003,success
1285,2000,8,3,2.0,4.500000000000002,0.01,0.5900000000000001,5.0,5,206,138,156,0,0.9063317421282858,0.20928341288449887,success
1286,2000,8,3,2.0,4.500000000000002,0.01,0.6000000000000001,5.0,5,206,138,156,0,0.9063317421282858,0.20928341288449887,success
1287,2000,8,3,2.0,4.500000000000002,0.01,0.6100000000000001,5.0,5,206,138,156,0,0.9048142031315942,0.21032218917338014,success
1288,2000,8,3,2.0,4.500000000000002,0.01,0.6200000000000001,5.0,5,207,138,155,0,0.9068375197927152,0.20969163777994854,success
1289,2000,8,3,2.0,4.500000000000002,0.01,0.6300000000000001,5.0,5,208,137,155,0,0.9055570898724272,0.21082372060829627,success
1292,2000,8,3,2.0,4.500000000000002,0.01,0.6600000000000001,5.0,5,209,137,154,0,0.9043921829678541,0.2118407268230888,success
1290,2000,8,3,2.0,4.500000000000002,0.01,0.6400000000000001,5.0,5,209,137,154,0,0.9062835897142754,0.2113168192058721,success
1291,2000,8,3,2.0,4.500000000000002,0.01,0.6500000000000001,5.0,5,209,137,154,0,0.9062835897142754,0.2113168192058721,success
1293,2000,8,3,2.0,4.500000000000002,0.01,0.6700000000000002,5.0,5,209,136,155,0,0.9039161690773759,0.2112349617568775,success
1294,2000,8,3,2.0,4.500000000000002,0.01,0.6800000000000002,5.0,5,211,136,153,0,0.9084247990108791,0.20874803122864538,success
1295,2000,8,3,2.0,4.500000000000002,0.01,0.6900000000000002,5.0,5,211,136,153,0,0.9072817132847982,0.20872211973577517,success
1296,2000,8,3,2.0,4.500000000000002,0.01,0.7000000000000002,5.0,5,211,136,153,0,0.9068289982635994,0.20948506403049125,success
1297,2000,8,3,2.0,4.500000000000002,0.01,0.7100000000000002,5.0,5,211,136,153,0,0.9032537174696482,0.21257985964883078,success
1298,2000,8,3,2.0,4.500000000000002,0.01,0.7200000000000002,5.0,5,211,135,154,0,0.9008707173155964,0.2124866049817465,success
1299,2000,8,3,2.0,4.500000000000002,0.01,0.7300000000000002,5.0,5,211,135,154,0,0.900313442512997,0.2136541441116704,success
1301,2000,8,3,2.0,4.500000000000002,0.01,0.7500000000000002,5.0,5,212,135,153,0,0.902644579553356,0.21238178620047599,success
1300,2000,8,3,2.0,4.500000000000002,0.01,0.7400000000000002,5.0,5,212,135,153,0,0.9034907873634108,0.21067385034052227,success
1302,2000,8,3,2.0,4.500000000000002,0.01,0.7600000000000002,5.0,5,213,133,154,0,0.9012135973128056,0.2124301293784647,success
1303,2000,8,3,2.0,4.500000000000002,0.01,0.7700000000000002,5.0,5,213,133,154,0,0.9048172273104673,0.20932554452997168,success
1304,2000,8,3,2.0,4.500000000000002,0.01,0.7800000000000002,5.0,5,213,132,155,0,0.9038020709746954,0.2090272482152059,success
1305,2000,8,3,2.0,4.500000000000002,0.01,0.7900000000000003,5.0,5,213,132,155,0,0.9038020709746954,0.2090272482152059,success
1308,2000,8,3,2.0,4.500000000000002,0.01,0.8200000000000003,5.0,5,214,132,154,0,0.9029792950628942,0.21060377392129073,success
1306,2000,8,3,2.0,4.500000000000002,0.01,0.8000000000000003,5.0,5,213,132,155,0,0.9044899704361621,0.2086845860890503,success
1307,2000,8,3,2.0,4.500000000000002,0.01,0.8100000000000003,5.0,5,213,132,155,0,0.902788723204237,0.20993228947300818,success
1309,2000,8,3,2.0,4.500000000000002,0.01,0.8300000000000003,5.0,5,214,132,154,0,0.9055208905993855,0.20058267016133693,success
1310,2000,8,3,2.0,4.500000000000002,0.01,0.8400000000000003,5.0,5,214,132,154,0,0.9062470522715964,0.1994220787651988,success
1311,2000,8,3,2.0,4.500000000000002,0.01,0.8500000000000003,5.0,5,213,132,155,0,0.9068519099988764,0.19891614152580142,success
1312,2000,8,3,2.0,4.500000000000002,0.01,0.8600000000000003,5.0,5,214,132,154,0,0.9078086143425811,0.19898811863874688,success
1313,2000,8,3,2.0,4.500000000000002,0.01,0.8700000000000003,5.0,5,215,132,153,0,0.9094633642016451,0.19857571998068343,success
1314,2000,8,3,2.0,4.500000000000002,0.01,0.8800000000000003,5.0,5,215,131,154,0,0.9067143242712983,0.20031652156483962,success
1315,2000,8,3,2.0,4.500000000000002,0.01,0.8900000000000003,5.0,5,215,131,154,0,0.9066106613373334,0.20042232520205075,success
1316,2000,8,3,2.0,4.500000000000002,0.01,0.9000000000000004,5.0,5,215,131,154,0,0.9066106613373334,0.20042232520205075,success
1317,2000,8,3,2.0,4.500000000000002,0.01,0.9100000000000004,5.0,5,215,131,154,0,0.9066106613373334,0.20042232520205075,success
1318,2000,8,3,2.0,4.500000000000002,0.01,0.9200000000000004,5.0,5,216,131,153,0,0.9077915496288222,0.2008031907942045,success
1319,2000,8,3,2.0,4.500000000000002,0.01,0.9300000000000004,5.0,5,217,131,152,0,0.9101246189160982,0.19918623582098166,success
1320,2000,8,3,2.0,4.500000000000002,0.01,0.9400000000000004,5.0,5,217,131,152,0,0.9098968090055357,0.19967666488124658,success
1321,2000,8,3,2.0,4.500000000000002,0.01,0.9500000000000004,5.0,5,217,131,152,0,0.9098968090055357,0.19967666488124658,success
1322,2000,8,3,2.0,4.500000000000002,0.01,0.9600000000000004,5.0,5,218,131,151,0,0.9107699352494202,0.20004980881299342,success
1323,2000,8,3,2.0,4.500000000000002,0.01,0.9700000000000004,5.0,5,218,131,151,0,0.9107699352494202,0.20004980881299342,success
1324,2000,8,3,2.0,4.500000000000002,0.01,0.9800000000000004,5.0,5,219,131,150,0,0.9135937394359924,0.19758097381200776,success
1325,2000,8,3,2.0,4.500000000000002,0.01,0.9900000000000004,5.0,5,219,131,150,0,0.9135937394359924,0.19758097381200776,success
1326,2000,8,3,2.0,4.500000000000002,0.01,1.0000000000000004,5.0,5,219,130,151,0,0.9140131001542491,0.19539491528984623,success
1327,2000,8,3,2.0,4.600000000000002,0.01,0.5,5.0,5,202,145,153,0,0.915169836786349,0.2043577445135384,success
1328,2000,8,3,2.0,4.600000000000002,0.01,0.51,5.0,5,202,145,153,0,0.9121872077246882,0.20643116140460924,success
1329,2000,8,3,2.0,4.600000000000002,0.01,0.52,5.0,5,202,145,153,0,0.9121872077246882,0.20643116140460924,success
1330,2000,8,3,2.0,4.600000000000002,0.01,0.53,5.0,5,202,144,154,0,0.9112261065331422,0.20610083662571327,success
1331,2000,8,3,2.0,4.600000000000002,0.01,0.54,5.0,5,202,143,155,0,0.912213576888367,0.2053003215626631,success
1332,2000,8,3,2.0,4.600000000000002,0.01,0.55,5.0,5,202,143,155,0,0.912340630913278,0.20519611693149656,success
1334,2000,8,3,2.0,4.600000000000002,0.01,0.5700000000000001,5.0,5,202,143,155,0,0.9130389861185211,0.2048406104617438,success
1333,2000,8,3,2.0,4.600000000000002,0.01,0.56,5.0,5,202,143,155,0,0.9130389861185211,0.2048406104617438,success
1335,2000,8,3,2.0,4.600000000000002,0.01,0.5800000000000001,5.0,5,203,143,154,0,0.914376459336007,0.2048288074428994,success
1336,2000,8,3,2.0,4.600000000000002,0.01,0.5900000000000001,5.0,5,203,143,154,0,0.9136850907487587,0.20565198806448196,success
1337,2000,8,3,2.0,4.600000000000002,0.01,0.6000000000000001,5.0,5,203,143,154,0,0.9136850907487587,0.20565198806448196,success
1340,2000,8,3,2.0,4.600000000000002,0.01,0.6300000000000001,5.0,5,203,143,154,0,0.9115556980001014,0.20805028952964782,success
1338,2000,8,3,2.0,4.600000000000002,0.01,0.6100000000000001,5.0,5,203,143,154,0,0.9121478434534086,0.20677775357772465,success
1339,2000,8,3,2.0,4.600000000000002,0.01,0.6200000000000001,5.0,5,202,143,155,0,0.9128875485448237,0.20618586222102595,success
1341,2000,8,3,2.0,4.600000000000002,0.01,0.6400000000000001,5.0,5,204,143,153,0,0.9123261527959985,0.20851301230638677,success
1342,2000,8,3,2.0,4.600000000000002,0.01,0.6500000000000001,5.0,5,204,143,153,0,0.9123261527959985,0.20851301230638677,success
1344,2000,8,3,2.0,4.600000000000002,0.01,0.6700000000000002,5.0,5,204,142,154,0,0.9099041218752121,0.20851750864024104,success
1343,2000,8,3,2.0,4.600000000000002,0.01,0.6600000000000001,5.0,5,204,143,153,0,0.9104223839139796,0.2091027624085314,success
1345,2000,8,3,2.0,4.600000000000002,0.01,0.6800000000000002,5.0,5,205,142,153,0,0.9118119137938161,0.20784947521881525,success
1346,2000,8,3,2.0,4.600000000000002,0.01,0.6900000000000002,5.0,5,205,142,153,0,0.9106688280677354,0.20784220346999507,success
1347,2000,8,3,2.0,4.600000000000002,0.01,0.7000000000000002,5.0,5,205,142,153,0,0.9102271236935691,0.20844726638665628,success
1348,2000,8,3,2.0,4.600000000000002,0.01,0.7100000000000002,5.0,5,205,142,153,0,0.9066518428996178,0.2116150417722811,success
1349,2000,8,3,2.0,4.600000000000002,0.01,0.7200000000000002,5.0,5,205,141,154,0,0.905734406383688,0.21142781554584547,success
1350,2000,8,3,2.0,4.600000000000002,0.01,0.7300000000000002,5.0,5,205,141,154,0,0.9051771315810884,0.21261400104145137,success
1351,2000,8,3,2.0,4.600000000000002,0.01,0.7400000000000002,5.0,5,206,141,153,0,0.9083862652489408,0.20953687941045132,success
1352,2000,8,3,2.0,4.600000000000002,0.01,0.7500000000000002,5.0,5,206,141,153,0,0.9075400574388859,0.2112737452134074,success
1353,2000,8,3,2.0,4.600000000000002,0.01,0.7600000000000002,5.0,5,207,140,153,0,0.9075400574388859,0.2112737452134074,success
1354,2000,8,3,2.0,4.600000000000002,0.01,0.7700000000000002,5.0,5,207,140,153,0,0.9111672405737872,0.20802000488931718,success
1355,2000,8,3,2.0,4.600000000000002,0.01,0.7800000000000002,5.0,5,207,139,154,0,0.9101042584613982,0.20775828784166717,success
1356,2000,8,3,2.0,4.600000000000002,0.01,0.7900000000000003,5.0,5,207,139,154,0,0.9101042584613982,0.20775828784166717,success
1357,2000,8,3,2.0,4.600000000000002,0.01,0.8000000000000003,5.0,5,206,139,155,0,0.91137213044892,0.2068397852021435,success
1358,2000,8,3,2.0,4.600000000000002,0.01,0.8100000000000003,5.0,5,206,139,155,0,0.9099509213067359,0.20760036940221255,success
1359,2000,8,3,2.0,4.600000000000002,0.01,0.8200000000000003,5.0,5,207,139,154,0,0.9101880009452794,0.20825664478177852,success
1360,2000,8,3,2.0,4.600000000000002,0.01,0.8300000000000003,5.0,5,207,139,154,0,0.9133920576120796,0.19787370136039958,success
1361,2000,8,3,2.0,4.600000000000002,0.01,0.8400000000000003,5.0,5,207,139,154,0,0.9132518432227202,0.1982370689668246,success
1362,2000,8,3,2.0,4.600000000000002,0.01,0.8500000000000003,5.0,5,206,139,155,0,0.9138115087503157,0.1977152094960225,success
1363,2000,8,3,2.0,4.600000000000002,0.01,0.8600000000000003,5.0,5,207,139,154,0,0.9155602027867494,0.19715406565052818,success
1364,2000,8,3,2.0,4.600000000000002,0.01,0.8700000000000003,5.0,5,208,139,153,0,0.9172656166225728,0.19665859141702344,success
1365,2000,8,3,2.0,4.600000000000002,0.01,0.8800000000000003,5.0,5,208,138,154,0,0.9144659127154664,0.19853775185011377,success
1366,2000,8,3,2.0,4.600000000000002,0.01,0.8900000000000003,5.0,5,208,138,154,0,0.9143622497815017,0.19864857448774215,success
1367,2000,8,3,2.0,4.600000000000002,0.01,0.9000000000000004,5.0,5,208,138,154,0,0.9143622497815017,0.19864857448774215,success
1368,2000,8,3,2.0,4.600000000000002,0.01,0.9100000000000004,5.0,5,208,138,154,0,0.9127705425825254,0.19893973400075446,success
1369,2000,8,3,2.0,4.600000000000002,0.01,0.9200000000000004,5.0,5,209,137,154,0,0.9139338456057781,0.19862505160085545,success
1370,2000,8,3,2.0,4.600000000000002,0.01,0.9300000000000004,5.0,5,210,137,153,0,0.9165411978305115,0.19661546085567147,success
1372,2000,8,3,2.0,4.600000000000002,0.01,0.9500000000000004,5.0,5,210,137,153,0,0.9165411978305115,0.19661546085567147,success
1371,2000,8,3,2.0,4.600000000000002,0.01,0.9400000000000004,5.0,5,210,137,153,0,0.9165411978305115,0.19661546085567147,success
1373,2000,8,3,2.0,4.600000000000002,0.01,0.9600000000000004,5.0,5,211,137,152,0,0.9174522929071663,0.19694112012825055,success
1375,2000,8,3,2.0,4.600000000000002,0.01,0.9800000000000004,5.0,5,212,137,151,0,0.9195435604897491,0.1958313855029434,success
1374,2000,8,3,2.0,4.600000000000002,0.01,0.9700000000000004,5.0,5,211,137,152,0,0.9174522929071663,0.19694112012825055,success
1376,2000,8,3,2.0,4.600000000000002,0.01,0.9900000000000004,5.0,5,212,137,151,0,0.9195435604897491,0.1958313855029434,success
1377,2000,8,3,2.0,4.600000000000002,0.01,1.0000000000000004,5.0,5,212,136,152,0,0.91944338761368,0.19413853673784756,success
1378,2000,8,3,2.0,4.700000000000003,0.01,0.5,5.0,5,197,149,154,0,0.9196065994488842,0.20241386209284037,success
1379,2000,8,3,2.0,4.700000000000003,0.01,0.51,5.0,5,198,149,153,0,0.9160985233247979,0.2051178781327434,success
1380,2000,8,3,2.0,4.700000000000003,0.01,0.52,5.0,5,198,149,153,0,0.9160985233247979,0.2051178781327434,success
1381,2000,8,3,2.0,4.700000000000003,0.01,0.53,5.0,5,198,148,154,0,0.9151120239800044,0.2048126573751944,success
1382,2000,8,3,2.0,4.700000000000003,0.01,0.54,5.0,5,198,147,155,0,0.9160744239000882,0.20399694108346372,success
1383,2000,8,3,2.0,4.700000000000003,0.01,0.55,5.0,5,198,148,154,0,0.9172490625275751,0.20413593690691872,success
1384,2000,8,3,2.0,4.700000000000003,0.01,0.56,5.0,5,198,147,155,0,0.9177829395435261,0.20358061187075643,success
1385,2000,8,3,2.0,4.700000000000003,0.01,0.5700000000000001,5.0,5,198,147,155,0,0.9177829395435261,0.20358061187075643,success
1388,2000,8,3,2.0,4.700000000000003,0.01,0.6000000000000001,5.0,5,199,147,154,0,0.9184598490661339,0.20437320813694973,success
1386,2000,8,3,2.0,4.700000000000003,0.01,0.5800000000000001,5.0,5,199,147,154,0,0.9191512176533823,0.20352853112058444,success
1387,2000,8,3,2.0,4.700000000000003,0.01,0.5900000000000001,5.0,5,199,147,154,0,0.9184598490661339,0.20437320813694973,success
1389,2000,8,3,2.0,4.700000000000003,0.01,0.6100000000000001,5.0,5,199,147,154,0,0.9173854055954254,0.20500408628957764,success
1390,2000,8,3,2.0,4.700000000000003,0.01,0.6200000000000001,5.0,5,198,147,155,0,0.9180913199633436,0.20440013919293704,success
1391,2000,8,3,2.0,4.700000000000003,0.01,0.6300000000000001,5.0,5,199,147,154,0,0.9167932601421181,0.20630269589251757,success
1393,2000,8,3,2.0,4.700000000000003,0.01,0.6500000000000001,5.0,5,200,147,153,0,0.9175979473703162,0.20673759516121867,success
1392,2000,8,3,2.0,4.700000000000003,0.01,0.6400000000000001,5.0,5,200,147,153,0,0.9175979473703162,0.20673759516121867,success
1395,2000,8,3,2.0,4.700000000000003,0.01,0.6700000000000002,5.0,5,200,146,154,0,0.9151416840172288,0.20681596724815957,success
1394,2000,8,3,2.0,4.700000000000003,0.01,0.6600000000000001,5.0,5,200,147,153,0,0.9156941784882973,0.2073811148876889,success
1396,2000,8,3,2.0,4.700000000000003,0.01,0.6800000000000002,5.0,5,201,146,153,0,0.9170837083681338,0.20608158310731778,success
1397,2000,8,3,2.0,4.700000000000003,0.01,0.6900000000000002,5.0,5,201,146,153,0,0.9159406226420529,0.20610368169385998,success
1398,2000,8,3,2.0,4.700000000000003,0.01,0.7000000000000002,5.0,5,201,146,153,0,0.9154989182678865,0.20672517194855153,success
1399,2000,8,3,2.0,4.700000000000003,0.01,0.7100000000000002,5.0,5,201,146,153,0,0.9154989182678865,0.20672517194855153,success
1400,2000,8,3,2.0,4.700000000000003,0.01,0.7200000000000002,5.0,5,201,146,153,0,0.9149690639608007,0.2072108423812328,success
1401,2000,8,3,2.0,4.700000000000003,0.01,0.7300000000000002,5.0,5,201,146,153,0,0.91440814683923,0.2084539768561839,success
1402,2000,8,3,2.0,4.700000000000003,0.01,0.7400000000000002,5.0,5,202,146,152,0,0.9176991235921218,0.20511651400766945,success
1403,2000,8,3,2.0,4.700000000000003,0.01,0.7500000000000002,5.0,5,202,146,152,0,0.9168473486254216,0.2069407679874421,success
1404,2000,8,3,2.0,4.700000000000003,0.01,0.7600000000000002,5.0,5,203,145,152,0,0.9168473486254216,0.2069407679874421,success
1405,2000,8,3,2.0,4.700000000000003,0.01,0.7700000000000002,5.0,5,202,145,153,0,0.9173908300069549,0.20636844081279884,success
1406,2000,8,3,2.0,4.700000000000003,0.01,0.7800000000000002,5.0,5,202,144,154,0,0.9162874349761685,0.2061481818239791,success
1408,2000,8,3,2.0,4.700000000000003,0.01,0.8000000000000003,5.0,5,201,144,155,0,0.917515415502305,0.20519541573144043,success
1407,2000,8,3,2.0,4.700000000000003,0.01,0.7900000000000003,5.0,5,202,144,154,0,0.9162874349761685,0.2061481818239791,success
1409,2000,8,3,2.0,4.700000000000003,0.01,0.8100000000000003,5.0,5,201,144,155,0,0.9172470632938428,0.20527566775005984,success
1411,2000,8,3,2.0,4.700000000000003,0.01,0.8300000000000003,5.0,5,202,144,154,0,0.9221985862317026,0.1929816547169278,success
1410,2000,8,3,2.0,4.700000000000003,0.01,0.8200000000000003,5.0,5,202,144,154,0,0.9175315204777571,0.20591475967144482,success
1412,2000,8,3,2.0,4.700000000000003,0.01,0.8400000000000003,5.0,5,202,144,154,0,0.9220583718423434,0.19336064394039731,success
1413,2000,8,3,2.0,4.700000000000003,0.01,0.8500000000000003,5.0,5,201,144,155,0,0.9225612210562637,0.19283347762215125,success
1414,2000,8,3,2.0,4.700000000000003,0.01,0.8600000000000003,5.0,5,201,145,154,0,0.9239039275817311,0.1927343192595271,success
1415,2000,8,3,2.0,4.700000000000003,0.01,0.8700000000000003,5.0,5,201,145,154,0,0.9239039275817311,0.1927343192595271,success
1416,2000,8,3,2.0,4.700000000000003,0.01,0.8800000000000003,5.0,5,201,144,155,0,0.9210794584678376,0.1947601630920106,success
1418,2000,8,3,2.0,4.700000000000003,0.01,0.9000000000000004,5.0,5,201,143,156,0,0.9199144267581466,0.19467547421921413,success
1417,2000,8,3,2.0,4.700000000000003,0.01,0.8900000000000003,5.0,5,201,143,156,0,0.9199144267581466,0.19467547421921413,success
1419,2000,8,3,2.0,4.700000000000003,0.01,0.9100000000000004,5.0,5,201,143,156,0,0.9183431260617214,0.19501384900236754,success
1420,2000,8,3,2.0,4.700000000000003,0.01,0.9200000000000004,5.0,5,202,142,156,0,0.9194915149436502,0.19466392736949115,success
1421,2000,8,3,2.0,4.700000000000003,0.01,0.9300000000000004,5.0,5,202,142,156,0,0.9184271948794046,0.19585952554461253,success
1422,2000,8,3,2.0,4.700000000000003,0.01,0.9400000000000004,5.0,5,202,142,156,0,0.9184271948794046,0.19585952554461253,success
1423,2000,8,3,2.0,4.700000000000003,0.01,0.9500000000000004,5.0,5,202,142,156,0,0.9184271948794046,0.19585952554461253,success
1424,2000,8,3,2.0,4.700000000000003,0.01,0.9600000000000004,5.0,5,203,142,155,0,0.9193328235806979,0.1961664460406927,success
1425,2000,8,3,2.0,4.700000000000003,0.01,0.9700000000000004,5.0,5,203,142,155,0,0.9193328235806979,0.1961664460406927,success
1426,2000,8,3,2.0,4.700000000000003,0.01,0.9800000000000004,5.0,5,204,142,154,0,0.9213955634225388,0.19504923810562336,success
1427,2000,8,3,2.0,4.700000000000003,0.01,0.9900000000000004,5.0,5,204,142,154,0,0.9213955634225388,0.19504923810562336,success
1428,2000,8,3,2.0,4.700000000000003,0.01,1.0000000000000004,5.0,5,204,141,155,0,0.9212853809703112,0.1933889264180868,success
1429,2000,8,3,2.0,4.8000000000000025,0.01,0.5,5.0,5,190,158,152,0,0.9226999324775819,0.20172259864582054,success
1430,2000,8,3,2.0,4.8000000000000025,0.01,0.51,5.0,5,191,158,151,0,0.9191658774182672,0.20452105806272566,success
1431,2000,8,3,2.0,4.8000000000000025,0.01,0.52,5.0,5,191,158,151,0,0.9191658774182672,0.20452105806272566,success
1432,2000,8,3,2.0,4.8000000000000025,0.01,0.53,5.0,5,191,158,151,0,0.9191658774182672,0.20452105806272566,success
1433,2000,8,3,2.0,4.8000000000000025,0.01,0.54,5.0,5,191,157,152,0,0.9201206019852062,0.2036705384234142,success
1435,2000,8,3,2.0,4.8000000000000025,0.01,0.56,5.0,5,191,158,151,0,0.9213453736853261,0.20378592383721544,success
1434,2000,8,3,2.0,4.8000000000000025,0.01,0.55,5.0,5,191,158,151,0,0.9213453736853261,0.20378592383721544,success
1436,2000,8,3,2.0,4.8000000000000025,0.01,0.5700000000000001,5.0,5,191,158,151,0,0.9213453736853261,0.20378592383721544,success
1437,2000,8,3,2.0,4.8000000000000025,0.01,0.5800000000000001,5.0,5,191,158,151,0,0.9213453736853261,0.20378592383721544,success
1438,2000,8,3,2.0,4.8000000000000025,0.01,0.5900000000000001,5.0,5,191,158,151,0,0.9206402692983309,0.20465396155272256,success
1439,2000,8,3,2.0,4.8000000000000025,0.01,0.6000000000000001,5.0,5,191,158,151,0,0.9206402692983309,0.20465396155272256,success
1440,2000,8,3,2.0,4.8000000000000025,0.01,0.6100000000000001,5.0,5,191,158,151,0,0.9205091722693902,0.20468570105848416,success
1441,2000,8,3,2.0,4.8000000000000025,0.01,0.6200000000000001,5.0,5,190,158,152,0,0.9212084680611886,0.2040600058153882,success
1443,2000,8,3,2.0,4.8000000000000025,0.01,0.6400000000000001,5.0,5,191,158,151,0,0.9212716456863629,0.20586281755818656,success
1442,2000,8,3,2.0,4.8000000000000025,0.01,0.6300000000000001,5.0,5,190,158,152,0,0.9204322014004515,0.2054408675378066,success
1445,2000,8,3,2.0,4.8000000000000025,0.01,0.6600000000000001,5.0,5,191,158,151,0,0.919342661322463,0.20655208784928894,success
1444,2000,8,3,2.0,4.8000000000000025,0.01,0.6500000000000001,5.0,5,191,158,151,0,0.9212716456863629,0.20586281755818656,success
1447,2000,8,3,2.0,4.8000000000000025,0.01,0.6800000000000002,5.0,5,192,158,150,0,0.9213515326757541,0.20575869136969552,success
1446,2000,8,3,2.0,4.8000000000000025,0.01,0.6700000000000002,5.0,5,191,158,151,0,0.919342661322463,0.20655208784928894,success
1448,2000,8,3,2.0,4.8000000000000025,0.01,0.6900000000000002,5.0,5,192,158,150,0,0.9201855852351518,0.20580554720107738,success
1449,2000,8,3,2.0,4.8000000000000025,0.01,0.7000000000000002,5.0,5,192,158,150,0,0.9201855852351518,0.20580554720107738,success
1450,2000,8,3,2.0,4.8000000000000025,0.01,0.7100000000000002,5.0,5,192,158,150,0,0.9201855852351518,0.20580554720107738,success
1451,2000,8,3,2.0,4.8000000000000025,0.01,0.7200000000000002,5.0,5,192,158,150,0,0.9196451338419241,0.20631553872878333,success
1452,2000,8,3,2.0,4.8000000000000025,0.01,0.7300000000000002,5.0,5,192,158,150,0,0.9190729983779219,0.20760205401796558,success
1453,2000,8,3,2.0,4.8000000000000025,0.01,0.7400000000000002,5.0,5,193,158,149,0,0.9224615441361653,0.20409763819013624,success
1454,2000,8,3,2.0,4.8000000000000025,0.01,0.7500000000000002,5.0,5,193,158,149,0,0.9215926193379211,0.20598810025078332,success
1455,2000,8,3,2.0,4.8000000000000025,0.01,0.7600000000000002,5.0,5,194,157,149,0,0.9215926193379211,0.20598810025078332,success
1456,2000,8,3,2.0,4.8000000000000025,0.01,0.7700000000000002,5.0,5,193,157,150,0,0.9221153352090016,0.20539549596117085,success
1457,2000,8,3,2.0,4.8000000000000025,0.01,0.7800000000000002,5.0,5,193,156,151,0,0.9209587303087157,0.20520248292502372,success
1458,2000,8,3,2.0,4.8000000000000025,0.01,0.7900000000000003,5.0,5,193,156,151,0,0.9209587303087157,0.20520248292502372,success
1459,2000,8,3,2.0,4.8000000000000025,0.01,0.8000000000000003,5.0,5,192,156,152,0,0.9221802150864696,0.20420418384548736,success
1460,2000,8,3,2.0,4.8000000000000025,0.01,0.8100000000000003,5.0,5,192,156,152,0,0.9219065664528404,0.20429271346094682,success
1461,2000,8,3,2.0,4.8000000000000025,0.01,0.8200000000000003,5.0,5,193,156,151,0,0.9222275327407994,0.20493410206622936,success
1462,2000,8,3,2.0,4.8000000000000025,0.01,0.8300000000000003,5.0,5,193,156,151,0,0.9269873216554193,0.19154736032206507,success
1463,2000,8,3,2.0,4.8000000000000025,0.01,0.8400000000000003,5.0,5,193,156,151,0,0.9268443215497152,0.1919404009434358,success
1464,2000,8,3,2.0,4.8000000000000025,0.01,0.8500000000000003,5.0,5,193,156,151,0,0.9268443215497152,0.1919404009434358,success
1465,2000,8,3,2.0,4.8000000000000025,0.01,0.8600000000000003,5.0,5,193,157,150,0,0.9272802632983576,0.19250839959331772,success
1466,2000,8,3,2.0,4.8000000000000025,0.01,0.8700000000000003,5.0,5,193,157,150,0,0.9272802632983576,0.19250839959331772,success
1467,2000,8,3,2.0,4.8000000000000025,0.01,0.8800000000000003,5.0,5,193,156,151,0,0.9243586139714031,0.1946418144702471,success
1468,2000,8,3,2.0,4.8000000000000025,0.01,0.8900000000000003,5.0,5,193,155,152,0,0.9231413501410389,0.19457585194696095,success
1469,2000,8,3,2.0,4.8000000000000025,0.01,0.9000000000000004,5.0,5,193,155,152,0,0.9231413501410389,0.19457585194696095,success
1470,2000,8,3,2.0,4.8000000000000025,0.01,0.9100000000000004,5.0,5,193,155,152,0,0.9215286994262867,0.19495005978583654,success
1471,2000,8,3,2.0,4.8000000000000025,0.01,0.9200000000000004,5.0,5,194,155,151,0,0.9226208000921011,0.1954835214583571,success
1472,2000,8,3,2.0,4.8000000000000025,0.01,0.9300000000000004,5.0,5,194,155,151,0,0.9215212376416223,0.19673120871957894,success
1473,2000,8,3,2.0,4.8000000000000025,0.01,0.9400000000000004,5.0,5,194,155,151,0,0.9215212376416223,0.19673120871957894,success
1474,2000,8,3,2.0,4.8000000000000025,0.01,0.9500000000000004,5.0,5,194,155,151,0,0.9215212376416223,0.19673120871957894,success
1475,2000,8,3,2.0,4.8000000000000025,0.01,0.9600000000000004,5.0,5,194,155,151,0,0.9229910737596421,0.19648113279156335,success
1476,2000,8,3,2.0,4.8000000000000025,0.01,0.9700000000000004,5.0,5,194,155,151,0,0.9229910737596421,0.19648113279156335,success
1477,2000,8,3,2.0,4.8000000000000025,0.01,0.9800000000000004,5.0,5,194,155,151,0,0.9229910737596421,0.19648113279156335,success
1478,2000,8,3,2.0,4.8000000000000025,0.01,0.9900000000000004,5.0,5,194,155,151,0,0.9229910737596421,0.19648113279156335,success
1479,2000,8,3,2.0,4.8000000000000025,0.01,1.0000000000000004,5.0,5,194,154,152,0,0.9228682198752185,0.194791571233344,success
1480,2000,8,3,2.0,4.900000000000002,0.01,0.5,5.0,5,184,162,154,0,0.9297222517469889,0.1985849831796702,success
1481,2000,8,3,2.0,4.900000000000002,0.01,0.51,5.0,5,185,162,153,0,0.9292629200590609,0.19915505853360596,success
1483,2000,8,3,2.0,4.900000000000002,0.01,0.53,5.0,5,185,162,153,0,0.9292629200590609,0.19915505853360596,success
1482,2000,8,3,2.0,4.900000000000002,0.01,0.52,5.0,5,185,162,153,0,0.9292629200590609,0.19915505853360596,success
1484,2000,8,3,2.0,4.900000000000002,0.01,0.54,5.0,5,186,161,153,0,0.9329510508537864,0.19582994235029866,success
1485,2000,8,3,2.0,4.900000000000002,0.01,0.55,5.0,5,186,162,152,0,0.933468399040156,0.19637238635003726,success
1486,2000,8,3,2.0,4.900000000000002,0.01,0.56,5.0,5,186,162,152,0,0.933468399040156,0.19637238635003726,success
1487,2000,8,3,2.0,4.900000000000002,0.01,0.5700000000000001,5.0,5,186,162,152,0,0.933468399040156,0.19637238635003726,success
1488,2000,8,3,2.0,4.900000000000002,0.01,0.5800000000000001,5.0,5,186,162,152,0,0.933468399040156,0.19637238635003726,success
1489,2000,8,3,2.0,4.900000000000002,0.01,0.5900000000000001,5.0,5,186,162,152,0,0.933468399040156,0.19637238635003726,success
1490,2000,8,3,2.0,4.900000000000002,0.01,0.6000000000000001,5.0,5,186,162,152,0,0.933468399040156,0.19637238635003726,success
1491,2000,8,3,2.0,4.900000000000002,0.01,0.6100000000000001,5.0,5,186,162,152,0,0.933338164491669,0.19641380778991527,success
1493,2000,8,3,2.0,4.900000000000002,0.01,0.6300000000000001,5.0,5,185,162,153,0,0.9331778470779372,0.19725852545960912,success
1492,2000,8,3,2.0,4.900000000000002,0.01,0.6200000000000001,5.0,5,185,162,153,0,0.9339490401003687,0.1957789514797156,success
1494,2000,8,3,2.0,4.900000000000002,0.01,0.6400000000000001,5.0,5,185,162,153,0,0.9331778470779372,0.19725852545960912,success
1495,2000,8,3,2.0,4.900000000000002,0.01,0.6500000000000001,5.0,5,185,162,153,0,0.9331778470779372,0.19725852545960912,success
1496,2000,8,3,2.0,4.900000000000002,0.01,0.6600000000000001,5.0,5,185,162,153,0,0.9313770805469895,0.19790104260646543,success
1497,2000,8,3,2.0,4.900000000000002,0.01,0.6700000000000002,5.0,5,185,162,153,0,0.9313770805469895,0.19790104260646543,success
1499,2000,8,3,2.0,4.900000000000002,0.01,0.6900000000000002,5.0,5,185,162,153,0,0.9302339948209086,0.19800712981309387,success
1498,2000,8,3,2.0,4.900000000000002,0.01,0.6800000000000002,5.0,5,185,162,153,0,0.9313770805469895,0.19790104260646543,success
1500,2000,8,3,2.0,4.900000000000002,0.01,0.7000000000000002,5.0,5,185,162,153,0,0.9302339948209086,0.19800712981309387,success
1501,2000,8,3,2.0,4.900000000000002,0.01,0.7100000000000002,5.0,5,185,162,153,0,0.9302339948209086,0.19800712981309387,success
1502,2000,8,3,2.0,4.900000000000002,0.01,0.7200000000000002,5.0,5,185,162,153,0,0.9298752232398679,0.19823416504085234,success
1503,2000,8,3,2.0,4.900000000000002,0.01,0.7300000000000002,5.0,5,185,162,153,0,0.9293143061182971,0.1995754085825994,success
1504,2000,8,3,2.0,4.900000000000002,0.01,0.7400000000000002,5.0,5,186,162,152,0,0.9327033497085515,0.19576818883538397,success
1505,2000,8,3,2.0,4.900000000000002,0.01,0.7500000000000002,5.0,5,186,162,152,0,0.9327033497085515,0.19576818883538397,success
1507,2000,8,3,2.0,4.900000000000002,0.01,0.7700000000000002,5.0,5,186,161,153,0,0.9331431970960771,0.1951989873151629,success
1506,2000,8,3,2.0,4.900000000000002,0.01,0.7600000000000002,5.0,5,187,161,152,0,0.9327033497085515,0.19576818883538397,success
1508,2000,8,3,2.0,4.900000000000002,0.01,0.7800000000000002,5.0,5,186,160,154,0,0.9319375139673094,0.19513450031712126,success
1509,2000,8,3,2.0,4.900000000000002,0.01,0.7900000000000003,5.0,5,186,160,154,0,0.9319375139673094,0.19513450031712126,success
1510,2000,8,3,2.0,4.900000000000002,0.01,0.8000000000000003,5.0,5,185,160,155,0,0.93306452624189,0.19410667648894672,success
1511,2000,8,3,2.0,4.900000000000002,0.01,0.8100000000000003,5.0,5,185,160,155,0,0.9327961740334277,0.19421313667499085,success
1512,2000,8,3,2.0,4.900000000000002,0.01,0.8200000000000003,5.0,5,186,160,154,0,0.9331815994688978,0.19478730454576998,success
1513,2000,8,3,2.0,4.900000000000002,0.01,0.8300000000000003,5.0,5,186,160,154,0,0.9378486652228435,0.1806546156425868,success
1514,2000,8,3,2.0,4.900000000000002,0.01,0.8400000000000003,5.0,5,186,160,154,0,0.9378486652228435,0.1806546156425868,success
1516,2000,8,3,2.0,4.900000000000002,0.01,0.8600000000000003,5.0,5,186,161,153,0,0.9383479829089183,0.18114125338639453,success
1515,2000,8,3,2.0,4.900000000000002,0.01,0.8500000000000003,5.0,5,186,160,154,0,0.9378486652228435,0.1806546156425868,success
1517,2000,8,3,2.0,4.900000000000002,0.01,0.8700000000000003,5.0,5,186,161,153,0,0.9383479829089183,0.18114125338639453,success
1518,2000,8,3,2.0,4.900000000000002,0.01,0.8800000000000003,5.0,5,186,160,154,0,0.9357850004500603,0.18332840079109425,success
1519,2000,8,3,2.0,4.900000000000002,0.01,0.8900000000000003,5.0,5,186,160,154,0,0.9357850004500603,0.18332840079109425,success
1520,2000,8,3,2.0,4.900000000000002,0.01,0.9000000000000004,5.0,5,186,160,154,0,0.9357850004500603,0.18332840079109425,success
1521,2000,8,3,2.0,4.900000000000002,0.01,0.9100000000000004,5.0,5,186,160,154,0,0.934193293251084,0.18383064864997042,success
1522,2000,8,3,2.0,4.900000000000002,0.01,0.9200000000000004,5.0,5,187,160,153,0,0.9358398049770804,0.18329155354343565,success
1523,2000,8,3,2.0,4.900000000000002,0.01,0.9300000000000004,5.0,5,187,160,153,0,0.9347546158919673,0.18468245896605975,success
1525,2000,8,3,2.0,4.900000000000002,0.01,0.9500000000000004,5.0,5,187,160,153,0,0.9347546158919673,0.18468245896605975,success
1524,2000,8,3,2.0,4.900000000000002,0.01,0.9400000000000004,5.0,5,187,160,153,0,0.9347546158919673,0.18468245896605975,success
1527,2000,8,3,2.0,4.900000000000002,0.01,0.9700000000000004,5.0,5,187,160,153,0,0.9362052384659608,0.18431482239967498,success
1526,2000,8,3,2.0,4.900000000000002,0.01,0.9600000000000004,5.0,5,187,160,153,0,0.9362052384659608,0.18431482239967498,success
1528,2000,8,3,2.0,4.900000000000002,0.01,0.9800000000000004,5.0,5,187,160,153,0,0.9360536619229908,0.1844162955961207,success
1529,2000,8,3,2.0,4.900000000000002,0.01,0.9900000000000004,5.0,5,187,160,153,0,0.9360536619229908,0.1844162955961207,success
1531,2000,8,3,2.0,5.000000000000003,0.01,0.5,5.0,6,154,198,148,0,0.9422795738185065,0.18437409873680233,success
1530,2000,8,3,2.0,4.900000000000002,0.01,1.0000000000000004,5.0,5,187,159,154,0,0.9358475815424988,0.1827327122595789,success
1532,2000,8,3,2.0,5.000000000000003,0.01,0.51,5.0,6,154,198,148,0,0.9422795738185065,0.18437409873680233,success
1533,2000,8,3,2.0,5.000000000000003,0.01,0.52,5.0,6,154,198,148,0,0.9422795738185065,0.18437409873680233,success
1534,2000,8,3,2.0,5.000000000000003,0.01,0.53,5.0,6,154,198,148,0,0.941243128544102,0.1857957210043719,success
1535,2000,8,3,2.0,5.000000000000003,0.01,0.54,5.0,6,154,198,148,0,0.941243128544102,0.1857957210043719,success
1536,2000,8,3,2.0,5.000000000000003,0.01,0.55,5.0,6,154,198,148,0,0.941243128544102,0.1857957210043719,success
1537,2000,8,3,2.0,5.000000000000003,0.01,0.56,5.0,6,154,198,148,0,0.941243128544102,0.1857957210043719,success
1539,2000,8,3,2.0,5.000000000000003,0.01,0.5800000000000001,5.0,6,154,198,148,0,0.941243128544102,0.1857957210043719,success
1538,2000,8,3,2.0,5.000000000000003,0.01,0.5700000000000001,5.0,6,154,198,148,0,0.941243128544102,0.1857957210043719,success
1540,2000,8,3,2.0,5.000000000000003,0.01,0.5900000000000001,5.0,6,154,198,148,0,0.941243128544102,0.1857957210043719,success
1541,2000,8,3,2.0,5.000000000000003,0.01,0.6000000000000001,5.0,6,154,198,148,0,0.941243128544102,0.1857957210043719,success
1542,2000,8,3,2.0,5.000000000000003,0.01,0.6100000000000001,5.0,6,154,198,148,0,0.9415341348133655,0.1856203642214896,success
1543,2000,8,3,2.0,5.000000000000003,0.01,0.6200000000000001,5.0,6,154,198,148,0,0.9415341348133655,0.1856203642214896,success
1544,2000,8,3,2.0,5.000000000000003,0.01,0.6300000000000001,5.0,6,155,197,148,0,0.9415341348133655,0.1856203642214896,success
1545,2000,8,3,2.0,5.000000000000003,0.01,0.6400000000000001,5.0,6,155,197,148,0,0.9415341348133655,0.1856203642214896,success
1546,2000,8,3,2.0,5.000000000000003,0.01,0.6500000000000001,5.0,6,155,197,148,0,0.9405333324732034,0.18417605793255232,success
1547,2000,8,3,2.0,5.000000000000003,0.01,0.6600000000000001,5.0,6,155,197,148,0,0.9405333324732034,0.18417605793255232,success
1548,2000,8,3,2.0,5.000000000000003,0.01,0.6700000000000002,5.0,6,156,197,147,0,0.9427274875755239,0.18285446556322427,success
1549,2000,8,3,2.0,5.000000000000003,0.01,0.6800000000000002,5.0,6,156,197,147,0,0.9427274875755239,0.18285446556322427,success
1550,2000,8,3,2.0,5.000000000000003,0.01,0.6900000000000002,5.0,6,156,197,147,0,0.9426857275463565,0.18290007692261406,success
1551,2000,8,3,2.0,5.000000000000003,0.01,0.7000000000000002,5.0,6,156,197,147,0,0.9426857275463565,0.18290007692261406,success
1552,2000,8,3,2.0,5.000000000000003,0.01,0.7100000000000002,5.0,6,156,196,148,0,0.9426804474503743,0.18293712587895175,success
1553,2000,8,3,2.0,5.000000000000003,0.01,0.7200000000000002,5.0,6,156,196,148,0,0.9426804474503743,0.18293712587895175,success
1554,2000,8,3,2.0,5.000000000000003,0.01,0.7300000000000002,5.0,6,156,196,148,0,0.9426804474503743,0.18293712587895175,success
1555,2000,8,3,2.0,5.000000000000003,0.01,0.7400000000000002,5.0,6,156,196,148,0,0.9420680568575179,0.18376582460674296,success
1556,2000,8,3,2.0,5.000000000000003,0.01,0.7500000000000002,5.0,6,156,196,148,0,0.9420680568575179,0.18376582460674296,success
1557,2000,8,3,2.0,5.000000000000003,0.01,0.7600000000000002,5.0,6,156,196,148,0,0.9420680568575179,0.18376582460674296,success
1558,2000,8,3,2.0,5.000000000000003,0.01,0.7700000000000002,5.0,6,156,196,148,0,0.9420680568575179,0.18376582460674296,success
1559,2000,8,3,2.0,5.000000000000003,0.01,0.7800000000000002,5.0,6,156,196,148,0,0.940257355004783,0.18450987794913776,success
1560,2000,8,3,2.0,5.000000000000003,0.01,0.7900000000000003,5.0,6,156,196,148,0,0.940257355004783,0.18450987794913776,success
1562,2000,8,3,2.0,5.000000000000003,0.01,0.8100000000000003,5.0,6,156,196,148,0,0.9421078656802541,0.18175630022305236,success
1561,2000,8,3,2.0,5.000000000000003,0.01,0.8000000000000003,5.0,6,156,196,148,0,0.9391531516455313,0.18434480078473386,success
1563,2000,8,3,2.0,5.000000000000003,0.01,0.8200000000000003,5.0,6,156,196,148,0,0.9421078656802541,0.18175630022305236,success
1564,2000,8,3,2.0,5.000000000000003,0.01,0.8300000000000003,5.0,6,156,196,148,0,0.9421078656802541,0.18175630022305236,success
1565,2000,8,3,2.0,5.000000000000003,0.01,0.8400000000000003,5.0,6,157,196,147,0,0.9451154021814802,0.17864420563399333,success
1566,2000,8,3,2.0,5.000000000000003,0.01,0.8500000000000003,5.0,6,157,196,147,0,0.9451154021814802,0.17864420563399333,success
1567,2000,8,3,2.0,5.000000000000003,0.01,0.8600000000000003,5.0,6,157,196,147,0,0.9451154021814802,0.17864420563399333,success
1568,2000,8,3,2.0,5.000000000000003,0.01,0.8700000000000003,5.0,6,157,197,146,0,0.9447394802786135,0.1792008095495015,success
1569,2000,8,3,2.0,5.000000000000003,0.01,0.8800000000000003,5.0,6,157,197,146,0,0.9447394802786135,0.1792008095495015,success
1570,2000,8,3,2.0,5.000000000000003,0.01,0.8900000000000003,5.0,6,157,197,146,0,0.9447394802786135,0.1792008095495015,success
1571,2000,8,3,2.0,5.000000000000003,0.01,0.9000000000000004,5.0,6,157,197,146,0,0.9447394802786135,0.1792008095495015,success
1572,2000,8,3,2.0,5.000000000000003,0.01,0.9100000000000004,5.0,6,157,197,146,0,0.941650542480668,0.18210504511467004,success
1573,2000,8,3,2.0,5.000000000000003,0.01,0.9200000000000004,5.0,6,157,197,146,0,0.941650542480668,0.18210504511467004,success
1574,2000,8,3,2.0,5.000000000000003,0.01,0.9300000000000004,5.0,6,157,197,146,0,0.941650542480668,0.18210504511467004,success
1575,2000,8,3,2.0,5.000000000000003,0.01,0.9400000000000004,5.0,6,157,197,146,0,0.941650542480668,0.18210504511467004,success
1576,2000,8,3,2.0,5.000000000000003,0.01,0.9500000000000004,5.0,6,157,197,146,0,0.941650542480668,0.18210504511467004,success
1577,2000,8,3,2.0,5.000000000000003,0.01,0.9600000000000004,5.0,6,157,197,146,0,0.941650542480668,0.18210504511467004,success
1578,2000,8,3,2.0,5.000000000000003,0.01,0.9700000000000004,5.0,6,157,197,146,0,0.941650542480668,0.18210504511467004,success
1579,2000,8,3,2.0,5.000000000000003,0.01,0.9800000000000004,5.0,6,157,197,146,0,0.941650542480668,0.18210504511467004,success
1580,2000,8,3,2.0,5.000000000000003,0.01,0.9900000000000004,5.0,6,157,196,147,0,0.9402652289026519,0.18225590676380346,success
1581,2000,8,3,2.0,5.000000000000003,0.01,1.0000000000000004,5.0,6,157,196,147,0,0.9402652289026519,0.18225590676380346,success
