combination_id,n,k,p,q,thrshld,p1,p2,beta,seeds,case_A_count,case_B_count,case_C_count,case_Invalid_count,delta_star_mean,delta_star_std,status
1,2000,8,2,4.0,2.0,0.01,0.5,3.0,2,471,11,18,0,0.8260932792322957,0.2608117334156372,success
7,2000,8,2,4.0,2.0,0.01,0.56,3.0,2,472,11,17,0,0.8336778307292907,0.269356047719538,success
2,2000,8,2,4.0,2.0,0.01,0.51,3.0,2,471,11,18,0,0.8260932792322957,0.2608117334156372,success
24,2000,8,2,4.0,2.0,0.01,0.7300000000000002,3.0,2,475,10,15,0,0.847316690361629,0.2658841376892293,success
8,2000,8,2,4.0,2.0,0.01,0.5700000000000001,3.0,2,472,11,17,0,0.8336778307292907,0.269356047719538,success
3,2000,8,2,4.0,2.0,0.01,0.52,3.0,2,471,11,18,0,0.8260932792322957,0.2608117334156372,success
9,2000,8,2,4.0,2.0,0.01,0.5800000000000001,3.0,2,472,11,17,0,0.8336778307292907,0.269356047719538,success
27,2000,8,2,4.0,2.0,0.01,0.7600000000000002,3.0,2,474,10,16,0,0.8256093972140273,0.2711470478833029,success
10,2000,8,2,4.0,2.0,0.01,0.5900000000000001,3.0,2,473,10,17,0,0.82862908569865,0.27670543517845897,success
29,2000,8,2,4.0,2.0,0.01,0.7800000000000002,3.0,2,475,10,15,0,0.847316690361629,0.2658841376892293,success
25,2000,8,2,4.0,2.0,0.01,0.7400000000000002,3.0,2,475,10,15,0,0.847316690361629,0.2658841376892293,success
31,2000,8,2,4.0,2.0,0.01,0.8000000000000003,3.0,2,475,10,15,0,0.847316690361629,0.2658841376892293,success
30,2000,8,2,4.0,2.0,0.01,0.7900000000000003,3.0,2,475,10,15,0,0.847316690361629,0.2658841376892293,success
32,2000,8,2,4.0,2.0,0.01,0.8100000000000003,3.0,2,475,10,15,0,0.847316690361629,0.2658841376892293,success
16,2000,8,2,4.0,2.0,0.01,0.6500000000000001,3.0,2,475,10,15,0,0.847316690361629,0.2658841376892293,success
26,2000,8,2,4.0,2.0,0.01,0.7500000000000002,3.0,2,475,10,15,0,0.847316690361629,0.2658841376892293,success
28,2000,8,2,4.0,2.0,0.01,0.7700000000000002,3.0,2,474,10,16,0,0.8256093972140273,0.2711470478833029,success
12,2000,8,2,4.0,2.0,0.01,0.6100000000000001,3.0,2,474,10,16,0,0.8568593972140273,0.25968909955604286,success
6,2000,8,2,4.0,2.0,0.01,0.55,3.0,2,471,11,18,0,0.824201388221375,0.26438859475788395,success
5,2000,8,2,4.0,2.0,0.01,0.54,3.0,2,471,11,18,0,0.8260932792322957,0.2608117334156372,success
22,2000,8,2,4.0,2.0,0.01,0.7100000000000002,3.0,2,475,10,15,0,0.847316690361629,0.2658841376892293,success
14,2000,8,2,4.0,2.0,0.01,0.6300000000000001,3.0,2,474,10,16,0,0.8568593972140273,0.25968909955604286,success
21,2000,8,2,4.0,2.0,0.01,0.7000000000000002,3.0,2,475,10,15,0,0.847316690361629,0.2658841376892293,success
13,2000,8,2,4.0,2.0,0.01,0.6200000000000001,3.0,2,474,10,16,0,0.8568593972140273,0.25968909955604286,success
15,2000,8,2,4.0,2.0,0.01,0.6400000000000001,3.0,2,474,10,16,0,0.8568593972140273,0.25968909955604286,success
11,2000,8,2,4.0,2.0,0.01,0.6000000000000001,3.0,2,473,10,17,0,0.82862908569865,0.27670543517845897,success
4,2000,8,2,4.0,2.0,0.01,0.53,3.0,2,471,11,18,0,0.8260932792322957,0.2608117334156372,success
19,2000,8,2,4.0,2.0,0.01,0.6800000000000002,3.0,2,475,10,15,0,0.847316690361629,0.2658841376892293,success
23,2000,8,2,4.0,2.0,0.01,0.7200000000000002,3.0,2,475,10,15,0,0.847316690361629,0.2658841376892293,success
20,2000,8,2,4.0,2.0,0.01,0.6900000000000002,3.0,2,475,10,15,0,0.847316690361629,0.2658841376892293,success
17,2000,8,2,4.0,2.0,0.01,0.6600000000000001,3.0,2,475,10,15,0,0.847316690361629,0.2658841376892293,success
18,2000,8,2,4.0,2.0,0.01,0.6700000000000002,3.0,2,475,10,15,0,0.847316690361629,0.2658841376892293,success
34,2000,8,2,4.0,2.0,0.01,0.8300000000000003,3.0,2,475,10,15,0,0.847316690361629,0.2658841376892293,success
36,2000,8,2,4.0,2.0,0.01,0.8500000000000003,3.0,2,476,10,14,0,0.8867265238913647,0.2259276432655308,success
35,2000,8,2,4.0,2.0,0.01,0.8400000000000003,3.0,2,475,10,15,0,0.847316690361629,0.2658841376892293,success
37,2000,8,2,4.0,2.0,0.01,0.8600000000000003,3.0,2,476,10,14,0,0.8867265238913647,0.2259276432655308,success
38,2000,8,2,4.0,2.0,0.01,0.8700000000000003,3.0,2,476,10,14,0,0.9285714285714286,0.18156825980064076,success
33,2000,8,2,4.0,2.0,0.01,0.8200000000000003,3.0,2,475,10,15,0,0.847316690361629,0.2658841376892293,success
39,2000,8,2,4.0,2.0,0.01,0.8800000000000003,3.0,2,476,10,14,0,0.9285714285714286,0.18156825980064076,success
42,2000,8,2,4.0,2.0,0.01,0.9100000000000004,3.0,2,476,10,14,0,0.9285714285714286,0.18156825980064076,success
41,2000,8,2,4.0,2.0,0.01,0.9000000000000004,3.0,2,476,10,14,0,0.9285714285714286,0.18156825980064076,success
44,2000,8,2,4.0,2.0,0.01,0.9300000000000004,3.0,2,476,10,14,0,0.9285714285714286,0.18156825980064076,success
43,2000,8,2,4.0,2.0,0.01,0.9200000000000004,3.0,2,476,10,14,0,0.9285714285714286,0.18156825980064076,success
40,2000,8,2,4.0,2.0,0.01,0.8900000000000003,3.0,2,476,10,14,0,0.9285714285714286,0.18156825980064076,success
53,2000,8,2,4.0,2.1,0.01,0.51,3.0,3,470,8,22,0,0.8270796322485592,0.22933547290305933,success
55,2000,8,2,4.0,2.1,0.01,0.53,3.0,3,472,7,21,0,0.808580292122405,0.2427831320492233,success
56,2000,8,2,4.0,2.1,0.01,0.54,3.0,3,473,7,20,0,0.7990093067285251,0.2449918800330534,success
57,2000,8,2,4.0,2.1,0.01,0.55,3.0,3,473,7,20,0,0.7990093067285251,0.2449918800330534,success
45,2000,8,2,4.0,2.0,0.01,0.9400000000000004,3.0,2,476,10,14,0,0.9285714285714286,0.18156825980064076,success
52,2000,8,2,4.0,2.1,0.01,0.5,3.0,3,470,9,21,0,0.8188453290223001,0.23164246258401247,success
58,2000,8,2,4.0,2.1,0.01,0.56,3.0,3,473,7,20,0,0.7990093067285251,0.2449918800330534,success
54,2000,8,2,4.0,2.1,0.01,0.52,3.0,3,472,7,21,0,0.8147594323262081,0.23821131610503823,success
60,2000,8,2,4.0,2.1,0.01,0.5800000000000001,3.0,3,475,6,19,0,0.7865724659850851,0.2507749657609445,success
61,2000,8,2,4.0,2.1,0.01,0.5900000000000001,3.0,3,476,5,19,0,0.7865724659850851,0.2507749657609445,success
46,2000,8,2,4.0,2.0,0.01,0.9500000000000004,3.0,2,476,10,14,0,0.9285714285714286,0.18156825980064076,success
62,2000,8,2,4.0,2.1,0.01,0.6000000000000001,3.0,3,476,5,19,0,0.7902471349122725,0.24618849673364568,success
59,2000,8,2,4.0,2.1,0.01,0.5700000000000001,3.0,3,475,6,19,0,0.7884308491879212,0.2469678312457238,success
64,2000,8,2,4.0,2.1,0.01,0.6200000000000001,3.0,3,477,5,18,0,0.8061901320690043,0.23858883526585126,success
63,2000,8,2,4.0,2.1,0.01,0.6100000000000001,3.0,3,477,5,18,0,0.8111388552195063,0.23535796095736888,success
47,2000,8,2,4.0,2.0,0.01,0.9600000000000004,3.0,2,476,10,14,0,0.9285714285714286,0.18156825980064076,success
48,2000,8,2,4.0,2.0,0.01,0.9700000000000004,3.0,2,476,10,14,0,0.9285714285714286,0.18156825980064076,success
49,2000,8,2,4.0,2.0,0.01,0.9800000000000004,3.0,2,476,10,14,0,0.9285714285714286,0.18156825980064076,success
50,2000,8,2,4.0,2.0,0.01,0.9900000000000004,3.0,2,477,10,13,0,0.9230769230769231,0.18776690404970267,success
51,2000,8,2,4.0,2.0,0.01,1.0000000000000004,3.0,2,477,10,13,0,0.9230769230769231,0.18776690404970267,success
65,2000,8,2,4.0,2.1,0.01,0.6300000000000001,3.0,3,478,5,17,0,0.7947895516024751,0.24082500641386098,success
69,2000,8,2,4.0,2.1,0.01,0.6700000000000002,3.0,3,479,5,16,0,0.8123827155796497,0.20793631391046952,success
67,2000,8,2,4.0,2.1,0.01,0.6500000000000001,3.0,3,479,5,16,0,0.8123827155796497,0.20793631391046952,success
68,2000,8,2,4.0,2.1,0.01,0.6600000000000001,3.0,3,479,5,16,0,0.8123827155796497,0.20793631391046952,success
74,2000,8,2,4.0,2.1,0.01,0.7200000000000002,3.0,3,480,4,16,0,0.8123827155796497,0.20793631391046952,success
70,2000,8,2,4.0,2.1,0.01,0.6800000000000002,3.0,3,479,5,16,0,0.8123827155796497,0.20793631391046952,success
73,2000,8,2,4.0,2.1,0.01,0.7100000000000002,3.0,3,480,4,16,0,0.8123827155796497,0.20793631391046952,success
71,2000,8,2,4.0,2.1,0.01,0.6900000000000002,3.0,3,480,4,16,0,0.8123827155796497,0.20793631391046952,success
72,2000,8,2,4.0,2.1,0.01,0.7000000000000002,3.0,3,480,4,16,0,0.8123827155796497,0.20793631391046952,success
66,2000,8,2,4.0,2.1,0.01,0.6400000000000001,3.0,3,478,5,17,0,0.7653777868965927,0.24469759508898337,success
76,2000,8,2,4.0,2.1,0.01,0.7400000000000002,3.0,3,481,4,15,0,0.8332082299516264,0.19720804241683498,success
81,2000,8,2,4.0,2.1,0.01,0.7900000000000003,3.0,3,483,3,14,0,0.7918165704573591,0.20086904603859826,success
75,2000,8,2,4.0,2.1,0.01,0.7300000000000002,3.0,3,481,4,15,0,0.8332082299516264,0.19720804241683498,success
77,2000,8,2,4.0,2.1,0.01,0.7500000000000002,3.0,3,481,4,15,0,0.8077423605068778,0.19878855440610677,success
82,2000,8,2,4.0,2.1,0.01,0.8000000000000003,3.0,3,483,3,14,0,0.7918165704573591,0.20086904603859826,success
78,2000,8,2,4.0,2.1,0.01,0.7600000000000002,3.0,3,482,4,14,0,0.7940096719716548,0.19877185160089597,success
87,2000,8,2,4.0,2.1,0.01,0.8500000000000003,3.0,3,484,3,13,0,0.7896476912753131,0.22592540692039748,success
83,2000,8,2,4.0,2.1,0.01,0.8100000000000003,3.0,3,483,3,14,0,0.7918165704573591,0.20086904603859826,success
85,2000,8,2,4.0,2.1,0.01,0.8300000000000003,3.0,3,482,3,15,0,0.7613438862349099,0.22670490559872336,success
80,2000,8,2,4.0,2.1,0.01,0.7800000000000002,3.0,3,483,3,14,0,0.7940096719716548,0.19877185160089597,success
79,2000,8,2,4.0,2.1,0.01,0.7700000000000002,3.0,3,482,4,14,0,0.7940096719716548,0.19877185160089597,success
89,2000,8,2,4.0,2.1,0.01,0.8700000000000003,3.0,3,485,3,12,0,0.8114626937310572,0.20449619243756734,success
84,2000,8,2,4.0,2.1,0.01,0.8200000000000003,3.0,3,483,3,14,0,0.7918165704573591,0.20086904603859826,success
90,2000,8,2,4.0,2.1,0.01,0.8800000000000003,3.0,3,484,3,13,0,0.7787174566257883,0.22863302222422777,success
86,2000,8,2,4.0,2.1,0.01,0.8400000000000003,3.0,3,482,3,15,0,0.7466849581279784,0.24314776177802588,success
88,2000,8,2,4.0,2.1,0.01,0.8600000000000003,3.0,3,484,3,13,0,0.779667435259906,0.226883233531162,success
93,2000,8,2,4.0,2.1,0.01,0.9100000000000004,3.0,3,485,3,12,0,0.7602772446779373,0.22847921035607094,success
92,2000,8,2,4.0,2.1,0.01,0.9000000000000004,3.0,3,485,3,12,0,0.7602772446779373,0.22847921035607094,success
91,2000,8,2,4.0,2.1,0.01,0.8900000000000003,3.0,3,485,3,12,0,0.7602772446779373,0.22847921035607094,success
94,2000,8,2,4.0,2.1,0.01,0.9200000000000004,3.0,3,485,3,12,0,0.7602772446779373,0.22847921035607094,success
95,2000,8,2,4.0,2.1,0.01,0.9300000000000004,3.0,3,485,3,12,0,0.7602772446779373,0.22847921035607094,success
96,2000,8,2,4.0,2.1,0.01,0.9400000000000004,3.0,3,485,3,12,0,0.7602772446779373,0.22847921035607094,success
97,2000,8,2,4.0,2.1,0.01,0.9500000000000004,3.0,3,485,3,12,0,0.7602772446779373,0.22847921035607094,success
98,2000,8,2,4.0,2.1,0.01,0.9600000000000004,3.0,3,485,3,12,0,0.7602772446779373,0.22847921035607094,success
104,2000,8,2,4.0,2.2,0.01,0.51,3.0,3,467,9,24,0,0.8480865911299067,0.2149249423935065,success
103,2000,8,2,4.0,2.2,0.01,0.5,3.0,3,467,10,23,0,0.8414816603094678,0.21725056213911811,success
101,2000,8,2,4.0,2.1,0.01,0.9900000000000004,3.0,3,485,3,12,0,0.7602772446779373,0.22847921035607094,success
100,2000,8,2,4.0,2.1,0.01,0.9800000000000004,3.0,3,485,3,12,0,0.7602772446779373,0.22847921035607094,success
105,2000,8,2,4.0,2.2,0.01,0.52,3.0,3,468,9,23,0,0.8377510589782532,0.22401246059492247,success
108,2000,8,2,4.0,2.2,0.01,0.55,3.0,3,469,9,22,0,0.8244778369190893,0.23140803235380328,success
99,2000,8,2,4.0,2.1,0.01,0.9700000000000004,3.0,3,485,3,12,0,0.7602772446779373,0.22847921035607094,success
106,2000,8,2,4.0,2.2,0.01,0.53,3.0,3,468,9,23,0,0.8321092353139115,0.2290307419196708,success
102,2000,8,2,4.0,2.1,0.01,1.0000000000000004,3.0,3,485,3,12,0,0.7602772446779373,0.22847921035607094,success
107,2000,8,2,4.0,2.2,0.01,0.54,3.0,3,469,9,22,0,0.8244778369190893,0.23140803235380328,success
109,2000,8,2,4.0,2.2,0.01,0.56,3.0,3,469,9,22,0,0.8244778369190893,0.23140803235380328,success
110,2000,8,2,4.0,2.2,0.01,0.5700000000000001,3.0,3,470,8,22,0,0.8244778369190893,0.23140803235380328,success
111,2000,8,2,4.0,2.2,0.01,0.5800000000000001,3.0,3,470,8,22,0,0.8228999656695382,0.2350854505846143,success
113,2000,8,2,4.0,2.2,0.01,0.6000000000000001,3.0,3,471,7,22,0,0.8402630584727757,0.23333211394904269,success
115,2000,8,2,4.0,2.2,0.01,0.6200000000000001,3.0,3,472,7,21,0,0.8563101952528556,0.22226578027054383,success
117,2000,8,2,4.0,2.2,0.01,0.6400000000000001,3.0,3,473,7,20,0,0.8241257050154983,0.23541543890404357,success
114,2000,8,2,4.0,2.2,0.01,0.6100000000000001,3.0,3,472,7,21,0,0.8605519579532859,0.21830528636915075,success
116,2000,8,2,4.0,2.2,0.01,0.6300000000000001,3.0,3,473,7,20,0,0.8491257050154983,0.22552423648465994,success
112,2000,8,2,4.0,2.2,0.01,0.5900000000000001,3.0,3,471,7,22,0,0.8228999656695382,0.2350854505846143,success
120,2000,8,2,4.0,2.2,0.01,0.6700000000000002,3.0,3,474,7,19,0,0.8614364184133826,0.19870186317583388,success
118,2000,8,2,4.0,2.2,0.01,0.6500000000000001,3.0,3,474,7,19,0,0.8614364184133826,0.19870186317583388,success
119,2000,8,2,4.0,2.2,0.01,0.6600000000000001,3.0,3,474,7,19,0,0.8614364184133826,0.19870186317583388,success
121,2000,8,2,4.0,2.2,0.01,0.6800000000000002,3.0,3,474,7,19,0,0.8614364184133826,0.19870186317583388,success
122,2000,8,2,4.0,2.2,0.01,0.6900000000000002,3.0,3,475,6,19,0,0.8614364184133826,0.19870186317583388,success
123,2000,8,2,4.0,2.2,0.01,0.7000000000000002,3.0,3,475,6,19,0,0.8614364184133826,0.19870186317583388,success
124,2000,8,2,4.0,2.2,0.01,0.7100000000000002,3.0,3,475,5,20,0,0.8683645974927134,0.19586832587855194,success
126,2000,8,2,4.0,2.2,0.01,0.7300000000000002,3.0,3,476,5,19,0,0.8877522078870669,0.1804453494646626,success
125,2000,8,2,4.0,2.2,0.01,0.7200000000000002,3.0,3,475,5,20,0,0.8683645974927134,0.19586832587855194,success
127,2000,8,2,4.0,2.2,0.01,0.7400000000000002,3.0,3,476,5,19,0,0.8877522078870669,0.1804453494646626,success
128,2000,8,2,4.0,2.2,0.01,0.7500000000000002,3.0,3,476,5,19,0,0.8676475741148969,0.1883510228117275,success
130,2000,8,2,4.0,2.2,0.01,0.7700000000000002,3.0,3,477,5,18,0,0.8602946615657246,0.19098500092710613,success
129,2000,8,2,4.0,2.2,0.01,0.7600000000000002,3.0,3,477,5,18,0,0.8602946615657246,0.19098500092710613,success
132,2000,8,2,4.0,2.2,0.01,0.7900000000000003,3.0,3,478,4,18,0,0.8602946615657246,0.19098500092710613,success
131,2000,8,2,4.0,2.2,0.01,0.7800000000000002,3.0,3,478,4,18,0,0.8602946615657246,0.19098500092710613,success
133,2000,8,2,4.0,2.2,0.01,0.8000000000000003,3.0,3,478,4,18,0,0.8602946615657246,0.19098500092710613,success
136,2000,8,2,4.0,2.2,0.01,0.8300000000000003,3.0,3,479,4,17,0,0.8520767004813554,0.19355456679312483,success
134,2000,8,2,4.0,2.2,0.01,0.8100000000000003,3.0,3,478,4,18,0,0.8602946615657246,0.19098500092710613,success
137,2000,8,2,4.0,2.2,0.01,0.8400000000000003,3.0,3,479,4,17,0,0.83914235215171,0.21619646509445525,success
139,2000,8,2,4.0,2.2,0.01,0.8600000000000003,3.0,3,480,4,16,0,0.8209797911486736,0.2215165855581668,success
135,2000,8,2,4.0,2.2,0.01,0.8200000000000003,3.0,3,478,4,18,0,0.8602946615657246,0.19098500092710613,success
138,2000,8,2,4.0,2.2,0.01,0.8500000000000003,3.0,3,480,4,16,0,0.8290887491611919,0.2191441234300186,success
141,2000,8,2,4.0,2.2,0.01,0.8800000000000003,3.0,3,480,4,16,0,0.8347224329378867,0.19923413016708594,success
140,2000,8,2,4.0,2.2,0.01,0.8700000000000003,3.0,3,481,4,15,0,0.8491701549848457,0.19736057972084028,success
142,2000,8,2,4.0,2.2,0.01,0.8900000000000003,3.0,3,481,4,15,0,0.8237039284670792,0.2011175550989948,success
144,2000,8,2,4.0,2.2,0.01,0.9100000000000004,3.0,3,481,4,15,0,0.8237039284670792,0.2011175550989948,success
145,2000,8,2,4.0,2.2,0.01,0.9200000000000004,3.0,3,481,4,15,0,0.8237039284670792,0.2011175550989948,success
143,2000,8,2,4.0,2.2,0.01,0.9000000000000004,3.0,3,481,4,15,0,0.8237039284670792,0.2011175550989948,success
146,2000,8,2,4.0,2.2,0.01,0.9300000000000004,3.0,3,481,4,15,0,0.8237039284670792,0.2011175550989948,success
150,2000,8,2,4.0,2.2,0.01,0.9700000000000004,3.0,3,482,4,14,0,0.8111113519290134,0.2024799072565134,success
151,2000,8,2,4.0,2.2,0.01,0.9800000000000004,3.0,3,482,4,14,0,0.8111113519290134,0.2024799072565134,success
148,2000,8,2,4.0,2.2,0.01,0.9500000000000004,3.0,3,482,4,14,0,0.8111113519290134,0.2024799072565134,success
147,2000,8,2,4.0,2.2,0.01,0.9400000000000004,3.0,3,482,4,14,0,0.8111113519290134,0.2024799072565134,success
149,2000,8,2,4.0,2.2,0.01,0.9600000000000004,3.0,3,482,4,14,0,0.8111113519290134,0.2024799072565134,success
154,2000,8,2,4.0,2.3000000000000003,0.01,0.5,3.0,3,459,15,26,0,0.8597722379660677,0.21024155293787156,success
152,2000,8,2,4.0,2.2,0.01,0.9900000000000004,3.0,3,482,4,14,0,0.8111113519290134,0.2024799072565134,success
155,2000,8,2,4.0,2.3000000000000003,0.01,0.51,3.0,3,459,14,27,0,0.8649658587821393,0.20791763346652725,success
156,2000,8,2,4.0,2.3000000000000003,0.01,0.52,3.0,3,460,14,26,0,0.8564720906346087,0.21668932312822586,success
153,2000,8,2,4.0,2.2,0.01,1.0000000000000004,3.0,3,482,4,14,0,0.8111113519290134,0.2024799072565134,success
157,2000,8,2,4.0,2.3000000000000003,0.01,0.53,3.0,3,460,14,26,0,0.8514812466238447,0.2217039970408913,success
158,2000,8,2,4.0,2.3000000000000003,0.01,0.54,3.0,3,461,14,25,0,0.8455404964887984,0.22415363264670216,success
159,2000,8,2,4.0,2.3000000000000003,0.01,0.55,3.0,3,461,14,25,0,0.8455404964887984,0.22415363264670216,success
160,2000,8,2,4.0,2.3000000000000003,0.01,0.56,3.0,3,462,14,24,0,0.8391046838424984,0.22660294848595372,success
161,2000,8,2,4.0,2.3000000000000003,0.01,0.5700000000000001,3.0,3,463,13,24,0,0.8391046838424984,0.22660294848595375,success
162,2000,8,2,4.0,2.3000000000000003,0.01,0.5800000000000001,3.0,3,463,13,24,0,0.8376583018637432,0.2301294523442788,success
163,2000,8,2,4.0,2.3000000000000003,0.01,0.5900000000000001,3.0,3,463,13,24,0,0.8376583018637432,0.2301294523442788,success
164,2000,8,2,4.0,2.3000000000000003,0.01,0.6000000000000001,3.0,3,463,13,24,0,0.8535744702667111,0.2274719778213217,success
165,2000,8,2,4.0,2.3000000000000003,0.01,0.6100000000000001,3.0,3,464,13,23,0,0.8726778746530002,0.2119877358493849,success
166,2000,8,2,4.0,2.3000000000000003,0.01,0.6200000000000001,3.0,3,464,13,23,0,0.868804960883042,0.21592763104741758,success
167,2000,8,2,4.0,2.3000000000000003,0.01,0.6300000000000001,3.0,3,465,13,22,0,0.8628415500140894,0.2190618321587125,success
168,2000,8,2,4.0,2.3000000000000003,0.01,0.6400000000000001,3.0,3,465,13,22,0,0.8401142772868166,0.22982682156600964,success
173,2000,8,2,4.0,2.3000000000000003,0.01,0.6900000000000002,3.0,3,467,12,21,0,0.8664324652913477,0.19864853422148554,success
172,2000,8,2,4.0,2.3000000000000003,0.01,0.6800000000000002,3.0,3,466,13,21,0,0.8664324652913477,0.19864853422148554,success
171,2000,8,2,4.0,2.3000000000000003,0.01,0.6700000000000002,3.0,3,466,13,21,0,0.8664324652913477,0.19864853422148554,success
169,2000,8,2,4.0,2.3000000000000003,0.01,0.6500000000000001,3.0,3,466,13,21,0,0.8664324652913477,0.19864853422148554,success
170,2000,8,2,4.0,2.3000000000000003,0.01,0.6600000000000001,3.0,3,466,13,21,0,0.8664324652913477,0.19864853422148554,success
175,2000,8,2,4.0,2.3000000000000003,0.01,0.7100000000000002,3.0,3,469,9,22,0,0.8725037168690136,0.19594145957514678,success
174,2000,8,2,4.0,2.3000000000000003,0.01,0.7000000000000002,3.0,3,469,10,21,0,0.8664324652913477,0.19864853422148554,success
176,2000,8,2,4.0,2.3000000000000003,0.01,0.7200000000000002,3.0,3,469,9,22,0,0.8725037168690136,0.19594145957514678,success
179,2000,8,2,4.0,2.3000000000000003,0.01,0.7500000000000002,3.0,3,470,9,21,0,0.8720520823546225,0.18920909301778382,success
177,2000,8,2,4.0,2.3000000000000003,0.01,0.7300000000000002,3.0,3,470,9,21,0,0.8902419891008714,0.18178112880202726,success
178,2000,8,2,4.0,2.3000000000000003,0.01,0.7400000000000002,3.0,3,470,9,21,0,0.8902419891008714,0.18178112880202726,success
180,2000,8,2,4.0,2.3000000000000003,0.01,0.7600000000000002,3.0,3,471,9,20,0,0.8656546864723536,0.19178008437585206,success
186,2000,8,2,4.0,2.3000000000000003,0.01,0.8200000000000003,3.0,3,472,9,19,0,0.8585838804972143,0.19433845356154997,success
181,2000,8,2,4.0,2.3000000000000003,0.01,0.7700000000000002,3.0,3,471,9,20,0,0.8656546864723536,0.19178008437585206,success
182,2000,8,2,4.0,2.3000000000000003,0.01,0.7800000000000002,3.0,3,471,9,20,0,0.8656546864723536,0.19178008437585206,success
189,2000,8,2,4.0,2.3000000000000003,0.01,0.8500000000000003,3.0,3,474,9,17,0,0.8290123416378293,0.22066618684115122,success
187,2000,8,2,4.0,2.3000000000000003,0.01,0.8300000000000003,3.0,3,473,9,18,0,0.8507274294137263,0.19684336470880004,success
185,2000,8,2,4.0,2.3000000000000003,0.01,0.8100000000000003,3.0,3,472,9,19,0,0.8585838804972143,0.19433845356154997,success
183,2000,8,2,4.0,2.3000000000000003,0.01,0.7900000000000003,3.0,3,471,9,20,0,0.8656546864723536,0.19178008437585206,success
184,2000,8,2,4.0,2.3000000000000003,0.01,0.8000000000000003,3.0,3,472,9,19,0,0.8585838804972143,0.19433845356154997,success
188,2000,8,2,4.0,2.3000000000000003,0.01,0.8400000000000003,3.0,3,473,9,18,0,0.8385116559912833,0.21783825219577305,success
190,2000,8,2,4.0,2.3000000000000003,0.01,0.8600000000000003,3.0,3,474,9,17,0,0.8251259155282653,0.22442986978640386,success
191,2000,8,2,4.0,2.3000000000000003,0.01,0.8700000000000003,3.0,3,475,9,16,0,0.8518135143984011,0.202018854786409,success
192,2000,8,2,4.0,2.3000000000000003,0.01,0.8800000000000003,3.0,3,474,9,17,0,0.8380601666239954,0.203657848753001,success
193,2000,8,2,4.0,2.3000000000000003,0.01,0.8900000000000003,3.0,3,475,9,16,0,0.8279389270379951,0.20587387210834376,success
195,2000,8,2,4.0,2.3000000000000003,0.01,0.9100000000000004,3.0,3,475,9,16,0,0.8279389270379951,0.20587387210834376,success
197,2000,8,2,4.0,2.3000000000000003,0.01,0.9300000000000004,3.0,3,475,9,16,0,0.8279389270379951,0.20587387210834376,success
194,2000,8,2,4.0,2.3000000000000003,0.01,0.9000000000000004,3.0,3,475,9,16,0,0.8279389270379951,0.20587387210834376,success
196,2000,8,2,4.0,2.3000000000000003,0.01,0.9200000000000004,3.0,3,475,9,16,0,0.8279389270379951,0.20587387210834376,success
198,2000,8,2,4.0,2.3000000000000003,0.01,0.9400000000000004,3.0,3,475,9,16,0,0.8279389270379951,0.20587387210834376,success
199,2000,8,2,4.0,2.3000000000000003,0.01,0.9500000000000004,3.0,3,475,9,16,0,0.8279389270379951,0.20587387210834376,success
200,2000,8,2,4.0,2.3000000000000003,0.01,0.9600000000000004,3.0,3,475,9,16,0,0.8279389270379951,0.20587387210834376,success
201,2000,8,2,4.0,2.3000000000000003,0.01,0.9700000000000004,3.0,3,475,9,16,0,0.8279389270379951,0.20587387210834376,success
202,2000,8,2,4.0,2.3000000000000003,0.01,0.9800000000000004,3.0,3,475,9,16,0,0.8279389270379951,0.20587387210834376,success
205,2000,8,2,4.0,2.4000000000000004,0.01,0.5,3.0,3,454,21,25,0,0.8859977859505898,0.17414227145991154,success
204,2000,8,2,4.0,2.3000000000000003,0.01,1.0000000000000004,3.0,3,475,9,16,0,0.8279389270379951,0.20587387210834376,success
203,2000,8,2,4.0,2.3000000000000003,0.01,0.9900000000000004,3.0,3,475,9,16,0,0.8279389270379951,0.20587387210834376,success
206,2000,8,2,4.0,2.4000000000000004,0.01,0.51,3.0,3,454,20,26,0,0.8903824864909518,0.17208246584237955,success
207,2000,8,2,4.0,2.4000000000000004,0.01,0.52,3.0,3,455,20,25,0,0.8825656327258724,0.1827020251398878,success
208,2000,8,2,4.0,2.4000000000000004,0.01,0.53,3.0,3,455,20,25,0,0.8773751549546779,0.18960778608568798,success
213,2000,8,2,4.0,2.4000000000000004,0.01,0.5800000000000001,3.0,3,457,19,24,0,0.8722657864111228,0.19191974238742318,success
210,2000,8,2,4.0,2.4000000000000004,0.01,0.55,3.0,3,455,20,25,0,0.8773751549546779,0.18960778608568798,success
209,2000,8,2,4.0,2.4000000000000004,0.01,0.54,3.0,3,455,20,25,0,0.8773751549546779,0.18960778608568798,success
216,2000,8,2,4.0,2.4000000000000004,0.01,0.6100000000000001,3.0,3,458,19,23,0,0.90879003244157,0.15930589307290413,success
211,2000,8,2,4.0,2.4000000000000004,0.01,0.56,3.0,3,456,20,24,0,0.8722657864111228,0.19191974238742318,success
212,2000,8,2,4.0,2.4000000000000004,0.01,0.5700000000000001,3.0,3,457,19,24,0,0.8722657864111228,0.19191974238742318,success
214,2000,8,2,4.0,2.4000000000000004,0.01,0.5900000000000001,3.0,3,457,19,24,0,0.8722657864111228,0.19191974238742318,success
215,2000,8,2,4.0,2.4000000000000004,0.01,0.6000000000000001,3.0,3,457,19,24,0,0.8881819548140907,0.1856544882468673,success
217,2000,8,2,4.0,2.4000000000000004,0.01,0.6200000000000001,3.0,3,458,19,23,0,0.9049171186716118,0.16539873727649662,success
220,2000,8,2,4.0,2.4000000000000004,0.01,0.6500000000000001,3.0,3,459,19,22,0,0.8744885706989977,0.19217331019432654,success
219,2000,8,2,4.0,2.4000000000000004,0.01,0.6400000000000001,3.0,3,459,19,22,0,0.8744885706989977,0.19217331019432654,success
218,2000,8,2,4.0,2.4000000000000004,0.01,0.6300000000000001,3.0,3,459,19,22,0,0.8972158434262704,0.17453202695716497,success
221,2000,8,2,4.0,2.4000000000000004,0.01,0.6600000000000001,3.0,3,459,19,22,0,0.8744885706989977,0.19217331019432654,success
222,2000,8,2,4.0,2.4000000000000004,0.01,0.6700000000000002,3.0,3,459,19,22,0,0.8744885706989977,0.19217331019432654,success
223,2000,8,2,4.0,2.4000000000000004,0.01,0.6800000000000002,3.0,3,459,19,22,0,0.8744885706989977,0.19217331019432654,success
224,2000,8,2,4.0,2.4000000000000004,0.01,0.6900000000000002,3.0,3,460,18,22,0,0.8744885706989977,0.19217331019432654,success
225,2000,8,2,4.0,2.4000000000000004,0.01,0.7000000000000002,3.0,3,462,16,22,0,0.8744885706989977,0.19217331019432654,success
226,2000,8,2,4.0,2.4000000000000004,0.01,0.7100000000000002,3.0,3,462,15,23,0,0.8799455893642587,0.18957013631859596,success
227,2000,8,2,4.0,2.4000000000000004,0.01,0.7200000000000002,3.0,3,463,14,23,0,0.8799455893642587,0.18957013631859596,success
228,2000,8,2,4.0,2.4000000000000004,0.01,0.7300000000000002,3.0,3,463,14,23,0,0.8799455893642587,0.18957013631859596,success
229,2000,8,2,4.0,2.4000000000000004,0.01,0.7400000000000002,3.0,3,463,14,23,0,0.8799455893642587,0.18957013631859596,success
230,2000,8,2,4.0,2.4000000000000004,0.01,0.7500000000000002,3.0,3,463,14,23,0,0.8633374136394226,0.19522276854429663,success
231,2000,8,2,4.0,2.4000000000000004,0.01,0.7600000000000002,3.0,3,464,13,23,0,0.8506012445361913,0.19545692949797022,success
232,2000,8,2,4.0,2.4000000000000004,0.01,0.7700000000000002,3.0,3,464,13,23,0,0.8506012445361913,0.19545692949797022,success
235,2000,8,2,4.0,2.4000000000000004,0.01,0.8000000000000003,3.0,3,466,13,21,0,0.8503219292241295,0.19969372315258388,success
233,2000,8,2,4.0,2.4000000000000004,0.01,0.7800000000000002,3.0,3,465,13,22,0,0.8571254778957601,0.19747656210082773,success
234,2000,8,2,4.0,2.4000000000000004,0.01,0.7900000000000003,3.0,3,465,13,22,0,0.8571254778957601,0.19747656210082773,success
237,2000,8,2,4.0,2.4000000000000004,0.01,0.8200000000000003,3.0,3,466,13,21,0,0.8503219292241295,0.19969372315258388,success
236,2000,8,2,4.0,2.4000000000000004,0.01,0.8100000000000003,3.0,3,466,13,21,0,0.8503219292241295,0.19969372315258388,success
238,2000,8,2,4.0,2.4000000000000004,0.01,0.8300000000000003,3.0,3,467,13,20,0,0.8428380256853361,0.20183734465054445,success
239,2000,8,2,4.0,2.4000000000000004,0.01,0.8400000000000003,3.0,3,467,13,20,0,0.8318438296051374,0.21990815732433003,success
240,2000,8,2,4.0,2.4000000000000004,0.01,0.8500000000000003,3.0,3,468,13,19,0,0.8229935048475131,0.22224456263040052,success
241,2000,8,2,4.0,2.4000000000000004,0.01,0.8600000000000003,3.0,3,468,13,19,0,0.8209268511452813,0.22404658389034157,success
244,2000,8,2,4.0,2.4000000000000004,0.01,0.8900000000000003,3.0,3,469,13,18,0,0.8231940244659864,0.2077609820337076,success
242,2000,8,2,4.0,2.4000000000000004,0.01,0.8700000000000003,3.0,3,469,13,18,0,0.8444158798974585,0.2050610385778034,success
245,2000,8,2,4.0,2.4000000000000004,0.01,0.9000000000000004,3.0,3,469,13,18,0,0.8231940244659864,0.2077609820337076,success
243,2000,8,2,4.0,2.4000000000000004,0.01,0.8800000000000003,3.0,3,468,13,19,0,0.8324996021256714,0.20594143010330307,success
246,2000,8,2,4.0,2.4000000000000004,0.01,0.9100000000000004,3.0,3,469,13,18,0,0.8231940244659864,0.2077609820337076,success
248,2000,8,2,4.0,2.4000000000000004,0.01,0.9300000000000004,3.0,3,469,13,18,0,0.8231940244659864,0.2077609820337076,success
247,2000,8,2,4.0,2.4000000000000004,0.01,0.9200000000000004,3.0,3,469,13,18,0,0.8231940244659864,0.2077609820337076,success
249,2000,8,2,4.0,2.4000000000000004,0.01,0.9400000000000004,3.0,3,470,13,17,0,0.8127936729639856,0.20926947921096226,success
250,2000,8,2,4.0,2.4000000000000004,0.01,0.9500000000000004,3.0,3,470,13,17,0,0.8127936729639856,0.20926947921096226,success
252,2000,8,2,4.0,2.4000000000000004,0.01,0.9700000000000004,3.0,3,470,13,17,0,0.8127936729639856,0.20926947921096226,success
253,2000,8,2,4.0,2.4000000000000004,0.01,0.9800000000000004,3.0,3,470,13,17,0,0.8127936729639856,0.20926947921096226,success
251,2000,8,2,4.0,2.4000000000000004,0.01,0.9600000000000004,3.0,3,470,13,17,0,0.8127936729639856,0.20926947921096226,success
254,2000,8,2,4.0,2.4000000000000004,0.01,0.9900000000000004,3.0,3,470,13,17,0,0.8127936729639856,0.20926947921096226,success
255,2000,8,2,4.0,2.4000000000000004,0.01,1.0000000000000004,3.0,3,470,13,17,0,0.8127936729639856,0.20926947921096226,success
256,2000,8,2,4.0,2.5000000000000004,0.01,0.5,3.0,3,448,23,29,0,0.8666284415534293,0.19288512051904216,success
257,2000,8,2,4.0,2.5000000000000004,0.01,0.51,3.0,3,448,22,30,0,0.871074160168315,0.19108815372045335,success
259,2000,8,2,4.0,2.5000000000000004,0.01,0.53,3.0,3,449,22,29,0,0.8535691809086419,0.19952887052520155,success
260,2000,8,2,4.0,2.5000000000000004,0.01,0.54,3.0,3,449,22,29,0,0.8535691809086419,0.19952887052520155,success
258,2000,8,2,4.0,2.5000000000000004,0.01,0.52,3.0,3,449,22,29,0,0.8636696887735006,0.19926251766719616,success
261,2000,8,2,4.0,2.5000000000000004,0.01,0.55,3.0,3,450,22,28,0,0.8593271480315252,0.2017390895859103,success
263,2000,8,2,4.0,2.5000000000000004,0.01,0.5700000000000001,3.0,3,452,21,27,0,0.8541170424030632,0.20365336835577194,success
262,2000,8,2,4.0,2.5000000000000004,0.01,0.56,3.0,3,451,22,27,0,0.8541170424030632,0.20365336835577194,success
264,2000,8,2,4.0,2.5000000000000004,0.01,0.5800000000000001,3.0,3,452,21,27,0,0.8541170424030632,0.20365336835577194,success
265,2000,8,2,4.0,2.5000000000000004,0.01,0.5900000000000001,3.0,3,452,21,27,0,0.8541170424030632,0.20365336835577194,success
267,2000,8,2,4.0,2.5000000000000004,0.01,0.6100000000000001,3.0,3,453,21,26,0,0.8857289237373797,0.18158918695803683,success
268,2000,8,2,4.0,2.5000000000000004,0.01,0.6200000000000001,3.0,3,453,21,26,0,0.882302884633186,0.18588398975503337,success
266,2000,8,2,4.0,2.5000000000000004,0.01,0.6000000000000001,3.0,3,452,21,27,0,0.8682647476501457,0.19985321804908684,success
269,2000,8,2,4.0,2.5000000000000004,0.01,0.6300000000000001,3.0,3,454,21,25,0,0.8746211930557483,0.19292899550176104,success
270,2000,8,2,4.0,2.5000000000000004,0.01,0.6400000000000001,3.0,3,455,21,24,0,0.8675783809228732,0.19860451174097238,success
271,2000,8,2,4.0,2.5000000000000004,0.01,0.6500000000000001,3.0,3,455,21,24,0,0.8675783809228732,0.19860451174097238,success
274,2000,8,2,4.0,2.5000000000000004,0.01,0.6800000000000002,3.0,3,455,21,24,0,0.8675783809228732,0.19860451174097238,success
272,2000,8,2,4.0,2.5000000000000004,0.01,0.6600000000000001,3.0,3,455,21,24,0,0.8675783809228732,0.19860451174097238,success
273,2000,8,2,4.0,2.5000000000000004,0.01,0.6700000000000002,3.0,3,455,21,24,0,0.8675783809228732,0.19860451174097238,success
275,2000,8,2,4.0,2.5000000000000004,0.01,0.6900000000000002,3.0,3,455,21,24,0,0.8675783809228732,0.19860451174097238,success
276,2000,8,2,4.0,2.5000000000000004,0.01,0.7000000000000002,3.0,3,457,19,24,0,0.8675783809228732,0.19860451174097238,success
278,2000,8,2,4.0,2.5000000000000004,0.01,0.7200000000000002,3.0,3,458,17,25,0,0.8728752456859584,0.19621845433513405,success
277,2000,8,2,4.0,2.5000000000000004,0.01,0.7100000000000002,3.0,3,457,18,25,0,0.8728752456859584,0.19621845433513405,success
279,2000,8,2,4.0,2.5000000000000004,0.01,0.7300000000000002,3.0,3,458,17,25,0,0.8728752456859584,0.19621845433513405,success
281,2000,8,2,4.0,2.5000000000000004,0.01,0.7500000000000002,3.0,3,459,17,24,0,0.8744384357494409,0.18612667474474598,success
280,2000,8,2,4.0,2.5000000000000004,0.01,0.7400000000000002,3.0,3,459,17,24,0,0.8903546041524087,0.1794585552591163,success
282,2000,8,2,4.0,2.5000000000000004,0.01,0.7600000000000002,3.0,3,460,16,24,0,0.8622329403588442,0.1871367714980965,success
283,2000,8,2,4.0,2.5000000000000004,0.01,0.7700000000000002,3.0,3,460,16,24,0,0.8622329403588442,0.1871367714980965,success
284,2000,8,2,4.0,2.5000000000000004,0.01,0.7800000000000002,3.0,3,461,16,23,0,0.8689792373037644,0.1883349320989673,success
285,2000,8,2,4.0,2.5000000000000004,0.01,0.7900000000000003,3.0,3,461,16,23,0,0.8689792373037644,0.1883349320989673,success
286,2000,8,2,4.0,2.5000000000000004,0.01,0.8000000000000003,3.0,3,461,16,23,0,0.8689792373037644,0.1883349320989673,success
287,2000,8,2,4.0,2.5000000000000004,0.01,0.8100000000000003,3.0,3,461,16,23,0,0.8689792373037644,0.1883349320989673,success
288,2000,8,2,4.0,2.5000000000000004,0.01,0.8200000000000003,3.0,3,461,16,23,0,0.8689792373037644,0.1883349320989673,success
289,2000,8,2,4.0,2.5000000000000004,0.01,0.8300000000000003,3.0,3,462,16,22,0,0.8630237480902992,0.19053737207165486,success
291,2000,8,2,4.0,2.5000000000000004,0.01,0.8500000000000003,3.0,3,463,16,21,0,0.8460304064944101,0.21138429774868758,success
290,2000,8,2,4.0,2.5000000000000004,0.01,0.8400000000000003,3.0,3,462,16,22,0,0.8530290243810278,0.20888541949929085,success
292,2000,8,2,4.0,2.5000000000000004,0.01,0.8600000000000003,3.0,3,463,16,21,0,0.8441605769542956,0.2133025291711371,success
293,2000,8,2,4.0,2.5000000000000004,0.01,0.8700000000000003,3.0,3,464,16,20,0,0.8664623891217058,0.19208874485739358,success
294,2000,8,2,4.0,2.5000000000000004,0.01,0.8800000000000003,3.0,3,463,16,21,0,0.8546311611746485,0.19491720974630283,success
295,2000,8,2,4.0,2.5000000000000004,0.01,0.8900000000000003,3.0,3,464,16,20,0,0.847362719233381,0.1970393587237655,success
296,2000,8,2,4.0,2.5000000000000004,0.01,0.9000000000000004,3.0,3,464,16,20,0,0.847362719233381,0.1970393587237655,success
297,2000,8,2,4.0,2.5000000000000004,0.01,0.9100000000000004,3.0,3,464,16,20,0,0.847362719233381,0.1970393587237655,success
298,2000,8,2,4.0,2.5000000000000004,0.01,0.9200000000000004,3.0,3,464,16,20,0,0.847362719233381,0.1970393587237655,success
299,2000,8,2,4.0,2.5000000000000004,0.01,0.9300000000000004,3.0,3,464,16,20,0,0.847362719233381,0.1970393587237655,success
300,2000,8,2,4.0,2.5000000000000004,0.01,0.9400000000000004,3.0,3,466,16,18,0,0.8304030213704233,0.20086460548905832,success
301,2000,8,2,4.0,2.5000000000000004,0.01,0.9500000000000004,3.0,3,466,16,18,0,0.8304030213704233,0.20086460548905832,success
302,2000,8,2,4.0,2.5000000000000004,0.01,0.9600000000000004,3.0,3,466,16,18,0,0.8304030213704233,0.20086460548905832,success
304,2000,8,2,4.0,2.5000000000000004,0.01,0.9800000000000004,3.0,3,466,16,18,0,0.8304030213704233,0.20086460548905832,success
306,2000,8,2,4.0,2.5000000000000004,0.01,1.0000000000000004,3.0,3,466,16,18,0,0.8304030213704233,0.20086460548905832,success
303,2000,8,2,4.0,2.5000000000000004,0.01,0.9700000000000004,3.0,3,466,16,18,0,0.8304030213704233,0.20086460548905832,success
305,2000,8,2,4.0,2.5000000000000004,0.01,0.9900000000000004,3.0,3,466,16,18,0,0.8304030213704233,0.20086460548905832,success
308,2000,8,2,4.0,2.6000000000000005,0.01,0.51,3.0,3,443,25,32,0,0.8955773222698159,0.17565863295719497,success
307,2000,8,2,4.0,2.6000000000000005,0.01,0.5,3.0,3,442,26,32,0,0.8799523222698159,0.18788289399842475,success
311,2000,8,2,4.0,2.6000000000000005,0.01,0.54,3.0,3,442,25,33,0,0.8898654419561579,0.17597826786263304,success
312,2000,8,2,4.0,2.6000000000000005,0.01,0.55,3.0,3,442,26,32,0,0.8983611666022693,0.17178080145165853,success
309,2000,8,2,4.0,2.6000000000000005,0.01,0.52,3.0,3,443,25,32,0,0.8955773222698159,0.17565863295719497,success
310,2000,8,2,4.0,2.6000000000000005,0.01,0.53,3.0,3,442,25,33,0,0.8898654419561579,0.17597826786263304,success
313,2000,8,2,4.0,2.6000000000000005,0.01,0.56,3.0,3,443,26,31,0,0.8950824945571811,0.17359956444956787,success
314,2000,8,2,4.0,2.6000000000000005,0.01,0.5700000000000001,3.0,3,443,25,32,0,0.8983611666022693,0.17178080145165853,success
315,2000,8,2,4.0,2.6000000000000005,0.01,0.5800000000000001,3.0,3,443,25,32,0,0.8983611666022693,0.17178080145165853,success
316,2000,8,2,4.0,2.6000000000000005,0.01,0.5900000000000001,3.0,3,443,25,32,0,0.8983611666022693,0.17178080145165853,success
317,2000,8,2,4.0,2.6000000000000005,0.01,0.6000000000000001,3.0,3,443,25,32,0,0.8983611666022693,0.17178080145165853,success
318,2000,8,2,4.0,2.6000000000000005,0.01,0.6100000000000001,3.0,3,444,25,31,0,0.9112115268152458,0.15821475411880062,success
319,2000,8,2,4.0,2.6000000000000005,0.01,0.6200000000000001,3.0,3,444,25,31,0,0.9083380746633413,0.16278840300861777,success
320,2000,8,2,4.0,2.6000000000000005,0.01,0.6300000000000001,3.0,3,445,25,30,0,0.9028045046831484,0.16962202406440602,success
321,2000,8,2,4.0,2.6000000000000005,0.01,0.6400000000000001,3.0,3,445,25,30,0,0.8861378380164818,0.18372097206636456,success
322,2000,8,2,4.0,2.6000000000000005,0.01,0.6500000000000001,3.0,3,446,25,29,0,0.8822115565687743,0.185687604873994,success
323,2000,8,2,4.0,2.6000000000000005,0.01,0.6600000000000001,3.0,3,446,25,29,0,0.8822115565687743,0.185687604873994,success
325,2000,8,2,4.0,2.6000000000000005,0.01,0.6800000000000002,3.0,3,446,25,29,0,0.8822115565687743,0.185687604873994,success
327,2000,8,2,4.0,2.6000000000000005,0.01,0.7000000000000002,3.0,3,448,23,29,0,0.8822115565687743,0.185687604873994,success
324,2000,8,2,4.0,2.6000000000000005,0.01,0.6700000000000002,3.0,3,446,25,29,0,0.8822115565687743,0.185687604873994,success
326,2000,8,2,4.0,2.6000000000000005,0.01,0.6900000000000002,3.0,3,446,25,29,0,0.8822115565687743,0.185687604873994,success
329,2000,8,2,4.0,2.6000000000000005,0.01,0.7200000000000002,3.0,3,448,22,30,0,0.8861378380164818,0.18372097206636456,success
328,2000,8,2,4.0,2.6000000000000005,0.01,0.7100000000000002,3.0,3,447,23,30,0,0.8861378380164818,0.18372097206636456,success
331,2000,8,2,4.0,2.6000000000000005,0.01,0.7400000000000002,3.0,3,449,22,29,0,0.8994529358791191,0.17161049945855253,success
330,2000,8,2,4.0,2.6000000000000005,0.01,0.7300000000000002,3.0,3,448,22,30,0,0.8861378380164818,0.18372097206636456,success
332,2000,8,2,4.0,2.6000000000000005,0.01,0.7500000000000002,3.0,3,449,22,29,0,0.8862809344421801,0.17815245712099742,success
333,2000,8,2,4.0,2.6000000000000005,0.01,0.7600000000000002,3.0,3,450,22,28,0,0.8822195392436866,0.1800492174947553,success
334,2000,8,2,4.0,2.6000000000000005,0.01,0.7700000000000002,3.0,3,450,22,28,0,0.8822195392436866,0.1800492174947553,success
335,2000,8,2,4.0,2.6000000000000005,0.01,0.7800000000000002,3.0,3,450,22,28,0,0.8822195392436866,0.1800492174947553,success
336,2000,8,2,4.0,2.6000000000000005,0.01,0.7900000000000003,3.0,3,450,22,28,0,0.8822195392436866,0.1800492174947553,success
337,2000,8,2,4.0,2.6000000000000005,0.01,0.8000000000000003,3.0,3,450,22,28,0,0.8822195392436866,0.1800492174947553,success
338,2000,8,2,4.0,2.6000000000000005,0.01,0.8100000000000003,3.0,3,450,22,28,0,0.8822195392436866,0.1800492174947553,success
339,2000,8,2,4.0,2.6000000000000005,0.01,0.8200000000000003,3.0,3,450,22,28,0,0.8822195392436866,0.1800492174947553,success
342,2000,8,2,4.0,2.6000000000000005,0.01,0.8500000000000003,3.0,3,451,22,27,0,0.8838611562552031,0.19314608029609165,success
340,2000,8,2,4.0,2.6000000000000005,0.01,0.8300000000000003,3.0,3,450,22,28,0,0.8822195392436866,0.1800492174947553,success
341,2000,8,2,4.0,2.6000000000000005,0.01,0.8400000000000003,3.0,3,450,22,28,0,0.8743665420435447,0.19608126406262238,success
343,2000,8,2,4.0,2.6000000000000005,0.01,0.8600000000000003,3.0,3,451,22,27,0,0.8838611562552031,0.19314608029609165,success
344,2000,8,2,4.0,2.6000000000000005,0.01,0.8700000000000003,3.0,3,452,22,26,0,0.9025433417417074,0.17028514091155933,success
345,2000,8,2,4.0,2.6000000000000005,0.01,0.8800000000000003,3.0,3,452,22,26,0,0.9025433417417074,0.17028514091155933,success
347,2000,8,2,4.0,2.6000000000000005,0.01,0.9000000000000004,3.0,3,452,22,26,0,0.9025433417417074,0.17028514091155933,success
346,2000,8,2,4.0,2.6000000000000005,0.01,0.8900000000000003,3.0,3,452,22,26,0,0.9025433417417074,0.17028514091155933,success
349,2000,8,2,4.0,2.6000000000000005,0.01,0.9200000000000004,3.0,3,452,22,26,0,0.9025433417417074,0.17028514091155933,success
348,2000,8,2,4.0,2.6000000000000005,0.01,0.9100000000000004,3.0,3,452,22,26,0,0.9025433417417074,0.17028514091155933,success
350,2000,8,2,4.0,2.6000000000000005,0.01,0.9300000000000004,3.0,3,452,22,26,0,0.9025433417417074,0.17028514091155933,success
351,2000,8,2,4.0,2.6000000000000005,0.01,0.9400000000000004,3.0,3,453,22,25,0,0.8986450754113757,0.17260842222273318,success
352,2000,8,2,4.0,2.6000000000000005,0.01,0.9500000000000004,3.0,3,453,22,25,0,0.8986450754113757,0.17260842222273318,success
353,2000,8,2,4.0,2.6000000000000005,0.01,0.9600000000000004,3.0,3,453,22,25,0,0.8986450754113757,0.17260842222273318,success
354,2000,8,2,4.0,2.6000000000000005,0.01,0.9700000000000004,3.0,3,453,22,25,0,0.8986450754113757,0.17260842222273318,success
355,2000,8,2,4.0,2.6000000000000005,0.01,0.9800000000000004,3.0,3,453,22,25,0,0.8986450754113757,0.17260842222273318,success
357,2000,8,2,4.0,2.6000000000000005,0.01,1.0000000000000004,3.0,3,453,22,25,0,0.8986450754113757,0.17260842222273318,success
356,2000,8,2,4.0,2.6000000000000005,0.01,0.9900000000000004,3.0,3,453,22,25,0,0.8986450754113757,0.17260842222273318,success
358,2000,8,2,4.0,2.7000000000000006,0.01,0.5,3.0,3,437,29,34,0,0.9215699141878305,0.16186491834704705,success
359,2000,8,2,4.0,2.7000000000000006,0.01,0.51,3.0,3,438,29,33,0,0.9343447600723103,0.1459346628083692,success
361,2000,8,2,4.0,2.7000000000000006,0.01,0.53,3.0,3,437,29,34,0,0.9276606574795688,0.1488979185711845,success
360,2000,8,2,4.0,2.7000000000000006,0.01,0.52,3.0,3,438,29,33,0,0.9343447600723103,0.1459346628083692,success
362,2000,8,2,4.0,2.7000000000000006,0.01,0.54,3.0,3,437,29,34,0,0.9276606574795688,0.1488979185711845,success
363,2000,8,2,4.0,2.7000000000000006,0.01,0.55,3.0,3,437,29,34,0,0.9388958853242572,0.13890069447806283,success
364,2000,8,2,4.0,2.7000000000000006,0.01,0.56,3.0,3,438,29,33,0,0.9370442454855983,0.1406275489692057,success
365,2000,8,2,4.0,2.7000000000000006,0.01,0.5700000000000001,3.0,3,439,28,33,0,0.9370442454855983,0.1406275489692057,success
366,2000,8,2,4.0,2.7000000000000006,0.01,0.5800000000000001,3.0,3,439,28,33,0,0.9370442454855983,0.1406275489692057,success
367,2000,8,2,4.0,2.7000000000000006,0.01,0.5900000000000001,3.0,3,439,28,33,0,0.9370442454855983,0.1406275489692057,success
368,2000,8,2,4.0,2.7000000000000006,0.01,0.6000000000000001,3.0,3,439,28,33,0,0.9370442454855983,0.1406275489692057,success
369,2000,8,2,4.0,2.7000000000000006,0.01,0.6100000000000001,3.0,3,439,28,33,0,0.9370442454855983,0.1406275489692057,success
370,2000,8,2,4.0,2.7000000000000006,0.01,0.6200000000000001,3.0,3,439,28,33,0,0.9370442454855983,0.1406275489692057,success
371,2000,8,2,4.0,2.7000000000000006,0.01,0.6300000000000001,3.0,3,439,28,33,0,0.9370442454855983,0.1406275489692057,success
372,2000,8,2,4.0,2.7000000000000006,0.01,0.6400000000000001,3.0,3,439,28,33,0,0.9218927303340831,0.15932513228071982,success
374,2000,8,2,4.0,2.7000000000000006,0.01,0.6600000000000001,3.0,3,441,28,31,0,0.9168535516459595,0.16322941368044946,success
373,2000,8,2,4.0,2.7000000000000006,0.01,0.6500000000000001,3.0,3,440,28,32,0,0.9194518781570231,0.1612464088088957,success
375,2000,8,2,4.0,2.7000000000000006,0.01,0.6700000000000002,3.0,3,441,28,31,0,0.9168535516459595,0.16322941368044946,success
376,2000,8,2,4.0,2.7000000000000006,0.01,0.6800000000000002,3.0,3,441,28,31,0,0.9168535516459595,0.16322941368044946,success
377,2000,8,2,4.0,2.7000000000000006,0.01,0.6900000000000002,3.0,3,441,28,31,0,0.9168535516459595,0.16322941368044946,success
378,2000,8,2,4.0,2.7000000000000006,0.01,0.7000000000000002,3.0,3,442,27,31,0,0.9168535516459595,0.16322941368044946,success
379,2000,8,2,4.0,2.7000000000000006,0.01,0.7100000000000002,3.0,3,441,27,32,0,0.9194518781570231,0.1612464088088957,success
380,2000,8,2,4.0,2.7000000000000006,0.01,0.7200000000000002,3.0,3,442,26,32,0,0.9194518781570231,0.1612464088088957,success
381,2000,8,2,4.0,2.7000000000000006,0.01,0.7300000000000002,3.0,3,442,26,32,0,0.9194518781570231,0.1612464088088957,success
382,2000,8,2,4.0,2.7000000000000006,0.01,0.7400000000000002,3.0,3,443,26,31,0,0.932982583904024,0.14426794249346223,success
383,2000,8,2,4.0,2.7000000000000006,0.01,0.7500000000000002,3.0,3,443,26,31,0,0.9206603890114037,0.15431627768513473,success
384,2000,8,2,4.0,2.7000000000000006,0.01,0.7600000000000002,3.0,3,444,26,30,0,0.9074258779409374,0.16117830410979117,success
385,2000,8,2,4.0,2.7000000000000006,0.01,0.7700000000000002,3.0,3,444,26,30,0,0.9074258779409374,0.16117830410979117,success
386,2000,8,2,4.0,2.7000000000000006,0.01,0.7800000000000002,3.0,3,444,26,30,0,0.9074258779409374,0.16117830410979117,success
387,2000,8,2,4.0,2.7000000000000006,0.01,0.7900000000000003,3.0,3,444,26,30,0,0.9074258779409374,0.16117830410979117,success
389,2000,8,2,4.0,2.7000000000000006,0.01,0.8100000000000003,3.0,3,445,25,30,0,0.9074258779409374,0.16117830410979117,success
388,2000,8,2,4.0,2.7000000000000006,0.01,0.8000000000000003,3.0,3,445,25,30,0,0.9074258779409374,0.16117830410979117,success
390,2000,8,2,4.0,2.7000000000000006,0.01,0.8200000000000003,3.0,3,445,25,30,0,0.9074258779409374,0.16117830410979117,success
391,2000,8,2,4.0,2.7000000000000006,0.01,0.8300000000000003,3.0,3,445,25,30,0,0.9074258779409374,0.16117830410979117,success
392,2000,8,2,4.0,2.7000000000000006,0.01,0.8400000000000003,3.0,3,445,25,30,0,0.9074258779409374,0.16117830410979117,success
393,2000,8,2,4.0,2.7000000000000006,0.01,0.8500000000000003,3.0,3,446,25,29,0,0.9042336668354525,0.16306324819573384,success
394,2000,8,2,4.0,2.7000000000000006,0.01,0.8600000000000003,3.0,3,446,25,29,0,0.9042336668354525,0.16306324819573384,success
395,2000,8,2,4.0,2.7000000000000006,0.01,0.8700000000000003,3.0,3,446,25,29,0,0.9042336668354525,0.16306324819573384,success
397,2000,8,2,4.0,2.7000000000000006,0.01,0.8900000000000003,3.0,3,446,25,29,0,0.9042336668354525,0.16306324819573384,success
396,2000,8,2,4.0,2.7000000000000006,0.01,0.8800000000000003,3.0,3,446,25,29,0,0.9042336668354525,0.16306324819573384,success
398,2000,8,2,4.0,2.7000000000000006,0.01,0.9000000000000004,3.0,3,446,25,29,0,0.9042336668354525,0.16306324819573384,success
399,2000,8,2,4.0,2.7000000000000006,0.01,0.9100000000000004,3.0,3,446,25,29,0,0.9042336668354525,0.16306324819573384,success
400,2000,8,2,4.0,2.7000000000000006,0.01,0.9200000000000004,3.0,3,446,25,29,0,0.9042336668354525,0.16306324819573384,success
401,2000,8,2,4.0,2.7000000000000006,0.01,0.9300000000000004,3.0,3,446,25,29,0,0.9042336668354525,0.16306324819573384,success
402,2000,8,2,4.0,2.7000000000000006,0.01,0.9400000000000004,3.0,3,447,25,28,0,0.9008134406510043,0.16499278418026028,success
403,2000,8,2,4.0,2.7000000000000006,0.01,0.9500000000000004,3.0,3,447,25,28,0,0.9008134406510043,0.16499278418026028,success
404,2000,8,2,4.0,2.7000000000000006,0.01,0.9600000000000004,3.0,3,447,25,28,0,0.9008134406510043,0.16499278418026028,success
405,2000,8,2,4.0,2.7000000000000006,0.01,0.9700000000000004,3.0,3,447,25,28,0,0.9008134406510043,0.16499278418026028,success
406,2000,8,2,4.0,2.7000000000000006,0.01,0.9800000000000004,3.0,3,447,25,28,0,0.9008134406510043,0.16499278418026028,success
407,2000,8,2,4.0,2.7000000000000006,0.01,0.9900000000000004,3.0,3,447,25,28,0,0.9008134406510043,0.16499278418026028,success
408,2000,8,2,4.0,2.7000000000000006,0.01,1.0000000000000004,3.0,3,447,25,28,0,0.9008134406510043,0.16499278418026028,success
409,2000,8,2,4.0,2.8000000000000007,0.01,0.5,3.0,3,440,30,30,0,0.9277792360795413,0.15168895251511832,success
410,2000,8,2,4.0,2.8000000000000007,0.01,0.51,3.0,3,441,30,29,0,0.942530244220215,0.13065376290631997,success
411,2000,8,2,4.0,2.8000000000000007,0.01,0.52,3.0,3,441,30,29,0,0.942530244220215,0.13065376290631997,success
412,2000,8,2,4.0,2.8000000000000007,0.01,0.53,3.0,3,441,30,29,0,0.942530244220215,0.13065376290631997,success
413,2000,8,2,4.0,2.8000000000000007,0.01,0.54,3.0,3,441,30,29,0,0.942530244220215,0.13065376290631997,success
414,2000,8,2,4.0,2.8000000000000007,0.01,0.55,3.0,3,441,30,29,0,0.9557025803139877,0.11509684036613543,success
416,2000,8,2,4.0,2.8000000000000007,0.01,0.5700000000000001,3.0,3,442,28,30,0,0.9571791609701881,0.11338381068244528,success
415,2000,8,2,4.0,2.8000000000000007,0.01,0.56,3.0,3,441,29,30,0,0.9571791609701881,0.11338381068244528,success
417,2000,8,2,4.0,2.8000000000000007,0.01,0.5800000000000001,3.0,3,442,28,30,0,0.9571791609701881,0.11338381068244528,success
418,2000,8,2,4.0,2.8000000000000007,0.01,0.5900000000000001,3.0,3,442,28,30,0,0.9571791609701881,0.11338381068244528,success
419,2000,8,2,4.0,2.8000000000000007,0.01,0.6000000000000001,3.0,3,442,28,30,0,0.9571791609701881,0.11338381068244528,success
420,2000,8,2,4.0,2.8000000000000007,0.01,0.6100000000000001,3.0,3,442,28,30,0,0.9571791609701881,0.11338381068244528,success
421,2000,8,2,4.0,2.8000000000000007,0.01,0.6200000000000001,3.0,3,442,28,30,0,0.9571791609701881,0.11338381068244528,success
423,2000,8,2,4.0,2.8000000000000007,0.01,0.6400000000000001,3.0,3,442,28,30,0,0.9405124943035214,0.14040171367189763,success
422,2000,8,2,4.0,2.8000000000000007,0.01,0.6300000000000001,3.0,3,442,28,30,0,0.9571791609701881,0.11338381068244528,success
424,2000,8,2,4.0,2.8000000000000007,0.01,0.6500000000000001,3.0,3,442,28,30,0,0.9405124943035214,0.14040171367189763,success
425,2000,8,2,4.0,2.8000000000000007,0.01,0.6600000000000001,3.0,3,443,28,29,0,0.9384612010036428,0.1424286544708199,success
426,2000,8,2,4.0,2.8000000000000007,0.01,0.6700000000000002,3.0,3,443,28,29,0,0.9384612010036428,0.1424286544708199,success
427,2000,8,2,4.0,2.8000000000000007,0.01,0.6800000000000002,3.0,3,443,28,29,0,0.9384612010036428,0.1424286544708199,success
428,2000,8,2,4.0,2.8000000000000007,0.01,0.6900000000000002,3.0,3,443,28,29,0,0.9384612010036428,0.1424286544708199,success
429,2000,8,2,4.0,2.8000000000000007,0.01,0.7000000000000002,3.0,3,443,28,29,0,0.9384612010036428,0.1424286544708199,success
430,2000,8,2,4.0,2.8000000000000007,0.01,0.7100000000000002,3.0,3,442,28,30,0,0.9405124943035214,0.14040171367189763,success
431,2000,8,2,4.0,2.8000000000000007,0.01,0.7200000000000002,3.0,3,443,27,30,0,0.9405124943035214,0.14040171367189763,success
432,2000,8,2,4.0,2.8000000000000007,0.01,0.7300000000000002,3.0,3,443,27,30,0,0.9405124943035214,0.14040171367189763,success
433,2000,8,2,4.0,2.8000000000000007,0.01,0.7400000000000002,3.0,3,443,27,30,0,0.9405124943035214,0.14040171367189763,success
434,2000,8,2,4.0,2.8000000000000007,0.01,0.7500000000000002,3.0,3,444,26,30,0,0.9277795595811471,0.1516882690925867,success
435,2000,8,2,4.0,2.8000000000000007,0.01,0.7600000000000002,3.0,3,444,26,30,0,0.9171897022103007,0.15745262752031283,success
436,2000,8,2,4.0,2.8000000000000007,0.01,0.7700000000000002,3.0,3,444,26,30,0,0.9171897022103007,0.15745262752031283,success
437,2000,8,2,4.0,2.8000000000000007,0.01,0.7800000000000002,3.0,3,444,26,30,0,0.9171897022103007,0.15745262752031283,success
438,2000,8,2,4.0,2.8000000000000007,0.01,0.7900000000000003,3.0,3,444,26,30,0,0.9171897022103007,0.15745262752031283,success
439,2000,8,2,4.0,2.8000000000000007,0.01,0.8000000000000003,3.0,3,445,25,30,0,0.9171897022103007,0.15745262752031283,success
440,2000,8,2,4.0,2.8000000000000007,0.01,0.8100000000000003,3.0,3,446,25,29,0,0.9143341747003111,0.1594470976951058,success
442,2000,8,2,4.0,2.8000000000000007,0.01,0.8300000000000003,3.0,3,446,25,29,0,0.9143341747003111,0.1594470976951058,success
441,2000,8,2,4.0,2.8000000000000007,0.01,0.8200000000000003,3.0,3,446,25,29,0,0.9143341747003111,0.1594470976951058,success
443,2000,8,2,4.0,2.8000000000000007,0.01,0.8400000000000003,3.0,3,446,25,29,0,0.9143341747003111,0.1594470976951058,success
444,2000,8,2,4.0,2.8000000000000007,0.01,0.8500000000000003,3.0,3,447,25,28,0,0.9112746809396078,0.161503792788018,success
445,2000,8,2,4.0,2.8000000000000007,0.01,0.8600000000000003,3.0,3,447,25,28,0,0.9112746809396078,0.161503792788018,success
446,2000,8,2,4.0,2.8000000000000007,0.01,0.8700000000000003,3.0,3,447,25,28,0,0.9112746809396078,0.161503792788018,success
447,2000,8,2,4.0,2.8000000000000007,0.01,0.8800000000000003,3.0,3,447,25,28,0,0.9112746809396078,0.161503792788018,success
448,2000,8,2,4.0,2.8000000000000007,0.01,0.8900000000000003,3.0,3,447,25,28,0,0.9112746809396078,0.161503792788018,success
449,2000,8,2,4.0,2.8000000000000007,0.01,0.9000000000000004,3.0,3,447,25,28,0,0.9112746809396078,0.161503792788018,success
450,2000,8,2,4.0,2.8000000000000007,0.01,0.9100000000000004,3.0,3,447,25,28,0,0.9112746809396078,0.161503792788018,success
451,2000,8,2,4.0,2.8000000000000007,0.01,0.9200000000000004,3.0,3,447,25,28,0,0.9112746809396078,0.161503792788018,success
452,2000,8,2,4.0,2.8000000000000007,0.01,0.9300000000000004,3.0,3,447,25,28,0,0.9112746809396078,0.161503792788018,success
453,2000,8,2,4.0,2.8000000000000007,0.01,0.9400000000000004,3.0,3,447,25,28,0,0.9112746809396078,0.161503792788018,success
454,2000,8,2,4.0,2.8000000000000007,0.01,0.9500000000000004,3.0,3,447,25,28,0,0.9112746809396078,0.161503792788018,success
455,2000,8,2,4.0,2.8000000000000007,0.01,0.9600000000000004,3.0,3,447,25,28,0,0.9112746809396078,0.161503792788018,success
458,2000,8,2,4.0,2.8000000000000007,0.01,0.9900000000000004,3.0,3,447,25,28,0,0.9112746809396078,0.161503792788018,success
456,2000,8,2,4.0,2.8000000000000007,0.01,0.9700000000000004,3.0,3,447,25,28,0,0.9112746809396078,0.161503792788018,success
457,2000,8,2,4.0,2.8000000000000007,0.01,0.9800000000000004,3.0,3,447,25,28,0,0.9112746809396078,0.161503792788018,success
461,2000,8,2,4.0,2.900000000000001,0.01,0.51,3.0,3,437,30,33,0,0.9494962752238253,0.12369078232629258,success
459,2000,8,2,4.0,2.8000000000000007,0.01,1.0000000000000004,3.0,3,447,25,28,0,0.9112746809396078,0.161503792788018,success
460,2000,8,2,4.0,2.900000000000001,0.01,0.5,3.0,3,436,30,34,0,0.9362757965407718,0.1441469634903458,success
462,2000,8,2,4.0,2.900000000000001,0.01,0.52,3.0,3,437,30,33,0,0.9494962752238253,0.12369078232629258,success
463,2000,8,2,4.0,2.900000000000001,0.01,0.53,3.0,3,437,30,33,0,0.9494962752238253,0.12369078232629258,success
464,2000,8,2,4.0,2.900000000000001,0.01,0.54,3.0,3,437,30,33,0,0.9494962752238253,0.12369078232629258,success
465,2000,8,2,4.0,2.900000000000001,0.01,0.55,3.0,3,437,30,33,0,0.9610719645183528,0.10865966947374964,success
466,2000,8,2,4.0,2.900000000000001,0.01,0.56,3.0,3,437,29,34,0,0.9622169067384012,0.10720871491030354,success
467,2000,8,2,4.0,2.900000000000001,0.01,0.5700000000000001,3.0,3,438,28,34,0,0.9622169067384012,0.10720871491030354,success
468,2000,8,2,4.0,2.900000000000001,0.01,0.5800000000000001,3.0,3,438,28,34,0,0.9622169067384012,0.10720871491030354,success
469,2000,8,2,4.0,2.900000000000001,0.01,0.5900000000000001,3.0,3,438,28,34,0,0.9622169067384012,0.10720871491030354,success
470,2000,8,2,4.0,2.900000000000001,0.01,0.6000000000000001,3.0,3,438,28,34,0,0.9622169067384012,0.10720871491030354,success
471,2000,8,2,4.0,2.900000000000001,0.01,0.6100000000000001,3.0,3,438,28,34,0,0.9622169067384012,0.10720871491030354,success
472,2000,8,2,4.0,2.900000000000001,0.01,0.6200000000000001,3.0,3,439,27,34,0,0.9622169067384012,0.10720871491030354,success
473,2000,8,2,4.0,2.900000000000001,0.01,0.6300000000000001,3.0,3,439,27,34,0,0.9622169067384012,0.10720871491030354,success
474,2000,8,2,4.0,2.900000000000001,0.01,0.6400000000000001,3.0,3,439,27,34,0,0.9622169067384012,0.10720871491030354,success
475,2000,8,2,4.0,2.900000000000001,0.01,0.6500000000000001,3.0,3,439,27,34,0,0.9622169067384012,0.10720871491030354,success
477,2000,8,2,4.0,2.900000000000001,0.01,0.6700000000000002,3.0,3,439,27,34,0,0.9622169067384012,0.10720871491030354,success
476,2000,8,2,4.0,2.900000000000001,0.01,0.6600000000000001,3.0,3,439,27,34,0,0.9622169067384012,0.10720871491030354,success
478,2000,8,2,4.0,2.900000000000001,0.01,0.6800000000000002,3.0,3,439,27,34,0,0.9622169067384012,0.10720871491030354,success
479,2000,8,2,4.0,2.900000000000001,0.01,0.6900000000000002,3.0,3,439,27,34,0,0.9622169067384012,0.10720871491030354,success
480,2000,8,2,4.0,2.900000000000001,0.01,0.7000000000000002,3.0,3,439,27,34,0,0.9622169067384012,0.10720871491030354,success
481,2000,8,2,4.0,2.900000000000001,0.01,0.7100000000000002,3.0,3,438,27,35,0,0.9632964236887326,0.10581325904998881,success
482,2000,8,2,4.0,2.900000000000001,0.01,0.7200000000000002,3.0,3,439,26,35,0,0.9632964236887326,0.10581325904998881,success
483,2000,8,2,4.0,2.900000000000001,0.01,0.7300000000000002,3.0,3,439,26,35,0,0.9632964236887326,0.10581325904998881,success
484,2000,8,2,4.0,2.900000000000001,0.01,0.7400000000000002,3.0,3,439,26,35,0,0.9632964236887326,0.10581325904998881,success
485,2000,8,2,4.0,2.900000000000001,0.01,0.7500000000000002,3.0,3,440,25,35,0,0.9523824796409832,0.12058489446391367,success
486,2000,8,2,4.0,2.900000000000001,0.01,0.7600000000000002,3.0,3,440,25,35,0,0.9433054590374005,0.12858682646315472,success
487,2000,8,2,4.0,2.900000000000001,0.01,0.7700000000000002,3.0,3,440,25,35,0,0.9433054590374005,0.12858682646315472,success
489,2000,8,2,4.0,2.900000000000001,0.01,0.7900000000000003,3.0,3,440,25,35,0,0.9433054590374005,0.12858682646315472,success
488,2000,8,2,4.0,2.900000000000001,0.01,0.7800000000000002,3.0,3,440,25,35,0,0.9433054590374005,0.12858682646315472,success
490,2000,8,2,4.0,2.900000000000001,0.01,0.8000000000000003,3.0,3,441,24,35,0,0.9433054590374005,0.12858682646315472,success
491,2000,8,2,4.0,2.900000000000001,0.01,0.8100000000000003,3.0,3,441,24,35,0,0.9433054590374005,0.12858682646315472,success
493,2000,8,2,4.0,2.900000000000001,0.01,0.8300000000000003,3.0,3,441,24,35,0,0.9433054590374005,0.12858682646315472,success
492,2000,8,2,4.0,2.900000000000001,0.01,0.8200000000000003,3.0,3,441,24,35,0,0.9433054590374005,0.12858682646315472,success
494,2000,8,2,4.0,2.900000000000001,0.01,0.8400000000000003,3.0,3,441,24,35,0,0.9433054590374005,0.12858682646315472,success
495,2000,8,2,4.0,2.900000000000001,0.01,0.8500000000000003,3.0,3,441,24,35,0,0.9433054590374005,0.12858682646315472,success
496,2000,8,2,4.0,2.900000000000001,0.01,0.8600000000000003,3.0,3,441,24,35,0,0.9433054590374005,0.12858682646315472,success
497,2000,8,2,4.0,2.900000000000001,0.01,0.8700000000000003,3.0,3,441,24,35,0,0.9433054590374005,0.12858682646315472,success
498,2000,8,2,4.0,2.900000000000001,0.01,0.8800000000000003,3.0,3,441,24,35,0,0.9433054590374005,0.12858682646315472,success
500,2000,8,2,4.0,2.900000000000001,0.01,0.9000000000000004,3.0,3,441,24,35,0,0.9433054590374005,0.12858682646315472,success
499,2000,8,2,4.0,2.900000000000001,0.01,0.8900000000000003,3.0,3,441,24,35,0,0.9433054590374005,0.12858682646315472,success
501,2000,8,2,4.0,2.900000000000001,0.01,0.9100000000000004,3.0,3,441,24,35,0,0.9433054590374005,0.12858682646315472,success
502,2000,8,2,4.0,2.900000000000001,0.01,0.9200000000000004,3.0,3,440,24,36,0,0.9448803073974728,0.1270883193042793,success
503,2000,8,2,4.0,2.900000000000001,0.01,0.9300000000000004,3.0,3,440,24,36,0,0.9448803073974728,0.1270883193042793,success
504,2000,8,2,4.0,2.900000000000001,0.01,0.9400000000000004,3.0,3,440,24,36,0,0.9448803073974728,0.1270883193042793,success
505,2000,8,2,4.0,2.900000000000001,0.01,0.9500000000000004,3.0,3,440,24,36,0,0.9448803073974728,0.1270883193042793,success
507,2000,8,2,4.0,2.900000000000001,0.01,0.9700000000000004,3.0,3,440,24,36,0,0.9448803073974728,0.1270883193042793,success
506,2000,8,2,4.0,2.900000000000001,0.01,0.9600000000000004,3.0,3,440,24,36,0,0.9448803073974728,0.1270883193042793,success
508,2000,8,2,4.0,2.900000000000001,0.01,0.9800000000000004,3.0,3,440,24,36,0,0.9448803073974728,0.1270883193042793,success
509,2000,8,2,4.0,2.900000000000001,0.01,0.9900000000000004,3.0,3,440,24,36,0,0.9448803073974728,0.1270883193042793,success
510,2000,8,2,4.0,2.900000000000001,0.01,1.0000000000000004,3.0,3,440,24,36,0,0.9448803073974728,0.1270883193042793,success
511,2000,8,2,4.0,3.000000000000001,0.01,0.5,3.0,4,432,21,47,0,0.977686049161276,0.08716891013152037,success
512,2000,8,2,4.0,3.000000000000001,0.01,0.51,3.0,4,432,20,48,0,0.9781509231370827,0.08629671825430744,success
513,2000,8,2,4.0,3.000000000000001,0.01,0.52,3.0,4,432,20,48,0,0.9781509231370827,0.08629671825430744,success
514,2000,8,2,4.0,3.000000000000001,0.01,0.53,3.0,4,432,20,48,0,0.9701928389355988,0.10065716060846448,success
515,2000,8,2,4.0,3.000000000000001,0.01,0.54,3.0,4,432,20,48,0,0.9701928389355988,0.10065716060846448,success
516,2000,8,2,4.0,3.000000000000001,0.01,0.55,3.0,4,432,20,48,0,0.9701928389355988,0.10065716060846448,success
517,2000,8,2,4.0,3.000000000000001,0.01,0.56,3.0,4,432,20,48,0,0.9701928389355988,0.10065716060846448,success
518,2000,8,2,4.0,3.000000000000001,0.01,0.5700000000000001,3.0,4,432,20,48,0,0.9701928389355988,0.10065716060846448,success
519,2000,8,2,4.0,3.000000000000001,0.01,0.5800000000000001,3.0,4,433,20,47,0,0.969558644019335,0.10164839620432238,success
521,2000,8,2,4.0,3.000000000000001,0.01,0.6000000000000001,3.0,4,433,20,47,0,0.969558644019335,0.10164839620432238,success
523,2000,8,2,4.0,3.000000000000001,0.01,0.6200000000000001,3.0,4,433,20,47,0,0.969558644019335,0.10164839620432238,success
520,2000,8,2,4.0,3.000000000000001,0.01,0.5900000000000001,3.0,4,433,20,47,0,0.969558644019335,0.10164839620432238,success
522,2000,8,2,4.0,3.000000000000001,0.01,0.6100000000000001,3.0,4,433,20,47,0,0.969558644019335,0.10164839620432238,success
524,2000,8,2,4.0,3.000000000000001,0.01,0.6300000000000001,3.0,4,433,20,47,0,0.969558644019335,0.10164839620432238,success
525,2000,8,2,4.0,3.000000000000001,0.01,0.6400000000000001,3.0,4,433,20,47,0,0.969558644019335,0.10164839620432238,success
526,2000,8,2,4.0,3.000000000000001,0.01,0.6500000000000001,3.0,4,434,19,47,0,0.969558644019335,0.10164839620432238,success
527,2000,8,2,4.0,3.000000000000001,0.01,0.6600000000000001,3.0,4,433,19,48,0,0.9701928389355988,0.10065716060846448,success
528,2000,8,2,4.0,3.000000000000001,0.01,0.6700000000000002,3.0,4,433,19,48,0,0.9701928389355988,0.10065716060846448,success
529,2000,8,2,4.0,3.000000000000001,0.01,0.6800000000000002,3.0,4,433,19,48,0,0.9701928389355988,0.10065716060846448,success
530,2000,8,2,4.0,3.000000000000001,0.01,0.6900000000000002,3.0,4,433,19,48,0,0.9701928389355988,0.10065716060846448,success
531,2000,8,2,4.0,3.000000000000001,0.01,0.7000000000000002,3.0,4,434,19,47,0,0.969558644019335,0.10164839620432238,success
532,2000,8,2,4.0,3.000000000000001,0.01,0.7100000000000002,3.0,4,434,19,47,0,0.9670477512889356,0.11150104009330555,success
533,2000,8,2,4.0,3.000000000000001,0.01,0.7200000000000002,3.0,4,434,19,47,0,0.9670477512889356,0.11150104009330555,success
534,2000,8,2,4.0,3.000000000000001,0.01,0.7300000000000002,3.0,4,434,19,47,0,0.9670477512889356,0.11150104009330555,success
536,2000,8,2,4.0,3.000000000000001,0.01,0.7500000000000002,3.0,4,434,19,47,0,0.9670477512889356,0.11150104009330555,success
535,2000,8,2,4.0,3.000000000000001,0.01,0.7400000000000002,3.0,4,434,19,47,0,0.9670477512889356,0.11150104009330555,success
539,2000,8,2,4.0,3.000000000000001,0.01,0.7800000000000002,3.0,4,435,19,46,0,0.9663313980560864,0.11262373079140624,success
537,2000,8,2,4.0,3.000000000000001,0.01,0.7600000000000002,3.0,4,434,19,47,0,0.9670477512889356,0.11150104009330555,success
538,2000,8,2,4.0,3.000000000000001,0.01,0.7700000000000002,3.0,4,434,19,47,0,0.9670477512889356,0.11150104009330555,success
540,2000,8,2,4.0,3.000000000000001,0.01,0.7900000000000003,3.0,4,435,19,46,0,0.9663313980560864,0.11262373079140624,success
541,2000,8,2,4.0,3.000000000000001,0.01,0.8000000000000003,3.0,4,435,19,46,0,0.9663313980560864,0.11262373079140624,success
542,2000,8,2,4.0,3.000000000000001,0.01,0.8100000000000003,3.0,4,435,19,46,0,0.9663313980560864,0.11262373079140624,success
543,2000,8,2,4.0,3.000000000000001,0.01,0.8200000000000003,3.0,4,435,19,46,0,0.9663313980560864,0.11262373079140624,success
544,2000,8,2,4.0,3.000000000000001,0.01,0.8300000000000003,3.0,4,435,19,46,0,0.9663313980560864,0.11262373079140624,success
545,2000,8,2,4.0,3.000000000000001,0.01,0.8400000000000003,3.0,4,435,19,46,0,0.9663313980560864,0.11262373079140624,success
546,2000,8,2,4.0,3.000000000000001,0.01,0.8500000000000003,3.0,4,435,19,46,0,0.9663313980560864,0.11262373079140624,success
547,2000,8,2,4.0,3.000000000000001,0.01,0.8600000000000003,3.0,4,435,19,46,0,0.9631612829567008,0.1241124057329769,success
548,2000,8,2,4.0,3.000000000000001,0.01,0.8700000000000003,3.0,4,436,19,45,0,0.9734537559112941,0.10377965814304876,success
549,2000,8,2,4.0,3.000000000000001,0.01,0.8800000000000003,3.0,4,436,19,45,0,0.9734537559112941,0.10377965814304876,success
551,2000,8,2,4.0,3.000000000000001,0.01,0.9000000000000004,3.0,4,436,19,45,0,0.9708312679484326,0.11395769451526352,success
550,2000,8,2,4.0,3.000000000000001,0.01,0.8900000000000003,3.0,4,436,19,45,0,0.9734537559112941,0.10377965814304876,success
552,2000,8,2,4.0,3.000000000000001,0.01,0.9100000000000004,3.0,4,436,19,45,0,0.9708312679484326,0.11395769451526352,success
553,2000,8,2,4.0,3.000000000000001,0.01,0.9200000000000004,3.0,4,436,19,45,0,0.9708312679484326,0.11395769451526352,success
554,2000,8,2,4.0,3.000000000000001,0.01,0.9300000000000004,3.0,4,437,19,44,0,0.9701683422199878,0.11518736188083555,success
555,2000,8,2,4.0,3.000000000000001,0.01,0.9400000000000004,3.0,4,437,19,44,0,0.9701683422199878,0.11518736188083555,success
556,2000,8,2,4.0,3.000000000000001,0.01,0.9500000000000004,3.0,4,437,19,44,0,0.9701683422199878,0.11518736188083555,success
557,2000,8,2,4.0,3.000000000000001,0.01,0.9600000000000004,3.0,4,437,19,44,0,0.9701683422199878,0.11518736188083555,success
558,2000,8,2,4.0,3.000000000000001,0.01,0.9700000000000004,3.0,4,437,19,44,0,0.9701683422199878,0.11518736188083555,success
559,2000,8,2,4.0,3.000000000000001,0.01,0.9800000000000004,3.0,4,437,19,44,0,0.9701683422199878,0.11518736188083555,success
560,2000,8,2,4.0,3.000000000000001,0.01,0.9900000000000004,3.0,4,437,19,44,0,0.9701683422199878,0.11518736188083555,success
561,2000,8,2,4.0,3.000000000000001,0.01,1.0000000000000004,3.0,4,437,19,44,0,0.9701683422199878,0.11518736188083555,success
562,2000,8,2,4.0,3.100000000000001,0.01,0.5,3.0,4,432,21,47,0,0.977686049161276,0.08716891013152037,success
563,2000,8,2,4.0,3.100000000000001,0.01,0.51,3.0,4,432,21,47,0,0.977686049161276,0.08716891013152037,success
565,2000,8,2,4.0,3.100000000000001,0.01,0.53,3.0,4,432,21,47,0,0.969558644019335,0.10164839620432238,success
564,2000,8,2,4.0,3.100000000000001,0.01,0.52,3.0,4,432,21,47,0,0.977686049161276,0.08716891013152037,success
567,2000,8,2,4.0,3.100000000000001,0.01,0.55,3.0,4,432,21,47,0,0.969558644019335,0.10164839620432238,success
566,2000,8,2,4.0,3.100000000000001,0.01,0.54,3.0,4,432,21,47,0,0.969558644019335,0.10164839620432238,success
568,2000,8,2,4.0,3.100000000000001,0.01,0.56,3.0,4,432,21,47,0,0.969558644019335,0.10164839620432238,success
569,2000,8,2,4.0,3.100000000000001,0.01,0.5700000000000001,3.0,4,432,21,47,0,0.969558644019335,0.10164839620432238,success
570,2000,8,2,4.0,3.100000000000001,0.01,0.5800000000000001,3.0,4,432,21,47,0,0.969558644019335,0.10164839620432238,success
571,2000,8,2,4.0,3.100000000000001,0.01,0.5900000000000001,3.0,4,432,21,47,0,0.969558644019335,0.10164839620432238,success
572,2000,8,2,4.0,3.100000000000001,0.01,0.6000000000000001,3.0,4,432,21,47,0,0.969558644019335,0.10164839620432238,success
573,2000,8,2,4.0,3.100000000000001,0.01,0.6100000000000001,3.0,4,432,21,47,0,0.969558644019335,0.10164839620432238,success
574,2000,8,2,4.0,3.100000000000001,0.01,0.6200000000000001,3.0,4,432,21,47,0,0.969558644019335,0.10164839620432238,success
575,2000,8,2,4.0,3.100000000000001,0.01,0.6300000000000001,3.0,4,432,21,47,0,0.969558644019335,0.10164839620432238,success
576,2000,8,2,4.0,3.100000000000001,0.01,0.6400000000000001,3.0,4,432,21,47,0,0.969558644019335,0.10164839620432238,success
578,2000,8,2,4.0,3.100000000000001,0.01,0.6600000000000001,3.0,4,432,21,47,0,0.969558644019335,0.10164839620432238,success
579,2000,8,2,4.0,3.100000000000001,0.01,0.6700000000000002,3.0,4,432,21,47,0,0.969558644019335,0.10164839620432238,success
577,2000,8,2,4.0,3.100000000000001,0.01,0.6500000000000001,3.0,4,432,21,47,0,0.969558644019335,0.10164839620432238,success
580,2000,8,2,4.0,3.100000000000001,0.01,0.6800000000000002,3.0,4,432,21,47,0,0.969558644019335,0.10164839620432238,success
582,2000,8,2,4.0,3.100000000000001,0.01,0.7000000000000002,3.0,4,433,21,46,0,0.9688968754110597,0.10266920077545473,success
581,2000,8,2,4.0,3.100000000000001,0.01,0.6900000000000002,3.0,4,432,21,47,0,0.969558644019335,0.10164839620432238,success
584,2000,8,2,4.0,3.100000000000001,0.01,0.7200000000000002,3.0,4,433,21,46,0,0.9663313980560864,0.11262373079140624,success
583,2000,8,2,4.0,3.100000000000001,0.01,0.7100000000000002,3.0,4,433,21,46,0,0.9663313980560864,0.11262373079140624,success
585,2000,8,2,4.0,3.100000000000001,0.01,0.7300000000000002,3.0,4,433,21,46,0,0.9663313980560864,0.11262373079140624,success
588,2000,8,2,4.0,3.100000000000001,0.01,0.7600000000000002,3.0,4,433,21,46,0,0.9663313980560864,0.11262373079140624,success
587,2000,8,2,4.0,3.100000000000001,0.01,0.7500000000000002,3.0,4,433,21,46,0,0.9663313980560864,0.11262373079140624,success
586,2000,8,2,4.0,3.100000000000001,0.01,0.7400000000000002,3.0,4,433,21,46,0,0.9663313980560864,0.11262373079140624,success
589,2000,8,2,4.0,3.100000000000001,0.01,0.7700000000000002,3.0,4,433,21,46,0,0.9663313980560864,0.11262373079140624,success
590,2000,8,2,4.0,3.100000000000001,0.01,0.7800000000000002,3.0,4,434,21,45,0,0.9655832069017772,0.11378068495963385,success
591,2000,8,2,4.0,3.100000000000001,0.01,0.7900000000000003,3.0,4,434,21,45,0,0.9655832069017772,0.11378068495963385,success
592,2000,8,2,4.0,3.100000000000001,0.01,0.8000000000000003,3.0,4,434,21,45,0,0.9655832069017772,0.11378068495963385,success
594,2000,8,2,4.0,3.100000000000001,0.01,0.8200000000000003,3.0,4,434,21,45,0,0.9655832069017772,0.11378068495963385,success
593,2000,8,2,4.0,3.100000000000001,0.01,0.8100000000000003,3.0,4,434,21,45,0,0.9655832069017772,0.11378068495963385,success
596,2000,8,2,4.0,3.100000000000001,0.01,0.8400000000000003,3.0,4,434,21,45,0,0.9655832069017772,0.11378068495963385,success
595,2000,8,2,4.0,3.100000000000001,0.01,0.8300000000000003,3.0,4,434,21,45,0,0.9655832069017772,0.11378068495963385,success
597,2000,8,2,4.0,3.100000000000001,0.01,0.8500000000000003,3.0,4,434,21,45,0,0.9655832069017772,0.11378068495963385,success
598,2000,8,2,4.0,3.100000000000001,0.01,0.8600000000000003,3.0,4,434,21,45,0,0.9623426448001828,0.1253891912030493,success
599,2000,8,2,4.0,3.100000000000001,0.01,0.8700000000000003,3.0,4,435,21,44,0,0.9728504321820054,0.10489960299817087,success
600,2000,8,2,4.0,3.100000000000001,0.01,0.8800000000000003,3.0,4,435,21,44,0,0.9728504321820054,0.10489960299817087,success
601,2000,8,2,4.0,3.100000000000001,0.01,0.8900000000000003,3.0,4,435,21,44,0,0.9728504321820054,0.10489960299817087,success
602,2000,8,2,4.0,3.100000000000001,0.01,0.9000000000000004,3.0,4,435,21,44,0,0.9701683422199878,0.11518736188083555,success
603,2000,8,2,4.0,3.100000000000001,0.01,0.9100000000000004,3.0,4,435,21,44,0,0.9701683422199878,0.11518736188083555,success
604,2000,8,2,4.0,3.100000000000001,0.01,0.9200000000000004,3.0,4,435,21,44,0,0.9701683422199878,0.11518736188083555,success
605,2000,8,2,4.0,3.100000000000001,0.01,0.9300000000000004,3.0,4,436,21,43,0,0.9694745827367317,0.11645752288081287,success
606,2000,8,2,4.0,3.100000000000001,0.01,0.9400000000000004,3.0,4,436,21,43,0,0.9694745827367317,0.11645752288081287,success
607,2000,8,2,4.0,3.100000000000001,0.01,0.9500000000000004,3.0,4,436,21,43,0,0.9694745827367317,0.11645752288081287,success
608,2000,8,2,4.0,3.100000000000001,0.01,0.9600000000000004,3.0,4,436,21,43,0,0.9694745827367317,0.11645752288081287,success
610,2000,8,2,4.0,3.100000000000001,0.01,0.9800000000000004,3.0,4,436,21,43,0,0.9694745827367317,0.11645752288081287,success
609,2000,8,2,4.0,3.100000000000001,0.01,0.9700000000000004,3.0,4,436,21,43,0,0.9694745827367317,0.11645752288081287,success
611,2000,8,2,4.0,3.100000000000001,0.01,0.9900000000000004,3.0,4,436,21,43,0,0.9694745827367317,0.11645752288081287,success
613,2000,8,2,4.0,3.200000000000001,0.01,0.5,3.0,4,431,21,48,0,0.9781509231370827,0.08629671825430744,success
612,2000,8,2,4.0,3.100000000000001,0.01,1.0000000000000004,3.0,4,436,21,43,0,0.9694745827367317,0.11645752288081287,success
615,2000,8,2,4.0,3.200000000000001,0.01,0.52,3.0,4,431,21,48,0,0.9781509231370827,0.08629671825430744,success
614,2000,8,2,4.0,3.200000000000001,0.01,0.51,3.0,4,431,21,48,0,0.9781509231370827,0.08629671825430744,success
617,2000,8,2,4.0,3.200000000000001,0.01,0.54,3.0,4,431,21,48,0,0.9701928389355988,0.10065716060846448,success
618,2000,8,2,4.0,3.200000000000001,0.01,0.55,3.0,4,431,21,48,0,0.9701928389355988,0.10065716060846448,success
616,2000,8,2,4.0,3.200000000000001,0.01,0.53,3.0,4,431,21,48,0,0.9701928389355988,0.10065716060846448,success
619,2000,8,2,4.0,3.200000000000001,0.01,0.56,3.0,4,431,21,48,0,0.9701928389355988,0.10065716060846448,success
620,2000,8,2,4.0,3.200000000000001,0.01,0.5700000000000001,3.0,4,431,21,48,0,0.9701928389355988,0.10065716060846448,success
621,2000,8,2,4.0,3.200000000000001,0.01,0.5800000000000001,3.0,4,431,21,48,0,0.9701928389355988,0.10065716060846448,success
622,2000,8,2,4.0,3.200000000000001,0.01,0.5900000000000001,3.0,4,431,21,48,0,0.9701928389355988,0.10065716060846448,success
623,2000,8,2,4.0,3.200000000000001,0.01,0.6000000000000001,3.0,4,431,21,48,0,0.9701928389355988,0.10065716060846448,success
624,2000,8,2,4.0,3.200000000000001,0.01,0.6100000000000001,3.0,4,431,21,48,0,0.9701928389355988,0.10065716060846448,success
625,2000,8,2,4.0,3.200000000000001,0.01,0.6200000000000001,3.0,4,431,21,48,0,0.9701928389355988,0.10065716060846448,success
626,2000,8,2,4.0,3.200000000000001,0.01,0.6300000000000001,3.0,4,431,21,48,0,0.9701928389355988,0.10065716060846448,success
627,2000,8,2,4.0,3.200000000000001,0.01,0.6400000000000001,3.0,4,431,21,48,0,0.9701928389355988,0.10065716060846448,success
629,2000,8,2,4.0,3.200000000000001,0.01,0.6600000000000001,3.0,4,431,21,48,0,0.9701928389355988,0.10065716060846448,success
628,2000,8,2,4.0,3.200000000000001,0.01,0.6500000000000001,3.0,4,431,21,48,0,0.9701928389355988,0.10065716060846448,success
630,2000,8,2,4.0,3.200000000000001,0.01,0.6700000000000002,3.0,4,431,21,48,0,0.9701928389355988,0.10065716060846448,success
631,2000,8,2,4.0,3.200000000000001,0.01,0.6800000000000002,3.0,4,431,21,48,0,0.9701928389355988,0.10065716060846448,success
632,2000,8,2,4.0,3.200000000000001,0.01,0.6900000000000002,3.0,4,431,21,48,0,0.9701928389355988,0.10065716060846448,success
633,2000,8,2,4.0,3.200000000000001,0.01,0.7000000000000002,3.0,4,432,21,47,0,0.969558644019335,0.10164839620432238,success
635,2000,8,2,4.0,3.200000000000001,0.01,0.7200000000000002,3.0,4,432,21,47,0,0.9670477512889356,0.11150104009330555,success
634,2000,8,2,4.0,3.200000000000001,0.01,0.7100000000000002,3.0,4,432,21,47,0,0.9670477512889356,0.11150104009330555,success
636,2000,8,2,4.0,3.200000000000001,0.01,0.7300000000000002,3.0,4,432,21,47,0,0.9670477512889356,0.11150104009330555,success
637,2000,8,2,4.0,3.200000000000001,0.01,0.7400000000000002,3.0,4,432,21,47,0,0.9670477512889356,0.11150104009330555,success
638,2000,8,2,4.0,3.200000000000001,0.01,0.7500000000000002,3.0,4,432,21,47,0,0.9670477512889356,0.11150104009330555,success
640,2000,8,2,4.0,3.200000000000001,0.01,0.7700000000000002,3.0,4,432,21,47,0,0.9670477512889356,0.11150104009330555,success
639,2000,8,2,4.0,3.200000000000001,0.01,0.7600000000000002,3.0,4,432,21,47,0,0.9670477512889356,0.11150104009330555,success
642,2000,8,2,4.0,3.200000000000001,0.01,0.7900000000000003,3.0,4,433,21,46,0,0.9663313980560864,0.11262373079140624,success
641,2000,8,2,4.0,3.200000000000001,0.01,0.7800000000000002,3.0,4,433,21,46,0,0.9663313980560864,0.11262373079140624,success
644,2000,8,2,4.0,3.200000000000001,0.01,0.8100000000000003,3.0,4,433,21,46,0,0.9663313980560864,0.11262373079140624,success
645,2000,8,2,4.0,3.200000000000001,0.01,0.8200000000000003,3.0,4,433,21,46,0,0.9663313980560864,0.11262373079140624,success
643,2000,8,2,4.0,3.200000000000001,0.01,0.8000000000000003,3.0,4,433,21,46,0,0.9663313980560864,0.11262373079140624,success
646,2000,8,2,4.0,3.200000000000001,0.01,0.8300000000000003,3.0,4,433,21,46,0,0.9663313980560864,0.11262373079140624,success
647,2000,8,2,4.0,3.200000000000001,0.01,0.8400000000000003,3.0,4,433,21,46,0,0.9663313980560864,0.11262373079140624,success
648,2000,8,2,4.0,3.200000000000001,0.01,0.8500000000000003,3.0,4,433,21,46,0,0.9663313980560864,0.11262373079140624,success
649,2000,8,2,4.0,3.200000000000001,0.01,0.8600000000000003,3.0,4,433,21,46,0,0.9631612829567008,0.1241124057329769,success
650,2000,8,2,4.0,3.200000000000001,0.01,0.8700000000000003,3.0,4,434,21,45,0,0.9734537559112941,0.10377965814304876,success
651,2000,8,2,4.0,3.200000000000001,0.01,0.8800000000000003,3.0,4,434,21,45,0,0.9734537559112941,0.10377965814304876,success
652,2000,8,2,4.0,3.200000000000001,0.01,0.8900000000000003,3.0,4,434,21,45,0,0.9734537559112941,0.10377965814304876,success
653,2000,8,2,4.0,3.200000000000001,0.01,0.9000000000000004,3.0,4,434,21,45,0,0.9708312679484326,0.11395769451526352,success
654,2000,8,2,4.0,3.200000000000001,0.01,0.9100000000000004,3.0,4,434,21,45,0,0.9708312679484326,0.11395769451526352,success
656,2000,8,2,4.0,3.200000000000001,0.01,0.9300000000000004,3.0,4,435,21,44,0,0.9701683422199878,0.11518736188083555,success
655,2000,8,2,4.0,3.200000000000001,0.01,0.9200000000000004,3.0,4,434,21,45,0,0.9708312679484326,0.11395769451526352,success
657,2000,8,2,4.0,3.200000000000001,0.01,0.9400000000000004,3.0,4,435,21,44,0,0.9701683422199878,0.11518736188083555,success
659,2000,8,2,4.0,3.200000000000001,0.01,0.9600000000000004,3.0,4,435,21,44,0,0.9701683422199878,0.11518736188083555,success
658,2000,8,2,4.0,3.200000000000001,0.01,0.9500000000000004,3.0,4,435,21,44,0,0.9701683422199878,0.11518736188083555,success
660,2000,8,2,4.0,3.200000000000001,0.01,0.9700000000000004,3.0,4,435,21,44,0,0.9701683422199878,0.11518736188083555,success
662,2000,8,2,4.0,3.200000000000001,0.01,0.9900000000000004,3.0,4,435,21,44,0,0.9701683422199878,0.11518736188083555,success
661,2000,8,2,4.0,3.200000000000001,0.01,0.9800000000000004,3.0,4,435,21,44,0,0.9701683422199878,0.11518736188083555,success
663,2000,8,2,4.0,3.200000000000001,0.01,1.0000000000000004,3.0,4,435,21,44,0,0.9701683422199878,0.11518736188083555,success
664,2000,8,2,4.0,3.300000000000001,0.01,0.5,3.0,4,430,24,46,0,0.9938091389983137,0.04198846219309834,success
665,2000,8,2,4.0,3.300000000000001,0.01,0.51,3.0,4,430,24,46,0,0.9938091389983137,0.04198846219309834,success
667,2000,8,2,4.0,3.300000000000001,0.01,0.53,3.0,4,430,24,46,0,0.9855050511358957,0.06949812548377894,success
666,2000,8,2,4.0,3.300000000000001,0.01,0.52,3.0,4,430,24,46,0,0.9938091389983137,0.04198846219309834,success
668,2000,8,2,4.0,3.300000000000001,0.01,0.54,3.0,4,430,24,46,0,0.9855050511358957,0.06949812548377894,success
669,2000,8,2,4.0,3.300000000000001,0.01,0.55,3.0,4,430,24,46,0,0.9855050511358957,0.06949812548377894,success
671,2000,8,2,4.0,3.300000000000001,0.01,0.5700000000000001,3.0,4,430,24,46,0,0.9855050511358957,0.06949812548377894,success
670,2000,8,2,4.0,3.300000000000001,0.01,0.56,3.0,4,430,24,46,0,0.9855050511358957,0.06949812548377894,success
672,2000,8,2,4.0,3.300000000000001,0.01,0.5800000000000001,3.0,4,430,24,46,0,0.9855050511358957,0.06949812548377894,success
673,2000,8,2,4.0,3.300000000000001,0.01,0.5900000000000001,3.0,4,430,24,46,0,0.9855050511358957,0.06949812548377894,success
674,2000,8,2,4.0,3.300000000000001,0.01,0.6000000000000001,3.0,4,430,24,46,0,0.9855050511358957,0.06949812548377894,success
675,2000,8,2,4.0,3.300000000000001,0.01,0.6100000000000001,3.0,4,430,24,46,0,0.9855050511358957,0.06949812548377894,success
676,2000,8,2,4.0,3.300000000000001,0.01,0.6200000000000001,3.0,4,430,24,46,0,0.9855050511358957,0.06949812548377894,success
678,2000,8,2,4.0,3.300000000000001,0.01,0.6400000000000001,3.0,4,430,24,46,0,0.9855050511358957,0.06949812548377894,success
681,2000,8,2,4.0,3.300000000000001,0.01,0.6700000000000002,3.0,4,430,24,46,0,0.9855050511358957,0.06949812548377894,success
677,2000,8,2,4.0,3.300000000000001,0.01,0.6300000000000001,3.0,4,430,24,46,0,0.9855050511358957,0.06949812548377894,success
679,2000,8,2,4.0,3.300000000000001,0.01,0.6500000000000001,3.0,4,430,24,46,0,0.9855050511358957,0.06949812548377894,success
680,2000,8,2,4.0,3.300000000000001,0.01,0.6600000000000001,3.0,4,430,24,46,0,0.9855050511358957,0.06949812548377894,success
682,2000,8,2,4.0,3.300000000000001,0.01,0.6800000000000002,3.0,4,430,24,46,0,0.9855050511358957,0.06949812548377894,success
683,2000,8,2,4.0,3.300000000000001,0.01,0.6900000000000002,3.0,4,430,24,46,0,0.9855050511358957,0.06949812548377894,success
684,2000,8,2,4.0,3.300000000000001,0.01,0.7000000000000002,3.0,4,431,24,45,0,0.9851829411611378,0.07024870632082408,success
685,2000,8,2,4.0,3.300000000000001,0.01,0.7100000000000002,3.0,4,431,24,45,0,0.9825604531982762,0.08493489797920487,success
686,2000,8,2,4.0,3.300000000000001,0.01,0.7200000000000002,3.0,4,431,24,45,0,0.9825604531982762,0.08493489797920487,success
687,2000,8,2,4.0,3.300000000000001,0.01,0.7300000000000002,3.0,4,431,24,45,0,0.9825604531982762,0.08493489797920487,success
688,2000,8,2,4.0,3.300000000000001,0.01,0.7400000000000002,3.0,4,431,24,45,0,0.9825604531982762,0.08493489797920487,success
689,2000,8,2,4.0,3.300000000000001,0.01,0.7500000000000002,3.0,4,431,24,45,0,0.9825604531982762,0.08493489797920487,success
691,2000,8,2,4.0,3.300000000000001,0.01,0.7700000000000002,3.0,4,431,24,45,0,0.9825604531982762,0.08493489797920487,success
690,2000,8,2,4.0,3.300000000000001,0.01,0.7600000000000002,3.0,4,431,24,45,0,0.9825604531982762,0.08493489797920487,success
692,2000,8,2,4.0,3.300000000000001,0.01,0.7800000000000002,3.0,4,432,24,44,0,0.9821640998618734,0.0858747293896768,success
693,2000,8,2,4.0,3.300000000000001,0.01,0.7900000000000003,3.0,4,432,24,44,0,0.9821640998618734,0.0858747293896768,success
694,2000,8,2,4.0,3.300000000000001,0.01,0.8000000000000003,3.0,4,432,24,44,0,0.9821640998618734,0.0858747293896768,success
696,2000,8,2,4.0,3.300000000000001,0.01,0.8200000000000003,3.0,4,432,24,44,0,0.9821640998618734,0.0858747293896768,success
695,2000,8,2,4.0,3.300000000000001,0.01,0.8100000000000003,3.0,4,432,24,44,0,0.9821640998618734,0.0858747293896768,success
697,2000,8,2,4.0,3.300000000000001,0.01,0.8300000000000003,3.0,4,432,24,44,0,0.9821640998618734,0.0858747293896768,success
698,2000,8,2,4.0,3.300000000000001,0.01,0.8400000000000003,3.0,4,432,24,44,0,0.9821640998618734,0.0858747293896768,success
699,2000,8,2,4.0,3.300000000000001,0.01,0.8500000000000003,3.0,4,432,24,44,0,0.9821640998618734,0.0858747293896768,success
700,2000,8,2,4.0,3.300000000000001,0.01,0.8600000000000003,3.0,4,432,24,44,0,0.9821640998618734,0.0858747293896768,success
701,2000,8,2,4.0,3.300000000000001,0.01,0.8700000000000003,3.0,4,433,24,43,0,0.9933772184633123,0.043428482786712165,success
702,2000,8,2,4.0,3.300000000000001,0.01,0.8800000000000003,3.0,4,433,24,43,0,0.9933772184633123,0.043428482786712165,success
704,2000,8,2,4.0,3.300000000000001,0.01,0.9000000000000004,3.0,4,433,24,43,0,0.9933772184633123,0.043428482786712165,success
703,2000,8,2,4.0,3.300000000000001,0.01,0.8900000000000003,3.0,4,433,24,43,0,0.9933772184633123,0.043428482786712165,success
705,2000,8,2,4.0,3.300000000000001,0.01,0.9100000000000004,3.0,4,433,24,43,0,0.9933772184633123,0.043428482786712165,success
706,2000,8,2,4.0,3.300000000000001,0.01,0.9200000000000004,3.0,4,433,24,43,0,0.9933772184633123,0.043428482786712165,success
707,2000,8,2,4.0,3.300000000000001,0.01,0.9300000000000004,3.0,4,434,24,42,0,0.9932195331886293,0.043942447218654375,success
709,2000,8,2,4.0,3.300000000000001,0.01,0.9500000000000004,3.0,4,434,24,42,0,0.9932195331886293,0.043942447218654375,success
708,2000,8,2,4.0,3.300000000000001,0.01,0.9400000000000004,3.0,4,434,24,42,0,0.9932195331886293,0.043942447218654375,success
710,2000,8,2,4.0,3.300000000000001,0.01,0.9600000000000004,3.0,4,434,24,42,0,0.9932195331886293,0.043942447218654375,success
711,2000,8,2,4.0,3.300000000000001,0.01,0.9700000000000004,3.0,4,434,24,42,0,0.9932195331886293,0.043942447218654375,success
712,2000,8,2,4.0,3.300000000000001,0.01,0.9800000000000004,3.0,4,434,24,42,0,0.9932195331886293,0.043942447218654375,success
713,2000,8,2,4.0,3.300000000000001,0.01,0.9900000000000004,3.0,4,434,24,42,0,0.9932195331886293,0.043942447218654375,success
715,2000,8,2,4.0,3.4000000000000012,0.01,0.5,3.0,4,429,24,47,0,0.9898103774947088,0.0497618186448861,success
714,2000,8,2,4.0,3.300000000000001,0.01,1.0000000000000004,3.0,4,434,24,42,0,0.9932195331886293,0.043942447218654375,success
717,2000,8,2,4.0,3.4000000000000012,0.01,0.52,3.0,4,429,24,47,0,0.9898103774947088,0.0497618186448861,success
716,2000,8,2,4.0,3.4000000000000012,0.01,0.51,3.0,4,429,24,47,0,0.9898103774947088,0.0497618186448861,success
718,2000,8,2,4.0,3.4000000000000012,0.01,0.53,3.0,4,429,24,47,0,0.9816829723527677,0.07356343607898982,success
719,2000,8,2,4.0,3.4000000000000012,0.01,0.54,3.0,4,429,24,47,0,0.9816829723527677,0.07356343607898982,success
720,2000,8,2,4.0,3.4000000000000012,0.01,0.55,3.0,4,429,24,47,0,0.9816829723527677,0.07356343607898982,success
721,2000,8,2,4.0,3.4000000000000012,0.01,0.56,3.0,4,429,24,47,0,0.9816829723527677,0.07356343607898982,success
722,2000,8,2,4.0,3.4000000000000012,0.01,0.5700000000000001,3.0,4,429,24,47,0,0.9816829723527677,0.07356343607898982,success
723,2000,8,2,4.0,3.4000000000000012,0.01,0.5800000000000001,3.0,4,429,24,47,0,0.9816829723527677,0.07356343607898982,success
725,2000,8,2,4.0,3.4000000000000012,0.01,0.6000000000000001,3.0,4,429,24,47,0,0.9816829723527677,0.07356343607898982,success
726,2000,8,2,4.0,3.4000000000000012,0.01,0.6100000000000001,3.0,4,429,24,47,0,0.9816829723527677,0.07356343607898982,success
724,2000,8,2,4.0,3.4000000000000012,0.01,0.5900000000000001,3.0,4,429,24,47,0,0.9816829723527677,0.07356343607898982,success
727,2000,8,2,4.0,3.4000000000000012,0.01,0.6200000000000001,3.0,4,429,24,47,0,0.9816829723527677,0.07356343607898982,success
728,2000,8,2,4.0,3.4000000000000012,0.01,0.6300000000000001,3.0,4,429,24,47,0,0.9816829723527677,0.07356343607898982,success
729,2000,8,2,4.0,3.4000000000000012,0.01,0.6400000000000001,3.0,4,429,24,47,0,0.9816829723527677,0.07356343607898982,success
730,2000,8,2,4.0,3.4000000000000012,0.01,0.6500000000000001,3.0,4,429,24,47,0,0.9816829723527677,0.07356343607898982,success
731,2000,8,2,4.0,3.4000000000000012,0.01,0.6600000000000001,3.0,4,429,24,47,0,0.9816829723527677,0.07356343607898982,success
732,2000,8,2,4.0,3.4000000000000012,0.01,0.6700000000000002,3.0,4,429,24,47,0,0.9816829723527677,0.07356343607898982,success
733,2000,8,2,4.0,3.4000000000000012,0.01,0.6800000000000002,3.0,4,429,24,47,0,0.9816829723527677,0.07356343607898982,success
734,2000,8,2,4.0,3.4000000000000012,0.01,0.6900000000000002,3.0,4,429,24,47,0,0.9816829723527677,0.07356343607898982,success
735,2000,8,2,4.0,3.4000000000000012,0.01,0.7000000000000002,3.0,4,430,24,46,0,0.981284776099567,0.07432508662816376,success
736,2000,8,2,4.0,3.4000000000000012,0.01,0.7100000000000002,3.0,4,430,24,46,0,0.9787192987445937,0.08793368349313035,success
738,2000,8,2,4.0,3.4000000000000012,0.01,0.7300000000000002,3.0,4,430,24,46,0,0.9787192987445937,0.08793368349313035,success
737,2000,8,2,4.0,3.4000000000000012,0.01,0.7200000000000002,3.0,4,430,24,46,0,0.9787192987445937,0.08793368349313035,success
739,2000,8,2,4.0,3.4000000000000012,0.01,0.7400000000000002,3.0,4,430,24,46,0,0.9787192987445937,0.08793368349313035,success
741,2000,8,2,4.0,3.4000000000000012,0.01,0.7600000000000002,3.0,4,430,24,46,0,0.9787192987445937,0.08793368349313035,success
740,2000,8,2,4.0,3.4000000000000012,0.01,0.7500000000000002,3.0,4,430,24,46,0,0.9787192987445937,0.08793368349313035,success
742,2000,8,2,4.0,3.4000000000000012,0.01,0.7700000000000002,3.0,4,430,24,46,0,0.9787192987445937,0.08793368349313035,success
743,2000,8,2,4.0,3.4000000000000012,0.01,0.7800000000000002,3.0,4,431,24,45,0,0.9782463942722514,0.08886814021415905,success
745,2000,8,2,4.0,3.4000000000000012,0.01,0.8000000000000003,3.0,4,431,24,45,0,0.9782463942722514,0.08886814021415905,success
744,2000,8,2,4.0,3.4000000000000012,0.01,0.7900000000000003,3.0,4,431,24,45,0,0.9782463942722514,0.08886814021415905,success
746,2000,8,2,4.0,3.4000000000000012,0.01,0.8100000000000003,3.0,4,431,24,45,0,0.9782463942722514,0.08886814021415905,success
747,2000,8,2,4.0,3.4000000000000012,0.01,0.8200000000000003,3.0,4,431,24,45,0,0.9782463942722514,0.08886814021415905,success
748,2000,8,2,4.0,3.4000000000000012,0.01,0.8300000000000003,3.0,4,431,24,45,0,0.9782463942722514,0.08886814021415905,success
749,2000,8,2,4.0,3.4000000000000012,0.01,0.8400000000000003,3.0,4,431,24,45,0,0.9782463942722514,0.08886814021415905,success
750,2000,8,2,4.0,3.4000000000000012,0.01,0.8500000000000003,3.0,4,431,24,45,0,0.9782463942722514,0.08886814021415905,success
751,2000,8,2,4.0,3.4000000000000012,0.01,0.8600000000000003,3.0,4,431,24,45,0,0.9782463942722514,0.08886814021415905,success
752,2000,8,2,4.0,3.4000000000000012,0.01,0.8700000000000003,3.0,4,432,24,44,0,0.9891156305057116,0.051393206616917805,success
753,2000,8,2,4.0,3.4000000000000012,0.01,0.8800000000000003,3.0,4,432,24,44,0,0.9891156305057116,0.051393206616917805,success
754,2000,8,2,4.0,3.4000000000000012,0.01,0.8900000000000003,3.0,4,432,24,44,0,0.9891156305057116,0.051393206616917805,success
755,2000,8,2,4.0,3.4000000000000012,0.01,0.9000000000000004,3.0,4,432,24,44,0,0.9891156305057116,0.051393206616917805,success
756,2000,8,2,4.0,3.4000000000000012,0.01,0.9100000000000004,3.0,4,432,24,44,0,0.9891156305057116,0.051393206616917805,success
758,2000,8,2,4.0,3.4000000000000012,0.01,0.9300000000000004,3.0,4,433,24,43,0,0.9888625056337514,0.05197367188572108,success
757,2000,8,2,4.0,3.4000000000000012,0.01,0.9200000000000004,3.0,4,432,24,44,0,0.9891156305057116,0.051393206616917805,success
760,2000,8,2,4.0,3.4000000000000012,0.01,0.9500000000000004,3.0,4,433,24,43,0,0.9888625056337514,0.05197367188572108,success
759,2000,8,2,4.0,3.4000000000000012,0.01,0.9400000000000004,3.0,4,433,24,43,0,0.9888625056337514,0.05197367188572108,success
762,2000,8,2,4.0,3.4000000000000012,0.01,0.9700000000000004,3.0,4,433,24,43,0,0.9888625056337514,0.05197367188572108,success
761,2000,8,2,4.0,3.4000000000000012,0.01,0.9600000000000004,3.0,4,433,24,43,0,0.9888625056337514,0.05197367188572108,success
764,2000,8,2,4.0,3.4000000000000012,0.01,0.9900000000000004,3.0,4,433,24,43,0,0.9888625056337514,0.05197367188572108,success
763,2000,8,2,4.0,3.4000000000000012,0.01,0.9800000000000004,3.0,4,433,24,43,0,0.9888625056337514,0.05197367188572108,success
766,2000,8,2,4.0,3.5000000000000013,0.01,0.5,3.0,4,429,24,47,0,0.9898103774947088,0.0497618186448861,success
765,2000,8,2,4.0,3.4000000000000012,0.01,1.0000000000000004,3.0,4,433,24,43,0,0.9888625056337514,0.05197367188572108,success
767,2000,8,2,4.0,3.5000000000000013,0.01,0.51,3.0,4,429,24,47,0,0.9898103774947088,0.0497618186448861,success
768,2000,8,2,4.0,3.5000000000000013,0.01,0.52,3.0,4,429,24,47,0,0.9898103774947088,0.0497618186448861,success
769,2000,8,2,4.0,3.5000000000000013,0.01,0.53,3.0,4,429,24,47,0,0.9816829723527677,0.07356343607898982,success
770,2000,8,2,4.0,3.5000000000000013,0.01,0.54,3.0,4,429,24,47,0,0.9816829723527677,0.07356343607898982,success
771,2000,8,2,4.0,3.5000000000000013,0.01,0.55,3.0,4,429,24,47,0,0.9816829723527677,0.07356343607898982,success
772,2000,8,2,4.0,3.5000000000000013,0.01,0.56,3.0,4,429,24,47,0,0.9816829723527677,0.07356343607898982,success
773,2000,8,2,4.0,3.5000000000000013,0.01,0.5700000000000001,3.0,4,429,24,47,0,0.9816829723527677,0.07356343607898982,success
774,2000,8,2,4.0,3.5000000000000013,0.01,0.5800000000000001,3.0,4,429,24,47,0,0.9816829723527677,0.07356343607898982,success
775,2000,8,2,4.0,3.5000000000000013,0.01,0.5900000000000001,3.0,4,429,24,47,0,0.9816829723527677,0.07356343607898982,success
777,2000,8,2,4.0,3.5000000000000013,0.01,0.6100000000000001,3.0,4,429,24,47,0,0.9816829723527677,0.07356343607898982,success
776,2000,8,2,4.0,3.5000000000000013,0.01,0.6000000000000001,3.0,4,429,24,47,0,0.9816829723527677,0.07356343607898982,success
779,2000,8,2,4.0,3.5000000000000013,0.01,0.6300000000000001,3.0,4,429,24,47,0,0.9816829723527677,0.07356343607898982,success
778,2000,8,2,4.0,3.5000000000000013,0.01,0.6200000000000001,3.0,4,429,24,47,0,0.9816829723527677,0.07356343607898982,success
780,2000,8,2,4.0,3.5000000000000013,0.01,0.6400000000000001,3.0,4,429,24,47,0,0.9816829723527677,0.07356343607898982,success
781,2000,8,2,4.0,3.5000000000000013,0.01,0.6500000000000001,3.0,4,429,24,47,0,0.9816829723527677,0.07356343607898982,success
782,2000,8,2,4.0,3.5000000000000013,0.01,0.6600000000000001,3.0,4,429,24,47,0,0.9816829723527677,0.07356343607898982,success
783,2000,8,2,4.0,3.5000000000000013,0.01,0.6700000000000002,3.0,4,429,24,47,0,0.9816829723527677,0.07356343607898982,success
784,2000,8,2,4.0,3.5000000000000013,0.01,0.6800000000000002,3.0,4,429,24,47,0,0.9816829723527677,0.07356343607898982,success
785,2000,8,2,4.0,3.5000000000000013,0.01,0.6900000000000002,3.0,4,429,24,47,0,0.9816829723527677,0.07356343607898982,success
786,2000,8,2,4.0,3.5000000000000013,0.01,0.7000000000000002,3.0,4,430,24,46,0,0.981284776099567,0.07432508662816376,success
787,2000,8,2,4.0,3.5000000000000013,0.01,0.7100000000000002,3.0,4,430,24,46,0,0.9787192987445937,0.08793368349313035,success
790,2000,8,2,4.0,3.5000000000000013,0.01,0.7400000000000002,3.0,4,430,24,46,0,0.9787192987445937,0.08793368349313035,success
788,2000,8,2,4.0,3.5000000000000013,0.01,0.7200000000000002,3.0,4,430,24,46,0,0.9787192987445937,0.08793368349313035,success
791,2000,8,2,4.0,3.5000000000000013,0.01,0.7500000000000002,3.0,4,430,24,46,0,0.9787192987445937,0.08793368349313035,success
789,2000,8,2,4.0,3.5000000000000013,0.01,0.7300000000000002,3.0,4,430,24,46,0,0.9787192987445937,0.08793368349313035,success
792,2000,8,2,4.0,3.5000000000000013,0.01,0.7600000000000002,3.0,4,430,24,46,0,0.9787192987445937,0.08793368349313035,success
794,2000,8,2,4.0,3.5000000000000013,0.01,0.7800000000000002,3.0,4,431,24,45,0,0.9782463942722514,0.08886814021415905,success
793,2000,8,2,4.0,3.5000000000000013,0.01,0.7700000000000002,3.0,4,430,24,46,0,0.9787192987445937,0.08793368349313035,success
795,2000,8,2,4.0,3.5000000000000013,0.01,0.7900000000000003,3.0,4,431,24,45,0,0.9782463942722514,0.08886814021415905,success
796,2000,8,2,4.0,3.5000000000000013,0.01,0.8000000000000003,3.0,4,431,24,45,0,0.9782463942722514,0.08886814021415905,success
797,2000,8,2,4.0,3.5000000000000013,0.01,0.8100000000000003,3.0,4,431,24,45,0,0.9782463942722514,0.08886814021415905,success
798,2000,8,2,4.0,3.5000000000000013,0.01,0.8200000000000003,3.0,4,431,24,45,0,0.9782463942722514,0.08886814021415905,success
799,2000,8,2,4.0,3.5000000000000013,0.01,0.8300000000000003,3.0,4,431,24,45,0,0.9782463942722514,0.08886814021415905,success
800,2000,8,2,4.0,3.5000000000000013,0.01,0.8400000000000003,3.0,4,431,24,45,0,0.9782463942722514,0.08886814021415905,success
801,2000,8,2,4.0,3.5000000000000013,0.01,0.8500000000000003,3.0,4,431,24,45,0,0.9782463942722514,0.08886814021415905,success
802,2000,8,2,4.0,3.5000000000000013,0.01,0.8600000000000003,3.0,4,431,24,45,0,0.9782463942722514,0.08886814021415905,success
803,2000,8,2,4.0,3.5000000000000013,0.01,0.8700000000000003,3.0,4,432,24,44,0,0.9891156305057116,0.051393206616917805,success
804,2000,8,2,4.0,3.5000000000000013,0.01,0.8800000000000003,3.0,4,432,24,44,0,0.9891156305057116,0.051393206616917805,success
805,2000,8,2,4.0,3.5000000000000013,0.01,0.8900000000000003,3.0,4,432,24,44,0,0.9891156305057116,0.051393206616917805,success
806,2000,8,2,4.0,3.5000000000000013,0.01,0.9000000000000004,3.0,4,432,24,44,0,0.9891156305057116,0.051393206616917805,success
807,2000,8,2,4.0,3.5000000000000013,0.01,0.9100000000000004,3.0,4,432,24,44,0,0.9891156305057116,0.051393206616917805,success
808,2000,8,2,4.0,3.5000000000000013,0.01,0.9200000000000004,3.0,4,432,24,44,0,0.9891156305057116,0.051393206616917805,success
809,2000,8,2,4.0,3.5000000000000013,0.01,0.9300000000000004,3.0,4,433,24,43,0,0.9888625056337514,0.05197367188572108,success
810,2000,8,2,4.0,3.5000000000000013,0.01,0.9400000000000004,3.0,4,433,24,43,0,0.9888625056337514,0.05197367188572108,success
811,2000,8,2,4.0,3.5000000000000013,0.01,0.9500000000000004,3.0,4,433,24,43,0,0.9888625056337514,0.05197367188572108,success
812,2000,8,2,4.0,3.5000000000000013,0.01,0.9600000000000004,3.0,4,433,24,43,0,0.9888625056337514,0.05197367188572108,success
813,2000,8,2,4.0,3.5000000000000013,0.01,0.9700000000000004,3.0,4,433,24,43,0,0.9888625056337514,0.05197367188572108,success
814,2000,8,2,4.0,3.5000000000000013,0.01,0.9800000000000004,3.0,4,433,24,43,0,0.9888625056337514,0.05197367188572108,success
815,2000,8,2,4.0,3.5000000000000013,0.01,0.9900000000000004,3.0,4,433,24,43,0,0.9888625056337514,0.05197367188572108,success
816,2000,8,2,4.0,3.5000000000000013,0.01,1.0000000000000004,3.0,4,433,24,43,0,0.9888625056337514,0.05197367188572108,success
817,2000,8,2,4.0,3.6000000000000014,0.01,0.5,3.0,4,427,26,47,0,0.9898103774947088,0.0497618186448861,success
818,2000,8,2,4.0,3.6000000000000014,0.01,0.51,3.0,4,427,26,47,0,0.9898103774947088,0.0497618186448861,success
819,2000,8,2,4.0,3.6000000000000014,0.01,0.52,3.0,4,427,26,47,0,0.9898103774947088,0.0497618186448861,success
820,2000,8,2,4.0,3.6000000000000014,0.01,0.53,3.0,4,427,26,47,0,0.9816829723527677,0.07356343607898982,success
821,2000,8,2,4.0,3.6000000000000014,0.01,0.54,3.0,4,427,26,47,0,0.9816829723527677,0.07356343607898982,success
822,2000,8,2,4.0,3.6000000000000014,0.01,0.55,3.0,4,427,26,47,0,0.9816829723527677,0.07356343607898982,success
823,2000,8,2,4.0,3.6000000000000014,0.01,0.56,3.0,4,427,26,47,0,0.9816829723527677,0.07356343607898982,success
824,2000,8,2,4.0,3.6000000000000014,0.01,0.5700000000000001,3.0,4,427,26,47,0,0.9816829723527677,0.07356343607898982,success
825,2000,8,2,4.0,3.6000000000000014,0.01,0.5800000000000001,3.0,4,427,26,47,0,0.9816829723527677,0.07356343607898982,success
827,2000,8,2,4.0,3.6000000000000014,0.01,0.6000000000000001,3.0,4,427,26,47,0,0.9816829723527677,0.07356343607898982,success
826,2000,8,2,4.0,3.6000000000000014,0.01,0.5900000000000001,3.0,4,427,26,47,0,0.9816829723527677,0.07356343607898982,success
828,2000,8,2,4.0,3.6000000000000014,0.01,0.6100000000000001,3.0,4,427,26,47,0,0.9816829723527677,0.07356343607898982,success
829,2000,8,2,4.0,3.6000000000000014,0.01,0.6200000000000001,3.0,4,427,26,47,0,0.9816829723527677,0.07356343607898982,success
830,2000,8,2,4.0,3.6000000000000014,0.01,0.6300000000000001,3.0,4,427,26,47,0,0.9816829723527677,0.07356343607898982,success
831,2000,8,2,4.0,3.6000000000000014,0.01,0.6400000000000001,3.0,4,427,26,47,0,0.9816829723527677,0.07356343607898982,success
832,2000,8,2,4.0,3.6000000000000014,0.01,0.6500000000000001,3.0,4,427,26,47,0,0.9816829723527677,0.07356343607898982,success
833,2000,8,2,4.0,3.6000000000000014,0.01,0.6600000000000001,3.0,4,427,26,47,0,0.9816829723527677,0.07356343607898982,success
834,2000,8,2,4.0,3.6000000000000014,0.01,0.6700000000000002,3.0,4,427,26,47,0,0.9816829723527677,0.07356343607898982,success
835,2000,8,2,4.0,3.6000000000000014,0.01,0.6800000000000002,3.0,4,427,26,47,0,0.9816829723527677,0.07356343607898982,success
836,2000,8,2,4.0,3.6000000000000014,0.01,0.6900000000000002,3.0,4,427,26,47,0,0.9816829723527677,0.07356343607898982,success
837,2000,8,2,4.0,3.6000000000000014,0.01,0.7000000000000002,3.0,4,428,26,46,0,0.981284776099567,0.07432508662816376,success
838,2000,8,2,4.0,3.6000000000000014,0.01,0.7100000000000002,3.0,4,428,26,46,0,0.9787192987445937,0.08793368349313035,success
839,2000,8,2,4.0,3.6000000000000014,0.01,0.7200000000000002,3.0,4,428,26,46,0,0.9787192987445937,0.08793368349313035,success
840,2000,8,2,4.0,3.6000000000000014,0.01,0.7300000000000002,3.0,4,428,26,46,0,0.9787192987445937,0.08793368349313035,success
841,2000,8,2,4.0,3.6000000000000014,0.01,0.7400000000000002,3.0,4,428,26,46,0,0.9787192987445937,0.08793368349313035,success
842,2000,8,2,4.0,3.6000000000000014,0.01,0.7500000000000002,3.0,4,428,26,46,0,0.9787192987445937,0.08793368349313035,success
843,2000,8,2,4.0,3.6000000000000014,0.01,0.7600000000000002,3.0,4,428,26,46,0,0.9787192987445937,0.08793368349313035,success
844,2000,8,2,4.0,3.6000000000000014,0.01,0.7700000000000002,3.0,4,428,26,46,0,0.9787192987445937,0.08793368349313035,success
846,2000,8,2,4.0,3.6000000000000014,0.01,0.7900000000000003,3.0,4,429,26,45,0,0.9782463942722514,0.08886814021415905,success
845,2000,8,2,4.0,3.6000000000000014,0.01,0.7800000000000002,3.0,4,429,26,45,0,0.9782463942722514,0.08886814021415905,success
847,2000,8,2,4.0,3.6000000000000014,0.01,0.8000000000000003,3.0,4,429,26,45,0,0.9782463942722514,0.08886814021415905,success
848,2000,8,2,4.0,3.6000000000000014,0.01,0.8100000000000003,3.0,4,429,26,45,0,0.9782463942722514,0.08886814021415905,success
849,2000,8,2,4.0,3.6000000000000014,0.01,0.8200000000000003,3.0,4,429,26,45,0,0.9782463942722514,0.08886814021415905,success
850,2000,8,2,4.0,3.6000000000000014,0.01,0.8300000000000003,3.0,4,429,26,45,0,0.9782463942722514,0.08886814021415905,success
851,2000,8,2,4.0,3.6000000000000014,0.01,0.8400000000000003,3.0,4,429,26,45,0,0.9782463942722514,0.08886814021415905,success
852,2000,8,2,4.0,3.6000000000000014,0.01,0.8500000000000003,3.0,4,429,26,45,0,0.9782463942722514,0.08886814021415905,success
855,2000,8,2,4.0,3.6000000000000014,0.01,0.8800000000000003,3.0,4,430,26,44,0,0.9891156305057116,0.051393206616917805,success
854,2000,8,2,4.0,3.6000000000000014,0.01,0.8700000000000003,3.0,4,430,26,44,0,0.9891156305057116,0.051393206616917805,success
853,2000,8,2,4.0,3.6000000000000014,0.01,0.8600000000000003,3.0,4,429,26,45,0,0.9782463942722514,0.08886814021415905,success
856,2000,8,2,4.0,3.6000000000000014,0.01,0.8900000000000003,3.0,4,430,26,44,0,0.9891156305057116,0.051393206616917805,success
857,2000,8,2,4.0,3.6000000000000014,0.01,0.9000000000000004,3.0,4,430,26,44,0,0.9891156305057116,0.051393206616917805,success
858,2000,8,2,4.0,3.6000000000000014,0.01,0.9100000000000004,3.0,4,430,26,44,0,0.9891156305057116,0.051393206616917805,success
859,2000,8,2,4.0,3.6000000000000014,0.01,0.9200000000000004,3.0,4,430,26,44,0,0.9891156305057116,0.051393206616917805,success
860,2000,8,2,4.0,3.6000000000000014,0.01,0.9300000000000004,3.0,4,431,26,43,0,0.9888625056337514,0.05197367188572108,success
861,2000,8,2,4.0,3.6000000000000014,0.01,0.9400000000000004,3.0,4,431,26,43,0,0.9888625056337514,0.05197367188572108,success
862,2000,8,2,4.0,3.6000000000000014,0.01,0.9500000000000004,3.0,4,431,26,43,0,0.9888625056337514,0.05197367188572108,success
863,2000,8,2,4.0,3.6000000000000014,0.01,0.9600000000000004,3.0,4,431,26,43,0,0.9888625056337514,0.05197367188572108,success
864,2000,8,2,4.0,3.6000000000000014,0.01,0.9700000000000004,3.0,4,431,26,43,0,0.9888625056337514,0.05197367188572108,success
865,2000,8,2,4.0,3.6000000000000014,0.01,0.9800000000000004,3.0,4,431,26,43,0,0.9888625056337514,0.05197367188572108,success
866,2000,8,2,4.0,3.6000000000000014,0.01,0.9900000000000004,3.0,4,431,26,43,0,0.9888625056337514,0.05197367188572108,success
867,2000,8,2,4.0,3.6000000000000014,0.01,1.0000000000000004,3.0,4,431,26,43,0,0.9888625056337514,0.05197367188572108,success
868,2000,8,2,4.0,3.7000000000000015,0.01,0.5,3.0,4,427,26,47,0,0.9898103774947088,0.0497618186448861,success
869,2000,8,2,4.0,3.7000000000000015,0.01,0.51,3.0,4,427,26,47,0,0.9898103774947088,0.0497618186448861,success
870,2000,8,2,4.0,3.7000000000000015,0.01,0.52,3.0,4,427,26,47,0,0.9898103774947088,0.0497618186448861,success
871,2000,8,2,4.0,3.7000000000000015,0.01,0.53,3.0,4,427,26,47,0,0.9898103774947088,0.0497618186448861,success
872,2000,8,2,4.0,3.7000000000000015,0.01,0.54,3.0,4,427,26,47,0,0.9898103774947088,0.0497618186448861,success
873,2000,8,2,4.0,3.7000000000000015,0.01,0.55,3.0,4,427,26,47,0,0.9898103774947088,0.0497618186448861,success
874,2000,8,2,4.0,3.7000000000000015,0.01,0.56,3.0,4,427,26,47,0,0.9898103774947088,0.0497618186448861,success
875,2000,8,2,4.0,3.7000000000000015,0.01,0.5700000000000001,3.0,4,427,26,47,0,0.9898103774947088,0.0497618186448861,success
876,2000,8,2,4.0,3.7000000000000015,0.01,0.5800000000000001,3.0,4,427,26,47,0,0.9898103774947088,0.0497618186448861,success
877,2000,8,2,4.0,3.7000000000000015,0.01,0.5900000000000001,3.0,4,427,26,47,0,0.9898103774947088,0.0497618186448861,success
878,2000,8,2,4.0,3.7000000000000015,0.01,0.6000000000000001,3.0,4,427,26,47,0,0.9898103774947088,0.0497618186448861,success
879,2000,8,2,4.0,3.7000000000000015,0.01,0.6100000000000001,3.0,4,427,26,47,0,0.9898103774947088,0.0497618186448861,success
880,2000,8,2,4.0,3.7000000000000015,0.01,0.6200000000000001,3.0,4,427,26,47,0,0.9898103774947088,0.0497618186448861,success
881,2000,8,2,4.0,3.7000000000000015,0.01,0.6300000000000001,3.0,4,427,26,47,0,0.9898103774947088,0.0497618186448861,success
882,2000,8,2,4.0,3.7000000000000015,0.01,0.6400000000000001,3.0,4,427,26,47,0,0.9898103774947088,0.0497618186448861,success
883,2000,8,2,4.0,3.7000000000000015,0.01,0.6500000000000001,3.0,4,427,26,47,0,0.9898103774947088,0.0497618186448861,success
884,2000,8,2,4.0,3.7000000000000015,0.01,0.6600000000000001,3.0,4,427,26,47,0,0.9898103774947088,0.0497618186448861,success
885,2000,8,2,4.0,3.7000000000000015,0.01,0.6700000000000002,3.0,4,427,26,47,0,0.9898103774947088,0.0497618186448861,success
886,2000,8,2,4.0,3.7000000000000015,0.01,0.6800000000000002,3.0,4,427,26,47,0,0.9898103774947088,0.0497618186448861,success
887,2000,8,2,4.0,3.7000000000000015,0.01,0.6900000000000002,3.0,4,427,26,47,0,0.9898103774947088,0.0497618186448861,success
888,2000,8,2,4.0,3.7000000000000015,0.01,0.7000000000000002,3.0,4,427,26,47,0,0.9898103774947088,0.0497618186448861,success
889,2000,8,2,4.0,3.7000000000000015,0.01,0.7100000000000002,3.0,4,427,26,47,0,0.9898103774947088,0.0497618186448861,success
890,2000,8,2,4.0,3.7000000000000015,0.01,0.7200000000000002,3.0,4,427,26,47,0,0.9898103774947088,0.0497618186448861,success
891,2000,8,2,4.0,3.7000000000000015,0.01,0.7300000000000002,3.0,4,427,26,47,0,0.9898103774947088,0.0497618186448861,success
892,2000,8,2,4.0,3.7000000000000015,0.01,0.7400000000000002,3.0,4,427,26,47,0,0.9898103774947088,0.0497618186448861,success
893,2000,8,2,4.0,3.7000000000000015,0.01,0.7500000000000002,3.0,4,427,26,47,0,0.9898103774947088,0.0497618186448861,success
894,2000,8,2,4.0,3.7000000000000015,0.01,0.7600000000000002,3.0,4,427,26,47,0,0.9898103774947088,0.0497618186448861,success
895,2000,8,2,4.0,3.7000000000000015,0.01,0.7700000000000002,3.0,4,427,26,47,0,0.9898103774947088,0.0497618186448861,success
896,2000,8,2,4.0,3.7000000000000015,0.01,0.7800000000000002,3.0,4,428,26,46,0,0.989588863961985,0.05028825571241193,success
897,2000,8,2,4.0,3.7000000000000015,0.01,0.7900000000000003,3.0,4,428,26,46,0,0.989588863961985,0.05028825571241193,success
898,2000,8,2,4.0,3.7000000000000015,0.01,0.8000000000000003,3.0,4,428,26,46,0,0.989588863961985,0.05028825571241193,success
899,2000,8,2,4.0,3.7000000000000015,0.01,0.8100000000000003,3.0,4,428,26,46,0,0.989588863961985,0.05028825571241193,success
900,2000,8,2,4.0,3.7000000000000015,0.01,0.8200000000000003,3.0,4,428,26,46,0,0.989588863961985,0.05028825571241193,success
901,2000,8,2,4.0,3.7000000000000015,0.01,0.8300000000000003,3.0,4,428,26,46,0,0.989588863961985,0.05028825571241193,success
902,2000,8,2,4.0,3.7000000000000015,0.01,0.8400000000000003,3.0,4,428,26,46,0,0.989588863961985,0.05028825571241193,success
904,2000,8,2,4.0,3.7000000000000015,0.01,0.8600000000000003,3.0,4,428,26,46,0,0.989588863961985,0.05028825571241193,success
903,2000,8,2,4.0,3.7000000000000015,0.01,0.8500000000000003,3.0,4,428,26,46,0,0.989588863961985,0.05028825571241193,success
905,2000,8,2,4.0,3.7000000000000015,0.01,0.8700000000000003,3.0,4,428,26,46,0,0.989588863961985,0.05028825571241193,success
906,2000,8,2,4.0,3.7000000000000015,0.01,0.8800000000000003,3.0,4,428,26,46,0,0.989588863961985,0.05028825571241193,success
907,2000,8,2,4.0,3.7000000000000015,0.01,0.8900000000000003,3.0,4,428,26,46,0,0.989588863961985,0.05028825571241193,success
909,2000,8,2,4.0,3.7000000000000015,0.01,0.9100000000000004,3.0,4,428,26,46,0,0.989588863961985,0.05028825571241193,success
908,2000,8,2,4.0,3.7000000000000015,0.01,0.9000000000000004,3.0,4,428,26,46,0,0.989588863961985,0.05028825571241193,success
910,2000,8,2,4.0,3.7000000000000015,0.01,0.9200000000000004,3.0,4,428,26,46,0,0.989588863961985,0.05028825571241193,success
911,2000,8,2,4.0,3.7000000000000015,0.01,0.9300000000000004,3.0,4,428,26,46,0,0.989588863961985,0.05028825571241193,success
912,2000,8,2,4.0,3.7000000000000015,0.01,0.9400000000000004,3.0,4,428,26,46,0,0.989588863961985,0.05028825571241193,success
913,2000,8,2,4.0,3.7000000000000015,0.01,0.9500000000000004,3.0,4,428,26,46,0,0.989588863961985,0.05028825571241193,success
914,2000,8,2,4.0,3.7000000000000015,0.01,0.9600000000000004,3.0,4,428,26,46,0,0.989588863961985,0.05028825571241193,success
916,2000,8,2,4.0,3.7000000000000015,0.01,0.9800000000000004,3.0,4,428,26,46,0,0.989588863961985,0.05028825571241193,success
915,2000,8,2,4.0,3.7000000000000015,0.01,0.9700000000000004,3.0,4,428,26,46,0,0.989588863961985,0.05028825571241193,success
917,2000,8,2,4.0,3.7000000000000015,0.01,0.9900000000000004,3.0,4,428,26,46,0,0.989588863961985,0.05028825571241193,success
918,2000,8,2,4.0,3.7000000000000015,0.01,1.0000000000000004,3.0,4,428,26,46,0,0.989588863961985,0.05028825571241193,success
920,2000,8,2,4.0,3.8000000000000016,0.01,0.51,3.0,4,426,26,48,0,0.9900226612969023,0.049251555905422385,success
919,2000,8,2,4.0,3.8000000000000016,0.01,0.5,3.0,4,426,26,48,0,0.9900226612969023,0.049251555905422385,success
922,2000,8,2,4.0,3.8000000000000016,0.01,0.53,3.0,4,426,26,48,0,0.9900226612969023,0.049251555905422385,success
921,2000,8,2,4.0,3.8000000000000016,0.01,0.52,3.0,4,426,26,48,0,0.9900226612969023,0.049251555905422385,success
923,2000,8,2,4.0,3.8000000000000016,0.01,0.54,3.0,4,426,26,48,0,0.9900226612969023,0.049251555905422385,success
925,2000,8,2,4.0,3.8000000000000016,0.01,0.56,3.0,4,426,26,48,0,0.9900226612969023,0.049251555905422385,success
924,2000,8,2,4.0,3.8000000000000016,0.01,0.55,3.0,4,426,26,48,0,0.9900226612969023,0.049251555905422385,success
926,2000,8,2,4.0,3.8000000000000016,0.01,0.5700000000000001,3.0,4,426,26,48,0,0.9900226612969023,0.049251555905422385,success
927,2000,8,2,4.0,3.8000000000000016,0.01,0.5800000000000001,3.0,4,426,26,48,0,0.9900226612969023,0.049251555905422385,success
928,2000,8,2,4.0,3.8000000000000016,0.01,0.5900000000000001,3.0,4,426,26,48,0,0.9900226612969023,0.049251555905422385,success
929,2000,8,2,4.0,3.8000000000000016,0.01,0.6000000000000001,3.0,4,426,26,48,0,0.9900226612969023,0.049251555905422385,success
930,2000,8,2,4.0,3.8000000000000016,0.01,0.6100000000000001,3.0,4,426,26,48,0,0.9900226612969023,0.049251555905422385,success
931,2000,8,2,4.0,3.8000000000000016,0.01,0.6200000000000001,3.0,4,426,26,48,0,0.9900226612969023,0.049251555905422385,success
933,2000,8,2,4.0,3.8000000000000016,0.01,0.6400000000000001,3.0,4,426,26,48,0,0.9900226612969023,0.049251555905422385,success
932,2000,8,2,4.0,3.8000000000000016,0.01,0.6300000000000001,3.0,4,426,26,48,0,0.9900226612969023,0.049251555905422385,success
934,2000,8,2,4.0,3.8000000000000016,0.01,0.6500000000000001,3.0,4,426,26,48,0,0.9900226612969023,0.049251555905422385,success
935,2000,8,2,4.0,3.8000000000000016,0.01,0.6600000000000001,3.0,4,426,26,48,0,0.9900226612969023,0.049251555905422385,success
936,2000,8,2,4.0,3.8000000000000016,0.01,0.6700000000000002,3.0,4,426,26,48,0,0.9900226612969023,0.049251555905422385,success
938,2000,8,2,4.0,3.8000000000000016,0.01,0.6900000000000002,3.0,4,426,26,48,0,0.9900226612969023,0.049251555905422385,success
937,2000,8,2,4.0,3.8000000000000016,0.01,0.6800000000000002,3.0,4,426,26,48,0,0.9900226612969023,0.049251555905422385,success
939,2000,8,2,4.0,3.8000000000000016,0.01,0.7000000000000002,3.0,4,426,26,48,0,0.9900226612969023,0.049251555905422385,success
940,2000,8,2,4.0,3.8000000000000016,0.01,0.7100000000000002,3.0,4,426,26,48,0,0.9900226612969023,0.049251555905422385,success
941,2000,8,2,4.0,3.8000000000000016,0.01,0.7200000000000002,3.0,4,426,26,48,0,0.9900226612969023,0.049251555905422385,success
942,2000,8,2,4.0,3.8000000000000016,0.01,0.7300000000000002,3.0,4,426,26,48,0,0.9900226612969023,0.049251555905422385,success
943,2000,8,2,4.0,3.8000000000000016,0.01,0.7400000000000002,3.0,4,426,26,48,0,0.9900226612969023,0.049251555905422385,success
944,2000,8,2,4.0,3.8000000000000016,0.01,0.7500000000000002,3.0,4,426,26,48,0,0.9900226612969023,0.049251555905422385,success
946,2000,8,2,4.0,3.8000000000000016,0.01,0.7700000000000002,3.0,4,426,26,48,0,0.9900226612969023,0.049251555905422385,success
945,2000,8,2,4.0,3.8000000000000016,0.01,0.7600000000000002,3.0,4,426,26,48,0,0.9900226612969023,0.049251555905422385,success
947,2000,8,2,4.0,3.8000000000000016,0.01,0.7800000000000002,3.0,4,427,26,47,0,0.9898103774947088,0.049761818644886095,success
948,2000,8,2,4.0,3.8000000000000016,0.01,0.7900000000000003,3.0,4,427,26,47,0,0.9898103774947088,0.049761818644886095,success
949,2000,8,2,4.0,3.8000000000000016,0.01,0.8000000000000003,3.0,4,427,26,47,0,0.9898103774947088,0.049761818644886095,success
950,2000,8,2,4.0,3.8000000000000016,0.01,0.8100000000000003,3.0,4,427,26,47,0,0.9898103774947088,0.049761818644886095,success
951,2000,8,2,4.0,3.8000000000000016,0.01,0.8200000000000003,3.0,4,427,26,47,0,0.9898103774947088,0.049761818644886095,success
952,2000,8,2,4.0,3.8000000000000016,0.01,0.8300000000000003,3.0,4,427,26,47,0,0.9898103774947088,0.049761818644886095,success
954,2000,8,2,4.0,3.8000000000000016,0.01,0.8500000000000003,3.0,4,427,26,47,0,0.9898103774947088,0.049761818644886095,success
953,2000,8,2,4.0,3.8000000000000016,0.01,0.8400000000000003,3.0,4,427,26,47,0,0.9898103774947088,0.049761818644886095,success
955,2000,8,2,4.0,3.8000000000000016,0.01,0.8600000000000003,3.0,4,427,26,47,0,0.9898103774947088,0.049761818644886095,success
956,2000,8,2,4.0,3.8000000000000016,0.01,0.8700000000000003,3.0,4,427,26,47,0,0.9898103774947088,0.049761818644886095,success
957,2000,8,2,4.0,3.8000000000000016,0.01,0.8800000000000003,3.0,4,427,26,47,0,0.9898103774947088,0.049761818644886095,success
958,2000,8,2,4.0,3.8000000000000016,0.01,0.8900000000000003,3.0,4,427,26,47,0,0.9898103774947088,0.049761818644886095,success
959,2000,8,2,4.0,3.8000000000000016,0.01,0.9000000000000004,3.0,4,427,26,47,0,0.9898103774947088,0.049761818644886095,success
960,2000,8,2,4.0,3.8000000000000016,0.01,0.9100000000000004,3.0,4,427,26,47,0,0.9898103774947088,0.049761818644886095,success
961,2000,8,2,4.0,3.8000000000000016,0.01,0.9200000000000004,3.0,4,427,26,47,0,0.9898103774947088,0.049761818644886095,success
962,2000,8,2,4.0,3.8000000000000016,0.01,0.9300000000000004,3.0,4,427,26,47,0,0.9898103774947088,0.049761818644886095,success
963,2000,8,2,4.0,3.8000000000000016,0.01,0.9400000000000004,3.0,4,427,26,47,0,0.9898103774947088,0.049761818644886095,success
965,2000,8,2,4.0,3.8000000000000016,0.01,0.9600000000000004,3.0,4,427,26,47,0,0.9898103774947088,0.049761818644886095,success
964,2000,8,2,4.0,3.8000000000000016,0.01,0.9500000000000004,3.0,4,427,26,47,0,0.9898103774947088,0.049761818644886095,success
966,2000,8,2,4.0,3.8000000000000016,0.01,0.9700000000000004,3.0,4,427,26,47,0,0.9898103774947088,0.049761818644886095,success
967,2000,8,2,4.0,3.8000000000000016,0.01,0.9800000000000004,3.0,4,427,26,47,0,0.9898103774947088,0.049761818644886095,success
969,2000,8,2,4.0,3.8000000000000016,0.01,1.0000000000000004,3.0,4,427,26,47,0,0.9898103774947088,0.049761818644886095,success
968,2000,8,2,4.0,3.8000000000000016,0.01,0.9900000000000004,3.0,4,427,26,47,0,0.9898103774947088,0.049761818644886095,success
970,2000,8,2,4.0,3.9000000000000017,0.01,0.5,3.0,4,420,32,48,0,0.9900226612969023,0.049251555905422385,success
971,2000,8,2,4.0,3.9000000000000017,0.01,0.51,3.0,4,420,32,48,0,0.9900226612969023,0.049251555905422385,success
972,2000,8,2,4.0,3.9000000000000017,0.01,0.52,3.0,4,420,32,48,0,0.9900226612969023,0.049251555905422385,success
973,2000,8,2,4.0,3.9000000000000017,0.01,0.53,3.0,4,420,32,48,0,0.9900226612969023,0.049251555905422385,success
974,2000,8,2,4.0,3.9000000000000017,0.01,0.54,3.0,4,420,32,48,0,0.9900226612969023,0.049251555905422385,success
975,2000,8,2,4.0,3.9000000000000017,0.01,0.55,3.0,4,420,32,48,0,0.9900226612969023,0.049251555905422385,success
976,2000,8,2,4.0,3.9000000000000017,0.01,0.56,3.0,4,420,32,48,0,0.9900226612969023,0.049251555905422385,success
977,2000,8,2,4.0,3.9000000000000017,0.01,0.5700000000000001,3.0,4,420,32,48,0,0.9900226612969023,0.049251555905422385,success
978,2000,8,2,4.0,3.9000000000000017,0.01,0.5800000000000001,3.0,4,420,32,48,0,0.9900226612969023,0.049251555905422385,success
979,2000,8,2,4.0,3.9000000000000017,0.01,0.5900000000000001,3.0,4,420,32,48,0,0.9900226612969023,0.049251555905422385,success
980,2000,8,2,4.0,3.9000000000000017,0.01,0.6000000000000001,3.0,4,420,32,48,0,0.9900226612969023,0.049251555905422385,success
981,2000,8,2,4.0,3.9000000000000017,0.01,0.6100000000000001,3.0,4,420,32,48,0,0.9900226612969023,0.049251555905422385,success
982,2000,8,2,4.0,3.9000000000000017,0.01,0.6200000000000001,3.0,4,420,32,48,0,0.9900226612969023,0.049251555905422385,success
983,2000,8,2,4.0,3.9000000000000017,0.01,0.6300000000000001,3.0,4,420,32,48,0,0.9900226612969023,0.049251555905422385,success
984,2000,8,2,4.0,3.9000000000000017,0.01,0.6400000000000001,3.0,4,420,32,48,0,0.9900226612969023,0.049251555905422385,success
985,2000,8,2,4.0,3.9000000000000017,0.01,0.6500000000000001,3.0,4,420,32,48,0,0.9900226612969023,0.049251555905422385,success
986,2000,8,2,4.0,3.9000000000000017,0.01,0.6600000000000001,3.0,4,420,32,48,0,0.9900226612969023,0.049251555905422385,success
987,2000,8,2,4.0,3.9000000000000017,0.01,0.6700000000000002,3.0,4,420,32,48,0,0.9900226612969023,0.049251555905422385,success
988,2000,8,2,4.0,3.9000000000000017,0.01,0.6800000000000002,3.0,4,420,32,48,0,0.9900226612969023,0.049251555905422385,success
989,2000,8,2,4.0,3.9000000000000017,0.01,0.6900000000000002,3.0,4,420,32,48,0,0.9900226612969023,0.049251555905422385,success
990,2000,8,2,4.0,3.9000000000000017,0.01,0.7000000000000002,3.0,4,420,32,48,0,0.9900226612969023,0.049251555905422385,success
991,2000,8,2,4.0,3.9000000000000017,0.01,0.7100000000000002,3.0,4,420,32,48,0,0.9900226612969023,0.049251555905422385,success
992,2000,8,2,4.0,3.9000000000000017,0.01,0.7200000000000002,3.0,4,420,32,48,0,0.9900226612969023,0.049251555905422385,success
993,2000,8,2,4.0,3.9000000000000017,0.01,0.7300000000000002,3.0,4,420,32,48,0,0.9900226612969023,0.049251555905422385,success
994,2000,8,2,4.0,3.9000000000000017,0.01,0.7400000000000002,3.0,4,420,32,48,0,0.9900226612969023,0.049251555905422385,success
995,2000,8,2,4.0,3.9000000000000017,0.01,0.7500000000000002,3.0,4,420,32,48,0,0.9900226612969023,0.049251555905422385,success
996,2000,8,2,4.0,3.9000000000000017,0.01,0.7600000000000002,3.0,4,420,32,48,0,0.9900226612969023,0.049251555905422385,success
997,2000,8,2,4.0,3.9000000000000017,0.01,0.7700000000000002,3.0,4,420,32,48,0,0.9900226612969023,0.049251555905422385,success
998,2000,8,2,4.0,3.9000000000000017,0.01,0.7800000000000002,3.0,4,420,32,48,0,0.9900226612969023,0.049251555905422385,success
1000,2000,8,2,4.0,3.9000000000000017,0.01,0.8000000000000003,3.0,4,420,32,48,0,0.9900226612969023,0.049251555905422385,success
999,2000,8,2,4.0,3.9000000000000017,0.01,0.7900000000000003,3.0,4,420,32,48,0,0.9900226612969023,0.049251555905422385,success
1001,2000,8,2,4.0,3.9000000000000017,0.01,0.8100000000000003,3.0,4,420,32,48,0,0.9900226612969023,0.049251555905422385,success
1003,2000,8,2,4.0,3.9000000000000017,0.01,0.8300000000000003,3.0,4,420,32,48,0,0.9900226612969023,0.049251555905422385,success
1002,2000,8,2,4.0,3.9000000000000017,0.01,0.8200000000000003,3.0,4,420,32,48,0,0.9900226612969023,0.049251555905422385,success
1004,2000,8,2,4.0,3.9000000000000017,0.01,0.8400000000000003,3.0,4,420,32,48,0,0.9900226612969023,0.049251555905422385,success
1005,2000,8,2,4.0,3.9000000000000017,0.01,0.8500000000000003,3.0,4,420,32,48,0,0.9900226612969023,0.049251555905422385,success
1006,2000,8,2,4.0,3.9000000000000017,0.01,0.8600000000000003,3.0,4,420,32,48,0,0.9900226612969023,0.049251555905422385,success
1007,2000,8,2,4.0,3.9000000000000017,0.01,0.8700000000000003,3.0,4,420,32,48,0,0.9900226612969023,0.049251555905422385,success
1008,2000,8,2,4.0,3.9000000000000017,0.01,0.8800000000000003,3.0,4,420,32,48,0,0.9900226612969023,0.049251555905422385,success
1009,2000,8,2,4.0,3.9000000000000017,0.01,0.8900000000000003,3.0,4,420,32,48,0,0.9900226612969023,0.049251555905422385,success
1011,2000,8,2,4.0,3.9000000000000017,0.01,0.9100000000000004,3.0,4,420,32,48,0,0.9900226612969023,0.049251555905422385,success
1010,2000,8,2,4.0,3.9000000000000017,0.01,0.9000000000000004,3.0,4,420,32,48,0,0.9900226612969023,0.049251555905422385,success
1012,2000,8,2,4.0,3.9000000000000017,0.01,0.9200000000000004,3.0,4,420,32,48,0,0.9900226612969023,0.049251555905422385,success
1013,2000,8,2,4.0,3.9000000000000017,0.01,0.9300000000000004,3.0,4,420,32,48,0,0.9900226612969023,0.049251555905422385,success
1014,2000,8,2,4.0,3.9000000000000017,0.01,0.9400000000000004,3.0,4,420,32,48,0,0.9900226612969023,0.049251555905422385,success
1015,2000,8,2,4.0,3.9000000000000017,0.01,0.9500000000000004,3.0,4,420,32,48,0,0.9900226612969023,0.049251555905422385,success
1016,2000,8,2,4.0,3.9000000000000017,0.01,0.9600000000000004,3.0,4,420,32,48,0,0.9900226612969023,0.049251555905422385,success
1017,2000,8,2,4.0,3.9000000000000017,0.01,0.9700000000000004,3.0,4,420,32,48,0,0.9900226612969023,0.049251555905422385,success
1018,2000,8,2,4.0,3.9000000000000017,0.01,0.9800000000000004,3.0,4,420,32,48,0,0.9900226612969023,0.049251555905422385,success
1020,2000,8,2,4.0,3.9000000000000017,0.01,1.0000000000000004,3.0,4,420,32,48,0,0.9900226612969023,0.049251555905422385,success
1019,2000,8,2,4.0,3.9000000000000017,0.01,0.9900000000000004,3.0,4,420,32,48,0,0.9900226612969023,0.049251555905422385,success
1022,2000,8,2,4.0,4.000000000000002,0.01,0.51,3.0,5,400,42,58,0,1.0,0.0,success
1021,2000,8,2,4.0,4.000000000000002,0.01,0.5,3.0,5,400,42,58,0,1.0,0.0,success
1023,2000,8,2,4.0,4.000000000000002,0.01,0.52,3.0,5,400,42,58,0,1.0,0.0,success
1024,2000,8,2,4.0,4.000000000000002,0.01,0.53,3.0,5,400,42,58,0,1.0,0.0,success
1025,2000,8,2,4.0,4.000000000000002,0.01,0.54,3.0,5,400,42,58,0,1.0,0.0,success
1026,2000,8,2,4.0,4.000000000000002,0.01,0.55,3.0,5,400,42,58,0,1.0,0.0,success
1027,2000,8,2,4.0,4.000000000000002,0.01,0.56,3.0,5,400,42,58,0,1.0,0.0,success
1028,2000,8,2,4.0,4.000000000000002,0.01,0.5700000000000001,3.0,5,400,42,58,0,1.0,0.0,success
1029,2000,8,2,4.0,4.000000000000002,0.01,0.5800000000000001,3.0,5,400,42,58,0,1.0,0.0,success
1030,2000,8,2,4.0,4.000000000000002,0.01,0.5900000000000001,3.0,5,400,42,58,0,1.0,0.0,success
1031,2000,8,2,4.0,4.000000000000002,0.01,0.6000000000000001,3.0,5,400,42,58,0,1.0,0.0,success
1032,2000,8,2,4.0,4.000000000000002,0.01,0.6100000000000001,3.0,5,400,42,58,0,1.0,0.0,success
1033,2000,8,2,4.0,4.000000000000002,0.01,0.6200000000000001,3.0,5,400,42,58,0,1.0,0.0,success
1036,2000,8,2,4.0,4.000000000000002,0.01,0.6500000000000001,3.0,5,400,42,58,0,1.0,0.0,success
1034,2000,8,2,4.0,4.000000000000002,0.01,0.6300000000000001,3.0,5,400,42,58,0,1.0,0.0,success
1035,2000,8,2,4.0,4.000000000000002,0.01,0.6400000000000001,3.0,5,400,42,58,0,1.0,0.0,success
1037,2000,8,2,4.0,4.000000000000002,0.01,0.6600000000000001,3.0,5,400,42,58,0,1.0,0.0,success
1038,2000,8,2,4.0,4.000000000000002,0.01,0.6700000000000002,3.0,5,400,42,58,0,1.0,0.0,success
1039,2000,8,2,4.0,4.000000000000002,0.01,0.6800000000000002,3.0,5,400,42,58,0,1.0,0.0,success
1040,2000,8,2,4.0,4.000000000000002,0.01,0.6900000000000002,3.0,5,400,42,58,0,1.0,0.0,success
1041,2000,8,2,4.0,4.000000000000002,0.01,0.7000000000000002,3.0,5,400,42,58,0,1.0,0.0,success
1042,2000,8,2,4.0,4.000000000000002,0.01,0.7100000000000002,3.0,5,400,42,58,0,1.0,0.0,success
1043,2000,8,2,4.0,4.000000000000002,0.01,0.7200000000000002,3.0,5,400,42,58,0,1.0,0.0,success
1044,2000,8,2,4.0,4.000000000000002,0.01,0.7300000000000002,3.0,5,400,42,58,0,1.0,0.0,success
1045,2000,8,2,4.0,4.000000000000002,0.01,0.7400000000000002,3.0,5,400,42,58,0,1.0,0.0,success
1046,2000,8,2,4.0,4.000000000000002,0.01,0.7500000000000002,3.0,5,400,42,58,0,1.0,0.0,success
1047,2000,8,2,4.0,4.000000000000002,0.01,0.7600000000000002,3.0,5,400,42,58,0,1.0,0.0,success
1048,2000,8,2,4.0,4.000000000000002,0.01,0.7700000000000002,3.0,5,400,42,58,0,1.0,0.0,success
1049,2000,8,2,4.0,4.000000000000002,0.01,0.7800000000000002,3.0,5,400,42,58,0,1.0,0.0,success
1050,2000,8,2,4.0,4.000000000000002,0.01,0.7900000000000003,3.0,5,400,42,58,0,1.0,0.0,success
1051,2000,8,2,4.0,4.000000000000002,0.01,0.8000000000000003,3.0,5,400,42,58,0,1.0,0.0,success
1052,2000,8,2,4.0,4.000000000000002,0.01,0.8100000000000003,3.0,5,400,42,58,0,1.0,0.0,success
1053,2000,8,2,4.0,4.000000000000002,0.01,0.8200000000000003,3.0,5,400,42,58,0,1.0,0.0,success
1054,2000,8,2,4.0,4.000000000000002,0.01,0.8300000000000003,3.0,5,400,42,58,0,1.0,0.0,success
1055,2000,8,2,4.0,4.000000000000002,0.01,0.8400000000000003,3.0,5,400,42,58,0,1.0,0.0,success
1056,2000,8,2,4.0,4.000000000000002,0.01,0.8500000000000003,3.0,5,400,42,58,0,1.0,0.0,success
1057,2000,8,2,4.0,4.000000000000002,0.01,0.8600000000000003,3.0,5,400,42,58,0,1.0,0.0,success
1058,2000,8,2,4.0,4.000000000000002,0.01,0.8700000000000003,3.0,5,400,42,58,0,1.0,0.0,success
1059,2000,8,2,4.0,4.000000000000002,0.01,0.8800000000000003,3.0,5,400,42,58,0,1.0,0.0,success
1061,2000,8,2,4.0,4.000000000000002,0.01,0.9000000000000004,3.0,5,400,42,58,0,1.0,0.0,success
1060,2000,8,2,4.0,4.000000000000002,0.01,0.8900000000000003,3.0,5,400,42,58,0,1.0,0.0,success
1062,2000,8,2,4.0,4.000000000000002,0.01,0.9100000000000004,3.0,5,400,42,58,0,1.0,0.0,success
1063,2000,8,2,4.0,4.000000000000002,0.01,0.9200000000000004,3.0,5,400,42,58,0,1.0,0.0,success
1064,2000,8,2,4.0,4.000000000000002,0.01,0.9300000000000004,3.0,5,400,42,58,0,1.0,0.0,success
1065,2000,8,2,4.0,4.000000000000002,0.01,0.9400000000000004,3.0,5,400,42,58,0,1.0,0.0,success
1066,2000,8,2,4.0,4.000000000000002,0.01,0.9500000000000004,3.0,5,400,42,58,0,1.0,0.0,success
1067,2000,8,2,4.0,4.000000000000002,0.01,0.9600000000000004,3.0,5,400,42,58,0,1.0,0.0,success
1068,2000,8,2,4.0,4.000000000000002,0.01,0.9700000000000004,3.0,5,400,42,58,0,1.0,0.0,success
1069,2000,8,2,4.0,4.000000000000002,0.01,0.9800000000000004,3.0,5,400,42,58,0,1.0,0.0,success
1070,2000,8,2,4.0,4.000000000000002,0.01,0.9900000000000004,3.0,5,400,42,58,0,1.0,0.0,success
1071,2000,8,2,4.0,4.000000000000002,0.01,1.0000000000000004,3.0,5,400,42,58,0,1.0,0.0,success
1072,2000,8,2,4.0,4.100000000000001,0.01,0.5,3.0,5,400,42,58,0,1.0,0.0,success
1073,2000,8,2,4.0,4.100000000000001,0.01,0.51,3.0,5,400,42,58,0,1.0,0.0,success
1074,2000,8,2,4.0,4.100000000000001,0.01,0.52,3.0,5,400,42,58,0,1.0,0.0,success
1075,2000,8,2,4.0,4.100000000000001,0.01,0.53,3.0,5,400,42,58,0,1.0,0.0,success
1076,2000,8,2,4.0,4.100000000000001,0.01,0.54,3.0,5,400,42,58,0,1.0,0.0,success
1077,2000,8,2,4.0,4.100000000000001,0.01,0.55,3.0,5,400,42,58,0,1.0,0.0,success
1078,2000,8,2,4.0,4.100000000000001,0.01,0.56,3.0,5,400,42,58,0,1.0,0.0,success
1079,2000,8,2,4.0,4.100000000000001,0.01,0.5700000000000001,3.0,5,400,42,58,0,1.0,0.0,success
1080,2000,8,2,4.0,4.100000000000001,0.01,0.5800000000000001,3.0,5,400,42,58,0,1.0,0.0,success
1083,2000,8,2,4.0,4.100000000000001,0.01,0.6100000000000001,3.0,5,400,42,58,0,1.0,0.0,success
1082,2000,8,2,4.0,4.100000000000001,0.01,0.6000000000000001,3.0,5,400,42,58,0,1.0,0.0,success
1081,2000,8,2,4.0,4.100000000000001,0.01,0.5900000000000001,3.0,5,400,42,58,0,1.0,0.0,success
1084,2000,8,2,4.0,4.100000000000001,0.01,0.6200000000000001,3.0,5,400,42,58,0,1.0,0.0,success
1085,2000,8,2,4.0,4.100000000000001,0.01,0.6300000000000001,3.0,5,400,42,58,0,1.0,0.0,success
1087,2000,8,2,4.0,4.100000000000001,0.01,0.6500000000000001,3.0,5,400,42,58,0,1.0,0.0,success
1086,2000,8,2,4.0,4.100000000000001,0.01,0.6400000000000001,3.0,5,400,42,58,0,1.0,0.0,success
1088,2000,8,2,4.0,4.100000000000001,0.01,0.6600000000000001,3.0,5,400,42,58,0,1.0,0.0,success
1089,2000,8,2,4.0,4.100000000000001,0.01,0.6700000000000002,3.0,5,400,42,58,0,1.0,0.0,success
1090,2000,8,2,4.0,4.100000000000001,0.01,0.6800000000000002,3.0,5,400,42,58,0,1.0,0.0,success
1091,2000,8,2,4.0,4.100000000000001,0.01,0.6900000000000002,3.0,5,400,42,58,0,1.0,0.0,success
1092,2000,8,2,4.0,4.100000000000001,0.01,0.7000000000000002,3.0,5,400,42,58,0,1.0,0.0,success
1093,2000,8,2,4.0,4.100000000000001,0.01,0.7100000000000002,3.0,5,400,42,58,0,1.0,0.0,success
1094,2000,8,2,4.0,4.100000000000001,0.01,0.7200000000000002,3.0,5,400,42,58,0,1.0,0.0,success
1095,2000,8,2,4.0,4.100000000000001,0.01,0.7300000000000002,3.0,5,400,42,58,0,1.0,0.0,success
1096,2000,8,2,4.0,4.100000000000001,0.01,0.7400000000000002,3.0,5,400,42,58,0,1.0,0.0,success
1098,2000,8,2,4.0,4.100000000000001,0.01,0.7600000000000002,3.0,5,400,42,58,0,1.0,0.0,success
1097,2000,8,2,4.0,4.100000000000001,0.01,0.7500000000000002,3.0,5,400,42,58,0,1.0,0.0,success
1100,2000,8,2,4.0,4.100000000000001,0.01,0.7800000000000002,3.0,5,400,42,58,0,1.0,0.0,success
1099,2000,8,2,4.0,4.100000000000001,0.01,0.7700000000000002,3.0,5,400,42,58,0,1.0,0.0,success
1101,2000,8,2,4.0,4.100000000000001,0.01,0.7900000000000003,3.0,5,400,42,58,0,1.0,0.0,success
1102,2000,8,2,4.0,4.100000000000001,0.01,0.8000000000000003,3.0,5,400,42,58,0,1.0,0.0,success
1103,2000,8,2,4.0,4.100000000000001,0.01,0.8100000000000003,3.0,5,400,42,58,0,1.0,0.0,success
1104,2000,8,2,4.0,4.100000000000001,0.01,0.8200000000000003,3.0,5,400,42,58,0,1.0,0.0,success
1105,2000,8,2,4.0,4.100000000000001,0.01,0.8300000000000003,3.0,5,400,42,58,0,1.0,0.0,success
1107,2000,8,2,4.0,4.100000000000001,0.01,0.8500000000000003,3.0,5,400,42,58,0,1.0,0.0,success
1106,2000,8,2,4.0,4.100000000000001,0.01,0.8400000000000003,3.0,5,400,42,58,0,1.0,0.0,success
1108,2000,8,2,4.0,4.100000000000001,0.01,0.8600000000000003,3.0,5,400,42,58,0,1.0,0.0,success
1109,2000,8,2,4.0,4.100000000000001,0.01,0.8700000000000003,3.0,5,400,42,58,0,1.0,0.0,success
1110,2000,8,2,4.0,4.100000000000001,0.01,0.8800000000000003,3.0,5,400,42,58,0,1.0,0.0,success
1111,2000,8,2,4.0,4.100000000000001,0.01,0.8900000000000003,3.0,5,400,42,58,0,1.0,0.0,success
1113,2000,8,2,4.0,4.100000000000001,0.01,0.9100000000000004,3.0,5,400,42,58,0,1.0,0.0,success
1114,2000,8,2,4.0,4.100000000000001,0.01,0.9200000000000004,3.0,5,400,42,58,0,1.0,0.0,success
1112,2000,8,2,4.0,4.100000000000001,0.01,0.9000000000000004,3.0,5,400,42,58,0,1.0,0.0,success
1115,2000,8,2,4.0,4.100000000000001,0.01,0.9300000000000004,3.0,5,400,42,58,0,1.0,0.0,success
1116,2000,8,2,4.0,4.100000000000001,0.01,0.9400000000000004,3.0,5,400,42,58,0,1.0,0.0,success
1118,2000,8,2,4.0,4.100000000000001,0.01,0.9600000000000004,3.0,5,400,42,58,0,1.0,0.0,success
1117,2000,8,2,4.0,4.100000000000001,0.01,0.9500000000000004,3.0,5,400,42,58,0,1.0,0.0,success
1119,2000,8,2,4.0,4.100000000000001,0.01,0.9700000000000004,3.0,5,400,42,58,0,1.0,0.0,success
1120,2000,8,2,4.0,4.100000000000001,0.01,0.9800000000000004,3.0,5,400,42,58,0,1.0,0.0,success
1121,2000,8,2,4.0,4.100000000000001,0.01,0.9900000000000004,3.0,5,400,42,58,0,1.0,0.0,success
1122,2000,8,2,4.0,4.100000000000001,0.01,1.0000000000000004,3.0,5,400,42,58,0,1.0,0.0,success
1123,2000,8,2,4.0,4.200000000000002,0.01,0.5,3.0,5,400,42,58,0,1.0,0.0,success
1124,2000,8,2,4.0,4.200000000000002,0.01,0.51,3.0,5,400,42,58,0,1.0,0.0,success
1125,2000,8,2,4.0,4.200000000000002,0.01,0.52,3.0,5,400,42,58,0,1.0,0.0,success
1126,2000,8,2,4.0,4.200000000000002,0.01,0.53,3.0,5,400,42,58,0,1.0,0.0,success
1127,2000,8,2,4.0,4.200000000000002,0.01,0.54,3.0,5,400,42,58,0,1.0,0.0,success
1128,2000,8,2,4.0,4.200000000000002,0.01,0.55,3.0,5,400,42,58,0,1.0,0.0,success
1129,2000,8,2,4.0,4.200000000000002,0.01,0.56,3.0,5,400,42,58,0,1.0,0.0,success
1130,2000,8,2,4.0,4.200000000000002,0.01,0.5700000000000001,3.0,5,400,42,58,0,1.0,0.0,success
1131,2000,8,2,4.0,4.200000000000002,0.01,0.5800000000000001,3.0,5,400,42,58,0,1.0,0.0,success
1132,2000,8,2,4.0,4.200000000000002,0.01,0.5900000000000001,3.0,5,400,42,58,0,1.0,0.0,success
1133,2000,8,2,4.0,4.200000000000002,0.01,0.6000000000000001,3.0,5,400,42,58,0,1.0,0.0,success
1134,2000,8,2,4.0,4.200000000000002,0.01,0.6100000000000001,3.0,5,400,42,58,0,1.0,0.0,success
1135,2000,8,2,4.0,4.200000000000002,0.01,0.6200000000000001,3.0,5,400,42,58,0,1.0,0.0,success
1136,2000,8,2,4.0,4.200000000000002,0.01,0.6300000000000001,3.0,5,400,42,58,0,1.0,0.0,success
1137,2000,8,2,4.0,4.200000000000002,0.01,0.6400000000000001,3.0,5,400,42,58,0,1.0,0.0,success
1139,2000,8,2,4.0,4.200000000000002,0.01,0.6600000000000001,3.0,5,400,42,58,0,1.0,0.0,success
1138,2000,8,2,4.0,4.200000000000002,0.01,0.6500000000000001,3.0,5,400,42,58,0,1.0,0.0,success
1140,2000,8,2,4.0,4.200000000000002,0.01,0.6700000000000002,3.0,5,400,42,58,0,1.0,0.0,success
1141,2000,8,2,4.0,4.200000000000002,0.01,0.6800000000000002,3.0,5,400,42,58,0,1.0,0.0,success
1142,2000,8,2,4.0,4.200000000000002,0.01,0.6900000000000002,3.0,5,400,42,58,0,1.0,0.0,success
1143,2000,8,2,4.0,4.200000000000002,0.01,0.7000000000000002,3.0,5,400,42,58,0,1.0,0.0,success
1144,2000,8,2,4.0,4.200000000000002,0.01,0.7100000000000002,3.0,5,400,42,58,0,1.0,0.0,success
1145,2000,8,2,4.0,4.200000000000002,0.01,0.7200000000000002,3.0,5,400,42,58,0,1.0,0.0,success
1146,2000,8,2,4.0,4.200000000000002,0.01,0.7300000000000002,3.0,5,400,42,58,0,1.0,0.0,success
1149,2000,8,2,4.0,4.200000000000002,0.01,0.7600000000000002,3.0,5,400,42,58,0,1.0,0.0,success
1147,2000,8,2,4.0,4.200000000000002,0.01,0.7400000000000002,3.0,5,400,42,58,0,1.0,0.0,success
1148,2000,8,2,4.0,4.200000000000002,0.01,0.7500000000000002,3.0,5,400,42,58,0,1.0,0.0,success
1150,2000,8,2,4.0,4.200000000000002,0.01,0.7700000000000002,3.0,5,400,42,58,0,1.0,0.0,success
1151,2000,8,2,4.0,4.200000000000002,0.01,0.7800000000000002,3.0,5,400,42,58,0,1.0,0.0,success
1152,2000,8,2,4.0,4.200000000000002,0.01,0.7900000000000003,3.0,5,400,42,58,0,1.0,0.0,success
1153,2000,8,2,4.0,4.200000000000002,0.01,0.8000000000000003,3.0,5,400,42,58,0,1.0,0.0,success
1154,2000,8,2,4.0,4.200000000000002,0.01,0.8100000000000003,3.0,5,400,42,58,0,1.0,0.0,success
1156,2000,8,2,4.0,4.200000000000002,0.01,0.8300000000000003,3.0,5,400,42,58,0,1.0,0.0,success
1155,2000,8,2,4.0,4.200000000000002,0.01,0.8200000000000003,3.0,5,400,42,58,0,1.0,0.0,success
1157,2000,8,2,4.0,4.200000000000002,0.01,0.8400000000000003,3.0,5,400,42,58,0,1.0,0.0,success
1158,2000,8,2,4.0,4.200000000000002,0.01,0.8500000000000003,3.0,5,400,42,58,0,1.0,0.0,success
1159,2000,8,2,4.0,4.200000000000002,0.01,0.8600000000000003,3.0,5,400,42,58,0,1.0,0.0,success
1161,2000,8,2,4.0,4.200000000000002,0.01,0.8800000000000003,3.0,5,400,42,58,0,1.0,0.0,success
1160,2000,8,2,4.0,4.200000000000002,0.01,0.8700000000000003,3.0,5,400,42,58,0,1.0,0.0,success
1162,2000,8,2,4.0,4.200000000000002,0.01,0.8900000000000003,3.0,5,400,42,58,0,1.0,0.0,success
1163,2000,8,2,4.0,4.200000000000002,0.01,0.9000000000000004,3.0,5,400,42,58,0,1.0,0.0,success
1164,2000,8,2,4.0,4.200000000000002,0.01,0.9100000000000004,3.0,5,400,42,58,0,1.0,0.0,success
1165,2000,8,2,4.0,4.200000000000002,0.01,0.9200000000000004,3.0,5,400,42,58,0,1.0,0.0,success
1166,2000,8,2,4.0,4.200000000000002,0.01,0.9300000000000004,3.0,5,400,42,58,0,1.0,0.0,success
1167,2000,8,2,4.0,4.200000000000002,0.01,0.9400000000000004,3.0,5,400,42,58,0,1.0,0.0,success
1168,2000,8,2,4.0,4.200000000000002,0.01,0.9500000000000004,3.0,5,400,42,58,0,1.0,0.0,success
1169,2000,8,2,4.0,4.200000000000002,0.01,0.9600000000000004,3.0,5,400,42,58,0,1.0,0.0,success
1171,2000,8,2,4.0,4.200000000000002,0.01,0.9800000000000004,3.0,5,400,42,58,0,1.0,0.0,success
1170,2000,8,2,4.0,4.200000000000002,0.01,0.9700000000000004,3.0,5,400,42,58,0,1.0,0.0,success
1172,2000,8,2,4.0,4.200000000000002,0.01,0.9900000000000004,3.0,5,400,42,58,0,1.0,0.0,success
1173,2000,8,2,4.0,4.200000000000002,0.01,1.0000000000000004,3.0,5,400,42,58,0,1.0,0.0,success
1174,2000,8,2,4.0,4.3000000000000025,0.01,0.5,3.0,5,400,42,58,0,1.0,0.0,success
1176,2000,8,2,4.0,4.3000000000000025,0.01,0.52,3.0,5,400,42,58,0,1.0,0.0,success
1175,2000,8,2,4.0,4.3000000000000025,0.01,0.51,3.0,5,400,42,58,0,1.0,0.0,success
1177,2000,8,2,4.0,4.3000000000000025,0.01,0.53,3.0,5,400,42,58,0,1.0,0.0,success
1179,2000,8,2,4.0,4.3000000000000025,0.01,0.55,3.0,5,400,42,58,0,1.0,0.0,success
1178,2000,8,2,4.0,4.3000000000000025,0.01,0.54,3.0,5,400,42,58,0,1.0,0.0,success
1182,2000,8,2,4.0,4.3000000000000025,0.01,0.5800000000000001,3.0,5,400,42,58,0,1.0,0.0,success
1181,2000,8,2,4.0,4.3000000000000025,0.01,0.5700000000000001,3.0,5,400,42,58,0,1.0,0.0,success
1180,2000,8,2,4.0,4.3000000000000025,0.01,0.56,3.0,5,400,42,58,0,1.0,0.0,success
1183,2000,8,2,4.0,4.3000000000000025,0.01,0.5900000000000001,3.0,5,400,42,58,0,1.0,0.0,success
1184,2000,8,2,4.0,4.3000000000000025,0.01,0.6000000000000001,3.0,5,400,42,58,0,1.0,0.0,success
1185,2000,8,2,4.0,4.3000000000000025,0.01,0.6100000000000001,3.0,5,400,42,58,0,1.0,0.0,success
1186,2000,8,2,4.0,4.3000000000000025,0.01,0.6200000000000001,3.0,5,400,42,58,0,1.0,0.0,success
1187,2000,8,2,4.0,4.3000000000000025,0.01,0.6300000000000001,3.0,5,400,42,58,0,1.0,0.0,success
1188,2000,8,2,4.0,4.3000000000000025,0.01,0.6400000000000001,3.0,5,400,42,58,0,1.0,0.0,success
1189,2000,8,2,4.0,4.3000000000000025,0.01,0.6500000000000001,3.0,5,400,42,58,0,1.0,0.0,success
1190,2000,8,2,4.0,4.3000000000000025,0.01,0.6600000000000001,3.0,5,400,42,58,0,1.0,0.0,success
1191,2000,8,2,4.0,4.3000000000000025,0.01,0.6700000000000002,3.0,5,400,42,58,0,1.0,0.0,success
1192,2000,8,2,4.0,4.3000000000000025,0.01,0.6800000000000002,3.0,5,400,42,58,0,1.0,0.0,success
1193,2000,8,2,4.0,4.3000000000000025,0.01,0.6900000000000002,3.0,5,400,42,58,0,1.0,0.0,success
1194,2000,8,2,4.0,4.3000000000000025,0.01,0.7000000000000002,3.0,5,400,42,58,0,1.0,0.0,success
1195,2000,8,2,4.0,4.3000000000000025,0.01,0.7100000000000002,3.0,5,400,42,58,0,1.0,0.0,success
1196,2000,8,2,4.0,4.3000000000000025,0.01,0.7200000000000002,3.0,5,400,42,58,0,1.0,0.0,success
1197,2000,8,2,4.0,4.3000000000000025,0.01,0.7300000000000002,3.0,5,400,42,58,0,1.0,0.0,success
1198,2000,8,2,4.0,4.3000000000000025,0.01,0.7400000000000002,3.0,5,400,42,58,0,1.0,0.0,success
1199,2000,8,2,4.0,4.3000000000000025,0.01,0.7500000000000002,3.0,5,400,42,58,0,1.0,0.0,success
1200,2000,8,2,4.0,4.3000000000000025,0.01,0.7600000000000002,3.0,5,400,42,58,0,1.0,0.0,success
1201,2000,8,2,4.0,4.3000000000000025,0.01,0.7700000000000002,3.0,5,400,42,58,0,1.0,0.0,success
1203,2000,8,2,4.0,4.3000000000000025,0.01,0.7900000000000003,3.0,5,400,42,58,0,1.0,0.0,success
1202,2000,8,2,4.0,4.3000000000000025,0.01,0.7800000000000002,3.0,5,400,42,58,0,1.0,0.0,success
1204,2000,8,2,4.0,4.3000000000000025,0.01,0.8000000000000003,3.0,5,400,42,58,0,1.0,0.0,success
1205,2000,8,2,4.0,4.3000000000000025,0.01,0.8100000000000003,3.0,5,400,42,58,0,1.0,0.0,success
1206,2000,8,2,4.0,4.3000000000000025,0.01,0.8200000000000003,3.0,5,400,42,58,0,1.0,0.0,success
1207,2000,8,2,4.0,4.3000000000000025,0.01,0.8300000000000003,3.0,5,400,42,58,0,1.0,0.0,success
1208,2000,8,2,4.0,4.3000000000000025,0.01,0.8400000000000003,3.0,5,400,42,58,0,1.0,0.0,success
1209,2000,8,2,4.0,4.3000000000000025,0.01,0.8500000000000003,3.0,5,400,42,58,0,1.0,0.0,success
1210,2000,8,2,4.0,4.3000000000000025,0.01,0.8600000000000003,3.0,5,400,42,58,0,1.0,0.0,success
1211,2000,8,2,4.0,4.3000000000000025,0.01,0.8700000000000003,3.0,5,400,42,58,0,1.0,0.0,success
1212,2000,8,2,4.0,4.3000000000000025,0.01,0.8800000000000003,3.0,5,400,42,58,0,1.0,0.0,success
1213,2000,8,2,4.0,4.3000000000000025,0.01,0.8900000000000003,3.0,5,400,42,58,0,1.0,0.0,success
1215,2000,8,2,4.0,4.3000000000000025,0.01,0.9100000000000004,3.0,5,400,42,58,0,1.0,0.0,success
1214,2000,8,2,4.0,4.3000000000000025,0.01,0.9000000000000004,3.0,5,400,42,58,0,1.0,0.0,success
1216,2000,8,2,4.0,4.3000000000000025,0.01,0.9200000000000004,3.0,5,400,42,58,0,1.0,0.0,success
1217,2000,8,2,4.0,4.3000000000000025,0.01,0.9300000000000004,3.0,5,400,42,58,0,1.0,0.0,success
1218,2000,8,2,4.0,4.3000000000000025,0.01,0.9400000000000004,3.0,5,400,42,58,0,1.0,0.0,success
1219,2000,8,2,4.0,4.3000000000000025,0.01,0.9500000000000004,3.0,5,400,42,58,0,1.0,0.0,success
1220,2000,8,2,4.0,4.3000000000000025,0.01,0.9600000000000004,3.0,5,400,42,58,0,1.0,0.0,success
1221,2000,8,2,4.0,4.3000000000000025,0.01,0.9700000000000004,3.0,5,400,42,58,0,1.0,0.0,success
1222,2000,8,2,4.0,4.3000000000000025,0.01,0.9800000000000004,3.0,5,400,42,58,0,1.0,0.0,success
1223,2000,8,2,4.0,4.3000000000000025,0.01,0.9900000000000004,3.0,5,400,42,58,0,1.0,0.0,success
1224,2000,8,2,4.0,4.3000000000000025,0.01,1.0000000000000004,3.0,5,400,42,58,0,1.0,0.0,success
1226,2000,8,2,4.0,4.400000000000002,0.01,0.51,3.0,5,400,42,58,0,1.0,0.0,success
1225,2000,8,2,4.0,4.400000000000002,0.01,0.5,3.0,5,400,42,58,0,1.0,0.0,success
1227,2000,8,2,4.0,4.400000000000002,0.01,0.52,3.0,5,400,42,58,0,1.0,0.0,success
1228,2000,8,2,4.0,4.400000000000002,0.01,0.53,3.0,5,400,42,58,0,1.0,0.0,success
1229,2000,8,2,4.0,4.400000000000002,0.01,0.54,3.0,5,400,42,58,0,1.0,0.0,success
1230,2000,8,2,4.0,4.400000000000002,0.01,0.55,3.0,5,400,42,58,0,1.0,0.0,success
1231,2000,8,2,4.0,4.400000000000002,0.01,0.56,3.0,5,400,42,58,0,1.0,0.0,success
1232,2000,8,2,4.0,4.400000000000002,0.01,0.5700000000000001,3.0,5,400,42,58,0,1.0,0.0,success
1233,2000,8,2,4.0,4.400000000000002,0.01,0.5800000000000001,3.0,5,400,42,58,0,1.0,0.0,success
1234,2000,8,2,4.0,4.400000000000002,0.01,0.5900000000000001,3.0,5,400,42,58,0,1.0,0.0,success
1235,2000,8,2,4.0,4.400000000000002,0.01,0.6000000000000001,3.0,5,400,42,58,0,1.0,0.0,success
1236,2000,8,2,4.0,4.400000000000002,0.01,0.6100000000000001,3.0,5,400,42,58,0,1.0,0.0,success
1237,2000,8,2,4.0,4.400000000000002,0.01,0.6200000000000001,3.0,5,400,42,58,0,1.0,0.0,success
1238,2000,8,2,4.0,4.400000000000002,0.01,0.6300000000000001,3.0,5,400,42,58,0,1.0,0.0,success
1239,2000,8,2,4.0,4.400000000000002,0.01,0.6400000000000001,3.0,5,400,42,58,0,1.0,0.0,success
1240,2000,8,2,4.0,4.400000000000002,0.01,0.6500000000000001,3.0,5,400,42,58,0,1.0,0.0,success
1241,2000,8,2,4.0,4.400000000000002,0.01,0.6600000000000001,3.0,5,400,42,58,0,1.0,0.0,success
1242,2000,8,2,4.0,4.400000000000002,0.01,0.6700000000000002,3.0,5,400,42,58,0,1.0,0.0,success
1243,2000,8,2,4.0,4.400000000000002,0.01,0.6800000000000002,3.0,5,400,42,58,0,1.0,0.0,success
1244,2000,8,2,4.0,4.400000000000002,0.01,0.6900000000000002,3.0,5,400,42,58,0,1.0,0.0,success
1246,2000,8,2,4.0,4.400000000000002,0.01,0.7100000000000002,3.0,5,400,42,58,0,1.0,0.0,success
1245,2000,8,2,4.0,4.400000000000002,0.01,0.7000000000000002,3.0,5,400,42,58,0,1.0,0.0,success
1247,2000,8,2,4.0,4.400000000000002,0.01,0.7200000000000002,3.0,5,400,42,58,0,1.0,0.0,success
1248,2000,8,2,4.0,4.400000000000002,0.01,0.7300000000000002,3.0,5,400,42,58,0,1.0,0.0,success
1249,2000,8,2,4.0,4.400000000000002,0.01,0.7400000000000002,3.0,5,400,42,58,0,1.0,0.0,success
1250,2000,8,2,4.0,4.400000000000002,0.01,0.7500000000000002,3.0,5,400,42,58,0,1.0,0.0,success
1252,2000,8,2,4.0,4.400000000000002,0.01,0.7700000000000002,3.0,5,400,42,58,0,1.0,0.0,success
1251,2000,8,2,4.0,4.400000000000002,0.01,0.7600000000000002,3.0,5,400,42,58,0,1.0,0.0,success
1253,2000,8,2,4.0,4.400000000000002,0.01,0.7800000000000002,3.0,5,400,42,58,0,1.0,0.0,success
1255,2000,8,2,4.0,4.400000000000002,0.01,0.8000000000000003,3.0,5,400,42,58,0,1.0,0.0,success
1254,2000,8,2,4.0,4.400000000000002,0.01,0.7900000000000003,3.0,5,400,42,58,0,1.0,0.0,success
1256,2000,8,2,4.0,4.400000000000002,0.01,0.8100000000000003,3.0,5,400,42,58,0,1.0,0.0,success
1258,2000,8,2,4.0,4.400000000000002,0.01,0.8300000000000003,3.0,5,400,42,58,0,1.0,0.0,success
1257,2000,8,2,4.0,4.400000000000002,0.01,0.8200000000000003,3.0,5,400,42,58,0,1.0,0.0,success
1259,2000,8,2,4.0,4.400000000000002,0.01,0.8400000000000003,3.0,5,400,42,58,0,1.0,0.0,success
1260,2000,8,2,4.0,4.400000000000002,0.01,0.8500000000000003,3.0,5,400,42,58,0,1.0,0.0,success
1261,2000,8,2,4.0,4.400000000000002,0.01,0.8600000000000003,3.0,5,400,42,58,0,1.0,0.0,success
1262,2000,8,2,4.0,4.400000000000002,0.01,0.8700000000000003,3.0,5,400,42,58,0,1.0,0.0,success
1263,2000,8,2,4.0,4.400000000000002,0.01,0.8800000000000003,3.0,5,400,42,58,0,1.0,0.0,success
1264,2000,8,2,4.0,4.400000000000002,0.01,0.8900000000000003,3.0,5,400,42,58,0,1.0,0.0,success
1265,2000,8,2,4.0,4.400000000000002,0.01,0.9000000000000004,3.0,5,400,42,58,0,1.0,0.0,success
1266,2000,8,2,4.0,4.400000000000002,0.01,0.9100000000000004,3.0,5,400,42,58,0,1.0,0.0,success
1267,2000,8,2,4.0,4.400000000000002,0.01,0.9200000000000004,3.0,5,400,42,58,0,1.0,0.0,success
1269,2000,8,2,4.0,4.400000000000002,0.01,0.9400000000000004,3.0,5,400,42,58,0,1.0,0.0,success
1268,2000,8,2,4.0,4.400000000000002,0.01,0.9300000000000004,3.0,5,400,42,58,0,1.0,0.0,success
1270,2000,8,2,4.0,4.400000000000002,0.01,0.9500000000000004,3.0,5,400,42,58,0,1.0,0.0,success
1271,2000,8,2,4.0,4.400000000000002,0.01,0.9600000000000004,3.0,5,400,42,58,0,1.0,0.0,success
1272,2000,8,2,4.0,4.400000000000002,0.01,0.9700000000000004,3.0,5,400,42,58,0,1.0,0.0,success
1274,2000,8,2,4.0,4.400000000000002,0.01,0.9900000000000004,3.0,5,400,42,58,0,1.0,0.0,success
1273,2000,8,2,4.0,4.400000000000002,0.01,0.9800000000000004,3.0,5,400,42,58,0,1.0,0.0,success
1275,2000,8,2,4.0,4.400000000000002,0.01,1.0000000000000004,3.0,5,400,42,58,0,1.0,0.0,success
1277,2000,8,2,4.0,4.500000000000002,0.01,0.51,3.0,5,400,42,58,0,1.0,0.0,success
1276,2000,8,2,4.0,4.500000000000002,0.01,0.5,3.0,5,400,42,58,0,1.0,0.0,success
1278,2000,8,2,4.0,4.500000000000002,0.01,0.52,3.0,5,400,42,58,0,1.0,0.0,success
1279,2000,8,2,4.0,4.500000000000002,0.01,0.53,3.0,5,400,42,58,0,1.0,0.0,success
1280,2000,8,2,4.0,4.500000000000002,0.01,0.54,3.0,5,400,42,58,0,1.0,0.0,success
1281,2000,8,2,4.0,4.500000000000002,0.01,0.55,3.0,5,400,42,58,0,1.0,0.0,success
1283,2000,8,2,4.0,4.500000000000002,0.01,0.5700000000000001,3.0,5,400,42,58,0,1.0,0.0,success
1282,2000,8,2,4.0,4.500000000000002,0.01,0.56,3.0,5,400,42,58,0,1.0,0.0,success
1284,2000,8,2,4.0,4.500000000000002,0.01,0.5800000000000001,3.0,5,400,42,58,0,1.0,0.0,success
1285,2000,8,2,4.0,4.500000000000002,0.01,0.5900000000000001,3.0,5,400,42,58,0,1.0,0.0,success
1286,2000,8,2,4.0,4.500000000000002,0.01,0.6000000000000001,3.0,5,400,42,58,0,1.0,0.0,success
1287,2000,8,2,4.0,4.500000000000002,0.01,0.6100000000000001,3.0,5,400,42,58,0,1.0,0.0,success
1288,2000,8,2,4.0,4.500000000000002,0.01,0.6200000000000001,3.0,5,400,42,58,0,1.0,0.0,success
1289,2000,8,2,4.0,4.500000000000002,0.01,0.6300000000000001,3.0,5,400,42,58,0,1.0,0.0,success
1290,2000,8,2,4.0,4.500000000000002,0.01,0.6400000000000001,3.0,5,400,42,58,0,1.0,0.0,success
1291,2000,8,2,4.0,4.500000000000002,0.01,0.6500000000000001,3.0,5,400,42,58,0,1.0,0.0,success
1292,2000,8,2,4.0,4.500000000000002,0.01,0.6600000000000001,3.0,5,400,42,58,0,1.0,0.0,success
1293,2000,8,2,4.0,4.500000000000002,0.01,0.6700000000000002,3.0,5,400,42,58,0,1.0,0.0,success
1294,2000,8,2,4.0,4.500000000000002,0.01,0.6800000000000002,3.0,5,400,42,58,0,1.0,0.0,success
1295,2000,8,2,4.0,4.500000000000002,0.01,0.6900000000000002,3.0,5,400,42,58,0,1.0,0.0,success
1296,2000,8,2,4.0,4.500000000000002,0.01,0.7000000000000002,3.0,5,400,42,58,0,1.0,0.0,success
1297,2000,8,2,4.0,4.500000000000002,0.01,0.7100000000000002,3.0,5,400,42,58,0,1.0,0.0,success
1298,2000,8,2,4.0,4.500000000000002,0.01,0.7200000000000002,3.0,5,400,42,58,0,1.0,0.0,success
1300,2000,8,2,4.0,4.500000000000002,0.01,0.7400000000000002,3.0,5,400,42,58,0,1.0,0.0,success
1299,2000,8,2,4.0,4.500000000000002,0.01,0.7300000000000002,3.0,5,400,42,58,0,1.0,0.0,success
1301,2000,8,2,4.0,4.500000000000002,0.01,0.7500000000000002,3.0,5,400,42,58,0,1.0,0.0,success
1302,2000,8,2,4.0,4.500000000000002,0.01,0.7600000000000002,3.0,5,400,42,58,0,1.0,0.0,success
1303,2000,8,2,4.0,4.500000000000002,0.01,0.7700000000000002,3.0,5,400,42,58,0,1.0,0.0,success
1305,2000,8,2,4.0,4.500000000000002,0.01,0.7900000000000003,3.0,5,400,42,58,0,1.0,0.0,success
1304,2000,8,2,4.0,4.500000000000002,0.01,0.7800000000000002,3.0,5,400,42,58,0,1.0,0.0,success
1306,2000,8,2,4.0,4.500000000000002,0.01,0.8000000000000003,3.0,5,400,42,58,0,1.0,0.0,success
1307,2000,8,2,4.0,4.500000000000002,0.01,0.8100000000000003,3.0,5,400,42,58,0,1.0,0.0,success
1308,2000,8,2,4.0,4.500000000000002,0.01,0.8200000000000003,3.0,5,400,42,58,0,1.0,0.0,success
1309,2000,8,2,4.0,4.500000000000002,0.01,0.8300000000000003,3.0,5,400,42,58,0,1.0,0.0,success
1310,2000,8,2,4.0,4.500000000000002,0.01,0.8400000000000003,3.0,5,400,42,58,0,1.0,0.0,success
1311,2000,8,2,4.0,4.500000000000002,0.01,0.8500000000000003,3.0,5,400,42,58,0,1.0,0.0,success
1312,2000,8,2,4.0,4.500000000000002,0.01,0.8600000000000003,3.0,5,400,42,58,0,1.0,0.0,success
1313,2000,8,2,4.0,4.500000000000002,0.01,0.8700000000000003,3.0,5,400,42,58,0,1.0,0.0,success
1314,2000,8,2,4.0,4.500000000000002,0.01,0.8800000000000003,3.0,5,400,42,58,0,1.0,0.0,success
1315,2000,8,2,4.0,4.500000000000002,0.01,0.8900000000000003,3.0,5,400,42,58,0,1.0,0.0,success
1316,2000,8,2,4.0,4.500000000000002,0.01,0.9000000000000004,3.0,5,400,42,58,0,1.0,0.0,success
1317,2000,8,2,4.0,4.500000000000002,0.01,0.9100000000000004,3.0,5,400,42,58,0,1.0,0.0,success
1318,2000,8,2,4.0,4.500000000000002,0.01,0.9200000000000004,3.0,5,400,42,58,0,1.0,0.0,success
1320,2000,8,2,4.0,4.500000000000002,0.01,0.9400000000000004,3.0,5,400,42,58,0,1.0,0.0,success
1319,2000,8,2,4.0,4.500000000000002,0.01,0.9300000000000004,3.0,5,400,42,58,0,1.0,0.0,success
1321,2000,8,2,4.0,4.500000000000002,0.01,0.9500000000000004,3.0,5,400,42,58,0,1.0,0.0,success
1322,2000,8,2,4.0,4.500000000000002,0.01,0.9600000000000004,3.0,5,400,42,58,0,1.0,0.0,success
1323,2000,8,2,4.0,4.500000000000002,0.01,0.9700000000000004,3.0,5,400,42,58,0,1.0,0.0,success
1324,2000,8,2,4.0,4.500000000000002,0.01,0.9800000000000004,3.0,5,400,42,58,0,1.0,0.0,success
1325,2000,8,2,4.0,4.500000000000002,0.01,0.9900000000000004,3.0,5,400,42,58,0,1.0,0.0,success
1326,2000,8,2,4.0,4.500000000000002,0.01,1.0000000000000004,3.0,5,400,42,58,0,1.0,0.0,success
1327,2000,8,2,4.0,4.600000000000002,0.01,0.5,3.0,5,400,42,58,0,1.0,0.0,success
1328,2000,8,2,4.0,4.600000000000002,0.01,0.51,3.0,5,400,42,58,0,1.0,0.0,success
1329,2000,8,2,4.0,4.600000000000002,0.01,0.52,3.0,5,400,42,58,0,1.0,0.0,success
1330,2000,8,2,4.0,4.600000000000002,0.01,0.53,3.0,5,400,42,58,0,1.0,0.0,success
1331,2000,8,2,4.0,4.600000000000002,0.01,0.54,3.0,5,400,42,58,0,1.0,0.0,success
1332,2000,8,2,4.0,4.600000000000002,0.01,0.55,3.0,5,400,42,58,0,1.0,0.0,success
1333,2000,8,2,4.0,4.600000000000002,0.01,0.56,3.0,5,400,42,58,0,1.0,0.0,success
1334,2000,8,2,4.0,4.600000000000002,0.01,0.5700000000000001,3.0,5,400,42,58,0,1.0,0.0,success
1335,2000,8,2,4.0,4.600000000000002,0.01,0.5800000000000001,3.0,5,400,42,58,0,1.0,0.0,success
1336,2000,8,2,4.0,4.600000000000002,0.01,0.5900000000000001,3.0,5,400,42,58,0,1.0,0.0,success
1337,2000,8,2,4.0,4.600000000000002,0.01,0.6000000000000001,3.0,5,400,42,58,0,1.0,0.0,success
1338,2000,8,2,4.0,4.600000000000002,0.01,0.6100000000000001,3.0,5,400,42,58,0,1.0,0.0,success
1340,2000,8,2,4.0,4.600000000000002,0.01,0.6300000000000001,3.0,5,400,42,58,0,1.0,0.0,success
1339,2000,8,2,4.0,4.600000000000002,0.01,0.6200000000000001,3.0,5,400,42,58,0,1.0,0.0,success
1341,2000,8,2,4.0,4.600000000000002,0.01,0.6400000000000001,3.0,5,400,42,58,0,1.0,0.0,success
1342,2000,8,2,4.0,4.600000000000002,0.01,0.6500000000000001,3.0,5,400,42,58,0,1.0,0.0,success
1343,2000,8,2,4.0,4.600000000000002,0.01,0.6600000000000001,3.0,5,400,42,58,0,1.0,0.0,success
1344,2000,8,2,4.0,4.600000000000002,0.01,0.6700000000000002,3.0,5,400,42,58,0,1.0,0.0,success
1345,2000,8,2,4.0,4.600000000000002,0.01,0.6800000000000002,3.0,5,400,42,58,0,1.0,0.0,success
1348,2000,8,2,4.0,4.600000000000002,0.01,0.7100000000000002,3.0,5,400,42,58,0,1.0,0.0,success
1346,2000,8,2,4.0,4.600000000000002,0.01,0.6900000000000002,3.0,5,400,42,58,0,1.0,0.0,success
1347,2000,8,2,4.0,4.600000000000002,0.01,0.7000000000000002,3.0,5,400,42,58,0,1.0,0.0,success
1349,2000,8,2,4.0,4.600000000000002,0.01,0.7200000000000002,3.0,5,400,42,58,0,1.0,0.0,success
1350,2000,8,2,4.0,4.600000000000002,0.01,0.7300000000000002,3.0,5,400,42,58,0,1.0,0.0,success
1351,2000,8,2,4.0,4.600000000000002,0.01,0.7400000000000002,3.0,5,400,42,58,0,1.0,0.0,success
1352,2000,8,2,4.0,4.600000000000002,0.01,0.7500000000000002,3.0,5,400,42,58,0,1.0,0.0,success
1353,2000,8,2,4.0,4.600000000000002,0.01,0.7600000000000002,3.0,5,400,42,58,0,1.0,0.0,success
1354,2000,8,2,4.0,4.600000000000002,0.01,0.7700000000000002,3.0,5,400,42,58,0,1.0,0.0,success
1355,2000,8,2,4.0,4.600000000000002,0.01,0.7800000000000002,3.0,5,400,42,58,0,1.0,0.0,success
1356,2000,8,2,4.0,4.600000000000002,0.01,0.7900000000000003,3.0,5,400,42,58,0,1.0,0.0,success
1357,2000,8,2,4.0,4.600000000000002,0.01,0.8000000000000003,3.0,5,400,42,58,0,1.0,0.0,success
1358,2000,8,2,4.0,4.600000000000002,0.01,0.8100000000000003,3.0,5,400,42,58,0,1.0,0.0,success
1359,2000,8,2,4.0,4.600000000000002,0.01,0.8200000000000003,3.0,5,400,42,58,0,1.0,0.0,success
1360,2000,8,2,4.0,4.600000000000002,0.01,0.8300000000000003,3.0,5,400,42,58,0,1.0,0.0,success
1361,2000,8,2,4.0,4.600000000000002,0.01,0.8400000000000003,3.0,5,400,42,58,0,1.0,0.0,success
1363,2000,8,2,4.0,4.600000000000002,0.01,0.8600000000000003,3.0,5,400,42,58,0,1.0,0.0,success
1362,2000,8,2,4.0,4.600000000000002,0.01,0.8500000000000003,3.0,5,400,42,58,0,1.0,0.0,success
1364,2000,8,2,4.0,4.600000000000002,0.01,0.8700000000000003,3.0,5,400,42,58,0,1.0,0.0,success
1365,2000,8,2,4.0,4.600000000000002,0.01,0.8800000000000003,3.0,5,400,42,58,0,1.0,0.0,success
1366,2000,8,2,4.0,4.600000000000002,0.01,0.8900000000000003,3.0,5,400,42,58,0,1.0,0.0,success
1368,2000,8,2,4.0,4.600000000000002,0.01,0.9100000000000004,3.0,5,400,42,58,0,1.0,0.0,success
1367,2000,8,2,4.0,4.600000000000002,0.01,0.9000000000000004,3.0,5,400,42,58,0,1.0,0.0,success
1369,2000,8,2,4.0,4.600000000000002,0.01,0.9200000000000004,3.0,5,400,42,58,0,1.0,0.0,success
1370,2000,8,2,4.0,4.600000000000002,0.01,0.9300000000000004,3.0,5,400,42,58,0,1.0,0.0,success
1371,2000,8,2,4.0,4.600000000000002,0.01,0.9400000000000004,3.0,5,400,42,58,0,1.0,0.0,success
1372,2000,8,2,4.0,4.600000000000002,0.01,0.9500000000000004,3.0,5,400,42,58,0,1.0,0.0,success
1373,2000,8,2,4.0,4.600000000000002,0.01,0.9600000000000004,3.0,5,400,42,58,0,1.0,0.0,success
1374,2000,8,2,4.0,4.600000000000002,0.01,0.9700000000000004,3.0,5,400,42,58,0,1.0,0.0,success
1375,2000,8,2,4.0,4.600000000000002,0.01,0.9800000000000004,3.0,5,400,42,58,0,1.0,0.0,success
1376,2000,8,2,4.0,4.600000000000002,0.01,0.9900000000000004,3.0,5,400,42,58,0,1.0,0.0,success
1378,2000,8,2,4.0,4.700000000000003,0.01,0.5,3.0,5,400,42,58,0,1.0,0.0,success
1377,2000,8,2,4.0,4.600000000000002,0.01,1.0000000000000004,3.0,5,400,42,58,0,1.0,0.0,success
1379,2000,8,2,4.0,4.700000000000003,0.01,0.51,3.0,5,400,42,58,0,1.0,0.0,success
1381,2000,8,2,4.0,4.700000000000003,0.01,0.53,3.0,5,400,42,58,0,1.0,0.0,success
1380,2000,8,2,4.0,4.700000000000003,0.01,0.52,3.0,5,400,42,58,0,1.0,0.0,success
1382,2000,8,2,4.0,4.700000000000003,0.01,0.54,3.0,5,400,42,58,0,1.0,0.0,success
1383,2000,8,2,4.0,4.700000000000003,0.01,0.55,3.0,5,400,42,58,0,1.0,0.0,success
1384,2000,8,2,4.0,4.700000000000003,0.01,0.56,3.0,5,400,42,58,0,1.0,0.0,success
1385,2000,8,2,4.0,4.700000000000003,0.01,0.5700000000000001,3.0,5,400,42,58,0,1.0,0.0,success
1386,2000,8,2,4.0,4.700000000000003,0.01,0.5800000000000001,3.0,5,400,42,58,0,1.0,0.0,success
1387,2000,8,2,4.0,4.700000000000003,0.01,0.5900000000000001,3.0,5,400,42,58,0,1.0,0.0,success
1388,2000,8,2,4.0,4.700000000000003,0.01,0.6000000000000001,3.0,5,400,42,58,0,1.0,0.0,success
1389,2000,8,2,4.0,4.700000000000003,0.01,0.6100000000000001,3.0,5,400,42,58,0,1.0,0.0,success
1390,2000,8,2,4.0,4.700000000000003,0.01,0.6200000000000001,3.0,5,400,42,58,0,1.0,0.0,success
1391,2000,8,2,4.0,4.700000000000003,0.01,0.6300000000000001,3.0,5,400,42,58,0,1.0,0.0,success
1392,2000,8,2,4.0,4.700000000000003,0.01,0.6400000000000001,3.0,5,400,42,58,0,1.0,0.0,success
1393,2000,8,2,4.0,4.700000000000003,0.01,0.6500000000000001,3.0,5,400,42,58,0,1.0,0.0,success
1394,2000,8,2,4.0,4.700000000000003,0.01,0.6600000000000001,3.0,5,400,42,58,0,1.0,0.0,success
1395,2000,8,2,4.0,4.700000000000003,0.01,0.6700000000000002,3.0,5,400,42,58,0,1.0,0.0,success
1397,2000,8,2,4.0,4.700000000000003,0.01,0.6900000000000002,3.0,5,400,42,58,0,1.0,0.0,success
1396,2000,8,2,4.0,4.700000000000003,0.01,0.6800000000000002,3.0,5,400,42,58,0,1.0,0.0,success
1399,2000,8,2,4.0,4.700000000000003,0.01,0.7100000000000002,3.0,5,400,42,58,0,1.0,0.0,success
1398,2000,8,2,4.0,4.700000000000003,0.01,0.7000000000000002,3.0,5,400,42,58,0,1.0,0.0,success
1400,2000,8,2,4.0,4.700000000000003,0.01,0.7200000000000002,3.0,5,400,42,58,0,1.0,0.0,success
1401,2000,8,2,4.0,4.700000000000003,0.01,0.7300000000000002,3.0,5,400,42,58,0,1.0,0.0,success
1402,2000,8,2,4.0,4.700000000000003,0.01,0.7400000000000002,3.0,5,400,42,58,0,1.0,0.0,success
1403,2000,8,2,4.0,4.700000000000003,0.01,0.7500000000000002,3.0,5,400,42,58,0,1.0,0.0,success
1404,2000,8,2,4.0,4.700000000000003,0.01,0.7600000000000002,3.0,5,400,42,58,0,1.0,0.0,success
1405,2000,8,2,4.0,4.700000000000003,0.01,0.7700000000000002,3.0,5,400,42,58,0,1.0,0.0,success
1406,2000,8,2,4.0,4.700000000000003,0.01,0.7800000000000002,3.0,5,400,42,58,0,1.0,0.0,success
1407,2000,8,2,4.0,4.700000000000003,0.01,0.7900000000000003,3.0,5,400,42,58,0,1.0,0.0,success
1408,2000,8,2,4.0,4.700000000000003,0.01,0.8000000000000003,3.0,5,400,42,58,0,1.0,0.0,success
1409,2000,8,2,4.0,4.700000000000003,0.01,0.8100000000000003,3.0,5,400,42,58,0,1.0,0.0,success
1410,2000,8,2,4.0,4.700000000000003,0.01,0.8200000000000003,3.0,5,400,42,58,0,1.0,0.0,success
1412,2000,8,2,4.0,4.700000000000003,0.01,0.8400000000000003,3.0,5,400,42,58,0,1.0,0.0,success
1411,2000,8,2,4.0,4.700000000000003,0.01,0.8300000000000003,3.0,5,400,42,58,0,1.0,0.0,success
1413,2000,8,2,4.0,4.700000000000003,0.01,0.8500000000000003,3.0,5,400,42,58,0,1.0,0.0,success
1414,2000,8,2,4.0,4.700000000000003,0.01,0.8600000000000003,3.0,5,400,42,58,0,1.0,0.0,success
1415,2000,8,2,4.0,4.700000000000003,0.01,0.8700000000000003,3.0,5,400,42,58,0,1.0,0.0,success
1416,2000,8,2,4.0,4.700000000000003,0.01,0.8800000000000003,3.0,5,400,42,58,0,1.0,0.0,success
1417,2000,8,2,4.0,4.700000000000003,0.01,0.8900000000000003,3.0,5,400,42,58,0,1.0,0.0,success
1418,2000,8,2,4.0,4.700000000000003,0.01,0.9000000000000004,3.0,5,400,42,58,0,1.0,0.0,success
1419,2000,8,2,4.0,4.700000000000003,0.01,0.9100000000000004,3.0,5,400,42,58,0,1.0,0.0,success
1420,2000,8,2,4.0,4.700000000000003,0.01,0.9200000000000004,3.0,5,400,42,58,0,1.0,0.0,success
1421,2000,8,2,4.0,4.700000000000003,0.01,0.9300000000000004,3.0,5,400,42,58,0,1.0,0.0,success
1422,2000,8,2,4.0,4.700000000000003,0.01,0.9400000000000004,3.0,5,400,42,58,0,1.0,0.0,success
1423,2000,8,2,4.0,4.700000000000003,0.01,0.9500000000000004,3.0,5,400,42,58,0,1.0,0.0,success
1424,2000,8,2,4.0,4.700000000000003,0.01,0.9600000000000004,3.0,5,400,42,58,0,1.0,0.0,success
1425,2000,8,2,4.0,4.700000000000003,0.01,0.9700000000000004,3.0,5,400,42,58,0,1.0,0.0,success
1426,2000,8,2,4.0,4.700000000000003,0.01,0.9800000000000004,3.0,5,400,42,58,0,1.0,0.0,success
1427,2000,8,2,4.0,4.700000000000003,0.01,0.9900000000000004,3.0,5,400,42,58,0,1.0,0.0,success
1428,2000,8,2,4.0,4.700000000000003,0.01,1.0000000000000004,3.0,5,400,42,58,0,1.0,0.0,success
1429,2000,8,2,4.0,4.8000000000000025,0.01,0.5,3.0,5,400,42,58,0,1.0,0.0,success
1430,2000,8,2,4.0,4.8000000000000025,0.01,0.51,3.0,5,400,42,58,0,1.0,0.0,success
1431,2000,8,2,4.0,4.8000000000000025,0.01,0.52,3.0,5,400,42,58,0,1.0,0.0,success
1432,2000,8,2,4.0,4.8000000000000025,0.01,0.53,3.0,5,400,42,58,0,1.0,0.0,success
1433,2000,8,2,4.0,4.8000000000000025,0.01,0.54,3.0,5,400,42,58,0,1.0,0.0,success
1434,2000,8,2,4.0,4.8000000000000025,0.01,0.55,3.0,5,400,42,58,0,1.0,0.0,success
1435,2000,8,2,4.0,4.8000000000000025,0.01,0.56,3.0,5,400,42,58,0,1.0,0.0,success
1436,2000,8,2,4.0,4.8000000000000025,0.01,0.5700000000000001,3.0,5,400,42,58,0,1.0,0.0,success
1437,2000,8,2,4.0,4.8000000000000025,0.01,0.5800000000000001,3.0,5,400,42,58,0,1.0,0.0,success
1438,2000,8,2,4.0,4.8000000000000025,0.01,0.5900000000000001,3.0,5,400,42,58,0,1.0,0.0,success
1439,2000,8,2,4.0,4.8000000000000025,0.01,0.6000000000000001,3.0,5,400,42,58,0,1.0,0.0,success
1440,2000,8,2,4.0,4.8000000000000025,0.01,0.6100000000000001,3.0,5,400,42,58,0,1.0,0.0,success
1441,2000,8,2,4.0,4.8000000000000025,0.01,0.6200000000000001,3.0,5,400,42,58,0,1.0,0.0,success
1443,2000,8,2,4.0,4.8000000000000025,0.01,0.6400000000000001,3.0,5,400,42,58,0,1.0,0.0,success
1442,2000,8,2,4.0,4.8000000000000025,0.01,0.6300000000000001,3.0,5,400,42,58,0,1.0,0.0,success
1444,2000,8,2,4.0,4.8000000000000025,0.01,0.6500000000000001,3.0,5,400,42,58,0,1.0,0.0,success
1445,2000,8,2,4.0,4.8000000000000025,0.01,0.6600000000000001,3.0,5,400,42,58,0,1.0,0.0,success
1447,2000,8,2,4.0,4.8000000000000025,0.01,0.6800000000000002,3.0,5,400,42,58,0,1.0,0.0,success
1446,2000,8,2,4.0,4.8000000000000025,0.01,0.6700000000000002,3.0,5,400,42,58,0,1.0,0.0,success
1448,2000,8,2,4.0,4.8000000000000025,0.01,0.6900000000000002,3.0,5,400,42,58,0,1.0,0.0,success
1450,2000,8,2,4.0,4.8000000000000025,0.01,0.7100000000000002,3.0,5,400,42,58,0,1.0,0.0,success
1449,2000,8,2,4.0,4.8000000000000025,0.01,0.7000000000000002,3.0,5,400,42,58,0,1.0,0.0,success
1451,2000,8,2,4.0,4.8000000000000025,0.01,0.7200000000000002,3.0,5,400,42,58,0,1.0,0.0,success
1452,2000,8,2,4.0,4.8000000000000025,0.01,0.7300000000000002,3.0,5,400,42,58,0,1.0,0.0,success
1453,2000,8,2,4.0,4.8000000000000025,0.01,0.7400000000000002,3.0,5,400,42,58,0,1.0,0.0,success
1454,2000,8,2,4.0,4.8000000000000025,0.01,0.7500000000000002,3.0,5,400,42,58,0,1.0,0.0,success
1455,2000,8,2,4.0,4.8000000000000025,0.01,0.7600000000000002,3.0,5,400,42,58,0,1.0,0.0,success
1456,2000,8,2,4.0,4.8000000000000025,0.01,0.7700000000000002,3.0,5,400,42,58,0,1.0,0.0,success
1457,2000,8,2,4.0,4.8000000000000025,0.01,0.7800000000000002,3.0,5,400,42,58,0,1.0,0.0,success
1459,2000,8,2,4.0,4.8000000000000025,0.01,0.8000000000000003,3.0,5,400,42,58,0,1.0,0.0,success
1458,2000,8,2,4.0,4.8000000000000025,0.01,0.7900000000000003,3.0,5,400,42,58,0,1.0,0.0,success
1460,2000,8,2,4.0,4.8000000000000025,0.01,0.8100000000000003,3.0,5,400,42,58,0,1.0,0.0,success
1461,2000,8,2,4.0,4.8000000000000025,0.01,0.8200000000000003,3.0,5,400,42,58,0,1.0,0.0,success
1463,2000,8,2,4.0,4.8000000000000025,0.01,0.8400000000000003,3.0,5,400,42,58,0,1.0,0.0,success
1462,2000,8,2,4.0,4.8000000000000025,0.01,0.8300000000000003,3.0,5,400,42,58,0,1.0,0.0,success
1464,2000,8,2,4.0,4.8000000000000025,0.01,0.8500000000000003,3.0,5,400,42,58,0,1.0,0.0,success
1465,2000,8,2,4.0,4.8000000000000025,0.01,0.8600000000000003,3.0,5,400,42,58,0,1.0,0.0,success
1466,2000,8,2,4.0,4.8000000000000025,0.01,0.8700000000000003,3.0,5,400,42,58,0,1.0,0.0,success
1467,2000,8,2,4.0,4.8000000000000025,0.01,0.8800000000000003,3.0,5,400,42,58,0,1.0,0.0,success
1468,2000,8,2,4.0,4.8000000000000025,0.01,0.8900000000000003,3.0,5,400,42,58,0,1.0,0.0,success
1469,2000,8,2,4.0,4.8000000000000025,0.01,0.9000000000000004,3.0,5,400,42,58,0,1.0,0.0,success
1470,2000,8,2,4.0,4.8000000000000025,0.01,0.9100000000000004,3.0,5,400,42,58,0,1.0,0.0,success
1471,2000,8,2,4.0,4.8000000000000025,0.01,0.9200000000000004,3.0,5,400,42,58,0,1.0,0.0,success
1472,2000,8,2,4.0,4.8000000000000025,0.01,0.9300000000000004,3.0,5,400,42,58,0,1.0,0.0,success
1473,2000,8,2,4.0,4.8000000000000025,0.01,0.9400000000000004,3.0,5,400,42,58,0,1.0,0.0,success
1474,2000,8,2,4.0,4.8000000000000025,0.01,0.9500000000000004,3.0,5,400,42,58,0,1.0,0.0,success
1476,2000,8,2,4.0,4.8000000000000025,0.01,0.9700000000000004,3.0,5,400,42,58,0,1.0,0.0,success
1475,2000,8,2,4.0,4.8000000000000025,0.01,0.9600000000000004,3.0,5,400,42,58,0,1.0,0.0,success
1477,2000,8,2,4.0,4.8000000000000025,0.01,0.9800000000000004,3.0,5,400,42,58,0,1.0,0.0,success
1478,2000,8,2,4.0,4.8000000000000025,0.01,0.9900000000000004,3.0,5,400,42,58,0,1.0,0.0,success
1480,2000,8,2,4.0,4.900000000000002,0.01,0.5,3.0,5,400,43,57,0,1.0,0.0,success
1479,2000,8,2,4.0,4.8000000000000025,0.01,1.0000000000000004,3.0,5,400,42,58,0,1.0,0.0,success
1481,2000,8,2,4.0,4.900000000000002,0.01,0.51,3.0,5,400,43,57,0,1.0,0.0,success
1482,2000,8,2,4.0,4.900000000000002,0.01,0.52,3.0,5,400,43,57,0,1.0,0.0,success
1483,2000,8,2,4.0,4.900000000000002,0.01,0.53,3.0,5,400,43,57,0,1.0,0.0,success
1484,2000,8,2,4.0,4.900000000000002,0.01,0.54,3.0,5,400,43,57,0,1.0,0.0,success
1485,2000,8,2,4.0,4.900000000000002,0.01,0.55,3.0,5,400,43,57,0,1.0,0.0,success
1486,2000,8,2,4.0,4.900000000000002,0.01,0.56,3.0,5,400,43,57,0,1.0,0.0,success
1487,2000,8,2,4.0,4.900000000000002,0.01,0.5700000000000001,3.0,5,400,43,57,0,1.0,0.0,success
1488,2000,8,2,4.0,4.900000000000002,0.01,0.5800000000000001,3.0,5,400,43,57,0,1.0,0.0,success
1489,2000,8,2,4.0,4.900000000000002,0.01,0.5900000000000001,3.0,5,400,43,57,0,1.0,0.0,success
1490,2000,8,2,4.0,4.900000000000002,0.01,0.6000000000000001,3.0,5,400,43,57,0,1.0,0.0,success
1491,2000,8,2,4.0,4.900000000000002,0.01,0.6100000000000001,3.0,5,400,43,57,0,1.0,0.0,success
1492,2000,8,2,4.0,4.900000000000002,0.01,0.6200000000000001,3.0,5,400,43,57,0,1.0,0.0,success
1494,2000,8,2,4.0,4.900000000000002,0.01,0.6400000000000001,3.0,5,400,43,57,0,1.0,0.0,success
1493,2000,8,2,4.0,4.900000000000002,0.01,0.6300000000000001,3.0,5,400,43,57,0,1.0,0.0,success
1496,2000,8,2,4.0,4.900000000000002,0.01,0.6600000000000001,3.0,5,400,43,57,0,1.0,0.0,success
1495,2000,8,2,4.0,4.900000000000002,0.01,0.6500000000000001,3.0,5,400,43,57,0,1.0,0.0,success
1497,2000,8,2,4.0,4.900000000000002,0.01,0.6700000000000002,3.0,5,400,43,57,0,1.0,0.0,success
1498,2000,8,2,4.0,4.900000000000002,0.01,0.6800000000000002,3.0,5,400,43,57,0,1.0,0.0,success
1499,2000,8,2,4.0,4.900000000000002,0.01,0.6900000000000002,3.0,5,400,43,57,0,1.0,0.0,success
1500,2000,8,2,4.0,4.900000000000002,0.01,0.7000000000000002,3.0,5,400,43,57,0,1.0,0.0,success
1501,2000,8,2,4.0,4.900000000000002,0.01,0.7100000000000002,3.0,5,400,43,57,0,1.0,0.0,success
1502,2000,8,2,4.0,4.900000000000002,0.01,0.7200000000000002,3.0,5,400,43,57,0,1.0,0.0,success
1503,2000,8,2,4.0,4.900000000000002,0.01,0.7300000000000002,3.0,5,400,43,57,0,1.0,0.0,success
1504,2000,8,2,4.0,4.900000000000002,0.01,0.7400000000000002,3.0,5,400,43,57,0,1.0,0.0,success
1505,2000,8,2,4.0,4.900000000000002,0.01,0.7500000000000002,3.0,5,400,43,57,0,1.0,0.0,success
1506,2000,8,2,4.0,4.900000000000002,0.01,0.7600000000000002,3.0,5,400,43,57,0,1.0,0.0,success
1507,2000,8,2,4.0,4.900000000000002,0.01,0.7700000000000002,3.0,5,400,43,57,0,1.0,0.0,success
1508,2000,8,2,4.0,4.900000000000002,0.01,0.7800000000000002,3.0,5,400,43,57,0,1.0,0.0,success
1509,2000,8,2,4.0,4.900000000000002,0.01,0.7900000000000003,3.0,5,400,43,57,0,1.0,0.0,success
1510,2000,8,2,4.0,4.900000000000002,0.01,0.8000000000000003,3.0,5,400,43,57,0,1.0,0.0,success
1511,2000,8,2,4.0,4.900000000000002,0.01,0.8100000000000003,3.0,5,400,43,57,0,1.0,0.0,success
1512,2000,8,2,4.0,4.900000000000002,0.01,0.8200000000000003,3.0,5,400,43,57,0,1.0,0.0,success
1513,2000,8,2,4.0,4.900000000000002,0.01,0.8300000000000003,3.0,5,400,43,57,0,1.0,0.0,success
1514,2000,8,2,4.0,4.900000000000002,0.01,0.8400000000000003,3.0,5,400,43,57,0,1.0,0.0,success
1515,2000,8,2,4.0,4.900000000000002,0.01,0.8500000000000003,3.0,5,400,43,57,0,1.0,0.0,success
1516,2000,8,2,4.0,4.900000000000002,0.01,0.8600000000000003,3.0,5,400,43,57,0,1.0,0.0,success
1517,2000,8,2,4.0,4.900000000000002,0.01,0.8700000000000003,3.0,5,400,43,57,0,1.0,0.0,success
1518,2000,8,2,4.0,4.900000000000002,0.01,0.8800000000000003,3.0,5,400,43,57,0,1.0,0.0,success
1519,2000,8,2,4.0,4.900000000000002,0.01,0.8900000000000003,3.0,5,400,43,57,0,1.0,0.0,success
1520,2000,8,2,4.0,4.900000000000002,0.01,0.9000000000000004,3.0,5,400,43,57,0,1.0,0.0,success
1521,2000,8,2,4.0,4.900000000000002,0.01,0.9100000000000004,3.0,5,400,43,57,0,1.0,0.0,success
1522,2000,8,2,4.0,4.900000000000002,0.01,0.9200000000000004,3.0,5,400,43,57,0,1.0,0.0,success
1523,2000,8,2,4.0,4.900000000000002,0.01,0.9300000000000004,3.0,5,400,43,57,0,1.0,0.0,success
1524,2000,8,2,4.0,4.900000000000002,0.01,0.9400000000000004,3.0,5,400,43,57,0,1.0,0.0,success
1525,2000,8,2,4.0,4.900000000000002,0.01,0.9500000000000004,3.0,5,400,43,57,0,1.0,0.0,success
1527,2000,8,2,4.0,4.900000000000002,0.01,0.9700000000000004,3.0,5,400,43,57,0,1.0,0.0,success
1526,2000,8,2,4.0,4.900000000000002,0.01,0.9600000000000004,3.0,5,400,43,57,0,1.0,0.0,success
1528,2000,8,2,4.0,4.900000000000002,0.01,0.9800000000000004,3.0,5,400,43,57,0,1.0,0.0,success
1529,2000,8,2,4.0,4.900000000000002,0.01,0.9900000000000004,3.0,5,400,43,57,0,1.0,0.0,success
1531,2000,8,2,4.0,5.000000000000003,0.01,0.5,3.0,6,393,41,66,0,0.989963423651712,0.06441809958073778,success
1530,2000,8,2,4.0,4.900000000000002,0.01,1.0000000000000004,3.0,5,400,43,57,0,1.0,0.0,success
1533,2000,8,2,4.0,5.000000000000003,0.01,0.52,3.0,6,393,41,66,0,0.989963423651712,0.06441809958073778,success
1532,2000,8,2,4.0,5.000000000000003,0.01,0.51,3.0,6,393,41,66,0,0.989963423651712,0.06441809958073778,success
1534,2000,8,2,4.0,5.000000000000003,0.01,0.53,3.0,6,393,41,66,0,0.989963423651712,0.06441809958073778,success
1535,2000,8,2,4.0,5.000000000000003,0.01,0.54,3.0,6,393,41,66,0,0.989963423651712,0.06441809958073778,success
1536,2000,8,2,4.0,5.000000000000003,0.01,0.55,3.0,6,393,41,66,0,0.989963423651712,0.06441809958073778,success
1537,2000,8,2,4.0,5.000000000000003,0.01,0.56,3.0,6,393,41,66,0,0.989963423651712,0.06441809958073778,success
1538,2000,8,2,4.0,5.000000000000003,0.01,0.5700000000000001,3.0,6,393,41,66,0,0.989963423651712,0.06441809958073778,success
1539,2000,8,2,4.0,5.000000000000003,0.01,0.5800000000000001,3.0,6,393,41,66,0,0.989963423651712,0.06441809958073778,success
1540,2000,8,2,4.0,5.000000000000003,0.01,0.5900000000000001,3.0,6,393,41,66,0,0.989963423651712,0.06441809958073778,success
1541,2000,8,2,4.0,5.000000000000003,0.01,0.6000000000000001,3.0,6,393,41,66,0,0.989963423651712,0.06441809958073778,success
1543,2000,8,2,4.0,5.000000000000003,0.01,0.6200000000000001,3.0,6,393,41,66,0,0.989963423651712,0.06441809958073778,success
1542,2000,8,2,4.0,5.000000000000003,0.01,0.6100000000000001,3.0,6,393,41,66,0,0.989963423651712,0.06441809958073778,success
1544,2000,8,2,4.0,5.000000000000003,0.01,0.6300000000000001,3.0,6,393,41,66,0,0.989963423651712,0.06441809958073778,success
1545,2000,8,2,4.0,5.000000000000003,0.01,0.6400000000000001,3.0,6,393,41,66,0,0.989963423651712,0.06441809958073778,success
1546,2000,8,2,4.0,5.000000000000003,0.01,0.6500000000000001,3.0,6,393,41,66,0,0.989963423651712,0.06441809958073778,success
1547,2000,8,2,4.0,5.000000000000003,0.01,0.6600000000000001,3.0,6,393,41,66,0,0.989963423651712,0.06441809958073778,success
1548,2000,8,2,4.0,5.000000000000003,0.01,0.6700000000000002,3.0,6,393,41,66,0,0.989963423651712,0.06441809958073778,success
1549,2000,8,2,4.0,5.000000000000003,0.01,0.6800000000000002,3.0,6,393,41,66,0,0.989963423651712,0.06441809958073778,success
1551,2000,8,2,4.0,5.000000000000003,0.01,0.7000000000000002,3.0,6,393,41,66,0,0.989963423651712,0.06441809958073778,success
1550,2000,8,2,4.0,5.000000000000003,0.01,0.6900000000000002,3.0,6,393,41,66,0,0.989963423651712,0.06441809958073778,success
1552,2000,8,2,4.0,5.000000000000003,0.01,0.7100000000000002,3.0,6,393,41,66,0,0.989963423651712,0.06441809958073778,success
1553,2000,8,2,4.0,5.000000000000003,0.01,0.7200000000000002,3.0,6,393,41,66,0,0.989963423651712,0.06441809958073778,success
1555,2000,8,2,4.0,5.000000000000003,0.01,0.7400000000000002,3.0,6,393,41,66,0,0.989963423651712,0.06441809958073778,success
1554,2000,8,2,4.0,5.000000000000003,0.01,0.7300000000000002,3.0,6,393,41,66,0,0.989963423651712,0.06441809958073778,success
1556,2000,8,2,4.0,5.000000000000003,0.01,0.7500000000000002,3.0,6,393,41,66,0,0.989963423651712,0.06441809958073778,success
1557,2000,8,2,4.0,5.000000000000003,0.01,0.7600000000000002,3.0,6,393,41,66,0,0.989963423651712,0.06441809958073778,success
1558,2000,8,2,4.0,5.000000000000003,0.01,0.7700000000000002,3.0,6,393,41,66,0,0.989963423651712,0.06441809958073778,success
1560,2000,8,2,4.0,5.000000000000003,0.01,0.7900000000000003,3.0,6,393,41,66,0,0.989963423651712,0.06441809958073778,success
1559,2000,8,2,4.0,5.000000000000003,0.01,0.7800000000000002,3.0,6,393,41,66,0,0.989963423651712,0.06441809958073778,success
1561,2000,8,2,4.0,5.000000000000003,0.01,0.8000000000000003,3.0,6,393,41,66,0,0.989963423651712,0.06441809958073778,success
1562,2000,8,2,4.0,5.000000000000003,0.01,0.8100000000000003,3.0,6,393,41,66,0,0.989963423651712,0.06441809958073778,success
1563,2000,8,2,4.0,5.000000000000003,0.01,0.8200000000000003,3.0,6,393,41,66,0,0.989963423651712,0.06441809958073778,success
1564,2000,8,2,4.0,5.000000000000003,0.01,0.8300000000000003,3.0,6,393,41,66,0,0.989963423651712,0.06441809958073778,success
1565,2000,8,2,4.0,5.000000000000003,0.01,0.8400000000000003,3.0,6,393,41,66,0,0.989963423651712,0.06441809958073778,success
1566,2000,8,2,4.0,5.000000000000003,0.01,0.8500000000000003,3.0,6,393,41,66,0,0.989963423651712,0.06441809958073778,success
1567,2000,8,2,4.0,5.000000000000003,0.01,0.8600000000000003,3.0,6,393,41,66,0,0.989963423651712,0.06441809958073778,success
1568,2000,8,2,4.0,5.000000000000003,0.01,0.8700000000000003,3.0,6,393,41,66,0,0.989963423651712,0.06441809958073778,success
1569,2000,8,2,4.0,5.000000000000003,0.01,0.8800000000000003,3.0,6,393,41,66,0,0.989963423651712,0.06441809958073778,success
1570,2000,8,2,4.0,5.000000000000003,0.01,0.8900000000000003,3.0,6,393,41,66,0,0.989963423651712,0.06441809958073778,success
1571,2000,8,2,4.0,5.000000000000003,0.01,0.9000000000000004,3.0,6,393,41,66,0,0.989963423651712,0.06441809958073778,success
1573,2000,8,2,4.0,5.000000000000003,0.01,0.9200000000000004,3.0,6,393,41,66,0,0.989963423651712,0.06441809958073778,success
1572,2000,8,2,4.0,5.000000000000003,0.01,0.9100000000000004,3.0,6,393,41,66,0,0.989963423651712,0.06441809958073778,success
1574,2000,8,2,4.0,5.000000000000003,0.01,0.9300000000000004,3.0,6,393,41,66,0,0.989963423651712,0.06441809958073778,success
1575,2000,8,2,4.0,5.000000000000003,0.01,0.9400000000000004,3.0,6,393,41,66,0,0.989963423651712,0.06441809958073778,success
1576,2000,8,2,4.0,5.000000000000003,0.01,0.9500000000000004,3.0,6,393,41,66,0,0.989963423651712,0.06441809958073778,success
1577,2000,8,2,4.0,5.000000000000003,0.01,0.9600000000000004,3.0,6,393,41,66,0,0.989963423651712,0.06441809958073778,success
1578,2000,8,2,4.0,5.000000000000003,0.01,0.9700000000000004,3.0,6,393,41,66,0,0.989963423651712,0.06441809958073778,success
1579,2000,8,2,4.0,5.000000000000003,0.01,0.9800000000000004,3.0,6,393,41,66,0,0.989963423651712,0.06441809958073778,success
1580,2000,8,2,4.0,5.000000000000003,0.01,0.9900000000000004,3.0,6,393,41,66,0,0.989963423651712,0.06441809958073778,success
1581,2000,8,2,4.0,5.000000000000003,0.01,1.0000000000000004,3.0,6,393,41,66,0,0.989963423651712,0.06441809958073778,success
