combination_id,n,k,p,q,thrshld,p1,p2,beta,seeds,case_A_count,case_B_count,case_C_count,case_Invalid_count,delta_star_mean,delta_star_std,status
1,2000,8,4,0.0,3.0,0.01,0.5,1.0,3,484,16,0,0,,,success
2,2000,8,4,0.0,3.0,0.01,0.5,1.2,3,475,10,15,0,0.9412007972219182,0.15676521805137894,success
7,2000,8,4,0.0,3.0,0.01,0.5,2.1999999999999997,3,473,8,19,0,0.6477412966670391,0.32877194725889913,success
4,2000,8,4,0.0,3.0,0.01,0.5,1.5999999999999999,3,459,16,25,0,0.8632318267767977,0.25120594509667854,success
3,2000,8,4,0.0,3.0,0.01,0.5,1.4,3,465,17,18,0,0.8748608844111668,0.2432354200678673,success
5,2000,8,4,0.0,3.0,0.01,0.5,1.7999999999999998,3,461,12,27,0,0.7570772960203969,0.29265992339299507,success
6,2000,8,4,0.0,3.0,0.01,0.5,1.9999999999999998,3,477,6,17,0,0.6032672594996201,0.3174613985591916,success
9,2000,8,4,0.0,3.0,0.01,0.5,2.5999999999999996,3,473,6,21,0,0.6105619546132658,0.3063003130691939,success
10,2000,8,4,0.0,3.0,0.01,0.5,2.8,3,473,4,23,0,0.5643023106762829,0.29100401538863524,success
8,2000,8,4,0.0,3.0,0.01,0.5,2.3999999999999995,3,471,7,22,0,0.6531370082137219,0.30820420123209086,success
11,2000,8,4,0.0,3.0,0.01,0.5,2.9999999999999996,3,473,3,24,0,0.5307476820071865,0.27648777893846777,success
12,2000,8,4,0.0,3.0,0.01,0.5,3.1999999999999993,3,473,4,23,0,0.5003351917298743,0.2517811603972059,success
14,2000,8,4,0.0,3.0,0.01,0.5,3.5999999999999996,3,472,2,26,0,0.5438101715352509,0.2921511789129397,success
13,2000,8,4,0.0,3.0,0.01,0.5,3.3999999999999995,3,472,4,24,0,0.5109181311384178,0.2693991772783227,success
15,2000,8,4,0.0,3.0,0.01,0.5,3.7999999999999994,3,472,3,25,0,0.495951277757516,0.2536713425436781,success
16,2000,8,4,0.0,3.0,0.01,0.5,3.999999999999999,3,472,2,26,0,0.4687590990779692,0.2620979841983702,success
19,2000,8,4,0.0,3.0,0.01,0.5,4.6,3,473,2,25,0,0.46279405899202203,0.24167960344350378,success
18,2000,8,4,0.0,3.0,0.01,0.5,4.3999999999999995,3,473,3,24,0,0.465145412475684,0.24428743262705788,success
20,2000,8,4,0.0,3.0,0.01,0.5,4.799999999999999,3,472,4,24,0,0.4135681706458803,0.1744071304350879,success
17,2000,8,4,0.0,3.0,0.01,0.5,4.199999999999999,3,472,3,25,0,0.4512451089612293,0.25700242862672024,success
21,2000,8,4,0.0,3.0,0.01,0.5,4.999999999999999,3,472,3,25,0,0.42373477049032787,0.1792444114833107,success
22,2000,8,4,0.0,3.0,0.01,0.5,5.199999999999999,3,472,2,26,0,0.44177850228699256,0.20603225740289713,success
23,2000,8,4,0.0,3.0,0.01,0.5,5.399999999999999,3,472,2,26,0,0.4374108283196722,0.20478038847064217,success
24,2000,8,4,0.0,3.0,0.01,0.5,5.599999999999999,3,472,2,26,0,0.44898806251732926,0.2276614612426698,success
25,2000,8,4,0.0,3.0,0.01,0.5,5.799999999999999,3,472,2,26,0,0.446421145849266,0.2274245110537157,success
26,2000,8,4,0.0,3.0,0.01,0.5,5.999999999999999,3,472,2,26,0,0.4458052707388544,0.22735876200948657,success
27,2000,8,4,0.0,3.0,0.01,0.5,6.199999999999999,3,472,2,26,0,0.4451127875008154,0.22702138033136596,success
28,2000,8,4,0.0,3.0,0.01,0.5,6.399999999999999,3,471,3,26,0,0.40618849480812896,0.21269919269334112,success
29,2000,8,4,0.0,3.0,0.01,0.5,6.599999999999999,3,470,2,28,0,0.4128492706303864,0.24671255295529726,success
30,2000,8,4,0.0,3.0,0.01,0.5,6.799999999999999,3,469,1,30,0,0.37394605613465187,0.19802768900727036,success
31,2000,8,4,0.0,3.0,0.01,0.5,6.999999999999998,3,469,1,30,0,0.37396071715781726,0.19804868881429455,success
32,2000,8,4,0.0,3.0,0.01,0.5,7.199999999999998,3,469,1,30,0,0.3748827276562841,0.19900901509803384,success
47,2000,8,4,0.0,3.0,0.01,0.51,1.0,3,484,16,0,0,,,success
48,2000,8,4,0.0,3.0,0.01,0.51,1.2,3,475,10,15,0,0.9412007972219182,0.15676521805137894,success
49,2000,8,4,0.0,3.0,0.01,0.51,1.4,3,465,17,18,0,0.8748608844111668,0.2432354200678673,success
50,2000,8,4,0.0,3.0,0.01,0.51,1.5999999999999999,3,460,15,25,0,0.8632318267767977,0.25120594509667854,success
53,2000,8,4,0.0,3.0,0.01,0.51,2.1999999999999997,3,474,8,18,0,0.6264732174593685,0.32841571068181136,success
52,2000,8,4,0.0,3.0,0.01,0.51,1.9999999999999998,3,478,6,16,0,0.5784714632183464,0.3104055048487409,success
51,2000,8,4,0.0,3.0,0.01,0.51,1.7999999999999998,3,464,11,25,0,0.7376434797020286,0.2957639042332662,success
54,2000,8,4,0.0,3.0,0.01,0.51,2.3999999999999995,3,471,7,22,0,0.6469695432591404,0.31034891623782046,success
55,2000,8,4,0.0,3.0,0.01,0.51,2.5999999999999996,3,473,6,21,0,0.6047454908490009,0.30712109256982234,success
56,2000,8,4,0.0,3.0,0.01,0.51,2.8,3,473,4,23,0,0.5589916263697802,0.2909126727530151,success
57,2000,8,4,0.0,3.0,0.01,0.51,2.9999999999999996,3,473,3,24,0,0.5207158218486851,0.2737481523555251,success
58,2000,8,4,0.0,3.0,0.01,0.51,3.1999999999999993,3,473,4,23,0,0.48840126046939586,0.24576809249005696,success
59,2000,8,4,0.0,3.0,0.01,0.51,3.3999999999999995,3,472,4,24,0,0.5013328284356081,0.265573498232496,success
60,2000,8,4,0.0,3.0,0.01,0.51,3.5999999999999996,3,472,2,26,0,0.5317335250178538,0.2894734118966945,success
61,2000,8,4,0.0,3.0,0.01,0.51,3.7999999999999994,3,472,3,25,0,0.4729228025371534,0.2511655077822459,success
62,2000,8,4,0.0,3.0,0.01,0.51,3.999999999999999,3,472,2,26,0,0.4506702371720742,0.26243996557347854,success
63,2000,8,4,0.0,3.0,0.01,0.51,4.199999999999999,3,472,3,25,0,0.43558807962586266,0.258031115384126,success
64,2000,8,4,0.0,3.0,0.01,0.51,4.3999999999999995,3,473,3,24,0,0.44471450536526397,0.23424592811629943,success
33,2000,8,4,0.0,3.0,0.01,0.5,7.399999999999999,3,469,1,30,0,0.37418558397738005,0.19845143082863403,success
34,2000,8,4,0.0,3.0,0.01,0.5,7.599999999999999,3,469,1,30,0,0.37357345844165096,0.19780077237873353,success
35,2000,8,4,0.0,3.0,0.01,0.5,7.799999999999999,3,469,0,31,0,0.39225777099194303,0.22348197062743339,success
36,2000,8,4,0.0,3.0,0.01,0.5,7.999999999999998,3,469,0,31,0,0.37732594080051346,0.1951749418002527,success
37,2000,8,4,0.0,3.0,0.01,0.5,8.2,3,469,0,31,0,0.37690603090267766,0.19481783433246566,success
38,2000,8,4,0.0,3.0,0.01,0.5,8.399999999999999,3,469,0,31,0,0.377740550617041,0.19568723970091845,success
39,2000,8,4,0.0,3.0,0.01,0.5,8.599999999999998,3,469,0,31,0,0.3777460260488784,0.19568885866021876,success
40,2000,8,4,0.0,3.0,0.01,0.5,8.799999999999997,3,469,0,31,0,0.3777303474457475,0.19568298260646674,success
65,2000,8,4,0.0,3.0,0.01,0.51,4.6,3,473,2,25,0,0.45549001779545994,0.24359687229678947,success
66,2000,8,4,0.0,3.0,0.01,0.51,4.799999999999999,3,472,4,24,0,0.40674172770332007,0.17464927395836946,success
67,2000,8,4,0.0,3.0,0.01,0.51,4.999999999999999,3,472,3,25,0,0.41733185445005255,0.17990764713224014,success
69,2000,8,4,0.0,3.0,0.01,0.51,5.399999999999999,3,472,2,26,0,0.43075693520177727,0.20616609212045184,success
68,2000,8,4,0.0,3.0,0.01,0.51,5.199999999999999,3,472,2,26,0,0.4352237608891904,0.20760263153186376,success
70,2000,8,4,0.0,3.0,0.01,0.51,5.599999999999999,3,472,2,26,0,0.4423311516586068,0.22926045590588132,success
71,2000,8,4,0.0,3.0,0.01,0.51,5.799999999999999,3,472,2,26,0,0.4399245589625428,0.22874330581627197,success
41,2000,8,4,0.0,3.0,0.01,0.5,8.999999999999998,3,469,0,31,0,0.37715701719156264,0.19510578818997854,success
72,2000,8,4,0.0,3.0,0.01,0.51,5.999999999999999,3,472,2,26,0,0.43930920570967896,0.22865941744254392,success
42,2000,8,4,0.0,3.0,0.01,0.5,9.199999999999998,3,469,0,31,0,0.3773595141880872,0.1952749322251268,success
43,2000,8,4,0.0,3.0,0.01,0.5,9.399999999999999,3,469,0,31,0,0.37732243412028993,0.19525222835667438,success
73,2000,8,4,0.0,3.0,0.01,0.51,6.199999999999999,3,472,2,26,0,0.4386814797386332,0.22823505164545194,success
44,2000,8,4,0.0,3.0,0.01,0.5,9.599999999999998,3,469,0,31,0,0.37732285736288823,0.1952524433270253,success
74,2000,8,4,0.0,3.0,0.01,0.51,6.399999999999999,3,471,3,26,0,0.3997455253703451,0.21276630491087578,success
46,2000,8,4,0.0,3.0,0.01,0.5,9.999999999999998,3,468,0,32,0,0.3664625828298332,0.20206928930814333,success
45,2000,8,4,0.0,3.0,0.01,0.5,9.799999999999997,3,468,0,32,0,0.36631549362080373,0.20192351905803133,success
75,2000,8,4,0.0,3.0,0.01,0.51,6.599999999999999,3,470,2,28,0,0.40691786316362777,0.24692239779783265,success
76,2000,8,4,0.0,3.0,0.01,0.51,6.799999999999999,3,469,1,30,0,0.3678643043160485,0.1966265048546939,success
77,2000,8,4,0.0,3.0,0.01,0.51,6.999999999999998,3,469,1,30,0,0.36788724577857174,0.19665889461872352,success
78,2000,8,4,0.0,3.0,0.01,0.51,7.199999999999998,3,469,1,30,0,0.3691232106841524,0.19795012700714956,success
79,2000,8,4,0.0,3.0,0.01,0.51,7.399999999999999,3,469,1,30,0,0.3684033156899981,0.19734719699723233,success
80,2000,8,4,0.0,3.0,0.01,0.51,7.599999999999999,3,469,1,30,0,0.3677924093447412,0.19667567648292744,success
81,2000,8,4,0.0,3.0,0.01,0.51,7.799999999999999,3,469,0,31,0,0.38683830125435376,0.22316986717465853,success
82,2000,8,4,0.0,3.0,0.01,0.51,7.999999999999998,3,469,0,31,0,0.3718437933450606,0.19432218633479756,success
93,2000,8,4,0.0,3.0,0.01,0.52,1.0,3,485,15,0,0,,,success
94,2000,8,4,0.0,3.0,0.01,0.52,1.2,3,476,9,15,0,0.9412007972219182,0.15676521805137894,success
95,2000,8,4,0.0,3.0,0.01,0.52,1.4,3,466,16,18,0,0.8748608844111668,0.2432354200678673,success
96,2000,8,4,0.0,3.0,0.01,0.52,1.5999999999999999,3,462,14,24,0,0.8660254774319437,0.242640650909163,success
98,2000,8,4,0.0,3.0,0.01,0.52,1.9999999999999998,3,481,4,15,0,0.5503695607662363,0.2994926186144213,success
97,2000,8,4,0.0,3.0,0.01,0.52,1.7999999999999998,3,467,9,24,0,0.7475452913562798,0.29786219199879727,success
83,2000,8,4,0.0,3.0,0.01,0.51,8.2,3,469,0,31,0,0.3715196377333616,0.19403669269846752,success
99,2000,8,4,0.0,3.0,0.01,0.52,2.1999999999999997,3,476,6,18,0,0.6264732174593685,0.32841571068181136,success
100,2000,8,4,0.0,3.0,0.01,0.52,2.3999999999999995,3,473,6,21,0,0.6441068895134279,0.3177152384338562,success
101,2000,8,4,0.0,3.0,0.01,0.52,2.5999999999999996,3,475,5,20,0,0.606116599009489,0.3150336436702369,success
102,2000,8,4,0.0,3.0,0.01,0.52,2.8,3,475,4,21,0,0.5650141009637242,0.3032983846012607,success
103,2000,8,4,0.0,3.0,0.01,0.52,2.9999999999999996,3,475,3,22,0,0.5250423895865072,0.28549760162595694,success
104,2000,8,4,0.0,3.0,0.01,0.52,3.1999999999999993,3,475,4,21,0,0.4896750381276492,0.25720809301421305,success
105,2000,8,4,0.0,3.0,0.01,0.52,3.3999999999999995,3,474,4,22,0,0.5066806883589025,0.2761433604882812,success
106,2000,8,4,0.0,3.0,0.01,0.52,3.5999999999999996,3,474,2,24,0,0.539825349594704,0.29955836603279296,success
107,2000,8,4,0.0,3.0,0.01,0.52,3.7999999999999994,3,474,3,23,0,0.47752315206689033,0.26042937455729404,success
84,2000,8,4,0.0,3.0,0.01,0.51,8.399999999999999,3,469,0,31,0,0.3723607678418453,0.19494299798165007,success
108,2000,8,4,0.0,3.0,0.01,0.52,3.999999999999999,3,474,2,24,0,0.4536320886815652,0.27233321959017465,success
109,2000,8,4,0.0,3.0,0.01,0.52,4.199999999999999,3,474,3,23,0,0.43100118379211755,0.2557562830971421,success
85,2000,8,4,0.0,3.0,0.01,0.51,8.599999999999998,3,469,0,31,0,0.3723662443846774,0.19494478075354799,success
110,2000,8,4,0.0,3.0,0.01,0.52,4.3999999999999995,3,475,3,22,0,0.4471138851605552,0.24380614887372562,success
111,2000,8,4,0.0,3.0,0.01,0.52,4.6,3,475,2,23,0,0.4589748901613542,0.25291229409421484,success
86,2000,8,4,0.0,3.0,0.01,0.51,8.799999999999997,3,469,0,31,0,0.37235288824632506,0.1949402620446053,success
112,2000,8,4,0.0,3.0,0.01,0.52,4.799999999999999,3,474,4,22,0,0.40602303265457135,0.1810194430175988,success
87,2000,8,4,0.0,3.0,0.01,0.51,8.999999999999998,3,469,0,31,0,0.37177955798849943,0.19434446998276222,success
113,2000,8,4,0.0,3.0,0.01,0.52,4.999999999999999,3,474,3,23,0,0.41775245241563025,0.18637867800039348,success
88,2000,8,4,0.0,3.0,0.01,0.51,9.199999999999998,3,469,0,31,0,0.37179170419381213,0.19435462413854407,success
89,2000,8,4,0.0,3.0,0.01,0.51,9.399999999999999,3,469,0,31,0,0.37175940300472005,0.19433379214619326,success
114,2000,8,4,0.0,3.0,0.01,0.52,5.199999999999999,3,474,2,24,0,0.43697976773337643,0.21505498100079287,success
115,2000,8,4,0.0,3.0,0.01,0.52,5.399999999999999,3,474,2,24,0,0.4299911851327902,0.21208121900518825,success
116,2000,8,4,0.0,3.0,0.01,0.52,5.599999999999999,3,474,2,24,0,0.4424975716292004,0.23645832021422755,success
117,2000,8,4,0.0,3.0,0.01,0.52,5.799999999999999,3,474,2,24,0,0.4400037226715476,0.23593310264911913,success
90,2000,8,4,0.0,3.0,0.01,0.51,9.599999999999998,3,469,0,31,0,0.3717596763411824,0.19433389557720177,success
118,2000,8,4,0.0,3.0,0.01,0.52,5.999999999999999,3,474,2,24,0,0.43997576862067755,0.23594257432445315,success
92,2000,8,4,0.0,3.0,0.01,0.51,9.999999999999998,3,468,0,32,0,0.36108111512478025,0.2009209442005335,success
91,2000,8,4,0.0,3.0,0.01,0.51,9.799999999999997,3,468,0,32,0,0.3609272731488681,0.20076291902192278,success
119,2000,8,4,0.0,3.0,0.01,0.52,6.199999999999999,3,474,2,24,0,0.4395359786955297,0.23574177771487934,success
120,2000,8,4,0.0,3.0,0.01,0.52,6.399999999999999,3,473,3,24,0,0.39718709615149916,0.21931329498557206,success
121,2000,8,4,0.0,3.0,0.01,0.52,6.599999999999999,3,472,2,26,0,0.40515588117424756,0.25468685593740303,success
122,2000,8,4,0.0,3.0,0.01,0.52,6.799999999999999,3,471,1,28,0,0.3635197716509881,0.2009552545042113,success
123,2000,8,4,0.0,3.0,0.01,0.52,6.999999999999998,3,471,1,28,0,0.36350009589807286,0.20095404302474565,success
124,2000,8,4,0.0,3.0,0.01,0.52,7.199999999999998,3,471,1,28,0,0.3648892884878386,0.20238581753727491,success
125,2000,8,4,0.0,3.0,0.01,0.52,7.399999999999999,3,471,1,28,0,0.3643134494576154,0.20193525405553198,success
126,2000,8,4,0.0,3.0,0.01,0.52,7.599999999999999,3,471,1,28,0,0.3636608911654734,0.2012192213732256,success
139,2000,8,4,0.0,3.0,0.01,0.53,1.0,3,485,15,0,0,,,success
127,2000,8,4,0.0,3.0,0.01,0.52,7.799999999999999,3,471,0,29,0,0.3841634742136363,0.22909280719489916,success
140,2000,8,4,0.0,3.0,0.01,0.53,1.2,3,476,9,15,0,0.9300874472231807,0.19218436307880005,success
141,2000,8,4,0.0,3.0,0.01,0.53,1.4,3,466,14,20,0,0.8832098084691034,0.2441814630675285,success
142,2000,8,4,0.0,3.0,0.01,0.53,1.5999999999999999,3,463,12,25,0,0.8680524683339084,0.24728949882385437,success
128,2000,8,4,0.0,3.0,0.01,0.52,7.999999999999998,3,471,0,29,0,0.36811424967203554,0.1986639778652586,success
143,2000,8,4,0.0,3.0,0.01,0.53,1.7999999999999998,3,467,9,24,0,0.7440744684388241,0.3033340957960314,success
144,2000,8,4,0.0,3.0,0.01,0.53,1.9999999999999998,3,481,4,15,0,0.5448162440983071,0.30453495939009134,success
129,2000,8,4,0.0,3.0,0.01,0.52,8.2,3,471,0,29,0,0.36774298149745577,0.1983445486957942,success
145,2000,8,4,0.0,3.0,0.01,0.53,2.1999999999999997,3,476,6,18,0,0.6243070819876186,0.33106692635566903,success
146,2000,8,4,0.0,3.0,0.01,0.53,2.3999999999999995,3,473,6,21,0,0.6419773752970306,0.3204108616616298,success
147,2000,8,4,0.0,3.0,0.01,0.53,2.5999999999999996,3,475,5,20,0,0.6038806090822721,0.3176126479935317,success
148,2000,8,4,0.0,3.0,0.01,0.53,2.8,3,475,4,21,0,0.5628845867473269,0.30554272415224515,success
149,2000,8,4,0.0,3.0,0.01,0.53,2.9999999999999996,3,475,3,22,0,0.5216841473220729,0.2883442222455876,success
130,2000,8,4,0.0,3.0,0.01,0.52,8.399999999999999,3,471,0,29,0,0.36873640439416927,0.19940072862446145,success
150,2000,8,4,0.0,3.0,0.01,0.53,3.1999999999999993,3,476,3,21,0,0.48633011571947843,0.25992075438282747,success
151,2000,8,4,0.0,3.0,0.01,0.53,3.3999999999999995,3,475,3,22,0,0.5018619177553588,0.2784326817454287,success
152,2000,8,4,0.0,3.0,0.01,0.53,3.5999999999999996,3,475,1,24,0,0.5359518220127798,0.3021340614251432,success
153,2000,8,4,0.0,3.0,0.01,0.53,3.7999999999999994,3,475,2,23,0,0.4713669516773625,0.262749574453106,success
131,2000,8,4,0.0,3.0,0.01,0.52,8.599999999999998,3,471,0,29,0,0.36874224103484005,0.1994027055666424,success
154,2000,8,4,0.0,3.0,0.01,0.53,3.999999999999999,3,475,2,23,0,0.466994768923291,0.26294066400224114,success
132,2000,8,4,0.0,3.0,0.01,0.52,8.799999999999997,3,471,0,29,0,0.3687234327911181,0.19939858224367546,success
155,2000,8,4,0.0,3.0,0.01,0.53,4.199999999999999,3,475,3,22,0,0.44466623459397103,0.24588102655132799,success
156,2000,8,4,0.0,3.0,0.01,0.53,4.3999999999999995,3,475,3,22,0,0.4426882066593556,0.24592499682377025,success
133,2000,8,4,0.0,3.0,0.01,0.52,8.999999999999998,3,471,0,29,0,0.36809086641789357,0.19874456625549844,success
134,2000,8,4,0.0,3.0,0.01,0.52,9.199999999999998,3,471,0,29,0,0.36810385266877216,0.19875541152472861,success
135,2000,8,4,0.0,3.0,0.01,0.52,9.399999999999999,3,471,0,29,0,0.36803202339661706,0.1987024618276018,success
157,2000,8,4,0.0,3.0,0.01,0.53,4.6,3,475,2,23,0,0.45437852561445874,0.25486804319041834,success
158,2000,8,4,0.0,3.0,0.01,0.53,4.799999999999999,3,474,4,22,0,0.40116781999189416,0.182225008677411,success
136,2000,8,4,0.0,3.0,0.01,0.52,9.599999999999998,3,471,0,29,0,0.3680322988014216,0.19870256479642887,success
137,2000,8,4,0.0,3.0,0.01,0.52,9.799999999999997,3,470,0,30,0,0.3566019255640301,0.20504740836546884,success
138,2000,8,4,0.0,3.0,0.01,0.52,9.999999999999998,3,470,0,30,0,0.3567980482525026,0.20524893509223172,success
159,2000,8,4,0.0,3.0,0.01,0.53,4.999999999999999,3,474,3,23,0,0.41325743405697,0.1879752335769288,success
160,2000,8,4,0.0,3.0,0.01,0.53,5.199999999999999,3,474,2,24,0,0.4330020863671651,0.21702285361868054,success
161,2000,8,4,0.0,3.0,0.01,0.53,5.399999999999999,3,474,2,24,0,0.42558243490550374,0.213620389955859,success
162,2000,8,4,0.0,3.0,0.01,0.53,5.599999999999999,3,474,2,24,0,0.4381866803855379,0.23810736268346855,success
163,2000,8,4,0.0,3.0,0.01,0.53,5.799999999999999,3,474,2,24,0,0.4356327058922178,0.23751946197486465,success
164,2000,8,4,0.0,3.0,0.01,0.53,5.999999999999999,3,474,2,24,0,0.4355913892679058,0.23752569238163804,success
165,2000,8,4,0.0,3.0,0.01,0.53,6.199999999999999,3,474,2,24,0,0.435095110068434,0.23731819905065565,success
166,2000,8,4,0.0,3.0,0.01,0.53,6.399999999999999,3,473,3,24,0,0.3931951765516087,0.22042704310005026,success
167,2000,8,4,0.0,3.0,0.01,0.53,6.599999999999999,3,472,2,26,0,0.40147027909108374,0.2556917069175424,success
168,2000,8,4,0.0,3.0,0.01,0.53,6.799999999999999,3,471,1,28,0,0.3600989123002459,0.20140427055275298,success
169,2000,8,4,0.0,3.0,0.01,0.53,6.999999999999998,3,471,1,28,0,0.36009082981227136,0.20141285178017904,success
170,2000,8,4,0.0,3.0,0.01,0.53,7.199999999999998,3,471,1,28,0,0.36147089494569407,0.20286055591604388,success
185,2000,8,4,0.0,3.0,0.01,0.54,1.0,3,485,15,0,0,,,success
171,2000,8,4,0.0,3.0,0.01,0.53,7.399999999999999,3,471,1,28,0,0.360830204652919,0.2023473716147833,success
186,2000,8,4,0.0,3.0,0.01,0.54,1.2,3,476,9,15,0,0.9300874472231807,0.19218436307880005,success
187,2000,8,4,0.0,3.0,0.01,0.54,1.4,3,466,14,20,0,0.8832098084691034,0.2441814630675285,success
172,2000,8,4,0.0,3.0,0.01,0.53,7.599999999999999,3,471,1,28,0,0.3601652446665399,0.20161096050766156,success
188,2000,8,4,0.0,3.0,0.01,0.54,1.5999999999999999,3,464,11,25,0,0.8680524683339084,0.24728949882385437,success
191,2000,8,4,0.0,3.0,0.01,0.54,2.1999999999999997,3,477,5,18,0,0.6243070819876186,0.33106692635566903,success
189,2000,8,4,0.0,3.0,0.01,0.54,1.7999999999999998,3,469,8,23,0,0.7329472714144248,0.3051021127833479,success
190,2000,8,4,0.0,3.0,0.01,0.54,1.9999999999999998,3,482,3,15,0,0.5448162440983071,0.30453495939009134,success
173,2000,8,4,0.0,3.0,0.01,0.53,7.799999999999999,3,471,0,29,0,0.3807874569379831,0.2297371518945447,success
192,2000,8,4,0.0,3.0,0.01,0.54,2.3999999999999995,3,475,5,20,0,0.6321965733563053,0.32550232346502034,success
193,2000,8,4,0.0,3.0,0.01,0.54,2.5999999999999996,3,477,5,18,0,0.5598673434247468,0.3037014719843288,success
194,2000,8,4,0.0,3.0,0.01,0.54,2.8,3,477,4,19,0,0.54564304418822,0.30353593312293253,success
174,2000,8,4,0.0,3.0,0.01,0.53,7.999999999999998,3,471,0,29,0,0.36474208721817886,0.19912883254146904,success
195,2000,8,4,0.0,3.0,0.01,0.54,2.9999999999999996,3,477,3,20,0,0.5026616414207832,0.28101220510985514,success
196,2000,8,4,0.0,3.0,0.01,0.54,3.1999999999999993,3,478,3,19,0,0.4625849482862689,0.2441195838099358,success
175,2000,8,4,0.0,3.0,0.01,0.53,8.2,3,471,0,29,0,0.36437577924527603,0.198806474952261,success
197,2000,8,4,0.0,3.0,0.01,0.54,3.3999999999999995,3,477,3,20,0,0.482418362397586,0.26757960604142994,success
198,2000,8,4,0.0,3.0,0.01,0.54,3.5999999999999996,3,476,1,23,0,0.543520247203119,0.3060328867336055,success
176,2000,8,4,0.0,3.0,0.01,0.53,8.399999999999999,3,471,0,29,0,0.36544092181147303,0.19993457264977235,success
199,2000,8,4,0.0,3.0,0.01,0.54,3.7999999999999994,3,476,2,22,0,0.47638463367259265,0.26713115977764146,success
177,2000,8,4,0.0,3.0,0.01,0.53,8.599999999999998,3,471,0,29,0,0.3654480079964866,0.19993819400060062,success
200,2000,8,4,0.0,3.0,0.01,0.54,3.999999999999999,3,476,2,22,0,0.4718218772933168,0.2674118786131103,success
178,2000,8,4,0.0,3.0,0.01,0.53,8.799999999999997,3,471,0,29,0,0.3654284374748952,0.19993330853684127,success
179,2000,8,4,0.0,3.0,0.01,0.53,8.999999999999998,3,471,0,29,0,0.36478804950210547,0.19926347167617708,success
201,2000,8,4,0.0,3.0,0.01,0.54,4.199999999999999,3,476,3,21,0,0.4487291718094387,0.2505446815679935,success
202,2000,8,4,0.0,3.0,0.01,0.54,4.3999999999999995,3,476,3,21,0,0.44661275369619635,0.2507995014183152,success
181,2000,8,4,0.0,3.0,0.01,0.53,9.399999999999999,3,471,0,29,0,0.36476605662390554,0.19925129328979005,success
180,2000,8,4,0.0,3.0,0.01,0.53,9.199999999999998,3,471,0,29,0,0.3648009452928941,0.19927454111576046,success
203,2000,8,4,0.0,3.0,0.01,0.54,4.6,3,476,2,22,0,0.4585755081071129,0.25954426218537746,success
204,2000,8,4,0.0,3.0,0.01,0.54,4.799999999999999,3,475,4,21,0,0.40363533334215246,0.18564451742146915,success
205,2000,8,4,0.0,3.0,0.01,0.54,4.999999999999999,3,475,3,22,0,0.4160509733501365,0.19122185423441626,success
182,2000,8,4,0.0,3.0,0.01,0.53,9.599999999999998,3,471,0,29,0,0.3647663270352571,0.1992514010913379,success
184,2000,8,4,0.0,3.0,0.01,0.53,9.999999999999998,3,470,0,30,0,0.3536186393300998,0.20556108348204255,success
183,2000,8,4,0.0,3.0,0.01,0.53,9.799999999999997,3,470,0,30,0,0.3534432829052948,0.20537915580211175,success
206,2000,8,4,0.0,3.0,0.01,0.54,5.199999999999999,3,475,2,23,0,0.43635549061760054,0.22048239276630444,success
207,2000,8,4,0.0,3.0,0.01,0.54,5.399999999999999,3,475,2,23,0,0.4283838210673322,0.21717608972978641,success
208,2000,8,4,0.0,3.0,0.01,0.54,5.599999999999999,3,475,2,23,0,0.4415231005047517,0.2421955784302068,success
209,2000,8,4,0.0,3.0,0.01,0.54,5.799999999999999,3,475,2,23,0,0.438859596470823,0.24162906892348934,success
210,2000,8,4,0.0,3.0,0.01,0.54,5.999999999999999,3,475,2,23,0,0.43884029055819945,0.24162735866394874,success
211,2000,8,4,0.0,3.0,0.01,0.54,6.199999999999999,3,475,2,23,0,0.4383203613096646,0.24142058705364983,success
212,2000,8,4,0.0,3.0,0.01,0.54,6.399999999999999,3,474,3,23,0,0.39470003756863564,0.2245148509629394,success
213,2000,8,4,0.0,3.0,0.01,0.54,6.599999999999999,3,473,2,25,0,0.40328753470766043,0.26025707838304485,success
214,2000,8,4,0.0,3.0,0.01,0.54,6.799999999999999,3,472,1,27,0,0.36024920605014177,0.20461047557216855,success
215,2000,8,4,0.0,3.0,0.01,0.54,6.999999999999998,3,472,1,27,0,0.36024088171109686,0.20461930699738065,success
216,2000,8,4,0.0,3.0,0.01,0.54,7.199999999999998,3,472,1,27,0,0.36167205115672435,0.20609783130236412,success
231,2000,8,4,0.0,3.0,0.01,0.55,1.0,3,486,14,0,0,,,success
217,2000,8,4,0.0,3.0,0.01,0.54,7.399999999999999,3,472,1,27,0,0.3610688796980338,0.20562256636837095,success
232,2000,8,4,0.0,3.0,0.01,0.55,1.2,3,477,8,15,0,0.9300874472231807,0.19218436307880005,success
233,2000,8,4,0.0,3.0,0.01,0.55,1.4,3,467,13,20,0,0.8832098084691034,0.2441814630675285,success
234,2000,8,4,0.0,3.0,0.01,0.55,1.5999999999999999,3,467,9,24,0,0.8625546545144879,0.25104258563122633,success
235,2000,8,4,0.0,3.0,0.01,0.55,1.7999999999999998,3,471,8,21,0,0.7075136782157988,0.3075469104327112,success
236,2000,8,4,0.0,3.0,0.01,0.55,1.9999999999999998,3,483,3,14,0,0.5123031186767576,0.2877485390844274,success
237,2000,8,4,0.0,3.0,0.01,0.55,2.1999999999999997,3,478,5,17,0,0.6022074985751256,0.3272845130509801,success
238,2000,8,4,0.0,3.0,0.01,0.55,2.3999999999999995,3,476,5,19,0,0.612838498269795,0.322376949999748,success
218,2000,8,4,0.0,3.0,0.01,0.54,7.599999999999999,3,472,1,27,0,0.3603966668053054,0.20487377057099848,success
239,2000,8,4,0.0,3.0,0.01,0.55,2.5999999999999996,3,478,5,17,0,0.5339771871556143,0.2918557082286923,success
240,2000,8,4,0.0,3.0,0.01,0.55,2.8,3,478,4,18,0,0.5452757683519917,0.31268547314401357,success
241,2000,8,4,0.0,3.0,0.01,0.55,2.9999999999999996,3,478,3,19,0,0.5000515167987021,0.2888253004375555,success
219,2000,8,4,0.0,3.0,0.01,0.54,7.799999999999999,3,472,0,28,0,0.38174732916588966,0.23340849414580472,success
242,2000,8,4,0.0,3.0,0.01,0.55,3.1999999999999993,3,479,3,18,0,0.45760333378882134,0.25064293042556446,success
243,2000,8,4,0.0,3.0,0.01,0.55,3.3999999999999995,3,478,3,19,0,0.481041043049177,0.27514317878271705,success
220,2000,8,4,0.0,3.0,0.01,0.54,7.999999999999998,3,472,0,28,0,0.36511983279913224,0.20220382465497322,success
244,2000,8,4,0.0,3.0,0.01,0.55,3.5999999999999996,3,477,1,22,0,0.5464998581269044,0.3130820117333305,success
245,2000,8,4,0.0,3.0,0.01,0.55,3.7999999999999994,3,477,2,21,0,0.47867687417281424,0.2736625794586351,success
221,2000,8,4,0.0,3.0,0.01,0.54,8.2,3,472,0,28,0,0.3647404411538423,0.20187533254443732,success
246,2000,8,4,0.0,3.0,0.01,0.55,3.999999999999999,3,477,2,21,0,0.473872854188276,0.27400805707811854,success
222,2000,8,4,0.0,3.0,0.01,0.54,8.399999999999999,3,472,0,28,0,0.3658520534001994,0.20303305892688275,success
223,2000,8,4,0.0,3.0,0.01,0.54,8.599999999999998,3,472,0,28,0,0.36585938759283204,0.2030367392331671,success
247,2000,8,4,0.0,3.0,0.01,0.55,4.199999999999999,3,477,3,20,0,0.44975803897186656,0.2571844214790037,success
224,2000,8,4,0.0,3.0,0.01,0.54,8.799999999999997,3,472,0,28,0,0.36583912883253655,0.20303179627969634,success
225,2000,8,4,0.0,3.0,0.01,0.54,8.999999999999998,3,472,0,28,0,0.3651758694858684,0.20234910232590564,success
226,2000,8,4,0.0,3.0,0.01,0.54,9.199999999999998,3,472,0,28,0,0.3651892231880738,0.20236037855671893,success
248,2000,8,4,0.0,3.0,0.01,0.55,4.3999999999999995,3,477,3,20,0,0.4476354083865791,0.2574313599524385,success
228,2000,8,4,0.0,3.0,0.01,0.54,9.599999999999998,3,472,0,28,0,0.36515373134899276,0.20233705947590952,success
227,2000,8,4,0.0,3.0,0.01,0.54,9.399999999999999,3,472,0,28,0,0.36515345681066785,0.2023369508079034,success
249,2000,8,4,0.0,3.0,0.01,0.55,4.6,3,477,2,21,0,0.46011190024530324,0.2659941435642748,success
230,2000,8,4,0.0,3.0,0.01,0.54,9.999999999999998,3,471,0,29,0,0.35360826799371914,0.20867639644071181,success
229,2000,8,4,0.0,3.0,0.01,0.54,9.799999999999997,3,471,0,29,0,0.3534268785060177,0.2084907750797764,success
250,2000,8,4,0.0,3.0,0.01,0.55,4.799999999999999,3,476,4,20,0,0.3992868493543896,0.1878017050295238,success
251,2000,8,4,0.0,3.0,0.01,0.55,4.999999999999999,3,476,3,21,0,0.4124994598535543,0.1937577481774013,success
252,2000,8,4,0.0,3.0,0.01,0.55,5.199999999999999,3,476,2,22,0,0.43359596334051065,0.22410797242747904,success
253,2000,8,4,0.0,3.0,0.01,0.55,5.399999999999999,3,476,2,22,0,0.42737469540006745,0.22203873925685672,success
254,2000,8,4,0.0,3.0,0.01,0.55,5.599999999999999,3,476,2,22,0,0.44111096506635855,0.24771348369776974,success
255,2000,8,4,0.0,3.0,0.01,0.55,5.799999999999999,3,476,2,22,0,0.42161972838369033,0.217767325387451,success
256,2000,8,4,0.0,3.0,0.01,0.55,5.999999999999999,3,476,2,22,0,0.42160612134593906,0.21776315555601397,success
257,2000,8,4,0.0,3.0,0.01,0.55,6.199999999999999,3,476,2,22,0,0.4210447681229415,0.2174683721712773,success
258,2000,8,4,0.0,3.0,0.01,0.55,6.399999999999999,3,475,2,23,0,0.39804786558072713,0.22582453645102418,success
259,2000,8,4,0.0,3.0,0.01,0.55,6.599999999999999,3,474,2,24,0,0.38001142426314694,0.2341820038229814,success
260,2000,8,4,0.0,3.0,0.01,0.55,6.799999999999999,3,473,1,26,0,0.352348526901076,0.20470546430854175,success
261,2000,8,4,0.0,3.0,0.01,0.55,6.999999999999998,3,473,1,26,0,0.35243861441415575,0.20481948534014716,success
262,2000,8,4,0.0,3.0,0.01,0.55,7.199999999999998,3,473,1,26,0,0.35391095135426337,0.2060746691199095,success
277,2000,8,4,0.0,3.0,0.01,0.56,1.0,3,487,13,0,0,,,success
263,2000,8,4,0.0,3.0,0.01,0.55,7.399999999999999,3,473,1,26,0,0.3537373208770402,0.2060332643682813,success
278,2000,8,4,0.0,3.0,0.01,0.56,1.2,3,478,8,14,0,0.9250936934534079,0.19842664225937726,success
279,2000,8,4,0.0,3.0,0.01,0.56,1.4,3,468,13,19,0,0.8770629562832667,0.2492777690235285,success
280,2000,8,4,0.0,3.0,0.01,0.56,1.5999999999999999,3,468,9,23,0,0.8565787699281613,0.25493333842508414,success
281,2000,8,4,0.0,3.0,0.01,0.56,1.7999999999999998,3,472,8,20,0,0.7262243746256418,0.3030254614171773,success
282,2000,8,4,0.0,3.0,0.01,0.56,1.9999999999999998,3,484,3,13,0,0.5260726085735128,0.29465840273397126,success
283,2000,8,4,0.0,3.0,0.01,0.56,2.1999999999999997,3,479,5,16,0,0.6209246530102066,0.32848664823686813,success
284,2000,8,4,0.0,3.0,0.01,0.56,2.3999999999999995,3,477,5,18,0,0.6300665799729044,0.32259756724992783,success
264,2000,8,4,0.0,3.0,0.01,0.55,7.599999999999999,3,473,1,26,0,0.35304176321828123,0.20524053416105995,success
285,2000,8,4,0.0,3.0,0.01,0.56,2.5999999999999996,3,479,5,16,0,0.5484299471269758,0.2950774015018117,success
286,2000,8,4,0.0,3.0,0.01,0.56,2.8,3,480,4,16,0,0.5337065281824197,0.3033720274778436,success
287,2000,8,4,0.0,3.0,0.01,0.56,2.9999999999999996,3,480,3,17,0,0.48357660400939567,0.2736716509748206,success
288,2000,8,4,0.0,3.0,0.01,0.56,3.1999999999999993,3,480,3,17,0,0.46839844454588025,0.25396146892209276,success
265,2000,8,4,0.0,3.0,0.01,0.55,7.799999999999999,3,473,0,27,0,0.3752680841393505,0.23558647300363875,success
289,2000,8,4,0.0,3.0,0.01,0.56,3.3999999999999995,3,479,3,18,0,0.4904131932896622,0.27965958481770226,success
290,2000,8,4,0.0,3.0,0.01,0.56,3.5999999999999996,3,478,1,21,0,0.5561454331918874,0.31620635872583,success
266,2000,8,4,0.0,3.0,0.01,0.55,7.999999999999998,3,473,0,27,0,0.35801092121186473,0.20281990077983794,success
291,2000,8,4,0.0,3.0,0.01,0.56,3.7999999999999994,3,478,2,20,0,0.48480472579403344,0.27770396210131537,success
267,2000,8,4,0.0,3.0,0.01,0.55,8.2,3,473,0,27,0,0.3577410947286476,0.2026268259623374,success
292,2000,8,4,0.0,3.0,0.01,0.56,3.999999999999999,3,478,2,20,0,0.4814367767217337,0.2782852266784689,success
268,2000,8,4,0.0,3.0,0.01,0.55,8.399999999999999,3,473,0,27,0,0.35817173179175693,0.20300868984197573,success
269,2000,8,4,0.0,3.0,0.01,0.55,8.599999999999998,3,473,0,27,0,0.3581778808061496,0.20301143101259947,success
270,2000,8,4,0.0,3.0,0.01,0.55,8.799999999999997,3,473,0,27,0,0.3581561556502711,0.2030052424850171,success
293,2000,8,4,0.0,3.0,0.01,0.56,4.199999999999999,3,478,3,19,0,0.45527254208900764,0.2616704098236573,success
271,2000,8,4,0.0,3.0,0.01,0.55,8.999999999999998,3,473,0,27,0,0.35793977926900333,0.20279687276181496,success
294,2000,8,4,0.0,3.0,0.01,0.56,4.3999999999999995,3,478,3,19,0,0.45365832568138503,0.2616659921373415,success
272,2000,8,4,0.0,3.0,0.01,0.55,9.199999999999998,3,473,0,27,0,0.35790132765337856,0.20277008305827085,success
273,2000,8,4,0.0,3.0,0.01,0.55,9.399999999999999,3,473,0,27,0,0.35785759357654146,0.20275458740231664,success
276,2000,8,4,0.0,3.0,0.01,0.55,9.999999999999998,3,472,0,28,0,0.34608897639339004,0.20878863434483702,success
274,2000,8,4,0.0,3.0,0.01,0.55,9.599999999999998,3,473,0,27,0,0.35785787505632316,0.20275470968481152,success
275,2000,8,4,0.0,3.0,0.01,0.55,9.799999999999997,3,472,0,28,0,0.3459709605779209,0.2086720957834696,success
295,2000,8,4,0.0,3.0,0.01,0.56,4.6,3,478,2,20,0,0.46544215921923693,0.26936660788122924,success
296,2000,8,4,0.0,3.0,0.01,0.56,4.799999999999999,3,477,4,19,0,0.40158686538855676,0.18882259130544576,success
297,2000,8,4,0.0,3.0,0.01,0.56,4.999999999999999,3,477,3,20,0,0.4153278236582863,0.1952438373441233,success
298,2000,8,4,0.0,3.0,0.01,0.56,5.199999999999999,3,477,2,21,0,0.4385570056018688,0.22702958071915735,success
299,2000,8,4,0.0,3.0,0.01,0.56,5.399999999999999,3,477,2,21,0,0.43236116681578113,0.22530459165124483,success
300,2000,8,4,0.0,3.0,0.01,0.56,5.599999999999999,3,477,2,21,0,0.44675392060850594,0.2515251770098364,success
301,2000,8,4,0.0,3.0,0.01,0.56,5.799999999999999,3,477,2,21,0,0.4263677065038727,0.2210218097866874,success
302,2000,8,4,0.0,3.0,0.01,0.56,5.999999999999999,3,477,2,21,0,0.426335218835378,0.22101545019522972,success
303,2000,8,4,0.0,3.0,0.01,0.56,6.199999999999999,3,477,2,21,0,0.42560424396048385,0.2206945371314509,success
304,2000,8,4,0.0,3.0,0.01,0.56,6.399999999999999,3,476,2,22,0,0.4015563111125107,0.22969771453118915,success
305,2000,8,4,0.0,3.0,0.01,0.56,6.599999999999999,3,475,2,23,0,0.38259210117096265,0.23836908015287697,success
306,2000,8,4,0.0,3.0,0.01,0.56,6.799999999999999,3,474,1,25,0,0.35322847270029234,0.20789939272641614,success
307,2000,8,4,0.0,3.0,0.01,0.56,6.999999999999998,3,474,1,25,0,0.3533715835889065,0.20803651801174022,success
308,2000,8,4,0.0,3.0,0.01,0.56,7.199999999999998,3,474,1,25,0,0.35488933092228186,0.20930941279636203,success
323,2000,8,4,0.0,3.0,0.01,0.5700000000000001,1.0,3,487,13,0,0,,,success
324,2000,8,4,0.0,3.0,0.01,0.5700000000000001,1.2,3,479,8,13,0,0.9193316698729007,0.205306306526208,success
325,2000,8,4,0.0,3.0,0.01,0.5700000000000001,1.4,3,469,12,19,0,0.9078947368421053,0.22377019331270345,success
326,2000,8,4,0.0,3.0,0.01,0.5700000000000001,1.5999999999999999,3,469,8,23,0,0.8731869456529973,0.2510988175644696,success
309,2000,8,4,0.0,3.0,0.01,0.56,7.399999999999999,3,474,1,25,0,0.35484372040553097,0.2092268138934601,success
327,2000,8,4,0.0,3.0,0.01,0.5700000000000001,1.7999999999999998,3,474,7,19,0,0.7118151311848862,0.30420809602707133,success
328,2000,8,4,0.0,3.0,0.01,0.5700000000000001,1.9999999999999998,3,485,2,13,0,0.5260726085735128,0.29465840273397126,success
329,2000,8,4,0.0,3.0,0.01,0.5700000000000001,2.1999999999999997,3,480,4,16,0,0.6209246530102066,0.32848664823686813,success
330,2000,8,4,0.0,3.0,0.01,0.5700000000000001,2.3999999999999995,3,478,5,17,0,0.6083057905595457,0.31861766451163714,success
331,2000,8,4,0.0,3.0,0.01,0.5700000000000001,2.5999999999999996,3,480,5,15,0,0.5183252769354408,0.278843301232848,success
332,2000,8,4,0.0,3.0,0.01,0.5700000000000001,2.8,3,481,4,15,0,0.5026202967279143,0.28643048236500895,success
333,2000,8,4,0.0,3.0,0.01,0.5700000000000001,2.9999999999999996,3,481,3,16,0,0.4511217415573831,0.24714555474187913,success
310,2000,8,4,0.0,3.0,0.01,0.56,7.599999999999999,3,474,1,25,0,0.35411941070439923,0.20841690153194295,success
334,2000,8,4,0.0,3.0,0.01,0.5700000000000001,3.1999999999999993,3,481,3,16,0,0.43499494712739806,0.22103161359536438,success
335,2000,8,4,0.0,3.0,0.01,0.5700000000000001,3.3999999999999995,3,480,3,17,0,0.45965340437544894,0.2569322842697749,success
311,2000,8,4,0.0,3.0,0.01,0.56,7.799999999999999,3,474,0,26,0,0.3771256201320393,0.23920473703113632,success
336,2000,8,4,0.0,3.0,0.01,0.5700000000000001,3.5999999999999996,3,479,1,20,0,0.5332199054330228,0.30749147449735453,success
312,2000,8,4,0.0,3.0,0.01,0.56,7.999999999999998,3,474,0,26,0,0.3591891248493052,0.2057507111532952,success
337,2000,8,4,0.0,3.0,0.01,0.5700000000000001,3.7999999999999994,3,479,2,19,0,0.45698084026322217,0.2568249772656046,success
338,2000,8,4,0.0,3.0,0.01,0.5700000000000001,3.999999999999999,3,479,2,19,0,0.45216243661523686,0.25783077595628584,success
313,2000,8,4,0.0,3.0,0.01,0.56,8.2,3,474,0,26,0,0.3589414381729327,0.2055777731043216,success
314,2000,8,4,0.0,3.0,0.01,0.56,8.399999999999999,3,474,0,26,0,0.35917927568139757,0.20587235469965093,success
315,2000,8,4,0.0,3.0,0.01,0.56,8.599999999999998,3,474,0,26,0,0.3591849675454284,0.20587461660298564,success
316,2000,8,4,0.0,3.0,0.01,0.56,8.799999999999997,3,474,0,26,0,0.3590445528175534,0.2058295113870235,success
339,2000,8,4,0.0,3.0,0.01,0.5700000000000001,4.199999999999999,3,479,3,18,0,0.42292574406602085,0.23335938051374625,success
317,2000,8,4,0.0,3.0,0.01,0.56,8.999999999999998,3,474,0,26,0,0.3587649440131935,0.2055657523710283,success
318,2000,8,4,0.0,3.0,0.01,0.56,9.199999999999998,3,474,0,26,0,0.3587186105405191,0.20553409143157564,success
319,2000,8,4,0.0,3.0,0.01,0.56,9.399999999999999,3,474,0,26,0,0.3585691790517539,0.2054438195622707,success
321,2000,8,4,0.0,3.0,0.01,0.56,9.799999999999997,3,473,0,27,0,0.346215941505355,0.21143587197162403,success
340,2000,8,4,0.0,3.0,0.01,0.5700000000000001,4.3999999999999995,3,479,3,18,0,0.421233229831699,0.23309733673470326,success
320,2000,8,4,0.0,3.0,0.01,0.56,9.599999999999998,3,474,0,26,0,0.35856946734671197,0.20544394224906765,success
322,2000,8,4,0.0,3.0,0.01,0.56,9.999999999999998,3,473,0,27,0,0.3463914561245455,0.2116063555485799,success
341,2000,8,4,0.0,3.0,0.01,0.5700000000000001,4.6,3,479,2,19,0,0.43554544561744474,0.24556051932849735,success
342,2000,8,4,0.0,3.0,0.01,0.5700000000000001,4.799999999999999,3,478,4,18,0,0.3928339643134144,0.19257349374130214,success
343,2000,8,4,0.0,3.0,0.01,0.5700000000000001,4.999999999999999,3,478,3,19,0,0.40809160843286146,0.1994437574466238,success
344,2000,8,4,0.0,3.0,0.01,0.5700000000000001,5.199999999999999,3,478,2,20,0,0.4325689785935557,0.2325367168374204,success
345,2000,8,4,0.0,3.0,0.01,0.5700000000000001,5.399999999999999,3,478,2,20,0,0.42669387155222027,0.23092773926603244,success
346,2000,8,4,0.0,3.0,0.01,0.5700000000000001,5.599999999999999,3,478,2,20,0,0.4419146420942626,0.25819241409660454,success
347,2000,8,4,0.0,3.0,0.01,0.5700000000000001,5.799999999999999,3,478,2,20,0,0.42189931146609716,0.22690728161268117,success
348,2000,8,4,0.0,3.0,0.01,0.5700000000000001,5.999999999999999,3,478,2,20,0,0.4218853238583729,0.2269053310380036,success
349,2000,8,4,0.0,3.0,0.01,0.5700000000000001,6.199999999999999,3,478,2,20,0,0.42111786244835586,0.22656036840684518,success
350,2000,8,4,0.0,3.0,0.01,0.5700000000000001,6.399999999999999,3,477,2,21,0,0.3961384291654838,0.2349483951813704,success
351,2000,8,4,0.0,3.0,0.01,0.5700000000000001,6.599999999999999,3,476,2,22,0,0.37655178911630766,0.2431124400246408,success
352,2000,8,4,0.0,3.0,0.01,0.5700000000000001,6.799999999999999,3,475,1,24,0,0.3464682280937665,0.21053846241731627,success
353,2000,8,4,0.0,3.0,0.01,0.5700000000000001,6.999999999999998,3,475,1,24,0,0.34661709707902877,0.21068508266044245,success
369,2000,8,4,0.0,3.0,0.01,0.5800000000000001,1.0,3,487,13,0,0,,,success
370,2000,8,4,0.0,3.0,0.01,0.5800000000000001,1.2,3,479,8,13,0,0.9193316698729007,0.205306306526208,success
371,2000,8,4,0.0,3.0,0.01,0.5800000000000001,1.4,3,469,12,19,0,0.9078947368421053,0.22377019331270345,success
372,2000,8,4,0.0,3.0,0.01,0.5800000000000001,1.5999999999999999,3,469,8,23,0,0.8731869456529973,0.2510988175644696,success
354,2000,8,4,0.0,3.0,0.01,0.5700000000000001,7.199999999999998,3,475,1,24,0,0.3466816312869622,0.21073934705497457,success
373,2000,8,4,0.0,3.0,0.01,0.5800000000000001,1.7999999999999998,3,474,7,19,0,0.7118151311848862,0.30420809602707133,success
374,2000,8,4,0.0,3.0,0.01,0.5800000000000001,1.9999999999999998,3,485,2,13,0,0.5260726085735128,0.29465840273397126,success
375,2000,8,4,0.0,3.0,0.01,0.5800000000000001,2.1999999999999997,3,481,4,15,0,0.5956529632108871,0.32351575119229964,success
376,2000,8,4,0.0,3.0,0.01,0.5800000000000001,2.3999999999999995,3,480,5,15,0,0.5482124320789004,0.30176794648690747,success
377,2000,8,4,0.0,3.0,0.01,0.5800000000000001,2.5999999999999996,3,481,5,14,0,0.4754905139787743,0.2513426436371321,success
355,2000,8,4,0.0,3.0,0.01,0.5700000000000001,7.399999999999999,3,475,1,24,0,0.3466193366312877,0.21063974966156684,success
378,2000,8,4,0.0,3.0,0.01,0.5800000000000001,2.8,3,482,4,14,0,0.45829999636810725,0.25760503379517463,success
379,2000,8,4,0.0,3.0,0.01,0.5800000000000001,2.9999999999999996,3,481,3,16,0,0.44624397394992876,0.24776467376811223,success
380,2000,8,4,0.0,3.0,0.01,0.5800000000000001,3.1999999999999993,3,481,3,16,0,0.431330394114964,0.22164667734174043,success
356,2000,8,4,0.0,3.0,0.01,0.5700000000000001,7.599999999999999,3,475,1,24,0,0.34586198115263267,0.20976734057124036,success
381,2000,8,4,0.0,3.0,0.01,0.5800000000000001,3.3999999999999995,3,480,3,17,0,0.4569503633451305,0.25772668800223103,success
357,2000,8,4,0.0,3.0,0.01,0.5700000000000001,7.799999999999999,3,475,0,25,0,0.3713369339032699,0.24310985997155343,success
382,2000,8,4,0.0,3.0,0.01,0.5800000000000001,3.5999999999999996,3,480,1,19,0,0.5063117204521934,0.29603938213368125,success
383,2000,8,4,0.0,3.0,0.01,0.5800000000000001,3.7999999999999994,3,479,2,19,0,0.4544679111014795,0.25759241406258876,success
358,2000,8,4,0.0,3.0,0.01,0.5700000000000001,7.999999999999998,3,475,0,25,0,0.35266451382975356,0.2082087060458272,success
359,2000,8,4,0.0,3.0,0.01,0.5700000000000001,8.2,3,475,0,25,0,0.3529205287990374,0.20838366827276988,success
360,2000,8,4,0.0,3.0,0.01,0.5700000000000001,8.399999999999999,3,475,0,25,0,0.35314983379449055,0.2086888283096339,success
384,2000,8,4,0.0,3.0,0.01,0.5800000000000001,3.999999999999999,3,479,2,19,0,0.45062828027700846,0.25845159927991807,success
361,2000,8,4,0.0,3.0,0.01,0.5700000000000001,8.599999999999998,3,475,0,25,0,0.3531547891956109,0.20869074936423002,success
362,2000,8,4,0.0,3.0,0.01,0.5700000000000001,8.799999999999997,3,475,0,25,0,0.3530087539092105,0.20863999815929907,success
363,2000,8,4,0.0,3.0,0.01,0.5700000000000001,8.999999999999998,3,475,0,25,0,0.35271002717081634,0.20835264397198905,success
364,2000,8,4,0.0,3.0,0.01,0.5700000000000001,9.199999999999998,3,475,0,25,0,0.3524973565989872,0.20820641322019823,success
366,2000,8,4,0.0,3.0,0.01,0.5700000000000001,9.599999999999998,3,475,0,25,0,0.3523419577085239,0.20810870604389753,success
365,2000,8,4,0.0,3.0,0.01,0.5700000000000001,9.399999999999999,3,475,0,25,0,0.3523416610383511,0.20810857219191636,success
367,2000,8,4,0.0,3.0,0.01,0.5700000000000001,9.799999999999997,3,474,0,26,0,0.33975238240377564,0.21377143751377997,success
368,2000,8,4,0.0,3.0,0.01,0.5700000000000001,9.999999999999998,3,474,0,26,0,0.3399302206541934,0.21394787662736003,success
385,2000,8,4,0.0,3.0,0.01,0.5800000000000001,4.199999999999999,3,479,3,18,0,0.4213064921472678,0.23387518705230945,success
386,2000,8,4,0.0,3.0,0.01,0.5800000000000001,4.3999999999999995,3,479,3,18,0,0.41987803747672414,0.23357904368548005,success
387,2000,8,4,0.0,3.0,0.01,0.5800000000000001,4.6,3,479,2,19,0,0.434174961579789,0.2461296239443007,success
388,2000,8,4,0.0,3.0,0.01,0.5800000000000001,4.799999999999999,3,478,4,18,0,0.3913257229378928,0.1930400763095601,success
389,2000,8,4,0.0,3.0,0.01,0.5800000000000001,4.999999999999999,3,478,3,19,0,0.4066195664426474,0.19998708875733753,success
390,2000,8,4,0.0,3.0,0.01,0.5800000000000001,5.199999999999999,3,478,2,20,0,0.4306189185265151,0.2328571266324584,success
391,2000,8,4,0.0,3.0,0.01,0.5800000000000001,5.399999999999999,3,478,2,20,0,0.42535777444769607,0.23143197612337715,success
392,2000,8,4,0.0,3.0,0.01,0.5800000000000001,5.599999999999999,3,478,2,20,0,0.4405838969561701,0.25872263051294436,success
393,2000,8,4,0.0,3.0,0.01,0.5800000000000001,5.799999999999999,3,478,2,20,0,0.42034646774269263,0.22739724449892168,success
394,2000,8,4,0.0,3.0,0.01,0.5800000000000001,5.999999999999999,3,478,2,20,0,0.4203462630093666,0.22739736129514818,success
395,2000,8,4,0.0,3.0,0.01,0.5800000000000001,6.199999999999999,3,478,2,20,0,0.41960621538217213,0.22704983895875008,success
396,2000,8,4,0.0,3.0,0.01,0.5800000000000001,6.399999999999999,3,477,2,21,0,0.3944638848886547,0.2352293412395549,success
397,2000,8,4,0.0,3.0,0.01,0.5800000000000001,6.599999999999999,3,476,2,22,0,0.37495336048874994,0.243236495874532,success
398,2000,8,4,0.0,3.0,0.01,0.5800000000000001,6.799999999999999,3,475,1,24,0,0.34525444534827804,0.21051649845594148,success
415,2000,8,4,0.0,3.0,0.01,0.5900000000000001,1.0,3,487,13,0,0,,,success
416,2000,8,4,0.0,3.0,0.01,0.5900000000000001,1.2,3,479,8,13,0,0.8808701314113623,0.23379283112678534,success
417,2000,8,4,0.0,3.0,0.01,0.5900000000000001,1.4,3,469,12,19,0,0.881578947368421,0.2410685277835315,success
419,2000,8,4,0.0,3.0,0.01,0.5900000000000001,1.7999999999999998,3,474,7,19,0,0.6942703778964706,0.3163289114329328,success
418,2000,8,4,0.0,3.0,0.01,0.5900000000000001,1.5999999999999999,3,469,8,23,0,0.8514478152182147,0.26106694861016116,success
420,2000,8,4,0.0,3.0,0.01,0.5900000000000001,1.9999999999999998,3,485,2,13,0,0.5004302768442901,0.295907413274455,success
399,2000,8,4,0.0,3.0,0.01,0.5800000000000001,6.999999999999998,3,475,1,24,0,0.34540115602568,0.210661939269498,success
421,2000,8,4,0.0,3.0,0.01,0.5900000000000001,2.1999999999999997,3,481,4,15,0,0.5734296090455607,0.3296810835687299,success
422,2000,8,4,0.0,3.0,0.01,0.5900000000000001,2.3999999999999995,3,480,5,15,0,0.5329969116866197,0.30676094271742255,success
400,2000,8,4,0.0,3.0,0.01,0.5800000000000001,7.199999999999998,3,475,1,24,0,0.34554415554606366,0.21077690310672217,success
423,2000,8,4,0.0,3.0,0.01,0.5900000000000001,2.5999999999999996,3,481,5,14,0,0.45918817070133067,0.25273045377738507,success
424,2000,8,4,0.0,3.0,0.01,0.5900000000000001,2.8,3,482,4,14,0,0.439814315776013,0.25890964115481085,success
401,2000,8,4,0.0,3.0,0.01,0.5800000000000001,7.399999999999999,3,475,1,24,0,0.345300394137539,0.2105864868680263,success
425,2000,8,4,0.0,3.0,0.01,0.5900000000000001,2.9999999999999996,3,481,3,16,0,0.43229348369001175,0.24925755633496255,success
426,2000,8,4,0.0,3.0,0.01,0.5900000000000001,3.1999999999999993,3,481,3,16,0,0.4151554235968815,0.22095359220826463,success
402,2000,8,4,0.0,3.0,0.01,0.5800000000000001,7.599999999999999,3,475,1,24,0,0.344543897655633,0.20970993220936593,success
427,2000,8,4,0.0,3.0,0.01,0.5900000000000001,3.3999999999999995,3,480,3,17,0,0.44339966623764987,0.2599192407709026,success
403,2000,8,4,0.0,3.0,0.01,0.5800000000000001,7.799999999999999,3,475,0,25,0,0.354013264417287,0.21111866139985783,success
428,2000,8,4,0.0,3.0,0.01,0.5900000000000001,3.5999999999999996,3,480,1,19,0,0.4941874125139213,0.2998830950903004,success
429,2000,8,4,0.0,3.0,0.01,0.5900000000000001,3.7999999999999994,3,479,2,19,0,0.4438414395906703,0.26021937110950627,success
404,2000,8,4,0.0,3.0,0.01,0.5800000000000001,7.999999999999998,3,475,0,25,0,0.3505447817830436,0.20750927447204628,success
409,2000,8,4,0.0,3.0,0.01,0.5800000000000001,8.999999999999998,3,475,0,25,0,0.35036775600257336,0.20744481257251837,success
405,2000,8,4,0.0,3.0,0.01,0.5800000000000001,8.2,3,475,0,25,0,0.3508007967523313,0.20768754780034102,success
408,2000,8,4,0.0,3.0,0.01,0.5800000000000001,8.799999999999997,3,475,0,25,0,0.3506367317801605,0.2076743846724421,success
406,2000,8,4,0.0,3.0,0.01,0.5800000000000001,8.399999999999999,3,475,0,25,0,0.350751882416099,0.20771576398361286,success
410,2000,8,4,0.0,3.0,0.01,0.5800000000000001,9.199999999999998,3,475,0,25,0,0.350155053403645,0.20729542620090116,success
411,2000,8,4,0.0,3.0,0.01,0.5800000000000001,9.399999999999999,3,475,0,25,0,0.3500141137615862,0.20720785929935553,success
407,2000,8,4,0.0,3.0,0.01,0.5800000000000001,8.599999999999998,3,475,0,25,0,0.35075682976390793,0.20771775013559193,success
412,2000,8,4,0.0,3.0,0.01,0.5800000000000001,9.599999999999998,3,475,0,25,0,0.3500143805230973,0.2072079888945388,success
413,2000,8,4,0.0,3.0,0.01,0.5800000000000001,9.799999999999997,3,474,0,26,0,0.3375142478503912,0.21279260870441785,success
414,2000,8,4,0.0,3.0,0.01,0.5800000000000001,9.999999999999998,3,474,0,26,0,0.3376447220624537,0.2129086527455213,success
430,2000,8,4,0.0,3.0,0.01,0.5900000000000001,3.999999999999999,3,479,2,19,0,0.44000173064031445,0.2609048843674694,success
431,2000,8,4,0.0,3.0,0.01,0.5900000000000001,4.199999999999999,3,479,3,18,0,0.41007880830914506,0.23524894442601418,success
432,2000,8,4,0.0,3.0,0.01,0.5900000000000001,4.3999999999999995,3,479,3,18,0,0.40852031262610716,0.23484506604301678,success
433,2000,8,4,0.0,3.0,0.01,0.5900000000000001,4.6,3,479,2,19,0,0.4235950297441238,0.24803150146282749,success
434,2000,8,4,0.0,3.0,0.01,0.5900000000000001,4.799999999999999,3,478,4,18,0,0.3803905203668107,0.19310528264870502,success
435,2000,8,4,0.0,3.0,0.01,0.5900000000000001,4.999999999999999,3,478,3,19,0,0.3962662846342875,0.20089711346328107,success
436,2000,8,4,0.0,3.0,0.01,0.5900000000000001,5.199999999999999,3,478,2,20,0,0.42078111521223455,0.23466952825546847,success
437,2000,8,4,0.0,3.0,0.01,0.5900000000000001,5.399999999999999,3,478,2,20,0,0.41546577958603115,0.23307576170717062,success
438,2000,8,4,0.0,3.0,0.01,0.5900000000000001,5.599999999999999,3,478,2,20,0,0.43075891640598385,0.2608124950419581,success
439,2000,8,4,0.0,3.0,0.01,0.5900000000000001,5.799999999999999,3,478,2,20,0,0.40402649823177283,0.22438737637575965,success
440,2000,8,4,0.0,3.0,0.01,0.5900000000000001,5.999999999999999,3,478,2,20,0,0.40394213290175685,0.22435710655047975,success
441,2000,8,4,0.0,3.0,0.01,0.5900000000000001,6.199999999999999,3,478,2,20,0,0.40315966386101676,0.22393298757649457,success
442,2000,8,4,0.0,3.0,0.01,0.5900000000000001,6.399999999999999,3,477,2,21,0,0.3815522992438099,0.2340279603527126,success
443,2000,8,4,0.0,3.0,0.01,0.5900000000000001,6.599999999999999,3,476,2,22,0,0.36411670102090254,0.24202959303907579,success
461,2000,8,4,0.0,3.0,0.01,0.6000000000000001,1.0,3,487,13,0,0,,,success
462,2000,8,4,0.0,3.0,0.01,0.6000000000000001,1.2,3,479,8,13,0,0.8808701314113623,0.23379283112678534,success
444,2000,8,4,0.0,3.0,0.01,0.5900000000000001,6.799999999999999,3,475,1,24,0,0.3359869759248347,0.20844291268374449,success
463,2000,8,4,0.0,3.0,0.01,0.6000000000000001,1.4,3,469,11,20,0,0.8875,0.23612831034708318,success
464,2000,8,4,0.0,3.0,0.01,0.6000000000000001,1.5999999999999999,3,469,7,24,0,0.8576374895841224,0.25712280929708264,success
465,2000,8,4,0.0,3.0,0.01,0.6000000000000001,1.7999999999999998,3,475,6,19,0,0.6942703778964706,0.3163289114329328,success
466,2000,8,4,0.0,3.0,0.01,0.6000000000000001,1.9999999999999998,3,485,2,13,0,0.4929481517896977,0.3016593509652148,success
467,2000,8,4,0.0,3.0,0.01,0.6000000000000001,2.1999999999999997,3,482,4,14,0,0.5378182800766098,0.3240242643473862,success
468,2000,8,4,0.0,3.0,0.01,0.6000000000000001,2.3999999999999995,3,480,5,15,0,0.4941102616853571,0.2825843107797579,success
445,2000,8,4,0.0,3.0,0.01,0.5900000000000001,6.999999999999998,3,475,1,24,0,0.33609907910689835,0.20856860663673202,success
469,2000,8,4,0.0,3.0,0.01,0.6000000000000001,2.5999999999999996,3,481,5,14,0,0.45050859046769576,0.25678028454971585,success
470,2000,8,4,0.0,3.0,0.01,0.6000000000000001,2.8,3,483,4,13,0,0.38937838317829754,0.21251752427668802,success
446,2000,8,4,0.0,3.0,0.01,0.5900000000000001,7.199999999999998,3,475,1,24,0,0.33606608990031034,0.20854526504842996,success
471,2000,8,4,0.0,3.0,0.01,0.6000000000000001,2.9999999999999996,3,482,3,15,0,0.38972408613556303,0.20570427507866434,success
447,2000,8,4,0.0,3.0,0.01,0.5900000000000001,7.399999999999999,3,475,1,24,0,0.33566324469248077,0.2082840732613665,success
448,2000,8,4,0.0,3.0,0.01,0.5900000000000001,7.599999999999999,3,475,1,24,0,0.33489439318261893,0.20735086433407746,success
472,2000,8,4,0.0,3.0,0.01,0.6000000000000001,3.1999999999999993,3,482,3,15,0,0.3716484553589619,0.16279347237739936,success
473,2000,8,4,0.0,3.0,0.01,0.6000000000000001,3.3999999999999995,3,481,3,16,0,0.40139971552654863,0.2232995810882063,success
449,2000,8,4,0.0,3.0,0.01,0.5900000000000001,7.799999999999999,3,475,0,25,0,0.34476385188606046,0.20943055554788462,success
474,2000,8,4,0.0,3.0,0.01,0.6000000000000001,3.5999999999999996,3,481,1,18,0,0.4605670117182162,0.2831989189763862,success
450,2000,8,4,0.0,3.0,0.01,0.5900000000000001,7.999999999999998,3,475,0,25,0,0.34130845129200893,0.2056349499420595,success
456,2000,8,4,0.0,3.0,0.01,0.5900000000000001,9.199999999999998,3,475,0,25,0,0.34105122293666423,0.20547551270251618,success
459,2000,8,4,0.0,3.0,0.01,0.5900000000000001,9.799999999999997,3,474,0,26,0,0.32882115768140324,0.2105820711516875,success
455,2000,8,4,0.0,3.0,0.01,0.5900000000000001,8.999999999999998,3,475,0,25,0,0.3412648085795842,0.20563668382050895,success
451,2000,8,4,0.0,3.0,0.01,0.5900000000000001,8.2,3,475,0,25,0,0.34156446626129666,0.20582681430768465,success
457,2000,8,4,0.0,3.0,0.01,0.5900000000000001,9.399999999999999,3,475,0,25,0,0.34097372492587963,0.20540812356935162,success
460,2000,8,4,0.0,3.0,0.01,0.5900000000000001,9.999999999999998,3,474,0,26,0,0.3288918023263268,0.21064894938032916,success
458,2000,8,4,0.0,3.0,0.01,0.5900000000000001,9.599999999999998,3,475,0,25,0,0.34097379751951906,0.20540813264997518,success
454,2000,8,4,0.0,3.0,0.01,0.5900000000000001,8.799999999999997,3,475,0,25,0,0.34153377260103135,0.20588064997855982,success
453,2000,8,4,0.0,3.0,0.01,0.5900000000000001,8.599999999999998,3,475,0,25,0,0.34153372940120474,0.20588065986756646,success
452,2000,8,4,0.0,3.0,0.01,0.5900000000000001,8.399999999999999,3,475,0,25,0,0.3415287820533959,0.20587842512304963,success
475,2000,8,4,0.0,3.0,0.01,0.6000000000000001,3.7999999999999994,3,480,2,18,0,0.41811078504429766,0.25255215874844084,success
476,2000,8,4,0.0,3.0,0.01,0.6000000000000001,3.999999999999999,3,480,2,18,0,0.41411189531134457,0.25282793070721604,success
477,2000,8,4,0.0,3.0,0.01,0.6000000000000001,4.199999999999999,3,480,3,17,0,0.3811706562973261,0.21976424344223386,success
478,2000,8,4,0.0,3.0,0.01,0.6000000000000001,4.3999999999999995,3,480,3,17,0,0.38021210207728207,0.2196112394305662,success
479,2000,8,4,0.0,3.0,0.01,0.6000000000000001,4.6,3,480,2,18,0,0.3975938628056894,0.23721036686816901,success
480,2000,8,4,0.0,3.0,0.01,0.6000000000000001,4.799999999999999,3,478,4,18,0,0.3757835860034459,0.19343310570844827,success
481,2000,8,4,0.0,3.0,0.01,0.6000000000000001,4.999999999999999,3,478,3,19,0,0.3919018203826721,0.20156071256089783,success
482,2000,8,4,0.0,3.0,0.01,0.6000000000000001,5.199999999999999,3,478,2,20,0,0.4166349063616185,0.23566447389691872,success
483,2000,8,4,0.0,3.0,0.01,0.6000000000000001,5.399999999999999,3,478,2,20,0,0.41149163829764046,0.23410345226165882,success
484,2000,8,4,0.0,3.0,0.01,0.6000000000000001,5.599999999999999,3,478,2,20,0,0.4268254199878583,0.26199564253173097,success
485,2000,8,4,0.0,3.0,0.01,0.6000000000000001,5.799999999999999,3,478,2,20,0,0.4001821504829922,0.22528254688486488,success
486,2000,8,4,0.0,3.0,0.01,0.6000000000000001,5.999999999999999,3,478,2,20,0,0.4000977823032469,0.22525088319630107,success
487,2000,8,4,0.0,3.0,0.01,0.6000000000000001,6.199999999999999,3,478,2,20,0,0.39931826921985464,0.22481627381353425,success
488,2000,8,4,0.0,3.0,0.01,0.6000000000000001,6.399999999999999,3,477,2,21,0,0.37789383088394113,0.2344788662853279,success
507,2000,8,4,0.0,3.0,0.01,0.6100000000000001,1.0,3,488,12,0,0,,,success
508,2000,8,4,0.0,3.0,0.01,0.6100000000000001,1.2,3,480,7,13,0,0.8808701314113623,0.23379283112678534,success
509,2000,8,4,0.0,3.0,0.01,0.6100000000000001,1.4,3,471,9,20,0,0.8875,0.23612831034708318,success
489,2000,8,4,0.0,3.0,0.01,0.6000000000000001,6.599999999999999,3,476,2,22,0,0.36061429740610323,0.24217815751848096,success
510,2000,8,4,0.0,3.0,0.01,0.6100000000000001,1.5999999999999999,3,471,5,24,0,0.8576374895841224,0.25712280929708264,success
511,2000,8,4,0.0,3.0,0.01,0.6100000000000001,1.7999999999999998,3,478,4,18,0,0.6772853988907189,0.316459107172007,success
512,2000,8,4,0.0,3.0,0.01,0.6100000000000001,1.9999999999999998,3,486,2,12,0,0.4506938311055058,0.271938104609684,success
490,2000,8,4,0.0,3.0,0.01,0.6000000000000001,6.799999999999999,3,475,1,24,0,0.33278581426556514,0.20815682567980837,success
513,2000,8,4,0.0,3.0,0.01,0.6100000000000001,2.1999999999999997,3,483,4,13,0,0.5022658400825029,0.30752354658098263,success
514,2000,8,4,0.0,3.0,0.01,0.6100000000000001,2.3999999999999995,3,481,5,14,0,0.49368956609145404,0.29324672350190273,success
515,2000,8,4,0.0,3.0,0.01,0.6100000000000001,2.5999999999999996,3,482,5,13,0,0.44334257556062256,0.2658043558174918,success
516,2000,8,4,0.0,3.0,0.01,0.6100000000000001,2.8,3,484,4,12,0,0.3765210164215183,0.21662194219193215,success
491,2000,8,4,0.0,3.0,0.01,0.6000000000000001,6.999999999999998,3,475,1,24,0,0.3328979047482361,0.2082844818094017,success
492,2000,8,4,0.0,3.0,0.01,0.6000000000000001,7.199999999999998,3,475,1,24,0,0.33286491554177067,0.20826057925335825,success
517,2000,8,4,0.0,3.0,0.01,0.6100000000000001,2.9999999999999996,3,483,3,14,0,0.37872817912669987,0.2088445113733318,success
493,2000,8,4,0.0,3.0,0.01,0.6000000000000001,7.399999999999999,3,475,1,24,0,0.33246207363923824,0.20799256137740452,success
518,2000,8,4,0.0,3.0,0.01,0.6100000000000001,3.1999999999999993,3,483,3,14,0,0.3617363240647832,0.16426629943095533,success
494,2000,8,4,0.0,3.0,0.01,0.6000000000000001,7.599999999999999,3,475,1,24,0,0.3316931895308647,0.20704560926562224,success
504,2000,8,4,0.0,3.0,0.01,0.6000000000000001,9.599999999999998,3,475,0,25,0,0.3378978632863048,0.20520616414108284,success
519,2000,8,4,0.0,3.0,0.01,0.6100000000000001,3.3999999999999995,3,482,3,15,0,0.39833361389774785,0.2308246051091636,success
503,2000,8,4,0.0,3.0,0.01,0.6000000000000001,9.399999999999999,3,475,0,25,0,0.3378977907974264,0.20520615393755554,success
502,2000,8,4,0.0,3.0,0.01,0.6000000000000001,9.199999999999998,3,475,0,25,0,0.3379680869293299,0.20526843535842862,success
501,2000,8,4,0.0,3.0,0.01,0.6000000000000001,8.999999999999998,3,475,0,25,0,0.3381816725870727,0.2054331080211506,success
505,2000,8,4,0.0,3.0,0.01,0.6000000000000001,9.799999999999997,3,474,0,26,0,0.32586352838896837,0.21021607279603893,success
495,2000,8,4,0.0,3.0,0.01,0.6000000000000001,7.799999999999999,3,475,0,25,0,0.3416867277244926,0.20929206231206823,success
506,2000,8,4,0.0,3.0,0.01,0.6000000000000001,9.999999999999998,3,474,0,26,0,0.3259368316881003,0.21028662231188425,success
500,2000,8,4,0.0,3.0,0.01,0.6000000000000001,8.799999999999997,3,475,0,25,0,0.3384534465076711,0.20568405853421687,success
499,2000,8,4,0.0,3.0,0.01,0.6000000000000001,8.599999999999998,3,475,0,25,0,0.3384534033078463,0.20568406775875706,success
496,2000,8,4,0.0,3.0,0.01,0.6000000000000001,7.999999999999998,3,475,0,25,0,0.3382313264542519,0.20543999287182782,success
498,2000,8,4,0.0,3.0,0.01,0.6000000000000001,8.399999999999999,3,475,0,25,0,0.3384484559633959,0.2056817536993112,success
497,2000,8,4,0.0,3.0,0.01,0.6000000000000001,8.2,3,475,0,25,0,0.3384873414235341,0.20563602979722154,success
520,2000,8,4,0.0,3.0,0.01,0.6100000000000001,3.5999999999999996,3,482,1,17,0,0.4606977002582483,0.29194068964444975,success
521,2000,8,4,0.0,3.0,0.01,0.6100000000000001,3.7999999999999994,3,481,2,17,0,0.4157442664594927,0.2601485458154975,success
522,2000,8,4,0.0,3.0,0.01,0.6100000000000001,3.999999999999999,3,481,2,17,0,0.4114583982191205,0.2603819423581361,success
524,2000,8,4,0.0,3.0,0.01,0.6100000000000001,4.3999999999999995,3,481,3,16,0,0.3720466345696576,0.21674979746757597,success
523,2000,8,4,0.0,3.0,0.01,0.6100000000000001,4.199999999999999,3,481,3,16,0,0.37754409653181,0.22646530667673204,success
525,2000,8,4,0.0,3.0,0.01,0.6100000000000001,4.6,3,481,2,17,0,0.39562712836182057,0.24437602691695762,success
526,2000,8,4,0.0,3.0,0.01,0.6100000000000001,4.799999999999999,3,479,4,17,0,0.37252169137652547,0.19890518898804277,success
527,2000,8,4,0.0,3.0,0.01,0.6100000000000001,4.999999999999999,3,479,3,18,0,0.38971674228082265,0.2071995424845743,success
528,2000,8,4,0.0,3.0,0.01,0.6100000000000001,5.199999999999999,3,479,2,19,0,0.4154734968894716,0.24190445336519528,success
529,2000,8,4,0.0,3.0,0.01,0.6100000000000001,5.399999999999999,3,479,2,19,0,0.4104525554423812,0.240493018169445,success
530,2000,8,4,0.0,3.0,0.01,0.6100000000000001,5.599999999999999,3,479,2,19,0,0.42659329660809664,0.2691925153841174,success
531,2000,8,4,0.0,3.0,0.01,0.6100000000000001,5.799999999999999,3,479,2,19,0,0.3983881028939064,0.23134473753191104,success
532,2000,8,4,0.0,3.0,0.01,0.6100000000000001,5.999999999999999,3,479,2,19,0,0.3982993959983466,0.2313114118962591,success
533,2000,8,4,0.0,3.0,0.01,0.6100000000000001,6.199999999999999,3,479,2,19,0,0.39744546032676376,0.23084332469436106,success
553,2000,8,4,0.0,3.0,0.01,0.6200000000000001,1.0,3,488,12,0,0,,,success
554,2000,8,4,0.0,3.0,0.01,0.6200000000000001,1.2,3,480,7,13,0,0.8808701314113623,0.23379283112678534,success
534,2000,8,4,0.0,3.0,0.01,0.6100000000000001,6.399999999999999,3,478,2,20,0,0.3752283057304112,0.2402634820682885,success
555,2000,8,4,0.0,3.0,0.01,0.6200000000000001,1.4,3,471,9,20,0,0.8875,0.23612831034708318,success
556,2000,8,4,0.0,3.0,0.01,0.6200000000000001,1.5999999999999999,3,471,5,24,0,0.8576374895841224,0.25712280929708264,success
557,2000,8,4,0.0,3.0,0.01,0.6200000000000001,1.7999999999999998,3,478,4,18,0,0.6772853988907189,0.316459107172007,success
535,2000,8,4,0.0,3.0,0.01,0.6100000000000001,6.599999999999999,3,477,2,21,0,0.35725286320867555,0.24765064535163872,success
558,2000,8,4,0.0,3.0,0.01,0.6200000000000001,1.9999999999999998,3,486,2,12,0,0.4506938311055058,0.271938104609684,success
559,2000,8,4,0.0,3.0,0.01,0.6200000000000001,2.1999999999999997,3,484,3,13,0,0.5022658400825029,0.30752354658098263,success
560,2000,8,4,0.0,3.0,0.01,0.6200000000000001,2.3999999999999995,3,482,4,14,0,0.49368956609145404,0.29324672350190273,success
536,2000,8,4,0.0,3.0,0.01,0.6100000000000001,6.799999999999999,3,476,1,23,0,0.3284610802793963,0.21175749853705578,success
561,2000,8,4,0.0,3.0,0.01,0.6200000000000001,2.5999999999999996,3,483,4,13,0,0.44334257556062256,0.2658043558174918,success
562,2000,8,4,0.0,3.0,0.01,0.6200000000000001,2.8,3,485,3,12,0,0.3765210164215183,0.21662194219193215,success
537,2000,8,4,0.0,3.0,0.01,0.6100000000000001,6.999999999999998,3,476,1,23,0,0.3285779904741457,0.21189119621977454,success
563,2000,8,4,0.0,3.0,0.01,0.6200000000000001,2.9999999999999996,3,484,2,14,0,0.37872817912669987,0.2088445113733318,success
538,2000,8,4,0.0,3.0,0.01,0.6100000000000001,7.199999999999998,3,476,1,23,0,0.32854086725353887,0.21186426861571087,success
539,2000,8,4,0.0,3.0,0.01,0.6100000000000001,7.399999999999999,3,476,1,23,0,0.3281254166307893,0.21158179782759198,success
547,2000,8,4,0.0,3.0,0.01,0.6100000000000001,8.999999999999998,3,476,0,24,0,0.33373316976726236,0.20851102060542184,success
551,2000,8,4,0.0,3.0,0.01,0.6100000000000001,9.799999999999997,3,475,0,25,0,0.3212856435900827,0.21316831960813076,success
548,2000,8,4,0.0,3.0,0.01,0.6100000000000001,9.199999999999998,3,476,0,24,0,0.333704449575464,0.2084899623705909,success
544,2000,8,4,0.0,3.0,0.01,0.6100000000000001,8.399999999999999,3,476,0,24,0,0.3339396971433355,0.20870279505484005,success
546,2000,8,4,0.0,3.0,0.01,0.6100000000000001,8.799999999999997,3,476,0,24,0,0.3339397364938231,0.20870278046487814,success
549,2000,8,4,0.0,3.0,0.01,0.6100000000000001,9.399999999999999,3,476,0,24,0,0.33363063147036875,0.20842412474672134,success
550,2000,8,4,0.0,3.0,0.01,0.6100000000000001,9.599999999999998,3,476,0,24,0,0.3336306639221573,0.2084241075485073,success
545,2000,8,4,0.0,3.0,0.01,0.6100000000000001,8.599999999999998,3,476,0,24,0,0.3339397023138368,0.2087027941608527,success
552,2000,8,4,0.0,3.0,0.01,0.6100000000000001,9.999999999999998,3,475,0,25,0,0.3212751137713046,0.2131589654172413,success
543,2000,8,4,0.0,3.0,0.01,0.6100000000000001,8.2,3,476,0,24,0,0.33400351045967663,0.20866972282059623,success
542,2000,8,4,0.0,3.0,0.01,0.6100000000000001,7.999999999999998,3,476,0,24,0,0.33419658194714036,0.2088129195363426,success
564,2000,8,4,0.0,3.0,0.01,0.6200000000000001,3.1999999999999993,3,484,2,14,0,0.3564259924483825,0.15635557690506163,success
540,2000,8,4,0.0,3.0,0.01,0.6100000000000001,7.599999999999999,3,476,1,23,0,0.32730936674789046,0.21057756175436879,success
541,2000,8,4,0.0,3.0,0.01,0.6100000000000001,7.799999999999999,3,476,0,24,0,0.3378003056529815,0.2128152175816684,success
565,2000,8,4,0.0,3.0,0.01,0.6200000000000001,3.3999999999999995,3,483,2,15,0,0.3933773043891072,0.22652898930781112,success
566,2000,8,4,0.0,3.0,0.01,0.6200000000000001,3.5999999999999996,3,483,1,16,0,0.4249951038440458,0.2646932346956026,success
567,2000,8,4,0.0,3.0,0.01,0.6200000000000001,3.7999999999999994,3,482,2,16,0,0.42285649554196836,0.2656432026655695,success
568,2000,8,4,0.0,3.0,0.01,0.6200000000000001,3.999999999999999,3,482,2,16,0,0.4191421142111551,0.2663252218246007,success
569,2000,8,4,0.0,3.0,0.01,0.6200000000000001,4.199999999999999,3,482,3,15,0,0.38387681067794394,0.2321730499473745,success
570,2000,8,4,0.0,3.0,0.01,0.6200000000000001,4.3999999999999995,3,482,3,15,0,0.37799931620493205,0.22219132891429086,success
571,2000,8,4,0.0,3.0,0.01,0.6200000000000001,4.6,3,482,2,16,0,0.40266709231650993,0.24992292090908305,success
572,2000,8,4,0.0,3.0,0.01,0.6200000000000001,4.799999999999999,3,480,4,16,0,0.37870762811463865,0.202848156859057,success
573,2000,8,4,0.0,3.0,0.01,0.6200000000000001,4.999999999999999,3,480,3,17,0,0.39658608301819176,0.210663842738995,success
574,2000,8,4,0.0,3.0,0.01,0.6200000000000001,5.199999999999999,3,480,2,18,0,0.4238975363816092,0.24542733401061367,success
575,2000,8,4,0.0,3.0,0.01,0.6200000000000001,5.399999999999999,3,480,2,18,0,0.41858017861722874,0.2441491641076925,success
576,2000,8,4,0.0,3.0,0.01,0.6200000000000001,5.599999999999999,3,480,2,18,0,0.43561776787613044,0.2734731235450922,success
577,2000,8,4,0.0,3.0,0.01,0.6200000000000001,5.799999999999999,3,480,2,18,0,0.40584555532840577,0.23505002010432746,success
578,2000,8,4,0.0,3.0,0.01,0.6200000000000001,5.999999999999999,3,480,2,18,0,0.4057519278813706,0.23501842991271998,success
599,2000,8,4,0.0,3.0,0.01,0.6300000000000001,1.0,3,489,11,0,0,,,success
579,2000,8,4,0.0,3.0,0.01,0.6200000000000001,6.199999999999999,3,480,2,18,0,0.4048624206418279,0.23456723683683053,success
600,2000,8,4,0.0,3.0,0.01,0.6300000000000001,1.2,3,481,6,13,0,0.8808701314113623,0.23379283112678534,success
601,2000,8,4,0.0,3.0,0.01,0.6300000000000001,1.4,3,473,8,19,0,0.9078947368421053,0.22377019331270345,success
602,2000,8,4,0.0,3.0,0.01,0.6300000000000001,1.5999999999999999,3,473,5,22,0,0.8901499886372245,0.2431455250515006,success
603,2000,8,4,0.0,3.0,0.01,0.6300000000000001,1.7999999999999998,3,479,4,17,0,0.717125716472526,0.32756578096714767,success
580,2000,8,4,0.0,3.0,0.01,0.6200000000000001,6.399999999999999,3,479,2,19,0,0.3810870955260045,0.24480881164381105,success
604,2000,8,4,0.0,3.0,0.01,0.6300000000000001,1.9999999999999998,3,487,2,11,0,0.46136602029519386,0.2825631678065131,success
581,2000,8,4,0.0,3.0,0.01,0.6200000000000001,6.599999999999999,3,478,2,20,0,0.361966280425461,0.2525933350057752,success
605,2000,8,4,0.0,3.0,0.01,0.6300000000000001,2.1999999999999997,3,485,3,12,0,0.5188935744548924,0.3150350137199739,success
606,2000,8,4,0.0,3.0,0.01,0.6300000000000001,2.3999999999999995,3,483,4,13,0,0.5083785305897329,0.29981216030180863,success
607,2000,8,4,0.0,3.0,0.01,0.6300000000000001,2.5999999999999996,3,484,4,12,0,0.4583108159906994,0.27184085322336843,success
582,2000,8,4,0.0,3.0,0.01,0.6200000000000001,6.799999999999999,3,477,1,22,0,0.33113911761545634,0.21545422143013346,success
608,2000,8,4,0.0,3.0,0.01,0.6300000000000001,2.8,3,486,3,11,0,0.38677531878713806,0.22411957290346582,success
594,2000,8,4,0.0,3.0,0.01,0.6200000000000001,9.199999999999998,3,477,0,23,0,0.3366186260971067,0.21195165438274302,success
595,2000,8,4,0.0,3.0,0.01,0.6200000000000001,9.399999999999999,3,477,0,23,0,0.33654160743048944,0.21188505805843907,success
593,2000,8,4,0.0,3.0,0.01,0.6200000000000001,8.999999999999998,3,477,0,23,0,0.3367086872228532,0.21201466877135905,success
592,2000,8,4,0.0,3.0,0.01,0.6200000000000001,8.799999999999997,3,477,0,23,0,0.33692438282467285,0.21220877021325385,success
583,2000,8,4,0.0,3.0,0.01,0.6200000000000001,6.999999999999998,3,477,1,22,0,0.33126232190979016,0.21559109385693626,success
591,2000,8,4,0.0,3.0,0.01,0.6200000000000001,8.599999999999998,3,477,0,23,0,0.33692434715860015,0.2122087848196433,success
596,2000,8,4,0.0,3.0,0.01,0.6200000000000001,9.599999999999998,3,477,0,23,0,0.3365416758440205,0.21188506484999084,success
584,2000,8,4,0.0,3.0,0.01,0.6200000000000001,7.199999999999998,3,477,1,22,0,0.33152391261808956,0.21580569965524046,success
590,2000,8,4,0.0,3.0,0.01,0.6200000000000001,8.399999999999999,3,477,0,23,0,0.3369243534357817,0.21220878715676064,success
609,2000,8,4,0.0,3.0,0.01,0.6300000000000001,2.9999999999999996,3,485,2,13,0,0.3818558595957298,0.20888671731830327,success
589,2000,8,4,0.0,3.0,0.01,0.6200000000000001,8.2,3,477,0,23,0,0.3369902393123304,0.21217284787239934,success
588,2000,8,4,0.0,3.0,0.01,0.6200000000000001,7.999999999999998,3,477,0,23,0,0.3370217106677971,0.2121949895841369,success
585,2000,8,4,0.0,3.0,0.01,0.6200000000000001,7.399999999999999,3,477,1,22,0,0.3310759072877278,0.2155156684795371,success
597,2000,8,4,0.0,3.0,0.01,0.6200000000000001,9.799999999999997,3,476,0,24,0,0.3235610104203903,0.21676586988310717,success
586,2000,8,4,0.0,3.0,0.01,0.6200000000000001,7.599999999999999,3,477,1,22,0,0.33022276491239216,0.214495009484535,success
587,2000,8,4,0.0,3.0,0.01,0.6200000000000001,7.799999999999999,3,477,0,23,0,0.34083406735156957,0.216311888623667,success
598,2000,8,4,0.0,3.0,0.01,0.6200000000000001,9.999999999999998,3,476,0,24,0,0.32355017020231164,0.2167563711502821,success
610,2000,8,4,0.0,3.0,0.01,0.6300000000000001,3.1999999999999993,3,485,2,13,0,0.36049097138056807,0.15648183086651438,success
611,2000,8,4,0.0,3.0,0.01,0.6300000000000001,3.3999999999999995,3,484,2,14,0,0.399791307107617,0.23018560343339362,success
612,2000,8,4,0.0,3.0,0.01,0.6300000000000001,3.5999999999999996,3,484,1,15,0,0.43468230820164583,0.27004860668126457,success
613,2000,8,4,0.0,3.0,0.01,0.6300000000000001,3.7999999999999994,3,483,2,15,0,0.43235363538766075,0.27112896836477046,success
614,2000,8,4,0.0,3.0,0.01,0.6300000000000001,3.999999999999999,3,483,2,15,0,0.4292415259092021,0.2721274071217408,success
615,2000,8,4,0.0,3.0,0.01,0.6300000000000001,4.199999999999999,3,483,3,14,0,0.3920696519239479,0.23807878639075997,success
616,2000,8,4,0.0,3.0,0.01,0.6300000000000001,4.3999999999999995,3,483,3,14,0,0.3857722197875618,0.22782801243966966,success
617,2000,8,4,0.0,3.0,0.01,0.6300000000000001,4.6,3,483,2,15,0,0.4115819939841618,0.25554207337369533,success
618,2000,8,4,0.0,3.0,0.01,0.6300000000000001,4.799999999999999,3,481,4,15,0,0.3860161439614773,0.2071446589261077,success
619,2000,8,4,0.0,3.0,0.01,0.6300000000000001,4.999999999999999,3,481,3,16,0,0.40350988248697095,0.21268737814831565,success
620,2000,8,4,0.0,3.0,0.01,0.6300000000000001,5.199999999999999,3,481,2,17,0,0.43187124585426906,0.24796654293779904,success
621,2000,8,4,0.0,3.0,0.01,0.6300000000000001,5.399999999999999,3,481,2,17,0,0.42686889089073593,0.24721024741004965,success
622,2000,8,4,0.0,3.0,0.01,0.6300000000000001,5.599999999999999,3,481,2,17,0,0.445776955413763,0.27812994773759275,success
623,2000,8,4,0.0,3.0,0.01,0.6300000000000001,5.799999999999999,3,481,2,17,0,0.4142251046447767,0.23919713159307304,success
624,2000,8,4,0.0,3.0,0.01,0.6300000000000001,5.999999999999999,3,481,2,17,0,0.4141259696403271,0.23916783814249531,success
645,2000,8,4,0.0,3.0,0.01,0.6400000000000001,1.0,3,489,11,0,0,,,success
646,2000,8,4,0.0,3.0,0.01,0.6400000000000001,1.2,3,482,6,12,0,0.8709426423623091,0.24130977235600112,success
647,2000,8,4,0.0,3.0,0.01,0.6400000000000001,1.4,3,474,8,18,0,0.9027777777777778,0.2291109557951332,success
625,2000,8,4,0.0,3.0,0.01,0.6300000000000001,6.199999999999999,3,481,2,17,0,0.4132449975136334,0.2387577484203836,success
648,2000,8,4,0.0,3.0,0.01,0.6400000000000001,1.5999999999999999,3,473,4,23,0,0.8949260760877799,0.2386569471342474,success
649,2000,8,4,0.0,3.0,0.01,0.6400000000000001,1.7999999999999998,3,479,3,18,0,0.7328409544462745,0.3247045605006615,success
626,2000,8,4,0.0,3.0,0.01,0.6300000000000001,6.399999999999999,3,480,2,18,0,0.3876765345403396,0.24994940386684505,success
650,2000,8,4,0.0,3.0,0.01,0.6400000000000001,1.9999999999999998,3,487,2,11,0,0.46136602029519386,0.2825631678065131,success
627,2000,8,4,0.0,3.0,0.01,0.6300000000000001,6.599999999999999,3,479,2,19,0,0.367207838384587,0.2582022790359994,success
651,2000,8,4,0.0,3.0,0.01,0.6400000000000001,2.1999999999999997,3,485,3,12,0,0.5188935744548924,0.3150350137199739,success
652,2000,8,4,0.0,3.0,0.01,0.6400000000000001,2.3999999999999995,3,483,4,13,0,0.5083785305897329,0.29981216030180863,success
628,2000,8,4,0.0,3.0,0.01,0.6300000000000001,6.799999999999999,3,478,1,21,0,0.3341177904050642,0.21965987479101007,success
653,2000,8,4,0.0,3.0,0.01,0.6400000000000001,2.5999999999999996,3,484,4,12,0,0.4583108159906994,0.27184085322336843,success
637,2000,8,4,0.0,3.0,0.01,0.6300000000000001,8.599999999999998,3,478,0,22,0,0.34009715667801665,0.21615474867217724,success
638,2000,8,4,0.0,3.0,0.01,0.6300000000000001,8.799999999999997,3,478,0,22,0,0.3400971939652745,0.21615473307620547,success
639,2000,8,4,0.0,3.0,0.01,0.6300000000000001,8.999999999999998,3,478,0,22,0,0.33987169435312004,0.21595856562614782,success
635,2000,8,4,0.0,3.0,0.01,0.6300000000000001,8.2,3,478,0,22,0,0.3401664148866102,0.21611703661725032,success
636,2000,8,4,0.0,3.0,0.01,0.6300000000000001,8.399999999999999,3,478,0,22,0,0.3400971646585486,0.21615475111281413,success
634,2000,8,4,0.0,3.0,0.01,0.6300000000000001,7.999999999999998,3,478,0,22,0,0.3401993168833108,0.21613930280343546,success
640,2000,8,4,0.0,3.0,0.01,0.6300000000000001,9.199999999999998,3,478,0,22,0,0.3397775365827905,0.215895198258148,success
629,2000,8,4,0.0,3.0,0.01,0.6300000000000001,6.999999999999998,3,478,1,21,0,0.33432027180926566,0.21988200152032158,success
630,2000,8,4,0.0,3.0,0.01,0.6300000000000001,7.199999999999998,3,478,1,21,0,0.33456706506772493,0.22008659976084757,success
633,2000,8,4,0.0,3.0,0.01,0.6300000000000001,7.799999999999999,3,478,0,22,0,0.3443781908353562,0.22050835762947937,success
632,2000,8,4,0.0,3.0,0.01,0.6300000000000001,7.599999999999999,3,478,1,21,0,0.33343035993410824,0.2190293444990186,success
631,2000,8,4,0.0,3.0,0.01,0.6300000000000001,7.399999999999999,3,478,1,21,0,0.33409772616315536,0.21979478786794981,success
654,2000,8,4,0.0,3.0,0.01,0.6400000000000001,2.8,3,486,3,11,0,0.38677531878713806,0.22411957290346582,success
641,2000,8,4,0.0,3.0,0.01,0.6300000000000001,9.399999999999999,3,478,0,22,0,0.339697386216922,0.21582824861859934,success
642,2000,8,4,0.0,3.0,0.01,0.6300000000000001,9.599999999999998,3,478,0,22,0,0.3396974577383958,0.21582825450769758,success
655,2000,8,4,0.0,3.0,0.01,0.6400000000000001,2.9999999999999996,3,485,2,13,0,0.3818558595957298,0.20888671731830327,success
643,2000,8,4,0.0,3.0,0.01,0.6300000000000001,9.799999999999997,3,477,0,23,0,0.3260152104910991,0.22084013691297832,success
644,2000,8,4,0.0,3.0,0.01,0.6300000000000001,9.999999999999998,3,477,0,23,0,0.32600360707726306,0.22083013239367139,success
656,2000,8,4,0.0,3.0,0.01,0.6400000000000001,3.1999999999999993,3,485,2,13,0,0.36049097138056807,0.15648183086651438,success
657,2000,8,4,0.0,3.0,0.01,0.6400000000000001,3.3999999999999995,3,484,2,14,0,0.3997913071073332,0.2301856034335186,success
658,2000,8,4,0.0,3.0,0.01,0.6400000000000001,3.5999999999999996,3,484,1,15,0,0.43468230820164583,0.27004860668126457,success
659,2000,8,4,0.0,3.0,0.01,0.6400000000000001,3.7999999999999994,3,483,2,15,0,0.43230676283382447,0.27115232194424027,success
660,2000,8,4,0.0,3.0,0.01,0.6400000000000001,3.999999999999999,3,483,2,15,0,0.42874619069703734,0.2721473051743909,success
661,2000,8,4,0.0,3.0,0.01,0.6400000000000001,4.199999999999999,3,483,3,14,0,0.39137723157611387,0.2379986882559621,success
662,2000,8,4,0.0,3.0,0.01,0.6400000000000001,4.3999999999999995,3,483,3,14,0,0.3850516176306379,0.22772636675025335,success
663,2000,8,4,0.0,3.0,0.01,0.6400000000000001,4.6,3,483,2,15,0,0.4108972914207423,0.2555300726315981,success
664,2000,8,4,0.0,3.0,0.01,0.6400000000000001,4.799999999999999,3,481,4,15,0,0.38534406847021635,0.20704109888180264,success
665,2000,8,4,0.0,3.0,0.01,0.6400000000000001,4.999999999999999,3,481,3,16,0,0.40288003466222416,0.21264852089570702,success
666,2000,8,4,0.0,3.0,0.01,0.6400000000000001,5.199999999999999,3,481,2,17,0,0.4309961686526698,0.2480140480604478,success
667,2000,8,4,0.0,3.0,0.01,0.6400000000000001,5.399999999999999,3,481,2,17,0,0.42599123640638104,0.24724043629766645,success
668,2000,8,4,0.0,3.0,0.01,0.6400000000000001,5.599999999999999,3,481,2,17,0,0.44489881927331104,0.2782201816953458,success
669,2000,8,4,0.0,3.0,0.01,0.6400000000000001,5.799999999999999,3,481,2,17,0,0.4133264165521474,0.23915839166570718,success
670,2000,8,4,0.0,3.0,0.01,0.6400000000000001,5.999999999999999,3,481,2,17,0,0.4132274934275132,0.23912859696058456,success
691,2000,8,4,0.0,3.0,0.01,0.6500000000000001,1.0,3,490,10,0,0,,,success
692,2000,8,4,0.0,3.0,0.01,0.6500000000000001,1.2,3,483,6,11,0,0.8592101553043373,0.2494723438060646,success
671,2000,8,4,0.0,3.0,0.01,0.6400000000000001,6.199999999999999,3,481,2,17,0,0.412362603807116,0.23872727584211795,success
693,2000,8,4,0.0,3.0,0.01,0.6500000000000001,1.4,3,475,8,17,0,0.8970588235294118,0.23483410915693106,success
672,2000,8,4,0.0,3.0,0.01,0.6400000000000001,6.399999999999999,3,480,2,18,0,0.38672259414358895,0.24983082192725717,success
694,2000,8,4,0.0,3.0,0.01,0.6500000000000001,1.5999999999999999,3,474,4,22,0,0.8901499886372245,0.2431455250515006,success
695,2000,8,4,0.0,3.0,0.01,0.6500000000000001,1.7999999999999998,3,481,3,16,0,0.6942398393758753,0.33657841503646735,success
673,2000,8,4,0.0,3.0,0.01,0.6400000000000001,6.599999999999999,3,479,2,19,0,0.36630411523093215,0.2580183001309544,success
696,2000,8,4,0.0,3.0,0.01,0.6500000000000001,1.9999999999999998,3,488,2,10,0,0.4755694348918958,0.2932388727488613,success
697,2000,8,4,0.0,3.0,0.01,0.6500000000000001,2.1999999999999997,3,486,3,11,0,0.5372950383974664,0.3231436280936104,success
674,2000,8,4,0.0,3.0,0.01,0.6400000000000001,6.799999999999999,3,478,1,21,0,0.333170796734447,0.21923502148077423,success
682,2000,8,4,0.0,3.0,0.01,0.6400000000000001,8.399999999999999,3,478,0,22,0,0.3393639030955331,0.2158776300552916,success
680,2000,8,4,0.0,3.0,0.01,0.6400000000000001,7.999999999999998,3,478,0,22,0,0.33934212950575354,0.21579205645072516,success
681,2000,8,4,0.0,3.0,0.01,0.6400000000000001,8.2,3,478,0,22,0,0.3394016482297984,0.21583233355252604,success
678,2000,8,4,0.0,3.0,0.01,0.6400000000000001,7.599999999999999,3,478,1,21,0,0.332626828477335,0.2187055266585896,success
679,2000,8,4,0.0,3.0,0.01,0.6400000000000001,7.799999999999999,3,478,0,22,0,0.3435192716051581,0.22018336840991337,success
676,2000,8,4,0.0,3.0,0.01,0.6400000000000001,7.199999999999998,3,478,1,21,0,0.3337667931036745,0.2197634017897833,success
675,2000,8,4,0.0,3.0,0.01,0.6400000000000001,6.999999999999998,3,478,1,21,0,0.33337325024319414,0.21945852999758322,success
698,2000,8,4,0.0,3.0,0.01,0.6500000000000001,2.3999999999999995,3,484,4,12,0,0.5222647232073463,0.30901612793798516,success
683,2000,8,4,0.0,3.0,0.01,0.6400000000000001,8.599999999999998,3,478,0,22,0,0.33936389509978154,0.21587762758440843,success
677,2000,8,4,0.0,3.0,0.01,0.6400000000000001,7.399999999999999,3,478,1,21,0,0.3332956970719158,0.21947635294757,success
684,2000,8,4,0.0,3.0,0.01,0.6400000000000001,8.799999999999997,3,478,0,22,0,0.3393639323870394,0.21587761210109913,success
699,2000,8,4,0.0,3.0,0.01,0.6500000000000001,2.5999999999999996,3,485,4,11,0,0.46890777933727446,0.282821939342959,success
685,2000,8,4,0.0,3.0,0.01,0.6400000000000001,8.999999999999998,3,478,0,22,0,0.33913364892565756,0.21567625924195585,success
686,2000,8,4,0.0,3.0,0.01,0.6400000000000001,9.199999999999998,3,478,0,22,0,0.3390394831057277,0.21561246808734422,success
687,2000,8,4,0.0,3.0,0.01,0.6400000000000001,9.399999999999999,3,478,0,22,0,0.33898107022017304,0.21556346044269467,success
700,2000,8,4,0.0,3.0,0.01,0.6500000000000001,2.8,3,487,3,10,0,0.3943351009885255,0.23507129632955856,success
688,2000,8,4,0.0,3.0,0.01,0.6400000000000001,9.599999999999998,3,478,0,22,0,0.33898114169702764,0.21556346659219305,success
701,2000,8,4,0.0,3.0,0.01,0.6500000000000001,2.9999999999999996,3,486,2,12,0,0.3861353468702075,0.21752852410640974,success
690,2000,8,4,0.0,3.0,0.01,0.6400000000000001,9.999999999999998,3,477,0,23,0,0.3253185611507316,0.22053882846428352,success
689,2000,8,4,0.0,3.0,0.01,0.6400000000000001,9.799999999999997,3,477,0,23,0,0.3253300132110733,0.22054873943445785,success
702,2000,8,4,0.0,3.0,0.01,0.6500000000000001,3.1999999999999993,3,486,2,12,0,0.3633651129820518,0.1628488360718655,success
703,2000,8,4,0.0,3.0,0.01,0.6500000000000001,3.3999999999999995,3,485,2,13,0,0.40652201895836704,0.23760783214106088,success
704,2000,8,4,0.0,3.0,0.01,0.6500000000000001,3.5999999999999996,3,485,1,14,0,0.4442949473226264,0.27765838697071354,success
705,2000,8,4,0.0,3.0,0.01,0.6500000000000001,3.7999999999999994,3,484,2,14,0,0.4418333829845051,0.27880993112837327,success
706,2000,8,4,0.0,3.0,0.01,0.6500000000000001,3.999999999999999,3,484,2,14,0,0.43831915625186146,0.27992061818598546,success
707,2000,8,4,0.0,3.0,0.01,0.6500000000000001,4.199999999999999,3,484,3,13,0,0.39887739661202726,0.2461335048004848,success
708,2000,8,4,0.0,3.0,0.01,0.6500000000000001,4.3999999999999995,3,484,3,13,0,0.3920647220400672,0.2355975032684606,success
709,2000,8,4,0.0,3.0,0.01,0.6500000000000001,4.6,3,484,2,14,0,0.4192951105568308,0.2631096734673987,success
710,2000,8,4,0.0,3.0,0.01,0.6500000000000001,4.799999999999999,3,482,4,14,0,0.391954768624179,0.21336556349261226,success
711,2000,8,4,0.0,3.0,0.01,0.6500000000000001,4.999999999999999,3,482,3,15,0,0.4102190744097645,0.21814811842738108,success
712,2000,8,4,0.0,3.0,0.01,0.6500000000000001,5.199999999999999,3,482,2,16,0,0.43961278824732863,0.25360066282142074,success
713,2000,8,4,0.0,3.0,0.01,0.6500000000000001,5.399999999999999,3,482,2,16,0,0.4343159030034208,0.2529916274135188,success
714,2000,8,4,0.0,3.0,0.01,0.6500000000000001,5.599999999999999,3,482,2,16,0,0.454405213820511,0.2845813519532661,success
715,2000,8,4,0.0,3.0,0.01,0.6500000000000001,5.799999999999999,3,482,2,16,0,0.4208606318752976,0.2450283703888088,success
716,2000,8,4,0.0,3.0,0.01,0.6500000000000001,5.999999999999999,3,482,2,16,0,0.4207555275173714,0.24500079613880982,success
717,2000,8,4,0.0,3.0,0.01,0.6500000000000001,6.199999999999999,3,482,2,16,0,0.41983672075636685,0.24461303494295766,success
737,2000,8,4,0.0,3.0,0.01,0.6600000000000001,1.0,3,491,9,0,0,,,success
738,2000,8,4,0.0,3.0,0.01,0.6600000000000001,1.2,3,485,4,11,0,0.8516374507571611,0.2676357520555966,success
718,2000,8,4,0.0,3.0,0.01,0.6500000000000001,6.399999999999999,3,481,2,17,0,0.39218603482810355,0.2564572951429526,success
739,2000,8,4,0.0,3.0,0.01,0.6600000000000001,1.4,3,477,7,16,0,0.85625,0.26575364531836626,success
740,2000,8,4,0.0,3.0,0.01,0.6600000000000001,1.5999999999999999,3,477,3,20,0,0.8516649875009469,0.27090721898474523,success
719,2000,8,4,0.0,3.0,0.01,0.6500000000000001,6.599999999999999,3,480,2,18,0,0.3703132325863349,0.26491867605105135,success
741,2000,8,4,0.0,3.0,0.01,0.6600000000000001,1.7999999999999998,3,482,3,15,0,0.6705224953342668,0.3427069201866833,success
720,2000,8,4,0.0,3.0,0.01,0.6500000000000001,6.799999999999999,3,479,1,20,0,0.33515486820790874,0.22480356812711258,success
742,2000,8,4,0.0,3.0,0.01,0.6600000000000001,1.9999999999999998,3,489,2,9,0,0.41091229808734986,0.24761020041185616,success
721,2000,8,4,0.0,3.0,0.01,0.6500000000000001,6.999999999999998,3,479,1,20,0,0.33536246706676137,0.22503223178213783,success
723,2000,8,4,0.0,3.0,0.01,0.6500000000000001,7.399999999999999,3,479,1,20,0,0.33531369388128035,0.22507930482811436,success
722,2000,8,4,0.0,3.0,0.01,0.6500000000000001,7.199999999999998,3,479,1,20,0,0.3357742629748882,0.22534025068869387,success
726,2000,8,4,0.0,3.0,0.01,0.6500000000000001,7.999999999999998,3,479,0,21,0,0.3415532718007749,0.2209648489558227,success
724,2000,8,4,0.0,3.0,0.01,0.6500000000000001,7.599999999999999,3,479,1,20,0,0.33461211357521164,0.22429527028105672,success
725,2000,8,4,0.0,3.0,0.01,0.6500000000000001,7.799999999999999,3,479,0,21,0,0.3459293246229839,0.2254206281737967,success
743,2000,8,4,0.0,3.0,0.01,0.6600000000000001,2.1999999999999997,3,487,3,10,0,0.48716050678709166,0.30379735993813606,success
727,2000,8,4,0.0,3.0,0.01,0.6500000000000001,8.2,3,479,0,21,0,0.3416156195167443,0.22100549065339942,success
728,2000,8,4,0.0,3.0,0.01,0.6500000000000001,8.399999999999999,3,479,0,21,0,0.34157607697346504,0.22105235436219792,success
729,2000,8,4,0.0,3.0,0.01,0.6500000000000001,8.599999999999998,3,479,0,21,0,0.34157606682297237,0.2210523517602323,success
744,2000,8,4,0.0,3.0,0.01,0.6600000000000001,2.3999999999999995,3,485,4,11,0,0.5203328080041918,0.32812631211542975,success
730,2000,8,4,0.0,3.0,0.01,0.6500000000000001,8.799999999999997,3,479,0,21,0,0.3415761058780743,0.2210523354756206,success
745,2000,8,4,0.0,3.0,0.01,0.6600000000000001,2.5999999999999996,3,486,4,10,0,0.4648911684427671,0.30219035615256346,success
731,2000,8,4,0.0,3.0,0.01,0.6500000000000001,8.999999999999998,3,479,0,21,0,0.34133356868859355,0.22084754970275633,success
732,2000,8,4,0.0,3.0,0.01,0.6500000000000001,9.199999999999998,3,479,0,21,0,0.34123626784374295,0.22078405497713555,success
733,2000,8,4,0.0,3.0,0.01,0.6500000000000001,9.399999999999999,3,479,0,21,0,0.34117507339142134,0.2207344413455838,success
746,2000,8,4,0.0,3.0,0.01,0.6600000000000001,2.8,3,488,3,9,0,0.3814436654762661,0.25173129704369784,success
747,2000,8,4,0.0,3.0,0.01,0.6600000000000001,2.9999999999999996,3,487,2,11,0,0.3749367589622139,0.2298001284531075,success
734,2000,8,4,0.0,3.0,0.01,0.6500000000000001,9.599999999999998,3,479,0,21,0,0.34117514800086424,0.2207344469384297,success
735,2000,8,4,0.0,3.0,0.01,0.6500000000000001,9.799999999999997,3,478,0,22,0,0.32680378547114164,0.22571552378429208,success
736,2000,8,4,0.0,3.0,0.01,0.6500000000000001,9.999999999999998,3,478,0,22,0,0.326791810611231,0.22570546083301216,success
748,2000,8,4,0.0,3.0,0.01,0.6600000000000001,3.1999999999999993,3,487,2,11,0,0.351260690903182,0.17178509667887432,success
749,2000,8,4,0.0,3.0,0.01,0.6600000000000001,3.3999999999999995,3,486,2,12,0,0.3992876400593406,0.2505221706539432,success
750,2000,8,4,0.0,3.0,0.01,0.6600000000000001,3.5999999999999996,3,486,1,13,0,0.4413698432746673,0.2916586504153484,success
751,2000,8,4,0.0,3.0,0.01,0.6600000000000001,3.7999999999999994,3,485,2,13,0,0.4386767957131318,0.2928263169920213,success
752,2000,8,4,0.0,3.0,0.01,0.6600000000000001,3.999999999999999,3,485,2,13,0,0.4348052188316719,0.2939619916388436,success
753,2000,8,4,0.0,3.0,0.01,0.6600000000000001,4.199999999999999,3,485,3,12,0,0.3921358086084073,0.25939253804749984,success
754,2000,8,4,0.0,3.0,0.01,0.6600000000000001,4.3999999999999995,3,485,3,12,0,0.3859590620721449,0.24847917335738592,success
755,2000,8,4,0.0,3.0,0.01,0.6600000000000001,4.6,3,485,2,13,0,0.4146913149429308,0.27597740477354116,success
756,2000,8,4,0.0,3.0,0.01,0.6600000000000001,4.799999999999999,3,483,4,13,0,0.3852636964157719,0.22388481410805328,success
757,2000,8,4,0.0,3.0,0.01,0.6600000000000001,4.999999999999999,3,483,3,14,0,0.40537303942768127,0.2285981699492535,success
758,2000,8,4,0.0,3.0,0.01,0.6600000000000001,5.199999999999999,3,483,2,15,0,0.4376244838976076,0.2649692978867325,success
759,2000,8,4,0.0,3.0,0.01,0.6600000000000001,5.399999999999999,3,483,2,15,0,0.43238567528868593,0.2642851187935858,success
760,2000,8,4,0.0,3.0,0.01,0.6600000000000001,5.599999999999999,3,483,2,15,0,0.45392436686001764,0.2968027418190811,success
761,2000,8,4,0.0,3.0,0.01,0.6600000000000001,5.799999999999999,3,483,2,15,0,0.4181403814121608,0.25597904228380347,success
762,2000,8,4,0.0,3.0,0.01,0.6600000000000001,5.999999999999999,3,483,2,15,0,0.41802826865358533,0.2559494833579476,success
763,2000,8,4,0.0,3.0,0.01,0.6600000000000001,6.199999999999999,3,483,2,15,0,0.41704864358589244,0.25554080178036975,success
783,2000,8,4,0.0,3.0,0.01,0.6700000000000002,1.0,3,491,9,0,0,,,success
784,2000,8,4,0.0,3.0,0.01,0.6700000000000002,1.2,3,485,4,11,0,0.8516374507571611,0.2676357520555966,success
764,2000,8,4,0.0,3.0,0.01,0.6600000000000001,6.399999999999999,3,482,2,16,0,0.3878454065143972,0.26655237294147077,success
785,2000,8,4,0.0,3.0,0.01,0.6700000000000002,1.4,3,479,7,14,0,0.8357142857142856,0.27902892835178017,success
786,2000,8,4,0.0,3.0,0.01,0.6700000000000002,1.5999999999999999,3,478,3,19,0,0.843857881579944,0.2760094967745633,success
765,2000,8,4,0.0,3.0,0.01,0.6600000000000001,6.599999999999999,3,481,2,17,0,0.3649412999239183,0.27418216017801034,success
787,2000,8,4,0.0,3.0,0.01,0.6700000000000002,1.7999999999999998,3,483,3,14,0,0.646988387858143,0.342834685316324,success
788,2000,8,4,0.0,3.0,0.01,0.6700000000000002,1.9999999999999998,3,489,2,9,0,0.41091229808734986,0.24761020041185616,success
766,2000,8,4,0.0,3.0,0.01,0.6600000000000001,6.799999999999999,3,480,1,19,0,0.3284978902794144,0.2311695038637136,success
767,2000,8,4,0.0,3.0,0.01,0.6600000000000001,6.999999999999998,3,480,1,19,0,0.328716793510277,0.23141068046625163,success
768,2000,8,4,0.0,3.0,0.01,0.6600000000000001,7.199999999999998,3,480,1,19,0,0.3285091586461653,0.23125826134755442,success
769,2000,8,4,0.0,3.0,0.01,0.6600000000000001,7.399999999999999,3,480,1,19,0,0.3280243479775865,0.23097374281880842,success
774,2000,8,4,0.0,3.0,0.01,0.6600000000000001,8.399999999999999,3,480,0,20,0,0.33479309196216867,0.22669699507797095,success
772,2000,8,4,0.0,3.0,0.01,0.6600000000000001,7.999999999999998,3,480,0,20,0,0.3352714714871063,0.22691594302091897,success
771,2000,8,4,0.0,3.0,0.01,0.6600000000000001,7.799999999999999,3,480,0,20,0,0.3398860623995614,0.23162830483703686,success
773,2000,8,4,0.0,3.0,0.01,0.6600000000000001,8.2,3,480,0,20,0,0.33481487585542846,0.2266333254016916,success
770,2000,8,4,0.0,3.0,0.01,0.6600000000000001,7.599999999999999,3,480,1,19,0,0.32730072201415356,0.23015427302529387,success
789,2000,8,4,0.0,3.0,0.01,0.6700000000000002,2.1999999999999997,3,487,3,10,0,0.48548858674612766,0.3051337340896179,success
775,2000,8,4,0.0,3.0,0.01,0.6600000000000001,8.599999999999998,3,480,0,20,0,0.33479256300359833,0.22669668159704448,success
790,2000,8,4,0.0,3.0,0.01,0.6700000000000002,2.3999999999999995,3,486,4,10,0,0.4706941687636469,0.3037559741942554,success
791,2000,8,4,0.0,3.0,0.01,0.6700000000000002,2.5999999999999996,3,487,4,9,0,0.40357694266867,0.2520669236743005,success
776,2000,8,4,0.0,3.0,0.01,0.6600000000000001,8.799999999999997,3,480,0,20,0,0.3347926039587234,0.22669666619040424,success
777,2000,8,4,0.0,3.0,0.01,0.6600000000000001,8.999999999999998,3,480,0,20,0,0.3345135095476109,0.22645750480257026,success
778,2000,8,4,0.0,3.0,0.01,0.6600000000000001,9.199999999999998,3,480,0,20,0,0.33431990141283124,0.2263427390642512,success
792,2000,8,4,0.0,3.0,0.01,0.6700000000000002,2.8,3,488,3,9,0,0.3776017841562939,0.2522882089343572,success
779,2000,8,4,0.0,3.0,0.01,0.6600000000000001,9.399999999999999,3,480,0,20,0,0.3342555989767987,0.2262896894492943,success
780,2000,8,4,0.0,3.0,0.01,0.6600000000000001,9.599999999999998,3,480,0,20,0,0.3342556773167004,0.22628969771352234,success
793,2000,8,4,0.0,3.0,0.01,0.6700000000000002,2.9999999999999996,3,488,2,10,0,0.3111312746664797,0.10531586531763683,success
781,2000,8,4,0.0,3.0,0.01,0.6600000000000001,9.799999999999997,3,479,0,21,0,0.3195294590346289,0.2306533274208063,success
782,2000,8,4,0.0,3.0,0.01,0.6600000000000001,9.999999999999998,3,479,0,21,0,0.3195416302200141,0.23066474207658666,success
794,2000,8,4,0.0,3.0,0.01,0.6700000000000002,3.1999999999999993,3,488,2,10,0,0.3055662851134814,0.09392244164685387,success
795,2000,8,4,0.0,3.0,0.01,0.6700000000000002,3.3999999999999995,3,487,2,11,0,0.3622341500069275,0.2284157907244502,success
796,2000,8,4,0.0,3.0,0.01,0.6700000000000002,3.5999999999999996,3,487,1,12,0,0.4108902422598117,0.2842417554765116,success
797,2000,8,4,0.0,3.0,0.01,0.6700000000000002,3.7999999999999994,3,486,2,12,0,0.4078649601257715,0.28526654574333593,success
798,2000,8,4,0.0,3.0,0.01,0.6700000000000002,3.999999999999999,3,486,2,12,0,0.4036688509387005,0.28604067434148034,success
799,2000,8,4,0.0,3.0,0.01,0.6700000000000002,4.199999999999999,3,485,3,12,0,0.39106433401012447,0.26003310239289057,success
800,2000,8,4,0.0,3.0,0.01,0.6700000000000002,4.3999999999999995,3,485,3,12,0,0.3848903566064767,0.2491172830105728,success
801,2000,8,4,0.0,3.0,0.01,0.6700000000000002,4.6,3,485,2,13,0,0.41370438083627037,0.2766157112845252,success
802,2000,8,4,0.0,3.0,0.01,0.6700000000000002,4.799999999999999,3,483,4,13,0,0.38434020174295236,0.22449133509445102,success
803,2000,8,4,0.0,3.0,0.01,0.6700000000000002,4.999999999999999,3,483,3,14,0,0.40451552208045355,0.22922773275236127,success
804,2000,8,4,0.0,3.0,0.01,0.6700000000000002,5.199999999999999,3,483,2,15,0,0.43562306596875117,0.2651775697482208,success
805,2000,8,4,0.0,3.0,0.01,0.6700000000000002,5.399999999999999,3,483,2,15,0,0.43008419330174497,0.2642986852461417,success
806,2000,8,4,0.0,3.0,0.01,0.6700000000000002,5.599999999999999,3,483,2,15,0,0.45162311800033894,0.2969935407452742,success
807,2000,8,4,0.0,3.0,0.01,0.6700000000000002,5.799999999999999,3,483,2,15,0,0.4159818324887675,0.25590582031922743,success
808,2000,8,4,0.0,3.0,0.01,0.6700000000000002,5.999999999999999,3,483,2,15,0,0.4158697211738992,0.2558752403281177,success
829,2000,8,4,0.0,3.0,0.01,0.6800000000000002,1.0,3,492,8,0,0,,,success
809,2000,8,4,0.0,3.0,0.01,0.6700000000000002,6.199999999999999,3,483,2,15,0,0.41487916626517535,0.2555267389065547,success
830,2000,8,4,0.0,3.0,0.01,0.6800000000000002,1.2,3,486,3,11,0,0.9198192689389793,0.180332032099553,success
831,2000,8,4,0.0,3.0,0.01,0.6800000000000002,1.4,3,480,6,14,0,0.8928571428571429,0.21290765681316007,success
810,2000,8,4,0.0,3.0,0.01,0.6700000000000002,6.399999999999999,3,482,2,16,0,0.3855609599673216,0.266363854328396,success
832,2000,8,4,0.0,3.0,0.01,0.6800000000000002,1.5999999999999999,3,479,3,18,0,0.879627763889941,0.23435501842721765,success
811,2000,8,4,0.0,3.0,0.01,0.6700000000000002,6.599999999999999,3,481,2,17,0,0.36279645457608106,0.27382386385205876,success
833,2000,8,4,0.0,3.0,0.01,0.6800000000000002,1.7999999999999998,3,484,3,13,0,0.6813721100010771,0.33075612056796005,success
812,2000,8,4,0.0,3.0,0.01,0.6700000000000002,6.799999999999999,3,480,1,19,0,0.3264219214496943,0.23042392792645267,success
813,2000,8,4,0.0,3.0,0.01,0.6700000000000002,6.999999999999998,3,480,1,19,0,0.32664079779903277,0.230667943962882,success
814,2000,8,4,0.0,3.0,0.01,0.6700000000000002,7.199999999999998,3,480,1,19,0,0.3264371500966407,0.23051607225917403,success
834,2000,8,4,0.0,3.0,0.01,0.6800000000000002,1.9999999999999998,3,490,2,8,0,0.4382117936148696,0.24980781011120395,success
815,2000,8,4,0.0,3.0,0.01,0.6700000000000002,7.399999999999999,3,480,1,19,0,0.3262774965258314,0.23050356576860268,success
817,2000,8,4,0.0,3.0,0.01,0.6700000000000002,7.799999999999999,3,480,0,20,0,0.33822722320932697,0.23126792552209413,success
819,2000,8,4,0.0,3.0,0.01,0.6700000000000002,8.2,3,480,0,20,0,0.3330508845670769,0.22612025068161695,success
816,2000,8,4,0.0,3.0,0.01,0.6700000000000002,7.599999999999999,3,480,1,19,0,0.3255538728769637,0.22967661190966668,success
818,2000,8,4,0.0,3.0,0.01,0.6700000000000002,7.999999999999998,3,480,0,20,0,0.3335033604238639,0.22640457308169445,success
820,2000,8,4,0.0,3.0,0.01,0.6700000000000002,8.399999999999999,3,480,0,20,0,0.3329764214639118,0.22612394265145014,success
821,2000,8,4,0.0,3.0,0.01,0.6700000000000002,8.599999999999998,3,480,0,20,0,0.3329757752982394,0.22612355369690734,success
835,2000,8,4,0.0,3.0,0.01,0.6800000000000002,2.1999999999999997,3,488,3,9,0,0.5187547744504762,0.3038012979566119,success
836,2000,8,4,0.0,3.0,0.01,0.6800000000000002,2.3999999999999995,3,487,4,9,0,0.5016028170854753,0.30504676240514517,success
823,2000,8,4,0.0,3.0,0.01,0.6700000000000002,8.999999999999998,3,480,0,20,0,0.33270270237012656,0.22588669746766216,success
822,2000,8,4,0.0,3.0,0.01,0.6700000000000002,8.799999999999997,3,480,0,20,0,0.3329758000236072,0.2261235432502714,success
837,2000,8,4,0.0,3.0,0.01,0.6800000000000002,2.5999999999999996,3,488,4,8,0,0.42995951876885474,0.25584229766565686,success
824,2000,8,4,0.0,3.0,0.01,0.6700000000000002,9.199999999999998,3,480,0,20,0,0.33250432542913794,0.22576718411754768,success
825,2000,8,4,0.0,3.0,0.01,0.6700000000000002,9.399999999999999,3,480,0,20,0,0.3324676770297341,0.2257389172750729,success
838,2000,8,4,0.0,3.0,0.01,0.6800000000000002,2.8,3,489,3,8,0,0.40089798198199567,0.2591522991140765,success
826,2000,8,4,0.0,3.0,0.01,0.6700000000000002,9.599999999999998,3,480,0,20,0,0.33246775536963563,0.22573892621259734,success
839,2000,8,4,0.0,3.0,0.01,0.6800000000000002,2.9999999999999996,3,489,2,9,0,0.3245868802530981,0.10218126322569274,success
827,2000,8,4,0.0,3.0,0.01,0.6700000000000002,9.799999999999997,3,479,0,21,0,0.31782662407086026,0.2300259200697343,success
828,2000,8,4,0.0,3.0,0.01,0.6700000000000002,9.999999999999998,3,479,0,21,0,0.3178387874384626,0.2300374147128429,success
840,2000,8,4,0.0,3.0,0.01,0.6800000000000002,3.1999999999999993,3,489,2,9,0,0.31840355852754443,0.08983402920142046,success
841,2000,8,4,0.0,3.0,0.01,0.6800000000000002,3.3999999999999995,3,488,2,10,0,0.37944134830039195,0.2331327470839246,success
842,2000,8,4,0.0,3.0,0.01,0.6800000000000002,3.5999999999999996,3,488,1,11,0,0.43026713327084726,0.2893496694832182,success
843,2000,8,4,0.0,3.0,0.01,0.6800000000000002,3.7999999999999994,3,487,2,11,0,0.42714790398145847,0.2906589379495015,success
844,2000,8,4,0.0,3.0,0.01,0.6800000000000002,3.999999999999999,3,487,2,11,0,0.4226079457359024,0.2917935573999154,success
845,2000,8,4,0.0,3.0,0.01,0.6800000000000002,4.199999999999999,3,486,3,11,0,0.408863330284744,0.2647207017075541,success
846,2000,8,4,0.0,3.0,0.01,0.6800000000000002,4.3999999999999995,3,486,3,11,0,0.40213349942801296,0.25341768772930195,success
847,2000,8,4,0.0,3.0,0.01,0.6800000000000002,4.6,3,486,2,12,0,0.431911359802194,0.2804669976143016,success
848,2000,8,4,0.0,3.0,0.01,0.6800000000000002,4.799999999999999,3,484,4,12,0,0.40010006875250287,0.22659662457623178,success
849,2000,8,4,0.0,3.0,0.01,0.6800000000000002,4.999999999999999,3,484,3,13,0,0.4201383123098682,0.22942394439731,success
850,2000,8,4,0.0,3.0,0.01,0.6800000000000002,5.199999999999999,3,484,2,14,0,0.4523579450200705,0.2658350642699794,success
851,2000,8,4,0.0,3.0,0.01,0.6800000000000002,5.399999999999999,3,484,2,14,0,0.44638186171639577,0.265304829423332,success
852,2000,8,4,0.0,3.0,0.01,0.6800000000000002,5.599999999999999,3,484,2,14,0,0.4698885788888159,0.299149118437459,success
853,2000,8,4,0.0,3.0,0.01,0.6800000000000002,5.799999999999999,3,484,2,14,0,0.4312306492343499,0.25763404605058854,success
854,2000,8,4,0.0,3.0,0.01,0.6800000000000002,5.999999999999999,3,484,2,14,0,0.4312468719552318,0.25763695338974374,success
855,2000,8,4,0.0,3.0,0.01,0.6800000000000002,6.199999999999999,3,484,2,14,0,0.43032065861191876,0.2573607156167583,success
875,2000,8,4,0.0,3.0,0.01,0.6900000000000002,1.0,3,492,8,0,0,,,success
876,2000,8,4,0.0,3.0,0.01,0.6900000000000002,1.2,3,486,3,11,0,0.9198192689389793,0.180332032099553,success
856,2000,8,4,0.0,3.0,0.01,0.6800000000000002,6.399999999999999,3,483,2,15,0,0.3978727739607647,0.270466168955237,success
877,2000,8,4,0.0,3.0,0.01,0.6900000000000002,1.4,3,480,6,14,0,0.8928571428571429,0.21290765681316007,success
857,2000,8,4,0.0,3.0,0.01,0.6800000000000002,6.599999999999999,3,482,2,16,0,0.3729476183535503,0.27906857695818826,success
878,2000,8,4,0.0,3.0,0.01,0.6900000000000002,1.5999999999999999,3,480,3,17,0,0.872547044118761,0.2395747367675827,success
858,2000,8,4,0.0,3.0,0.01,0.6800000000000002,6.799999999999999,3,481,1,18,0,0.3331214360759305,0.23409441362592132,success
860,2000,8,4,0.0,3.0,0.01,0.6800000000000002,7.199999999999998,3,481,1,18,0,0.3330706837690258,0.2341080854525639,success
879,2000,8,4,0.0,3.0,0.01,0.6900000000000002,1.7999999999999998,3,485,3,12,0,0.6548197858345003,0.33067579456306717,success
859,2000,8,4,0.0,3.0,0.01,0.6800000000000002,6.999999999999998,3,481,1,18,0,0.33328564520610326,0.23425997154263592,success
863,2000,8,4,0.0,3.0,0.01,0.6800000000000002,7.799999999999999,3,481,0,19,0,0.3456864106639108,0.23490175262053178,success
861,2000,8,4,0.0,3.0,0.01,0.6800000000000002,7.399999999999999,3,481,1,18,0,0.33290029923584497,0.2340983598767036,success
862,2000,8,4,0.0,3.0,0.01,0.6800000000000002,7.599999999999999,3,481,1,18,0,0.3327181699074639,0.23390341629761016,success
864,2000,8,4,0.0,3.0,0.01,0.6800000000000002,7.999999999999998,3,481,0,19,0,0.3405584659058207,0.2298639702872255,success
880,2000,8,4,0.0,3.0,0.01,0.6900000000000002,1.9999999999999998,3,490,2,8,0,0.4382117936148696,0.24980781011120395,success
865,2000,8,4,0.0,3.0,0.01,0.6800000000000002,8.2,3,481,0,19,0,0.34008217553038245,0.22958378840881977,success
866,2000,8,4,0.0,3.0,0.01,0.6800000000000002,8.399999999999999,3,481,0,19,0,0.3400007570209766,0.22958820148125683,success
867,2000,8,4,0.0,3.0,0.01,0.6800000000000002,8.599999999999998,3,481,0,19,0,0.3400000896876674,0.22958781787415267,success
881,2000,8,4,0.0,3.0,0.01,0.6900000000000002,2.1999999999999997,3,488,3,9,0,0.5187547744504762,0.3038012979566119,success
868,2000,8,4,0.0,3.0,0.01,0.6800000000000002,8.799999999999997,3,481,0,19,0,0.34000011571437033,0.22958780617300087,success
882,2000,8,4,0.0,3.0,0.01,0.6900000000000002,2.3999999999999995,3,487,4,9,0,0.5016028170854753,0.30504676240514517,success
869,2000,8,4,0.0,3.0,0.01,0.6800000000000002,8.999999999999998,3,481,0,19,0,0.3395003108454302,0.22914588545352238,success
870,2000,8,4,0.0,3.0,0.01,0.6800000000000002,9.199999999999998,3,481,0,19,0,0.33929148826079925,0.2290280672101939,success
883,2000,8,4,0.0,3.0,0.01,0.6900000000000002,2.5999999999999996,3,488,4,8,0,0.42995951876885474,0.25584229766565686,success
871,2000,8,4,0.0,3.0,0.01,0.6800000000000002,9.399999999999999,3,481,0,19,0,0.33925342245526646,0.2290002501414634,success
884,2000,8,4,0.0,3.0,0.01,0.6900000000000002,2.8,3,489,3,8,0,0.40089798198199567,0.2591522991140765,success
872,2000,8,4,0.0,3.0,0.01,0.6800000000000002,9.599999999999998,3,481,0,19,0,0.33925350827233475,0.2290002569583335,success
885,2000,8,4,0.0,3.0,0.01,0.6900000000000002,2.9999999999999996,3,489,2,9,0,0.3245868802530981,0.10218126322569274,success
873,2000,8,4,0.0,3.0,0.01,0.6800000000000002,9.799999999999997,3,480,0,20,0,0.3235410327628731,0.2337067635462908,success
874,2000,8,4,0.0,3.0,0.01,0.6800000000000002,9.999999999999998,3,480,0,20,0,0.3235530600108802,0.23371746270627994,success
886,2000,8,4,0.0,3.0,0.01,0.6900000000000002,3.1999999999999993,3,489,2,9,0,0.31840355852754443,0.08983402920142046,success
887,2000,8,4,0.0,3.0,0.01,0.6900000000000002,3.3999999999999995,3,488,2,10,0,0.379232856154207,0.23319840465087538,success
888,2000,8,4,0.0,3.0,0.01,0.6900000000000002,3.5999999999999996,3,488,1,11,0,0.43004046787680555,0.2894523575976114,success
889,2000,8,4,0.0,3.0,0.01,0.6900000000000002,3.7999999999999994,3,487,2,11,0,0.4268931007624844,0.2907716937552506,success
890,2000,8,4,0.0,3.0,0.01,0.6900000000000002,3.999999999999999,3,487,2,11,0,0.4224662427652446,0.29186597760429644,success
891,2000,8,4,0.0,3.0,0.01,0.6900000000000002,4.199999999999999,3,486,3,11,0,0.40872161056347206,0.2647924438941493,success
892,2000,8,4,0.0,3.0,0.01,0.6900000000000002,4.3999999999999995,3,486,3,11,0,0.4019909506506036,0.2534888412504509,success
893,2000,8,4,0.0,3.0,0.01,0.6900000000000002,4.6,3,486,2,12,0,0.43166460372030874,0.2804929447346404,success
894,2000,8,4,0.0,3.0,0.01,0.6900000000000002,4.799999999999999,3,484,4,12,0,0.39984671480741696,0.2265931824832862,success
895,2000,8,4,0.0,3.0,0.01,0.6900000000000002,4.999999999999999,3,484,3,13,0,0.42001071550742125,0.22950334765409927,success
896,2000,8,4,0.0,3.0,0.01,0.6900000000000002,5.199999999999999,3,484,2,14,0,0.4521861715197572,0.26590145809551147,success
897,2000,8,4,0.0,3.0,0.01,0.6900000000000002,5.399999999999999,3,484,2,14,0,0.4461943138659247,0.2653617238250311,success
898,2000,8,4,0.0,3.0,0.01,0.6900000000000002,5.599999999999999,3,484,2,14,0,0.4697010463190358,0.2992154560848203,success
899,2000,8,4,0.0,3.0,0.01,0.6900000000000002,5.799999999999999,3,484,2,14,0,0.43100661402298607,0.2576681520748121,success
900,2000,8,4,0.0,3.0,0.01,0.6900000000000002,5.999999999999999,3,484,2,14,0,0.4310227531877268,0.25767112438859674,success
921,2000,8,4,0.0,3.0,0.01,0.7000000000000002,1.0,3,492,8,0,0,,,success
901,2000,8,4,0.0,3.0,0.01,0.6900000000000002,6.199999999999999,3,484,2,14,0,0.4301227357946303,0.25740726712410317,success
902,2000,8,4,0.0,3.0,0.01,0.6900000000000002,6.399999999999999,3,483,2,15,0,0.39766270111229945,0.27047436045404233,success
922,2000,8,4,0.0,3.0,0.01,0.7000000000000002,1.2,3,486,3,11,0,0.9198192689389793,0.180332032099553,success
903,2000,8,4,0.0,3.0,0.01,0.6900000000000002,6.599999999999999,3,482,2,16,0,0.3727632224936774,0.2790633101297027,success
904,2000,8,4,0.0,3.0,0.01,0.6900000000000002,6.799999999999999,3,481,1,18,0,0.3326953094555574,0.233873990268135,success
923,2000,8,4,0.0,3.0,0.01,0.7000000000000002,1.4,3,480,6,14,0,0.8928571428571429,0.21290765681316007,success
905,2000,8,4,0.0,3.0,0.01,0.6900000000000002,6.999999999999998,3,481,1,18,0,0.3328554689220801,0.2340370652149871,success
906,2000,8,4,0.0,3.0,0.01,0.6900000000000002,7.199999999999998,3,481,1,18,0,0.33290636295324766,0.23407256300187718,success
924,2000,8,4,0.0,3.0,0.01,0.7000000000000002,1.5999999999999999,3,480,3,17,0,0.872547044118761,0.2395747367675827,success
907,2000,8,4,0.0,3.0,0.01,0.6900000000000002,7.399999999999999,3,481,1,18,0,0.3327704213040884,0.2340883185616809,success
925,2000,8,4,0.0,3.0,0.01,0.7000000000000002,1.7999999999999998,3,485,3,12,0,0.6548197858345003,0.33067579456306717,success
908,2000,8,4,0.0,3.0,0.01,0.6900000000000002,7.599999999999999,3,481,1,18,0,0.33258868627180405,0.23389368899421806,success
910,2000,8,4,0.0,3.0,0.01,0.6900000000000002,7.999999999999998,3,481,0,19,0,0.34043544504276985,0.22985883723954323,success
909,2000,8,4,0.0,3.0,0.01,0.6900000000000002,7.799999999999999,3,481,0,19,0,0.3455636198378931,0.23489977703246157,success
911,2000,8,4,0.0,3.0,0.01,0.6900000000000002,8.2,3,481,0,19,0,0.3399591546111663,0.22957837966292957,success
926,2000,8,4,0.0,3.0,0.01,0.7000000000000002,1.9999999999999998,3,490,2,8,0,0.4382117936148696,0.24980781011120395,success
912,2000,8,4,0.0,3.0,0.01,0.6900000000000002,8.399999999999999,3,481,0,19,0,0.3399023523260696,0.22960109849408097,success
927,2000,8,4,0.0,3.0,0.01,0.7000000000000002,2.1999999999999997,3,488,3,9,0,0.5187547744504762,0.3038012979566119,success
913,2000,8,4,0.0,3.0,0.01,0.6900000000000002,8.599999999999998,3,481,0,19,0,0.3399016844331246,0.2296007142878363,success
928,2000,8,4,0.0,3.0,0.01,0.7000000000000002,2.3999999999999995,3,486,4,10,0,0.5514425353769277,0.327954603019366,success
914,2000,8,4,0.0,3.0,0.01,0.6900000000000002,8.799999999999997,3,481,0,19,0,0.3399017104598276,0.22960070259911636,success
929,2000,8,4,0.0,3.0,0.01,0.7000000000000002,2.5999999999999996,3,487,4,9,0,0.49089898002118254,0.30636110196786004,success
915,2000,8,4,0.0,3.0,0.01,0.6900000000000002,8.999999999999998,3,481,0,19,0,0.33940192745225034,0.2291586054033267,success
916,2000,8,4,0.0,3.0,0.01,0.6900000000000002,9.199999999999998,3,481,0,19,0,0.3391931050328625,0.22904069912422081,success
917,2000,8,4,0.0,3.0,0.01,0.6900000000000002,9.399999999999999,3,481,0,19,0,0.339115739802772,0.22898438634068782,success
930,2000,8,4,0.0,3.0,0.01,0.7000000000000002,2.8,3,489,3,8,0,0.40089798198199567,0.2591522991140765,success
918,2000,8,4,0.0,3.0,0.01,0.6900000000000002,9.599999999999998,3,481,0,19,0,0.3391158256198401,0.22898439321249647,success
919,2000,8,4,0.0,3.0,0.01,0.6900000000000002,9.799999999999997,3,480,0,20,0,0.3234102342430031,0.2336827820772449,success
920,2000,8,4,0.0,3.0,0.01,0.6900000000000002,9.999999999999998,3,480,0,20,0,0.32342226070497043,0.23369348857778663,success
931,2000,8,4,0.0,3.0,0.01,0.7000000000000002,2.9999999999999996,3,489,2,9,0,0.3245868802530981,0.10218126322569274,success
932,2000,8,4,0.0,3.0,0.01,0.7000000000000002,3.1999999999999993,3,489,2,9,0,0.31840355852754443,0.08983402920142046,success
933,2000,8,4,0.0,3.0,0.01,0.7000000000000002,3.3999999999999995,3,488,2,10,0,0.37923285537312856,0.2331984051596059,success
934,2000,8,4,0.0,3.0,0.01,0.7000000000000002,3.5999999999999996,3,488,1,11,0,0.42969442124233975,0.2896030704765057,success
935,2000,8,4,0.0,3.0,0.01,0.7000000000000002,3.7999999999999994,3,487,2,11,0,0.4268928904943082,0.29077179521914903,success
936,2000,8,4,0.0,3.0,0.01,0.7000000000000002,3.999999999999999,3,487,2,11,0,0.4223723905808475,0.29186412847126175,success
937,2000,8,4,0.0,3.0,0.01,0.7000000000000002,4.199999999999999,3,486,3,11,0,0.40872145046673314,0.26479251614279276,success
938,2000,8,4,0.0,3.0,0.01,0.7000000000000002,4.3999999999999995,3,486,3,11,0,0.4019907907946525,0.2534889119383589,success
939,2000,8,4,0.0,3.0,0.01,0.7000000000000002,4.6,3,486,2,12,0,0.4309484201034566,0.2802031834320743,success
940,2000,8,4,0.0,3.0,0.01,0.7000000000000002,4.799999999999999,3,484,4,12,0,0.3991356655094687,0.2261287775776597,success
941,2000,8,4,0.0,3.0,0.01,0.7000000000000002,4.999999999999999,3,484,3,13,0,0.41939460814446056,0.22918014902843145,success
942,2000,8,4,0.0,3.0,0.01,0.7000000000000002,5.199999999999999,3,484,2,14,0,0.4517179855152342,0.2658009097654987,success
943,2000,8,4,0.0,3.0,0.01,0.7000000000000002,5.399999999999999,3,484,2,14,0,0.44618713733823984,0.26536148966564094,success
944,2000,8,4,0.0,3.0,0.01,0.7000000000000002,5.599999999999999,3,484,2,14,0,0.46969386979136724,0.2992158555842203,success
945,2000,8,4,0.0,3.0,0.01,0.7000000000000002,5.799999999999999,3,484,2,14,0,0.4290921587749164,0.2574149169022687,success
946,2000,8,4,0.0,3.0,0.01,0.7000000000000002,5.999999999999999,3,484,2,14,0,0.42871472897407725,0.2573880889351802,success
967,2000,8,4,0.0,3.0,0.01,0.7100000000000002,1.0,3,492,8,0,0,,,success
968,2000,8,4,0.0,3.0,0.01,0.7100000000000002,1.2,3,486,3,11,0,0.9198192689389793,0.180332032099553,success
947,2000,8,4,0.0,3.0,0.01,0.7000000000000002,6.199999999999999,3,484,2,14,0,0.42776236937071127,0.25710857046946417,success
948,2000,8,4,0.0,3.0,0.01,0.7000000000000002,6.399999999999999,3,483,2,15,0,0.3975044951161487,0.27045580604296027,success
949,2000,8,4,0.0,3.0,0.01,0.7000000000000002,6.599999999999999,3,482,2,16,0,0.3726200897544428,0.27903644937713806,success
950,2000,8,4,0.0,3.0,0.01,0.7000000000000002,6.799999999999999,3,481,1,18,0,0.3326821237646074,0.23386823093797,success
969,2000,8,4,0.0,3.0,0.01,0.7100000000000002,1.4,3,480,6,14,0,0.8928571428571429,0.21290765681316007,success
952,2000,8,4,0.0,3.0,0.01,0.7000000000000002,7.199999999999998,3,481,1,18,0,0.3328915443476376,0.23406567488131655,success
951,2000,8,4,0.0,3.0,0.01,0.7000000000000002,6.999999999999998,3,481,1,18,0,0.3328421191391683,0.23403120567155977,success
970,2000,8,4,0.0,3.0,0.01,0.7100000000000002,1.5999999999999999,3,480,3,17,0,0.872547044118761,0.2395747367675827,success
953,2000,8,4,0.0,3.0,0.01,0.7000000000000002,7.399999999999999,3,481,1,18,0,0.3326320567635381,0.23404995753061913,success
971,2000,8,4,0.0,3.0,0.01,0.7100000000000002,1.7999999999999998,3,485,3,12,0,0.6548197858345003,0.33067579456306717,success
954,2000,8,4,0.0,3.0,0.01,0.7000000000000002,7.599999999999999,3,481,1,18,0,0.3324503287401056,0.23385518710449338,success
957,2000,8,4,0.0,3.0,0.01,0.7000000000000002,8.2,3,481,0,19,0,0.33985971429393325,0.22955664764171096,success
956,2000,8,4,0.0,3.0,0.01,0.7000000000000002,7.999999999999998,3,481,0,19,0,0.3403360047284493,0.22983734925629162,success
955,2000,8,4,0.0,3.0,0.01,0.7000000000000002,7.799999999999999,3,481,0,19,0,0.345464160972171,0.2348810066212784,success
958,2000,8,4,0.0,3.0,0.01,0.7000000000000002,8.399999999999999,3,481,0,19,0,0.33982222257479366,0.2295851259507461,success
972,2000,8,4,0.0,3.0,0.01,0.7100000000000002,1.9999999999999998,3,490,2,8,0,0.4382117936148696,0.24980781011120395,success
959,2000,8,4,0.0,3.0,0.01,0.7000000000000002,8.599999999999998,3,481,0,19,0,0.33982155468185243,0.22958474147171526,success
973,2000,8,4,0.0,3.0,0.01,0.7100000000000002,2.1999999999999997,3,488,3,9,0,0.5187547744504762,0.3038012979566119,success
960,2000,8,4,0.0,3.0,0.01,0.7000000000000002,8.799999999999997,3,481,0,19,0,0.33982158070855545,0.2295847297917706,success
974,2000,8,4,0.0,3.0,0.01,0.7100000000000002,2.3999999999999995,3,486,4,10,0,0.5514425353769277,0.327954603019366,success
961,2000,8,4,0.0,3.0,0.01,0.7000000000000002,8.999999999999998,3,481,0,19,0,0.3393218004696256,0.22914241962764767,success
962,2000,8,4,0.0,3.0,0.01,0.7000000000000002,9.199999999999998,3,481,0,19,0,0.3391105448980783,0.22902307435792507,success
975,2000,8,4,0.0,3.0,0.01,0.7100000000000002,2.5999999999999996,3,487,4,9,0,0.49089898002118254,0.30636110196786004,success
963,2000,8,4,0.0,3.0,0.01,0.7000000000000002,9.399999999999999,3,481,0,19,0,0.33903318765886015,0.22896673377804022,success
976,2000,8,4,0.0,3.0,0.01,0.7100000000000002,2.8,3,489,3,8,0,0.3988381758710352,0.260612310032438,success
964,2000,8,4,0.0,3.0,0.01,0.7000000000000002,9.599999999999998,3,481,0,19,0,0.3390332734759282,0.22896674068303832,success
965,2000,8,4,0.0,3.0,0.01,0.7000000000000002,9.799999999999997,3,480,0,20,0,0.3233318088949346,0.23366084662776232,success
966,2000,8,4,0.0,3.0,0.01,0.7000000000000002,9.999999999999998,3,480,0,20,0,0.3233438353542107,0.2336715583797263,success
977,2000,8,4,0.0,3.0,0.01,0.7100000000000002,2.9999999999999996,3,489,2,9,0,0.3227559414877999,0.10388028726950656,success
978,2000,8,4,0.0,3.0,0.01,0.7100000000000002,3.1999999999999993,3,489,2,9,0,0.31665064545310206,0.09155592801648102,success
979,2000,8,4,0.0,3.0,0.01,0.7100000000000002,3.3999999999999995,3,488,2,10,0,0.37801111935010445,0.23402468375300003,success
980,2000,8,4,0.0,3.0,0.01,0.7100000000000002,3.5999999999999996,3,488,1,11,0,0.42860339101059425,0.29040120885533904,success
981,2000,8,4,0.0,3.0,0.01,0.7100000000000002,3.7999999999999994,3,487,2,11,0,0.42602353771549867,0.2913921202338065,success
982,2000,8,4,0.0,3.0,0.01,0.7100000000000002,3.999999999999999,3,487,2,11,0,0.4215030528561922,0.2924673379395348,success
983,2000,8,4,0.0,3.0,0.01,0.7100000000000002,4.199999999999999,3,486,3,11,0,0.39623803224775683,0.24606395479213208,success
984,2000,8,4,0.0,3.0,0.01,0.7100000000000002,4.3999999999999995,3,486,3,11,0,0.40113974741643277,0.2540939407179347,success
985,2000,8,4,0.0,3.0,0.01,0.7100000000000002,4.6,3,486,2,12,0,0.4301485234850669,0.2808016630395227,success
986,2000,8,4,0.0,3.0,0.01,0.7100000000000002,4.799999999999999,3,484,4,12,0,0.39829343439646664,0.22678019412973016,success
987,2000,8,4,0.0,3.0,0.01,0.7100000000000002,4.999999999999999,3,484,3,13,0,0.4185962977855402,0.2298166871465716,success
988,2000,8,4,0.0,3.0,0.01,0.7100000000000002,5.199999999999999,3,484,2,14,0,0.4509767027244065,0.2664047159107647,success
989,2000,8,4,0.0,3.0,0.01,0.7100000000000002,5.399999999999999,3,484,2,14,0,0.4437540454616428,0.26555570535039646,success
990,2000,8,4,0.0,3.0,0.01,0.7100000000000002,5.599999999999999,3,484,2,14,0,0.4672643873373163,0.2996076069870834,success
991,2000,8,4,0.0,3.0,0.01,0.7100000000000002,5.799999999999999,3,484,2,14,0,0.42668831339641217,0.2574799518609665,success
992,2000,8,4,0.0,3.0,0.01,0.7100000000000002,5.999999999999999,3,484,2,14,0,0.4263042039915677,0.2574475555598424,success
1013,2000,8,4,0.0,3.0,0.01,0.7200000000000002,1.0,3,492,8,0,0,,,success
994,2000,8,4,0.0,3.0,0.01,0.7100000000000002,6.399999999999999,3,483,2,15,0,0.3960136026099904,0.27058547450811027,success
993,2000,8,4,0.0,3.0,0.01,0.7100000000000002,6.199999999999999,3,484,2,14,0,0.42586969561123666,0.2573633839104581,success
995,2000,8,4,0.0,3.0,0.01,0.7100000000000002,6.599999999999999,3,482,2,16,0,0.3712225476580236,0.27902115353911383,success
1014,2000,8,4,0.0,3.0,0.01,0.7200000000000002,1.2,3,486,3,11,0,0.9198192689389793,0.180332032099553,success
996,2000,8,4,0.0,3.0,0.01,0.7100000000000002,6.799999999999999,3,481,1,18,0,0.3314184009903022,0.23361131136340446,success
997,2000,8,4,0.0,3.0,0.01,0.7100000000000002,6.999999999999998,3,481,1,18,0,0.3315822266757846,0.23377807092650932,success
1015,2000,8,4,0.0,3.0,0.01,0.7200000000000002,1.4,3,480,6,14,0,0.8928571428571429,0.21290765681316007,success
1016,2000,8,4,0.0,3.0,0.01,0.7200000000000002,1.5999999999999999,3,481,3,16,0,0.8645812343761836,0.24509553919448915,success
998,2000,8,4,0.0,3.0,0.01,0.7100000000000002,7.199999999999998,3,481,1,18,0,0.3316446893207831,0.2338219519771367,success
999,2000,8,4,0.0,3.0,0.01,0.7100000000000002,7.399999999999999,3,481,1,18,0,0.33124697827081884,0.23369797257822517,success
1017,2000,8,4,0.0,3.0,0.01,0.7200000000000002,1.7999999999999998,3,485,3,12,0,0.6548197858345003,0.33067579456306717,success
1000,2000,8,4,0.0,3.0,0.01,0.7100000000000002,7.599999999999999,3,481,1,18,0,0.330969287157186,0.23340112012575645,success
1002,2000,8,4,0.0,3.0,0.01,0.7100000000000002,7.999999999999998,3,481,0,19,0,0.3388532693275625,0.22939317562164854,success
1001,2000,8,4,0.0,3.0,0.01,0.7100000000000002,7.799999999999999,3,481,0,19,0,0.3442229254762894,0.23472166793479132,success
1003,2000,8,4,0.0,3.0,0.01,0.7100000000000002,8.2,3,481,0,19,0,0.33837697889304647,0.22910867615975036,success
1004,2000,8,4,0.0,3.0,0.01,0.7100000000000002,8.399999999999999,3,481,0,19,0,0.3384741862567709,0.2292346034959799,success
1018,2000,8,4,0.0,3.0,0.01,0.7200000000000002,1.9999999999999998,3,490,2,8,0,0.4382117936148696,0.24980781011120395,success
1005,2000,8,4,0.0,3.0,0.01,0.7100000000000002,8.599999999999998,3,481,0,19,0,0.3384735177001354,0.22923421453279347,success
1019,2000,8,4,0.0,3.0,0.01,0.7200000000000002,2.1999999999999997,3,488,3,9,0,0.5187547744504762,0.3038012979566119,success
1006,2000,8,4,0.0,3.0,0.01,0.7100000000000002,8.799999999999997,3,481,0,19,0,0.33847353454114587,0.2292342062908684,success
1020,2000,8,4,0.0,3.0,0.01,0.7200000000000002,2.3999999999999995,3,487,4,9,0,0.5016028170854753,0.30504676240514517,success
1007,2000,8,4,0.0,3.0,0.01,0.7100000000000002,8.999999999999998,3,481,0,19,0,0.3381478935260986,0.228947812775723,success
1008,2000,8,4,0.0,3.0,0.01,0.7100000000000002,9.199999999999998,3,481,0,19,0,0.33793663791996864,0.22882722205230063,success
1009,2000,8,4,0.0,3.0,0.01,0.7100000000000002,9.399999999999999,3,481,0,19,0,0.3379213398617471,0.22881675538041726,success
1021,2000,8,4,0.0,3.0,0.01,0.7200000000000002,2.5999999999999996,3,488,4,8,0,0.4272613525238304,0.2561459318380514,success
1022,2000,8,4,0.0,3.0,0.01,0.7200000000000002,2.8,3,489,3,8,0,0.39250465478599955,0.2614317542211285,success
1010,2000,8,4,0.0,3.0,0.01,0.7100000000000002,9.599999999999998,3,481,0,19,0,0.3379214256664883,0.22881676272801232,success
1011,2000,8,4,0.0,3.0,0.01,0.7100000000000002,9.799999999999997,3,480,0,20,0,0.32227555166903654,0.23344698356376564,success
1012,2000,8,4,0.0,3.0,0.01,0.7100000000000002,9.999999999999998,3,480,0,20,0,0.32228757809487224,0.23345776239516697,success
1023,2000,8,4,0.0,3.0,0.01,0.7200000000000002,2.9999999999999996,3,489,2,9,0,0.3193027757767788,0.099703720455087,success
1024,2000,8,4,0.0,3.0,0.01,0.7200000000000002,3.1999999999999993,3,489,2,9,0,0.3151073132796759,0.09183723543409186,success
1025,2000,8,4,0.0,3.0,0.01,0.7200000000000002,3.3999999999999995,3,488,2,10,0,0.376723945400783,0.2345162376827123,success
1026,2000,8,4,0.0,3.0,0.01,0.7200000000000002,3.5999999999999996,3,488,1,11,0,0.4272714558385075,0.2910744531643584,success
1027,2000,8,4,0.0,3.0,0.01,0.7200000000000002,3.7999999999999994,3,487,2,11,0,0.4242559532906966,0.2922707385844818,success
1028,2000,8,4,0.0,3.0,0.01,0.7200000000000002,3.999999999999999,3,487,2,11,0,0.41973795092564264,0.2933114224394251,success
1029,2000,8,4,0.0,3.0,0.01,0.7200000000000002,4.199999999999999,3,486,3,11,0,0.3944725456022086,0.24686840842914917,success
1030,2000,8,4,0.0,3.0,0.01,0.7200000000000002,4.3999999999999995,3,486,3,11,0,0.39945395737470457,0.25487801313253655,success
1031,2000,8,4,0.0,3.0,0.01,0.7200000000000002,4.6,3,486,2,12,0,0.42863162473296573,0.281603501586267,success
1032,2000,8,4,0.0,3.0,0.01,0.7200000000000002,4.799999999999999,3,484,4,12,0,0.396772191888469,0.22754185720405826,success
1033,2000,8,4,0.0,3.0,0.01,0.7200000000000002,4.999999999999999,3,484,3,13,0,0.41717052699497204,0.23062748117487034,success
1034,2000,8,4,0.0,3.0,0.01,0.7200000000000002,5.199999999999999,3,484,2,14,0,0.44801944852563114,0.2668429963796216,success
1035,2000,8,4,0.0,3.0,0.01,0.7200000000000002,5.399999999999999,3,484,2,14,0,0.4415842829471978,0.26638572607901423,success
1036,2000,8,4,0.0,3.0,0.01,0.7200000000000002,5.599999999999999,3,484,2,14,0,0.46511187231385914,0.30052794161874025,success
1037,2000,8,4,0.0,3.0,0.01,0.7200000000000002,5.799999999999999,3,484,2,14,0,0.42535680146322774,0.25819178611396804,success
1038,2000,8,4,0.0,3.0,0.01,0.7200000000000002,5.999999999999999,3,484,2,14,0,0.424979324337067,0.25815917709124003,success
1059,2000,8,4,0.0,3.0,0.01,0.7300000000000002,1.0,3,492,8,0,0,,,success
1042,2000,8,4,0.0,3.0,0.01,0.7200000000000002,6.799999999999999,3,481,1,18,0,0.33038960660175265,0.23376707901043323,success
1039,2000,8,4,0.0,3.0,0.01,0.7200000000000002,6.199999999999999,3,484,2,14,0,0.4245515878622603,0.2580750596822858,success
1040,2000,8,4,0.0,3.0,0.01,0.7200000000000002,6.399999999999999,3,483,2,15,0,0.394790579503901,0.2710670721935895,success
1041,2000,8,4,0.0,3.0,0.01,0.7200000000000002,6.599999999999999,3,482,2,16,0,0.37007567333175573,0.2793487986772102,success
1060,2000,8,4,0.0,3.0,0.01,0.7300000000000002,1.2,3,487,3,10,0,0.9118011958328772,0.18800844349086338,success
1061,2000,8,4,0.0,3.0,0.01,0.7300000000000002,1.4,3,481,6,13,0,0.8846153846153846,0.2192645048267573,success
1043,2000,8,4,0.0,3.0,0.01,0.7200000000000002,6.999999999999998,3,481,1,18,0,0.3305511086051961,0.23393442190038655,success
1044,2000,8,4,0.0,3.0,0.01,0.7200000000000002,7.199999999999998,3,481,1,18,0,0.3303211540926297,0.23377458779636376,success
1062,2000,8,4,0.0,3.0,0.01,0.7300000000000002,1.5999999999999999,3,481,3,16,0,0.8645812343761836,0.24509553919448915,success
1045,2000,8,4,0.0,3.0,0.01,0.7200000000000002,7.399999999999999,3,481,1,18,0,0.3299385652662796,0.23365937167003287,success
1046,2000,8,4,0.0,3.0,0.01,0.7200000000000002,7.599999999999999,3,481,1,18,0,0.32966640812890075,0.2333647783870869,success
1063,2000,8,4,0.0,3.0,0.01,0.7300000000000002,1.7999999999999998,3,485,3,12,0,0.6548197858345003,0.33067579456306717,success
1047,2000,8,4,0.0,3.0,0.01,0.7200000000000002,7.799999999999999,3,481,0,19,0,0.34292550075107586,0.23474414158538603,success
1048,2000,8,4,0.0,3.0,0.01,0.7200000000000002,7.999999999999998,3,481,0,19,0,0.3375558445403566,0.22938411472918344,success
1049,2000,8,4,0.0,3.0,0.01,0.7200000000000002,8.2,3,481,0,19,0,0.3371458906921512,0.2291479819312389,success
1064,2000,8,4,0.0,3.0,0.01,0.7300000000000002,1.9999999999999998,3,490,2,8,0,0.46368876723320823,0.2572898125499022,success
1050,2000,8,4,0.0,3.0,0.01,0.7200000000000002,8.399999999999999,3,481,0,19,0,0.3372430980447218,0.22927443863194716,success
1065,2000,8,4,0.0,3.0,0.01,0.7300000000000002,2.1999999999999997,3,489,3,8,0,0.5063456722516826,0.3223296560687098,success
1051,2000,8,4,0.0,3.0,0.01,0.7200000000000002,8.599999999999998,3,481,0,19,0,0.337243101734021,0.22927443825226781,success
1052,2000,8,4,0.0,3.0,0.01,0.7200000000000002,8.799999999999997,3,481,0,19,0,0.3372431179726052,0.2292744303617524,success
1054,2000,8,4,0.0,3.0,0.01,0.7200000000000002,9.199999999999998,3,481,0,19,0,0.3367595355279723,0.2288986732574647,success
1053,2000,8,4,0.0,3.0,0.01,0.7200000000000002,8.999999999999998,3,481,0,19,0,0.33691747523482957,0.22898623850844116,success
1066,2000,8,4,0.0,3.0,0.01,0.7300000000000002,2.3999999999999995,3,489,4,7,0,0.3592036219670396,0.13271900062661973,success
1067,2000,8,4,0.0,3.0,0.01,0.7300000000000002,2.5999999999999996,3,489,4,7,0,0.34544154574152053,0.11859190879805136,success
1055,2000,8,4,0.0,3.0,0.01,0.7200000000000002,9.399999999999999,3,481,0,19,0,0.3367442374221746,0.22888812682152304,success
1056,2000,8,4,0.0,3.0,0.01,0.7200000000000002,9.599999999999998,3,481,0,19,0,0.33674432072759763,0.22888813482937723,success
1057,2000,8,4,0.0,3.0,0.01,0.7200000000000002,9.799999999999997,3,480,0,20,0,0.32115730183389873,0.23343452568323236,success
1068,2000,8,4,0.0,3.0,0.01,0.7300000000000002,2.8,3,489,3,8,0,0.39250465478599955,0.2614317542211285,success
1058,2000,8,4,0.0,3.0,0.01,0.7200000000000002,9.999999999999998,3,480,0,20,0,0.3211693282500241,0.2334453657223291,success
1069,2000,8,4,0.0,3.0,0.01,0.7300000000000002,2.9999999999999996,3,489,2,9,0,0.3193027757767788,0.099703720455087,success
1070,2000,8,4,0.0,3.0,0.01,0.7300000000000002,3.1999999999999993,3,489,2,9,0,0.3151073132796759,0.09183723543409186,success
1071,2000,8,4,0.0,3.0,0.01,0.7300000000000002,3.3999999999999995,3,488,2,10,0,0.376723945400783,0.2345162376827123,success
1072,2000,8,4,0.0,3.0,0.01,0.7300000000000002,3.5999999999999996,3,488,1,11,0,0.4272714558385075,0.2910744531643584,success
1073,2000,8,4,0.0,3.0,0.01,0.7300000000000002,3.7999999999999994,3,487,2,11,0,0.4242559532906966,0.2922707385844818,success
1074,2000,8,4,0.0,3.0,0.01,0.7300000000000002,3.999999999999999,3,487,2,11,0,0.41933326891967615,0.29351717808455896,success
1075,2000,8,4,0.0,3.0,0.01,0.7300000000000002,4.199999999999999,3,486,3,11,0,0.394067877362866,0.24706731537092633,success
1076,2000,8,4,0.0,3.0,0.01,0.7300000000000002,4.3999999999999995,3,486,3,11,0,0.3988972004815588,0.25515282365970327,success
1077,2000,8,4,0.0,3.0,0.01,0.7300000000000002,4.6,3,486,2,12,0,0.42811920039463863,0.2818881321874538,success
1078,2000,8,4,0.0,3.0,0.01,0.7300000000000002,4.799999999999999,3,484,4,12,0,0.39625412022308587,0.2278173354671493,success
1079,2000,8,4,0.0,3.0,0.01,0.7300000000000002,4.999999999999999,3,484,3,13,0,0.4166807529497446,0.23092491030791057,success
1080,2000,8,4,0.0,3.0,0.01,0.7300000000000002,5.199999999999999,3,484,2,14,0,0.4475677977506815,0.2671353540808421,success
1081,2000,8,4,0.0,3.0,0.01,0.7300000000000002,5.399999999999999,3,484,2,14,0,0.44113401897756505,0.26666915720285256,success
1082,2000,8,4,0.0,3.0,0.01,0.7300000000000002,5.599999999999999,3,484,2,14,0,0.46466173730084714,0.30081722405456085,success
1083,2000,8,4,0.0,3.0,0.01,0.7300000000000002,5.799999999999999,3,484,2,14,0,0.4249045519202884,0.2584549249372118,success
1085,2000,8,4,0.0,3.0,0.01,0.7300000000000002,6.199999999999999,3,484,2,14,0,0.42409935213908134,0.25833674148175945,success
1084,2000,8,4,0.0,3.0,0.01,0.7300000000000002,5.999999999999999,3,484,2,14,0,0.42452714574332606,0.25842159676642956,success
1087,2000,8,4,0.0,3.0,0.01,0.7300000000000002,6.599999999999999,3,482,2,16,0,0.36843455719887913,0.2792795042288211,success
1105,2000,8,4,0.0,3.0,0.01,0.7400000000000002,1.0,3,492,8,0,0,,,success
1086,2000,8,4,0.0,3.0,0.01,0.7300000000000002,6.399999999999999,3,483,2,15,0,0.39363454910356593,0.2711685310634792,success
1088,2000,8,4,0.0,3.0,0.01,0.7300000000000002,6.799999999999999,3,481,1,18,0,0.3293777971479443,0.23366304167375684,success
1106,2000,8,4,0.0,3.0,0.01,0.7400000000000002,1.2,3,488,3,9,0,0.9020013287031969,0.1966854111888988,success
1107,2000,8,4,0.0,3.0,0.01,0.7400000000000002,1.4,3,482,5,13,0,0.8846153846153846,0.2192645048267573,success
1089,2000,8,4,0.0,3.0,0.01,0.7300000000000002,6.999999999999998,3,481,1,18,0,0.3295378101971597,0.23383000040815893,success
1108,2000,8,4,0.0,3.0,0.01,0.7400000000000002,1.5999999999999999,3,482,2,16,0,0.8645812343761836,0.24509553919448915,success
1090,2000,8,4,0.0,3.0,0.01,0.7300000000000002,7.199999999999998,3,481,1,18,0,0.3292981629186206,0.2336623537434352,success
1091,2000,8,4,0.0,3.0,0.01,0.7300000000000002,7.399999999999999,3,481,1,18,0,0.32893136041804094,0.23356257174678147,success
1092,2000,8,4,0.0,3.0,0.01,0.7300000000000002,7.599999999999999,3,481,1,18,0,0.3286596672118316,0.23326714769810808,success
1109,2000,8,4,0.0,3.0,0.01,0.7400000000000002,1.7999999999999998,3,485,2,13,0,0.6970502476123623,0.3217441282947558,success
1094,2000,8,4,0.0,3.0,0.01,0.7300000000000002,7.999999999999998,3,481,0,19,0,0.3367254521741206,0.22936677482096382,success
1093,2000,8,4,0.0,3.0,0.01,0.7300000000000002,7.799999999999999,3,481,0,19,0,0.34209448324101593,0.23474648714273527,success
1110,2000,8,4,0.0,3.0,0.01,0.7400000000000002,1.9999999999999998,3,490,1,9,0,0.5220234739405147,0.3011772362461099,success
1095,2000,8,4,0.0,3.0,0.01,0.7300000000000002,8.2,3,481,0,19,0,0.3363071553092707,0.22912438872788232,success
1096,2000,8,4,0.0,3.0,0.01,0.7300000000000002,8.399999999999999,3,481,0,19,0,0.3364133485772765,0.22925445247042253,success
1097,2000,8,4,0.0,3.0,0.01,0.7300000000000002,8.599999999999998,3,481,0,19,0,0.33641335219419427,0.2292544521168354,success
1099,2000,8,4,0.0,3.0,0.01,0.7300000000000002,8.999999999999998,3,481,0,19,0,0.33589416069809447,0.22877775004932588,success
1098,2000,8,4,0.0,3.0,0.01,0.7300000000000002,8.799999999999997,3,481,0,19,0,0.33641336843277847,0.22925444428767022,success
1100,2000,8,4,0.0,3.0,0.01,0.7300000000000002,9.199999999999998,3,481,0,19,0,0.3357340298639942,0.22868827547307008,success
1111,2000,8,4,0.0,3.0,0.01,0.7400000000000002,2.1999999999999997,3,490,2,8,0,0.4568023021072874,0.26303024589229523,success
1112,2000,8,4,0.0,3.0,0.01,0.7400000000000002,2.3999999999999995,3,489,3,8,0,0.43720038435461467,0.2595587282753358,success
1101,2000,8,4,0.0,3.0,0.01,0.7300000000000002,9.399999999999999,3,481,0,19,0,0.33571873851951956,0.2286776521236325,success
1113,2000,8,4,0.0,3.0,0.01,0.7400000000000002,2.5999999999999996,3,489,3,8,0,0.42563012654381716,0.25750148190998423,success
1102,2000,8,4,0.0,3.0,0.01,0.7300000000000002,9.599999999999998,3,481,0,19,0,0.3357188215847559,0.2286776605714975,success
1103,2000,8,4,0.0,3.0,0.01,0.7300000000000002,9.799999999999997,3,480,0,20,0,0.32018307764818216,0.2331705905995986,success
1104,2000,8,4,0.0,3.0,0.01,0.7300000000000002,9.999999999999998,3,480,0,20,0,0.32019488869477597,0.23318122974517558,success
1114,2000,8,4,0.0,3.0,0.01,0.7400000000000002,2.8,3,489,2,9,0,0.42329436696215766,0.26406566563592976,success
1115,2000,8,4,0.0,3.0,0.01,0.7400000000000002,2.9999999999999996,3,490,2,8,0,0.310940284991745,0.10533396367714189,success
1116,2000,8,4,0.0,3.0,0.01,0.7400000000000002,3.1999999999999993,3,490,2,8,0,0.3064804132665736,0.09654324488708554,success
1117,2000,8,4,0.0,3.0,0.01,0.7400000000000002,3.3999999999999995,3,489,2,9,0,0.3828012609132865,0.2483654406660446,success
1118,2000,8,4,0.0,3.0,0.01,0.7400000000000002,3.5999999999999996,3,489,1,10,0,0.4372313670966463,0.30496533551344407,success
1119,2000,8,4,0.0,3.0,0.01,0.7400000000000002,3.7999999999999994,3,488,2,10,0,0.43439266020097406,0.30627593979320406,success
1120,2000,8,4,0.0,3.0,0.01,0.7400000000000002,3.999999999999999,3,488,2,10,0,0.4317498704297561,0.3064814716961406,success
1121,2000,8,4,0.0,3.0,0.01,0.7400000000000002,4.199999999999999,3,487,3,10,0,0.40416287573900805,0.25832201614857847,success
1122,2000,8,4,0.0,3.0,0.01,0.7400000000000002,4.3999999999999995,3,487,3,10,0,0.4094677385146682,0.26668744285240753,success
1123,2000,8,4,0.0,3.0,0.01,0.7400000000000002,4.6,3,487,2,11,0,0.43882797681087155,0.2920262052129681,success
1124,2000,8,4,0.0,3.0,0.01,0.7400000000000002,4.799999999999999,3,485,4,11,0,0.40401602577566836,0.23599941960743837,success
1125,2000,8,4,0.0,3.0,0.01,0.7400000000000002,4.999999999999999,3,485,3,12,0,0.42530903407218923,0.23735407070569028,success
1126,2000,8,4,0.0,3.0,0.01,0.7400000000000002,5.199999999999999,3,485,2,13,0,0.4580850602873178,0.2739275230284173,success
1127,2000,8,4,0.0,3.0,0.01,0.7400000000000002,5.399999999999999,3,485,2,13,0,0.45220378773299436,0.2739007836063929,success
1128,2000,8,4,0.0,3.0,0.01,0.7400000000000002,5.599999999999999,3,485,2,13,0,0.47799657688450436,0.3091022051623791,success
1130,2000,8,4,0.0,3.0,0.01,0.7400000000000002,5.999999999999999,3,485,2,13,0,0.4347448032188963,0.2663824455792791,success
1131,2000,8,4,0.0,3.0,0.01,0.7400000000000002,6.199999999999999,3,485,2,13,0,0.4343337135881795,0.26631970201427774,success
1129,2000,8,4,0.0,3.0,0.01,0.7400000000000002,5.799999999999999,3,485,2,13,0,0.43518115000729707,0.26640750663599994,success
1132,2000,8,4,0.0,3.0,0.01,0.7400000000000002,6.399999999999999,3,484,2,14,0,0.4005377567905129,0.28007626397686713,success
1151,2000,8,4,0.0,3.0,0.01,0.7500000000000002,1.0,3,493,7,0,0,,,success
1133,2000,8,4,0.0,3.0,0.01,0.7400000000000002,6.599999999999999,3,483,2,15,0,0.37319755025922596,0.28844663087331845,success
1134,2000,8,4,0.0,3.0,0.01,0.7400000000000002,6.799999999999999,3,482,1,17,0,0.33128229460356745,0.24074965498368747,success
1152,2000,8,4,0.0,3.0,0.01,0.7500000000000002,1.2,3,489,2,9,0,0.9020013287031969,0.1966854111888988,success
1153,2000,8,4,0.0,3.0,0.01,0.7500000000000002,1.4,3,483,4,13,0,0.8846153846153846,0.2192645048267573,success
1154,2000,8,4,0.0,3.0,0.01,0.7500000000000002,1.5999999999999999,3,483,2,15,0,0.8555533166679292,0.2509292100573781,success
1135,2000,8,4,0.0,3.0,0.01,0.7400000000000002,6.999999999999998,3,482,1,17,0,0.3314522656304919,0.2409211560776097,success
1136,2000,8,4,0.0,3.0,0.01,0.7400000000000002,7.199999999999998,3,482,1,17,0,0.33119849683427277,0.24075039393256167,success
1137,2000,8,4,0.0,3.0,0.01,0.7400000000000002,7.399999999999999,3,482,1,17,0,0.33063254942365067,0.24053310981701492,success
1138,2000,8,4,0.0,3.0,0.01,0.7400000000000002,7.599999999999999,3,482,1,17,0,0.33034484926751945,0.24023047733416594,success
1139,2000,8,4,0.0,3.0,0.01,0.7400000000000002,7.799999999999999,3,482,0,18,0,0.34443132002092486,0.24122835599927633,success
1155,2000,8,4,0.0,3.0,0.01,0.7500000000000002,1.7999999999999998,3,486,2,12,0,0.7134711015800592,0.3303120942493619,success
1140,2000,8,4,0.0,3.0,0.01,0.7400000000000002,7.999999999999998,3,482,0,18,0,0.33876386170032025,0.23574062656522843,success
1156,2000,8,4,0.0,3.0,0.01,0.7500000000000002,1.9999999999999998,3,491,1,8,0,0.524776408183079,0.32185093232799583,success
1141,2000,8,4,0.0,3.0,0.01,0.7400000000000002,8.2,3,482,0,18,0,0.33832230505351824,0.23549493346514397,success
1142,2000,8,4,0.0,3.0,0.01,0.7400000000000002,8.399999999999999,3,482,0,18,0,0.33833452661110797,0.23556507721999737,success
1143,2000,8,4,0.0,3.0,0.01,0.7400000000000002,8.599999999999998,3,482,0,18,0,0.33833453042896566,0.23556507682267197,success
1144,2000,8,4,0.0,3.0,0.01,0.7400000000000002,8.799999999999997,3,482,0,18,0,0.33833454756969344,0.23556506860702672,success
1145,2000,8,4,0.0,3.0,0.01,0.7400000000000002,8.999999999999998,3,482,0,18,0,0.3377865276906663,0.2350785947541703,success
1146,2000,8,4,0.0,3.0,0.01,0.7400000000000002,9.199999999999998,3,482,0,18,0,0.33761752176518683,0.2349878455185924,success
1157,2000,8,4,0.0,3.0,0.01,0.7500000000000002,2.1999999999999997,3,491,2,7,0,0.4506312024083285,0.2834789096727296,success
1158,2000,8,4,0.0,3.0,0.01,0.7500000000000002,2.3999999999999995,3,490,3,7,0,0.4282290106909882,0.27901252762324497,success
1147,2000,8,4,0.0,3.0,0.01,0.7400000000000002,9.399999999999999,3,482,0,18,0,0.33761763898532315,0.2349878707681754,success
1148,2000,8,4,0.0,3.0,0.01,0.7400000000000002,9.599999999999998,3,482,0,18,0,0.33761772666508183,0.23498787872267102,success
1149,2000,8,4,0.0,3.0,0.01,0.7400000000000002,9.799999999999997,3,481,0,19,0,0.3211643695918703,0.23936430790825522,success
1150,2000,8,4,0.0,3.0,0.01,0.7400000000000002,9.999999999999998,3,481,0,19,0,0.3211768017571967,0.23937519329905563,success
1159,2000,8,4,0.0,3.0,0.01,0.7500000000000002,2.5999999999999996,3,490,3,7,0,0.43034716756123836,0.27775980800177685,success
1160,2000,8,4,0.0,3.0,0.01,0.7500000000000002,2.8,3,490,2,8,0,0.4297884812187587,0.2784675945272024,success
1161,2000,8,4,0.0,3.0,0.01,0.7500000000000002,2.9999999999999996,3,491,2,7,0,0.30897262446624885,0.11361561655608217,success
1162,2000,8,4,0.0,3.0,0.01,0.7500000000000002,3.1999999999999993,3,491,2,7,0,0.30387240853565933,0.10397843326538148,success
1163,2000,8,4,0.0,3.0,0.01,0.7500000000000002,3.3999999999999995,3,490,2,8,0,0.3900606411174066,0.26449210796140155,success
1164,2000,8,4,0.0,3.0,0.01,0.7500000000000002,3.5999999999999996,3,490,1,9,0,0.4509961021594429,0.3201534534469792,success
1165,2000,8,4,0.0,3.0,0.01,0.7500000000000002,3.7999999999999994,3,489,2,9,0,0.44930242565572126,0.3209860474021868,success
1166,2000,8,4,0.0,3.0,0.01,0.7500000000000002,3.999999999999999,3,489,2,9,0,0.4463659966333121,0.32135846578662014,success
1167,2000,8,4,0.0,3.0,0.01,0.7500000000000002,4.199999999999999,3,488,3,9,0,0.4157160972896702,0.27124134956511725,success
1168,2000,8,4,0.0,3.0,0.01,0.7500000000000002,4.3999999999999995,3,488,3,9,0,0.421610389262626,0.27992080967996985,success
1169,2000,8,4,0.0,3.0,0.01,0.7500000000000002,4.6,3,488,2,10,0,0.4523080240929933,0.3039010089264832,success
1170,2000,8,4,0.0,3.0,0.01,0.7500000000000002,4.799999999999999,3,486,4,10,0,0.414015223177556,0.24593909139219494,success
1171,2000,8,4,0.0,3.0,0.01,0.7500000000000002,4.999999999999999,3,486,3,11,0,0.43634482398233987,0.2453761323717562,success
1172,2000,8,4,0.0,3.0,0.01,0.7500000000000002,5.199999999999999,3,486,2,12,0,0.47068527687559714,0.28174210240605,success
1173,2000,8,4,0.0,3.0,0.01,0.7500000000000002,5.399999999999999,3,486,2,12,0,0.46457604336516445,0.28205941167330656,success
1174,2000,8,4,0.0,3.0,0.01,0.7500000000000002,5.599999999999999,3,486,2,12,0,0.49251585658994657,0.31800305082608404,success
1176,2000,8,4,0.0,3.0,0.01,0.7500000000000002,5.999999999999999,3,486,2,12,0,0.4449225235293471,0.2750737889188686,success
1175,2000,8,4,0.0,3.0,0.01,0.7500000000000002,5.799999999999999,3,486,2,12,0,0.4453923189749798,0.27508024915682905,success
1197,2000,8,4,0.0,3.0,0.01,0.7600000000000002,1.0,3,493,7,0,0,,,success
1177,2000,8,4,0.0,3.0,0.01,0.7500000000000002,6.199999999999999,3,486,2,12,0,0.4441468365904932,0.2749784178748919,success
1198,2000,8,4,0.0,3.0,0.01,0.7600000000000002,1.2,3,489,2,9,0,0.9020013287031969,0.1966854111888988,success
1179,2000,8,4,0.0,3.0,0.01,0.7500000000000002,6.599999999999999,3,484,2,14,0,0.377697767204973,0.2984508656840665,success
1178,2000,8,4,0.0,3.0,0.01,0.7500000000000002,6.399999999999999,3,485,2,13,0,0.40748723763471184,0.28987726863907,success
1181,2000,8,4,0.0,3.0,0.01,0.7500000000000002,6.999999999999998,3,483,1,16,0,0.33291663658981785,0.24844925161956447,success
1180,2000,8,4,0.0,3.0,0.01,0.7500000000000002,6.799999999999999,3,483,1,16,0,0.3326626803200263,0.24819708151014283,success
1182,2000,8,4,0.0,3.0,0.01,0.7500000000000002,7.199999999999998,3,483,1,16,0,0.33264700768318495,0.24827431169494496,success
1199,2000,8,4,0.0,3.0,0.01,0.7600000000000002,1.4,3,483,4,13,0,0.8846153846153846,0.2192645048267573,success
1200,2000,8,4,0.0,3.0,0.01,0.7600000000000002,1.5999999999999999,3,483,2,15,0,0.8555533166679292,0.2509292100573781,success
1183,2000,8,4,0.0,3.0,0.01,0.7500000000000002,7.399999999999999,3,483,1,16,0,0.3322052022310441,0.24814313177952121,success
1184,2000,8,4,0.0,3.0,0.01,0.7500000000000002,7.599999999999999,3,483,1,16,0,0.3318918085643418,0.24782451072032993,success
1201,2000,8,4,0.0,3.0,0.01,0.7600000000000002,1.7999999999999998,3,486,2,12,0,0.7069711202712572,0.3397617880614159,success
1185,2000,8,4,0.0,3.0,0.01,0.7500000000000002,7.799999999999999,3,483,0,17,0,0.3467138288072469,0.248264409314316,success
1186,2000,8,4,0.0,3.0,0.01,0.7500000000000002,7.999999999999998,3,483,0,17,0,0.3407103410161411,0.24265304086569806,success
1187,2000,8,4,0.0,3.0,0.01,0.7500000000000002,8.2,3,483,0,17,0,0.340242810775715,0.24240339049834975,success
1188,2000,8,4,0.0,3.0,0.01,0.7500000000000002,8.399999999999999,3,483,0,17,0,0.34028029109377494,0.24249148945677948,success
1202,2000,8,4,0.0,3.0,0.01,0.7600000000000002,1.9999999999999998,3,491,1,8,0,0.515026436219876,0.33060081575158695,success
1189,2000,8,4,0.0,3.0,0.01,0.7500000000000002,8.599999999999998,3,483,0,17,0,0.34028029513621255,0.2424914890122156,success
1190,2000,8,4,0.0,3.0,0.01,0.7500000000000002,8.799999999999997,3,483,0,17,0,0.34028031328521835,0.2424914803776966,success
1191,2000,8,4,0.0,3.0,0.01,0.7500000000000002,8.999999999999998,3,483,0,17,0,0.33970013393661647,0.2419948757785595,success
1192,2000,8,4,0.0,3.0,0.01,0.7500000000000002,9.199999999999998,3,483,0,17,0,0.3395211843315154,0.24190270928739624,success
1203,2000,8,4,0.0,3.0,0.01,0.7600000000000002,2.1999999999999997,3,491,2,7,0,0.4440641207251537,0.28913577476476027,success
1193,2000,8,4,0.0,3.0,0.01,0.7500000000000002,9.399999999999999,3,483,0,17,0,0.3395213067111903,0.24190273288490982,success
1194,2000,8,4,0.0,3.0,0.01,0.7500000000000002,9.599999999999998,3,483,0,17,0,0.3395213995485017,0.24190274031875497,success
1195,2000,8,4,0.0,3.0,0.01,0.7500000000000002,9.799999999999997,3,482,0,18,0,0.32204820472219003,0.2461108623039079,success
1204,2000,8,4,0.0,3.0,0.01,0.7600000000000002,2.3999999999999995,3,490,3,7,0,0.4216619290078135,0.2841547492773626,success
1196,2000,8,4,0.0,3.0,0.01,0.7500000000000002,9.999999999999998,3,482,0,18,0,0.3217186065918298,0.24583952828522537,success
1205,2000,8,4,0.0,3.0,0.01,0.7600000000000002,2.5999999999999996,3,490,3,7,0,0.4209344228026074,0.2845818391420783,success
1206,2000,8,4,0.0,3.0,0.01,0.7600000000000002,2.8,3,490,2,8,0,0.42451188003659224,0.28258220363143655,success
1207,2000,8,4,0.0,3.0,0.01,0.7600000000000002,2.9999999999999996,3,491,2,7,0,0.3029422231155497,0.11788326195877591,success
1208,2000,8,4,0.0,3.0,0.01,0.7600000000000002,3.1999999999999993,3,491,2,7,0,0.2974318062167745,0.10796387533093578,success
1209,2000,8,4,0.0,3.0,0.01,0.7600000000000002,3.3999999999999995,3,490,2,8,0,0.38477715052638506,0.2679345909927431,success
1210,2000,8,4,0.0,3.0,0.01,0.7600000000000002,3.5999999999999996,3,490,1,9,0,0.44549257990436086,0.3242138033622284,success
1211,2000,8,4,0.0,3.0,0.01,0.7600000000000002,3.7999999999999994,3,489,2,9,0,0.44407501727370574,0.3248814214664635,success
1212,2000,8,4,0.0,3.0,0.01,0.7600000000000002,3.999999999999999,3,489,2,9,0,0.44113790604998254,0.32519655009221826,success
1213,2000,8,4,0.0,3.0,0.01,0.7600000000000002,4.199999999999999,3,488,3,9,0,0.41048802283693014,0.27512334892326323,success
1214,2000,8,4,0.0,3.0,0.01,0.7600000000000002,4.3999999999999995,3,488,3,9,0,0.4163787294377491,0.28380821464844946,success
1215,2000,8,4,0.0,3.0,0.01,0.7600000000000002,4.6,3,488,2,10,0,0.4474298105972062,0.3074518487448046,success
1216,2000,8,4,0.0,3.0,0.01,0.7600000000000002,4.799999999999999,3,486,4,10,0,0.409186520748818,0.24943977531583844,success
1217,2000,8,4,0.0,3.0,0.01,0.7600000000000002,4.999999999999999,3,486,3,11,0,0.43200803436445495,0.24899213935220416,success
1218,2000,8,4,0.0,3.0,0.01,0.7600000000000002,5.199999999999999,3,486,2,12,0,0.4669257388837463,0.2851717701350885,success
1219,2000,8,4,0.0,3.0,0.01,0.7600000000000002,5.399999999999999,3,486,2,12,0,0.4604993610285779,0.28537378790870577,success
1220,2000,8,4,0.0,3.0,0.01,0.7600000000000002,5.599999999999999,3,486,2,12,0,0.48842726885992843,0.3213334915328283,success
1221,2000,8,4,0.0,3.0,0.01,0.7600000000000002,5.799999999999999,3,486,2,12,0,0.4413164133778415,0.27815866502496606,success
1222,2000,8,4,0.0,3.0,0.01,0.7600000000000002,5.999999999999999,3,486,2,12,0,0.4408761052480951,0.27815035590312004,success
1243,2000,8,4,0.0,3.0,0.01,0.7700000000000002,1.0,3,494,6,0,0,,,success
1223,2000,8,4,0.0,3.0,0.01,0.7600000000000002,6.199999999999999,3,486,2,12,0,0.44017543906986867,0.27806372531996537,success
1225,2000,8,4,0.0,3.0,0.01,0.7600000000000002,6.599999999999999,3,484,2,14,0,0.3744746091923891,0.3001211901379033,success
1226,2000,8,4,0.0,3.0,0.01,0.7600000000000002,6.799999999999999,3,483,1,16,0,0.32974894693411455,0.2493016895819293,success
1227,2000,8,4,0.0,3.0,0.01,0.7600000000000002,6.999999999999998,3,483,1,16,0,0.3299906940105954,0.2495417991220217,success
1224,2000,8,4,0.0,3.0,0.01,0.7600000000000002,6.399999999999999,3,485,2,13,0,0.40401614526168195,0.29212165801198203,success
1228,2000,8,4,0.0,3.0,0.01,0.7600000000000002,7.199999999999998,3,483,1,16,0,0.3297210993012403,0.24936427397028174,success
1244,2000,8,4,0.0,3.0,0.01,0.7700000000000002,1.2,3,490,1,9,0,0.9020013287031969,0.1966854111888988,success
1229,2000,8,4,0.0,3.0,0.01,0.7600000000000002,7.399999999999999,3,483,1,16,0,0.3291181577877044,0.2491269804261875,success
1245,2000,8,4,0.0,3.0,0.01,0.7700000000000002,1.4,3,485,3,12,0,0.875,0.22613350843332272,success
1230,2000,8,4,0.0,3.0,0.01,0.7600000000000002,7.599999999999999,3,483,1,16,0,0.32878192452945104,0.24878472065525375,success
1246,2000,8,4,0.0,3.0,0.01,0.7700000000000002,1.5999999999999999,3,485,2,13,0,0.8333307500014567,0.2635284484467174,success
1247,2000,8,4,0.0,3.0,0.01,0.7700000000000002,1.7999999999999998,3,488,2,10,0,0.718092041564126,0.3365358970582444,success
1232,2000,8,4,0.0,3.0,0.01,0.7600000000000002,7.999999999999998,3,483,0,17,0,0.33790441633748336,0.24380605930236798,success
1231,2000,8,4,0.0,3.0,0.01,0.7600000000000002,7.799999999999999,3,483,0,17,0,0.34351176120187915,0.24904821447920567,success
1233,2000,8,4,0.0,3.0,0.01,0.7600000000000002,8.2,3,483,0,17,0,0.33743691900013384,0.24355188646172804,success
1234,2000,8,4,0.0,3.0,0.01,0.7600000000000002,8.399999999999999,3,483,0,17,0,0.3374747749106868,0.24364115077371584,success
1248,2000,8,4,0.0,3.0,0.01,0.7700000000000002,1.9999999999999998,3,492,1,7,0,0.54535406602074,0.3448602249188215,success
1235,2000,8,4,0.0,3.0,0.01,0.7600000000000002,8.599999999999998,3,483,0,17,0,0.33747477816082294,0.24364115071551215,success
1236,2000,8,4,0.0,3.0,0.01,0.7600000000000002,8.799999999999997,3,483,0,17,0,0.33747478375333456,0.24364114743476722,success
1237,2000,8,4,0.0,3.0,0.01,0.7600000000000002,8.999999999999998,3,483,0,17,0,0.33626121593765124,0.24265683816188488,success
1238,2000,8,4,0.0,3.0,0.01,0.7600000000000002,9.199999999999998,3,483,0,17,0,0.33607712259911926,0.24255954142213934,success
1249,2000,8,4,0.0,3.0,0.01,0.7700000000000002,2.1999999999999997,3,492,2,6,0,0.46761930291037473,0.30928738091496494,success
1239,2000,8,4,0.0,3.0,0.01,0.7600000000000002,9.399999999999999,3,483,0,17,0,0.33580231360143786,0.24235809034626257,success
1240,2000,8,4,0.0,3.0,0.01,0.7600000000000002,9.599999999999998,3,483,0,17,0,0.335802406433448,0.24235809928064825,success
1241,2000,8,4,0.0,3.0,0.01,0.7600000000000002,9.799999999999997,3,482,0,18,0,0.3185358200024641,0.24626997606083756,success
1242,2000,8,4,0.0,3.0,0.01,0.7600000000000002,9.999999999999998,3,482,0,18,0,0.3181815978093375,0.24599726543076147,success
1250,2000,8,4,0.0,3.0,0.01,0.7700000000000002,2.3999999999999995,3,491,3,6,0,0.4451469300335193,0.30374286090304536,success
1251,2000,8,4,0.0,3.0,0.01,0.7700000000000002,2.5999999999999996,3,491,3,6,0,0.4451469300335193,0.30374286090304536,success
1252,2000,8,4,0.0,3.0,0.01,0.7700000000000002,2.8,3,491,2,7,0,0.448025340934746,0.29665003888799296,success
1253,2000,8,4,0.0,3.0,0.01,0.7700000000000002,2.9999999999999996,3,492,2,6,0,0.31011298467655524,0.12745128340109163,success
1254,2000,8,4,0.0,3.0,0.01,0.7700000000000002,3.1999999999999993,3,492,2,6,0,0.3036841649613175,0.11687200407649694,success
1255,2000,8,4,0.0,3.0,0.01,0.7700000000000002,3.3999999999999995,3,491,2,7,0,0.40261422149450915,0.284225730043544,success
1256,2000,8,4,0.0,3.0,0.01,0.7700000000000002,3.5999999999999996,3,491,1,8,0,0.47002646509383905,0.3375498043052309,success
1257,2000,8,4,0.0,3.0,0.01,0.7700000000000002,3.7999999999999994,3,490,2,8,0,0.468431707133263,0.33841429038705695,success
1258,2000,8,4,0.0,3.0,0.01,0.7700000000000002,3.999999999999999,3,490,2,8,0,0.4651278090938564,0.3390291300748962,success
1259,2000,8,4,0.0,3.0,0.01,0.7700000000000002,4.199999999999999,3,489,3,8,0,0.43064622804971187,0.28692598519967316,success
1260,2000,8,4,0.0,3.0,0.01,0.7700000000000002,4.3999999999999995,3,489,3,8,0,0.4372732729755481,0.29591097701623315,success
1261,2000,8,4,0.0,3.0,0.01,0.7700000000000002,4.6,3,489,2,9,0,0.46936486857916926,0.31761395527765074,success
1262,2000,8,4,0.0,3.0,0.01,0.7700000000000002,4.799999999999999,3,487,4,9,0,0.4268386467680788,0.2577673889327694,success
1263,2000,8,4,0.0,3.0,0.01,0.7700000000000002,4.999999999999999,3,487,3,10,0,0.45017617282462963,0.25457383642332093,success
1264,2000,8,4,0.0,3.0,0.01,0.7700000000000002,5.199999999999999,3,487,2,11,0,0.48667994092932676,0.29034688558222377,success
1265,2000,8,4,0.0,3.0,0.01,0.7700000000000002,5.399999999999999,3,487,2,11,0,0.47963982178949643,0.2911119178335655,success
1266,2000,8,4,0.0,3.0,0.01,0.7700000000000002,5.599999999999999,3,487,2,11,0,0.5101066402668384,0.32768407461360044,success
1268,2000,8,4,0.0,3.0,0.01,0.7700000000000002,5.999999999999999,3,487,2,11,0,0.4582384219461293,0.28482886902295235,success
1269,2000,8,4,0.0,3.0,0.01,0.7700000000000002,6.199999999999999,3,487,2,11,0,0.45742174888538506,0.28478275231475864,success
1270,2000,8,4,0.0,3.0,0.01,0.7700000000000002,6.399999999999999,3,486,2,12,0,0.41685720979038804,0.30125629647677665,success
1267,2000,8,4,0.0,3.0,0.01,0.7700000000000002,5.799999999999999,3,487,2,11,0,0.4587187580876712,0.2848055489568664,success
1273,2000,8,4,0.0,3.0,0.01,0.7700000000000002,6.999999999999998,3,484,1,15,0,0.3353312107110034,0.25735533054235205,success
1272,2000,8,4,0.0,3.0,0.01,0.7700000000000002,6.799999999999999,3,484,1,15,0,0.33507348514416335,0.25711172869216253,success
1271,2000,8,4,0.0,3.0,0.01,0.7700000000000002,6.599999999999999,3,485,2,13,0,0.3840520866901889,0.3101411836439043,success
1289,2000,8,4,0.0,3.0,0.01,0.7800000000000002,1.0,3,494,6,0,0,,,success
1274,2000,8,4,0.0,3.0,0.01,0.7700000000000002,7.199999999999998,3,484,1,15,0,0.33504356531283314,0.2571772405073475,success
1290,2000,8,4,0.0,3.0,0.01,0.7800000000000002,1.2,3,490,1,9,0,0.9020013287031969,0.1966854111888988,success
1275,2000,8,4,0.0,3.0,0.01,0.7700000000000002,7.399999999999999,3,484,1,15,0,0.33439760047911044,0.25694447077760196,success
1291,2000,8,4,0.0,3.0,0.01,0.7800000000000002,1.4,3,486,3,11,0,0.8636363636363636,0.23354968324845687,success
1292,2000,8,4,0.0,3.0,0.01,0.7800000000000002,1.5999999999999999,3,486,2,12,0,0.8194416458349115,0.2702311118988781,success
1276,2000,8,4,0.0,3.0,0.01,0.7700000000000002,7.599999999999999,3,484,1,15,0,0.33403900156937383,0.2565968628466206,success
1293,2000,8,4,0.0,3.0,0.01,0.7800000000000002,1.7999999999999998,3,488,2,10,0,0.713092041564126,0.34453945012558884,success
1277,2000,8,4,0.0,3.0,0.01,0.7700000000000002,7.799999999999999,3,484,0,16,0,0.3493339592989133,0.255996247118836,success
1278,2000,8,4,0.0,3.0,0.01,0.7700000000000002,7.999999999999998,3,484,0,16,0,0.34337629413695014,0.25069914089421236,success
1279,2000,8,4,0.0,3.0,0.01,0.7700000000000002,8.2,3,484,0,16,0,0.3429050581659389,0.25046039980919743,success
1280,2000,8,4,0.0,3.0,0.01,0.7700000000000002,8.399999999999999,3,484,0,16,0,0.34294934545133193,0.2505525260731465,success
1281,2000,8,4,0.0,3.0,0.01,0.7700000000000002,8.599999999999998,3,484,0,16,0,0.34294934889808015,0.25055252593587846,success
1282,2000,8,4,0.0,3.0,0.01,0.7700000000000002,8.799999999999997,3,484,0,16,0,0.34294935470465227,0.2505525224682375,success
1294,2000,8,4,0.0,3.0,0.01,0.7800000000000002,1.9999999999999998,3,492,1,7,0,0.5382112088778829,0.35243195847598063,success
1283,2000,8,4,0.0,3.0,0.01,0.7700000000000002,8.999999999999998,3,484,0,16,0,0.34165995616570777,0.24956151748437855,success
1284,2000,8,4,0.0,3.0,0.01,0.7700000000000002,9.199999999999998,3,484,0,16,0,0.34146440011832513,0.2494651387244547,success
1285,2000,8,4,0.0,3.0,0.01,0.7700000000000002,9.399999999999999,3,484,0,16,0,0.34117241556140593,0.24926292579289208,success
1286,2000,8,4,0.0,3.0,0.01,0.7700000000000002,9.599999999999998,3,484,0,16,0,0.3411725141954146,0.249262932792283,success
1295,2000,8,4,0.0,3.0,0.01,0.7800000000000002,2.1999999999999997,3,492,2,6,0,0.45928596957704143,0.3169033554857265,success
1287,2000,8,4,0.0,3.0,0.01,0.7700000000000002,9.799999999999997,3,483,0,17,0,0.32257435749523505,0.25323722186715697,success
1288,2000,8,4,0.0,3.0,0.01,0.7700000000000002,9.999999999999998,3,483,0,17,0,0.3221992984879754,0.25296178352818144,success
1296,2000,8,4,0.0,3.0,0.01,0.7800000000000002,2.3999999999999995,3,491,3,6,0,0.4387068709499837,0.30970198058687776,success
1297,2000,8,4,0.0,3.0,0.01,0.7800000000000002,2.5999999999999996,3,491,3,6,0,0.43827961589900793,0.310121662402758,success
1298,2000,8,4,0.0,3.0,0.01,0.7800000000000002,2.8,3,491,2,7,0,0.4421317569556616,0.3021837699375629,success
1299,2000,8,4,0.0,3.0,0.01,0.7800000000000002,2.9999999999999996,3,492,2,6,0,0.3036585128267195,0.13367545894224514,success
1300,2000,8,4,0.0,3.0,0.01,0.7800000000000002,3.1999999999999993,3,492,2,6,0,0.29733757289536417,0.12308224583848246,success
1301,2000,8,4,0.0,3.0,0.01,0.7800000000000002,3.3999999999999995,3,491,2,7,0,0.3971742843499123,0.2885958581598095,success
1302,2000,8,4,0.0,3.0,0.01,0.7800000000000002,3.5999999999999996,3,491,1,8,0,0.46526651978591876,0.34179335170139713,success
1303,2000,8,4,0.0,3.0,0.01,0.7800000000000002,3.7999999999999994,3,490,2,8,0,0.46398833822960245,0.34236463576554665,success
1304,2000,8,4,0.0,3.0,0.01,0.7800000000000002,3.999999999999999,3,490,2,8,0,0.4606645459452494,0.3429418418670543,success
1305,2000,8,4,0.0,3.0,0.01,0.7800000000000002,4.199999999999999,3,489,3,8,0,0.4261829600986056,0.2909348850356811,success
1306,2000,8,4,0.0,3.0,0.01,0.7800000000000002,4.3999999999999995,3,489,3,8,0,0.4327497638635748,0.2999319816444082,success
1307,2000,8,4,0.0,3.0,0.01,0.7800000000000002,4.6,3,489,2,9,0,0.4653265480674949,0.3213546037008092,success
1308,2000,8,4,0.0,3.0,0.01,0.7800000000000002,4.799999999999999,3,487,4,9,0,0.4228135040501233,0.26161255286970714,success
1309,2000,8,4,0.0,3.0,0.01,0.7800000000000002,4.999999999999999,3,487,3,10,0,0.44659887675825044,0.2583879077058856,success
1310,2000,8,4,0.0,3.0,0.01,0.7800000000000002,5.199999999999999,3,487,2,11,0,0.48343899451716543,0.2938112342198895,success
1311,2000,8,4,0.0,3.0,0.01,0.7800000000000002,5.399999999999999,3,487,2,11,0,0.47635819100146776,0.2944908359335387,success
1312,2000,8,4,0.0,3.0,0.01,0.7800000000000002,5.599999999999999,3,487,2,11,0,0.5068250104271335,0.3310219247993326,success
1314,2000,8,4,0.0,3.0,0.01,0.7800000000000002,5.999999999999999,3,487,2,11,0,0.45225924438768667,0.28827368320702385,success
1315,2000,8,4,0.0,3.0,0.01,0.7800000000000002,6.199999999999999,3,487,2,11,0,0.45147488551889214,0.28820843939295804,success
1316,2000,8,4,0.0,3.0,0.01,0.7800000000000002,6.399999999999999,3,486,2,12,0,0.4138862267626566,0.30355134393199373,success
1317,2000,8,4,0.0,3.0,0.01,0.7800000000000002,6.599999999999999,3,485,2,13,0,0.3813095923483765,0.3118745135649447,success
1313,2000,8,4,0.0,3.0,0.01,0.7800000000000002,5.799999999999999,3,487,2,11,0,0.45225918066258114,0.2882737236667121,success
1335,2000,8,4,0.0,3.0,0.01,0.7900000000000003,1.0,3,495,5,0,0,,,success
1318,2000,8,4,0.0,3.0,0.01,0.7800000000000002,6.799999999999999,3,484,1,15,0,0.3326961184628358,0.2584220748597799,success
1319,2000,8,4,0.0,3.0,0.01,0.7800000000000002,6.999999999999998,3,484,1,15,0,0.3329528767274351,0.2586671792610006,success
1320,2000,8,4,0.0,3.0,0.01,0.7800000000000002,7.199999999999998,3,484,1,15,0,0.3326655652552813,0.2584873696368887,success
1336,2000,8,4,0.0,3.0,0.01,0.7900000000000003,1.2,3,491,1,8,0,0.9375,0.1767766952966369,success
1321,2000,8,4,0.0,3.0,0.01,0.7800000000000002,7.399999999999999,3,484,1,15,0,0.3320198225224268,0.258249542855711,success
1337,2000,8,4,0.0,3.0,0.01,0.7900000000000003,1.4,3,487,2,11,0,0.8636363636363636,0.23354968324845687,success
1338,2000,8,4,0.0,3.0,0.01,0.7900000000000003,1.5999999999999999,3,487,2,11,0,0.8636363636363636,0.23354968324845687,success
1322,2000,8,4,0.0,3.0,0.01,0.7800000000000002,7.599999999999999,3,484,1,15,0,0.3316612236129627,0.25790015160505664,success
1323,2000,8,4,0.0,3.0,0.01,0.7800000000000002,7.799999999999999,3,484,0,16,0,0.34710345032152323,0.2573570706365459,success
1339,2000,8,4,0.0,3.0,0.01,0.7900000000000003,1.7999999999999998,3,489,2,9,0,0.7552911850691468,0.336915753584154,success
1324,2000,8,4,0.0,3.0,0.01,0.7800000000000002,7.999999999999998,3,484,0,16,0,0.34114514124464623,0.2520317601773117,success
1325,2000,8,4,0.0,3.0,0.01,0.7800000000000002,8.2,3,484,0,16,0,0.34067197738192223,0.25178891018556737,success
1326,2000,8,4,0.0,3.0,0.01,0.7800000000000002,8.399999999999999,3,484,0,16,0,0.34070091797903623,0.25187236781907624,success
1327,2000,8,4,0.0,3.0,0.01,0.7800000000000002,8.599999999999998,3,484,0,16,0,0.3407009214255187,0.25187236771532084,success
1328,2000,8,4,0.0,3.0,0.01,0.7800000000000002,8.799999999999997,3,484,0,16,0,0.3407009272320909,0.2518723643211408,success
1340,2000,8,4,0.0,3.0,0.01,0.7900000000000003,1.9999999999999998,3,493,1,6,0,0.590457535039496,0.3551346817873733,success
1329,2000,8,4,0.0,3.0,0.01,0.7800000000000002,8.999999999999998,3,484,0,16,0,0.339411649819916,0.250874368033074,success
1330,2000,8,4,0.0,3.0,0.01,0.7800000000000002,9.199999999999998,3,484,0,16,0,0.33921884865212704,0.2507780265425866,success
1331,2000,8,4,0.0,3.0,0.01,0.7800000000000002,9.399999999999999,3,484,0,16,0,0.3389268640922652,0.2505740820147185,success
1332,2000,8,4,0.0,3.0,0.01,0.7800000000000002,9.599999999999998,3,484,0,16,0,0.3389269627115852,0.250574089922502,success
1333,2000,8,4,0.0,3.0,0.01,0.7800000000000002,9.799999999999997,3,483,0,17,0,0.32046089725312116,0.25428382861690785,success
1334,2000,8,4,0.0,3.0,0.01,0.7800000000000002,9.999999999999998,3,483,0,17,0,0.3200858363697214,0.2540062077639815,success
1341,2000,8,4,0.0,3.0,0.01,0.7900000000000003,2.1999999999999997,3,493,2,5,0,0.5061965131108088,0.33019718001201914,success
1342,2000,8,4,0.0,3.0,0.01,0.7900000000000003,2.3999999999999995,3,492,3,5,0,0.47981270092645234,0.3274469064426871,success
1343,2000,8,4,0.0,3.0,0.01,0.7900000000000003,2.5999999999999996,3,492,3,5,0,0.4792999948652815,0.32802327765768013,success
1344,2000,8,4,0.0,3.0,0.01,0.7900000000000003,2.8,3,492,2,6,0,0.47751141533204366,0.3147436847198777,success
1345,2000,8,4,0.0,3.0,0.01,0.7900000000000003,2.9999999999999996,3,493,2,5,0,0.3204490322251342,0.14220407463135784,success
1346,2000,8,4,0.0,3.0,0.01,0.7900000000000003,3.1999999999999993,3,493,2,5,0,0.31286390430750777,0.13087607419772307,success
1347,2000,8,4,0.0,3.0,0.01,0.7900000000000003,3.3999999999999995,3,492,2,6,0,0.42647732467811966,0.3043474660075208,success
1348,2000,8,4,0.0,3.0,0.01,0.7900000000000003,3.5999999999999996,3,492,1,7,0,0.5001653468222406,0.35332756516245106,success
1349,2000,8,4,0.0,3.0,0.01,0.7900000000000003,3.7999999999999994,3,491,2,7,0,0.4984901123813508,0.35423267466578373,success
1350,2000,8,4,0.0,3.0,0.01,0.7900000000000003,3.999999999999999,3,491,2,7,0,0.4945620062630268,0.35530746717606937,success
1351,2000,8,4,0.0,3.0,0.01,0.7900000000000003,4.199999999999999,3,490,3,7,0,0.45441971445716633,0.30121721548376207,success
1352,2000,8,4,0.0,3.0,0.01,0.7900000000000003,4.3999999999999995,3,490,3,7,0,0.4621294555530158,0.3104604533667366,success
1353,2000,8,4,0.0,3.0,0.01,0.7900000000000003,4.6,3,490,2,8,0,0.4950924066331036,0.3293676687431449,success
1354,2000,8,4,0.0,3.0,0.01,0.7900000000000003,4.799999999999999,3,488,4,8,0,0.4472652307907298,0.26766311260558023,success
1355,2000,8,4,0.0,3.0,0.01,0.7900000000000003,4.999999999999999,3,488,3,9,0,0.4702932508999314,0.2603047727037662,success
1356,2000,8,4,0.0,3.0,0.01,0.7900000000000003,5.199999999999999,3,488,2,10,0,0.5086171599707805,0.2955054849246368,success
1357,2000,8,4,0.0,3.0,0.01,0.7900000000000003,5.399999999999999,3,488,2,10,0,0.5008277756475248,0.2969805205267606,success
1360,2000,8,4,0.0,3.0,0.01,0.7900000000000003,5.999999999999999,3,488,2,10,0,0.4749344167640729,0.2929126033406897,success
1358,2000,8,4,0.0,3.0,0.01,0.7900000000000003,5.599999999999999,3,488,2,10,0,0.5349566591407751,0.3344020950437806,success
1359,2000,8,4,0.0,3.0,0.01,0.7900000000000003,5.799999999999999,3,488,2,10,0,0.4749343466664568,0.29291265361332003,success
1361,2000,8,4,0.0,3.0,0.01,0.7900000000000003,6.199999999999999,3,488,2,10,0,0.4741853717244262,0.2928919422717963,success
1362,2000,8,4,0.0,3.0,0.01,0.7900000000000003,6.399999999999999,3,487,2,11,0,0.43084038652707934,0.3118854805586887,success
1381,2000,8,4,0.0,3.0,0.01,0.8000000000000003,1.0,3,495,5,0,0,,,success
1363,2000,8,4,0.0,3.0,0.01,0.7900000000000003,6.599999999999999,3,486,2,12,0,0.39434630559180767,0.32174315516441654,success
1364,2000,8,4,0.0,3.0,0.01,0.7900000000000003,6.799999999999999,3,485,1,14,0,0.340396889286351,0.26609930506456686,success
1365,2000,8,4,0.0,3.0,0.01,0.7900000000000003,6.999999999999998,3,485,1,14,0,0.34063229333287676,0.2663105981594403,success
1382,2000,8,4,0.0,3.0,0.01,0.8000000000000003,1.2,3,491,1,8,0,0.9375,0.1767766952966369,success
1366,2000,8,4,0.0,3.0,0.01,0.7900000000000003,7.199999999999998,3,485,1,14,0,0.3403227976396343,0.26613113984643216,success
1367,2000,8,4,0.0,3.0,0.01,0.7900000000000003,7.399999999999999,3,485,1,14,0,0.33963127346890815,0.26590400042924256,success
1383,2000,8,4,0.0,3.0,0.01,0.8000000000000003,1.4,3,487,2,11,0,0.8636363636363636,0.23354968324845687,success
1368,2000,8,4,0.0,3.0,0.01,0.7900000000000003,7.599999999999999,3,485,1,14,0,0.3390258058304007,0.26535144651190873,success
1384,2000,8,4,0.0,3.0,0.01,0.8000000000000003,1.5999999999999999,3,487,2,11,0,0.8636363636363636,0.23354968324845687,success
1369,2000,8,4,0.0,3.0,0.01,0.7900000000000003,7.799999999999999,3,485,0,15,0,0.3550088326029685,0.26377334032998856,success
1370,2000,8,4,0.0,3.0,0.01,0.7900000000000003,7.999999999999998,3,485,0,15,0,0.3486273831210305,0.2584024526690162,success
1371,2000,8,4,0.0,3.0,0.01,0.7900000000000003,8.2,3,485,0,15,0,0.348119314894065,0.2581627731825904,success
1372,2000,8,4,0.0,3.0,0.01,0.7900000000000003,8.399999999999999,3,485,0,15,0,0.3481493906165239,0.25824865002194014,success
1385,2000,8,4,0.0,3.0,0.01,0.8000000000000003,1.7999999999999998,3,489,2,9,0,0.7552911850691468,0.336915753584154,success
1373,2000,8,4,0.0,3.0,0.01,0.7900000000000003,8.599999999999998,3,485,0,15,0,0.34814939420703783,0.25824864979051204,success
1374,2000,8,4,0.0,3.0,0.01,0.7900000000000003,8.799999999999997,3,485,0,15,0,0.34814940040071485,0.25824864605228093,success
1386,2000,8,4,0.0,3.0,0.01,0.8000000000000003,1.9999999999999998,3,493,1,6,0,0.590457535039496,0.3551346817873733,success
1375,2000,8,4,0.0,3.0,0.01,0.7900000000000003,8.999999999999998,3,485,0,15,0,0.34679452682242684,0.2572711241366748,success
1376,2000,8,4,0.0,3.0,0.01,0.7900000000000003,9.199999999999998,3,485,0,15,0,0.3465899509463905,0.2571773192038853,success
1377,2000,8,4,0.0,3.0,0.01,0.7900000000000003,9.399999999999999,3,485,0,15,0,0.3462785002383729,0.256973802409718,success
1378,2000,8,4,0.0,3.0,0.01,0.7900000000000003,9.599999999999998,3,485,0,15,0,0.34627860269079397,0.25697380708834583,success
1379,2000,8,4,0.0,3.0,0.01,0.7900000000000003,9.799999999999997,3,484,0,16,0,0.32619893059794336,0.2609299694593772,success
1380,2000,8,4,0.0,3.0,0.01,0.7900000000000003,9.999999999999998,3,484,0,16,0,0.32580021442232465,0.2606504865323327,success
1387,2000,8,4,0.0,3.0,0.01,0.8000000000000003,2.1999999999999997,3,493,2,5,0,0.5061965131108088,0.33019718001201914,success
1388,2000,8,4,0.0,3.0,0.01,0.8000000000000003,2.3999999999999995,3,492,3,5,0,0.47981270092645234,0.3274469064426871,success
1389,2000,8,4,0.0,3.0,0.01,0.8000000000000003,2.5999999999999996,3,492,3,5,0,0.4792999948652815,0.32802327765768013,success
1390,2000,8,4,0.0,3.0,0.01,0.8000000000000003,2.8,3,492,2,6,0,0.47751141533204366,0.3147436847198777,success
1391,2000,8,4,0.0,3.0,0.01,0.8000000000000003,2.9999999999999996,3,493,2,5,0,0.3204490322251342,0.14220407463135784,success
1392,2000,8,4,0.0,3.0,0.01,0.8000000000000003,3.1999999999999993,3,493,2,5,0,0.3128639034616136,0.13087607508287163,success
1393,2000,8,4,0.0,3.0,0.01,0.8000000000000003,3.3999999999999995,3,492,2,6,0,0.4264773082219356,0.3043474758768667,success
1394,2000,8,4,0.0,3.0,0.01,0.8000000000000003,3.5999999999999996,3,492,1,7,0,0.5001648776021251,0.353328020751809,success
1395,2000,8,4,0.0,3.0,0.01,0.8000000000000003,3.7999999999999994,3,491,2,7,0,0.4984900891021283,0.3542326848943991,success
1396,2000,8,4,0.0,3.0,0.01,0.8000000000000003,3.999999999999999,3,491,2,7,0,0.49456197850301453,0.35530747387629735,success
1397,2000,8,4,0.0,3.0,0.01,0.8000000000000003,4.199999999999999,3,490,3,7,0,0.4544191258998404,0.30121731139764946,success
1398,2000,8,4,0.0,3.0,0.01,0.8000000000000003,4.3999999999999995,3,490,3,7,0,0.4614881751004979,0.31069879668260064,success
1399,2000,8,4,0.0,3.0,0.01,0.8000000000000003,4.6,3,490,2,8,0,0.4945311650387689,0.3296244613899185,success
1400,2000,8,4,0.0,3.0,0.01,0.8000000000000003,4.799999999999999,3,488,4,8,0,0.42420142823452534,0.25881921605730424,success
1401,2000,8,4,0.0,3.0,0.01,0.8000000000000003,4.999999999999999,3,488,3,9,0,0.4498980596049365,0.2545345712664943,success
1402,2000,8,4,0.0,3.0,0.01,0.8000000000000003,5.199999999999999,3,488,2,10,0,0.5006106535449287,0.2972333751830517,success
1403,2000,8,4,0.0,3.0,0.01,0.8000000000000003,5.399999999999999,3,488,2,10,0,0.49762072679646774,0.29817316085146245,success
1406,2000,8,4,0.0,3.0,0.01,0.8000000000000003,5.999999999999999,3,488,2,10,0,0.47306335283014656,0.293503588387917,success
1404,2000,8,4,0.0,3.0,0.01,0.8000000000000003,5.599999999999999,3,488,2,10,0,0.531749590913216,0.33582405559929057,success
1405,2000,8,4,0.0,3.0,0.01,0.8000000000000003,5.799999999999999,3,488,2,10,0,0.4730632827338166,0.293503638061942,success
1408,2000,8,4,0.0,3.0,0.01,0.8000000000000003,6.399999999999999,3,487,2,11,0,0.42878936041208926,0.31217474581144833,success
1407,2000,8,4,0.0,3.0,0.01,0.8000000000000003,6.199999999999999,3,488,2,10,0,0.47231428323448954,0.2934776628419326,success
1409,2000,8,4,0.0,3.0,0.01,0.8000000000000003,6.599999999999999,3,486,2,12,0,0.39253212947427946,0.32177823630871893,success
1427,2000,8,4,0.0,3.0,0.01,0.8100000000000003,1.0,3,495,5,0,0,,,success
1410,2000,8,4,0.0,3.0,0.01,0.8000000000000003,6.799999999999999,3,485,1,14,0,0.33895536940191534,0.26584956993228,success
1411,2000,8,4,0.0,3.0,0.01,0.8000000000000003,6.999999999999998,3,485,1,14,0,0.3391201432310176,0.2659969735359349,success
1428,2000,8,4,0.0,3.0,0.01,0.8100000000000003,1.2,3,492,1,7,0,0.9285714285714286,0.18898223650461363,success
1412,2000,8,4,0.0,3.0,0.01,0.8000000000000003,7.199999999999998,3,485,1,14,0,0.33881064753676693,0.265815407426648,success
1413,2000,8,4,0.0,3.0,0.01,0.8000000000000003,7.399999999999999,3,485,1,14,0,0.3381456440977272,0.2655951458084709,success
1414,2000,8,4,0.0,3.0,0.01,0.8000000000000003,7.599999999999999,3,485,1,14,0,0.33754858025650286,0.26504829469931207,success
1429,2000,8,4,0.0,3.0,0.01,0.8100000000000003,1.4,3,488,2,10,0,0.85,0.24152294576982397,success
1415,2000,8,4,0.0,3.0,0.01,0.8000000000000003,7.799999999999999,3,485,0,15,0,0.3536054560486021,0.2635555612223071,success
1416,2000,8,4,0.0,3.0,0.01,0.8000000000000003,7.999999999999998,3,485,0,15,0,0.3472943893209238,0.2582104184478491,success
1417,2000,8,4,0.0,3.0,0.01,0.8000000000000003,8.2,3,485,0,15,0,0.34678632109351337,0.2579677476992467,success
1418,2000,8,4,0.0,3.0,0.01,0.8000000000000003,8.399999999999999,3,485,0,15,0,0.3468241053750539,0.25806076983772575,success
1430,2000,8,4,0.0,3.0,0.01,0.8100000000000003,1.5999999999999999,3,487,2,11,0,0.8636363636363636,0.23354968324845687,success
1431,2000,8,4,0.0,3.0,0.01,0.8100000000000003,1.7999999999999998,3,489,2,9,0,0.7552911850691468,0.336915753584154,success
1419,2000,8,4,0.0,3.0,0.01,0.8000000000000003,8.599999999999998,3,485,0,15,0,0.346824108582869,0.25806076958313817,success
1420,2000,8,4,0.0,3.0,0.01,0.8000000000000003,8.799999999999997,3,485,0,15,0,0.3468241147751971,0.2580607658770147,success
1421,2000,8,4,0.0,3.0,0.01,0.8000000000000003,8.999999999999998,3,485,0,15,0,0.34545479041339794,0.2570654137510055,success
1422,2000,8,4,0.0,3.0,0.01,0.8000000000000003,9.199999999999998,3,485,0,15,0,0.3452501822531862,0.2569703820439335,success
1423,2000,8,4,0.0,3.0,0.01,0.8000000000000003,9.399999999999999,3,485,0,15,0,0.34494010259498886,0.2567661498917772,success
1424,2000,8,4,0.0,3.0,0.01,0.8000000000000003,9.599999999999998,3,485,0,15,0,0.34494019303740864,0.25676615350613785,success
1432,2000,8,4,0.0,3.0,0.01,0.8100000000000003,1.9999999999999998,3,493,1,6,0,0.590457535039496,0.3551346817873733,success
1425,2000,8,4,0.0,3.0,0.01,0.8000000000000003,9.799999999999997,3,484,0,16,0,0.324944075515811,0.26063619070565447,success
1426,2000,8,4,0.0,3.0,0.01,0.8000000000000003,9.999999999999998,3,484,0,16,0,0.32454596942136993,0.2603551027321432,success
1433,2000,8,4,0.0,3.0,0.01,0.8100000000000003,2.1999999999999997,3,493,2,5,0,0.5061965131108088,0.33019718001201914,success
1434,2000,8,4,0.0,3.0,0.01,0.8100000000000003,2.3999999999999995,3,492,3,5,0,0.47981270092645234,0.3274469064426871,success
1435,2000,8,4,0.0,3.0,0.01,0.8100000000000003,2.5999999999999996,3,492,3,5,0,0.4792999948652815,0.32802327765768013,success
1436,2000,8,4,0.0,3.0,0.01,0.8100000000000003,2.8,3,492,2,6,0,0.47751141533204366,0.3147436847198777,success
1437,2000,8,4,0.0,3.0,0.01,0.8100000000000003,2.9999999999999996,3,493,2,5,0,0.3204490322251342,0.14220407463135784,success
1438,2000,8,4,0.0,3.0,0.01,0.8100000000000003,3.1999999999999993,3,493,2,5,0,0.3128639034616136,0.13087607508287163,success
1439,2000,8,4,0.0,3.0,0.01,0.8100000000000003,3.3999999999999995,3,492,2,6,0,0.4264773082219356,0.3043474758768667,success
1440,2000,8,4,0.0,3.0,0.01,0.8100000000000003,3.5999999999999996,3,492,1,7,0,0.5001647446484727,0.3533281115758733,success
1441,2000,8,4,0.0,3.0,0.01,0.8100000000000003,3.7999999999999994,3,491,2,7,0,0.49846523048440455,0.35424400322351196,success
1442,2000,8,4,0.0,3.0,0.01,0.8100000000000003,3.999999999999999,3,491,2,7,0,0.4945409958362104,0.35531854203605545,success
1443,2000,8,4,0.0,3.0,0.01,0.8100000000000003,4.199999999999999,3,490,3,7,0,0.45441065171695755,0.3012255551930543,success
1444,2000,8,4,0.0,3.0,0.01,0.8100000000000003,4.3999999999999995,3,490,3,7,0,0.4614317305852578,0.3107386699092787,success
1445,2000,8,4,0.0,3.0,0.01,0.8100000000000003,4.6,3,490,2,8,0,0.493675847634535,0.32963623498556033,success
1446,2000,8,4,0.0,3.0,0.01,0.8100000000000003,4.799999999999999,3,488,4,8,0,0.423344447267773,0.25857010366544936,success
1447,2000,8,4,0.0,3.0,0.01,0.8100000000000003,4.999999999999999,3,488,3,9,0,0.4491362980102262,0.25439967711080574,success
1448,2000,8,4,0.0,3.0,0.01,0.8100000000000003,5.199999999999999,3,488,2,10,0,0.5005364612028286,0.29726945773818697,success
1452,2000,8,4,0.0,3.0,0.01,0.8100000000000003,5.999999999999999,3,488,2,10,0,0.473012906733985,0.29354161320357103,success
1449,2000,8,4,0.0,3.0,0.01,0.8100000000000003,5.399999999999999,3,488,2,10,0,0.4975710254498842,0.2982146707106415,success
1451,2000,8,4,0.0,3.0,0.01,0.8100000000000003,5.799999999999999,3,488,2,10,0,0.4730128387915823,0.29354166144337146,success
1454,2000,8,4,0.0,3.0,0.01,0.8100000000000003,6.399999999999999,3,487,2,11,0,0.42867111428962446,0.31218713588968094,success
1453,2000,8,4,0.0,3.0,0.01,0.8100000000000003,6.199999999999999,3,488,2,10,0,0.47226383487052087,0.2935155482023123,success
1450,2000,8,4,0.0,3.0,0.01,0.8100000000000003,5.599999999999999,3,488,2,10,0,0.5316998895788044,0.3358665236943669,success
1455,2000,8,4,0.0,3.0,0.01,0.8100000000000003,6.599999999999999,3,486,2,12,0,0.39242372357625394,0.3217758463582973,success
1473,2000,8,4,0.0,3.0,0.01,0.8200000000000003,1.0,3,495,5,0,0,,,success
1456,2000,8,4,0.0,3.0,0.01,0.8100000000000003,6.799999999999999,3,485,1,14,0,0.33886452567592273,0.2658281596749844,success
1457,2000,8,4,0.0,3.0,0.01,0.8100000000000003,6.999999999999998,3,485,1,14,0,0.339035584479494,0.265979275614148,success
1458,2000,8,4,0.0,3.0,0.01,0.8100000000000003,7.199999999999998,3,485,1,14,0,0.3386856351040904,0.2657742077489829,success
1474,2000,8,4,0.0,3.0,0.01,0.8200000000000003,1.2,3,492,1,7,0,0.9285714285714286,0.18898223650461363,success
1459,2000,8,4,0.0,3.0,0.01,0.8100000000000003,7.399999999999999,3,485,1,14,0,0.33806892576321074,0.26558104579434044,success
1475,2000,8,4,0.0,3.0,0.01,0.8200000000000003,1.4,3,488,2,10,0,0.85,0.24152294576982397,success
1460,2000,8,4,0.0,3.0,0.01,0.8100000000000003,7.599999999999999,3,485,1,14,0,0.3374718619226978,0.26503397946879165,success
1461,2000,8,4,0.0,3.0,0.01,0.8100000000000003,7.799999999999999,3,485,0,15,0,0.35357149693019424,0.26356642287425347,success
1462,2000,8,4,0.0,3.0,0.01,0.8100000000000003,7.999999999999998,3,485,0,15,0,0.3472121237651365,0.25818669423134005,success
1463,2000,8,4,0.0,3.0,0.01,0.8100000000000003,8.2,3,485,0,15,0,0.3467041580620624,0.2579438783222162,success
1464,2000,8,4,0.0,3.0,0.01,0.8100000000000003,8.399999999999999,3,485,0,15,0,0.34679027210725877,0.25807098270206763,success
1476,2000,8,4,0.0,3.0,0.01,0.8200000000000003,1.5999999999999999,3,487,2,11,0,0.8636363636363636,0.23354968324845687,success
1465,2000,8,4,0.0,3.0,0.01,0.8100000000000003,8.599999999999998,3,485,0,15,0,0.34679027528769496,0.25807098245414367,success
1477,2000,8,4,0.0,3.0,0.01,0.8200000000000003,1.7999999999999998,3,489,2,9,0,0.7552911850691468,0.336915753584154,success
1466,2000,8,4,0.0,3.0,0.01,0.8100000000000003,8.799999999999997,3,485,0,15,0,0.346790281440936,0.2580709787706009,success
1467,2000,8,4,0.0,3.0,0.01,0.8100000000000003,8.999999999999998,3,485,0,15,0,0.34542095707925397,0.25707547310002005,success
1468,2000,8,4,0.0,3.0,0.01,0.8100000000000003,9.199999999999998,3,485,0,15,0,0.34521632894558,0.2569804070907339,success
1469,2000,8,4,0.0,3.0,0.01,0.8100000000000003,9.399999999999999,3,485,0,15,0,0.34490624928557867,0.2567761391122956,success
1470,2000,8,4,0.0,3.0,0.01,0.8100000000000003,9.599999999999998,3,485,0,15,0,0.3449063396431871,0.2567761427556356,success
1471,2000,8,4,0.0,3.0,0.01,0.8100000000000003,9.799999999999997,3,484,0,16,0,0.3249123379522664,0.2606427785580674,success
1472,2000,8,4,0.0,3.0,0.01,0.8100000000000003,9.999999999999998,3,484,0,16,0,0.3245142318576516,0.2603616459332601,success
1478,2000,8,4,0.0,3.0,0.01,0.8200000000000003,1.9999999999999998,3,493,1,6,0,0.590457535039496,0.3551346817873733,success
1480,2000,8,4,0.0,3.0,0.01,0.8200000000000003,2.3999999999999995,3,492,3,5,0,0.47981270092645234,0.3274469064426871,success
1479,2000,8,4,0.0,3.0,0.01,0.8200000000000003,2.1999999999999997,3,493,2,5,0,0.5061965131108088,0.33019718001201914,success
1481,2000,8,4,0.0,3.0,0.01,0.8200000000000003,2.5999999999999996,3,492,3,5,0,0.4792999948652815,0.32802327765768013,success
1482,2000,8,4,0.0,3.0,0.01,0.8200000000000003,2.8,3,492,2,6,0,0.47751141533204366,0.3147436847198777,success
1483,2000,8,4,0.0,3.0,0.01,0.8200000000000003,2.9999999999999996,3,493,2,5,0,0.3204490322251342,0.14220407463135784,success
1484,2000,8,4,0.0,3.0,0.01,0.8200000000000003,3.1999999999999993,3,493,2,5,0,0.31286390346133236,0.13087607508316595,success
1485,2000,8,4,0.0,3.0,0.01,0.8200000000000003,3.3999999999999995,3,492,2,6,0,0.426471141644702,0.3043507142258856,success
1486,2000,8,4,0.0,3.0,0.01,0.8200000000000003,3.5999999999999996,3,492,1,7,0,0.5001647438363224,0.35332811237218953,success
1487,2000,8,4,0.0,3.0,0.01,0.8200000000000003,3.7999999999999994,3,491,2,7,0,0.4984652172959564,0.3542440090257779,success
1488,2000,8,4,0.0,3.0,0.01,0.8200000000000003,3.999999999999999,3,491,2,7,0,0.4945392574107586,0.35531895400598157,success
1489,2000,8,4,0.0,3.0,0.01,0.8200000000000003,4.199999999999999,3,490,3,7,0,0.4544106511575346,0.3012255556626684,success
1490,2000,8,4,0.0,3.0,0.01,0.8200000000000003,4.3999999999999995,3,490,3,7,0,0.46141738821040057,0.3107480149098621,success
1491,2000,8,4,0.0,3.0,0.01,0.8200000000000003,4.6,3,490,2,8,0,0.49366039530829714,0.3296451239510071,success
1492,2000,8,4,0.0,3.0,0.01,0.8200000000000003,4.799999999999999,3,488,4,8,0,0.4233289954310282,0.2585766318790741,success
1498,2000,8,4,0.0,3.0,0.01,0.8200000000000003,5.999999999999999,3,488,2,10,0,0.4729190850053014,0.29353741636166375,success
1497,2000,8,4,0.0,3.0,0.01,0.8200000000000003,5.799999999999999,3,488,2,10,0,0.47291901706417,0.29353746457717256,success
1496,2000,8,4,0.0,3.0,0.01,0.8200000000000003,5.599999999999999,3,488,2,10,0,0.5316060683323999,0.33588107035075854,success
1495,2000,8,4,0.0,3.0,0.01,0.8200000000000003,5.399999999999999,3,488,2,10,0,0.4974632985538845,0.29821973681266073,success
1494,2000,8,4,0.0,3.0,0.01,0.8200000000000003,5.199999999999999,3,488,2,10,0,0.5005265255469844,0.29727738551378424,success
1493,2000,8,4,0.0,3.0,0.01,0.8200000000000003,4.999999999999999,3,488,3,9,0,0.44912267854482774,0.2544070075842063,success
1499,2000,8,4,0.0,3.0,0.01,0.8200000000000003,6.199999999999999,3,488,2,10,0,0.4722636113079991,0.2935156514275934,success
1500,2000,8,4,0.0,3.0,0.01,0.8200000000000003,6.399999999999999,3,487,2,11,0,0.42866236834750426,0.31218782154738706,success
1501,2000,8,4,0.0,3.0,0.01,0.8200000000000003,6.599999999999999,3,486,2,12,0,0.3924211912538888,0.32177584068755,success
1519,2000,8,4,0.0,3.0,0.01,0.8300000000000003,1.0,3,495,5,0,0,,,success
1502,2000,8,4,0.0,3.0,0.01,0.8200000000000003,6.799999999999999,3,485,1,14,0,0.3388563862891713,0.2658234350450677,success
1503,2000,8,4,0.0,3.0,0.01,0.8200000000000003,6.999999999999998,3,485,1,14,0,0.33902749325405296,0.2659746035286678,success
1504,2000,8,4,0.0,3.0,0.01,0.8200000000000003,7.199999999999998,3,485,1,14,0,0.3386789664018659,0.26577049588261603,success
1505,2000,8,4,0.0,3.0,0.01,0.8200000000000003,7.399999999999999,3,485,1,14,0,0.3380622277494952,0.2655773121735486,success
1506,2000,8,4,0.0,3.0,0.01,0.8200000000000003,7.599999999999999,3,485,1,14,0,0.33746516390898224,0.26503022189108655,success
1520,2000,8,4,0.0,3.0,0.01,0.8300000000000003,1.2,3,492,1,7,0,0.9285714285714286,0.18898223650461363,success
1507,2000,8,4,0.0,3.0,0.01,0.8200000000000003,7.799999999999999,3,485,0,15,0,0.3535600119106714,0.26355721007103805,success
1508,2000,8,4,0.0,3.0,0.01,0.8200000000000003,7.999999999999998,3,485,0,15,0,0.347209761564963,0.2581864621912218,success
1509,2000,8,4,0.0,3.0,0.01,0.8200000000000003,8.2,3,485,0,15,0,0.34669589142752,0.25794090548258625,success
1521,2000,8,4,0.0,3.0,0.01,0.8300000000000003,1.4,3,489,1,10,0,0.85,0.24152294576982397,success
1510,2000,8,4,0.0,3.0,0.01,0.8200000000000003,8.399999999999999,3,485,0,15,0,0.34677507558841447,0.25806582943282613,success
1522,2000,8,4,0.0,3.0,0.01,0.8300000000000003,1.5999999999999999,3,488,1,11,0,0.8289101780298883,0.23956749883496517,success
1511,2000,8,4,0.0,3.0,0.01,0.8200000000000003,8.599999999999998,3,485,0,15,0,0.34677507876844066,0.2580658291850663,success
1512,2000,8,4,0.0,3.0,0.01,0.8200000000000003,8.799999999999997,3,485,0,15,0,0.3467750849216817,0.2580658255018382,success
1513,2000,8,4,0.0,3.0,0.01,0.8200000000000003,8.999999999999998,3,485,0,15,0,0.345405760559331,0.25707021314664197,success
1514,2000,8,4,0.0,3.0,0.01,0.8200000000000003,9.199999999999998,3,485,0,15,0,0.34520115327996703,0.256975217364341,success
1515,2000,8,4,0.0,3.0,0.01,0.8200000000000003,9.399999999999999,3,485,0,15,0,0.34489107361505505,0.2567709256214976,success
1523,2000,8,4,0.0,3.0,0.01,0.8300000000000003,1.7999999999999998,3,489,1,10,0,0.7797620665622322,0.32693729670650296,success
1516,2000,8,4,0.0,3.0,0.01,0.8200000000000003,9.599999999999998,3,485,0,15,0,0.3448911639593762,0.2567709292692511,success
1517,2000,8,4,0.0,3.0,0.01,0.8200000000000003,9.799999999999997,3,484,0,16,0,0.3248981107486936,0.2606368206993748,success
1518,2000,8,4,0.0,3.0,0.01,0.8200000000000003,9.999999999999998,3,484,0,16,0,0.32450000462068224,0.260355658430023,success
1524,2000,8,4,0.0,3.0,0.01,0.8300000000000003,1.9999999999999998,3,493,1,6,0,0.590457535039496,0.3551346817873733,success
1525,2000,8,4,0.0,3.0,0.01,0.8300000000000003,2.1999999999999997,3,493,2,5,0,0.5061965131108088,0.33019718001201914,success
1526,2000,8,4,0.0,3.0,0.01,0.8300000000000003,2.3999999999999995,3,492,3,5,0,0.47981270092645234,0.3274469064426871,success
1527,2000,8,4,0.0,3.0,0.01,0.8300000000000003,2.5999999999999996,3,492,3,5,0,0.4792999948652815,0.32802327765768013,success
1528,2000,8,4,0.0,3.0,0.01,0.8300000000000003,2.8,3,492,2,6,0,0.47751141533204366,0.3147436847198777,success
1529,2000,8,4,0.0,3.0,0.01,0.8300000000000003,2.9999999999999996,3,493,2,5,0,0.3202525559373882,0.1424426243284928,success
1530,2000,8,4,0.0,3.0,0.01,0.8300000000000003,3.1999999999999993,3,493,2,5,0,0.31265933706169197,0.13112911341600847,success
1531,2000,8,4,0.0,3.0,0.01,0.8300000000000003,3.3999999999999995,3,492,2,6,0,0.4263006709144113,0.3045141734260254,success
1532,2000,8,4,0.0,3.0,0.01,0.8300000000000003,3.5999999999999996,3,492,1,7,0,0.499984460843239,0.3535168392203712,success
1533,2000,8,4,0.0,3.0,0.01,0.8300000000000003,3.7999999999999994,3,491,2,7,0,0.49828418427718674,0.3544320104275728,success
1534,2000,8,4,0.0,3.0,0.01,0.8300000000000003,3.999999999999999,3,491,2,7,0,0.4943930360921975,0.35546859303543277,success
1535,2000,8,4,0.0,3.0,0.01,0.8300000000000003,4.199999999999999,3,490,3,7,0,0.4539708794822532,0.3014226315032567,success
1536,2000,8,4,0.0,3.0,0.01,0.8300000000000003,4.3999999999999995,3,490,3,7,0,0.46097764430204685,0.31095059871943836,success
1537,2000,8,4,0.0,3.0,0.01,0.8300000000000003,4.6,3,490,2,8,0,0.49327561976250495,0.32985184984790294,success
1538,2000,8,4,0.0,3.0,0.01,0.8300000000000003,4.799999999999999,3,488,4,8,0,0.4229833040967685,0.2587195611728273,success
1539,2000,8,4,0.0,3.0,0.01,0.8300000000000003,4.999999999999999,3,488,3,9,0,0.448791695297202,0.2545472167785614,success
1540,2000,8,4,0.0,3.0,0.01,0.8300000000000003,5.199999999999999,3,488,2,10,0,0.5002102022276357,0.2974436152245445,success
1542,2000,8,4,0.0,3.0,0.01,0.8300000000000003,5.599999999999999,3,488,2,10,0,0.5312751518790731,0.3360982433476062,success
1541,2000,8,4,0.0,3.0,0.01,0.8300000000000003,5.399999999999999,3,488,2,10,0,0.49711105024510244,0.2984094355973515,success
1544,2000,8,4,0.0,3.0,0.01,0.8300000000000003,5.999999999999999,3,488,2,10,0,0.4725881685519746,0.2937124340657268,success
1543,2000,8,4,0.0,3.0,0.01,0.8300000000000003,5.799999999999999,3,488,2,10,0,0.47258810061084333,0.29371248216745255,success
1545,2000,8,4,0.0,3.0,0.01,0.8300000000000003,6.199999999999999,3,488,2,10,0,0.47191982881527766,0.2936895649808386,success
1546,2000,8,4,0.0,3.0,0.01,0.8300000000000003,6.399999999999999,3,487,2,11,0,0.4283554682751111,0.31228800264671447,success
1565,2000,8,4,0.0,3.0,0.01,0.8400000000000003,1.0,3,495,5,0,0,,,success
1547,2000,8,4,0.0,3.0,0.01,0.8300000000000003,6.599999999999999,3,486,2,12,0,0.3921398650316584,0.3218296575777491,success
1548,2000,8,4,0.0,3.0,0.01,0.8300000000000003,6.799999999999999,3,485,1,14,0,0.3386152444699306,0.26582625656020903,success
1549,2000,8,4,0.0,3.0,0.01,0.8300000000000003,6.999999999999998,3,485,1,14,0,0.33878632569611034,0.2659776051915857,success
1550,2000,8,4,0.0,3.0,0.01,0.8300000000000003,7.199999999999998,3,485,1,14,0,0.33843779884389696,0.2657731592634502,success
1552,2000,8,4,0.0,3.0,0.01,0.8300000000000003,7.599999999999999,3,485,1,14,0,0.33722876300675625,0.2650344262855098,success
1551,2000,8,4,0.0,3.0,0.01,0.8300000000000003,7.399999999999999,3,485,1,14,0,0.33782582682769563,0.2655820802305867,success
1553,2000,8,4,0.0,3.0,0.01,0.8300000000000003,7.799999999999999,3,485,0,15,0,0.3509804560591012,0.26138422744471573,success
1554,2000,8,4,0.0,3.0,0.01,0.8300000000000003,7.999999999999998,3,485,0,15,0,0.34698853962074533,0.2581991781493037,success
1555,2000,8,4,0.0,3.0,0.01,0.8300000000000003,8.2,3,485,0,15,0,0.3464746694832933,0.25795316136989277,success
1566,2000,8,4,0.0,3.0,0.01,0.8400000000000003,1.2,3,493,1,6,0,0.9166666666666666,0.2041241452319315,success
1567,2000,8,4,0.0,3.0,0.01,0.8400000000000003,1.4,3,490,1,9,0,0.8888888888888888,0.2204792759220492,success
1556,2000,8,4,0.0,3.0,0.01,0.8300000000000003,8.399999999999999,3,485,0,15,0,0.34655376920795616,0.25807814215211156,success
1557,2000,8,4,0.0,3.0,0.01,0.8300000000000003,8.599999999999998,3,485,0,15,0,0.3465537723013684,0.25807814189898937,success
1568,2000,8,4,0.0,3.0,0.01,0.8400000000000003,1.5999999999999999,3,488,1,11,0,0.9090909090909091,0.20225995873897262,success
1558,2000,8,4,0.0,3.0,0.01,0.8300000000000003,8.799999999999997,3,485,0,15,0,0.3465537784546094,0.2580781382215904,success
1559,2000,8,4,0.0,3.0,0.01,0.8300000000000003,8.999999999999998,3,485,0,15,0,0.3451844539485176,0.25708131056985634,success
1560,2000,8,4,0.0,3.0,0.01,0.8300000000000003,9.199999999999998,3,485,0,15,0,0.3449798462769477,0.2569861300612676,success
1561,2000,8,4,0.0,3.0,0.01,0.8300000000000003,9.399999999999999,3,485,0,15,0,0.3446697655620758,0.2567815605504731,success
1562,2000,8,4,0.0,3.0,0.01,0.8300000000000003,9.599999999999998,3,485,0,15,0,0.34466985310097537,0.25678156395316376,success
1563,2000,8,4,0.0,3.0,0.01,0.8300000000000003,9.799999999999997,3,484,0,16,0,0.32469063181870617,0.26062962873876583,success
1564,2000,8,4,0.0,3.0,0.01,0.8300000000000003,9.999999999999998,3,484,0,16,0,0.3242925186764761,0.26034811887373577,success
1569,2000,8,4,0.0,3.0,0.01,0.8400000000000003,1.7999999999999998,3,490,1,9,0,0.7977343008103943,0.3414897244887886,success
1570,2000,8,4,0.0,3.0,0.01,0.8400000000000003,1.9999999999999998,3,494,1,5,0,0.5085490420473953,0.3276176026688674,success
1571,2000,8,4,0.0,3.0,0.01,0.8400000000000003,2.1999999999999997,3,493,2,5,0,0.5061965131108088,0.33019718001201914,success
1572,2000,8,4,0.0,3.0,0.01,0.8400000000000003,2.3999999999999995,3,492,3,5,0,0.47981270092645234,0.3274469064426871,success
1573,2000,8,4,0.0,3.0,0.01,0.8400000000000003,2.5999999999999996,3,492,3,5,0,0.4792999948652815,0.32802327765768013,success
1574,2000,8,4,0.0,3.0,0.01,0.8400000000000003,2.8,3,492,2,6,0,0.47751141533204366,0.3147436847198777,success
1575,2000,8,4,0.0,3.0,0.01,0.8400000000000003,2.9999999999999996,3,493,2,5,0,0.3202525559373882,0.1424426243284928,success
1576,2000,8,4,0.0,3.0,0.01,0.8400000000000003,3.1999999999999993,3,493,2,5,0,0.31265787132152584,0.13113093045835664,success
1577,2000,8,4,0.0,3.0,0.01,0.8400000000000003,3.3999999999999995,3,492,2,6,0,0.4262994494642729,0.30451534638686667,success
1578,2000,8,4,0.0,3.0,0.01,0.8400000000000003,3.5999999999999996,3,492,1,7,0,0.499984460843239,0.3535168392203712,success
1579,2000,8,4,0.0,3.0,0.01,0.8400000000000003,3.7999999999999994,3,491,2,7,0,0.49828418427718674,0.3544320104275728,success
1580,2000,8,4,0.0,3.0,0.01,0.8400000000000003,3.999999999999999,3,491,2,7,0,0.4943930360921975,0.35546859303543277,success
1581,2000,8,4,0.0,3.0,0.01,0.8400000000000003,4.199999999999999,3,490,3,7,0,0.4539708794822532,0.3014226315032567,success
1582,2000,8,4,0.0,3.0,0.01,0.8400000000000003,4.3999999999999995,3,490,3,7,0,0.4609776443020367,0.31095059871944214,success
1583,2000,8,4,0.0,3.0,0.01,0.8400000000000003,4.6,3,490,2,8,0,0.4932756197624811,0.3298518498479067,success
1584,2000,8,4,0.0,3.0,0.01,0.8400000000000003,4.799999999999999,3,488,4,8,0,0.42298330409674456,0.2587195611728246,success
1585,2000,8,4,0.0,3.0,0.01,0.8400000000000003,4.999999999999999,3,488,3,9,0,0.44879169529718865,0.25454721677855835,success
1586,2000,8,4,0.0,3.0,0.01,0.8400000000000003,5.199999999999999,3,488,2,10,0,0.5002101934625528,0.29744361810313413,success
1587,2000,8,4,0.0,3.0,0.01,0.8400000000000003,5.399999999999999,3,488,2,10,0,0.49711105019392726,0.2984094356242507,success
1588,2000,8,4,0.0,3.0,0.01,0.8400000000000003,5.599999999999999,3,488,2,10,0,0.531275151827898,0.33609824337726896,success
1589,2000,8,4,0.0,3.0,0.01,0.8400000000000003,5.799999999999999,3,488,2,10,0,0.47256789842115576,0.2937176082360226,success
1590,2000,8,4,0.0,3.0,0.01,0.8400000000000003,5.999999999999999,3,488,2,10,0,0.47256796636228715,0.2937175601403286,success
1591,2000,8,4,0.0,3.0,0.01,0.8400000000000003,6.199999999999999,3,488,2,10,0,0.4718996266255936,0.2936946403738545,success
1593,2000,8,4,0.0,3.0,0.01,0.8400000000000003,6.599999999999999,3,486,2,12,0,0.3921398649882984,0.3218296575829731,success
1592,2000,8,4,0.0,3.0,0.01,0.8400000000000003,6.399999999999999,3,487,2,11,0,0.42835546822680465,0.3122880026587125,success
1594,2000,8,4,0.0,3.0,0.01,0.8400000000000003,6.799999999999999,3,485,1,14,0,0.3385990510185229,0.2658223897950895,success
1611,2000,8,4,0.0,3.0,0.01,0.8500000000000003,1.0,3,495,5,0,0,,,success
1595,2000,8,4,0.0,3.0,0.01,0.8400000000000003,6.999999999999998,3,485,1,14,0,0.3387701585381225,0.2659737759671983,success
1596,2000,8,4,0.0,3.0,0.01,0.8400000000000003,7.199999999999998,3,485,1,14,0,0.3384217570505038,0.26576942838909173,success
1597,2000,8,4,0.0,3.0,0.01,0.8400000000000003,7.399999999999999,3,485,1,14,0,0.3378086206586816,0.26557836167943216,success
1598,2000,8,4,0.0,3.0,0.01,0.8400000000000003,7.599999999999999,3,485,1,14,0,0.3372115568377425,0.26503065830647493,success
1599,2000,8,4,0.0,3.0,0.01,0.8400000000000003,7.799999999999999,3,485,0,15,0,0.35096418783398114,0.2613701598395553,success
1600,2000,8,4,0.0,3.0,0.01,0.8400000000000003,7.999999999999998,3,485,0,15,0,0.3469885395708544,0.2581991781403562,success
1601,2000,8,4,0.0,3.0,0.01,0.8400000000000003,8.2,3,485,0,15,0,0.3464710417780766,0.25795147836159343,success
1612,2000,8,4,0.0,3.0,0.01,0.8500000000000003,1.2,3,493,1,6,0,0.9166666666666666,0.2041241452319315,success
1602,2000,8,4,0.0,3.0,0.01,0.8400000000000003,8.399999999999999,3,485,0,15,0,0.3465441119067196,0.25807211541275127,success
1613,2000,8,4,0.0,3.0,0.01,0.8500000000000003,1.4,3,490,1,9,0,0.8888888888888888,0.2204792759220492,success
1603,2000,8,4,0.0,3.0,0.01,0.8400000000000003,8.599999999999998,3,485,0,15,0,0.34654411500013166,0.2580721151597472,success
1604,2000,8,4,0.0,3.0,0.01,0.8400000000000003,8.799999999999997,3,485,0,15,0,0.3465441211533727,0.2580721114825091,success
1605,2000,8,4,0.0,3.0,0.01,0.8400000000000003,8.999999999999998,3,485,0,15,0,0.3451808192149974,0.2570795976571091,success
1606,2000,8,4,0.0,3.0,0.01,0.8400000000000003,9.199999999999998,3,485,0,15,0,0.34497933331330366,0.2569858930499727,success
1614,2000,8,4,0.0,3.0,0.01,0.8500000000000003,1.5999999999999999,3,488,0,12,0,0.9166666666666666,0.19462473604038072,success
1607,2000,8,4,0.0,3.0,0.01,0.8400000000000003,9.399999999999999,3,485,0,15,0,0.3446692535917064,0.2567813234695131,success
1609,2000,8,4,0.0,3.0,0.01,0.8400000000000003,9.799999999999997,3,484,0,16,0,0.3246901518464807,0.2606293714840249,success
1608,2000,8,4,0.0,3.0,0.01,0.8400000000000003,9.599999999999998,3,485,0,15,0,0.34466934113060155,0.2567813268723934,success
1610,2000,8,4,0.0,3.0,0.01,0.8400000000000003,9.999999999999998,3,484,0,16,0,0.3242920393710272,0.26034786117104,success
1615,2000,8,4,0.0,3.0,0.01,0.8500000000000003,1.7999999999999998,3,491,0,9,0,0.7977343008103943,0.3414897244887886,success
1616,2000,8,4,0.0,3.0,0.01,0.8500000000000003,1.9999999999999998,3,494,1,5,0,0.5085490420473953,0.3276176026688674,success
1617,2000,8,4,0.0,3.0,0.01,0.8500000000000003,2.1999999999999997,3,493,2,5,0,0.5061965131108088,0.33019718001201914,success
1618,2000,8,4,0.0,3.0,0.01,0.8500000000000003,2.3999999999999995,3,492,3,5,0,0.47981270092645234,0.3274469064426871,success
1619,2000,8,4,0.0,3.0,0.01,0.8500000000000003,2.5999999999999996,3,492,3,5,0,0.4792999948652815,0.32802327765768013,success
1620,2000,8,4,0.0,3.0,0.01,0.8500000000000003,2.8,3,492,2,6,0,0.47751141533204366,0.3147436847198777,success
1621,2000,8,4,0.0,3.0,0.01,0.8500000000000003,2.9999999999999996,3,493,2,5,0,0.3202525559373882,0.1424426243284928,success
1622,2000,8,4,0.0,3.0,0.01,0.8500000000000003,3.1999999999999993,3,493,2,5,0,0.31265787132152584,0.13113093045835664,success
1623,2000,8,4,0.0,3.0,0.01,0.8500000000000003,3.3999999999999995,3,492,2,6,0,0.4262994494642729,0.30451534638686667,success
1624,2000,8,4,0.0,3.0,0.01,0.8500000000000003,3.5999999999999996,3,492,1,7,0,0.4999844608431862,0.3535168392204073,success
1625,2000,8,4,0.0,3.0,0.01,0.8500000000000003,3.7999999999999994,3,491,2,7,0,0.498284105387799,0.3544320431263274,success
1626,2000,8,4,0.0,3.0,0.01,0.8500000000000003,3.999999999999999,3,491,2,7,0,0.4938830521697825,0.3556875555263761,success
1627,2000,8,4,0.0,3.0,0.01,0.8500000000000003,4.199999999999999,3,490,3,7,0,0.45346089556992003,0.3016010915984927,success
1628,2000,8,4,0.0,3.0,0.01,0.8500000000000003,4.3999999999999995,3,490,3,7,0,0.44148289638211585,0.2917817657098945,success
1629,2000,8,4,0.0,3.0,0.01,0.8500000000000003,4.6,3,490,2,8,0,0.4928421229967302,0.33005336462929385,success
1631,2000,8,4,0.0,3.0,0.01,0.8500000000000003,4.999999999999999,3,488,3,9,0,0.4484429868661796,0.25469004008051294,success
1630,2000,8,4,0.0,3.0,0.01,0.8500000000000003,4.799999999999999,3,488,4,8,0,0.42254980733099373,0.2588419264050281,success
1632,2000,8,4,0.0,3.0,0.01,0.8500000000000003,5.199999999999999,3,488,2,10,0,0.49989636102646706,0.2976125471788895,success
1634,2000,8,4,0.0,3.0,0.01,0.8500000000000003,5.599999999999999,3,488,2,10,0,0.531000479180057,0.33625855461267423,success
1633,2000,8,4,0.0,3.0,0.01,0.8500000000000003,5.399999999999999,3,488,2,10,0,0.4968363747170563,0.29855505923295533,success
1635,2000,8,4,0.0,3.0,0.01,0.8500000000000003,5.799999999999999,3,488,2,10,0,0.47229322574248095,0.2938400683919058,success
1636,2000,8,4,0.0,3.0,0.01,0.8500000000000003,5.999999999999999,3,488,2,10,0,0.4722932936836123,0.293840020386822,success
1638,2000,8,4,0.0,3.0,0.01,0.8500000000000003,6.399999999999999,3,487,2,11,0,0.42810396627577846,0.31235277031343994,success
1637,2000,8,4,0.0,3.0,0.01,0.8500000000000003,6.199999999999999,3,488,2,10,0,0.47162493719260584,0.29381641555769467,success
1639,2000,8,4,0.0,3.0,0.01,0.8500000000000003,6.599999999999999,3,486,2,12,0,0.39190966704602953,0.3218585482357042,success
1640,2000,8,4,0.0,3.0,0.01,0.8500000000000003,6.799999999999999,3,485,1,14,0,0.3384020819222534,0.2658091859377432,success
1641,2000,8,4,0.0,3.0,0.01,0.8500000000000003,6.999999999999998,3,485,1,14,0,0.3385732782057298,0.26596079701555775,success
1642,2000,8,4,0.0,3.0,0.01,0.8500000000000003,7.199999999999998,3,485,1,14,0,0.33822487671762763,0.26575616149655873,success
1643,2000,8,4,0.0,3.0,0.01,0.8500000000000003,7.399999999999999,3,485,1,14,0,0.33761196778607977,0.2655648444606169,success
1644,2000,8,4,0.0,3.0,0.01,0.8500000000000003,7.599999999999999,3,485,1,14,0,0.33701491894921876,0.26501665170036337,success
1657,2000,8,4,0.0,3.0,0.01,0.8600000000000003,1.0,3,497,3,0,0,,,success
1645,2000,8,4,0.0,3.0,0.01,0.8500000000000003,7.799999999999999,3,485,0,15,0,0.3507783451970298,0.2613655673384106,success
1646,2000,8,4,0.0,3.0,0.01,0.8500000000000003,7.999999999999998,3,485,0,15,0,0.34680468208256193,0.2581932460019805,success
1647,2000,8,4,0.0,3.0,0.01,0.8500000000000003,8.2,3,485,0,15,0,0.34628718428978406,0.25794514531904494,success
1658,2000,8,4,0.0,3.0,0.01,0.8600000000000003,1.2,3,495,0,5,0,1.0,0.0,success
1649,2000,8,4,0.0,3.0,0.01,0.8500000000000003,8.599999999999998,3,485,0,15,0,0.34636014682302574,0.2580657823085533,success
1648,2000,8,4,0.0,3.0,0.01,0.8500000000000003,8.399999999999999,3,485,0,15,0,0.3463601439261075,0.2580657825890483,success
1650,2000,8,4,0.0,3.0,0.01,0.8500000000000003,8.799999999999997,3,485,0,15,0,0.3463601529762668,0.2580657786359248,success
1651,2000,8,4,0.0,3.0,0.01,0.8500000000000003,8.999999999999998,3,485,0,15,0,0.344996873414735,0.2570722166918653,success
1659,2000,8,4,0.0,3.0,0.01,0.8600000000000003,1.4,3,492,1,7,0,0.9285714285714286,0.18898223650461363,success
1652,2000,8,4,0.0,3.0,0.01,0.8500000000000003,9.199999999999998,3,485,0,15,0,0.3447951765275137,0.2569782580406181,success
1653,2000,8,4,0.0,3.0,0.01,0.8500000000000003,9.399999999999999,3,485,0,15,0,0.34448510721117265,0.25677345341143826,success
1654,2000,8,4,0.0,3.0,0.01,0.8500000000000003,9.599999999999998,3,485,0,15,0,0.34448518959224006,0.25677345571795207,success
1660,2000,8,4,0.0,3.0,0.01,0.8600000000000003,1.5999999999999999,3,490,0,10,0,0.95,0.15811388300841897,success
1655,2000,8,4,0.0,3.0,0.01,0.8500000000000003,9.799999999999997,3,484,0,16,0,0.3245175097792667,0.2606080202494802,success
1661,2000,8,4,0.0,3.0,0.01,0.8600000000000003,1.7999999999999998,3,493,0,7,0,0.8542298153276499,0.292227635555313,success
1656,2000,8,4,0.0,3.0,0.01,0.8500000000000003,9.999999999999998,3,484,0,16,0,0.32411939383084953,0.2603262089463242,success
1662,2000,8,4,0.0,3.0,0.01,0.8600000000000003,1.9999999999999998,3,496,1,3,0,0.6142484034123254,0.3876470765185956,success
1663,2000,8,4,0.0,3.0,0.01,0.8600000000000003,2.1999999999999997,3,495,2,3,0,0.6103275218513481,0.39357096462495944,success
1664,2000,8,4,0.0,3.0,0.01,0.8600000000000003,2.3999999999999995,3,494,3,3,0,0.5709902024084239,0.3982882409779771,success
1665,2000,8,4,0.0,3.0,0.01,0.8600000000000003,2.5999999999999996,3,494,3,3,0,0.5709902024084239,0.3982882409779771,success
1666,2000,8,4,0.0,3.0,0.01,0.8600000000000003,2.8,3,494,2,4,0,0.5847812530958534,0.3389187026696118,success
1667,2000,8,4,0.0,3.0,0.01,0.8600000000000003,2.9999999999999996,3,495,2,3,0,0.3741784482131634,0.16229716796384483,success
1668,2000,8,4,0.0,3.0,0.01,0.8600000000000003,3.1999999999999993,3,495,2,3,0,0.36064101582683045,0.1491625990725356,success
1669,2000,8,4,0.0,3.0,0.01,0.8600000000000003,3.3999999999999995,3,494,2,4,0,0.5204806365791445,0.34209365814121956,success
1670,2000,8,4,0.0,3.0,0.01,0.8600000000000003,3.5999999999999996,3,494,1,5,0,0.6048562196204471,0.3711981067028668,success
1671,2000,8,4,0.0,3.0,0.01,0.8600000000000003,3.7999999999999994,3,493,2,5,0,0.603521785881056,0.3722573836756925,success
1672,2000,8,4,0.0,3.0,0.01,0.8600000000000003,3.999999999999999,3,493,2,5,0,0.5968880711058011,0.376467081750926,success
1673,2000,8,4,0.0,3.0,0.01,0.8600000000000003,4.199999999999999,3,492,3,5,0,0.5406219112405122,0.31896176249456965,success
1674,2000,8,4,0.0,3.0,0.01,0.8600000000000003,4.3999999999999995,3,492,3,5,0,0.5244018238582319,0.310200779073143,success
1675,2000,8,4,0.0,3.0,0.01,0.8600000000000003,4.6,3,492,2,6,0,0.5790609712875546,0.34015837746479516,success
1677,2000,8,4,0.0,3.0,0.01,0.8600000000000003,4.999999999999999,3,490,3,7,0,0.5096593892189272,0.25667493134888936,success
1678,2000,8,4,0.0,3.0,0.01,0.8600000000000003,5.199999999999999,3,490,2,8,0,0.5664170018580451,0.29636570963424497,success
1676,2000,8,4,0.0,3.0,0.01,0.8600000000000003,4.799999999999999,3,490,4,6,0,0.4853378835641371,0.27157996214743296,success
1680,2000,8,4,0.0,3.0,0.01,0.8600000000000003,5.599999999999999,3,490,2,8,0,0.6053384773612287,0.3362156245379506,success
1679,2000,8,4,0.0,3.0,0.01,0.8600000000000003,5.399999999999999,3,490,2,8,0,0.5626333467824777,0.2985082558080258,success
1681,2000,8,4,0.0,3.0,0.01,0.8600000000000003,5.799999999999999,3,490,2,8,0,0.5319132443427943,0.29989655730128395,success
1683,2000,8,4,0.0,3.0,0.01,0.8600000000000003,6.199999999999999,3,490,2,8,0,0.5310777827543267,0.3000563436628437,success
1682,2000,8,4,0.0,3.0,0.01,0.8600000000000003,5.999999999999999,3,490,2,8,0,0.5319132443427943,0.29989655730128395,success
1684,2000,8,4,0.0,3.0,0.01,0.8600000000000003,6.399999999999999,3,489,2,9,0,0.47127898292916576,0.33129262599498804,success
1685,2000,8,4,0.0,3.0,0.01,0.8600000000000003,6.599999999999999,3,488,2,10,0,0.4235278837112265,0.34547994319638825,success
1686,2000,8,4,0.0,3.0,0.01,0.8600000000000003,6.799999999999999,3,487,1,12,0,0.35576888297452985,0.2840210588720609,success
1687,2000,8,4,0.0,3.0,0.01,0.8600000000000003,6.999999999999998,3,487,1,12,0,0.35588282056199233,0.28411271622252415,success
1688,2000,8,4,0.0,3.0,0.01,0.8600000000000003,7.199999999999998,3,487,1,12,0,0.35547664012783753,0.28391346157347086,success
1689,2000,8,4,0.0,3.0,0.01,0.8600000000000003,7.399999999999999,3,487,1,12,0,0.3547596256274444,0.2837495114620874,success
1703,2000,8,4,0.0,3.0,0.01,0.8700000000000003,1.0,3,497,3,0,0,,,success
1690,2000,8,4,0.0,3.0,0.01,0.8600000000000003,7.599999999999999,3,487,1,12,0,0.35407306666652466,0.2832014087572833,success
1691,2000,8,4,0.0,3.0,0.01,0.8600000000000003,7.799999999999999,3,487,0,13,0,0.3686416110213489,0.2767203683247887,success
1692,2000,8,4,0.0,3.0,0.01,0.8600000000000003,7.999999999999998,3,487,0,13,0,0.3641774831060436,0.2736358673907346,success
1693,2000,8,4,0.0,3.0,0.01,0.8600000000000003,8.2,3,487,0,13,0,0.3635810776177293,0.2734040465267508,success
1694,2000,8,4,0.0,3.0,0.01,0.8600000000000003,8.399999999999999,3,487,0,13,0,0.36366499991941253,0.2735310553299333,success
1696,2000,8,4,0.0,3.0,0.01,0.8600000000000003,8.799999999999997,3,487,0,13,0,0.36366500954969044,0.27353105051427395,success
1695,2000,8,4,0.0,3.0,0.01,0.8600000000000003,8.599999999999998,3,487,0,13,0,0.3636650024497978,0.2735310550433543,success
1697,2000,8,4,0.0,3.0,0.01,0.8600000000000003,8.999999999999998,3,487,0,13,0,0.3620919989363046,0.27254492026849575,success
1698,2000,8,4,0.0,3.0,0.01,0.8600000000000003,9.199999999999998,3,487,0,13,0,0.3618592717587409,0.2724573295410156,success
1704,2000,8,4,0.0,3.0,0.01,0.8700000000000003,1.2,3,495,0,5,0,1.0,0.0,success
1699,2000,8,4,0.0,3.0,0.01,0.8600000000000003,9.399999999999999,3,487,0,13,0,0.3615014994706551,0.2722562219287114,success
1705,2000,8,4,0.0,3.0,0.01,0.8700000000000003,1.4,3,492,1,7,0,0.9285714285714286,0.18898223650461363,success
1700,2000,8,4,0.0,3.0,0.01,0.8600000000000003,9.599999999999998,3,487,0,13,0,0.3615015916820884,0.27225621888998763,success
1701,2000,8,4,0.0,3.0,0.01,0.8600000000000003,9.799999999999997,3,486,0,14,0,0.3374659288869296,0.276603963879736,success
1706,2000,8,4,0.0,3.0,0.01,0.8700000000000003,1.5999999999999999,3,490,0,10,0,0.95,0.15811388300841897,success
1702,2000,8,4,0.0,3.0,0.01,0.8600000000000003,9.999999999999998,3,486,0,14,0,0.3370109391117668,0.27632050868744296,success
1707,2000,8,4,0.0,3.0,0.01,0.8700000000000003,1.7999999999999998,3,493,0,7,0,0.8542298153276499,0.292227635555313,success
1708,2000,8,4,0.0,3.0,0.01,0.8700000000000003,1.9999999999999998,3,496,1,3,0,0.6142484034123254,0.3876470765185956,success
1709,2000,8,4,0.0,3.0,0.01,0.8700000000000003,2.1999999999999997,3,495,2,3,0,0.6103275218513481,0.39357096462495944,success
1710,2000,8,4,0.0,3.0,0.01,0.8700000000000003,2.3999999999999995,3,494,3,3,0,0.5709902024084239,0.3982882409779771,success
1711,2000,8,4,0.0,3.0,0.01,0.8700000000000003,2.5999999999999996,3,494,3,3,0,0.5709902024084239,0.3982882409779771,success
1712,2000,8,4,0.0,3.0,0.01,0.8700000000000003,2.8,3,494,2,4,0,0.5847812530958534,0.3389187026696118,success
1713,2000,8,4,0.0,3.0,0.01,0.8700000000000003,2.9999999999999996,3,495,2,3,0,0.3741784482131634,0.16229716796384483,success
1714,2000,8,4,0.0,3.0,0.01,0.8700000000000003,3.1999999999999993,3,495,2,3,0,0.36064101582683045,0.1491625990725356,success
1715,2000,8,4,0.0,3.0,0.01,0.8700000000000003,3.3999999999999995,3,494,2,4,0,0.5204806365791445,0.34209365814121956,success
1716,2000,8,4,0.0,3.0,0.01,0.8700000000000003,3.5999999999999996,3,494,1,5,0,0.6048562196204379,0.37119810670287195,success
1717,2000,8,4,0.0,3.0,0.01,0.8700000000000003,3.7999999999999994,3,493,2,5,0,0.603521785881056,0.3722573836756925,success
1718,2000,8,4,0.0,3.0,0.01,0.8700000000000003,3.999999999999999,3,493,2,5,0,0.5968880706823935,0.37646708201261486,success
1719,2000,8,4,0.0,3.0,0.01,0.8700000000000003,4.199999999999999,3,492,3,5,0,0.54062191089884,0.3189617626775334,success
1720,2000,8,4,0.0,3.0,0.01,0.8700000000000003,4.3999999999999995,3,492,3,5,0,0.5242544272006189,0.31012767659644763,success
1723,2000,8,4,0.0,3.0,0.01,0.8700000000000003,4.999999999999999,3,490,3,7,0,0.5096317903276447,0.2566761389493932,success
1724,2000,8,4,0.0,3.0,0.01,0.8700000000000003,5.199999999999999,3,490,2,8,0,0.5664169797229137,0.29636572278780315,success
1721,2000,8,4,0.0,3.0,0.01,0.8700000000000003,4.6,3,492,2,6,0,0.5790287726345942,0.34016735382761404,success
1722,2000,8,4,0.0,3.0,0.01,0.8700000000000003,4.799999999999999,3,490,4,6,0,0.4853056848576971,0.27157787111518306,success
1725,2000,8,4,0.0,3.0,0.01,0.8700000000000003,5.399999999999999,3,490,2,8,0,0.5626333464788985,0.298508255991698,success
1726,2000,8,4,0.0,3.0,0.01,0.8700000000000003,5.599999999999999,3,490,2,8,0,0.6053384770576915,0.3362156247450995,success
1727,2000,8,4,0.0,3.0,0.01,0.8700000000000003,5.799999999999999,3,490,2,8,0,0.5319131987888762,0.2998965779573717,success
1728,2000,8,4,0.0,3.0,0.01,0.8700000000000003,5.999999999999999,3,490,2,8,0,0.5319131987888762,0.2998965779573717,success
1729,2000,8,4,0.0,3.0,0.01,0.8700000000000003,6.199999999999999,3,490,2,8,0,0.5310444367966545,0.3000631169227173,success
1730,2000,8,4,0.0,3.0,0.01,0.8700000000000003,6.399999999999999,3,489,2,9,0,0.4712722550807823,0.33129248628748587,success
1731,2000,8,4,0.0,3.0,0.01,0.8700000000000003,6.599999999999999,3,488,2,10,0,0.423521840745534,0.34547889426690204,success
1732,2000,8,4,0.0,3.0,0.01,0.8700000000000003,6.799999999999999,3,487,1,12,0,0.35576382241439125,0.2840186867357493,success
1733,2000,8,4,0.0,3.0,0.01,0.8700000000000003,6.999999999999998,3,487,1,12,0,0.3558455463873962,0.28408437930433156,success
1734,2000,8,4,0.0,3.0,0.01,0.8700000000000003,7.199999999999998,3,487,1,12,0,0.35450066456808194,0.28345057003629415,success
1749,2000,8,4,0.0,3.0,0.01,0.8800000000000003,1.0,3,497,3,0,0,,,success
1735,2000,8,4,0.0,3.0,0.01,0.8700000000000003,7.399999999999999,3,487,1,12,0,0.35378865423285283,0.28328605231902276,success
1736,2000,8,4,0.0,3.0,0.01,0.8700000000000003,7.599999999999999,3,487,1,12,0,0.3531058305745383,0.2827384471670444,success
1737,2000,8,4,0.0,3.0,0.01,0.8700000000000003,7.799999999999999,3,487,0,13,0,0.36790715611283625,0.27644287227023484,success
1738,2000,8,4,0.0,3.0,0.01,0.8700000000000003,7.999999999999998,3,487,0,13,0,0.3634681597015782,0.2733616368859175,success
1739,2000,8,4,0.0,3.0,0.01,0.8700000000000003,8.2,3,487,0,13,0,0.3631307719140668,0.2732396748929401,success
1740,2000,8,4,0.0,3.0,0.01,0.8700000000000003,8.399999999999999,3,487,0,13,0,0.3632146913124359,0.2733669074469483,success
1741,2000,8,4,0.0,3.0,0.01,0.8700000000000003,8.599999999999998,3,487,0,13,0,0.36321469384282107,0.2733669071647128,success
1742,2000,8,4,0.0,3.0,0.01,0.8700000000000003,8.799999999999997,3,487,0,13,0,0.36321470094271374,0.273366902645583,success
1743,2000,8,4,0.0,3.0,0.01,0.8700000000000003,8.999999999999998,3,487,0,13,0,0.36164176066576875,0.27237743620577076,success
1750,2000,8,4,0.0,3.0,0.01,0.8800000000000003,1.2,3,495,0,5,0,1.0,0.0,success
1744,2000,8,4,0.0,3.0,0.01,0.8700000000000003,9.199999999999998,3,487,0,13,0,0.3615693381778159,0.2723514291746194,success
1745,2000,8,4,0.0,3.0,0.01,0.8700000000000003,9.399999999999999,3,487,0,13,0,0.36121156588971964,0.27214983039304536,success
1751,2000,8,4,0.0,3.0,0.01,0.8800000000000003,1.4,3,492,1,7,0,0.9285714285714286,0.18898223650461363,success
1746,2000,8,4,0.0,3.0,0.01,0.8700000000000003,9.599999999999998,3,487,0,13,0,0.36121165810115297,0.27214982745955707,success
1747,2000,8,4,0.0,3.0,0.01,0.8700000000000003,9.799999999999997,3,486,0,14,0,0.33719670484746406,0.2764821090125499,success
1752,2000,8,4,0.0,3.0,0.01,0.8800000000000003,1.5999999999999999,3,491,0,9,0,0.9444444444444444,0.16666666666666669,success
1748,2000,8,4,0.0,3.0,0.01,0.8700000000000003,9.999999999999998,3,486,0,14,0,0.3367417119206661,0.2761980484576288,success
1753,2000,8,4,0.0,3.0,0.01,0.8800000000000003,1.7999999999999998,3,493,0,7,0,0.8542298153276499,0.292227635555313,success
1755,2000,8,4,0.0,3.0,0.01,0.8800000000000003,2.1999999999999997,3,495,2,3,0,0.6103275218513481,0.39357096462495944,success
1754,2000,8,4,0.0,3.0,0.01,0.8800000000000003,1.9999999999999998,3,496,1,3,0,0.6142484034123254,0.3876470765185956,success
1756,2000,8,4,0.0,3.0,0.01,0.8800000000000003,2.3999999999999995,3,494,3,3,0,0.5709902024084239,0.3982882409779771,success
1757,2000,8,4,0.0,3.0,0.01,0.8800000000000003,2.5999999999999996,3,494,3,3,0,0.5709902024084239,0.3982882409779771,success
1758,2000,8,4,0.0,3.0,0.01,0.8800000000000003,2.8,3,494,2,4,0,0.5847812530958534,0.3389187026696118,success
1759,2000,8,4,0.0,3.0,0.01,0.8800000000000003,2.9999999999999996,3,495,2,3,0,0.3741784482131634,0.16229716796384483,success
1760,2000,8,4,0.0,3.0,0.01,0.8800000000000003,3.1999999999999993,3,495,2,3,0,0.36064101582683045,0.1491625990725356,success
1761,2000,8,4,0.0,3.0,0.01,0.8800000000000003,3.3999999999999995,3,494,2,4,0,0.5204806365791439,0.3420936581412203,success
1762,2000,8,4,0.0,3.0,0.01,0.8800000000000003,3.5999999999999996,3,494,1,5,0,0.6048562196204379,0.37119810670287195,success
1763,2000,8,4,0.0,3.0,0.01,0.8800000000000003,3.7999999999999994,3,493,2,5,0,0.6035198060867156,0.37225892046496034,success
1764,2000,8,4,0.0,3.0,0.01,0.8800000000000003,3.999999999999999,3,493,2,5,0,0.5960061119473167,0.3769900192086399,success
1765,2000,8,4,0.0,3.0,0.01,0.8800000000000003,4.199999999999999,3,492,3,5,0,0.5398173466020773,0.31936535465377136,success
1766,2000,8,4,0.0,3.0,0.01,0.8800000000000003,4.3999999999999995,3,492,3,5,0,0.5234514165377353,0.31048872555158663,success
1769,2000,8,4,0.0,3.0,0.01,0.8800000000000003,4.999999999999999,3,490,3,7,0,0.5090581969851001,0.25692918454397795,success
1770,2000,8,4,0.0,3.0,0.01,0.8800000000000003,5.199999999999999,3,490,2,8,0,0.5659003314971709,0.2966673522302754,success
1767,2000,8,4,0.0,3.0,0.01,0.8800000000000003,4.6,3,492,2,6,0,0.57835958042885,0.34056007738102384,success
1768,2000,8,4,0.0,3.0,0.01,0.8800000000000003,4.799999999999999,3,490,4,6,0,0.4846364926247284,0.27179284900445433,success
1771,2000,8,4,0.0,3.0,0.01,0.8800000000000003,5.399999999999999,3,490,2,8,0,0.5619619720716539,0.2988471078110483,success
1772,2000,8,4,0.0,3.0,0.01,0.8800000000000003,5.599999999999999,3,490,2,8,0,0.6046671026504469,0.33661386675230787,success
1773,2000,8,4,0.0,3.0,0.01,0.8800000000000003,5.799999999999999,3,490,2,8,0,0.5312418248451878,0.3001553432281548,success
1774,2000,8,4,0.0,3.0,0.01,0.8800000000000003,5.999999999999999,3,490,2,8,0,0.5312418248451878,0.3001553432281548,success
1775,2000,8,4,0.0,3.0,0.01,0.8800000000000003,6.199999999999999,3,490,2,8,0,0.5305526482210244,0.3002877088835343,success
1777,2000,8,4,0.0,3.0,0.01,0.8800000000000003,6.599999999999999,3,488,2,10,0,0.42310193532487794,0.34549005969238156,success
1776,2000,8,4,0.0,3.0,0.01,0.8800000000000003,6.399999999999999,3,489,2,9,0,0.47080569350210766,0.3313811898083569,success
1778,2000,8,4,0.0,3.0,0.01,0.8800000000000003,6.799999999999999,3,487,1,12,0,0.35534712821682285,0.28388515928092645,success
1779,2000,8,4,0.0,3.0,0.01,0.8800000000000003,6.999999999999998,3,487,1,12,0,0.35549566176186026,0.28400459052789756,success
1780,2000,8,4,0.0,3.0,0.01,0.8800000000000003,7.199999999999998,3,487,1,12,0,0.3537970169905437,0.2832140420051239,success
1795,2000,8,4,0.0,3.0,0.01,0.8900000000000003,1.0,3,497,3,0,0,,,success
1781,2000,8,4,0.0,3.0,0.01,0.8800000000000003,7.399999999999999,3,487,1,12,0,0.35310703445332875,0.283058023000634,success
1782,2000,8,4,0.0,3.0,0.01,0.8800000000000003,7.599999999999999,3,487,1,12,0,0.3524242107950142,0.28250817860340016,success
1783,2000,8,4,0.0,3.0,0.01,0.8800000000000003,7.799999999999999,3,487,0,13,0,0.36760331780331296,0.2763913432229754,success
1784,2000,8,4,0.0,3.0,0.01,0.8800000000000003,7.999999999999998,3,487,0,13,0,0.3631428521827123,0.27328892147676964,success
1785,2000,8,4,0.0,3.0,0.01,0.8800000000000003,8.2,3,487,0,13,0,0.36280666528911437,0.27316693882906823,success
1786,2000,8,4,0.0,3.0,0.01,0.8800000000000003,8.399999999999999,3,487,0,13,0,0.36243100310472626,0.27301278616334007,success
1787,2000,8,4,0.0,3.0,0.01,0.8800000000000003,8.599999999999998,3,487,0,13,0,0.3624310056351115,0.2730127858886073,success
1788,2000,8,4,0.0,3.0,0.01,0.8800000000000003,8.799999999999997,3,487,0,13,0,0.362431012735004,0.27301278138569457,success
1789,2000,8,4,0.0,3.0,0.01,0.8800000000000003,8.999999999999998,3,487,0,13,0,0.3612710712271545,0.27227646404887973,success
1790,2000,8,4,0.0,3.0,0.01,0.8800000000000003,9.199999999999998,3,487,0,13,0,0.36119814093130764,0.27225015836740274,success
1796,2000,8,4,0.0,3.0,0.01,0.8900000000000003,1.2,3,495,0,5,0,1.0,0.0,success
1791,2000,8,4,0.0,3.0,0.01,0.8800000000000003,9.399999999999999,3,487,0,13,0,0.3608471720030305,0.27205260109209956,success
1792,2000,8,4,0.0,3.0,0.01,0.8800000000000003,9.599999999999998,3,487,0,13,0,0.36084726421446367,0.2720525982913657,success
1793,2000,8,4,0.0,3.0,0.01,0.8800000000000003,9.799999999999997,3,486,0,14,0,0.3368583390926264,0.2763621213470018,success
1797,2000,8,4,0.0,3.0,0.01,0.8900000000000003,1.4,3,492,1,7,0,0.9285714285714286,0.18898223650461363,success
1794,2000,8,4,0.0,3.0,0.01,0.8800000000000003,9.999999999999998,3,486,0,14,0,0.33640402678196624,0.2760786806811406,success
1798,2000,8,4,0.0,3.0,0.01,0.8900000000000003,1.5999999999999999,3,491,0,9,0,0.9444444444444444,0.16666666666666669,success
1799,2000,8,4,0.0,3.0,0.01,0.8900000000000003,1.7999999999999998,3,493,0,7,0,0.8542298153276499,0.292227635555313,success
1802,2000,8,4,0.0,3.0,0.01,0.8900000000000003,2.3999999999999995,3,494,3,3,0,0.5709902024084239,0.3982882409779771,success
1800,2000,8,4,0.0,3.0,0.01,0.8900000000000003,1.9999999999999998,3,496,1,3,0,0.6142484034123254,0.3876470765185956,success
1801,2000,8,4,0.0,3.0,0.01,0.8900000000000003,2.1999999999999997,3,495,2,3,0,0.6103275218513481,0.39357096462495944,success
1803,2000,8,4,0.0,3.0,0.01,0.8900000000000003,2.5999999999999996,3,494,3,3,0,0.5709902024084239,0.3982882409779771,success
1804,2000,8,4,0.0,3.0,0.01,0.8900000000000003,2.8,3,494,2,4,0,0.5847812530958534,0.3389187026696118,success
1805,2000,8,4,0.0,3.0,0.01,0.8900000000000003,2.9999999999999996,3,495,2,3,0,0.3640833385254902,0.16151782901245382,success
1806,2000,8,4,0.0,3.0,0.01,0.8900000000000003,3.1999999999999993,3,495,2,3,0,0.35520844875367447,0.14847566761914452,success
1807,2000,8,4,0.0,3.0,0.01,0.8900000000000003,3.3999999999999995,3,494,2,4,0,0.5138526920933965,0.34599296295315635,success
1808,2000,8,4,0.0,3.0,0.01,0.8900000000000003,3.5999999999999996,3,494,1,5,0,0.5995538640318399,0.37540323428896427,success
1809,2000,8,4,0.0,3.0,0.01,0.8900000000000003,3.7999999999999994,3,493,2,5,0,0.5983312478314267,0.3764440274851595,success
1810,2000,8,4,0.0,3.0,0.01,0.8900000000000003,3.999999999999999,3,493,2,5,0,0.5928737987413157,0.3794825839950173,success
1811,2000,8,4,0.0,3.0,0.01,0.8900000000000003,4.199999999999999,3,492,3,5,0,0.5366851912150171,0.3216204996325074,success
1814,2000,8,4,0.0,3.0,0.01,0.8900000000000003,4.799999999999999,3,490,4,6,0,0.47277586263196064,0.27600142933014116,success
1815,2000,8,4,0.0,3.0,0.01,0.8900000000000003,4.999999999999999,3,490,3,7,0,0.49894033861495085,0.26177819688975185,success
1817,2000,8,4,0.0,3.0,0.01,0.8900000000000003,5.399999999999999,3,490,2,8,0,0.5577681161804534,0.3018671588007906,success
1812,2000,8,4,0.0,3.0,0.01,0.8900000000000003,4.3999999999999995,3,492,3,5,0,0.4442499751547495,0.18771111675279972,success
1816,2000,8,4,0.0,3.0,0.01,0.8900000000000003,5.199999999999999,3,490,2,8,0,0.560255725892274,0.30058477052155935,success
1813,2000,8,4,0.0,3.0,0.01,0.8900000000000003,4.6,3,492,2,6,0,0.5123583792763615,0.27711013610604873,success
1818,2000,8,4,0.0,3.0,0.01,0.8900000000000003,5.599999999999999,3,490,2,8,0,0.6004737479735308,0.33990074850613833,success
1819,2000,8,4,0.0,3.0,0.01,0.8900000000000003,5.799999999999999,3,490,2,8,0,0.5273126779586881,0.30252353570986995,success
1820,2000,8,4,0.0,3.0,0.01,0.8900000000000003,5.999999999999999,3,490,2,8,0,0.5273126779586881,0.30252353570986995,success
1821,2000,8,4,0.0,3.0,0.01,0.8900000000000003,6.199999999999999,3,490,2,8,0,0.5266534472194129,0.302642233009731,success
1822,2000,8,4,0.0,3.0,0.01,0.8900000000000003,6.399999999999999,3,489,2,9,0,0.4675170176570807,0.3325716114251015,success
1823,2000,8,4,0.0,3.0,0.01,0.8900000000000003,6.599999999999999,3,488,2,10,0,0.4201746901775817,0.34605261978508317,success
1824,2000,8,4,0.0,3.0,0.01,0.8900000000000003,6.799999999999999,3,487,1,12,0,0.3529266539053626,0.2838175103215523,success
1825,2000,8,4,0.0,3.0,0.01,0.8900000000000003,6.999999999999998,3,487,1,12,0,0.3530681511842993,0.2839326069762596,success
1826,2000,8,4,0.0,3.0,0.01,0.8900000000000003,7.199999999999998,3,487,1,12,0,0.3514169690103432,0.28315050225273464,success
1827,2000,8,4,0.0,3.0,0.01,0.8900000000000003,7.399999999999999,3,487,1,12,0,0.3507137773960516,0.2829813448668078,success
1828,2000,8,4,0.0,3.0,0.01,0.8900000000000003,7.599999999999999,3,487,1,12,0,0.3500318811987205,0.2824260045815229,success
1829,2000,8,4,0.0,3.0,0.01,0.8900000000000003,7.799999999999999,3,487,0,13,0,0.3652889771504265,0.27642064432684665,success
1841,2000,8,4,0.0,3.0,0.01,0.9000000000000004,1.0,3,497,3,0,0,,,success
1830,2000,8,4,0.0,3.0,0.01,0.8900000000000003,7.999999999999998,3,487,0,13,0,0.36083107717373986,0.27327978710963985,success
1831,2000,8,4,0.0,3.0,0.01,0.8900000000000003,8.2,3,487,0,13,0,0.36049988829026913,0.2731576732916683,success
1832,2000,8,4,0.0,3.0,0.01,0.8900000000000003,8.399999999999999,3,487,0,13,0,0.3601219214404046,0.2730028145673154,success
1833,2000,8,4,0.0,3.0,0.01,0.8900000000000003,8.599999999999998,3,487,0,13,0,0.3601219230346543,0.2730028142735627,success
1834,2000,8,4,0.0,3.0,0.01,0.8900000000000003,8.799999999999997,3,487,0,13,0,0.3601219301329309,0.27300280983648556,success
1835,2000,8,4,0.0,3.0,0.01,0.8900000000000003,8.999999999999998,3,487,0,13,0,0.35896241768875436,0.27225618589970785,success
1836,2000,8,4,0.0,3.0,0.01,0.8900000000000003,9.199999999999998,3,487,0,13,0,0.3588653802468028,0.2722206648276096,success
1837,2000,8,4,0.0,3.0,0.01,0.8900000000000003,9.399999999999999,3,487,0,13,0,0.35851437597861285,0.27201982033345173,success
1838,2000,8,4,0.0,3.0,0.01,0.8900000000000003,9.599999999999998,3,487,0,13,0,0.358514439698325,0.272019815623025,success
1839,2000,8,4,0.0,3.0,0.01,0.8900000000000003,9.799999999999997,3,486,0,14,0,0.3346920890290904,0.2761304297565605,success
1842,2000,8,4,0.0,3.0,0.01,0.9000000000000004,1.2,3,495,0,5,0,1.0,0.0,success
1840,2000,8,4,0.0,3.0,0.01,0.8900000000000003,9.999999999999998,3,486,0,14,0,0.3342377013969263,0.2758428885933567,success
1843,2000,8,4,0.0,3.0,0.01,0.9000000000000004,1.4,3,492,1,7,0,0.9285714285714286,0.18898223650461363,success
1844,2000,8,4,0.0,3.0,0.01,0.9000000000000004,1.5999999999999999,3,491,0,9,0,0.9444444444444444,0.16666666666666669,success
1845,2000,8,4,0.0,3.0,0.01,0.9000000000000004,1.7999999999999998,3,493,0,7,0,0.8542298153276499,0.292227635555313,success
1846,2000,8,4,0.0,3.0,0.01,0.9000000000000004,1.9999999999999998,3,496,1,3,0,0.6142484034123254,0.3876470765185956,success
1847,2000,8,4,0.0,3.0,0.01,0.9000000000000004,2.1999999999999997,3,495,2,3,0,0.6103275218513481,0.39357096462495944,success
1848,2000,8,4,0.0,3.0,0.01,0.9000000000000004,2.3999999999999995,3,494,3,3,0,0.5709902024084239,0.3982882409779771,success
1849,2000,8,4,0.0,3.0,0.01,0.9000000000000004,2.5999999999999996,3,494,3,3,0,0.5709902024084239,0.3982882409779771,success
1850,2000,8,4,0.0,3.0,0.01,0.9000000000000004,2.8,3,494,2,4,0,0.5847812530958534,0.3389187026696118,success
1851,2000,8,4,0.0,3.0,0.01,0.9000000000000004,2.9999999999999996,3,495,2,3,0,0.3640833385254902,0.16151782901245382,success
1852,2000,8,4,0.0,3.0,0.01,0.9000000000000004,3.1999999999999993,3,495,2,3,0,0.3552084487536744,0.14847566761914469,success
1853,2000,8,4,0.0,3.0,0.01,0.9000000000000004,3.3999999999999995,3,494,2,4,0,0.5138526920933965,0.34599296295315635,success
1854,2000,8,4,0.0,3.0,0.01,0.9000000000000004,3.5999999999999996,3,494,1,5,0,0.5995538640315459,0.37540323428935196,success
1855,2000,8,4,0.0,3.0,0.01,0.9000000000000004,3.7999999999999994,3,493,2,5,0,0.5983099232799396,0.37646186862470216,success
1856,2000,8,4,0.0,3.0,0.01,0.9000000000000004,3.999999999999999,3,493,2,5,0,0.5928530296590748,0.37949948724216137,success
1858,2000,8,4,0.0,3.0,0.01,0.9000000000000004,4.3999999999999995,3,492,3,5,0,0.4440201637769571,0.1874239759295002,success
1857,2000,8,4,0.0,3.0,0.01,0.9000000000000004,4.199999999999999,3,492,3,5,0,0.5366644220473229,0.3216359084553162,success
1860,2000,8,4,0.0,3.0,0.01,0.9000000000000004,4.799999999999999,3,490,4,6,0,0.4727649259389381,0.27600759600339664,success
1861,2000,8,4,0.0,3.0,0.01,0.9000000000000004,4.999999999999999,3,490,3,7,0,0.49894020661651944,0.26177810317807504,success
1859,2000,8,4,0.0,3.0,0.01,0.9000000000000004,4.6,3,492,2,6,0,0.5123476733101157,0.2771179835576633,success
1862,2000,8,4,0.0,3.0,0.01,0.9000000000000004,5.199999999999999,3,490,2,8,0,0.5602556103946303,0.3005847274931051,success
1863,2000,8,4,0.0,3.0,0.01,0.9000000000000004,5.399999999999999,3,490,2,8,0,0.5577680006828096,0.3018671148673745,success
1864,2000,8,4,0.0,3.0,0.01,0.9000000000000004,5.599999999999999,3,490,2,8,0,0.6004737479207333,0.3399007485402373,success
1866,2000,8,4,0.0,3.0,0.01,0.9000000000000004,5.999999999999999,3,490,2,8,0,0.5273110967585001,0.30252421891367265,success
1865,2000,8,4,0.0,3.0,0.01,0.9000000000000004,5.799999999999999,3,490,2,8,0,0.5273110967585001,0.30252421891367265,success
1867,2000,8,4,0.0,3.0,0.01,0.9000000000000004,6.199999999999999,3,490,2,8,0,0.5266518660192249,0.30264291200930166,success
1868,2000,8,4,0.0,3.0,0.01,0.9000000000000004,6.399999999999999,3,489,2,9,0,0.46743198280483356,0.33256952682127794,success
1869,2000,8,4,0.0,3.0,0.01,0.9000000000000004,6.599999999999999,3,488,2,10,0,0.4200990205146871,0.34603923155788663,success
1870,2000,8,4,0.0,3.0,0.01,0.9000000000000004,6.799999999999999,3,487,1,12,0,0.3528649532889974,0.2837880304534356,success
1871,2000,8,4,0.0,3.0,0.01,0.9000000000000004,6.999999999999998,3,487,1,12,0,0.3530042160262839,0.28390134754384344,success
1872,2000,8,4,0.0,3.0,0.01,0.9000000000000004,7.199999999999998,3,487,1,12,0,0.35135303428512704,0.28311875008406057,success
1873,2000,8,4,0.0,3.0,0.01,0.9000000000000004,7.399999999999999,3,487,1,12,0,0.35066556427808254,0.28295841540342015,success
1874,2000,8,4,0.0,3.0,0.01,0.9000000000000004,7.599999999999999,3,487,1,12,0,0.34998403296305236,0.2824032683986121,success
1875,2000,8,4,0.0,3.0,0.01,0.9000000000000004,7.799999999999999,3,487,0,13,0,0.36524494765710724,0.2764020020578388,success
1876,2000,8,4,0.0,3.0,0.01,0.9000000000000004,7.999999999999998,3,487,0,13,0,0.3607875705289374,0.27326062520203975,success
1887,2000,8,4,0.0,3.0,0.01,0.9100000000000004,1.0,3,497,3,0,0,,,success
1877,2000,8,4,0.0,3.0,0.01,0.9000000000000004,8.2,3,487,0,13,0,0.3604563816454667,0.27313844566797424,success
1878,2000,8,4,0.0,3.0,0.01,0.9000000000000004,8.399999999999999,3,487,0,13,0,0.36012061219840247,0.2730018549745531,success
1879,2000,8,4,0.0,3.0,0.01,0.9000000000000004,8.599999999999998,3,487,0,13,0,0.36012061379265214,0.2730018546808076,success
1880,2000,8,4,0.0,3.0,0.01,0.9000000000000004,8.799999999999997,3,487,0,13,0,0.3601206208909288,0.2730018502437518,success
1881,2000,8,4,0.0,3.0,0.01,0.9000000000000004,8.999999999999998,3,487,0,13,0,0.3589613099712088,0.27225539338648685,success
1882,2000,8,4,0.0,3.0,0.01,0.9000000000000004,9.199999999999998,3,487,0,13,0,0.358864270506692,0.2722198710477089,success
1883,2000,8,4,0.0,3.0,0.01,0.9000000000000004,9.399999999999999,3,487,0,13,0,0.35851327089602514,0.27201902733696537,success
1884,2000,8,4,0.0,3.0,0.01,0.9000000000000004,9.599999999999998,3,487,0,13,0,0.3585133346157374,0.27201902262680533,success
1885,2000,8,4,0.0,3.0,0.01,0.9000000000000004,9.799999999999997,3,486,0,14,0,0.3346910628809733,0.27612961331912417,success
1888,2000,8,4,0.0,3.0,0.01,0.9100000000000004,1.2,3,495,0,5,0,1.0,0.0,success
1886,2000,8,4,0.0,3.0,0.01,0.9000000000000004,9.999999999999998,3,486,0,14,0,0.3342366737943815,0.2758420680933132,success
1889,2000,8,4,0.0,3.0,0.01,0.9100000000000004,1.4,3,492,1,7,0,0.9285714285714286,0.18898223650461363,success
1890,2000,8,4,0.0,3.0,0.01,0.9100000000000004,1.5999999999999999,3,491,0,9,0,0.9444444444444444,0.16666666666666669,success
1891,2000,8,4,0.0,3.0,0.01,0.9100000000000004,1.7999999999999998,3,493,0,7,0,0.8542298153276499,0.292227635555313,success
1892,2000,8,4,0.0,3.0,0.01,0.9100000000000004,1.9999999999999998,3,496,1,3,0,0.6142484034123254,0.3876470765185956,success
1893,2000,8,4,0.0,3.0,0.01,0.9100000000000004,2.1999999999999997,3,495,2,3,0,0.6103275218513481,0.39357096462495944,success
1894,2000,8,4,0.0,3.0,0.01,0.9100000000000004,2.3999999999999995,3,494,3,3,0,0.5709902024084239,0.3982882409779771,success
1895,2000,8,4,0.0,3.0,0.01,0.9100000000000004,2.5999999999999996,3,494,3,3,0,0.5709902024084239,0.3982882409779771,success
1896,2000,8,4,0.0,3.0,0.01,0.9100000000000004,2.8,3,494,2,4,0,0.5847812530958534,0.3389187026696118,success
1897,2000,8,4,0.0,3.0,0.01,0.9100000000000004,2.9999999999999996,3,495,2,3,0,0.3640833385254902,0.16151782901245382,success
1898,2000,8,4,0.0,3.0,0.01,0.9100000000000004,3.1999999999999993,3,495,2,3,0,0.3552084487536744,0.14847566761914469,success
1899,2000,8,4,0.0,3.0,0.01,0.9100000000000004,3.3999999999999995,3,494,2,4,0,0.5138526920933965,0.34599296295315635,success
1900,2000,8,4,0.0,3.0,0.01,0.9100000000000004,3.5999999999999996,3,494,1,5,0,0.5995538640315459,0.37540323428935196,success
1901,2000,8,4,0.0,3.0,0.01,0.9100000000000004,3.7999999999999994,3,493,2,5,0,0.598309923279939,0.3764618686247027,success
1902,2000,8,4,0.0,3.0,0.01,0.9100000000000004,3.999999999999999,3,493,2,5,0,0.5914059932768955,0.38068927734949565,success
1903,2000,8,4,0.0,3.0,0.01,0.9100000000000004,4.199999999999999,3,492,3,5,0,0.5352174003384573,0.3227241095652106,success
1905,2000,8,4,0.0,3.0,0.01,0.9100000000000004,4.6,3,492,2,6,0,0.5110965965708819,0.27805052725867735,success
1904,2000,8,4,0.0,3.0,0.01,0.9100000000000004,4.3999999999999995,3,492,3,5,0,0.4425172800745904,0.18846319052412713,success
1906,2000,8,4,0.0,3.0,0.01,0.9100000000000004,4.799999999999999,3,490,4,6,0,0.4715140728475716,0.2767290946487959,success
1907,2000,8,4,0.0,3.0,0.01,0.9100000000000004,4.999999999999999,3,490,3,7,0,0.49788407447289373,0.26253679017476866,success
1908,2000,8,4,0.0,3.0,0.01,0.9100000000000004,5.199999999999999,3,490,2,8,0,0.5593314956610859,0.3013665470775598,success
1909,2000,8,4,0.0,3.0,0.01,0.9100000000000004,5.399999999999999,3,490,2,8,0,0.5569396593783529,0.30255857997714136,success
1910,2000,8,4,0.0,3.0,0.01,0.9100000000000004,5.599999999999999,3,490,2,8,0,0.5996454066196815,0.3406336964114955,success
1911,2000,8,4,0.0,3.0,0.01,0.9100000000000004,5.799999999999999,3,490,2,8,0,0.5262605027750711,0.3032489753475091,success
1912,2000,8,4,0.0,3.0,0.01,0.9100000000000004,5.999999999999999,3,490,2,8,0,0.5262605027750711,0.3032489753475091,success
1913,2000,8,4,0.0,3.0,0.01,0.9100000000000004,6.199999999999999,3,490,2,8,0,0.5256012724954593,0.303364775697849,success
1914,2000,8,4,0.0,3.0,0.01,0.9100000000000004,6.399999999999999,3,489,2,9,0,0.46669580288672297,0.3328942441465364,success
1915,2000,8,4,0.0,3.0,0.01,0.9100000000000004,6.599999999999999,3,488,2,10,0,0.41943645872962154,0.3462161040418428,success
1916,2000,8,4,0.0,3.0,0.01,0.9100000000000004,6.799999999999999,3,487,1,12,0,0.35230989656279843,0.2838204537885971,success
1917,2000,8,4,0.0,3.0,0.01,0.9100000000000004,6.999999999999998,3,487,1,12,0,0.3524491569352283,0.2839340529944937,success
1918,2000,8,4,0.0,3.0,0.01,0.9100000000000004,7.199999999999998,3,487,1,12,0,0.3507990921392407,0.2831487312332334,success
1919,2000,8,4,0.0,3.0,0.01,0.9100000000000004,7.399999999999999,3,487,1,12,0,0.3501116265618633,0.2829869459121305,success
1920,2000,8,4,0.0,3.0,0.01,0.9100000000000004,7.599999999999999,3,487,1,12,0,0.3494300959259046,0.2824303973877768,success
1921,2000,8,4,0.0,3.0,0.01,0.9100000000000004,7.799999999999999,3,487,0,13,0,0.3647290546503876,0.2764538786230071,success
1922,2000,8,4,0.0,3.0,0.01,0.9100000000000004,7.999999999999998,3,487,0,13,0,0.360264174565103,0.2733004788959249,success
1923,2000,8,4,0.0,3.0,0.01,0.9100000000000004,8.2,3,487,0,13,0,0.3599329856816312,0.27317762976589377,success
1924,2000,8,4,0.0,3.0,0.01,0.9100000000000004,8.399999999999999,3,487,0,13,0,0.3595960534047192,0.2730400310544524,success
1933,2000,8,4,0.0,3.0,0.01,0.9200000000000004,1.0,3,497,3,0,0,,,success
1925,2000,8,4,0.0,3.0,0.01,0.9100000000000004,8.599999999999998,3,487,0,13,0,0.35959605462162847,0.2730400307694783,success
1926,2000,8,4,0.0,3.0,0.01,0.9100000000000004,8.799999999999997,3,487,0,13,0,0.3595960617199051,0.27304002634781643,success
1927,2000,8,4,0.0,3.0,0.01,0.9100000000000004,8.999999999999998,3,487,0,13,0,0.358266027717578,0.27219327388013914,success
1928,2000,8,4,0.0,3.0,0.01,0.9100000000000004,9.199999999999998,3,487,0,13,0,0.35816898635206296,0.27215747486101555,success
1929,2000,8,4,0.0,3.0,0.01,0.9100000000000004,9.399999999999999,3,487,0,13,0,0.35782908356653204,0.2719651681781007,success
1930,2000,8,4,0.0,3.0,0.01,0.9100000000000004,9.599999999999998,3,487,0,13,0,0.3578291326764645,0.2719651633836878,success
1931,2000,8,4,0.0,3.0,0.01,0.9100000000000004,9.799999999999997,3,486,0,14,0,0.3340557325087913,0.2760216539709916,success
1934,2000,8,4,0.0,3.0,0.01,0.9200000000000004,1.2,3,495,0,5,0,1.0,0.0,success
1935,2000,8,4,0.0,3.0,0.01,0.9200000000000004,1.4,3,493,1,6,0,0.9166666666666666,0.2041241452319315,success
1937,2000,8,4,0.0,3.0,0.01,0.9200000000000004,1.7999999999999998,3,494,0,6,0,0.8299347845489248,0.3122792045688751,success
1936,2000,8,4,0.0,3.0,0.01,0.9200000000000004,1.5999999999999999,3,492,0,8,0,0.9375,0.1767766952966369,success
1932,2000,8,4,0.0,3.0,0.01,0.9100000000000004,9.999999999999998,3,486,0,14,0,0.3337629252476302,0.2758371850313793,success
1938,2000,8,4,0.0,3.0,0.01,0.9200000000000004,1.9999999999999998,3,497,1,2,0,0.612366625954102,0.548196374804152,success
1939,2000,8,4,0.0,3.0,0.01,0.9200000000000004,2.1999999999999997,3,496,2,2,0,0.6064853036126359,0.5565138206241412,success
1940,2000,8,4,0.0,3.0,0.01,0.9200000000000004,2.3999999999999995,3,495,3,2,0,0.3564853036126358,0.20296043003086747,success
1941,2000,8,4,0.0,3.0,0.01,0.9200000000000004,2.5999999999999996,3,495,3,2,0,0.3564853036126358,0.20296043003086747,success
1942,2000,8,4,0.0,3.0,0.01,0.9200000000000004,2.8,3,495,2,3,0,0.5516712458817153,0.4081540652705984,success
1943,2000,8,4,0.0,3.0,0.01,0.9200000000000004,2.9999999999999996,3,495,2,3,0,0.3634810065457988,0.16241722288543337,success
1944,2000,8,4,0.0,3.0,0.01,0.9200000000000004,3.1999999999999993,3,495,2,3,0,0.35465596963176554,0.1493241814325874,success
1945,2000,8,4,0.0,3.0,0.01,0.9200000000000004,3.3999999999999995,3,494,2,4,0,0.5134384580429437,0.3464893310875952,success
1946,2000,8,4,0.0,3.0,0.01,0.9200000000000004,3.5999999999999996,3,494,1,5,0,0.5992292575263043,0.37583207589092116,success
1947,2000,8,4,0.0,3.0,0.01,0.9200000000000004,3.7999999999999994,3,493,2,5,0,0.5980356873526078,0.3768222492848902,success
1948,2000,8,4,0.0,3.0,0.01,0.9200000000000004,3.999999999999999,3,493,2,5,0,0.5911317573716505,0.3810394489274926,success
1949,2000,8,4,0.0,3.0,0.01,0.9200000000000004,4.199999999999999,3,492,3,5,0,0.5349431644332012,0.32307748965321803,success
1950,2000,8,4,0.0,3.0,0.01,0.9200000000000004,4.3999999999999995,3,492,3,5,0,0.4422430441584588,0.1888995324449135,success
1952,2000,8,4,0.0,3.0,0.01,0.9200000000000004,4.799999999999999,3,490,4,6,0,0.47128935795819027,0.2769913349936554,success
1951,2000,8,4,0.0,3.0,0.01,0.9200000000000004,4.6,3,492,2,6,0,0.5108680666407722,0.278354898298421,success
1953,2000,8,4,0.0,3.0,0.01,0.9200000000000004,4.999999999999999,3,490,3,7,0,0.49769146171833556,0.26278970946463626,success
1955,2000,8,4,0.0,3.0,0.01,0.9200000000000004,5.399999999999999,3,490,2,8,0,0.556770100674636,0.30278502908388477,success
1954,2000,8,4,0.0,3.0,0.01,0.9200000000000004,5.199999999999999,3,490,2,8,0,0.5591629595008476,0.30159468813401424,success
1956,2000,8,4,0.0,3.0,0.01,0.9200000000000004,5.599999999999999,3,490,2,8,0,0.5994758479159645,0.34085912897765114,success
1957,2000,8,4,0.0,3.0,0.01,0.9200000000000004,5.799999999999999,3,490,2,8,0,0.5260921851744707,0.30345459098335065,success
1958,2000,8,4,0.0,3.0,0.01,0.9200000000000004,5.999999999999999,3,490,2,8,0,0.5260921851744707,0.30345459098335065,success
1959,2000,8,4,0.0,3.0,0.01,0.9200000000000004,6.199999999999999,3,490,2,8,0,0.5254153194727192,0.3035731364121204,success
1960,2000,8,4,0.0,3.0,0.01,0.9200000000000004,6.399999999999999,3,489,2,9,0,0.4665328157805458,0.33302759529276577,success
1961,2000,8,4,0.0,3.0,0.01,0.9200000000000004,6.599999999999999,3,488,2,10,0,0.41928792965873196,0.34630797891616677,success
1962,2000,8,4,0.0,3.0,0.01,0.9200000000000004,6.799999999999999,3,487,1,12,0,0.3521627188948573,0.2838703449278473,success
1963,2000,8,4,0.0,3.0,0.01,0.9200000000000004,6.999999999999998,3,487,1,12,0,0.3523019792664919,0.28398400290998743,success
1964,2000,8,4,0.0,3.0,0.01,0.9200000000000004,7.199999999999998,3,487,1,12,0,0.3506496484233134,0.28319829840169997,success
1965,2000,8,4,0.0,3.0,0.01,0.9200000000000004,7.399999999999999,3,487,1,12,0,0.3499727928317051,0.28304120101763697,success
1966,2000,8,4,0.0,3.0,0.01,0.9200000000000004,7.599999999999999,3,487,1,12,0,0.34929126219633955,0.2824843939819129,success
1967,2000,8,4,0.0,3.0,0.01,0.9200000000000004,7.799999999999999,3,487,0,13,0,0.36461213605696546,0.2765152372314493,success
1968,2000,8,4,0.0,3.0,0.01,0.9200000000000004,7.999999999999998,3,487,0,13,0,0.3601256453511951,0.2733471414845785,success
1969,2000,8,4,0.0,3.0,0.01,0.9200000000000004,8.2,3,487,0,13,0,0.35980760820623736,0.27322913338383026,success
1970,2000,8,4,0.0,3.0,0.01,0.9200000000000004,8.399999999999999,3,487,0,13,0,0.35946820824881137,0.2730909837067224,success
1979,2000,8,4,0.0,3.0,0.01,0.9300000000000004,1.0,3,497,3,0,0,,,success
1971,2000,8,4,0.0,3.0,0.01,0.9200000000000004,8.599999999999998,3,487,0,13,0,0.3594682094304717,0.273090983442914,success
1972,2000,8,4,0.0,3.0,0.01,0.9200000000000004,8.799999999999997,3,487,0,13,0,0.3594682157999459,0.27309097944518534,success
1973,2000,8,4,0.0,3.0,0.01,0.9200000000000004,8.999999999999998,3,487,0,13,0,0.3581600504788235,0.27225727985248405,success
1974,2000,8,4,0.0,3.0,0.01,0.9200000000000004,9.199999999999998,3,487,0,13,0,0.35806300910681743,0.2722214483240958,success
1975,2000,8,4,0.0,3.0,0.01,0.9200000000000004,9.399999999999999,3,487,0,13,0,0.3577231602174202,0.27202908363213896,success
1976,2000,8,4,0.0,3.0,0.01,0.9200000000000004,9.599999999999998,3,487,0,13,0,0.3577232093273527,0.2720290788595686,success
1977,2000,8,4,0.0,3.0,0.01,0.9200000000000004,9.799999999999997,3,486,0,14,0,0.33395737497160166,0.27607066674586334,success
1980,2000,8,4,0.0,3.0,0.01,0.9300000000000004,1.2,3,495,0,5,0,1.0,0.0,success
1981,2000,8,4,0.0,3.0,0.01,0.9300000000000004,1.4,3,494,1,5,0,1.0,0.0,success
1978,2000,8,4,0.0,3.0,0.01,0.9200000000000004,9.999999999999998,3,486,0,14,0,0.33366460707490725,0.27588615056539484,success
1982,2000,8,4,0.0,3.0,0.01,0.9300000000000004,1.5999999999999999,3,492,0,8,0,1.0,0.0,success
1983,2000,8,4,0.0,3.0,0.01,0.9300000000000004,1.7999999999999998,3,494,0,6,0,0.8299347845489248,0.3122792045688751,success
1984,2000,8,4,0.0,3.0,0.01,0.9300000000000004,1.9999999999999998,3,497,1,2,0,0.612366625954102,0.548196374804152,success
1985,2000,8,4,0.0,3.0,0.01,0.9300000000000004,2.1999999999999997,3,496,2,2,0,0.6064853036126359,0.5565138206241412,success
1986,2000,8,4,0.0,3.0,0.01,0.9300000000000004,2.3999999999999995,3,495,3,2,0,0.3564853036126358,0.20296043003086747,success
1987,2000,8,4,0.0,3.0,0.01,0.9300000000000004,2.5999999999999996,3,495,3,2,0,0.3564853036126358,0.20296043003086747,success
1988,2000,8,4,0.0,3.0,0.01,0.9300000000000004,2.8,3,495,2,3,0,0.5516712458817153,0.4081540652705984,success
1989,2000,8,4,0.0,3.0,0.01,0.9300000000000004,2.9999999999999996,3,495,2,3,0,0.3634810065457988,0.16241722288543337,success
1990,2000,8,4,0.0,3.0,0.01,0.9300000000000004,3.1999999999999993,3,495,2,3,0,0.35465596963176554,0.1493241814325874,success
1991,2000,8,4,0.0,3.0,0.01,0.9300000000000004,3.3999999999999995,3,494,2,4,0,0.5134384580429437,0.3464893310875952,success
1992,2000,8,4,0.0,3.0,0.01,0.9300000000000004,3.5999999999999996,3,494,1,5,0,0.5992263533824888,0.3758359167089638,success
1993,2000,8,4,0.0,3.0,0.01,0.9300000000000004,3.7999999999999994,3,493,2,5,0,0.598035687349699,0.37682224928743535,success
1994,2000,8,4,0.0,3.0,0.01,0.9300000000000004,3.999999999999999,3,493,2,5,0,0.5911119743597983,0.3810558469628294,success
1995,2000,8,4,0.0,3.0,0.01,0.9300000000000004,4.199999999999999,3,492,3,5,0,0.5349233814213492,0.3230925289096254,success
1996,2000,8,4,0.0,3.0,0.01,0.9300000000000004,4.3999999999999995,3,492,3,5,0,0.4422267221287891,0.1889110598917497,success
1997,2000,8,4,0.0,3.0,0.01,0.9300000000000004,4.6,3,492,2,6,0,0.5108544649494612,0.27836518065963595,success
1998,2000,8,4,0.0,3.0,0.01,0.9300000000000004,4.799999999999999,3,490,4,6,0,0.4712757562668863,0.27699933582736874,success
1999,2000,8,4,0.0,3.0,0.01,0.9300000000000004,4.999999999999999,3,490,3,7,0,0.4976914568760164,0.26278970601222285,success
2000,2000,8,4,0.0,3.0,0.01,0.9300000000000004,5.199999999999999,3,490,2,8,0,0.5591629552638185,0.30159468654252164,success
2001,2000,8,4,0.0,3.0,0.01,0.9300000000000004,5.399999999999999,3,490,2,8,0,0.5567700964178686,0.3027850274742631,success
2002,2000,8,4,0.0,3.0,0.01,0.9300000000000004,5.599999999999999,3,490,2,8,0,0.5994758478954,0.3408591289936111,success
2003,2000,8,4,0.0,3.0,0.01,0.9300000000000004,5.799999999999999,3,490,2,8,0,0.5260921851539061,0.30345459099559435,success
2004,2000,8,4,0.0,3.0,0.01,0.9300000000000004,5.999999999999999,3,490,2,8,0,0.5260921851539061,0.30345459099559435,success
2005,2000,8,4,0.0,3.0,0.01,0.9300000000000004,6.199999999999999,3,490,2,8,0,0.5254153194521547,0.3035731364243069,success
2006,2000,8,4,0.0,3.0,0.01,0.9300000000000004,6.399999999999999,3,489,2,9,0,0.4665315651738371,0.33302784552018533,success
2007,2000,8,4,0.0,3.0,0.01,0.9300000000000004,6.599999999999999,3,488,2,10,0,0.419287929658071,0.3463079789163987,success
2008,2000,8,4,0.0,3.0,0.01,0.9300000000000004,6.799999999999999,3,487,1,12,0,0.35213133278652187,0.2838547581951627,success
2009,2000,8,4,0.0,3.0,0.01,0.9300000000000004,6.999999999999998,3,487,1,12,0,0.35227065085398274,0.28396848609524344,success
2010,2000,8,4,0.0,3.0,0.01,0.9300000000000004,7.199999999999998,3,487,1,12,0,0.3498507841815066,0.28285949925242043,success
2011,2000,8,4,0.0,3.0,0.01,0.9300000000000004,7.399999999999999,3,487,1,12,0,0.34917500558451947,0.28270025504803753,success
2012,2000,8,4,0.0,3.0,0.01,0.9300000000000004,7.599999999999999,3,487,1,12,0,0.3484934749491539,0.2821406728630462,success
2013,2000,8,4,0.0,3.0,0.01,0.9300000000000004,7.799999999999999,3,487,0,13,0,0.36390455438522606,0.27627476832213793,success
2014,2000,8,4,0.0,3.0,0.01,0.9300000000000004,7.999999999999998,3,487,0,13,0,0.3594180636897937,0.2730912901253432,success
2015,2000,8,4,0.0,3.0,0.01,0.9300000000000004,8.2,3,487,0,13,0,0.35913402070389056,0.272995130107439,success
2016,2000,8,4,0.0,3.0,0.01,0.9300000000000004,8.399999999999999,3,487,0,13,0,0.3587953184935898,0.27285599029390184,success
2017,2000,8,4,0.0,3.0,0.01,0.9300000000000004,8.599999999999998,3,487,0,13,0,0.35879531967525014,0.2728559900330232,success
2018,2000,8,4,0.0,3.0,0.01,0.9300000000000004,8.799999999999997,3,487,0,13,0,0.35879532604472436,0.2728559860488683,success
2019,2000,8,4,0.0,3.0,0.01,0.9300000000000004,8.999999999999998,3,487,0,13,0,0.3574870081674361,0.2720179726376862,success
2020,2000,8,4,0.0,3.0,0.01,0.9300000000000004,9.199999999999998,3,487,0,13,0,0.3574199527722406,0.27199529788825844,success
2025,2000,8,4,0.0,3.0,0.01,0.9400000000000004,1.0,3,497,3,0,0,,,success
2021,2000,8,4,0.0,3.0,0.01,0.9300000000000004,9.399999999999999,3,487,0,13,0,0.3570801228053968,0.27180191539300075,success
2022,2000,8,4,0.0,3.0,0.01,0.9300000000000004,9.599999999999998,3,487,0,13,0,0.35708017191532926,0.2718019107423096,success
2023,2000,8,4,0.0,3.0,0.01,0.9300000000000004,9.799999999999997,3,486,0,14,0,0.33336026880329417,0.2758087018721088,success
2026,2000,8,4,0.0,3.0,0.01,0.9400000000000004,1.2,3,495,0,5,0,1.0,0.0,success
2027,2000,8,4,0.0,3.0,0.01,0.9400000000000004,1.4,3,494,1,5,0,1.0,0.0,success
2028,2000,8,4,0.0,3.0,0.01,0.9400000000000004,1.5999999999999999,3,492,0,8,0,1.0,0.0,success
2024,2000,8,4,0.0,3.0,0.01,0.9300000000000004,9.999999999999998,3,486,0,14,0,0.3330675146663607,0.2756233379316154,success
2029,2000,8,4,0.0,3.0,0.01,0.9400000000000004,1.7999999999999998,3,494,0,6,0,0.8299347845489248,0.3122792045688751,success
2030,2000,8,4,0.0,3.0,0.01,0.9400000000000004,1.9999999999999998,3,497,1,2,0,0.612366625954102,0.548196374804152,success
2031,2000,8,4,0.0,3.0,0.01,0.9400000000000004,2.1999999999999997,3,496,2,2,0,0.6064853036126359,0.5565138206241412,success
2032,2000,8,4,0.0,3.0,0.01,0.9400000000000004,2.3999999999999995,3,495,3,2,0,0.3564853036126358,0.20296043003086747,success
2033,2000,8,4,0.0,3.0,0.01,0.9400000000000004,2.5999999999999996,3,495,3,2,0,0.3564853036126358,0.20296043003086747,success
2034,2000,8,4,0.0,3.0,0.01,0.9400000000000004,2.8,3,495,2,3,0,0.5516712458817153,0.4081540652705984,success
2035,2000,8,4,0.0,3.0,0.01,0.9400000000000004,2.9999999999999996,3,495,2,3,0,0.3634810065457988,0.16241722288543337,success
2036,2000,8,4,0.0,3.0,0.01,0.9400000000000004,3.1999999999999993,3,495,2,3,0,0.35465596963176554,0.1493241814325874,success
2037,2000,8,4,0.0,3.0,0.01,0.9400000000000004,3.3999999999999995,3,494,2,4,0,0.5134384580429437,0.3464893310875952,success
2038,2000,8,4,0.0,3.0,0.01,0.9400000000000004,3.5999999999999996,3,494,1,5,0,0.599224192368125,0.3758387742344039,success
2039,2000,8,4,0.0,3.0,0.01,0.9400000000000004,3.7999999999999994,3,493,2,5,0,0.5980335363150309,0.3768250786008375,success
2040,2000,8,4,0.0,3.0,0.01,0.9400000000000004,3.999999999999999,3,493,2,5,0,0.5911083439417439,0.38105950725279425,success
2041,2000,8,4,0.0,3.0,0.01,0.9400000000000004,4.199999999999999,3,492,3,5,0,0.5349209946401347,0.3230954827551482,success
2042,2000,8,4,0.0,3.0,0.01,0.9400000000000004,4.3999999999999995,3,492,3,5,0,0.44222443894381114,0.18891457923983587,success
2043,2000,8,4,0.0,3.0,0.01,0.9400000000000004,4.6,3,492,2,6,0,0.5108525622951888,0.2783676542706781,success
2044,2000,8,4,0.0,3.0,0.01,0.9400000000000004,4.799999999999999,3,490,4,6,0,0.47127563610754414,0.27699940455413335,success
2045,2000,8,4,0.0,3.0,0.01,0.9400000000000004,4.999999999999999,3,490,3,7,0,0.4976909019413559,0.2627901092207933,success
2046,2000,8,4,0.0,3.0,0.01,0.9400000000000004,5.199999999999999,3,490,2,8,0,0.5591624696960451,0.30159510078959956,success
2047,2000,8,4,0.0,3.0,0.01,0.9400000000000004,5.399999999999999,3,490,2,8,0,0.5567696183755613,0.30278543070869046,success
2048,2000,8,4,0.0,3.0,0.01,0.9400000000000004,5.599999999999999,3,490,2,8,0,0.5517232193610921,0.3011826828488523,success
2049,2000,8,4,0.0,3.0,0.01,0.9400000000000004,5.799999999999999,3,490,2,8,0,0.5208105144660238,0.3061116231260317,success
2050,2000,8,4,0.0,3.0,0.01,0.9400000000000004,5.999999999999999,3,490,2,8,0,0.5208105144660238,0.3061116231260317,success
2051,2000,8,4,0.0,3.0,0.01,0.9400000000000004,6.199999999999999,3,490,2,8,0,0.520133646704144,0.3062157980795907,success
2052,2000,8,4,0.0,3.0,0.01,0.9400000000000004,6.399999999999999,3,489,2,9,0,0.4619883451497136,0.3342481359246474,success
2053,2000,8,4,0.0,3.0,0.01,0.9400000000000004,6.599999999999999,3,488,2,10,0,0.41653865641526816,0.34665608891873845,success
2054,2000,8,4,0.0,3.0,0.01,0.9400000000000004,6.799999999999999,3,487,1,12,0,0.3501218991251591,0.283729407791122,success
2055,2000,8,4,0.0,3.0,0.01,0.9400000000000004,6.999999999999998,3,487,1,12,0,0.35026121617971334,0.28384426102345955,success
2056,2000,8,4,0.0,3.0,0.01,0.9400000000000004,7.199999999999998,3,487,1,12,0,0.34784140128513186,0.28271606586789666,success
2058,2000,8,4,0.0,3.0,0.01,0.9400000000000004,7.599999999999999,3,487,1,12,0,0.3465531444193432,0.28201445091141075,success
2057,2000,8,4,0.0,3.0,0.01,0.9400000000000004,7.399999999999999,3,487,1,12,0,0.3472346747379353,0.2825793879691349,success
2059,2000,8,4,0.0,3.0,0.01,0.9400000000000004,7.799999999999999,3,487,0,13,0,0.36218185681459464,0.27628171615291897,success
2060,2000,8,4,0.0,3.0,0.01,0.9400000000000004,7.999999999999998,3,487,0,13,0,0.35769536668336566,0.27306765861177923,success
2061,2000,8,4,0.0,3.0,0.01,0.9400000000000004,8.2,3,487,0,13,0,0.3574113237601018,0.2729695483355601,success
2062,2000,8,4,0.0,3.0,0.01,0.9400000000000004,8.399999999999999,3,487,0,13,0,0.3570724452584161,0.2728339174175173,success
2063,2000,8,4,0.0,3.0,0.01,0.9400000000000004,8.599999999999998,3,487,0,13,0,0.3570724464397813,0.27283391716471517,success
2064,2000,8,4,0.0,3.0,0.01,0.9400000000000004,8.799999999999997,3,487,0,13,0,0.35707245280925554,0.27283391322381123,success
2065,2000,8,4,0.0,3.0,0.01,0.9400000000000004,8.999999999999998,3,487,0,13,0,0.3557585474876588,0.2719835944518241,success
2066,2000,8,4,0.0,3.0,0.01,0.9400000000000004,9.199999999999998,3,487,0,13,0,0.35564035595089777,0.27194296125428047,success
2071,2000,8,4,0.0,3.0,0.01,0.9500000000000004,1.0,3,497,3,0,0,,,success
2067,2000,8,4,0.0,3.0,0.01,0.9400000000000004,9.399999999999999,3,487,0,13,0,0.35530102204233166,0.2717475144123043,success
2072,2000,8,4,0.0,3.0,0.01,0.9500000000000004,1.2,3,495,0,5,0,1.0,0.0,success
2068,2000,8,4,0.0,3.0,0.01,0.9400000000000004,9.599999999999998,3,487,0,13,0,0.3553010711387117,0.27174751010943027,success
2073,2000,8,4,0.0,3.0,0.01,0.9500000000000004,1.4,3,494,1,5,0,1.0,0.0,success
2069,2000,8,4,0.0,3.0,0.01,0.9400000000000004,9.799999999999997,3,486,0,14,0,0.33170822642931785,0.27560654610449714,success
2074,2000,8,4,0.0,3.0,0.01,0.9500000000000004,1.5999999999999999,3,492,0,8,0,1.0,0.0,success
2075,2000,8,4,0.0,3.0,0.01,0.9500000000000004,1.7999999999999998,3,494,0,6,0,0.8299347845489248,0.3122792045688751,success
2076,2000,8,4,0.0,3.0,0.01,0.9500000000000004,1.9999999999999998,3,497,1,2,0,0.612366625954102,0.548196374804152,success
2077,2000,8,4,0.0,3.0,0.01,0.9500000000000004,2.1999999999999997,3,496,2,2,0,0.6064853036126359,0.5565138206241412,success
2078,2000,8,4,0.0,3.0,0.01,0.9500000000000004,2.3999999999999995,3,495,3,2,0,0.3564853036126358,0.20296043003086747,success
2070,2000,8,4,0.0,3.0,0.01,0.9400000000000004,9.999999999999998,3,486,0,14,0,0.33141583989119505,0.27541946476599966,success
2079,2000,8,4,0.0,3.0,0.01,0.9500000000000004,2.5999999999999996,3,495,3,2,0,0.3564853036126358,0.20296043003086747,success
2080,2000,8,4,0.0,3.0,0.01,0.9500000000000004,2.8,3,495,2,3,0,0.5516712458817153,0.4081540652705984,success
2081,2000,8,4,0.0,3.0,0.01,0.9500000000000004,2.9999999999999996,3,495,2,3,0,0.3634810065457988,0.16241722288543337,success
2082,2000,8,4,0.0,3.0,0.01,0.9500000000000004,3.1999999999999993,3,495,2,3,0,0.35465596963176554,0.1493241814325874,success
2083,2000,8,4,0.0,3.0,0.01,0.9500000000000004,3.3999999999999995,3,494,2,4,0,0.5134384580429437,0.3464893310875952,success
2084,2000,8,4,0.0,3.0,0.01,0.9500000000000004,3.5999999999999996,3,494,1,5,0,0.5992237566701492,0.37583935047258965,success
2085,2000,8,4,0.0,3.0,0.01,0.9500000000000004,3.7999999999999994,3,493,2,5,0,0.5980335363150309,0.3768250786008375,success
2086,2000,8,4,0.0,3.0,0.01,0.9500000000000004,3.999999999999999,3,493,2,5,0,0.5909603249075304,0.38114636515453126,success
2087,2000,8,4,0.0,3.0,0.01,0.9500000000000004,4.199999999999999,3,492,3,5,0,0.5349149252540937,0.3231000977702557,success
2088,2000,8,4,0.0,3.0,0.01,0.9500000000000004,4.3999999999999995,3,492,3,5,0,0.4409958942248856,0.18728575953685797,success
2090,2000,8,4,0.0,3.0,0.01,0.9500000000000004,4.799999999999999,3,490,4,6,0,0.4712697750670268,0.2770028474000131,success
2089,2000,8,4,0.0,3.0,0.01,0.9500000000000004,4.6,3,492,2,6,0,0.5108467012546726,0.2783720801324245,success
2091,2000,8,4,0.0,3.0,0.01,0.9500000000000004,4.999999999999999,3,490,3,7,0,0.4975952342133878,0.262722383535701,success
2092,2000,8,4,0.0,3.0,0.01,0.9500000000000004,5.199999999999999,3,490,2,8,0,0.5587208405598882,0.3016584147938047,success
2094,2000,8,4,0.0,3.0,0.01,0.9500000000000004,5.599999999999999,3,490,2,8,0,0.5517229749600159,0.30118288226836787,success
2093,2000,8,4,0.0,3.0,0.01,0.9500000000000004,5.399999999999999,3,490,2,8,0,0.5566859097645394,0.30275372150174357,success
2095,2000,8,4,0.0,3.0,0.01,0.9500000000000004,5.799999999999999,3,490,2,8,0,0.5208099883810939,0.3061119599728109,success
2096,2000,8,4,0.0,3.0,0.01,0.9500000000000004,5.999999999999999,3,490,2,8,0,0.5208099883810939,0.3061119599728109,success
2097,2000,8,4,0.0,3.0,0.01,0.9500000000000004,6.199999999999999,3,490,2,8,0,0.5201331218916563,0.30621613338875536,success
2098,2000,8,4,0.0,3.0,0.01,0.9500000000000004,6.399999999999999,3,489,2,9,0,0.46198813283060136,0.3342482278731148,success
2099,2000,8,4,0.0,3.0,0.01,0.9500000000000004,6.599999999999999,3,488,2,10,0,0.4165384653280671,0.3466561398883498,success
2100,2000,8,4,0.0,3.0,0.01,0.9500000000000004,6.799999999999999,3,487,1,12,0,0.3497439980214392,0.28342191360108565,success
2101,2000,8,4,0.0,3.0,0.01,0.9500000000000004,6.999999999999998,3,487,1,12,0,0.3498114256798293,0.28347638651022106,success
2102,2000,8,4,0.0,3.0,0.01,0.9500000000000004,7.199999999999998,3,487,1,12,0,0.3473916198316982,0.2823425222685984,success
2103,2000,8,4,0.0,3.0,0.01,0.9500000000000004,7.399999999999999,3,487,1,12,0,0.34678489331828827,0.28220460855539303,success
2104,2000,8,4,0.0,3.0,0.01,0.9500000000000004,7.599999999999999,3,487,1,12,0,0.3460056004350418,0.28157423654031605,success
2105,2000,8,4,0.0,3.0,0.01,0.9500000000000004,7.799999999999999,3,487,0,13,0,0.3616724853040558,0.275897783727806,success
2106,2000,8,4,0.0,3.0,0.01,0.9500000000000004,7.999999999999998,3,487,0,13,0,0.3574452690740547,0.272883479290066,success
2107,2000,8,4,0.0,3.0,0.01,0.9500000000000004,8.2,3,487,0,13,0,0.3571612260309508,0.27278502061032006,success
2108,2000,8,4,0.0,3.0,0.01,0.9500000000000004,8.399999999999999,3,487,0,13,0,0.3568223472907199,0.2726489611519801,success
2109,2000,8,4,0.0,3.0,0.01,0.9500000000000004,8.599999999999998,3,487,0,13,0,0.35682234847194133,0.272648960900187,success
2110,2000,8,4,0.0,3.0,0.01,0.9500000000000004,8.799999999999997,3,487,0,13,0,0.3568223548414155,0.27264895696293917,success
2111,2000,8,4,0.0,3.0,0.01,0.9500000000000004,8.999999999999998,3,487,0,13,0,0.35566543987646804,0.2719162588161457,success
2112,2000,8,4,0.0,3.0,0.01,0.9500000000000004,9.199999999999998,3,487,0,13,0,0.35554724835440543,0.2718755717116182,success
2117,2000,8,4,0.0,3.0,0.01,0.9600000000000004,1.0,3,497,3,0,0,,,success
2118,2000,8,4,0.0,3.0,0.01,0.9600000000000004,1.2,3,495,0,5,0,1.0,0.0,success
2119,2000,8,4,0.0,3.0,0.01,0.9600000000000004,1.4,3,494,1,5,0,1.0,0.0,success
2113,2000,8,4,0.0,3.0,0.01,0.9500000000000004,9.399999999999999,3,487,0,13,0,0.3552081884079957,0.27168015531010015,success
2114,2000,8,4,0.0,3.0,0.01,0.9500000000000004,9.599999999999998,3,487,0,13,0,0.35520823749780506,0.2716801510245325,success
2120,2000,8,4,0.0,3.0,0.01,0.9600000000000004,1.5999999999999999,3,492,0,8,0,1.0,0.0,success
2121,2000,8,4,0.0,3.0,0.01,0.9600000000000004,1.7999999999999998,3,494,0,6,0,0.8299347845489248,0.3122792045688751,success
2122,2000,8,4,0.0,3.0,0.01,0.9600000000000004,1.9999999999999998,3,497,1,2,0,0.612366625954102,0.548196374804152,success
2115,2000,8,4,0.0,3.0,0.01,0.9500000000000004,9.799999999999997,3,486,0,14,0,0.33162202376276173,0.2755372922400746,success
2123,2000,8,4,0.0,3.0,0.01,0.9600000000000004,2.1999999999999997,3,496,2,2,0,0.6064853036126359,0.5565138206241412,success
2124,2000,8,4,0.0,3.0,0.01,0.9600000000000004,2.3999999999999995,3,495,3,2,0,0.3564853036126358,0.20296043003086747,success
2125,2000,8,4,0.0,3.0,0.01,0.9600000000000004,2.5999999999999996,3,495,3,2,0,0.3564853036126358,0.20296043003086747,success
2126,2000,8,4,0.0,3.0,0.01,0.9600000000000004,2.8,3,495,2,3,0,0.5516712458817153,0.4081540652705984,success
2116,2000,8,4,0.0,3.0,0.01,0.9500000000000004,9.999999999999998,3,486,0,14,0,0.3313296563897696,0.2753500678883116,success
2127,2000,8,4,0.0,3.0,0.01,0.9600000000000004,2.9999999999999996,3,495,2,3,0,0.3634810065457988,0.16241722288543337,success
2128,2000,8,4,0.0,3.0,0.01,0.9600000000000004,3.1999999999999993,3,495,2,3,0,0.35465596963176554,0.1493241814325874,success
2129,2000,8,4,0.0,3.0,0.01,0.9600000000000004,3.3999999999999995,3,494,2,4,0,0.5134384580429437,0.3464893310875952,success
2130,2000,8,4,0.0,3.0,0.01,0.9600000000000004,3.5999999999999996,3,494,1,5,0,0.5992237566700043,0.3758393504726653,success
2132,2000,8,4,0.0,3.0,0.01,0.9600000000000004,3.999999999999999,3,493,2,5,0,0.5909603232877394,0.38114636608966035,success
2131,2000,8,4,0.0,3.0,0.01,0.9600000000000004,3.7999999999999994,3,493,2,5,0,0.5980309853134973,0.37682720884101045,success
2133,2000,8,4,0.0,3.0,0.01,0.9600000000000004,4.199999999999999,3,492,3,5,0,0.5349148823092962,0.32310011848657505,success
2134,2000,8,4,0.0,3.0,0.01,0.9600000000000004,4.3999999999999995,3,492,3,5,0,0.44099584010549486,0.18728575352744484,success
2135,2000,8,4,0.0,3.0,0.01,0.9600000000000004,4.6,3,492,2,6,0,0.5108466654673414,0.27837209565535714,success
2137,2000,8,4,0.0,3.0,0.01,0.9600000000000004,4.999999999999999,3,490,3,7,0,0.4974424478816917,0.26261408792298413,success
2136,2000,8,4,0.0,3.0,0.01,0.9600000000000004,4.799999999999999,3,490,4,6,0,0.4712697392608048,0.27700285687132026,success
2138,2000,8,4,0.0,3.0,0.01,0.9600000000000004,5.199999999999999,3,490,2,8,0,0.5585825300863245,0.30160978699476276,success
2139,2000,8,4,0.0,3.0,0.01,0.9600000000000004,5.399999999999999,3,490,2,8,0,0.5565522216834053,0.30270300813367906,success
2140,2000,8,4,0.0,3.0,0.01,0.9600000000000004,5.599999999999999,3,490,2,8,0,0.5517229480644495,0.3011828968466897,success
2141,2000,8,4,0.0,3.0,0.01,0.9600000000000004,5.799999999999999,3,490,2,8,0,0.5208099614855048,0.3061119712123204,success
2142,2000,8,4,0.0,3.0,0.01,0.9600000000000004,5.999999999999999,3,490,2,8,0,0.5208099614855048,0.3061119712123204,success
2143,2000,8,4,0.0,3.0,0.01,0.9600000000000004,6.199999999999999,3,490,2,8,0,0.520133094995783,0.30621614455654406,success
2144,2000,8,4,0.0,3.0,0.01,0.9600000000000004,6.399999999999999,3,489,2,9,0,0.46198176475642594,0.3342479212933021,success
2145,2000,8,4,0.0,3.0,0.01,0.9600000000000004,6.599999999999999,3,488,2,10,0,0.41653273380569333,0.346655042242895,success
2147,2000,8,4,0.0,3.0,0.01,0.9600000000000004,6.999999999999998,3,487,1,12,0,0.3490837962102445,0.2831259813166508,success
2146,2000,8,4,0.0,3.0,0.01,0.9600000000000004,6.799999999999999,3,487,1,12,0,0.34901640104719406,0.28307127833837314,success
2148,2000,8,4,0.0,3.0,0.01,0.9600000000000004,7.199999999999998,3,487,1,12,0,0.34734949454246206,0.28233776558932366,success
2149,2000,8,4,0.0,3.0,0.01,0.9600000000000004,7.399999999999999,3,487,1,12,0,0.34675428916632417,0.2822029880179293,success
2150,2000,8,4,0.0,3.0,0.01,0.9600000000000004,7.599999999999999,3,487,1,12,0,0.3459750076262182,0.2815725302197441,success
2151,2000,8,4,0.0,3.0,0.01,0.9600000000000004,7.799999999999999,3,487,0,13,0,0.36164562403399675,0.2758982352808031,success
2152,2000,8,4,0.0,3.0,0.01,0.9600000000000004,7.999999999999998,3,487,0,13,0,0.3574184034767319,0.27288348372187793,success
2153,2000,8,4,0.0,3.0,0.01,0.9600000000000004,8.2,3,487,0,13,0,0.35713435982329894,0.27278499453064253,success
2154,2000,8,4,0.0,3.0,0.01,0.9600000000000004,8.399999999999999,3,487,0,13,0,0.35682230448467495,0.27264893983516747,success
2155,2000,8,4,0.0,3.0,0.01,0.9600000000000004,8.599999999999998,3,487,0,13,0,0.3568223056658964,0.27264893958337455,success
2156,2000,8,4,0.0,3.0,0.01,0.9600000000000004,8.799999999999997,3,487,0,13,0,0.3568223120353707,0.2726489356461275,success
2157,2000,8,4,0.0,3.0,0.01,0.9600000000000004,8.999999999999998,3,487,0,13,0,0.3556651186690076,0.2719160756863043,success
2158,2000,8,4,0.0,3.0,0.01,0.9600000000000004,9.199999999999998,3,487,0,13,0,0.355546927454337,0.2718753885117697,success
2163,2000,8,4,0.0,3.0,0.01,0.9700000000000004,1.0,3,497,3,0,0,,,success
2164,2000,8,4,0.0,3.0,0.01,0.9700000000000004,1.2,3,495,0,5,0,1.0,0.0,success
2165,2000,8,4,0.0,3.0,0.01,0.9700000000000004,1.4,3,494,1,5,0,1.0,0.0,success
2159,2000,8,4,0.0,3.0,0.01,0.9600000000000004,9.399999999999999,3,487,0,13,0,0.35520790629678944,0.2716799986863445,success
2166,2000,8,4,0.0,3.0,0.01,0.9700000000000004,1.5999999999999999,3,492,0,8,0,1.0,0.0,success
2167,2000,8,4,0.0,3.0,0.01,0.9700000000000004,1.7999999999999998,3,494,0,6,0,0.8299347845489248,0.3122792045688751,success
2168,2000,8,4,0.0,3.0,0.01,0.9700000000000004,1.9999999999999998,3,497,1,2,0,0.612366625954102,0.548196374804152,success
2169,2000,8,4,0.0,3.0,0.01,0.9700000000000004,2.1999999999999997,3,496,2,2,0,0.6064853036126359,0.5565138206241412,success
2160,2000,8,4,0.0,3.0,0.01,0.9600000000000004,9.599999999999998,3,487,0,13,0,0.35520795538659883,0.2716799944008296,success
2170,2000,8,4,0.0,3.0,0.01,0.9700000000000004,2.3999999999999995,3,495,3,2,0,0.3564853036126358,0.20296043003086747,success
2171,2000,8,4,0.0,3.0,0.01,0.9700000000000004,2.5999999999999996,3,495,3,2,0,0.3564853036126358,0.20296043003086747,success
2172,2000,8,4,0.0,3.0,0.01,0.9700000000000004,2.8,3,495,2,3,0,0.5516712458817153,0.4081540652705984,success
2161,2000,8,4,0.0,3.0,0.01,0.9600000000000004,9.799999999999997,3,486,0,14,0,0.3316217618023559,0.2755371255392642,success
2162,2000,8,4,0.0,3.0,0.01,0.9600000000000004,9.999999999999998,3,486,0,14,0,0.33132942239953833,0.27534992229231736,success
2173,2000,8,4,0.0,3.0,0.01,0.9700000000000004,2.9999999999999996,3,495,2,3,0,0.3634810065457988,0.16241722288543337,success
2174,2000,8,4,0.0,3.0,0.01,0.9700000000000004,3.1999999999999993,3,495,2,3,0,0.35465596963176554,0.1493241814325874,success
2175,2000,8,4,0.0,3.0,0.01,0.9700000000000004,3.3999999999999995,3,494,2,4,0,0.5134384580429437,0.3464893310875952,success
2176,2000,8,4,0.0,3.0,0.01,0.9700000000000004,3.5999999999999996,3,494,1,5,0,0.5992038805753203,0.3758497168768188,success
2178,2000,8,4,0.0,3.0,0.01,0.9700000000000004,3.999999999999999,3,493,2,5,0,0.5909603229331621,0.3811463663833978,success
2179,2000,8,4,0.0,3.0,0.01,0.9700000000000004,4.199999999999999,3,492,3,5,0,0.5349148819547189,0.3231001187562018,success
2177,2000,8,4,0.0,3.0,0.01,0.9700000000000004,3.7999999999999994,3,493,2,5,0,0.5980309853134973,0.37682720884101045,success
2180,2000,8,4,0.0,3.0,0.01,0.9700000000000004,4.3999999999999995,3,492,3,5,0,0.4409957972013232,0.18728569716786053,success
2181,2000,8,4,0.0,3.0,0.01,0.9700000000000004,4.6,3,492,2,6,0,0.5108466652313509,0.2783720958338122,success
2183,2000,8,4,0.0,3.0,0.01,0.9700000000000004,4.999999999999999,3,490,3,7,0,0.49744244618183014,0.2626140869911498,success
2182,2000,8,4,0.0,3.0,0.01,0.9700000000000004,4.799999999999999,3,490,4,6,0,0.47126973902479213,0.2770028570102055,success
2184,2000,8,4,0.0,3.0,0.01,0.9700000000000004,5.199999999999999,3,490,2,8,0,0.5572509717383969,0.3025238418525473,success
2185,2000,8,4,0.0,3.0,0.01,0.9700000000000004,5.399999999999999,3,490,2,8,0,0.5565159019040757,0.3027236986632348,success
2186,2000,8,4,0.0,3.0,0.01,0.9700000000000004,5.599999999999999,3,490,2,8,0,0.5516866296079015,0.30120302680970756,success
2187,2000,8,4,0.0,3.0,0.01,0.9700000000000004,5.799999999999999,3,490,2,8,0,0.5207741683771119,0.3061273660253092,success
2188,2000,8,4,0.0,3.0,0.01,0.9700000000000004,5.999999999999999,3,490,2,8,0,0.5207741683771119,0.3061273660253092,success
2189,2000,8,4,0.0,3.0,0.01,0.9700000000000004,6.199999999999999,3,490,2,8,0,0.5200964905651013,0.3062315756293259,success
2190,2000,8,4,0.0,3.0,0.01,0.9700000000000004,6.399999999999999,3,489,2,9,0,0.46195121322512744,0.334253247970274,success
2191,2000,8,4,0.0,3.0,0.01,0.9700000000000004,6.599999999999999,3,488,2,10,0,0.4165052096098901,0.34665560442056903,success
2192,2000,8,4,0.0,3.0,0.01,0.9700000000000004,6.799999999999999,3,487,1,12,0,0.348992386075095,0.2830652583898857,success
2193,2000,8,4,0.0,3.0,0.01,0.9700000000000004,6.999999999999998,3,487,1,12,0,0.3490598206965169,0.28312000054699493,success
2194,2000,8,4,0.0,3.0,0.01,0.9700000000000004,7.199999999999998,3,487,1,12,0,0.3473266444534655,0.28233216876534184,success
2195,2000,8,4,0.0,3.0,0.01,0.9700000000000004,7.399999999999999,3,487,1,12,0,0.3467317703832958,0.2821975968380292,success
2196,2000,8,4,0.0,3.0,0.01,0.9700000000000004,7.599999999999999,3,487,1,12,0,0.34595247132008167,0.2815670471969414,success
2197,2000,8,4,0.0,3.0,0.01,0.9700000000000004,7.799999999999999,3,487,0,13,0,0.3616234474453439,0.2758935995171908,success
2198,2000,8,4,0.0,3.0,0.01,0.9700000000000004,7.999999999999998,3,487,0,13,0,0.3573967235209078,0.2728788811269096,success
2199,2000,8,4,0.0,3.0,0.01,0.9700000000000004,8.2,3,487,0,13,0,0.35711367102256253,0.27278071744251564,success
2200,2000,8,4,0.0,3.0,0.01,0.9700000000000004,8.399999999999999,3,487,0,13,0,0.35680161568419033,0.2726446349602991,success
2201,2000,8,4,0.0,3.0,0.01,0.9700000000000004,8.599999999999998,3,487,0,13,0,0.3568016168654117,0.2726446347085993,success
2202,2000,8,4,0.0,3.0,0.01,0.9700000000000004,8.799999999999997,3,487,0,13,0,0.3568016232348859,0.2726446307718137,success
2203,2000,8,4,0.0,3.0,0.01,0.9700000000000004,8.999999999999998,3,487,0,13,0,0.3556444290459403,0.2719116647640933,success
2204,2000,8,4,0.0,3.0,0.01,0.9700000000000004,9.199999999999998,3,487,0,13,0,0.3555262378312498,0.27187096718544157,success
2209,2000,8,4,0.0,3.0,0.01,0.9800000000000004,1.0,3,497,3,0,0,,,success
2210,2000,8,4,0.0,3.0,0.01,0.9800000000000004,1.2,3,495,0,5,0,1.0,0.0,success
2211,2000,8,4,0.0,3.0,0.01,0.9800000000000004,1.4,3,494,1,5,0,1.0,0.0,success
2212,2000,8,4,0.0,3.0,0.01,0.9800000000000004,1.5999999999999999,3,492,0,8,0,1.0,0.0,success
2213,2000,8,4,0.0,3.0,0.01,0.9800000000000004,1.7999999999999998,3,495,0,5,0,0.7959217414587098,0.3364836158801577,success
2214,2000,8,4,0.0,3.0,0.01,0.9800000000000004,1.9999999999999998,3,497,1,2,0,0.612366625954102,0.548196374804152,success
2215,2000,8,4,0.0,3.0,0.01,0.9800000000000004,2.1999999999999997,3,496,2,2,0,0.6064853036126359,0.5565138206241412,success
2216,2000,8,4,0.0,3.0,0.01,0.9800000000000004,2.3999999999999995,3,495,3,2,0,0.3564853036126358,0.20296043003086747,success
2205,2000,8,4,0.0,3.0,0.01,0.9700000000000004,9.399999999999999,3,487,0,13,0,0.35518721762246597,0.2716755468497099,success
2217,2000,8,4,0.0,3.0,0.01,0.9800000000000004,2.5999999999999996,3,495,3,2,0,0.3564853036126358,0.20296043003086747,success
2218,2000,8,4,0.0,3.0,0.01,0.9800000000000004,2.8,3,495,2,3,0,0.5516712458817153,0.4081540652705984,success
2206,2000,8,4,0.0,3.0,0.01,0.9700000000000004,9.599999999999998,3,487,0,13,0,0.3551872667122694,0.27167554256817494,success
2207,2000,8,4,0.0,3.0,0.01,0.9700000000000004,9.799999999999997,3,486,0,14,0,0.33160255089039264,0.27553130274128146,success
2208,2000,8,4,0.0,3.0,0.01,0.9700000000000004,9.999999999999998,3,486,0,14,0,0.33131021200990496,0.27534407393901356,success
2219,2000,8,4,0.0,3.0,0.01,0.9800000000000004,2.9999999999999996,3,495,2,3,0,0.35039707259105607,0.14316113295885224,success
2220,2000,8,4,0.0,3.0,0.01,0.9800000000000004,3.1999999999999993,3,495,2,3,0,0.3418048067851953,0.1311093013898037,success
2221,2000,8,4,0.0,3.0,0.01,0.9800000000000004,3.3999999999999995,3,494,2,4,0,0.5038000859080161,0.3475224439552184,success
2222,2000,8,4,0.0,3.0,0.01,0.9800000000000004,3.5999999999999996,3,494,1,5,0,0.5996159560084731,0.3756358155924367,success
2224,2000,8,4,0.0,3.0,0.01,0.9800000000000004,3.999999999999999,3,493,2,5,0,0.590089540267298,0.38165468847695516,success
2225,2000,8,4,0.0,3.0,0.01,0.9800000000000004,4.199999999999999,3,492,3,5,0,0.5340295020761127,0.32353406585735833,success
2226,2000,8,4,0.0,3.0,0.01,0.9800000000000004,4.3999999999999995,3,492,3,5,0,0.4401127583643805,0.18747818424428747,success
2223,2000,8,4,0.0,3.0,0.01,0.9800000000000004,3.7999999999999994,3,493,2,5,0,0.5942767494800707,0.37885396688808193,success
2227,2000,8,4,0.0,3.0,0.01,0.9800000000000004,4.6,3,492,2,6,0,0.5101107995338987,0.27869737264664546,success
2228,2000,8,4,0.0,3.0,0.01,0.9800000000000004,4.799999999999999,3,490,4,6,0,0.47053387332733987,0.27720369522658955,success
2229,2000,8,4,0.0,3.0,0.01,0.9800000000000004,4.999999999999999,3,490,3,7,0,0.4968129625127841,0.26286315118192,success
2230,2000,8,4,0.0,3.0,0.01,0.9800000000000004,5.199999999999999,3,490,2,8,0,0.5567104970336738,0.3028310375223141,success
2232,2000,8,4,0.0,3.0,0.01,0.9800000000000004,5.599999999999999,3,490,2,8,0,0.5505034645868646,0.30167417454077033,success
2231,2000,8,4,0.0,3.0,0.01,0.9800000000000004,5.399999999999999,3,490,2,8,0,0.5553327368830387,0.30321402034160844,success
2233,2000,8,4,0.0,3.0,0.01,0.9800000000000004,5.799999999999999,3,490,2,8,0,0.5195909019358822,0.30645464009529294,success
2234,2000,8,4,0.0,3.0,0.01,0.9800000000000004,5.999999999999999,3,490,2,8,0,0.5195909019358822,0.30645464009529294,success
2235,2000,8,4,0.0,3.0,0.01,0.9800000000000004,6.199999999999999,3,490,2,8,0,0.5189537133146203,0.3065615859632064,success
2236,2000,8,4,0.0,3.0,0.01,0.9800000000000004,6.399999999999999,3,489,2,9,0,0.46093548725728595,0.3343193278336613,success
2237,2000,8,4,0.0,3.0,0.01,0.9800000000000004,6.599999999999999,3,488,2,10,0,0.41559105596812707,0.3465792265499286,success
2238,2000,8,4,0.0,3.0,0.01,0.9800000000000004,6.799999999999999,3,487,1,12,0,0.34817517779650653,0.28276332139869037,success
2239,2000,8,4,0.0,3.0,0.01,0.9800000000000004,6.999999999999998,3,487,1,12,0,0.3482426124166719,0.2828183345650609,success
2240,2000,8,4,0.0,3.0,0.01,0.9800000000000004,7.199999999999998,3,487,1,12,0,0.3465646897163994,0.2820518699320302,success
2241,2000,8,4,0.0,3.0,0.01,0.9800000000000004,7.399999999999999,3,487,1,12,0,0.34598729253452115,0.2819280757159742,success
2242,2000,8,4,0.0,3.0,0.01,0.9800000000000004,7.599999999999999,3,487,1,12,0,0.34520799347347014,0.28129467193068913,success
2244,2000,8,4,0.0,3.0,0.01,0.9800000000000004,7.999999999999998,3,487,0,13,0,0.3567093549897335,0.27265242159791625,success
2243,2000,8,4,0.0,3.0,0.01,0.9800000000000004,7.799999999999999,3,487,0,13,0,0.3609363037124167,0.27568121829983167,success
2245,2000,8,4,0.0,3.0,0.01,0.9800000000000004,8.2,3,487,0,13,0,0.3563728967343875,0.27253514492323516,success
2246,2000,8,4,0.0,3.0,0.01,0.9800000000000004,8.399999999999999,3,487,0,13,0,0.3552249744924719,0.2718911480053588,success
2247,2000,8,4,0.0,3.0,0.01,0.9800000000000004,8.599999999999998,3,487,0,13,0,0.35522497567369327,0.27189114776038187,success
2248,2000,8,4,0.0,3.0,0.01,0.9800000000000004,8.799999999999997,3,487,0,13,0,0.35522498204316744,0.27189114385269963,success
2249,2000,8,4,0.0,3.0,0.01,0.9800000000000004,8.999999999999998,3,487,0,13,0,0.35416554020592955,0.27124128638427014,success
2255,2000,8,4,0.0,3.0,0.01,0.9900000000000004,1.0,3,497,3,0,0,,,success
2256,2000,8,4,0.0,3.0,0.01,0.9900000000000004,1.2,3,495,0,5,0,1.0,0.0,success
2257,2000,8,4,0.0,3.0,0.01,0.9900000000000004,1.4,3,494,1,5,0,1.0,0.0,success
2258,2000,8,4,0.0,3.0,0.01,0.9900000000000004,1.5999999999999999,3,492,0,8,0,1.0,0.0,success
2250,2000,8,4,0.0,3.0,0.01,0.9800000000000004,9.199999999999998,3,487,0,13,0,0.35405146230653306,0.27120153914195133,success
2259,2000,8,4,0.0,3.0,0.01,0.9900000000000004,1.7999999999999998,3,495,0,5,0,0.7959217414587098,0.3364836158801577,success
2260,2000,8,4,0.0,3.0,0.01,0.9900000000000004,1.9999999999999998,3,497,1,2,0,0.612366625954102,0.548196374804152,success
2261,2000,8,4,0.0,3.0,0.01,0.9900000000000004,2.1999999999999997,3,496,2,2,0,0.6064853036126359,0.5565138206241412,success
2262,2000,8,4,0.0,3.0,0.01,0.9900000000000004,2.3999999999999995,3,495,3,2,0,0.3564853036126358,0.20296043003086747,success
2263,2000,8,4,0.0,3.0,0.01,0.9900000000000004,2.5999999999999996,3,495,3,2,0,0.3564853036126358,0.20296043003086747,success
2264,2000,8,4,0.0,3.0,0.01,0.9900000000000004,2.8,3,495,2,3,0,0.5516712458817153,0.4081540652705984,success
2251,2000,8,4,0.0,3.0,0.01,0.9800000000000004,9.399999999999999,3,487,0,13,0,0.35375096978571086,0.27103746246175703,success
2252,2000,8,4,0.0,3.0,0.01,0.9800000000000004,9.599999999999998,3,487,0,13,0,0.3537510188755144,0.27103745845195043,success
2253,2000,8,4,0.0,3.0,0.01,0.9800000000000004,9.799999999999997,3,486,0,14,0,0.33026889218483435,0.274827656522708,success
2254,2000,8,4,0.0,3.0,0.01,0.9800000000000004,9.999999999999998,3,486,0,14,0,0.3299432243311974,0.2746288887147922,success
2265,2000,8,4,0.0,3.0,0.01,0.9900000000000004,2.9999999999999996,3,495,2,3,0,0.35039707259105607,0.14316113295885224,success
2267,2000,8,4,0.0,3.0,0.01,0.9900000000000004,3.3999999999999995,3,494,2,4,0,0.5038000859080161,0.3475224439552184,success
2266,2000,8,4,0.0,3.0,0.01,0.9900000000000004,3.1999999999999993,3,495,2,3,0,0.3418048067851953,0.1311093013898037,success
2268,2000,8,4,0.0,3.0,0.01,0.9900000000000004,3.5999999999999996,3,494,1,5,0,0.5996159524259981,0.3756358203377365,success
2269,2000,8,4,0.0,3.0,0.01,0.9900000000000004,3.7999999999999994,3,493,2,5,0,0.5942767484517383,0.3788539677434887,success
2270,2000,8,4,0.0,3.0,0.01,0.9900000000000004,3.999999999999999,3,493,2,5,0,0.5900894607033544,0.38165475409280636,success
2272,2000,8,4,0.0,3.0,0.01,0.9900000000000004,4.3999999999999995,3,492,3,5,0,0.4401126865085893,0.1874782332383368,success
2271,2000,8,4,0.0,3.0,0.01,0.9900000000000004,4.199999999999999,3,492,3,5,0,0.5340294199750633,0.32353412728444225,success
2273,2000,8,4,0.0,3.0,0.01,0.9900000000000004,4.6,3,492,2,6,0,0.5101107396540727,0.27869741706047413,success
2274,2000,8,4,0.0,3.0,0.01,0.9900000000000004,4.799999999999999,3,490,4,6,0,0.4705338072732095,0.2772037320188511,success
2275,2000,8,4,0.0,3.0,0.01,0.9900000000000004,4.999999999999999,3,490,3,7,0,0.4968127716289708,0.26286328803297454,success
2276,2000,8,4,0.0,3.0,0.01,0.9900000000000004,5.199999999999999,3,490,2,8,0,0.5567091609359172,0.3028319716141114,success
2277,2000,8,4,0.0,3.0,0.01,0.9900000000000004,5.399999999999999,3,490,2,8,0,0.5553314864862668,0.30321491418643337,success
2278,2000,8,4,0.0,3.0,0.01,0.9900000000000004,5.599999999999999,3,490,2,8,0,0.5505022141901208,0.30167505007197104,success
2279,2000,8,4,0.0,3.0,0.01,0.9900000000000004,5.799999999999999,3,490,2,8,0,0.5195907395843224,0.306454752493118,success
2280,2000,8,4,0.0,3.0,0.01,0.9900000000000004,5.999999999999999,3,490,2,8,0,0.5195907395843224,0.306454752493118,success
2281,2000,8,4,0.0,3.0,0.01,0.9900000000000004,6.199999999999999,3,490,2,8,0,0.5189535509630604,0.3065616979361661,success
2282,2000,8,4,0.0,3.0,0.01,0.9900000000000004,6.399999999999999,3,489,2,9,0,0.46044940611575647,0.3344613648257773,success
2283,2000,8,4,0.0,3.0,0.01,0.9900000000000004,6.599999999999999,3,488,2,10,0,0.41513992744665007,0.34663578053162725,success
2284,2000,8,4,0.0,3.0,0.01,0.9900000000000004,6.799999999999999,3,487,1,12,0,0.348090101248448,0.28270423886692875,success
2285,2000,8,4,0.0,3.0,0.01,0.9900000000000004,6.999999999999998,3,487,1,12,0,0.34822816680937557,0.2828166788376706,success
2286,2000,8,4,0.0,3.0,0.01,0.9900000000000004,7.199999999999998,3,487,1,12,0,0.34655024410910346,0.28205011595552537,success
2287,2000,8,4,0.0,3.0,0.01,0.9900000000000004,7.399999999999999,3,487,1,12,0,0.3459861200071304,0.28192720101211327,success
2288,2000,8,4,0.0,3.0,0.01,0.9900000000000004,7.599999999999999,3,487,1,12,0,0.34513463077816436,0.28123639730420735,success
2289,2000,8,4,0.0,3.0,0.01,0.9900000000000004,7.799999999999999,3,487,0,13,0,0.36086858426241136,0.27563089951118414,success
2291,2000,8,4,0.0,3.0,0.01,0.9900000000000004,8.2,3,487,0,13,0,0.35629465494866797,0.27247775264854096,success
2290,2000,8,4,0.0,3.0,0.01,0.9900000000000004,7.999999999999998,3,487,0,13,0,0.3566311132040146,0.2725951586345287,success
2292,2000,8,4,0.0,3.0,0.01,0.9900000000000004,8.399999999999999,3,487,0,13,0,0.35514675161670645,0.27183327403744056,success
2293,2000,8,4,0.0,3.0,0.01,0.9900000000000004,8.599999999999998,3,487,0,13,0,0.3551467527978251,0.271833273792784,success
2294,2000,8,4,0.0,3.0,0.01,0.9900000000000004,8.799999999999997,3,487,0,13,0,0.3551467591672992,0.27183326988625545,success
2302,2000,8,4,0.0,3.0,0.01,1.0000000000000004,1.2,3,495,0,5,0,1.0,0.0,success
2301,2000,8,4,0.0,3.0,0.01,1.0000000000000004,1.0,3,497,3,0,0,,,success
2295,2000,8,4,0.0,3.0,0.01,0.9900000000000004,8.999999999999998,3,487,0,13,0,0.35408889435728186,0.271185200083119,success
2303,2000,8,4,0.0,3.0,0.01,1.0000000000000004,1.4,3,494,1,5,0,1.0,0.0,success
2304,2000,8,4,0.0,3.0,0.01,1.0000000000000004,1.5999999999999999,3,493,0,7,0,1.0,0.0,success
2305,2000,8,4,0.0,3.0,0.01,1.0000000000000004,1.7999999999999998,3,496,0,4,0,0.7449021768233872,0.36552472579912876,success
2296,2000,8,4,0.0,3.0,0.01,0.9900000000000004,9.199999999999998,3,487,0,13,0,0.3539748164572659,0.2711454096849862,success
2306,2000,8,4,0.0,3.0,0.01,1.0000000000000004,1.9999999999999998,3,497,1,2,0,0.612366625954102,0.548196374804152,success
2307,2000,8,4,0.0,3.0,0.01,1.0000000000000004,2.1999999999999997,3,496,2,2,0,0.6064853036126359,0.5565138206241412,success
2308,2000,8,4,0.0,3.0,0.01,1.0000000000000004,2.3999999999999995,3,495,3,2,0,0.3564853036126358,0.20296043003086747,success
2309,2000,8,4,0.0,3.0,0.01,1.0000000000000004,2.5999999999999996,3,495,3,2,0,0.3564853036126358,0.20296043003086747,success
2310,2000,8,4,0.0,3.0,0.01,1.0000000000000004,2.8,3,495,2,3,0,0.5516712458817153,0.4081540652705984,success
2297,2000,8,4,0.0,3.0,0.01,0.9900000000000004,9.399999999999999,3,487,0,13,0,0.3536743239385158,0.27098120694559713,success
2298,2000,8,4,0.0,3.0,0.01,0.9900000000000004,9.599999999999998,3,487,0,13,0,0.35367437302357846,0.270981202950133,success
2299,2000,8,4,0.0,3.0,0.01,0.9900000000000004,9.799999999999997,3,486,0,14,0,0.33019772103637146,0.27476989566690596,success
2300,2000,8,4,0.0,3.0,0.01,0.9900000000000004,9.999999999999998,3,486,0,14,0,0.32987186952540537,0.27457083506147567,success
2311,2000,8,4,0.0,3.0,0.01,1.0000000000000004,2.9999999999999996,3,495,2,3,0,0.35039707259105607,0.14316113295885224,success
2312,2000,8,4,0.0,3.0,0.01,1.0000000000000004,3.1999999999999993,3,495,2,3,0,0.3418048067851953,0.1311093013898037,success
2313,2000,8,4,0.0,3.0,0.01,1.0000000000000004,3.3999999999999995,3,494,2,4,0,0.5038000859080161,0.3475224439552184,success
2314,2000,8,4,0.0,3.0,0.01,1.0000000000000004,3.5999999999999996,3,494,1,5,0,0.5996159524259981,0.3756358203377365,success
2315,2000,8,4,0.0,3.0,0.01,1.0000000000000004,3.7999999999999994,3,493,2,5,0,0.5942756880723833,0.37885456494399933,success
2316,2000,8,4,0.0,3.0,0.01,1.0000000000000004,3.999999999999999,3,493,2,5,0,0.5900894576164429,0.38165475663805326,success
2317,2000,8,4,0.0,3.0,0.01,1.0000000000000004,4.199999999999999,3,492,3,5,0,0.5340294168881516,0.3235341296183232,success
2318,2000,8,4,0.0,3.0,0.01,1.0000000000000004,4.3999999999999995,3,492,3,5,0,0.4401126862970778,0.18747823297837907,success
2319,2000,8,4,0.0,3.0,0.01,1.0000000000000004,4.6,3,492,2,6,0,0.5101064745797406,0.27869760435311086,success
2320,2000,8,4,0.0,3.0,0.01,1.0000000000000004,4.799999999999999,3,490,4,6,0,0.47052954206870373,0.2772031896509442,success
2322,2000,8,4,0.0,3.0,0.01,1.0000000000000004,5.199999999999999,3,490,2,8,0,0.556703823719956,0.3028350420788578,success
2321,2000,8,4,0.0,3.0,0.01,1.0000000000000004,4.999999999999999,3,490,3,7,0,0.49680911573912884,0.26286323780773596,success
2323,2000,8,4,0.0,3.0,0.01,1.0000000000000004,5.399999999999999,3,490,2,8,0,0.5553227018146659,0.3032189734726362,success
2324,2000,8,4,0.0,3.0,0.01,1.0000000000000004,5.599999999999999,3,490,2,8,0,0.5504934295193215,0.3016789693642417,success
2325,2000,8,4,0.0,3.0,0.01,1.0000000000000004,5.799999999999999,3,490,2,8,0,0.5195715826653107,0.3064629654140957,success
2326,2000,8,4,0.0,3.0,0.01,1.0000000000000004,5.999999999999999,3,490,2,8,0,0.5195715826653107,0.3064629654140957,success
2327,2000,8,4,0.0,3.0,0.01,1.0000000000000004,6.199999999999999,3,490,2,8,0,0.518937841133654,0.3065693209455418,success
2328,2000,8,4,0.0,3.0,0.01,1.0000000000000004,6.399999999999999,3,489,2,9,0,0.4604446544346672,0.3344622635875606,success
2329,2000,8,4,0.0,3.0,0.01,1.0000000000000004,6.599999999999999,3,488,2,10,0,0.4151356496440923,0.34663593039410634,success
2330,2000,8,4,0.0,3.0,0.01,1.0000000000000004,6.799999999999999,3,487,1,12,0,0.3480865431049982,0.28270346753531267,success
2331,2000,8,4,0.0,3.0,0.01,1.0000000000000004,6.999999999999998,3,487,1,12,0,0.34822460866593624,0.2828159097076553,success
2332,2000,8,4,0.0,3.0,0.01,1.0000000000000004,7.199999999999998,3,487,1,12,0,0.3465466859656641,0.28204932164328517,success
2333,2000,8,4,0.0,3.0,0.01,1.0000000000000004,7.399999999999999,3,487,1,12,0,0.3459699323234375,0.2819257177016653,success
2334,2000,8,4,0.0,3.0,0.01,1.0000000000000004,7.599999999999999,3,487,1,12,0,0.3451184430944714,0.28123485688358746,success
2335,2000,8,4,0.0,3.0,0.01,1.0000000000000004,7.799999999999999,3,487,0,13,0,0.3608552786811838,0.27563042544271793,success
2336,2000,8,4,0.0,3.0,0.01,1.0000000000000004,7.999999999999998,3,487,0,13,0,0.35661763273750263,0.27259435018594397,success
2337,2000,8,4,0.0,3.0,0.01,1.0000000000000004,8.2,3,487,0,13,0,0.35628137208052324,0.27247699664482533,success
2338,2000,8,4,0.0,3.0,0.01,1.0000000000000004,8.399999999999999,3,487,0,13,0,0.3551342080593804,0.27183259133919657,success
2339,2000,8,4,0.0,3.0,0.01,1.0000000000000004,8.599999999999998,3,487,0,13,0,0.35513420924049915,0.2718325910945985,success
2340,2000,8,4,0.0,3.0,0.01,1.0000000000000004,8.799999999999997,3,487,0,13,0,0.35513421560997316,0.27183258718837855,success
2341,2000,8,4,0.0,3.0,0.01,1.0000000000000004,8.999999999999998,3,487,0,13,0,0.354076222248241,0.27118439192684873,success
2342,2000,8,4,0.0,3.0,0.01,1.0000000000000004,9.199999999999998,3,487,0,13,0,0.3539621443525397,0.2711445956358455,success
2343,2000,8,4,0.0,3.0,0.01,1.0000000000000004,9.399999999999999,3,487,0,13,0,0.3536616652178878,0.27098038641973404,success
2344,2000,8,4,0.0,3.0,0.01,1.0000000000000004,9.599999999999998,3,487,0,13,0,0.3536617143029503,0.2709803824267419,success
2345,2000,8,4,0.0,3.0,0.01,1.0000000000000004,9.799999999999997,3,486,0,14,0,0.33018596651007387,0.27476806714467733,success
2346,2000,8,4,0.0,3.0,0.01,1.0000000000000004,9.999999999999998,3,486,0,14,0,0.329860130512358,0.27456900150812363,success
